session_id,queries,max_match,first_alarm,flagged_queries,first_alarm_recorded,flagged_queries_recorded_rule
calibration__868__clean__shuffled__r0,1024,11,-1,0,-1,0
calibration__868__clean__shuffled__r1,1024,18,-1,0,-1,0
calibration__868__clean__shuffled__r2,1024,12,-1,0,-1,0
calibration__868__clean__shuffled__r3,1024,19,-1,0,-1,0
calibration__868__clean__shuffled__r4,1024,13,-1,0,-1,0
calibration__868__clean__shuffled__r5,1024,11,-1,0,-1,0
calibration__868__clean__shuffled__r6,1024,23,-1,0,-1,0
calibration__868__clean__shuffled__r7,1024,11,-1,0,-1,0
calibration__868__clean__shuffled__r8,1024,19,-1,0,-1,0
calibration__868__clean__shuffled__r9,1024,11,-1,0,-1,0
calibration__868__clean__noise__r0,1024,1,-1,0,-1,0
calibration__868__clean__sweep__r0,1024,36,192,33,192,35
calibration__5144__clean__shuffled__r0,1024,15,-1,0,-1,0
calibration__5144__clean__shuffled__r1,1024,13,-1,0,-1,0
calibration__5144__clean__shuffled__r2,1024,17,-1,0,-1,0
calibration__5144__clean__shuffled__r3,1024,12,-1,0,-1,0
calibration__5144__clean__shuffled__r4,1024,11,-1,0,-1,0
calibration__5144__clean__shuffled__r5,1024,13,-1,0,-1,0
calibration__5144__clean__shuffled__r6,1024,20,-1,0,-1,0
calibration__5144__clean__shuffled__r7,1024,12,-1,0,-1,0
calibration__5144__clean__shuffled__r8,1024,13,-1,0,-1,0
calibration__5144__clean__shuffled__r9,1024,15,-1,0,-1,0
calibration__5144__clean__noise__r0,1024,2,-1,0,-1,0
calibration__5144__clean__sweep__r0,1024,29,275,7,275,11
calibration__2009__clean__shuffled__r0,1024,11,-1,0,-1,0
calibration__2009__clean__shuffled__r1,1024,11,-1,0,-1,0
calibration__2009__clean__shuffled__r2,1024,11,-1,0,-1,0
calibration__2009__clean__shuffled__r3,1024,10,-1,0,-1,0
calibration__2009__clean__shuffled__r4,1024,12,-1,0,-1,0
calibration__2009__clean__shuffled__r5,1024,17,-1,0,-1,0
calibration__2009__clean__shuffled__r6,1024,15,-1,0,-1,0
calibration__2009__clean__shuffled__r7,1024,10,-1,0,-1,0
calibration__2009__clean__shuffled__r8,1024,12,-1,0,-1,0
calibration__2009__clean__shuffled__r9,1024,10,-1,0,-1,0
calibration__2009__clean__noise__r0,1024,4,-1,0,-1,0
calibration__2009__clean__sweep__r0,1024,42,24,235,24,299
calibration__7013__clean__shuffled__r0,1024,11,-1,0,-1,0
calibration__7013__clean__shuffled__r1,1024,15,-1,0,-1,0
calibration__7013__clean__shuffled__r2,1024,19,-1,0,-1,0
calibration__7013__clean__shuffled__r3,1024,13,-1,0,-1,0
calibration__7013__clean__shuffled__r4,1024,11,-1,0,-1,0
calibration__7013__clean__shuffled__r5,1024,13,-1,0,-1,0
calibration__7013__clean__shuffled__r6,1024,11,-1,0,-1,0
calibration__7013__clean__shuffled__r7,1024,16,-1,0,-1,0
calibration__7013__clean__shuffled__r8,1024,10,-1,0,-1,0
calibration__7013__clean__shuffled__r9,1024,15,-1,0,-1,0
calibration__7013__clean__noise__r0,1024,2,-1,0,-1,0
calibration__7013__clean__sweep__r0,1024,29,634,2,617,3
calibration__3758__clean__shuffled__r0,1024,16,-1,0,-1,0
calibration__3758__clean__shuffled__r1,1024,10,-1,0,-1,0
calibration__3758__clean__shuffled__r2,1024,25,-1,0,230,1
calibration__3758__clean__shuffled__r3,1024,10,-1,0,-1,0
calibration__3758__clean__shuffled__r4,1024,15,-1,0,-1,0
calibration__3758__clean__shuffled__r5,1024,21,-1,0,-1,0
calibration__3758__clean__shuffled__r6,1024,11,-1,0,-1,0
calibration__3758__clean__shuffled__r7,1024,14,-1,0,-1,0
calibration__3758__clean__shuffled__r8,1024,11,-1,0,-1,0
calibration__3758__clean__shuffled__r9,1024,12,-1,0,-1,0
calibration__3758__clean__noise__r0,1024,2,-1,0,-1,0
calibration__3758__clean__sweep__r0,1024,46,2,427,2,460
calibration__256__clean__shuffled__r0,1024,12,-1,0,-1,0
calibration__256__clean__shuffled__r1,1024,12,-1,0,-1,0
calibration__256__clean__shuffled__r2,1024,10,-1,0,-1,0
calibration__256__clean__shuffled__r3,1024,18,-1,0,-1,0
calibration__256__clean__shuffled__r4,1024,15,-1,0,-1,0
calibration__256__clean__shuffled__r5,1024,17,-1,0,-1,0
calibration__256__clean__shuffled__r6,1024,17,-1,0,-1,0
calibration__256__clean__shuffled__r7,1024,9,-1,0,-1,0
calibration__256__clean__shuffled__r8,1024,13,-1,0,-1,0
calibration__256__clean__shuffled__r9,1024,17,-1,0,-1,0
calibration__256__clean__noise__r0,1024,1,-1,0,-1,0
calibration__256__clean__sweep__r0,1024,32,610,14,610,17
calibration__7618__clean__shuffled__r0,1024,11,-1,0,-1,0
calibration__7618__clean__shuffled__r1,1024,13,-1,0,-1,0
calibration__7618__clean__shuffled__r2,1024,12,-1,0,-1,0
calibration__7618__clean__shuffled__r3,1024,15,-1,0,-1,0
calibration__7618__clean__shuffled__r4,1024,15,-1,0,-1,0
calibration__7618__clean__shuffled__r5,1024,8,-1,0,-1,0
calibration__7618__clean__shuffled__r6,1024,15,-1,0,-1,0
calibration__7618__clean__shuffled__r7,1024,12,-1,0,-1,0
calibration__7618__clean__shuffled__r8,1024,16,-1,0,-1,0
calibration__7618__clean__shuffled__r9,1024,17,-1,0,-1,0
calibration__7618__clean__noise__r0,1024,1,-1,0,-1,0
calibration__7618__clean__sweep__r0,1024,35,98,33,98,38
calibration__1003__clean__shuffled__r0,1024,17,-1,0,-1,0
calibration__1003__clean__shuffled__r1,1024,9,-1,0,-1,0
calibration__1003__clean__shuffled__r2,1024,19,-1,0,-1,0
calibration__1003__clean__shuffled__r3,1024,15,-1,0,-1,0
calibration__1003__clean__shuffled__r4,1024,9,-1,0,-1,0
calibration__1003__clean__shuffled__r5,1024,18,-1,0,-1,0
calibration__1003__clean__shuffled__r6,1024,11,-1,0,-1,0
calibration__1003__clean__shuffled__r7,1024,12,-1,0,-1,0
calibration__1003__clean__shuffled__r8,1024,14,-1,0,-1,0
calibration__1003__clean__shuffled__r9,1024,21,-1,0,-1,0
calibration__1003__clean__noise__r0,1024,1,-1,0,-1,0
calibration__1003__clean__sweep__r0,1024,38,329,45,329,52
calibration__7552__clean__shuffled__r0,1024,11,-1,0,-1,0
calibration__7552__clean__shuffled__r1,1024,12,-1,0,-1,0
calibration__7552__clean__shuffled__r2,1024,15,-1,0,-1,0
calibration__7552__clean__shuffled__r3,1024,10,-1,0,-1,0
calibration__7552__clean__shuffled__r4,1024,10,-1,0,-1,0
calibration__7552__clean__shuffled__r5,1024,17,-1,0,-1,0
calibration__7552__clean__shuffled__r6,1024,8,-1,0,-1,0
calibration__7552__clean__shuffled__r7,1024,16,-1,0,-1,0
calibration__7552__clean__shuffled__r8,1024,14,-1,0,-1,0
calibration__7552__clean__shuffled__r9,1024,14,-1,0,-1,0
calibration__7552__clean__noise__r0,1024,1,-1,0,-1,0
calibration__7552__clean__sweep__r0,1024,44,248,42,64,53
calibration__2885__clean__shuffled__r0,1024,19,-1,0,-1,0
calibration__2885__clean__shuffled__r1,1024,23,-1,0,-1,0
calibration__2885__clean__shuffled__r2,1024,9,-1,0,-1,0
calibration__2885__clean__shuffled__r3,1024,11,-1,0,-1,0
calibration__2885__clean__shuffled__r4,1024,17,-1,0,-1,0
calibration__2885__clean__shuffled__r5,1024,15,-1,0,-1,0
calibration__2885__clean__shuffled__r6,1024,11,-1,0,-1,0
calibration__2885__clean__shuffled__r7,1024,18,-1,0,-1,0
calibration__2885__clean__shuffled__r8,1024,17,-1,0,-1,0
calibration__2885__clean__shuffled__r9,1024,18,-1,0,-1,0
calibration__2885__clean__noise__r0,1024,2,-1,0,-1,0
calibration__2885__clean__sweep__r0,1024,32,250,15,33,25
calibration__304__clean__shuffled__r0,1024,11,-1,0,-1,0
calibration__304__clean__shuffled__r1,1024,11,-1,0,-1,0
calibration__304__clean__shuffled__r2,1024,11,-1,0,-1,0
calibration__304__clean__shuffled__r3,1024,10,-1,0,-1,0
calibration__304__clean__shuffled__r4,1024,16,-1,0,-1,0
calibration__304__clean__shuffled__r5,1024,10,-1,0,-1,0
calibration__304__clean__shuffled__r6,1024,13,-1,0,-1,0
calibration__304__clean__shuffled__r7,1024,12,-1,0,-1,0
calibration__304__clean__shuffled__r8,1024,9,-1,0,-1,0
calibration__304__clean__shuffled__r9,1024,11,-1,0,-1,0
calibration__304__clean__noise__r0,1024,1,-1,0,-1,0
calibration__304__clean__sweep__r0,1024,35,310,36,171,53
calibration__7333__clean__shuffled__r0,1024,17,-1,0,-1,0
calibration__7333__clean__shuffled__r1,1024,18,-1,0,-1,0
calibration__7333__clean__shuffled__r2,1024,15,-1,0,-1,0
calibration__7333__clean__shuffled__r3,1024,11,-1,0,-1,0
calibration__7333__clean__shuffled__r4,1024,23,-1,0,-1,0
calibration__7333__clean__shuffled__r5,1024,19,-1,0,-1,0
calibration__7333__clean__shuffled__r6,1024,18,-1,0,-1,0
calibration__7333__clean__shuffled__r7,1024,15,-1,0,-1,0
calibration__7333__clean__shuffled__r8,1024,12,-1,0,-1,0
calibration__7333__clean__shuffled__r9,1024,11,-1,0,-1,0
calibration__7333__clean__noise__r0,1024,1,-1,0,-1,0
calibration__7333__clean__sweep__r0,1024,39,609,32,609,32
calibration__288__clean__shuffled__r0,1024,19,-1,0,-1,0
calibration__288__clean__shuffled__r1,1024,11,-1,0,-1,0
calibration__288__clean__shuffled__r2,1024,11,-1,0,-1,0
calibration__288__clean__shuffled__r3,1024,13,-1,0,-1,0
calibration__288__clean__shuffled__r4,1024,20,-1,0,-1,0
calibration__288__clean__shuffled__r5,1024,14,-1,0,-1,0
calibration__288__clean__shuffled__r6,1024,11,-1,0,-1,0
calibration__288__clean__shuffled__r7,1024,10,-1,0,-1,0
calibration__288__clean__shuffled__r8,1024,15,-1,0,-1,0
calibration__288__clean__shuffled__r9,1024,17,-1,0,-1,0
calibration__288__clean__noise__r0,1024,1,-1,0,-1,0
calibration__288__clean__sweep__r0,1024,30,39,25,36,41
calibration__7505__clean__shuffled__r0,1024,23,-1,0,-1,0
calibration__7505__clean__shuffled__r1,1024,18,-1,0,-1,0
calibration__7505__clean__shuffled__r2,1024,12,-1,0,-1,0
calibration__7505__clean__shuffled__r3,1024,16,-1,0,-1,0
calibration__7505__clean__shuffled__r4,1024,9,-1,0,-1,0
calibration__7505__clean__shuffled__r5,1024,14,-1,0,-1,0
calibration__7505__clean__shuffled__r6,1024,9,-1,0,-1,0
calibration__7505__clean__shuffled__r7,1024,12,-1,0,-1,0
calibration__7505__clean__shuffled__r8,1024,25,-1,0,1013,1
calibration__7505__clean__shuffled__r9,1024,15,-1,0,-1,0
calibration__7505__clean__noise__r0,1024,1,-1,0,-1,0
calibration__7505__clean__sweep__r0,1024,33,614,8,614,12
calibration__4296__clean__shuffled__r0,1024,16,-1,0,-1,0
calibration__4296__clean__shuffled__r1,1024,17,-1,0,-1,0
calibration__4296__clean__shuffled__r2,1024,16,-1,0,-1,0
calibration__4296__clean__shuffled__r3,1024,13,-1,0,-1,0
calibration__4296__clean__shuffled__r4,1024,16,-1,0,-1,0
calibration__4296__clean__shuffled__r5,1024,20,-1,0,-1,0
calibration__4296__clean__shuffled__r6,1024,13,-1,0,-1,0
calibration__4296__clean__shuffled__r7,1024,15,-1,0,-1,0
calibration__4296__clean__shuffled__r8,1024,13,-1,0,-1,0
calibration__4296__clean__shuffled__r9,1024,15,-1,0,-1,0
calibration__4296__clean__noise__r0,1024,1,-1,0,-1,0
calibration__4296__clean__sweep__r0,1024,36,124,39,124,45
calibration__76__clean__shuffled__r0,1024,11,-1,0,-1,0
calibration__76__clean__shuffled__r1,1024,9,-1,0,-1,0
calibration__76__clean__shuffled__r2,1024,14,-1,0,-1,0
calibration__76__clean__shuffled__r3,1024,23,-1,0,-1,0
calibration__76__clean__shuffled__r4,1024,11,-1,0,-1,0
calibration__76__clean__shuffled__r5,1024,18,-1,0,-1,0
calibration__76__clean__shuffled__r6,1024,8,-1,0,-1,0
calibration__76__clean__shuffled__r7,1024,14,-1,0,-1,0
calibration__76__clean__shuffled__r8,1024,17,-1,0,-1,0
calibration__76__clean__shuffled__r9,1024,16,-1,0,-1,0
calibration__76__clean__noise__r0,1024,1,-1,0,-1,0
calibration__76__clean__sweep__r0,1024,33,609,20,609,22
calibration__6256__clean__shuffled__r0,1024,11,-1,0,-1,0
calibration__6256__clean__shuffled__r1,1024,10,-1,0,-1,0
calibration__6256__clean__shuffled__r2,1024,12,-1,0,-1,0
calibration__6256__clean__shuffled__r3,1024,9,-1,0,-1,0
calibration__6256__clean__shuffled__r4,1024,10,-1,0,-1,0
calibration__6256__clean__shuffled__r5,1024,21,-1,0,-1,0
calibration__6256__clean__shuffled__r6,1024,15,-1,0,-1,0
calibration__6256__clean__shuffled__r7,1024,10,-1,0,-1,0
calibration__6256__clean__shuffled__r8,1024,12,-1,0,-1,0
calibration__6256__clean__shuffled__r9,1024,16,-1,0,-1,0
calibration__6256__clean__noise__r0,1024,1,-1,0,-1,0
calibration__6256__clean__sweep__r0,1024,25,-1,0,627,1
evaluation__1109__clean__shuffled__r0,1024,11,-1,0,-1,0
evaluation__1109__clean__shuffled__r1,1024,10,-1,0,-1,0
evaluation__1109__clean__shuffled__r2,1024,20,-1,0,-1,0
evaluation__1109__clean__shuffled__r3,1024,11,-1,0,-1,0
evaluation__1109__clean__shuffled__r4,1024,25,-1,0,523,1
evaluation__1109__clean__shuffled__r5,1024,16,-1,0,-1,0
evaluation__1109__clean__shuffled__r6,1024,12,-1,0,-1,0
evaluation__1109__clean__shuffled__r7,1024,16,-1,0,-1,0
evaluation__1109__clean__shuffled__r8,1024,19,-1,0,-1,0
evaluation__1109__clean__shuffled__r9,1024,16,-1,0,-1,0
evaluation__1109__clean__noise__r0,1024,1,-1,0,-1,0
evaluation__1109__clean__sweep__r0,1024,40,351,33,328,35
evaluation__6003__clean__shuffled__r0,1024,17,-1,0,-1,0
evaluation__6003__clean__shuffled__r1,1024,11,-1,0,-1,0
evaluation__6003__clean__shuffled__r2,1024,12,-1,0,-1,0
evaluation__6003__clean__shuffled__r3,1024,12,-1,0,-1,0
evaluation__6003__clean__shuffled__r4,1024,21,-1,0,-1,0
evaluation__6003__clean__shuffled__r5,1024,13,-1,0,-1,0
evaluation__6003__clean__shuffled__r6,1024,14,-1,0,-1,0
evaluation__6003__clean__shuffled__r7,1024,11,-1,0,-1,0
evaluation__6003__clean__shuffled__r8,1024,14,-1,0,-1,0
evaluation__6003__clean__shuffled__r9,1024,16,-1,0,-1,0
evaluation__6003__clean__noise__r0,1024,3,-1,0,-1,0
evaluation__6003__clean__sweep__r0,1024,44,19,755,18,792
evaluation__8884__clean__shuffled__r0,1024,16,-1,0,-1,0
evaluation__8884__clean__shuffled__r1,1024,19,-1,0,-1,0
evaluation__8884__clean__shuffled__r2,1024,18,-1,0,-1,0
evaluation__8884__clean__shuffled__r3,1024,15,-1,0,-1,0
evaluation__8884__clean__shuffled__r4,1024,21,-1,0,-1,0
evaluation__8884__clean__shuffled__r5,1024,17,-1,0,-1,0
evaluation__8884__clean__shuffled__r6,1024,17,-1,0,-1,0
evaluation__8884__clean__shuffled__r7,1024,21,-1,0,-1,0
evaluation__8884__clean__shuffled__r8,1024,8,-1,0,-1,0
evaluation__8884__clean__shuffled__r9,1024,17,-1,0,-1,0
evaluation__8884__clean__noise__r0,1024,1,-1,0,-1,0
evaluation__8884__clean__sweep__r0,1024,38,62,39,62,47
evaluation__6__clean__shuffled__r0,1024,11,-1,0,-1,0
evaluation__6__clean__shuffled__r1,1024,11,-1,0,-1,0
evaluation__6__clean__shuffled__r2,1024,13,-1,0,-1,0
evaluation__6__clean__shuffled__r3,1024,12,-1,0,-1,0
evaluation__6__clean__shuffled__r4,1024,13,-1,0,-1,0
evaluation__6__clean__shuffled__r5,1024,17,-1,0,-1,0
evaluation__6__clean__shuffled__r6,1024,11,-1,0,-1,0
evaluation__6__clean__shuffled__r7,1024,11,-1,0,-1,0
evaluation__6__clean__shuffled__r8,1024,10,-1,0,-1,0
evaluation__6__clean__shuffled__r9,1024,15,-1,0,-1,0
evaluation__6__clean__noise__r0,1024,1,-1,0,-1,0
evaluation__6__clean__sweep__r0,1024,31,2,26,2,37
evaluation__1991__clean__shuffled__r0,1024,18,-1,0,-1,0
evaluation__1991__clean__shuffled__r1,1024,9,-1,0,-1,0
evaluation__1991__clean__shuffled__r2,1024,15,-1,0,-1,0
evaluation__1991__clean__shuffled__r3,1024,16,-1,0,-1,0
evaluation__1991__clean__shuffled__r4,1024,18,-1,0,-1,0
evaluation__1991__clean__shuffled__r5,1024,13,-1,0,-1,0
evaluation__1991__clean__shuffled__r6,1024,10,-1,0,-1,0
evaluation__1991__clean__shuffled__r7,1024,10,-1,0,-1,0
evaluation__1991__clean__shuffled__r8,1024,15,-1,0,-1,0
evaluation__1991__clean__shuffled__r9,1024,10,-1,0,-1,0
evaluation__1991__clean__noise__r0,1024,2,-1,0,-1,0
evaluation__1991__clean__sweep__r0,1024,32,610,16,225,19
evaluation__6984__clean__shuffled__r0,1024,25,-1,0,856,1
evaluation__6984__clean__shuffled__r1,1024,12,-1,0,-1,0
evaluation__6984__clean__shuffled__r2,1024,12,-1,0,-1,0
evaluation__6984__clean__shuffled__r3,1024,12,-1,0,-1,0
evaluation__6984__clean__shuffled__r4,1024,15,-1,0,-1,0
evaluation__6984__clean__shuffled__r5,1024,10,-1,0,-1,0
evaluation__6984__clean__shuffled__r6,1024,13,-1,0,-1,0
evaluation__6984__clean__shuffled__r7,1024,7,-1,0,-1,0
evaluation__6984__clean__shuffled__r8,1024,10,-1,0,-1,0
evaluation__6984__clean__shuffled__r9,1024,13,-1,0,-1,0
evaluation__6984__clean__noise__r0,1024,1,-1,0,-1,0
evaluation__6984__clean__sweep__r0,1024,33,609,27,609,29
evaluation__8503__clean__shuffled__r0,1024,11,-1,0,-1,0
evaluation__8503__clean__shuffled__r1,1024,19,-1,0,-1,0
evaluation__8503__clean__shuffled__r2,1024,11,-1,0,-1,0
evaluation__8503__clean__shuffled__r3,1024,9,-1,0,-1,0
evaluation__8503__clean__shuffled__r4,1024,9,-1,0,-1,0
evaluation__8503__clean__shuffled__r5,1024,18,-1,0,-1,0
evaluation__8503__clean__shuffled__r6,1024,9,-1,0,-1,0
evaluation__8503__clean__shuffled__r7,1024,11,-1,0,-1,0
evaluation__8503__clean__shuffled__r8,1024,13,-1,0,-1,0
evaluation__8503__clean__shuffled__r9,1024,20,-1,0,-1,0
evaluation__8503__clean__noise__r0,1024,1,-1,0,-1,0
evaluation__8503__clean__sweep__r0,1024,36,417,32,417,34
evaluation__2170__clean__shuffled__r0,1024,13,-1,0,-1,0
evaluation__2170__clean__shuffled__r1,1024,21,-1,0,-1,0
evaluation__2170__clean__shuffled__r2,1024,15,-1,0,-1,0
evaluation__2170__clean__shuffled__r3,1024,15,-1,0,-1,0
evaluation__2170__clean__shuffled__r4,1024,10,-1,0,-1,0
evaluation__2170__clean__shuffled__r5,1024,13,-1,0,-1,0
evaluation__2170__clean__shuffled__r6,1024,13,-1,0,-1,0
evaluation__2170__clean__shuffled__r7,1024,16,-1,0,-1,0
evaluation__2170__clean__shuffled__r8,1024,14,-1,0,-1,0
evaluation__2170__clean__shuffled__r9,1024,11,-1,0,-1,0
evaluation__2170__clean__noise__r0,1024,1,-1,0,-1,0
evaluation__2170__clean__sweep__r0,1024,39,181,87,69,108
evaluation__4622__clean__shuffled__r0,1024,11,-1,0,-1,0
evaluation__4622__clean__shuffled__r1,1024,10,-1,0,-1,0
evaluation__4622__clean__shuffled__r2,1024,17,-1,0,-1,0
evaluation__4622__clean__shuffled__r3,1024,11,-1,0,-1,0
evaluation__4622__clean__shuffled__r4,1024,14,-1,0,-1,0
evaluation__4622__clean__shuffled__r5,1024,11,-1,0,-1,0
evaluation__4622__clean__shuffled__r6,1024,23,-1,0,-1,0
evaluation__4622__clean__shuffled__r7,1024,16,-1,0,-1,0
evaluation__4622__clean__shuffled__r8,1024,11,-1,0,-1,0
evaluation__4622__clean__shuffled__r9,1024,11,-1,0,-1,0
evaluation__4622__clean__noise__r0,1024,1,-1,0,-1,0
evaluation__4622__clean__sweep__r0,1024,44,237,38,237,39
evaluation__7902__clean__shuffled__r0,1024,23,-1,0,-1,0
evaluation__7902__clean__shuffled__r1,1024,11,-1,0,-1,0
evaluation__7902__clean__shuffled__r2,1024,12,-1,0,-1,0
evaluation__7902__clean__shuffled__r3,1024,12,-1,0,-1,0
evaluation__7902__clean__shuffled__r4,1024,15,-1,0,-1,0
evaluation__7902__clean__shuffled__r5,1024,10,-1,0,-1,0
evaluation__7902__clean__shuffled__r6,1024,16,-1,0,-1,0
evaluation__7902__clean__shuffled__r7,1024,11,-1,0,-1,0
evaluation__7902__clean__shuffled__r8,1024,18,-1,0,-1,0
evaluation__7902__clean__shuffled__r9,1024,11,-1,0,-1,0
evaluation__7902__clean__noise__r0,1024,1,-1,0,-1,0
evaluation__7902__clean__sweep__r0,1024,34,609,25,609,26
evaluation__1603__clean__shuffled__r0,1024,10,-1,0,-1,0
evaluation__1603__clean__shuffled__r1,1024,23,-1,0,-1,0
evaluation__1603__clean__shuffled__r2,1024,13,-1,0,-1,0
evaluation__1603__clean__shuffled__r3,1024,11,-1,0,-1,0
evaluation__1603__clean__shuffled__r4,1024,13,-1,0,-1,0
evaluation__1603__clean__shuffled__r5,1024,9,-1,0,-1,0
evaluation__1603__clean__shuffled__r6,1024,11,-1,0,-1,0
evaluation__1603__clean__shuffled__r7,1024,14,-1,0,-1,0
evaluation__1603__clean__shuffled__r8,1024,10,-1,0,-1,0
evaluation__1603__clean__shuffled__r9,1024,11,-1,0,-1,0
evaluation__1603__clean__noise__r0,1024,1,-1,0,-1,0
evaluation__1603__clean__sweep__r0,1024,41,191,42,128,57
evaluation__5413__clean__shuffled__r0,1024,12,-1,0,-1,0
evaluation__5413__clean__shuffled__r1,1024,13,-1,0,-1,0
evaluation__5413__clean__shuffled__r2,1024,25,-1,0,430,1
evaluation__5413__clean__shuffled__r3,1024,15,-1,0,-1,0
evaluation__5413__clean__shuffled__r4,1024,12,-1,0,-1,0
evaluation__5413__clean__shuffled__r5,1024,16,-1,0,-1,0
evaluation__5413__clean__shuffled__r6,1024,12,-1,0,-1,0
evaluation__5413__clean__shuffled__r7,1024,11,-1,0,-1,0
evaluation__5413__clean__shuffled__r8,1024,10,-1,0,-1,0
evaluation__5413__clean__shuffled__r9,1024,15,-1,0,-1,0
evaluation__5413__clean__noise__r0,1024,1,-1,0,-1,0
evaluation__5413__clean__sweep__r0,1024,32,609,15,609,17
evaluation__6786__clean__shuffled__r0,1024,16,-1,0,-1,0
evaluation__6786__clean__shuffled__r1,1024,9,-1,0,-1,0
evaluation__6786__clean__shuffled__r2,1024,13,-1,0,-1,0
evaluation__6786__clean__shuffled__r3,1024,11,-1,0,-1,0
evaluation__6786__clean__shuffled__r4,1024,15,-1,0,-1,0
evaluation__6786__clean__shuffled__r5,1024,15,-1,0,-1,0
evaluation__6786__clean__shuffled__r6,1024,12,-1,0,-1,0
evaluation__6786__clean__shuffled__r7,1024,19,-1,0,-1,0
evaluation__6786__clean__shuffled__r8,1024,10,-1,0,-1,0
evaluation__6786__clean__shuffled__r9,1024,16,-1,0,-1,0
evaluation__6786__clean__noise__r0,1024,0,-1,0,-1,0
evaluation__6786__clean__sweep__r0,1024,41,329,36,238,38
evaluation__463__clean__shuffled__r0,1024,17,-1,0,-1,0
evaluation__463__clean__shuffled__r1,1024,15,-1,0,-1,0
evaluation__463__clean__shuffled__r2,1024,16,-1,0,-1,0
evaluation__463__clean__shuffled__r3,1024,18,-1,0,-1,0
evaluation__463__clean__shuffled__r4,1024,12,-1,0,-1,0
evaluation__463__clean__shuffled__r5,1024,17,-1,0,-1,0
evaluation__463__clean__shuffled__r6,1024,12,-1,0,-1,0
evaluation__463__clean__shuffled__r7,1024,12,-1,0,-1,0
evaluation__463__clean__shuffled__r8,1024,16,-1,0,-1,0
evaluation__463__clean__shuffled__r9,1024,13,-1,0,-1,0
evaluation__463__clean__noise__r0,1024,1,-1,0,-1,0
evaluation__463__clean__sweep__r0,1024,36,245,36,182,44
evaluation__3809__clean__shuffled__r0,1024,11,-1,0,-1,0
evaluation__3809__clean__shuffled__r1,1024,25,-1,0,930,1
evaluation__3809__clean__shuffled__r2,1024,15,-1,0,-1,0
evaluation__3809__clean__shuffled__r3,1024,11,-1,0,-1,0
evaluation__3809__clean__shuffled__r4,1024,15,-1,0,-1,0
evaluation__3809__clean__shuffled__r5,1024,10,-1,0,-1,0
evaluation__3809__clean__shuffled__r6,1024,15,-1,0,-1,0
evaluation__3809__clean__shuffled__r7,1024,11,-1,0,-1,0
evaluation__3809__clean__shuffled__r8,1024,10,-1,0,-1,0
evaluation__3809__clean__shuffled__r9,1024,9,-1,0,-1,0
evaluation__3809__clean__noise__r0,1024,1,-1,0,-1,0
evaluation__3809__clean__sweep__r0,1024,38,33,51,33,65
evaluation__4600__clean__shuffled__r0,1024,14,-1,0,-1,0
evaluation__4600__clean__shuffled__r1,1024,11,-1,0,-1,0
evaluation__4600__clean__shuffled__r2,1024,9,-1,0,-1,0
evaluation__4600__clean__shuffled__r3,1024,23,-1,0,-1,0
evaluation__4600__clean__shuffled__r4,1024,11,-1,0,-1,0
evaluation__4600__clean__shuffled__r5,1024,12,-1,0,-1,0
evaluation__4600__clean__shuffled__r6,1024,9,-1,0,-1,0
evaluation__4600__clean__shuffled__r7,1024,12,-1,0,-1,0
evaluation__4600__clean__shuffled__r8,1024,14,-1,0,-1,0
evaluation__4600__clean__shuffled__r9,1024,21,-1,0,-1,0
evaluation__4600__clean__noise__r0,1024,1,-1,0,-1,0
evaluation__4600__clean__sweep__r0,1024,45,99,74,34,89
evaluation__9393__clean__shuffled__r0,1024,16,-1,0,-1,0
evaluation__9393__clean__shuffled__r1,1024,21,-1,0,-1,0
evaluation__9393__clean__shuffled__r2,1024,21,-1,0,-1,0
evaluation__9393__clean__shuffled__r3,1024,21,-1,0,-1,0
evaluation__9393__clean__shuffled__r4,1024,13,-1,0,-1,0
evaluation__9393__clean__shuffled__r5,1024,12,-1,0,-1,0
evaluation__9393__clean__shuffled__r6,1024,17,-1,0,-1,0
evaluation__9393__clean__shuffled__r7,1024,10,-1,0,-1,0
evaluation__9393__clean__shuffled__r8,1024,17,-1,0,-1,0
evaluation__9393__clean__shuffled__r9,1024,12,-1,0,-1,0
evaluation__9393__clean__noise__r0,1024,2,-1,0,-1,0
evaluation__9393__clean__sweep__r0,1024,39,2,253,2,275
evaluation__2487__clean__shuffled__r0,1024,14,-1,0,-1,0
evaluation__2487__clean__shuffled__r1,1024,10,-1,0,-1,0
evaluation__2487__clean__shuffled__r2,1024,18,-1,0,-1,0
evaluation__2487__clean__shuffled__r3,1024,10,-1,0,-1,0
evaluation__2487__clean__shuffled__r4,1024,10,-1,0,-1,0
evaluation__2487__clean__shuffled__r5,1024,9,-1,0,-1,0
evaluation__2487__clean__shuffled__r6,1024,11,-1,0,-1,0
evaluation__2487__clean__shuffled__r7,1024,10,-1,0,-1,0
evaluation__2487__clean__shuffled__r8,1024,13,-1,0,-1,0
evaluation__2487__clean__shuffled__r9,1024,12,-1,0,-1,0
evaluation__2487__clean__noise__r0,1024,2,-1,0,-1,0
evaluation__2487__clean__sweep__r0,1024,33,609,23,421,25
evaluation__5947__clean__shuffled__r0,1024,11,-1,0,-1,0
evaluation__5947__clean__shuffled__r1,1024,15,-1,0,-1,0
evaluation__5947__clean__shuffled__r2,1024,12,-1,0,-1,0
evaluation__5947__clean__shuffled__r3,1024,13,-1,0,-1,0
evaluation__5947__clean__shuffled__r4,1024,21,-1,0,-1,0
evaluation__5947__clean__shuffled__r5,1024,12,-1,0,-1,0
evaluation__5947__clean__shuffled__r6,1024,21,-1,0,-1,0
evaluation__5947__clean__shuffled__r7,1024,12,-1,0,-1,0
evaluation__5947__clean__shuffled__r8,1024,18,-1,0,-1,0
evaluation__5947__clean__shuffled__r9,1024,13,-1,0,-1,0
evaluation__5947__clean__noise__r0,1024,1,-1,0,-1,0
evaluation__5947__clean__sweep__r0,1024,38,231,36,62,41
evaluation__9261__clean__shuffled__r0,1024,16,-1,0,-1,0
evaluation__9261__clean__shuffled__r1,1024,9,-1,0,-1,0
evaluation__9261__clean__shuffled__r2,1024,23,-1,0,-1,0
evaluation__9261__clean__shuffled__r3,1024,15,-1,0,-1,0
evaluation__9261__clean__shuffled__r4,1024,15,-1,0,-1,0
evaluation__9261__clean__shuffled__r5,1024,12,-1,0,-1,0
evaluation__9261__clean__shuffled__r6,1024,12,-1,0,-1,0
evaluation__9261__clean__shuffled__r7,1024,16,-1,0,-1,0
evaluation__9261__clean__shuffled__r8,1024,9,-1,0,-1,0
evaluation__9261__clean__shuffled__r9,1024,19,-1,0,-1,0
evaluation__9261__clean__noise__r0,1024,1,-1,0,-1,0
evaluation__9261__clean__sweep__r0,1024,43,65,34,65,37
evaluation__1641__clean__shuffled__r0,1024,7,-1,0,-1,0
evaluation__1641__clean__shuffled__r1,1024,11,-1,0,-1,0
evaluation__1641__clean__shuffled__r2,1024,20,-1,0,-1,0
evaluation__1641__clean__shuffled__r3,1024,16,-1,0,-1,0
evaluation__1641__clean__shuffled__r4,1024,12,-1,0,-1,0
evaluation__1641__clean__shuffled__r5,1024,17,-1,0,-1,0
evaluation__1641__clean__shuffled__r6,1024,16,-1,0,-1,0
evaluation__1641__clean__shuffled__r7,1024,14,-1,0,-1,0
evaluation__1641__clean__shuffled__r8,1024,14,-1,0,-1,0
evaluation__1641__clean__shuffled__r9,1024,15,-1,0,-1,0
evaluation__1641__clean__noise__r0,1024,1,-1,0,-1,0
evaluation__1641__clean__sweep__r0,1024,29,481,8,481,12
evaluation__4465__clean__shuffled__r0,1024,15,-1,0,-1,0
evaluation__4465__clean__shuffled__r1,1024,15,-1,0,-1,0
evaluation__4465__clean__shuffled__r2,1024,11,-1,0,-1,0
evaluation__4465__clean__shuffled__r3,1024,13,-1,0,-1,0
evaluation__4465__clean__shuffled__r4,1024,10,-1,0,-1,0
evaluation__4465__clean__shuffled__r5,1024,10,-1,0,-1,0
evaluation__4465__clean__shuffled__r6,1024,17,-1,0,-1,0
evaluation__4465__clean__shuffled__r7,1024,12,-1,0,-1,0
evaluation__4465__clean__shuffled__r8,1024,13,-1,0,-1,0
evaluation__4465__clean__shuffled__r9,1024,18,-1,0,-1,0
evaluation__4465__clean__noise__r0,1024,1,-1,0,-1,0
evaluation__4465__clean__sweep__r0,1024,36,352,29,327,32
evaluation__7337__clean__shuffled__r0,1024,11,-1,0,-1,0
evaluation__7337__clean__shuffled__r1,1024,13,-1,0,-1,0
evaluation__7337__clean__shuffled__r2,1024,11,-1,0,-1,0
evaluation__7337__clean__shuffled__r3,1024,18,-1,0,-1,0
evaluation__7337__clean__shuffled__r4,1024,16,-1,0,-1,0
evaluation__7337__clean__shuffled__r5,1024,12,-1,0,-1,0
evaluation__7337__clean__shuffled__r6,1024,13,-1,0,-1,0
evaluation__7337__clean__shuffled__r7,1024,9,-1,0,-1,0
evaluation__7337__clean__shuffled__r8,1024,15,-1,0,-1,0
evaluation__7337__clean__shuffled__r9,1024,12,-1,0,-1,0
evaluation__7337__clean__noise__r0,1024,1,-1,0,-1,0
evaluation__7337__clean__sweep__r0,1024,38,609,29,534,33
evaluation__56__clean__shuffled__r0,1024,10,-1,0,-1,0
evaluation__56__clean__shuffled__r1,1024,15,-1,0,-1,0
evaluation__56__clean__shuffled__r2,1024,9,-1,0,-1,0
evaluation__56__clean__shuffled__r3,1024,13,-1,0,-1,0
evaluation__56__clean__shuffled__r4,1024,14,-1,0,-1,0
evaluation__56__clean__shuffled__r5,1024,23,-1,0,-1,0
evaluation__56__clean__shuffled__r6,1024,14,-1,0,-1,0
evaluation__56__clean__shuffled__r7,1024,18,-1,0,-1,0
evaluation__56__clean__shuffled__r8,1024,14,-1,0,-1,0
evaluation__56__clean__shuffled__r9,1024,17,-1,0,-1,0
evaluation__56__clean__noise__r0,1024,1,-1,0,-1,0
evaluation__56__clean__sweep__r0,1024,24,-1,0,-1,0
evaluation__3788__clean__shuffled__r0,1024,21,-1,0,-1,0
evaluation__3788__clean__shuffled__r1,1024,14,-1,0,-1,0
evaluation__3788__clean__shuffled__r2,1024,15,-1,0,-1,0
evaluation__3788__clean__shuffled__r3,1024,15,-1,0,-1,0
evaluation__3788__clean__shuffled__r4,1024,11,-1,0,-1,0
evaluation__3788__clean__shuffled__r5,1024,13,-1,0,-1,0
evaluation__3788__clean__shuffled__r6,1024,11,-1,0,-1,0
evaluation__3788__clean__shuffled__r7,1024,23,-1,0,-1,0
evaluation__3788__clean__shuffled__r8,1024,12,-1,0,-1,0
evaluation__3788__clean__shuffled__r9,1024,12,-1,0,-1,0
evaluation__3788__clean__noise__r0,1024,1,-1,0,-1,0
evaluation__3788__clean__sweep__r0,1024,33,609,20,609,22
evaluation__5668__clean__shuffled__r0,1024,21,-1,0,-1,0
evaluation__5668__clean__shuffled__r1,1024,10,-1,0,-1,0
evaluation__5668__clean__shuffled__r2,1024,15,-1,0,-1,0
evaluation__5668__clean__shuffled__r3,1024,10,-1,0,-1,0
evaluation__5668__clean__shuffled__r4,1024,12,-1,0,-1,0
evaluation__5668__clean__shuffled__r5,1024,18,-1,0,-1,0
evaluation__5668__clean__shuffled__r6,1024,13,-1,0,-1,0
evaluation__5668__clean__shuffled__r7,1024,16,-1,0,-1,0
evaluation__5668__clean__shuffled__r8,1024,13,-1,0,-1,0
evaluation__5668__clean__shuffled__r9,1024,12,-1,0,-1,0
evaluation__5668__clean__noise__r0,1024,2,-1,0,-1,0
evaluation__5668__clean__sweep__r0,1024,34,609,13,609,17
evaluation__8466__clean__shuffled__r0,1024,13,-1,0,-1,0
evaluation__8466__clean__shuffled__r1,1024,14,-1,0,-1,0
evaluation__8466__clean__shuffled__r2,1024,14,-1,0,-1,0
evaluation__8466__clean__shuffled__r3,1024,11,-1,0,-1,0
evaluation__8466__clean__shuffled__r4,1024,11,-1,0,-1,0
evaluation__8466__clean__shuffled__r5,1024,14,-1,0,-1,0
evaluation__8466__clean__shuffled__r6,1024,14,-1,0,-1,0
evaluation__8466__clean__shuffled__r7,1024,15,-1,0,-1,0
evaluation__8466__clean__shuffled__r8,1024,9,-1,0,-1,0
evaluation__8466__clean__shuffled__r9,1024,23,-1,0,-1,0
evaluation__8466__clean__noise__r0,1024,1,-1,0,-1,0
evaluation__8466__clean__sweep__r0,1024,30,32,7,32,8
evaluation__1866__clean__shuffled__r0,1024,10,-1,0,-1,0
evaluation__1866__clean__shuffled__r1,1024,13,-1,0,-1,0
evaluation__1866__clean__shuffled__r2,1024,10,-1,0,-1,0
evaluation__1866__clean__shuffled__r3,1024,25,-1,0,801,1
evaluation__1866__clean__shuffled__r4,1024,11,-1,0,-1,0
evaluation__1866__clean__shuffled__r5,1024,16,-1,0,-1,0
evaluation__1866__clean__shuffled__r6,1024,16,-1,0,-1,0
evaluation__1866__clean__shuffled__r7,1024,10,-1,0,-1,0
evaluation__1866__clean__shuffled__r8,1024,11,-1,0,-1,0
evaluation__1866__clean__shuffled__r9,1024,15,-1,0,-1,0
evaluation__1866__clean__noise__r0,1024,1,-1,0,-1,0
evaluation__1866__clean__sweep__r0,1024,44,64,77,64,99
evaluation__4083__clean__shuffled__r0,1024,12,-1,0,-1,0
evaluation__4083__clean__shuffled__r1,1024,13,-1,0,-1,0
evaluation__4083__clean__shuffled__r2,1024,16,-1,0,-1,0
evaluation__4083__clean__shuffled__r3,1024,10,-1,0,-1,0
evaluation__4083__clean__shuffled__r4,1024,21,-1,0,-1,0
evaluation__4083__clean__shuffled__r5,1024,13,-1,0,-1,0
evaluation__4083__clean__shuffled__r6,1024,14,-1,0,-1,0
evaluation__4083__clean__shuffled__r7,1024,11,-1,0,-1,0
evaluation__4083__clean__shuffled__r8,1024,14,-1,0,-1,0
evaluation__4083__clean__shuffled__r9,1024,19,-1,0,-1,0
evaluation__4083__clean__noise__r0,1024,1,-1,0,-1,0
evaluation__4083__clean__sweep__r0,1024,36,281,22,281,28
evaluation__6718__clean__shuffled__r0,1024,17,-1,0,-1,0
evaluation__6718__clean__shuffled__r1,1024,11,-1,0,-1,0
evaluation__6718__clean__shuffled__r2,1024,25,-1,0,673,1
evaluation__6718__clean__shuffled__r3,1024,14,-1,0,-1,0
evaluation__6718__clean__shuffled__r4,1024,11,-1,0,-1,0
evaluation__6718__clean__shuffled__r5,1024,11,-1,0,-1,0
evaluation__6718__clean__shuffled__r6,1024,10,-1,0,-1,0
evaluation__6718__clean__shuffled__r7,1024,15,-1,0,-1,0
evaluation__6718__clean__shuffled__r8,1024,21,-1,0,-1,0
evaluation__6718__clean__shuffled__r9,1024,12,-1,0,-1,0
evaluation__6718__clean__noise__r0,1024,2,-1,0,-1,0
evaluation__6718__clean__sweep__r0,1024,37,322,41,322,45
evaluation__1654__clean__shuffled__r0,1024,15,-1,0,-1,0
evaluation__1654__clean__shuffled__r1,1024,16,-1,0,-1,0
evaluation__1654__clean__shuffled__r2,1024,12,-1,0,-1,0
evaluation__1654__clean__shuffled__r3,1024,13,-1,0,-1,0
evaluation__1654__clean__shuffled__r4,1024,13,-1,0,-1,0
evaluation__1654__clean__shuffled__r5,1024,8,-1,0,-1,0
evaluation__1654__clean__shuffled__r6,1024,13,-1,0,-1,0
evaluation__1654__clean__shuffled__r7,1024,12,-1,0,-1,0
evaluation__1654__clean__shuffled__r8,1024,16,-1,0,-1,0
evaluation__1654__clean__shuffled__r9,1024,13,-1,0,-1,0
evaluation__1654__clean__noise__r0,1024,2,-1,0,-1,0
evaluation__1654__clean__sweep__r0,1024,34,28,81,28,98
evaluation__5966__clean__shuffled__r0,1024,9,-1,0,-1,0
evaluation__5966__clean__shuffled__r1,1024,13,-1,0,-1,0
evaluation__5966__clean__shuffled__r2,1024,12,-1,0,-1,0
evaluation__5966__clean__shuffled__r3,1024,7,-1,0,-1,0
evaluation__5966__clean__shuffled__r4,1024,13,-1,0,-1,0
evaluation__5966__clean__shuffled__r5,1024,16,-1,0,-1,0
evaluation__5966__clean__shuffled__r6,1024,12,-1,0,-1,0
evaluation__5966__clean__shuffled__r7,1024,12,-1,0,-1,0
evaluation__5966__clean__shuffled__r8,1024,19,-1,0,-1,0
evaluation__5966__clean__shuffled__r9,1024,17,-1,0,-1,0
evaluation__5966__clean__noise__r0,1024,1,-1,0,-1,0
evaluation__5966__clean__sweep__r0,1024,24,-1,0,-1,0
evaluation__8355__clean__shuffled__r0,1024,14,-1,0,-1,0
evaluation__8355__clean__shuffled__r1,1024,18,-1,0,-1,0
evaluation__8355__clean__shuffled__r2,1024,18,-1,0,-1,0
evaluation__8355__clean__shuffled__r3,1024,15,-1,0,-1,0
evaluation__8355__clean__shuffled__r4,1024,15,-1,0,-1,0
evaluation__8355__clean__shuffled__r5,1024,11,-1,0,-1,0
evaluation__8355__clean__shuffled__r6,1024,11,-1,0,-1,0
evaluation__8355__clean__shuffled__r7,1024,17,-1,0,-1,0
evaluation__8355__clean__shuffled__r8,1024,9,-1,0,-1,0
evaluation__8355__clean__shuffled__r9,1024,9,-1,0,-1,0
evaluation__8355__clean__noise__r0,1024,1,-1,0,-1,0
evaluation__8355__clean__sweep__r0,1024,32,412,15,412,22
fit__90__clean__shuffled__r0,1024,16,-1,0,-1,0
fit__90__clean__shuffled__r1,1024,13,-1,0,-1,0
fit__90__clean__shuffled__r2,1024,15,-1,0,-1,0
fit__90__clean__shuffled__r3,1024,16,-1,0,-1,0
fit__90__clean__shuffled__r4,1024,19,-1,0,-1,0
fit__90__clean__shuffled__r5,1024,13,-1,0,-1,0
fit__90__clean__shuffled__r6,1024,10,-1,0,-1,0
fit__90__clean__shuffled__r7,1024,16,-1,0,-1,0
fit__90__clean__shuffled__r8,1024,13,-1,0,-1,0
fit__90__clean__shuffled__r9,1024,10,-1,0,-1,0
fit__90__clean__noise__r0,1024,1,-1,0,-1,0
fit__90__clean__sweep__r0,1024,45,62,42,62,44
fit__6772__clean__shuffled__r0,1024,16,-1,0,-1,0
fit__6772__clean__shuffled__r1,1024,17,-1,0,-1,0
fit__6772__clean__shuffled__r2,1024,14,-1,0,-1,0
fit__6772__clean__shuffled__r3,1024,21,-1,0,-1,0
fit__6772__clean__shuffled__r4,1024,13,-1,0,-1,0
fit__6772__clean__shuffled__r5,1024,13,-1,0,-1,0
fit__6772__clean__shuffled__r6,1024,13,-1,0,-1,0
fit__6772__clean__shuffled__r7,1024,14,-1,0,-1,0
fit__6772__clean__shuffled__r8,1024,9,-1,0,-1,0
fit__6772__clean__shuffled__r9,1024,17,-1,0,-1,0
fit__6772__clean__noise__r0,1024,1,-1,0,-1,0
fit__6772__clean__sweep__r0,1024,37,321,27,100,36
fit__3407__clean__shuffled__r0,1024,21,-1,0,-1,0
fit__3407__clean__shuffled__r1,1024,14,-1,0,-1,0
fit__3407__clean__shuffled__r2,1024,8,-1,0,-1,0
fit__3407__clean__shuffled__r3,1024,13,-1,0,-1,0
fit__3407__clean__shuffled__r4,1024,12,-1,0,-1,0
fit__3407__clean__shuffled__r5,1024,15,-1,0,-1,0
fit__3407__clean__shuffled__r6,1024,17,-1,0,-1,0
fit__3407__clean__shuffled__r7,1024,13,-1,0,-1,0
fit__3407__clean__shuffled__r8,1024,10,-1,0,-1,0
fit__3407__clean__shuffled__r9,1024,12,-1,0,-1,0
fit__3407__clean__noise__r0,1024,1,-1,0,-1,0
fit__3407__clean__sweep__r0,1024,41,34,35,34,36
fit__7864__clean__shuffled__r0,1024,17,-1,0,-1,0
fit__7864__clean__shuffled__r1,1024,11,-1,0,-1,0
fit__7864__clean__shuffled__r2,1024,11,-1,0,-1,0
fit__7864__clean__shuffled__r3,1024,20,-1,0,-1,0
fit__7864__clean__shuffled__r4,1024,14,-1,0,-1,0
fit__7864__clean__shuffled__r5,1024,10,-1,0,-1,0
fit__7864__clean__shuffled__r6,1024,10,-1,0,-1,0
fit__7864__clean__shuffled__r7,1024,25,-1,0,729,1
fit__7864__clean__shuffled__r8,1024,14,-1,0,-1,0
fit__7864__clean__shuffled__r9,1024,17,-1,0,-1,0
fit__7864__clean__noise__r0,1024,2,-1,0,-1,0
fit__7864__clean__sweep__r0,1024,34,546,23,260,30
fit__3844__clean__shuffled__r0,1024,13,-1,0,-1,0
fit__3844__clean__shuffled__r1,1024,12,-1,0,-1,0
fit__3844__clean__shuffled__r2,1024,17,-1,0,-1,0
fit__3844__clean__shuffled__r3,1024,18,-1,0,-1,0
fit__3844__clean__shuffled__r4,1024,11,-1,0,-1,0
fit__3844__clean__shuffled__r5,1024,12,-1,0,-1,0
fit__3844__clean__shuffled__r6,1024,10,-1,0,-1,0
fit__3844__clean__shuffled__r7,1024,12,-1,0,-1,0
fit__3844__clean__shuffled__r8,1024,11,-1,0,-1,0
fit__3844__clean__shuffled__r9,1024,16,-1,0,-1,0
fit__3844__clean__noise__r0,1024,1,-1,0,-1,0
fit__3844__clean__sweep__r0,1024,44,89,45,59,59
fit__573__clean__shuffled__r0,1024,17,-1,0,-1,0
fit__573__clean__shuffled__r1,1024,13,-1,0,-1,0
fit__573__clean__shuffled__r2,1024,13,-1,0,-1,0
fit__573__clean__shuffled__r3,1024,11,-1,0,-1,0
fit__573__clean__shuffled__r4,1024,13,-1,0,-1,0
fit__573__clean__shuffled__r5,1024,16,-1,0,-1,0
fit__573__clean__shuffled__r6,1024,8,-1,0,-1,0
fit__573__clean__shuffled__r7,1024,11,-1,0,-1,0
fit__573__clean__shuffled__r8,1024,11,-1,0,-1,0
fit__573__clean__shuffled__r9,1024,10,-1,0,-1,0
fit__573__clean__noise__r0,1024,1,-1,0,-1,0
fit__573__clean__sweep__r0,1024,36,386,21,258,28
fit__6196__clean__shuffled__r0,1024,18,-1,0,-1,0
fit__6196__clean__shuffled__r1,1024,13,-1,0,-1,0
fit__6196__clean__shuffled__r2,1024,11,-1,0,-1,0
fit__6196__clean__shuffled__r3,1024,16,-1,0,-1,0
fit__6196__clean__shuffled__r4,1024,11,-1,0,-1,0
fit__6196__clean__shuffled__r5,1024,17,-1,0,-1,0
fit__6196__clean__shuffled__r6,1024,23,-1,0,-1,0
fit__6196__clean__shuffled__r7,1024,16,-1,0,-1,0
fit__6196__clean__shuffled__r8,1024,16,-1,0,-1,0
fit__6196__clean__shuffled__r9,1024,16,-1,0,-1,0
fit__6196__clean__noise__r0,1024,1,-1,0,-1,0
fit__6196__clean__sweep__r0,1024,36,192,44,63,49
fit__1658__clean__shuffled__r0,1024,15,-1,0,-1,0
fit__1658__clean__shuffled__r1,1024,15,-1,0,-1,0
fit__1658__clean__shuffled__r2,1024,12,-1,0,-1,0
fit__1658__clean__shuffled__r3,1024,10,-1,0,-1,0
fit__1658__clean__shuffled__r4,1024,15,-1,0,-1,0
fit__1658__clean__shuffled__r5,1024,14,-1,0,-1,0
fit__1658__clean__shuffled__r6,1024,17,-1,0,-1,0
fit__1658__clean__shuffled__r7,1024,17,-1,0,-1,0
fit__1658__clean__shuffled__r8,1024,16,-1,0,-1,0
fit__1658__clean__shuffled__r9,1024,21,-1,0,-1,0
fit__1658__clean__noise__r0,1024,1,-1,0,-1,0
fit__1658__clean__sweep__r0,1024,33,171,51,68,69
fit__6664__clean__shuffled__r0,1024,17,-1,0,-1,0
fit__6664__clean__shuffled__r1,1024,13,-1,0,-1,0
fit__6664__clean__shuffled__r2,1024,13,-1,0,-1,0
fit__6664__clean__shuffled__r3,1024,11,-1,0,-1,0
fit__6664__clean__shuffled__r4,1024,18,-1,0,-1,0
fit__6664__clean__shuffled__r5,1024,16,-1,0,-1,0
fit__6664__clean__shuffled__r6,1024,16,-1,0,-1,0
fit__6664__clean__shuffled__r7,1024,8,-1,0,-1,0
fit__6664__clean__shuffled__r8,1024,11,-1,0,-1,0
fit__6664__clean__shuffled__r9,1024,14,-1,0,-1,0
fit__6664__clean__noise__r0,1024,2,-1,0,-1,0
fit__6664__clean__sweep__r0,1024,41,3,224,2,252
fit__4420__clean__shuffled__r0,1024,17,-1,0,-1,0
fit__4420__clean__shuffled__r1,1024,17,-1,0,-1,0
fit__4420__clean__shuffled__r2,1024,15,-1,0,-1,0
fit__4420__clean__shuffled__r3,1024,18,-1,0,-1,0
fit__4420__clean__shuffled__r4,1024,15,-1,0,-1,0
fit__4420__clean__shuffled__r5,1024,16,-1,0,-1,0
fit__4420__clean__shuffled__r6,1024,15,-1,0,-1,0
fit__4420__clean__shuffled__r7,1024,11,-1,0,-1,0
fit__4420__clean__shuffled__r8,1024,12,-1,0,-1,0
fit__4420__clean__shuffled__r9,1024,20,-1,0,-1,0
fit__4420__clean__noise__r0,1024,1,-1,0,-1,0
fit__4420__clean__sweep__r0,1024,30,448,15,321,22
fit__1211__clean__shuffled__r0,1024,11,-1,0,-1,0
fit__1211__clean__shuffled__r1,1024,17,-1,0,-1,0
fit__1211__clean__shuffled__r2,1024,16,-1,0,-1,0
fit__1211__clean__shuffled__r3,1024,17,-1,0,-1,0
fit__1211__clean__shuffled__r4,1024,10,-1,0,-1,0
fit__1211__clean__shuffled__r5,1024,18,-1,0,-1,0
fit__1211__clean__shuffled__r6,1024,16,-1,0,-1,0
fit__1211__clean__shuffled__r7,1024,11,-1,0,-1,0
fit__1211__clean__shuffled__r8,1024,11,-1,0,-1,0
fit__1211__clean__shuffled__r9,1024,11,-1,0,-1,0
fit__1211__clean__noise__r0,1024,1,-1,0,-1,0
fit__1211__clean__sweep__r0,1024,37,609,32,609,32
fit__5089__clean__shuffled__r0,1024,20,-1,0,-1,0
fit__5089__clean__shuffled__r1,1024,16,-1,0,-1,0
fit__5089__clean__shuffled__r2,1024,9,-1,0,-1,0
fit__5089__clean__shuffled__r3,1024,13,-1,0,-1,0
fit__5089__clean__shuffled__r4,1024,17,-1,0,-1,0
fit__5089__clean__shuffled__r5,1024,14,-1,0,-1,0
fit__5089__clean__shuffled__r6,1024,11,-1,0,-1,0
fit__5089__clean__shuffled__r7,1024,20,-1,0,-1,0
fit__5089__clean__shuffled__r8,1024,11,-1,0,-1,0
fit__5089__clean__shuffled__r9,1024,18,-1,0,-1,0
fit__5089__clean__noise__r0,1024,1,-1,0,-1,0
fit__5089__clean__sweep__r0,1024,46,481,39,238,45
fit__2518__clean__shuffled__r0,1024,16,-1,0,-1,0
fit__2518__clean__shuffled__r1,1024,11,-1,0,-1,0
fit__2518__clean__shuffled__r2,1024,23,-1,0,-1,0
fit__2518__clean__shuffled__r3,1024,11,-1,0,-1,0
fit__2518__clean__shuffled__r4,1024,12,-1,0,-1,0
fit__2518__clean__shuffled__r5,1024,14,-1,0,-1,0
fit__2518__clean__shuffled__r6,1024,11,-1,0,-1,0
fit__2518__clean__shuffled__r7,1024,19,-1,0,-1,0
fit__2518__clean__shuffled__r8,1024,14,-1,0,-1,0
fit__2518__clean__shuffled__r9,1024,11,-1,0,-1,0
fit__2518__clean__noise__r0,1024,1,-1,0,-1,0
fit__2518__clean__sweep__r0,1024,30,610,1,610,2
fit__7703__clean__shuffled__r0,1024,13,-1,0,-1,0
fit__7703__clean__shuffled__r1,1024,11,-1,0,-1,0
fit__7703__clean__shuffled__r2,1024,23,-1,0,-1,0
fit__7703__clean__shuffled__r3,1024,16,-1,0,-1,0
fit__7703__clean__shuffled__r4,1024,17,-1,0,-1,0
fit__7703__clean__shuffled__r5,1024,25,-1,0,972,1
fit__7703__clean__shuffled__r6,1024,12,-1,0,-1,0
fit__7703__clean__shuffled__r7,1024,15,-1,0,-1,0
fit__7703__clean__shuffled__r8,1024,11,-1,0,-1,0
fit__7703__clean__shuffled__r9,1024,17,-1,0,-1,0
fit__7703__clean__noise__r0,1024,1,-1,0,-1,0
fit__7703__clean__sweep__r0,1024,33,574,15,288,17
fit__2962__clean__shuffled__r0,1024,13,-1,0,-1,0
fit__2962__clean__shuffled__r1,1024,13,-1,0,-1,0
fit__2962__clean__shuffled__r2,1024,12,-1,0,-1,0
fit__2962__clean__shuffled__r3,1024,18,-1,0,-1,0
fit__2962__clean__shuffled__r4,1024,12,-1,0,-1,0
fit__2962__clean__shuffled__r5,1024,20,-1,0,-1,0
fit__2962__clean__shuffled__r6,1024,11,-1,0,-1,0
fit__2962__clean__shuffled__r7,1024,17,-1,0,-1,0
fit__2962__clean__shuffled__r8,1024,9,-1,0,-1,0
fit__2962__clean__shuffled__r9,1024,23,-1,0,-1,0
fit__2962__clean__noise__r0,1024,2,-1,0,-1,0
fit__2962__clean__sweep__r0,1024,38,33,56,33,79
fit__1913__clean__shuffled__r0,1024,16,-1,0,-1,0
fit__1913__clean__shuffled__r1,1024,8,-1,0,-1,0
fit__1913__clean__shuffled__r2,1024,14,-1,0,-1,0
fit__1913__clean__shuffled__r3,1024,8,-1,0,-1,0
fit__1913__clean__shuffled__r4,1024,13,-1,0,-1,0
fit__1913__clean__shuffled__r5,1024,17,-1,0,-1,0
fit__1913__clean__shuffled__r6,1024,15,-1,0,-1,0
fit__1913__clean__shuffled__r7,1024,13,-1,0,-1,0
fit__1913__clean__shuffled__r8,1024,15,-1,0,-1,0
fit__1913__clean__shuffled__r9,1024,13,-1,0,-1,0
fit__1913__clean__noise__r0,1024,3,-1,0,-1,0
fit__1913__clean__sweep__r0,1024,37,21,319,18,402
fit__5980__clean__shuffled__r0,1024,11,-1,0,-1,0
fit__5980__clean__shuffled__r1,1024,12,-1,0,-1,0
fit__5980__clean__shuffled__r2,1024,12,-1,0,-1,0
fit__5980__clean__shuffled__r3,1024,16,-1,0,-1,0
fit__5980__clean__shuffled__r4,1024,9,-1,0,-1,0
fit__5980__clean__shuffled__r5,1024,10,-1,0,-1,0
fit__5980__clean__shuffled__r6,1024,10,-1,0,-1,0
fit__5980__clean__shuffled__r7,1024,11,-1,0,-1,0
fit__5980__clean__shuffled__r8,1024,11,-1,0,-1,0
fit__5980__clean__shuffled__r9,1024,16,-1,0,-1,0
fit__5980__clean__noise__r0,1024,2,-1,0,-1,0
fit__5980__clean__sweep__r0,1024,42,64,82,30,111
calibration__1617__clean__shuffled__r0,1024,12,-1,0,-1,0
calibration__1617__clean__shuffled__r1,1024,21,-1,0,-1,0
calibration__1617__clean__shuffled__r2,1024,15,-1,0,-1,0
calibration__1617__clean__shuffled__r3,1024,20,-1,0,-1,0
calibration__1617__clean__shuffled__r4,1024,16,-1,0,-1,0
calibration__1617__clean__shuffled__r5,1024,10,-1,0,-1,0
calibration__1617__clean__shuffled__r6,1024,15,-1,0,-1,0
calibration__1617__clean__shuffled__r7,1024,13,-1,0,-1,0
calibration__1617__clean__shuffled__r8,1024,23,-1,0,-1,0
calibration__1617__clean__shuffled__r9,1024,10,-1,0,-1,0
calibration__1617__clean__noise__r0,1024,2,-1,0,-1,0
calibration__1617__clean__sweep__r0,1024,37,23,19,23,41
calibration__5968__clean__shuffled__r0,1024,16,-1,0,-1,0
calibration__5968__clean__shuffled__r1,1024,9,-1,0,-1,0
calibration__5968__clean__shuffled__r2,1024,12,-1,0,-1,0
calibration__5968__clean__shuffled__r3,1024,20,-1,0,-1,0
calibration__5968__clean__shuffled__r4,1024,11,-1,0,-1,0
calibration__5968__clean__shuffled__r5,1024,16,-1,0,-1,0
calibration__5968__clean__shuffled__r6,1024,12,-1,0,-1,0
calibration__5968__clean__shuffled__r7,1024,10,-1,0,-1,0
calibration__5968__clean__shuffled__r8,1024,16,-1,0,-1,0
calibration__5968__clean__shuffled__r9,1024,11,-1,0,-1,0
calibration__5968__clean__noise__r0,1024,1,-1,0,-1,0
calibration__5968__clean__sweep__r0,1024,34,30,96,30,124
calibration__2712__clean__shuffled__r0,1024,11,-1,0,-1,0
calibration__2712__clean__shuffled__r1,1024,11,-1,0,-1,0
calibration__2712__clean__shuffled__r2,1024,20,-1,0,-1,0
calibration__2712__clean__shuffled__r3,1024,23,-1,0,-1,0
calibration__2712__clean__shuffled__r4,1024,16,-1,0,-1,0
calibration__2712__clean__shuffled__r5,1024,10,-1,0,-1,0
calibration__2712__clean__shuffled__r6,1024,10,-1,0,-1,0
calibration__2712__clean__shuffled__r7,1024,16,-1,0,-1,0
calibration__2712__clean__shuffled__r8,1024,15,-1,0,-1,0
calibration__2712__clean__shuffled__r9,1024,14,-1,0,-1,0
calibration__2712__clean__noise__r0,1024,2,-1,0,-1,0
calibration__2712__clean__sweep__r0,1024,35,98,27,98,30
calibration__9811__clean__shuffled__r0,1024,10,-1,0,-1,0
calibration__9811__clean__shuffled__r1,1024,12,-1,0,-1,0
calibration__9811__clean__shuffled__r2,1024,17,-1,0,-1,0
calibration__9811__clean__shuffled__r3,1024,15,-1,0,-1,0
calibration__9811__clean__shuffled__r4,1024,10,-1,0,-1,0
calibration__9811__clean__shuffled__r5,1024,18,-1,0,-1,0
calibration__9811__clean__shuffled__r6,1024,9,-1,0,-1,0
calibration__9811__clean__shuffled__r7,1024,17,-1,0,-1,0
calibration__9811__clean__shuffled__r8,1024,17,-1,0,-1,0
calibration__9811__clean__shuffled__r9,1024,14,-1,0,-1,0
calibration__9811__clean__noise__r0,1024,1,-1,0,-1,0
calibration__9811__clean__sweep__r0,1024,40,609,31,385,33
calibration__5385__clean__shuffled__r0,1024,11,-1,0,-1,0
calibration__5385__clean__shuffled__r1,1024,15,-1,0,-1,0
calibration__5385__clean__shuffled__r2,1024,16,-1,0,-1,0
calibration__5385__clean__shuffled__r3,1024,17,-1,0,-1,0
calibration__5385__clean__shuffled__r4,1024,11,-1,0,-1,0
calibration__5385__clean__shuffled__r5,1024,11,-1,0,-1,0
calibration__5385__clean__shuffled__r6,1024,16,-1,0,-1,0
calibration__5385__clean__shuffled__r7,1024,17,-1,0,-1,0
calibration__5385__clean__shuffled__r8,1024,15,-1,0,-1,0
calibration__5385__clean__shuffled__r9,1024,13,-1,0,-1,0
calibration__5385__clean__noise__r0,1024,1,-1,0,-1,0
calibration__5385__clean__sweep__r0,1024,37,2,183,2,191
calibration__896__clean__shuffled__r0,1024,12,-1,0,-1,0
calibration__896__clean__shuffled__r1,1024,14,-1,0,-1,0
calibration__896__clean__shuffled__r2,1024,11,-1,0,-1,0
calibration__896__clean__shuffled__r3,1024,11,-1,0,-1,0
calibration__896__clean__shuffled__r4,1024,9,-1,0,-1,0
calibration__896__clean__shuffled__r5,1024,12,-1,0,-1,0
calibration__896__clean__shuffled__r6,1024,12,-1,0,-1,0
calibration__896__clean__shuffled__r7,1024,12,-1,0,-1,0
calibration__896__clean__shuffled__r8,1024,21,-1,0,-1,0
calibration__896__clean__shuffled__r9,1024,11,-1,0,-1,0
calibration__896__clean__noise__r0,1024,1,-1,0,-1,0
calibration__896__clean__sweep__r0,1024,24,-1,0,-1,0
calibration__7825__clean__shuffled__r0,1024,10,-1,0,-1,0
calibration__7825__clean__shuffled__r1,1024,12,-1,0,-1,0
calibration__7825__clean__shuffled__r2,1024,17,-1,0,-1,0
calibration__7825__clean__shuffled__r3,1024,16,-1,0,-1,0
calibration__7825__clean__shuffled__r4,1024,12,-1,0,-1,0
calibration__7825__clean__shuffled__r5,1024,11,-1,0,-1,0
calibration__7825__clean__shuffled__r6,1024,13,-1,0,-1,0
calibration__7825__clean__shuffled__r7,1024,19,-1,0,-1,0
calibration__7825__clean__shuffled__r8,1024,16,-1,0,-1,0
calibration__7825__clean__shuffled__r9,1024,11,-1,0,-1,0
calibration__7825__clean__noise__r0,1024,2,-1,0,-1,0
calibration__7825__clean__sweep__r0,1024,37,64,31,64,36
calibration__1609__clean__shuffled__r0,1024,16,-1,0,-1,0
calibration__1609__clean__shuffled__r1,1024,12,-1,0,-1,0
calibration__1609__clean__shuffled__r2,1024,21,-1,0,-1,0
calibration__1609__clean__shuffled__r3,1024,16,-1,0,-1,0
calibration__1609__clean__shuffled__r4,1024,17,-1,0,-1,0
calibration__1609__clean__shuffled__r5,1024,13,-1,0,-1,0
calibration__1609__clean__shuffled__r6,1024,10,-1,0,-1,0
calibration__1609__clean__shuffled__r7,1024,16,-1,0,-1,0
calibration__1609__clean__shuffled__r8,1024,16,-1,0,-1,0
calibration__1609__clean__shuffled__r9,1024,20,-1,0,-1,0
calibration__1609__clean__noise__r0,1024,1,-1,0,-1,0
calibration__1609__clean__sweep__r0,1024,29,162,15,162,24
calibration__9837__clean__shuffled__r0,1024,20,-1,0,-1,0
calibration__9837__clean__shuffled__r1,1024,17,-1,0,-1,0
calibration__9837__clean__shuffled__r2,1024,11,-1,0,-1,0
calibration__9837__clean__shuffled__r3,1024,11,-1,0,-1,0
calibration__9837__clean__shuffled__r4,1024,23,-1,0,-1,0
calibration__9837__clean__shuffled__r5,1024,15,-1,0,-1,0
calibration__9837__clean__shuffled__r6,1024,12,-1,0,-1,0
calibration__9837__clean__shuffled__r7,1024,15,-1,0,-1,0
calibration__9837__clean__shuffled__r8,1024,14,-1,0,-1,0
calibration__9837__clean__shuffled__r9,1024,23,-1,0,-1,0
calibration__9837__clean__noise__r0,1024,1,-1,0,-1,0
calibration__9837__clean__sweep__r0,1024,48,196,51,59,62
calibration__7279__clean__shuffled__r0,1024,13,-1,0,-1,0
calibration__7279__clean__shuffled__r1,1024,11,-1,0,-1,0
calibration__7279__clean__shuffled__r2,1024,13,-1,0,-1,0
calibration__7279__clean__shuffled__r3,1024,18,-1,0,-1,0
calibration__7279__clean__shuffled__r4,1024,16,-1,0,-1,0
calibration__7279__clean__shuffled__r5,1024,21,-1,0,-1,0
calibration__7279__clean__shuffled__r6,1024,9,-1,0,-1,0
calibration__7279__clean__shuffled__r7,1024,18,-1,0,-1,0
calibration__7279__clean__shuffled__r8,1024,15,-1,0,-1,0
calibration__7279__clean__shuffled__r9,1024,13,-1,0,-1,0
calibration__7279__clean__noise__r0,1024,1,-1,0,-1,0
calibration__7279__clean__sweep__r0,1024,31,192,12,192,18
calibration__901__clean__shuffled__r0,1024,17,-1,0,-1,0
calibration__901__clean__shuffled__r1,1024,9,-1,0,-1,0
calibration__901__clean__shuffled__r2,1024,8,-1,0,-1,0
calibration__901__clean__shuffled__r3,1024,12,-1,0,-1,0
calibration__901__clean__shuffled__r4,1024,14,-1,0,-1,0
calibration__901__clean__shuffled__r5,1024,21,-1,0,-1,0
calibration__901__clean__shuffled__r6,1024,12,-1,0,-1,0
calibration__901__clean__shuffled__r7,1024,13,-1,0,-1,0
calibration__901__clean__shuffled__r8,1024,15,-1,0,-1,0
calibration__901__clean__shuffled__r9,1024,17,-1,0,-1,0
calibration__901__clean__noise__r0,1024,0,-1,0,-1,0
calibration__901__clean__sweep__r0,1024,44,69,47,69,61
calibration__7690__clean__shuffled__r0,1024,17,-1,0,-1,0
calibration__7690__clean__shuffled__r1,1024,9,-1,0,-1,0
calibration__7690__clean__shuffled__r2,1024,13,-1,0,-1,0
calibration__7690__clean__shuffled__r3,1024,10,-1,0,-1,0
calibration__7690__clean__shuffled__r4,1024,12,-1,0,-1,0
calibration__7690__clean__shuffled__r5,1024,16,-1,0,-1,0
calibration__7690__clean__shuffled__r6,1024,13,-1,0,-1,0
calibration__7690__clean__shuffled__r7,1024,12,-1,0,-1,0
calibration__7690__clean__shuffled__r8,1024,17,-1,0,-1,0
calibration__7690__clean__shuffled__r9,1024,14,-1,0,-1,0
calibration__7690__clean__noise__r0,1024,2,-1,0,-1,0
calibration__7690__clean__sweep__r0,1024,31,609,16,409,23
calibration__803__clean__shuffled__r0,1024,13,-1,0,-1,0
calibration__803__clean__shuffled__r1,1024,14,-1,0,-1,0
calibration__803__clean__shuffled__r2,1024,16,-1,0,-1,0
calibration__803__clean__shuffled__r3,1024,16,-1,0,-1,0
calibration__803__clean__shuffled__r4,1024,17,-1,0,-1,0
calibration__803__clean__shuffled__r5,1024,16,-1,0,-1,0
calibration__803__clean__shuffled__r6,1024,16,-1,0,-1,0
calibration__803__clean__shuffled__r7,1024,15,-1,0,-1,0
calibration__803__clean__shuffled__r8,1024,15,-1,0,-1,0
calibration__803__clean__shuffled__r9,1024,18,-1,0,-1,0
calibration__803__clean__noise__r0,1024,1,-1,0,-1,0
calibration__803__clean__sweep__r0,1024,36,609,15,609,17
calibration__8627__clean__shuffled__r0,1024,15,-1,0,-1,0
calibration__8627__clean__shuffled__r1,1024,16,-1,0,-1,0
calibration__8627__clean__shuffled__r2,1024,12,-1,0,-1,0
calibration__8627__clean__shuffled__r3,1024,10,-1,0,-1,0
calibration__8627__clean__shuffled__r4,1024,12,-1,0,-1,0
calibration__8627__clean__shuffled__r5,1024,10,-1,0,-1,0
calibration__8627__clean__shuffled__r6,1024,23,-1,0,-1,0
calibration__8627__clean__shuffled__r7,1024,11,-1,0,-1,0
calibration__8627__clean__shuffled__r8,1024,17,-1,0,-1,0
calibration__8627__clean__shuffled__r9,1024,13,-1,0,-1,0
calibration__8627__clean__noise__r0,1024,2,-1,0,-1,0
calibration__8627__clean__sweep__r0,1024,37,420,33,151,38
calibration__4720__clean__shuffled__r0,1024,12,-1,0,-1,0
calibration__4720__clean__shuffled__r1,1024,13,-1,0,-1,0
calibration__4720__clean__shuffled__r2,1024,11,-1,0,-1,0
calibration__4720__clean__shuffled__r3,1024,11,-1,0,-1,0
calibration__4720__clean__shuffled__r4,1024,12,-1,0,-1,0
calibration__4720__clean__shuffled__r5,1024,15,-1,0,-1,0
calibration__4720__clean__shuffled__r6,1024,11,-1,0,-1,0
calibration__4720__clean__shuffled__r7,1024,15,-1,0,-1,0
calibration__4720__clean__shuffled__r8,1024,16,-1,0,-1,0
calibration__4720__clean__shuffled__r9,1024,19,-1,0,-1,0
calibration__4720__clean__noise__r0,1024,1,-1,0,-1,0
calibration__4720__clean__sweep__r0,1024,37,322,33,322,37
calibration__2140__clean__shuffled__r0,1024,11,-1,0,-1,0
calibration__2140__clean__shuffled__r1,1024,9,-1,0,-1,0
calibration__2140__clean__shuffled__r2,1024,18,-1,0,-1,0
calibration__2140__clean__shuffled__r3,1024,21,-1,0,-1,0
calibration__2140__clean__shuffled__r4,1024,17,-1,0,-1,0
calibration__2140__clean__shuffled__r5,1024,19,-1,0,-1,0
calibration__2140__clean__shuffled__r6,1024,14,-1,0,-1,0
calibration__2140__clean__shuffled__r7,1024,16,-1,0,-1,0
calibration__2140__clean__shuffled__r8,1024,15,-1,0,-1,0
calibration__2140__clean__shuffled__r9,1024,10,-1,0,-1,0
calibration__2140__clean__noise__r0,1024,1,-1,0,-1,0
calibration__2140__clean__sweep__r0,1024,36,609,29,98,31
calibration__7270__clean__shuffled__r0,1024,14,-1,0,-1,0
calibration__7270__clean__shuffled__r1,1024,10,-1,0,-1,0
calibration__7270__clean__shuffled__r2,1024,15,-1,0,-1,0
calibration__7270__clean__shuffled__r3,1024,11,-1,0,-1,0
calibration__7270__clean__shuffled__r4,1024,14,-1,0,-1,0
calibration__7270__clean__shuffled__r5,1024,14,-1,0,-1,0
calibration__7270__clean__shuffled__r6,1024,13,-1,0,-1,0
calibration__7270__clean__shuffled__r7,1024,17,-1,0,-1,0
calibration__7270__clean__shuffled__r8,1024,14,-1,0,-1,0
calibration__7270__clean__shuffled__r9,1024,12,-1,0,-1,0
calibration__7270__clean__noise__r0,1024,1,-1,0,-1,0
calibration__7270__clean__sweep__r0,1024,43,33,60,33,78
evaluation__3499__clean__shuffled__r0,1024,14,-1,0,-1,0
evaluation__3499__clean__shuffled__r1,1024,15,-1,0,-1,0
evaluation__3499__clean__shuffled__r2,1024,12,-1,0,-1,0
evaluation__3499__clean__shuffled__r3,1024,14,-1,0,-1,0
evaluation__3499__clean__shuffled__r4,1024,13,-1,0,-1,0
evaluation__3499__clean__shuffled__r5,1024,16,-1,0,-1,0
evaluation__3499__clean__shuffled__r6,1024,14,-1,0,-1,0
evaluation__3499__clean__shuffled__r7,1024,15,-1,0,-1,0
evaluation__3499__clean__shuffled__r8,1024,17,-1,0,-1,0
evaluation__3499__clean__shuffled__r9,1024,11,-1,0,-1,0
evaluation__3499__clean__noise__r0,1024,1,-1,0,-1,0
evaluation__3499__clean__sweep__r0,1024,47,345,33,325,37
evaluation__6241__clean__shuffled__r0,1024,12,-1,0,-1,0
evaluation__6241__clean__shuffled__r1,1024,15,-1,0,-1,0
evaluation__6241__clean__shuffled__r2,1024,11,-1,0,-1,0
evaluation__6241__clean__shuffled__r3,1024,15,-1,0,-1,0
evaluation__6241__clean__shuffled__r4,1024,16,-1,0,-1,0
evaluation__6241__clean__shuffled__r5,1024,17,-1,0,-1,0
evaluation__6241__clean__shuffled__r6,1024,14,-1,0,-1,0
evaluation__6241__clean__shuffled__r7,1024,21,-1,0,-1,0
evaluation__6241__clean__shuffled__r8,1024,13,-1,0,-1,0
evaluation__6241__clean__shuffled__r9,1024,9,-1,0,-1,0
evaluation__6241__clean__noise__r0,1024,1,-1,0,-1,0
evaluation__6241__clean__sweep__r0,1024,37,160,38,64,43
evaluation__8894__clean__shuffled__r0,1024,10,-1,0,-1,0
evaluation__8894__clean__shuffled__r1,1024,17,-1,0,-1,0
evaluation__8894__clean__shuffled__r2,1024,11,-1,0,-1,0
evaluation__8894__clean__shuffled__r3,1024,10,-1,0,-1,0
evaluation__8894__clean__shuffled__r4,1024,14,-1,0,-1,0
evaluation__8894__clean__shuffled__r5,1024,10,-1,0,-1,0
evaluation__8894__clean__shuffled__r6,1024,8,-1,0,-1,0
evaluation__8894__clean__shuffled__r7,1024,11,-1,0,-1,0
evaluation__8894__clean__shuffled__r8,1024,13,-1,0,-1,0
evaluation__8894__clean__shuffled__r9,1024,14,-1,0,-1,0
evaluation__8894__clean__noise__r0,1024,1,-1,0,-1,0
evaluation__8894__clean__sweep__r0,1024,31,58,14,55,25
evaluation__81__clean__shuffled__r0,1024,13,-1,0,-1,0
evaluation__81__clean__shuffled__r1,1024,21,-1,0,-1,0
evaluation__81__clean__shuffled__r2,1024,10,-1,0,-1,0
evaluation__81__clean__shuffled__r3,1024,10,-1,0,-1,0
evaluation__81__clean__shuffled__r4,1024,12,-1,0,-1,0
evaluation__81__clean__shuffled__r5,1024,17,-1,0,-1,0
evaluation__81__clean__shuffled__r6,1024,14,-1,0,-1,0
evaluation__81__clean__shuffled__r7,1024,16,-1,0,-1,0
evaluation__81__clean__shuffled__r8,1024,12,-1,0,-1,0
evaluation__81__clean__shuffled__r9,1024,18,-1,0,-1,0
evaluation__81__clean__noise__r0,1024,2,-1,0,-1,0
evaluation__81__clean__sweep__r0,1024,36,2,162,2,184
evaluation__2601__clean__shuffled__r0,1024,14,-1,0,-1,0
evaluation__2601__clean__shuffled__r1,1024,10,-1,0,-1,0
evaluation__2601__clean__shuffled__r2,1024,18,-1,0,-1,0
evaluation__2601__clean__shuffled__r3,1024,23,-1,0,-1,0
evaluation__2601__clean__shuffled__r4,1024,16,-1,0,-1,0
evaluation__2601__clean__shuffled__r5,1024,12,-1,0,-1,0
evaluation__2601__clean__shuffled__r6,1024,17,-1,0,-1,0
evaluation__2601__clean__shuffled__r7,1024,11,-1,0,-1,0
evaluation__2601__clean__shuffled__r8,1024,11,-1,0,-1,0
evaluation__2601__clean__shuffled__r9,1024,13,-1,0,-1,0
evaluation__2601__clean__noise__r0,1024,1,-1,0,-1,0
evaluation__2601__clean__sweep__r0,1024,23,-1,0,-1,0
evaluation__7215__clean__shuffled__r0,1024,11,-1,0,-1,0
evaluation__7215__clean__shuffled__r1,1024,12,-1,0,-1,0
evaluation__7215__clean__shuffled__r2,1024,15,-1,0,-1,0
evaluation__7215__clean__shuffled__r3,1024,14,-1,0,-1,0
evaluation__7215__clean__shuffled__r4,1024,12,-1,0,-1,0
evaluation__7215__clean__shuffled__r5,1024,16,-1,0,-1,0
evaluation__7215__clean__shuffled__r6,1024,18,-1,0,-1,0
evaluation__7215__clean__shuffled__r7,1024,11,-1,0,-1,0
evaluation__7215__clean__shuffled__r8,1024,15,-1,0,-1,0
evaluation__7215__clean__shuffled__r9,1024,11,-1,0,-1,0
evaluation__7215__clean__noise__r0,1024,1,-1,0,-1,0
evaluation__7215__clean__sweep__r0,1024,34,511,32,511,33
evaluation__9455__clean__shuffled__r0,1024,15,-1,0,-1,0
evaluation__9455__clean__shuffled__r1,1024,13,-1,0,-1,0
evaluation__9455__clean__shuffled__r2,1024,16,-1,0,-1,0
evaluation__9455__clean__shuffled__r3,1024,13,-1,0,-1,0
evaluation__9455__clean__shuffled__r4,1024,18,-1,0,-1,0
evaluation__9455__clean__shuffled__r5,1024,10,-1,0,-1,0
evaluation__9455__clean__shuffled__r6,1024,11,-1,0,-1,0
evaluation__9455__clean__shuffled__r7,1024,16,-1,0,-1,0
evaluation__9455__clean__shuffled__r8,1024,15,-1,0,-1,0
evaluation__9455__clean__shuffled__r9,1024,9,-1,0,-1,0
evaluation__9455__clean__noise__r0,1024,1,-1,0,-1,0
evaluation__9455__clean__sweep__r0,1024,34,610,29,610,30
evaluation__2774__clean__shuffled__r0,1024,10,-1,0,-1,0
evaluation__2774__clean__shuffled__r1,1024,9,-1,0,-1,0
evaluation__2774__clean__shuffled__r2,1024,9,-1,0,-1,0
evaluation__2774__clean__shuffled__r3,1024,14,-1,0,-1,0
evaluation__2774__clean__shuffled__r4,1024,18,-1,0,-1,0
evaluation__2774__clean__shuffled__r5,1024,15,-1,0,-1,0
evaluation__2774__clean__shuffled__r6,1024,13,-1,0,-1,0
evaluation__2774__clean__shuffled__r7,1024,10,-1,0,-1,0
evaluation__2774__clean__shuffled__r8,1024,11,-1,0,-1,0
evaluation__2774__clean__shuffled__r9,1024,11,-1,0,-1,0
evaluation__2774__clean__noise__r0,1024,1,-1,0,-1,0
evaluation__2774__clean__sweep__r0,1024,25,-1,0,638,1
evaluation__6515__clean__shuffled__r0,1024,13,-1,0,-1,0
evaluation__6515__clean__shuffled__r1,1024,15,-1,0,-1,0
evaluation__6515__clean__shuffled__r2,1024,13,-1,0,-1,0
evaluation__6515__clean__shuffled__r3,1024,15,-1,0,-1,0
evaluation__6515__clean__shuffled__r4,1024,10,-1,0,-1,0
evaluation__6515__clean__shuffled__r5,1024,14,-1,0,-1,0
evaluation__6515__clean__shuffled__r6,1024,18,-1,0,-1,0
evaluation__6515__clean__shuffled__r7,1024,17,-1,0,-1,0
evaluation__6515__clean__shuffled__r8,1024,15,-1,0,-1,0
evaluation__6515__clean__shuffled__r9,1024,8,-1,0,-1,0
evaluation__6515__clean__noise__r0,1024,1,-1,0,-1,0
evaluation__6515__clean__sweep__r0,1024,43,321,38,225,46
evaluation__8363__clean__shuffled__r0,1024,12,-1,0,-1,0
evaluation__8363__clean__shuffled__r1,1024,12,-1,0,-1,0
evaluation__8363__clean__shuffled__r2,1024,20,-1,0,-1,0
evaluation__8363__clean__shuffled__r3,1024,12,-1,0,-1,0
evaluation__8363__clean__shuffled__r4,1024,12,-1,0,-1,0
evaluation__8363__clean__shuffled__r5,1024,16,-1,0,-1,0
evaluation__8363__clean__shuffled__r6,1024,13,-1,0,-1,0
evaluation__8363__clean__shuffled__r7,1024,20,-1,0,-1,0
evaluation__8363__clean__shuffled__r8,1024,16,-1,0,-1,0
evaluation__8363__clean__shuffled__r9,1024,11,-1,0,-1,0
evaluation__8363__clean__noise__r0,1024,1,-1,0,-1,0
evaluation__8363__clean__sweep__r0,1024,27,610,3,610,3
evaluation__2991__clean__shuffled__r0,1024,10,-1,0,-1,0
evaluation__2991__clean__shuffled__r1,1024,12,-1,0,-1,0
evaluation__2991__clean__shuffled__r2,1024,12,-1,0,-1,0
evaluation__2991__clean__shuffled__r3,1024,13,-1,0,-1,0
evaluation__2991__clean__shuffled__r4,1024,15,-1,0,-1,0
evaluation__2991__clean__shuffled__r5,1024,19,-1,0,-1,0
evaluation__2991__clean__shuffled__r6,1024,17,-1,0,-1,0
evaluation__2991__clean__shuffled__r7,1024,12,-1,0,-1,0
evaluation__2991__clean__shuffled__r8,1024,14,-1,0,-1,0
evaluation__2991__clean__shuffled__r9,1024,11,-1,0,-1,0
evaluation__2991__clean__noise__r0,1024,2,-1,0,-1,0
evaluation__2991__clean__sweep__r0,1024,45,37,53,37,62
evaluation__5655__clean__shuffled__r0,1024,21,-1,0,-1,0
evaluation__5655__clean__shuffled__r1,1024,16,-1,0,-1,0
evaluation__5655__clean__shuffled__r2,1024,25,-1,0,886,1
evaluation__5655__clean__shuffled__r3,1024,15,-1,0,-1,0
evaluation__5655__clean__shuffled__r4,1024,10,-1,0,-1,0
evaluation__5655__clean__shuffled__r5,1024,16,-1,0,-1,0
evaluation__5655__clean__shuffled__r6,1024,15,-1,0,-1,0
evaluation__5655__clean__shuffled__r7,1024,14,-1,0,-1,0
evaluation__5655__clean__shuffled__r8,1024,18,-1,0,-1,0
evaluation__5655__clean__shuffled__r9,1024,19,-1,0,-1,0
evaluation__5655__clean__noise__r0,1024,1,-1,0,-1,0
evaluation__5655__clean__sweep__r0,1024,36,99,46,61,65
evaluation__7378__clean__shuffled__r0,1024,13,-1,0,-1,0
evaluation__7378__clean__shuffled__r1,1024,17,-1,0,-1,0
evaluation__7378__clean__shuffled__r2,1024,15,-1,0,-1,0
evaluation__7378__clean__shuffled__r3,1024,13,-1,0,-1,0
evaluation__7378__clean__shuffled__r4,1024,15,-1,0,-1,0
evaluation__7378__clean__shuffled__r5,1024,13,-1,0,-1,0
evaluation__7378__clean__shuffled__r6,1024,9,-1,0,-1,0
evaluation__7378__clean__shuffled__r7,1024,10,-1,0,-1,0
evaluation__7378__clean__shuffled__r8,1024,18,-1,0,-1,0
evaluation__7378__clean__shuffled__r9,1024,13,-1,0,-1,0
evaluation__7378__clean__noise__r0,1024,1,-1,0,-1,0
evaluation__7378__clean__sweep__r0,1024,39,34,47,34,60
evaluation__1303__clean__shuffled__r0,1024,14,-1,0,-1,0
evaluation__1303__clean__shuffled__r1,1024,21,-1,0,-1,0
evaluation__1303__clean__shuffled__r2,1024,15,-1,0,-1,0
evaluation__1303__clean__shuffled__r3,1024,11,-1,0,-1,0
evaluation__1303__clean__shuffled__r4,1024,11,-1,0,-1,0
evaluation__1303__clean__shuffled__r5,1024,13,-1,0,-1,0
evaluation__1303__clean__shuffled__r6,1024,15,-1,0,-1,0
evaluation__1303__clean__shuffled__r7,1024,13,-1,0,-1,0
evaluation__1303__clean__shuffled__r8,1024,12,-1,0,-1,0
evaluation__1303__clean__shuffled__r9,1024,17,-1,0,-1,0
evaluation__1303__clean__noise__r0,1024,1,-1,0,-1,0
evaluation__1303__clean__sweep__r0,1024,36,545,29,545,35
evaluation__3822__clean__shuffled__r0,1024,13,-1,0,-1,0
evaluation__3822__clean__shuffled__r1,1024,25,-1,0,970,1
evaluation__3822__clean__shuffled__r2,1024,8,-1,0,-1,0
evaluation__3822__clean__shuffled__r3,1024,12,-1,0,-1,0
evaluation__3822__clean__shuffled__r4,1024,16,-1,0,-1,0
evaluation__3822__clean__shuffled__r5,1024,14,-1,0,-1,0
evaluation__3822__clean__shuffled__r6,1024,21,-1,0,-1,0
evaluation__3822__clean__shuffled__r7,1024,12,-1,0,-1,0
evaluation__3822__clean__shuffled__r8,1024,9,-1,0,-1,0
evaluation__3822__clean__shuffled__r9,1024,12,-1,0,-1,0
evaluation__3822__clean__noise__r0,1024,1,-1,0,-1,0
evaluation__3822__clean__sweep__r0,1024,34,609,25,609,28
evaluation__6005__clean__shuffled__r0,1024,16,-1,0,-1,0
evaluation__6005__clean__shuffled__r1,1024,21,-1,0,-1,0
evaluation__6005__clean__shuffled__r2,1024,12,-1,0,-1,0
evaluation__6005__clean__shuffled__r3,1024,10,-1,0,-1,0
evaluation__6005__clean__shuffled__r4,1024,14,-1,0,-1,0
evaluation__6005__clean__shuffled__r5,1024,13,-1,0,-1,0
evaluation__6005__clean__shuffled__r6,1024,13,-1,0,-1,0
evaluation__6005__clean__shuffled__r7,1024,19,-1,0,-1,0
evaluation__6005__clean__shuffled__r8,1024,12,-1,0,-1,0
evaluation__6005__clean__shuffled__r9,1024,14,-1,0,-1,0
evaluation__6005__clean__noise__r0,1024,1,-1,0,-1,0
evaluation__6005__clean__sweep__r0,1024,30,611,15,346,20
evaluation__9715__clean__shuffled__r0,1024,13,-1,0,-1,0
evaluation__9715__clean__shuffled__r1,1024,17,-1,0,-1,0
evaluation__9715__clean__shuffled__r2,1024,15,-1,0,-1,0
evaluation__9715__clean__shuffled__r3,1024,8,-1,0,-1,0
evaluation__9715__clean__shuffled__r4,1024,15,-1,0,-1,0
evaluation__9715__clean__shuffled__r5,1024,21,-1,0,-1,0
evaluation__9715__clean__shuffled__r6,1024,15,-1,0,-1,0
evaluation__9715__clean__shuffled__r7,1024,11,-1,0,-1,0
evaluation__9715__clean__shuffled__r8,1024,11,-1,0,-1,0
evaluation__9715__clean__shuffled__r9,1024,19,-1,0,-1,0
evaluation__9715__clean__noise__r0,1024,0,-1,0,-1,0
evaluation__9715__clean__sweep__r0,1024,41,321,33,321,35
evaluation__2582__clean__shuffled__r0,1024,21,-1,0,-1,0
evaluation__2582__clean__shuffled__r1,1024,16,-1,0,-1,0
evaluation__2582__clean__shuffled__r2,1024,11,-1,0,-1,0
evaluation__2582__clean__shuffled__r3,1024,18,-1,0,-1,0
evaluation__2582__clean__shuffled__r4,1024,13,-1,0,-1,0
evaluation__2582__clean__shuffled__r5,1024,21,-1,0,-1,0
evaluation__2582__clean__shuffled__r6,1024,12,-1,0,-1,0
evaluation__2582__clean__shuffled__r7,1024,16,-1,0,-1,0
evaluation__2582__clean__shuffled__r8,1024,11,-1,0,-1,0
evaluation__2582__clean__shuffled__r9,1024,13,-1,0,-1,0
evaluation__2582__clean__noise__r0,1024,1,-1,0,-1,0
evaluation__2582__clean__sweep__r0,1024,42,3,73,3,90
evaluation__6092__clean__shuffled__r0,1024,17,-1,0,-1,0
evaluation__6092__clean__shuffled__r1,1024,13,-1,0,-1,0
evaluation__6092__clean__shuffled__r2,1024,11,-1,0,-1,0
evaluation__6092__clean__shuffled__r3,1024,15,-1,0,-1,0
evaluation__6092__clean__shuffled__r4,1024,12,-1,0,-1,0
evaluation__6092__clean__shuffled__r5,1024,16,-1,0,-1,0
evaluation__6092__clean__shuffled__r6,1024,13,-1,0,-1,0
evaluation__6092__clean__shuffled__r7,1024,11,-1,0,-1,0
evaluation__6092__clean__shuffled__r8,1024,13,-1,0,-1,0
evaluation__6092__clean__shuffled__r9,1024,12,-1,0,-1,0
evaluation__6092__clean__noise__r0,1024,2,-1,0,-1,0
evaluation__6092__clean__sweep__r0,1024,40,407,33,407,33
evaluation__9410__clean__shuffled__r0,1024,10,-1,0,-1,0
evaluation__9410__clean__shuffled__r1,1024,12,-1,0,-1,0
evaluation__9410__clean__shuffled__r2,1024,12,-1,0,-1,0
evaluation__9410__clean__shuffled__r3,1024,23,-1,0,-1,0
evaluation__9410__clean__shuffled__r4,1024,10,-1,0,-1,0
evaluation__9410__clean__shuffled__r5,1024,11,-1,0,-1,0
evaluation__9410__clean__shuffled__r6,1024,11,-1,0,-1,0
evaluation__9410__clean__shuffled__r7,1024,20,-1,0,-1,0
evaluation__9410__clean__shuffled__r8,1024,13,-1,0,-1,0
evaluation__9410__clean__shuffled__r9,1024,12,-1,0,-1,0
evaluation__9410__clean__noise__r0,1024,1,-1,0,-1,0
evaluation__9410__clean__sweep__r0,1024,44,62,88,62,112
evaluation__1978__clean__shuffled__r0,1024,16,-1,0,-1,0
evaluation__1978__clean__shuffled__r1,1024,11,-1,0,-1,0
evaluation__1978__clean__shuffled__r2,1024,15,-1,0,-1,0
evaluation__1978__clean__shuffled__r3,1024,16,-1,0,-1,0
evaluation__1978__clean__shuffled__r4,1024,23,-1,0,-1,0
evaluation__1978__clean__shuffled__r5,1024,16,-1,0,-1,0
evaluation__1978__clean__shuffled__r6,1024,14,-1,0,-1,0
evaluation__1978__clean__shuffled__r7,1024,10,-1,0,-1,0
evaluation__1978__clean__shuffled__r8,1024,21,-1,0,-1,0
evaluation__1978__clean__shuffled__r9,1024,11,-1,0,-1,0
evaluation__1978__clean__noise__r0,1024,1,-1,0,-1,0
evaluation__1978__clean__sweep__r0,1024,44,609,32,609,32
evaluation__4746__clean__shuffled__r0,1024,10,-1,0,-1,0
evaluation__4746__clean__shuffled__r1,1024,17,-1,0,-1,0
evaluation__4746__clean__shuffled__r2,1024,7,-1,0,-1,0
evaluation__4746__clean__shuffled__r3,1024,13,-1,0,-1,0
evaluation__4746__clean__shuffled__r4,1024,18,-1,0,-1,0
evaluation__4746__clean__shuffled__r5,1024,11,-1,0,-1,0
evaluation__4746__clean__shuffled__r6,1024,11,-1,0,-1,0
evaluation__4746__clean__shuffled__r7,1024,13,-1,0,-1,0
evaluation__4746__clean__shuffled__r8,1024,11,-1,0,-1,0
evaluation__4746__clean__shuffled__r9,1024,15,-1,0,-1,0
evaluation__4746__clean__noise__r0,1024,1,-1,0,-1,0
evaluation__4746__clean__sweep__r0,1024,31,343,28,258,37
evaluation__7777__clean__shuffled__r0,1024,12,-1,0,-1,0
evaluation__7777__clean__shuffled__r1,1024,11,-1,0,-1,0
evaluation__7777__clean__shuffled__r2,1024,12,-1,0,-1,0
evaluation__7777__clean__shuffled__r3,1024,9,-1,0,-1,0
evaluation__7777__clean__shuffled__r4,1024,16,-1,0,-1,0
evaluation__7777__clean__shuffled__r5,1024,18,-1,0,-1,0
evaluation__7777__clean__shuffled__r6,1024,14,-1,0,-1,0
evaluation__7777__clean__shuffled__r7,1024,11,-1,0,-1,0
evaluation__7777__clean__shuffled__r8,1024,11,-1,0,-1,0
evaluation__7777__clean__shuffled__r9,1024,11,-1,0,-1,0
evaluation__7777__clean__noise__r0,1024,1,-1,0,-1,0
evaluation__7777__clean__sweep__r0,1024,42,609,32,551,33
evaluation__808__clean__shuffled__r0,1024,15,-1,0,-1,0
evaluation__808__clean__shuffled__r1,1024,23,-1,0,-1,0
evaluation__808__clean__shuffled__r2,1024,18,-1,0,-1,0
evaluation__808__clean__shuffled__r3,1024,9,-1,0,-1,0
evaluation__808__clean__shuffled__r4,1024,17,-1,0,-1,0
evaluation__808__clean__shuffled__r5,1024,14,-1,0,-1,0
evaluation__808__clean__shuffled__r6,1024,17,-1,0,-1,0
evaluation__808__clean__shuffled__r7,1024,10,-1,0,-1,0
evaluation__808__clean__shuffled__r8,1024,17,-1,0,-1,0
evaluation__808__clean__shuffled__r9,1024,21,-1,0,-1,0
evaluation__808__clean__noise__r0,1024,1,-1,0,-1,0
evaluation__808__clean__sweep__r0,1024,29,625,4,614,6
evaluation__3975__clean__shuffled__r0,1024,11,-1,0,-1,0
evaluation__3975__clean__shuffled__r1,1024,10,-1,0,-1,0
evaluation__3975__clean__shuffled__r2,1024,12,-1,0,-1,0
evaluation__3975__clean__shuffled__r3,1024,13,-1,0,-1,0
evaluation__3975__clean__shuffled__r4,1024,15,-1,0,-1,0
evaluation__3975__clean__shuffled__r5,1024,25,-1,0,455,1
evaluation__3975__clean__shuffled__r6,1024,15,-1,0,-1,0
evaluation__3975__clean__shuffled__r7,1024,11,-1,0,-1,0
evaluation__3975__clean__shuffled__r8,1024,12,-1,0,-1,0
evaluation__3975__clean__shuffled__r9,1024,13,-1,0,-1,0
evaluation__3975__clean__noise__r0,1024,1,-1,0,-1,0
evaluation__3975__clean__sweep__r0,1024,29,610,7,609,9
evaluation__5675__clean__shuffled__r0,1024,10,-1,0,-1,0
evaluation__5675__clean__shuffled__r1,1024,11,-1,0,-1,0
evaluation__5675__clean__shuffled__r2,1024,17,-1,0,-1,0
evaluation__5675__clean__shuffled__r3,1024,10,-1,0,-1,0
evaluation__5675__clean__shuffled__r4,1024,16,-1,0,-1,0
evaluation__5675__clean__shuffled__r5,1024,11,-1,0,-1,0
evaluation__5675__clean__shuffled__r6,1024,13,-1,0,-1,0
evaluation__5675__clean__shuffled__r7,1024,13,-1,0,-1,0
evaluation__5675__clean__shuffled__r8,1024,17,-1,0,-1,0
evaluation__5675__clean__shuffled__r9,1024,7,-1,0,-1,0
evaluation__5675__clean__noise__r0,1024,1,-1,0,-1,0
evaluation__5675__clean__sweep__r0,1024,33,164,26,164,38
evaluation__8560__clean__shuffled__r0,1024,9,-1,0,-1,0
evaluation__8560__clean__shuffled__r1,1024,11,-1,0,-1,0
evaluation__8560__clean__shuffled__r2,1024,21,-1,0,-1,0
evaluation__8560__clean__shuffled__r3,1024,25,-1,0,890,1
evaluation__8560__clean__shuffled__r4,1024,10,-1,0,-1,0
evaluation__8560__clean__shuffled__r5,1024,12,-1,0,-1,0
evaluation__8560__clean__shuffled__r6,1024,13,-1,0,-1,0
evaluation__8560__clean__shuffled__r7,1024,11,-1,0,-1,0
evaluation__8560__clean__shuffled__r8,1024,11,-1,0,-1,0
evaluation__8560__clean__shuffled__r9,1024,19,-1,0,-1,0
evaluation__8560__clean__noise__r0,1024,1,-1,0,-1,0
evaluation__8560__clean__sweep__r0,1024,36,34,42,34,55
evaluation__1897__clean__shuffled__r0,1024,16,-1,0,-1,0
evaluation__1897__clean__shuffled__r1,1024,18,-1,0,-1,0
evaluation__1897__clean__shuffled__r2,1024,18,-1,0,-1,0
evaluation__1897__clean__shuffled__r3,1024,15,-1,0,-1,0
evaluation__1897__clean__shuffled__r4,1024,11,-1,0,-1,0
evaluation__1897__clean__shuffled__r5,1024,18,-1,0,-1,0
evaluation__1897__clean__shuffled__r6,1024,11,-1,0,-1,0
evaluation__1897__clean__shuffled__r7,1024,10,-1,0,-1,0
evaluation__1897__clean__shuffled__r8,1024,12,-1,0,-1,0
evaluation__1897__clean__shuffled__r9,1024,14,-1,0,-1,0
evaluation__1897__clean__noise__r0,1024,2,-1,0,-1,0
evaluation__1897__clean__sweep__r0,1024,38,63,97,63,130
evaluation__4086__clean__shuffled__r0,1024,18,-1,0,-1,0
evaluation__4086__clean__shuffled__r1,1024,21,-1,0,-1,0
evaluation__4086__clean__shuffled__r2,1024,11,-1,0,-1,0
evaluation__4086__clean__shuffled__r3,1024,11,-1,0,-1,0
evaluation__4086__clean__shuffled__r4,1024,14,-1,0,-1,0
evaluation__4086__clean__shuffled__r5,1024,17,-1,0,-1,0
evaluation__4086__clean__shuffled__r6,1024,11,-1,0,-1,0
evaluation__4086__clean__shuffled__r7,1024,21,-1,0,-1,0
evaluation__4086__clean__shuffled__r8,1024,14,-1,0,-1,0
evaluation__4086__clean__shuffled__r9,1024,10,-1,0,-1,0
evaluation__4086__clean__noise__r0,1024,2,-1,0,-1,0
evaluation__4086__clean__sweep__r0,1024,46,128,50,37,66
evaluation__7261__clean__shuffled__r0,1024,12,-1,0,-1,0
evaluation__7261__clean__shuffled__r1,1024,12,-1,0,-1,0
evaluation__7261__clean__shuffled__r2,1024,16,-1,0,-1,0
evaluation__7261__clean__shuffled__r3,1024,14,-1,0,-1,0
evaluation__7261__clean__shuffled__r4,1024,13,-1,0,-1,0
evaluation__7261__clean__shuffled__r5,1024,13,-1,0,-1,0
evaluation__7261__clean__shuffled__r6,1024,15,-1,0,-1,0
evaluation__7261__clean__shuffled__r7,1024,13,-1,0,-1,0
evaluation__7261__clean__shuffled__r8,1024,17,-1,0,-1,0
evaluation__7261__clean__shuffled__r9,1024,15,-1,0,-1,0
evaluation__7261__clean__noise__r0,1024,1,-1,0,-1,0
evaluation__7261__clean__sweep__r0,1024,38,61,30,61,30
evaluation__2148__clean__shuffled__r0,1024,16,-1,0,-1,0
evaluation__2148__clean__shuffled__r1,1024,12,-1,0,-1,0
evaluation__2148__clean__shuffled__r2,1024,11,-1,0,-1,0
evaluation__2148__clean__shuffled__r3,1024,11,-1,0,-1,0
evaluation__2148__clean__shuffled__r4,1024,13,-1,0,-1,0
evaluation__2148__clean__shuffled__r5,1024,21,-1,0,-1,0
evaluation__2148__clean__shuffled__r6,1024,20,-1,0,-1,0
evaluation__2148__clean__shuffled__r7,1024,14,-1,0,-1,0
evaluation__2148__clean__shuffled__r8,1024,9,-1,0,-1,0
evaluation__2148__clean__shuffled__r9,1024,11,-1,0,-1,0
evaluation__2148__clean__noise__r0,1024,1,-1,0,-1,0
evaluation__2148__clean__sweep__r0,1024,28,611,2,610,3
evaluation__6167__clean__shuffled__r0,1024,15,-1,0,-1,0
evaluation__6167__clean__shuffled__r1,1024,19,-1,0,-1,0
evaluation__6167__clean__shuffled__r2,1024,10,-1,0,-1,0
evaluation__6167__clean__shuffled__r3,1024,9,-1,0,-1,0
evaluation__6167__clean__shuffled__r4,1024,18,-1,0,-1,0
evaluation__6167__clean__shuffled__r5,1024,13,-1,0,-1,0
evaluation__6167__clean__shuffled__r6,1024,12,-1,0,-1,0
evaluation__6167__clean__shuffled__r7,1024,13,-1,0,-1,0
evaluation__6167__clean__shuffled__r8,1024,13,-1,0,-1,0
evaluation__6167__clean__shuffled__r9,1024,17,-1,0,-1,0
evaluation__6167__clean__noise__r0,1024,2,-1,0,-1,0
evaluation__6167__clean__sweep__r0,1024,44,62,77,60,95
evaluation__8652__clean__shuffled__r0,1024,23,-1,0,-1,0
evaluation__8652__clean__shuffled__r1,1024,23,-1,0,-1,0
evaluation__8652__clean__shuffled__r2,1024,19,-1,0,-1,0
evaluation__8652__clean__shuffled__r3,1024,11,-1,0,-1,0
evaluation__8652__clean__shuffled__r4,1024,10,-1,0,-1,0
evaluation__8652__clean__shuffled__r5,1024,12,-1,0,-1,0
evaluation__8652__clean__shuffled__r6,1024,11,-1,0,-1,0
evaluation__8652__clean__shuffled__r7,1024,18,-1,0,-1,0
evaluation__8652__clean__shuffled__r8,1024,12,-1,0,-1,0
evaluation__8652__clean__shuffled__r9,1024,11,-1,0,-1,0
evaluation__8652__clean__noise__r0,1024,2,-1,0,-1,0
evaluation__8652__clean__sweep__r0,1024,39,61,45,61,54
fit__1851__clean__shuffled__r0,1024,12,-1,0,-1,0
fit__1851__clean__shuffled__r1,1024,12,-1,0,-1,0
fit__1851__clean__shuffled__r2,1024,18,-1,0,-1,0
fit__1851__clean__shuffled__r3,1024,11,-1,0,-1,0
fit__1851__clean__shuffled__r4,1024,16,-1,0,-1,0
fit__1851__clean__shuffled__r5,1024,14,-1,0,-1,0
fit__1851__clean__shuffled__r6,1024,11,-1,0,-1,0
fit__1851__clean__shuffled__r7,1024,16,-1,0,-1,0
fit__1851__clean__shuffled__r8,1024,11,-1,0,-1,0
fit__1851__clean__shuffled__r9,1024,12,-1,0,-1,0
fit__1851__clean__noise__r0,1024,1,-1,0,-1,0
fit__1851__clean__sweep__r0,1024,35,32,62,31,74
fit__7533__clean__shuffled__r0,1024,18,-1,0,-1,0
fit__7533__clean__shuffled__r1,1024,16,-1,0,-1,0
fit__7533__clean__shuffled__r2,1024,11,-1,0,-1,0
fit__7533__clean__shuffled__r3,1024,13,-1,0,-1,0
fit__7533__clean__shuffled__r4,1024,10,-1,0,-1,0
fit__7533__clean__shuffled__r5,1024,9,-1,0,-1,0
fit__7533__clean__shuffled__r6,1024,12,-1,0,-1,0
fit__7533__clean__shuffled__r7,1024,14,-1,0,-1,0
fit__7533__clean__shuffled__r8,1024,12,-1,0,-1,0
fit__7533__clean__shuffled__r9,1024,11,-1,0,-1,0
fit__7533__clean__noise__r0,1024,3,-1,0,-1,0
fit__7533__clean__sweep__r0,1024,48,28,375,24,433
fit__3647__clean__shuffled__r0,1024,9,-1,0,-1,0
fit__3647__clean__shuffled__r1,1024,10,-1,0,-1,0
fit__3647__clean__shuffled__r2,1024,13,-1,0,-1,0
fit__3647__clean__shuffled__r3,1024,9,-1,0,-1,0
fit__3647__clean__shuffled__r4,1024,16,-1,0,-1,0
fit__3647__clean__shuffled__r5,1024,12,-1,0,-1,0
fit__3647__clean__shuffled__r6,1024,12,-1,0,-1,0
fit__3647__clean__shuffled__r7,1024,21,-1,0,-1,0
fit__3647__clean__shuffled__r8,1024,14,-1,0,-1,0
fit__3647__clean__shuffled__r9,1024,18,-1,0,-1,0
fit__3647__clean__noise__r0,1024,2,-1,0,-1,0
fit__3647__clean__sweep__r0,1024,35,229,31,28,41
fit__7903__clean__shuffled__r0,1024,18,-1,0,-1,0
fit__7903__clean__shuffled__r1,1024,16,-1,0,-1,0
fit__7903__clean__shuffled__r2,1024,15,-1,0,-1,0
fit__7903__clean__shuffled__r3,1024,13,-1,0,-1,0
fit__7903__clean__shuffled__r4,1024,17,-1,0,-1,0
fit__7903__clean__shuffled__r5,1024,16,-1,0,-1,0
fit__7903__clean__shuffled__r6,1024,7,-1,0,-1,0
fit__7903__clean__shuffled__r7,1024,23,-1,0,-1,0
fit__7903__clean__shuffled__r8,1024,13,-1,0,-1,0
fit__7903__clean__shuffled__r9,1024,19,-1,0,-1,0
fit__7903__clean__noise__r0,1024,2,-1,0,-1,0
fit__7903__clean__sweep__r0,1024,35,388,29,341,38
fit__5133__clean__shuffled__r0,1024,13,-1,0,-1,0
fit__5133__clean__shuffled__r1,1024,16,-1,0,-1,0
fit__5133__clean__shuffled__r2,1024,17,-1,0,-1,0
fit__5133__clean__shuffled__r3,1024,12,-1,0,-1,0
fit__5133__clean__shuffled__r4,1024,9,-1,0,-1,0
fit__5133__clean__shuffled__r5,1024,18,-1,0,-1,0
fit__5133__clean__shuffled__r6,1024,12,-1,0,-1,0
fit__5133__clean__shuffled__r7,1024,9,-1,0,-1,0
fit__5133__clean__shuffled__r8,1024,13,-1,0,-1,0
fit__5133__clean__shuffled__r9,1024,23,-1,0,-1,0
fit__5133__clean__noise__r0,1024,1,-1,0,-1,0
fit__5133__clean__sweep__r0,1024,38,162,42,99,48
fit__2684__clean__shuffled__r0,1024,17,-1,0,-1,0
fit__2684__clean__shuffled__r1,1024,11,-1,0,-1,0
fit__2684__clean__shuffled__r2,1024,13,-1,0,-1,0
fit__2684__clean__shuffled__r3,1024,15,-1,0,-1,0
fit__2684__clean__shuffled__r4,1024,14,-1,0,-1,0
fit__2684__clean__shuffled__r5,1024,10,-1,0,-1,0
fit__2684__clean__shuffled__r6,1024,12,-1,0,-1,0
fit__2684__clean__shuffled__r7,1024,9,-1,0,-1,0
fit__2684__clean__shuffled__r8,1024,13,-1,0,-1,0
fit__2684__clean__shuffled__r9,1024,15,-1,0,-1,0
fit__2684__clean__noise__r0,1024,2,-1,0,-1,0
fit__2684__clean__sweep__r0,1024,45,93,79,59,94
fit__8204__clean__shuffled__r0,1024,15,-1,0,-1,0
fit__8204__clean__shuffled__r1,1024,16,-1,0,-1,0
fit__8204__clean__shuffled__r2,1024,23,-1,0,-1,0
fit__8204__clean__shuffled__r3,1024,11,-1,0,-1,0
fit__8204__clean__shuffled__r4,1024,17,-1,0,-1,0
fit__8204__clean__shuffled__r5,1024,15,-1,0,-1,0
fit__8204__clean__shuffled__r6,1024,15,-1,0,-1,0
fit__8204__clean__shuffled__r7,1024,15,-1,0,-1,0
fit__8204__clean__shuffled__r8,1024,21,-1,0,-1,0
fit__8204__clean__shuffled__r9,1024,11,-1,0,-1,0
fit__8204__clean__noise__r0,1024,0,-1,0,-1,0
fit__8204__clean__sweep__r0,1024,33,482,23,326,27
fit__1842__clean__shuffled__r0,1024,14,-1,0,-1,0
fit__1842__clean__shuffled__r1,1024,9,-1,0,-1,0
fit__1842__clean__shuffled__r2,1024,10,-1,0,-1,0
fit__1842__clean__shuffled__r3,1024,12,-1,0,-1,0
fit__1842__clean__shuffled__r4,1024,12,-1,0,-1,0
fit__1842__clean__shuffled__r5,1024,17,-1,0,-1,0
fit__1842__clean__shuffled__r6,1024,11,-1,0,-1,0
fit__1842__clean__shuffled__r7,1024,13,-1,0,-1,0
fit__1842__clean__shuffled__r8,1024,10,-1,0,-1,0
fit__1842__clean__shuffled__r9,1024,11,-1,0,-1,0
fit__1842__clean__noise__r0,1024,0,-1,0,-1,0
fit__1842__clean__sweep__r0,1024,36,505,32,430,36
fit__7325__clean__shuffled__r0,1024,14,-1,0,-1,0
fit__7325__clean__shuffled__r1,1024,14,-1,0,-1,0
fit__7325__clean__shuffled__r2,1024,14,-1,0,-1,0
fit__7325__clean__shuffled__r3,1024,14,-1,0,-1,0
fit__7325__clean__shuffled__r4,1024,15,-1,0,-1,0
fit__7325__clean__shuffled__r5,1024,9,-1,0,-1,0
fit__7325__clean__shuffled__r6,1024,12,-1,0,-1,0
fit__7325__clean__shuffled__r7,1024,21,-1,0,-1,0
fit__7325__clean__shuffled__r8,1024,14,-1,0,-1,0
fit__7325__clean__shuffled__r9,1024,15,-1,0,-1,0
fit__7325__clean__noise__r0,1024,1,-1,0,-1,0
fit__7325__clean__sweep__r0,1024,49,175,53,175,76
fit__4641__clean__shuffled__r0,1024,11,-1,0,-1,0
fit__4641__clean__shuffled__r1,1024,13,-1,0,-1,0
fit__4641__clean__shuffled__r2,1024,12,-1,0,-1,0
fit__4641__clean__shuffled__r3,1024,13,-1,0,-1,0
fit__4641__clean__shuffled__r4,1024,13,-1,0,-1,0
fit__4641__clean__shuffled__r5,1024,11,-1,0,-1,0
fit__4641__clean__shuffled__r6,1024,11,-1,0,-1,0
fit__4641__clean__shuffled__r7,1024,9,-1,0,-1,0
fit__4641__clean__shuffled__r8,1024,18,-1,0,-1,0
fit__4641__clean__shuffled__r9,1024,10,-1,0,-1,0
fit__4641__clean__noise__r0,1024,1,-1,0,-1,0
fit__4641__clean__sweep__r0,1024,41,323,35,33,38
fit__1436__clean__shuffled__r0,1024,18,-1,0,-1,0
fit__1436__clean__shuffled__r1,1024,16,-1,0,-1,0
fit__1436__clean__shuffled__r2,1024,20,-1,0,-1,0
fit__1436__clean__shuffled__r3,1024,15,-1,0,-1,0
fit__1436__clean__shuffled__r4,1024,10,-1,0,-1,0
fit__1436__clean__shuffled__r5,1024,21,-1,0,-1,0
fit__1436__clean__shuffled__r6,1024,17,-1,0,-1,0
fit__1436__clean__shuffled__r7,1024,14,-1,0,-1,0
fit__1436__clean__shuffled__r8,1024,15,-1,0,-1,0
fit__1436__clean__shuffled__r9,1024,9,-1,0,-1,0
fit__1436__clean__noise__r0,1024,3,-1,0,-1,0
fit__1436__clean__sweep__r0,1024,34,30,41,30,57
fit__8691__clean__shuffled__r0,1024,12,-1,0,-1,0
fit__8691__clean__shuffled__r1,1024,13,-1,0,-1,0
fit__8691__clean__shuffled__r2,1024,16,-1,0,-1,0
fit__8691__clean__shuffled__r3,1024,11,-1,0,-1,0
fit__8691__clean__shuffled__r4,1024,23,-1,0,-1,0
fit__8691__clean__shuffled__r5,1024,15,-1,0,-1,0
fit__8691__clean__shuffled__r6,1024,13,-1,0,-1,0
fit__8691__clean__shuffled__r7,1024,10,-1,0,-1,0
fit__8691__clean__shuffled__r8,1024,12,-1,0,-1,0
fit__8691__clean__shuffled__r9,1024,13,-1,0,-1,0
fit__8691__clean__noise__r0,1024,1,-1,0,-1,0
fit__8691__clean__sweep__r0,1024,42,411,37,255,45
fit__3116__clean__shuffled__r0,1024,10,-1,0,-1,0
fit__3116__clean__shuffled__r1,1024,14,-1,0,-1,0
fit__3116__clean__shuffled__r2,1024,13,-1,0,-1,0
fit__3116__clean__shuffled__r3,1024,12,-1,0,-1,0
fit__3116__clean__shuffled__r4,1024,14,-1,0,-1,0
fit__3116__clean__shuffled__r5,1024,14,-1,0,-1,0
fit__3116__clean__shuffled__r6,1024,17,-1,0,-1,0
fit__3116__clean__shuffled__r7,1024,10,-1,0,-1,0
fit__3116__clean__shuffled__r8,1024,15,-1,0,-1,0
fit__3116__clean__shuffled__r9,1024,12,-1,0,-1,0
fit__3116__clean__noise__r0,1024,1,-1,0,-1,0
fit__3116__clean__sweep__r0,1024,32,609,16,259,23
fit__9372__clean__shuffled__r0,1024,14,-1,0,-1,0
fit__9372__clean__shuffled__r1,1024,13,-1,0,-1,0
fit__9372__clean__shuffled__r2,1024,18,-1,0,-1,0
fit__9372__clean__shuffled__r3,1024,8,-1,0,-1,0
fit__9372__clean__shuffled__r4,1024,13,-1,0,-1,0
fit__9372__clean__shuffled__r5,1024,17,-1,0,-1,0
fit__9372__clean__shuffled__r6,1024,14,-1,0,-1,0
fit__9372__clean__shuffled__r7,1024,17,-1,0,-1,0
fit__9372__clean__shuffled__r8,1024,8,-1,0,-1,0
fit__9372__clean__shuffled__r9,1024,13,-1,0,-1,0
fit__9372__clean__noise__r0,1024,1,-1,0,-1,0
fit__9372__clean__sweep__r0,1024,37,99,42,97,49
fit__3686__clean__shuffled__r0,1024,21,-1,0,-1,0
fit__3686__clean__shuffled__r1,1024,13,-1,0,-1,0
fit__3686__clean__shuffled__r2,1024,17,-1,0,-1,0
fit__3686__clean__shuffled__r3,1024,11,-1,0,-1,0
fit__3686__clean__shuffled__r4,1024,20,-1,0,-1,0
fit__3686__clean__shuffled__r5,1024,17,-1,0,-1,0
fit__3686__clean__shuffled__r6,1024,15,-1,0,-1,0
fit__3686__clean__shuffled__r7,1024,14,-1,0,-1,0
fit__3686__clean__shuffled__r8,1024,16,-1,0,-1,0
fit__3686__clean__shuffled__r9,1024,11,-1,0,-1,0
fit__3686__clean__noise__r0,1024,1,-1,0,-1,0
fit__3686__clean__sweep__r0,1024,41,126,49,126,60
fit__2143__clean__shuffled__r0,1024,23,-1,0,-1,0
fit__2143__clean__shuffled__r1,1024,11,-1,0,-1,0
fit__2143__clean__shuffled__r2,1024,9,-1,0,-1,0
fit__2143__clean__shuffled__r3,1024,11,-1,0,-1,0
fit__2143__clean__shuffled__r4,1024,12,-1,0,-1,0
fit__2143__clean__shuffled__r5,1024,12,-1,0,-1,0
fit__2143__clean__shuffled__r6,1024,16,-1,0,-1,0
fit__2143__clean__shuffled__r7,1024,16,-1,0,-1,0
fit__2143__clean__shuffled__r8,1024,14,-1,0,-1,0
fit__2143__clean__shuffled__r9,1024,11,-1,0,-1,0
fit__2143__clean__noise__r0,1024,2,-1,0,-1,0
fit__2143__clean__sweep__r0,1024,39,183,36,161,41
fit__7297__clean__shuffled__r0,1024,13,-1,0,-1,0
fit__7297__clean__shuffled__r1,1024,11,-1,0,-1,0
fit__7297__clean__shuffled__r2,1024,12,-1,0,-1,0
fit__7297__clean__shuffled__r3,1024,10,-1,0,-1,0
fit__7297__clean__shuffled__r4,1024,12,-1,0,-1,0
fit__7297__clean__shuffled__r5,1024,10,-1,0,-1,0
fit__7297__clean__shuffled__r6,1024,14,-1,0,-1,0
fit__7297__clean__shuffled__r7,1024,13,-1,0,-1,0
fit__7297__clean__shuffled__r8,1024,9,-1,0,-1,0
fit__7297__clean__shuffled__r9,1024,13,-1,0,-1,0
fit__7297__clean__noise__r0,1024,1,-1,0,-1,0
fit__7297__clean__sweep__r0,1024,41,609,32,547,33
calibration__1735__clean__shuffled__r0,1024,16,-1,0,-1,0
calibration__1735__clean__shuffled__r1,1024,9,-1,0,-1,0
calibration__1735__clean__shuffled__r2,1024,14,-1,0,-1,0
calibration__1735__clean__shuffled__r3,1024,12,-1,0,-1,0
calibration__1735__clean__shuffled__r4,1024,12,-1,0,-1,0
calibration__1735__clean__shuffled__r5,1024,17,-1,0,-1,0
calibration__1735__clean__shuffled__r6,1024,25,-1,0,384,1
calibration__1735__clean__shuffled__r7,1024,10,-1,0,-1,0
calibration__1735__clean__shuffled__r8,1024,21,-1,0,-1,0
calibration__1735__clean__shuffled__r9,1024,25,-1,0,256,1
calibration__1735__clean__noise__r0,1024,1,-1,0,-1,0
calibration__1735__clean__sweep__r0,1024,38,609,29,609,30
calibration__8197__clean__shuffled__r0,1024,15,-1,0,-1,0
calibration__8197__clean__shuffled__r1,1024,15,-1,0,-1,0
calibration__8197__clean__shuffled__r2,1024,17,-1,0,-1,0
calibration__8197__clean__shuffled__r3,1024,11,-1,0,-1,0
calibration__8197__clean__shuffled__r4,1024,12,-1,0,-1,0
calibration__8197__clean__shuffled__r5,1024,21,-1,0,-1,0
calibration__8197__clean__shuffled__r6,1024,14,-1,0,-1,0
calibration__8197__clean__shuffled__r7,1024,23,-1,0,-1,0
calibration__8197__clean__shuffled__r8,1024,13,-1,0,-1,0
calibration__8197__clean__shuffled__r9,1024,10,-1,0,-1,0
calibration__8197__clean__noise__r0,1024,1,-1,0,-1,0
calibration__8197__clean__sweep__r0,1024,39,127,42,127,48
calibration__3028__clean__shuffled__r0,1024,13,-1,0,-1,0
calibration__3028__clean__shuffled__r1,1024,17,-1,0,-1,0
calibration__3028__clean__shuffled__r2,1024,19,-1,0,-1,0
calibration__3028__clean__shuffled__r3,1024,16,-1,0,-1,0
calibration__3028__clean__shuffled__r4,1024,13,-1,0,-1,0
calibration__3028__clean__shuffled__r5,1024,12,-1,0,-1,0
calibration__3028__clean__shuffled__r6,1024,19,-1,0,-1,0
calibration__3028__clean__shuffled__r7,1024,10,-1,0,-1,0
calibration__3028__clean__shuffled__r8,1024,15,-1,0,-1,0
calibration__3028__clean__shuffled__r9,1024,14,-1,0,-1,0
calibration__3028__clean__noise__r0,1024,1,-1,0,-1,0
calibration__3028__clean__sweep__r0,1024,37,321,27,321,34
calibration__603__clean__shuffled__r0,1024,16,-1,0,-1,0
calibration__603__clean__shuffled__r1,1024,14,-1,0,-1,0
calibration__603__clean__shuffled__r2,1024,14,-1,0,-1,0
calibration__603__clean__shuffled__r3,1024,17,-1,0,-1,0
calibration__603__clean__shuffled__r4,1024,11,-1,0,-1,0
calibration__603__clean__shuffled__r5,1024,14,-1,0,-1,0
calibration__603__clean__shuffled__r6,1024,17,-1,0,-1,0
calibration__603__clean__shuffled__r7,1024,11,-1,0,-1,0
calibration__603__clean__shuffled__r8,1024,15,-1,0,-1,0
calibration__603__clean__shuffled__r9,1024,17,-1,0,-1,0
calibration__603__clean__noise__r0,1024,1,-1,0,-1,0
calibration__603__clean__sweep__r0,1024,41,168,43,99,49
calibration__6232__clean__shuffled__r0,1024,14,-1,0,-1,0
calibration__6232__clean__shuffled__r1,1024,9,-1,0,-1,0
calibration__6232__clean__shuffled__r2,1024,14,-1,0,-1,0
calibration__6232__clean__shuffled__r3,1024,21,-1,0,-1,0
calibration__6232__clean__shuffled__r4,1024,10,-1,0,-1,0
calibration__6232__clean__shuffled__r5,1024,12,-1,0,-1,0
calibration__6232__clean__shuffled__r6,1024,12,-1,0,-1,0
calibration__6232__clean__shuffled__r7,1024,19,-1,0,-1,0
calibration__6232__clean__shuffled__r8,1024,14,-1,0,-1,0
calibration__6232__clean__shuffled__r9,1024,20,-1,0,-1,0
calibration__6232__clean__noise__r0,1024,2,-1,0,-1,0
calibration__6232__clean__sweep__r0,1024,40,4,160,4,203
calibration__3234__clean__shuffled__r0,1024,8,-1,0,-1,0
calibration__3234__clean__shuffled__r1,1024,17,-1,0,-1,0
calibration__3234__clean__shuffled__r2,1024,13,-1,0,-1,0
calibration__3234__clean__shuffled__r3,1024,9,-1,0,-1,0
calibration__3234__clean__shuffled__r4,1024,13,-1,0,-1,0
calibration__3234__clean__shuffled__r5,1024,10,-1,0,-1,0
calibration__3234__clean__shuffled__r6,1024,17,-1,0,-1,0
calibration__3234__clean__shuffled__r7,1024,13,-1,0,-1,0
calibration__3234__clean__shuffled__r8,1024,11,-1,0,-1,0
calibration__3234__clean__shuffled__r9,1024,11,-1,0,-1,0
calibration__3234__clean__noise__r0,1024,1,-1,0,-1,0
calibration__3234__clean__sweep__r0,1024,45,609,32,609,32
calibration__8169__clean__shuffled__r0,1024,11,-1,0,-1,0
calibration__8169__clean__shuffled__r1,1024,13,-1,0,-1,0
calibration__8169__clean__shuffled__r2,1024,16,-1,0,-1,0
calibration__8169__clean__shuffled__r3,1024,18,-1,0,-1,0
calibration__8169__clean__shuffled__r4,1024,13,-1,0,-1,0
calibration__8169__clean__shuffled__r5,1024,15,-1,0,-1,0
calibration__8169__clean__shuffled__r6,1024,11,-1,0,-1,0
calibration__8169__clean__shuffled__r7,1024,11,-1,0,-1,0
calibration__8169__clean__shuffled__r8,1024,13,-1,0,-1,0
calibration__8169__clean__shuffled__r9,1024,12,-1,0,-1,0
calibration__8169__clean__noise__r0,1024,0,-1,0,-1,0
calibration__8169__clean__sweep__r0,1024,26,609,1,609,4
calibration__2208__clean__shuffled__r0,1024,11,-1,0,-1,0
calibration__2208__clean__shuffled__r1,1024,16,-1,0,-1,0
calibration__2208__clean__shuffled__r2,1024,11,-1,0,-1,0
calibration__2208__clean__shuffled__r3,1024,21,-1,0,-1,0
calibration__2208__clean__shuffled__r4,1024,16,-1,0,-1,0
calibration__2208__clean__shuffled__r5,1024,10,-1,0,-1,0
calibration__2208__clean__shuffled__r6,1024,13,-1,0,-1,0
calibration__2208__clean__shuffled__r7,1024,11,-1,0,-1,0
calibration__2208__clean__shuffled__r8,1024,17,-1,0,-1,0
calibration__2208__clean__shuffled__r9,1024,16,-1,0,-1,0
calibration__2208__clean__noise__r0,1024,1,-1,0,-1,0
calibration__2208__clean__sweep__r0,1024,31,575,13,487,23
calibration__327__clean__shuffled__r0,1024,11,-1,0,-1,0
calibration__327__clean__shuffled__r1,1024,14,-1,0,-1,0
calibration__327__clean__shuffled__r2,1024,18,-1,0,-1,0
calibration__327__clean__shuffled__r3,1024,15,-1,0,-1,0
calibration__327__clean__shuffled__r4,1024,15,-1,0,-1,0
calibration__327__clean__shuffled__r5,1024,15,-1,0,-1,0
calibration__327__clean__shuffled__r6,1024,9,-1,0,-1,0
calibration__327__clean__shuffled__r7,1024,21,-1,0,-1,0
calibration__327__clean__shuffled__r8,1024,18,-1,0,-1,0
calibration__327__clean__shuffled__r9,1024,17,-1,0,-1,0
calibration__327__clean__noise__r0,1024,1,-1,0,-1,0
calibration__327__clean__sweep__r0,1024,43,563,33,326,38
calibration__8025__clean__shuffled__r0,1024,11,-1,0,-1,0
calibration__8025__clean__shuffled__r1,1024,16,-1,0,-1,0
calibration__8025__clean__shuffled__r2,1024,11,-1,0,-1,0
calibration__8025__clean__shuffled__r3,1024,12,-1,0,-1,0
calibration__8025__clean__shuffled__r4,1024,20,-1,0,-1,0
calibration__8025__clean__shuffled__r5,1024,12,-1,0,-1,0
calibration__8025__clean__shuffled__r6,1024,11,-1,0,-1,0
calibration__8025__clean__shuffled__r7,1024,10,-1,0,-1,0
calibration__8025__clean__shuffled__r8,1024,19,-1,0,-1,0
calibration__8025__clean__shuffled__r9,1024,11,-1,0,-1,0
calibration__8025__clean__noise__r0,1024,2,-1,0,-1,0
calibration__8025__clean__sweep__r0,1024,27,632,2,572,4
calibration__3455__clean__shuffled__r0,1024,21,-1,0,-1,0
calibration__3455__clean__shuffled__r1,1024,15,-1,0,-1,0
calibration__3455__clean__shuffled__r2,1024,11,-1,0,-1,0
calibration__3455__clean__shuffled__r3,1024,16,-1,0,-1,0
calibration__3455__clean__shuffled__r4,1024,21,-1,0,-1,0
calibration__3455__clean__shuffled__r5,1024,15,-1,0,-1,0
calibration__3455__clean__shuffled__r6,1024,25,-1,0,1023,1
calibration__3455__clean__shuffled__r7,1024,14,-1,0,-1,0
calibration__3455__clean__shuffled__r8,1024,10,-1,0,-1,0
calibration__3455__clean__shuffled__r9,1024,12,-1,0,-1,0
calibration__3455__clean__noise__r0,1024,2,-1,0,-1,0
calibration__3455__clean__sweep__r0,1024,43,24,148,24,189
calibration__8724__clean__shuffled__r0,1024,16,-1,0,-1,0
calibration__8724__clean__shuffled__r1,1024,11,-1,0,-1,0
calibration__8724__clean__shuffled__r2,1024,11,-1,0,-1,0
calibration__8724__clean__shuffled__r3,1024,14,-1,0,-1,0
calibration__8724__clean__shuffled__r4,1024,11,-1,0,-1,0
calibration__8724__clean__shuffled__r5,1024,15,-1,0,-1,0
calibration__8724__clean__shuffled__r6,1024,15,-1,0,-1,0
calibration__8724__clean__shuffled__r7,1024,19,-1,0,-1,0
calibration__8724__clean__shuffled__r8,1024,12,-1,0,-1,0
calibration__8724__clean__shuffled__r9,1024,23,-1,0,-1,0
calibration__8724__clean__noise__r0,1024,1,-1,0,-1,0
calibration__8724__clean__sweep__r0,1024,42,62,49,62,61
calibration__2004__clean__shuffled__r0,1024,15,-1,0,-1,0
calibration__2004__clean__shuffled__r1,1024,13,-1,0,-1,0
calibration__2004__clean__shuffled__r2,1024,16,-1,0,-1,0
calibration__2004__clean__shuffled__r3,1024,15,-1,0,-1,0
calibration__2004__clean__shuffled__r4,1024,13,-1,0,-1,0
calibration__2004__clean__shuffled__r5,1024,21,-1,0,-1,0
calibration__2004__clean__shuffled__r6,1024,15,-1,0,-1,0
calibration__2004__clean__shuffled__r7,1024,13,-1,0,-1,0
calibration__2004__clean__shuffled__r8,1024,12,-1,0,-1,0
calibration__2004__clean__shuffled__r9,1024,17,-1,0,-1,0
calibration__2004__clean__noise__r0,1024,2,-1,0,-1,0
calibration__2004__clean__sweep__r0,1024,34,21,119,21,175
calibration__519__clean__shuffled__r0,1024,14,-1,0,-1,0
calibration__519__clean__shuffled__r1,1024,9,-1,0,-1,0
calibration__519__clean__shuffled__r2,1024,18,-1,0,-1,0
calibration__519__clean__shuffled__r3,1024,18,-1,0,-1,0
calibration__519__clean__shuffled__r4,1024,20,-1,0,-1,0
calibration__519__clean__shuffled__r5,1024,11,-1,0,-1,0
calibration__519__clean__shuffled__r6,1024,17,-1,0,-1,0
calibration__519__clean__shuffled__r7,1024,16,-1,0,-1,0
calibration__519__clean__shuffled__r8,1024,17,-1,0,-1,0
calibration__519__clean__shuffled__r9,1024,12,-1,0,-1,0
calibration__519__clean__noise__r0,1024,2,-1,0,-1,0
calibration__519__clean__sweep__r0,1024,42,24,234,24,294
calibration__5612__clean__shuffled__r0,1024,17,-1,0,-1,0
calibration__5612__clean__shuffled__r1,1024,10,-1,0,-1,0
calibration__5612__clean__shuffled__r2,1024,12,-1,0,-1,0
calibration__5612__clean__shuffled__r3,1024,19,-1,0,-1,0
calibration__5612__clean__shuffled__r4,1024,15,-1,0,-1,0
calibration__5612__clean__shuffled__r5,1024,10,-1,0,-1,0
calibration__5612__clean__shuffled__r6,1024,13,-1,0,-1,0
calibration__5612__clean__shuffled__r7,1024,16,-1,0,-1,0
calibration__5612__clean__shuffled__r8,1024,16,-1,0,-1,0
calibration__5612__clean__shuffled__r9,1024,9,-1,0,-1,0
calibration__5612__clean__noise__r0,1024,1,-1,0,-1,0
calibration__5612__clean__sweep__r0,1024,36,257,40,162,49
calibration__3213__clean__shuffled__r0,1024,12,-1,0,-1,0
calibration__3213__clean__shuffled__r1,1024,17,-1,0,-1,0
calibration__3213__clean__shuffled__r2,1024,11,-1,0,-1,0
calibration__3213__clean__shuffled__r3,1024,14,-1,0,-1,0
calibration__3213__clean__shuffled__r4,1024,11,-1,0,-1,0
calibration__3213__clean__shuffled__r5,1024,9,-1,0,-1,0
calibration__3213__clean__shuffled__r6,1024,15,-1,0,-1,0
calibration__3213__clean__shuffled__r7,1024,16,-1,0,-1,0
calibration__3213__clean__shuffled__r8,1024,12,-1,0,-1,0
calibration__3213__clean__shuffled__r9,1024,15,-1,0,-1,0
calibration__3213__clean__noise__r0,1024,1,-1,0,-1,0
calibration__3213__clean__sweep__r0,1024,36,610,17,610,21
calibration__7699__clean__shuffled__r0,1024,12,-1,0,-1,0
calibration__7699__clean__shuffled__r1,1024,14,-1,0,-1,0
calibration__7699__clean__shuffled__r2,1024,15,-1,0,-1,0
calibration__7699__clean__shuffled__r3,1024,13,-1,0,-1,0
calibration__7699__clean__shuffled__r4,1024,19,-1,0,-1,0
calibration__7699__clean__shuffled__r5,1024,14,-1,0,-1,0
calibration__7699__clean__shuffled__r6,1024,13,-1,0,-1,0
calibration__7699__clean__shuffled__r7,1024,14,-1,0,-1,0
calibration__7699__clean__shuffled__r8,1024,13,-1,0,-1,0
calibration__7699__clean__shuffled__r9,1024,14,-1,0,-1,0
calibration__7699__clean__noise__r0,1024,1,-1,0,-1,0
calibration__7699__clean__sweep__r0,1024,34,64,29,64,34
evaluation__3568__clean__shuffled__r0,1024,17,-1,0,-1,0
evaluation__3568__clean__shuffled__r1,1024,21,-1,0,-1,0
evaluation__3568__clean__shuffled__r2,1024,21,-1,0,-1,0
evaluation__3568__clean__shuffled__r3,1024,11,-1,0,-1,0
evaluation__3568__clean__shuffled__r4,1024,12,-1,0,-1,0
evaluation__3568__clean__shuffled__r5,1024,16,-1,0,-1,0
evaluation__3568__clean__shuffled__r6,1024,17,-1,0,-1,0
evaluation__3568__clean__shuffled__r7,1024,11,-1,0,-1,0
evaluation__3568__clean__shuffled__r8,1024,13,-1,0,-1,0
evaluation__3568__clean__shuffled__r9,1024,17,-1,0,-1,0
evaluation__3568__clean__noise__r0,1024,1,-1,0,-1,0
evaluation__3568__clean__sweep__r0,1024,38,36,38,36,42
evaluation__6494__clean__shuffled__r0,1024,15,-1,0,-1,0
evaluation__6494__clean__shuffled__r1,1024,13,-1,0,-1,0
evaluation__6494__clean__shuffled__r2,1024,11,-1,0,-1,0
evaluation__6494__clean__shuffled__r3,1024,14,-1,0,-1,0
evaluation__6494__clean__shuffled__r4,1024,15,-1,0,-1,0
evaluation__6494__clean__shuffled__r5,1024,20,-1,0,-1,0
evaluation__6494__clean__shuffled__r6,1024,14,-1,0,-1,0
evaluation__6494__clean__shuffled__r7,1024,8,-1,0,-1,0
evaluation__6494__clean__shuffled__r8,1024,15,-1,0,-1,0
evaluation__6494__clean__shuffled__r9,1024,16,-1,0,-1,0
evaluation__6494__clean__noise__r0,1024,1,-1,0,-1,0
evaluation__6494__clean__sweep__r0,1024,44,42,83,42,102
evaluation__9045__clean__shuffled__r0,1024,15,-1,0,-1,0
evaluation__9045__clean__shuffled__r1,1024,23,-1,0,-1,0
evaluation__9045__clean__shuffled__r2,1024,23,-1,0,-1,0
evaluation__9045__clean__shuffled__r3,1024,12,-1,0,-1,0
evaluation__9045__clean__shuffled__r4,1024,11,-1,0,-1,0
evaluation__9045__clean__shuffled__r5,1024,17,-1,0,-1,0
evaluation__9045__clean__shuffled__r6,1024,11,-1,0,-1,0
evaluation__9045__clean__shuffled__r7,1024,11,-1,0,-1,0
evaluation__9045__clean__shuffled__r8,1024,12,-1,0,-1,0
evaluation__9045__clean__shuffled__r9,1024,10,-1,0,-1,0
evaluation__9045__clean__noise__r0,1024,3,-1,0,-1,0
evaluation__9045__clean__sweep__r0,1024,38,20,435,19,500
evaluation__122__clean__shuffled__r0,1024,23,-1,0,-1,0
evaluation__122__clean__shuffled__r1,1024,14,-1,0,-1,0
evaluation__122__clean__shuffled__r2,1024,18,-1,0,-1,0
evaluation__122__clean__shuffled__r3,1024,12,-1,0,-1,0
evaluation__122__clean__shuffled__r4,1024,13,-1,0,-1,0
evaluation__122__clean__shuffled__r5,1024,19,-1,0,-1,0
evaluation__122__clean__shuffled__r6,1024,14,-1,0,-1,0
evaluation__122__clean__shuffled__r7,1024,16,-1,0,-1,0
evaluation__122__clean__shuffled__r8,1024,9,-1,0,-1,0
evaluation__122__clean__shuffled__r9,1024,11,-1,0,-1,0
evaluation__122__clean__noise__r0,1024,0,-1,0,-1,0
evaluation__122__clean__sweep__r0,1024,29,421,1,421,1
evaluation__3020__clean__shuffled__r0,1024,12,-1,0,-1,0
evaluation__3020__clean__shuffled__r1,1024,12,-1,0,-1,0
evaluation__3020__clean__shuffled__r2,1024,14,-1,0,-1,0
evaluation__3020__clean__shuffled__r3,1024,11,-1,0,-1,0
evaluation__3020__clean__shuffled__r4,1024,19,-1,0,-1,0
evaluation__3020__clean__shuffled__r5,1024,18,-1,0,-1,0
evaluation__3020__clean__shuffled__r6,1024,11,-1,0,-1,0
evaluation__3020__clean__shuffled__r7,1024,13,-1,0,-1,0
evaluation__3020__clean__shuffled__r8,1024,8,-1,0,-1,0
evaluation__3020__clean__shuffled__r9,1024,17,-1,0,-1,0
evaluation__3020__clean__noise__r0,1024,1,-1,0,-1,0
evaluation__3020__clean__sweep__r0,1024,37,609,30,322,32
evaluation__7450__clean__shuffled__r0,1024,17,-1,0,-1,0
evaluation__7450__clean__shuffled__r1,1024,21,-1,0,-1,0
evaluation__7450__clean__shuffled__r2,1024,15,-1,0,-1,0
evaluation__7450__clean__shuffled__r3,1024,15,-1,0,-1,0
evaluation__7450__clean__shuffled__r4,1024,13,-1,0,-1,0
evaluation__7450__clean__shuffled__r5,1024,12,-1,0,-1,0
evaluation__7450__clean__shuffled__r6,1024,11,-1,0,-1,0
evaluation__7450__clean__shuffled__r7,1024,15,-1,0,-1,0
evaluation__7450__clean__shuffled__r8,1024,10,-1,0,-1,0
evaluation__7450__clean__shuffled__r9,1024,15,-1,0,-1,0
evaluation__7450__clean__noise__r0,1024,2,-1,0,-1,0
evaluation__7450__clean__sweep__r0,1024,34,261,23,65,33
evaluation__988__clean__shuffled__r0,1024,25,-1,0,355,1
evaluation__988__clean__shuffled__r1,1024,23,-1,0,-1,0
evaluation__988__clean__shuffled__r2,1024,13,-1,0,-1,0
evaluation__988__clean__shuffled__r3,1024,12,-1,0,-1,0
evaluation__988__clean__shuffled__r4,1024,11,-1,0,-1,0
evaluation__988__clean__shuffled__r5,1024,15,-1,0,-1,0
evaluation__988__clean__shuffled__r6,1024,14,-1,0,-1,0
evaluation__988__clean__shuffled__r7,1024,23,-1,0,-1,0
evaluation__988__clean__shuffled__r8,1024,16,-1,0,-1,0
evaluation__988__clean__shuffled__r9,1024,12,-1,0,-1,0
evaluation__988__clean__noise__r0,1024,1,-1,0,-1,0
evaluation__988__clean__sweep__r0,1024,32,614,15,611,18
evaluation__3313__clean__shuffled__r0,1024,11,-1,0,-1,0
evaluation__3313__clean__shuffled__r1,1024,19,-1,0,-1,0
evaluation__3313__clean__shuffled__r2,1024,8,-1,0,-1,0
evaluation__3313__clean__shuffled__r3,1024,14,-1,0,-1,0
evaluation__3313__clean__shuffled__r4,1024,12,-1,0,-1,0
evaluation__3313__clean__shuffled__r5,1024,25,-1,0,138,1
evaluation__3313__clean__shuffled__r6,1024,12,-1,0,-1,0
evaluation__3313__clean__shuffled__r7,1024,15,-1,0,-1,0
evaluation__3313__clean__shuffled__r8,1024,16,-1,0,-1,0
evaluation__3313__clean__shuffled__r9,1024,11,-1,0,-1,0
evaluation__3313__clean__noise__r0,1024,1,-1,0,-1,0
evaluation__3313__clean__sweep__r0,1024,41,162,47,162,59
evaluation__6981__clean__shuffled__r0,1024,12,-1,0,-1,0
evaluation__6981__clean__shuffled__r1,1024,23,-1,0,-1,0
evaluation__6981__clean__shuffled__r2,1024,14,-1,0,-1,0
evaluation__6981__clean__shuffled__r3,1024,10,-1,0,-1,0
evaluation__6981__clean__shuffled__r4,1024,16,-1,0,-1,0
evaluation__6981__clean__shuffled__r5,1024,15,-1,0,-1,0
evaluation__6981__clean__shuffled__r6,1024,11,-1,0,-1,0
evaluation__6981__clean__shuffled__r7,1024,15,-1,0,-1,0
evaluation__6981__clean__shuffled__r8,1024,23,-1,0,-1,0
evaluation__6981__clean__shuffled__r9,1024,16,-1,0,-1,0
evaluation__6981__clean__noise__r0,1024,1,-1,0,-1,0
evaluation__6981__clean__sweep__r0,1024,38,423,33,232,35
evaluation__9267__clean__shuffled__r0,1024,11,-1,0,-1,0
evaluation__9267__clean__shuffled__r1,1024,15,-1,0,-1,0
evaluation__9267__clean__shuffled__r2,1024,11,-1,0,-1,0
evaluation__9267__clean__shuffled__r3,1024,9,-1,0,-1,0
evaluation__9267__clean__shuffled__r4,1024,9,-1,0,-1,0
evaluation__9267__clean__shuffled__r5,1024,12,-1,0,-1,0
evaluation__9267__clean__shuffled__r6,1024,15,-1,0,-1,0
evaluation__9267__clean__shuffled__r7,1024,15,-1,0,-1,0
evaluation__9267__clean__shuffled__r8,1024,17,-1,0,-1,0
evaluation__9267__clean__shuffled__r9,1024,10,-1,0,-1,0
evaluation__9267__clean__noise__r0,1024,0,-1,0,-1,0
evaluation__9267__clean__sweep__r0,1024,36,609,12,609,17
evaluation__3023__clean__shuffled__r0,1024,11,-1,0,-1,0
evaluation__3023__clean__shuffled__r1,1024,16,-1,0,-1,0
evaluation__3023__clean__shuffled__r2,1024,13,-1,0,-1,0
evaluation__3023__clean__shuffled__r3,1024,19,-1,0,-1,0
evaluation__3023__clean__shuffled__r4,1024,10,-1,0,-1,0
evaluation__3023__clean__shuffled__r5,1024,16,-1,0,-1,0
evaluation__3023__clean__shuffled__r6,1024,16,-1,0,-1,0
evaluation__3023__clean__shuffled__r7,1024,8,-1,0,-1,0
evaluation__3023__clean__shuffled__r8,1024,16,-1,0,-1,0
evaluation__3023__clean__shuffled__r9,1024,13,-1,0,-1,0
evaluation__3023__clean__noise__r0,1024,1,-1,0,-1,0
evaluation__3023__clean__sweep__r0,1024,42,33,215,33,263
evaluation__5732__clean__shuffled__r0,1024,21,-1,0,-1,0
evaluation__5732__clean__shuffled__r1,1024,10,-1,0,-1,0
evaluation__5732__clean__shuffled__r2,1024,17,-1,0,-1,0
evaluation__5732__clean__shuffled__r3,1024,13,-1,0,-1,0
evaluation__5732__clean__shuffled__r4,1024,13,-1,0,-1,0
evaluation__5732__clean__shuffled__r5,1024,13,-1,0,-1,0
evaluation__5732__clean__shuffled__r6,1024,14,-1,0,-1,0
evaluation__5732__clean__shuffled__r7,1024,15,-1,0,-1,0
evaluation__5732__clean__shuffled__r8,1024,15,-1,0,-1,0
evaluation__5732__clean__shuffled__r9,1024,15,-1,0,-1,0
evaluation__5732__clean__noise__r0,1024,1,-1,0,-1,0
evaluation__5732__clean__sweep__r0,1024,41,325,50,236,57
evaluation__7518__clean__shuffled__r0,1024,14,-1,0,-1,0
evaluation__7518__clean__shuffled__r1,1024,16,-1,0,-1,0
evaluation__7518__clean__shuffled__r2,1024,23,-1,0,-1,0
evaluation__7518__clean__shuffled__r3,1024,13,-1,0,-1,0
evaluation__7518__clean__shuffled__r4,1024,25,-1,0,993,1
evaluation__7518__clean__shuffled__r5,1024,16,-1,0,-1,0
evaluation__7518__clean__shuffled__r6,1024,15,-1,0,-1,0
evaluation__7518__clean__shuffled__r7,1024,13,-1,0,-1,0
evaluation__7518__clean__shuffled__r8,1024,13,-1,0,-1,0
evaluation__7518__clean__shuffled__r9,1024,9,-1,0,-1,0
evaluation__7518__clean__noise__r0,1024,1,-1,0,-1,0
evaluation__7518__clean__sweep__r0,1024,50,5,206,2,232
evaluation__1533__clean__shuffled__r0,1024,15,-1,0,-1,0
evaluation__1533__clean__shuffled__r1,1024,13,-1,0,-1,0
evaluation__1533__clean__shuffled__r2,1024,17,-1,0,-1,0
evaluation__1533__clean__shuffled__r3,1024,12,-1,0,-1,0
evaluation__1533__clean__shuffled__r4,1024,15,-1,0,-1,0
evaluation__1533__clean__shuffled__r5,1024,23,-1,0,-1,0
evaluation__1533__clean__shuffled__r6,1024,16,-1,0,-1,0
evaluation__1533__clean__shuffled__r7,1024,16,-1,0,-1,0
evaluation__1533__clean__shuffled__r8,1024,13,-1,0,-1,0
evaluation__1533__clean__shuffled__r9,1024,12,-1,0,-1,0
evaluation__1533__clean__noise__r0,1024,1,-1,0,-1,0
evaluation__1533__clean__sweep__r0,1024,36,611,24,611,25
evaluation__4042__clean__shuffled__r0,1024,16,-1,0,-1,0
evaluation__4042__clean__shuffled__r1,1024,10,-1,0,-1,0
evaluation__4042__clean__shuffled__r2,1024,16,-1,0,-1,0
evaluation__4042__clean__shuffled__r3,1024,13,-1,0,-1,0
evaluation__4042__clean__shuffled__r4,1024,23,-1,0,-1,0
evaluation__4042__clean__shuffled__r5,1024,14,-1,0,-1,0
evaluation__4042__clean__shuffled__r6,1024,10,-1,0,-1,0
evaluation__4042__clean__shuffled__r7,1024,12,-1,0,-1,0
evaluation__4042__clean__shuffled__r8,1024,25,-1,0,682,1
evaluation__4042__clean__shuffled__r9,1024,23,-1,0,-1,0
evaluation__4042__clean__noise__r0,1024,0,-1,0,-1,0
evaluation__4042__clean__sweep__r0,1024,32,609,8,609,13
evaluation__7916__clean__shuffled__r0,1024,11,-1,0,-1,0
evaluation__7916__clean__shuffled__r1,1024,18,-1,0,-1,0
evaluation__7916__clean__shuffled__r2,1024,11,-1,0,-1,0
evaluation__7916__clean__shuffled__r3,1024,10,-1,0,-1,0
evaluation__7916__clean__shuffled__r4,1024,23,-1,0,-1,0
evaluation__7916__clean__shuffled__r5,1024,13,-1,0,-1,0
evaluation__7916__clean__shuffled__r6,1024,16,-1,0,-1,0
evaluation__7916__clean__shuffled__r7,1024,12,-1,0,-1,0
evaluation__7916__clean__shuffled__r8,1024,16,-1,0,-1,0
evaluation__7916__clean__shuffled__r9,1024,13,-1,0,-1,0
evaluation__7916__clean__noise__r0,1024,1,-1,0,-1,0
evaluation__7916__clean__sweep__r0,1024,35,387,31,387,37
evaluation__1290__clean__shuffled__r0,1024,17,-1,0,-1,0
evaluation__1290__clean__shuffled__r1,1024,18,-1,0,-1,0
evaluation__1290__clean__shuffled__r2,1024,16,-1,0,-1,0
evaluation__1290__clean__shuffled__r3,1024,12,-1,0,-1,0
evaluation__1290__clean__shuffled__r4,1024,17,-1,0,-1,0
evaluation__1290__clean__shuffled__r5,1024,10,-1,0,-1,0
evaluation__1290__clean__shuffled__r6,1024,11,-1,0,-1,0
evaluation__1290__clean__shuffled__r7,1024,13,-1,0,-1,0
evaluation__1290__clean__shuffled__r8,1024,10,-1,0,-1,0
evaluation__1290__clean__shuffled__r9,1024,10,-1,0,-1,0
evaluation__1290__clean__noise__r0,1024,1,-1,0,-1,0
evaluation__1290__clean__sweep__r0,1024,37,36,40,36,46
evaluation__3613__clean__shuffled__r0,1024,12,-1,0,-1,0
evaluation__3613__clean__shuffled__r1,1024,10,-1,0,-1,0
evaluation__3613__clean__shuffled__r2,1024,17,-1,0,-1,0
evaluation__3613__clean__shuffled__r3,1024,16,-1,0,-1,0
evaluation__3613__clean__shuffled__r4,1024,17,-1,0,-1,0
evaluation__3613__clean__shuffled__r5,1024,21,-1,0,-1,0
evaluation__3613__clean__shuffled__r6,1024,16,-1,0,-1,0
evaluation__3613__clean__shuffled__r7,1024,11,-1,0,-1,0
evaluation__3613__clean__shuffled__r8,1024,13,-1,0,-1,0
evaluation__3613__clean__shuffled__r9,1024,14,-1,0,-1,0
evaluation__3613__clean__noise__r0,1024,1,-1,0,-1,0
evaluation__3613__clean__sweep__r0,1024,35,337,33,337,34
evaluation__6120__clean__shuffled__r0,1024,11,-1,0,-1,0
evaluation__6120__clean__shuffled__r1,1024,12,-1,0,-1,0
evaluation__6120__clean__shuffled__r2,1024,13,-1,0,-1,0
evaluation__6120__clean__shuffled__r3,1024,17,-1,0,-1,0
evaluation__6120__clean__shuffled__r4,1024,13,-1,0,-1,0
evaluation__6120__clean__shuffled__r5,1024,21,-1,0,-1,0
evaluation__6120__clean__shuffled__r6,1024,16,-1,0,-1,0
evaluation__6120__clean__shuffled__r7,1024,12,-1,0,-1,0
evaluation__6120__clean__shuffled__r8,1024,11,-1,0,-1,0
evaluation__6120__clean__shuffled__r9,1024,14,-1,0,-1,0
evaluation__6120__clean__noise__r0,1024,2,-1,0,-1,0
evaluation__6120__clean__sweep__r0,1024,39,422,33,422,33
evaluation__9540__clean__shuffled__r0,1024,21,-1,0,-1,0
evaluation__9540__clean__shuffled__r1,1024,17,-1,0,-1,0
evaluation__9540__clean__shuffled__r2,1024,13,-1,0,-1,0
evaluation__9540__clean__shuffled__r3,1024,16,-1,0,-1,0
evaluation__9540__clean__shuffled__r4,1024,11,-1,0,-1,0
evaluation__9540__clean__shuffled__r5,1024,20,-1,0,-1,0
evaluation__9540__clean__shuffled__r6,1024,12,-1,0,-1,0
evaluation__9540__clean__shuffled__r7,1024,11,-1,0,-1,0
evaluation__9540__clean__shuffled__r8,1024,14,-1,0,-1,0
evaluation__9540__clean__shuffled__r9,1024,13,-1,0,-1,0
evaluation__9540__clean__noise__r0,1024,1,-1,0,-1,0
evaluation__9540__clean__sweep__r0,1024,32,256,16,163,20
evaluation__2105__clean__shuffled__r0,1024,11,-1,0,-1,0
evaluation__2105__clean__shuffled__r1,1024,11,-1,0,-1,0
evaluation__2105__clean__shuffled__r2,1024,16,-1,0,-1,0
evaluation__2105__clean__shuffled__r3,1024,18,-1,0,-1,0
evaluation__2105__clean__shuffled__r4,1024,16,-1,0,-1,0
evaluation__2105__clean__shuffled__r5,1024,14,-1,0,-1,0
evaluation__2105__clean__shuffled__r6,1024,13,-1,0,-1,0
evaluation__2105__clean__shuffled__r7,1024,10,-1,0,-1,0
evaluation__2105__clean__shuffled__r8,1024,21,-1,0,-1,0
evaluation__2105__clean__shuffled__r9,1024,18,-1,0,-1,0
evaluation__2105__clean__noise__r0,1024,1,-1,0,-1,0
evaluation__2105__clean__sweep__r0,1024,33,609,11,609,15
evaluation__4788__clean__shuffled__r0,1024,17,-1,0,-1,0
evaluation__4788__clean__shuffled__r1,1024,14,-1,0,-1,0
evaluation__4788__clean__shuffled__r2,1024,11,-1,0,-1,0
evaluation__4788__clean__shuffled__r3,1024,11,-1,0,-1,0
evaluation__4788__clean__shuffled__r4,1024,16,-1,0,-1,0
evaluation__4788__clean__shuffled__r5,1024,11,-1,0,-1,0
evaluation__4788__clean__shuffled__r6,1024,18,-1,0,-1,0
evaluation__4788__clean__shuffled__r7,1024,12,-1,0,-1,0
evaluation__4788__clean__shuffled__r8,1024,14,-1,0,-1,0
evaluation__4788__clean__shuffled__r9,1024,16,-1,0,-1,0
evaluation__4788__clean__noise__r0,1024,2,-1,0,-1,0
evaluation__4788__clean__sweep__r0,1024,45,2,270,2,301
evaluation__8113__clean__shuffled__r0,1024,13,-1,0,-1,0
evaluation__8113__clean__shuffled__r1,1024,17,-1,0,-1,0
evaluation__8113__clean__shuffled__r2,1024,16,-1,0,-1,0
evaluation__8113__clean__shuffled__r3,1024,10,-1,0,-1,0
evaluation__8113__clean__shuffled__r4,1024,9,-1,0,-1,0
evaluation__8113__clean__shuffled__r5,1024,12,-1,0,-1,0
evaluation__8113__clean__shuffled__r6,1024,13,-1,0,-1,0
evaluation__8113__clean__shuffled__r7,1024,18,-1,0,-1,0
evaluation__8113__clean__shuffled__r8,1024,10,-1,0,-1,0
evaluation__8113__clean__shuffled__r9,1024,23,-1,0,-1,0
evaluation__8113__clean__noise__r0,1024,1,-1,0,-1,0
evaluation__8113__clean__sweep__r0,1024,28,609,9,609,13
evaluation__1966__clean__shuffled__r0,1024,15,-1,0,-1,0
evaluation__1966__clean__shuffled__r1,1024,25,-1,0,1013,1
evaluation__1966__clean__shuffled__r2,1024,21,-1,0,-1,0
evaluation__1966__clean__shuffled__r3,1024,19,-1,0,-1,0
evaluation__1966__clean__shuffled__r4,1024,17,-1,0,-1,0
evaluation__1966__clean__shuffled__r5,1024,8,-1,0,-1,0
evaluation__1966__clean__shuffled__r6,1024,21,-1,0,-1,0
evaluation__1966__clean__shuffled__r7,1024,9,-1,0,-1,0
evaluation__1966__clean__shuffled__r8,1024,18,-1,0,-1,0
evaluation__1966__clean__shuffled__r9,1024,17,-1,0,-1,0
evaluation__1966__clean__noise__r0,1024,1,-1,0,-1,0
evaluation__1966__clean__sweep__r0,1024,25,-1,0,609,1
evaluation__4186__clean__shuffled__r0,1024,11,-1,0,-1,0
evaluation__4186__clean__shuffled__r1,1024,14,-1,0,-1,0
evaluation__4186__clean__shuffled__r2,1024,12,-1,0,-1,0
evaluation__4186__clean__shuffled__r3,1024,14,-1,0,-1,0
evaluation__4186__clean__shuffled__r4,1024,13,-1,0,-1,0
evaluation__4186__clean__shuffled__r5,1024,25,-1,0,633,1
evaluation__4186__clean__shuffled__r6,1024,11,-1,0,-1,0
evaluation__4186__clean__shuffled__r7,1024,16,-1,0,-1,0
evaluation__4186__clean__shuffled__r8,1024,9,-1,0,-1,0
evaluation__4186__clean__shuffled__r9,1024,9,-1,0,-1,0
evaluation__4186__clean__noise__r0,1024,2,-1,0,-1,0
evaluation__4186__clean__sweep__r0,1024,32,334,16,334,23
evaluation__5998__clean__shuffled__r0,1024,15,-1,0,-1,0
evaluation__5998__clean__shuffled__r1,1024,16,-1,0,-1,0
evaluation__5998__clean__shuffled__r2,1024,11,-1,0,-1,0
evaluation__5998__clean__shuffled__r3,1024,13,-1,0,-1,0
evaluation__5998__clean__shuffled__r4,1024,15,-1,0,-1,0
evaluation__5998__clean__shuffled__r5,1024,12,-1,0,-1,0
evaluation__5998__clean__shuffled__r6,1024,15,-1,0,-1,0
evaluation__5998__clean__shuffled__r7,1024,20,-1,0,-1,0
evaluation__5998__clean__shuffled__r8,1024,15,-1,0,-1,0
evaluation__5998__clean__shuffled__r9,1024,15,-1,0,-1,0
evaluation__5998__clean__noise__r0,1024,2,-1,0,-1,0
evaluation__5998__clean__sweep__r0,1024,45,118,43,46,52
evaluation__582__clean__shuffled__r0,1024,23,-1,0,-1,0
evaluation__582__clean__shuffled__r1,1024,17,-1,0,-1,0
evaluation__582__clean__shuffled__r2,1024,14,-1,0,-1,0
evaluation__582__clean__shuffled__r3,1024,10,-1,0,-1,0
evaluation__582__clean__shuffled__r4,1024,11,-1,0,-1,0
evaluation__582__clean__shuffled__r5,1024,16,-1,0,-1,0
evaluation__582__clean__shuffled__r6,1024,21,-1,0,-1,0
evaluation__582__clean__shuffled__r7,1024,17,-1,0,-1,0
evaluation__582__clean__shuffled__r8,1024,14,-1,0,-1,0
evaluation__582__clean__shuffled__r9,1024,16,-1,0,-1,0
evaluation__582__clean__noise__r0,1024,1,-1,0,-1,0
evaluation__582__clean__sweep__r0,1024,30,631,3,61,6
evaluation__2196__clean__shuffled__r0,1024,12,-1,0,-1,0
evaluation__2196__clean__shuffled__r1,1024,13,-1,0,-1,0
evaluation__2196__clean__shuffled__r2,1024,16,-1,0,-1,0
evaluation__2196__clean__shuffled__r3,1024,16,-1,0,-1,0
evaluation__2196__clean__shuffled__r4,1024,16,-1,0,-1,0
evaluation__2196__clean__shuffled__r5,1024,12,-1,0,-1,0
evaluation__2196__clean__shuffled__r6,1024,23,-1,0,-1,0
evaluation__2196__clean__shuffled__r7,1024,15,-1,0,-1,0
evaluation__2196__clean__shuffled__r8,1024,9,-1,0,-1,0
evaluation__2196__clean__shuffled__r9,1024,10,-1,0,-1,0
evaluation__2196__clean__noise__r0,1024,2,-1,0,-1,0
evaluation__2196__clean__sweep__r0,1024,47,59,126,38,155
evaluation__4254__clean__shuffled__r0,1024,11,-1,0,-1,0
evaluation__4254__clean__shuffled__r1,1024,13,-1,0,-1,0
evaluation__4254__clean__shuffled__r2,1024,15,-1,0,-1,0
evaluation__4254__clean__shuffled__r3,1024,12,-1,0,-1,0
evaluation__4254__clean__shuffled__r4,1024,11,-1,0,-1,0
evaluation__4254__clean__shuffled__r5,1024,18,-1,0,-1,0
evaluation__4254__clean__shuffled__r6,1024,11,-1,0,-1,0
evaluation__4254__clean__shuffled__r7,1024,15,-1,0,-1,0
evaluation__4254__clean__shuffled__r8,1024,10,-1,0,-1,0
evaluation__4254__clean__shuffled__r9,1024,13,-1,0,-1,0
evaluation__4254__clean__noise__r0,1024,0,-1,0,-1,0
evaluation__4254__clean__sweep__r0,1024,35,403,32,277,34
evaluation__7580__clean__shuffled__r0,1024,16,-1,0,-1,0
evaluation__7580__clean__shuffled__r1,1024,13,-1,0,-1,0
evaluation__7580__clean__shuffled__r2,1024,12,-1,0,-1,0
evaluation__7580__clean__shuffled__r3,1024,17,-1,0,-1,0
evaluation__7580__clean__shuffled__r4,1024,16,-1,0,-1,0
evaluation__7580__clean__shuffled__r5,1024,7,-1,0,-1,0
evaluation__7580__clean__shuffled__r6,1024,11,-1,0,-1,0
evaluation__7580__clean__shuffled__r7,1024,15,-1,0,-1,0
evaluation__7580__clean__shuffled__r8,1024,16,-1,0,-1,0
evaluation__7580__clean__shuffled__r9,1024,11,-1,0,-1,0
evaluation__7580__clean__noise__r0,1024,1,-1,0,-1,0
evaluation__7580__clean__sweep__r0,1024,47,403,36,161,44
evaluation__3170__clean__shuffled__r0,1024,13,-1,0,-1,0
evaluation__3170__clean__shuffled__r1,1024,10,-1,0,-1,0
evaluation__3170__clean__shuffled__r2,1024,15,-1,0,-1,0
evaluation__3170__clean__shuffled__r3,1024,13,-1,0,-1,0
evaluation__3170__clean__shuffled__r4,1024,15,-1,0,-1,0
evaluation__3170__clean__shuffled__r5,1024,16,-1,0,-1,0
evaluation__3170__clean__shuffled__r6,1024,15,-1,0,-1,0
evaluation__3170__clean__shuffled__r7,1024,19,-1,0,-1,0
evaluation__3170__clean__shuffled__r8,1024,18,-1,0,-1,0
evaluation__3170__clean__shuffled__r9,1024,16,-1,0,-1,0
evaluation__3170__clean__noise__r0,1024,2,-1,0,-1,0
evaluation__3170__clean__sweep__r0,1024,31,2,13,2,23
evaluation__6724__clean__shuffled__r0,1024,11,-1,0,-1,0
evaluation__6724__clean__shuffled__r1,1024,19,-1,0,-1,0
evaluation__6724__clean__shuffled__r2,1024,13,-1,0,-1,0
evaluation__6724__clean__shuffled__r3,1024,10,-1,0,-1,0
evaluation__6724__clean__shuffled__r4,1024,15,-1,0,-1,0
evaluation__6724__clean__shuffled__r5,1024,15,-1,0,-1,0
evaluation__6724__clean__shuffled__r6,1024,13,-1,0,-1,0
evaluation__6724__clean__shuffled__r7,1024,14,-1,0,-1,0
evaluation__6724__clean__shuffled__r8,1024,16,-1,0,-1,0
evaluation__6724__clean__shuffled__r9,1024,14,-1,0,-1,0
evaluation__6724__clean__noise__r0,1024,2,-1,0,-1,0
evaluation__6724__clean__sweep__r0,1024,39,36,51,36,57
evaluation__8995__clean__shuffled__r0,1024,25,-1,0,907,1
evaluation__8995__clean__shuffled__r1,1024,8,-1,0,-1,0
evaluation__8995__clean__shuffled__r2,1024,10,-1,0,-1,0
evaluation__8995__clean__shuffled__r3,1024,12,-1,0,-1,0
evaluation__8995__clean__shuffled__r4,1024,17,-1,0,-1,0
evaluation__8995__clean__shuffled__r5,1024,13,-1,0,-1,0
evaluation__8995__clean__shuffled__r6,1024,23,-1,0,-1,0
evaluation__8995__clean__shuffled__r7,1024,17,-1,0,-1,0
evaluation__8995__clean__shuffled__r8,1024,12,-1,0,-1,0
evaluation__8995__clean__shuffled__r9,1024,14,-1,0,-1,0
evaluation__8995__clean__noise__r0,1024,1,-1,0,-1,0
evaluation__8995__clean__sweep__r0,1024,36,611,24,611,24
fit__2130__clean__shuffled__r0,1024,9,-1,0,-1,0
fit__2130__clean__shuffled__r1,1024,18,-1,0,-1,0
fit__2130__clean__shuffled__r2,1024,8,-1,0,-1,0
fit__2130__clean__shuffled__r3,1024,11,-1,0,-1,0
fit__2130__clean__shuffled__r4,1024,14,-1,0,-1,0
fit__2130__clean__shuffled__r5,1024,16,-1,0,-1,0
fit__2130__clean__shuffled__r6,1024,16,-1,0,-1,0
fit__2130__clean__shuffled__r7,1024,10,-1,0,-1,0
fit__2130__clean__shuffled__r8,1024,11,-1,0,-1,0
fit__2130__clean__shuffled__r9,1024,11,-1,0,-1,0
fit__2130__clean__noise__r0,1024,1,-1,0,-1,0
fit__2130__clean__sweep__r0,1024,37,24,263,24,292
fit__8643__clean__shuffled__r0,1024,19,-1,0,-1,0
fit__8643__clean__shuffled__r1,1024,16,-1,0,-1,0
fit__8643__clean__shuffled__r2,1024,15,-1,0,-1,0
fit__8643__clean__shuffled__r3,1024,14,-1,0,-1,0
fit__8643__clean__shuffled__r4,1024,12,-1,0,-1,0
fit__8643__clean__shuffled__r5,1024,11,-1,0,-1,0
fit__8643__clean__shuffled__r6,1024,17,-1,0,-1,0
fit__8643__clean__shuffled__r7,1024,17,-1,0,-1,0
fit__8643__clean__shuffled__r8,1024,12,-1,0,-1,0
fit__8643__clean__shuffled__r9,1024,12,-1,0,-1,0
fit__8643__clean__noise__r0,1024,1,-1,0,-1,0
fit__8643__clean__sweep__r0,1024,42,99,44,99,48
fit__4954__clean__shuffled__r0,1024,18,-1,0,-1,0
fit__4954__clean__shuffled__r1,1024,21,-1,0,-1,0
fit__4954__clean__shuffled__r2,1024,14,-1,0,-1,0
fit__4954__clean__shuffled__r3,1024,10,-1,0,-1,0
fit__4954__clean__shuffled__r4,1024,12,-1,0,-1,0
fit__4954__clean__shuffled__r5,1024,20,-1,0,-1,0
fit__4954__clean__shuffled__r6,1024,15,-1,0,-1,0
fit__4954__clean__shuffled__r7,1024,12,-1,0,-1,0
fit__4954__clean__shuffled__r8,1024,12,-1,0,-1,0
fit__4954__clean__shuffled__r9,1024,17,-1,0,-1,0
fit__4954__clean__noise__r0,1024,2,-1,0,-1,0
fit__4954__clean__sweep__r0,1024,39,386,33,174,37
fit__623__clean__shuffled__r0,1024,18,-1,0,-1,0
fit__623__clean__shuffled__r1,1024,14,-1,0,-1,0
fit__623__clean__shuffled__r2,1024,12,-1,0,-1,0
fit__623__clean__shuffled__r3,1024,16,-1,0,-1,0
fit__623__clean__shuffled__r4,1024,16,-1,0,-1,0
fit__623__clean__shuffled__r5,1024,12,-1,0,-1,0
fit__623__clean__shuffled__r6,1024,16,-1,0,-1,0
fit__623__clean__shuffled__r7,1024,18,-1,0,-1,0
fit__623__clean__shuffled__r8,1024,14,-1,0,-1,0
fit__623__clean__shuffled__r9,1024,14,-1,0,-1,0
fit__623__clean__noise__r0,1024,1,-1,0,-1,0
fit__623__clean__sweep__r0,1024,24,-1,0,-1,0
fit__7351__clean__shuffled__r0,1024,11,-1,0,-1,0
fit__7351__clean__shuffled__r1,1024,15,-1,0,-1,0
fit__7351__clean__shuffled__r2,1024,17,-1,0,-1,0
fit__7351__clean__shuffled__r3,1024,11,-1,0,-1,0
fit__7351__clean__shuffled__r4,1024,13,-1,0,-1,0
fit__7351__clean__shuffled__r5,1024,17,-1,0,-1,0
fit__7351__clean__shuffled__r6,1024,13,-1,0,-1,0
fit__7351__clean__shuffled__r7,1024,15,-1,0,-1,0
fit__7351__clean__shuffled__r8,1024,17,-1,0,-1,0
fit__7351__clean__shuffled__r9,1024,18,-1,0,-1,0
fit__7351__clean__noise__r0,1024,1,-1,0,-1,0
fit__7351__clean__sweep__r0,1024,36,322,31,98,45
fit__2922__clean__shuffled__r0,1024,13,-1,0,-1,0
fit__2922__clean__shuffled__r1,1024,18,-1,0,-1,0
fit__2922__clean__shuffled__r2,1024,21,-1,0,-1,0
fit__2922__clean__shuffled__r3,1024,13,-1,0,-1,0
fit__2922__clean__shuffled__r4,1024,12,-1,0,-1,0
fit__2922__clean__shuffled__r5,1024,15,-1,0,-1,0
fit__2922__clean__shuffled__r6,1024,13,-1,0,-1,0
fit__2922__clean__shuffled__r7,1024,11,-1,0,-1,0
fit__2922__clean__shuffled__r8,1024,12,-1,0,-1,0
fit__2922__clean__shuffled__r9,1024,13,-1,0,-1,0
fit__2922__clean__noise__r0,1024,2,-1,0,-1,0
fit__2922__clean__sweep__r0,1024,29,513,6,257,7
fit__9198__clean__shuffled__r0,1024,11,-1,0,-1,0
fit__9198__clean__shuffled__r1,1024,14,-1,0,-1,0
fit__9198__clean__shuffled__r2,1024,11,-1,0,-1,0
fit__9198__clean__shuffled__r3,1024,8,-1,0,-1,0
fit__9198__clean__shuffled__r4,1024,15,-1,0,-1,0
fit__9198__clean__shuffled__r5,1024,12,-1,0,-1,0
fit__9198__clean__shuffled__r6,1024,15,-1,0,-1,0
fit__9198__clean__shuffled__r7,1024,18,-1,0,-1,0
fit__9198__clean__shuffled__r8,1024,16,-1,0,-1,0
fit__9198__clean__shuffled__r9,1024,18,-1,0,-1,0
fit__9198__clean__noise__r0,1024,2,-1,0,-1,0
fit__9198__clean__sweep__r0,1024,43,33,109,33,132
fit__1928__clean__shuffled__r0,1024,16,-1,0,-1,0
fit__1928__clean__shuffled__r1,1024,14,-1,0,-1,0
fit__1928__clean__shuffled__r2,1024,21,-1,0,-1,0
fit__1928__clean__shuffled__r3,1024,11,-1,0,-1,0
fit__1928__clean__shuffled__r4,1024,13,-1,0,-1,0
fit__1928__clean__shuffled__r5,1024,11,-1,0,-1,0
fit__1928__clean__shuffled__r6,1024,21,-1,0,-1,0
fit__1928__clean__shuffled__r7,1024,13,-1,0,-1,0
fit__1928__clean__shuffled__r8,1024,12,-1,0,-1,0
fit__1928__clean__shuffled__r9,1024,15,-1,0,-1,0
fit__1928__clean__noise__r0,1024,1,-1,0,-1,0
fit__1928__clean__sweep__r0,1024,39,513,32,513,33
fit__1940__clean__shuffled__r0,1024,10,-1,0,-1,0
fit__1940__clean__shuffled__r1,1024,11,-1,0,-1,0
fit__1940__clean__shuffled__r2,1024,20,-1,0,-1,0
fit__1940__clean__shuffled__r3,1024,15,-1,0,-1,0
fit__1940__clean__shuffled__r4,1024,11,-1,0,-1,0
fit__1940__clean__shuffled__r5,1024,19,-1,0,-1,0
fit__1940__clean__shuffled__r6,1024,15,-1,0,-1,0
fit__1940__clean__shuffled__r7,1024,14,-1,0,-1,0
fit__1940__clean__shuffled__r8,1024,8,-1,0,-1,0
fit__1940__clean__shuffled__r9,1024,11,-1,0,-1,0
fit__1940__clean__noise__r0,1024,1,-1,0,-1,0
fit__1940__clean__sweep__r0,1024,39,37,156,34,203
fit__6571__clean__shuffled__r0,1024,13,-1,0,-1,0
fit__6571__clean__shuffled__r1,1024,8,-1,0,-1,0
fit__6571__clean__shuffled__r2,1024,11,-1,0,-1,0
fit__6571__clean__shuffled__r3,1024,7,-1,0,-1,0
fit__6571__clean__shuffled__r4,1024,12,-1,0,-1,0
fit__6571__clean__shuffled__r5,1024,12,-1,0,-1,0
fit__6571__clean__shuffled__r6,1024,14,-1,0,-1,0
fit__6571__clean__shuffled__r7,1024,12,-1,0,-1,0
fit__6571__clean__shuffled__r8,1024,12,-1,0,-1,0
fit__6571__clean__shuffled__r9,1024,14,-1,0,-1,0
fit__6571__clean__noise__r0,1024,1,-1,0,-1,0
fit__6571__clean__sweep__r0,1024,35,60,29,60,30
fit__1688__clean__shuffled__r0,1024,21,-1,0,-1,0
fit__1688__clean__shuffled__r1,1024,17,-1,0,-1,0
fit__1688__clean__shuffled__r2,1024,25,-1,0,428,1
fit__1688__clean__shuffled__r3,1024,11,-1,0,-1,0
fit__1688__clean__shuffled__r4,1024,18,-1,0,-1,0
fit__1688__clean__shuffled__r5,1024,15,-1,0,-1,0
fit__1688__clean__shuffled__r6,1024,16,-1,0,-1,0
fit__1688__clean__shuffled__r7,1024,17,-1,0,-1,0
fit__1688__clean__shuffled__r8,1024,15,-1,0,-1,0
fit__1688__clean__shuffled__r9,1024,11,-1,0,-1,0
fit__1688__clean__noise__r0,1024,1,-1,0,-1,0
fit__1688__clean__sweep__r0,1024,34,610,16,609,18
fit__9721__clean__shuffled__r0,1024,16,-1,0,-1,0
fit__9721__clean__shuffled__r1,1024,12,-1,0,-1,0
fit__9721__clean__shuffled__r2,1024,21,-1,0,-1,0
fit__9721__clean__shuffled__r3,1024,12,-1,0,-1,0
fit__9721__clean__shuffled__r4,1024,10,-1,0,-1,0
fit__9721__clean__shuffled__r5,1024,11,-1,0,-1,0
fit__9721__clean__shuffled__r6,1024,10,-1,0,-1,0
fit__9721__clean__shuffled__r7,1024,16,-1,0,-1,0
fit__9721__clean__shuffled__r8,1024,11,-1,0,-1,0
fit__9721__clean__shuffled__r9,1024,14,-1,0,-1,0
fit__9721__clean__noise__r0,1024,2,-1,0,-1,0
fit__9721__clean__sweep__r0,1024,36,33,44,33,52
fit__4339__clean__shuffled__r0,1024,8,-1,0,-1,0
fit__4339__clean__shuffled__r1,1024,10,-1,0,-1,0
fit__4339__clean__shuffled__r2,1024,14,-1,0,-1,0
fit__4339__clean__shuffled__r3,1024,16,-1,0,-1,0
fit__4339__clean__shuffled__r4,1024,10,-1,0,-1,0
fit__4339__clean__shuffled__r5,1024,14,-1,0,-1,0
fit__4339__clean__shuffled__r6,1024,13,-1,0,-1,0
fit__4339__clean__shuffled__r7,1024,11,-1,0,-1,0
fit__4339__clean__shuffled__r8,1024,12,-1,0,-1,0
fit__4339__clean__shuffled__r9,1024,12,-1,0,-1,0
fit__4339__clean__noise__r0,1024,1,-1,0,-1,0
fit__4339__clean__sweep__r0,1024,41,609,32,609,32
fit__1279__clean__shuffled__r0,1024,9,-1,0,-1,0
fit__1279__clean__shuffled__r1,1024,9,-1,0,-1,0
fit__1279__clean__shuffled__r2,1024,15,-1,0,-1,0
fit__1279__clean__shuffled__r3,1024,18,-1,0,-1,0
fit__1279__clean__shuffled__r4,1024,15,-1,0,-1,0
fit__1279__clean__shuffled__r5,1024,13,-1,0,-1,0
fit__1279__clean__shuffled__r6,1024,17,-1,0,-1,0
fit__1279__clean__shuffled__r7,1024,14,-1,0,-1,0
fit__1279__clean__shuffled__r8,1024,16,-1,0,-1,0
fit__1279__clean__shuffled__r9,1024,17,-1,0,-1,0
fit__1279__clean__noise__r0,1024,2,-1,0,-1,0
fit__1279__clean__sweep__r0,1024,32,220,16,220,23
fit__4865__clean__shuffled__r0,1024,16,-1,0,-1,0
fit__4865__clean__shuffled__r1,1024,14,-1,0,-1,0
fit__4865__clean__shuffled__r2,1024,23,-1,0,-1,0
fit__4865__clean__shuffled__r3,1024,11,-1,0,-1,0
fit__4865__clean__shuffled__r4,1024,13,-1,0,-1,0
fit__4865__clean__shuffled__r5,1024,18,-1,0,-1,0
fit__4865__clean__shuffled__r6,1024,18,-1,0,-1,0
fit__4865__clean__shuffled__r7,1024,14,-1,0,-1,0
fit__4865__clean__shuffled__r8,1024,19,-1,0,-1,0
fit__4865__clean__shuffled__r9,1024,15,-1,0,-1,0
fit__4865__clean__noise__r0,1024,2,-1,0,-1,0
fit__4865__clean__sweep__r0,1024,42,2,63,2,85
fit__2467__clean__shuffled__r0,1024,15,-1,0,-1,0
fit__2467__clean__shuffled__r1,1024,21,-1,0,-1,0
fit__2467__clean__shuffled__r2,1024,17,-1,0,-1,0
fit__2467__clean__shuffled__r3,1024,17,-1,0,-1,0
fit__2467__clean__shuffled__r4,1024,8,-1,0,-1,0
fit__2467__clean__shuffled__r5,1024,11,-1,0,-1,0
fit__2467__clean__shuffled__r6,1024,11,-1,0,-1,0
fit__2467__clean__shuffled__r7,1024,10,-1,0,-1,0
fit__2467__clean__shuffled__r8,1024,11,-1,0,-1,0
fit__2467__clean__shuffled__r9,1024,10,-1,0,-1,0
fit__2467__clean__noise__r0,1024,1,-1,0,-1,0
fit__2467__clean__sweep__r0,1024,33,321,29,162,35
fit__7920__clean__shuffled__r0,1024,14,-1,0,-1,0
fit__7920__clean__shuffled__r1,1024,15,-1,0,-1,0
fit__7920__clean__shuffled__r2,1024,11,-1,0,-1,0
fit__7920__clean__shuffled__r3,1024,19,-1,0,-1,0
fit__7920__clean__shuffled__r4,1024,10,-1,0,-1,0
fit__7920__clean__shuffled__r5,1024,14,-1,0,-1,0
fit__7920__clean__shuffled__r6,1024,17,-1,0,-1,0
fit__7920__clean__shuffled__r7,1024,20,-1,0,-1,0
fit__7920__clean__shuffled__r8,1024,8,-1,0,-1,0
fit__7920__clean__shuffled__r9,1024,13,-1,0,-1,0
fit__7920__clean__noise__r0,1024,1,-1,0,-1,0
fit__7920__clean__sweep__r0,1024,34,609,15,609,18
calibration__1819__clean__shuffled__r0,1024,11,-1,0,-1,0
calibration__1819__clean__shuffled__r1,1024,17,-1,0,-1,0
calibration__1819__clean__shuffled__r2,1024,11,-1,0,-1,0
calibration__1819__clean__shuffled__r3,1024,12,-1,0,-1,0
calibration__1819__clean__shuffled__r4,1024,14,-1,0,-1,0
calibration__1819__clean__shuffled__r5,1024,18,-1,0,-1,0
calibration__1819__clean__shuffled__r6,1024,15,-1,0,-1,0
calibration__1819__clean__shuffled__r7,1024,11,-1,0,-1,0
calibration__1819__clean__shuffled__r8,1024,16,-1,0,-1,0
calibration__1819__clean__shuffled__r9,1024,13,-1,0,-1,0
calibration__1819__clean__noise__r0,1024,1,-1,0,-1,0
calibration__1819__clean__sweep__r0,1024,33,609,26,571,30
calibration__8769__clean__shuffled__r0,1024,13,-1,0,-1,0
calibration__8769__clean__shuffled__r1,1024,23,-1,0,-1,0
calibration__8769__clean__shuffled__r2,1024,11,-1,0,-1,0
calibration__8769__clean__shuffled__r3,1024,12,-1,0,-1,0
calibration__8769__clean__shuffled__r4,1024,25,-1,0,1024,1
calibration__8769__clean__shuffled__r5,1024,10,-1,0,-1,0
calibration__8769__clean__shuffled__r6,1024,10,-1,0,-1,0
calibration__8769__clean__shuffled__r7,1024,8,-1,0,-1,0
calibration__8769__clean__shuffled__r8,1024,12,-1,0,-1,0
calibration__8769__clean__shuffled__r9,1024,11,-1,0,-1,0
calibration__8769__clean__noise__r0,1024,1,-1,0,-1,0
calibration__8769__clean__sweep__r0,1024,43,174,45,161,55
calibration__3029__clean__shuffled__r0,1024,11,-1,0,-1,0
calibration__3029__clean__shuffled__r1,1024,18,-1,0,-1,0
calibration__3029__clean__shuffled__r2,1024,16,-1,0,-1,0
calibration__3029__clean__shuffled__r3,1024,16,-1,0,-1,0
calibration__3029__clean__shuffled__r4,1024,15,-1,0,-1,0
calibration__3029__clean__shuffled__r5,1024,20,-1,0,-1,0
calibration__3029__clean__shuffled__r6,1024,11,-1,0,-1,0
calibration__3029__clean__shuffled__r7,1024,11,-1,0,-1,0
calibration__3029__clean__shuffled__r8,1024,16,-1,0,-1,0
calibration__3029__clean__shuffled__r9,1024,11,-1,0,-1,0
calibration__3029__clean__noise__r0,1024,2,-1,0,-1,0
calibration__3029__clean__sweep__r0,1024,34,609,6,609,8
calibration__1451__clean__shuffled__r0,1024,15,-1,0,-1,0
calibration__1451__clean__shuffled__r1,1024,14,-1,0,-1,0
calibration__1451__clean__shuffled__r2,1024,16,-1,0,-1,0
calibration__1451__clean__shuffled__r3,1024,11,-1,0,-1,0
calibration__1451__clean__shuffled__r4,1024,20,-1,0,-1,0
calibration__1451__clean__shuffled__r5,1024,23,-1,0,-1,0
calibration__1451__clean__shuffled__r6,1024,16,-1,0,-1,0
calibration__1451__clean__shuffled__r7,1024,13,-1,0,-1,0
calibration__1451__clean__shuffled__r8,1024,12,-1,0,-1,0
calibration__1451__clean__shuffled__r9,1024,11,-1,0,-1,0
calibration__1451__clean__noise__r0,1024,1,-1,0,-1,0
calibration__1451__clean__sweep__r0,1024,31,609,11,609,12
calibration__6679__clean__shuffled__r0,1024,18,-1,0,-1,0
calibration__6679__clean__shuffled__r1,1024,19,-1,0,-1,0
calibration__6679__clean__shuffled__r2,1024,12,-1,0,-1,0
calibration__6679__clean__shuffled__r3,1024,11,-1,0,-1,0
calibration__6679__clean__shuffled__r4,1024,8,-1,0,-1,0
calibration__6679__clean__shuffled__r5,1024,13,-1,0,-1,0
calibration__6679__clean__shuffled__r6,1024,13,-1,0,-1,0
calibration__6679__clean__shuffled__r7,1024,13,-1,0,-1,0
calibration__6679__clean__shuffled__r8,1024,14,-1,0,-1,0
calibration__6679__clean__shuffled__r9,1024,12,-1,0,-1,0
calibration__6679__clean__noise__r0,1024,1,-1,0,-1,0
calibration__6679__clean__sweep__r0,1024,34,330,26,330,32
calibration__4407__clean__shuffled__r0,1024,10,-1,0,-1,0
calibration__4407__clean__shuffled__r1,1024,11,-1,0,-1,0
calibration__4407__clean__shuffled__r2,1024,12,-1,0,-1,0
calibration__4407__clean__shuffled__r3,1024,10,-1,0,-1,0
calibration__4407__clean__shuffled__r4,1024,23,-1,0,-1,0
calibration__4407__clean__shuffled__r5,1024,10,-1,0,-1,0
calibration__4407__clean__shuffled__r6,1024,15,-1,0,-1,0
calibration__4407__clean__shuffled__r7,1024,23,-1,0,-1,0
calibration__4407__clean__shuffled__r8,1024,16,-1,0,-1,0
calibration__4407__clean__shuffled__r9,1024,11,-1,0,-1,0
calibration__4407__clean__noise__r0,1024,2,-1,0,-1,0
calibration__4407__clean__sweep__r0,1024,46,34,92,34,123
calibration__9089__clean__shuffled__r0,1024,21,-1,0,-1,0
calibration__9089__clean__shuffled__r1,1024,18,-1,0,-1,0
calibration__9089__clean__shuffled__r2,1024,17,-1,0,-1,0
calibration__9089__clean__shuffled__r3,1024,11,-1,0,-1,0
calibration__9089__clean__shuffled__r4,1024,15,-1,0,-1,0
calibration__9089__clean__shuffled__r5,1024,19,-1,0,-1,0
calibration__9089__clean__shuffled__r6,1024,12,-1,0,-1,0
calibration__9089__clean__shuffled__r7,1024,12,-1,0,-1,0
calibration__9089__clean__shuffled__r8,1024,14,-1,0,-1,0
calibration__9089__clean__shuffled__r9,1024,11,-1,0,-1,0
calibration__9089__clean__noise__r0,1024,2,-1,0,-1,0
calibration__9089__clean__sweep__r0,1024,46,33,181,33,214
calibration__4757__clean__shuffled__r0,1024,14,-1,0,-1,0
calibration__4757__clean__shuffled__r1,1024,18,-1,0,-1,0
calibration__4757__clean__shuffled__r2,1024,10,-1,0,-1,0
calibration__4757__clean__shuffled__r3,1024,20,-1,0,-1,0
calibration__4757__clean__shuffled__r4,1024,17,-1,0,-1,0
calibration__4757__clean__shuffled__r5,1024,10,-1,0,-1,0
calibration__4757__clean__shuffled__r6,1024,16,-1,0,-1,0
calibration__4757__clean__shuffled__r7,1024,13,-1,0,-1,0
calibration__4757__clean__shuffled__r8,1024,21,-1,0,-1,0
calibration__4757__clean__shuffled__r9,1024,15,-1,0,-1,0
calibration__4757__clean__noise__r0,1024,1,-1,0,-1,0
calibration__4757__clean__sweep__r0,1024,27,609,2,388,4
calibration__834__clean__shuffled__r0,1024,16,-1,0,-1,0
calibration__834__clean__shuffled__r1,1024,17,-1,0,-1,0
calibration__834__clean__shuffled__r2,1024,8,-1,0,-1,0
calibration__834__clean__shuffled__r3,1024,12,-1,0,-1,0
calibration__834__clean__shuffled__r4,1024,17,-1,0,-1,0
calibration__834__clean__shuffled__r5,1024,9,-1,0,-1,0
calibration__834__clean__shuffled__r6,1024,12,-1,0,-1,0
calibration__834__clean__shuffled__r7,1024,18,-1,0,-1,0
calibration__834__clean__shuffled__r8,1024,14,-1,0,-1,0
calibration__834__clean__shuffled__r9,1024,20,-1,0,-1,0
calibration__834__clean__noise__r0,1024,1,-1,0,-1,0
calibration__834__clean__sweep__r0,1024,36,227,26,227,33
calibration__8147__clean__shuffled__r0,1024,18,-1,0,-1,0
calibration__8147__clean__shuffled__r1,1024,12,-1,0,-1,0
calibration__8147__clean__shuffled__r2,1024,17,-1,0,-1,0
calibration__8147__clean__shuffled__r3,1024,13,-1,0,-1,0
calibration__8147__clean__shuffled__r4,1024,14,-1,0,-1,0
calibration__8147__clean__shuffled__r5,1024,13,-1,0,-1,0
calibration__8147__clean__shuffled__r6,1024,16,-1,0,-1,0
calibration__8147__clean__shuffled__r7,1024,15,-1,0,-1,0
calibration__8147__clean__shuffled__r8,1024,17,-1,0,-1,0
calibration__8147__clean__shuffled__r9,1024,12,-1,0,-1,0
calibration__8147__clean__noise__r0,1024,1,-1,0,-1,0
calibration__8147__clean__sweep__r0,1024,38,436,32,425,34
calibration__3936__clean__shuffled__r0,1024,11,-1,0,-1,0
calibration__3936__clean__shuffled__r1,1024,9,-1,0,-1,0
calibration__3936__clean__shuffled__r2,1024,18,-1,0,-1,0
calibration__3936__clean__shuffled__r3,1024,15,-1,0,-1,0
calibration__3936__clean__shuffled__r4,1024,18,-1,0,-1,0
calibration__3936__clean__shuffled__r5,1024,12,-1,0,-1,0
calibration__3936__clean__shuffled__r6,1024,13,-1,0,-1,0
calibration__3936__clean__shuffled__r7,1024,10,-1,0,-1,0
calibration__3936__clean__shuffled__r8,1024,13,-1,0,-1,0
calibration__3936__clean__shuffled__r9,1024,9,-1,0,-1,0
calibration__3936__clean__noise__r0,1024,2,-1,0,-1,0
calibration__3936__clean__sweep__r0,1024,39,322,47,322,56
calibration__9556__clean__shuffled__r0,1024,17,-1,0,-1,0
calibration__9556__clean__shuffled__r1,1024,16,-1,0,-1,0
calibration__9556__clean__shuffled__r2,1024,15,-1,0,-1,0
calibration__9556__clean__shuffled__r3,1024,13,-1,0,-1,0
calibration__9556__clean__shuffled__r4,1024,12,-1,0,-1,0
calibration__9556__clean__shuffled__r5,1024,18,-1,0,-1,0
calibration__9556__clean__shuffled__r6,1024,9,-1,0,-1,0
calibration__9556__clean__shuffled__r7,1024,13,-1,0,-1,0
calibration__9556__clean__shuffled__r8,1024,17,-1,0,-1,0
calibration__9556__clean__shuffled__r9,1024,10,-1,0,-1,0
calibration__9556__clean__noise__r0,1024,1,-1,0,-1,0
calibration__9556__clean__sweep__r0,1024,26,327,1,327,4
calibration__3330__clean__shuffled__r0,1024,16,-1,0,-1,0
calibration__3330__clean__shuffled__r1,1024,17,-1,0,-1,0
calibration__3330__clean__shuffled__r2,1024,9,-1,0,-1,0
calibration__3330__clean__shuffled__r3,1024,13,-1,0,-1,0
calibration__3330__clean__shuffled__r4,1024,10,-1,0,-1,0
calibration__3330__clean__shuffled__r5,1024,16,-1,0,-1,0
calibration__3330__clean__shuffled__r6,1024,17,-1,0,-1,0
calibration__3330__clean__shuffled__r7,1024,16,-1,0,-1,0
calibration__3330__clean__shuffled__r8,1024,13,-1,0,-1,0
calibration__3330__clean__shuffled__r9,1024,12,-1,0,-1,0
calibration__3330__clean__noise__r0,1024,1,-1,0,-1,0
calibration__3330__clean__sweep__r0,1024,38,609,25,385,29
calibration__880__clean__shuffled__r0,1024,14,-1,0,-1,0
calibration__880__clean__shuffled__r1,1024,14,-1,0,-1,0
calibration__880__clean__shuffled__r2,1024,10,-1,0,-1,0
calibration__880__clean__shuffled__r3,1024,11,-1,0,-1,0
calibration__880__clean__shuffled__r4,1024,25,-1,0,773,1
calibration__880__clean__shuffled__r5,1024,21,-1,0,-1,0
calibration__880__clean__shuffled__r6,1024,17,-1,0,-1,0
calibration__880__clean__shuffled__r7,1024,10,-1,0,-1,0
calibration__880__clean__shuffled__r8,1024,17,-1,0,-1,0
calibration__880__clean__shuffled__r9,1024,12,-1,0,-1,0
calibration__880__clean__noise__r0,1024,2,-1,0,-1,0
calibration__880__clean__sweep__r0,1024,41,27,221,27,259
calibration__6155__clean__shuffled__r0,1024,12,-1,0,-1,0
calibration__6155__clean__shuffled__r1,1024,15,-1,0,-1,0
calibration__6155__clean__shuffled__r2,1024,13,-1,0,-1,0
calibration__6155__clean__shuffled__r3,1024,16,-1,0,-1,0
calibration__6155__clean__shuffled__r4,1024,20,-1,0,-1,0
calibration__6155__clean__shuffled__r5,1024,10,-1,0,-1,0
calibration__6155__clean__shuffled__r6,1024,10,-1,0,-1,0
calibration__6155__clean__shuffled__r7,1024,13,-1,0,-1,0
calibration__6155__clean__shuffled__r8,1024,17,-1,0,-1,0
calibration__6155__clean__shuffled__r9,1024,9,-1,0,-1,0
calibration__6155__clean__noise__r0,1024,2,-1,0,-1,0
calibration__6155__clean__sweep__r0,1024,47,249,40,225,50
calibration__5400__clean__shuffled__r0,1024,13,-1,0,-1,0
calibration__5400__clean__shuffled__r1,1024,12,-1,0,-1,0
calibration__5400__clean__shuffled__r2,1024,13,-1,0,-1,0
calibration__5400__clean__shuffled__r3,1024,11,-1,0,-1,0
calibration__5400__clean__shuffled__r4,1024,15,-1,0,-1,0
calibration__5400__clean__shuffled__r5,1024,10,-1,0,-1,0
calibration__5400__clean__shuffled__r6,1024,20,-1,0,-1,0
calibration__5400__clean__shuffled__r7,1024,15,-1,0,-1,0
calibration__5400__clean__shuffled__r8,1024,21,-1,0,-1,0
calibration__5400__clean__shuffled__r9,1024,12,-1,0,-1,0
calibration__5400__clean__noise__r0,1024,1,-1,0,-1,0
calibration__5400__clean__sweep__r0,1024,34,420,17,420,23
calibration__9312__clean__shuffled__r0,1024,25,-1,0,778,1
calibration__9312__clean__shuffled__r1,1024,11,-1,0,-1,0
calibration__9312__clean__shuffled__r2,1024,11,-1,0,-1,0
calibration__9312__clean__shuffled__r3,1024,10,-1,0,-1,0
calibration__9312__clean__shuffled__r4,1024,13,-1,0,-1,0
calibration__9312__clean__shuffled__r5,1024,7,-1,0,-1,0
calibration__9312__clean__shuffled__r6,1024,11,-1,0,-1,0
calibration__9312__clean__shuffled__r7,1024,15,-1,0,-1,0
calibration__9312__clean__shuffled__r8,1024,15,-1,0,-1,0
calibration__9312__clean__shuffled__r9,1024,16,-1,0,-1,0
calibration__9312__clean__noise__r0,1024,1,-1,0,-1,0
calibration__9312__clean__sweep__r0,1024,35,321,36,321,42
evaluation__3782__clean__shuffled__r0,1024,13,-1,0,-1,0
evaluation__3782__clean__shuffled__r1,1024,20,-1,0,-1,0
evaluation__3782__clean__shuffled__r2,1024,16,-1,0,-1,0
evaluation__3782__clean__shuffled__r3,1024,10,-1,0,-1,0
evaluation__3782__clean__shuffled__r4,1024,14,-1,0,-1,0
evaluation__3782__clean__shuffled__r5,1024,11,-1,0,-1,0
evaluation__3782__clean__shuffled__r6,1024,20,-1,0,-1,0
evaluation__3782__clean__shuffled__r7,1024,18,-1,0,-1,0
evaluation__3782__clean__shuffled__r8,1024,11,-1,0,-1,0
evaluation__3782__clean__shuffled__r9,1024,18,-1,0,-1,0
evaluation__3782__clean__noise__r0,1024,4,-1,0,-1,0
evaluation__3782__clean__sweep__r0,1024,38,20,397,20,440
evaluation__7115__clean__shuffled__r0,1024,11,-1,0,-1,0
evaluation__7115__clean__shuffled__r1,1024,12,-1,0,-1,0
evaluation__7115__clean__shuffled__r2,1024,16,-1,0,-1,0
evaluation__7115__clean__shuffled__r3,1024,17,-1,0,-1,0
evaluation__7115__clean__shuffled__r4,1024,14,-1,0,-1,0
evaluation__7115__clean__shuffled__r5,1024,23,-1,0,-1,0
evaluation__7115__clean__shuffled__r6,1024,15,-1,0,-1,0
evaluation__7115__clean__shuffled__r7,1024,9,-1,0,-1,0
evaluation__7115__clean__shuffled__r8,1024,16,-1,0,-1,0
evaluation__7115__clean__shuffled__r9,1024,10,-1,0,-1,0
evaluation__7115__clean__noise__r0,1024,2,-1,0,-1,0
evaluation__7115__clean__sweep__r0,1024,38,93,54,32,78
evaluation__9046__clean__shuffled__r0,1024,21,-1,0,-1,0
evaluation__9046__clean__shuffled__r1,1024,11,-1,0,-1,0
evaluation__9046__clean__shuffled__r2,1024,16,-1,0,-1,0
evaluation__9046__clean__shuffled__r3,1024,10,-1,0,-1,0
evaluation__9046__clean__shuffled__r4,1024,14,-1,0,-1,0
evaluation__9046__clean__shuffled__r5,1024,19,-1,0,-1,0
evaluation__9046__clean__shuffled__r6,1024,14,-1,0,-1,0
evaluation__9046__clean__shuffled__r7,1024,21,-1,0,-1,0
evaluation__9046__clean__shuffled__r8,1024,16,-1,0,-1,0
evaluation__9046__clean__shuffled__r9,1024,13,-1,0,-1,0
evaluation__9046__clean__noise__r0,1024,1,-1,0,-1,0
evaluation__9046__clean__sweep__r0,1024,46,184,44,184,50
evaluation__604__clean__shuffled__r0,1024,20,-1,0,-1,0
evaluation__604__clean__shuffled__r1,1024,16,-1,0,-1,0
evaluation__604__clean__shuffled__r2,1024,14,-1,0,-1,0
evaluation__604__clean__shuffled__r3,1024,17,-1,0,-1,0
evaluation__604__clean__shuffled__r4,1024,15,-1,0,-1,0
evaluation__604__clean__shuffled__r5,1024,10,-1,0,-1,0
evaluation__604__clean__shuffled__r6,1024,14,-1,0,-1,0
evaluation__604__clean__shuffled__r7,1024,12,-1,0,-1,0
evaluation__604__clean__shuffled__r8,1024,13,-1,0,-1,0
evaluation__604__clean__shuffled__r9,1024,13,-1,0,-1,0
evaluation__604__clean__noise__r0,1024,1,-1,0,-1,0
evaluation__604__clean__sweep__r0,1024,27,611,2,611,5
evaluation__5051__clean__shuffled__r0,1024,9,-1,0,-1,0
evaluation__5051__clean__shuffled__r1,1024,10,-1,0,-1,0
evaluation__5051__clean__shuffled__r2,1024,12,-1,0,-1,0
evaluation__5051__clean__shuffled__r3,1024,10,-1,0,-1,0
evaluation__5051__clean__shuffled__r4,1024,11,-1,0,-1,0
evaluation__5051__clean__shuffled__r5,1024,12,-1,0,-1,0
evaluation__5051__clean__shuffled__r6,1024,11,-1,0,-1,0
evaluation__5051__clean__shuffled__r7,1024,11,-1,0,-1,0
evaluation__5051__clean__shuffled__r8,1024,11,-1,0,-1,0
evaluation__5051__clean__shuffled__r9,1024,12,-1,0,-1,0
evaluation__5051__clean__noise__r0,1024,1,-1,0,-1,0
evaluation__5051__clean__sweep__r0,1024,33,425,19,425,22
evaluation__7535__clean__shuffled__r0,1024,8,-1,0,-1,0
evaluation__7535__clean__shuffled__r1,1024,16,-1,0,-1,0
evaluation__7535__clean__shuffled__r2,1024,15,-1,0,-1,0
evaluation__7535__clean__shuffled__r3,1024,14,-1,0,-1,0
evaluation__7535__clean__shuffled__r4,1024,18,-1,0,-1,0
evaluation__7535__clean__shuffled__r5,1024,20,-1,0,-1,0
evaluation__7535__clean__shuffled__r6,1024,13,-1,0,-1,0
evaluation__7535__clean__shuffled__r7,1024,12,-1,0,-1,0
evaluation__7535__clean__shuffled__r8,1024,15,-1,0,-1,0
evaluation__7535__clean__shuffled__r9,1024,13,-1,0,-1,0
evaluation__7535__clean__noise__r0,1024,1,-1,0,-1,0
evaluation__7535__clean__sweep__r0,1024,31,609,15,609,19
evaluation__1196__clean__shuffled__r0,1024,15,-1,0,-1,0
evaluation__1196__clean__shuffled__r1,1024,11,-1,0,-1,0
evaluation__1196__clean__shuffled__r2,1024,11,-1,0,-1,0
evaluation__1196__clean__shuffled__r3,1024,11,-1,0,-1,0
evaluation__1196__clean__shuffled__r4,1024,13,-1,0,-1,0
evaluation__1196__clean__shuffled__r5,1024,15,-1,0,-1,0
evaluation__1196__clean__shuffled__r6,1024,7,-1,0,-1,0
evaluation__1196__clean__shuffled__r7,1024,17,-1,0,-1,0
evaluation__1196__clean__shuffled__r8,1024,15,-1,0,-1,0
evaluation__1196__clean__shuffled__r9,1024,16,-1,0,-1,0
evaluation__1196__clean__noise__r0,1024,1,-1,0,-1,0
evaluation__1196__clean__sweep__r0,1024,42,33,118,33,147
evaluation__3573__clean__shuffled__r0,1024,12,-1,0,-1,0
evaluation__3573__clean__shuffled__r1,1024,12,-1,0,-1,0
evaluation__3573__clean__shuffled__r2,1024,12,-1,0,-1,0
evaluation__3573__clean__shuffled__r3,1024,12,-1,0,-1,0
evaluation__3573__clean__shuffled__r4,1024,18,-1,0,-1,0
evaluation__3573__clean__shuffled__r5,1024,10,-1,0,-1,0
evaluation__3573__clean__shuffled__r6,1024,11,-1,0,-1,0
evaluation__3573__clean__shuffled__r7,1024,13,-1,0,-1,0
evaluation__3573__clean__shuffled__r8,1024,13,-1,0,-1,0
evaluation__3573__clean__shuffled__r9,1024,12,-1,0,-1,0
evaluation__3573__clean__noise__r0,1024,2,-1,0,-1,0
evaluation__3573__clean__sweep__r0,1024,44,33,37,33,42
evaluation__7206__clean__shuffled__r0,1024,18,-1,0,-1,0
evaluation__7206__clean__shuffled__r1,1024,12,-1,0,-1,0
evaluation__7206__clean__shuffled__r2,1024,10,-1,0,-1,0
evaluation__7206__clean__shuffled__r3,1024,10,-1,0,-1,0
evaluation__7206__clean__shuffled__r4,1024,12,-1,0,-1,0
evaluation__7206__clean__shuffled__r5,1024,11,-1,0,-1,0
evaluation__7206__clean__shuffled__r6,1024,14,-1,0,-1,0
evaluation__7206__clean__shuffled__r7,1024,13,-1,0,-1,0
evaluation__7206__clean__shuffled__r8,1024,20,-1,0,-1,0
evaluation__7206__clean__shuffled__r9,1024,15,-1,0,-1,0
evaluation__7206__clean__noise__r0,1024,1,-1,0,-1,0
evaluation__7206__clean__sweep__r0,1024,40,164,44,35,51
evaluation__9805__clean__shuffled__r0,1024,14,-1,0,-1,0
evaluation__9805__clean__shuffled__r1,1024,25,-1,0,906,1
evaluation__9805__clean__shuffled__r2,1024,9,-1,0,-1,0
evaluation__9805__clean__shuffled__r3,1024,13,-1,0,-1,0
evaluation__9805__clean__shuffled__r4,1024,12,-1,0,-1,0
evaluation__9805__clean__shuffled__r5,1024,16,-1,0,-1,0
evaluation__9805__clean__shuffled__r6,1024,8,-1,0,-1,0
evaluation__9805__clean__shuffled__r7,1024,14,-1,0,-1,0
evaluation__9805__clean__shuffled__r8,1024,15,-1,0,-1,0
evaluation__9805__clean__shuffled__r9,1024,14,-1,0,-1,0
evaluation__9805__clean__noise__r0,1024,1,-1,0,-1,0
evaluation__9805__clean__sweep__r0,1024,44,103,130,103,159
evaluation__3479__clean__shuffled__r0,1024,17,-1,0,-1,0
evaluation__3479__clean__shuffled__r1,1024,18,-1,0,-1,0
evaluation__3479__clean__shuffled__r2,1024,19,-1,0,-1,0
evaluation__3479__clean__shuffled__r3,1024,19,-1,0,-1,0
evaluation__3479__clean__shuffled__r4,1024,15,-1,0,-1,0
evaluation__3479__clean__shuffled__r5,1024,18,-1,0,-1,0
evaluation__3479__clean__shuffled__r6,1024,10,-1,0,-1,0
evaluation__3479__clean__shuffled__r7,1024,21,-1,0,-1,0
evaluation__3479__clean__shuffled__r8,1024,14,-1,0,-1,0
evaluation__3479__clean__shuffled__r9,1024,11,-1,0,-1,0
evaluation__3479__clean__noise__r0,1024,1,-1,0,-1,0
evaluation__3479__clean__sweep__r0,1024,45,33,157,33,194
evaluation__6079__clean__shuffled__r0,1024,11,-1,0,-1,0
evaluation__6079__clean__shuffled__r1,1024,14,-1,0,-1,0
evaluation__6079__clean__shuffled__r2,1024,13,-1,0,-1,0
evaluation__6079__clean__shuffled__r3,1024,13,-1,0,-1,0
evaluation__6079__clean__shuffled__r4,1024,12,-1,0,-1,0
evaluation__6079__clean__shuffled__r5,1024,13,-1,0,-1,0
evaluation__6079__clean__shuffled__r6,1024,12,-1,0,-1,0
evaluation__6079__clean__shuffled__r7,1024,14,-1,0,-1,0
evaluation__6079__clean__shuffled__r8,1024,20,-1,0,-1,0
evaluation__6079__clean__shuffled__r9,1024,12,-1,0,-1,0
evaluation__6079__clean__noise__r0,1024,1,-1,0,-1,0
evaluation__6079__clean__sweep__r0,1024,44,169,45,169,54
evaluation__8196__clean__shuffled__r0,1024,18,-1,0,-1,0
evaluation__8196__clean__shuffled__r1,1024,19,-1,0,-1,0
evaluation__8196__clean__shuffled__r2,1024,11,-1,0,-1,0
evaluation__8196__clean__shuffled__r3,1024,14,-1,0,-1,0
evaluation__8196__clean__shuffled__r4,1024,17,-1,0,-1,0
evaluation__8196__clean__shuffled__r5,1024,11,-1,0,-1,0
evaluation__8196__clean__shuffled__r6,1024,18,-1,0,-1,0
evaluation__8196__clean__shuffled__r7,1024,11,-1,0,-1,0
evaluation__8196__clean__shuffled__r8,1024,11,-1,0,-1,0
evaluation__8196__clean__shuffled__r9,1024,13,-1,0,-1,0
evaluation__8196__clean__noise__r0,1024,1,-1,0,-1,0
evaluation__8196__clean__sweep__r0,1024,39,40,35,39,44
evaluation__3256__clean__shuffled__r0,1024,16,-1,0,-1,0
evaluation__3256__clean__shuffled__r1,1024,9,-1,0,-1,0
evaluation__3256__clean__shuffled__r2,1024,12,-1,0,-1,0
evaluation__3256__clean__shuffled__r3,1024,11,-1,0,-1,0
evaluation__3256__clean__shuffled__r4,1024,11,-1,0,-1,0
evaluation__3256__clean__shuffled__r5,1024,12,-1,0,-1,0
evaluation__3256__clean__shuffled__r6,1024,11,-1,0,-1,0
evaluation__3256__clean__shuffled__r7,1024,14,-1,0,-1,0
evaluation__3256__clean__shuffled__r8,1024,14,-1,0,-1,0
evaluation__3256__clean__shuffled__r9,1024,13,-1,0,-1,0
evaluation__3256__clean__noise__r0,1024,1,-1,0,-1,0
evaluation__3256__clean__sweep__r0,1024,36,425,34,417,38
evaluation__4047__clean__shuffled__r0,1024,10,-1,0,-1,0
evaluation__4047__clean__shuffled__r1,1024,12,-1,0,-1,0
evaluation__4047__clean__shuffled__r2,1024,17,-1,0,-1,0
evaluation__4047__clean__shuffled__r3,1024,11,-1,0,-1,0
evaluation__4047__clean__shuffled__r4,1024,23,-1,0,-1,0
evaluation__4047__clean__shuffled__r5,1024,10,-1,0,-1,0
evaluation__4047__clean__shuffled__r6,1024,15,-1,0,-1,0
evaluation__4047__clean__shuffled__r7,1024,11,-1,0,-1,0
evaluation__4047__clean__shuffled__r8,1024,13,-1,0,-1,0
evaluation__4047__clean__shuffled__r9,1024,16,-1,0,-1,0
evaluation__4047__clean__noise__r0,1024,1,-1,0,-1,0
evaluation__4047__clean__sweep__r0,1024,34,34,31,33,46
evaluation__8354__clean__shuffled__r0,1024,14,-1,0,-1,0
evaluation__8354__clean__shuffled__r1,1024,13,-1,0,-1,0
evaluation__8354__clean__shuffled__r2,1024,14,-1,0,-1,0
evaluation__8354__clean__shuffled__r3,1024,12,-1,0,-1,0
evaluation__8354__clean__shuffled__r4,1024,11,-1,0,-1,0
evaluation__8354__clean__shuffled__r5,1024,14,-1,0,-1,0
evaluation__8354__clean__shuffled__r6,1024,9,-1,0,-1,0
evaluation__8354__clean__shuffled__r7,1024,12,-1,0,-1,0
evaluation__8354__clean__shuffled__r8,1024,11,-1,0,-1,0
evaluation__8354__clean__shuffled__r9,1024,12,-1,0,-1,0
evaluation__8354__clean__noise__r0,1024,0,-1,0,-1,0
evaluation__8354__clean__sweep__r0,1024,36,609,26,609,28
evaluation__1599__clean__shuffled__r0,1024,17,-1,0,-1,0
evaluation__1599__clean__shuffled__r1,1024,10,-1,0,-1,0
evaluation__1599__clean__shuffled__r2,1024,18,-1,0,-1,0
evaluation__1599__clean__shuffled__r3,1024,13,-1,0,-1,0
evaluation__1599__clean__shuffled__r4,1024,10,-1,0,-1,0
evaluation__1599__clean__shuffled__r5,1024,11,-1,0,-1,0
evaluation__1599__clean__shuffled__r6,1024,13,-1,0,-1,0
evaluation__1599__clean__shuffled__r7,1024,14,-1,0,-1,0
evaluation__1599__clean__shuffled__r8,1024,13,-1,0,-1,0
evaluation__1599__clean__shuffled__r9,1024,12,-1,0,-1,0
evaluation__1599__clean__noise__r0,1024,0,-1,0,-1,0
evaluation__1599__clean__sweep__r0,1024,23,-1,0,-1,0
evaluation__4246__clean__shuffled__r0,1024,12,-1,0,-1,0
evaluation__4246__clean__shuffled__r1,1024,11,-1,0,-1,0
evaluation__4246__clean__shuffled__r2,1024,19,-1,0,-1,0
evaluation__4246__clean__shuffled__r3,1024,13,-1,0,-1,0
evaluation__4246__clean__shuffled__r4,1024,16,-1,0,-1,0
evaluation__4246__clean__shuffled__r5,1024,18,-1,0,-1,0
evaluation__4246__clean__shuffled__r6,1024,9,-1,0,-1,0
evaluation__4246__clean__shuffled__r7,1024,15,-1,0,-1,0
evaluation__4246__clean__shuffled__r8,1024,15,-1,0,-1,0
evaluation__4246__clean__shuffled__r9,1024,13,-1,0,-1,0
evaluation__4246__clean__noise__r0,1024,1,-1,0,-1,0
evaluation__4246__clean__sweep__r0,1024,49,129,90,39,121
evaluation__6835__clean__shuffled__r0,1024,10,-1,0,-1,0
evaluation__6835__clean__shuffled__r1,1024,11,-1,0,-1,0
evaluation__6835__clean__shuffled__r2,1024,11,-1,0,-1,0
evaluation__6835__clean__shuffled__r3,1024,11,-1,0,-1,0
evaluation__6835__clean__shuffled__r4,1024,15,-1,0,-1,0
evaluation__6835__clean__shuffled__r5,1024,11,-1,0,-1,0
evaluation__6835__clean__shuffled__r6,1024,11,-1,0,-1,0
evaluation__6835__clean__shuffled__r7,1024,16,-1,0,-1,0
evaluation__6835__clean__shuffled__r8,1024,23,-1,0,-1,0
evaluation__6835__clean__shuffled__r9,1024,12,-1,0,-1,0
evaluation__6835__clean__noise__r0,1024,1,-1,0,-1,0
evaluation__6835__clean__sweep__r0,1024,40,322,36,322,37
evaluation__9759__clean__shuffled__r0,1024,16,-1,0,-1,0
evaluation__9759__clean__shuffled__r1,1024,11,-1,0,-1,0
evaluation__9759__clean__shuffled__r2,1024,18,-1,0,-1,0
evaluation__9759__clean__shuffled__r3,1024,12,-1,0,-1,0
evaluation__9759__clean__shuffled__r4,1024,17,-1,0,-1,0
evaluation__9759__clean__shuffled__r5,1024,11,-1,0,-1,0
evaluation__9759__clean__shuffled__r6,1024,16,-1,0,-1,0
evaluation__9759__clean__shuffled__r7,1024,16,-1,0,-1,0
evaluation__9759__clean__shuffled__r8,1024,12,-1,0,-1,0
evaluation__9759__clean__shuffled__r9,1024,23,-1,0,-1,0
evaluation__9759__clean__noise__r0,1024,1,-1,0,-1,0
evaluation__9759__clean__sweep__r0,1024,46,33,78,33,93
evaluation__2488__clean__shuffled__r0,1024,15,-1,0,-1,0
evaluation__2488__clean__shuffled__r1,1024,14,-1,0,-1,0
evaluation__2488__clean__shuffled__r2,1024,15,-1,0,-1,0
evaluation__2488__clean__shuffled__r3,1024,13,-1,0,-1,0
evaluation__2488__clean__shuffled__r4,1024,14,-1,0,-1,0
evaluation__2488__clean__shuffled__r5,1024,19,-1,0,-1,0
evaluation__2488__clean__shuffled__r6,1024,18,-1,0,-1,0
evaluation__2488__clean__shuffled__r7,1024,15,-1,0,-1,0
evaluation__2488__clean__shuffled__r8,1024,14,-1,0,-1,0
evaluation__2488__clean__shuffled__r9,1024,15,-1,0,-1,0
evaluation__2488__clean__noise__r0,1024,1,-1,0,-1,0
evaluation__2488__clean__sweep__r0,1024,42,609,30,609,31
evaluation__4989__clean__shuffled__r0,1024,9,-1,0,-1,0
evaluation__4989__clean__shuffled__r1,1024,20,-1,0,-1,0
evaluation__4989__clean__shuffled__r2,1024,11,-1,0,-1,0
evaluation__4989__clean__shuffled__r3,1024,15,-1,0,-1,0
evaluation__4989__clean__shuffled__r4,1024,15,-1,0,-1,0
evaluation__4989__clean__shuffled__r5,1024,16,-1,0,-1,0
evaluation__4989__clean__shuffled__r6,1024,11,-1,0,-1,0
evaluation__4989__clean__shuffled__r7,1024,14,-1,0,-1,0
evaluation__4989__clean__shuffled__r8,1024,16,-1,0,-1,0
evaluation__4989__clean__shuffled__r9,1024,10,-1,0,-1,0
evaluation__4989__clean__noise__r0,1024,1,-1,0,-1,0
evaluation__4989__clean__sweep__r0,1024,45,2,189,2,214
evaluation__8184__clean__shuffled__r0,1024,14,-1,0,-1,0
evaluation__8184__clean__shuffled__r1,1024,14,-1,0,-1,0
evaluation__8184__clean__shuffled__r2,1024,16,-1,0,-1,0
evaluation__8184__clean__shuffled__r3,1024,18,-1,0,-1,0
evaluation__8184__clean__shuffled__r4,1024,21,-1,0,-1,0
evaluation__8184__clean__shuffled__r5,1024,7,-1,0,-1,0
evaluation__8184__clean__shuffled__r6,1024,15,-1,0,-1,0
evaluation__8184__clean__shuffled__r7,1024,15,-1,0,-1,0
evaluation__8184__clean__shuffled__r8,1024,19,-1,0,-1,0
evaluation__8184__clean__shuffled__r9,1024,12,-1,0,-1,0
evaluation__8184__clean__noise__r0,1024,1,-1,0,-1,0
evaluation__8184__clean__sweep__r0,1024,37,397,31,397,38
evaluation__3317__clean__shuffled__r0,1024,12,-1,0,-1,0
evaluation__3317__clean__shuffled__r1,1024,13,-1,0,-1,0
evaluation__3317__clean__shuffled__r2,1024,10,-1,0,-1,0
evaluation__3317__clean__shuffled__r3,1024,14,-1,0,-1,0
evaluation__3317__clean__shuffled__r4,1024,11,-1,0,-1,0
evaluation__3317__clean__shuffled__r5,1024,16,-1,0,-1,0
evaluation__3317__clean__shuffled__r6,1024,21,-1,0,-1,0
evaluation__3317__clean__shuffled__r7,1024,12,-1,0,-1,0
evaluation__3317__clean__shuffled__r8,1024,10,-1,0,-1,0
evaluation__3317__clean__shuffled__r9,1024,10,-1,0,-1,0
evaluation__3317__clean__noise__r0,1024,1,-1,0,-1,0
evaluation__3317__clean__sweep__r0,1024,34,609,25,609,26
evaluation__5153__clean__shuffled__r0,1024,19,-1,0,-1,0
evaluation__5153__clean__shuffled__r1,1024,23,-1,0,-1,0
evaluation__5153__clean__shuffled__r2,1024,12,-1,0,-1,0
evaluation__5153__clean__shuffled__r3,1024,12,-1,0,-1,0
evaluation__5153__clean__shuffled__r4,1024,16,-1,0,-1,0
evaluation__5153__clean__shuffled__r5,1024,17,-1,0,-1,0
evaluation__5153__clean__shuffled__r6,1024,13,-1,0,-1,0
evaluation__5153__clean__shuffled__r7,1024,11,-1,0,-1,0
evaluation__5153__clean__shuffled__r8,1024,20,-1,0,-1,0
evaluation__5153__clean__shuffled__r9,1024,13,-1,0,-1,0
evaluation__5153__clean__noise__r0,1024,0,-1,0,-1,0
evaluation__5153__clean__sweep__r0,1024,31,615,6,609,11
evaluation__6234__clean__shuffled__r0,1024,12,-1,0,-1,0
evaluation__6234__clean__shuffled__r1,1024,11,-1,0,-1,0
evaluation__6234__clean__shuffled__r2,1024,14,-1,0,-1,0
evaluation__6234__clean__shuffled__r3,1024,13,-1,0,-1,0
evaluation__6234__clean__shuffled__r4,1024,11,-1,0,-1,0
evaluation__6234__clean__shuffled__r5,1024,15,-1,0,-1,0
evaluation__6234__clean__shuffled__r6,1024,17,-1,0,-1,0
evaluation__6234__clean__shuffled__r7,1024,17,-1,0,-1,0
evaluation__6234__clean__shuffled__r8,1024,17,-1,0,-1,0
evaluation__6234__clean__shuffled__r9,1024,12,-1,0,-1,0
evaluation__6234__clean__noise__r0,1024,3,-1,0,-1,0
evaluation__6234__clean__sweep__r0,1024,46,2,564,2,584
evaluation__939__clean__shuffled__r0,1024,15,-1,0,-1,0
evaluation__939__clean__shuffled__r1,1024,12,-1,0,-1,0
evaluation__939__clean__shuffled__r2,1024,13,-1,0,-1,0
evaluation__939__clean__shuffled__r3,1024,11,-1,0,-1,0
evaluation__939__clean__shuffled__r4,1024,13,-1,0,-1,0
evaluation__939__clean__shuffled__r5,1024,21,-1,0,-1,0
evaluation__939__clean__shuffled__r6,1024,15,-1,0,-1,0
evaluation__939__clean__shuffled__r7,1024,16,-1,0,-1,0
evaluation__939__clean__shuffled__r8,1024,12,-1,0,-1,0
evaluation__939__clean__shuffled__r9,1024,15,-1,0,-1,0
evaluation__939__clean__noise__r0,1024,1,-1,0,-1,0
evaluation__939__clean__sweep__r0,1024,39,2,263,2,289
evaluation__3138__clean__shuffled__r0,1024,16,-1,0,-1,0
evaluation__3138__clean__shuffled__r1,1024,12,-1,0,-1,0
evaluation__3138__clean__shuffled__r2,1024,11,-1,0,-1,0
evaluation__3138__clean__shuffled__r3,1024,11,-1,0,-1,0
evaluation__3138__clean__shuffled__r4,1024,12,-1,0,-1,0
evaluation__3138__clean__shuffled__r5,1024,18,-1,0,-1,0
evaluation__3138__clean__shuffled__r6,1024,11,-1,0,-1,0
evaluation__3138__clean__shuffled__r7,1024,19,-1,0,-1,0
evaluation__3138__clean__shuffled__r8,1024,16,-1,0,-1,0
evaluation__3138__clean__shuffled__r9,1024,10,-1,0,-1,0
evaluation__3138__clean__noise__r0,1024,2,-1,0,-1,0
evaluation__3138__clean__sweep__r0,1024,31,448,8,448,15
evaluation__4539__clean__shuffled__r0,1024,18,-1,0,-1,0
evaluation__4539__clean__shuffled__r1,1024,20,-1,0,-1,0
evaluation__4539__clean__shuffled__r2,1024,17,-1,0,-1,0
evaluation__4539__clean__shuffled__r3,1024,9,-1,0,-1,0
evaluation__4539__clean__shuffled__r4,1024,25,-1,0,860,1
evaluation__4539__clean__shuffled__r5,1024,21,-1,0,-1,0
evaluation__4539__clean__shuffled__r6,1024,10,-1,0,-1,0
evaluation__4539__clean__shuffled__r7,1024,10,-1,0,-1,0
evaluation__4539__clean__shuffled__r8,1024,16,-1,0,-1,0
evaluation__4539__clean__shuffled__r9,1024,15,-1,0,-1,0
evaluation__4539__clean__noise__r0,1024,1,-1,0,-1,0
evaluation__4539__clean__sweep__r0,1024,31,611,9,611,12
evaluation__9955__clean__shuffled__r0,1024,14,-1,0,-1,0
evaluation__9955__clean__shuffled__r1,1024,15,-1,0,-1,0
evaluation__9955__clean__shuffled__r2,1024,17,-1,0,-1,0
evaluation__9955__clean__shuffled__r3,1024,14,-1,0,-1,0
evaluation__9955__clean__shuffled__r4,1024,19,-1,0,-1,0
evaluation__9955__clean__shuffled__r5,1024,14,-1,0,-1,0
evaluation__9955__clean__shuffled__r6,1024,14,-1,0,-1,0
evaluation__9955__clean__shuffled__r7,1024,12,-1,0,-1,0
evaluation__9955__clean__shuffled__r8,1024,23,-1,0,-1,0
evaluation__9955__clean__shuffled__r9,1024,12,-1,0,-1,0
evaluation__9955__clean__noise__r0,1024,2,-1,0,-1,0
evaluation__9955__clean__sweep__r0,1024,48,52,226,52,280
evaluation__3368__clean__shuffled__r0,1024,12,-1,0,-1,0
evaluation__3368__clean__shuffled__r1,1024,15,-1,0,-1,0
evaluation__3368__clean__shuffled__r2,1024,18,-1,0,-1,0
evaluation__3368__clean__shuffled__r3,1024,11,-1,0,-1,0
evaluation__3368__clean__shuffled__r4,1024,14,-1,0,-1,0
evaluation__3368__clean__shuffled__r5,1024,16,-1,0,-1,0
evaluation__3368__clean__shuffled__r6,1024,17,-1,0,-1,0
evaluation__3368__clean__shuffled__r7,1024,10,-1,0,-1,0
evaluation__3368__clean__shuffled__r8,1024,9,-1,0,-1,0
evaluation__3368__clean__shuffled__r9,1024,15,-1,0,-1,0
evaluation__3368__clean__noise__r0,1024,1,-1,0,-1,0
evaluation__3368__clean__sweep__r0,1024,37,511,33,481,35
evaluation__6749__clean__shuffled__r0,1024,11,-1,0,-1,0
evaluation__6749__clean__shuffled__r1,1024,11,-1,0,-1,0
evaluation__6749__clean__shuffled__r2,1024,12,-1,0,-1,0
evaluation__6749__clean__shuffled__r3,1024,12,-1,0,-1,0
evaluation__6749__clean__shuffled__r4,1024,8,-1,0,-1,0
evaluation__6749__clean__shuffled__r5,1024,21,-1,0,-1,0
evaluation__6749__clean__shuffled__r6,1024,10,-1,0,-1,0
evaluation__6749__clean__shuffled__r7,1024,23,-1,0,-1,0
evaluation__6749__clean__shuffled__r8,1024,17,-1,0,-1,0
evaluation__6749__clean__shuffled__r9,1024,15,-1,0,-1,0
evaluation__6749__clean__noise__r0,1024,2,-1,0,-1,0
evaluation__6749__clean__sweep__r0,1024,30,63,28,63,43
evaluation__9060__clean__shuffled__r0,1024,21,-1,0,-1,0
evaluation__9060__clean__shuffled__r1,1024,19,-1,0,-1,0
evaluation__9060__clean__shuffled__r2,1024,15,-1,0,-1,0
evaluation__9060__clean__shuffled__r3,1024,16,-1,0,-1,0
evaluation__9060__clean__shuffled__r4,1024,11,-1,0,-1,0
evaluation__9060__clean__shuffled__r5,1024,12,-1,0,-1,0
evaluation__9060__clean__shuffled__r6,1024,13,-1,0,-1,0
evaluation__9060__clean__shuffled__r7,1024,12,-1,0,-1,0
evaluation__9060__clean__shuffled__r8,1024,15,-1,0,-1,0
evaluation__9060__clean__shuffled__r9,1024,21,-1,0,-1,0
evaluation__9060__clean__noise__r0,1024,2,-1,0,-1,0
evaluation__9060__clean__sweep__r0,1024,38,54,80,21,111
fit__4040__clean__shuffled__r0,1024,11,-1,0,-1,0
fit__4040__clean__shuffled__r1,1024,12,-1,0,-1,0
fit__4040__clean__shuffled__r2,1024,16,-1,0,-1,0
fit__4040__clean__shuffled__r3,1024,11,-1,0,-1,0
fit__4040__clean__shuffled__r4,1024,14,-1,0,-1,0
fit__4040__clean__shuffled__r5,1024,13,-1,0,-1,0
fit__4040__clean__shuffled__r6,1024,10,-1,0,-1,0
fit__4040__clean__shuffled__r7,1024,11,-1,0,-1,0
fit__4040__clean__shuffled__r8,1024,19,-1,0,-1,0
fit__4040__clean__shuffled__r9,1024,10,-1,0,-1,0
fit__4040__clean__noise__r0,1024,1,-1,0,-1,0
fit__4040__clean__sweep__r0,1024,45,34,70,34,90
fit__9749__clean__shuffled__r0,1024,16,-1,0,-1,0
fit__9749__clean__shuffled__r1,1024,23,-1,0,-1,0
fit__9749__clean__shuffled__r2,1024,9,-1,0,-1,0
fit__9749__clean__shuffled__r3,1024,17,-1,0,-1,0
fit__9749__clean__shuffled__r4,1024,12,-1,0,-1,0
fit__9749__clean__shuffled__r5,1024,15,-1,0,-1,0
fit__9749__clean__shuffled__r6,1024,12,-1,0,-1,0
fit__9749__clean__shuffled__r7,1024,14,-1,0,-1,0
fit__9749__clean__shuffled__r8,1024,10,-1,0,-1,0
fit__9749__clean__shuffled__r9,1024,18,-1,0,-1,0
fit__9749__clean__noise__r0,1024,1,-1,0,-1,0
fit__9749__clean__sweep__r0,1024,43,28,218,28,237
fit__6117__clean__shuffled__r0,1024,18,-1,0,-1,0
fit__6117__clean__shuffled__r1,1024,8,-1,0,-1,0
fit__6117__clean__shuffled__r2,1024,12,-1,0,-1,0
fit__6117__clean__shuffled__r3,1024,10,-1,0,-1,0
fit__6117__clean__shuffled__r4,1024,12,-1,0,-1,0
fit__6117__clean__shuffled__r5,1024,14,-1,0,-1,0
fit__6117__clean__shuffled__r6,1024,12,-1,0,-1,0
fit__6117__clean__shuffled__r7,1024,10,-1,0,-1,0
fit__6117__clean__shuffled__r8,1024,20,-1,0,-1,0
fit__6117__clean__shuffled__r9,1024,13,-1,0,-1,0
fit__6117__clean__noise__r0,1024,2,-1,0,-1,0
fit__6117__clean__sweep__r0,1024,35,229,27,229,37
fit__1852__clean__shuffled__r0,1024,21,-1,0,-1,0
fit__1852__clean__shuffled__r1,1024,15,-1,0,-1,0
fit__1852__clean__shuffled__r2,1024,16,-1,0,-1,0
fit__1852__clean__shuffled__r3,1024,11,-1,0,-1,0
fit__1852__clean__shuffled__r4,1024,12,-1,0,-1,0
fit__1852__clean__shuffled__r5,1024,11,-1,0,-1,0
fit__1852__clean__shuffled__r6,1024,14,-1,0,-1,0
fit__1852__clean__shuffled__r7,1024,10,-1,0,-1,0
fit__1852__clean__shuffled__r8,1024,15,-1,0,-1,0
fit__1852__clean__shuffled__r9,1024,14,-1,0,-1,0
fit__1852__clean__noise__r0,1024,2,-1,0,-1,0
fit__1852__clean__sweep__r0,1024,38,27,108,27,151
fit__8493__clean__shuffled__r0,1024,11,-1,0,-1,0
fit__8493__clean__shuffled__r1,1024,10,-1,0,-1,0
fit__8493__clean__shuffled__r2,1024,11,-1,0,-1,0
fit__8493__clean__shuffled__r3,1024,14,-1,0,-1,0
fit__8493__clean__shuffled__r4,1024,12,-1,0,-1,0
fit__8493__clean__shuffled__r5,1024,21,-1,0,-1,0
fit__8493__clean__shuffled__r6,1024,23,-1,0,-1,0
fit__8493__clean__shuffled__r7,1024,14,-1,0,-1,0
fit__8493__clean__shuffled__r8,1024,21,-1,0,-1,0
fit__8493__clean__shuffled__r9,1024,10,-1,0,-1,0
fit__8493__clean__noise__r0,1024,2,-1,0,-1,0
fit__8493__clean__sweep__r0,1024,42,97,53,97,63
fit__2963__clean__shuffled__r0,1024,21,-1,0,-1,0
fit__2963__clean__shuffled__r1,1024,12,-1,0,-1,0
fit__2963__clean__shuffled__r2,1024,11,-1,0,-1,0
fit__2963__clean__shuffled__r3,1024,16,-1,0,-1,0
fit__2963__clean__shuffled__r4,1024,15,-1,0,-1,0
fit__2963__clean__shuffled__r5,1024,13,-1,0,-1,0
fit__2963__clean__shuffled__r6,1024,14,-1,0,-1,0
fit__2963__clean__shuffled__r7,1024,11,-1,0,-1,0
fit__2963__clean__shuffled__r8,1024,18,-1,0,-1,0
fit__2963__clean__shuffled__r9,1024,13,-1,0,-1,0
fit__2963__clean__noise__r0,1024,1,-1,0,-1,0
fit__2963__clean__sweep__r0,1024,30,634,5,634,6
fit__9226__clean__shuffled__r0,1024,11,-1,0,-1,0
fit__9226__clean__shuffled__r1,1024,13,-1,0,-1,0
fit__9226__clean__shuffled__r2,1024,15,-1,0,-1,0
fit__9226__clean__shuffled__r3,1024,12,-1,0,-1,0
fit__9226__clean__shuffled__r4,1024,17,-1,0,-1,0
fit__9226__clean__shuffled__r5,1024,21,-1,0,-1,0
fit__9226__clean__shuffled__r6,1024,18,-1,0,-1,0
fit__9226__clean__shuffled__r7,1024,16,-1,0,-1,0
fit__9226__clean__shuffled__r8,1024,14,-1,0,-1,0
fit__9226__clean__shuffled__r9,1024,10,-1,0,-1,0
fit__9226__clean__noise__r0,1024,1,-1,0,-1,0
fit__9226__clean__sweep__r0,1024,28,481,4,34,13
fit__3498__clean__shuffled__r0,1024,11,-1,0,-1,0
fit__3498__clean__shuffled__r1,1024,15,-1,0,-1,0
fit__3498__clean__shuffled__r2,1024,10,-1,0,-1,0
fit__3498__clean__shuffled__r3,1024,23,-1,0,-1,0
fit__3498__clean__shuffled__r4,1024,8,-1,0,-1,0
fit__3498__clean__shuffled__r5,1024,9,-1,0,-1,0
fit__3498__clean__shuffled__r6,1024,15,-1,0,-1,0
fit__3498__clean__shuffled__r7,1024,16,-1,0,-1,0
fit__3498__clean__shuffled__r8,1024,10,-1,0,-1,0
fit__3498__clean__shuffled__r9,1024,11,-1,0,-1,0
fit__3498__clean__noise__r0,1024,2,-1,0,-1,0
fit__3498__clean__sweep__r0,1024,41,3,132,3,171
fit__2915__clean__shuffled__r0,1024,14,-1,0,-1,0
fit__2915__clean__shuffled__r1,1024,11,-1,0,-1,0
fit__2915__clean__shuffled__r2,1024,11,-1,0,-1,0
fit__2915__clean__shuffled__r3,1024,11,-1,0,-1,0
fit__2915__clean__shuffled__r4,1024,17,-1,0,-1,0
fit__2915__clean__shuffled__r5,1024,11,-1,0,-1,0
fit__2915__clean__shuffled__r6,1024,11,-1,0,-1,0
fit__2915__clean__shuffled__r7,1024,11,-1,0,-1,0
fit__2915__clean__shuffled__r8,1024,13,-1,0,-1,0
fit__2915__clean__shuffled__r9,1024,13,-1,0,-1,0
fit__2915__clean__noise__r0,1024,1,-1,0,-1,0
fit__2915__clean__sweep__r0,1024,38,609,32,609,32
fit__6690__clean__shuffled__r0,1024,10,-1,0,-1,0
fit__6690__clean__shuffled__r1,1024,23,-1,0,-1,0
fit__6690__clean__shuffled__r2,1024,9,-1,0,-1,0
fit__6690__clean__shuffled__r3,1024,15,-1,0,-1,0
fit__6690__clean__shuffled__r4,1024,15,-1,0,-1,0
fit__6690__clean__shuffled__r5,1024,15,-1,0,-1,0
fit__6690__clean__shuffled__r6,1024,14,-1,0,-1,0
fit__6690__clean__shuffled__r7,1024,17,-1,0,-1,0
fit__6690__clean__shuffled__r8,1024,10,-1,0,-1,0
fit__6690__clean__shuffled__r9,1024,14,-1,0,-1,0
fit__6690__clean__noise__r0,1024,1,-1,0,-1,0
fit__6690__clean__sweep__r0,1024,40,34,87,34,114
fit__4150__clean__shuffled__r0,1024,16,-1,0,-1,0
fit__4150__clean__shuffled__r1,1024,10,-1,0,-1,0
fit__4150__clean__shuffled__r2,1024,10,-1,0,-1,0
fit__4150__clean__shuffled__r3,1024,13,-1,0,-1,0
fit__4150__clean__shuffled__r4,1024,11,-1,0,-1,0
fit__4150__clean__shuffled__r5,1024,14,-1,0,-1,0
fit__4150__clean__shuffled__r6,1024,10,-1,0,-1,0
fit__4150__clean__shuffled__r7,1024,16,-1,0,-1,0
fit__4150__clean__shuffled__r8,1024,15,-1,0,-1,0
fit__4150__clean__shuffled__r9,1024,15,-1,0,-1,0
fit__4150__clean__noise__r0,1024,1,-1,0,-1,0
fit__4150__clean__sweep__r0,1024,45,34,88,33,108
fit__9789__clean__shuffled__r0,1024,16,-1,0,-1,0
fit__9789__clean__shuffled__r1,1024,10,-1,0,-1,0
fit__9789__clean__shuffled__r2,1024,9,-1,0,-1,0
fit__9789__clean__shuffled__r3,1024,11,-1,0,-1,0
fit__9789__clean__shuffled__r4,1024,16,-1,0,-1,0
fit__9789__clean__shuffled__r5,1024,21,-1,0,-1,0
fit__9789__clean__shuffled__r6,1024,13,-1,0,-1,0
fit__9789__clean__shuffled__r7,1024,10,-1,0,-1,0
fit__9789__clean__shuffled__r8,1024,16,-1,0,-1,0
fit__9789__clean__shuffled__r9,1024,9,-1,0,-1,0
fit__9789__clean__noise__r0,1024,1,-1,0,-1,0
fit__9789__clean__sweep__r0,1024,40,321,34,321,37
fit__5818__clean__shuffled__r0,1024,10,-1,0,-1,0
fit__5818__clean__shuffled__r1,1024,10,-1,0,-1,0
fit__5818__clean__shuffled__r2,1024,21,-1,0,-1,0
fit__5818__clean__shuffled__r3,1024,18,-1,0,-1,0
fit__5818__clean__shuffled__r4,1024,12,-1,0,-1,0
fit__5818__clean__shuffled__r5,1024,15,-1,0,-1,0
fit__5818__clean__shuffled__r6,1024,11,-1,0,-1,0
fit__5818__clean__shuffled__r7,1024,16,-1,0,-1,0
fit__5818__clean__shuffled__r8,1024,17,-1,0,-1,0
fit__5818__clean__shuffled__r9,1024,9,-1,0,-1,0
fit__5818__clean__noise__r0,1024,1,-1,0,-1,0
fit__5818__clean__sweep__r0,1024,33,349,27,278,30
fit__1358__clean__shuffled__r0,1024,10,-1,0,-1,0
fit__1358__clean__shuffled__r1,1024,12,-1,0,-1,0
fit__1358__clean__shuffled__r2,1024,16,-1,0,-1,0
fit__1358__clean__shuffled__r3,1024,13,-1,0,-1,0
fit__1358__clean__shuffled__r4,1024,11,-1,0,-1,0
fit__1358__clean__shuffled__r5,1024,13,-1,0,-1,0
fit__1358__clean__shuffled__r6,1024,11,-1,0,-1,0
fit__1358__clean__shuffled__r7,1024,7,-1,0,-1,0
fit__1358__clean__shuffled__r8,1024,13,-1,0,-1,0
fit__1358__clean__shuffled__r9,1024,18,-1,0,-1,0
fit__1358__clean__noise__r0,1024,0,-1,0,-1,0
fit__1358__clean__sweep__r0,1024,34,511,16,424,19
fit__6684__clean__shuffled__r0,1024,9,-1,0,-1,0
fit__6684__clean__shuffled__r1,1024,16,-1,0,-1,0
fit__6684__clean__shuffled__r2,1024,12,-1,0,-1,0
fit__6684__clean__shuffled__r3,1024,12,-1,0,-1,0
fit__6684__clean__shuffled__r4,1024,21,-1,0,-1,0
fit__6684__clean__shuffled__r5,1024,10,-1,0,-1,0
fit__6684__clean__shuffled__r6,1024,18,-1,0,-1,0
fit__6684__clean__shuffled__r7,1024,14,-1,0,-1,0
fit__6684__clean__shuffled__r8,1024,16,-1,0,-1,0
fit__6684__clean__shuffled__r9,1024,17,-1,0,-1,0
fit__6684__clean__noise__r0,1024,1,-1,0,-1,0
fit__6684__clean__sweep__r0,1024,41,346,34,343,35
fit__3732__clean__shuffled__r0,1024,17,-1,0,-1,0
fit__3732__clean__shuffled__r1,1024,12,-1,0,-1,0
fit__3732__clean__shuffled__r2,1024,21,-1,0,-1,0
fit__3732__clean__shuffled__r3,1024,21,-1,0,-1,0
fit__3732__clean__shuffled__r4,1024,16,-1,0,-1,0
fit__3732__clean__shuffled__r5,1024,18,-1,0,-1,0
fit__3732__clean__shuffled__r6,1024,21,-1,0,-1,0
fit__3732__clean__shuffled__r7,1024,18,-1,0,-1,0
fit__3732__clean__shuffled__r8,1024,12,-1,0,-1,0
fit__3732__clean__shuffled__r9,1024,12,-1,0,-1,0
fit__3732__clean__noise__r0,1024,2,-1,0,-1,0
fit__3732__clean__sweep__r0,1024,36,62,33,62,40
fit__8575__clean__shuffled__r0,1024,17,-1,0,-1,0
fit__8575__clean__shuffled__r1,1024,13,-1,0,-1,0
fit__8575__clean__shuffled__r2,1024,12,-1,0,-1,0
fit__8575__clean__shuffled__r3,1024,15,-1,0,-1,0
fit__8575__clean__shuffled__r4,1024,17,-1,0,-1,0
fit__8575__clean__shuffled__r5,1024,12,-1,0,-1,0
fit__8575__clean__shuffled__r6,1024,13,-1,0,-1,0
fit__8575__clean__shuffled__r7,1024,11,-1,0,-1,0
fit__8575__clean__shuffled__r8,1024,11,-1,0,-1,0
fit__8575__clean__shuffled__r9,1024,16,-1,0,-1,0
fit__8575__clean__noise__r0,1024,2,-1,0,-1,0
fit__8575__clean__sweep__r0,1024,25,-1,0,666,1
calibration__3302__clean__shuffled__r0,1024,12,-1,0,-1,0
calibration__3302__clean__shuffled__r1,1024,11,-1,0,-1,0
calibration__3302__clean__shuffled__r2,1024,17,-1,0,-1,0
calibration__3302__clean__shuffled__r3,1024,18,-1,0,-1,0
calibration__3302__clean__shuffled__r4,1024,13,-1,0,-1,0
calibration__3302__clean__shuffled__r5,1024,11,-1,0,-1,0
calibration__3302__clean__shuffled__r6,1024,18,-1,0,-1,0
calibration__3302__clean__shuffled__r7,1024,15,-1,0,-1,0
calibration__3302__clean__shuffled__r8,1024,12,-1,0,-1,0
calibration__3302__clean__shuffled__r9,1024,13,-1,0,-1,0
calibration__3302__clean__noise__r0,1024,3,-1,0,-1,0
calibration__3302__clean__sweep__r0,1024,39,33,197,32,269
calibration__231__clean__shuffled__r0,1024,9,-1,0,-1,0
calibration__231__clean__shuffled__r1,1024,13,-1,0,-1,0
calibration__231__clean__shuffled__r2,1024,10,-1,0,-1,0
calibration__231__clean__shuffled__r3,1024,23,-1,0,-1,0
calibration__231__clean__shuffled__r4,1024,17,-1,0,-1,0
calibration__231__clean__shuffled__r5,1024,21,-1,0,-1,0
calibration__231__clean__shuffled__r6,1024,16,-1,0,-1,0
calibration__231__clean__shuffled__r7,1024,12,-1,0,-1,0
calibration__231__clean__shuffled__r8,1024,15,-1,0,-1,0
calibration__231__clean__shuffled__r9,1024,10,-1,0,-1,0
calibration__231__clean__noise__r0,1024,2,-1,0,-1,0
calibration__231__clean__sweep__r0,1024,30,23,16,23,22
calibration__3033__clean__shuffled__r0,1024,18,-1,0,-1,0
calibration__3033__clean__shuffled__r1,1024,15,-1,0,-1,0
calibration__3033__clean__shuffled__r2,1024,21,-1,0,-1,0
calibration__3033__clean__shuffled__r3,1024,12,-1,0,-1,0
calibration__3033__clean__shuffled__r4,1024,17,-1,0,-1,0
calibration__3033__clean__shuffled__r5,1024,16,-1,0,-1,0
calibration__3033__clean__shuffled__r6,1024,11,-1,0,-1,0
calibration__3033__clean__shuffled__r7,1024,18,-1,0,-1,0
calibration__3033__clean__shuffled__r8,1024,10,-1,0,-1,0
calibration__3033__clean__shuffled__r9,1024,11,-1,0,-1,0
calibration__3033__clean__noise__r0,1024,1,-1,0,-1,0
calibration__3033__clean__sweep__r0,1024,34,609,22,609,27
calibration__2073__clean__shuffled__r0,1024,8,-1,0,-1,0
calibration__2073__clean__shuffled__r1,1024,21,-1,0,-1,0
calibration__2073__clean__shuffled__r2,1024,16,-1,0,-1,0
calibration__2073__clean__shuffled__r3,1024,9,-1,0,-1,0
calibration__2073__clean__shuffled__r4,1024,12,-1,0,-1,0
calibration__2073__clean__shuffled__r5,1024,15,-1,0,-1,0
calibration__2073__clean__shuffled__r6,1024,12,-1,0,-1,0
calibration__2073__clean__shuffled__r7,1024,13,-1,0,-1,0
calibration__2073__clean__shuffled__r8,1024,10,-1,0,-1,0
calibration__2073__clean__shuffled__r9,1024,13,-1,0,-1,0
calibration__2073__clean__noise__r0,1024,1,-1,0,-1,0
calibration__2073__clean__sweep__r0,1024,43,609,34,609,36
calibration__8730__clean__shuffled__r0,1024,11,-1,0,-1,0
calibration__8730__clean__shuffled__r1,1024,25,-1,0,743,1
calibration__8730__clean__shuffled__r2,1024,14,-1,0,-1,0
calibration__8730__clean__shuffled__r3,1024,15,-1,0,-1,0
calibration__8730__clean__shuffled__r4,1024,15,-1,0,-1,0
calibration__8730__clean__shuffled__r5,1024,14,-1,0,-1,0
calibration__8730__clean__shuffled__r6,1024,10,-1,0,-1,0
calibration__8730__clean__shuffled__r7,1024,15,-1,0,-1,0
calibration__8730__clean__shuffled__r8,1024,13,-1,0,-1,0
calibration__8730__clean__shuffled__r9,1024,12,-1,0,-1,0
calibration__8730__clean__noise__r0,1024,1,-1,0,-1,0
calibration__8730__clean__sweep__r0,1024,33,321,23,321,27
calibration__6587__clean__shuffled__r0,1024,13,-1,0,-1,0
calibration__6587__clean__shuffled__r1,1024,14,-1,0,-1,0
calibration__6587__clean__shuffled__r2,1024,13,-1,0,-1,0
calibration__6587__clean__shuffled__r3,1024,10,-1,0,-1,0
calibration__6587__clean__shuffled__r4,1024,14,-1,0,-1,0
calibration__6587__clean__shuffled__r5,1024,16,-1,0,-1,0
calibration__6587__clean__shuffled__r6,1024,9,-1,0,-1,0
calibration__6587__clean__shuffled__r7,1024,11,-1,0,-1,0
calibration__6587__clean__shuffled__r8,1024,14,-1,0,-1,0
calibration__6587__clean__shuffled__r9,1024,13,-1,0,-1,0
calibration__6587__clean__noise__r0,1024,1,-1,0,-1,0
calibration__6587__clean__sweep__r0,1024,41,418,34,418,37
calibration__328__clean__shuffled__r0,1024,14,-1,0,-1,0
calibration__328__clean__shuffled__r1,1024,14,-1,0,-1,0
calibration__328__clean__shuffled__r2,1024,16,-1,0,-1,0
calibration__328__clean__shuffled__r3,1024,14,-1,0,-1,0
calibration__328__clean__shuffled__r4,1024,13,-1,0,-1,0
calibration__328__clean__shuffled__r5,1024,12,-1,0,-1,0
calibration__328__clean__shuffled__r6,1024,15,-1,0,-1,0
calibration__328__clean__shuffled__r7,1024,13,-1,0,-1,0
calibration__328__clean__shuffled__r8,1024,16,-1,0,-1,0
calibration__328__clean__shuffled__r9,1024,16,-1,0,-1,0
calibration__328__clean__noise__r0,1024,1,-1,0,-1,0
calibration__328__clean__sweep__r0,1024,41,161,35,33,39
calibration__5638__clean__shuffled__r0,1024,23,-1,0,-1,0
calibration__5638__clean__shuffled__r1,1024,10,-1,0,-1,0
calibration__5638__clean__shuffled__r2,1024,16,-1,0,-1,0
calibration__5638__clean__shuffled__r3,1024,16,-1,0,-1,0
calibration__5638__clean__shuffled__r4,1024,14,-1,0,-1,0
calibration__5638__clean__shuffled__r5,1024,10,-1,0,-1,0
calibration__5638__clean__shuffled__r6,1024,12,-1,0,-1,0
calibration__5638__clean__shuffled__r7,1024,11,-1,0,-1,0
calibration__5638__clean__shuffled__r8,1024,16,-1,0,-1,0
calibration__5638__clean__shuffled__r9,1024,11,-1,0,-1,0
calibration__5638__clean__noise__r0,1024,0,-1,0,-1,0
calibration__5638__clean__sweep__r0,1024,32,609,18,609,25
calibration__1561__clean__shuffled__r0,1024,11,-1,0,-1,0
calibration__1561__clean__shuffled__r1,1024,9,-1,0,-1,0
calibration__1561__clean__shuffled__r2,1024,11,-1,0,-1,0
calibration__1561__clean__shuffled__r3,1024,11,-1,0,-1,0
calibration__1561__clean__shuffled__r4,1024,18,-1,0,-1,0
calibration__1561__clean__shuffled__r5,1024,16,-1,0,-1,0
calibration__1561__clean__shuffled__r6,1024,15,-1,0,-1,0
calibration__1561__clean__shuffled__r7,1024,16,-1,0,-1,0
calibration__1561__clean__shuffled__r8,1024,17,-1,0,-1,0
calibration__1561__clean__shuffled__r9,1024,9,-1,0,-1,0
calibration__1561__clean__noise__r0,1024,1,-1,0,-1,0
calibration__1561__clean__sweep__r0,1024,26,244,1,244,1
calibration__9353__clean__shuffled__r0,1024,11,-1,0,-1,0
calibration__9353__clean__shuffled__r1,1024,20,-1,0,-1,0
calibration__9353__clean__shuffled__r2,1024,14,-1,0,-1,0
calibration__9353__clean__shuffled__r3,1024,15,-1,0,-1,0
calibration__9353__clean__shuffled__r4,1024,14,-1,0,-1,0
calibration__9353__clean__shuffled__r5,1024,11,-1,0,-1,0
calibration__9353__clean__shuffled__r6,1024,14,-1,0,-1,0
calibration__9353__clean__shuffled__r7,1024,9,-1,0,-1,0
calibration__9353__clean__shuffled__r8,1024,12,-1,0,-1,0
calibration__9353__clean__shuffled__r9,1024,16,-1,0,-1,0
calibration__9353__clean__noise__r0,1024,1,-1,0,-1,0
calibration__9353__clean__sweep__r0,1024,34,609,22,609,25
calibration__5423__clean__shuffled__r0,1024,11,-1,0,-1,0
calibration__5423__clean__shuffled__r1,1024,14,-1,0,-1,0
calibration__5423__clean__shuffled__r2,1024,10,-1,0,-1,0
calibration__5423__clean__shuffled__r3,1024,20,-1,0,-1,0
calibration__5423__clean__shuffled__r4,1024,17,-1,0,-1,0
calibration__5423__clean__shuffled__r5,1024,13,-1,0,-1,0
calibration__5423__clean__shuffled__r6,1024,11,-1,0,-1,0
calibration__5423__clean__shuffled__r7,1024,14,-1,0,-1,0
calibration__5423__clean__shuffled__r8,1024,9,-1,0,-1,0
calibration__5423__clean__shuffled__r9,1024,17,-1,0,-1,0
calibration__5423__clean__noise__r0,1024,1,-1,0,-1,0
calibration__5423__clean__sweep__r0,1024,25,-1,0,611,1
calibration__13__clean__shuffled__r0,1024,17,-1,0,-1,0
calibration__13__clean__shuffled__r1,1024,14,-1,0,-1,0
calibration__13__clean__shuffled__r2,1024,7,-1,0,-1,0
calibration__13__clean__shuffled__r3,1024,15,-1,0,-1,0
calibration__13__clean__shuffled__r4,1024,16,-1,0,-1,0
calibration__13__clean__shuffled__r5,1024,17,-1,0,-1,0
calibration__13__clean__shuffled__r6,1024,10,-1,0,-1,0
calibration__13__clean__shuffled__r7,1024,18,-1,0,-1,0
calibration__13__clean__shuffled__r8,1024,12,-1,0,-1,0
calibration__13__clean__shuffled__r9,1024,11,-1,0,-1,0
calibration__13__clean__noise__r0,1024,1,-1,0,-1,0
calibration__13__clean__sweep__r0,1024,35,2,63,2,85
calibration__5045__clean__shuffled__r0,1024,11,-1,0,-1,0
calibration__5045__clean__shuffled__r1,1024,10,-1,0,-1,0
calibration__5045__clean__shuffled__r2,1024,21,-1,0,-1,0
calibration__5045__clean__shuffled__r3,1024,13,-1,0,-1,0
calibration__5045__clean__shuffled__r4,1024,18,-1,0,-1,0
calibration__5045__clean__shuffled__r5,1024,14,-1,0,-1,0
calibration__5045__clean__shuffled__r6,1024,20,-1,0,-1,0
calibration__5045__clean__shuffled__r7,1024,16,-1,0,-1,0
calibration__5045__clean__shuffled__r8,1024,10,-1,0,-1,0
calibration__5045__clean__shuffled__r9,1024,21,-1,0,-1,0
calibration__5045__clean__noise__r0,1024,1,-1,0,-1,0
calibration__5045__clean__sweep__r0,1024,30,385,15,385,19
calibration__2503__clean__shuffled__r0,1024,15,-1,0,-1,0
calibration__2503__clean__shuffled__r1,1024,9,-1,0,-1,0
calibration__2503__clean__shuffled__r2,1024,11,-1,0,-1,0
calibration__2503__clean__shuffled__r3,1024,21,-1,0,-1,0
calibration__2503__clean__shuffled__r4,1024,17,-1,0,-1,0
calibration__2503__clean__shuffled__r5,1024,11,-1,0,-1,0
calibration__2503__clean__shuffled__r6,1024,14,-1,0,-1,0
calibration__2503__clean__shuffled__r7,1024,15,-1,0,-1,0
calibration__2503__clean__shuffled__r8,1024,11,-1,0,-1,0
calibration__2503__clean__shuffled__r9,1024,18,-1,0,-1,0
calibration__2503__clean__noise__r0,1024,1,-1,0,-1,0
calibration__2503__clean__sweep__r0,1024,41,62,82,62,103
calibration__6691__clean__shuffled__r0,1024,13,-1,0,-1,0
calibration__6691__clean__shuffled__r1,1024,15,-1,0,-1,0
calibration__6691__clean__shuffled__r2,1024,7,-1,0,-1,0
calibration__6691__clean__shuffled__r3,1024,16,-1,0,-1,0
calibration__6691__clean__shuffled__r4,1024,16,-1,0,-1,0
calibration__6691__clean__shuffled__r5,1024,13,-1,0,-1,0
calibration__6691__clean__shuffled__r6,1024,20,-1,0,-1,0
calibration__6691__clean__shuffled__r7,1024,11,-1,0,-1,0
calibration__6691__clean__shuffled__r8,1024,10,-1,0,-1,0
calibration__6691__clean__shuffled__r9,1024,11,-1,0,-1,0
calibration__6691__clean__noise__r0,1024,1,-1,0,-1,0
calibration__6691__clean__sweep__r0,1024,43,29,131,29,152
calibration__5494__clean__shuffled__r0,1024,16,-1,0,-1,0
calibration__5494__clean__shuffled__r1,1024,17,-1,0,-1,0
calibration__5494__clean__shuffled__r2,1024,11,-1,0,-1,0
calibration__5494__clean__shuffled__r3,1024,13,-1,0,-1,0
calibration__5494__clean__shuffled__r4,1024,12,-1,0,-1,0
calibration__5494__clean__shuffled__r5,1024,10,-1,0,-1,0
calibration__5494__clean__shuffled__r6,1024,14,-1,0,-1,0
calibration__5494__clean__shuffled__r7,1024,20,-1,0,-1,0
calibration__5494__clean__shuffled__r8,1024,11,-1,0,-1,0
calibration__5494__clean__shuffled__r9,1024,14,-1,0,-1,0
calibration__5494__clean__noise__r0,1024,1,-1,0,-1,0
calibration__5494__clean__sweep__r0,1024,42,473,33,57,34
evaluation__539__clean__shuffled__r0,1024,12,-1,0,-1,0
evaluation__539__clean__shuffled__r1,1024,13,-1,0,-1,0
evaluation__539__clean__shuffled__r2,1024,15,-1,0,-1,0
evaluation__539__clean__shuffled__r3,1024,14,-1,0,-1,0
evaluation__539__clean__shuffled__r4,1024,12,-1,0,-1,0
evaluation__539__clean__shuffled__r5,1024,14,-1,0,-1,0
evaluation__539__clean__shuffled__r6,1024,14,-1,0,-1,0
evaluation__539__clean__shuffled__r7,1024,12,-1,0,-1,0
evaluation__539__clean__shuffled__r8,1024,16,-1,0,-1,0
evaluation__539__clean__shuffled__r9,1024,21,-1,0,-1,0
evaluation__539__clean__noise__r0,1024,1,-1,0,-1,0
evaluation__539__clean__sweep__r0,1024,26,640,1,627,3
evaluation__4126__clean__shuffled__r0,1024,16,-1,0,-1,0
evaluation__4126__clean__shuffled__r1,1024,15,-1,0,-1,0
evaluation__4126__clean__shuffled__r2,1024,13,-1,0,-1,0
evaluation__4126__clean__shuffled__r3,1024,17,-1,0,-1,0
evaluation__4126__clean__shuffled__r4,1024,10,-1,0,-1,0
evaluation__4126__clean__shuffled__r5,1024,16,-1,0,-1,0
evaluation__4126__clean__shuffled__r6,1024,11,-1,0,-1,0
evaluation__4126__clean__shuffled__r7,1024,11,-1,0,-1,0
evaluation__4126__clean__shuffled__r8,1024,11,-1,0,-1,0
evaluation__4126__clean__shuffled__r9,1024,12,-1,0,-1,0
evaluation__4126__clean__noise__r0,1024,4,-1,0,-1,0
evaluation__4126__clean__sweep__r0,1024,43,49,68,49,93
evaluation__7748__clean__shuffled__r0,1024,17,-1,0,-1,0
evaluation__7748__clean__shuffled__r1,1024,13,-1,0,-1,0
evaluation__7748__clean__shuffled__r2,1024,12,-1,0,-1,0
evaluation__7748__clean__shuffled__r3,1024,16,-1,0,-1,0
evaluation__7748__clean__shuffled__r4,1024,15,-1,0,-1,0
evaluation__7748__clean__shuffled__r5,1024,23,-1,0,-1,0
evaluation__7748__clean__shuffled__r6,1024,12,-1,0,-1,0
evaluation__7748__clean__shuffled__r7,1024,14,-1,0,-1,0
evaluation__7748__clean__shuffled__r8,1024,15,-1,0,-1,0
evaluation__7748__clean__shuffled__r9,1024,17,-1,0,-1,0
evaluation__7748__clean__noise__r0,1024,2,-1,0,-1,0
evaluation__7748__clean__sweep__r0,1024,39,58,127,58,161
evaluation__9973__clean__shuffled__r0,1024,14,-1,0,-1,0
evaluation__9973__clean__shuffled__r1,1024,16,-1,0,-1,0
evaluation__9973__clean__shuffled__r2,1024,17,-1,0,-1,0
evaluation__9973__clean__shuffled__r3,1024,12,-1,0,-1,0
evaluation__9973__clean__shuffled__r4,1024,11,-1,0,-1,0
evaluation__9973__clean__shuffled__r5,1024,11,-1,0,-1,0
evaluation__9973__clean__shuffled__r6,1024,16,-1,0,-1,0
evaluation__9973__clean__shuffled__r7,1024,18,-1,0,-1,0
evaluation__9973__clean__shuffled__r8,1024,15,-1,0,-1,0
evaluation__9973__clean__shuffled__r9,1024,17,-1,0,-1,0
evaluation__9973__clean__noise__r0,1024,1,-1,0,-1,0
evaluation__9973__clean__sweep__r0,1024,34,47,98,47,118
evaluation__1751__clean__shuffled__r0,1024,10,-1,0,-1,0
evaluation__1751__clean__shuffled__r1,1024,12,-1,0,-1,0
evaluation__1751__clean__shuffled__r2,1024,16,-1,0,-1,0
evaluation__1751__clean__shuffled__r3,1024,16,-1,0,-1,0
evaluation__1751__clean__shuffled__r4,1024,14,-1,0,-1,0
evaluation__1751__clean__shuffled__r5,1024,23,-1,0,-1,0
evaluation__1751__clean__shuffled__r6,1024,9,-1,0,-1,0
evaluation__1751__clean__shuffled__r7,1024,9,-1,0,-1,0
evaluation__1751__clean__shuffled__r8,1024,14,-1,0,-1,0
evaluation__1751__clean__shuffled__r9,1024,17,-1,0,-1,0
evaluation__1751__clean__noise__r0,1024,1,-1,0,-1,0
evaluation__1751__clean__sweep__r0,1024,32,2,52,2,65
evaluation__5245__clean__shuffled__r0,1024,12,-1,0,-1,0
evaluation__5245__clean__shuffled__r1,1024,11,-1,0,-1,0
evaluation__5245__clean__shuffled__r2,1024,15,-1,0,-1,0
evaluation__5245__clean__shuffled__r3,1024,11,-1,0,-1,0
evaluation__5245__clean__shuffled__r4,1024,11,-1,0,-1,0
evaluation__5245__clean__shuffled__r5,1024,17,-1,0,-1,0
evaluation__5245__clean__shuffled__r6,1024,11,-1,0,-1,0
evaluation__5245__clean__shuffled__r7,1024,13,-1,0,-1,0
evaluation__5245__clean__shuffled__r8,1024,16,-1,0,-1,0
evaluation__5245__clean__shuffled__r9,1024,21,-1,0,-1,0
evaluation__5245__clean__noise__r0,1024,3,-1,0,-1,0
evaluation__5245__clean__sweep__r0,1024,43,18,469,18,506
evaluation__8123__clean__shuffled__r0,1024,12,-1,0,-1,0
evaluation__8123__clean__shuffled__r1,1024,12,-1,0,-1,0
evaluation__8123__clean__shuffled__r2,1024,11,-1,0,-1,0
evaluation__8123__clean__shuffled__r3,1024,16,-1,0,-1,0
evaluation__8123__clean__shuffled__r4,1024,13,-1,0,-1,0
evaluation__8123__clean__shuffled__r5,1024,8,-1,0,-1,0
evaluation__8123__clean__shuffled__r6,1024,10,-1,0,-1,0
evaluation__8123__clean__shuffled__r7,1024,11,-1,0,-1,0
evaluation__8123__clean__shuffled__r8,1024,20,-1,0,-1,0
evaluation__8123__clean__shuffled__r9,1024,10,-1,0,-1,0
evaluation__8123__clean__noise__r0,1024,2,-1,0,-1,0
evaluation__8123__clean__sweep__r0,1024,29,609,11,548,16
evaluation__1202__clean__shuffled__r0,1024,19,-1,0,-1,0
evaluation__1202__clean__shuffled__r1,1024,12,-1,0,-1,0
evaluation__1202__clean__shuffled__r2,1024,13,-1,0,-1,0
evaluation__1202__clean__shuffled__r3,1024,12,-1,0,-1,0
evaluation__1202__clean__shuffled__r4,1024,10,-1,0,-1,0
evaluation__1202__clean__shuffled__r5,1024,16,-1,0,-1,0
evaluation__1202__clean__shuffled__r6,1024,16,-1,0,-1,0
evaluation__1202__clean__shuffled__r7,1024,15,-1,0,-1,0
evaluation__1202__clean__shuffled__r8,1024,15,-1,0,-1,0
evaluation__1202__clean__shuffled__r9,1024,13,-1,0,-1,0
evaluation__1202__clean__noise__r0,1024,1,-1,0,-1,0
evaluation__1202__clean__sweep__r0,1024,37,161,51,161,63
evaluation__3713__clean__shuffled__r0,1024,23,-1,0,-1,0
evaluation__3713__clean__shuffled__r1,1024,17,-1,0,-1,0
evaluation__3713__clean__shuffled__r2,1024,9,-1,0,-1,0
evaluation__3713__clean__shuffled__r3,1024,11,-1,0,-1,0
evaluation__3713__clean__shuffled__r4,1024,16,-1,0,-1,0
evaluation__3713__clean__shuffled__r5,1024,17,-1,0,-1,0
evaluation__3713__clean__shuffled__r6,1024,19,-1,0,-1,0
evaluation__3713__clean__shuffled__r7,1024,16,-1,0,-1,0
evaluation__3713__clean__shuffled__r8,1024,13,-1,0,-1,0
evaluation__3713__clean__shuffled__r9,1024,16,-1,0,-1,0
evaluation__3713__clean__noise__r0,1024,2,-1,0,-1,0
evaluation__3713__clean__sweep__r0,1024,34,3,257,3,293
evaluation__7340__clean__shuffled__r0,1024,11,-1,0,-1,0
evaluation__7340__clean__shuffled__r1,1024,17,-1,0,-1,0
evaluation__7340__clean__shuffled__r2,1024,16,-1,0,-1,0
evaluation__7340__clean__shuffled__r3,1024,15,-1,0,-1,0
evaluation__7340__clean__shuffled__r4,1024,11,-1,0,-1,0
evaluation__7340__clean__shuffled__r5,1024,17,-1,0,-1,0
evaluation__7340__clean__shuffled__r6,1024,21,-1,0,-1,0
evaluation__7340__clean__shuffled__r7,1024,10,-1,0,-1,0
evaluation__7340__clean__shuffled__r8,1024,11,-1,0,-1,0
evaluation__7340__clean__shuffled__r9,1024,12,-1,0,-1,0
evaluation__7340__clean__noise__r0,1024,1,-1,0,-1,0
evaluation__7340__clean__sweep__r0,1024,39,343,38,343,39
evaluation__294__clean__shuffled__r0,1024,8,-1,0,-1,0
evaluation__294__clean__shuffled__r1,1024,9,-1,0,-1,0
evaluation__294__clean__shuffled__r2,1024,11,-1,0,-1,0
evaluation__294__clean__shuffled__r3,1024,18,-1,0,-1,0
evaluation__294__clean__shuffled__r4,1024,13,-1,0,-1,0
evaluation__294__clean__shuffled__r5,1024,11,-1,0,-1,0
evaluation__294__clean__shuffled__r6,1024,15,-1,0,-1,0
evaluation__294__clean__shuffled__r7,1024,13,-1,0,-1,0
evaluation__294__clean__shuffled__r8,1024,11,-1,0,-1,0
evaluation__294__clean__shuffled__r9,1024,13,-1,0,-1,0
evaluation__294__clean__noise__r0,1024,2,-1,0,-1,0
evaluation__294__clean__sweep__r0,1024,33,33,46,3,80
evaluation__4155__clean__shuffled__r0,1024,14,-1,0,-1,0
evaluation__4155__clean__shuffled__r1,1024,15,-1,0,-1,0
evaluation__4155__clean__shuffled__r2,1024,15,-1,0,-1,0
evaluation__4155__clean__shuffled__r3,1024,11,-1,0,-1,0
evaluation__4155__clean__shuffled__r4,1024,13,-1,0,-1,0
evaluation__4155__clean__shuffled__r5,1024,12,-1,0,-1,0
evaluation__4155__clean__shuffled__r6,1024,15,-1,0,-1,0
evaluation__4155__clean__shuffled__r7,1024,11,-1,0,-1,0
evaluation__4155__clean__shuffled__r8,1024,16,-1,0,-1,0
evaluation__4155__clean__shuffled__r9,1024,11,-1,0,-1,0
evaluation__4155__clean__noise__r0,1024,2,-1,0,-1,0
evaluation__4155__clean__sweep__r0,1024,35,92,38,92,43
evaluation__6237__clean__shuffled__r0,1024,11,-1,0,-1,0
evaluation__6237__clean__shuffled__r1,1024,10,-1,0,-1,0
evaluation__6237__clean__shuffled__r2,1024,11,-1,0,-1,0
evaluation__6237__clean__shuffled__r3,1024,9,-1,0,-1,0
evaluation__6237__clean__shuffled__r4,1024,15,-1,0,-1,0
evaluation__6237__clean__shuffled__r5,1024,16,-1,0,-1,0
evaluation__6237__clean__shuffled__r6,1024,19,-1,0,-1,0
evaluation__6237__clean__shuffled__r7,1024,12,-1,0,-1,0
evaluation__6237__clean__shuffled__r8,1024,18,-1,0,-1,0
evaluation__6237__clean__shuffled__r9,1024,15,-1,0,-1,0
evaluation__6237__clean__noise__r0,1024,1,-1,0,-1,0
evaluation__6237__clean__sweep__r0,1024,36,226,37,226,38
evaluation__8739__clean__shuffled__r0,1024,9,-1,0,-1,0
evaluation__8739__clean__shuffled__r1,1024,9,-1,0,-1,0
evaluation__8739__clean__shuffled__r2,1024,13,-1,0,-1,0
evaluation__8739__clean__shuffled__r3,1024,16,-1,0,-1,0
evaluation__8739__clean__shuffled__r4,1024,14,-1,0,-1,0
evaluation__8739__clean__shuffled__r5,1024,9,-1,0,-1,0
evaluation__8739__clean__shuffled__r6,1024,23,-1,0,-1,0
evaluation__8739__clean__shuffled__r7,1024,11,-1,0,-1,0
evaluation__8739__clean__shuffled__r8,1024,25,-1,0,1014,1
evaluation__8739__clean__shuffled__r9,1024,18,-1,0,-1,0
evaluation__8739__clean__noise__r0,1024,2,-1,0,-1,0
evaluation__8739__clean__sweep__r0,1024,35,127,52,95,65
evaluation__3671__clean__shuffled__r0,1024,14,-1,0,-1,0
evaluation__3671__clean__shuffled__r1,1024,12,-1,0,-1,0
evaluation__3671__clean__shuffled__r2,1024,8,-1,0,-1,0
evaluation__3671__clean__shuffled__r3,1024,14,-1,0,-1,0
evaluation__3671__clean__shuffled__r4,1024,13,-1,0,-1,0
evaluation__3671__clean__shuffled__r5,1024,11,-1,0,-1,0
evaluation__3671__clean__shuffled__r6,1024,12,-1,0,-1,0
evaluation__3671__clean__shuffled__r7,1024,17,-1,0,-1,0
evaluation__3671__clean__shuffled__r8,1024,18,-1,0,-1,0
evaluation__3671__clean__shuffled__r9,1024,16,-1,0,-1,0
evaluation__3671__clean__noise__r0,1024,1,-1,0,-1,0
evaluation__3671__clean__sweep__r0,1024,49,322,45,322,51
evaluation__4173__clean__shuffled__r0,1024,13,-1,0,-1,0
evaluation__4173__clean__shuffled__r1,1024,19,-1,0,-1,0
evaluation__4173__clean__shuffled__r2,1024,21,-1,0,-1,0
evaluation__4173__clean__shuffled__r3,1024,13,-1,0,-1,0
evaluation__4173__clean__shuffled__r4,1024,9,-1,0,-1,0
evaluation__4173__clean__shuffled__r5,1024,16,-1,0,-1,0
evaluation__4173__clean__shuffled__r6,1024,25,-1,0,704,1
evaluation__4173__clean__shuffled__r7,1024,10,-1,0,-1,0
evaluation__4173__clean__shuffled__r8,1024,11,-1,0,-1,0
evaluation__4173__clean__shuffled__r9,1024,10,-1,0,-1,0
evaluation__4173__clean__noise__r0,1024,1,-1,0,-1,0
evaluation__4173__clean__sweep__r0,1024,39,64,42,32,47
evaluation__8500__clean__shuffled__r0,1024,8,-1,0,-1,0
evaluation__8500__clean__shuffled__r1,1024,11,-1,0,-1,0
evaluation__8500__clean__shuffled__r2,1024,17,-1,0,-1,0
evaluation__8500__clean__shuffled__r3,1024,11,-1,0,-1,0
evaluation__8500__clean__shuffled__r4,1024,13,-1,0,-1,0
evaluation__8500__clean__shuffled__r5,1024,11,-1,0,-1,0
evaluation__8500__clean__shuffled__r6,1024,17,-1,0,-1,0
evaluation__8500__clean__shuffled__r7,1024,18,-1,0,-1,0
evaluation__8500__clean__shuffled__r8,1024,18,-1,0,-1,0
evaluation__8500__clean__shuffled__r9,1024,11,-1,0,-1,0
evaluation__8500__clean__noise__r0,1024,1,-1,0,-1,0
evaluation__8500__clean__sweep__r0,1024,29,321,6,113,23
evaluation__1745__clean__shuffled__r0,1024,13,-1,0,-1,0
evaluation__1745__clean__shuffled__r1,1024,10,-1,0,-1,0
evaluation__1745__clean__shuffled__r2,1024,10,-1,0,-1,0
evaluation__1745__clean__shuffled__r3,1024,9,-1,0,-1,0
evaluation__1745__clean__shuffled__r4,1024,12,-1,0,-1,0
evaluation__1745__clean__shuffled__r5,1024,12,-1,0,-1,0
evaluation__1745__clean__shuffled__r6,1024,17,-1,0,-1,0
evaluation__1745__clean__shuffled__r7,1024,17,-1,0,-1,0
evaluation__1745__clean__shuffled__r8,1024,12,-1,0,-1,0
evaluation__1745__clean__shuffled__r9,1024,9,-1,0,-1,0
evaluation__1745__clean__noise__r0,1024,1,-1,0,-1,0
evaluation__1745__clean__sweep__r0,1024,32,609,18,609,19
evaluation__4860__clean__shuffled__r0,1024,11,-1,0,-1,0
evaluation__4860__clean__shuffled__r1,1024,14,-1,0,-1,0
evaluation__4860__clean__shuffled__r2,1024,12,-1,0,-1,0
evaluation__4860__clean__shuffled__r3,1024,12,-1,0,-1,0
evaluation__4860__clean__shuffled__r4,1024,14,-1,0,-1,0
evaluation__4860__clean__shuffled__r5,1024,11,-1,0,-1,0
evaluation__4860__clean__shuffled__r6,1024,17,-1,0,-1,0
evaluation__4860__clean__shuffled__r7,1024,17,-1,0,-1,0
evaluation__4860__clean__shuffled__r8,1024,20,-1,0,-1,0
evaluation__4860__clean__shuffled__r9,1024,12,-1,0,-1,0
evaluation__4860__clean__noise__r0,1024,1,-1,0,-1,0
evaluation__4860__clean__sweep__r0,1024,40,33,297,33,360
evaluation__7720__clean__shuffled__r0,1024,11,-1,0,-1,0
evaluation__7720__clean__shuffled__r1,1024,9,-1,0,-1,0
evaluation__7720__clean__shuffled__r2,1024,13,-1,0,-1,0
evaluation__7720__clean__shuffled__r3,1024,13,-1,0,-1,0
evaluation__7720__clean__shuffled__r4,1024,8,-1,0,-1,0
evaluation__7720__clean__shuffled__r5,1024,9,-1,0,-1,0
evaluation__7720__clean__shuffled__r6,1024,16,-1,0,-1,0
evaluation__7720__clean__shuffled__r7,1024,17,-1,0,-1,0
evaluation__7720__clean__shuffled__r8,1024,14,-1,0,-1,0
evaluation__7720__clean__shuffled__r9,1024,10,-1,0,-1,0
evaluation__7720__clean__noise__r0,1024,1,-1,0,-1,0
evaluation__7720__clean__sweep__r0,1024,47,35,52,35,65
evaluation__920__clean__shuffled__r0,1024,12,-1,0,-1,0
evaluation__920__clean__shuffled__r1,1024,13,-1,0,-1,0
evaluation__920__clean__shuffled__r2,1024,12,-1,0,-1,0
evaluation__920__clean__shuffled__r3,1024,11,-1,0,-1,0
evaluation__920__clean__shuffled__r4,1024,10,-1,0,-1,0
evaluation__920__clean__shuffled__r5,1024,13,-1,0,-1,0
evaluation__920__clean__shuffled__r6,1024,19,-1,0,-1,0
evaluation__920__clean__shuffled__r7,1024,13,-1,0,-1,0
evaluation__920__clean__shuffled__r8,1024,12,-1,0,-1,0
evaluation__920__clean__shuffled__r9,1024,23,-1,0,-1,0
evaluation__920__clean__noise__r0,1024,2,-1,0,-1,0
evaluation__920__clean__sweep__r0,1024,31,445,9,445,16
evaluation__4127__clean__shuffled__r0,1024,16,-1,0,-1,0
evaluation__4127__clean__shuffled__r1,1024,15,-1,0,-1,0
evaluation__4127__clean__shuffled__r2,1024,10,-1,0,-1,0
evaluation__4127__clean__shuffled__r3,1024,12,-1,0,-1,0
evaluation__4127__clean__shuffled__r4,1024,16,-1,0,-1,0
evaluation__4127__clean__shuffled__r5,1024,13,-1,0,-1,0
evaluation__4127__clean__shuffled__r6,1024,12,-1,0,-1,0
evaluation__4127__clean__shuffled__r7,1024,12,-1,0,-1,0
evaluation__4127__clean__shuffled__r8,1024,15,-1,0,-1,0
evaluation__4127__clean__shuffled__r9,1024,21,-1,0,-1,0
evaluation__4127__clean__noise__r0,1024,1,-1,0,-1,0
evaluation__4127__clean__sweep__r0,1024,32,615,7,615,7
evaluation__6192__clean__shuffled__r0,1024,17,-1,0,-1,0
evaluation__6192__clean__shuffled__r1,1024,10,-1,0,-1,0
evaluation__6192__clean__shuffled__r2,1024,11,-1,0,-1,0
evaluation__6192__clean__shuffled__r3,1024,17,-1,0,-1,0
evaluation__6192__clean__shuffled__r4,1024,10,-1,0,-1,0
evaluation__6192__clean__shuffled__r5,1024,14,-1,0,-1,0
evaluation__6192__clean__shuffled__r6,1024,9,-1,0,-1,0
evaluation__6192__clean__shuffled__r7,1024,12,-1,0,-1,0
evaluation__6192__clean__shuffled__r8,1024,17,-1,0,-1,0
evaluation__6192__clean__shuffled__r9,1024,11,-1,0,-1,0
evaluation__6192__clean__noise__r0,1024,1,-1,0,-1,0
evaluation__6192__clean__sweep__r0,1024,25,-1,0,632,1
evaluation__8534__clean__shuffled__r0,1024,17,-1,0,-1,0
evaluation__8534__clean__shuffled__r1,1024,16,-1,0,-1,0
evaluation__8534__clean__shuffled__r2,1024,17,-1,0,-1,0
evaluation__8534__clean__shuffled__r3,1024,16,-1,0,-1,0
evaluation__8534__clean__shuffled__r4,1024,19,-1,0,-1,0
evaluation__8534__clean__shuffled__r5,1024,13,-1,0,-1,0
evaluation__8534__clean__shuffled__r6,1024,16,-1,0,-1,0
evaluation__8534__clean__shuffled__r7,1024,13,-1,0,-1,0
evaluation__8534__clean__shuffled__r8,1024,11,-1,0,-1,0
evaluation__8534__clean__shuffled__r9,1024,14,-1,0,-1,0
evaluation__8534__clean__noise__r0,1024,1,-1,0,-1,0
evaluation__8534__clean__sweep__r0,1024,28,545,4,545,10
evaluation__3437__clean__shuffled__r0,1024,19,-1,0,-1,0
evaluation__3437__clean__shuffled__r1,1024,12,-1,0,-1,0
evaluation__3437__clean__shuffled__r2,1024,13,-1,0,-1,0
evaluation__3437__clean__shuffled__r3,1024,9,-1,0,-1,0
evaluation__3437__clean__shuffled__r4,1024,16,-1,0,-1,0
evaluation__3437__clean__shuffled__r5,1024,10,-1,0,-1,0
evaluation__3437__clean__shuffled__r6,1024,18,-1,0,-1,0
evaluation__3437__clean__shuffled__r7,1024,16,-1,0,-1,0
evaluation__3437__clean__shuffled__r8,1024,25,-1,0,938,1
evaluation__3437__clean__shuffled__r9,1024,13,-1,0,-1,0
evaluation__3437__clean__noise__r0,1024,1,-1,0,-1,0
evaluation__3437__clean__sweep__r0,1024,39,609,32,609,32
evaluation__5246__clean__shuffled__r0,1024,13,-1,0,-1,0
evaluation__5246__clean__shuffled__r1,1024,16,-1,0,-1,0
evaluation__5246__clean__shuffled__r2,1024,21,-1,0,-1,0
evaluation__5246__clean__shuffled__r3,1024,10,-1,0,-1,0
evaluation__5246__clean__shuffled__r4,1024,11,-1,0,-1,0
evaluation__5246__clean__shuffled__r5,1024,12,-1,0,-1,0
evaluation__5246__clean__shuffled__r6,1024,10,-1,0,-1,0
evaluation__5246__clean__shuffled__r7,1024,13,-1,0,-1,0
evaluation__5246__clean__shuffled__r8,1024,16,-1,0,-1,0
evaluation__5246__clean__shuffled__r9,1024,21,-1,0,-1,0
evaluation__5246__clean__noise__r0,1024,1,-1,0,-1,0
evaluation__5246__clean__sweep__r0,1024,36,609,30,390,38
evaluation__7762__clean__shuffled__r0,1024,15,-1,0,-1,0
evaluation__7762__clean__shuffled__r1,1024,19,-1,0,-1,0
evaluation__7762__clean__shuffled__r2,1024,11,-1,0,-1,0
evaluation__7762__clean__shuffled__r3,1024,16,-1,0,-1,0
evaluation__7762__clean__shuffled__r4,1024,12,-1,0,-1,0
evaluation__7762__clean__shuffled__r5,1024,18,-1,0,-1,0
evaluation__7762__clean__shuffled__r6,1024,14,-1,0,-1,0
evaluation__7762__clean__shuffled__r7,1024,19,-1,0,-1,0
evaluation__7762__clean__shuffled__r8,1024,17,-1,0,-1,0
evaluation__7762__clean__shuffled__r9,1024,15,-1,0,-1,0
evaluation__7762__clean__noise__r0,1024,2,-1,0,-1,0
evaluation__7762__clean__sweep__r0,1024,36,609,31,609,32
evaluation__1011__clean__shuffled__r0,1024,17,-1,0,-1,0
evaluation__1011__clean__shuffled__r1,1024,8,-1,0,-1,0
evaluation__1011__clean__shuffled__r2,1024,10,-1,0,-1,0
evaluation__1011__clean__shuffled__r3,1024,10,-1,0,-1,0
evaluation__1011__clean__shuffled__r4,1024,19,-1,0,-1,0
evaluation__1011__clean__shuffled__r5,1024,15,-1,0,-1,0
evaluation__1011__clean__shuffled__r6,1024,12,-1,0,-1,0
evaluation__1011__clean__shuffled__r7,1024,15,-1,0,-1,0
evaluation__1011__clean__shuffled__r8,1024,14,-1,0,-1,0
evaluation__1011__clean__shuffled__r9,1024,14,-1,0,-1,0
evaluation__1011__clean__noise__r0,1024,1,-1,0,-1,0
evaluation__1011__clean__sweep__r0,1024,47,70,107,42,143
evaluation__3270__clean__shuffled__r0,1024,16,-1,0,-1,0
evaluation__3270__clean__shuffled__r1,1024,11,-1,0,-1,0
evaluation__3270__clean__shuffled__r2,1024,16,-1,0,-1,0
evaluation__3270__clean__shuffled__r3,1024,11,-1,0,-1,0
evaluation__3270__clean__shuffled__r4,1024,9,-1,0,-1,0
evaluation__3270__clean__shuffled__r5,1024,17,-1,0,-1,0
evaluation__3270__clean__shuffled__r6,1024,16,-1,0,-1,0
evaluation__3270__clean__shuffled__r7,1024,9,-1,0,-1,0
evaluation__3270__clean__shuffled__r8,1024,19,-1,0,-1,0
evaluation__3270__clean__shuffled__r9,1024,16,-1,0,-1,0
evaluation__3270__clean__noise__r0,1024,2,-1,0,-1,0
evaluation__3270__clean__sweep__r0,1024,42,63,75,63,100
evaluation__5383__clean__shuffled__r0,1024,11,-1,0,-1,0
evaluation__5383__clean__shuffled__r1,1024,17,-1,0,-1,0
evaluation__5383__clean__shuffled__r2,1024,13,-1,0,-1,0
evaluation__5383__clean__shuffled__r3,1024,15,-1,0,-1,0
evaluation__5383__clean__shuffled__r4,1024,11,-1,0,-1,0
evaluation__5383__clean__shuffled__r5,1024,13,-1,0,-1,0
evaluation__5383__clean__shuffled__r6,1024,17,-1,0,-1,0
evaluation__5383__clean__shuffled__r7,1024,9,-1,0,-1,0
evaluation__5383__clean__shuffled__r8,1024,9,-1,0,-1,0
evaluation__5383__clean__shuffled__r9,1024,15,-1,0,-1,0
evaluation__5383__clean__noise__r0,1024,1,-1,0,-1,0
evaluation__5383__clean__sweep__r0,1024,27,287,4,287,6
evaluation__425__clean__shuffled__r0,1024,16,-1,0,-1,0
evaluation__425__clean__shuffled__r1,1024,10,-1,0,-1,0
evaluation__425__clean__shuffled__r2,1024,16,-1,0,-1,0
evaluation__425__clean__shuffled__r3,1024,11,-1,0,-1,0
evaluation__425__clean__shuffled__r4,1024,18,-1,0,-1,0
evaluation__425__clean__shuffled__r5,1024,11,-1,0,-1,0
evaluation__425__clean__shuffled__r6,1024,21,-1,0,-1,0
evaluation__425__clean__shuffled__r7,1024,12,-1,0,-1,0
evaluation__425__clean__shuffled__r8,1024,12,-1,0,-1,0
evaluation__425__clean__shuffled__r9,1024,11,-1,0,-1,0
evaluation__425__clean__noise__r0,1024,2,-1,0,-1,0
evaluation__425__clean__sweep__r0,1024,35,64,41,64,53
evaluation__5315__clean__shuffled__r0,1024,11,-1,0,-1,0
evaluation__5315__clean__shuffled__r1,1024,16,-1,0,-1,0
evaluation__5315__clean__shuffled__r2,1024,11,-1,0,-1,0
evaluation__5315__clean__shuffled__r3,1024,12,-1,0,-1,0
evaluation__5315__clean__shuffled__r4,1024,13,-1,0,-1,0
evaluation__5315__clean__shuffled__r5,1024,16,-1,0,-1,0
evaluation__5315__clean__shuffled__r6,1024,15,-1,0,-1,0
evaluation__5315__clean__shuffled__r7,1024,17,-1,0,-1,0
evaluation__5315__clean__shuffled__r8,1024,11,-1,0,-1,0
evaluation__5315__clean__shuffled__r9,1024,15,-1,0,-1,0
evaluation__5315__clean__noise__r0,1024,2,-1,0,-1,0
evaluation__5315__clean__sweep__r0,1024,31,28,62,28,108
evaluation__7642__clean__shuffled__r0,1024,25,-1,0,921,1
evaluation__7642__clean__shuffled__r1,1024,16,-1,0,-1,0
evaluation__7642__clean__shuffled__r2,1024,11,-1,0,-1,0
evaluation__7642__clean__shuffled__r3,1024,11,-1,0,-1,0
evaluation__7642__clean__shuffled__r4,1024,12,-1,0,-1,0
evaluation__7642__clean__shuffled__r5,1024,15,-1,0,-1,0
evaluation__7642__clean__shuffled__r6,1024,14,-1,0,-1,0
evaluation__7642__clean__shuffled__r7,1024,16,-1,0,-1,0
evaluation__7642__clean__shuffled__r8,1024,16,-1,0,-1,0
evaluation__7642__clean__shuffled__r9,1024,17,-1,0,-1,0
evaluation__7642__clean__noise__r0,1024,1,-1,0,-1,0
evaluation__7642__clean__sweep__r0,1024,32,609,19,443,27
evaluation__9247__clean__shuffled__r0,1024,13,-1,0,-1,0
evaluation__9247__clean__shuffled__r1,1024,12,-1,0,-1,0
evaluation__9247__clean__shuffled__r2,1024,11,-1,0,-1,0
evaluation__9247__clean__shuffled__r3,1024,11,-1,0,-1,0
evaluation__9247__clean__shuffled__r4,1024,11,-1,0,-1,0
evaluation__9247__clean__shuffled__r5,1024,11,-1,0,-1,0
evaluation__9247__clean__shuffled__r6,1024,13,-1,0,-1,0
evaluation__9247__clean__shuffled__r7,1024,16,-1,0,-1,0
evaluation__9247__clean__shuffled__r8,1024,14,-1,0,-1,0
evaluation__9247__clean__shuffled__r9,1024,13,-1,0,-1,0
evaluation__9247__clean__noise__r0,1024,2,-1,0,-1,0
evaluation__9247__clean__sweep__r0,1024,42,295,35,197,36
fit__4123__clean__shuffled__r0,1024,12,-1,0,-1,0
fit__4123__clean__shuffled__r1,1024,16,-1,0,-1,0
fit__4123__clean__shuffled__r2,1024,21,-1,0,-1,0
fit__4123__clean__shuffled__r3,1024,11,-1,0,-1,0
fit__4123__clean__shuffled__r4,1024,18,-1,0,-1,0
fit__4123__clean__shuffled__r5,1024,16,-1,0,-1,0
fit__4123__clean__shuffled__r6,1024,19,-1,0,-1,0
fit__4123__clean__shuffled__r7,1024,17,-1,0,-1,0
fit__4123__clean__shuffled__r8,1024,13,-1,0,-1,0
fit__4123__clean__shuffled__r9,1024,10,-1,0,-1,0
fit__4123__clean__noise__r0,1024,2,-1,0,-1,0
fit__4123__clean__sweep__r0,1024,35,29,78,28,107
fit__1187__clean__shuffled__r0,1024,7,-1,0,-1,0
fit__1187__clean__shuffled__r1,1024,11,-1,0,-1,0
fit__1187__clean__shuffled__r2,1024,11,-1,0,-1,0
fit__1187__clean__shuffled__r3,1024,18,-1,0,-1,0
fit__1187__clean__shuffled__r4,1024,12,-1,0,-1,0
fit__1187__clean__shuffled__r5,1024,14,-1,0,-1,0
fit__1187__clean__shuffled__r6,1024,15,-1,0,-1,0
fit__1187__clean__shuffled__r7,1024,17,-1,0,-1,0
fit__1187__clean__shuffled__r8,1024,21,-1,0,-1,0
fit__1187__clean__shuffled__r9,1024,14,-1,0,-1,0
fit__1187__clean__noise__r0,1024,1,-1,0,-1,0
fit__1187__clean__sweep__r0,1024,40,609,32,609,32
fit__7166__clean__shuffled__r0,1024,19,-1,0,-1,0
fit__7166__clean__shuffled__r1,1024,15,-1,0,-1,0
fit__7166__clean__shuffled__r2,1024,13,-1,0,-1,0
fit__7166__clean__shuffled__r3,1024,10,-1,0,-1,0
fit__7166__clean__shuffled__r4,1024,11,-1,0,-1,0
fit__7166__clean__shuffled__r5,1024,17,-1,0,-1,0
fit__7166__clean__shuffled__r6,1024,23,-1,0,-1,0
fit__7166__clean__shuffled__r7,1024,15,-1,0,-1,0
fit__7166__clean__shuffled__r8,1024,14,-1,0,-1,0
fit__7166__clean__shuffled__r9,1024,16,-1,0,-1,0
fit__7166__clean__noise__r0,1024,1,-1,0,-1,0
fit__7166__clean__sweep__r0,1024,25,-1,0,350,1
fit__2695__clean__shuffled__r0,1024,21,-1,0,-1,0
fit__2695__clean__shuffled__r1,1024,16,-1,0,-1,0
fit__2695__clean__shuffled__r2,1024,12,-1,0,-1,0
fit__2695__clean__shuffled__r3,1024,13,-1,0,-1,0
fit__2695__clean__shuffled__r4,1024,12,-1,0,-1,0
fit__2695__clean__shuffled__r5,1024,23,-1,0,-1,0
fit__2695__clean__shuffled__r6,1024,15,-1,0,-1,0
fit__2695__clean__shuffled__r7,1024,10,-1,0,-1,0
fit__2695__clean__shuffled__r8,1024,12,-1,0,-1,0
fit__2695__clean__shuffled__r9,1024,17,-1,0,-1,0
fit__2695__clean__noise__r0,1024,1,-1,0,-1,0
fit__2695__clean__sweep__r0,1024,33,446,19,446,23
fit__9171__clean__shuffled__r0,1024,10,-1,0,-1,0
fit__9171__clean__shuffled__r1,1024,12,-1,0,-1,0
fit__9171__clean__shuffled__r2,1024,15,-1,0,-1,0
fit__9171__clean__shuffled__r3,1024,21,-1,0,-1,0
fit__9171__clean__shuffled__r4,1024,14,-1,0,-1,0
fit__9171__clean__shuffled__r5,1024,12,-1,0,-1,0
fit__9171__clean__shuffled__r6,1024,17,-1,0,-1,0
fit__9171__clean__shuffled__r7,1024,17,-1,0,-1,0
fit__9171__clean__shuffled__r8,1024,10,-1,0,-1,0
fit__9171__clean__shuffled__r9,1024,13,-1,0,-1,0
fit__9171__clean__noise__r0,1024,1,-1,0,-1,0
fit__9171__clean__sweep__r0,1024,46,34,145,33,193
fit__3628__clean__shuffled__r0,1024,16,-1,0,-1,0
fit__3628__clean__shuffled__r1,1024,16,-1,0,-1,0
fit__3628__clean__shuffled__r2,1024,13,-1,0,-1,0
fit__3628__clean__shuffled__r3,1024,16,-1,0,-1,0
fit__3628__clean__shuffled__r4,1024,18,-1,0,-1,0
fit__3628__clean__shuffled__r5,1024,15,-1,0,-1,0
fit__3628__clean__shuffled__r6,1024,16,-1,0,-1,0
fit__3628__clean__shuffled__r7,1024,17,-1,0,-1,0
fit__3628__clean__shuffled__r8,1024,11,-1,0,-1,0
fit__3628__clean__shuffled__r9,1024,17,-1,0,-1,0
fit__3628__clean__noise__r0,1024,1,-1,0,-1,0
fit__3628__clean__sweep__r0,1024,37,42,71,35,98
fit__1526__clean__shuffled__r0,1024,11,-1,0,-1,0
fit__1526__clean__shuffled__r1,1024,17,-1,0,-1,0
fit__1526__clean__shuffled__r2,1024,25,-1,0,813,1
fit__1526__clean__shuffled__r3,1024,21,-1,0,-1,0
fit__1526__clean__shuffled__r4,1024,10,-1,0,-1,0
fit__1526__clean__shuffled__r5,1024,18,-1,0,-1,0
fit__1526__clean__shuffled__r6,1024,13,-1,0,-1,0
fit__1526__clean__shuffled__r7,1024,11,-1,0,-1,0
fit__1526__clean__shuffled__r8,1024,21,-1,0,-1,0
fit__1526__clean__shuffled__r9,1024,10,-1,0,-1,0
fit__1526__clean__noise__r0,1024,1,-1,0,-1,0
fit__1526__clean__sweep__r0,1024,36,321,27,161,33
fit__3507__clean__shuffled__r0,1024,16,-1,0,-1,0
fit__3507__clean__shuffled__r1,1024,13,-1,0,-1,0
fit__3507__clean__shuffled__r2,1024,11,-1,0,-1,0
fit__3507__clean__shuffled__r3,1024,23,-1,0,-1,0
fit__3507__clean__shuffled__r4,1024,12,-1,0,-1,0
fit__3507__clean__shuffled__r5,1024,12,-1,0,-1,0
fit__3507__clean__shuffled__r6,1024,23,-1,0,-1,0
fit__3507__clean__shuffled__r7,1024,11,-1,0,-1,0
fit__3507__clean__shuffled__r8,1024,15,-1,0,-1,0
fit__3507__clean__shuffled__r9,1024,12,-1,0,-1,0
fit__3507__clean__noise__r0,1024,1,-1,0,-1,0
fit__3507__clean__sweep__r0,1024,42,609,32,609,33
fit__4259__clean__shuffled__r0,1024,14,-1,0,-1,0
fit__4259__clean__shuffled__r1,1024,13,-1,0,-1,0
fit__4259__clean__shuffled__r2,1024,15,-1,0,-1,0
fit__4259__clean__shuffled__r3,1024,10,-1,0,-1,0
fit__4259__clean__shuffled__r4,1024,12,-1,0,-1,0
fit__4259__clean__shuffled__r5,1024,16,-1,0,-1,0
fit__4259__clean__shuffled__r6,1024,16,-1,0,-1,0
fit__4259__clean__shuffled__r7,1024,10,-1,0,-1,0
fit__4259__clean__shuffled__r8,1024,21,-1,0,-1,0
fit__4259__clean__shuffled__r9,1024,15,-1,0,-1,0
fit__4259__clean__noise__r0,1024,1,-1,0,-1,0
fit__4259__clean__sweep__r0,1024,34,335,30,323,39
fit__9146__clean__shuffled__r0,1024,18,-1,0,-1,0
fit__9146__clean__shuffled__r1,1024,23,-1,0,-1,0
fit__9146__clean__shuffled__r2,1024,11,-1,0,-1,0
fit__9146__clean__shuffled__r3,1024,19,-1,0,-1,0
fit__9146__clean__shuffled__r4,1024,16,-1,0,-1,0
fit__9146__clean__shuffled__r5,1024,10,-1,0,-1,0
fit__9146__clean__shuffled__r6,1024,9,-1,0,-1,0
fit__9146__clean__shuffled__r7,1024,17,-1,0,-1,0
fit__9146__clean__shuffled__r8,1024,18,-1,0,-1,0
fit__9146__clean__shuffled__r9,1024,17,-1,0,-1,0
fit__9146__clean__noise__r0,1024,1,-1,0,-1,0
fit__9146__clean__sweep__r0,1024,43,167,36,101,41
fit__4668__clean__shuffled__r0,1024,10,-1,0,-1,0
fit__4668__clean__shuffled__r1,1024,12,-1,0,-1,0
fit__4668__clean__shuffled__r2,1024,23,-1,0,-1,0
fit__4668__clean__shuffled__r3,1024,21,-1,0,-1,0
fit__4668__clean__shuffled__r4,1024,8,-1,0,-1,0
fit__4668__clean__shuffled__r5,1024,12,-1,0,-1,0
fit__4668__clean__shuffled__r6,1024,11,-1,0,-1,0
fit__4668__clean__shuffled__r7,1024,17,-1,0,-1,0
fit__4668__clean__shuffled__r8,1024,10,-1,0,-1,0
fit__4668__clean__shuffled__r9,1024,16,-1,0,-1,0
fit__4668__clean__noise__r0,1024,3,-1,0,-1,0
fit__4668__clean__sweep__r0,1024,33,610,24,610,28
fit__743__clean__shuffled__r0,1024,14,-1,0,-1,0
fit__743__clean__shuffled__r1,1024,17,-1,0,-1,0
fit__743__clean__shuffled__r2,1024,25,-1,0,728,1
fit__743__clean__shuffled__r3,1024,18,-1,0,-1,0
fit__743__clean__shuffled__r4,1024,11,-1,0,-1,0
fit__743__clean__shuffled__r5,1024,10,-1,0,-1,0
fit__743__clean__shuffled__r6,1024,12,-1,0,-1,0
fit__743__clean__shuffled__r7,1024,10,-1,0,-1,0
fit__743__clean__shuffled__r8,1024,15,-1,0,-1,0
fit__743__clean__shuffled__r9,1024,15,-1,0,-1,0
fit__743__clean__noise__r0,1024,1,-1,0,-1,0
fit__743__clean__sweep__r0,1024,29,322,7,321,12
fit__5929__clean__shuffled__r0,1024,11,-1,0,-1,0
fit__5929__clean__shuffled__r1,1024,17,-1,0,-1,0
fit__5929__clean__shuffled__r2,1024,13,-1,0,-1,0
fit__5929__clean__shuffled__r3,1024,13,-1,0,-1,0
fit__5929__clean__shuffled__r4,1024,16,-1,0,-1,0
fit__5929__clean__shuffled__r5,1024,12,-1,0,-1,0
fit__5929__clean__shuffled__r6,1024,12,-1,0,-1,0
fit__5929__clean__shuffled__r7,1024,10,-1,0,-1,0
fit__5929__clean__shuffled__r8,1024,13,-1,0,-1,0
fit__5929__clean__shuffled__r9,1024,18,-1,0,-1,0
fit__5929__clean__noise__r0,1024,2,-1,0,-1,0
fit__5929__clean__sweep__r0,1024,37,231,24,173,27
fit__2021__clean__shuffled__r0,1024,17,-1,0,-1,0
fit__2021__clean__shuffled__r1,1024,13,-1,0,-1,0
fit__2021__clean__shuffled__r2,1024,15,-1,0,-1,0
fit__2021__clean__shuffled__r3,1024,10,-1,0,-1,0
fit__2021__clean__shuffled__r4,1024,17,-1,0,-1,0
fit__2021__clean__shuffled__r5,1024,13,-1,0,-1,0
fit__2021__clean__shuffled__r6,1024,17,-1,0,-1,0
fit__2021__clean__shuffled__r7,1024,15,-1,0,-1,0
fit__2021__clean__shuffled__r8,1024,11,-1,0,-1,0
fit__2021__clean__shuffled__r9,1024,15,-1,0,-1,0
fit__2021__clean__noise__r0,1024,1,-1,0,-1,0
fit__2021__clean__sweep__r0,1024,31,324,19,324,27
fit__8256__clean__shuffled__r0,1024,17,-1,0,-1,0
fit__8256__clean__shuffled__r1,1024,10,-1,0,-1,0
fit__8256__clean__shuffled__r2,1024,14,-1,0,-1,0
fit__8256__clean__shuffled__r3,1024,11,-1,0,-1,0
fit__8256__clean__shuffled__r4,1024,19,-1,0,-1,0
fit__8256__clean__shuffled__r5,1024,11,-1,0,-1,0
fit__8256__clean__shuffled__r6,1024,17,-1,0,-1,0
fit__8256__clean__shuffled__r7,1024,13,-1,0,-1,0
fit__8256__clean__shuffled__r8,1024,10,-1,0,-1,0
fit__8256__clean__shuffled__r9,1024,18,-1,0,-1,0
fit__8256__clean__noise__r0,1024,2,-1,0,-1,0
fit__8256__clean__sweep__r0,1024,37,62,63,49,83
fit__4336__clean__shuffled__r0,1024,11,-1,0,-1,0
fit__4336__clean__shuffled__r1,1024,12,-1,0,-1,0
fit__4336__clean__shuffled__r2,1024,15,-1,0,-1,0
fit__4336__clean__shuffled__r3,1024,23,-1,0,-1,0
fit__4336__clean__shuffled__r4,1024,21,-1,0,-1,0
fit__4336__clean__shuffled__r5,1024,18,-1,0,-1,0
fit__4336__clean__shuffled__r6,1024,17,-1,0,-1,0
fit__4336__clean__shuffled__r7,1024,10,-1,0,-1,0
fit__4336__clean__shuffled__r8,1024,17,-1,0,-1,0
fit__4336__clean__shuffled__r9,1024,12,-1,0,-1,0
fit__4336__clean__noise__r0,1024,3,-1,0,-1,0
fit__4336__clean__sweep__r0,1024,34,59,33,2,49
calibration__3421__clean__shuffled__r0,1024,21,-1,0,-1,0
calibration__3421__clean__shuffled__r1,1024,16,-1,0,-1,0
calibration__3421__clean__shuffled__r2,1024,12,-1,0,-1,0
calibration__3421__clean__shuffled__r3,1024,12,-1,0,-1,0
calibration__3421__clean__shuffled__r4,1024,17,-1,0,-1,0
calibration__3421__clean__shuffled__r5,1024,21,-1,0,-1,0
calibration__3421__clean__shuffled__r6,1024,16,-1,0,-1,0
calibration__3421__clean__shuffled__r7,1024,16,-1,0,-1,0
calibration__3421__clean__shuffled__r8,1024,16,-1,0,-1,0
calibration__3421__clean__shuffled__r9,1024,9,-1,0,-1,0
calibration__3421__clean__noise__r0,1024,1,-1,0,-1,0
calibration__3421__clean__sweep__r0,1024,38,498,33,498,34
calibration__738__clean__shuffled__r0,1024,11,-1,0,-1,0
calibration__738__clean__shuffled__r1,1024,18,-1,0,-1,0
calibration__738__clean__shuffled__r2,1024,11,-1,0,-1,0
calibration__738__clean__shuffled__r3,1024,10,-1,0,-1,0
calibration__738__clean__shuffled__r4,1024,10,-1,0,-1,0
calibration__738__clean__shuffled__r5,1024,16,-1,0,-1,0
calibration__738__clean__shuffled__r6,1024,9,-1,0,-1,0
calibration__738__clean__shuffled__r7,1024,14,-1,0,-1,0
calibration__738__clean__shuffled__r8,1024,11,-1,0,-1,0
calibration__738__clean__shuffled__r9,1024,11,-1,0,-1,0
calibration__738__clean__noise__r0,1024,2,-1,0,-1,0
calibration__738__clean__sweep__r0,1024,42,3,113,3,147
calibration__6417__clean__shuffled__r0,1024,13,-1,0,-1,0
calibration__6417__clean__shuffled__r1,1024,11,-1,0,-1,0
calibration__6417__clean__shuffled__r2,1024,20,-1,0,-1,0
calibration__6417__clean__shuffled__r3,1024,12,-1,0,-1,0
calibration__6417__clean__shuffled__r4,1024,14,-1,0,-1,0
calibration__6417__clean__shuffled__r5,1024,10,-1,0,-1,0
calibration__6417__clean__shuffled__r6,1024,18,-1,0,-1,0
calibration__6417__clean__shuffled__r7,1024,10,-1,0,-1,0
calibration__6417__clean__shuffled__r8,1024,13,-1,0,-1,0
calibration__6417__clean__shuffled__r9,1024,16,-1,0,-1,0
calibration__6417__clean__noise__r0,1024,1,-1,0,-1,0
calibration__6417__clean__sweep__r0,1024,27,616,2,616,4
calibration__2985__clean__shuffled__r0,1024,23,-1,0,-1,0
calibration__2985__clean__shuffled__r1,1024,11,-1,0,-1,0
calibration__2985__clean__shuffled__r2,1024,16,-1,0,-1,0
calibration__2985__clean__shuffled__r3,1024,18,-1,0,-1,0
calibration__2985__clean__shuffled__r4,1024,10,-1,0,-1,0
calibration__2985__clean__shuffled__r5,1024,9,-1,0,-1,0
calibration__2985__clean__shuffled__r6,1024,15,-1,0,-1,0
calibration__2985__clean__shuffled__r7,1024,16,-1,0,-1,0
calibration__2985__clean__shuffled__r8,1024,9,-1,0,-1,0
calibration__2985__clean__shuffled__r9,1024,16,-1,0,-1,0
calibration__2985__clean__noise__r0,1024,1,-1,0,-1,0
calibration__2985__clean__sweep__r0,1024,31,609,18,227,26
calibration__9917__clean__shuffled__r0,1024,11,-1,0,-1,0
calibration__9917__clean__shuffled__r1,1024,14,-1,0,-1,0
calibration__9917__clean__shuffled__r2,1024,17,-1,0,-1,0
calibration__9917__clean__shuffled__r3,1024,17,-1,0,-1,0
calibration__9917__clean__shuffled__r4,1024,12,-1,0,-1,0
calibration__9917__clean__shuffled__r5,1024,17,-1,0,-1,0
calibration__9917__clean__shuffled__r6,1024,16,-1,0,-1,0
calibration__9917__clean__shuffled__r7,1024,23,-1,0,-1,0
calibration__9917__clean__shuffled__r8,1024,18,-1,0,-1,0
calibration__9917__clean__shuffled__r9,1024,14,-1,0,-1,0
calibration__9917__clean__noise__r0,1024,1,-1,0,-1,0
calibration__9917__clean__sweep__r0,1024,38,226,32,226,35
calibration__6769__clean__shuffled__r0,1024,16,-1,0,-1,0
calibration__6769__clean__shuffled__r1,1024,14,-1,0,-1,0
calibration__6769__clean__shuffled__r2,1024,25,-1,0,290,1
calibration__6769__clean__shuffled__r3,1024,19,-1,0,-1,0
calibration__6769__clean__shuffled__r4,1024,11,-1,0,-1,0
calibration__6769__clean__shuffled__r5,1024,14,-1,0,-1,0
calibration__6769__clean__shuffled__r6,1024,9,-1,0,-1,0
calibration__6769__clean__shuffled__r7,1024,17,-1,0,-1,0
calibration__6769__clean__shuffled__r8,1024,10,-1,0,-1,0
calibration__6769__clean__shuffled__r9,1024,10,-1,0,-1,0
calibration__6769__clean__noise__r0,1024,1,-1,0,-1,0
calibration__6769__clean__sweep__r0,1024,44,33,62,33,72
calibration__807__clean__shuffled__r0,1024,12,-1,0,-1,0
calibration__807__clean__shuffled__r1,1024,11,-1,0,-1,0
calibration__807__clean__shuffled__r2,1024,12,-1,0,-1,0
calibration__807__clean__shuffled__r3,1024,20,-1,0,-1,0
calibration__807__clean__shuffled__r4,1024,20,-1,0,-1,0
calibration__807__clean__shuffled__r5,1024,11,-1,0,-1,0
calibration__807__clean__shuffled__r6,1024,12,-1,0,-1,0
calibration__807__clean__shuffled__r7,1024,10,-1,0,-1,0
calibration__807__clean__shuffled__r8,1024,16,-1,0,-1,0
calibration__807__clean__shuffled__r9,1024,12,-1,0,-1,0
calibration__807__clean__noise__r0,1024,1,-1,0,-1,0
calibration__807__clean__sweep__r0,1024,37,609,31,326,33
calibration__7422__clean__shuffled__r0,1024,16,-1,0,-1,0
calibration__7422__clean__shuffled__r1,1024,16,-1,0,-1,0
calibration__7422__clean__shuffled__r2,1024,12,-1,0,-1,0
calibration__7422__clean__shuffled__r3,1024,11,-1,0,-1,0
calibration__7422__clean__shuffled__r4,1024,15,-1,0,-1,0
calibration__7422__clean__shuffled__r5,1024,19,-1,0,-1,0
calibration__7422__clean__shuffled__r6,1024,20,-1,0,-1,0
calibration__7422__clean__shuffled__r7,1024,11,-1,0,-1,0
calibration__7422__clean__shuffled__r8,1024,15,-1,0,-1,0
calibration__7422__clean__shuffled__r9,1024,14,-1,0,-1,0
calibration__7422__clean__noise__r0,1024,3,-1,0,-1,0
calibration__7422__clean__sweep__r0,1024,40,286,42,116,55
calibration__1908__clean__shuffled__r0,1024,11,-1,0,-1,0
calibration__1908__clean__shuffled__r1,1024,12,-1,0,-1,0
calibration__1908__clean__shuffled__r2,1024,11,-1,0,-1,0
calibration__1908__clean__shuffled__r3,1024,23,-1,0,-1,0
calibration__1908__clean__shuffled__r4,1024,14,-1,0,-1,0
calibration__1908__clean__shuffled__r5,1024,13,-1,0,-1,0
calibration__1908__clean__shuffled__r6,1024,13,-1,0,-1,0
calibration__1908__clean__shuffled__r7,1024,11,-1,0,-1,0
calibration__1908__clean__shuffled__r8,1024,12,-1,0,-1,0
calibration__1908__clean__shuffled__r9,1024,13,-1,0,-1,0
calibration__1908__clean__noise__r0,1024,1,-1,0,-1,0
calibration__1908__clean__sweep__r0,1024,38,290,43,290,50
calibration__9640__clean__shuffled__r0,1024,12,-1,0,-1,0
calibration__9640__clean__shuffled__r1,1024,17,-1,0,-1,0
calibration__9640__clean__shuffled__r2,1024,17,-1,0,-1,0
calibration__9640__clean__shuffled__r3,1024,12,-1,0,-1,0
calibration__9640__clean__shuffled__r4,1024,11,-1,0,-1,0
calibration__9640__clean__shuffled__r5,1024,12,-1,0,-1,0
calibration__9640__clean__shuffled__r6,1024,12,-1,0,-1,0
calibration__9640__clean__shuffled__r7,1024,13,-1,0,-1,0
calibration__9640__clean__shuffled__r8,1024,15,-1,0,-1,0
calibration__9640__clean__shuffled__r9,1024,11,-1,0,-1,0
calibration__9640__clean__noise__r0,1024,1,-1,0,-1,0
calibration__9640__clean__sweep__r0,1024,36,36,65,35,75
calibration__6803__clean__shuffled__r0,1024,13,-1,0,-1,0
calibration__6803__clean__shuffled__r1,1024,13,-1,0,-1,0
calibration__6803__clean__shuffled__r2,1024,11,-1,0,-1,0
calibration__6803__clean__shuffled__r3,1024,15,-1,0,-1,0
calibration__6803__clean__shuffled__r4,1024,20,-1,0,-1,0
calibration__6803__clean__shuffled__r5,1024,15,-1,0,-1,0
calibration__6803__clean__shuffled__r6,1024,12,-1,0,-1,0
calibration__6803__clean__shuffled__r7,1024,15,-1,0,-1,0
calibration__6803__clean__shuffled__r8,1024,16,-1,0,-1,0
calibration__6803__clean__shuffled__r9,1024,14,-1,0,-1,0
calibration__6803__clean__noise__r0,1024,1,-1,0,-1,0
calibration__6803__clean__sweep__r0,1024,43,37,66,37,88
calibration__99__clean__shuffled__r0,1024,19,-1,0,-1,0
calibration__99__clean__shuffled__r1,1024,17,-1,0,-1,0
calibration__99__clean__shuffled__r2,1024,11,-1,0,-1,0
calibration__99__clean__shuffled__r3,1024,9,-1,0,-1,0
calibration__99__clean__shuffled__r4,1024,10,-1,0,-1,0
calibration__99__clean__shuffled__r5,1024,16,-1,0,-1,0
calibration__99__clean__shuffled__r6,1024,20,-1,0,-1,0
calibration__99__clean__shuffled__r7,1024,11,-1,0,-1,0
calibration__99__clean__shuffled__r8,1024,13,-1,0,-1,0
calibration__99__clean__shuffled__r9,1024,17,-1,0,-1,0
calibration__99__clean__noise__r0,1024,3,-1,0,-1,0
calibration__99__clean__sweep__r0,1024,36,58,53,28,67
calibration__5811__clean__shuffled__r0,1024,15,-1,0,-1,0
calibration__5811__clean__shuffled__r1,1024,12,-1,0,-1,0
calibration__5811__clean__shuffled__r2,1024,13,-1,0,-1,0
calibration__5811__clean__shuffled__r3,1024,13,-1,0,-1,0
calibration__5811__clean__shuffled__r4,1024,11,-1,0,-1,0
calibration__5811__clean__shuffled__r5,1024,12,-1,0,-1,0
calibration__5811__clean__shuffled__r6,1024,15,-1,0,-1,0
calibration__5811__clean__shuffled__r7,1024,10,-1,0,-1,0
calibration__5811__clean__shuffled__r8,1024,12,-1,0,-1,0
calibration__5811__clean__shuffled__r9,1024,13,-1,0,-1,0
calibration__5811__clean__noise__r0,1024,1,-1,0,-1,0
calibration__5811__clean__sweep__r0,1024,42,3,372,2,404
calibration__3803__clean__shuffled__r0,1024,11,-1,0,-1,0
calibration__3803__clean__shuffled__r1,1024,12,-1,0,-1,0
calibration__3803__clean__shuffled__r2,1024,11,-1,0,-1,0
calibration__3803__clean__shuffled__r3,1024,18,-1,0,-1,0
calibration__3803__clean__shuffled__r4,1024,15,-1,0,-1,0
calibration__3803__clean__shuffled__r5,1024,16,-1,0,-1,0
calibration__3803__clean__shuffled__r6,1024,12,-1,0,-1,0
calibration__3803__clean__shuffled__r7,1024,12,-1,0,-1,0
calibration__3803__clean__shuffled__r8,1024,16,-1,0,-1,0
calibration__3803__clean__shuffled__r9,1024,16,-1,0,-1,0
calibration__3803__clean__noise__r0,1024,3,-1,0,-1,0
calibration__3803__clean__sweep__r0,1024,41,65,47,33,62
calibration__7030__clean__shuffled__r0,1024,17,-1,0,-1,0
calibration__7030__clean__shuffled__r1,1024,9,-1,0,-1,0
calibration__7030__clean__shuffled__r2,1024,16,-1,0,-1,0
calibration__7030__clean__shuffled__r3,1024,19,-1,0,-1,0
calibration__7030__clean__shuffled__r4,1024,13,-1,0,-1,0
calibration__7030__clean__shuffled__r5,1024,15,-1,0,-1,0
calibration__7030__clean__shuffled__r6,1024,16,-1,0,-1,0
calibration__7030__clean__shuffled__r7,1024,12,-1,0,-1,0
calibration__7030__clean__shuffled__r8,1024,21,-1,0,-1,0
calibration__7030__clean__shuffled__r9,1024,15,-1,0,-1,0
calibration__7030__clean__noise__r0,1024,1,-1,0,-1,0
calibration__7030__clean__sweep__r0,1024,34,549,24,322,31
calibration__5945__clean__shuffled__r0,1024,10,-1,0,-1,0
calibration__5945__clean__shuffled__r1,1024,16,-1,0,-1,0
calibration__5945__clean__shuffled__r2,1024,15,-1,0,-1,0
calibration__5945__clean__shuffled__r3,1024,15,-1,0,-1,0
calibration__5945__clean__shuffled__r4,1024,11,-1,0,-1,0
calibration__5945__clean__shuffled__r5,1024,13,-1,0,-1,0
calibration__5945__clean__shuffled__r6,1024,25,-1,0,711,1
calibration__5945__clean__shuffled__r7,1024,9,-1,0,-1,0
calibration__5945__clean__shuffled__r8,1024,13,-1,0,-1,0
calibration__5945__clean__shuffled__r9,1024,13,-1,0,-1,0
calibration__5945__clean__noise__r0,1024,1,-1,0,-1,0
calibration__5945__clean__sweep__r0,1024,27,621,3,614,6
evaluation__791__clean__shuffled__r0,1024,18,-1,0,-1,0
evaluation__791__clean__shuffled__r1,1024,15,-1,0,-1,0
evaluation__791__clean__shuffled__r2,1024,15,-1,0,-1,0
evaluation__791__clean__shuffled__r3,1024,12,-1,0,-1,0
evaluation__791__clean__shuffled__r4,1024,17,-1,0,-1,0
evaluation__791__clean__shuffled__r5,1024,15,-1,0,-1,0
evaluation__791__clean__shuffled__r6,1024,16,-1,0,-1,0
evaluation__791__clean__shuffled__r7,1024,16,-1,0,-1,0
evaluation__791__clean__shuffled__r8,1024,11,-1,0,-1,0
evaluation__791__clean__shuffled__r9,1024,16,-1,0,-1,0
evaluation__791__clean__noise__r0,1024,2,-1,0,-1,0
evaluation__791__clean__sweep__r0,1024,40,123,52,62,74
evaluation__5857__clean__shuffled__r0,1024,20,-1,0,-1,0
evaluation__5857__clean__shuffled__r1,1024,8,-1,0,-1,0
evaluation__5857__clean__shuffled__r2,1024,23,-1,0,-1,0
evaluation__5857__clean__shuffled__r3,1024,23,-1,0,-1,0
evaluation__5857__clean__shuffled__r4,1024,9,-1,0,-1,0
evaluation__5857__clean__shuffled__r5,1024,19,-1,0,-1,0
evaluation__5857__clean__shuffled__r6,1024,12,-1,0,-1,0
evaluation__5857__clean__shuffled__r7,1024,10,-1,0,-1,0
evaluation__5857__clean__shuffled__r8,1024,21,-1,0,-1,0
evaluation__5857__clean__shuffled__r9,1024,12,-1,0,-1,0
evaluation__5857__clean__noise__r0,1024,1,-1,0,-1,0
evaluation__5857__clean__sweep__r0,1024,34,447,29,327,32
evaluation__8031__clean__shuffled__r0,1024,9,-1,0,-1,0
evaluation__8031__clean__shuffled__r1,1024,12,-1,0,-1,0
evaluation__8031__clean__shuffled__r2,1024,14,-1,0,-1,0
evaluation__8031__clean__shuffled__r3,1024,17,-1,0,-1,0
evaluation__8031__clean__shuffled__r4,1024,9,-1,0,-1,0
evaluation__8031__clean__shuffled__r5,1024,21,-1,0,-1,0
evaluation__8031__clean__shuffled__r6,1024,12,-1,0,-1,0
evaluation__8031__clean__shuffled__r7,1024,21,-1,0,-1,0
evaluation__8031__clean__shuffled__r8,1024,9,-1,0,-1,0
evaluation__8031__clean__shuffled__r9,1024,12,-1,0,-1,0
evaluation__8031__clean__noise__r0,1024,1,-1,0,-1,0
evaluation__8031__clean__sweep__r0,1024,39,191,50,125,65
evaluation__9991__clean__shuffled__r0,1024,9,-1,0,-1,0
evaluation__9991__clean__shuffled__r1,1024,11,-1,0,-1,0
evaluation__9991__clean__shuffled__r2,1024,12,-1,0,-1,0
evaluation__9991__clean__shuffled__r3,1024,17,-1,0,-1,0
evaluation__9991__clean__shuffled__r4,1024,19,-1,0,-1,0
evaluation__9991__clean__shuffled__r5,1024,14,-1,0,-1,0
evaluation__9991__clean__shuffled__r6,1024,13,-1,0,-1,0
evaluation__9991__clean__shuffled__r7,1024,16,-1,0,-1,0
evaluation__9991__clean__shuffled__r8,1024,16,-1,0,-1,0
evaluation__9991__clean__shuffled__r9,1024,16,-1,0,-1,0
evaluation__9991__clean__noise__r0,1024,1,-1,0,-1,0
evaluation__9991__clean__sweep__r0,1024,35,50,33,50,34
evaluation__1882__clean__shuffled__r0,1024,18,-1,0,-1,0
evaluation__1882__clean__shuffled__r1,1024,19,-1,0,-1,0
evaluation__1882__clean__shuffled__r2,1024,13,-1,0,-1,0
evaluation__1882__clean__shuffled__r3,1024,10,-1,0,-1,0
evaluation__1882__clean__shuffled__r4,1024,13,-1,0,-1,0
evaluation__1882__clean__shuffled__r5,1024,10,-1,0,-1,0
evaluation__1882__clean__shuffled__r6,1024,13,-1,0,-1,0
evaluation__1882__clean__shuffled__r7,1024,12,-1,0,-1,0
evaluation__1882__clean__shuffled__r8,1024,15,-1,0,-1,0
evaluation__1882__clean__shuffled__r9,1024,15,-1,0,-1,0
evaluation__1882__clean__noise__r0,1024,1,-1,0,-1,0
evaluation__1882__clean__sweep__r0,1024,48,230,51,37,66
evaluation__6789__clean__shuffled__r0,1024,16,-1,0,-1,0
evaluation__6789__clean__shuffled__r1,1024,21,-1,0,-1,0
evaluation__6789__clean__shuffled__r2,1024,17,-1,0,-1,0
evaluation__6789__clean__shuffled__r3,1024,12,-1,0,-1,0
evaluation__6789__clean__shuffled__r4,1024,14,-1,0,-1,0
evaluation__6789__clean__shuffled__r5,1024,19,-1,0,-1,0
evaluation__6789__clean__shuffled__r6,1024,10,-1,0,-1,0
evaluation__6789__clean__shuffled__r7,1024,16,-1,0,-1,0
evaluation__6789__clean__shuffled__r8,1024,13,-1,0,-1,0
evaluation__6789__clean__shuffled__r9,1024,15,-1,0,-1,0
evaluation__6789__clean__noise__r0,1024,1,-1,0,-1,0
evaluation__6789__clean__sweep__r0,1024,41,37,47,37,51
evaluation__8366__clean__shuffled__r0,1024,18,-1,0,-1,0
evaluation__8366__clean__shuffled__r1,1024,15,-1,0,-1,0
evaluation__8366__clean__shuffled__r2,1024,16,-1,0,-1,0
evaluation__8366__clean__shuffled__r3,1024,12,-1,0,-1,0
evaluation__8366__clean__shuffled__r4,1024,14,-1,0,-1,0
evaluation__8366__clean__shuffled__r5,1024,11,-1,0,-1,0
evaluation__8366__clean__shuffled__r6,1024,10,-1,0,-1,0
evaluation__8366__clean__shuffled__r7,1024,15,-1,0,-1,0
evaluation__8366__clean__shuffled__r8,1024,12,-1,0,-1,0
evaluation__8366__clean__shuffled__r9,1024,11,-1,0,-1,0
evaluation__8366__clean__noise__r0,1024,3,-1,0,-1,0
evaluation__8366__clean__sweep__r0,1024,27,424,11,322,18
evaluation__1709__clean__shuffled__r0,1024,10,-1,0,-1,0
evaluation__1709__clean__shuffled__r1,1024,16,-1,0,-1,0
evaluation__1709__clean__shuffled__r2,1024,15,-1,0,-1,0
evaluation__1709__clean__shuffled__r3,1024,11,-1,0,-1,0
evaluation__1709__clean__shuffled__r4,1024,16,-1,0,-1,0
evaluation__1709__clean__shuffled__r5,1024,12,-1,0,-1,0
evaluation__1709__clean__shuffled__r6,1024,10,-1,0,-1,0
evaluation__1709__clean__shuffled__r7,1024,10,-1,0,-1,0
evaluation__1709__clean__shuffled__r8,1024,10,-1,0,-1,0
evaluation__1709__clean__shuffled__r9,1024,11,-1,0,-1,0
evaluation__1709__clean__noise__r0,1024,1,-1,0,-1,0
evaluation__1709__clean__sweep__r0,1024,38,486,35,481,38
evaluation__4035__clean__shuffled__r0,1024,16,-1,0,-1,0
evaluation__4035__clean__shuffled__r1,1024,16,-1,0,-1,0
evaluation__4035__clean__shuffled__r2,1024,14,-1,0,-1,0
evaluation__4035__clean__shuffled__r3,1024,15,-1,0,-1,0
evaluation__4035__clean__shuffled__r4,1024,18,-1,0,-1,0
evaluation__4035__clean__shuffled__r5,1024,19,-1,0,-1,0
evaluation__4035__clean__shuffled__r6,1024,12,-1,0,-1,0
evaluation__4035__clean__shuffled__r7,1024,15,-1,0,-1,0
evaluation__4035__clean__shuffled__r8,1024,10,-1,0,-1,0
evaluation__4035__clean__shuffled__r9,1024,18,-1,0,-1,0
evaluation__4035__clean__noise__r0,1024,3,-1,0,-1,0
evaluation__4035__clean__sweep__r0,1024,48,3,419,3,469
evaluation__7855__clean__shuffled__r0,1024,15,-1,0,-1,0
evaluation__7855__clean__shuffled__r1,1024,13,-1,0,-1,0
evaluation__7855__clean__shuffled__r2,1024,10,-1,0,-1,0
evaluation__7855__clean__shuffled__r3,1024,9,-1,0,-1,0
evaluation__7855__clean__shuffled__r4,1024,21,-1,0,-1,0
evaluation__7855__clean__shuffled__r5,1024,9,-1,0,-1,0
evaluation__7855__clean__shuffled__r6,1024,11,-1,0,-1,0
evaluation__7855__clean__shuffled__r7,1024,13,-1,0,-1,0
evaluation__7855__clean__shuffled__r8,1024,15,-1,0,-1,0
evaluation__7855__clean__shuffled__r9,1024,17,-1,0,-1,0
evaluation__7855__clean__noise__r0,1024,1,-1,0,-1,0
evaluation__7855__clean__sweep__r0,1024,35,609,29,609,29
evaluation__1518__clean__shuffled__r0,1024,11,-1,0,-1,0
evaluation__1518__clean__shuffled__r1,1024,14,-1,0,-1,0
evaluation__1518__clean__shuffled__r2,1024,17,-1,0,-1,0
evaluation__1518__clean__shuffled__r3,1024,16,-1,0,-1,0
evaluation__1518__clean__shuffled__r4,1024,14,-1,0,-1,0
evaluation__1518__clean__shuffled__r5,1024,10,-1,0,-1,0
evaluation__1518__clean__shuffled__r6,1024,21,-1,0,-1,0
evaluation__1518__clean__shuffled__r7,1024,21,-1,0,-1,0
evaluation__1518__clean__shuffled__r8,1024,15,-1,0,-1,0
evaluation__1518__clean__shuffled__r9,1024,10,-1,0,-1,0
evaluation__1518__clean__noise__r0,1024,1,-1,0,-1,0
evaluation__1518__clean__sweep__r0,1024,35,609,25,328,29
evaluation__4785__clean__shuffled__r0,1024,18,-1,0,-1,0
evaluation__4785__clean__shuffled__r1,1024,10,-1,0,-1,0
evaluation__4785__clean__shuffled__r2,1024,8,-1,0,-1,0
evaluation__4785__clean__shuffled__r3,1024,13,-1,0,-1,0
evaluation__4785__clean__shuffled__r4,1024,13,-1,0,-1,0
evaluation__4785__clean__shuffled__r5,1024,8,-1,0,-1,0
evaluation__4785__clean__shuffled__r6,1024,18,-1,0,-1,0
evaluation__4785__clean__shuffled__r7,1024,11,-1,0,-1,0
evaluation__4785__clean__shuffled__r8,1024,10,-1,0,-1,0
evaluation__4785__clean__shuffled__r9,1024,23,-1,0,-1,0
evaluation__4785__clean__noise__r0,1024,1,-1,0,-1,0
evaluation__4785__clean__sweep__r0,1024,30,329,14,329,21
evaluation__6340__clean__shuffled__r0,1024,14,-1,0,-1,0
evaluation__6340__clean__shuffled__r1,1024,17,-1,0,-1,0
evaluation__6340__clean__shuffled__r2,1024,8,-1,0,-1,0
evaluation__6340__clean__shuffled__r3,1024,16,-1,0,-1,0
evaluation__6340__clean__shuffled__r4,1024,10,-1,0,-1,0
evaluation__6340__clean__shuffled__r5,1024,9,-1,0,-1,0
evaluation__6340__clean__shuffled__r6,1024,16,-1,0,-1,0
evaluation__6340__clean__shuffled__r7,1024,16,-1,0,-1,0
evaluation__6340__clean__shuffled__r8,1024,17,-1,0,-1,0
evaluation__6340__clean__shuffled__r9,1024,15,-1,0,-1,0
evaluation__6340__clean__noise__r0,1024,2,-1,0,-1,0
evaluation__6340__clean__sweep__r0,1024,43,34,66,34,79
evaluation__9839__clean__shuffled__r0,1024,15,-1,0,-1,0
evaluation__9839__clean__shuffled__r1,1024,18,-1,0,-1,0
evaluation__9839__clean__shuffled__r2,1024,14,-1,0,-1,0
evaluation__9839__clean__shuffled__r3,1024,10,-1,0,-1,0
evaluation__9839__clean__shuffled__r4,1024,17,-1,0,-1,0
evaluation__9839__clean__shuffled__r5,1024,11,-1,0,-1,0
evaluation__9839__clean__shuffled__r6,1024,13,-1,0,-1,0
evaluation__9839__clean__shuffled__r7,1024,16,-1,0,-1,0
evaluation__9839__clean__shuffled__r8,1024,11,-1,0,-1,0
evaluation__9839__clean__shuffled__r9,1024,9,-1,0,-1,0
evaluation__9839__clean__noise__r0,1024,1,-1,0,-1,0
evaluation__9839__clean__sweep__r0,1024,37,609,28,609,29
evaluation__3692__clean__shuffled__r0,1024,16,-1,0,-1,0
evaluation__3692__clean__shuffled__r1,1024,21,-1,0,-1,0
evaluation__3692__clean__shuffled__r2,1024,12,-1,0,-1,0
evaluation__3692__clean__shuffled__r3,1024,14,-1,0,-1,0
evaluation__3692__clean__shuffled__r4,1024,25,-1,0,736,1
evaluation__3692__clean__shuffled__r5,1024,23,-1,0,-1,0
evaluation__3692__clean__shuffled__r6,1024,9,-1,0,-1,0
evaluation__3692__clean__shuffled__r7,1024,9,-1,0,-1,0
evaluation__3692__clean__shuffled__r8,1024,10,-1,0,-1,0
evaluation__3692__clean__shuffled__r9,1024,20,-1,0,-1,0
evaluation__3692__clean__noise__r0,1024,1,-1,0,-1,0
evaluation__3692__clean__sweep__r0,1024,37,609,29,609,32
evaluation__4362__clean__shuffled__r0,1024,21,-1,0,-1,0
evaluation__4362__clean__shuffled__r1,1024,11,-1,0,-1,0
evaluation__4362__clean__shuffled__r2,1024,9,-1,0,-1,0
evaluation__4362__clean__shuffled__r3,1024,15,-1,0,-1,0
evaluation__4362__clean__shuffled__r4,1024,11,-1,0,-1,0
evaluation__4362__clean__shuffled__r5,1024,14,-1,0,-1,0
evaluation__4362__clean__shuffled__r6,1024,21,-1,0,-1,0
evaluation__4362__clean__shuffled__r7,1024,16,-1,0,-1,0
evaluation__4362__clean__shuffled__r8,1024,21,-1,0,-1,0
evaluation__4362__clean__shuffled__r9,1024,20,-1,0,-1,0
evaluation__4362__clean__noise__r0,1024,1,-1,0,-1,0
evaluation__4362__clean__sweep__r0,1024,33,609,11,609,16
evaluation__8540__clean__shuffled__r0,1024,19,-1,0,-1,0
evaluation__8540__clean__shuffled__r1,1024,13,-1,0,-1,0
evaluation__8540__clean__shuffled__r2,1024,10,-1,0,-1,0
evaluation__8540__clean__shuffled__r3,1024,15,-1,0,-1,0
evaluation__8540__clean__shuffled__r4,1024,18,-1,0,-1,0
evaluation__8540__clean__shuffled__r5,1024,12,-1,0,-1,0
evaluation__8540__clean__shuffled__r6,1024,9,-1,0,-1,0
evaluation__8540__clean__shuffled__r7,1024,10,-1,0,-1,0
evaluation__8540__clean__shuffled__r8,1024,17,-1,0,-1,0
evaluation__8540__clean__shuffled__r9,1024,12,-1,0,-1,0
evaluation__8540__clean__noise__r0,1024,1,-1,0,-1,0
evaluation__8540__clean__sweep__r0,1024,48,176,52,170,71
evaluation__2281__clean__shuffled__r0,1024,10,-1,0,-1,0
evaluation__2281__clean__shuffled__r1,1024,12,-1,0,-1,0
evaluation__2281__clean__shuffled__r2,1024,13,-1,0,-1,0
evaluation__2281__clean__shuffled__r3,1024,19,-1,0,-1,0
evaluation__2281__clean__shuffled__r4,1024,11,-1,0,-1,0
evaluation__2281__clean__shuffled__r5,1024,14,-1,0,-1,0
evaluation__2281__clean__shuffled__r6,1024,10,-1,0,-1,0
evaluation__2281__clean__shuffled__r7,1024,16,-1,0,-1,0
evaluation__2281__clean__shuffled__r8,1024,9,-1,0,-1,0
evaluation__2281__clean__shuffled__r9,1024,16,-1,0,-1,0
evaluation__2281__clean__noise__r0,1024,1,-1,0,-1,0
evaluation__2281__clean__sweep__r0,1024,38,254,37,47,46
evaluation__5615__clean__shuffled__r0,1024,13,-1,0,-1,0
evaluation__5615__clean__shuffled__r1,1024,10,-1,0,-1,0
evaluation__5615__clean__shuffled__r2,1024,12,-1,0,-1,0
evaluation__5615__clean__shuffled__r3,1024,13,-1,0,-1,0
evaluation__5615__clean__shuffled__r4,1024,10,-1,0,-1,0
evaluation__5615__clean__shuffled__r5,1024,16,-1,0,-1,0
evaluation__5615__clean__shuffled__r6,1024,17,-1,0,-1,0
evaluation__5615__clean__shuffled__r7,1024,8,-1,0,-1,0
evaluation__5615__clean__shuffled__r8,1024,8,-1,0,-1,0
evaluation__5615__clean__shuffled__r9,1024,19,-1,0,-1,0
evaluation__5615__clean__noise__r0,1024,1,-1,0,-1,0
evaluation__5615__clean__sweep__r0,1024,28,420,10,420,15
evaluation__8789__clean__shuffled__r0,1024,12,-1,0,-1,0
evaluation__8789__clean__shuffled__r1,1024,14,-1,0,-1,0
evaluation__8789__clean__shuffled__r2,1024,17,-1,0,-1,0
evaluation__8789__clean__shuffled__r3,1024,16,-1,0,-1,0
evaluation__8789__clean__shuffled__r4,1024,17,-1,0,-1,0
evaluation__8789__clean__shuffled__r5,1024,23,-1,0,-1,0
evaluation__8789__clean__shuffled__r6,1024,16,-1,0,-1,0
evaluation__8789__clean__shuffled__r7,1024,18,-1,0,-1,0
evaluation__8789__clean__shuffled__r8,1024,16,-1,0,-1,0
evaluation__8789__clean__shuffled__r9,1024,21,-1,0,-1,0
evaluation__8789__clean__noise__r0,1024,1,-1,0,-1,0
evaluation__8789__clean__sweep__r0,1024,26,673,1,546,3
evaluation__1147__clean__shuffled__r0,1024,11,-1,0,-1,0
evaluation__1147__clean__shuffled__r1,1024,12,-1,0,-1,0
evaluation__1147__clean__shuffled__r2,1024,11,-1,0,-1,0
evaluation__1147__clean__shuffled__r3,1024,12,-1,0,-1,0
evaluation__1147__clean__shuffled__r4,1024,13,-1,0,-1,0
evaluation__1147__clean__shuffled__r5,1024,17,-1,0,-1,0
evaluation__1147__clean__shuffled__r6,1024,23,-1,0,-1,0
evaluation__1147__clean__shuffled__r7,1024,16,-1,0,-1,0
evaluation__1147__clean__shuffled__r8,1024,15,-1,0,-1,0
evaluation__1147__clean__shuffled__r9,1024,18,-1,0,-1,0
evaluation__1147__clean__noise__r0,1024,2,-1,0,-1,0
evaluation__1147__clean__sweep__r0,1024,37,32,50,32,64
evaluation__4291__clean__shuffled__r0,1024,17,-1,0,-1,0
evaluation__4291__clean__shuffled__r1,1024,11,-1,0,-1,0
evaluation__4291__clean__shuffled__r2,1024,13,-1,0,-1,0
evaluation__4291__clean__shuffled__r3,1024,11,-1,0,-1,0
evaluation__4291__clean__shuffled__r4,1024,11,-1,0,-1,0
evaluation__4291__clean__shuffled__r5,1024,16,-1,0,-1,0
evaluation__4291__clean__shuffled__r6,1024,15,-1,0,-1,0
evaluation__4291__clean__shuffled__r7,1024,16,-1,0,-1,0
evaluation__4291__clean__shuffled__r8,1024,13,-1,0,-1,0
evaluation__4291__clean__shuffled__r9,1024,11,-1,0,-1,0
evaluation__4291__clean__noise__r0,1024,3,-1,0,-1,0
evaluation__4291__clean__sweep__r0,1024,38,22,379,19,423
evaluation__6894__clean__shuffled__r0,1024,17,-1,0,-1,0
evaluation__6894__clean__shuffled__r1,1024,10,-1,0,-1,0
evaluation__6894__clean__shuffled__r2,1024,18,-1,0,-1,0
evaluation__6894__clean__shuffled__r3,1024,14,-1,0,-1,0
evaluation__6894__clean__shuffled__r4,1024,14,-1,0,-1,0
evaluation__6894__clean__shuffled__r5,1024,11,-1,0,-1,0
evaluation__6894__clean__shuffled__r6,1024,12,-1,0,-1,0
evaluation__6894__clean__shuffled__r7,1024,10,-1,0,-1,0
evaluation__6894__clean__shuffled__r8,1024,11,-1,0,-1,0
evaluation__6894__clean__shuffled__r9,1024,12,-1,0,-1,0
evaluation__6894__clean__noise__r0,1024,1,-1,0,-1,0
evaluation__6894__clean__sweep__r0,1024,41,396,38,385,42
evaluation__9762__clean__shuffled__r0,1024,16,-1,0,-1,0
evaluation__9762__clean__shuffled__r1,1024,18,-1,0,-1,0
evaluation__9762__clean__shuffled__r2,1024,23,-1,0,-1,0
evaluation__9762__clean__shuffled__r3,1024,12,-1,0,-1,0
evaluation__9762__clean__shuffled__r4,1024,12,-1,0,-1,0
evaluation__9762__clean__shuffled__r5,1024,11,-1,0,-1,0
evaluation__9762__clean__shuffled__r6,1024,10,-1,0,-1,0
evaluation__9762__clean__shuffled__r7,1024,14,-1,0,-1,0
evaluation__9762__clean__shuffled__r8,1024,10,-1,0,-1,0
evaluation__9762__clean__shuffled__r9,1024,12,-1,0,-1,0
evaluation__9762__clean__noise__r0,1024,1,-1,0,-1,0
evaluation__9762__clean__sweep__r0,1024,44,322,43,322,49
evaluation__3482__clean__shuffled__r0,1024,11,-1,0,-1,0
evaluation__3482__clean__shuffled__r1,1024,13,-1,0,-1,0
evaluation__3482__clean__shuffled__r2,1024,14,-1,0,-1,0
evaluation__3482__clean__shuffled__r3,1024,10,-1,0,-1,0
evaluation__3482__clean__shuffled__r4,1024,13,-1,0,-1,0
evaluation__3482__clean__shuffled__r5,1024,12,-1,0,-1,0
evaluation__3482__clean__shuffled__r6,1024,14,-1,0,-1,0
evaluation__3482__clean__shuffled__r7,1024,11,-1,0,-1,0
evaluation__3482__clean__shuffled__r8,1024,11,-1,0,-1,0
evaluation__3482__clean__shuffled__r9,1024,10,-1,0,-1,0
evaluation__3482__clean__noise__r0,1024,1,-1,0,-1,0
evaluation__3482__clean__sweep__r0,1024,33,285,24,285,29
evaluation__5606__clean__shuffled__r0,1024,12,-1,0,-1,0
evaluation__5606__clean__shuffled__r1,1024,14,-1,0,-1,0
evaluation__5606__clean__shuffled__r2,1024,10,-1,0,-1,0
evaluation__5606__clean__shuffled__r3,1024,21,-1,0,-1,0
evaluation__5606__clean__shuffled__r4,1024,16,-1,0,-1,0
evaluation__5606__clean__shuffled__r5,1024,17,-1,0,-1,0
evaluation__5606__clean__shuffled__r6,1024,16,-1,0,-1,0
evaluation__5606__clean__shuffled__r7,1024,16,-1,0,-1,0
evaluation__5606__clean__shuffled__r8,1024,16,-1,0,-1,0
evaluation__5606__clean__shuffled__r9,1024,16,-1,0,-1,0
evaluation__5606__clean__noise__r0,1024,1,-1,0,-1,0
evaluation__5606__clean__sweep__r0,1024,24,-1,0,-1,0
evaluation__8327__clean__shuffled__r0,1024,14,-1,0,-1,0
evaluation__8327__clean__shuffled__r1,1024,12,-1,0,-1,0
evaluation__8327__clean__shuffled__r2,1024,9,-1,0,-1,0
evaluation__8327__clean__shuffled__r3,1024,15,-1,0,-1,0
evaluation__8327__clean__shuffled__r4,1024,10,-1,0,-1,0
evaluation__8327__clean__shuffled__r5,1024,14,-1,0,-1,0
evaluation__8327__clean__shuffled__r6,1024,10,-1,0,-1,0
evaluation__8327__clean__shuffled__r7,1024,16,-1,0,-1,0
evaluation__8327__clean__shuffled__r8,1024,21,-1,0,-1,0
evaluation__8327__clean__shuffled__r9,1024,17,-1,0,-1,0
evaluation__8327__clean__noise__r0,1024,1,-1,0,-1,0
evaluation__8327__clean__sweep__r0,1024,43,5,224,2,271
evaluation__1142__clean__shuffled__r0,1024,18,-1,0,-1,0
evaluation__1142__clean__shuffled__r1,1024,11,-1,0,-1,0
evaluation__1142__clean__shuffled__r2,1024,15,-1,0,-1,0
evaluation__1142__clean__shuffled__r3,1024,17,-1,0,-1,0
evaluation__1142__clean__shuffled__r4,1024,10,-1,0,-1,0
evaluation__1142__clean__shuffled__r5,1024,20,-1,0,-1,0
evaluation__1142__clean__shuffled__r6,1024,8,-1,0,-1,0
evaluation__1142__clean__shuffled__r7,1024,25,-1,0,358,1
evaluation__1142__clean__shuffled__r8,1024,10,-1,0,-1,0
evaluation__1142__clean__shuffled__r9,1024,13,-1,0,-1,0
evaluation__1142__clean__noise__r0,1024,1,-1,0,-1,0
evaluation__1142__clean__sweep__r0,1024,40,322,39,322,41
evaluation__3817__clean__shuffled__r0,1024,15,-1,0,-1,0
evaluation__3817__clean__shuffled__r1,1024,11,-1,0,-1,0
evaluation__3817__clean__shuffled__r2,1024,10,-1,0,-1,0
evaluation__3817__clean__shuffled__r3,1024,15,-1,0,-1,0
evaluation__3817__clean__shuffled__r4,1024,9,-1,0,-1,0
evaluation__3817__clean__shuffled__r5,1024,18,-1,0,-1,0
evaluation__3817__clean__shuffled__r6,1024,11,-1,0,-1,0
evaluation__3817__clean__shuffled__r7,1024,16,-1,0,-1,0
evaluation__3817__clean__shuffled__r8,1024,9,-1,0,-1,0
evaluation__3817__clean__shuffled__r9,1024,16,-1,0,-1,0
evaluation__3817__clean__noise__r0,1024,1,-1,0,-1,0
evaluation__3817__clean__sweep__r0,1024,23,-1,0,-1,0
evaluation__6395__clean__shuffled__r0,1024,10,-1,0,-1,0
evaluation__6395__clean__shuffled__r1,1024,13,-1,0,-1,0
evaluation__6395__clean__shuffled__r2,1024,17,-1,0,-1,0
evaluation__6395__clean__shuffled__r3,1024,11,-1,0,-1,0
evaluation__6395__clean__shuffled__r4,1024,14,-1,0,-1,0
evaluation__6395__clean__shuffled__r5,1024,17,-1,0,-1,0
evaluation__6395__clean__shuffled__r6,1024,16,-1,0,-1,0
evaluation__6395__clean__shuffled__r7,1024,16,-1,0,-1,0
evaluation__6395__clean__shuffled__r8,1024,17,-1,0,-1,0
evaluation__6395__clean__shuffled__r9,1024,16,-1,0,-1,0
evaluation__6395__clean__noise__r0,1024,2,-1,0,-1,0
evaluation__6395__clean__sweep__r0,1024,48,29,302,29,343
evaluation__609__clean__shuffled__r0,1024,11,-1,0,-1,0
evaluation__609__clean__shuffled__r1,1024,13,-1,0,-1,0
evaluation__609__clean__shuffled__r2,1024,13,-1,0,-1,0
evaluation__609__clean__shuffled__r3,1024,14,-1,0,-1,0
evaluation__609__clean__shuffled__r4,1024,21,-1,0,-1,0
evaluation__609__clean__shuffled__r5,1024,18,-1,0,-1,0
evaluation__609__clean__shuffled__r6,1024,10,-1,0,-1,0
evaluation__609__clean__shuffled__r7,1024,10,-1,0,-1,0
evaluation__609__clean__shuffled__r8,1024,21,-1,0,-1,0
evaluation__609__clean__shuffled__r9,1024,21,-1,0,-1,0
evaluation__609__clean__noise__r0,1024,3,-1,0,-1,0
evaluation__609__clean__sweep__r0,1024,29,96,4,96,10
evaluation__5397__clean__shuffled__r0,1024,13,-1,0,-1,0
evaluation__5397__clean__shuffled__r1,1024,14,-1,0,-1,0
evaluation__5397__clean__shuffled__r2,1024,11,-1,0,-1,0
evaluation__5397__clean__shuffled__r3,1024,12,-1,0,-1,0
evaluation__5397__clean__shuffled__r4,1024,10,-1,0,-1,0
evaluation__5397__clean__shuffled__r5,1024,12,-1,0,-1,0
evaluation__5397__clean__shuffled__r6,1024,19,-1,0,-1,0
evaluation__5397__clean__shuffled__r7,1024,13,-1,0,-1,0
evaluation__5397__clean__shuffled__r8,1024,18,-1,0,-1,0
evaluation__5397__clean__shuffled__r9,1024,23,-1,0,-1,0
evaluation__5397__clean__noise__r0,1024,2,-1,0,-1,0
evaluation__5397__clean__sweep__r0,1024,39,56,41,35,49
evaluation__8312__clean__shuffled__r0,1024,13,-1,0,-1,0
evaluation__8312__clean__shuffled__r1,1024,12,-1,0,-1,0
evaluation__8312__clean__shuffled__r2,1024,16,-1,0,-1,0
evaluation__8312__clean__shuffled__r3,1024,21,-1,0,-1,0
evaluation__8312__clean__shuffled__r4,1024,11,-1,0,-1,0
evaluation__8312__clean__shuffled__r5,1024,13,-1,0,-1,0
evaluation__8312__clean__shuffled__r6,1024,16,-1,0,-1,0
evaluation__8312__clean__shuffled__r7,1024,17,-1,0,-1,0
evaluation__8312__clean__shuffled__r8,1024,10,-1,0,-1,0
evaluation__8312__clean__shuffled__r9,1024,10,-1,0,-1,0
evaluation__8312__clean__noise__r0,1024,2,-1,0,-1,0
evaluation__8312__clean__sweep__r0,1024,38,103,38,103,43
evaluation__9362__clean__shuffled__r0,1024,10,-1,0,-1,0
evaluation__9362__clean__shuffled__r1,1024,14,-1,0,-1,0
evaluation__9362__clean__shuffled__r2,1024,14,-1,0,-1,0
evaluation__9362__clean__shuffled__r3,1024,11,-1,0,-1,0
evaluation__9362__clean__shuffled__r4,1024,21,-1,0,-1,0
evaluation__9362__clean__shuffled__r5,1024,15,-1,0,-1,0
evaluation__9362__clean__shuffled__r6,1024,12,-1,0,-1,0
evaluation__9362__clean__shuffled__r7,1024,14,-1,0,-1,0
evaluation__9362__clean__shuffled__r8,1024,11,-1,0,-1,0
evaluation__9362__clean__shuffled__r9,1024,19,-1,0,-1,0
evaluation__9362__clean__noise__r0,1024,1,-1,0,-1,0
evaluation__9362__clean__sweep__r0,1024,38,39,38,39,43
fit__5256__clean__shuffled__r0,1024,10,-1,0,-1,0
fit__5256__clean__shuffled__r1,1024,16,-1,0,-1,0
fit__5256__clean__shuffled__r2,1024,12,-1,0,-1,0
fit__5256__clean__shuffled__r3,1024,16,-1,0,-1,0
fit__5256__clean__shuffled__r4,1024,15,-1,0,-1,0
fit__5256__clean__shuffled__r5,1024,12,-1,0,-1,0
fit__5256__clean__shuffled__r6,1024,10,-1,0,-1,0
fit__5256__clean__shuffled__r7,1024,16,-1,0,-1,0
fit__5256__clean__shuffled__r8,1024,10,-1,0,-1,0
fit__5256__clean__shuffled__r9,1024,21,-1,0,-1,0
fit__5256__clean__noise__r0,1024,1,-1,0,-1,0
fit__5256__clean__sweep__r0,1024,35,33,37,33,47
fit__1810__clean__shuffled__r0,1024,14,-1,0,-1,0
fit__1810__clean__shuffled__r1,1024,10,-1,0,-1,0
fit__1810__clean__shuffled__r2,1024,14,-1,0,-1,0
fit__1810__clean__shuffled__r3,1024,16,-1,0,-1,0
fit__1810__clean__shuffled__r4,1024,14,-1,0,-1,0
fit__1810__clean__shuffled__r5,1024,21,-1,0,-1,0
fit__1810__clean__shuffled__r6,1024,14,-1,0,-1,0
fit__1810__clean__shuffled__r7,1024,12,-1,0,-1,0
fit__1810__clean__shuffled__r8,1024,19,-1,0,-1,0
fit__1810__clean__shuffled__r9,1024,14,-1,0,-1,0
fit__1810__clean__noise__r0,1024,1,-1,0,-1,0
fit__1810__clean__sweep__r0,1024,39,411,35,255,37
fit__7329__clean__shuffled__r0,1024,16,-1,0,-1,0
fit__7329__clean__shuffled__r1,1024,12,-1,0,-1,0
fit__7329__clean__shuffled__r2,1024,9,-1,0,-1,0
fit__7329__clean__shuffled__r3,1024,21,-1,0,-1,0
fit__7329__clean__shuffled__r4,1024,18,-1,0,-1,0
fit__7329__clean__shuffled__r5,1024,19,-1,0,-1,0
fit__7329__clean__shuffled__r6,1024,17,-1,0,-1,0
fit__7329__clean__shuffled__r7,1024,12,-1,0,-1,0
fit__7329__clean__shuffled__r8,1024,14,-1,0,-1,0
fit__7329__clean__shuffled__r9,1024,11,-1,0,-1,0
fit__7329__clean__noise__r0,1024,1,-1,0,-1,0
fit__7329__clean__sweep__r0,1024,34,322,11,322,17
fit__3480__clean__shuffled__r0,1024,14,-1,0,-1,0
fit__3480__clean__shuffled__r1,1024,12,-1,0,-1,0
fit__3480__clean__shuffled__r2,1024,11,-1,0,-1,0
fit__3480__clean__shuffled__r3,1024,23,-1,0,-1,0
fit__3480__clean__shuffled__r4,1024,10,-1,0,-1,0
fit__3480__clean__shuffled__r5,1024,14,-1,0,-1,0
fit__3480__clean__shuffled__r6,1024,14,-1,0,-1,0
fit__3480__clean__shuffled__r7,1024,13,-1,0,-1,0
fit__3480__clean__shuffled__r8,1024,19,-1,0,-1,0
fit__3480__clean__shuffled__r9,1024,8,-1,0,-1,0
fit__3480__clean__noise__r0,1024,1,-1,0,-1,0
fit__3480__clean__sweep__r0,1024,31,235,10,167,19
fit__9423__clean__shuffled__r0,1024,11,-1,0,-1,0
fit__9423__clean__shuffled__r1,1024,12,-1,0,-1,0
fit__9423__clean__shuffled__r2,1024,12,-1,0,-1,0
fit__9423__clean__shuffled__r3,1024,13,-1,0,-1,0
fit__9423__clean__shuffled__r4,1024,11,-1,0,-1,0
fit__9423__clean__shuffled__r5,1024,15,-1,0,-1,0
fit__9423__clean__shuffled__r6,1024,14,-1,0,-1,0
fit__9423__clean__shuffled__r7,1024,21,-1,0,-1,0
fit__9423__clean__shuffled__r8,1024,19,-1,0,-1,0
fit__9423__clean__shuffled__r9,1024,15,-1,0,-1,0
fit__9423__clean__noise__r0,1024,1,-1,0,-1,0
fit__9423__clean__sweep__r0,1024,43,49,80,46,107
fit__5817__clean__shuffled__r0,1024,16,-1,0,-1,0
fit__5817__clean__shuffled__r1,1024,9,-1,0,-1,0
fit__5817__clean__shuffled__r2,1024,11,-1,0,-1,0
fit__5817__clean__shuffled__r3,1024,16,-1,0,-1,0
fit__5817__clean__shuffled__r4,1024,16,-1,0,-1,0
fit__5817__clean__shuffled__r5,1024,25,-1,0,833,1
fit__5817__clean__shuffled__r6,1024,9,-1,0,-1,0
fit__5817__clean__shuffled__r7,1024,10,-1,0,-1,0
fit__5817__clean__shuffled__r8,1024,23,-1,0,-1,0
fit__5817__clean__shuffled__r9,1024,8,-1,0,-1,0
fit__5817__clean__noise__r0,1024,1,-1,0,-1,0
fit__5817__clean__sweep__r0,1024,35,33,25,33,30
fit__1544__clean__shuffled__r0,1024,14,-1,0,-1,0
fit__1544__clean__shuffled__r1,1024,14,-1,0,-1,0
fit__1544__clean__shuffled__r2,1024,15,-1,0,-1,0
fit__1544__clean__shuffled__r3,1024,16,-1,0,-1,0
fit__1544__clean__shuffled__r4,1024,13,-1,0,-1,0
fit__1544__clean__shuffled__r5,1024,23,-1,0,-1,0
fit__1544__clean__shuffled__r6,1024,11,-1,0,-1,0
fit__1544__clean__shuffled__r7,1024,19,-1,0,-1,0
fit__1544__clean__shuffled__r8,1024,20,-1,0,-1,0
fit__1544__clean__shuffled__r9,1024,14,-1,0,-1,0
fit__1544__clean__noise__r0,1024,1,-1,0,-1,0
fit__1544__clean__sweep__r0,1024,34,121,13,121,23
fit__5329__clean__shuffled__r0,1024,15,-1,0,-1,0
fit__5329__clean__shuffled__r1,1024,16,-1,0,-1,0
fit__5329__clean__shuffled__r2,1024,19,-1,0,-1,0
fit__5329__clean__shuffled__r3,1024,15,-1,0,-1,0
fit__5329__clean__shuffled__r4,1024,12,-1,0,-1,0
fit__5329__clean__shuffled__r5,1024,12,-1,0,-1,0
fit__5329__clean__shuffled__r6,1024,11,-1,0,-1,0
fit__5329__clean__shuffled__r7,1024,17,-1,0,-1,0
fit__5329__clean__shuffled__r8,1024,17,-1,0,-1,0
fit__5329__clean__shuffled__r9,1024,10,-1,0,-1,0
fit__5329__clean__noise__r0,1024,1,-1,0,-1,0
fit__5329__clean__sweep__r0,1024,42,116,38,116,40
fit__4406__clean__shuffled__r0,1024,17,-1,0,-1,0
fit__4406__clean__shuffled__r1,1024,15,-1,0,-1,0
fit__4406__clean__shuffled__r2,1024,16,-1,0,-1,0
fit__4406__clean__shuffled__r3,1024,11,-1,0,-1,0
fit__4406__clean__shuffled__r4,1024,16,-1,0,-1,0
fit__4406__clean__shuffled__r5,1024,7,-1,0,-1,0
fit__4406__clean__shuffled__r6,1024,14,-1,0,-1,0
fit__4406__clean__shuffled__r7,1024,17,-1,0,-1,0
fit__4406__clean__shuffled__r8,1024,13,-1,0,-1,0
fit__4406__clean__shuffled__r9,1024,20,-1,0,-1,0
fit__4406__clean__noise__r0,1024,1,-1,0,-1,0
fit__4406__clean__sweep__r0,1024,39,609,29,609,32
fit__9712__clean__shuffled__r0,1024,17,-1,0,-1,0
fit__9712__clean__shuffled__r1,1024,12,-1,0,-1,0
fit__9712__clean__shuffled__r2,1024,10,-1,0,-1,0
fit__9712__clean__shuffled__r3,1024,12,-1,0,-1,0
fit__9712__clean__shuffled__r4,1024,20,-1,0,-1,0
fit__9712__clean__shuffled__r5,1024,11,-1,0,-1,0
fit__9712__clean__shuffled__r6,1024,16,-1,0,-1,0
fit__9712__clean__shuffled__r7,1024,21,-1,0,-1,0
fit__9712__clean__shuffled__r8,1024,12,-1,0,-1,0
fit__9712__clean__shuffled__r9,1024,11,-1,0,-1,0
fit__9712__clean__noise__r0,1024,2,-1,0,-1,0
fit__9712__clean__sweep__r0,1024,36,2,281,2,326
fit__4702__clean__shuffled__r0,1024,14,-1,0,-1,0
fit__4702__clean__shuffled__r1,1024,15,-1,0,-1,0
fit__4702__clean__shuffled__r2,1024,14,-1,0,-1,0
fit__4702__clean__shuffled__r3,1024,16,-1,0,-1,0
fit__4702__clean__shuffled__r4,1024,10,-1,0,-1,0
fit__4702__clean__shuffled__r5,1024,21,-1,0,-1,0
fit__4702__clean__shuffled__r6,1024,11,-1,0,-1,0
fit__4702__clean__shuffled__r7,1024,9,-1,0,-1,0
fit__4702__clean__shuffled__r8,1024,13,-1,0,-1,0
fit__4702__clean__shuffled__r9,1024,23,-1,0,-1,0
fit__4702__clean__noise__r0,1024,2,-1,0,-1,0
fit__4702__clean__sweep__r0,1024,42,3,104,3,130
fit__955__clean__shuffled__r0,1024,16,-1,0,-1,0
fit__955__clean__shuffled__r1,1024,12,-1,0,-1,0
fit__955__clean__shuffled__r2,1024,16,-1,0,-1,0
fit__955__clean__shuffled__r3,1024,10,-1,0,-1,0
fit__955__clean__shuffled__r4,1024,15,-1,0,-1,0
fit__955__clean__shuffled__r5,1024,10,-1,0,-1,0
fit__955__clean__shuffled__r6,1024,11,-1,0,-1,0
fit__955__clean__shuffled__r7,1024,7,-1,0,-1,0
fit__955__clean__shuffled__r8,1024,15,-1,0,-1,0
fit__955__clean__shuffled__r9,1024,11,-1,0,-1,0
fit__955__clean__noise__r0,1024,1,-1,0,-1,0
fit__955__clean__sweep__r0,1024,27,341,5,333,10
fit__6955__clean__shuffled__r0,1024,13,-1,0,-1,0
fit__6955__clean__shuffled__r1,1024,17,-1,0,-1,0
fit__6955__clean__shuffled__r2,1024,13,-1,0,-1,0
fit__6955__clean__shuffled__r3,1024,18,-1,0,-1,0
fit__6955__clean__shuffled__r4,1024,16,-1,0,-1,0
fit__6955__clean__shuffled__r5,1024,13,-1,0,-1,0
fit__6955__clean__shuffled__r6,1024,13,-1,0,-1,0
fit__6955__clean__shuffled__r7,1024,9,-1,0,-1,0
fit__6955__clean__shuffled__r8,1024,16,-1,0,-1,0
fit__6955__clean__shuffled__r9,1024,9,-1,0,-1,0
fit__6955__clean__noise__r0,1024,1,-1,0,-1,0
fit__6955__clean__sweep__r0,1024,31,609,10,609,16
fit__2052__clean__shuffled__r0,1024,15,-1,0,-1,0
fit__2052__clean__shuffled__r1,1024,11,-1,0,-1,0
fit__2052__clean__shuffled__r2,1024,9,-1,0,-1,0
fit__2052__clean__shuffled__r3,1024,15,-1,0,-1,0
fit__2052__clean__shuffled__r4,1024,9,-1,0,-1,0
fit__2052__clean__shuffled__r5,1024,15,-1,0,-1,0
fit__2052__clean__shuffled__r6,1024,14,-1,0,-1,0
fit__2052__clean__shuffled__r7,1024,10,-1,0,-1,0
fit__2052__clean__shuffled__r8,1024,14,-1,0,-1,0
fit__2052__clean__shuffled__r9,1024,9,-1,0,-1,0
fit__2052__clean__noise__r0,1024,1,-1,0,-1,0
fit__2052__clean__sweep__r0,1024,43,33,52,33,63
fit__9101__clean__shuffled__r0,1024,17,-1,0,-1,0
fit__9101__clean__shuffled__r1,1024,15,-1,0,-1,0
fit__9101__clean__shuffled__r2,1024,13,-1,0,-1,0
fit__9101__clean__shuffled__r3,1024,12,-1,0,-1,0
fit__9101__clean__shuffled__r4,1024,16,-1,0,-1,0
fit__9101__clean__shuffled__r5,1024,18,-1,0,-1,0
fit__9101__clean__shuffled__r6,1024,13,-1,0,-1,0
fit__9101__clean__shuffled__r7,1024,10,-1,0,-1,0
fit__9101__clean__shuffled__r8,1024,13,-1,0,-1,0
fit__9101__clean__shuffled__r9,1024,18,-1,0,-1,0
fit__9101__clean__noise__r0,1024,1,-1,0,-1,0
fit__9101__clean__sweep__r0,1024,48,97,71,38,81
fit__5137__clean__shuffled__r0,1024,15,-1,0,-1,0
fit__5137__clean__shuffled__r1,1024,12,-1,0,-1,0
fit__5137__clean__shuffled__r2,1024,14,-1,0,-1,0
fit__5137__clean__shuffled__r3,1024,13,-1,0,-1,0
fit__5137__clean__shuffled__r4,1024,13,-1,0,-1,0
fit__5137__clean__shuffled__r5,1024,12,-1,0,-1,0
fit__5137__clean__shuffled__r6,1024,18,-1,0,-1,0
fit__5137__clean__shuffled__r7,1024,10,-1,0,-1,0
fit__5137__clean__shuffled__r8,1024,21,-1,0,-1,0
fit__5137__clean__shuffled__r9,1024,12,-1,0,-1,0
fit__5137__clean__noise__r0,1024,1,-1,0,-1,0
fit__5137__clean__sweep__r0,1024,43,62,64,62,93
