session_id,queries,max_match,first_alarm,flagged_queries,first_alarm_recorded,flagged_queries_recorded_rule
calibration__1719__denoise__attack__nes__l0.5,1021,50,3,637,2,771
calibration__1719__denoise__restore__nes__l0.5,1021,48,4,568,3,709
calibration__1719__denoise__random_walk__random_walk__l0.5,1024,50,2,1023,2,1023
calibration__1719__denoise__confidence_boost__nes__l0.5,1021,48,5,758,5,870
calibration__1719__denoise__boundary_probe__nes__l0.5,1021,48,3,717,3,852
calibration__1719__denoise__counterfactual__nes__l0.5,1021,49,4,757,4,861
calibration__1719__deblur__attack__nes__l1,1021,47,18,122,18,168
calibration__1719__deblur__restore__nes__l1,1021,48,18,106,9,142
calibration__1719__deblur__random_walk__random_walk__l1,1024,49,2,1023,2,1023
calibration__1719__deblur__confidence_boost__nes__l1,1021,47,18,147,18,218
calibration__1719__deblur__boundary_probe__nes__l1,1021,49,18,234,18,318
calibration__1719__deblur__counterfactual__nes__l1,1021,49,18,131,6,188
calibration__8537__denoise__attack__nes__l0.5,1021,49,3,836,3,933
calibration__8537__denoise__restore__nes__l0.5,1021,48,2,851,2,935
calibration__8537__denoise__random_walk__random_walk__l0.5,1024,49,2,1023,2,1023
calibration__8537__denoise__confidence_boost__nes__l0.5,1021,49,2,854,2,936
calibration__8537__denoise__boundary_probe__nes__l0.5,1021,48,3,870,3,954
calibration__8537__denoise__counterfactual__nes__l0.5,1021,48,2,811,2,902
calibration__8537__deblur__attack__nes__l1,1021,47,5,314,3,452
calibration__8537__deblur__restore__nes__l1,1021,47,14,298,7,419
calibration__8537__deblur__random_walk__random_walk__l1,1024,49,2,1023,2,1023
calibration__8537__deblur__confidence_boost__nes__l1,1021,47,18,282,18,398
calibration__8537__deblur__boundary_probe__nes__l1,1021,47,18,293,18,436
calibration__8537__deblur__counterfactual__nes__l1,1021,48,18,206,9,340
calibration__4954__denoise__attack__nes__l0.5,1021,49,4,450,4,590
calibration__4954__denoise__restore__nes__l0.5,1021,47,10,464,8,631
calibration__4954__denoise__random_walk__random_walk__l0.5,1024,49,2,1023,2,1023
calibration__4954__denoise__confidence_boost__nes__l0.5,1021,48,4,595,4,723
calibration__4954__denoise__boundary_probe__nes__l0.5,1021,49,8,661,3,778
calibration__4954__denoise__counterfactual__nes__l0.5,1021,48,2,536,2,691
calibration__4954__deblur__attack__nes__l1,1021,48,5,239,5,354
calibration__4954__deblur__restore__nes__l1,1021,49,7,268,7,390
calibration__4954__deblur__random_walk__random_walk__l1,1024,49,2,1023,2,1023
calibration__4954__deblur__confidence_boost__nes__l1,1021,47,7,405,7,554
calibration__4954__deblur__boundary_probe__nes__l1,1021,48,18,301,18,437
calibration__4954__deblur__counterfactual__nes__l1,1021,49,2,216,2,319
calibration__8097__denoise__attack__nes__l0.5,1021,46,18,130,18,199
calibration__8097__denoise__restore__nes__l0.5,1021,47,18,93,9,121
calibration__8097__denoise__random_walk__random_walk__l0.5,1024,49,2,1023,2,1023
calibration__8097__denoise__confidence_boost__nes__l0.5,1021,47,18,209,18,285
calibration__8097__denoise__boundary_probe__nes__l0.5,1021,48,13,186,13,255
calibration__8097__denoise__counterfactual__nes__l0.5,1021,47,18,113,4,176
calibration__8097__deblur__attack__nes__l1,1021,49,5,549,2,703
calibration__8097__deblur__restore__nes__l1,1021,48,9,591,6,743
calibration__8097__deblur__random_walk__random_walk__l1,1024,49,2,1023,2,1023
calibration__8097__deblur__confidence_boost__nes__l1,1021,47,6,441,5,593
calibration__8097__deblur__boundary_probe__nes__l1,1021,49,13,543,2,703
calibration__8097__deblur__counterfactual__nes__l1,1021,49,15,719,2,842
calibration__4706__denoise__attack__nes__l0.5,1021,48,2,706,2,822
calibration__4706__denoise__restore__nes__l0.5,1021,48,3,489,3,628
calibration__4706__denoise__random_walk__random_walk__l0.5,1024,50,2,1023,2,1023
calibration__4706__denoise__confidence_boost__nes__l0.5,1021,47,2,488,2,623
calibration__4706__denoise__boundary_probe__nes__l0.5,1021,48,4,539,4,692
calibration__4706__denoise__counterfactual__nes__l0.5,1021,49,5,420,5,575
calibration__4706__deblur__attack__nes__l1,1021,47,18,166,4,230
calibration__4706__deblur__restore__nes__l1,1021,47,18,137,18,204
calibration__4706__deblur__random_walk__random_walk__l1,1024,50,2,1023,2,1023
calibration__4706__deblur__confidence_boost__nes__l1,1021,47,2,103,2,157
calibration__4706__deblur__boundary_probe__nes__l1,1021,48,18,187,18,268
calibration__4706__deblur__counterfactual__nes__l1,1021,47,18,154,18,230
calibration__176__denoise__attack__nes__l0.5,1021,47,8,272,6,374
calibration__176__denoise__restore__nes__l0.5,1021,49,18,407,18,552
calibration__176__denoise__random_walk__random_walk__l0.5,1024,50,2,1023,2,1023
calibration__176__denoise__confidence_boost__nes__l0.5,1021,48,15,587,15,700
calibration__176__denoise__boundary_probe__nes__l0.5,1021,46,10,479,5,600
calibration__176__denoise__counterfactual__nes__l0.5,1021,49,10,393,10,537
calibration__176__deblur__attack__nes__l1,1021,47,6,192,6,281
calibration__176__deblur__restore__nes__l1,1021,48,18,375,18,525
calibration__176__deblur__random_walk__random_walk__l1,1024,49,2,1023,2,1023
calibration__176__deblur__confidence_boost__nes__l1,1021,49,5,480,3,640
calibration__176__deblur__boundary_probe__nes__l1,1021,48,2,386,2,537
calibration__176__deblur__counterfactual__nes__l1,1021,50,3,274,3,395
calibration__5228__denoise__attack__nes__l0.5,1021,48,4,450,4,614
calibration__5228__denoise__restore__nes__l0.5,1021,49,7,619,2,754
calibration__5228__denoise__random_walk__random_walk__l0.5,1024,50,2,1023,2,1023
calibration__5228__denoise__confidence_boost__nes__l0.5,1021,48,16,646,13,785
calibration__5228__denoise__boundary_probe__nes__l0.5,1021,49,2,696,2,832
calibration__5228__denoise__counterfactual__nes__l0.5,1021,47,4,423,4,586
calibration__5228__deblur__attack__nes__l1,1021,49,5,552,5,706
calibration__5228__deblur__restore__nes__l1,1021,48,2,389,2,526
calibration__5228__deblur__random_walk__random_walk__l1,1024,49,2,1023,2,1023
calibration__5228__deblur__confidence_boost__nes__l1,1021,47,4,267,4,399
calibration__5228__deblur__boundary_probe__nes__l1,1021,48,3,397,3,535
calibration__5228__deblur__counterfactual__nes__l1,1021,49,3,368,3,519
calibration__3757__denoise__attack__nes__l0.5,1021,48,18,327,2,444
calibration__3757__denoise__restore__nes__l0.5,1021,47,18,231,18,361
calibration__3757__denoise__random_walk__random_walk__l0.5,1024,49,2,1023,2,1023
calibration__3757__denoise__confidence_boost__nes__l0.5,1021,48,7,239,7,349
calibration__3757__denoise__boundary_probe__nes__l0.5,1021,47,7,346,7,479
calibration__3757__denoise__counterfactual__nes__l0.5,1021,48,3,283,3,396
calibration__3757__deblur__attack__nes__l1,1021,47,2,501,2,645
calibration__3757__deblur__restore__nes__l1,1021,49,2,391,2,534
calibration__3757__deblur__random_walk__random_walk__l1,1024,49,2,1023,2,1023
calibration__3757__deblur__confidence_boost__nes__l1,1021,48,5,417,5,539
calibration__3757__deblur__boundary_probe__nes__l1,1021,49,7,383,7,518
calibration__3757__deblur__counterfactual__nes__l1,1021,49,14,411,6,566
calibration__8659__denoise__attack__nes__l0.5,1021,48,4,607,3,747
calibration__8659__denoise__restore__nes__l0.5,1021,48,2,563,2,713
calibration__8659__denoise__random_walk__random_walk__l0.5,1024,49,2,1023,2,1023
calibration__8659__denoise__confidence_boost__nes__l0.5,1021,48,2,465,2,596
calibration__8659__denoise__boundary_probe__nes__l0.5,1021,49,2,762,2,863
calibration__8659__denoise__counterfactual__nes__l0.5,1021,49,3,614,2,743
calibration__8659__deblur__attack__nes__l1,1021,46,4,251,2,347
calibration__8659__deblur__restore__nes__l1,1021,48,18,301,18,436
calibration__8659__deblur__random_walk__random_walk__l1,1024,49,2,1023,2,1023
calibration__8659__deblur__confidence_boost__nes__l1,1021,48,14,296,14,398
calibration__8659__deblur__boundary_probe__nes__l1,1021,48,5,212,5,314
calibration__8659__deblur__counterfactual__nes__l1,1021,48,2,409,2,531
calibration__5713__denoise__attack__nes__l0.5,1021,48,18,440,18,570
calibration__5713__denoise__restore__nes__l0.5,1021,49,4,426,4,580
calibration__5713__denoise__random_walk__random_walk__l0.5,1024,50,2,1023,2,1023
calibration__5713__denoise__confidence_boost__nes__l0.5,1021,46,5,325,5,463
calibration__5713__denoise__boundary_probe__nes__l0.5,1021,47,5,338,5,457
calibration__5713__denoise__counterfactual__nes__l0.5,1021,48,3,415,3,565
calibration__5713__deblur__attack__nes__l1,1021,49,17,235,17,348
calibration__5713__deblur__restore__nes__l1,1021,47,16,257,16,370
calibration__5713__deblur__random_walk__random_walk__l1,1024,49,2,1023,2,1023
calibration__5713__deblur__confidence_boost__nes__l1,1021,48,2,324,2,467
calibration__5713__deblur__boundary_probe__nes__l1,1021,48,18,244,18,376
calibration__5713__deblur__counterfactual__nes__l1,1021,48,18,207,15,294
calibration__304__denoise__attack__nes__l0.5,1021,49,3,313,3,447
calibration__304__denoise__restore__nes__l0.5,1021,47,7,449,7,588
calibration__304__denoise__random_walk__random_walk__l0.5,1024,49,2,1023,2,1023
calibration__304__denoise__confidence_boost__nes__l0.5,1021,48,17,248,10,356
calibration__304__denoise__boundary_probe__nes__l0.5,1021,48,8,316,8,455
calibration__304__denoise__counterfactual__nes__l0.5,1021,46,13,233,4,367
calibration__304__deblur__attack__nes__l1,1021,48,7,534,7,684
calibration__304__deblur__restore__nes__l1,1021,49,7,568,3,704
calibration__304__deblur__random_walk__random_walk__l1,1024,49,2,1023,2,1023
calibration__304__deblur__confidence_boost__nes__l1,1021,48,2,541,2,675
calibration__304__deblur__boundary_probe__nes__l1,1021,49,3,377,2,507
calibration__304__deblur__counterfactual__nes__l1,1021,48,5,440,5,574
calibration__6563__denoise__attack__nes__l0.5,1021,48,18,361,2,488
calibration__6563__denoise__restore__nes__l0.5,1021,48,6,350,6,485
calibration__6563__denoise__random_walk__random_walk__l0.5,1024,49,2,1023,2,1023
calibration__6563__denoise__confidence_boost__nes__l0.5,1021,48,6,562,6,698
calibration__6563__denoise__boundary_probe__nes__l0.5,1021,47,8,489,4,631
calibration__6563__denoise__counterfactual__nes__l0.5,1021,49,9,431,9,570
calibration__6563__deblur__attack__nes__l1,1021,48,13,373,13,516
calibration__6563__deblur__restore__nes__l1,1021,47,4,614,4,774
calibration__6563__deblur__random_walk__random_walk__l1,1024,49,2,1023,2,1023
calibration__6563__deblur__confidence_boost__nes__l1,1021,46,2,370,2,529
calibration__6563__deblur__boundary_probe__nes__l1,1021,48,2,358,2,516
calibration__6563__deblur__counterfactual__nes__l1,1021,48,5,515,5,671
calibration__1770__denoise__attack__nes__l0.5,1021,47,18,297,6,435
calibration__1770__denoise__restore__nes__l0.5,1021,46,11,271,7,378
calibration__1770__denoise__random_walk__random_walk__l0.5,1024,49,2,1023,2,1023
calibration__1770__denoise__confidence_boost__nes__l0.5,1021,48,18,225,18,343
calibration__1770__denoise__boundary_probe__nes__l0.5,1021,49,4,172,4,269
calibration__1770__denoise__counterfactual__nes__l0.5,1021,48,18,430,15,592
calibration__1770__deblur__attack__nes__l1,1021,48,9,355,9,489
calibration__1770__deblur__restore__nes__l1,1021,48,18,187,18,263
calibration__1770__deblur__random_walk__random_walk__l1,1024,49,2,1023,2,1023
calibration__1770__deblur__confidence_boost__nes__l1,1021,49,9,515,9,649
calibration__1770__deblur__boundary_probe__nes__l1,1021,48,17,318,8,464
calibration__1770__deblur__counterfactual__nes__l1,1021,49,18,288,11,401
calibration__7293__denoise__attack__nes__l0.5,1021,49,18,103,18,158
calibration__7293__denoise__restore__nes__l0.5,1021,49,18,91,16,120
calibration__7293__denoise__random_walk__random_walk__l0.5,1024,48,2,1023,2,1023
calibration__7293__denoise__confidence_boost__nes__l0.5,1021,47,3,97,3,143
calibration__7293__denoise__boundary_probe__nes__l0.5,1021,48,18,135,10,209
calibration__7293__denoise__counterfactual__nes__l0.5,1021,47,18,161,2,232
calibration__7293__deblur__attack__nes__l1,1021,48,11,164,2,250
calibration__7293__deblur__restore__nes__l1,1021,48,10,470,10,583
calibration__7293__deblur__random_walk__random_walk__l1,1024,50,2,1023,2,1023
calibration__7293__deblur__confidence_boost__nes__l1,1021,48,4,438,4,590
calibration__7293__deblur__boundary_probe__nes__l1,1021,48,8,207,8,299
calibration__7293__deblur__counterfactual__nes__l1,1021,47,3,276,3,396
calibration__4787__denoise__attack__nes__l0.5,1021,48,18,193,18,281
calibration__4787__denoise__restore__nes__l0.5,1021,48,18,263,16,371
calibration__4787__denoise__random_walk__random_walk__l0.5,1024,49,2,1023,2,1023
calibration__4787__denoise__confidence_boost__nes__l0.5,1021,48,16,261,14,356
calibration__4787__denoise__boundary_probe__nes__l0.5,1021,47,18,150,18,223
calibration__4787__denoise__counterfactual__nes__l0.5,1021,47,18,178,18,260
calibration__4787__deblur__attack__nes__l1,1021,49,3,447,2,612
calibration__4787__deblur__restore__nes__l1,1021,47,10,438,9,597
calibration__4787__deblur__random_walk__random_walk__l1,1024,49,2,1023,2,1023
calibration__4787__deblur__confidence_boost__nes__l1,1021,49,11,431,3,568
calibration__4787__deblur__boundary_probe__nes__l1,1021,49,4,444,4,627
calibration__4787__deblur__counterfactual__nes__l1,1021,48,4,548,4,698
calibration__1695__denoise__attack__nes__l0.5,1021,47,4,214,4,321
calibration__1695__denoise__restore__nes__l0.5,1021,49,7,354,7,495
calibration__1695__denoise__random_walk__random_walk__l0.5,1024,50,2,1023,2,1023
calibration__1695__denoise__confidence_boost__nes__l0.5,1021,48,2,248,2,357
calibration__1695__denoise__boundary_probe__nes__l0.5,1021,48,18,344,17,475
calibration__1695__denoise__counterfactual__nes__l0.5,1021,48,3,149,3,214
calibration__1695__deblur__attack__nes__l1,1021,47,7,192,7,276
calibration__1695__deblur__restore__nes__l1,1021,48,6,225,2,320
calibration__1695__deblur__random_walk__random_walk__l1,1024,49,2,1023,2,1023
calibration__1695__deblur__confidence_boost__nes__l1,1021,47,3,238,3,329
calibration__1695__deblur__boundary_probe__nes__l1,1021,48,18,261,5,354
calibration__1695__deblur__counterfactual__nes__l1,1021,48,18,267,18,385
calibration__7950__denoise__attack__nes__l0.5,1021,49,6,785,5,886
calibration__7950__denoise__restore__nes__l0.5,1021,49,5,802,3,906
calibration__7950__denoise__random_walk__random_walk__l0.5,1024,50,2,1023,2,1023
calibration__7950__denoise__confidence_boost__nes__l0.5,1021,49,5,809,3,916
calibration__7950__denoise__boundary_probe__nes__l0.5,1021,49,3,768,3,901
calibration__7950__denoise__counterfactual__nes__l0.5,1021,48,5,848,3,946
calibration__7950__deblur__attack__nes__l1,1021,47,9,289,3,422
calibration__7950__deblur__restore__nes__l1,1021,48,18,442,6,591
calibration__7950__deblur__random_walk__random_walk__l1,1024,49,2,1023,2,1023
calibration__7950__deblur__confidence_boost__nes__l1,1021,47,4,349,4,482
calibration__7950__deblur__boundary_probe__nes__l1,1021,47,2,274,2,402
calibration__7950__deblur__counterfactual__nes__l1,1021,48,12,302,9,423
evaluation__791__denoise__attack__nes__l0.5,1021,47,9,396,9,534
evaluation__791__denoise__restore__nes__l0.5,1021,49,9,387,9,536
evaluation__791__denoise__random_walk__random_walk__l0.5,1024,49,2,1023,2,1023
evaluation__791__denoise__confidence_boost__nes__l0.5,1021,49,8,227,8,352
evaluation__791__denoise__boundary_probe__nes__l0.5,1021,48,18,447,17,574
evaluation__791__denoise__counterfactual__nes__l0.5,1021,47,12,395,4,536
evaluation__791__deblur__attack__nes__l1,1021,47,6,192,6,290
evaluation__791__deblur__restore__nes__l1,1021,47,4,315,4,434
evaluation__791__deblur__random_walk__random_walk__l1,1024,49,2,1023,2,1023
evaluation__791__deblur__confidence_boost__nes__l1,1021,48,2,249,2,348
evaluation__791__deblur__boundary_probe__nes__l1,1021,49,5,206,5,287
evaluation__791__deblur__counterfactual__nes__l1,1021,48,3,424,3,551
evaluation__6815__denoise__attack__nes__l0.5,1021,48,3,227,3,305
evaluation__6815__denoise__restore__nes__l0.5,1021,48,5,445,5,589
evaluation__6815__denoise__random_walk__random_walk__l0.5,1024,50,2,1023,2,1023
evaluation__6815__denoise__confidence_boost__nes__l0.5,1021,48,2,196,2,271
evaluation__6815__denoise__boundary_probe__nes__l0.5,1021,49,10,405,10,528
evaluation__6815__denoise__counterfactual__nes__l0.5,1021,49,18,340,12,472
evaluation__6815__deblur__attack__nes__l1,1021,48,11,410,11,533
evaluation__6815__deblur__restore__nes__l1,1021,47,18,436,8,566
evaluation__6815__deblur__random_walk__random_walk__l1,1024,50,2,1023,2,1023
evaluation__6815__deblur__confidence_boost__nes__l1,1021,48,18,328,18,446
evaluation__6815__deblur__boundary_probe__nes__l1,1021,48,11,363,2,503
evaluation__6815__deblur__counterfactual__nes__l1,1021,49,18,234,5,351
evaluation__9356__denoise__attack__nes__l0.5,1021,48,5,131,5,194
evaluation__9356__denoise__restore__nes__l0.5,1021,48,12,305,12,437
evaluation__9356__denoise__random_walk__random_walk__l0.5,1024,50,2,1023,2,1023
evaluation__9356__denoise__confidence_boost__nes__l0.5,1021,49,18,268,8,389
evaluation__9356__denoise__boundary_probe__nes__l0.5,1021,47,18,441,18,572
evaluation__9356__denoise__counterfactual__nes__l0.5,1021,49,13,278,11,397
evaluation__9356__deblur__attack__nes__l1,1021,48,7,177,7,261
evaluation__9356__deblur__restore__nes__l1,1021,48,7,189,7,284
evaluation__9356__deblur__random_walk__random_walk__l1,1024,49,2,1023,2,1023
evaluation__9356__deblur__confidence_boost__nes__l1,1021,48,18,226,7,325
evaluation__9356__deblur__boundary_probe__nes__l1,1021,47,9,162,3,225
evaluation__9356__deblur__counterfactual__nes__l1,1021,47,14,140,14,201
evaluation__81__denoise__attack__nes__l0.5,1021,48,18,138,4,208
evaluation__81__denoise__restore__nes__l0.5,1021,46,8,183,2,278
evaluation__81__denoise__random_walk__random_walk__l0.5,1024,49,2,1023,2,1023
evaluation__81__denoise__confidence_boost__nes__l0.5,1021,46,15,219,15,363
evaluation__81__denoise__boundary_probe__nes__l0.5,1021,49,6,218,2,328
evaluation__81__denoise__counterfactual__nes__l0.5,1021,48,8,190,4,298
evaluation__81__deblur__attack__nes__l1,1021,48,3,561,3,714
evaluation__81__deblur__restore__nes__l1,1021,50,2,638,2,786
evaluation__81__deblur__random_walk__random_walk__l1,1024,49,2,1023,2,1023
evaluation__81__deblur__confidence_boost__nes__l1,1021,48,3,480,2,658
evaluation__81__deblur__boundary_probe__nes__l1,1021,48,2,514,2,667
evaluation__81__deblur__counterfactual__nes__l1,1021,49,5,649,2,767
evaluation__1907__denoise__attack__nes__l0.5,1021,48,3,498,3,646
evaluation__1907__denoise__restore__nes__l0.5,1021,48,8,379,8,504
evaluation__1907__denoise__random_walk__random_walk__l0.5,1024,50,2,1023,2,1023
evaluation__1907__denoise__confidence_boost__nes__l0.5,1021,49,18,333,3,474
evaluation__1907__denoise__boundary_probe__nes__l0.5,1021,49,4,678,4,787
evaluation__1907__denoise__counterfactual__nes__l0.5,1021,49,10,595,7,722
evaluation__1907__deblur__attack__nes__l1,1021,49,18,249,7,363
evaluation__1907__deblur__restore__nes__l1,1021,49,5,474,5,617
evaluation__1907__deblur__random_walk__random_walk__l1,1024,50,2,1023,2,1023
evaluation__1907__deblur__confidence_boost__nes__l1,1021,47,4,167,4,247
evaluation__1907__deblur__boundary_probe__nes__l1,1021,47,4,259,4,376
evaluation__1907__deblur__counterfactual__nes__l1,1021,49,11,265,10,374
evaluation__5217__denoise__attack__nes__l0.5,1021,49,2,484,2,607
evaluation__5217__denoise__restore__nes__l0.5,1021,49,3,329,3,459
evaluation__5217__denoise__random_walk__random_walk__l0.5,1024,49,2,1023,2,1023
evaluation__5217__denoise__confidence_boost__nes__l0.5,1021,48,6,448,6,575
evaluation__5217__denoise__boundary_probe__nes__l0.5,1021,48,8,496,8,621
evaluation__5217__denoise__counterfactual__nes__l0.5,1021,48,2,569,2,703
evaluation__5217__deblur__attack__nes__l1,1021,48,9,668,6,787
evaluation__5217__deblur__restore__nes__l1,1021,48,2,635,2,783
evaluation__5217__deblur__random_walk__random_walk__l1,1024,50,2,1023,2,1023
evaluation__5217__deblur__confidence_boost__nes__l1,1021,48,2,663,2,788
evaluation__5217__deblur__boundary_probe__nes__l1,1021,48,6,708,5,845
evaluation__5217__deblur__counterfactual__nes__l1,1021,47,3,718,3,850
evaluation__9542__denoise__attack__nes__l0.5,1021,49,12,363,4,517
evaluation__9542__denoise__restore__nes__l0.5,1021,49,8,339,2,469
evaluation__9542__denoise__random_walk__random_walk__l0.5,1024,49,2,1023,2,1023
evaluation__9542__denoise__confidence_boost__nes__l0.5,1021,48,4,264,4,384
evaluation__9542__denoise__boundary_probe__nes__l0.5,1021,48,2,386,2,560
evaluation__9542__denoise__counterfactual__nes__l0.5,1021,49,9,518,9,651
evaluation__9542__deblur__attack__nes__l1,1021,50,2,818,2,896
evaluation__9542__deblur__restore__nes__l1,1021,48,2,666,2,795
evaluation__9542__deblur__random_walk__random_walk__l1,1024,50,2,1023,2,1023
evaluation__9542__deblur__confidence_boost__nes__l1,1021,49,3,917,3,962
evaluation__9542__deblur__boundary_probe__nes__l1,1021,49,2,798,2,895
evaluation__9542__deblur__counterfactual__nes__l1,1021,49,3,819,3,910
evaluation__1921__denoise__attack__nes__l0.5,1021,47,4,330,3,459
evaluation__1921__denoise__restore__nes__l0.5,1021,47,6,256,4,353
evaluation__1921__denoise__random_walk__random_walk__l0.5,1024,49,2,1023,2,1023
evaluation__1921__denoise__confidence_boost__nes__l0.5,1021,48,4,219,4,312
evaluation__1921__denoise__boundary_probe__nes__l0.5,1021,49,8,180,8,268
evaluation__1921__denoise__counterfactual__nes__l0.5,1021,48,18,137,3,218
evaluation__1921__deblur__attack__nes__l1,1021,48,2,542,2,675
evaluation__1921__deblur__restore__nes__l1,1021,48,3,519,3,676
evaluation__1921__deblur__random_walk__random_walk__l1,1024,49,2,1023,2,1023
evaluation__1921__deblur__confidence_boost__nes__l1,1021,48,6,523,6,659
evaluation__1921__deblur__boundary_probe__nes__l1,1021,48,4,546,4,699
evaluation__1921__deblur__counterfactual__nes__l1,1021,49,4,578,4,708
evaluation__3710__denoise__attack__nes__l0.5,1021,48,4,336,4,475
evaluation__3710__denoise__restore__nes__l0.5,1021,48,18,270,6,408
evaluation__3710__denoise__random_walk__random_walk__l0.5,1024,49,2,1023,2,1023
evaluation__3710__denoise__confidence_boost__nes__l0.5,1021,48,5,418,5,557
evaluation__3710__denoise__boundary_probe__nes__l0.5,1021,48,8,406,8,537
evaluation__3710__denoise__counterfactual__nes__l0.5,1021,49,2,302,2,422
evaluation__3710__deblur__attack__nes__l1,1021,49,12,395,12,511
evaluation__3710__deblur__restore__nes__l1,1021,49,5,390,5,533
evaluation__3710__deblur__random_walk__random_walk__l1,1024,50,2,1023,2,1023
evaluation__3710__deblur__confidence_boost__nes__l1,1021,48,7,467,4,587
evaluation__3710__deblur__boundary_probe__nes__l1,1021,47,2,204,2,294
evaluation__3710__deblur__counterfactual__nes__l1,1021,48,18,300,15,419
evaluation__6969__denoise__attack__nes__l0.5,1021,48,7,162,7,260
evaluation__6969__denoise__restore__nes__l0.5,1021,48,13,429,13,606
evaluation__6969__denoise__random_walk__random_walk__l0.5,1024,49,2,1023,2,1023
evaluation__6969__denoise__confidence_boost__nes__l0.5,1021,48,18,322,18,465
evaluation__6969__denoise__boundary_probe__nes__l0.5,1021,48,18,275,11,416
evaluation__6969__denoise__counterfactual__nes__l0.5,1021,49,18,270,18,382
evaluation__6969__deblur__attack__nes__l1,1021,48,4,414,2,551
evaluation__6969__deblur__restore__nes__l1,1021,50,2,438,2,564
evaluation__6969__deblur__random_walk__random_walk__l1,1024,49,2,1023,2,1023
evaluation__6969__deblur__confidence_boost__nes__l1,1021,47,2,465,2,602
evaluation__6969__deblur__boundary_probe__nes__l1,1021,49,2,707,2,829
evaluation__6969__deblur__counterfactual__nes__l1,1021,49,4,577,4,697
evaluation__256__denoise__attack__nes__l0.5,1021,48,18,368,18,525
evaluation__256__denoise__restore__nes__l0.5,1021,48,2,311,2,440
evaluation__256__denoise__random_walk__random_walk__l0.5,1024,50,2,1023,2,1023
evaluation__256__denoise__confidence_boost__nes__l0.5,1021,48,3,385,3,489
evaluation__256__denoise__boundary_probe__nes__l0.5,1021,48,18,296,18,419
evaluation__256__denoise__counterfactual__nes__l0.5,1021,48,18,230,18,314
evaluation__256__deblur__attack__nes__l1,1021,48,4,366,4,517
evaluation__256__deblur__restore__nes__l1,1021,48,10,293,5,432
evaluation__256__deblur__random_walk__random_walk__l1,1024,49,2,1023,2,1023
evaluation__256__deblur__confidence_boost__nes__l1,1021,48,9,385,9,540
evaluation__256__deblur__boundary_probe__nes__l1,1021,47,8,348,8,473
evaluation__256__deblur__counterfactual__nes__l1,1021,48,3,246,3,357
evaluation__4804__denoise__attack__nes__l0.5,1021,48,18,246,14,337
evaluation__4804__denoise__restore__nes__l0.5,1021,47,18,162,3,252
evaluation__4804__denoise__random_walk__random_walk__l0.5,1024,50,2,1023,2,1023
evaluation__4804__denoise__confidence_boost__nes__l0.5,1021,48,15,231,4,355
evaluation__4804__denoise__boundary_probe__nes__l0.5,1021,48,6,205,6,339
evaluation__4804__denoise__counterfactual__nes__l0.5,1021,47,9,250,9,363
evaluation__4804__deblur__attack__nes__l1,1021,48,2,621,2,759
evaluation__4804__deblur__restore__nes__l1,1021,48,9,501,9,630
evaluation__4804__deblur__random_walk__random_walk__l1,1024,49,2,1023,2,1023
evaluation__4804__deblur__confidence_boost__nes__l1,1021,48,2,521,2,690
evaluation__4804__deblur__boundary_probe__nes__l1,1021,49,2,543,2,706
evaluation__4804__deblur__counterfactual__nes__l1,1021,49,4,489,4,634
evaluation__7370__denoise__attack__nes__l0.5,1021,49,3,908,2,965
evaluation__7370__denoise__restore__nes__l0.5,1021,48,2,891,2,961
evaluation__7370__denoise__random_walk__random_walk__l0.5,1024,49,2,1023,2,1023
evaluation__7370__denoise__confidence_boost__nes__l0.5,1021,49,3,930,2,981
evaluation__7370__denoise__boundary_probe__nes__l0.5,1021,49,2,778,2,882
evaluation__7370__denoise__counterfactual__nes__l0.5,1021,50,2,927,2,984
evaluation__7370__deblur__attack__nes__l1,1021,48,2,244,2,345
evaluation__7370__deblur__restore__nes__l1,1021,48,3,291,3,397
evaluation__7370__deblur__random_walk__random_walk__l1,1024,49,2,1023,2,1023
evaluation__7370__deblur__confidence_boost__nes__l1,1021,50,8,292,8,416
evaluation__7370__deblur__boundary_probe__nes__l1,1021,49,5,297,5,450
evaluation__7370__deblur__counterfactual__nes__l1,1021,48,3,415,3,549
evaluation__40__denoise__attack__nes__l0.5,1021,47,2,642,2,783
evaluation__40__denoise__restore__nes__l0.5,1021,48,6,659,6,795
evaluation__40__denoise__random_walk__random_walk__l0.5,1024,49,2,1023,2,1023
evaluation__40__denoise__confidence_boost__nes__l0.5,1021,49,7,502,7,655
evaluation__40__denoise__boundary_probe__nes__l0.5,1021,48,2,596,2,746
evaluation__40__denoise__counterfactual__nes__l0.5,1021,48,2,543,2,703
evaluation__40__deblur__attack__nes__l1,1021,49,3,559,3,696
evaluation__40__deblur__restore__nes__l1,1021,48,2,532,2,673
evaluation__40__deblur__random_walk__random_walk__l1,1024,50,2,1023,2,1023
evaluation__40__deblur__confidence_boost__nes__l1,1021,48,5,668,5,799
evaluation__40__deblur__boundary_probe__nes__l1,1021,48,3,683,3,803
evaluation__40__deblur__counterfactual__nes__l1,1021,49,8,702,4,824
evaluation__3914__denoise__attack__nes__l0.5,1021,49,9,433,9,567
evaluation__3914__denoise__restore__nes__l0.5,1021,50,6,453,6,591
evaluation__3914__denoise__random_walk__random_walk__l0.5,1024,49,2,1023,2,1023
evaluation__3914__denoise__confidence_boost__nes__l0.5,1021,49,3,291,3,413
evaluation__3914__denoise__boundary_probe__nes__l0.5,1021,49,15,348,2,489
evaluation__3914__denoise__counterfactual__nes__l0.5,1021,49,12,416,8,542
evaluation__3914__deblur__attack__nes__l1,1021,49,9,704,4,825
evaluation__3914__deblur__restore__nes__l1,1021,48,6,770,6,866
evaluation__3914__deblur__random_walk__random_walk__l1,1024,49,2,1023,2,1023
evaluation__3914__deblur__confidence_boost__nes__l1,1021,49,2,714,2,829
evaluation__3914__deblur__boundary_probe__nes__l1,1021,49,2,707,2,836
evaluation__3914__deblur__counterfactual__nes__l1,1021,50,3,526,3,666
evaluation__6909__denoise__attack__nes__l0.5,1021,48,2,715,2,834
evaluation__6909__denoise__restore__nes__l0.5,1021,50,5,773,3,882
evaluation__6909__denoise__random_walk__random_walk__l0.5,1024,49,2,1023,2,1023
evaluation__6909__denoise__confidence_boost__nes__l0.5,1021,49,2,669,2,800
evaluation__6909__denoise__boundary_probe__nes__l0.5,1021,49,6,748,6,865
evaluation__6909__denoise__counterfactual__nes__l0.5,1021,49,2,716,2,845
evaluation__6909__deblur__attack__nes__l1,1021,48,2,396,2,515
evaluation__6909__deblur__restore__nes__l1,1021,49,2,264,2,380
evaluation__6909__deblur__random_walk__random_walk__l1,1024,50,2,1023,2,1023
evaluation__6909__deblur__confidence_boost__nes__l1,1021,48,6,282,2,410
evaluation__6909__deblur__boundary_probe__nes__l1,1021,49,6,289,6,406
evaluation__6909__deblur__counterfactual__nes__l1,1021,49,4,324,4,440
evaluation__9163__denoise__attack__nes__l0.5,1021,47,14,499,3,648
evaluation__9163__denoise__restore__nes__l0.5,1021,48,6,551,6,717
evaluation__9163__denoise__random_walk__random_walk__l0.5,1024,49,2,1023,2,1023
evaluation__9163__denoise__confidence_boost__nes__l0.5,1021,47,7,454,7,592
evaluation__9163__denoise__boundary_probe__nes__l0.5,1021,47,4,499,4,643
evaluation__9163__denoise__counterfactual__nes__l0.5,1021,48,6,300,6,439
evaluation__9163__deblur__attack__nes__l1,1021,49,8,509,2,661
evaluation__9163__deblur__restore__nes__l1,1021,48,9,463,9,617
evaluation__9163__deblur__random_walk__random_walk__l1,1024,49,2,1023,2,1023
evaluation__9163__deblur__confidence_boost__nes__l1,1021,48,3,544,3,691
evaluation__9163__deblur__boundary_probe__nes__l1,1021,47,18,362,2,538
evaluation__9163__deblur__counterfactual__nes__l1,1021,47,4,406,2,578
evaluation__3667__denoise__attack__nes__l0.5,1021,48,3,373,3,507
evaluation__3667__denoise__restore__nes__l0.5,1021,49,11,338,11,488
evaluation__3667__denoise__random_walk__random_walk__l0.5,1024,50,2,1023,2,1023
evaluation__3667__denoise__confidence_boost__nes__l0.5,1021,48,2,345,2,479
evaluation__3667__denoise__boundary_probe__nes__l0.5,1021,47,2,339,2,514
evaluation__3667__denoise__counterfactual__nes__l0.5,1021,48,3,384,3,518
evaluation__3667__deblur__attack__nes__l1,1021,48,18,112,18,166
evaluation__3667__deblur__restore__nes__l1,1021,47,18,207,18,325
evaluation__3667__deblur__random_walk__random_walk__l1,1024,49,2,1023,2,1023
evaluation__3667__deblur__confidence_boost__nes__l1,1021,48,18,157,18,233
evaluation__3667__deblur__boundary_probe__nes__l1,1021,48,18,236,18,314
evaluation__3667__deblur__counterfactual__nes__l1,1021,48,18,96,18,131
evaluation__6278__denoise__attack__nes__l0.5,1021,49,9,438,9,560
evaluation__6278__denoise__restore__nes__l0.5,1021,49,16,541,5,695
evaluation__6278__denoise__random_walk__random_walk__l0.5,1024,49,2,1023,2,1023
evaluation__6278__denoise__confidence_boost__nes__l0.5,1021,49,6,653,6,797
evaluation__6278__denoise__boundary_probe__nes__l0.5,1021,49,5,585,2,731
evaluation__6278__denoise__counterfactual__nes__l0.5,1021,48,2,597,2,753
evaluation__6278__deblur__attack__nes__l1,1021,48,18,175,18,238
evaluation__6278__deblur__restore__nes__l1,1021,48,18,194,15,297
evaluation__6278__deblur__random_walk__random_walk__l1,1024,50,2,1023,2,1023
evaluation__6278__deblur__confidence_boost__nes__l1,1021,48,18,137,2,193
evaluation__6278__deblur__boundary_probe__nes__l1,1021,47,18,195,18,283
evaluation__6278__deblur__counterfactual__nes__l1,1021,49,17,188,17,270
evaluation__8729__denoise__attack__nes__l0.5,1021,48,18,326,18,437
evaluation__8729__denoise__restore__nes__l0.5,1021,48,18,87,18,109
evaluation__8729__denoise__random_walk__random_walk__l0.5,1024,49,2,1023,2,1023
evaluation__8729__denoise__confidence_boost__nes__l0.5,1021,47,18,228,18,324
evaluation__8729__denoise__boundary_probe__nes__l0.5,1021,46,10,125,10,185
evaluation__8729__denoise__counterfactual__nes__l0.5,1021,49,18,128,18,188
evaluation__8729__deblur__attack__nes__l1,1021,49,8,562,8,699
evaluation__8729__deblur__restore__nes__l1,1021,49,11,642,5,782
evaluation__8729__deblur__random_walk__random_walk__l1,1024,49,2,1023,2,1023
evaluation__8729__deblur__confidence_boost__nes__l1,1021,49,4,610,4,725
evaluation__8729__deblur__boundary_probe__nes__l1,1021,48,9,451,7,629
evaluation__8729__deblur__counterfactual__nes__l1,1021,49,6,712,6,833
evaluation__1195__denoise__attack__nes__l0.5,1021,48,5,441,3,610
evaluation__1195__denoise__restore__nes__l0.5,1021,48,18,429,10,608
evaluation__1195__denoise__random_walk__random_walk__l0.5,1024,49,2,1023,2,1023
evaluation__1195__denoise__confidence_boost__nes__l0.5,1021,49,10,381,10,525
evaluation__1195__denoise__boundary_probe__nes__l0.5,1021,48,18,403,4,589
evaluation__1195__denoise__counterfactual__nes__l0.5,1021,47,9,479,7,633
evaluation__1195__deblur__attack__nes__l1,1021,48,2,294,2,386
evaluation__1195__deblur__restore__nes__l1,1021,48,6,312,6,428
evaluation__1195__deblur__random_walk__random_walk__l1,1024,49,2,1023,2,1023
evaluation__1195__deblur__confidence_boost__nes__l1,1021,48,3,445,3,572
evaluation__1195__deblur__boundary_probe__nes__l1,1021,48,3,321,3,438
evaluation__1195__deblur__counterfactual__nes__l1,1021,48,18,497,2,620
evaluation__4263__denoise__attack__nes__l0.5,1021,49,16,291,4,429
evaluation__4263__denoise__restore__nes__l0.5,1021,50,17,434,9,558
evaluation__4263__denoise__random_walk__random_walk__l0.5,1024,50,2,1023,2,1023
evaluation__4263__denoise__confidence_boost__nes__l0.5,1021,47,4,177,4,261
evaluation__4263__denoise__boundary_probe__nes__l0.5,1021,48,8,203,8,288
evaluation__4263__denoise__counterfactual__nes__l0.5,1021,48,5,282,5,390
evaluation__4263__deblur__attack__nes__l1,1021,47,18,306,2,425
evaluation__4263__deblur__restore__nes__l1,1021,48,5,336,5,470
evaluation__4263__deblur__random_walk__random_walk__l1,1024,50,2,1023,2,1023
evaluation__4263__deblur__confidence_boost__nes__l1,1021,47,8,299,8,420
evaluation__4263__deblur__boundary_probe__nes__l1,1021,48,16,263,16,392
evaluation__4263__deblur__counterfactual__nes__l1,1021,47,8,284,8,405
evaluation__7907__denoise__attack__nes__l0.5,1021,49,18,209,11,309
evaluation__7907__denoise__restore__nes__l0.5,1021,48,3,228,3,347
evaluation__7907__denoise__random_walk__random_walk__l0.5,1024,49,2,1023,2,1023
evaluation__7907__denoise__confidence_boost__nes__l0.5,1021,48,18,337,18,444
evaluation__7907__denoise__boundary_probe__nes__l0.5,1021,48,18,223,18,324
evaluation__7907__denoise__counterfactual__nes__l0.5,1021,48,14,324,4,443
evaluation__7907__deblur__attack__nes__l1,1021,47,2,351,2,496
evaluation__7907__deblur__restore__nes__l1,1021,47,13,503,4,647
evaluation__7907__deblur__random_walk__random_walk__l1,1024,49,2,1023,2,1023
evaluation__7907__deblur__confidence_boost__nes__l1,1021,49,4,501,4,632
evaluation__7907__deblur__boundary_probe__nes__l1,1021,49,15,454,15,627
evaluation__7907__deblur__counterfactual__nes__l1,1021,49,2,303,2,435
evaluation__208__denoise__attack__nes__l0.5,1021,48,15,224,12,314
evaluation__208__denoise__restore__nes__l0.5,1021,48,18,131,18,197
evaluation__208__denoise__random_walk__random_walk__l0.5,1024,50,2,1023,2,1023
evaluation__208__denoise__confidence_boost__nes__l0.5,1021,49,16,125,7,173
evaluation__208__denoise__boundary_probe__nes__l0.5,1021,48,18,309,2,413
evaluation__208__denoise__counterfactual__nes__l0.5,1021,48,10,164,10,259
evaluation__208__deblur__attack__nes__l1,1021,48,18,426,18,558
evaluation__208__deblur__restore__nes__l1,1021,47,18,208,18,294
evaluation__208__deblur__random_walk__random_walk__l1,1024,49,2,1023,2,1023
evaluation__208__deblur__confidence_boost__nes__l1,1021,46,10,153,8,237
evaluation__208__deblur__boundary_probe__nes__l1,1021,47,18,295,18,402
evaluation__208__deblur__counterfactual__nes__l1,1021,49,12,247,3,362
evaluation__2658__denoise__attack__nes__l0.5,1021,48,7,401,2,566
evaluation__2658__denoise__restore__nes__l0.5,1021,48,3,442,3,572
evaluation__2658__denoise__random_walk__random_walk__l0.5,1024,49,2,1023,2,1023
evaluation__2658__denoise__confidence_boost__nes__l0.5,1021,48,7,404,2,540
evaluation__2658__denoise__boundary_probe__nes__l0.5,1021,48,2,569,2,720
evaluation__2658__denoise__counterfactual__nes__l0.5,1021,49,18,420,12,583
evaluation__2658__deblur__attack__nes__l1,1021,48,15,263,15,369
evaluation__2658__deblur__restore__nes__l1,1021,48,4,453,3,589
evaluation__2658__deblur__random_walk__random_walk__l1,1024,49,2,1023,2,1023
evaluation__2658__deblur__confidence_boost__nes__l1,1021,47,18,230,18,336
evaluation__2658__deblur__boundary_probe__nes__l1,1021,48,18,285,18,431
evaluation__2658__deblur__counterfactual__nes__l1,1021,47,6,286,6,403
evaluation__5444__denoise__attack__nes__l0.5,1021,48,18,443,18,603
evaluation__5444__denoise__restore__nes__l0.5,1021,49,7,324,3,485
evaluation__5444__denoise__random_walk__random_walk__l0.5,1024,50,2,1023,2,1023
evaluation__5444__denoise__confidence_boost__nes__l0.5,1021,48,13,450,7,625
evaluation__5444__denoise__boundary_probe__nes__l0.5,1021,49,18,567,12,702
evaluation__5444__denoise__counterfactual__nes__l0.5,1021,48,18,518,10,634
evaluation__5444__deblur__attack__nes__l1,1021,49,2,574,2,720
evaluation__5444__deblur__restore__nes__l1,1021,48,9,666,9,798
evaluation__5444__deblur__random_walk__random_walk__l1,1024,49,2,1023,2,1023
evaluation__5444__deblur__confidence_boost__nes__l1,1021,49,6,392,6,557
evaluation__5444__deblur__boundary_probe__nes__l1,1021,47,4,325,4,457
evaluation__5444__deblur__counterfactual__nes__l1,1021,47,4,388,3,524
evaluation__8437__denoise__attack__nes__l0.5,1021,48,5,144,5,219
evaluation__8437__denoise__restore__nes__l0.5,1021,47,3,158,3,238
evaluation__8437__denoise__random_walk__random_walk__l0.5,1024,49,2,1023,2,1023
evaluation__8437__denoise__confidence_boost__nes__l0.5,1021,48,3,166,3,239
evaluation__8437__denoise__boundary_probe__nes__l0.5,1021,49,14,216,10,320
evaluation__8437__denoise__counterfactual__nes__l0.5,1021,47,18,143,5,213
evaluation__8437__deblur__attack__nes__l1,1021,48,12,418,12,570
evaluation__8437__deblur__restore__nes__l1,1021,48,8,407,4,557
evaluation__8437__deblur__random_walk__random_walk__l1,1024,49,2,1023,2,1023
evaluation__8437__deblur__confidence_boost__nes__l1,1021,48,10,429,10,578
evaluation__8437__deblur__boundary_probe__nes__l1,1021,48,2,390,2,520
evaluation__8437__deblur__counterfactual__nes__l1,1021,47,2,547,2,681
evaluation__1508__denoise__attack__nes__l0.5,1021,47,7,203,7,288
evaluation__1508__denoise__restore__nes__l0.5,1021,48,17,374,5,488
evaluation__1508__denoise__random_walk__random_walk__l0.5,1024,50,2,1023,2,1023
evaluation__1508__denoise__confidence_boost__nes__l0.5,1021,48,18,193,18,274
evaluation__1508__denoise__boundary_probe__nes__l0.5,1021,49,8,238,8,344
evaluation__1508__denoise__counterfactual__nes__l0.5,1021,48,3,134,3,207
evaluation__1508__deblur__attack__nes__l1,1021,48,7,540,7,692
evaluation__1508__deblur__restore__nes__l1,1021,48,7,358,2,475
evaluation__1508__deblur__random_walk__random_walk__l1,1024,49,2,1023,2,1023
evaluation__1508__deblur__confidence_boost__nes__l1,1021,49,18,467,4,639
evaluation__1508__deblur__boundary_probe__nes__l1,1021,49,7,536,7,675
evaluation__1508__deblur__counterfactual__nes__l1,1021,49,12,518,12,683
evaluation__3585__denoise__attack__nes__l0.5,1021,48,18,451,13,600
evaluation__3585__denoise__restore__nes__l0.5,1021,48,11,274,11,391
evaluation__3585__denoise__random_walk__random_walk__l0.5,1024,49,2,1023,2,1023
evaluation__3585__denoise__confidence_boost__nes__l0.5,1021,47,8,439,8,571
evaluation__3585__denoise__boundary_probe__nes__l0.5,1021,48,8,407,8,559
evaluation__3585__denoise__counterfactual__nes__l0.5,1021,48,18,417,3,576
evaluation__3585__deblur__attack__nes__l1,1021,48,2,392,2,528
evaluation__3585__deblur__restore__nes__l1,1021,49,5,429,5,583
evaluation__3585__deblur__random_walk__random_walk__l1,1024,49,2,1023,2,1023
evaluation__3585__deblur__confidence_boost__nes__l1,1021,49,5,396,5,526
evaluation__3585__deblur__boundary_probe__nes__l1,1021,49,3,440,3,579
evaluation__3585__deblur__counterfactual__nes__l1,1021,48,18,492,7,642
evaluation__8159__denoise__attack__nes__l0.5,1021,49,18,253,18,352
evaluation__8159__denoise__restore__nes__l0.5,1021,49,12,224,12,321
evaluation__8159__denoise__random_walk__random_walk__l0.5,1024,49,2,1023,2,1023
evaluation__8159__denoise__confidence_boost__nes__l0.5,1021,46,18,84,10,107
evaluation__8159__denoise__boundary_probe__nes__l0.5,1021,49,18,417,18,559
evaluation__8159__denoise__counterfactual__nes__l0.5,1021,48,6,147,6,219
evaluation__8159__deblur__attack__nes__l1,1021,48,3,482,2,633
evaluation__8159__deblur__restore__nes__l1,1021,49,7,189,7,283
evaluation__8159__deblur__random_walk__random_walk__l1,1024,50,2,1023,2,1023
evaluation__8159__deblur__confidence_boost__nes__l1,1021,48,11,386,11,541
evaluation__8159__deblur__boundary_probe__nes__l1,1021,48,8,293,8,427
evaluation__8159__deblur__counterfactual__nes__l1,1021,49,18,228,11,337
evaluation__1692__denoise__attack__nes__l0.5,1021,48,3,456,3,602
evaluation__1692__denoise__restore__nes__l0.5,1021,49,2,528,2,682
evaluation__1692__denoise__random_walk__random_walk__l0.5,1024,49,2,1023,2,1023
evaluation__1692__denoise__confidence_boost__nes__l0.5,1021,49,4,623,3,731
evaluation__1692__denoise__boundary_probe__nes__l0.5,1021,47,4,392,4,536
evaluation__1692__denoise__counterfactual__nes__l0.5,1021,49,3,582,3,714
evaluation__1692__deblur__attack__nes__l1,1021,48,5,460,5,633
evaluation__1692__deblur__restore__nes__l1,1021,49,3,604,3,732
evaluation__1692__deblur__random_walk__random_walk__l1,1024,50,2,1023,2,1023
evaluation__1692__deblur__confidence_boost__nes__l1,1021,48,5,571,5,719
evaluation__1692__deblur__boundary_probe__nes__l1,1021,48,4,610,4,756
evaluation__1692__deblur__counterfactual__nes__l1,1021,47,8,541,7,701
evaluation__4872__denoise__attack__nes__l0.5,1021,48,2,291,2,413
evaluation__4872__denoise__restore__nes__l0.5,1021,48,8,284,6,404
evaluation__4872__denoise__random_walk__random_walk__l0.5,1024,49,2,1023,2,1023
evaluation__4872__denoise__confidence_boost__nes__l0.5,1021,48,2,325,2,442
evaluation__4872__denoise__boundary_probe__nes__l0.5,1021,48,18,453,18,616
evaluation__4872__denoise__counterfactual__nes__l0.5,1021,48,4,323,4,456
evaluation__4872__deblur__attack__nes__l1,1021,47,18,228,18,333
evaluation__4872__deblur__restore__nes__l1,1021,48,10,135,6,199
evaluation__4872__deblur__random_walk__random_walk__l1,1024,49,2,1023,2,1023
evaluation__4872__deblur__confidence_boost__nes__l1,1021,48,14,236,14,357
evaluation__4872__deblur__boundary_probe__nes__l1,1021,48,14,176,14,255
evaluation__4872__deblur__counterfactual__nes__l1,1021,49,11,196,11,299
evaluation__7923__denoise__attack__nes__l0.5,1021,48,18,476,12,648
evaluation__7923__denoise__restore__nes__l0.5,1021,48,9,278,8,428
evaluation__7923__denoise__random_walk__random_walk__l0.5,1024,50,2,1023,2,1023
evaluation__7923__denoise__confidence_boost__nes__l0.5,1021,48,13,507,10,668
evaluation__7923__denoise__boundary_probe__nes__l0.5,1021,48,9,368,3,522
evaluation__7923__denoise__counterfactual__nes__l0.5,1021,48,12,668,3,773
evaluation__7923__deblur__attack__nes__l1,1021,49,4,670,4,816
evaluation__7923__deblur__restore__nes__l1,1021,48,7,610,7,741
evaluation__7923__deblur__random_walk__random_walk__l1,1024,50,2,1023,2,1023
evaluation__7923__deblur__confidence_boost__nes__l1,1021,48,15,603,2,761
evaluation__7923__deblur__boundary_probe__nes__l1,1021,49,2,650,2,790
evaluation__7923__deblur__counterfactual__nes__l1,1021,49,5,597,2,740
fit__1103__denoise__attack__nes__l0.5,1021,48,2,409,2,559
fit__1103__denoise__restore__nes__l0.5,1021,49,7,548,4,689
fit__1103__denoise__random_walk__random_walk__l0.5,1024,50,2,1023,2,1023
fit__1103__denoise__confidence_boost__nes__l0.5,1021,48,3,252,3,374
fit__1103__denoise__boundary_probe__nes__l0.5,1021,48,7,548,7,692
fit__1103__denoise__counterfactual__nes__l0.5,1021,48,3,636,3,773
fit__1103__deblur__attack__nes__l1,1021,48,5,304,5,413
fit__1103__deblur__restore__nes__l1,1021,48,18,327,18,466
fit__1103__deblur__random_walk__random_walk__l1,1024,50,2,1023,2,1023
fit__1103__deblur__confidence_boost__nes__l1,1021,48,5,274,4,399
fit__1103__deblur__boundary_probe__nes__l1,1021,48,4,309,4,448
fit__1103__deblur__counterfactual__nes__l1,1021,46,3,196,3,290
fit__6621__denoise__attack__nes__l0.5,1021,48,10,331,10,482
fit__6621__denoise__restore__nes__l0.5,1021,48,6,263,6,392
fit__6621__denoise__random_walk__random_walk__l0.5,1024,49,2,1023,2,1023
fit__6621__denoise__confidence_boost__nes__l0.5,1021,47,14,308,14,440
fit__6621__denoise__boundary_probe__nes__l0.5,1021,49,4,519,4,641
fit__6621__denoise__counterfactual__nes__l0.5,1021,49,18,408,12,564
fit__6621__deblur__attack__nes__l1,1021,50,8,330,8,461
fit__6621__deblur__restore__nes__l1,1021,48,8,287,8,437
fit__6621__deblur__random_walk__random_walk__l1,1024,50,2,1023,2,1023
fit__6621__deblur__confidence_boost__nes__l1,1021,47,3,361,2,522
fit__6621__deblur__boundary_probe__nes__l1,1021,47,3,141,3,212
fit__6621__deblur__counterfactual__nes__l1,1021,48,8,383,8,537
fit__962__denoise__attack__nes__l0.5,1021,48,3,805,3,913
fit__962__denoise__restore__nes__l0.5,1021,49,2,829,2,910
fit__962__denoise__random_walk__random_walk__l0.5,1024,50,2,1023,2,1023
fit__962__denoise__confidence_boost__nes__l0.5,1021,49,2,891,2,958
fit__962__denoise__boundary_probe__nes__l0.5,1021,48,5,879,3,946
fit__962__denoise__counterfactual__nes__l0.5,1021,49,2,845,2,918
fit__962__deblur__attack__nes__l1,1021,48,6,486,6,646
fit__962__deblur__restore__nes__l1,1021,50,2,609,2,739
fit__962__deblur__random_walk__random_walk__l1,1024,50,2,1023,2,1023
fit__962__deblur__confidence_boost__nes__l1,1021,48,2,603,2,757
fit__962__deblur__boundary_probe__nes__l1,1021,49,2,641,2,795
fit__962__deblur__counterfactual__nes__l1,1021,49,4,747,4,863
fit__7570__denoise__attack__nes__l0.5,1021,48,18,148,18,215
fit__7570__denoise__restore__nes__l0.5,1021,50,18,200,18,287
fit__7570__denoise__random_walk__random_walk__l0.5,1024,49,2,1023,2,1023
fit__7570__denoise__confidence_boost__nes__l0.5,1021,48,18,235,18,316
fit__7570__denoise__boundary_probe__nes__l0.5,1021,49,18,186,18,273
fit__7570__denoise__counterfactual__nes__l0.5,1021,47,18,116,18,160
fit__7570__deblur__attack__nes__l1,1021,48,12,444,6,592
fit__7570__deblur__restore__nes__l1,1021,48,8,510,5,634
fit__7570__deblur__random_walk__random_walk__l1,1024,49,2,1023,2,1023
fit__7570__deblur__confidence_boost__nes__l1,1021,46,18,292,11,431
fit__7570__deblur__boundary_probe__nes__l1,1021,48,9,367,9,514
fit__7570__deblur__counterfactual__nes__l1,1021,47,3,568,2,710
fit__3947__denoise__attack__nes__l0.5,1021,47,12,228,12,346
fit__3947__denoise__restore__nes__l0.5,1021,48,2,333,2,442
fit__3947__denoise__random_walk__random_walk__l0.5,1024,49,2,1023,2,1023
fit__3947__denoise__confidence_boost__nes__l0.5,1021,48,18,467,2,608
fit__3947__denoise__boundary_probe__nes__l0.5,1021,47,15,284,3,407
fit__3947__denoise__counterfactual__nes__l0.5,1021,48,18,318,11,431
fit__3947__deblur__attack__nes__l1,1021,47,2,334,2,478
fit__3947__deblur__restore__nes__l1,1021,48,3,371,3,518
fit__3947__deblur__random_walk__random_walk__l1,1024,49,2,1023,2,1023
fit__3947__deblur__confidence_boost__nes__l1,1021,48,4,514,4,656
fit__3947__deblur__boundary_probe__nes__l1,1021,49,9,445,3,582
fit__3947__deblur__counterfactual__nes__l1,1021,48,4,412,4,557
fit__825__denoise__attack__nes__l0.5,1021,49,5,365,5,496
fit__825__denoise__restore__nes__l0.5,1021,48,7,284,7,414
fit__825__denoise__random_walk__random_walk__l0.5,1024,50,2,1023,2,1023
fit__825__denoise__confidence_boost__nes__l0.5,1021,48,7,409,5,552
fit__825__denoise__boundary_probe__nes__l0.5,1021,48,9,390,5,538
fit__825__denoise__counterfactual__nes__l0.5,1021,47,17,284,12,403
fit__825__deblur__attack__nes__l1,1021,47,18,160,7,234
fit__825__deblur__restore__nes__l1,1021,48,18,141,18,218
fit__825__deblur__random_walk__random_walk__l1,1024,49,2,1023,2,1023
fit__825__deblur__confidence_boost__nes__l1,1021,48,11,111,11,153
fit__825__deblur__boundary_probe__nes__l1,1021,47,11,161,4,239
fit__825__deblur__counterfactual__nes__l1,1021,47,18,99,18,137
fit__4248__denoise__attack__nes__l0.5,1021,46,3,141,3,208
fit__4248__denoise__restore__nes__l0.5,1021,49,13,370,13,505
fit__4248__denoise__random_walk__random_walk__l0.5,1024,50,2,1023,2,1023
fit__4248__denoise__confidence_boost__nes__l0.5,1021,48,5,364,3,512
fit__4248__denoise__boundary_probe__nes__l0.5,1021,49,18,319,14,441
fit__4248__denoise__counterfactual__nes__l0.5,1021,49,5,338,4,484
fit__4248__deblur__attack__nes__l1,1021,48,4,333,2,469
fit__4248__deblur__restore__nes__l1,1021,48,2,408,2,556
fit__4248__deblur__random_walk__random_walk__l1,1024,50,2,1023,2,1023
fit__4248__deblur__confidence_boost__nes__l1,1021,47,2,527,2,659
fit__4248__deblur__boundary_probe__nes__l1,1021,48,2,499,2,648
fit__4248__deblur__counterfactual__nes__l1,1021,48,2,579,2,719
fit__1953__denoise__attack__nes__l0.5,1021,49,7,440,7,592
fit__1953__denoise__restore__nes__l0.5,1021,48,6,457,4,590
fit__1953__denoise__random_walk__random_walk__l0.5,1024,49,2,1023,2,1023
fit__1953__denoise__confidence_boost__nes__l0.5,1021,47,7,295,7,435
fit__1953__denoise__boundary_probe__nes__l0.5,1021,49,3,356,3,485
fit__1953__denoise__counterfactual__nes__l0.5,1021,48,6,382,6,526
fit__1953__deblur__attack__nes__l1,1021,47,6,166,6,248
fit__1953__deblur__restore__nes__l1,1021,47,18,89,15,129
fit__1953__deblur__random_walk__random_walk__l1,1024,49,2,1023,2,1023
fit__1953__deblur__confidence_boost__nes__l1,1021,47,8,91,7,135
fit__1953__deblur__boundary_probe__nes__l1,1021,47,18,163,18,239
fit__1953__deblur__counterfactual__nes__l1,1021,48,18,224,18,320
fit__7318__denoise__attack__nes__l0.5,1021,49,6,498,6,635
fit__7318__denoise__restore__nes__l0.5,1021,49,2,742,2,859
fit__7318__denoise__random_walk__random_walk__l0.5,1024,50,2,1023,2,1023
fit__7318__denoise__confidence_boost__nes__l0.5,1021,48,8,602,3,722
fit__7318__denoise__boundary_probe__nes__l0.5,1021,50,2,660,2,765
fit__7318__denoise__counterfactual__nes__l0.5,1021,49,5,741,5,835
fit__7318__deblur__attack__nes__l1,1021,48,4,380,4,545
fit__7318__deblur__restore__nes__l1,1021,47,2,410,2,547
fit__7318__deblur__random_walk__random_walk__l1,1024,49,2,1023,2,1023
fit__7318__deblur__confidence_boost__nes__l1,1021,48,10,414,10,534
fit__7318__deblur__boundary_probe__nes__l1,1021,48,2,366,2,505
fit__7318__deblur__counterfactual__nes__l1,1021,48,13,235,4,337
fit__7263__denoise__attack__nes__l0.5,1021,48,10,435,10,581
fit__7263__denoise__restore__nes__l0.5,1021,49,7,597,3,751
fit__7263__denoise__random_walk__random_walk__l0.5,1024,49,2,1023,2,1023
fit__7263__denoise__confidence_boost__nes__l0.5,1021,48,3,615,3,768
fit__7263__denoise__boundary_probe__nes__l0.5,1021,48,2,468,2,610
fit__7263__denoise__counterfactual__nes__l0.5,1021,49,2,259,2,377
fit__7263__deblur__attack__nes__l1,1021,50,3,938,3,977
fit__7263__deblur__restore__nes__l1,1021,48,3,864,3,923
fit__7263__deblur__random_walk__random_walk__l1,1024,50,2,1023,2,1023
fit__7263__deblur__confidence_boost__nes__l1,1021,50,2,879,2,952
fit__7263__deblur__boundary_probe__nes__l1,1021,49,2,776,2,881
fit__7263__deblur__counterfactual__nes__l1,1021,49,4,792,2,883
fit__1892__denoise__attack__nes__l0.5,1021,47,10,213,9,304
fit__1892__denoise__restore__nes__l0.5,1021,48,13,237,13,350
fit__1892__denoise__random_walk__random_walk__l0.5,1024,50,2,1023,2,1023
fit__1892__denoise__confidence_boost__nes__l0.5,1021,48,18,187,5,280
fit__1892__denoise__boundary_probe__nes__l0.5,1021,47,18,169,18,255
fit__1892__denoise__counterfactual__nes__l0.5,1021,47,12,260,10,375
fit__1892__deblur__attack__nes__l1,1021,49,5,563,5,695
fit__1892__deblur__restore__nes__l1,1021,50,6,243,6,353
fit__1892__deblur__random_walk__random_walk__l1,1024,49,2,1023,2,1023
fit__1892__deblur__confidence_boost__nes__l1,1021,48,9,469,5,624
fit__1892__deblur__boundary_probe__nes__l1,1021,48,12,440,3,605
fit__1892__deblur__counterfactual__nes__l1,1021,48,2,478,2,622
fit__8365__denoise__attack__nes__l0.5,1021,49,2,551,2,731
fit__8365__denoise__restore__nes__l0.5,1021,47,2,564,2,725
fit__8365__denoise__random_walk__random_walk__l0.5,1024,50,2,1023,2,1023
fit__8365__denoise__confidence_boost__nes__l0.5,1021,50,5,694,3,847
fit__8365__denoise__boundary_probe__nes__l0.5,1021,47,8,470,3,662
fit__8365__denoise__counterfactual__nes__l0.5,1021,48,6,794,6,897
fit__8365__deblur__attack__nes__l1,1021,46,13,187,10,269
fit__8365__deblur__restore__nes__l1,1021,49,6,239,6,359
fit__8365__deblur__random_walk__random_walk__l1,1024,49,2,1023,2,1023
fit__8365__deblur__confidence_boost__nes__l1,1021,48,18,243,18,354
fit__8365__deblur__boundary_probe__nes__l1,1021,48,18,288,17,440
fit__8365__deblur__counterfactual__nes__l1,1021,48,2,336,2,461
fit__3266__denoise__attack__nes__l0.5,1021,48,6,416,2,549
fit__3266__denoise__restore__nes__l0.5,1021,49,2,510,2,651
fit__3266__denoise__random_walk__random_walk__l0.5,1024,49,2,1023,2,1023
fit__3266__denoise__confidence_boost__nes__l0.5,1021,48,4,567,4,717
fit__3266__denoise__boundary_probe__nes__l0.5,1021,48,3,658,3,765
fit__3266__denoise__counterfactual__nes__l0.5,1021,48,6,560,6,689
fit__3266__deblur__attack__nes__l1,1021,47,2,335,2,450
fit__3266__deblur__restore__nes__l1,1021,47,18,239,5,346
fit__3266__deblur__random_walk__random_walk__l1,1024,49,2,1023,2,1023
fit__3266__deblur__confidence_boost__nes__l1,1021,47,11,406,11,544
fit__3266__deblur__boundary_probe__nes__l1,1021,48,3,224,3,334
fit__3266__deblur__counterfactual__nes__l1,1021,48,9,268,7,383
fit__8937__denoise__attack__nes__l0.5,1021,48,15,336,11,456
fit__8937__denoise__restore__nes__l0.5,1021,49,2,455,2,614
fit__8937__denoise__random_walk__random_walk__l0.5,1024,49,2,1023,2,1023
fit__8937__denoise__confidence_boost__nes__l0.5,1021,47,2,507,2,649
fit__8937__denoise__boundary_probe__nes__l0.5,1021,48,4,444,4,589
fit__8937__denoise__counterfactual__nes__l0.5,1021,48,7,473,5,617
fit__8937__deblur__attack__nes__l1,1021,48,6,340,6,462
fit__8937__deblur__restore__nes__l1,1021,48,2,316,2,452
fit__8937__deblur__random_walk__random_walk__l1,1024,50,2,1023,2,1023
fit__8937__deblur__confidence_boost__nes__l1,1021,49,13,300,13,429
fit__8937__deblur__boundary_probe__nes__l1,1021,46,2,136,2,207
fit__8937__deblur__counterfactual__nes__l1,1021,47,12,172,12,251
fit__3994__denoise__attack__nes__l0.5,1021,48,11,200,11,297
fit__3994__denoise__restore__nes__l0.5,1021,48,2,258,2,375
fit__3994__denoise__random_walk__random_walk__l0.5,1024,49,2,1023,2,1023
fit__3994__denoise__confidence_boost__nes__l0.5,1021,48,2,335,2,479
fit__3994__denoise__boundary_probe__nes__l0.5,1021,48,4,256,4,370
fit__3994__denoise__counterfactual__nes__l0.5,1021,48,6,229,6,349
fit__3994__deblur__attack__nes__l1,1021,48,2,779,2,883
fit__3994__deblur__restore__nes__l1,1021,49,2,729,2,846
fit__3994__deblur__random_walk__random_walk__l1,1024,50,2,1023,2,1023
fit__3994__deblur__confidence_boost__nes__l1,1021,49,7,754,7,895
fit__3994__deblur__boundary_probe__nes__l1,1021,48,2,801,2,912
fit__3994__deblur__counterfactual__nes__l1,1021,49,2,922,2,980
fit__133__denoise__attack__nes__l0.5,1021,49,2,770,2,873
fit__133__denoise__restore__nes__l0.5,1021,48,2,757,2,865
fit__133__denoise__random_walk__random_walk__l0.5,1024,50,2,1023,2,1023
fit__133__denoise__confidence_boost__nes__l0.5,1021,49,2,683,2,806
fit__133__denoise__boundary_probe__nes__l0.5,1021,49,4,894,4,961
fit__133__denoise__counterfactual__nes__l0.5,1021,49,2,822,2,903
fit__133__deblur__attack__nes__l1,1021,47,4,231,3,320
fit__133__deblur__restore__nes__l1,1021,49,4,180,4,258
fit__133__deblur__random_walk__random_walk__l1,1024,50,2,1023,2,1023
fit__133__deblur__confidence_boost__nes__l1,1021,48,18,433,18,591
fit__133__deblur__boundary_probe__nes__l1,1021,48,12,199,2,298
fit__133__deblur__counterfactual__nes__l1,1021,49,2,262,2,382
fit__7499__denoise__attack__nes__l0.5,1021,49,2,772,2,863
fit__7499__denoise__restore__nes__l0.5,1021,49,2,827,2,910
fit__7499__denoise__random_walk__random_walk__l0.5,1024,49,2,1023,2,1023
fit__7499__denoise__confidence_boost__nes__l0.5,1021,48,3,785,3,903
fit__7499__denoise__boundary_probe__nes__l0.5,1021,49,2,765,2,860
fit__7499__denoise__counterfactual__nes__l0.5,1021,48,2,737,2,862
fit__7499__deblur__attack__nes__l1,1021,48,18,154,18,228
fit__7499__deblur__restore__nes__l1,1021,48,18,119,18,174
fit__7499__deblur__random_walk__random_walk__l1,1024,49,2,1023,2,1023
fit__7499__deblur__confidence_boost__nes__l1,1021,48,18,141,18,207
fit__7499__deblur__boundary_probe__nes__l1,1021,48,18,200,18,298
fit__7499__deblur__counterfactual__nes__l1,1021,47,18,153,18,229
calibration__2404__denoise__attack__nes__l0.5,1021,48,2,603,2,742
calibration__2404__denoise__restore__nes__l0.5,1021,48,2,697,2,812
calibration__2404__denoise__random_walk__random_walk__l0.5,1024,50,2,1023,2,1023
calibration__2404__denoise__confidence_boost__nes__l0.5,1021,49,3,654,3,764
calibration__2404__denoise__boundary_probe__nes__l0.5,1021,49,3,841,3,926
calibration__2404__denoise__counterfactual__nes__l0.5,1021,48,2,714,2,838
calibration__2404__deblur__attack__nes__l1,1021,48,2,258,2,408
calibration__2404__deblur__restore__nes__l1,1021,48,7,436,7,610
calibration__2404__deblur__random_walk__random_walk__l1,1024,50,2,1023,2,1023
calibration__2404__deblur__confidence_boost__nes__l1,1021,48,8,326,8,469
calibration__2404__deblur__boundary_probe__nes__l1,1021,49,7,412,7,540
calibration__2404__deblur__counterfactual__nes__l1,1021,49,11,322,4,468
calibration__8777__denoise__attack__nes__l0.5,1021,48,4,442,4,596
calibration__8777__denoise__restore__nes__l0.5,1021,48,5,428,5,569
calibration__8777__denoise__random_walk__random_walk__l0.5,1024,49,2,1023,2,1023
calibration__8777__denoise__confidence_boost__nes__l0.5,1021,49,8,375,8,520
calibration__8777__denoise__boundary_probe__nes__l0.5,1021,48,10,527,4,674
calibration__8777__denoise__counterfactual__nes__l0.5,1021,48,16,330,6,473
calibration__8777__deblur__attack__nes__l1,1021,47,4,377,4,539
calibration__8777__deblur__restore__nes__l1,1021,48,5,255,5,364
calibration__8777__deblur__random_walk__random_walk__l1,1024,50,2,1023,2,1023
calibration__8777__deblur__confidence_boost__nes__l1,1021,47,2,366,2,504
calibration__8777__deblur__boundary_probe__nes__l1,1021,48,12,344,11,477
calibration__8777__deblur__counterfactual__nes__l1,1021,49,4,360,4,515
calibration__6279__denoise__attack__nes__l0.5,1021,48,3,234,3,333
calibration__6279__denoise__restore__nes__l0.5,1021,48,3,327,3,452
calibration__6279__denoise__random_walk__random_walk__l0.5,1024,49,2,1023,2,1023
calibration__6279__denoise__confidence_boost__nes__l0.5,1021,48,3,173,3,262
calibration__6279__denoise__boundary_probe__nes__l0.5,1021,49,4,411,4,531
calibration__6279__denoise__counterfactual__nes__l0.5,1021,49,8,412,3,543
calibration__6279__deblur__attack__nes__l1,1021,49,8,508,8,655
calibration__6279__deblur__restore__nes__l1,1021,47,9,390,9,506
calibration__6279__deblur__random_walk__random_walk__l1,1024,49,2,1023,2,1023
calibration__6279__deblur__confidence_boost__nes__l1,1021,48,2,567,2,699
calibration__6279__deblur__boundary_probe__nes__l1,1021,48,3,444,3,614
calibration__6279__deblur__counterfactual__nes__l1,1021,48,3,372,3,507
calibration__9455__denoise__attack__nes__l0.5,1021,49,18,251,18,367
calibration__9455__denoise__restore__nes__l0.5,1021,47,7,180,7,253
calibration__9455__denoise__random_walk__random_walk__l0.5,1024,50,2,1023,2,1023
calibration__9455__denoise__confidence_boost__nes__l0.5,1021,47,12,185,12,275
calibration__9455__denoise__boundary_probe__nes__l0.5,1021,48,4,275,4,400
calibration__9455__denoise__counterfactual__nes__l0.5,1021,47,6,147,6,212
calibration__9455__deblur__attack__nes__l1,1021,48,3,627,3,772
calibration__9455__deblur__restore__nes__l1,1021,47,2,860,2,945
calibration__9455__deblur__random_walk__random_walk__l1,1024,49,2,1023,2,1023
calibration__9455__deblur__confidence_boost__nes__l1,1021,49,4,659,4,791
calibration__9455__deblur__boundary_probe__nes__l1,1021,49,7,691,2,822
calibration__9455__deblur__counterfactual__nes__l1,1021,50,2,873,2,951
calibration__6512__denoise__attack__nes__l0.5,1021,49,18,163,7,231
calibration__6512__denoise__restore__nes__l0.5,1021,48,13,157,13,223
calibration__6512__denoise__random_walk__random_walk__l0.5,1024,49,2,1023,2,1023
calibration__6512__denoise__confidence_boost__nes__l0.5,1021,47,18,266,18,381
calibration__6512__denoise__boundary_probe__nes__l0.5,1021,49,12,244,12,340
calibration__6512__denoise__counterfactual__nes__l0.5,1021,47,3,191,3,275
calibration__6512__deblur__attack__nes__l1,1021,47,2,567,2,717
calibration__6512__deblur__restore__nes__l1,1021,48,9,536,3,688
calibration__6512__deblur__random_walk__random_walk__l1,1024,49,2,1023,2,1023
calibration__6512__deblur__confidence_boost__nes__l1,1021,49,2,687,2,807
calibration__6512__deblur__boundary_probe__nes__l1,1021,49,13,783,13,889
calibration__6512__deblur__counterfactual__nes__l1,1021,49,5,614,4,749
calibration__2181__denoise__attack__nes__l0.5,1021,48,3,765,2,871
calibration__2181__denoise__restore__nes__l0.5,1021,47,2,804,2,918
calibration__2181__denoise__random_walk__random_walk__l0.5,1024,50,2,1023,2,1023
calibration__2181__denoise__confidence_boost__nes__l0.5,1021,48,2,770,2,884
calibration__2181__denoise__boundary_probe__nes__l0.5,1021,49,2,921,2,976
calibration__2181__denoise__counterfactual__nes__l0.5,1021,49,2,878,2,955
calibration__2181__deblur__attack__nes__l1,1021,49,3,568,3,709
calibration__2181__deblur__restore__nes__l1,1021,49,3,476,3,618
calibration__2181__deblur__random_walk__random_walk__l1,1024,50,2,1023,2,1023
calibration__2181__deblur__confidence_boost__nes__l1,1021,49,3,306,3,445
calibration__2181__deblur__boundary_probe__nes__l1,1021,49,4,423,4,562
calibration__2181__deblur__counterfactual__nes__l1,1021,48,11,455,11,590
calibration__5343__denoise__attack__nes__l0.5,1021,49,2,680,2,824
calibration__5343__denoise__restore__nes__l0.5,1021,48,2,913,2,965
calibration__5343__denoise__random_walk__random_walk__l0.5,1024,49,2,1023,2,1023
calibration__5343__denoise__confidence_boost__nes__l0.5,1021,48,4,647,4,792
calibration__5343__denoise__boundary_probe__nes__l0.5,1021,49,4,893,4,959
calibration__5343__denoise__counterfactual__nes__l0.5,1021,48,3,860,3,947
calibration__5343__deblur__attack__nes__l1,1021,48,3,484,3,604
calibration__5343__deblur__restore__nes__l1,1021,49,2,446,2,586
calibration__5343__deblur__random_walk__random_walk__l1,1024,49,2,1023,2,1023
calibration__5343__deblur__confidence_boost__nes__l1,1021,47,2,538,2,696
calibration__5343__deblur__boundary_probe__nes__l1,1021,48,8,338,3,472
calibration__5343__deblur__counterfactual__nes__l1,1021,48,7,319,3,450
calibration__4443__denoise__attack__nes__l0.5,1021,48,4,291,4,416
calibration__4443__denoise__restore__nes__l0.5,1021,48,5,300,5,432
calibration__4443__denoise__random_walk__random_walk__l0.5,1024,49,2,1023,2,1023
calibration__4443__denoise__confidence_boost__nes__l0.5,1021,48,4,276,4,393
calibration__4443__denoise__boundary_probe__nes__l0.5,1021,48,4,524,4,678
calibration__4443__denoise__counterfactual__nes__l0.5,1021,49,4,350,3,476
calibration__4443__deblur__attack__nes__l1,1021,48,14,296,14,401
calibration__4443__deblur__restore__nes__l1,1021,47,2,212,2,314
calibration__4443__deblur__random_walk__random_walk__l1,1024,50,2,1023,2,1023
calibration__4443__deblur__confidence_boost__nes__l1,1021,47,9,238,9,350
calibration__4443__deblur__boundary_probe__nes__l1,1021,47,7,437,7,602
calibration__4443__deblur__counterfactual__nes__l1,1021,48,9,269,9,396
calibration__9112__denoise__attack__nes__l0.5,1021,48,3,514,3,650
calibration__9112__denoise__restore__nes__l0.5,1021,49,6,214,6,314
calibration__9112__denoise__random_walk__random_walk__l0.5,1024,50,2,1023,2,1023
calibration__9112__denoise__confidence_boost__nes__l0.5,1021,49,2,425,2,584
calibration__9112__denoise__boundary_probe__nes__l0.5,1021,48,13,312,4,443
calibration__9112__denoise__counterfactual__nes__l0.5,1021,49,14,435,2,576
calibration__9112__deblur__attack__nes__l1,1021,48,17,202,7,295
calibration__9112__deblur__restore__nes__l1,1021,47,12,280,5,407
calibration__9112__deblur__random_walk__random_walk__l1,1024,50,2,1023,2,1023
calibration__9112__deblur__confidence_boost__nes__l1,1021,49,10,530,10,651
calibration__9112__deblur__boundary_probe__nes__l1,1021,49,14,274,14,398
calibration__9112__deblur__counterfactual__nes__l1,1021,49,18,337,18,455
calibration__5947__denoise__attack__nes__l0.5,1021,47,18,157,18,229
calibration__5947__denoise__restore__nes__l0.5,1021,48,9,117,9,163
calibration__5947__denoise__random_walk__random_walk__l0.5,1024,49,2,1023,2,1023
calibration__5947__denoise__confidence_boost__nes__l0.5,1021,47,11,240,9,373
calibration__5947__denoise__boundary_probe__nes__l0.5,1021,48,7,115,4,180
calibration__5947__denoise__counterfactual__nes__l0.5,1021,48,13,323,4,463
calibration__5947__deblur__attack__nes__l1,1021,48,15,310,5,430
calibration__5947__deblur__restore__nes__l1,1021,48,2,263,2,371
calibration__5947__deblur__random_walk__random_walk__l1,1024,50,2,1023,2,1023
calibration__5947__deblur__confidence_boost__nes__l1,1021,49,4,327,4,449
calibration__5947__deblur__boundary_probe__nes__l1,1021,47,3,315,2,450
calibration__5947__deblur__counterfactual__nes__l1,1021,48,4,234,4,358
calibration__1140__denoise__attack__nes__l0.5,1021,48,2,338,2,426
calibration__1140__denoise__restore__nes__l0.5,1021,48,3,327,3,438
calibration__1140__denoise__random_walk__random_walk__l0.5,1024,49,2,1023,2,1023
calibration__1140__denoise__confidence_boost__nes__l0.5,1021,48,18,291,7,431
calibration__1140__denoise__boundary_probe__nes__l0.5,1021,49,17,215,10,296
calibration__1140__denoise__counterfactual__nes__l0.5,1021,49,18,236,18,332
calibration__1140__deblur__attack__nes__l1,1021,48,5,416,3,565
calibration__1140__deblur__restore__nes__l1,1021,48,3,437,3,577
calibration__1140__deblur__random_walk__random_walk__l1,1024,49,2,1023,2,1023
calibration__1140__deblur__confidence_boost__nes__l1,1021,48,9,454,9,610
calibration__1140__deblur__boundary_probe__nes__l1,1021,48,10,355,10,499
calibration__1140__deblur__counterfactual__nes__l1,1021,48,18,371,18,520
calibration__6801__denoise__attack__nes__l0.5,1021,48,8,319,8,448
calibration__6801__denoise__restore__nes__l0.5,1021,49,5,591,5,729
calibration__6801__denoise__random_walk__random_walk__l0.5,1024,49,2,1023,2,1023
calibration__6801__denoise__confidence_boost__nes__l0.5,1021,49,5,325,5,446
calibration__6801__denoise__boundary_probe__nes__l0.5,1021,48,6,393,6,553
calibration__6801__denoise__counterfactual__nes__l0.5,1021,48,2,430,2,565
calibration__6801__deblur__attack__nes__l1,1021,48,18,340,18,458
calibration__6801__deblur__restore__nes__l1,1021,48,6,176,6,265
calibration__6801__deblur__random_walk__random_walk__l1,1024,49,2,1023,2,1023
calibration__6801__deblur__confidence_boost__nes__l1,1021,49,5,325,5,454
calibration__6801__deblur__boundary_probe__nes__l1,1021,47,16,234,16,330
calibration__6801__deblur__counterfactual__nes__l1,1021,48,18,207,18,297
calibration__2141__denoise__attack__nes__l0.5,1021,50,15,581,4,706
calibration__2141__denoise__restore__nes__l0.5,1021,48,13,447,3,611
calibration__2141__denoise__random_walk__random_walk__l0.5,1024,49,2,1023,2,1023
calibration__2141__denoise__confidence_boost__nes__l0.5,1021,49,8,421,8,570
calibration__2141__denoise__boundary_probe__nes__l0.5,1021,50,4,356,4,518
calibration__2141__denoise__counterfactual__nes__l0.5,1021,49,2,666,2,782
calibration__2141__deblur__attack__nes__l1,1021,48,8,435,8,573
calibration__2141__deblur__restore__nes__l1,1021,50,5,294,5,417
calibration__2141__deblur__random_walk__random_walk__l1,1024,49,2,1023,2,1023
calibration__2141__deblur__confidence_boost__nes__l1,1021,49,4,422,4,559
calibration__2141__deblur__boundary_probe__nes__l1,1021,48,18,274,18,395
calibration__2141__deblur__counterfactual__nes__l1,1021,49,7,447,7,574
calibration__9799__denoise__attack__nes__l0.5,1021,47,2,777,2,885
calibration__9799__denoise__restore__nes__l0.5,1021,48,3,703,3,842
calibration__9799__denoise__random_walk__random_walk__l0.5,1024,49,2,1023,2,1023
calibration__9799__denoise__confidence_boost__nes__l0.5,1021,49,2,766,2,878
calibration__9799__denoise__boundary_probe__nes__l0.5,1021,50,5,878,3,949
calibration__9799__denoise__counterfactual__nes__l0.5,1021,49,2,810,2,903
calibration__9799__deblur__attack__nes__l1,1021,48,11,282,11,373
calibration__9799__deblur__restore__nes__l1,1021,49,18,169,18,244
calibration__9799__deblur__random_walk__random_walk__l1,1024,49,2,1023,2,1023
calibration__9799__deblur__confidence_boost__nes__l1,1021,46,18,124,18,184
calibration__9799__deblur__boundary_probe__nes__l1,1021,48,18,178,18,278
calibration__9799__deblur__counterfactual__nes__l1,1021,48,18,264,18,362
calibration__5418__denoise__attack__nes__l0.5,1021,48,18,279,8,398
calibration__5418__denoise__restore__nes__l0.5,1021,48,18,269,18,371
calibration__5418__denoise__random_walk__random_walk__l0.5,1024,49,2,1023,2,1023
calibration__5418__denoise__confidence_boost__nes__l0.5,1021,48,18,257,6,370
calibration__5418__denoise__boundary_probe__nes__l0.5,1021,48,13,233,13,344
calibration__5418__denoise__counterfactual__nes__l0.5,1021,47,15,204,15,294
calibration__5418__deblur__attack__nes__l1,1021,49,2,705,2,822
calibration__5418__deblur__restore__nes__l1,1021,48,7,386,2,531
calibration__5418__deblur__random_walk__random_walk__l1,1024,50,2,1023,2,1023
calibration__5418__deblur__confidence_boost__nes__l1,1021,49,7,587,3,730
calibration__5418__deblur__boundary_probe__nes__l1,1021,49,9,547,9,672
calibration__5418__deblur__counterfactual__nes__l1,1021,48,2,449,2,595
calibration__4191__denoise__attack__nes__l0.5,1021,48,4,527,4,668
calibration__4191__denoise__restore__nes__l0.5,1021,48,5,276,5,409
calibration__4191__denoise__random_walk__random_walk__l0.5,1024,49,2,1023,2,1023
calibration__4191__denoise__confidence_boost__nes__l0.5,1021,49,4,465,4,617
calibration__4191__denoise__boundary_probe__nes__l0.5,1021,49,2,482,2,632
calibration__4191__denoise__counterfactual__nes__l0.5,1021,48,3,645,3,753
calibration__4191__deblur__attack__nes__l1,1021,47,18,319,18,457
calibration__4191__deblur__restore__nes__l1,1021,48,11,240,5,344
calibration__4191__deblur__random_walk__random_walk__l1,1024,50,2,1023,2,1023
calibration__4191__deblur__confidence_boost__nes__l1,1021,47,18,346,7,466
calibration__4191__deblur__boundary_probe__nes__l1,1021,48,18,348,18,512
calibration__4191__deblur__counterfactual__nes__l1,1021,49,18,310,18,465
calibration__9032__denoise__attack__nes__l0.5,1021,48,4,400,2,552
calibration__9032__denoise__restore__nes__l0.5,1021,47,4,600,4,744
calibration__9032__denoise__random_walk__random_walk__l0.5,1024,49,2,1023,2,1023
calibration__9032__denoise__confidence_boost__nes__l0.5,1021,48,3,463,3,600
calibration__9032__denoise__boundary_probe__nes__l0.5,1021,49,8,570,8,720
calibration__9032__denoise__counterfactual__nes__l0.5,1021,48,2,702,2,817
calibration__9032__deblur__attack__nes__l1,1021,48,11,249,7,378
calibration__9032__deblur__restore__nes__l1,1021,48,14,496,5,653
calibration__9032__deblur__random_walk__random_walk__l1,1024,50,2,1023,2,1023
calibration__9032__deblur__confidence_boost__nes__l1,1021,48,5,239,5,322
calibration__9032__deblur__boundary_probe__nes__l1,1021,48,18,290,7,419
calibration__9032__deblur__counterfactual__nes__l1,1021,48,5,260,5,377
evaluation__1879__denoise__attack__nes__l0.5,1021,49,8,452,8,598
evaluation__1879__denoise__restore__nes__l0.5,1021,48,2,629,2,764
evaluation__1879__denoise__random_walk__random_walk__l0.5,1024,50,2,1023,2,1023
evaluation__1879__denoise__confidence_boost__nes__l0.5,1021,49,4,422,4,573
evaluation__1879__denoise__boundary_probe__nes__l0.5,1021,49,3,522,3,662
evaluation__1879__denoise__counterfactual__nes__l0.5,1021,49,4,388,3,531
evaluation__1879__deblur__attack__nes__l1,1021,48,5,254,5,376
evaluation__1879__deblur__restore__nes__l1,1021,48,7,275,7,362
evaluation__1879__deblur__random_walk__random_walk__l1,1024,49,2,1023,2,1023
evaluation__1879__deblur__confidence_boost__nes__l1,1021,49,3,409,3,532
evaluation__1879__deblur__boundary_probe__nes__l1,1021,48,18,252,3,369
evaluation__1879__deblur__counterfactual__nes__l1,1021,48,2,432,2,548
evaluation__7594__denoise__attack__nes__l0.5,1021,48,4,256,4,395
evaluation__7594__denoise__restore__nes__l0.5,1021,48,18,280,8,425
evaluation__7594__denoise__random_walk__random_walk__l0.5,1024,49,2,1023,2,1023
evaluation__7594__denoise__confidence_boost__nes__l0.5,1021,48,3,254,3,361
evaluation__7594__denoise__boundary_probe__nes__l0.5,1021,49,6,348,6,492
evaluation__7594__denoise__counterfactual__nes__l0.5,1021,48,3,349,3,493
evaluation__7594__deblur__attack__nes__l1,1021,48,7,197,5,299
evaluation__7594__deblur__restore__nes__l1,1021,48,18,214,18,304
evaluation__7594__deblur__random_walk__random_walk__l1,1024,49,2,1023,2,1023
evaluation__7594__deblur__confidence_boost__nes__l1,1021,47,8,279,8,395
evaluation__7594__deblur__boundary_probe__nes__l1,1021,48,2,245,2,335
evaluation__7594__deblur__counterfactual__nes__l1,1021,47,6,186,6,286
evaluation__9544__denoise__attack__nes__l0.5,1021,49,18,290,18,421
evaluation__9544__denoise__restore__nes__l0.5,1021,47,2,219,2,316
evaluation__9544__denoise__random_walk__random_walk__l0.5,1024,49,2,1023,2,1023
evaluation__9544__denoise__confidence_boost__nes__l0.5,1021,48,14,343,7,500
evaluation__9544__denoise__boundary_probe__nes__l0.5,1021,49,9,263,9,389
evaluation__9544__denoise__counterfactual__nes__l0.5,1021,49,5,279,5,419
evaluation__9544__deblur__attack__nes__l1,1021,48,4,333,4,422
evaluation__9544__deblur__restore__nes__l1,1021,49,3,484,3,632
evaluation__9544__deblur__random_walk__random_walk__l1,1024,49,2,1023,2,1023
evaluation__9544__deblur__confidence_boost__nes__l1,1021,47,14,298,2,429
evaluation__9544__deblur__boundary_probe__nes__l1,1021,47,12,170,12,250
evaluation__9544__deblur__counterfactual__nes__l1,1021,48,8,317,8,431
evaluation__645__denoise__attack__nes__l0.5,1021,48,2,354,2,495
evaluation__645__denoise__restore__nes__l0.5,1021,48,2,347,2,476
evaluation__645__denoise__random_walk__random_walk__l0.5,1024,49,2,1023,2,1023
evaluation__645__denoise__confidence_boost__nes__l0.5,1021,47,12,402,2,543
evaluation__645__denoise__boundary_probe__nes__l0.5,1021,48,6,544,6,700
evaluation__645__denoise__counterfactual__nes__l0.5,1021,47,3,263,3,362
evaluation__645__deblur__attack__nes__l1,1021,49,17,334,16,446
evaluation__645__deblur__restore__nes__l1,1021,48,18,269,10,406
evaluation__645__deblur__random_walk__random_walk__l1,1024,49,2,1023,2,1023
evaluation__645__deblur__confidence_boost__nes__l1,1021,48,18,234,14,374
evaluation__645__deblur__boundary_probe__nes__l1,1021,47,18,392,18,545
evaluation__645__deblur__counterfactual__nes__l1,1021,48,2,263,2,394
evaluation__2813__denoise__attack__nes__l0.5,1021,47,5,405,5,536
evaluation__2813__denoise__restore__nes__l0.5,1021,47,6,177,2,287
evaluation__2813__denoise__random_walk__random_walk__l0.5,1024,49,2,1023,2,1023
evaluation__2813__denoise__confidence_boost__nes__l0.5,1021,48,7,344,7,504
evaluation__2813__denoise__boundary_probe__nes__l0.5,1021,47,6,351,6,480
evaluation__2813__denoise__counterfactual__nes__l0.5,1021,47,18,495,12,627
evaluation__2813__deblur__attack__nes__l1,1021,49,13,495,4,630
evaluation__2813__deblur__restore__nes__l1,1021,49,17,445,2,595
evaluation__2813__deblur__random_walk__random_walk__l1,1024,49,2,1023,2,1023
evaluation__2813__deblur__confidence_boost__nes__l1,1021,49,9,417,2,585
evaluation__2813__deblur__boundary_probe__nes__l1,1021,49,11,463,11,613
evaluation__2813__deblur__counterfactual__nes__l1,1021,50,2,384,2,552
evaluation__5307__denoise__attack__nes__l0.5,1021,49,4,751,4,859
evaluation__5307__denoise__restore__nes__l0.5,1021,48,2,423,2,582
evaluation__5307__denoise__random_walk__random_walk__l0.5,1024,50,2,1023,2,1023
evaluation__5307__denoise__confidence_boost__nes__l0.5,1021,49,3,739,3,858
evaluation__5307__denoise__boundary_probe__nes__l0.5,1021,49,4,808,4,895
evaluation__5307__denoise__counterfactual__nes__l0.5,1021,50,6,808,6,908
evaluation__5307__deblur__attack__nes__l1,1021,49,14,438,6,578
evaluation__5307__deblur__restore__nes__l1,1021,48,3,421,2,561
evaluation__5307__deblur__random_walk__random_walk__l1,1024,49,2,1023,2,1023
evaluation__5307__deblur__confidence_boost__nes__l1,1021,47,6,348,6,510
evaluation__5307__deblur__boundary_probe__nes__l1,1021,49,5,288,5,431
evaluation__5307__deblur__counterfactual__nes__l1,1021,49,8,560,8,689
evaluation__9645__denoise__attack__nes__l0.5,1021,50,6,661,3,800
evaluation__9645__denoise__restore__nes__l0.5,1021,48,2,508,2,664
evaluation__9645__denoise__random_walk__random_walk__l0.5,1024,49,2,1023,2,1023
evaluation__9645__denoise__confidence_boost__nes__l0.5,1021,49,2,347,2,499
evaluation__9645__denoise__boundary_probe__nes__l0.5,1021,48,9,600,7,726
evaluation__9645__denoise__counterfactual__nes__l0.5,1021,49,2,611,2,765
evaluation__9645__deblur__attack__nes__l1,1021,48,3,572,3,736
evaluation__9645__deblur__restore__nes__l1,1021,48,7,518,7,665
evaluation__9645__deblur__random_walk__random_walk__l1,1024,49,2,1023,2,1023
evaluation__9645__deblur__confidence_boost__nes__l1,1021,49,4,556,4,722
evaluation__9645__deblur__boundary_probe__nes__l1,1021,49,11,696,8,821
evaluation__9645__deblur__counterfactual__nes__l1,1021,49,4,710,4,836
evaluation__2100__denoise__attack__nes__l0.5,1021,48,3,521,3,655
evaluation__2100__denoise__restore__nes__l0.5,1021,48,6,591,6,734
evaluation__2100__denoise__random_walk__random_walk__l0.5,1024,49,2,1023,2,1023
evaluation__2100__denoise__confidence_boost__nes__l0.5,1021,49,5,418,5,562
evaluation__2100__denoise__boundary_probe__nes__l0.5,1021,48,4,612,4,746
evaluation__2100__denoise__counterfactual__nes__l0.5,1021,48,17,596,17,723
evaluation__2100__deblur__attack__nes__l1,1021,47,2,302,2,419
evaluation__2100__deblur__restore__nes__l1,1021,49,8,380,8,525
evaluation__2100__deblur__random_walk__random_walk__l1,1024,49,2,1023,2,1023
evaluation__2100__deblur__confidence_boost__nes__l1,1021,47,4,431,3,582
evaluation__2100__deblur__boundary_probe__nes__l1,1021,48,18,355,18,478
evaluation__2100__deblur__counterfactual__nes__l1,1021,49,18,484,5,606
evaluation__5691__denoise__attack__nes__l0.5,1021,49,12,753,12,866
evaluation__5691__denoise__restore__nes__l0.5,1021,49,4,704,4,828
evaluation__5691__denoise__random_walk__random_walk__l0.5,1024,49,2,1023,2,1023
evaluation__5691__denoise__confidence_boost__nes__l0.5,1021,47,6,666,6,797
evaluation__5691__denoise__boundary_probe__nes__l0.5,1021,48,7,689,3,810
evaluation__5691__denoise__counterfactual__nes__l0.5,1021,47,5,601,5,757
evaluation__5691__deblur__attack__nes__l1,1021,48,18,348,12,506
evaluation__5691__deblur__restore__nes__l1,1021,47,5,277,5,402
evaluation__5691__deblur__random_walk__random_walk__l1,1024,49,2,1023,2,1023
evaluation__5691__deblur__confidence_boost__nes__l1,1021,47,13,289,13,432
evaluation__5691__deblur__boundary_probe__nes__l1,1021,48,15,327,15,462
evaluation__5691__deblur__counterfactual__nes__l1,1021,48,5,335,5,470
evaluation__8954__denoise__attack__nes__l0.5,1021,49,4,560,3,723
evaluation__8954__denoise__restore__nes__l0.5,1021,50,3,570,3,708
evaluation__8954__denoise__random_walk__random_walk__l0.5,1024,49,2,1023,2,1023
evaluation__8954__denoise__confidence_boost__nes__l0.5,1021,49,3,461,3,614
evaluation__8954__denoise__boundary_probe__nes__l0.5,1021,49,5,525,5,711
evaluation__8954__denoise__counterfactual__nes__l0.5,1021,50,5,471,5,642
evaluation__8954__deblur__attack__nes__l1,1021,48,4,423,4,540
evaluation__8954__deblur__restore__nes__l1,1021,47,3,272,3,374
evaluation__8954__deblur__random_walk__random_walk__l1,1024,49,2,1023,2,1023
evaluation__8954__deblur__confidence_boost__nes__l1,1021,49,2,419,2,557
evaluation__8954__deblur__boundary_probe__nes__l1,1021,48,18,280,9,369
evaluation__8954__deblur__counterfactual__nes__l1,1021,48,18,188,18,274
evaluation__650__denoise__attack__nes__l0.5,1021,48,18,372,17,515
evaluation__650__denoise__restore__nes__l0.5,1021,49,16,315,3,469
evaluation__650__denoise__random_walk__random_walk__l0.5,1024,49,2,1023,2,1023
evaluation__650__denoise__confidence_boost__nes__l0.5,1021,49,11,273,9,378
evaluation__650__denoise__boundary_probe__nes__l0.5,1021,48,2,275,2,383
evaluation__650__denoise__counterfactual__nes__l0.5,1021,48,18,227,7,344
evaluation__650__deblur__attack__nes__l1,1021,48,4,266,4,376
evaluation__650__deblur__restore__nes__l1,1021,48,16,189,16,268
evaluation__650__deblur__random_walk__random_walk__l1,1024,49,2,1023,2,1023
evaluation__650__deblur__confidence_boost__nes__l1,1021,47,18,140,2,209
evaluation__650__deblur__boundary_probe__nes__l1,1021,48,18,165,4,234
evaluation__650__deblur__counterfactual__nes__l1,1021,48,18,169,17,255
evaluation__6075__denoise__attack__nes__l0.5,1021,48,4,804,2,913
evaluation__6075__denoise__restore__nes__l0.5,1021,50,2,758,2,852
evaluation__6075__denoise__random_walk__random_walk__l0.5,1024,49,2,1023,2,1023
evaluation__6075__denoise__confidence_boost__nes__l0.5,1021,49,2,791,2,897
evaluation__6075__denoise__boundary_probe__nes__l0.5,1021,49,4,895,2,947
evaluation__6075__denoise__counterfactual__nes__l0.5,1021,49,2,832,2,924
evaluation__6075__deblur__attack__nes__l1,1021,48,2,287,2,381
evaluation__6075__deblur__restore__nes__l1,1021,48,6,398,2,521
evaluation__6075__deblur__random_walk__random_walk__l1,1024,50,2,1023,2,1023
evaluation__6075__deblur__confidence_boost__nes__l1,1021,48,5,450,5,572
evaluation__6075__deblur__boundary_probe__nes__l1,1021,48,5,511,2,657
evaluation__6075__deblur__counterfactual__nes__l1,1021,48,3,437,3,579
evaluation__8023__denoise__attack__nes__l0.5,1021,48,5,409,5,565
evaluation__8023__denoise__restore__nes__l0.5,1021,47,4,267,4,403
evaluation__8023__denoise__random_walk__random_walk__l0.5,1024,50,2,1023,2,1023
evaluation__8023__denoise__confidence_boost__nes__l0.5,1021,48,18,345,13,486
evaluation__8023__denoise__boundary_probe__nes__l0.5,1021,49,5,373,5,510
evaluation__8023__denoise__counterfactual__nes__l0.5,1021,49,3,526,2,669
evaluation__8023__deblur__attack__nes__l1,1021,49,4,672,4,793
evaluation__8023__deblur__restore__nes__l1,1021,49,2,576,2,705
evaluation__8023__deblur__random_walk__random_walk__l1,1024,50,2,1023,2,1023
evaluation__8023__deblur__confidence_boost__nes__l1,1021,48,5,521,5,674
evaluation__8023__deblur__boundary_probe__nes__l1,1021,48,2,513,2,670
evaluation__8023__deblur__counterfactual__nes__l1,1021,48,4,548,4,689
evaluation__211__denoise__attack__nes__l0.5,1021,47,6,286,2,405
evaluation__211__denoise__restore__nes__l0.5,1021,49,6,502,2,627
evaluation__211__denoise__random_walk__random_walk__l0.5,1024,49,2,1023,2,1023
evaluation__211__denoise__confidence_boost__nes__l0.5,1021,48,4,629,4,742
evaluation__211__denoise__boundary_probe__nes__l0.5,1021,49,2,451,2,600
evaluation__211__denoise__counterfactual__nes__l0.5,1021,49,6,454,6,609
evaluation__211__deblur__attack__nes__l1,1021,48,8,284,8,415
evaluation__211__deblur__restore__nes__l1,1021,48,18,256,5,379
evaluation__211__deblur__random_walk__random_walk__l1,1024,49,2,1023,2,1023
evaluation__211__deblur__confidence_boost__nes__l1,1021,48,9,385,9,515
evaluation__211__deblur__boundary_probe__nes__l1,1021,48,18,259,4,368
evaluation__211__deblur__counterfactual__nes__l1,1021,48,14,420,14,567
evaluation__3935__denoise__attack__nes__l0.5,1021,47,2,169,2,238
evaluation__3935__denoise__restore__nes__l0.5,1021,49,6,305,4,442
evaluation__3935__denoise__random_walk__random_walk__l0.5,1024,49,2,1023,2,1023
evaluation__3935__denoise__confidence_boost__nes__l0.5,1021,49,7,283,5,422
evaluation__3935__denoise__boundary_probe__nes__l0.5,1021,48,17,306,7,432
evaluation__3935__denoise__counterfactual__nes__l0.5,1021,47,17,194,17,306
evaluation__3935__deblur__attack__nes__l1,1021,48,2,691,2,837
evaluation__3935__deblur__restore__nes__l1,1021,48,2,735,2,871
evaluation__3935__deblur__random_walk__random_walk__l1,1024,49,2,1023,2,1023
evaluation__3935__deblur__confidence_boost__nes__l1,1021,49,3,865,2,942
evaluation__3935__deblur__boundary_probe__nes__l1,1021,50,2,788,2,900
evaluation__3935__deblur__counterfactual__nes__l1,1021,49,2,835,2,931
evaluation__7277__denoise__attack__nes__l0.5,1021,49,2,813,2,891
evaluation__7277__denoise__restore__nes__l0.5,1021,49,2,829,2,920
evaluation__7277__denoise__random_walk__random_walk__l0.5,1024,50,2,1023,2,1023
evaluation__7277__denoise__confidence_boost__nes__l0.5,1021,49,3,959,3,993
evaluation__7277__denoise__boundary_probe__nes__l0.5,1021,49,3,929,3,982
evaluation__7277__denoise__counterfactual__nes__l0.5,1021,49,4,873,2,955
evaluation__7277__deblur__attack__nes__l1,1021,47,17,378,12,515
evaluation__7277__deblur__restore__nes__l1,1021,48,4,342,4,480
evaluation__7277__deblur__random_walk__random_walk__l1,1024,50,2,1023,2,1023
evaluation__7277__deblur__confidence_boost__nes__l1,1021,48,3,249,3,370
evaluation__7277__deblur__boundary_probe__nes__l1,1021,49,13,452,6,612
evaluation__7277__deblur__counterfactual__nes__l1,1021,48,6,361,5,494
evaluation__9441__denoise__attack__nes__l0.5,1021,47,15,303,4,416
evaluation__9441__denoise__restore__nes__l0.5,1021,48,6,305,6,436
evaluation__9441__denoise__random_walk__random_walk__l0.5,1024,50,2,1023,2,1023
evaluation__9441__denoise__confidence_boost__nes__l0.5,1021,48,3,229,2,352
evaluation__9441__denoise__boundary_probe__nes__l0.5,1021,49,3,433,3,561
evaluation__9441__denoise__counterfactual__nes__l0.5,1021,48,4,366,4,477
evaluation__9441__deblur__attack__nes__l1,1021,48,18,294,14,396
evaluation__9441__deblur__restore__nes__l1,1021,48,18,238,18,335
evaluation__9441__deblur__random_walk__random_walk__l1,1024,49,2,1023,2,1023
evaluation__9441__deblur__confidence_boost__nes__l1,1021,47,18,285,18,389
evaluation__9441__deblur__boundary_probe__nes__l1,1021,49,18,218,18,326
evaluation__9441__deblur__counterfactual__nes__l1,1021,46,11,148,11,226
evaluation__4420__denoise__attack__nes__l0.5,1021,48,5,375,3,512
evaluation__4420__denoise__restore__nes__l0.5,1021,48,2,512,2,660
evaluation__4420__denoise__random_walk__random_walk__l0.5,1024,49,2,1023,2,1023
evaluation__4420__denoise__confidence_boost__nes__l0.5,1021,48,2,365,2,519
evaluation__4420__denoise__boundary_probe__nes__l0.5,1021,50,2,464,2,596
evaluation__4420__denoise__counterfactual__nes__l0.5,1021,49,7,424,6,570
evaluation__4420__deblur__attack__nes__l1,1021,49,2,846,2,925
evaluation__4420__deblur__restore__nes__l1,1021,48,2,723,2,855
evaluation__4420__deblur__random_walk__random_walk__l1,1024,50,2,1023,2,1023
evaluation__4420__deblur__confidence_boost__nes__l1,1021,49,2,654,2,791
evaluation__4420__deblur__boundary_probe__nes__l1,1021,49,2,895,2,953
evaluation__4420__deblur__counterfactual__nes__l1,1021,49,2,704,2,825
evaluation__7258__denoise__attack__nes__l0.5,1021,47,15,161,2,251
evaluation__7258__denoise__restore__nes__l0.5,1021,46,18,141,18,206
evaluation__7258__denoise__random_walk__random_walk__l0.5,1024,49,2,1023,2,1023
evaluation__7258__denoise__confidence_boost__nes__l0.5,1021,49,18,134,18,210
evaluation__7258__denoise__boundary_probe__nes__l0.5,1021,47,18,124,18,180
evaluation__7258__denoise__counterfactual__nes__l0.5,1021,48,18,274,18,408
evaluation__7258__deblur__attack__nes__l1,1021,48,10,250,4,356
evaluation__7258__deblur__restore__nes__l1,1021,49,15,392,10,512
evaluation__7258__deblur__random_walk__random_walk__l1,1024,50,2,1023,2,1023
evaluation__7258__deblur__confidence_boost__nes__l1,1021,48,4,406,4,569
evaluation__7258__deblur__boundary_probe__nes__l1,1021,48,4,470,4,602
evaluation__7258__deblur__counterfactual__nes__l1,1021,47,15,229,13,334
evaluation__8901__denoise__attack__nes__l0.5,1021,48,2,357,2,491
evaluation__8901__denoise__restore__nes__l0.5,1021,50,12,435,12,568
evaluation__8901__denoise__random_walk__random_walk__l0.5,1024,50,2,1023,2,1023
evaluation__8901__denoise__confidence_boost__nes__l0.5,1021,48,2,445,2,587
evaluation__8901__denoise__boundary_probe__nes__l0.5,1021,49,14,365,3,537
evaluation__8901__denoise__counterfactual__nes__l0.5,1021,48,12,358,3,493
evaluation__8901__deblur__attack__nes__l1,1021,49,2,571,2,701
evaluation__8901__deblur__restore__nes__l1,1021,49,2,612,2,769
evaluation__8901__deblur__random_walk__random_walk__l1,1024,49,2,1023,2,1023
evaluation__8901__deblur__confidence_boost__nes__l1,1021,49,2,723,2,834
evaluation__8901__deblur__boundary_probe__nes__l1,1021,49,3,659,3,798
evaluation__8901__deblur__counterfactual__nes__l1,1021,48,3,607,3,736
evaluation__1326__denoise__attack__nes__l0.5,1021,48,5,608,5,756
evaluation__1326__denoise__restore__nes__l0.5,1021,48,12,420,2,592
evaluation__1326__denoise__random_walk__random_walk__l0.5,1024,49,2,1023,2,1023
evaluation__1326__denoise__confidence_boost__nes__l0.5,1021,48,6,536,4,693
evaluation__1326__denoise__boundary_probe__nes__l0.5,1021,48,2,666,2,804
evaluation__1326__denoise__counterfactual__nes__l0.5,1021,49,7,604,7,755
evaluation__1326__deblur__attack__nes__l1,1021,48,5,543,5,675
evaluation__1326__deblur__restore__nes__l1,1021,48,5,435,2,604
evaluation__1326__deblur__random_walk__random_walk__l1,1024,50,2,1023,2,1023
evaluation__1326__deblur__confidence_boost__nes__l1,1021,48,7,630,3,773
evaluation__1326__deblur__boundary_probe__nes__l1,1021,49,6,621,6,767
evaluation__1326__deblur__counterfactual__nes__l1,1021,49,18,445,9,586
evaluation__4746__denoise__attack__nes__l0.5,1021,48,15,505,15,648
evaluation__4746__denoise__restore__nes__l0.5,1021,49,5,630,5,756
evaluation__4746__denoise__random_walk__random_walk__l0.5,1024,49,2,1023,2,1023
evaluation__4746__denoise__confidence_boost__nes__l0.5,1021,48,8,516,8,666
evaluation__4746__denoise__boundary_probe__nes__l0.5,1021,48,16,392,16,542
evaluation__4746__denoise__counterfactual__nes__l0.5,1021,50,15,418,5,547
evaluation__4746__deblur__attack__nes__l1,1021,48,4,352,4,488
evaluation__4746__deblur__restore__nes__l1,1021,49,10,411,10,547
evaluation__4746__deblur__random_walk__random_walk__l1,1024,49,2,1023,2,1023
evaluation__4746__deblur__confidence_boost__nes__l1,1021,48,5,403,2,545
evaluation__4746__deblur__boundary_probe__nes__l1,1021,48,4,417,4,559
evaluation__4746__deblur__counterfactual__nes__l1,1021,49,9,433,4,582
evaluation__8038__denoise__attack__nes__l0.5,1021,49,2,327,2,459
evaluation__8038__denoise__restore__nes__l0.5,1021,48,2,510,2,645
evaluation__8038__denoise__random_walk__random_walk__l0.5,1024,50,2,1023,2,1023
evaluation__8038__denoise__confidence_boost__nes__l0.5,1021,48,2,521,2,664
evaluation__8038__denoise__boundary_probe__nes__l0.5,1021,49,11,459,11,620
evaluation__8038__denoise__counterfactual__nes__l0.5,1021,50,11,557,11,714
evaluation__8038__deblur__attack__nes__l1,1021,50,18,419,4,563
evaluation__8038__deblur__restore__nes__l1,1021,48,6,233,2,339
evaluation__8038__deblur__random_walk__random_walk__l1,1024,49,2,1023,2,1023
evaluation__8038__deblur__confidence_boost__nes__l1,1021,49,5,664,5,808
evaluation__8038__deblur__boundary_probe__nes__l1,1021,50,4,425,4,562
evaluation__8038__deblur__counterfactual__nes__l1,1021,48,11,581,4,707
evaluation__700__denoise__attack__nes__l0.5,1021,48,6,791,3,903
evaluation__700__denoise__restore__nes__l0.5,1021,48,2,831,2,930
evaluation__700__denoise__random_walk__random_walk__l0.5,1024,49,2,1023,2,1023
evaluation__700__denoise__confidence_boost__nes__l0.5,1021,49,2,688,2,813
evaluation__700__denoise__boundary_probe__nes__l0.5,1021,48,2,748,2,867
evaluation__700__denoise__counterfactual__nes__l0.5,1021,49,2,787,2,880
evaluation__700__deblur__attack__nes__l1,1021,48,11,278,11,407
evaluation__700__deblur__restore__nes__l1,1021,49,10,189,10,276
evaluation__700__deblur__random_walk__random_walk__l1,1024,49,2,1023,2,1023
evaluation__700__deblur__confidence_boost__nes__l1,1021,48,18,272,11,383
evaluation__700__deblur__boundary_probe__nes__l1,1021,47,10,118,10,163
evaluation__700__deblur__counterfactual__nes__l1,1021,47,3,172,3,250
evaluation__3788__denoise__attack__nes__l0.5,1021,48,3,382,3,524
evaluation__3788__denoise__restore__nes__l0.5,1021,47,2,262,2,371
evaluation__3788__denoise__random_walk__random_walk__l0.5,1024,50,2,1023,2,1023
evaluation__3788__denoise__confidence_boost__nes__l0.5,1021,48,6,233,2,342
evaluation__3788__denoise__boundary_probe__nes__l0.5,1021,48,17,212,17,316
evaluation__3788__denoise__counterfactual__nes__l0.5,1021,49,3,220,3,326
evaluation__3788__deblur__attack__nes__l1,1021,48,2,464,2,607
evaluation__3788__deblur__restore__nes__l1,1021,49,2,491,2,662
evaluation__3788__deblur__random_walk__random_walk__l1,1024,50,2,1023,2,1023
evaluation__3788__deblur__confidence_boost__nes__l1,1021,49,8,455,8,617
evaluation__3788__deblur__boundary_probe__nes__l1,1021,48,13,430,2,567
evaluation__3788__deblur__counterfactual__nes__l1,1021,49,2,423,2,571
evaluation__5546__denoise__attack__nes__l0.5,1021,49,3,329,3,471
evaluation__5546__denoise__restore__nes__l0.5,1021,48,3,255,3,377
evaluation__5546__denoise__random_walk__random_walk__l0.5,1024,50,2,1023,2,1023
evaluation__5546__denoise__confidence_boost__nes__l0.5,1021,48,3,400,3,524
evaluation__5546__denoise__boundary_probe__nes__l0.5,1021,48,8,502,8,659
evaluation__5546__denoise__counterfactual__nes__l0.5,1021,48,18,308,4,465
evaluation__5546__deblur__attack__nes__l1,1021,48,14,303,2,428
evaluation__5546__deblur__restore__nes__l1,1021,48,12,450,5,581
evaluation__5546__deblur__random_walk__random_walk__l1,1024,49,2,1023,2,1023
evaluation__5546__deblur__confidence_boost__nes__l1,1021,48,5,511,5,637
evaluation__5546__deblur__boundary_probe__nes__l1,1021,48,3,348,3,487
evaluation__5546__deblur__counterfactual__nes__l1,1021,48,2,379,2,527
evaluation__9307__denoise__attack__nes__l0.5,1021,48,17,279,3,407
evaluation__9307__denoise__restore__nes__l0.5,1021,47,18,295,6,429
evaluation__9307__denoise__random_walk__random_walk__l0.5,1024,49,2,1023,2,1023
evaluation__9307__denoise__confidence_boost__nes__l0.5,1021,48,8,377,8,516
evaluation__9307__denoise__boundary_probe__nes__l0.5,1021,49,2,326,2,471
evaluation__9307__denoise__counterfactual__nes__l0.5,1021,48,2,332,2,469
evaluation__9307__deblur__attack__nes__l1,1021,48,3,554,3,703
evaluation__9307__deblur__restore__nes__l1,1021,49,2,699,2,820
evaluation__9307__deblur__random_walk__random_walk__l1,1024,50,2,1023,2,1023
evaluation__9307__deblur__confidence_boost__nes__l1,1021,48,4,629,4,771
evaluation__9307__deblur__boundary_probe__nes__l1,1021,48,6,572,4,722
evaluation__9307__deblur__counterfactual__nes__l1,1021,49,2,671,2,819
evaluation__1856__denoise__attack__nes__l0.5,1021,49,2,368,2,522
evaluation__1856__denoise__restore__nes__l0.5,1021,49,3,637,3,756
evaluation__1856__denoise__random_walk__random_walk__l0.5,1024,49,2,1023,2,1023
evaluation__1856__denoise__confidence_boost__nes__l0.5,1021,48,2,419,2,585
evaluation__1856__denoise__boundary_probe__nes__l0.5,1021,49,2,417,2,561
evaluation__1856__denoise__counterfactual__nes__l0.5,1021,48,7,487,7,649
evaluation__1856__deblur__attack__nes__l1,1021,48,4,369,4,498
evaluation__1856__deblur__restore__nes__l1,1021,48,5,205,5,323
evaluation__1856__deblur__random_walk__random_walk__l1,1024,49,2,1023,2,1023
evaluation__1856__deblur__confidence_boost__nes__l1,1021,48,7,199,7,315
evaluation__1856__deblur__boundary_probe__nes__l1,1021,47,2,198,2,289
evaluation__1856__deblur__counterfactual__nes__l1,1021,49,18,175,12,272
evaluation__4370__denoise__attack__nes__l0.5,1021,47,18,129,18,198
evaluation__4370__denoise__restore__nes__l0.5,1021,47,18,221,5,312
evaluation__4370__denoise__random_walk__random_walk__l0.5,1024,49,2,1023,2,1023
evaluation__4370__denoise__confidence_boost__nes__l0.5,1021,48,18,138,10,213
evaluation__4370__denoise__boundary_probe__nes__l0.5,1021,47,18,154,17,233
evaluation__4370__denoise__counterfactual__nes__l0.5,1021,48,18,156,18,213
evaluation__4370__deblur__attack__nes__l1,1021,48,3,266,2,387
evaluation__4370__deblur__restore__nes__l1,1021,49,6,435,6,614
evaluation__4370__deblur__random_walk__random_walk__l1,1024,49,2,1023,2,1023
evaluation__4370__deblur__confidence_boost__nes__l1,1021,48,3,566,3,704
evaluation__4370__deblur__boundary_probe__nes__l1,1021,48,6,400,6,538
evaluation__4370__deblur__counterfactual__nes__l1,1021,47,9,349,9,466
evaluation__8732__denoise__attack__nes__l0.5,1021,47,2,663,2,766
evaluation__8732__denoise__restore__nes__l0.5,1021,48,2,620,2,756
evaluation__8732__denoise__random_walk__random_walk__l0.5,1024,49,2,1023,2,1023
evaluation__8732__denoise__confidence_boost__nes__l0.5,1021,48,3,771,2,864
evaluation__8732__denoise__boundary_probe__nes__l0.5,1021,48,2,636,2,772
evaluation__8732__denoise__counterfactual__nes__l0.5,1021,47,4,515,2,667
evaluation__8732__deblur__attack__nes__l1,1021,49,3,331,2,453
evaluation__8732__deblur__restore__nes__l1,1021,48,8,480,8,634
evaluation__8732__deblur__random_walk__random_walk__l1,1024,50,2,1023,2,1023
evaluation__8732__deblur__confidence_boost__nes__l1,1021,47,13,286,4,418
evaluation__8732__deblur__boundary_probe__nes__l1,1021,48,7,490,6,636
evaluation__8732__deblur__counterfactual__nes__l1,1021,48,2,535,2,666
evaluation__1916__denoise__attack__nes__l0.5,1021,48,7,523,7,688
evaluation__1916__denoise__restore__nes__l0.5,1021,49,5,575,5,712
evaluation__1916__denoise__random_walk__random_walk__l0.5,1024,50,2,1023,2,1023
evaluation__1916__denoise__confidence_boost__nes__l0.5,1021,48,9,539,9,690
evaluation__1916__denoise__boundary_probe__nes__l0.5,1021,48,2,680,2,817
evaluation__1916__denoise__counterfactual__nes__l0.5,1021,48,12,609,5,751
evaluation__1916__deblur__attack__nes__l1,1021,48,2,568,2,720
evaluation__1916__deblur__restore__nes__l1,1021,48,2,678,2,803
evaluation__1916__deblur__random_walk__random_walk__l1,1024,50,2,1023,2,1023
evaluation__1916__deblur__confidence_boost__nes__l1,1021,50,4,572,4,708
evaluation__1916__deblur__boundary_probe__nes__l1,1021,48,2,440,2,584
evaluation__1916__deblur__counterfactual__nes__l1,1021,48,3,546,3,684
evaluation__5916__denoise__attack__nes__l0.5,1021,48,2,344,2,465
evaluation__5916__denoise__restore__nes__l0.5,1021,48,10,408,4,542
evaluation__5916__denoise__random_walk__random_walk__l0.5,1024,50,2,1023,2,1023
evaluation__5916__denoise__confidence_boost__nes__l0.5,1021,49,4,516,4,638
evaluation__5916__denoise__boundary_probe__nes__l0.5,1021,48,2,397,2,549
evaluation__5916__denoise__counterfactual__nes__l0.5,1021,48,3,414,3,558
evaluation__5916__deblur__attack__nes__l1,1021,49,3,671,3,806
evaluation__5916__deblur__restore__nes__l1,1021,48,13,458,5,617
evaluation__5916__deblur__random_walk__random_walk__l1,1024,49,2,1023,2,1023
evaluation__5916__deblur__confidence_boost__nes__l1,1021,49,10,625,2,767
evaluation__5916__deblur__boundary_probe__nes__l1,1021,47,15,335,15,486
evaluation__5916__deblur__counterfactual__nes__l1,1021,47,18,466,4,625
evaluation__8178__denoise__attack__nes__l0.5,1021,48,3,318,3,440
evaluation__8178__denoise__restore__nes__l0.5,1021,47,4,438,4,585
evaluation__8178__denoise__random_walk__random_walk__l0.5,1024,50,2,1023,2,1023
evaluation__8178__denoise__confidence_boost__nes__l0.5,1021,47,5,378,5,504
evaluation__8178__denoise__boundary_probe__nes__l0.5,1021,48,5,346,2,468
evaluation__8178__denoise__counterfactual__nes__l0.5,1021,48,4,254,4,373
evaluation__8178__deblur__attack__nes__l1,1021,49,11,382,11,536
evaluation__8178__deblur__restore__nes__l1,1021,48,16,219,10,327
evaluation__8178__deblur__random_walk__random_walk__l1,1024,49,2,1023,2,1023
evaluation__8178__deblur__confidence_boost__nes__l1,1021,47,3,300,3,430
evaluation__8178__deblur__boundary_probe__nes__l1,1021,48,7,413,5,555
evaluation__8178__deblur__counterfactual__nes__l1,1021,48,11,380,10,534
fit__4474__denoise__attack__nes__l0.5,1021,48,6,434,2,565
fit__4474__denoise__restore__nes__l0.5,1021,47,10,496,10,628
fit__4474__denoise__random_walk__random_walk__l0.5,1024,50,2,1023,2,1023
fit__4474__denoise__confidence_boost__nes__l0.5,1021,48,2,468,2,604
fit__4474__denoise__boundary_probe__nes__l0.5,1021,48,18,522,2,650
fit__4474__denoise__counterfactual__nes__l0.5,1021,49,18,438,5,561
fit__4474__deblur__attack__nes__l1,1021,48,3,657,2,785
fit__4474__deblur__restore__nes__l1,1021,48,7,445,7,613
fit__4474__deblur__random_walk__random_walk__l1,1024,50,2,1023,2,1023
fit__4474__deblur__confidence_boost__nes__l1,1021,49,3,428,3,564
fit__4474__deblur__boundary_probe__nes__l1,1021,47,3,442,3,606
fit__4474__deblur__counterfactual__nes__l1,1021,48,5,529,4,671
fit__8543__denoise__attack__nes__l0.5,1021,48,18,345,18,466
fit__8543__denoise__restore__nes__l0.5,1021,47,8,148,2,218
fit__8543__denoise__random_walk__random_walk__l0.5,1024,49,2,1023,2,1023
fit__8543__denoise__confidence_boost__nes__l0.5,1021,46,18,159,5,235
fit__8543__denoise__boundary_probe__nes__l0.5,1021,47,9,171,9,250
fit__8543__denoise__counterfactual__nes__l0.5,1021,49,3,216,3,325
fit__8543__deblur__attack__nes__l1,1021,48,8,252,8,346
fit__8543__deblur__restore__nes__l1,1021,47,5,106,5,162
fit__8543__deblur__random_walk__random_walk__l1,1024,49,2,1023,2,1023
fit__8543__deblur__confidence_boost__nes__l1,1021,49,18,204,18,312
fit__8543__deblur__boundary_probe__nes__l1,1021,48,18,409,18,528
fit__8543__deblur__counterfactual__nes__l1,1021,48,12,332,10,446
fit__2220__denoise__attack__nes__l0.5,1021,48,2,547,2,706
fit__2220__denoise__restore__nes__l0.5,1021,48,7,524,7,682
fit__2220__denoise__random_walk__random_walk__l0.5,1024,49,2,1023,2,1023
fit__2220__denoise__confidence_boost__nes__l0.5,1021,49,2,596,2,753
fit__2220__denoise__boundary_probe__nes__l0.5,1021,48,4,731,2,854
fit__2220__denoise__counterfactual__nes__l0.5,1021,48,4,534,4,703
fit__2220__deblur__attack__nes__l1,1021,48,6,297,6,417
fit__2220__deblur__restore__nes__l1,1021,49,18,221,18,344
fit__2220__deblur__random_walk__random_walk__l1,1024,49,2,1023,2,1023
fit__2220__deblur__confidence_boost__nes__l1,1021,49,7,383,7,505
fit__2220__deblur__boundary_probe__nes__l1,1021,49,13,334,6,470
fit__2220__deblur__counterfactual__nes__l1,1021,48,3,337,3,497
fit__9373__denoise__attack__nes__l0.5,1021,50,8,603,6,729
fit__9373__denoise__restore__nes__l0.5,1021,48,18,433,17,573
fit__9373__denoise__random_walk__random_walk__l0.5,1024,49,2,1023,2,1023
fit__9373__denoise__confidence_boost__nes__l0.5,1021,48,5,435,5,569
fit__9373__denoise__boundary_probe__nes__l0.5,1021,48,5,511,5,668
fit__9373__denoise__counterfactual__nes__l0.5,1021,49,2,685,2,805
fit__9373__deblur__attack__nes__l1,1021,49,2,385,2,531
fit__9373__deblur__restore__nes__l1,1021,48,3,387,3,523
fit__9373__deblur__random_walk__random_walk__l1,1024,49,2,1023,2,1023
fit__9373__deblur__confidence_boost__nes__l1,1021,49,10,244,3,345
fit__9373__deblur__boundary_probe__nes__l1,1021,50,4,467,4,621
fit__9373__deblur__counterfactual__nes__l1,1021,49,9,530,9,660
fit__5442__denoise__attack__nes__l0.5,1021,49,6,517,5,696
fit__5442__denoise__restore__nes__l0.5,1021,49,7,654,6,784
fit__5442__denoise__random_walk__random_walk__l0.5,1024,50,2,1023,2,1023
fit__5442__denoise__confidence_boost__nes__l0.5,1021,49,17,675,16,787
fit__5442__denoise__boundary_probe__nes__l0.5,1021,48,2,460,2,609
fit__5442__denoise__counterfactual__nes__l0.5,1021,48,3,586,3,722
fit__5442__deblur__attack__nes__l1,1021,48,7,599,7,720
fit__5442__deblur__restore__nes__l1,1021,48,14,396,14,545
fit__5442__deblur__random_walk__random_walk__l1,1024,49,2,1023,2,1023
fit__5442__deblur__confidence_boost__nes__l1,1021,47,6,292,6,405
fit__5442__deblur__boundary_probe__nes__l1,1021,47,18,264,10,389
fit__5442__deblur__counterfactual__nes__l1,1021,48,18,412,17,558
fit__986__denoise__attack__nes__l0.5,1021,49,2,717,2,832
fit__986__denoise__restore__nes__l0.5,1021,49,3,543,2,679
fit__986__denoise__random_walk__random_walk__l0.5,1024,50,2,1023,2,1023
fit__986__denoise__confidence_boost__nes__l0.5,1021,49,4,608,3,759
fit__986__denoise__boundary_probe__nes__l0.5,1021,49,5,622,2,761
fit__986__denoise__counterfactual__nes__l0.5,1021,48,3,407,3,562
fit__986__deblur__attack__nes__l1,1021,49,7,629,5,764
fit__986__deblur__restore__nes__l1,1021,48,8,516,8,644
fit__986__deblur__random_walk__random_walk__l1,1024,49,2,1023,2,1023
fit__986__deblur__confidence_boost__nes__l1,1021,49,3,369,3,511
fit__986__deblur__boundary_probe__nes__l1,1021,48,4,454,2,593
fit__986__deblur__counterfactual__nes__l1,1021,48,2,586,2,721
fit__4500__denoise__attack__nes__l0.5,1021,48,3,259,3,380
fit__4500__denoise__restore__nes__l0.5,1021,48,2,399,2,529
fit__4500__denoise__random_walk__random_walk__l0.5,1024,49,2,1023,2,1023
fit__4500__denoise__confidence_boost__nes__l0.5,1021,48,8,244,5,378
fit__4500__denoise__boundary_probe__nes__l0.5,1021,49,14,331,5,467
fit__4500__denoise__counterfactual__nes__l0.5,1021,47,18,156,11,227
fit__4500__deblur__attack__nes__l1,1021,47,18,208,16,310
fit__4500__deblur__restore__nes__l1,1021,48,18,176,10,262
fit__4500__deblur__random_walk__random_walk__l1,1024,49,2,1023,2,1023
fit__4500__deblur__confidence_boost__nes__l1,1021,48,18,193,2,276
fit__4500__deblur__boundary_probe__nes__l1,1021,48,18,163,18,229
fit__4500__deblur__counterfactual__nes__l1,1021,47,11,179,11,254
fit__2260__denoise__attack__nes__l0.5,1021,47,9,150,9,231
fit__2260__denoise__restore__nes__l0.5,1021,48,8,214,3,314
fit__2260__denoise__random_walk__random_walk__l0.5,1024,50,2,1023,2,1023
fit__2260__denoise__confidence_boost__nes__l0.5,1021,49,13,175,6,236
fit__2260__denoise__boundary_probe__nes__l0.5,1021,49,9,203,9,322
fit__2260__denoise__counterfactual__nes__l0.5,1021,48,6,151,4,243
fit__2260__deblur__attack__nes__l1,1021,49,18,107,12,137
fit__2260__deblur__restore__nes__l1,1021,47,18,165,18,239
fit__2260__deblur__random_walk__random_walk__l1,1024,49,2,1023,2,1023
fit__2260__deblur__confidence_boost__nes__l1,1021,47,18,140,18,207
fit__2260__deblur__boundary_probe__nes__l1,1021,47,18,119,18,182
fit__2260__deblur__counterfactual__nes__l1,1021,48,18,232,18,321
fit__9675__denoise__attack__nes__l0.5,1021,48,4,379,2,510
fit__9675__denoise__restore__nes__l0.5,1021,49,4,556,4,693
fit__9675__denoise__random_walk__random_walk__l0.5,1024,49,2,1023,2,1023
fit__9675__denoise__confidence_boost__nes__l0.5,1021,48,6,534,3,693
fit__9675__denoise__boundary_probe__nes__l0.5,1021,49,3,563,3,707
fit__9675__denoise__counterfactual__nes__l0.5,1021,48,5,589,4,724
fit__9675__deblur__attack__nes__l1,1021,48,15,189,13,276
fit__9675__deblur__restore__nes__l1,1021,48,18,201,3,302
fit__9675__deblur__random_walk__random_walk__l1,1024,50,2,1023,2,1023
fit__9675__deblur__confidence_boost__nes__l1,1021,47,18,181,18,277
fit__9675__deblur__boundary_probe__nes__l1,1021,49,18,256,4,361
fit__9675__deblur__counterfactual__nes__l1,1021,48,10,188,5,281
fit__7338__denoise__attack__nes__l0.5,1021,49,18,340,4,458
fit__7338__denoise__restore__nes__l0.5,1021,48,18,362,18,517
fit__7338__denoise__random_walk__random_walk__l0.5,1024,50,2,1023,2,1023
fit__7338__denoise__confidence_boost__nes__l0.5,1021,48,14,451,13,583
fit__7338__denoise__boundary_probe__nes__l0.5,1021,48,17,346,4,456
fit__7338__denoise__counterfactual__nes__l0.5,1021,45,14,204,14,322
fit__7338__deblur__attack__nes__l1,1021,47,3,354,3,484
fit__7338__deblur__restore__nes__l1,1021,48,2,328,2,488
fit__7338__deblur__random_walk__random_walk__l1,1024,49,2,1023,2,1023
fit__7338__deblur__confidence_boost__nes__l1,1021,48,2,526,2,670
fit__7338__deblur__boundary_probe__nes__l1,1021,48,4,464,4,606
fit__7338__deblur__counterfactual__nes__l1,1021,48,2,559,2,698
fit__4127__denoise__attack__nes__l0.5,1021,48,18,266,14,373
fit__4127__denoise__restore__nes__l0.5,1021,47,5,190,5,276
fit__4127__denoise__random_walk__random_walk__l0.5,1024,49,2,1023,2,1023
fit__4127__denoise__confidence_boost__nes__l0.5,1021,48,10,239,10,359
fit__4127__denoise__boundary_probe__nes__l0.5,1021,47,8,150,8,218
fit__4127__denoise__counterfactual__nes__l0.5,1021,47,8,159,8,233
fit__4127__deblur__attack__nes__l1,1021,48,17,229,7,333
fit__4127__deblur__restore__nes__l1,1021,47,14,229,10,330
fit__4127__deblur__random_walk__random_walk__l1,1024,49,2,1023,2,1023
fit__4127__deblur__confidence_boost__nes__l1,1021,48,14,159,7,227
fit__4127__deblur__boundary_probe__nes__l1,1021,49,18,261,18,370
fit__4127__deblur__counterfactual__nes__l1,1021,47,18,115,18,177
fit__8569__denoise__attack__nes__l0.5,1021,49,2,566,2,702
fit__8569__denoise__restore__nes__l0.5,1021,48,3,591,3,731
fit__8569__denoise__random_walk__random_walk__l0.5,1024,49,2,1023,2,1023
fit__8569__denoise__confidence_boost__nes__l0.5,1021,49,5,689,4,805
fit__8569__denoise__boundary_probe__nes__l0.5,1021,49,4,587,4,728
fit__8569__denoise__counterfactual__nes__l0.5,1021,48,5,477,2,643
fit__8569__deblur__attack__nes__l1,1021,50,2,483,2,627
fit__8569__deblur__restore__nes__l1,1021,48,3,451,3,630
fit__8569__deblur__random_walk__random_walk__l1,1024,49,2,1023,2,1023
fit__8569__deblur__confidence_boost__nes__l1,1021,49,3,564,3,713
fit__8569__deblur__boundary_probe__nes__l1,1021,48,3,693,3,816
fit__8569__deblur__counterfactual__nes__l1,1021,48,4,469,4,605
fit__4281__denoise__attack__nes__l0.5,1021,49,2,545,2,684
fit__4281__denoise__restore__nes__l0.5,1021,48,3,468,3,603
fit__4281__denoise__random_walk__random_walk__l0.5,1024,49,2,1023,2,1023
fit__4281__denoise__confidence_boost__nes__l0.5,1021,48,4,549,4,667
fit__4281__denoise__boundary_probe__nes__l0.5,1021,48,2,429,2,579
fit__4281__denoise__counterfactual__nes__l0.5,1021,49,2,317,2,451
fit__4281__deblur__attack__nes__l1,1021,49,15,711,6,808
fit__4281__deblur__restore__nes__l1,1021,46,7,310,5,436
fit__4281__deblur__random_walk__random_walk__l1,1024,50,2,1023,2,1023
fit__4281__deblur__confidence_boost__nes__l1,1021,49,2,503,2,658
fit__4281__deblur__boundary_probe__nes__l1,1021,48,4,518,4,654
fit__4281__deblur__counterfactual__nes__l1,1021,48,13,390,2,523
fit__9990__denoise__attack__nes__l0.5,1021,49,4,601,4,745
fit__9990__denoise__restore__nes__l0.5,1021,48,5,520,3,664
fit__9990__denoise__random_walk__random_walk__l0.5,1024,49,2,1023,2,1023
fit__9990__denoise__confidence_boost__nes__l0.5,1021,48,2,432,2,576
fit__9990__denoise__boundary_probe__nes__l0.5,1021,49,3,476,3,608
fit__9990__denoise__counterfactual__nes__l0.5,1021,47,3,341,3,489
fit__9990__deblur__attack__nes__l1,1021,48,5,740,4,859
fit__9990__deblur__restore__nes__l1,1021,48,5,725,5,863
fit__9990__deblur__random_walk__random_walk__l1,1024,49,2,1023,2,1023
fit__9990__deblur__confidence_boost__nes__l1,1021,48,3,870,3,948
fit__9990__deblur__boundary_probe__nes__l1,1021,48,4,821,2,910
fit__9990__deblur__counterfactual__nes__l1,1021,49,2,740,2,853
fit__4068__denoise__attack__nes__l0.5,1021,47,12,139,12,199
fit__4068__denoise__restore__nes__l0.5,1021,47,8,165,8,239
fit__4068__denoise__random_walk__random_walk__l0.5,1024,50,2,1023,2,1023
fit__4068__denoise__confidence_boost__nes__l0.5,1021,48,18,177,18,276
fit__4068__denoise__boundary_probe__nes__l0.5,1021,48,18,146,18,220
fit__4068__denoise__counterfactual__nes__l0.5,1021,50,18,256,18,391
fit__4068__deblur__attack__nes__l1,1021,48,2,725,2,846
fit__4068__deblur__restore__nes__l1,1021,48,2,660,2,809
fit__4068__deblur__random_walk__random_walk__l1,1024,50,2,1023,2,1023
fit__4068__deblur__confidence_boost__nes__l1,1021,49,4,648,3,796
fit__4068__deblur__boundary_probe__nes__l1,1021,48,3,640,3,800
fit__4068__deblur__counterfactual__nes__l1,1021,47,4,586,2,756
fit__1285__denoise__attack__nes__l0.5,1021,48,12,196,12,272
fit__1285__denoise__restore__nes__l0.5,1021,48,7,359,7,477
fit__1285__denoise__random_walk__random_walk__l0.5,1024,50,2,1023,2,1023
fit__1285__denoise__confidence_boost__nes__l0.5,1021,50,18,241,2,351
fit__1285__denoise__boundary_probe__nes__l0.5,1021,48,4,493,4,619
fit__1285__denoise__counterfactual__nes__l0.5,1021,47,5,251,4,366
fit__1285__deblur__attack__nes__l1,1021,47,6,147,6,216
fit__1285__deblur__restore__nes__l1,1021,49,18,193,16,256
fit__1285__deblur__random_walk__random_walk__l1,1024,49,2,1023,2,1023
fit__1285__deblur__confidence_boost__nes__l1,1021,48,9,212,9,301
fit__1285__deblur__boundary_probe__nes__l1,1021,48,18,334,10,438
fit__1285__deblur__counterfactual__nes__l1,1021,48,7,187,3,270
fit__8673__denoise__attack__nes__l0.5,1021,48,12,307,5,457
fit__8673__denoise__restore__nes__l0.5,1021,48,18,338,13,481
fit__8673__denoise__random_walk__random_walk__l0.5,1024,49,2,1023,2,1023
fit__8673__denoise__confidence_boost__nes__l0.5,1021,48,10,305,9,431
fit__8673__denoise__boundary_probe__nes__l0.5,1021,47,14,246,14,364
fit__8673__denoise__counterfactual__nes__l0.5,1021,49,5,403,5,537
fit__8673__deblur__attack__nes__l1,1021,48,4,328,4,477
fit__8673__deblur__restore__nes__l1,1021,48,8,454,8,609
fit__8673__deblur__random_walk__random_walk__l1,1024,50,2,1023,2,1023
fit__8673__deblur__confidence_boost__nes__l1,1021,47,5,548,4,690
fit__8673__deblur__boundary_probe__nes__l1,1021,49,5,408,5,558
fit__8673__deblur__counterfactual__nes__l1,1021,47,3,414,3,545
calibration__3548__denoise__attack__nes__l0.5,1021,49,9,348,6,482
calibration__3548__denoise__restore__nes__l0.5,1021,48,3,455,3,603
calibration__3548__denoise__random_walk__random_walk__l0.5,1024,50,2,1023,2,1023
calibration__3548__denoise__confidence_boost__nes__l0.5,1021,49,15,368,6,529
calibration__3548__denoise__boundary_probe__nes__l0.5,1021,49,5,530,5,683
calibration__3548__denoise__counterfactual__nes__l0.5,1021,48,2,526,2,676
calibration__3548__deblur__attack__nes__l1,1021,48,2,862,2,938
calibration__3548__deblur__restore__nes__l1,1021,49,2,799,2,891
calibration__3548__deblur__random_walk__random_walk__l1,1024,49,2,1023,2,1023
calibration__3548__deblur__confidence_boost__nes__l1,1021,48,5,642,3,783
calibration__3548__deblur__boundary_probe__nes__l1,1021,49,2,857,2,936
calibration__3548__deblur__counterfactual__nes__l1,1021,48,3,808,2,927
calibration__8935__denoise__attack__nes__l0.5,1021,48,12,307,12,434
calibration__8935__denoise__restore__nes__l0.5,1021,49,8,306,8,436
calibration__8935__denoise__random_walk__random_walk__l0.5,1024,49,2,1023,2,1023
calibration__8935__denoise__confidence_boost__nes__l0.5,1021,48,3,329,3,437
calibration__8935__denoise__boundary_probe__nes__l0.5,1021,50,4,363,4,499
calibration__8935__denoise__counterfactual__nes__l0.5,1021,47,9,402,5,532
calibration__8935__deblur__attack__nes__l1,1021,48,6,530,2,653
calibration__8935__deblur__restore__nes__l1,1021,48,2,237,2,333
calibration__8935__deblur__random_walk__random_walk__l1,1024,49,2,1023,2,1023
calibration__8935__deblur__confidence_boost__nes__l1,1021,48,11,307,11,421
calibration__8935__deblur__boundary_probe__nes__l1,1021,47,17,427,17,543
calibration__8935__deblur__counterfactual__nes__l1,1021,49,11,282,7,410
calibration__6301__denoise__attack__nes__l0.5,1021,49,17,310,4,441
calibration__6301__denoise__restore__nes__l0.5,1021,48,5,379,5,546
calibration__6301__denoise__random_walk__random_walk__l0.5,1024,50,2,1023,2,1023
calibration__6301__denoise__confidence_boost__nes__l0.5,1021,47,4,301,4,426
calibration__6301__denoise__boundary_probe__nes__l0.5,1021,48,3,515,3,673
calibration__6301__denoise__counterfactual__nes__l0.5,1021,48,18,415,18,558
calibration__6301__deblur__attack__nes__l1,1021,48,2,420,2,589
calibration__6301__deblur__restore__nes__l1,1021,48,5,447,5,614
calibration__6301__deblur__random_walk__random_walk__l1,1024,49,2,1023,2,1023
calibration__6301__deblur__confidence_boost__nes__l1,1021,48,4,657,4,778
calibration__6301__deblur__boundary_probe__nes__l1,1021,48,11,541,2,663
calibration__6301__deblur__counterfactual__nes__l1,1021,48,4,461,4,613
calibration__630__denoise__attack__nes__l0.5,1021,49,4,520,4,639
calibration__630__denoise__restore__nes__l0.5,1021,48,2,624,2,750
calibration__630__denoise__random_walk__random_walk__l0.5,1024,50,2,1023,2,1023
calibration__630__denoise__confidence_boost__nes__l0.5,1021,48,2,596,2,753
calibration__630__denoise__boundary_probe__nes__l0.5,1021,48,2,424,2,547
calibration__630__denoise__counterfactual__nes__l0.5,1021,49,3,629,3,762
calibration__630__deblur__attack__nes__l1,1021,49,3,206,3,299
calibration__630__deblur__restore__nes__l1,1021,49,6,347,6,469
calibration__630__deblur__random_walk__random_walk__l1,1024,49,2,1023,2,1023
calibration__630__deblur__confidence_boost__nes__l1,1021,48,6,250,6,385
calibration__630__deblur__boundary_probe__nes__l1,1021,48,14,314,7,437
calibration__630__deblur__counterfactual__nes__l1,1021,48,2,235,2,340
calibration__7670__denoise__attack__nes__l0.5,1021,49,2,507,2,667
calibration__7670__denoise__restore__nes__l0.5,1021,50,3,522,2,649
calibration__7670__denoise__random_walk__random_walk__l0.5,1024,50,2,1023,2,1023
calibration__7670__denoise__confidence_boost__nes__l0.5,1021,47,2,449,2,583
calibration__7670__denoise__boundary_probe__nes__l0.5,1021,48,4,671,2,785
calibration__7670__denoise__counterfactual__nes__l0.5,1021,48,2,340,2,483
calibration__7670__deblur__attack__nes__l1,1021,48,5,329,5,487
calibration__7670__deblur__restore__nes__l1,1021,49,2,353,2,486
calibration__7670__deblur__random_walk__random_walk__l1,1024,49,2,1023,2,1023
calibration__7670__deblur__confidence_boost__nes__l1,1021,49,2,324,2,458
calibration__7670__deblur__boundary_probe__nes__l1,1021,47,15,357,15,516
calibration__7670__deblur__counterfactual__nes__l1,1021,48,7,518,3,650
calibration__2752__denoise__attack__nes__l0.5,1021,50,18,529,6,677
calibration__2752__denoise__restore__nes__l0.5,1021,47,4,392,4,563
calibration__2752__denoise__random_walk__random_walk__l0.5,1024,49,2,1023,2,1023
calibration__2752__denoise__confidence_boost__nes__l0.5,1021,49,2,437,2,575
calibration__2752__denoise__boundary_probe__nes__l0.5,1021,48,18,428,2,573
calibration__2752__denoise__counterfactual__nes__l0.5,1021,48,10,372,10,500
calibration__2752__deblur__attack__nes__l1,1021,48,18,554,18,699
calibration__2752__deblur__restore__nes__l1,1021,49,18,291,18,426
calibration__2752__deblur__random_walk__random_walk__l1,1024,49,2,1023,2,1023
calibration__2752__deblur__confidence_boost__nes__l1,1021,47,3,317,3,460
calibration__2752__deblur__boundary_probe__nes__l1,1021,49,18,350,18,492
calibration__2752__deblur__counterfactual__nes__l1,1021,47,10,426,10,587
calibration__5732__denoise__attack__nes__l0.5,1021,49,18,263,18,357
calibration__5732__denoise__restore__nes__l0.5,1021,47,11,289,11,410
calibration__5732__denoise__random_walk__random_walk__l0.5,1024,49,2,1023,2,1023
calibration__5732__denoise__confidence_boost__nes__l0.5,1021,48,8,288,8,393
calibration__5732__denoise__boundary_probe__nes__l0.5,1021,48,18,256,13,379
calibration__5732__denoise__counterfactual__nes__l0.5,1021,48,7,255,7,390
calibration__5732__deblur__attack__nes__l1,1021,49,6,343,6,453
calibration__5732__deblur__restore__nes__l1,1021,49,18,308,16,430
calibration__5732__deblur__random_walk__random_walk__l1,1024,49,2,1023,2,1023
calibration__5732__deblur__confidence_boost__nes__l1,1021,48,14,305,11,442
calibration__5732__deblur__boundary_probe__nes__l1,1021,47,2,310,2,454
calibration__5732__deblur__counterfactual__nes__l1,1021,48,5,366,5,526
calibration__5292__denoise__attack__nes__l0.5,1021,48,3,523,3,697
calibration__5292__denoise__restore__nes__l0.5,1021,49,5,559,5,712
calibration__5292__denoise__random_walk__random_walk__l0.5,1024,49,2,1023,2,1023
calibration__5292__denoise__confidence_boost__nes__l0.5,1021,48,2,437,2,587
calibration__5292__denoise__boundary_probe__nes__l0.5,1021,48,2,772,2,878
calibration__5292__denoise__counterfactual__nes__l0.5,1021,48,3,573,3,724
calibration__5292__deblur__attack__nes__l1,1021,49,4,204,4,295
calibration__5292__deblur__restore__nes__l1,1021,48,17,199,3,292
calibration__5292__deblur__random_walk__random_walk__l1,1024,49,2,1023,2,1023
calibration__5292__deblur__confidence_boost__nes__l1,1021,48,12,149,3,205
calibration__5292__deblur__boundary_probe__nes__l1,1021,48,8,236,2,329
calibration__5292__deblur__counterfactual__nes__l1,1021,47,4,226,4,334
calibration__207__denoise__attack__nes__l0.5,1021,48,5,218,5,314
calibration__207__denoise__restore__nes__l0.5,1021,47,13,197,5,285
calibration__207__denoise__random_walk__random_walk__l0.5,1024,49,2,1023,2,1023
calibration__207__denoise__confidence_boost__nes__l0.5,1021,48,6,336,2,463
calibration__207__denoise__boundary_probe__nes__l0.5,1021,48,18,304,8,427
calibration__207__denoise__counterfactual__nes__l0.5,1021,49,8,323,4,460
calibration__207__deblur__attack__nes__l1,1021,48,7,444,7,592
calibration__207__deblur__restore__nes__l1,1021,48,3,468,3,592
calibration__207__deblur__random_walk__random_walk__l1,1024,49,2,1023,2,1023
calibration__207__deblur__confidence_boost__nes__l1,1021,49,3,386,3,505
calibration__207__deblur__boundary_probe__nes__l1,1021,49,3,375,2,496
calibration__207__deblur__counterfactual__nes__l1,1021,48,9,405,8,540
calibration__6787__denoise__attack__nes__l0.5,1021,48,3,679,3,800
calibration__6787__denoise__restore__nes__l0.5,1021,50,2,690,2,820
calibration__6787__denoise__random_walk__random_walk__l0.5,1024,50,2,1023,2,1023
calibration__6787__denoise__confidence_boost__nes__l0.5,1021,49,4,815,3,917
calibration__6787__denoise__boundary_probe__nes__l0.5,1021,47,4,675,4,808
calibration__6787__denoise__counterfactual__nes__l0.5,1021,49,2,760,2,886
calibration__6787__deblur__attack__nes__l1,1021,47,9,280,9,402
calibration__6787__deblur__restore__nes__l1,1021,48,4,256,4,385
calibration__6787__deblur__random_walk__random_walk__l1,1024,50,2,1023,2,1023
calibration__6787__deblur__confidence_boost__nes__l1,1021,48,10,247,9,359
calibration__6787__deblur__boundary_probe__nes__l1,1021,49,14,235,2,336
calibration__6787__deblur__counterfactual__nes__l1,1021,49,18,293,4,419
calibration__2914__denoise__attack__nes__l0.5,1021,48,2,449,2,612
calibration__2914__denoise__restore__nes__l0.5,1021,49,18,300,18,395
calibration__2914__denoise__random_walk__random_walk__l0.5,1024,49,2,1023,2,1023
calibration__2914__denoise__confidence_boost__nes__l0.5,1021,48,13,266,3,386
calibration__2914__denoise__boundary_probe__nes__l0.5,1021,48,18,480,10,602
calibration__2914__denoise__counterfactual__nes__l0.5,1021,49,3,359,3,483
calibration__2914__deblur__attack__nes__l1,1021,50,14,565,7,682
calibration__2914__deblur__restore__nes__l1,1021,48,18,476,18,622
calibration__2914__deblur__random_walk__random_walk__l1,1024,49,2,1023,2,1023
calibration__2914__deblur__confidence_boost__nes__l1,1021,49,4,445,4,581
calibration__2914__deblur__boundary_probe__nes__l1,1021,47,4,281,4,389
calibration__2914__deblur__counterfactual__nes__l1,1021,48,4,336,4,472
calibration__6917__denoise__attack__nes__l0.5,1021,48,6,344,6,474
calibration__6917__denoise__restore__nes__l0.5,1021,48,16,461,4,604
calibration__6917__denoise__random_walk__random_walk__l0.5,1024,50,2,1023,2,1023
calibration__6917__denoise__confidence_boost__nes__l0.5,1021,48,11,237,11,355
calibration__6917__denoise__boundary_probe__nes__l0.5,1021,48,2,518,2,659
calibration__6917__denoise__counterfactual__nes__l0.5,1021,49,11,538,4,672
calibration__6917__deblur__attack__nes__l1,1021,48,12,465,10,604
calibration__6917__deblur__restore__nes__l1,1021,48,2,454,2,602
calibration__6917__deblur__random_walk__random_walk__l1,1024,49,2,1023,2,1023
calibration__6917__deblur__confidence_boost__nes__l1,1021,49,7,583,6,716
calibration__6917__deblur__boundary_probe__nes__l1,1021,50,6,610,6,737
calibration__6917__deblur__counterfactual__nes__l1,1021,49,7,518,7,680
calibration__3811__denoise__attack__nes__l0.5,1021,48,3,534,3,681
calibration__3811__denoise__restore__nes__l0.5,1021,49,7,335,2,453
calibration__3811__denoise__random_walk__random_walk__l0.5,1024,49,2,1023,2,1023
calibration__3811__denoise__confidence_boost__nes__l0.5,1021,48,6,409,6,574
calibration__3811__denoise__boundary_probe__nes__l0.5,1021,49,2,543,2,731
calibration__3811__denoise__counterfactual__nes__l0.5,1021,49,2,376,2,515
calibration__3811__deblur__attack__nes__l1,1021,47,4,198,4,291
calibration__3811__deblur__restore__nes__l1,1021,49,8,217,8,326
calibration__3811__deblur__random_walk__random_walk__l1,1024,49,2,1023,2,1023
calibration__3811__deblur__confidence_boost__nes__l1,1021,48,7,244,7,360
calibration__3811__deblur__boundary_probe__nes__l1,1021,49,9,410,9,567
calibration__3811__deblur__counterfactual__nes__l1,1021,48,9,315,2,468
calibration__815__denoise__attack__nes__l0.5,1021,48,3,627,3,750
calibration__815__denoise__restore__nes__l0.5,1021,50,2,474,2,620
calibration__815__denoise__random_walk__random_walk__l0.5,1024,50,2,1023,2,1023
calibration__815__denoise__confidence_boost__nes__l0.5,1021,48,2,590,2,747
calibration__815__denoise__boundary_probe__nes__l0.5,1021,49,3,774,3,873
calibration__815__denoise__counterfactual__nes__l0.5,1021,48,2,650,2,810
calibration__815__deblur__attack__nes__l1,1021,48,18,215,3,297
calibration__815__deblur__restore__nes__l1,1021,49,12,252,12,362
calibration__815__deblur__random_walk__random_walk__l1,1024,48,2,1023,2,1023
calibration__815__deblur__confidence_boost__nes__l1,1021,47,7,185,7,263
calibration__815__deblur__boundary_probe__nes__l1,1021,48,18,219,10,335
calibration__815__deblur__counterfactual__nes__l1,1021,48,18,189,11,276
calibration__6691__denoise__attack__nes__l0.5,1021,49,3,430,3,598
calibration__6691__denoise__restore__nes__l0.5,1021,49,2,471,2,612
calibration__6691__denoise__random_walk__random_walk__l0.5,1024,50,2,1023,2,1023
calibration__6691__denoise__confidence_boost__nes__l0.5,1021,49,3,685,3,804
calibration__6691__denoise__boundary_probe__nes__l0.5,1021,49,3,607,3,755
calibration__6691__denoise__counterfactual__nes__l0.5,1021,48,2,564,2,723
calibration__6691__deblur__attack__nes__l1,1021,48,18,317,6,452
calibration__6691__deblur__restore__nes__l1,1021,47,7,176,7,270
calibration__6691__deblur__random_walk__random_walk__l1,1024,49,2,1023,2,1023
calibration__6691__deblur__confidence_boost__nes__l1,1021,48,18,225,18,320
calibration__6691__deblur__boundary_probe__nes__l1,1021,48,18,334,4,463
calibration__6691__deblur__counterfactual__nes__l1,1021,48,18,453,11,600
calibration__4445__denoise__attack__nes__l0.5,1021,49,7,426,7,563
calibration__4445__denoise__restore__nes__l0.5,1021,48,2,591,2,733
calibration__4445__denoise__random_walk__random_walk__l0.5,1024,50,2,1023,2,1023
calibration__4445__denoise__confidence_boost__nes__l0.5,1021,48,12,617,4,771
calibration__4445__denoise__boundary_probe__nes__l0.5,1021,49,2,535,2,676
calibration__4445__denoise__counterfactual__nes__l0.5,1021,48,9,416,2,552
calibration__4445__deblur__attack__nes__l1,1021,48,4,381,4,511
calibration__4445__deblur__restore__nes__l1,1021,49,3,319,3,428
calibration__4445__deblur__random_walk__random_walk__l1,1024,49,2,1023,2,1023
calibration__4445__deblur__confidence_boost__nes__l1,1021,48,12,365,11,495
calibration__4445__deblur__boundary_probe__nes__l1,1021,47,13,262,13,389
calibration__4445__deblur__counterfactual__nes__l1,1021,48,11,306,11,421
calibration__9378__denoise__attack__nes__l0.5,1021,47,5,375,3,502
calibration__9378__denoise__restore__nes__l0.5,1021,48,4,368,4,499
calibration__9378__denoise__random_walk__random_walk__l0.5,1024,50,2,1023,2,1023
calibration__9378__denoise__confidence_boost__nes__l0.5,1021,48,2,219,2,319
calibration__9378__denoise__boundary_probe__nes__l0.5,1021,49,4,395,3,552
calibration__9378__denoise__counterfactual__nes__l0.5,1021,47,3,285,3,388
calibration__9378__deblur__attack__nes__l1,1021,49,4,691,2,823
calibration__9378__deblur__restore__nes__l1,1021,48,2,534,2,679
calibration__9378__deblur__random_walk__random_walk__l1,1024,49,2,1023,2,1023
calibration__9378__deblur__confidence_boost__nes__l1,1021,48,2,519,2,657
calibration__9378__deblur__boundary_probe__nes__l1,1021,49,4,739,4,853
calibration__9378__deblur__counterfactual__nes__l1,1021,48,2,591,2,735
evaluation__2185__denoise__attack__nes__l0.5,1021,49,2,513,2,656
evaluation__2185__denoise__restore__nes__l0.5,1021,47,9,571,2,714
evaluation__2185__denoise__random_walk__random_walk__l0.5,1024,50,2,1023,2,1023
evaluation__2185__denoise__confidence_boost__nes__l0.5,1021,50,4,646,4,778
evaluation__2185__denoise__boundary_probe__nes__l0.5,1021,49,5,494,5,632
evaluation__2185__denoise__counterfactual__nes__l0.5,1021,49,3,685,3,809
evaluation__2185__deblur__attack__nes__l1,1021,49,18,268,15,364
evaluation__2185__deblur__restore__nes__l1,1021,48,15,236,7,357
evaluation__2185__deblur__random_walk__random_walk__l1,1024,49,2,1023,2,1023
evaluation__2185__deblur__confidence_boost__nes__l1,1021,46,18,214,18,312
evaluation__2185__deblur__boundary_probe__nes__l1,1021,48,11,217,11,317
evaluation__2185__deblur__counterfactual__nes__l1,1021,49,11,210,11,308
evaluation__7811__denoise__attack__nes__l0.5,1021,48,4,534,4,663
evaluation__7811__denoise__restore__nes__l0.5,1021,47,13,477,11,628
evaluation__7811__denoise__random_walk__random_walk__l0.5,1024,50,2,1023,2,1023
evaluation__7811__denoise__confidence_boost__nes__l0.5,1021,50,18,407,5,547
evaluation__7811__denoise__boundary_probe__nes__l0.5,1021,48,18,450,10,615
evaluation__7811__denoise__counterfactual__nes__l0.5,1021,49,13,423,4,553
evaluation__7811__deblur__attack__nes__l1,1021,49,3,628,2,760
evaluation__7811__deblur__restore__nes__l1,1021,49,2,758,2,875
evaluation__7811__deblur__random_walk__random_walk__l1,1024,49,2,1023,2,1023
evaluation__7811__deblur__confidence_boost__nes__l1,1021,48,2,794,2,897
evaluation__7811__deblur__boundary_probe__nes__l1,1021,49,5,820,2,924
evaluation__7811__deblur__counterfactual__nes__l1,1021,49,3,879,2,949
evaluation__9822__denoise__attack__nes__l0.5,1021,48,6,434,6,593
evaluation__9822__denoise__restore__nes__l0.5,1021,48,2,276,2,400
evaluation__9822__denoise__random_walk__random_walk__l0.5,1024,49,2,1023,2,1023
evaluation__9822__denoise__confidence_boost__nes__l0.5,1021,48,2,430,2,603
evaluation__9822__denoise__boundary_probe__nes__l0.5,1021,49,4,364,2,524
evaluation__9822__denoise__counterfactual__nes__l0.5,1021,47,4,481,4,626
evaluation__9822__deblur__attack__nes__l1,1021,48,6,807,4,903
evaluation__9822__deblur__restore__nes__l1,1021,49,2,751,2,854
evaluation__9822__deblur__random_walk__random_walk__l1,1024,49,2,1023,2,1023
evaluation__9822__deblur__confidence_boost__nes__l1,1021,49,5,717,5,830
evaluation__9822__deblur__boundary_probe__nes__l1,1021,49,2,599,2,737
evaluation__9822__deblur__counterfactual__nes__l1,1021,48,2,686,2,828
evaluation__1363__denoise__attack__nes__l0.5,1021,48,5,388,5,517
evaluation__1363__denoise__restore__nes__l0.5,1021,49,2,503,2,634
evaluation__1363__denoise__random_walk__random_walk__l0.5,1024,50,2,1023,2,1023
evaluation__1363__denoise__confidence_boost__nes__l0.5,1021,49,2,331,2,446
evaluation__1363__denoise__boundary_probe__nes__l0.5,1021,49,2,382,2,545
evaluation__1363__denoise__counterfactual__nes__l0.5,1021,48,4,385,4,541
evaluation__1363__deblur__attack__nes__l1,1021,48,3,251,3,368
evaluation__1363__deblur__restore__nes__l1,1021,49,10,275,8,372
evaluation__1363__deblur__random_walk__random_walk__l1,1024,49,2,1023,2,1023
evaluation__1363__deblur__confidence_boost__nes__l1,1021,48,18,360,18,467
evaluation__1363__deblur__boundary_probe__nes__l1,1021,48,18,317,2,417
evaluation__1363__deblur__counterfactual__nes__l1,1021,47,4,202,4,298
evaluation__3549__denoise__attack__nes__l0.5,1021,49,2,360,2,507
evaluation__3549__denoise__restore__nes__l0.5,1021,48,4,322,4,483
evaluation__3549__denoise__random_walk__random_walk__l0.5,1024,49,2,1023,2,1023
evaluation__3549__denoise__confidence_boost__nes__l0.5,1021,48,3,250,3,355
evaluation__3549__denoise__boundary_probe__nes__l0.5,1021,49,2,478,2,632
evaluation__3549__denoise__counterfactual__nes__l0.5,1021,49,7,295,3,441
evaluation__3549__deblur__attack__nes__l1,1021,50,4,729,4,839
evaluation__3549__deblur__restore__nes__l1,1021,48,6,499,6,686
evaluation__3549__deblur__random_walk__random_walk__l1,1024,50,2,1023,2,1023
evaluation__3549__deblur__confidence_boost__nes__l1,1021,49,18,720,8,831
evaluation__3549__deblur__boundary_probe__nes__l1,1021,49,9,585,9,742
evaluation__3549__deblur__counterfactual__nes__l1,1021,49,2,696,2,837
evaluation__7236__denoise__attack__nes__l0.5,1021,48,9,398,9,550
evaluation__7236__denoise__restore__nes__l0.5,1021,48,2,553,2,691
evaluation__7236__denoise__random_walk__random_walk__l0.5,1024,49,2,1023,2,1023
evaluation__7236__denoise__confidence_boost__nes__l0.5,1021,48,7,405,5,540
evaluation__7236__denoise__boundary_probe__nes__l0.5,1021,49,12,531,12,677
evaluation__7236__denoise__counterfactual__nes__l0.5,1021,49,2,468,2,610
evaluation__7236__deblur__attack__nes__l1,1021,49,8,602,8,766
evaluation__7236__deblur__restore__nes__l1,1021,48,5,777,5,890
evaluation__7236__deblur__random_walk__random_walk__l1,1024,50,2,1023,2,1023
evaluation__7236__deblur__confidence_boost__nes__l1,1021,49,8,498,8,674
evaluation__7236__deblur__boundary_probe__nes__l1,1021,49,8,638,7,768
evaluation__7236__deblur__counterfactual__nes__l1,1021,49,5,634,5,785
evaluation__113__denoise__attack__nes__l0.5,1021,48,4,626,4,776
evaluation__113__denoise__restore__nes__l0.5,1021,48,2,556,2,729
evaluation__113__denoise__random_walk__random_walk__l0.5,1024,49,2,1023,2,1023
evaluation__113__denoise__confidence_boost__nes__l0.5,1021,47,3,668,3,807
evaluation__113__denoise__boundary_probe__nes__l0.5,1021,49,11,667,11,801
evaluation__113__denoise__counterfactual__nes__l0.5,1021,48,3,690,3,815
evaluation__113__deblur__attack__nes__l1,1021,48,5,532,5,689
evaluation__113__deblur__restore__nes__l1,1021,48,17,428,8,571
evaluation__113__deblur__random_walk__random_walk__l1,1024,49,2,1023,2,1023
evaluation__113__deblur__confidence_boost__nes__l1,1021,47,6,322,6,443
evaluation__113__deblur__boundary_probe__nes__l1,1021,48,6,428,6,573
evaluation__113__deblur__counterfactual__nes__l1,1021,50,14,440,14,566
evaluation__2303__denoise__attack__nes__l0.5,1021,46,2,168,2,234
evaluation__2303__denoise__restore__nes__l0.5,1021,48,18,358,10,470
evaluation__2303__denoise__random_walk__random_walk__l0.5,1024,49,2,1023,2,1023
evaluation__2303__denoise__confidence_boost__nes__l0.5,1021,48,7,293,7,389
evaluation__2303__denoise__boundary_probe__nes__l0.5,1021,48,18,215,18,312
evaluation__2303__denoise__counterfactual__nes__l0.5,1021,49,18,160,18,224
evaluation__2303__deblur__attack__nes__l1,1021,48,18,153,4,217
evaluation__2303__deblur__restore__nes__l1,1021,48,18,164,14,245
evaluation__2303__deblur__random_walk__random_walk__l1,1024,49,2,1023,2,1023
evaluation__2303__deblur__confidence_boost__nes__l1,1021,49,18,193,18,274
evaluation__2303__deblur__boundary_probe__nes__l1,1021,49,17,206,17,282
evaluation__2303__deblur__counterfactual__nes__l1,1021,48,4,221,4,322
evaluation__6170__denoise__attack__nes__l0.5,1021,47,8,390,8,532
evaluation__6170__denoise__restore__nes__l0.5,1021,48,3,344,3,483
evaluation__6170__denoise__random_walk__random_walk__l0.5,1024,49,2,1023,2,1023
evaluation__6170__denoise__confidence_boost__nes__l0.5,1021,48,3,338,3,480
evaluation__6170__denoise__boundary_probe__nes__l0.5,1021,48,9,493,8,665
evaluation__6170__denoise__counterfactual__nes__l0.5,1021,48,8,594,8,739
evaluation__6170__deblur__attack__nes__l1,1021,47,11,574,10,706
evaluation__6170__deblur__restore__nes__l1,1021,48,3,570,3,703
evaluation__6170__deblur__random_walk__random_walk__l1,1024,50,2,1023,2,1023
evaluation__6170__deblur__confidence_boost__nes__l1,1021,48,5,640,5,776
evaluation__6170__deblur__boundary_probe__nes__l1,1021,47,5,375,5,538
evaluation__6170__deblur__counterfactual__nes__l1,1021,48,8,545,7,699
evaluation__9267__denoise__attack__nes__l0.5,1021,48,2,235,2,346
evaluation__9267__denoise__restore__nes__l0.5,1021,50,2,259,2,369
evaluation__9267__denoise__random_walk__random_walk__l0.5,1024,49,2,1023,2,1023
evaluation__9267__denoise__confidence_boost__nes__l0.5,1021,48,9,444,7,576
evaluation__9267__denoise__boundary_probe__nes__l0.5,1021,48,7,362,7,514
evaluation__9267__denoise__counterfactual__nes__l0.5,1021,49,2,352,2,482
evaluation__9267__deblur__attack__nes__l1,1021,48,3,371,3,528
evaluation__9267__deblur__restore__nes__l1,1021,47,7,415,3,576
evaluation__9267__deblur__random_walk__random_walk__l1,1024,49,2,1023,2,1023
evaluation__9267__deblur__confidence_boost__nes__l1,1021,48,2,465,2,614
evaluation__9267__deblur__boundary_probe__nes__l1,1021,48,7,549,2,706
evaluation__9267__deblur__counterfactual__nes__l1,1021,49,15,565,6,714
evaluation__2410__denoise__attack__nes__l0.5,1021,48,8,262,6,348
evaluation__2410__denoise__restore__nes__l0.5,1021,47,4,217,4,311
evaluation__2410__denoise__random_walk__random_walk__l0.5,1024,50,2,1023,2,1023
evaluation__2410__denoise__confidence_boost__nes__l0.5,1021,48,18,227,18,324
evaluation__2410__denoise__boundary_probe__nes__l0.5,1021,48,18,219,18,308
evaluation__2410__denoise__counterfactual__nes__l0.5,1021,48,18,247,4,348
evaluation__2410__deblur__attack__nes__l1,1021,48,2,386,2,502
evaluation__2410__deblur__restore__nes__l1,1021,48,9,576,9,721
evaluation__2410__deblur__random_walk__random_walk__l1,1024,50,2,1023,2,1023
evaluation__2410__deblur__confidence_boost__nes__l1,1021,48,6,486,4,625
evaluation__2410__deblur__boundary_probe__nes__l1,1021,48,3,621,3,777
evaluation__2410__deblur__counterfactual__nes__l1,1021,48,7,423,6,579
evaluation__6135__denoise__attack__nes__l0.5,1021,47,18,321,8,448
evaluation__6135__denoise__restore__nes__l0.5,1021,47,15,399,11,550
evaluation__6135__denoise__random_walk__random_walk__l0.5,1024,49,2,1023,2,1023
evaluation__6135__denoise__confidence_boost__nes__l0.5,1021,48,2,351,2,524
evaluation__6135__denoise__boundary_probe__nes__l0.5,1021,47,13,337,13,528
evaluation__6135__denoise__counterfactual__nes__l0.5,1021,49,18,406,6,530
evaluation__6135__deblur__attack__nes__l1,1021,49,7,295,7,420
evaluation__6135__deblur__restore__nes__l1,1021,48,18,200,18,301
evaluation__6135__deblur__random_walk__random_walk__l1,1024,49,2,1023,2,1023
evaluation__6135__deblur__confidence_boost__nes__l1,1021,49,18,198,6,297
evaluation__6135__deblur__boundary_probe__nes__l1,1021,47,13,142,13,222
evaluation__6135__deblur__counterfactual__nes__l1,1021,49,18,341,5,479
evaluation__8257__denoise__attack__nes__l0.5,1021,48,3,257,3,367
evaluation__8257__denoise__restore__nes__l0.5,1021,49,4,490,4,660
evaluation__8257__denoise__random_walk__random_walk__l0.5,1024,49,2,1023,2,1023
evaluation__8257__denoise__confidence_boost__nes__l0.5,1021,48,2,459,2,610
evaluation__8257__denoise__boundary_probe__nes__l0.5,1021,49,9,610,2,766
evaluation__8257__denoise__counterfactual__nes__l0.5,1021,49,4,443,3,598
evaluation__8257__deblur__attack__nes__l1,1021,48,2,237,2,367
evaluation__8257__deblur__restore__nes__l1,1021,48,18,185,18,302
evaluation__8257__deblur__random_walk__random_walk__l1,1024,49,2,1023,2,1023
evaluation__8257__deblur__confidence_boost__nes__l1,1021,48,3,302,3,431
evaluation__8257__deblur__boundary_probe__nes__l1,1021,49,2,297,2,451
evaluation__8257__deblur__counterfactual__nes__l1,1021,47,18,228,9,331
evaluation__1516__denoise__attack__nes__l0.5,1021,47,13,313,10,468
evaluation__1516__denoise__restore__nes__l0.5,1021,49,4,390,4,550
evaluation__1516__denoise__random_walk__random_walk__l0.5,1024,49,2,1023,2,1023
evaluation__1516__denoise__confidence_boost__nes__l0.5,1021,48,4,205,4,307
evaluation__1516__denoise__boundary_probe__nes__l0.5,1021,47,18,276,13,400
evaluation__1516__denoise__counterfactual__nes__l0.5,1021,48,12,354,7,516
evaluation__1516__deblur__attack__nes__l1,1021,48,18,485,18,642
evaluation__1516__deblur__restore__nes__l1,1021,48,18,413,18,546
evaluation__1516__deblur__random_walk__random_walk__l1,1024,50,2,1023,2,1023
evaluation__1516__deblur__confidence_boost__nes__l1,1021,48,8,273,2,395
evaluation__1516__deblur__boundary_probe__nes__l1,1021,49,3,325,3,435
evaluation__1516__deblur__counterfactual__nes__l1,1021,48,11,461,7,601
evaluation__4114__denoise__attack__nes__l0.5,1021,48,2,457,2,615
evaluation__4114__denoise__restore__nes__l0.5,1021,49,3,412,2,571
evaluation__4114__denoise__random_walk__random_walk__l0.5,1024,49,2,1023,2,1023
evaluation__4114__denoise__confidence_boost__nes__l0.5,1021,48,6,390,6,509
evaluation__4114__denoise__boundary_probe__nes__l0.5,1021,49,5,566,4,709
evaluation__4114__denoise__counterfactual__nes__l0.5,1021,47,2,298,2,431
evaluation__4114__deblur__attack__nes__l1,1021,49,18,259,17,354
evaluation__4114__deblur__restore__nes__l1,1021,47,5,208,5,280
evaluation__4114__deblur__random_walk__random_walk__l1,1024,49,2,1023,2,1023
evaluation__4114__deblur__confidence_boost__nes__l1,1021,48,8,183,8,274
evaluation__4114__deblur__boundary_probe__nes__l1,1021,49,13,183,13,297
evaluation__4114__deblur__counterfactual__nes__l1,1021,47,18,196,18,305
evaluation__7335__denoise__attack__nes__l0.5,1021,48,12,309,2,445
evaluation__7335__denoise__restore__nes__l0.5,1021,49,6,311,2,436
evaluation__7335__denoise__random_walk__random_walk__l0.5,1024,49,2,1023,2,1023
evaluation__7335__denoise__confidence_boost__nes__l0.5,1021,47,18,341,2,469
evaluation__7335__denoise__boundary_probe__nes__l0.5,1021,49,4,280,4,371
evaluation__7335__denoise__counterfactual__nes__l0.5,1021,48,4,340,4,469
evaluation__7335__deblur__attack__nes__l1,1021,48,12,404,7,563
evaluation__7335__deblur__restore__nes__l1,1021,48,2,366,2,494
evaluation__7335__deblur__random_walk__random_walk__l1,1024,50,2,1023,2,1023
evaluation__7335__deblur__confidence_boost__nes__l1,1021,48,9,241,9,346
evaluation__7335__deblur__boundary_probe__nes__l1,1021,49,5,416,5,542
evaluation__7335__deblur__counterfactual__nes__l1,1021,49,16,503,16,625
evaluation__39__denoise__attack__nes__l0.5,1021,48,2,652,2,766
evaluation__39__denoise__restore__nes__l0.5,1021,49,2,641,2,767
evaluation__39__denoise__random_walk__random_walk__l0.5,1024,49,2,1023,2,1023
evaluation__39__denoise__confidence_boost__nes__l0.5,1021,49,2,516,2,670
evaluation__39__denoise__boundary_probe__nes__l0.5,1021,49,2,676,2,806
evaluation__39__denoise__counterfactual__nes__l0.5,1021,49,2,635,2,778
evaluation__39__deblur__attack__nes__l1,1021,49,2,498,2,640
evaluation__39__deblur__restore__nes__l1,1021,47,6,344,6,484
evaluation__39__deblur__random_walk__random_walk__l1,1024,50,2,1023,2,1023
evaluation__39__deblur__confidence_boost__nes__l1,1021,47,4,439,4,590
evaluation__39__deblur__boundary_probe__nes__l1,1021,49,10,622,3,752
evaluation__39__deblur__counterfactual__nes__l1,1021,49,3,487,3,625
evaluation__5005__denoise__attack__nes__l0.5,1021,47,3,412,3,573
evaluation__5005__denoise__restore__nes__l0.5,1021,48,11,346,2,484
evaluation__5005__denoise__random_walk__random_walk__l0.5,1024,50,2,1023,2,1023
evaluation__5005__denoise__confidence_boost__nes__l0.5,1021,48,7,421,7,570
evaluation__5005__denoise__boundary_probe__nes__l0.5,1021,48,4,481,4,633
evaluation__5005__denoise__counterfactual__nes__l0.5,1021,49,12,580,4,742
evaluation__5005__deblur__attack__nes__l1,1021,47,4,163,4,260
evaluation__5005__deblur__restore__nes__l1,1021,46,2,287,2,414
evaluation__5005__deblur__random_walk__random_walk__l1,1024,50,2,1023,2,1023
evaluation__5005__deblur__confidence_boost__nes__l1,1021,48,17,342,17,482
evaluation__5005__deblur__boundary_probe__nes__l1,1021,48,2,213,2,300
evaluation__5005__deblur__counterfactual__nes__l1,1021,48,18,217,9,313
evaluation__7528__denoise__attack__nes__l0.5,1021,49,8,689,3,813
evaluation__7528__denoise__restore__nes__l0.5,1021,48,3,752,3,857
evaluation__7528__denoise__random_walk__random_walk__l0.5,1024,49,2,1023,2,1023
evaluation__7528__denoise__confidence_boost__nes__l0.5,1021,50,3,553,3,708
evaluation__7528__denoise__boundary_probe__nes__l0.5,1021,48,2,658,2,810
evaluation__7528__denoise__counterfactual__nes__l0.5,1021,49,4,623,3,774
evaluation__7528__deblur__attack__nes__l1,1021,48,2,405,2,533
evaluation__7528__deblur__restore__nes__l1,1021,48,2,565,2,707
evaluation__7528__deblur__random_walk__random_walk__l1,1024,50,2,1023,2,1023
evaluation__7528__deblur__confidence_boost__nes__l1,1021,49,2,446,2,584
evaluation__7528__deblur__boundary_probe__nes__l1,1021,49,3,497,2,643
evaluation__7528__deblur__counterfactual__nes__l1,1021,48,3,587,3,718
evaluation__9084__denoise__attack__nes__l0.5,1021,48,4,516,4,677
evaluation__9084__denoise__restore__nes__l0.5,1021,49,2,801,2,892
evaluation__9084__denoise__random_walk__random_walk__l0.5,1024,49,2,1023,2,1023
evaluation__9084__denoise__confidence_boost__nes__l0.5,1021,48,2,740,2,856
evaluation__9084__denoise__boundary_probe__nes__l0.5,1021,49,3,741,3,861
evaluation__9084__denoise__counterfactual__nes__l0.5,1021,48,6,637,4,767
evaluation__9084__deblur__attack__nes__l1,1021,48,6,280,6,380
evaluation__9084__deblur__restore__nes__l1,1021,49,14,312,14,438
evaluation__9084__deblur__random_walk__random_walk__l1,1024,49,2,1023,2,1023
evaluation__9084__deblur__confidence_boost__nes__l1,1021,49,15,355,6,478
evaluation__9084__deblur__boundary_probe__nes__l1,1021,49,3,259,3,370
evaluation__9084__deblur__counterfactual__nes__l1,1021,50,7,455,7,582
evaluation__1663__denoise__attack__nes__l0.5,1021,47,18,183,16,266
evaluation__1663__denoise__restore__nes__l0.5,1021,46,18,230,4,346
evaluation__1663__denoise__random_walk__random_walk__l0.5,1024,50,2,1023,2,1023
evaluation__1663__denoise__confidence_boost__nes__l0.5,1021,49,18,356,18,464
evaluation__1663__denoise__boundary_probe__nes__l0.5,1021,48,3,204,3,294
evaluation__1663__denoise__counterfactual__nes__l0.5,1021,48,9,240,5,355
evaluation__1663__deblur__attack__nes__l1,1021,48,15,256,15,353
evaluation__1663__deblur__restore__nes__l1,1021,49,7,264,7,394
evaluation__1663__deblur__random_walk__random_walk__l1,1024,49,2,1023,2,1023
evaluation__1663__deblur__confidence_boost__nes__l1,1021,48,3,187,3,266
evaluation__1663__deblur__boundary_probe__nes__l1,1021,47,16,219,13,321
evaluation__1663__deblur__counterfactual__nes__l1,1021,47,5,177,5,260
evaluation__5286__denoise__attack__nes__l0.5,1021,47,2,392,2,523
evaluation__5286__denoise__restore__nes__l0.5,1021,49,2,755,2,861
evaluation__5286__denoise__random_walk__random_walk__l0.5,1024,50,2,1023,2,1023
evaluation__5286__denoise__confidence_boost__nes__l0.5,1021,49,6,667,6,800
evaluation__5286__denoise__boundary_probe__nes__l0.5,1021,48,3,590,3,721
evaluation__5286__denoise__counterfactual__nes__l0.5,1021,49,5,642,4,777
evaluation__5286__deblur__attack__nes__l1,1021,47,3,390,3,541
evaluation__5286__deblur__restore__nes__l1,1021,48,3,540,3,695
evaluation__5286__deblur__random_walk__random_walk__l1,1024,49,2,1023,2,1023
evaluation__5286__deblur__confidence_boost__nes__l1,1021,48,3,592,3,737
evaluation__5286__deblur__boundary_probe__nes__l1,1021,48,6,313,6,434
evaluation__5286__deblur__counterfactual__nes__l1,1021,48,6,350,4,487
evaluation__8060__denoise__attack__nes__l0.5,1021,49,2,298,2,411
evaluation__8060__denoise__restore__nes__l0.5,1021,48,18,179,18,258
evaluation__8060__denoise__random_walk__random_walk__l0.5,1024,49,2,1023,2,1023
evaluation__8060__denoise__confidence_boost__nes__l0.5,1021,48,13,219,13,323
evaluation__8060__denoise__boundary_probe__nes__l0.5,1021,47,13,214,13,307
evaluation__8060__denoise__counterfactual__nes__l0.5,1021,49,18,330,10,462
evaluation__8060__deblur__attack__nes__l1,1021,48,15,371,15,497
evaluation__8060__deblur__restore__nes__l1,1021,48,9,283,2,406
evaluation__8060__deblur__random_walk__random_walk__l1,1024,50,2,1023,2,1023
evaluation__8060__deblur__confidence_boost__nes__l1,1021,47,3,307,3,441
evaluation__8060__deblur__boundary_probe__nes__l1,1021,47,2,245,2,387
evaluation__8060__deblur__counterfactual__nes__l1,1021,48,6,543,6,678
evaluation__1647__denoise__attack__nes__l0.5,1021,49,13,521,4,668
evaluation__1647__denoise__restore__nes__l0.5,1021,48,4,432,4,589
evaluation__1647__denoise__random_walk__random_walk__l0.5,1024,49,2,1023,2,1023
evaluation__1647__denoise__confidence_boost__nes__l0.5,1021,48,16,320,7,465
evaluation__1647__denoise__boundary_probe__nes__l0.5,1021,48,2,219,2,340
evaluation__1647__denoise__counterfactual__nes__l0.5,1021,47,12,302,12,418
evaluation__1647__deblur__attack__nes__l1,1021,48,16,383,9,515
evaluation__1647__deblur__restore__nes__l1,1021,49,15,475,9,613
evaluation__1647__deblur__random_walk__random_walk__l1,1024,50,2,1023,2,1023
evaluation__1647__deblur__confidence_boost__nes__l1,1021,48,9,533,9,687
evaluation__1647__deblur__boundary_probe__nes__l1,1021,47,4,447,4,583
evaluation__1647__deblur__counterfactual__nes__l1,1021,47,2,341,2,471
evaluation__3985__denoise__attack__nes__l0.5,1021,48,17,253,17,347
evaluation__3985__denoise__restore__nes__l0.5,1021,48,18,240,18,327
evaluation__3985__denoise__random_walk__random_walk__l0.5,1024,49,2,1023,2,1023
evaluation__3985__denoise__confidence_boost__nes__l0.5,1021,48,18,318,18,451
evaluation__3985__denoise__boundary_probe__nes__l0.5,1021,48,18,158,18,223
evaluation__3985__denoise__counterfactual__nes__l0.5,1021,49,18,205,5,294
evaluation__3985__deblur__attack__nes__l1,1021,49,7,435,3,579
evaluation__3985__deblur__restore__nes__l1,1021,48,3,334,3,466
evaluation__3985__deblur__random_walk__random_walk__l1,1024,49,2,1023,2,1023
evaluation__3985__deblur__confidence_boost__nes__l1,1021,48,18,491,2,644
evaluation__3985__deblur__boundary_probe__nes__l1,1021,47,18,431,11,580
evaluation__3985__deblur__counterfactual__nes__l1,1021,48,6,479,6,599
evaluation__5894__denoise__attack__nes__l0.5,1021,48,3,642,2,776
evaluation__5894__denoise__restore__nes__l0.5,1021,48,4,734,3,852
evaluation__5894__denoise__random_walk__random_walk__l0.5,1024,49,2,1023,2,1023
evaluation__5894__denoise__confidence_boost__nes__l0.5,1021,48,2,855,2,944
evaluation__5894__denoise__boundary_probe__nes__l0.5,1021,48,5,718,2,846
evaluation__5894__denoise__counterfactual__nes__l0.5,1021,49,7,778,3,868
evaluation__5894__deblur__attack__nes__l1,1021,47,2,351,2,499
evaluation__5894__deblur__restore__nes__l1,1021,48,2,397,2,546
evaluation__5894__deblur__random_walk__random_walk__l1,1024,49,2,1023,2,1023
evaluation__5894__deblur__confidence_boost__nes__l1,1021,50,5,607,5,742
evaluation__5894__deblur__boundary_probe__nes__l1,1021,49,4,478,4,631
evaluation__5894__deblur__counterfactual__nes__l1,1021,49,2,351,2,497
evaluation__469__denoise__attack__nes__l0.5,1021,49,11,216,4,305
evaluation__469__denoise__restore__nes__l0.5,1021,48,8,280,8,393
evaluation__469__denoise__random_walk__random_walk__l0.5,1024,49,2,1023,2,1023
evaluation__469__denoise__confidence_boost__nes__l0.5,1021,49,16,256,5,378
evaluation__469__denoise__boundary_probe__nes__l0.5,1021,49,11,159,10,247
evaluation__469__denoise__counterfactual__nes__l0.5,1021,48,4,322,4,461
evaluation__469__deblur__attack__nes__l1,1021,47,3,440,3,567
evaluation__469__deblur__restore__nes__l1,1021,48,6,456,6,615
evaluation__469__deblur__random_walk__random_walk__l1,1024,50,2,1023,2,1023
evaluation__469__deblur__confidence_boost__nes__l1,1021,48,9,398,9,533
evaluation__469__deblur__boundary_probe__nes__l1,1021,48,4,454,4,619
evaluation__469__deblur__counterfactual__nes__l1,1021,47,4,508,4,638
evaluation__2196__denoise__attack__nes__l0.5,1021,47,9,341,2,491
evaluation__2196__denoise__restore__nes__l0.5,1021,48,7,327,2,495
evaluation__2196__denoise__random_walk__random_walk__l0.5,1024,50,2,1023,2,1023
evaluation__2196__denoise__confidence_boost__nes__l0.5,1021,48,5,368,5,515
evaluation__2196__denoise__boundary_probe__nes__l0.5,1021,47,3,436,3,590
evaluation__2196__denoise__counterfactual__nes__l0.5,1021,49,18,369,9,508
evaluation__2196__deblur__attack__nes__l1,1021,47,12,460,6,604
evaluation__2196__deblur__restore__nes__l1,1021,48,8,305,8,411
evaluation__2196__deblur__random_walk__random_walk__l1,1024,49,2,1023,2,1023
evaluation__2196__deblur__confidence_boost__nes__l1,1021,48,3,361,3,501
evaluation__2196__deblur__boundary_probe__nes__l1,1021,49,4,291,4,425
evaluation__2196__deblur__counterfactual__nes__l1,1021,49,6,520,6,676
evaluation__5619__denoise__attack__nes__l0.5,1021,48,3,398,2,539
evaluation__5619__denoise__restore__nes__l0.5,1021,48,18,295,10,446
evaluation__5619__denoise__random_walk__random_walk__l0.5,1024,49,2,1023,2,1023
evaluation__5619__denoise__confidence_boost__nes__l0.5,1021,49,2,350,2,514
evaluation__5619__denoise__boundary_probe__nes__l0.5,1021,46,18,197,8,292
evaluation__5619__denoise__counterfactual__nes__l0.5,1021,48,11,183,3,281
evaluation__5619__deblur__attack__nes__l1,1021,46,18,161,12,248
evaluation__5619__deblur__restore__nes__l1,1021,48,6,265,4,370
evaluation__5619__deblur__random_walk__random_walk__l1,1024,50,2,1023,2,1023
evaluation__5619__deblur__confidence_boost__nes__l1,1021,48,18,130,18,189
evaluation__5619__deblur__boundary_probe__nes__l1,1021,48,18,220,18,312
evaluation__5619__deblur__counterfactual__nes__l1,1021,47,3,229,3,347
evaluation__9000__denoise__attack__nes__l0.5,1021,48,5,325,5,444
evaluation__9000__denoise__restore__nes__l0.5,1021,48,18,277,4,410
evaluation__9000__denoise__random_walk__random_walk__l0.5,1024,49,2,1023,2,1023
evaluation__9000__denoise__confidence_boost__nes__l0.5,1021,49,8,427,8,579
evaluation__9000__denoise__boundary_probe__nes__l0.5,1021,46,2,195,2,299
evaluation__9000__denoise__counterfactual__nes__l0.5,1021,48,18,228,16,329
evaluation__9000__deblur__attack__nes__l1,1021,49,17,283,9,399
evaluation__9000__deblur__restore__nes__l1,1021,48,9,226,2,324
evaluation__9000__deblur__random_walk__random_walk__l1,1024,49,2,1023,2,1023
evaluation__9000__deblur__confidence_boost__nes__l1,1021,49,7,226,7,338
evaluation__9000__deblur__boundary_probe__nes__l1,1021,47,18,188,18,265
evaluation__9000__deblur__counterfactual__nes__l1,1021,49,18,365,17,470
evaluation__2184__denoise__attack__nes__l0.5,1021,49,2,363,2,477
evaluation__2184__denoise__restore__nes__l0.5,1021,47,18,208,3,316
evaluation__2184__denoise__random_walk__random_walk__l0.5,1024,50,2,1023,2,1023
evaluation__2184__denoise__confidence_boost__nes__l0.5,1021,48,3,417,3,582
evaluation__2184__denoise__boundary_probe__nes__l0.5,1021,48,6,443,6,558
evaluation__2184__denoise__counterfactual__nes__l0.5,1021,48,18,259,18,373
evaluation__2184__deblur__attack__nes__l1,1021,48,18,184,4,254
evaluation__2184__deblur__restore__nes__l1,1021,49,18,416,18,555
evaluation__2184__deblur__random_walk__random_walk__l1,1024,49,2,1023,2,1023
evaluation__2184__deblur__confidence_boost__nes__l1,1021,47,18,216,18,327
evaluation__2184__deblur__boundary_probe__nes__l1,1021,47,7,245,7,365
evaluation__2184__deblur__counterfactual__nes__l1,1021,48,18,371,18,485
evaluation__6274__denoise__attack__nes__l0.5,1021,49,3,720,3,812
evaluation__6274__denoise__restore__nes__l0.5,1021,48,2,665,2,791
evaluation__6274__denoise__random_walk__random_walk__l0.5,1024,49,2,1023,2,1023
evaluation__6274__denoise__confidence_boost__nes__l0.5,1021,48,2,585,2,727
evaluation__6274__denoise__boundary_probe__nes__l0.5,1021,48,4,537,3,652
evaluation__6274__denoise__counterfactual__nes__l0.5,1021,48,8,599,2,778
evaluation__6274__deblur__attack__nes__l1,1021,48,9,348,9,482
evaluation__6274__deblur__restore__nes__l1,1021,46,5,217,5,343
evaluation__6274__deblur__random_walk__random_walk__l1,1024,49,2,1023,2,1023
evaluation__6274__deblur__confidence_boost__nes__l1,1021,49,6,393,6,527
evaluation__6274__deblur__boundary_probe__nes__l1,1021,49,2,304,2,431
evaluation__6274__deblur__counterfactual__nes__l1,1021,48,4,353,4,479
evaluation__8814__denoise__attack__nes__l0.5,1021,48,2,446,2,600
evaluation__8814__denoise__restore__nes__l0.5,1021,48,6,387,2,527
evaluation__8814__denoise__random_walk__random_walk__l0.5,1024,50,2,1023,2,1023
evaluation__8814__denoise__confidence_boost__nes__l0.5,1021,49,2,526,2,661
evaluation__8814__denoise__boundary_probe__nes__l0.5,1021,49,8,459,2,583
evaluation__8814__denoise__counterfactual__nes__l0.5,1021,48,3,537,3,690
evaluation__8814__deblur__attack__nes__l1,1021,50,6,551,6,680
evaluation__8814__deblur__restore__nes__l1,1021,50,7,494,7,632
evaluation__8814__deblur__random_walk__random_walk__l1,1024,49,2,1023,2,1023
evaluation__8814__deblur__confidence_boost__nes__l1,1021,48,4,462,3,626
evaluation__8814__deblur__boundary_probe__nes__l1,1021,49,4,558,3,713
evaluation__8814__deblur__counterfactual__nes__l1,1021,49,7,496,2,653
fit__4817__denoise__attack__nes__l0.5,1021,49,3,509,3,639
fit__4817__denoise__restore__nes__l0.5,1021,48,2,494,2,643
fit__4817__denoise__random_walk__random_walk__l0.5,1024,49,2,1023,2,1023
fit__4817__denoise__confidence_boost__nes__l0.5,1021,48,2,723,2,847
fit__4817__denoise__boundary_probe__nes__l0.5,1021,48,2,722,2,838
fit__4817__denoise__counterfactual__nes__l0.5,1021,48,3,608,2,741
fit__4817__deblur__attack__nes__l1,1021,48,18,219,18,333
fit__4817__deblur__restore__nes__l1,1021,48,10,195,10,315
fit__4817__deblur__random_walk__random_walk__l1,1024,49,2,1023,2,1023
fit__4817__deblur__confidence_boost__nes__l1,1021,47,18,150,18,228
fit__4817__deblur__boundary_probe__nes__l1,1021,50,18,264,18,389
fit__4817__deblur__counterfactual__nes__l1,1021,49,18,276,18,380
fit__8894__denoise__attack__nes__l0.5,1021,48,3,690,2,828
fit__8894__denoise__restore__nes__l0.5,1021,48,2,786,2,881
fit__8894__denoise__random_walk__random_walk__l0.5,1024,49,2,1023,2,1023
fit__8894__denoise__confidence_boost__nes__l0.5,1021,49,2,714,2,807
fit__8894__denoise__boundary_probe__nes__l0.5,1021,48,4,687,3,810
fit__8894__denoise__counterfactual__nes__l0.5,1021,48,2,629,2,776
fit__8894__deblur__attack__nes__l1,1021,47,5,179,5,260
fit__8894__deblur__restore__nes__l1,1021,48,2,290,2,391
fit__8894__deblur__random_walk__random_walk__l1,1024,49,2,1023,2,1023
fit__8894__deblur__confidence_boost__nes__l1,1021,48,3,336,2,467
fit__8894__deblur__boundary_probe__nes__l1,1021,48,12,394,12,497
fit__8894__deblur__counterfactual__nes__l1,1021,49,2,309,2,424
fit__3838__denoise__attack__nes__l0.5,1021,48,12,250,12,383
fit__3838__denoise__restore__nes__l0.5,1021,49,4,361,4,522
fit__3838__denoise__random_walk__random_walk__l0.5,1024,50,2,1023,2,1023
fit__3838__denoise__confidence_boost__nes__l0.5,1021,47,2,306,2,440
fit__3838__denoise__boundary_probe__nes__l0.5,1021,48,5,465,3,609
fit__3838__denoise__counterfactual__nes__l0.5,1021,48,5,422,5,558
fit__3838__deblur__attack__nes__l1,1021,48,3,490,3,628
fit__3838__deblur__restore__nes__l1,1021,49,7,534,4,684
fit__3838__deblur__random_walk__random_walk__l1,1024,50,2,1023,2,1023
fit__3838__deblur__confidence_boost__nes__l1,1021,47,6,574,3,740
fit__3838__deblur__boundary_probe__nes__l1,1021,48,7,505,2,661
fit__3838__deblur__counterfactual__nes__l1,1021,49,2,628,2,766
fit__933__denoise__attack__nes__l0.5,1021,48,3,686,3,813
fit__933__denoise__restore__nes__l0.5,1021,48,4,809,2,898
fit__933__denoise__random_walk__random_walk__l0.5,1024,50,2,1023,2,1023
fit__933__denoise__confidence_boost__nes__l0.5,1021,49,3,911,2,977
fit__933__denoise__boundary_probe__nes__l0.5,1021,48,4,878,3,957
fit__933__denoise__counterfactual__nes__l0.5,1021,49,6,741,4,861
fit__933__deblur__attack__nes__l1,1021,48,2,375,2,523
fit__933__deblur__restore__nes__l1,1021,49,5,346,5,470
fit__933__deblur__random_walk__random_walk__l1,1024,49,2,1023,2,1023
fit__933__deblur__confidence_boost__nes__l1,1021,47,4,345,4,478
fit__933__deblur__boundary_probe__nes__l1,1021,49,18,405,7,539
fit__933__deblur__counterfactual__nes__l1,1021,48,10,354,10,504
fit__7666__denoise__attack__nes__l0.5,1021,48,12,187,2,264
fit__7666__denoise__restore__nes__l0.5,1021,49,5,235,5,337
fit__7666__denoise__random_walk__random_walk__l0.5,1024,49,2,1023,2,1023
fit__7666__denoise__confidence_boost__nes__l0.5,1021,48,11,359,9,484
fit__7666__denoise__boundary_probe__nes__l0.5,1021,49,7,292,7,420
fit__7666__denoise__counterfactual__nes__l0.5,1021,50,3,303,3,417
fit__7666__deblur__attack__nes__l1,1021,48,8,439,8,581
fit__7666__deblur__restore__nes__l1,1021,49,10,578,8,720
fit__7666__deblur__random_walk__random_walk__l1,1024,49,2,1023,2,1023
fit__7666__deblur__confidence_boost__nes__l1,1021,49,5,320,3,482
fit__7666__deblur__boundary_probe__nes__l1,1021,49,11,421,3,576
fit__7666__deblur__counterfactual__nes__l1,1021,47,18,213,2,343
fit__1112__denoise__attack__nes__l0.5,1021,48,3,630,3,769
fit__1112__denoise__restore__nes__l0.5,1021,48,3,537,3,683
fit__1112__denoise__random_walk__random_walk__l0.5,1024,49,2,1023,2,1023
fit__1112__denoise__confidence_boost__nes__l0.5,1021,49,16,534,6,680
fit__1112__denoise__boundary_probe__nes__l0.5,1021,49,8,530,2,651
fit__1112__denoise__counterfactual__nes__l0.5,1021,49,10,427,4,564
fit__1112__deblur__attack__nes__l1,1021,48,7,414,6,548
fit__1112__deblur__restore__nes__l1,1021,48,3,633,3,785
fit__1112__deblur__random_walk__random_walk__l1,1024,49,2,1023,2,1023
fit__1112__deblur__confidence_boost__nes__l1,1021,48,2,457,2,627
fit__1112__deblur__boundary_probe__nes__l1,1021,49,2,537,2,676
fit__1112__deblur__counterfactual__nes__l1,1021,47,4,533,2,696
fit__5630__denoise__attack__nes__l0.5,1021,48,3,596,2,737
fit__5630__denoise__restore__nes__l0.5,1021,48,2,598,2,752
fit__5630__denoise__random_walk__random_walk__l0.5,1024,49,2,1023,2,1023
fit__5630__denoise__confidence_boost__nes__l0.5,1021,50,5,425,5,570
fit__5630__denoise__boundary_probe__nes__l0.5,1021,50,3,718,2,830
fit__5630__denoise__counterfactual__nes__l0.5,1021,48,2,681,2,811
fit__5630__deblur__attack__nes__l1,1021,47,13,234,13,327
fit__5630__deblur__restore__nes__l1,1021,48,10,332,10,462
fit__5630__deblur__random_walk__random_walk__l1,1024,49,2,1023,2,1023
fit__5630__deblur__confidence_boost__nes__l1,1021,47,18,140,18,184
fit__5630__deblur__boundary_probe__nes__l1,1021,48,2,200,2,283
fit__5630__deblur__counterfactual__nes__l1,1021,49,18,235,3,348
fit__3043__denoise__attack__nes__l0.5,1021,48,3,371,3,503
fit__3043__denoise__restore__nes__l0.5,1021,48,4,405,4,549
fit__3043__denoise__random_walk__random_walk__l0.5,1024,50,2,1023,2,1023
fit__3043__denoise__confidence_boost__nes__l0.5,1021,48,2,502,2,625
fit__3043__denoise__boundary_probe__nes__l0.5,1021,48,3,601,3,724
fit__3043__denoise__counterfactual__nes__l0.5,1021,49,8,511,8,650
fit__3043__deblur__attack__nes__l1,1021,49,5,925,4,978
fit__3043__deblur__restore__nes__l1,1021,48,5,952,5,993
fit__3043__deblur__random_walk__random_walk__l1,1024,49,2,1023,2,1023
fit__3043__deblur__confidence_boost__nes__l1,1021,48,3,931,3,970
fit__3043__deblur__boundary_probe__nes__l1,1021,49,2,925,2,985
fit__3043__deblur__counterfactual__nes__l1,1021,48,2,737,2,865
fit__141__denoise__attack__nes__l0.5,1021,49,2,677,2,805
fit__141__denoise__restore__nes__l0.5,1021,49,3,610,3,754
fit__141__denoise__random_walk__random_walk__l0.5,1024,49,2,1023,2,1023
fit__141__denoise__confidence_boost__nes__l0.5,1021,49,2,540,2,658
fit__141__denoise__boundary_probe__nes__l0.5,1021,48,6,722,6,828
fit__141__denoise__counterfactual__nes__l0.5,1021,48,2,453,2,600
fit__141__deblur__attack__nes__l1,1021,49,16,660,9,788
fit__141__deblur__restore__nes__l1,1021,48,9,415,9,570
fit__141__deblur__random_walk__random_walk__l1,1024,49,2,1023,2,1023
fit__141__deblur__confidence_boost__nes__l1,1021,48,2,361,2,504
fit__141__deblur__boundary_probe__nes__l1,1021,49,7,612,7,744
fit__141__deblur__counterfactual__nes__l1,1021,49,16,308,3,425
fit__7985__denoise__attack__nes__l0.5,1021,48,18,176,3,273
fit__7985__denoise__restore__nes__l0.5,1021,47,18,137,18,215
fit__7985__denoise__random_walk__random_walk__l0.5,1024,49,2,1023,2,1023
fit__7985__denoise__confidence_boost__nes__l0.5,1021,47,17,164,17,263
fit__7985__denoise__boundary_probe__nes__l0.5,1021,48,6,172,6,245
fit__7985__denoise__counterfactual__nes__l0.5,1021,49,10,211,10,322
fit__7985__deblur__attack__nes__l1,1021,49,3,409,2,574
fit__7985__deblur__restore__nes__l1,1021,48,7,403,7,543
fit__7985__deblur__random_walk__random_walk__l1,1024,49,2,1023,2,1023
fit__7985__deblur__confidence_boost__nes__l1,1021,49,8,603,8,746
fit__7985__deblur__boundary_probe__nes__l1,1021,48,5,533,2,677
fit__7985__deblur__counterfactual__nes__l1,1021,48,4,399,4,554
fit__5001__denoise__attack__nes__l0.5,1021,49,8,521,6,652
fit__5001__denoise__restore__nes__l0.5,1021,48,4,674,4,809
fit__5001__denoise__random_walk__random_walk__l0.5,1024,49,2,1023,2,1023
fit__5001__denoise__confidence_boost__nes__l0.5,1021,48,4,603,2,746
fit__5001__denoise__boundary_probe__nes__l0.5,1021,49,2,527,2,686
fit__5001__denoise__counterfactual__nes__l0.5,1021,49,5,662,2,777
fit__5001__deblur__attack__nes__l1,1021,48,6,651,2,774
fit__5001__deblur__restore__nes__l1,1021,48,5,497,4,641
fit__5001__deblur__random_walk__random_walk__l1,1024,50,2,1023,2,1023
fit__5001__deblur__confidence_boost__nes__l1,1021,48,2,436,2,581
fit__5001__deblur__boundary_probe__nes__l1,1021,47,8,377,5,514
fit__5001__deblur__counterfactual__nes__l1,1021,49,5,513,5,658
fit__9049__denoise__attack__nes__l0.5,1021,48,3,634,3,769
fit__9049__denoise__restore__nes__l0.5,1021,48,2,596,2,736
fit__9049__denoise__random_walk__random_walk__l0.5,1024,50,2,1023,2,1023
fit__9049__denoise__confidence_boost__nes__l0.5,1021,48,4,503,2,662
fit__9049__denoise__boundary_probe__nes__l0.5,1021,49,3,543,3,675
fit__9049__denoise__counterfactual__nes__l0.5,1021,49,6,663,6,817
fit__9049__deblur__attack__nes__l1,1021,47,6,518,6,662
fit__9049__deblur__restore__nes__l1,1021,48,15,282,5,409
fit__9049__deblur__random_walk__random_walk__l1,1024,50,2,1023,2,1023
fit__9049__deblur__confidence_boost__nes__l1,1021,49,2,296,2,414
fit__9049__deblur__boundary_probe__nes__l1,1021,49,15,447,15,595
fit__9049__deblur__counterfactual__nes__l1,1021,49,17,213,17,317
fit__5606__denoise__attack__nes__l0.5,1021,48,18,257,18,350
fit__5606__denoise__restore__nes__l0.5,1021,47,13,103,13,143
fit__5606__denoise__random_walk__random_walk__l0.5,1024,50,2,1023,2,1023
fit__5606__denoise__confidence_boost__nes__l0.5,1021,49,18,226,18,325
fit__5606__denoise__boundary_probe__nes__l0.5,1021,48,2,210,2,300
fit__5606__denoise__counterfactual__nes__l0.5,1021,47,12,141,12,202
fit__5606__deblur__attack__nes__l1,1021,48,2,333,2,467
fit__5606__deblur__restore__nes__l1,1021,48,2,480,2,612
fit__5606__deblur__random_walk__random_walk__l1,1024,50,2,1023,2,1023
fit__5606__deblur__confidence_boost__nes__l1,1021,48,2,465,2,613
fit__5606__deblur__boundary_probe__nes__l1,1021,48,4,450,4,597
fit__5606__deblur__counterfactual__nes__l1,1021,47,10,305,10,444
fit__1200__denoise__attack__nes__l0.5,1021,49,3,458,2,611
fit__1200__denoise__restore__nes__l0.5,1021,48,2,359,2,482
fit__1200__denoise__random_walk__random_walk__l0.5,1024,49,2,1023,2,1023
fit__1200__denoise__confidence_boost__nes__l0.5,1021,48,15,429,4,582
fit__1200__denoise__boundary_probe__nes__l0.5,1021,49,7,511,5,664
fit__1200__denoise__counterfactual__nes__l0.5,1021,48,4,384,4,525
fit__1200__deblur__attack__nes__l1,1021,47,8,392,3,527
fit__1200__deblur__restore__nes__l1,1021,49,8,558,8,692
fit__1200__deblur__random_walk__random_walk__l1,1024,49,2,1023,2,1023
fit__1200__deblur__confidence_boost__nes__l1,1021,47,7,323,3,438
fit__1200__deblur__boundary_probe__nes__l1,1021,49,17,470,3,625
fit__1200__deblur__counterfactual__nes__l1,1021,48,5,525,4,658
fit__5766__denoise__attack__nes__l0.5,1021,49,3,747,3,865
fit__5766__denoise__restore__nes__l0.5,1021,48,2,778,2,878
fit__5766__denoise__random_walk__random_walk__l0.5,1024,49,2,1023,2,1023
fit__5766__denoise__confidence_boost__nes__l0.5,1021,48,5,699,2,834
fit__5766__denoise__boundary_probe__nes__l0.5,1021,49,4,788,4,894
fit__5766__denoise__counterfactual__nes__l0.5,1021,50,7,724,7,838
fit__5766__deblur__attack__nes__l1,1021,47,13,212,8,325
fit__5766__deblur__restore__nes__l1,1021,47,9,158,9,242
fit__5766__deblur__random_walk__random_walk__l1,1024,49,2,1023,2,1023
fit__5766__deblur__confidence_boost__nes__l1,1021,49,18,392,18,515
fit__5766__deblur__boundary_probe__nes__l1,1021,47,18,141,16,232
fit__5766__deblur__counterfactual__nes__l1,1021,48,18,275,18,393
fit__4330__denoise__attack__nes__l0.5,1021,48,18,289,7,408
fit__4330__denoise__restore__nes__l0.5,1021,48,2,370,2,486
fit__4330__denoise__random_walk__random_walk__l0.5,1024,50,2,1023,2,1023
fit__4330__denoise__confidence_boost__nes__l0.5,1021,48,6,222,6,344
fit__4330__denoise__boundary_probe__nes__l0.5,1021,48,16,504,16,639
fit__4330__denoise__counterfactual__nes__l0.5,1021,48,18,410,3,548
fit__4330__deblur__attack__nes__l1,1021,49,9,594,9,725
fit__4330__deblur__restore__nes__l1,1021,49,2,565,2,714
fit__4330__deblur__random_walk__random_walk__l1,1024,50,2,1023,2,1023
fit__4330__deblur__confidence_boost__nes__l1,1021,48,2,465,2,618
fit__4330__deblur__boundary_probe__nes__l1,1021,48,2,569,2,699
fit__4330__deblur__counterfactual__nes__l1,1021,49,12,685,3,796
fit__8731__denoise__attack__nes__l0.5,1021,49,2,487,2,641
fit__8731__denoise__restore__nes__l0.5,1021,49,2,635,2,769
fit__8731__denoise__random_walk__random_walk__l0.5,1024,49,2,1023,2,1023
fit__8731__denoise__confidence_boost__nes__l0.5,1021,48,6,662,6,790
fit__8731__denoise__boundary_probe__nes__l0.5,1021,49,2,657,2,797
fit__8731__denoise__counterfactual__nes__l0.5,1021,49,4,742,3,857
fit__8731__deblur__attack__nes__l1,1021,48,8,298,8,429
fit__8731__deblur__restore__nes__l1,1021,47,6,206,6,312
fit__8731__deblur__random_walk__random_walk__l1,1024,49,2,1023,2,1023
fit__8731__deblur__confidence_boost__nes__l1,1021,48,12,217,2,324
fit__8731__deblur__boundary_probe__nes__l1,1021,48,11,260,5,372
fit__8731__deblur__counterfactual__nes__l1,1021,47,13,222,13,320
calibration__4037__denoise__attack__nes__l0.5,1021,48,18,333,18,475
calibration__4037__denoise__restore__nes__l0.5,1021,47,3,282,3,395
calibration__4037__denoise__random_walk__random_walk__l0.5,1024,49,2,1023,2,1023
calibration__4037__denoise__confidence_boost__nes__l0.5,1021,47,5,232,5,346
calibration__4037__denoise__boundary_probe__nes__l0.5,1021,47,18,298,12,424
calibration__4037__denoise__counterfactual__nes__l0.5,1021,47,9,226,7,327
calibration__4037__deblur__attack__nes__l1,1021,47,5,156,5,225
calibration__4037__deblur__restore__nes__l1,1021,47,18,130,18,197
calibration__4037__deblur__random_walk__random_walk__l1,1024,50,2,1023,2,1023
calibration__4037__deblur__confidence_boost__nes__l1,1021,48,18,110,17,140
calibration__4037__deblur__boundary_probe__nes__l1,1021,48,18,119,18,164
calibration__4037__deblur__counterfactual__nes__l1,1021,47,18,201,8,287
calibration__9921__denoise__attack__nes__l0.5,1021,48,3,960,2,1001
calibration__9921__denoise__restore__nes__l0.5,1021,48,2,954,2,996
calibration__9921__denoise__random_walk__random_walk__l0.5,1024,50,2,1023,2,1023
calibration__9921__denoise__confidence_boost__nes__l0.5,1021,49,2,835,2,933
calibration__9921__denoise__boundary_probe__nes__l0.5,1021,48,2,895,2,974
calibration__9921__denoise__counterfactual__nes__l0.5,1021,48,2,909,2,975
calibration__9921__deblur__attack__nes__l1,1021,49,3,773,3,873
calibration__9921__deblur__restore__nes__l1,1021,49,9,667,8,799
calibration__9921__deblur__random_walk__random_walk__l1,1024,49,2,1023,2,1023
calibration__9921__deblur__confidence_boost__nes__l1,1021,48,2,811,2,904
calibration__9921__deblur__boundary_probe__nes__l1,1021,48,5,810,5,896
calibration__9921__deblur__counterfactual__nes__l1,1021,48,6,634,2,798
calibration__7215__denoise__attack__nes__l0.5,1021,49,5,497,4,665
calibration__7215__denoise__restore__nes__l0.5,1021,49,2,611,2,738
calibration__7215__denoise__random_walk__random_walk__l0.5,1024,49,2,1023,2,1023
calibration__7215__denoise__confidence_boost__nes__l0.5,1021,48,3,503,3,683
calibration__7215__denoise__boundary_probe__nes__l0.5,1021,49,3,636,3,795
calibration__7215__denoise__counterfactual__nes__l0.5,1021,48,2,479,2,631
calibration__7215__deblur__attack__nes__l1,1021,48,4,327,3,473
calibration__7215__deblur__restore__nes__l1,1021,47,3,417,3,571
calibration__7215__deblur__random_walk__random_walk__l1,1024,49,2,1023,2,1023
calibration__7215__deblur__confidence_boost__nes__l1,1021,49,16,578,7,717
calibration__7215__deblur__boundary_probe__nes__l1,1021,47,12,546,6,696
calibration__7215__deblur__counterfactual__nes__l1,1021,49,11,416,11,577
calibration__3167__denoise__attack__nes__l0.5,1021,47,7,335,5,483
calibration__3167__denoise__restore__nes__l0.5,1021,48,15,214,10,323
calibration__3167__denoise__random_walk__random_walk__l0.5,1024,49,2,1023,2,1023
calibration__3167__denoise__confidence_boost__nes__l0.5,1021,49,18,193,14,255
calibration__3167__denoise__boundary_probe__nes__l0.5,1021,47,5,306,2,423
calibration__3167__denoise__counterfactual__nes__l0.5,1021,48,5,429,5,554
calibration__3167__deblur__attack__nes__l1,1021,49,4,425,4,566
calibration__3167__deblur__restore__nes__l1,1021,48,2,278,2,409
calibration__3167__deblur__random_walk__random_walk__l1,1024,50,2,1023,2,1023
calibration__3167__deblur__confidence_boost__nes__l1,1021,47,16,263,13,371
calibration__3167__deblur__boundary_probe__nes__l1,1021,49,10,134,4,204
calibration__3167__deblur__counterfactual__nes__l1,1021,48,10,307,4,437
calibration__7708__denoise__attack__nes__l0.5,1021,47,16,256,16,356
calibration__7708__denoise__restore__nes__l0.5,1021,48,5,325,5,457
calibration__7708__denoise__random_walk__random_walk__l0.5,1024,49,2,1023,2,1023
calibration__7708__denoise__confidence_boost__nes__l0.5,1021,48,9,269,3,384
calibration__7708__denoise__boundary_probe__nes__l0.5,1021,49,3,473,3,623
calibration__7708__denoise__counterfactual__nes__l0.5,1021,48,10,322,10,467
calibration__7708__deblur__attack__nes__l1,1021,48,2,302,2,423
calibration__7708__deblur__restore__nes__l1,1021,48,4,324,4,446
calibration__7708__deblur__random_walk__random_walk__l1,1024,49,2,1023,2,1023
calibration__7708__deblur__confidence_boost__nes__l1,1021,48,15,454,2,612
calibration__7708__deblur__boundary_probe__nes__l1,1021,49,3,429,3,591
calibration__7708__deblur__counterfactual__nes__l1,1021,48,6,401,6,549
calibration__2822__denoise__attack__nes__l0.5,1021,46,12,224,9,326
calibration__2822__denoise__restore__nes__l0.5,1021,49,2,266,2,391
calibration__2822__denoise__random_walk__random_walk__l0.5,1024,49,2,1023,2,1023
calibration__2822__denoise__confidence_boost__nes__l0.5,1021,48,18,165,5,244
calibration__2822__denoise__boundary_probe__nes__l0.5,1021,48,11,282,4,395
calibration__2822__denoise__counterfactual__nes__l0.5,1021,48,18,352,6,460
calibration__2822__deblur__attack__nes__l1,1021,48,18,247,18,363
calibration__2822__deblur__restore__nes__l1,1021,47,15,459,8,609
calibration__2822__deblur__random_walk__random_walk__l1,1024,49,2,1023,2,1023
calibration__2822__deblur__confidence_boost__nes__l1,1021,48,5,379,5,503
calibration__2822__deblur__boundary_probe__nes__l1,1021,49,4,366,4,529
calibration__2822__deblur__counterfactual__nes__l1,1021,48,13,253,5,365
calibration__9255__denoise__attack__nes__l0.5,1021,48,3,230,3,338
calibration__9255__denoise__restore__nes__l0.5,1021,49,3,447,3,593
calibration__9255__denoise__random_walk__random_walk__l0.5,1024,49,2,1023,2,1023
calibration__9255__denoise__confidence_boost__nes__l0.5,1021,49,4,531,3,670
calibration__9255__denoise__boundary_probe__nes__l0.5,1021,48,4,555,4,695
calibration__9255__denoise__counterfactual__nes__l0.5,1021,49,8,418,6,547
calibration__9255__deblur__attack__nes__l1,1021,49,2,457,2,606
calibration__9255__deblur__restore__nes__l1,1021,49,2,485,2,648
calibration__9255__deblur__random_walk__random_walk__l1,1024,50,2,1023,2,1023
calibration__9255__deblur__confidence_boost__nes__l1,1021,49,3,658,3,799
calibration__9255__deblur__boundary_probe__nes__l1,1021,48,3,462,2,599
calibration__9255__deblur__counterfactual__nes__l1,1021,48,4,597,4,749
calibration__6617__denoise__attack__nes__l0.5,1021,48,5,287,5,404
calibration__6617__denoise__restore__nes__l0.5,1021,49,7,236,5,368
calibration__6617__denoise__random_walk__random_walk__l0.5,1024,49,2,1023,2,1023
calibration__6617__denoise__confidence_boost__nes__l0.5,1021,48,2,318,2,432
calibration__6617__denoise__boundary_probe__nes__l0.5,1021,47,18,282,18,419
calibration__6617__denoise__counterfactual__nes__l0.5,1021,47,10,269,10,395
calibration__6617__deblur__attack__nes__l1,1021,49,16,395,9,534
calibration__6617__deblur__restore__nes__l1,1021,47,6,313,6,440
calibration__6617__deblur__random_walk__random_walk__l1,1024,50,2,1023,2,1023
calibration__6617__deblur__confidence_boost__nes__l1,1021,49,18,422,3,560
calibration__6617__deblur__boundary_probe__nes__l1,1021,48,15,515,15,660
calibration__6617__deblur__counterfactual__nes__l1,1021,48,2,444,2,597
calibration__212__denoise__attack__nes__l0.5,1021,47,18,153,18,212
calibration__212__denoise__restore__nes__l0.5,1021,48,18,160,3,236
calibration__212__denoise__random_walk__random_walk__l0.5,1024,50,2,1023,2,1023
calibration__212__denoise__confidence_boost__nes__l0.5,1021,49,18,222,9,310
calibration__212__denoise__boundary_probe__nes__l0.5,1021,49,18,274,18,373
calibration__212__denoise__counterfactual__nes__l0.5,1021,49,18,244,18,325
calibration__212__deblur__attack__nes__l1,1021,46,18,244,18,359
calibration__212__deblur__restore__nes__l1,1021,49,18,185,18,265
calibration__212__deblur__random_walk__random_walk__l1,1024,49,2,1023,2,1023
calibration__212__deblur__confidence_boost__nes__l1,1021,47,14,301,14,408
calibration__212__deblur__boundary_probe__nes__l1,1021,47,18,257,18,366
calibration__212__deblur__counterfactual__nes__l1,1021,48,18,116,18,164
calibration__7346__denoise__attack__nes__l0.5,1021,49,5,576,5,727
calibration__7346__denoise__restore__nes__l0.5,1021,48,4,457,4,600
calibration__7346__denoise__random_walk__random_walk__l0.5,1024,49,2,1023,2,1023
calibration__7346__denoise__confidence_boost__nes__l0.5,1021,48,5,694,4,816
calibration__7346__denoise__boundary_probe__nes__l0.5,1021,49,3,694,3,815
calibration__7346__denoise__counterfactual__nes__l0.5,1021,47,2,496,2,630
calibration__7346__deblur__attack__nes__l1,1021,50,7,635,4,773
calibration__7346__deblur__restore__nes__l1,1021,48,3,367,2,510
calibration__7346__deblur__random_walk__random_walk__l1,1024,49,2,1023,2,1023
calibration__7346__deblur__confidence_boost__nes__l1,1021,49,2,516,2,698
calibration__7346__deblur__boundary_probe__nes__l1,1021,49,6,554,6,704
calibration__7346__deblur__counterfactual__nes__l1,1021,49,3,779,3,879
calibration__4575__denoise__attack__nes__l0.5,1021,47,9,442,6,583
calibration__4575__denoise__restore__nes__l0.5,1021,47,4,577,2,741
calibration__4575__denoise__random_walk__random_walk__l0.5,1024,49,2,1023,2,1023
calibration__4575__denoise__confidence_boost__nes__l0.5,1021,48,6,585,3,732
calibration__4575__denoise__boundary_probe__nes__l0.5,1021,50,2,778,2,883
calibration__4575__denoise__counterfactual__nes__l0.5,1021,49,4,681,4,804
calibration__4575__deblur__attack__nes__l1,1021,48,18,168,18,255
calibration__4575__deblur__restore__nes__l1,1021,47,18,167,15,260
calibration__4575__deblur__random_walk__random_walk__l1,1024,49,2,1023,2,1023
calibration__4575__deblur__confidence_boost__nes__l1,1021,47,18,137,18,203
calibration__4575__deblur__boundary_probe__nes__l1,1021,46,18,148,3,211
calibration__4575__deblur__counterfactual__nes__l1,1021,49,18,194,18,285
calibration__7589__denoise__attack__nes__l0.5,1021,47,11,299,3,420
calibration__7589__denoise__restore__nes__l0.5,1021,47,3,137,3,190
calibration__7589__denoise__random_walk__random_walk__l0.5,1024,49,2,1023,2,1023
calibration__7589__denoise__confidence_boost__nes__l0.5,1021,48,3,271,3,403
calibration__7589__denoise__boundary_probe__nes__l0.5,1021,47,5,170,2,266
calibration__7589__denoise__counterfactual__nes__l0.5,1021,48,4,267,4,377
calibration__7589__deblur__attack__nes__l1,1021,48,4,477,4,638
calibration__7589__deblur__restore__nes__l1,1021,49,18,583,18,720
calibration__7589__deblur__random_walk__random_walk__l1,1024,50,2,1023,2,1023
calibration__7589__deblur__confidence_boost__nes__l1,1021,48,2,284,2,416
calibration__7589__deblur__boundary_probe__nes__l1,1021,48,14,584,3,717
calibration__7589__deblur__counterfactual__nes__l1,1021,48,4,447,4,565
calibration__4092__denoise__attack__nes__l0.5,1021,47,3,537,3,676
calibration__4092__denoise__restore__nes__l0.5,1021,47,3,607,3,747
calibration__4092__denoise__random_walk__random_walk__l0.5,1024,49,2,1023,2,1023
calibration__4092__denoise__confidence_boost__nes__l0.5,1021,48,5,493,5,621
calibration__4092__denoise__boundary_probe__nes__l0.5,1021,48,3,788,3,879
calibration__4092__denoise__counterfactual__nes__l0.5,1021,48,2,469,2,610
calibration__4092__deblur__attack__nes__l1,1021,49,2,566,2,700
calibration__4092__deblur__restore__nes__l1,1021,48,3,506,3,626
calibration__4092__deblur__random_walk__random_walk__l1,1024,50,2,1023,2,1023
calibration__4092__deblur__confidence_boost__nes__l1,1021,49,6,564,3,715
calibration__4092__deblur__boundary_probe__nes__l1,1021,49,3,677,3,812
calibration__4092__deblur__counterfactual__nes__l1,1021,49,3,546,3,671
calibration__1271__denoise__attack__nes__l0.5,1021,48,6,637,6,763
calibration__1271__denoise__restore__nes__l0.5,1021,48,3,793,3,888
calibration__1271__denoise__random_walk__random_walk__l0.5,1024,49,2,1023,2,1023
calibration__1271__denoise__confidence_boost__nes__l0.5,1021,48,6,722,3,849
calibration__1271__denoise__boundary_probe__nes__l0.5,1021,47,2,597,2,751
calibration__1271__denoise__counterfactual__nes__l0.5,1021,48,3,569,2,714
calibration__1271__deblur__attack__nes__l1,1021,49,2,603,2,738
calibration__1271__deblur__restore__nes__l1,1021,49,11,537,9,686
calibration__1271__deblur__random_walk__random_walk__l1,1024,49,2,1023,2,1023
calibration__1271__deblur__confidence_boost__nes__l1,1021,49,5,481,5,636
calibration__1271__deblur__boundary_probe__nes__l1,1021,49,14,374,2,489
calibration__1271__deblur__counterfactual__nes__l1,1021,48,2,581,2,726
calibration__7396__denoise__attack__nes__l0.5,1021,48,2,576,2,721
calibration__7396__denoise__restore__nes__l0.5,1021,49,6,458,6,614
calibration__7396__denoise__random_walk__random_walk__l0.5,1024,49,2,1023,2,1023
calibration__7396__denoise__confidence_boost__nes__l0.5,1021,48,6,317,6,455
calibration__7396__denoise__boundary_probe__nes__l0.5,1021,47,8,449,7,595
calibration__7396__denoise__counterfactual__nes__l0.5,1021,48,3,562,3,712
calibration__7396__deblur__attack__nes__l1,1021,48,6,245,6,356
calibration__7396__deblur__restore__nes__l1,1021,48,12,546,12,655
calibration__7396__deblur__random_walk__random_walk__l1,1024,49,2,1023,2,1023
calibration__7396__deblur__confidence_boost__nes__l1,1021,49,2,366,2,497
calibration__7396__deblur__boundary_probe__nes__l1,1021,48,6,311,6,435
calibration__7396__deblur__counterfactual__nes__l1,1021,48,2,457,2,584
calibration__5054__denoise__attack__nes__l0.5,1021,49,18,282,17,407
calibration__5054__denoise__restore__nes__l0.5,1021,48,18,260,3,387
calibration__5054__denoise__random_walk__random_walk__l0.5,1024,49,2,1023,2,1023
calibration__5054__denoise__confidence_boost__nes__l0.5,1021,48,18,201,18,310
calibration__5054__denoise__boundary_probe__nes__l0.5,1021,48,11,309,11,428
calibration__5054__denoise__counterfactual__nes__l0.5,1021,49,18,459,15,579
calibration__5054__deblur__attack__nes__l1,1021,48,3,696,3,830
calibration__5054__deblur__restore__nes__l1,1021,47,3,557,3,705
calibration__5054__deblur__random_walk__random_walk__l1,1024,49,2,1023,2,1023
calibration__5054__deblur__confidence_boost__nes__l1,1021,50,8,488,2,637
calibration__5054__deblur__boundary_probe__nes__l1,1021,49,4,634,4,760
calibration__5054__deblur__counterfactual__nes__l1,1021,49,4,638,4,772
calibration__9689__denoise__attack__nes__l0.5,1021,48,2,884,2,948
calibration__9689__denoise__restore__nes__l0.5,1021,49,3,756,3,845
calibration__9689__denoise__random_walk__random_walk__l0.5,1024,50,2,1023,2,1023
calibration__9689__denoise__confidence_boost__nes__l0.5,1021,49,2,712,2,842
calibration__9689__denoise__boundary_probe__nes__l0.5,1021,49,2,801,2,923
calibration__9689__denoise__counterfactual__nes__l0.5,1021,48,2,593,2,734
calibration__9689__deblur__attack__nes__l1,1021,49,4,619,4,762
calibration__9689__deblur__restore__nes__l1,1021,50,4,744,4,853
calibration__9689__deblur__random_walk__random_walk__l1,1024,49,2,1023,2,1023
calibration__9689__deblur__confidence_boost__nes__l1,1021,48,5,649,2,798
calibration__9689__deblur__boundary_probe__nes__l1,1021,47,4,575,4,716
calibration__9689__deblur__counterfactual__nes__l1,1021,49,3,666,3,809
evaluation__3117__denoise__attack__nes__l0.5,1021,50,2,879,2,954
evaluation__3117__denoise__restore__nes__l0.5,1021,49,3,821,3,909
evaluation__3117__denoise__random_walk__random_walk__l0.5,1024,50,2,1023,2,1023
evaluation__3117__denoise__confidence_boost__nes__l0.5,1021,50,3,782,3,898
evaluation__3117__denoise__boundary_probe__nes__l0.5,1021,48,5,880,5,958
evaluation__3117__denoise__counterfactual__nes__l0.5,1021,48,2,809,2,911
evaluation__3117__deblur__attack__nes__l1,1021,48,6,489,6,665
evaluation__3117__deblur__restore__nes__l1,1021,48,2,319,2,445
evaluation__3117__deblur__random_walk__random_walk__l1,1024,50,2,1023,2,1023
evaluation__3117__deblur__confidence_boost__nes__l1,1021,48,3,417,3,591
evaluation__3117__deblur__boundary_probe__nes__l1,1021,48,2,575,2,749
evaluation__3117__deblur__counterfactual__nes__l1,1021,48,7,353,7,546
evaluation__8829__denoise__attack__nes__l0.5,1021,49,14,177,14,263
evaluation__8829__denoise__restore__nes__l0.5,1021,49,4,316,4,437
evaluation__8829__denoise__random_walk__random_walk__l0.5,1024,49,2,1023,2,1023
evaluation__8829__denoise__confidence_boost__nes__l0.5,1021,48,2,270,2,407
evaluation__8829__denoise__boundary_probe__nes__l0.5,1021,48,18,349,8,501
evaluation__8829__denoise__counterfactual__nes__l0.5,1021,48,7,244,7,384
evaluation__8829__deblur__attack__nes__l1,1021,48,4,379,4,500
evaluation__8829__deblur__restore__nes__l1,1021,48,5,319,5,448
evaluation__8829__deblur__random_walk__random_walk__l1,1024,49,2,1023,2,1023
evaluation__8829__deblur__confidence_boost__nes__l1,1021,48,7,346,7,480
evaluation__8829__deblur__boundary_probe__nes__l1,1021,48,3,257,3,370
evaluation__8829__deblur__counterfactual__nes__l1,1021,48,9,318,9,417
evaluation__9852__denoise__attack__nes__l0.5,1021,47,6,258,6,369
evaluation__9852__denoise__restore__nes__l0.5,1021,48,3,203,3,305
evaluation__9852__denoise__random_walk__random_walk__l0.5,1024,50,2,1023,2,1023
evaluation__9852__denoise__confidence_boost__nes__l0.5,1021,48,12,246,12,366
evaluation__9852__denoise__boundary_probe__nes__l0.5,1021,47,4,243,4,339
evaluation__9852__denoise__counterfactual__nes__l0.5,1021,48,6,278,6,375
evaluation__9852__deblur__attack__nes__l1,1021,48,3,394,3,507
evaluation__9852__deblur__restore__nes__l1,1021,48,6,447,6,566
evaluation__9852__deblur__random_walk__random_walk__l1,1024,50,2,1023,2,1023
evaluation__9852__deblur__confidence_boost__nes__l1,1021,49,10,605,10,728
evaluation__9852__deblur__boundary_probe__nes__l1,1021,47,9,217,7,311
evaluation__9852__deblur__counterfactual__nes__l1,1021,48,2,251,2,371
evaluation__1631__denoise__attack__nes__l0.5,1021,48,4,499,4,643
evaluation__1631__denoise__restore__nes__l0.5,1021,48,2,528,2,681
evaluation__1631__denoise__random_walk__random_walk__l0.5,1024,49,2,1023,2,1023
evaluation__1631__denoise__confidence_boost__nes__l0.5,1021,47,3,496,3,633
evaluation__1631__denoise__boundary_probe__nes__l0.5,1021,48,9,589,4,743
evaluation__1631__denoise__counterfactual__nes__l0.5,1021,49,6,544,6,695
evaluation__1631__deblur__attack__nes__l1,1021,47,18,176,18,293
evaluation__1631__deblur__restore__nes__l1,1021,48,18,200,5,312
evaluation__1631__deblur__random_walk__random_walk__l1,1024,50,2,1023,2,1023
evaluation__1631__deblur__confidence_boost__nes__l1,1021,48,18,361,18,492
evaluation__1631__deblur__boundary_probe__nes__l1,1021,47,18,293,12,417
evaluation__1631__deblur__counterfactual__nes__l1,1021,47,18,246,7,373
evaluation__4201__denoise__attack__nes__l0.5,1021,48,9,232,3,364
evaluation__4201__denoise__restore__nes__l0.5,1021,48,5,391,5,515
evaluation__4201__denoise__random_walk__random_walk__l0.5,1024,49,2,1023,2,1023
evaluation__4201__denoise__confidence_boost__nes__l0.5,1021,50,6,350,4,477
evaluation__4201__denoise__boundary_probe__nes__l0.5,1021,48,16,516,8,650
evaluation__4201__denoise__counterfactual__nes__l0.5,1021,48,2,289,2,395
evaluation__4201__deblur__attack__nes__l1,1021,49,2,775,2,882
evaluation__4201__deblur__restore__nes__l1,1021,48,3,636,3,771
evaluation__4201__deblur__random_walk__random_walk__l1,1024,50,2,1023,2,1023
evaluation__4201__deblur__confidence_boost__nes__l1,1021,49,4,809,4,909
evaluation__4201__deblur__boundary_probe__nes__l1,1021,48,2,717,2,829
evaluation__4201__deblur__counterfactual__nes__l1,1021,49,2,602,2,738
evaluation__7276__denoise__attack__nes__l0.5,1021,47,2,282,2,396
evaluation__7276__denoise__restore__nes__l0.5,1021,48,4,242,4,355
evaluation__7276__denoise__random_walk__random_walk__l0.5,1024,49,2,1023,2,1023
evaluation__7276__denoise__confidence_boost__nes__l0.5,1021,48,3,446,3,610
evaluation__7276__denoise__boundary_probe__nes__l0.5,1021,48,3,416,3,564
evaluation__7276__denoise__counterfactual__nes__l0.5,1021,47,2,310,2,472
evaluation__7276__deblur__attack__nes__l1,1021,48,2,485,2,642
evaluation__7276__deblur__restore__nes__l1,1021,50,2,642,2,799
evaluation__7276__deblur__random_walk__random_walk__l1,1024,49,2,1023,2,1023
evaluation__7276__deblur__confidence_boost__nes__l1,1021,48,3,550,3,709
evaluation__7276__deblur__boundary_probe__nes__l1,1021,47,13,699,8,836
evaluation__7276__deblur__counterfactual__nes__l1,1021,49,3,525,3,681
evaluation__674__denoise__attack__nes__l0.5,1021,49,2,808,2,905
evaluation__674__denoise__restore__nes__l0.5,1021,49,2,733,2,862
evaluation__674__denoise__random_walk__random_walk__l0.5,1024,49,2,1023,2,1023
evaluation__674__denoise__confidence_boost__nes__l0.5,1021,49,2,785,2,896
evaluation__674__denoise__boundary_probe__nes__l0.5,1021,50,6,851,4,934
evaluation__674__denoise__counterfactual__nes__l0.5,1021,47,10,695,2,840
evaluation__674__deblur__attack__nes__l1,1021,48,14,278,14,431
evaluation__674__deblur__restore__nes__l1,1021,48,18,326,18,460
evaluation__674__deblur__random_walk__random_walk__l1,1024,49,2,1023,2,1023
evaluation__674__deblur__confidence_boost__nes__l1,1021,48,18,490,18,642
evaluation__674__deblur__boundary_probe__nes__l1,1021,49,7,489,7,652
evaluation__674__deblur__counterfactual__nes__l1,1021,48,18,469,18,606
evaluation__2695__denoise__attack__nes__l0.5,1021,48,4,347,4,488
evaluation__2695__denoise__restore__nes__l0.5,1021,49,18,388,10,526
evaluation__2695__denoise__random_walk__random_walk__l0.5,1024,49,2,1023,2,1023
evaluation__2695__denoise__confidence_boost__nes__l0.5,1021,49,18,487,4,641
evaluation__2695__denoise__boundary_probe__nes__l0.5,1021,47,2,435,2,602
evaluation__2695__denoise__counterfactual__nes__l0.5,1021,48,18,352,18,486
evaluation__2695__deblur__attack__nes__l1,1021,49,10,762,3,879
evaluation__2695__deblur__restore__nes__l1,1021,48,2,667,2,804
evaluation__2695__deblur__random_walk__random_walk__l1,1024,49,2,1023,2,1023
evaluation__2695__deblur__confidence_boost__nes__l1,1021,49,5,799,3,881
evaluation__2695__deblur__boundary_probe__nes__l1,1021,48,3,588,3,731
evaluation__2695__deblur__counterfactual__nes__l1,1021,49,2,805,2,907
evaluation__6457__denoise__attack__nes__l0.5,1021,49,8,599,2,753
evaluation__6457__denoise__restore__nes__l0.5,1021,49,2,565,2,716
evaluation__6457__denoise__random_walk__random_walk__l0.5,1024,49,2,1023,2,1023
evaluation__6457__denoise__confidence_boost__nes__l0.5,1021,49,6,598,6,734
evaluation__6457__denoise__boundary_probe__nes__l0.5,1021,49,5,752,2,860
evaluation__6457__denoise__counterfactual__nes__l0.5,1021,49,2,697,2,819
evaluation__6457__deblur__attack__nes__l1,1021,47,18,120,13,182
evaluation__6457__deblur__restore__nes__l1,1021,48,18,267,18,371
evaluation__6457__deblur__random_walk__random_walk__l1,1024,49,2,1023,2,1023
evaluation__6457__deblur__confidence_boost__nes__l1,1021,47,18,203,18,296
evaluation__6457__deblur__boundary_probe__nes__l1,1021,47,15,177,15,263
evaluation__6457__deblur__counterfactual__nes__l1,1021,49,16,316,16,448
evaluation__9475__denoise__attack__nes__l0.5,1021,49,3,644,3,784
evaluation__9475__denoise__restore__nes__l0.5,1021,48,8,359,8,521
evaluation__9475__denoise__random_walk__random_walk__l0.5,1024,49,2,1023,2,1023
evaluation__9475__denoise__confidence_boost__nes__l0.5,1021,47,9,474,4,615
evaluation__9475__denoise__boundary_probe__nes__l0.5,1021,48,9,600,9,732
evaluation__9475__denoise__counterfactual__nes__l0.5,1021,49,8,415,4,555
evaluation__9475__deblur__attack__nes__l1,1021,49,11,405,10,549
evaluation__9475__deblur__restore__nes__l1,1021,47,18,335,15,468
evaluation__9475__deblur__random_walk__random_walk__l1,1024,49,2,1023,2,1023
evaluation__9475__deblur__confidence_boost__nes__l1,1021,48,18,266,18,399
evaluation__9475__deblur__boundary_probe__nes__l1,1021,48,18,249,18,350
evaluation__9475__deblur__counterfactual__nes__l1,1021,49,10,343,10,457
evaluation__3073__denoise__attack__nes__l0.5,1021,48,18,192,18,286
evaluation__3073__denoise__restore__nes__l0.5,1021,48,18,309,18,403
evaluation__3073__denoise__random_walk__random_walk__l0.5,1024,49,2,1023,2,1023
evaluation__3073__denoise__confidence_boost__nes__l0.5,1021,48,18,167,18,254
evaluation__3073__denoise__boundary_probe__nes__l0.5,1021,48,18,111,18,162
evaluation__3073__denoise__counterfactual__nes__l0.5,1021,49,18,415,18,528
evaluation__3073__deblur__attack__nes__l1,1021,48,18,284,14,399
evaluation__3073__deblur__restore__nes__l1,1021,47,11,286,11,424
evaluation__3073__deblur__random_walk__random_walk__l1,1024,49,2,1023,2,1023
evaluation__3073__deblur__confidence_boost__nes__l1,1021,49,14,199,14,300
evaluation__3073__deblur__boundary_probe__nes__l1,1021,49,18,278,18,405
evaluation__3073__deblur__counterfactual__nes__l1,1021,47,7,245,4,358
evaluation__6293__denoise__attack__nes__l0.5,1021,47,9,165,9,254
evaluation__6293__denoise__restore__nes__l0.5,1021,48,18,110,18,156
evaluation__6293__denoise__random_walk__random_walk__l0.5,1024,50,2,1023,2,1023
evaluation__6293__denoise__confidence_boost__nes__l0.5,1021,48,18,151,18,227
evaluation__6293__denoise__boundary_probe__nes__l0.5,1021,49,18,177,18,272
evaluation__6293__denoise__counterfactual__nes__l0.5,1021,48,18,141,6,214
evaluation__6293__deblur__attack__nes__l1,1021,47,10,336,10,468
evaluation__6293__deblur__restore__nes__l1,1021,47,5,221,5,318
evaluation__6293__deblur__random_walk__random_walk__l1,1024,49,2,1023,2,1023
evaluation__6293__deblur__confidence_boost__nes__l1,1021,49,6,160,5,233
evaluation__6293__deblur__boundary_probe__nes__l1,1021,49,12,357,12,485
evaluation__6293__deblur__counterfactual__nes__l1,1021,47,3,227,3,342
evaluation__8310__denoise__attack__nes__l0.5,1021,49,6,270,2,388
evaluation__8310__denoise__restore__nes__l0.5,1021,48,11,519,11,658
evaluation__8310__denoise__random_walk__random_walk__l0.5,1024,49,2,1023,2,1023
evaluation__8310__denoise__confidence_boost__nes__l0.5,1021,48,7,403,2,556
evaluation__8310__denoise__boundary_probe__nes__l0.5,1021,49,2,557,2,699
evaluation__8310__denoise__counterfactual__nes__l0.5,1021,48,4,556,3,710
evaluation__8310__deblur__attack__nes__l1,1021,47,5,338,5,462
evaluation__8310__deblur__restore__nes__l1,1021,48,18,507,18,631
evaluation__8310__deblur__random_walk__random_walk__l1,1024,49,2,1023,2,1023
evaluation__8310__deblur__confidence_boost__nes__l1,1021,48,8,261,8,364
evaluation__8310__deblur__boundary_probe__nes__l1,1021,49,16,299,14,404
evaluation__8310__deblur__counterfactual__nes__l1,1021,47,6,264,3,407
evaluation__2631__denoise__attack__nes__l0.5,1021,48,6,438,2,572
evaluation__2631__denoise__restore__nes__l0.5,1021,48,3,337,3,479
evaluation__2631__denoise__random_walk__random_walk__l0.5,1024,49,2,1023,2,1023
evaluation__2631__denoise__confidence_boost__nes__l0.5,1021,47,5,516,5,675
evaluation__2631__denoise__boundary_probe__nes__l0.5,1021,47,9,261,6,376
evaluation__2631__denoise__counterfactual__nes__l0.5,1021,49,3,294,3,410
evaluation__2631__deblur__attack__nes__l1,1021,48,18,161,18,251
evaluation__2631__deblur__restore__nes__l1,1021,47,12,176,10,267
evaluation__2631__deblur__random_walk__random_walk__l1,1024,49,2,1023,2,1023
evaluation__2631__deblur__confidence_boost__nes__l1,1021,48,18,126,18,191
evaluation__2631__deblur__boundary_probe__nes__l1,1021,49,12,170,12,241
evaluation__2631__deblur__counterfactual__nes__l1,1021,47,13,127,13,187
evaluation__4159__denoise__attack__nes__l0.5,1021,48,18,179,18,260
evaluation__4159__denoise__restore__nes__l0.5,1021,50,18,152,18,224
evaluation__4159__denoise__random_walk__random_walk__l0.5,1024,49,2,1023,2,1023
evaluation__4159__denoise__confidence_boost__nes__l0.5,1021,48,18,222,18,305
evaluation__4159__denoise__boundary_probe__nes__l0.5,1021,48,2,205,2,301
evaluation__4159__denoise__counterfactual__nes__l0.5,1021,48,18,133,18,182
evaluation__4159__deblur__attack__nes__l1,1021,48,18,338,12,459
evaluation__4159__deblur__restore__nes__l1,1021,47,15,164,15,226
evaluation__4159__deblur__random_walk__random_walk__l1,1024,48,2,1023,2,1023
evaluation__4159__deblur__confidence_boost__nes__l1,1021,48,18,163,9,240
evaluation__4159__deblur__boundary_probe__nes__l1,1021,47,18,250,18,362
evaluation__4159__deblur__counterfactual__nes__l1,1021,48,7,312,7,436
evaluation__7785__denoise__attack__nes__l0.5,1021,47,18,171,18,257
evaluation__7785__denoise__restore__nes__l0.5,1021,48,17,155,2,241
evaluation__7785__denoise__random_walk__random_walk__l0.5,1024,49,2,1023,2,1023
evaluation__7785__denoise__confidence_boost__nes__l0.5,1021,47,18,254,9,384
evaluation__7785__denoise__boundary_probe__nes__l0.5,1021,48,18,240,18,353
evaluation__7785__denoise__counterfactual__nes__l0.5,1021,49,14,246,14,344
evaluation__7785__deblur__attack__nes__l1,1021,48,18,221,18,315
evaluation__7785__deblur__restore__nes__l1,1021,48,18,156,18,228
evaluation__7785__deblur__random_walk__random_walk__l1,1024,49,2,1023,2,1023
evaluation__7785__deblur__confidence_boost__nes__l1,1021,48,18,81,18,104
evaluation__7785__deblur__boundary_probe__nes__l1,1021,49,18,157,18,211
evaluation__7785__deblur__counterfactual__nes__l1,1021,48,18,161,14,222
evaluation__649__denoise__attack__nes__l0.5,1021,49,2,858,2,949
evaluation__649__denoise__restore__nes__l0.5,1021,49,2,648,2,788
evaluation__649__denoise__random_walk__random_walk__l0.5,1024,50,2,1023,2,1023
evaluation__649__denoise__confidence_boost__nes__l0.5,1021,49,8,820,3,907
evaluation__649__denoise__boundary_probe__nes__l0.5,1021,49,2,916,2,960
evaluation__649__denoise__counterfactual__nes__l0.5,1021,49,5,847,5,934
evaluation__649__deblur__attack__nes__l1,1021,49,2,691,2,808
evaluation__649__deblur__restore__nes__l1,1021,49,6,617,3,751
evaluation__649__deblur__random_walk__random_walk__l1,1024,50,2,1023,2,1023
evaluation__649__deblur__confidence_boost__nes__l1,1021,50,3,862,2,938
evaluation__649__deblur__boundary_probe__nes__l1,1021,48,5,531,5,698
evaluation__649__deblur__counterfactual__nes__l1,1021,48,2,777,2,899
evaluation__5570__denoise__attack__nes__l0.5,1021,47,3,641,2,794
evaluation__5570__denoise__restore__nes__l0.5,1021,48,4,628,4,779
evaluation__5570__denoise__random_walk__random_walk__l0.5,1024,50,2,1023,2,1023
evaluation__5570__denoise__confidence_boost__nes__l0.5,1021,48,7,656,7,778
evaluation__5570__denoise__boundary_probe__nes__l0.5,1021,49,3,513,2,662
evaluation__5570__denoise__counterfactual__nes__l0.5,1021,48,2,726,2,859
evaluation__5570__deblur__attack__nes__l1,1021,48,3,740,3,864
evaluation__5570__deblur__restore__nes__l1,1021,48,2,657,2,790
evaluation__5570__deblur__random_walk__random_walk__l1,1024,49,2,1023,2,1023
evaluation__5570__deblur__confidence_boost__nes__l1,1021,48,2,584,2,731
evaluation__5570__deblur__boundary_probe__nes__l1,1021,49,2,543,2,690
evaluation__5570__deblur__counterfactual__nes__l1,1021,48,2,570,2,723
evaluation__7720__denoise__attack__nes__l0.5,1021,48,2,443,2,582
evaluation__7720__denoise__restore__nes__l0.5,1021,48,5,428,5,575
evaluation__7720__denoise__random_walk__random_walk__l0.5,1024,50,2,1023,2,1023
evaluation__7720__denoise__confidence_boost__nes__l0.5,1021,49,8,431,2,595
evaluation__7720__denoise__boundary_probe__nes__l0.5,1021,48,11,596,8,721
evaluation__7720__denoise__counterfactual__nes__l0.5,1021,47,4,423,4,558
evaluation__7720__deblur__attack__nes__l1,1021,48,2,354,2,471
evaluation__7720__deblur__restore__nes__l1,1021,49,5,338,4,472
evaluation__7720__deblur__random_walk__random_walk__l1,1024,49,2,1023,2,1023
evaluation__7720__deblur__confidence_boost__nes__l1,1021,48,4,592,4,717
evaluation__7720__deblur__boundary_probe__nes__l1,1021,49,5,371,2,514
evaluation__7720__deblur__counterfactual__nes__l1,1021,48,2,482,2,628
evaluation__9741__denoise__attack__nes__l0.5,1021,49,18,340,15,481
evaluation__9741__denoise__restore__nes__l0.5,1021,48,11,249,11,345
evaluation__9741__denoise__random_walk__random_walk__l0.5,1024,49,2,1023,2,1023
evaluation__9741__denoise__confidence_boost__nes__l0.5,1021,47,18,209,18,313
evaluation__9741__denoise__boundary_probe__nes__l0.5,1021,48,8,212,7,314
evaluation__9741__denoise__counterfactual__nes__l0.5,1021,48,17,190,17,279
evaluation__9741__deblur__attack__nes__l1,1021,48,2,500,2,647
evaluation__9741__deblur__restore__nes__l1,1021,49,3,577,3,722
evaluation__9741__deblur__random_walk__random_walk__l1,1024,49,2,1023,2,1023
evaluation__9741__deblur__confidence_boost__nes__l1,1021,47,2,503,2,657
evaluation__9741__deblur__boundary_probe__nes__l1,1021,49,7,534,7,659
evaluation__9741__deblur__counterfactual__nes__l1,1021,49,2,507,2,660
evaluation__1737__denoise__attack__nes__l0.5,1021,48,9,501,2,646
evaluation__1737__denoise__restore__nes__l0.5,1021,48,2,409,2,547
evaluation__1737__denoise__random_walk__random_walk__l0.5,1024,49,2,1023,2,1023
evaluation__1737__denoise__confidence_boost__nes__l0.5,1021,47,12,297,5,432
evaluation__1737__denoise__boundary_probe__nes__l0.5,1021,48,7,406,7,551
evaluation__1737__denoise__counterfactual__nes__l0.5,1021,49,4,436,4,588
evaluation__1737__deblur__attack__nes__l1,1021,48,4,474,4,619
evaluation__1737__deblur__restore__nes__l1,1021,49,6,500,6,646
evaluation__1737__deblur__random_walk__random_walk__l1,1024,50,2,1023,2,1023
evaluation__1737__deblur__confidence_boost__nes__l1,1021,48,9,549,3,702
evaluation__1737__deblur__boundary_probe__nes__l1,1021,48,2,614,2,759
evaluation__1737__deblur__counterfactual__nes__l1,1021,49,2,641,2,779
evaluation__5865__denoise__attack__nes__l0.5,1021,49,3,555,3,700
evaluation__5865__denoise__restore__nes__l0.5,1021,50,11,509,8,648
evaluation__5865__denoise__random_walk__random_walk__l0.5,1024,49,2,1023,2,1023
evaluation__5865__denoise__confidence_boost__nes__l0.5,1021,49,3,540,2,689
evaluation__5865__denoise__boundary_probe__nes__l0.5,1021,49,2,631,2,762
evaluation__5865__denoise__counterfactual__nes__l0.5,1021,48,6,450,6,591
evaluation__5865__deblur__attack__nes__l1,1021,49,5,947,2,987
evaluation__5865__deblur__restore__nes__l1,1021,50,2,886,2,960
evaluation__5865__deblur__random_walk__random_walk__l1,1024,50,2,1023,2,1023
evaluation__5865__deblur__confidence_boost__nes__l1,1021,49,2,926,2,971
evaluation__5865__deblur__boundary_probe__nes__l1,1021,50,3,840,3,915
evaluation__5865__deblur__counterfactual__nes__l1,1021,49,5,846,3,928
evaluation__8247__denoise__attack__nes__l0.5,1021,48,4,656,4,793
evaluation__8247__denoise__restore__nes__l0.5,1021,48,11,452,11,610
evaluation__8247__denoise__random_walk__random_walk__l0.5,1024,49,2,1023,2,1023
evaluation__8247__denoise__confidence_boost__nes__l0.5,1021,48,15,414,15,555
evaluation__8247__denoise__boundary_probe__nes__l0.5,1021,47,13,399,2,555
evaluation__8247__denoise__counterfactual__nes__l0.5,1021,48,2,447,2,587
evaluation__8247__deblur__attack__nes__l1,1021,49,7,496,7,661
evaluation__8247__deblur__restore__nes__l1,1021,48,9,413,9,564
evaluation__8247__deblur__random_walk__random_walk__l1,1024,50,2,1023,2,1023
evaluation__8247__deblur__confidence_boost__nes__l1,1021,48,8,489,8,631
evaluation__8247__deblur__boundary_probe__nes__l1,1021,48,14,246,4,364
evaluation__8247__deblur__counterfactual__nes__l1,1021,48,12,398,4,554
evaluation__1878__denoise__attack__nes__l0.5,1021,48,2,826,2,909
evaluation__1878__denoise__restore__nes__l0.5,1021,49,3,819,3,925
evaluation__1878__denoise__random_walk__random_walk__l0.5,1024,49,2,1023,2,1023
evaluation__1878__denoise__confidence_boost__nes__l0.5,1021,49,4,647,4,787
evaluation__1878__denoise__boundary_probe__nes__l0.5,1021,48,2,779,2,887
evaluation__1878__denoise__counterfactual__nes__l0.5,1021,48,4,713,4,833
evaluation__1878__deblur__attack__nes__l1,1021,49,5,625,5,758
evaluation__1878__deblur__restore__nes__l1,1021,49,9,402,9,564
evaluation__1878__deblur__random_walk__random_walk__l1,1024,49,2,1023,2,1023
evaluation__1878__deblur__confidence_boost__nes__l1,1021,48,4,434,4,562
evaluation__1878__deblur__boundary_probe__nes__l1,1021,49,11,612,8,742
evaluation__1878__deblur__counterfactual__nes__l1,1021,48,4,530,3,676
evaluation__4058__denoise__attack__nes__l0.5,1021,46,6,281,6,428
evaluation__4058__denoise__restore__nes__l0.5,1021,47,18,303,18,432
evaluation__4058__denoise__random_walk__random_walk__l0.5,1024,49,2,1023,2,1023
evaluation__4058__denoise__confidence_boost__nes__l0.5,1021,47,18,402,10,538
evaluation__4058__denoise__boundary_probe__nes__l0.5,1021,47,3,378,2,514
evaluation__4058__denoise__counterfactual__nes__l0.5,1021,48,12,300,11,426
evaluation__4058__deblur__attack__nes__l1,1021,48,4,209,4,303
evaluation__4058__deblur__restore__nes__l1,1021,48,15,252,4,347
evaluation__4058__deblur__random_walk__random_walk__l1,1024,50,2,1023,2,1023
evaluation__4058__deblur__confidence_boost__nes__l1,1021,48,12,225,12,334
evaluation__4058__deblur__boundary_probe__nes__l1,1021,48,12,450,12,604
evaluation__4058__deblur__counterfactual__nes__l1,1021,48,18,231,18,331
evaluation__6600__denoise__attack__nes__l0.5,1021,47,4,846,4,929
evaluation__6600__denoise__restore__nes__l0.5,1021,48,5,634,5,782
evaluation__6600__denoise__random_walk__random_walk__l0.5,1024,50,2,1023,2,1023
evaluation__6600__denoise__confidence_boost__nes__l0.5,1021,48,4,569,2,699
evaluation__6600__denoise__boundary_probe__nes__l0.5,1021,49,4,759,2,865
evaluation__6600__denoise__counterfactual__nes__l0.5,1021,49,3,714,3,840
evaluation__6600__deblur__attack__nes__l1,1021,49,2,634,2,783
evaluation__6600__deblur__restore__nes__l1,1021,48,2,661,2,800
evaluation__6600__deblur__random_walk__random_walk__l1,1024,50,2,1023,2,1023
evaluation__6600__deblur__confidence_boost__nes__l1,1021,48,4,448,4,605
evaluation__6600__deblur__boundary_probe__nes__l1,1021,49,5,552,5,720
evaluation__6600__deblur__counterfactual__nes__l1,1021,48,2,519,2,667
evaluation__613__denoise__attack__nes__l0.5,1021,47,4,385,4,502
evaluation__613__denoise__restore__nes__l0.5,1021,48,11,256,11,386
evaluation__613__denoise__random_walk__random_walk__l0.5,1024,49,2,1023,2,1023
evaluation__613__denoise__confidence_boost__nes__l0.5,1021,48,7,315,7,428
evaluation__613__denoise__boundary_probe__nes__l0.5,1021,47,2,332,2,497
evaluation__613__denoise__counterfactual__nes__l0.5,1021,47,2,161,2,259
evaluation__613__deblur__attack__nes__l1,1021,48,4,301,4,433
evaluation__613__deblur__restore__nes__l1,1021,47,18,296,2,439
evaluation__613__deblur__random_walk__random_walk__l1,1024,50,2,1023,2,1023
evaluation__613__deblur__confidence_boost__nes__l1,1021,48,7,413,7,574
evaluation__613__deblur__boundary_probe__nes__l1,1021,50,17,251,3,348
evaluation__613__deblur__counterfactual__nes__l1,1021,48,4,414,4,565
evaluation__2458__denoise__attack__nes__l0.5,1021,47,6,338,5,490
evaluation__2458__denoise__restore__nes__l0.5,1021,48,10,227,10,335
evaluation__2458__denoise__random_walk__random_walk__l0.5,1024,50,2,1023,2,1023
evaluation__2458__denoise__confidence_boost__nes__l0.5,1021,48,3,442,3,584
evaluation__2458__denoise__boundary_probe__nes__l0.5,1021,48,7,546,3,678
evaluation__2458__denoise__counterfactual__nes__l0.5,1021,50,2,472,2,612
evaluation__2458__deblur__attack__nes__l1,1021,49,18,275,18,407
evaluation__2458__deblur__restore__nes__l1,1021,48,18,231,18,333
evaluation__2458__deblur__random_walk__random_walk__l1,1024,49,2,1023,2,1023
evaluation__2458__deblur__confidence_boost__nes__l1,1021,49,18,255,18,351
evaluation__2458__deblur__boundary_probe__nes__l1,1021,47,6,232,6,322
evaluation__2458__deblur__counterfactual__nes__l1,1021,47,10,197,10,290
evaluation__7515__denoise__attack__nes__l0.5,1021,48,18,427,7,546
evaluation__7515__denoise__restore__nes__l0.5,1021,47,14,199,14,307
evaluation__7515__denoise__random_walk__random_walk__l0.5,1024,50,2,1023,2,1023
evaluation__7515__denoise__confidence_boost__nes__l0.5,1021,49,18,280,18,395
evaluation__7515__denoise__boundary_probe__nes__l0.5,1021,48,18,240,18,366
evaluation__7515__denoise__counterfactual__nes__l0.5,1021,48,18,184,18,278
evaluation__7515__deblur__attack__nes__l1,1021,49,3,436,3,575
evaluation__7515__deblur__restore__nes__l1,1021,48,5,223,5,351
evaluation__7515__deblur__random_walk__random_walk__l1,1024,49,2,1023,2,1023
evaluation__7515__deblur__confidence_boost__nes__l1,1021,48,3,502,3,617
evaluation__7515__deblur__boundary_probe__nes__l1,1021,49,2,448,2,581
evaluation__7515__deblur__counterfactual__nes__l1,1021,48,13,477,4,625
evaluation__9405__denoise__attack__nes__l0.5,1021,48,12,441,6,605
evaluation__9405__denoise__restore__nes__l0.5,1021,47,14,431,14,588
evaluation__9405__denoise__random_walk__random_walk__l0.5,1024,50,2,1023,2,1023
evaluation__9405__denoise__confidence_boost__nes__l0.5,1021,49,3,590,3,737
evaluation__9405__denoise__boundary_probe__nes__l0.5,1021,48,15,265,4,381
evaluation__9405__denoise__counterfactual__nes__l0.5,1021,48,16,411,16,554
evaluation__9405__deblur__attack__nes__l1,1021,48,3,491,3,629
evaluation__9405__deblur__restore__nes__l1,1021,47,4,338,2,495
evaluation__9405__deblur__random_walk__random_walk__l1,1024,50,2,1023,2,1023
evaluation__9405__deblur__confidence_boost__nes__l1,1021,47,3,357,3,503
evaluation__9405__deblur__boundary_probe__nes__l1,1021,49,3,516,3,658
evaluation__9405__deblur__counterfactual__nes__l1,1021,48,2,450,2,593
evaluation__2756__denoise__attack__nes__l0.5,1021,48,11,315,11,438
evaluation__2756__denoise__restore__nes__l0.5,1021,48,18,254,18,368
evaluation__2756__denoise__random_walk__random_walk__l0.5,1024,49,2,1023,2,1023
evaluation__2756__denoise__confidence_boost__nes__l0.5,1021,49,7,337,2,481
evaluation__2756__denoise__boundary_probe__nes__l0.5,1021,47,8,216,4,334
evaluation__2756__denoise__counterfactual__nes__l0.5,1021,47,9,181,9,266
evaluation__2756__deblur__attack__nes__l1,1021,48,12,293,12,413
evaluation__2756__deblur__restore__nes__l1,1021,48,12,307,12,449
evaluation__2756__deblur__random_walk__random_walk__l1,1024,49,2,1023,2,1023
evaluation__2756__deblur__confidence_boost__nes__l1,1021,48,18,202,17,297
evaluation__2756__deblur__boundary_probe__nes__l1,1021,49,18,428,18,574
evaluation__2756__deblur__counterfactual__nes__l1,1021,48,3,224,3,339
evaluation__6313__denoise__attack__nes__l0.5,1021,48,6,476,5,634
evaluation__6313__denoise__restore__nes__l0.5,1021,47,18,401,12,556
evaluation__6313__denoise__random_walk__random_walk__l0.5,1024,49,2,1023,2,1023
evaluation__6313__denoise__confidence_boost__nes__l0.5,1021,49,4,568,4,703
evaluation__6313__denoise__boundary_probe__nes__l0.5,1021,48,9,256,9,401
evaluation__6313__denoise__counterfactual__nes__l0.5,1021,48,8,434,8,566
evaluation__6313__deblur__attack__nes__l1,1021,49,3,332,3,473
evaluation__6313__deblur__restore__nes__l1,1021,48,13,324,7,469
evaluation__6313__deblur__random_walk__random_walk__l1,1024,49,2,1023,2,1023
evaluation__6313__deblur__confidence_boost__nes__l1,1021,48,6,292,6,445
evaluation__6313__deblur__boundary_probe__nes__l1,1021,47,7,279,4,396
evaluation__6313__deblur__counterfactual__nes__l1,1021,47,3,233,3,340
evaluation__8927__denoise__attack__nes__l0.5,1021,48,6,611,6,752
evaluation__8927__denoise__restore__nes__l0.5,1021,46,5,380,5,530
evaluation__8927__denoise__random_walk__random_walk__l0.5,1024,49,2,1023,2,1023
evaluation__8927__denoise__confidence_boost__nes__l0.5,1021,48,5,675,4,791
evaluation__8927__denoise__boundary_probe__nes__l0.5,1021,48,4,613,4,749
evaluation__8927__denoise__counterfactual__nes__l0.5,1021,48,3,547,3,692
evaluation__8927__deblur__attack__nes__l1,1021,48,7,330,7,464
evaluation__8927__deblur__restore__nes__l1,1021,48,11,353,8,501
evaluation__8927__deblur__random_walk__random_walk__l1,1024,50,2,1023,2,1023
evaluation__8927__deblur__confidence_boost__nes__l1,1021,48,18,450,10,577
evaluation__8927__deblur__boundary_probe__nes__l1,1021,48,10,466,10,620
evaluation__8927__deblur__counterfactual__nes__l1,1021,48,2,329,2,477
fit__4824__denoise__attack__nes__l0.5,1021,49,5,432,2,598
fit__4824__denoise__restore__nes__l0.5,1021,49,2,674,2,782
fit__4824__denoise__random_walk__random_walk__l0.5,1024,49,2,1023,2,1023
fit__4824__denoise__confidence_boost__nes__l0.5,1021,47,2,525,2,679
fit__4824__denoise__boundary_probe__nes__l0.5,1021,47,2,593,2,742
fit__4824__denoise__counterfactual__nes__l0.5,1021,48,3,442,3,591
fit__4824__deblur__attack__nes__l1,1021,49,3,468,3,598
fit__4824__deblur__restore__nes__l1,1021,48,5,464,5,612
fit__4824__deblur__random_walk__random_walk__l1,1024,50,2,1023,2,1023
fit__4824__deblur__confidence_boost__nes__l1,1021,49,5,338,5,499
fit__4824__deblur__boundary_probe__nes__l1,1021,49,2,513,2,663
fit__4824__deblur__counterfactual__nes__l1,1021,50,2,331,2,461
fit__9602__denoise__attack__nes__l0.5,1021,47,18,196,18,293
fit__9602__denoise__restore__nes__l0.5,1021,47,18,96,18,152
fit__9602__denoise__random_walk__random_walk__l0.5,1024,49,2,1023,2,1023
fit__9602__denoise__confidence_boost__nes__l0.5,1021,47,18,260,18,406
fit__9602__denoise__boundary_probe__nes__l0.5,1021,48,5,155,5,222
fit__9602__denoise__counterfactual__nes__l0.5,1021,48,18,176,18,266
fit__9602__deblur__attack__nes__l1,1021,48,3,304,3,420
fit__9602__deblur__restore__nes__l1,1021,48,3,403,3,532
fit__9602__deblur__random_walk__random_walk__l1,1024,50,2,1023,2,1023
fit__9602__deblur__confidence_boost__nes__l1,1021,48,4,190,4,290
fit__9602__deblur__boundary_probe__nes__l1,1021,49,4,370,4,487
fit__9602__deblur__counterfactual__nes__l1,1021,48,3,324,3,466
fit__4602__denoise__attack__nes__l0.5,1021,48,12,218,12,324
fit__4602__denoise__restore__nes__l0.5,1021,48,6,303,6,414
fit__4602__denoise__random_walk__random_walk__l0.5,1024,49,2,1023,2,1023
fit__4602__denoise__confidence_boost__nes__l0.5,1021,47,8,172,2,282
fit__4602__denoise__boundary_probe__nes__l0.5,1021,48,9,259,3,376
fit__4602__denoise__counterfactual__nes__l0.5,1021,49,5,247,5,344
fit__4602__deblur__attack__nes__l1,1021,48,18,291,11,424
fit__4602__deblur__restore__nes__l1,1021,48,3,373,3,522
fit__4602__deblur__random_walk__random_walk__l1,1024,49,2,1023,2,1023
fit__4602__deblur__confidence_boost__nes__l1,1021,48,16,261,12,373
fit__4602__deblur__boundary_probe__nes__l1,1021,48,16,297,16,427
fit__4602__deblur__counterfactual__nes__l1,1021,47,11,366,11,510
fit__2083__denoise__attack__nes__l0.5,1021,47,8,177,8,266
fit__2083__denoise__restore__nes__l0.5,1021,47,12,177,3,276
fit__2083__denoise__random_walk__random_walk__l0.5,1024,50,2,1023,2,1023
fit__2083__denoise__confidence_boost__nes__l0.5,1021,47,18,140,18,218
fit__2083__denoise__boundary_probe__nes__l0.5,1021,49,5,201,3,306
fit__2083__denoise__counterfactual__nes__l0.5,1021,48,11,186,11,265
fit__2083__deblur__attack__nes__l1,1021,47,11,253,11,376
fit__2083__deblur__restore__nes__l1,1021,49,16,301,5,423
fit__2083__deblur__random_walk__random_walk__l1,1024,49,2,1023,2,1023
fit__2083__deblur__confidence_boost__nes__l1,1021,47,18,173,11,263
fit__2083__deblur__boundary_probe__nes__l1,1021,49,6,227,6,342
fit__2083__deblur__counterfactual__nes__l1,1021,49,18,169,18,254
fit__7902__denoise__attack__nes__l0.5,1021,48,18,462,18,627
fit__7902__denoise__restore__nes__l0.5,1021,48,4,433,2,579
fit__7902__denoise__random_walk__random_walk__l0.5,1024,49,2,1023,2,1023
fit__7902__denoise__confidence_boost__nes__l0.5,1021,48,4,414,4,535
fit__7902__denoise__boundary_probe__nes__l0.5,1021,48,3,366,3,505
fit__7902__denoise__counterfactual__nes__l0.5,1021,48,4,468,4,598
fit__7902__deblur__attack__nes__l1,1021,49,3,154,3,265
fit__7902__deblur__restore__nes__l1,1021,48,10,348,10,484
fit__7902__deblur__random_walk__random_walk__l1,1024,49,2,1023,2,1023
fit__7902__deblur__confidence_boost__nes__l1,1021,47,9,211,9,318
fit__7902__deblur__boundary_probe__nes__l1,1021,48,18,402,18,574
fit__7902__deblur__counterfactual__nes__l1,1021,48,2,482,2,624
fit__1894__denoise__attack__nes__l0.5,1021,49,2,441,2,586
fit__1894__denoise__restore__nes__l0.5,1021,49,9,744,9,852
fit__1894__denoise__random_walk__random_walk__l0.5,1024,50,2,1023,2,1023
fit__1894__denoise__confidence_boost__nes__l0.5,1021,49,3,384,2,509
fit__1894__denoise__boundary_probe__nes__l0.5,1021,50,3,421,3,581
fit__1894__denoise__counterfactual__nes__l0.5,1021,49,4,399,4,543
fit__1894__deblur__attack__nes__l1,1021,47,18,165,18,251
fit__1894__deblur__restore__nes__l1,1021,48,4,204,4,299
fit__1894__deblur__random_walk__random_walk__l1,1024,49,2,1023,2,1023
fit__1894__deblur__confidence_boost__nes__l1,1021,48,4,400,4,539
fit__1894__deblur__boundary_probe__nes__l1,1021,48,9,320,9,439
fit__1894__deblur__counterfactual__nes__l1,1021,48,18,432,8,541
fit__7045__denoise__attack__nes__l0.5,1021,48,18,120,18,196
fit__7045__denoise__restore__nes__l0.5,1021,48,13,172,13,235
fit__7045__denoise__random_walk__random_walk__l0.5,1024,49,2,1023,2,1023
fit__7045__denoise__confidence_boost__nes__l0.5,1021,47,4,227,4,320
fit__7045__denoise__boundary_probe__nes__l0.5,1021,48,18,195,18,277
fit__7045__denoise__counterfactual__nes__l0.5,1021,48,10,476,10,599
fit__7045__deblur__attack__nes__l1,1021,48,18,394,4,523
fit__7045__deblur__restore__nes__l1,1021,48,6,503,6,632
fit__7045__deblur__random_walk__random_walk__l1,1024,50,2,1023,2,1023
fit__7045__deblur__confidence_boost__nes__l1,1021,48,10,431,10,570
fit__7045__deblur__boundary_probe__nes__l1,1021,48,10,360,10,489
fit__7045__deblur__counterfactual__nes__l1,1021,48,8,377,4,519
fit__3056__denoise__attack__nes__l0.5,1021,48,12,340,11,448
fit__3056__denoise__restore__nes__l0.5,1021,49,10,271,10,374
fit__3056__denoise__random_walk__random_walk__l0.5,1024,49,2,1023,2,1023
fit__3056__denoise__confidence_boost__nes__l0.5,1021,48,6,362,2,480
fit__3056__denoise__boundary_probe__nes__l0.5,1021,48,3,437,3,570
fit__3056__denoise__counterfactual__nes__l0.5,1021,50,6,317,3,441
fit__3056__deblur__attack__nes__l1,1021,47,17,247,11,366
fit__3056__deblur__restore__nes__l1,1021,49,17,297,17,406
fit__3056__deblur__random_walk__random_walk__l1,1024,50,2,1023,2,1023
fit__3056__deblur__confidence_boost__nes__l1,1021,48,5,339,5,446
fit__3056__deblur__boundary_probe__nes__l1,1021,47,14,341,14,477
fit__3056__deblur__counterfactual__nes__l1,1021,47,18,153,3,202
fit__3291__denoise__attack__nes__l0.5,1021,49,6,553,6,710
fit__3291__denoise__restore__nes__l0.5,1021,48,2,419,2,585
fit__3291__denoise__random_walk__random_walk__l0.5,1024,50,2,1023,2,1023
fit__3291__denoise__confidence_boost__nes__l0.5,1021,49,3,548,3,686
fit__3291__denoise__boundary_probe__nes__l0.5,1021,48,5,593,4,737
fit__3291__denoise__counterfactual__nes__l0.5,1021,47,2,469,2,608
fit__3291__deblur__attack__nes__l1,1021,48,5,320,5,455
fit__3291__deblur__restore__nes__l1,1021,48,18,419,7,578
fit__3291__deblur__random_walk__random_walk__l1,1024,50,2,1023,2,1023
fit__3291__deblur__confidence_boost__nes__l1,1021,48,7,512,4,661
fit__3291__deblur__boundary_probe__nes__l1,1021,47,18,309,16,475
fit__3291__deblur__counterfactual__nes__l1,1021,47,9,319,9,451
fit__8045__denoise__attack__nes__l0.5,1021,48,3,797,2,883
fit__8045__denoise__restore__nes__l0.5,1021,48,2,711,2,831
fit__8045__denoise__random_walk__random_walk__l0.5,1024,50,2,1023,2,1023
fit__8045__denoise__confidence_boost__nes__l0.5,1021,49,2,700,2,817
fit__8045__denoise__boundary_probe__nes__l0.5,1021,48,3,654,3,781
fit__8045__denoise__counterfactual__nes__l0.5,1021,50,2,821,2,892
fit__8045__deblur__attack__nes__l1,1021,48,18,305,18,425
fit__8045__deblur__restore__nes__l1,1021,48,12,349,12,466
fit__8045__deblur__random_walk__random_walk__l1,1024,50,2,1023,2,1023
fit__8045__deblur__confidence_boost__nes__l1,1021,48,5,333,5,469
fit__8045__deblur__boundary_probe__nes__l1,1021,48,8,179,8,284
fit__8045__deblur__counterfactual__nes__l1,1021,48,18,292,18,405
fit__5106__denoise__attack__nes__l0.5,1021,48,2,677,2,818
fit__5106__denoise__restore__nes__l0.5,1021,48,2,591,2,724
fit__5106__denoise__random_walk__random_walk__l0.5,1024,49,2,1023,2,1023
fit__5106__denoise__confidence_boost__nes__l0.5,1021,49,2,445,2,570
fit__5106__denoise__boundary_probe__nes__l0.5,1021,49,13,559,6,700
fit__5106__denoise__counterfactual__nes__l0.5,1021,48,2,574,2,746
fit__5106__deblur__attack__nes__l1,1021,50,2,688,2,808
fit__5106__deblur__restore__nes__l1,1021,49,4,634,2,771
fit__5106__deblur__random_walk__random_walk__l1,1024,50,2,1023,2,1023
fit__5106__deblur__confidence_boost__nes__l1,1021,48,6,696,2,820
fit__5106__deblur__boundary_probe__nes__l1,1021,49,6,548,6,709
fit__5106__deblur__counterfactual__nes__l1,1021,49,4,579,3,729
fit__9489__denoise__attack__nes__l0.5,1021,48,8,582,3,757
fit__9489__denoise__restore__nes__l0.5,1021,48,4,732,4,848
fit__9489__denoise__random_walk__random_walk__l0.5,1024,49,2,1023,2,1023
fit__9489__denoise__confidence_boost__nes__l0.5,1021,49,4,552,4,688
fit__9489__denoise__boundary_probe__nes__l0.5,1021,48,3,492,2,626
fit__9489__denoise__counterfactual__nes__l0.5,1021,49,2,556,2,708
fit__9489__deblur__attack__nes__l1,1021,48,18,331,4,459
fit__9489__deblur__restore__nes__l1,1021,48,13,319,13,451
fit__9489__deblur__random_walk__random_walk__l1,1024,49,2,1023,2,1023
fit__9489__deblur__confidence_boost__nes__l1,1021,48,18,263,3,386
fit__9489__deblur__boundary_probe__nes__l1,1021,48,6,301,6,422
fit__9489__deblur__counterfactual__nes__l1,1021,48,18,187,18,257
fit__6356__denoise__attack__nes__l0.5,1021,49,2,830,2,911
fit__6356__denoise__restore__nes__l0.5,1021,49,6,662,6,808
fit__6356__denoise__random_walk__random_walk__l0.5,1024,49,2,1023,2,1023
fit__6356__denoise__confidence_boost__nes__l0.5,1021,49,2,743,2,875
fit__6356__denoise__boundary_probe__nes__l0.5,1021,49,2,746,2,882
fit__6356__denoise__counterfactual__nes__l0.5,1021,48,2,769,2,898
fit__6356__deblur__attack__nes__l1,1021,48,13,249,13,349
fit__6356__deblur__restore__nes__l1,1021,48,10,168,7,253
fit__6356__deblur__random_walk__random_walk__l1,1024,49,2,1023,2,1023
fit__6356__deblur__confidence_boost__nes__l1,1021,48,7,293,7,418
fit__6356__deblur__boundary_probe__nes__l1,1021,48,18,216,10,319
fit__6356__deblur__counterfactual__nes__l1,1021,47,18,202,18,300
fit__3366__denoise__attack__nes__l0.5,1021,47,18,141,18,219
fit__3366__denoise__restore__nes__l0.5,1021,47,18,186,18,268
fit__3366__denoise__random_walk__random_walk__l0.5,1024,49,2,1023,2,1023
fit__3366__denoise__confidence_boost__nes__l0.5,1021,48,18,114,18,181
fit__3366__denoise__boundary_probe__nes__l0.5,1021,48,18,209,18,319
fit__3366__denoise__counterfactual__nes__l0.5,1021,48,18,334,18,453
fit__3366__deblur__attack__nes__l1,1021,48,3,494,3,619
fit__3366__deblur__restore__nes__l1,1021,47,4,482,4,630
fit__3366__deblur__random_walk__random_walk__l1,1024,49,2,1023,2,1023
fit__3366__deblur__confidence_boost__nes__l1,1021,48,2,348,2,484
fit__3366__deblur__boundary_probe__nes__l1,1021,49,3,632,2,755
fit__3366__deblur__counterfactual__nes__l1,1021,49,2,410,2,544
fit__6280__denoise__attack__nes__l0.5,1021,48,2,392,2,503
fit__6280__denoise__restore__nes__l0.5,1021,49,3,324,3,465
fit__6280__denoise__random_walk__random_walk__l0.5,1024,49,2,1023,2,1023
fit__6280__denoise__confidence_boost__nes__l0.5,1021,49,3,303,2,440
fit__6280__denoise__boundary_probe__nes__l0.5,1021,49,16,389,10,515
fit__6280__denoise__counterfactual__nes__l0.5,1021,49,7,278,7,383
fit__6280__deblur__attack__nes__l1,1021,48,2,321,2,435
fit__6280__deblur__restore__nes__l1,1021,49,18,212,18,318
fit__6280__deblur__random_walk__random_walk__l1,1024,49,2,1023,2,1023
fit__6280__deblur__confidence_boost__nes__l1,1021,48,18,185,9,277
fit__6280__deblur__boundary_probe__nes__l1,1021,49,18,414,15,530
fit__6280__deblur__counterfactual__nes__l1,1021,47,2,348,2,484
fit__4338__denoise__attack__nes__l0.5,1021,49,2,674,2,798
fit__4338__denoise__restore__nes__l0.5,1021,47,2,538,2,702
fit__4338__denoise__random_walk__random_walk__l0.5,1024,50,2,1023,2,1023
fit__4338__denoise__confidence_boost__nes__l0.5,1021,47,6,599,4,741
fit__4338__denoise__boundary_probe__nes__l0.5,1021,48,2,677,2,816
fit__4338__denoise__counterfactual__nes__l0.5,1021,48,3,669,2,797
fit__4338__deblur__attack__nes__l1,1021,48,7,465,6,624
fit__4338__deblur__restore__nes__l1,1021,47,9,315,4,482
fit__4338__deblur__random_walk__random_walk__l1,1024,49,2,1023,2,1023
fit__4338__deblur__confidence_boost__nes__l1,1021,48,18,484,18,625
fit__4338__deblur__boundary_probe__nes__l1,1021,48,4,392,4,532
fit__4338__deblur__counterfactual__nes__l1,1021,47,7,335,5,495
fit__8908__denoise__attack__nes__l0.5,1021,47,11,239,2,361
fit__8908__denoise__restore__nes__l0.5,1021,48,18,220,18,323
fit__8908__denoise__random_walk__random_walk__l0.5,1024,49,2,1023,2,1023
fit__8908__denoise__confidence_boost__nes__l0.5,1021,49,12,219,12,306
fit__8908__denoise__boundary_probe__nes__l0.5,1021,49,18,262,13,370
fit__8908__denoise__counterfactual__nes__l0.5,1021,50,10,301,10,412
fit__8908__deblur__attack__nes__l1,1021,47,18,178,18,257
fit__8908__deblur__restore__nes__l1,1021,48,18,182,8,279
fit__8908__deblur__random_walk__random_walk__l1,1024,49,2,1023,2,1023
fit__8908__deblur__confidence_boost__nes__l1,1021,48,18,183,18,283
fit__8908__deblur__boundary_probe__nes__l1,1021,48,15,264,15,380
fit__8908__deblur__counterfactual__nes__l1,1021,47,9,411,9,538
calibration__4591__denoise__attack__nes__l0.5,1021,48,14,426,14,576
calibration__4591__denoise__restore__nes__l0.5,1021,47,9,381,9,505
calibration__4591__denoise__random_walk__random_walk__l0.5,1024,49,2,1023,2,1023
calibration__4591__denoise__confidence_boost__nes__l0.5,1021,47,12,301,6,441
calibration__4591__denoise__boundary_probe__nes__l0.5,1021,49,7,359,3,488
calibration__4591__denoise__counterfactual__nes__l0.5,1021,48,6,309,6,438
calibration__4591__deblur__attack__nes__l1,1021,49,18,359,18,495
calibration__4591__deblur__restore__nes__l1,1021,49,6,317,6,424
calibration__4591__deblur__random_walk__random_walk__l1,1024,49,2,1023,2,1023
calibration__4591__deblur__confidence_boost__nes__l1,1021,48,15,251,15,341
calibration__4591__deblur__boundary_probe__nes__l1,1021,48,9,305,9,423
calibration__4591__deblur__counterfactual__nes__l1,1021,48,9,386,9,526
calibration__2541__denoise__attack__nes__l0.5,1021,47,3,665,3,820
calibration__2541__denoise__restore__nes__l0.5,1021,48,8,631,4,783
calibration__2541__denoise__random_walk__random_walk__l0.5,1024,49,2,1023,2,1023
calibration__2541__denoise__confidence_boost__nes__l0.5,1021,47,14,335,12,471
calibration__2541__denoise__boundary_probe__nes__l0.5,1021,49,2,740,2,849
calibration__2541__denoise__counterfactual__nes__l0.5,1021,49,5,686,5,833
calibration__2541__deblur__attack__nes__l1,1021,49,5,493,5,638
calibration__2541__deblur__restore__nes__l1,1021,48,7,371,7,506
calibration__2541__deblur__random_walk__random_walk__l1,1024,50,2,1023,2,1023
calibration__2541__deblur__confidence_boost__nes__l1,1021,49,8,269,6,370
calibration__2541__deblur__boundary_probe__nes__l1,1021,48,15,461,15,632
calibration__2541__deblur__counterfactual__nes__l1,1021,49,6,573,6,724
calibration__7483__denoise__attack__nes__l0.5,1021,48,5,571,5,727
calibration__7483__denoise__restore__nes__l0.5,1021,48,5,421,5,578
calibration__7483__denoise__random_walk__random_walk__l0.5,1024,49,2,1023,2,1023
calibration__7483__denoise__confidence_boost__nes__l0.5,1021,49,3,608,3,763
calibration__7483__denoise__boundary_probe__nes__l0.5,1021,48,4,403,3,560
calibration__7483__denoise__counterfactual__nes__l0.5,1021,49,3,521,3,684
calibration__7483__deblur__attack__nes__l1,1021,47,18,246,12,361
calibration__7483__deblur__restore__nes__l1,1021,48,18,336,8,480
calibration__7483__deblur__random_walk__random_walk__l1,1024,49,2,1023,2,1023
calibration__7483__deblur__confidence_boost__nes__l1,1021,47,18,263,15,373
calibration__7483__deblur__boundary_probe__nes__l1,1021,49,18,231,18,327
calibration__7483__deblur__counterfactual__nes__l1,1021,47,7,222,7,321
calibration__3319__denoise__attack__nes__l0.5,1021,48,4,325,4,462
calibration__3319__denoise__restore__nes__l0.5,1021,48,2,318,2,435
calibration__3319__denoise__random_walk__random_walk__l0.5,1024,49,2,1023,2,1023
calibration__3319__denoise__confidence_boost__nes__l0.5,1021,48,18,293,4,411
calibration__3319__denoise__boundary_probe__nes__l0.5,1021,50,5,413,5,546
calibration__3319__denoise__counterfactual__nes__l0.5,1021,48,2,455,2,599
calibration__3319__deblur__attack__nes__l1,1021,48,18,485,18,612
calibration__3319__deblur__restore__nes__l1,1021,49,2,401,2,530
calibration__3319__deblur__random_walk__random_walk__l1,1024,49,2,1023,2,1023
calibration__3319__deblur__confidence_boost__nes__l1,1021,47,2,325,2,447
calibration__3319__deblur__boundary_probe__nes__l1,1021,48,18,413,18,550
calibration__3319__deblur__counterfactual__nes__l1,1021,47,5,403,5,538
calibration__8765__denoise__attack__nes__l0.5,1021,46,18,218,18,318
calibration__8765__denoise__restore__nes__l0.5,1021,47,2,220,2,306
calibration__8765__denoise__random_walk__random_walk__l0.5,1024,49,2,1023,2,1023
calibration__8765__denoise__confidence_boost__nes__l0.5,1021,48,6,255,6,349
calibration__8765__denoise__boundary_probe__nes__l0.5,1021,49,12,352,12,490
calibration__8765__denoise__counterfactual__nes__l0.5,1021,49,2,164,2,243
calibration__8765__deblur__attack__nes__l1,1021,48,7,172,7,240
calibration__8765__deblur__restore__nes__l1,1021,47,18,179,18,253
calibration__8765__deblur__random_walk__random_walk__l1,1024,49,2,1023,2,1023
calibration__8765__deblur__confidence_boost__nes__l1,1021,49,18,156,12,216
calibration__8765__deblur__boundary_probe__nes__l1,1021,48,18,237,2,344
calibration__8765__deblur__counterfactual__nes__l1,1021,48,5,122,5,186
calibration__4845__denoise__attack__nes__l0.5,1021,49,3,197,3,302
calibration__4845__denoise__restore__nes__l0.5,1021,49,5,239,5,342
calibration__4845__denoise__random_walk__random_walk__l0.5,1024,49,2,1023,2,1023
calibration__4845__denoise__confidence_boost__nes__l0.5,1021,49,9,422,9,572
calibration__4845__denoise__boundary_probe__nes__l0.5,1021,48,3,340,3,484
calibration__4845__denoise__counterfactual__nes__l0.5,1021,48,11,333,5,491
calibration__4845__deblur__attack__nes__l1,1021,48,18,526,12,643
calibration__4845__deblur__restore__nes__l1,1021,50,8,277,8,407
calibration__4845__deblur__random_walk__random_walk__l1,1024,49,2,1023,2,1023
calibration__4845__deblur__confidence_boost__nes__l1,1021,47,7,220,7,324
calibration__4845__deblur__boundary_probe__nes__l1,1021,48,4,299,4,391
calibration__4845__deblur__counterfactual__nes__l1,1021,48,2,158,2,219
calibration__455__denoise__attack__nes__l0.5,1021,50,7,655,3,810
calibration__455__denoise__restore__nes__l0.5,1021,48,2,688,2,813
calibration__455__denoise__random_walk__random_walk__l0.5,1024,50,2,1023,2,1023
calibration__455__denoise__confidence_boost__nes__l0.5,1021,48,2,771,2,867
calibration__455__denoise__boundary_probe__nes__l0.5,1021,48,2,650,2,777
calibration__455__denoise__counterfactual__nes__l0.5,1021,47,4,725,4,842
calibration__455__deblur__attack__nes__l1,1021,47,16,325,16,474
calibration__455__deblur__restore__nes__l1,1021,47,5,220,5,316
calibration__455__deblur__random_walk__random_walk__l1,1024,49,2,1023,2,1023
calibration__455__deblur__confidence_boost__nes__l1,1021,48,8,469,6,612
calibration__455__deblur__boundary_probe__nes__l1,1021,48,5,257,5,361
calibration__455__deblur__counterfactual__nes__l1,1021,49,14,365,7,494
calibration__7725__denoise__attack__nes__l0.5,1021,48,18,146,18,222
calibration__7725__denoise__restore__nes__l0.5,1021,48,5,171,5,259
calibration__7725__denoise__random_walk__random_walk__l0.5,1024,50,2,1023,2,1023
calibration__7725__denoise__confidence_boost__nes__l0.5,1021,47,10,192,10,281
calibration__7725__denoise__boundary_probe__nes__l0.5,1021,48,18,169,11,237
calibration__7725__denoise__counterfactual__nes__l0.5,1021,47,18,184,18,281
calibration__7725__deblur__attack__nes__l1,1021,48,11,492,2,648
calibration__7725__deblur__restore__nes__l1,1021,48,12,545,2,699
calibration__7725__deblur__random_walk__random_walk__l1,1024,50,2,1023,2,1023
calibration__7725__deblur__confidence_boost__nes__l1,1021,48,2,337,2,480
calibration__7725__deblur__boundary_probe__nes__l1,1021,48,9,484,3,645
calibration__7725__deblur__counterfactual__nes__l1,1021,50,4,326,4,477
calibration__3798__denoise__attack__nes__l0.5,1021,48,5,452,5,578
calibration__3798__denoise__restore__nes__l0.5,1021,48,11,492,3,614
calibration__3798__denoise__random_walk__random_walk__l0.5,1024,50,2,1023,2,1023
calibration__3798__denoise__confidence_boost__nes__l0.5,1021,48,2,326,2,455
calibration__3798__denoise__boundary_probe__nes__l0.5,1021,47,9,406,2,558
calibration__3798__denoise__counterfactual__nes__l0.5,1021,48,10,413,10,549
calibration__3798__deblur__attack__nes__l1,1021,49,17,370,15,536
calibration__3798__deblur__restore__nes__l1,1021,49,18,484,9,632
calibration__3798__deblur__random_walk__random_walk__l1,1024,50,2,1023,2,1023
calibration__3798__deblur__confidence_boost__nes__l1,1021,48,11,292,7,439
calibration__3798__deblur__boundary_probe__nes__l1,1021,49,15,421,15,569
calibration__3798__deblur__counterfactual__nes__l1,1021,47,12,208,4,320
calibration__9180__denoise__attack__nes__l0.5,1021,49,6,441,2,574
calibration__9180__denoise__restore__nes__l0.5,1021,49,8,522,2,673
calibration__9180__denoise__random_walk__random_walk__l0.5,1024,50,2,1023,2,1023
calibration__9180__denoise__confidence_boost__nes__l0.5,1021,49,6,393,3,525
calibration__9180__denoise__boundary_probe__nes__l0.5,1021,49,4,646,3,778
calibration__9180__denoise__counterfactual__nes__l0.5,1021,48,6,569,2,725
calibration__9180__deblur__attack__nes__l1,1021,48,18,145,7,212
calibration__9180__deblur__restore__nes__l1,1021,46,18,152,18,217
calibration__9180__deblur__random_walk__random_walk__l1,1024,50,2,1023,2,1023
calibration__9180__deblur__confidence_boost__nes__l1,1021,47,10,153,10,226
calibration__9180__deblur__boundary_probe__nes__l1,1021,48,13,226,9,349
calibration__9180__deblur__counterfactual__nes__l1,1021,48,11,160,11,233
calibration__5121__denoise__attack__nes__l0.5,1021,48,18,377,14,508
calibration__5121__denoise__restore__nes__l0.5,1021,46,18,155,12,231
calibration__5121__denoise__random_walk__random_walk__l0.5,1024,49,2,1023,2,1023
calibration__5121__denoise__confidence_boost__nes__l0.5,1021,48,2,385,2,529
calibration__5121__denoise__boundary_probe__nes__l0.5,1021,48,6,338,6,443
calibration__5121__denoise__counterfactual__nes__l0.5,1021,48,17,371,17,488
calibration__5121__deblur__attack__nes__l1,1021,47,8,352,6,469
calibration__5121__deblur__restore__nes__l1,1021,49,14,367,10,489
calibration__5121__deblur__random_walk__random_walk__l1,1024,49,2,1023,2,1023
calibration__5121__deblur__confidence_boost__nes__l1,1021,49,18,517,18,637
calibration__5121__deblur__boundary_probe__nes__l1,1021,49,2,387,2,522
calibration__5121__deblur__counterfactual__nes__l1,1021,48,14,251,9,362
calibration__371__denoise__attack__nes__l0.5,1021,49,2,547,2,708
calibration__371__denoise__restore__nes__l0.5,1021,48,2,664,2,807
calibration__371__denoise__random_walk__random_walk__l0.5,1024,49,2,1023,2,1023
calibration__371__denoise__confidence_boost__nes__l0.5,1021,48,2,597,2,732
calibration__371__denoise__boundary_probe__nes__l0.5,1021,50,3,498,3,652
calibration__371__denoise__counterfactual__nes__l0.5,1021,48,3,495,2,632
calibration__371__deblur__attack__nes__l1,1021,48,14,335,3,455
calibration__371__deblur__restore__nes__l1,1021,48,2,340,2,486
calibration__371__deblur__random_walk__random_walk__l1,1024,49,2,1023,2,1023
calibration__371__deblur__confidence_boost__nes__l1,1021,48,10,353,3,486
calibration__371__deblur__boundary_probe__nes__l1,1021,48,3,341,3,481
calibration__371__deblur__counterfactual__nes__l1,1021,48,13,335,13,482
calibration__5693__denoise__attack__nes__l0.5,1021,48,2,806,2,895
calibration__5693__denoise__restore__nes__l0.5,1021,48,2,775,2,891
calibration__5693__denoise__random_walk__random_walk__l0.5,1024,50,2,1023,2,1023
calibration__5693__denoise__confidence_boost__nes__l0.5,1021,49,2,786,2,889
calibration__5693__denoise__boundary_probe__nes__l0.5,1021,50,2,828,2,909
calibration__5693__denoise__counterfactual__nes__l0.5,1021,49,3,746,3,858
calibration__5693__deblur__attack__nes__l1,1021,48,2,447,2,589
calibration__5693__deblur__restore__nes__l1,1021,48,12,224,2,330
calibration__5693__deblur__random_walk__random_walk__l1,1024,49,2,1023,2,1023
calibration__5693__deblur__confidence_boost__nes__l1,1021,48,5,411,5,585
calibration__5693__deblur__boundary_probe__nes__l1,1021,47,2,288,2,402
calibration__5693__deblur__counterfactual__nes__l1,1021,48,5,426,5,574
calibration__2921__denoise__attack__nes__l0.5,1021,48,10,219,10,320
calibration__2921__denoise__restore__nes__l0.5,1021,47,12,345,12,483
calibration__2921__denoise__random_walk__random_walk__l0.5,1024,49,2,1023,2,1023
calibration__2921__denoise__confidence_boost__nes__l0.5,1021,47,5,306,5,429
calibration__2921__denoise__boundary_probe__nes__l0.5,1021,48,5,466,5,575
calibration__2921__denoise__counterfactual__nes__l0.5,1021,48,10,366,10,488
calibration__2921__deblur__attack__nes__l1,1021,47,4,166,4,255
calibration__2921__deblur__restore__nes__l1,1021,48,3,342,3,491
calibration__2921__deblur__random_walk__random_walk__l1,1024,49,2,1023,2,1023
calibration__2921__deblur__confidence_boost__nes__l1,1021,49,7,292,7,417
calibration__2921__deblur__boundary_probe__nes__l1,1021,48,11,374,11,506
calibration__2921__deblur__counterfactual__nes__l1,1021,48,18,292,18,416
calibration__7995__denoise__attack__nes__l0.5,1021,47,4,223,4,353
calibration__7995__denoise__restore__nes__l0.5,1021,48,7,447,7,568
calibration__7995__denoise__random_walk__random_walk__l0.5,1024,50,2,1023,2,1023
calibration__7995__denoise__confidence_boost__nes__l0.5,1021,48,6,428,6,594
calibration__7995__denoise__boundary_probe__nes__l0.5,1021,49,13,426,7,587
calibration__7995__denoise__counterfactual__nes__l0.5,1021,49,4,359,4,497
calibration__7995__deblur__attack__nes__l1,1021,49,18,447,18,572
calibration__7995__deblur__restore__nes__l1,1021,48,18,303,18,435
calibration__7995__deblur__random_walk__random_walk__l1,1024,49,2,1023,2,1023
calibration__7995__deblur__confidence_boost__nes__l1,1021,48,18,295,18,409
calibration__7995__deblur__boundary_probe__nes__l1,1021,48,18,172,18,264
calibration__7995__deblur__counterfactual__nes__l1,1021,48,15,340,15,482
calibration__5980__denoise__attack__nes__l0.5,1021,48,2,628,2,769
calibration__5980__denoise__restore__nes__l0.5,1021,48,8,662,5,781
calibration__5980__denoise__random_walk__random_walk__l0.5,1024,50,2,1023,2,1023
calibration__5980__denoise__confidence_boost__nes__l0.5,1021,49,2,590,2,742
calibration__5980__denoise__boundary_probe__nes__l0.5,1021,49,2,631,2,755
calibration__5980__denoise__counterfactual__nes__l0.5,1021,49,3,390,3,545
calibration__5980__deblur__attack__nes__l1,1021,48,2,234,2,373
calibration__5980__deblur__restore__nes__l1,1021,48,6,552,6,698
calibration__5980__deblur__random_walk__random_walk__l1,1024,50,2,1023,2,1023
calibration__5980__deblur__confidence_boost__nes__l1,1021,49,18,231,18,332
calibration__5980__deblur__boundary_probe__nes__l1,1021,48,17,395,14,544
calibration__5980__deblur__counterfactual__nes__l1,1021,48,18,426,2,555
evaluation__215__denoise__attack__nes__l0.5,1021,49,2,827,2,933
evaluation__215__denoise__restore__nes__l0.5,1021,50,2,885,2,964
evaluation__215__denoise__random_walk__random_walk__l0.5,1024,50,2,1023,2,1023
evaluation__215__denoise__confidence_boost__nes__l0.5,1021,49,2,928,2,982
evaluation__215__denoise__boundary_probe__nes__l0.5,1021,49,4,938,4,985
evaluation__215__denoise__counterfactual__nes__l0.5,1021,48,3,873,3,940
evaluation__215__deblur__attack__nes__l1,1021,47,5,555,4,706
evaluation__215__deblur__restore__nes__l1,1021,47,7,513,5,675
evaluation__215__deblur__random_walk__random_walk__l1,1024,49,2,1023,2,1023
evaluation__215__deblur__confidence_boost__nes__l1,1021,48,12,522,5,663
evaluation__215__deblur__boundary_probe__nes__l1,1021,48,10,500,4,662
evaluation__215__deblur__counterfactual__nes__l1,1021,47,4,312,2,433
evaluation__4113__denoise__attack__nes__l0.5,1021,49,18,452,10,604
evaluation__4113__denoise__restore__nes__l0.5,1021,48,4,480,4,632
evaluation__4113__denoise__random_walk__random_walk__l0.5,1024,49,2,1023,2,1023
evaluation__4113__denoise__confidence_boost__nes__l0.5,1021,49,4,493,4,648
evaluation__4113__denoise__boundary_probe__nes__l0.5,1021,49,11,500,3,651
evaluation__4113__denoise__counterfactual__nes__l0.5,1021,49,3,424,3,569
evaluation__4113__deblur__attack__nes__l1,1021,49,11,498,11,629
evaluation__4113__deblur__restore__nes__l1,1021,48,13,390,7,510
evaluation__4113__deblur__random_walk__random_walk__l1,1024,49,2,1023,2,1023
evaluation__4113__deblur__confidence_boost__nes__l1,1021,47,16,465,5,612
evaluation__4113__deblur__boundary_probe__nes__l1,1021,49,4,469,4,613
evaluation__4113__deblur__counterfactual__nes__l1,1021,48,18,270,17,386
evaluation__9021__denoise__attack__nes__l0.5,1021,48,4,298,4,436
evaluation__9021__denoise__restore__nes__l0.5,1021,48,6,245,6,365
evaluation__9021__denoise__random_walk__random_walk__l0.5,1024,50,2,1023,2,1023
evaluation__9021__denoise__confidence_boost__nes__l0.5,1021,49,13,303,6,445
evaluation__9021__denoise__boundary_probe__nes__l0.5,1021,48,3,338,3,482
evaluation__9021__denoise__counterfactual__nes__l0.5,1021,49,9,336,7,479
evaluation__9021__deblur__attack__nes__l1,1021,48,4,681,4,824
evaluation__9021__deblur__restore__nes__l1,1021,49,2,561,2,730
evaluation__9021__deblur__random_walk__random_walk__l1,1024,49,2,1023,2,1023
evaluation__9021__deblur__confidence_boost__nes__l1,1021,48,2,505,2,697
evaluation__9021__deblur__boundary_probe__nes__l1,1021,48,3,763,2,859
evaluation__9021__deblur__counterfactual__nes__l1,1021,47,9,598,9,764
evaluation__9888__denoise__attack__nes__l0.5,1021,49,2,594,2,741
evaluation__9888__denoise__restore__nes__l0.5,1021,48,2,761,2,851
evaluation__9888__denoise__random_walk__random_walk__l0.5,1024,50,2,1023,2,1023
evaluation__9888__denoise__confidence_boost__nes__l0.5,1021,48,3,630,2,754
evaluation__9888__denoise__boundary_probe__nes__l0.5,1021,50,2,899,2,963
evaluation__9888__denoise__counterfactual__nes__l0.5,1021,49,2,810,2,900
evaluation__9888__deblur__attack__nes__l1,1021,47,18,147,18,237
evaluation__9888__deblur__restore__nes__l1,1021,48,5,249,5,354
evaluation__9888__deblur__random_walk__random_walk__l1,1024,49,2,1023,2,1023
evaluation__9888__deblur__confidence_boost__nes__l1,1021,48,3,328,3,460
evaluation__9888__deblur__boundary_probe__nes__l1,1021,48,10,215,10,325
evaluation__9888__deblur__counterfactual__nes__l1,1021,48,2,433,2,569
evaluation__1677__denoise__attack__nes__l0.5,1021,49,2,513,2,673
evaluation__1677__denoise__restore__nes__l0.5,1021,48,4,385,4,522
evaluation__1677__denoise__random_walk__random_walk__l0.5,1024,49,2,1023,2,1023
evaluation__1677__denoise__confidence_boost__nes__l0.5,1021,47,3,259,3,385
evaluation__1677__denoise__boundary_probe__nes__l0.5,1021,48,3,407,3,572
evaluation__1677__denoise__counterfactual__nes__l0.5,1021,48,18,439,8,588
evaluation__1677__deblur__attack__nes__l1,1021,47,7,185,7,263
evaluation__1677__deblur__restore__nes__l1,1021,49,4,271,4,409
evaluation__1677__deblur__random_walk__random_walk__l1,1024,49,2,1023,2,1023
evaluation__1677__deblur__confidence_boost__nes__l1,1021,49,3,405,3,577
evaluation__1677__deblur__boundary_probe__nes__l1,1021,49,4,347,4,499
evaluation__1677__deblur__counterfactual__nes__l1,1021,48,7,258,3,342
evaluation__4378__denoise__attack__nes__l0.5,1021,49,2,304,2,410
evaluation__4378__denoise__restore__nes__l0.5,1021,49,2,438,2,559
evaluation__4378__denoise__random_walk__random_walk__l0.5,1024,49,2,1023,2,1023
evaluation__4378__denoise__confidence_boost__nes__l0.5,1021,48,5,403,5,528
evaluation__4378__denoise__boundary_probe__nes__l0.5,1021,47,5,560,2,718
evaluation__4378__denoise__counterfactual__nes__l0.5,1021,48,4,330,2,463
evaluation__4378__deblur__attack__nes__l1,1021,48,7,307,6,433
evaluation__4378__deblur__restore__nes__l1,1021,48,18,215,2,314
evaluation__4378__deblur__random_walk__random_walk__l1,1024,50,2,1023,2,1023
evaluation__4378__deblur__confidence_boost__nes__l1,1021,47,15,160,11,232
evaluation__4378__deblur__boundary_probe__nes__l1,1021,47,18,219,18,313
evaluation__4378__deblur__counterfactual__nes__l1,1021,48,8,266,8,364
evaluation__8053__denoise__attack__nes__l0.5,1021,48,6,637,2,799
evaluation__8053__denoise__restore__nes__l0.5,1021,47,2,448,2,612
evaluation__8053__denoise__random_walk__random_walk__l0.5,1024,49,2,1023,2,1023
evaluation__8053__denoise__confidence_boost__nes__l0.5,1021,48,7,626,7,757
evaluation__8053__denoise__boundary_probe__nes__l0.5,1021,49,2,704,2,836
evaluation__8053__denoise__counterfactual__nes__l0.5,1021,49,15,574,11,708
evaluation__8053__deblur__attack__nes__l1,1021,49,4,608,2,756
evaluation__8053__deblur__restore__nes__l1,1021,48,17,621,14,764
evaluation__8053__deblur__random_walk__random_walk__l1,1024,49,2,1023,2,1023
evaluation__8053__deblur__confidence_boost__nes__l1,1021,48,4,505,4,646
evaluation__8053__deblur__boundary_probe__nes__l1,1021,48,9,722,4,831
evaluation__8053__deblur__counterfactual__nes__l1,1021,50,2,689,2,831
evaluation__754__denoise__attack__nes__l0.5,1021,48,13,348,13,488
evaluation__754__denoise__restore__nes__l0.5,1021,48,2,384,2,509
evaluation__754__denoise__random_walk__random_walk__l0.5,1024,49,2,1023,2,1023
evaluation__754__denoise__confidence_boost__nes__l0.5,1021,46,9,273,2,417
evaluation__754__denoise__boundary_probe__nes__l0.5,1021,49,8,346,8,479
evaluation__754__denoise__counterfactual__nes__l0.5,1021,48,2,434,2,558
evaluation__754__deblur__attack__nes__l1,1021,47,18,219,18,331
evaluation__754__deblur__restore__nes__l1,1021,49,18,258,18,364
evaluation__754__deblur__random_walk__random_walk__l1,1024,49,2,1023,2,1023
evaluation__754__deblur__confidence_boost__nes__l1,1021,47,18,279,18,391
evaluation__754__deblur__boundary_probe__nes__l1,1021,47,18,153,18,239
evaluation__754__deblur__counterfactual__nes__l1,1021,47,18,141,18,208
evaluation__2984__denoise__attack__nes__l0.5,1021,48,14,368,10,505
evaluation__2984__denoise__restore__nes__l0.5,1021,48,3,550,3,676
evaluation__2984__denoise__random_walk__random_walk__l0.5,1024,49,2,1023,2,1023
evaluation__2984__denoise__confidence_boost__nes__l0.5,1021,49,3,522,3,679
evaluation__2984__denoise__boundary_probe__nes__l0.5,1021,48,2,414,2,565
evaluation__2984__denoise__counterfactual__nes__l0.5,1021,48,2,469,2,616
evaluation__2984__deblur__attack__nes__l1,1021,48,11,307,11,399
evaluation__2984__deblur__restore__nes__l1,1021,48,5,216,5,304
evaluation__2984__deblur__random_walk__random_walk__l1,1024,49,2,1023,2,1023
evaluation__2984__deblur__confidence_boost__nes__l1,1021,47,18,220,18,325
evaluation__2984__deblur__boundary_probe__nes__l1,1021,48,10,185,6,303
evaluation__2984__deblur__counterfactual__nes__l1,1021,48,18,140,18,207
evaluation__6529__denoise__attack__nes__l0.5,1021,49,3,552,3,687
evaluation__6529__denoise__restore__nes__l0.5,1021,48,8,360,3,485
evaluation__6529__denoise__random_walk__random_walk__l0.5,1024,49,2,1023,2,1023
evaluation__6529__denoise__confidence_boost__nes__l0.5,1021,49,2,387,2,525
evaluation__6529__denoise__boundary_probe__nes__l0.5,1021,49,5,611,5,740
evaluation__6529__denoise__counterfactual__nes__l0.5,1021,49,3,623,2,742
evaluation__6529__deblur__attack__nes__l1,1021,48,18,147,18,216
evaluation__6529__deblur__restore__nes__l1,1021,46,18,76,18,93
evaluation__6529__deblur__random_walk__random_walk__l1,1024,49,2,1023,2,1023
evaluation__6529__deblur__confidence_boost__nes__l1,1021,48,18,68,18,91
evaluation__6529__deblur__boundary_probe__nes__l1,1021,48,18,138,18,188
evaluation__6529__deblur__counterfactual__nes__l1,1021,47,18,103,18,151
evaluation__115__denoise__attack__nes__l0.5,1021,49,5,757,2,843
evaluation__115__denoise__restore__nes__l0.5,1021,49,5,592,3,727
evaluation__115__denoise__random_walk__random_walk__l0.5,1024,49,2,1023,2,1023
evaluation__115__denoise__confidence_boost__nes__l0.5,1021,49,4,457,2,614
evaluation__115__denoise__boundary_probe__nes__l0.5,1021,49,11,611,11,748
evaluation__115__denoise__counterfactual__nes__l0.5,1021,48,3,446,3,584
evaluation__115__deblur__attack__nes__l1,1021,49,5,359,5,488
evaluation__115__deblur__restore__nes__l1,1021,49,3,515,3,644
evaluation__115__deblur__random_walk__random_walk__l1,1024,49,2,1023,2,1023
evaluation__115__deblur__confidence_boost__nes__l1,1021,47,3,374,3,508
evaluation__115__deblur__boundary_probe__nes__l1,1021,48,4,549,4,664
evaluation__115__deblur__counterfactual__nes__l1,1021,48,3,414,3,556
evaluation__3413__denoise__attack__nes__l0.5,1021,48,2,548,2,684
evaluation__3413__denoise__restore__nes__l0.5,1021,48,2,640,2,757
evaluation__3413__denoise__random_walk__random_walk__l0.5,1024,50,2,1023,2,1023
evaluation__3413__denoise__confidence_boost__nes__l0.5,1021,49,5,792,3,885
evaluation__3413__denoise__boundary_probe__nes__l0.5,1021,47,2,539,2,698
evaluation__3413__denoise__counterfactual__nes__l0.5,1021,48,3,485,3,654
evaluation__3413__deblur__attack__nes__l1,1021,48,4,363,4,513
evaluation__3413__deblur__restore__nes__l1,1021,47,4,301,4,436
evaluation__3413__deblur__random_walk__random_walk__l1,1024,50,2,1023,2,1023
evaluation__3413__deblur__confidence_boost__nes__l1,1021,48,3,527,3,671
evaluation__3413__deblur__boundary_probe__nes__l1,1021,49,16,372,5,492
evaluation__3413__deblur__counterfactual__nes__l1,1021,49,4,329,3,443
evaluation__6587__denoise__attack__nes__l0.5,1021,49,3,536,2,691
evaluation__6587__denoise__restore__nes__l0.5,1021,48,3,469,3,612
evaluation__6587__denoise__random_walk__random_walk__l0.5,1024,50,2,1023,2,1023
evaluation__6587__denoise__confidence_boost__nes__l0.5,1021,49,2,520,2,652
evaluation__6587__denoise__boundary_probe__nes__l0.5,1021,48,7,840,4,919
evaluation__6587__denoise__counterfactual__nes__l0.5,1021,48,5,743,3,866
evaluation__6587__deblur__attack__nes__l1,1021,48,5,422,5,595
evaluation__6587__deblur__restore__nes__l1,1021,48,7,475,6,631
evaluation__6587__deblur__random_walk__random_walk__l1,1024,50,2,1023,2,1023
evaluation__6587__deblur__confidence_boost__nes__l1,1021,47,10,344,4,503
evaluation__6587__deblur__boundary_probe__nes__l1,1021,48,2,270,2,402
evaluation__6587__deblur__counterfactual__nes__l1,1021,48,18,476,7,612
evaluation__8526__denoise__attack__nes__l0.5,1021,47,18,160,18,229
evaluation__8526__denoise__restore__nes__l0.5,1021,48,18,332,18,457
evaluation__8526__denoise__random_walk__random_walk__l0.5,1024,49,2,1023,2,1023
evaluation__8526__denoise__confidence_boost__nes__l0.5,1021,48,18,241,10,348
evaluation__8526__denoise__boundary_probe__nes__l0.5,1021,48,18,308,5,430
evaluation__8526__denoise__counterfactual__nes__l0.5,1021,47,18,208,18,310
evaluation__8526__deblur__attack__nes__l1,1021,47,3,536,3,697
evaluation__8526__deblur__restore__nes__l1,1021,49,4,509,4,674
evaluation__8526__deblur__random_walk__random_walk__l1,1024,49,2,1023,2,1023
evaluation__8526__deblur__confidence_boost__nes__l1,1021,49,6,661,6,781
evaluation__8526__deblur__boundary_probe__nes__l1,1021,49,3,856,3,918
evaluation__8526__deblur__counterfactual__nes__l1,1021,48,4,637,4,777
evaluation__3510__denoise__attack__nes__l0.5,1021,48,4,652,4,781
evaluation__3510__denoise__restore__nes__l0.5,1021,47,6,526,2,670
evaluation__3510__denoise__random_walk__random_walk__l0.5,1024,49,2,1023,2,1023
evaluation__3510__denoise__confidence_boost__nes__l0.5,1021,47,3,525,3,668
evaluation__3510__denoise__boundary_probe__nes__l0.5,1021,49,11,505,2,637
evaluation__3510__denoise__counterfactual__nes__l0.5,1021,48,12,351,7,502
evaluation__3510__deblur__attack__nes__l1,1021,48,3,515,2,661
evaluation__3510__deblur__restore__nes__l1,1021,48,5,650,2,798
evaluation__3510__deblur__random_walk__random_walk__l1,1024,49,2,1023,2,1023
evaluation__3510__deblur__confidence_boost__nes__l1,1021,47,9,556,3,716
evaluation__3510__deblur__boundary_probe__nes__l1,1021,48,3,677,3,825
evaluation__3510__deblur__counterfactual__nes__l1,1021,48,2,811,2,913
evaluation__4627__denoise__attack__nes__l0.5,1021,49,3,291,3,392
evaluation__4627__denoise__restore__nes__l0.5,1021,49,2,355,2,500
evaluation__4627__denoise__random_walk__random_walk__l0.5,1024,50,2,1023,2,1023
evaluation__4627__denoise__confidence_boost__nes__l0.5,1021,48,3,431,3,578
evaluation__4627__denoise__boundary_probe__nes__l0.5,1021,48,9,470,3,623
evaluation__4627__denoise__counterfactual__nes__l0.5,1021,48,3,311,3,443
evaluation__4627__deblur__attack__nes__l1,1021,48,18,246,5,346
evaluation__4627__deblur__restore__nes__l1,1021,48,14,281,14,391
evaluation__4627__deblur__random_walk__random_walk__l1,1024,49,2,1023,2,1023
evaluation__4627__deblur__confidence_boost__nes__l1,1021,47,2,226,2,348
evaluation__4627__deblur__boundary_probe__nes__l1,1021,47,15,324,15,431
evaluation__4627__deblur__counterfactual__nes__l1,1021,48,18,309,16,413
evaluation__8823__denoise__attack__nes__l0.5,1021,47,13,136,11,217
evaluation__8823__denoise__restore__nes__l0.5,1021,47,18,329,16,471
evaluation__8823__denoise__random_walk__random_walk__l0.5,1024,50,2,1023,2,1023
evaluation__8823__denoise__confidence_boost__nes__l0.5,1021,48,18,370,9,510
evaluation__8823__denoise__boundary_probe__nes__l0.5,1021,48,10,238,10,355
evaluation__8823__denoise__counterfactual__nes__l0.5,1021,49,18,326,5,461
evaluation__8823__deblur__attack__nes__l1,1021,48,7,375,7,510
evaluation__8823__deblur__restore__nes__l1,1021,48,5,409,5,561
evaluation__8823__deblur__random_walk__random_walk__l1,1024,49,2,1023,2,1023
evaluation__8823__deblur__confidence_boost__nes__l1,1021,49,5,641,5,770
evaluation__8823__deblur__boundary_probe__nes__l1,1021,48,8,431,8,580
evaluation__8823__deblur__counterfactual__nes__l1,1021,48,8,560,8,705
evaluation__1586__denoise__attack__nes__l0.5,1021,48,4,315,4,434
evaluation__1586__denoise__restore__nes__l0.5,1021,48,2,201,2,281
evaluation__1586__denoise__random_walk__random_walk__l0.5,1024,50,2,1023,2,1023
evaluation__1586__denoise__confidence_boost__nes__l0.5,1021,47,6,224,2,339
evaluation__1586__denoise__boundary_probe__nes__l0.5,1021,49,17,344,6,465
evaluation__1586__denoise__counterfactual__nes__l0.5,1021,47,7,263,7,366
evaluation__1586__deblur__attack__nes__l1,1021,48,4,231,3,350
evaluation__1586__deblur__restore__nes__l1,1021,48,18,263,7,385
evaluation__1586__deblur__random_walk__random_walk__l1,1024,49,2,1023,2,1023
evaluation__1586__deblur__confidence_boost__nes__l1,1021,47,2,307,2,442
evaluation__1586__deblur__boundary_probe__nes__l1,1021,47,2,299,2,407
evaluation__1586__deblur__counterfactual__nes__l1,1021,48,15,295,10,409
evaluation__5984__denoise__attack__nes__l0.5,1021,49,3,704,3,826
evaluation__5984__denoise__restore__nes__l0.5,1021,49,3,783,3,892
evaluation__5984__denoise__random_walk__random_walk__l0.5,1024,49,2,1023,2,1023
evaluation__5984__denoise__confidence_boost__nes__l0.5,1021,48,5,671,5,829
evaluation__5984__denoise__boundary_probe__nes__l0.5,1021,49,2,898,2,962
evaluation__5984__denoise__counterfactual__nes__l0.5,1021,48,4,745,4,871
evaluation__5984__deblur__attack__nes__l1,1021,48,6,510,5,669
evaluation__5984__deblur__restore__nes__l1,1021,49,2,520,2,672
evaluation__5984__deblur__random_walk__random_walk__l1,1024,50,2,1023,2,1023
evaluation__5984__deblur__confidence_boost__nes__l1,1021,49,3,581,3,719
evaluation__5984__deblur__boundary_probe__nes__l1,1021,49,2,723,2,830
evaluation__5984__deblur__counterfactual__nes__l1,1021,49,6,515,5,688
evaluation__7779__denoise__attack__nes__l0.5,1021,48,6,713,3,850
evaluation__7779__denoise__restore__nes__l0.5,1021,47,3,510,2,676
evaluation__7779__denoise__random_walk__random_walk__l0.5,1024,49,2,1023,2,1023
evaluation__7779__denoise__confidence_boost__nes__l0.5,1021,47,9,601,4,745
evaluation__7779__denoise__boundary_probe__nes__l0.5,1021,49,10,810,7,905
evaluation__7779__denoise__counterfactual__nes__l0.5,1021,48,2,489,2,673
evaluation__7779__deblur__attack__nes__l1,1021,48,11,286,4,400
evaluation__7779__deblur__restore__nes__l1,1021,47,11,231,11,327
evaluation__7779__deblur__random_walk__random_walk__l1,1024,50,2,1023,2,1023
evaluation__7779__deblur__confidence_boost__nes__l1,1021,48,2,149,2,230
evaluation__7779__deblur__boundary_probe__nes__l1,1021,47,18,237,6,337
evaluation__7779__deblur__counterfactual__nes__l1,1021,48,8,285,5,395
evaluation__861__denoise__attack__nes__l0.5,1021,48,2,266,2,390
evaluation__861__denoise__restore__nes__l0.5,1021,47,4,192,4,271
evaluation__861__denoise__random_walk__random_walk__l0.5,1024,49,2,1023,2,1023
evaluation__861__denoise__confidence_boost__nes__l0.5,1021,49,7,444,7,603
evaluation__861__denoise__boundary_probe__nes__l0.5,1021,48,3,337,3,473
evaluation__861__denoise__counterfactual__nes__l0.5,1021,49,8,397,8,549
evaluation__861__deblur__attack__nes__l1,1021,48,3,487,3,648
evaluation__861__deblur__restore__nes__l1,1021,49,2,502,2,620
evaluation__861__deblur__random_walk__random_walk__l1,1024,49,2,1023,2,1023
evaluation__861__deblur__confidence_boost__nes__l1,1021,49,4,361,4,490
evaluation__861__deblur__boundary_probe__nes__l1,1021,48,4,495,4,661
evaluation__861__deblur__counterfactual__nes__l1,1021,49,4,315,4,434
evaluation__1890__denoise__attack__nes__l0.5,1021,47,6,452,6,611
evaluation__1890__denoise__restore__nes__l0.5,1021,48,18,324,7,469
evaluation__1890__denoise__random_walk__random_walk__l0.5,1024,49,2,1023,2,1023
evaluation__1890__denoise__confidence_boost__nes__l0.5,1021,49,6,406,3,553
evaluation__1890__denoise__boundary_probe__nes__l0.5,1021,48,12,362,12,488
evaluation__1890__denoise__counterfactual__nes__l0.5,1021,47,5,365,5,486
evaluation__1890__deblur__attack__nes__l1,1021,49,10,571,10,679
evaluation__1890__deblur__restore__nes__l1,1021,48,4,346,3,476
evaluation__1890__deblur__random_walk__random_walk__l1,1024,49,2,1023,2,1023
evaluation__1890__deblur__confidence_boost__nes__l1,1021,49,12,282,10,414
evaluation__1890__deblur__boundary_probe__nes__l1,1021,49,17,413,11,549
evaluation__1890__deblur__counterfactual__nes__l1,1021,48,17,330,11,440
evaluation__6850__denoise__attack__nes__l0.5,1021,50,3,797,2,897
evaluation__6850__denoise__restore__nes__l0.5,1021,50,3,792,2,880
evaluation__6850__denoise__random_walk__random_walk__l0.5,1024,50,2,1023,2,1023
evaluation__6850__denoise__confidence_boost__nes__l0.5,1021,49,3,706,3,802
evaluation__6850__denoise__boundary_probe__nes__l0.5,1021,49,2,804,2,898
evaluation__6850__denoise__counterfactual__nes__l0.5,1021,49,2,779,2,888
evaluation__6850__deblur__attack__nes__l1,1021,49,5,613,5,776
evaluation__6850__deblur__restore__nes__l1,1021,49,4,516,4,685
evaluation__6850__deblur__random_walk__random_walk__l1,1024,50,2,1023,2,1023
evaluation__6850__deblur__confidence_boost__nes__l1,1021,49,8,499,2,657
evaluation__6850__deblur__boundary_probe__nes__l1,1021,50,4,770,3,886
evaluation__6850__deblur__counterfactual__nes__l1,1021,48,4,513,4,659
evaluation__8346__denoise__attack__nes__l0.5,1021,48,2,423,2,557
evaluation__8346__denoise__restore__nes__l0.5,1021,48,2,519,2,666
evaluation__8346__denoise__random_walk__random_walk__l0.5,1024,50,2,1023,2,1023
evaluation__8346__denoise__confidence_boost__nes__l0.5,1021,47,4,343,4,482
evaluation__8346__denoise__boundary_probe__nes__l0.5,1021,48,2,311,2,460
evaluation__8346__denoise__counterfactual__nes__l0.5,1021,48,6,263,4,388
evaluation__8346__deblur__attack__nes__l1,1021,48,5,650,2,772
evaluation__8346__deblur__restore__nes__l1,1021,48,9,417,9,560
evaluation__8346__deblur__random_walk__random_walk__l1,1024,50,2,1023,2,1023
evaluation__8346__deblur__confidence_boost__nes__l1,1021,49,12,685,11,802
evaluation__8346__deblur__boundary_probe__nes__l1,1021,48,2,653,2,788
evaluation__8346__deblur__counterfactual__nes__l1,1021,48,11,544,8,701
evaluation__2004__denoise__attack__nes__l0.5,1021,49,4,893,4,949
evaluation__2004__denoise__restore__nes__l0.5,1021,48,2,837,2,935
evaluation__2004__denoise__random_walk__random_walk__l0.5,1024,50,2,1023,2,1023
evaluation__2004__denoise__confidence_boost__nes__l0.5,1021,49,5,808,5,917
evaluation__2004__denoise__boundary_probe__nes__l0.5,1021,49,6,818,6,896
evaluation__2004__denoise__counterfactual__nes__l0.5,1021,48,2,859,2,951
evaluation__2004__deblur__attack__nes__l1,1021,49,3,833,3,919
evaluation__2004__deblur__restore__nes__l1,1021,47,4,794,4,878
evaluation__2004__deblur__random_walk__random_walk__l1,1024,50,2,1023,2,1023
evaluation__2004__deblur__confidence_boost__nes__l1,1021,49,2,788,2,882
evaluation__2004__deblur__boundary_probe__nes__l1,1021,48,3,829,2,918
evaluation__2004__deblur__counterfactual__nes__l1,1021,49,5,737,5,849
evaluation__4100__denoise__attack__nes__l0.5,1021,47,3,272,3,387
evaluation__4100__denoise__restore__nes__l0.5,1021,49,18,272,18,412
evaluation__4100__denoise__random_walk__random_walk__l0.5,1024,49,2,1023,2,1023
evaluation__4100__denoise__confidence_boost__nes__l0.5,1021,49,6,269,6,383
evaluation__4100__denoise__boundary_probe__nes__l0.5,1021,48,4,279,4,410
evaluation__4100__denoise__counterfactual__nes__l0.5,1021,49,15,478,15,635
evaluation__4100__deblur__attack__nes__l1,1021,49,15,164,15,246
evaluation__4100__deblur__restore__nes__l1,1021,47,11,184,11,265
evaluation__4100__deblur__random_walk__random_walk__l1,1024,49,2,1023,2,1023
evaluation__4100__deblur__confidence_boost__nes__l1,1021,47,18,124,18,191
evaluation__4100__deblur__boundary_probe__nes__l1,1021,47,18,108,18,160
evaluation__4100__deblur__counterfactual__nes__l1,1021,47,8,191,3,275
evaluation__7089__denoise__attack__nes__l0.5,1021,47,10,431,3,571
evaluation__7089__denoise__restore__nes__l0.5,1021,48,3,340,3,483
evaluation__7089__denoise__random_walk__random_walk__l0.5,1024,49,2,1023,2,1023
evaluation__7089__denoise__confidence_boost__nes__l0.5,1021,48,4,467,4,605
evaluation__7089__denoise__boundary_probe__nes__l0.5,1021,48,6,422,6,543
evaluation__7089__denoise__counterfactual__nes__l0.5,1021,48,7,613,4,738
evaluation__7089__deblur__attack__nes__l1,1021,48,7,252,6,351
evaluation__7089__deblur__restore__nes__l1,1021,48,11,204,11,309
evaluation__7089__deblur__random_walk__random_walk__l1,1024,49,2,1023,2,1023
evaluation__7089__deblur__confidence_boost__nes__l1,1021,48,8,183,8,272
evaluation__7089__deblur__boundary_probe__nes__l1,1021,47,2,447,2,588
evaluation__7089__deblur__counterfactual__nes__l1,1021,47,11,337,4,448
evaluation__757__denoise__attack__nes__l0.5,1021,48,4,378,4,515
evaluation__757__denoise__restore__nes__l0.5,1021,48,8,237,8,355
evaluation__757__denoise__random_walk__random_walk__l0.5,1024,50,2,1023,2,1023
evaluation__757__denoise__confidence_boost__nes__l0.5,1021,48,7,254,2,366
evaluation__757__denoise__boundary_probe__nes__l0.5,1021,49,3,317,2,439
evaluation__757__denoise__counterfactual__nes__l0.5,1021,48,6,200,2,298
evaluation__757__deblur__attack__nes__l1,1021,48,18,229,13,344
evaluation__757__deblur__restore__nes__l1,1021,48,10,323,10,457
evaluation__757__deblur__random_walk__random_walk__l1,1024,49,2,1023,2,1023
evaluation__757__deblur__confidence_boost__nes__l1,1021,47,18,268,14,380
evaluation__757__deblur__boundary_probe__nes__l1,1021,49,12,184,9,265
evaluation__757__deblur__counterfactual__nes__l1,1021,49,16,273,8,392
evaluation__2996__denoise__attack__nes__l0.5,1021,48,18,398,12,555
evaluation__2996__denoise__restore__nes__l0.5,1021,49,3,626,2,761
evaluation__2996__denoise__random_walk__random_walk__l0.5,1024,50,2,1023,2,1023
evaluation__2996__denoise__confidence_boost__nes__l0.5,1021,48,18,606,16,738
evaluation__2996__denoise__boundary_probe__nes__l0.5,1021,48,9,560,6,721
evaluation__2996__denoise__counterfactual__nes__l0.5,1021,49,15,383,12,539
evaluation__2996__deblur__attack__nes__l1,1021,48,5,553,2,705
evaluation__2996__deblur__restore__nes__l1,1021,48,3,770,3,882
evaluation__2996__deblur__random_walk__random_walk__l1,1024,49,2,1023,2,1023
evaluation__2996__deblur__confidence_boost__nes__l1,1021,48,2,575,2,715
evaluation__2996__deblur__boundary_probe__nes__l1,1021,49,3,524,3,671
evaluation__2996__deblur__counterfactual__nes__l1,1021,49,3,630,3,763
evaluation__7576__denoise__attack__nes__l0.5,1021,49,5,377,5,530
evaluation__7576__denoise__restore__nes__l0.5,1021,48,10,564,2,704
evaluation__7576__denoise__random_walk__random_walk__l0.5,1024,49,2,1023,2,1023
evaluation__7576__denoise__confidence_boost__nes__l0.5,1021,48,5,456,3,609
evaluation__7576__denoise__boundary_probe__nes__l0.5,1021,49,3,688,3,800
evaluation__7576__denoise__counterfactual__nes__l0.5,1021,50,10,450,10,584
evaluation__7576__deblur__attack__nes__l1,1021,47,3,141,3,222
evaluation__7576__deblur__restore__nes__l1,1021,48,18,356,9,489
evaluation__7576__deblur__random_walk__random_walk__l1,1024,50,2,1023,2,1023
evaluation__7576__deblur__confidence_boost__nes__l1,1021,48,8,386,8,515
evaluation__7576__deblur__boundary_probe__nes__l1,1021,47,18,265,18,368
evaluation__7576__deblur__counterfactual__nes__l1,1021,47,7,295,7,427
evaluation__217__denoise__attack__nes__l0.5,1021,48,18,351,18,481
evaluation__217__denoise__restore__nes__l0.5,1021,48,11,202,11,318
evaluation__217__denoise__random_walk__random_walk__l0.5,1024,49,2,1023,2,1023
evaluation__217__denoise__confidence_boost__nes__l0.5,1021,48,3,237,3,349
evaluation__217__denoise__boundary_probe__nes__l0.5,1021,47,7,341,7,488
evaluation__217__denoise__counterfactual__nes__l0.5,1021,48,8,400,4,540
evaluation__217__deblur__attack__nes__l1,1021,49,6,377,6,498
evaluation__217__deblur__restore__nes__l1,1021,48,3,380,2,530
evaluation__217__deblur__random_walk__random_walk__l1,1024,49,2,1023,2,1023
evaluation__217__deblur__confidence_boost__nes__l1,1021,49,2,428,2,599
evaluation__217__deblur__boundary_probe__nes__l1,1021,48,7,440,7,588
evaluation__217__deblur__counterfactual__nes__l1,1021,49,2,611,2,729
evaluation__2873__denoise__attack__nes__l0.5,1021,47,2,729,2,861
evaluation__2873__denoise__restore__nes__l0.5,1021,49,3,724,3,861
evaluation__2873__denoise__random_walk__random_walk__l0.5,1024,49,2,1023,2,1023
evaluation__2873__denoise__confidence_boost__nes__l0.5,1021,49,3,773,2,889
evaluation__2873__denoise__boundary_probe__nes__l0.5,1021,47,3,632,2,801
evaluation__2873__denoise__counterfactual__nes__l0.5,1021,48,2,831,2,936
evaluation__2873__deblur__attack__nes__l1,1021,47,8,288,8,411
evaluation__2873__deblur__restore__nes__l1,1021,48,18,514,18,662
evaluation__2873__deblur__random_walk__random_walk__l1,1024,49,2,1023,2,1023
evaluation__2873__deblur__confidence_boost__nes__l1,1021,48,8,503,4,651
evaluation__2873__deblur__boundary_probe__nes__l1,1021,49,3,502,3,637
evaluation__2873__deblur__counterfactual__nes__l1,1021,48,3,520,3,666
evaluation__6642__denoise__attack__nes__l0.5,1021,48,2,413,2,564
evaluation__6642__denoise__restore__nes__l0.5,1021,48,4,450,4,609
evaluation__6642__denoise__random_walk__random_walk__l0.5,1024,49,2,1023,2,1023
evaluation__6642__denoise__confidence_boost__nes__l0.5,1021,49,5,413,4,560
evaluation__6642__denoise__boundary_probe__nes__l0.5,1021,48,5,461,5,595
evaluation__6642__denoise__counterfactual__nes__l0.5,1021,49,2,596,2,718
evaluation__6642__deblur__attack__nes__l1,1021,48,2,521,2,665
evaluation__6642__deblur__restore__nes__l1,1021,46,7,245,7,389
evaluation__6642__deblur__random_walk__random_walk__l1,1024,50,2,1023,2,1023
evaluation__6642__deblur__confidence_boost__nes__l1,1021,47,7,246,7,378
evaluation__6642__deblur__boundary_probe__nes__l1,1021,48,2,614,2,737
evaluation__6642__deblur__counterfactual__nes__l1,1021,48,10,423,9,554
evaluation__9594__denoise__attack__nes__l0.5,1021,49,5,706,5,833
evaluation__9594__denoise__restore__nes__l0.5,1021,48,4,578,4,714
evaluation__9594__denoise__random_walk__random_walk__l0.5,1024,50,2,1023,2,1023
evaluation__9594__denoise__confidence_boost__nes__l0.5,1021,48,4,646,4,785
evaluation__9594__denoise__boundary_probe__nes__l0.5,1021,48,8,537,4,697
evaluation__9594__denoise__counterfactual__nes__l0.5,1021,48,4,647,4,791
evaluation__9594__deblur__attack__nes__l1,1021,48,18,199,18,305
evaluation__9594__deblur__restore__nes__l1,1021,49,18,229,18,328
evaluation__9594__deblur__random_walk__random_walk__l1,1024,49,2,1023,2,1023
evaluation__9594__deblur__confidence_boost__nes__l1,1021,48,18,131,18,192
evaluation__9594__deblur__boundary_probe__nes__l1,1021,48,6,122,6,174
evaluation__9594__deblur__counterfactual__nes__l1,1021,48,12,204,12,291
fit__5124__denoise__attack__nes__l0.5,1021,49,8,522,7,652
fit__5124__denoise__restore__nes__l0.5,1021,48,2,327,2,470
fit__5124__denoise__random_walk__random_walk__l0.5,1024,50,2,1023,2,1023
fit__5124__denoise__confidence_boost__nes__l0.5,1021,48,9,542,9,687
fit__5124__denoise__boundary_probe__nes__l0.5,1021,49,18,579,5,692
fit__5124__denoise__counterfactual__nes__l0.5,1021,48,5,272,5,398
fit__5124__deblur__attack__nes__l1,1021,47,3,338,3,469
fit__5124__deblur__restore__nes__l1,1021,48,4,401,4,544
fit__5124__deblur__random_walk__random_walk__l1,1024,49,2,1023,2,1023
fit__5124__deblur__confidence_boost__nes__l1,1021,49,7,388,7,566
fit__5124__deblur__boundary_probe__nes__l1,1021,48,6,384,5,515
fit__5124__deblur__counterfactual__nes__l1,1021,48,3,441,3,578
fit__6__denoise__attack__nes__l0.5,1021,48,2,409,2,565
fit__6__denoise__restore__nes__l0.5,1021,47,18,357,5,500
fit__6__denoise__random_walk__random_walk__l0.5,1024,50,2,1023,2,1023
fit__6__denoise__confidence_boost__nes__l0.5,1021,48,4,442,4,605
fit__6__denoise__boundary_probe__nes__l0.5,1021,48,8,552,6,709
fit__6__denoise__counterfactual__nes__l0.5,1021,47,5,368,5,512
fit__6__deblur__attack__nes__l1,1021,50,3,698,2,809
fit__6__deblur__restore__nes__l1,1021,48,2,742,2,849
fit__6__deblur__random_walk__random_walk__l1,1024,49,2,1023,2,1023
fit__6__deblur__confidence_boost__nes__l1,1021,50,5,718,5,837
fit__6__deblur__boundary_probe__nes__l1,1021,48,2,596,2,762
fit__6__deblur__counterfactual__nes__l1,1021,50,2,598,2,721
fit__6788__denoise__attack__nes__l0.5,1021,48,8,304,8,422
fit__6788__denoise__restore__nes__l0.5,1021,47,5,230,5,346
fit__6788__denoise__random_walk__random_walk__l0.5,1024,49,2,1023,2,1023
fit__6788__denoise__confidence_boost__nes__l0.5,1021,48,10,383,3,533
fit__6788__denoise__boundary_probe__nes__l0.5,1021,48,5,495,2,653
fit__6788__denoise__counterfactual__nes__l0.5,1021,47,4,198,4,297
fit__6788__deblur__attack__nes__l1,1021,49,5,538,5,664
fit__6788__deblur__restore__nes__l1,1021,48,11,371,11,523
fit__6788__deblur__random_walk__random_walk__l1,1024,49,2,1023,2,1023
fit__6788__deblur__confidence_boost__nes__l1,1021,48,7,452,3,587
fit__6788__deblur__boundary_probe__nes__l1,1021,47,11,245,5,346
fit__6788__deblur__counterfactual__nes__l1,1021,48,8,270,3,380
fit__2315__denoise__attack__nes__l0.5,1021,49,6,528,5,674
fit__2315__denoise__restore__nes__l0.5,1021,49,14,380,12,522
fit__2315__denoise__random_walk__random_walk__l0.5,1024,49,2,1023,2,1023
fit__2315__denoise__confidence_boost__nes__l0.5,1021,49,2,257,2,368
fit__2315__denoise__boundary_probe__nes__l0.5,1021,48,8,371,8,505
fit__2315__denoise__counterfactual__nes__l0.5,1021,48,18,488,3,628
fit__2315__deblur__attack__nes__l1,1021,48,18,226,3,318
fit__2315__deblur__restore__nes__l1,1021,48,8,175,8,267
fit__2315__deblur__random_walk__random_walk__l1,1024,49,2,1023,2,1023
fit__2315__deblur__confidence_boost__nes__l1,1021,49,18,170,18,246
fit__2315__deblur__boundary_probe__nes__l1,1021,48,18,217,8,307
fit__2315__deblur__counterfactual__nes__l1,1021,47,12,136,3,191
fit__8318__denoise__attack__nes__l0.5,1021,47,4,273,4,387
fit__8318__denoise__restore__nes__l0.5,1021,49,3,332,3,449
fit__8318__denoise__random_walk__random_walk__l0.5,1024,50,2,1023,2,1023
fit__8318__denoise__confidence_boost__nes__l0.5,1021,48,10,397,6,539
fit__8318__denoise__boundary_probe__nes__l0.5,1021,48,3,318,3,458
fit__8318__denoise__counterfactual__nes__l0.5,1021,49,18,333,5,464
fit__8318__deblur__attack__nes__l1,1021,47,7,175,7,259
fit__8318__deblur__restore__nes__l1,1021,49,18,335,18,441
fit__8318__deblur__random_walk__random_walk__l1,1024,50,2,1023,2,1023
fit__8318__deblur__confidence_boost__nes__l1,1021,48,13,370,3,497
fit__8318__deblur__boundary_probe__nes__l1,1021,49,7,221,4,328
fit__8318__deblur__counterfactual__nes__l1,1021,48,3,371,3,517
fit__2526__denoise__attack__nes__l0.5,1021,49,5,456,4,605
fit__2526__denoise__restore__nes__l0.5,1021,49,4,559,3,681
fit__2526__denoise__random_walk__random_walk__l0.5,1024,50,2,1023,2,1023
fit__2526__denoise__confidence_boost__nes__l0.5,1021,49,6,662,4,789
fit__2526__denoise__boundary_probe__nes__l0.5,1021,49,5,426,5,566
fit__2526__denoise__counterfactual__nes__l0.5,1021,50,8,490,5,625
fit__2526__deblur__attack__nes__l1,1021,47,8,249,2,363
fit__2526__deblur__restore__nes__l1,1021,48,4,421,4,563
fit__2526__deblur__random_walk__random_walk__l1,1024,50,2,1023,2,1023
fit__2526__deblur__confidence_boost__nes__l1,1021,49,4,367,4,482
fit__2526__deblur__boundary_probe__nes__l1,1021,48,4,440,3,573
fit__2526__deblur__counterfactual__nes__l1,1021,49,6,265,6,368
fit__1315__denoise__attack__nes__l0.5,1021,48,4,693,4,806
fit__1315__denoise__restore__nes__l0.5,1021,49,6,705,5,820
fit__1315__denoise__random_walk__random_walk__l0.5,1024,50,2,1023,2,1023
fit__1315__denoise__confidence_boost__nes__l0.5,1021,49,3,503,3,659
fit__1315__denoise__boundary_probe__nes__l0.5,1021,49,2,572,2,713
fit__1315__denoise__counterfactual__nes__l0.5,1021,48,4,627,4,762
fit__1315__deblur__attack__nes__l1,1021,49,8,608,3,752
fit__1315__deblur__restore__nes__l1,1021,49,3,561,3,724
fit__1315__deblur__random_walk__random_walk__l1,1024,50,2,1023,2,1023
fit__1315__deblur__confidence_boost__nes__l1,1021,49,4,529,2,667
fit__1315__deblur__boundary_probe__nes__l1,1021,49,2,525,2,686
fit__1315__deblur__counterfactual__nes__l1,1021,49,2,704,2,819
fit__6582__denoise__attack__nes__l0.5,1021,48,18,281,3,426
fit__6582__denoise__restore__nes__l0.5,1021,48,15,258,4,362
fit__6582__denoise__random_walk__random_walk__l0.5,1024,50,2,1023,2,1023
fit__6582__denoise__confidence_boost__nes__l0.5,1021,48,13,252,4,365
fit__6582__denoise__boundary_probe__nes__l0.5,1021,48,18,275,18,394
fit__6582__denoise__counterfactual__nes__l0.5,1021,49,10,259,3,369
fit__6582__deblur__attack__nes__l1,1021,46,8,384,6,523
fit__6582__deblur__restore__nes__l1,1021,48,6,454,6,587
fit__6582__deblur__random_walk__random_walk__l1,1024,49,2,1023,2,1023
fit__6582__deblur__confidence_boost__nes__l1,1021,48,17,364,17,502
fit__6582__deblur__boundary_probe__nes__l1,1021,47,5,214,2,313
fit__6582__deblur__counterfactual__nes__l1,1021,47,4,237,4,366
fit__6199__denoise__attack__nes__l0.5,1021,47,14,217,14,322
fit__6199__denoise__restore__nes__l0.5,1021,49,6,257,3,369
fit__6199__denoise__random_walk__random_walk__l0.5,1024,49,2,1023,2,1023
fit__6199__denoise__confidence_boost__nes__l0.5,1021,47,5,252,5,363
fit__6199__denoise__boundary_probe__nes__l0.5,1021,47,16,239,4,358
fit__6199__denoise__counterfactual__nes__l0.5,1021,48,16,311,16,443
fit__6199__deblur__attack__nes__l1,1021,48,4,437,4,610
fit__6199__deblur__restore__nes__l1,1021,48,18,320,18,448
fit__6199__deblur__random_walk__random_walk__l1,1024,49,2,1023,2,1023
fit__6199__deblur__confidence_boost__nes__l1,1021,49,18,472,6,626
fit__6199__deblur__boundary_probe__nes__l1,1021,48,18,433,12,590
fit__6199__deblur__counterfactual__nes__l1,1021,48,6,511,6,632
fit__8789__denoise__attack__nes__l0.5,1021,48,9,306,6,451
fit__8789__denoise__restore__nes__l0.5,1021,49,3,568,3,681
fit__8789__denoise__random_walk__random_walk__l0.5,1024,50,2,1023,2,1023
fit__8789__denoise__confidence_boost__nes__l0.5,1021,48,2,388,2,518
fit__8789__denoise__boundary_probe__nes__l0.5,1021,48,10,337,3,479
fit__8789__denoise__counterfactual__nes__l0.5,1021,48,5,295,5,409
fit__8789__deblur__attack__nes__l1,1021,48,4,377,4,510
fit__8789__deblur__restore__nes__l1,1021,49,9,397,5,547
fit__8789__deblur__random_walk__random_walk__l1,1024,49,2,1023,2,1023
fit__8789__deblur__confidence_boost__nes__l1,1021,49,3,533,3,681
fit__8789__deblur__boundary_probe__nes__l1,1021,48,14,333,3,464
fit__8789__deblur__counterfactual__nes__l1,1021,49,7,412,7,545
fit__6088__denoise__attack__nes__l0.5,1021,48,5,266,5,392
fit__6088__denoise__restore__nes__l0.5,1021,48,2,230,2,341
fit__6088__denoise__random_walk__random_walk__l0.5,1024,50,2,1023,2,1023
fit__6088__denoise__confidence_boost__nes__l0.5,1021,48,18,264,18,376
fit__6088__denoise__boundary_probe__nes__l0.5,1021,47,18,299,11,427
fit__6088__denoise__counterfactual__nes__l0.5,1021,49,2,350,2,484
fit__6088__deblur__attack__nes__l1,1021,49,6,532,6,659
fit__6088__deblur__restore__nes__l1,1021,48,7,548,7,691
fit__6088__deblur__random_walk__random_walk__l1,1024,50,2,1023,2,1023
fit__6088__deblur__confidence_boost__nes__l1,1021,47,5,309,5,451
fit__6088__deblur__boundary_probe__nes__l1,1021,48,8,501,5,639
fit__6088__deblur__counterfactual__nes__l1,1021,49,3,370,3,510
fit__1209__denoise__attack__nes__l0.5,1021,48,8,590,8,718
fit__1209__denoise__restore__nes__l0.5,1021,49,2,399,2,553
fit__1209__denoise__random_walk__random_walk__l0.5,1024,49,2,1023,2,1023
fit__1209__denoise__confidence_boost__nes__l0.5,1021,48,18,430,12,576
fit__1209__denoise__boundary_probe__nes__l0.5,1021,48,11,289,9,429
fit__1209__denoise__counterfactual__nes__l0.5,1021,47,18,371,18,512
fit__1209__deblur__attack__nes__l1,1021,48,2,606,2,741
fit__1209__deblur__restore__nes__l1,1021,48,7,444,2,582
fit__1209__deblur__random_walk__random_walk__l1,1024,50,2,1023,2,1023
fit__1209__deblur__confidence_boost__nes__l1,1021,49,3,577,3,728
fit__1209__deblur__boundary_probe__nes__l1,1021,50,2,607,2,750
fit__1209__deblur__counterfactual__nes__l1,1021,48,3,619,3,756
fit__7380__denoise__attack__nes__l0.5,1021,49,8,223,8,315
fit__7380__denoise__restore__nes__l0.5,1021,48,3,301,3,413
fit__7380__denoise__random_walk__random_walk__l0.5,1024,49,2,1023,2,1023
fit__7380__denoise__confidence_boost__nes__l0.5,1021,49,11,219,6,316
fit__7380__denoise__boundary_probe__nes__l0.5,1021,47,16,235,16,334
fit__7380__denoise__counterfactual__nes__l0.5,1021,48,18,304,5,414
fit__7380__deblur__attack__nes__l1,1021,49,15,417,9,570
fit__7380__deblur__restore__nes__l1,1021,49,4,669,4,781
fit__7380__deblur__random_walk__random_walk__l1,1024,50,2,1023,2,1023
fit__7380__deblur__confidence_boost__nes__l1,1021,48,12,495,10,639
fit__7380__deblur__boundary_probe__nes__l1,1021,49,4,600,4,752
fit__7380__deblur__counterfactual__nes__l1,1021,47,6,476,2,610
fit__3562__denoise__attack__nes__l0.5,1021,49,10,748,3,849
fit__3562__denoise__restore__nes__l0.5,1021,49,4,467,4,609
fit__3562__denoise__random_walk__random_walk__l0.5,1024,49,2,1023,2,1023
fit__3562__denoise__confidence_boost__nes__l0.5,1021,47,12,441,5,603
fit__3562__denoise__boundary_probe__nes__l0.5,1021,49,5,637,5,751
fit__3562__denoise__counterfactual__nes__l0.5,1021,49,5,521,5,666
fit__3562__deblur__attack__nes__l1,1021,49,2,565,2,728
fit__3562__deblur__restore__nes__l1,1021,49,5,639,4,774
fit__3562__deblur__random_walk__random_walk__l1,1024,49,2,1023,2,1023
fit__3562__deblur__confidence_boost__nes__l1,1021,47,2,485,2,650
fit__3562__deblur__boundary_probe__nes__l1,1021,49,9,438,3,611
fit__3562__deblur__counterfactual__nes__l1,1021,48,2,696,2,815
fit__6737__denoise__attack__nes__l0.5,1021,48,4,676,2,804
fit__6737__denoise__restore__nes__l0.5,1021,48,4,570,3,736
fit__6737__denoise__random_walk__random_walk__l0.5,1024,49,2,1023,2,1023
fit__6737__denoise__confidence_boost__nes__l0.5,1021,49,9,711,5,846
fit__6737__denoise__boundary_probe__nes__l0.5,1021,49,5,622,5,756
fit__6737__denoise__counterfactual__nes__l0.5,1021,48,3,671,3,793
fit__6737__deblur__attack__nes__l1,1021,49,2,741,2,856
fit__6737__deblur__restore__nes__l1,1021,49,4,719,4,841
fit__6737__deblur__random_walk__random_walk__l1,1024,49,2,1023,2,1023
fit__6737__deblur__confidence_boost__nes__l1,1021,49,2,624,2,792
fit__6737__deblur__boundary_probe__nes__l1,1021,49,2,696,2,838
fit__6737__deblur__counterfactual__nes__l1,1021,49,5,664,5,823
fit__4928__denoise__attack__nes__l0.5,1021,47,4,263,3,381
fit__4928__denoise__restore__nes__l0.5,1021,48,18,353,4,480
fit__4928__denoise__random_walk__random_walk__l0.5,1024,49,2,1023,2,1023
fit__4928__denoise__confidence_boost__nes__l0.5,1021,48,2,253,2,375
fit__4928__denoise__boundary_probe__nes__l0.5,1021,49,15,396,3,529
fit__4928__denoise__counterfactual__nes__l0.5,1021,49,12,176,3,278
fit__4928__deblur__attack__nes__l1,1021,49,3,500,2,637
fit__4928__deblur__restore__nes__l1,1021,48,8,362,8,482
fit__4928__deblur__random_walk__random_walk__l1,1024,50,2,1023,2,1023
fit__4928__deblur__confidence_boost__nes__l1,1021,48,2,471,2,603
fit__4928__deblur__boundary_probe__nes__l1,1021,48,2,415,2,547
fit__4928__deblur__counterfactual__nes__l1,1021,48,7,348,5,484
calibration__7616__denoise__attack__nes__l0.5,1021,48,3,615,3,728
calibration__7616__denoise__restore__nes__l0.5,1021,48,3,421,3,542
calibration__7616__denoise__random_walk__random_walk__l0.5,1024,49,2,1023,2,1023
calibration__7616__denoise__confidence_boost__nes__l0.5,1021,49,8,475,8,650
calibration__7616__denoise__boundary_probe__nes__l0.5,1021,49,7,616,7,752
calibration__7616__denoise__counterfactual__nes__l0.5,1021,47,7,504,7,645
calibration__7616__deblur__attack__nes__l1,1021,49,18,107,18,149
calibration__7616__deblur__restore__nes__l1,1021,47,18,102,18,144
calibration__7616__deblur__random_walk__random_walk__l1,1024,49,2,1023,2,1023
calibration__7616__deblur__confidence_boost__nes__l1,1021,46,18,123,18,176
calibration__7616__deblur__boundary_probe__nes__l1,1021,48,10,153,10,214
calibration__7616__deblur__counterfactual__nes__l1,1021,46,18,85,18,129
calibration__2694__denoise__attack__nes__l0.5,1021,47,4,486,4,648
calibration__2694__denoise__restore__nes__l0.5,1021,47,18,370,5,502
calibration__2694__denoise__random_walk__random_walk__l0.5,1024,49,2,1023,2,1023
calibration__2694__denoise__confidence_boost__nes__l0.5,1021,48,18,491,7,639
calibration__2694__denoise__boundary_probe__nes__l0.5,1021,49,12,414,7,559
calibration__2694__denoise__counterfactual__nes__l0.5,1021,47,3,440,3,596
calibration__2694__deblur__attack__nes__l1,1021,49,16,342,4,473
calibration__2694__deblur__restore__nes__l1,1021,47,9,300,4,424
calibration__2694__deblur__random_walk__random_walk__l1,1024,49,2,1023,2,1023
calibration__2694__deblur__confidence_boost__nes__l1,1021,48,3,509,3,651
calibration__2694__deblur__boundary_probe__nes__l1,1021,49,17,361,17,492
calibration__2694__deblur__counterfactual__nes__l1,1021,49,5,253,2,354
calibration__7894__denoise__attack__nes__l0.5,1021,49,12,248,11,375
calibration__7894__denoise__restore__nes__l0.5,1021,48,5,335,5,461
calibration__7894__denoise__random_walk__random_walk__l0.5,1024,50,2,1023,2,1023
calibration__7894__denoise__confidence_boost__nes__l0.5,1021,47,10,352,3,487
calibration__7894__denoise__boundary_probe__nes__l0.5,1021,48,18,161,18,272
calibration__7894__denoise__counterfactual__nes__l0.5,1021,47,15,183,15,280
calibration__7894__deblur__attack__nes__l1,1021,49,18,273,10,385
calibration__7894__deblur__restore__nes__l1,1021,47,16,301,12,440
calibration__7894__deblur__random_walk__random_walk__l1,1024,49,2,1023,2,1023
calibration__7894__deblur__confidence_boost__nes__l1,1021,47,18,391,13,510
calibration__7894__deblur__boundary_probe__nes__l1,1021,48,18,265,18,392
calibration__7894__deblur__counterfactual__nes__l1,1021,47,11,224,11,307
calibration__3733__denoise__attack__nes__l0.5,1021,49,2,551,2,718
calibration__3733__denoise__restore__nes__l0.5,1021,49,4,679,4,806
calibration__3733__denoise__random_walk__random_walk__l0.5,1024,49,2,1023,2,1023
calibration__3733__denoise__confidence_boost__nes__l0.5,1021,49,3,406,3,560
calibration__3733__denoise__boundary_probe__nes__l0.5,1021,49,2,664,2,788
calibration__3733__denoise__counterfactual__nes__l0.5,1021,48,3,605,3,760
calibration__3733__deblur__attack__nes__l1,1021,50,2,474,2,605
calibration__3733__deblur__restore__nes__l1,1021,48,10,490,10,623
calibration__3733__deblur__random_walk__random_walk__l1,1024,50,2,1023,2,1023
calibration__3733__deblur__confidence_boost__nes__l1,1021,48,2,385,2,514
calibration__3733__deblur__boundary_probe__nes__l1,1021,47,2,367,2,492
calibration__3733__deblur__counterfactual__nes__l1,1021,48,10,441,10,589
calibration__8988__denoise__attack__nes__l0.5,1021,48,3,265,3,397
calibration__8988__denoise__restore__nes__l0.5,1021,48,3,234,3,353
calibration__8988__denoise__random_walk__random_walk__l0.5,1024,49,2,1023,2,1023
calibration__8988__denoise__confidence_boost__nes__l0.5,1021,48,13,347,13,500
calibration__8988__denoise__boundary_probe__nes__l0.5,1021,48,8,391,8,530
calibration__8988__denoise__counterfactual__nes__l0.5,1021,48,7,203,4,314
calibration__8988__deblur__attack__nes__l1,1021,48,2,557,2,740
calibration__8988__deblur__restore__nes__l1,1021,48,3,762,3,894
calibration__8988__deblur__random_walk__random_walk__l1,1024,49,2,1023,2,1023
calibration__8988__deblur__confidence_boost__nes__l1,1021,49,2,799,2,913
calibration__8988__deblur__boundary_probe__nes__l1,1021,47,5,585,4,742
calibration__8988__deblur__counterfactual__nes__l1,1021,49,4,642,4,786
calibration__4914__denoise__attack__nes__l0.5,1021,48,9,439,8,572
calibration__4914__denoise__restore__nes__l0.5,1021,48,2,578,2,726
calibration__4914__denoise__random_walk__random_walk__l0.5,1024,50,2,1023,2,1023
calibration__4914__denoise__confidence_boost__nes__l0.5,1021,50,3,375,3,526
calibration__4914__denoise__boundary_probe__nes__l0.5,1021,49,5,549,5,706
calibration__4914__denoise__counterfactual__nes__l0.5,1021,48,11,391,2,564
calibration__4914__deblur__attack__nes__l1,1021,48,2,569,2,712
calibration__4914__deblur__restore__nes__l1,1021,48,9,482,9,612
calibration__4914__deblur__random_walk__random_walk__l1,1024,49,2,1023,2,1023
calibration__4914__deblur__confidence_boost__nes__l1,1021,48,8,425,3,569
calibration__4914__deblur__boundary_probe__nes__l1,1021,49,4,424,4,563
calibration__4914__deblur__counterfactual__nes__l1,1021,49,6,525,6,680
calibration__3447__denoise__attack__nes__l0.5,1021,47,14,248,14,346
calibration__3447__denoise__restore__nes__l0.5,1021,47,3,323,3,454
calibration__3447__denoise__random_walk__random_walk__l0.5,1024,49,2,1023,2,1023
calibration__3447__denoise__confidence_boost__nes__l0.5,1021,48,7,241,7,365
calibration__3447__denoise__boundary_probe__nes__l0.5,1021,48,13,347,3,505
calibration__3447__denoise__counterfactual__nes__l0.5,1021,47,9,297,9,398
calibration__3447__deblur__attack__nes__l1,1021,49,2,607,2,736
calibration__3447__deblur__restore__nes__l1,1021,49,4,757,4,848
calibration__3447__deblur__random_walk__random_walk__l1,1024,49,2,1023,2,1023
calibration__3447__deblur__confidence_boost__nes__l1,1021,48,3,560,3,737
calibration__3447__deblur__boundary_probe__nes__l1,1021,49,3,681,3,818
calibration__3447__deblur__counterfactual__nes__l1,1021,48,4,486,4,625
calibration__8500__denoise__attack__nes__l0.5,1021,48,12,281,2,407
calibration__8500__denoise__restore__nes__l0.5,1021,47,11,306,9,450
calibration__8500__denoise__random_walk__random_walk__l0.5,1024,50,2,1023,2,1023
calibration__8500__denoise__confidence_boost__nes__l0.5,1021,48,8,337,8,472
calibration__8500__denoise__boundary_probe__nes__l0.5,1021,48,5,305,3,422
calibration__8500__denoise__counterfactual__nes__l0.5,1021,49,3,324,2,454
calibration__8500__deblur__attack__nes__l1,1021,47,2,242,2,332
calibration__8500__deblur__restore__nes__l1,1021,48,16,366,16,475
calibration__8500__deblur__random_walk__random_walk__l1,1024,49,2,1023,2,1023
calibration__8500__deblur__confidence_boost__nes__l1,1021,48,4,311,4,424
calibration__8500__deblur__boundary_probe__nes__l1,1021,48,12,296,12,402
calibration__8500__deblur__counterfactual__nes__l1,1021,49,9,375,9,482
calibration__5673__denoise__attack__nes__l0.5,1021,47,2,381,2,523
calibration__5673__denoise__restore__nes__l0.5,1021,48,2,318,2,453
calibration__5673__denoise__random_walk__random_walk__l0.5,1024,50,2,1023,2,1023
calibration__5673__denoise__confidence_boost__nes__l0.5,1021,49,4,400,4,520
calibration__5673__denoise__boundary_probe__nes__l0.5,1021,49,3,528,3,694
calibration__5673__denoise__counterfactual__nes__l0.5,1021,48,4,505,4,659
calibration__5673__deblur__attack__nes__l1,1021,48,3,484,3,641
calibration__5673__deblur__restore__nes__l1,1021,48,3,273,3,397
calibration__5673__deblur__random_walk__random_walk__l1,1024,49,2,1023,2,1023
calibration__5673__deblur__confidence_boost__nes__l1,1021,48,2,193,2,270
calibration__5673__deblur__boundary_probe__nes__l1,1021,49,10,349,10,469
calibration__5673__deblur__counterfactual__nes__l1,1021,49,18,440,2,549
calibration__9654__denoise__attack__nes__l0.5,1021,48,10,182,10,268
calibration__9654__denoise__restore__nes__l0.5,1021,49,2,191,2,287
calibration__9654__denoise__random_walk__random_walk__l0.5,1024,49,2,1023,2,1023
calibration__9654__denoise__confidence_boost__nes__l0.5,1021,48,18,350,13,483
calibration__9654__denoise__boundary_probe__nes__l0.5,1021,48,3,251,3,352
calibration__9654__denoise__counterfactual__nes__l0.5,1021,47,4,269,4,385
calibration__9654__deblur__attack__nes__l1,1021,48,2,214,2,301
calibration__9654__deblur__restore__nes__l1,1021,47,2,291,2,401
calibration__9654__deblur__random_walk__random_walk__l1,1024,49,2,1023,2,1023
calibration__9654__deblur__confidence_boost__nes__l1,1021,48,5,370,5,525
calibration__9654__deblur__boundary_probe__nes__l1,1021,49,8,353,2,491
calibration__9654__deblur__counterfactual__nes__l1,1021,48,18,154,7,237
calibration__5761__denoise__attack__nes__l0.5,1021,49,5,464,3,616
calibration__5761__denoise__restore__nes__l0.5,1021,49,2,372,2,516
calibration__5761__denoise__random_walk__random_walk__l0.5,1024,50,2,1023,2,1023
calibration__5761__denoise__confidence_boost__nes__l0.5,1021,49,18,308,7,435
calibration__5761__denoise__boundary_probe__nes__l0.5,1021,49,4,414,4,545
calibration__5761__denoise__counterfactual__nes__l0.5,1021,49,18,410,18,565
calibration__5761__deblur__attack__nes__l1,1021,48,5,625,5,765
calibration__5761__deblur__restore__nes__l1,1021,48,2,701,2,819
calibration__5761__deblur__random_walk__random_walk__l1,1024,50,2,1023,2,1023
calibration__5761__deblur__confidence_boost__nes__l1,1021,48,3,804,3,895
calibration__5761__deblur__boundary_probe__nes__l1,1021,48,2,509,2,655
calibration__5761__deblur__counterfactual__nes__l1,1021,48,6,620,3,766
calibration__1476__denoise__attack__nes__l0.5,1021,48,18,133,18,207
calibration__1476__denoise__restore__nes__l0.5,1021,49,18,185,18,281
calibration__1476__denoise__random_walk__random_walk__l0.5,1024,49,2,1023,2,1023
calibration__1476__denoise__confidence_boost__nes__l0.5,1021,47,18,113,18,162
calibration__1476__denoise__boundary_probe__nes__l0.5,1021,49,12,277,12,380
calibration__1476__denoise__counterfactual__nes__l0.5,1021,49,18,164,18,236
calibration__1476__deblur__attack__nes__l1,1021,49,2,571,2,704
calibration__1476__deblur__restore__nes__l1,1021,49,3,769,3,847
calibration__1476__deblur__random_walk__random_walk__l1,1024,49,2,1023,2,1023
calibration__1476__deblur__confidence_boost__nes__l1,1021,48,13,551,13,693
calibration__1476__deblur__boundary_probe__nes__l1,1021,48,4,438,2,582
calibration__1476__deblur__counterfactual__nes__l1,1021,49,3,453,3,607
calibration__5998__denoise__attack__nes__l0.5,1021,48,8,335,4,472
calibration__5998__denoise__restore__nes__l0.5,1021,48,3,456,3,597
calibration__5998__denoise__random_walk__random_walk__l0.5,1024,50,2,1023,2,1023
calibration__5998__denoise__confidence_boost__nes__l0.5,1021,48,3,442,3,581
calibration__5998__denoise__boundary_probe__nes__l0.5,1021,49,3,570,3,724
calibration__5998__denoise__counterfactual__nes__l0.5,1021,49,3,347,3,495
calibration__5998__deblur__attack__nes__l1,1021,49,2,498,2,631
calibration__5998__deblur__restore__nes__l1,1021,49,4,496,4,652
calibration__5998__deblur__random_walk__random_walk__l1,1024,50,2,1023,2,1023
calibration__5998__deblur__confidence_boost__nes__l1,1021,48,2,362,2,505
calibration__5998__deblur__boundary_probe__nes__l1,1021,49,10,402,3,540
calibration__5998__deblur__counterfactual__nes__l1,1021,49,5,591,5,727
calibration__4115__denoise__attack__nes__l0.5,1021,48,18,355,18,488
calibration__4115__denoise__restore__nes__l0.5,1021,48,3,189,3,268
calibration__4115__denoise__random_walk__random_walk__l0.5,1024,49,2,1023,2,1023
calibration__4115__denoise__confidence_boost__nes__l0.5,1021,48,4,285,2,417
calibration__4115__denoise__boundary_probe__nes__l0.5,1021,48,18,322,18,447
calibration__4115__denoise__counterfactual__nes__l0.5,1021,48,2,272,2,392
calibration__4115__deblur__attack__nes__l1,1021,49,3,907,2,968
calibration__4115__deblur__restore__nes__l1,1021,49,2,707,2,867
calibration__4115__deblur__random_walk__random_walk__l1,1024,49,2,1023,2,1023
calibration__4115__deblur__confidence_boost__nes__l1,1021,48,2,864,2,940
calibration__4115__deblur__boundary_probe__nes__l1,1021,48,3,870,2,950
calibration__4115__deblur__counterfactual__nes__l1,1021,48,5,773,2,887
calibration__9115__denoise__attack__nes__l0.5,1021,49,18,307,18,411
calibration__9115__denoise__restore__nes__l0.5,1021,47,18,225,10,312
calibration__9115__denoise__random_walk__random_walk__l0.5,1024,49,2,1023,2,1023
calibration__9115__denoise__confidence_boost__nes__l0.5,1021,49,9,129,9,192
calibration__9115__denoise__boundary_probe__nes__l0.5,1021,47,18,147,18,228
calibration__9115__denoise__counterfactual__nes__l0.5,1021,47,4,153,4,220
calibration__9115__deblur__attack__nes__l1,1021,49,2,272,2,395
calibration__9115__deblur__restore__nes__l1,1021,48,6,300,2,436
calibration__9115__deblur__random_walk__random_walk__l1,1024,49,2,1023,2,1023
calibration__9115__deblur__confidence_boost__nes__l1,1021,48,2,479,2,628
calibration__9115__deblur__boundary_probe__nes__l1,1021,50,2,363,2,497
calibration__9115__deblur__counterfactual__nes__l1,1021,49,2,396,2,504
calibration__7729__denoise__attack__nes__l0.5,1021,48,8,419,8,569
calibration__7729__denoise__restore__nes__l0.5,1021,48,3,379,3,546
calibration__7729__denoise__random_walk__random_walk__l0.5,1024,50,2,1023,2,1023
calibration__7729__denoise__confidence_boost__nes__l0.5,1021,47,4,430,4,594
calibration__7729__denoise__boundary_probe__nes__l0.5,1021,49,18,404,14,567
calibration__7729__denoise__counterfactual__nes__l0.5,1021,48,9,346,4,493
calibration__7729__deblur__attack__nes__l1,1021,47,10,503,10,650
calibration__7729__deblur__restore__nes__l1,1021,49,3,559,3,703
calibration__7729__deblur__random_walk__random_walk__l1,1024,49,2,1023,2,1023
calibration__7729__deblur__confidence_boost__nes__l1,1021,49,2,659,2,782
calibration__7729__deblur__boundary_probe__nes__l1,1021,48,9,553,8,712
calibration__7729__deblur__counterfactual__nes__l1,1021,49,2,688,2,809
evaluation__406__denoise__attack__nes__l0.5,1021,48,2,542,2,673
evaluation__406__denoise__restore__nes__l0.5,1021,47,2,400,2,537
evaluation__406__denoise__random_walk__random_walk__l0.5,1024,50,2,1023,2,1023
evaluation__406__denoise__confidence_boost__nes__l0.5,1021,48,14,546,2,685
evaluation__406__denoise__boundary_probe__nes__l0.5,1021,48,3,340,3,453
evaluation__406__denoise__counterfactual__nes__l0.5,1021,47,3,391,3,521
evaluation__406__deblur__attack__nes__l1,1021,47,18,149,18,223
evaluation__406__deblur__restore__nes__l1,1021,47,18,105,18,166
evaluation__406__deblur__random_walk__random_walk__l1,1024,49,2,1023,2,1023
evaluation__406__deblur__confidence_boost__nes__l1,1021,47,6,249,6,366
evaluation__406__deblur__boundary_probe__nes__l1,1021,47,10,173,10,274
evaluation__406__deblur__counterfactual__nes__l1,1021,47,2,257,2,367
evaluation__6350__denoise__attack__nes__l0.5,1021,47,3,476,3,647
evaluation__6350__denoise__restore__nes__l0.5,1021,47,10,350,10,499
evaluation__6350__denoise__random_walk__random_walk__l0.5,1024,50,2,1023,2,1023
evaluation__6350__denoise__confidence_boost__nes__l0.5,1021,47,3,580,3,711
evaluation__6350__denoise__boundary_probe__nes__l0.5,1021,48,18,544,14,694
evaluation__6350__denoise__counterfactual__nes__l0.5,1021,48,13,358,11,544
evaluation__6350__deblur__attack__nes__l1,1021,49,4,751,4,854
evaluation__6350__deblur__restore__nes__l1,1021,49,7,560,6,706
evaluation__6350__deblur__random_walk__random_walk__l1,1024,49,2,1023,2,1023
evaluation__6350__deblur__confidence_boost__nes__l1,1021,49,2,513,2,656
evaluation__6350__deblur__boundary_probe__nes__l1,1021,49,2,618,2,735
evaluation__6350__deblur__counterfactual__nes__l1,1021,49,2,449,2,604
evaluation__9144__denoise__attack__nes__l0.5,1021,49,4,504,3,616
evaluation__9144__denoise__restore__nes__l0.5,1021,48,4,389,4,506
evaluation__9144__denoise__random_walk__random_walk__l0.5,1024,50,2,1023,2,1023
evaluation__9144__denoise__confidence_boost__nes__l0.5,1021,49,8,475,8,612
evaluation__9144__denoise__boundary_probe__nes__l0.5,1021,49,4,478,4,616
evaluation__9144__denoise__counterfactual__nes__l0.5,1021,46,12,429,4,577
evaluation__9144__deblur__attack__nes__l1,1021,48,3,349,3,465
evaluation__9144__deblur__restore__nes__l1,1021,48,16,344,9,477
evaluation__9144__deblur__random_walk__random_walk__l1,1024,50,2,1023,2,1023
evaluation__9144__deblur__confidence_boost__nes__l1,1021,48,7,513,7,641
evaluation__9144__deblur__boundary_probe__nes__l1,1021,47,5,443,5,571
evaluation__9144__deblur__counterfactual__nes__l1,1021,47,12,268,12,379
evaluation__9991__denoise__attack__nes__l0.5,1021,48,6,495,6,642
evaluation__9991__denoise__restore__nes__l0.5,1021,49,2,415,2,544
evaluation__9991__denoise__random_walk__random_walk__l0.5,1024,50,2,1023,2,1023
evaluation__9991__denoise__confidence_boost__nes__l0.5,1021,49,4,599,2,729
evaluation__9991__denoise__boundary_probe__nes__l0.5,1021,48,4,433,4,595
evaluation__9991__denoise__counterfactual__nes__l0.5,1021,48,3,528,3,649
evaluation__9991__deblur__attack__nes__l1,1021,48,10,169,10,243
evaluation__9991__deblur__restore__nes__l1,1021,49,18,215,18,325
evaluation__9991__deblur__random_walk__random_walk__l1,1024,49,2,1023,2,1023
evaluation__9991__deblur__confidence_boost__nes__l1,1021,48,8,286,6,403
evaluation__9991__deblur__boundary_probe__nes__l1,1021,48,18,164,18,243
evaluation__9991__deblur__counterfactual__nes__l1,1021,47,4,225,4,305
evaluation__1706__denoise__attack__nes__l0.5,1021,47,18,94,18,121
evaluation__1706__denoise__restore__nes__l0.5,1021,47,3,79,3,103
evaluation__1706__denoise__random_walk__random_walk__l0.5,1024,49,2,1023,2,1023
evaluation__1706__denoise__confidence_boost__nes__l0.5,1021,48,18,123,18,188
evaluation__1706__denoise__boundary_probe__nes__l0.5,1021,47,18,78,18,110
evaluation__1706__denoise__counterfactual__nes__l0.5,1021,46,18,105,18,161
evaluation__1706__deblur__attack__nes__l1,1021,50,18,258,9,388
evaluation__1706__deblur__restore__nes__l1,1021,48,18,285,17,420
evaluation__1706__deblur__random_walk__random_walk__l1,1024,49,2,1023,2,1023
evaluation__1706__deblur__confidence_boost__nes__l1,1021,49,3,394,3,539
evaluation__1706__deblur__boundary_probe__nes__l1,1021,48,18,251,18,341
evaluation__1706__deblur__counterfactual__nes__l1,1021,48,18,271,18,376
evaluation__4647__denoise__attack__nes__l0.5,1021,49,3,587,3,719
evaluation__4647__denoise__restore__nes__l0.5,1021,47,2,402,2,574
evaluation__4647__denoise__random_walk__random_walk__l0.5,1024,49,2,1023,2,1023
evaluation__4647__denoise__confidence_boost__nes__l0.5,1021,48,11,509,5,698
evaluation__4647__denoise__boundary_probe__nes__l0.5,1021,49,8,792,8,879
evaluation__4647__denoise__counterfactual__nes__l0.5,1021,48,2,396,2,537
evaluation__4647__deblur__attack__nes__l1,1021,48,2,269,2,373
evaluation__4647__deblur__restore__nes__l1,1021,49,18,173,15,242
evaluation__4647__deblur__random_walk__random_walk__l1,1024,49,2,1023,2,1023
evaluation__4647__deblur__confidence_boost__nes__l1,1021,46,18,124,18,191
evaluation__4647__deblur__boundary_probe__nes__l1,1021,49,18,117,18,167
evaluation__4647__deblur__counterfactual__nes__l1,1021,48,18,167,15,233
evaluation__9016__denoise__attack__nes__l0.5,1021,49,13,335,6,471
evaluation__9016__denoise__restore__nes__l0.5,1021,49,8,254,8,355
evaluation__9016__denoise__random_walk__random_walk__l0.5,1024,50,2,1023,2,1023
evaluation__9016__denoise__confidence_boost__nes__l0.5,1021,49,18,359,10,498
evaluation__9016__denoise__boundary_probe__nes__l0.5,1021,48,18,374,14,519
evaluation__9016__denoise__counterfactual__nes__l0.5,1021,48,3,316,3,446
evaluation__9016__deblur__attack__nes__l1,1021,49,3,711,2,836
evaluation__9016__deblur__restore__nes__l1,1021,49,2,812,2,927
evaluation__9016__deblur__random_walk__random_walk__l1,1024,50,2,1023,2,1023
evaluation__9016__deblur__confidence_boost__nes__l1,1021,49,5,896,5,965
evaluation__9016__deblur__boundary_probe__nes__l1,1021,49,2,908,2,966
evaluation__9016__deblur__counterfactual__nes__l1,1021,49,2,687,2,812
evaluation__1528__denoise__attack__nes__l0.5,1021,46,4,362,4,504
evaluation__1528__denoise__restore__nes__l0.5,1021,49,3,681,3,801
evaluation__1528__denoise__random_walk__random_walk__l0.5,1024,49,2,1023,2,1023
evaluation__1528__denoise__confidence_boost__nes__l0.5,1021,48,3,542,3,685
evaluation__1528__denoise__boundary_probe__nes__l0.5,1021,49,2,506,2,646
evaluation__1528__denoise__counterfactual__nes__l0.5,1021,48,2,428,2,576
evaluation__1528__deblur__attack__nes__l1,1021,49,18,406,9,546
evaluation__1528__deblur__restore__nes__l1,1021,47,12,393,2,518
evaluation__1528__deblur__random_walk__random_walk__l1,1024,50,2,1023,2,1023
evaluation__1528__deblur__confidence_boost__nes__l1,1021,49,2,436,2,560
evaluation__1528__deblur__boundary_probe__nes__l1,1021,49,5,366,2,503
evaluation__1528__deblur__counterfactual__nes__l1,1021,47,2,389,2,506
evaluation__3541__denoise__attack__nes__l0.5,1021,48,18,393,18,530
evaluation__3541__denoise__restore__nes__l0.5,1021,48,18,357,3,504
evaluation__3541__denoise__random_walk__random_walk__l0.5,1024,49,2,1023,2,1023
evaluation__3541__denoise__confidence_boost__nes__l0.5,1021,47,9,303,9,434
evaluation__3541__denoise__boundary_probe__nes__l0.5,1021,49,5,344,5,478
evaluation__3541__denoise__counterfactual__nes__l0.5,1021,47,18,301,2,417
evaluation__3541__deblur__attack__nes__l1,1021,48,3,511,3,660
evaluation__3541__deblur__restore__nes__l1,1021,48,6,528,3,675
evaluation__3541__deblur__random_walk__random_walk__l1,1024,49,2,1023,2,1023
evaluation__3541__deblur__confidence_boost__nes__l1,1021,49,2,623,2,772
evaluation__3541__deblur__boundary_probe__nes__l1,1021,47,6,452,6,612
evaluation__3541__deblur__counterfactual__nes__l1,1021,49,13,420,5,575
evaluation__6881__denoise__attack__nes__l0.5,1021,48,5,444,5,582
evaluation__6881__denoise__restore__nes__l0.5,1021,49,12,492,5,649
evaluation__6881__denoise__random_walk__random_walk__l0.5,1024,49,2,1023,2,1023
evaluation__6881__denoise__confidence_boost__nes__l0.5,1021,47,8,423,5,601
evaluation__6881__denoise__boundary_probe__nes__l0.5,1021,49,3,641,3,782
evaluation__6881__denoise__counterfactual__nes__l0.5,1021,48,7,581,2,744
evaluation__6881__deblur__attack__nes__l1,1021,48,18,455,18,602
evaluation__6881__deblur__restore__nes__l1,1021,48,18,256,14,365
evaluation__6881__deblur__random_walk__random_walk__l1,1024,49,2,1023,2,1023
evaluation__6881__deblur__confidence_boost__nes__l1,1021,48,3,410,3,539
evaluation__6881__deblur__boundary_probe__nes__l1,1021,47,4,277,4,402
evaluation__6881__deblur__counterfactual__nes__l1,1021,47,8,331,8,454
evaluation__121__denoise__attack__nes__l0.5,1021,48,7,352,7,485
evaluation__121__denoise__restore__nes__l0.5,1021,48,15,416,11,590
evaluation__121__denoise__random_walk__random_walk__l0.5,1024,50,2,1023,2,1023
evaluation__121__denoise__confidence_boost__nes__l0.5,1021,49,18,466,2,625
evaluation__121__denoise__boundary_probe__nes__l0.5,1021,48,6,345,6,475
evaluation__121__denoise__counterfactual__nes__l0.5,1021,48,7,444,7,588
evaluation__121__deblur__attack__nes__l1,1021,49,13,500,2,639
evaluation__121__deblur__restore__nes__l1,1021,48,5,448,5,611
evaluation__121__deblur__random_walk__random_walk__l1,1024,50,2,1023,2,1023
evaluation__121__deblur__confidence_boost__nes__l1,1021,48,18,447,4,601
evaluation__121__deblur__boundary_probe__nes__l1,1021,50,7,574,7,696
evaluation__121__deblur__counterfactual__nes__l1,1021,48,18,300,5,436
evaluation__3508__denoise__attack__nes__l0.5,1021,48,4,674,4,817
evaluation__3508__denoise__restore__nes__l0.5,1021,48,3,431,2,574
evaluation__3508__denoise__random_walk__random_walk__l0.5,1024,50,2,1023,2,1023
evaluation__3508__denoise__confidence_boost__nes__l0.5,1021,50,4,686,4,801
evaluation__3508__denoise__boundary_probe__nes__l0.5,1021,49,4,389,2,549
evaluation__3508__denoise__counterfactual__nes__l0.5,1021,48,4,529,2,656
evaluation__3508__deblur__attack__nes__l1,1021,47,2,556,2,713
evaluation__3508__deblur__restore__nes__l1,1021,48,7,580,7,729
evaluation__3508__deblur__random_walk__random_walk__l1,1024,49,2,1023,2,1023
evaluation__3508__deblur__confidence_boost__nes__l1,1021,49,2,568,2,731
evaluation__3508__deblur__boundary_probe__nes__l1,1021,49,4,511,2,657
evaluation__3508__deblur__counterfactual__nes__l1,1021,49,2,451,2,607
evaluation__7004__denoise__attack__nes__l0.5,1021,48,18,292,18,428
evaluation__7004__denoise__restore__nes__l0.5,1021,47,2,220,2,331
evaluation__7004__denoise__random_walk__random_walk__l0.5,1024,49,2,1023,2,1023
evaluation__7004__denoise__confidence_boost__nes__l0.5,1021,48,18,325,18,444
evaluation__7004__denoise__boundary_probe__nes__l0.5,1021,49,8,348,8,471
evaluation__7004__denoise__counterfactual__nes__l0.5,1021,47,13,347,12,474
evaluation__7004__deblur__attack__nes__l1,1021,47,3,541,3,681
evaluation__7004__deblur__restore__nes__l1,1021,49,13,653,13,799
evaluation__7004__deblur__random_walk__random_walk__l1,1024,49,2,1023,2,1023
evaluation__7004__deblur__confidence_boost__nes__l1,1021,49,3,592,3,735
evaluation__7004__deblur__boundary_probe__nes__l1,1021,47,10,474,8,652
evaluation__7004__deblur__counterfactual__nes__l1,1021,48,2,569,2,710
evaluation__9277__denoise__attack__nes__l0.5,1021,48,15,281,8,410
evaluation__9277__denoise__restore__nes__l0.5,1021,48,10,470,6,629
evaluation__9277__denoise__random_walk__random_walk__l0.5,1024,50,2,1023,2,1023
evaluation__9277__denoise__confidence_boost__nes__l0.5,1021,47,4,348,4,498
evaluation__9277__denoise__boundary_probe__nes__l0.5,1021,49,5,486,5,629
evaluation__9277__denoise__counterfactual__nes__l0.5,1021,48,12,381,12,521
evaluation__9277__deblur__attack__nes__l1,1021,49,2,497,2,631
evaluation__9277__deblur__restore__nes__l1,1021,48,9,353,9,502
evaluation__9277__deblur__random_walk__random_walk__l1,1024,49,2,1023,2,1023
evaluation__9277__deblur__confidence_boost__nes__l1,1021,48,7,432,7,578
evaluation__9277__deblur__boundary_probe__nes__l1,1021,49,7,344,3,486
evaluation__9277__deblur__counterfactual__nes__l1,1021,48,2,308,2,438
evaluation__3809__denoise__attack__nes__l0.5,1021,47,18,301,14,456
evaluation__3809__denoise__restore__nes__l0.5,1021,48,17,296,17,414
evaluation__3809__denoise__random_walk__random_walk__l0.5,1024,50,2,1023,2,1023
evaluation__3809__denoise__confidence_boost__nes__l0.5,1021,48,8,521,8,644
evaluation__3809__denoise__boundary_probe__nes__l0.5,1021,48,9,459,9,615
evaluation__3809__denoise__counterfactual__nes__l0.5,1021,47,4,512,4,668
evaluation__3809__deblur__attack__nes__l1,1021,48,2,540,2,672
evaluation__3809__deblur__restore__nes__l1,1021,49,10,482,10,644
evaluation__3809__deblur__random_walk__random_walk__l1,1024,50,2,1023,2,1023
evaluation__3809__deblur__confidence_boost__nes__l1,1021,49,4,533,4,666
evaluation__3809__deblur__boundary_probe__nes__l1,1021,48,15,439,2,606
evaluation__3809__deblur__counterfactual__nes__l1,1021,49,3,503,2,638
evaluation__5866__denoise__attack__nes__l0.5,1021,49,3,616,3,752
evaluation__5866__denoise__restore__nes__l0.5,1021,48,4,654,2,777
evaluation__5866__denoise__random_walk__random_walk__l0.5,1024,49,2,1023,2,1023
evaluation__5866__denoise__confidence_boost__nes__l0.5,1021,49,7,519,7,637
evaluation__5866__denoise__boundary_probe__nes__l0.5,1021,50,2,773,2,859
evaluation__5866__denoise__counterfactual__nes__l0.5,1021,49,3,558,2,687
evaluation__5866__deblur__attack__nes__l1,1021,48,5,536,5,667
evaluation__5866__deblur__restore__nes__l1,1021,48,18,372,3,509
evaluation__5866__deblur__random_walk__random_walk__l1,1024,50,2,1023,2,1023
evaluation__5866__deblur__confidence_boost__nes__l1,1021,49,2,536,2,658
evaluation__5866__deblur__boundary_probe__nes__l1,1021,48,14,390,3,481
evaluation__5866__deblur__counterfactual__nes__l1,1021,50,11,517,4,638
evaluation__9035__denoise__attack__nes__l0.5,1021,47,5,267,5,368
evaluation__9035__denoise__restore__nes__l0.5,1021,49,6,291,6,404
evaluation__9035__denoise__random_walk__random_walk__l0.5,1024,49,2,1023,2,1023
evaluation__9035__denoise__confidence_boost__nes__l0.5,1021,47,18,192,18,297
evaluation__9035__denoise__boundary_probe__nes__l0.5,1021,46,3,259,3,376
evaluation__9035__denoise__counterfactual__nes__l0.5,1021,48,18,255,18,365
evaluation__9035__deblur__attack__nes__l1,1021,47,11,186,11,281
evaluation__9035__deblur__restore__nes__l1,1021,48,18,269,8,362
evaluation__9035__deblur__random_walk__random_walk__l1,1024,50,2,1023,2,1023
evaluation__9035__deblur__confidence_boost__nes__l1,1021,48,18,374,18,490
evaluation__9035__deblur__boundary_probe__nes__l1,1021,48,18,155,8,230
evaluation__9035__deblur__counterfactual__nes__l1,1021,48,18,164,2,239
evaluation__3178__denoise__attack__nes__l0.5,1021,48,18,296,18,403
evaluation__3178__denoise__restore__nes__l0.5,1021,48,18,320,18,441
evaluation__3178__denoise__random_walk__random_walk__l0.5,1024,49,2,1023,2,1023
evaluation__3178__denoise__confidence_boost__nes__l0.5,1021,49,18,201,18,298
evaluation__3178__denoise__boundary_probe__nes__l0.5,1021,48,18,299,18,433
evaluation__3178__denoise__counterfactual__nes__l0.5,1021,47,18,228,18,345
evaluation__3178__deblur__attack__nes__l1,1021,49,7,391,7,540
evaluation__3178__deblur__restore__nes__l1,1021,47,4,449,4,577
evaluation__3178__deblur__random_walk__random_walk__l1,1024,49,2,1023,2,1023
evaluation__3178__deblur__confidence_boost__nes__l1,1021,48,2,256,2,375
evaluation__3178__deblur__boundary_probe__nes__l1,1021,49,7,480,5,630
evaluation__3178__deblur__counterfactual__nes__l1,1021,48,3,385,3,532
evaluation__6092__denoise__attack__nes__l0.5,1021,47,4,204,4,308
evaluation__6092__denoise__restore__nes__l0.5,1021,47,18,196,18,305
evaluation__6092__denoise__random_walk__random_walk__l0.5,1024,49,2,1023,2,1023
evaluation__6092__denoise__confidence_boost__nes__l0.5,1021,48,11,223,11,317
evaluation__6092__denoise__boundary_probe__nes__l0.5,1021,49,18,386,18,514
evaluation__6092__denoise__counterfactual__nes__l0.5,1021,48,16,210,12,312
evaluation__6092__deblur__attack__nes__l1,1021,48,4,499,4,649
evaluation__6092__deblur__restore__nes__l1,1021,48,18,393,10,540
evaluation__6092__deblur__random_walk__random_walk__l1,1024,49,2,1023,2,1023
evaluation__6092__deblur__confidence_boost__nes__l1,1021,49,3,424,2,579
evaluation__6092__deblur__boundary_probe__nes__l1,1021,49,8,456,4,601
evaluation__6092__deblur__counterfactual__nes__l1,1021,47,9,574,4,733
evaluation__8108__denoise__attack__nes__l0.5,1021,49,2,403,2,540
evaluation__8108__denoise__restore__nes__l0.5,1021,48,3,182,3,253
evaluation__8108__denoise__random_walk__random_walk__l0.5,1024,49,2,1023,2,1023
evaluation__8108__denoise__confidence_boost__nes__l0.5,1021,49,7,196,7,271
evaluation__8108__denoise__boundary_probe__nes__l0.5,1021,49,8,434,6,567
evaluation__8108__denoise__counterfactual__nes__l0.5,1021,48,4,218,4,320
evaluation__8108__deblur__attack__nes__l1,1021,48,4,806,2,904
evaluation__8108__deblur__restore__nes__l1,1021,48,3,912,3,969
evaluation__8108__deblur__random_walk__random_walk__l1,1024,49,2,1023,2,1023
evaluation__8108__deblur__confidence_boost__nes__l1,1021,48,3,841,3,936
evaluation__8108__deblur__boundary_probe__nes__l1,1021,47,3,733,3,853
evaluation__8108__deblur__counterfactual__nes__l1,1021,49,3,863,3,956
evaluation__1032__denoise__attack__nes__l0.5,1021,48,5,627,5,767
evaluation__1032__denoise__restore__nes__l0.5,1021,50,4,631,3,757
evaluation__1032__denoise__random_walk__random_walk__l0.5,1024,50,2,1023,2,1023
evaluation__1032__denoise__confidence_boost__nes__l0.5,1021,48,8,664,2,791
evaluation__1032__denoise__boundary_probe__nes__l0.5,1021,49,2,793,2,894
evaluation__1032__denoise__counterfactual__nes__l0.5,1021,49,7,686,2,803
evaluation__1032__deblur__attack__nes__l1,1021,48,9,456,9,595
evaluation__1032__deblur__restore__nes__l1,1021,48,8,249,5,371
evaluation__1032__deblur__random_walk__random_walk__l1,1024,50,2,1023,2,1023
evaluation__1032__deblur__confidence_boost__nes__l1,1021,48,16,394,16,521
evaluation__1032__deblur__boundary_probe__nes__l1,1021,47,15,311,3,422
evaluation__1032__deblur__counterfactual__nes__l1,1021,47,18,239,12,331
evaluation__3996__denoise__attack__nes__l0.5,1021,49,2,595,2,725
evaluation__3996__denoise__restore__nes__l0.5,1021,48,6,558,6,716
evaluation__3996__denoise__random_walk__random_walk__l0.5,1024,49,2,1023,2,1023
evaluation__3996__denoise__confidence_boost__nes__l0.5,1021,48,6,449,6,599
evaluation__3996__denoise__boundary_probe__nes__l0.5,1021,48,4,520,4,653
evaluation__3996__denoise__counterfactual__nes__l0.5,1021,48,5,351,5,506
evaluation__3996__deblur__attack__nes__l1,1021,49,2,652,2,784
evaluation__3996__deblur__restore__nes__l1,1021,49,2,752,2,862
evaluation__3996__deblur__random_walk__random_walk__l1,1024,50,2,1023,2,1023
evaluation__3996__deblur__confidence_boost__nes__l1,1021,49,3,640,3,771
evaluation__3996__deblur__boundary_probe__nes__l1,1021,49,7,745,4,875
evaluation__3996__deblur__counterfactual__nes__l1,1021,48,3,667,2,816
evaluation__7180__denoise__attack__nes__l0.5,1021,48,2,351,2,486
evaluation__7180__denoise__restore__nes__l0.5,1021,49,9,298,5,383
evaluation__7180__denoise__random_walk__random_walk__l0.5,1024,49,2,1023,2,1023
evaluation__7180__denoise__confidence_boost__nes__l0.5,1021,48,2,267,2,357
evaluation__7180__denoise__boundary_probe__nes__l0.5,1021,48,2,273,2,389
evaluation__7180__denoise__counterfactual__nes__l0.5,1021,49,6,271,6,392
evaluation__7180__deblur__attack__nes__l1,1021,49,6,551,2,688
evaluation__7180__deblur__restore__nes__l1,1021,48,12,548,2,680
evaluation__7180__deblur__random_walk__random_walk__l1,1024,49,2,1023,2,1023
evaluation__7180__deblur__confidence_boost__nes__l1,1021,49,2,741,2,827
evaluation__7180__deblur__boundary_probe__nes__l1,1021,49,7,464,7,575
evaluation__7180__deblur__counterfactual__nes__l1,1021,48,3,632,3,763
evaluation__9969__denoise__attack__nes__l0.5,1021,49,2,609,2,741
evaluation__9969__denoise__restore__nes__l0.5,1021,47,4,440,4,590
evaluation__9969__denoise__random_walk__random_walk__l0.5,1024,49,2,1023,2,1023
evaluation__9969__denoise__confidence_boost__nes__l0.5,1021,49,2,422,2,572
evaluation__9969__denoise__boundary_probe__nes__l0.5,1021,48,2,617,2,786
evaluation__9969__denoise__counterfactual__nes__l0.5,1021,48,3,539,3,694
evaluation__9969__deblur__attack__nes__l1,1021,49,3,703,2,826
evaluation__9969__deblur__restore__nes__l1,1021,49,4,678,4,796
evaluation__9969__deblur__random_walk__random_walk__l1,1024,49,2,1023,2,1023
evaluation__9969__deblur__confidence_boost__nes__l1,1021,49,5,651,2,771
evaluation__9969__deblur__boundary_probe__nes__l1,1021,48,2,627,2,746
evaluation__9969__deblur__counterfactual__nes__l1,1021,49,4,470,4,597
evaluation__2505__denoise__attack__nes__l0.5,1021,48,18,233,18,336
evaluation__2505__denoise__restore__nes__l0.5,1021,47,10,271,10,384
evaluation__2505__denoise__random_walk__random_walk__l0.5,1024,49,2,1023,2,1023
evaluation__2505__denoise__confidence_boost__nes__l0.5,1021,48,5,396,5,515
evaluation__2505__denoise__boundary_probe__nes__l0.5,1021,48,18,174,6,247
evaluation__2505__denoise__counterfactual__nes__l0.5,1021,49,2,180,2,280
evaluation__2505__deblur__attack__nes__l1,1021,49,7,634,3,751
evaluation__2505__deblur__restore__nes__l1,1021,48,2,440,2,578
evaluation__2505__deblur__random_walk__random_walk__l1,1024,49,2,1023,2,1023
evaluation__2505__deblur__confidence_boost__nes__l1,1021,49,3,609,3,735
evaluation__2505__deblur__boundary_probe__nes__l1,1021,48,5,804,5,902
evaluation__2505__deblur__counterfactual__nes__l1,1021,49,4,535,4,675
evaluation__4240__denoise__attack__nes__l0.5,1021,48,18,93,18,128
evaluation__4240__denoise__restore__nes__l0.5,1021,48,18,87,18,127
evaluation__4240__denoise__random_walk__random_walk__l0.5,1024,49,2,1023,2,1023
evaluation__4240__denoise__confidence_boost__nes__l0.5,1021,48,18,124,8,185
evaluation__4240__denoise__boundary_probe__nes__l0.5,1021,48,18,107,18,142
evaluation__4240__denoise__counterfactual__nes__l0.5,1021,47,18,220,18,294
evaluation__4240__deblur__attack__nes__l1,1021,49,18,306,11,436
evaluation__4240__deblur__restore__nes__l1,1021,49,10,284,10,400
evaluation__4240__deblur__random_walk__random_walk__l1,1024,50,2,1023,2,1023
evaluation__4240__deblur__confidence_boost__nes__l1,1021,49,17,412,17,556
evaluation__4240__deblur__boundary_probe__nes__l1,1021,48,2,303,2,456
evaluation__4240__deblur__counterfactual__nes__l1,1021,49,18,396,4,530
evaluation__7388__denoise__attack__nes__l0.5,1021,48,6,500,6,638
evaluation__7388__denoise__restore__nes__l0.5,1021,48,6,550,6,683
evaluation__7388__denoise__random_walk__random_walk__l0.5,1024,49,2,1023,2,1023
evaluation__7388__denoise__confidence_boost__nes__l0.5,1021,48,11,274,3,397
evaluation__7388__denoise__boundary_probe__nes__l0.5,1021,48,9,325,9,471
evaluation__7388__denoise__counterfactual__nes__l0.5,1021,49,4,276,4,417
evaluation__7388__deblur__attack__nes__l1,1021,48,4,483,2,639
evaluation__7388__deblur__restore__nes__l1,1021,48,8,444,6,580
evaluation__7388__deblur__random_walk__random_walk__l1,1024,49,2,1023,2,1023
evaluation__7388__deblur__confidence_boost__nes__l1,1021,48,3,343,2,494
evaluation__7388__deblur__boundary_probe__nes__l1,1021,48,2,512,2,655
evaluation__7388__deblur__counterfactual__nes__l1,1021,48,3,353,3,507
evaluation__999__denoise__attack__nes__l0.5,1021,47,7,157,7,220
evaluation__999__denoise__restore__nes__l0.5,1021,49,18,199,8,303
evaluation__999__denoise__random_walk__random_walk__l0.5,1024,49,2,1023,2,1023
evaluation__999__denoise__confidence_boost__nes__l0.5,1021,49,15,208,11,313
evaluation__999__denoise__boundary_probe__nes__l0.5,1021,47,18,172,15,242
evaluation__999__denoise__counterfactual__nes__l0.5,1021,49,18,274,7,396
evaluation__999__deblur__attack__nes__l1,1021,49,9,524,2,653
evaluation__999__deblur__restore__nes__l1,1021,48,2,351,2,499
evaluation__999__deblur__random_walk__random_walk__l1,1024,49,2,1023,2,1023
evaluation__999__deblur__confidence_boost__nes__l1,1021,47,14,356,14,511
evaluation__999__deblur__boundary_probe__nes__l1,1021,48,2,255,2,364
evaluation__999__deblur__counterfactual__nes__l1,1021,47,5,427,5,559
evaluation__3151__denoise__attack__nes__l0.5,1021,47,18,298,10,410
evaluation__3151__denoise__restore__nes__l0.5,1021,48,16,125,16,170
evaluation__3151__denoise__random_walk__random_walk__l0.5,1024,50,2,1023,2,1023
evaluation__3151__denoise__confidence_boost__nes__l0.5,1021,50,18,241,18,350
evaluation__3151__denoise__boundary_probe__nes__l0.5,1021,48,7,314,7,429
evaluation__3151__denoise__counterfactual__nes__l0.5,1021,47,5,312,5,429
evaluation__3151__deblur__attack__nes__l1,1021,48,10,115,10,172
evaluation__3151__deblur__restore__nes__l1,1021,47,2,134,2,207
evaluation__3151__deblur__random_walk__random_walk__l1,1024,49,2,1023,2,1023
evaluation__3151__deblur__confidence_boost__nes__l1,1021,47,7,223,2,303
evaluation__3151__deblur__boundary_probe__nes__l1,1021,48,18,206,18,298
evaluation__3151__deblur__counterfactual__nes__l1,1021,48,18,175,8,251
evaluation__7984__denoise__attack__nes__l0.5,1021,48,18,366,18,504
evaluation__7984__denoise__restore__nes__l0.5,1021,47,18,130,13,182
evaluation__7984__denoise__random_walk__random_walk__l0.5,1024,49,2,1023,2,1023
evaluation__7984__denoise__confidence_boost__nes__l0.5,1021,49,18,245,8,378
evaluation__7984__denoise__boundary_probe__nes__l0.5,1021,49,18,325,8,454
evaluation__7984__denoise__counterfactual__nes__l0.5,1021,47,11,237,8,339
evaluation__7984__deblur__attack__nes__l1,1021,48,4,458,4,598
evaluation__7984__deblur__restore__nes__l1,1021,48,5,269,5,390
evaluation__7984__deblur__random_walk__random_walk__l1,1024,49,2,1023,2,1023
evaluation__7984__deblur__confidence_boost__nes__l1,1021,49,9,430,3,576
evaluation__7984__deblur__boundary_probe__nes__l1,1021,48,6,187,6,263
evaluation__7984__deblur__counterfactual__nes__l1,1021,49,6,434,5,563
evaluation__364__denoise__attack__nes__l0.5,1021,47,3,778,3,890
evaluation__364__denoise__restore__nes__l0.5,1021,50,2,878,2,946
evaluation__364__denoise__random_walk__random_walk__l0.5,1024,49,2,1023,2,1023
evaluation__364__denoise__confidence_boost__nes__l0.5,1021,48,2,698,2,817
evaluation__364__denoise__boundary_probe__nes__l0.5,1021,48,4,715,2,833
evaluation__364__denoise__counterfactual__nes__l0.5,1021,49,2,676,2,801
evaluation__364__deblur__attack__nes__l1,1021,49,2,452,2,610
evaluation__364__deblur__restore__nes__l1,1021,49,18,185,4,278
evaluation__364__deblur__random_walk__random_walk__l1,1024,49,2,1023,2,1023
evaluation__364__deblur__confidence_boost__nes__l1,1021,49,2,277,2,383
evaluation__364__deblur__boundary_probe__nes__l1,1021,47,18,280,6,411
evaluation__364__deblur__counterfactual__nes__l1,1021,49,3,261,3,358
evaluation__3166__denoise__attack__nes__l0.5,1021,48,8,339,8,468
evaluation__3166__denoise__restore__nes__l0.5,1021,48,3,284,3,413
evaluation__3166__denoise__random_walk__random_walk__l0.5,1024,50,2,1023,2,1023
evaluation__3166__denoise__confidence_boost__nes__l0.5,1021,49,10,504,10,640
evaluation__3166__denoise__boundary_probe__nes__l0.5,1021,49,9,545,8,674
evaluation__3166__denoise__counterfactual__nes__l0.5,1021,48,8,395,8,528
evaluation__3166__deblur__attack__nes__l1,1021,49,2,568,2,725
evaluation__3166__deblur__restore__nes__l1,1021,49,7,423,7,585
evaluation__3166__deblur__random_walk__random_walk__l1,1024,49,2,1023,2,1023
evaluation__3166__deblur__confidence_boost__nes__l1,1021,48,2,551,2,692
evaluation__3166__deblur__boundary_probe__nes__l1,1021,49,4,519,3,672
evaluation__3166__deblur__counterfactual__nes__l1,1021,49,4,452,2,596
evaluation__7170__denoise__attack__nes__l0.5,1021,49,7,211,7,307
evaluation__7170__denoise__restore__nes__l0.5,1021,48,10,208,10,306
evaluation__7170__denoise__random_walk__random_walk__l0.5,1024,49,2,1023,2,1023
evaluation__7170__denoise__confidence_boost__nes__l0.5,1021,48,17,433,5,577
evaluation__7170__denoise__boundary_probe__nes__l0.5,1021,47,18,347,18,460
evaluation__7170__denoise__counterfactual__nes__l0.5,1021,48,13,290,9,400
evaluation__7170__deblur__attack__nes__l1,1021,49,9,485,6,631
evaluation__7170__deblur__restore__nes__l1,1021,48,2,382,2,530
evaluation__7170__deblur__random_walk__random_walk__l1,1024,49,2,1023,2,1023
evaluation__7170__deblur__confidence_boost__nes__l1,1021,48,5,540,2,669
evaluation__7170__deblur__boundary_probe__nes__l1,1021,48,6,451,6,593
evaluation__7170__deblur__counterfactual__nes__l1,1021,49,16,451,4,602
evaluation__9708__denoise__attack__nes__l0.5,1021,48,7,428,2,570
evaluation__9708__denoise__restore__nes__l0.5,1021,49,11,594,11,705
evaluation__9708__denoise__random_walk__random_walk__l0.5,1024,49,2,1023,2,1023
evaluation__9708__denoise__confidence_boost__nes__l0.5,1021,48,5,476,5,619
evaluation__9708__denoise__boundary_probe__nes__l0.5,1021,48,4,366,2,510
evaluation__9708__denoise__counterfactual__nes__l0.5,1021,48,4,333,4,450
evaluation__9708__deblur__attack__nes__l1,1021,48,14,309,3,438
evaluation__9708__deblur__restore__nes__l1,1021,48,18,162,13,241
evaluation__9708__deblur__random_walk__random_walk__l1,1024,49,2,1023,2,1023
evaluation__9708__deblur__confidence_boost__nes__l1,1021,49,4,275,4,416
evaluation__9708__deblur__boundary_probe__nes__l1,1021,48,12,240,12,356
evaluation__9708__deblur__counterfactual__nes__l1,1021,48,18,210,16,317
fit__5585__denoise__attack__nes__l0.5,1021,49,11,496,11,655
fit__5585__denoise__restore__nes__l0.5,1021,47,8,417,8,562
fit__5585__denoise__random_walk__random_walk__l0.5,1024,50,2,1023,2,1023
fit__5585__denoise__confidence_boost__nes__l0.5,1021,48,18,323,3,455
fit__5585__denoise__boundary_probe__nes__l0.5,1021,47,9,354,9,487
fit__5585__denoise__counterfactual__nes__l0.5,1021,48,16,360,6,510
fit__5585__deblur__attack__nes__l1,1021,48,8,378,8,516
fit__5585__deblur__restore__nes__l1,1021,49,9,516,9,669
fit__5585__deblur__random_walk__random_walk__l1,1024,49,2,1023,2,1023
fit__5585__deblur__confidence_boost__nes__l1,1021,48,13,439,13,591
fit__5585__deblur__boundary_probe__nes__l1,1021,48,11,385,11,559
fit__5585__deblur__counterfactual__nes__l1,1021,49,2,437,2,598
fit__114__denoise__attack__nes__l0.5,1021,49,18,243,3,355
fit__114__denoise__restore__nes__l0.5,1021,48,3,209,3,295
fit__114__denoise__random_walk__random_walk__l0.5,1024,50,2,1023,2,1023
fit__114__denoise__confidence_boost__nes__l0.5,1021,48,9,286,3,411
fit__114__denoise__boundary_probe__nes__l0.5,1021,49,2,361,2,522
fit__114__denoise__counterfactual__nes__l0.5,1021,47,2,185,2,276
fit__114__deblur__attack__nes__l1,1021,49,2,800,2,905
fit__114__deblur__restore__nes__l1,1021,48,2,608,2,740
fit__114__deblur__random_walk__random_walk__l1,1024,49,2,1023,2,1023
fit__114__deblur__confidence_boost__nes__l1,1021,49,3,566,3,710
fit__114__deblur__boundary_probe__nes__l1,1021,48,5,710,4,827
fit__114__deblur__counterfactual__nes__l1,1021,49,2,539,2,694
fit__6816__denoise__attack__nes__l0.5,1021,48,5,389,2,512
fit__6816__denoise__restore__nes__l0.5,1021,48,15,259,2,360
fit__6816__denoise__random_walk__random_walk__l0.5,1024,50,2,1023,2,1023
fit__6816__denoise__confidence_boost__nes__l0.5,1021,47,17,313,2,442
fit__6816__denoise__boundary_probe__nes__l0.5,1021,48,11,276,11,429
fit__6816__denoise__counterfactual__nes__l0.5,1021,48,4,247,4,380
fit__6816__deblur__attack__nes__l1,1021,49,2,305,2,411
fit__6816__deblur__restore__nes__l1,1021,48,6,476,3,610
fit__6816__deblur__random_walk__random_walk__l1,1024,49,2,1023,2,1023
fit__6816__deblur__confidence_boost__nes__l1,1021,48,3,428,3,563
fit__6816__deblur__boundary_probe__nes__l1,1021,48,18,436,6,583
fit__6816__deblur__counterfactual__nes__l1,1021,48,8,380,8,524
fit__3139__denoise__attack__nes__l0.5,1021,49,4,449,4,577
fit__3139__denoise__restore__nes__l0.5,1021,47,6,521,3,663
fit__3139__denoise__random_walk__random_walk__l0.5,1024,49,2,1023,2,1023
fit__3139__denoise__confidence_boost__nes__l0.5,1021,49,11,468,8,605
fit__3139__denoise__boundary_probe__nes__l0.5,1021,47,3,460,3,557
fit__3139__denoise__counterfactual__nes__l0.5,1021,48,3,573,3,700
fit__3139__deblur__attack__nes__l1,1021,47,6,350,6,468
fit__3139__deblur__restore__nes__l1,1021,50,6,624,6,745
fit__3139__deblur__random_walk__random_walk__l1,1024,50,2,1023,2,1023
fit__3139__deblur__confidence_boost__nes__l1,1021,48,2,310,2,437
fit__3139__deblur__boundary_probe__nes__l1,1021,48,7,531,3,670
fit__3139__deblur__counterfactual__nes__l1,1021,50,8,459,8,615
fit__9964__denoise__attack__nes__l0.5,1021,47,5,301,5,451
fit__9964__denoise__restore__nes__l0.5,1021,48,2,325,2,452
fit__9964__denoise__random_walk__random_walk__l0.5,1024,49,2,1023,2,1023
fit__9964__denoise__confidence_boost__nes__l0.5,1021,48,5,539,4,674
fit__9964__denoise__boundary_probe__nes__l0.5,1021,47,8,378,3,518
fit__9964__denoise__counterfactual__nes__l0.5,1021,48,4,476,4,623
fit__9964__deblur__attack__nes__l1,1021,49,4,726,4,821
fit__9964__deblur__restore__nes__l1,1021,47,3,452,3,580
fit__9964__deblur__random_walk__random_walk__l1,1024,50,2,1023,2,1023
fit__9964__deblur__confidence_boost__nes__l1,1021,48,6,655,5,785
fit__9964__deblur__boundary_probe__nes__l1,1021,49,9,623,9,764
fit__9964__deblur__counterfactual__nes__l1,1021,48,7,519,7,682
fit__3190__denoise__attack__nes__l0.5,1021,48,4,714,3,835
fit__3190__denoise__restore__nes__l0.5,1021,49,2,735,2,865
fit__3190__denoise__random_walk__random_walk__l0.5,1024,50,2,1023,2,1023
fit__3190__denoise__confidence_boost__nes__l0.5,1021,49,4,561,2,717
fit__3190__denoise__boundary_probe__nes__l0.5,1021,47,2,540,2,711
fit__3190__denoise__counterfactual__nes__l0.5,1021,48,5,494,2,654
fit__3190__deblur__attack__nes__l1,1021,48,6,279,2,385
fit__3190__deblur__restore__nes__l1,1021,49,5,356,5,498
fit__3190__deblur__random_walk__random_walk__l1,1024,49,2,1023,2,1023
fit__3190__deblur__confidence_boost__nes__l1,1021,47,6,292,3,414
fit__3190__deblur__boundary_probe__nes__l1,1021,49,7,394,6,550
fit__3190__deblur__counterfactual__nes__l1,1021,47,2,390,2,525
fit__1928__denoise__attack__nes__l0.5,1021,49,3,523,3,680
fit__1928__denoise__restore__nes__l0.5,1021,48,4,509,4,639
fit__1928__denoise__random_walk__random_walk__l0.5,1024,49,2,1023,2,1023
fit__1928__denoise__confidence_boost__nes__l0.5,1021,49,2,506,2,666
fit__1928__denoise__boundary_probe__nes__l0.5,1021,48,2,514,2,683
fit__1928__denoise__counterfactual__nes__l0.5,1021,48,5,652,5,784
fit__1928__deblur__attack__nes__l1,1021,47,6,187,6,286
fit__1928__deblur__restore__nes__l1,1021,49,18,358,18,484
fit__1928__deblur__random_walk__random_walk__l1,1024,49,2,1023,2,1023
fit__1928__deblur__confidence_boost__nes__l1,1021,47,17,236,5,346
fit__1928__deblur__boundary_probe__nes__l1,1021,47,18,102,8,152
fit__1928__deblur__counterfactual__nes__l1,1021,48,18,235,12,344
fit__7094__denoise__attack__nes__l0.5,1021,47,11,221,11,327
fit__7094__denoise__restore__nes__l0.5,1021,48,18,124,18,189
fit__7094__denoise__random_walk__random_walk__l0.5,1024,50,2,1023,2,1023
fit__7094__denoise__confidence_boost__nes__l0.5,1021,47,18,255,18,358
fit__7094__denoise__boundary_probe__nes__l0.5,1021,49,18,271,11,402
fit__7094__denoise__counterfactual__nes__l0.5,1021,48,18,168,18,263
fit__7094__deblur__attack__nes__l1,1021,48,4,260,4,365
fit__7094__deblur__restore__nes__l1,1021,48,2,428,2,589
fit__7094__deblur__random_walk__random_walk__l1,1024,49,2,1023,2,1023
fit__7094__deblur__confidence_boost__nes__l1,1021,48,2,370,2,513
fit__7094__deblur__boundary_probe__nes__l1,1021,48,8,289,6,405
fit__7094__deblur__counterfactual__nes__l1,1021,49,3,238,3,351
fit__6571__denoise__attack__nes__l0.5,1021,47,17,331,17,463
fit__6571__denoise__restore__nes__l0.5,1021,47,7,399,7,534
fit__6571__denoise__random_walk__random_walk__l0.5,1024,49,2,1023,2,1023
fit__6571__denoise__confidence_boost__nes__l0.5,1021,48,3,291,3,406
fit__6571__denoise__boundary_probe__nes__l0.5,1021,49,11,405,4,543
fit__6571__denoise__counterfactual__nes__l0.5,1021,48,6,276,3,381
fit__6571__deblur__attack__nes__l1,1021,48,18,283,18,400
fit__6571__deblur__restore__nes__l1,1021,49,18,191,18,276
fit__6571__deblur__random_walk__random_walk__l1,1024,50,2,1023,2,1023
fit__6571__deblur__confidence_boost__nes__l1,1021,47,18,224,18,345
fit__6571__deblur__boundary_probe__nes__l1,1021,47,18,175,18,286
fit__6571__deblur__counterfactual__nes__l1,1021,48,11,261,11,378
fit__9311__denoise__attack__nes__l0.5,1021,48,2,743,2,840
fit__9311__denoise__restore__nes__l0.5,1021,48,4,507,4,662
fit__9311__denoise__random_walk__random_walk__l0.5,1024,49,2,1023,2,1023
fit__9311__denoise__confidence_boost__nes__l0.5,1021,49,5,785,5,877
fit__9311__denoise__boundary_probe__nes__l0.5,1021,49,2,727,2,830
fit__9311__denoise__counterfactual__nes__l0.5,1021,49,3,480,3,635
fit__9311__deblur__attack__nes__l1,1021,48,4,182,4,271
fit__9311__deblur__restore__nes__l1,1021,48,18,209,18,324
fit__9311__deblur__random_walk__random_walk__l1,1024,49,2,1023,2,1023
fit__9311__deblur__confidence_boost__nes__l1,1021,48,8,294,3,390
fit__9311__deblur__boundary_probe__nes__l1,1021,49,3,233,3,349
fit__9311__deblur__counterfactual__nes__l1,1021,48,4,464,4,594
fit__7390__denoise__attack__nes__l0.5,1021,48,4,528,2,705
fit__7390__denoise__restore__nes__l0.5,1021,47,8,422,8,570
fit__7390__denoise__random_walk__random_walk__l0.5,1024,49,2,1023,2,1023
fit__7390__denoise__confidence_boost__nes__l0.5,1021,49,2,469,2,634
fit__7390__denoise__boundary_probe__nes__l0.5,1021,47,2,545,2,693
fit__7390__denoise__counterfactual__nes__l0.5,1021,49,5,640,5,769
fit__7390__deblur__attack__nes__l1,1021,48,2,342,2,485
fit__7390__deblur__restore__nes__l1,1021,49,2,170,2,255
fit__7390__deblur__random_walk__random_walk__l1,1024,49,2,1023,2,1023
fit__7390__deblur__confidence_boost__nes__l1,1021,48,10,354,7,509
fit__7390__deblur__boundary_probe__nes__l1,1021,48,2,467,2,593
fit__7390__deblur__counterfactual__nes__l1,1021,49,4,351,3,501
fit__3101__denoise__attack__nes__l0.5,1021,48,4,717,4,846
fit__3101__denoise__restore__nes__l0.5,1021,48,4,602,4,747
fit__3101__denoise__random_walk__random_walk__l0.5,1024,49,2,1023,2,1023
fit__3101__denoise__confidence_boost__nes__l0.5,1021,48,2,654,2,817
fit__3101__denoise__boundary_probe__nes__l0.5,1021,48,2,793,2,905
fit__3101__denoise__counterfactual__nes__l0.5,1021,49,2,726,2,857
fit__3101__deblur__attack__nes__l1,1021,49,6,635,3,760
fit__3101__deblur__restore__nes__l1,1021,48,3,529,3,698
fit__3101__deblur__random_walk__random_walk__l1,1024,49,2,1023,2,1023
fit__3101__deblur__confidence_boost__nes__l1,1021,48,2,714,2,858
fit__3101__deblur__boundary_probe__nes__l1,1021,49,8,690,3,809
fit__3101__deblur__counterfactual__nes__l1,1021,49,4,479,4,615
fit__8733__denoise__attack__nes__l0.5,1021,48,7,607,7,743
fit__8733__denoise__restore__nes__l0.5,1021,48,3,443,2,611
fit__8733__denoise__random_walk__random_walk__l0.5,1024,49,2,1023,2,1023
fit__8733__denoise__confidence_boost__nes__l0.5,1021,47,4,419,2,581
fit__8733__denoise__boundary_probe__nes__l0.5,1021,49,2,628,2,763
fit__8733__denoise__counterfactual__nes__l0.5,1021,48,4,593,4,719
fit__8733__deblur__attack__nes__l1,1021,48,2,279,2,420
fit__8733__deblur__restore__nes__l1,1021,49,4,212,4,324
fit__8733__deblur__random_walk__random_walk__l1,1024,49,2,1023,2,1023
fit__8733__deblur__confidence_boost__nes__l1,1021,49,13,237,11,324
fit__8733__deblur__boundary_probe__nes__l1,1021,49,18,461,18,616
fit__8733__deblur__counterfactual__nes__l1,1021,49,3,344,3,469
fit__3858__denoise__attack__nes__l0.5,1021,48,3,494,3,614
fit__3858__denoise__restore__nes__l0.5,1021,49,3,428,3,571
fit__3858__denoise__random_walk__random_walk__l0.5,1024,49,2,1023,2,1023
fit__3858__denoise__confidence_boost__nes__l0.5,1021,48,5,532,3,701
fit__3858__denoise__boundary_probe__nes__l0.5,1021,49,2,506,2,674
fit__3858__denoise__counterfactual__nes__l0.5,1021,48,7,614,7,740
fit__3858__deblur__attack__nes__l1,1021,47,2,456,2,618
fit__3858__deblur__restore__nes__l1,1021,49,2,629,2,754
fit__3858__deblur__random_walk__random_walk__l1,1024,50,2,1023,2,1023
fit__3858__deblur__confidence_boost__nes__l1,1021,49,2,585,2,724
fit__3858__deblur__boundary_probe__nes__l1,1021,48,4,582,4,691
fit__3858__deblur__counterfactual__nes__l1,1021,49,2,633,2,767
fit__7977__denoise__attack__nes__l0.5,1021,48,2,710,2,827
fit__7977__denoise__restore__nes__l0.5,1021,49,8,697,2,821
fit__7977__denoise__random_walk__random_walk__l0.5,1024,50,2,1023,2,1023
fit__7977__denoise__confidence_boost__nes__l0.5,1021,48,2,729,2,845
fit__7977__denoise__boundary_probe__nes__l0.5,1021,48,3,825,3,915
fit__7977__denoise__counterfactual__nes__l0.5,1021,49,2,813,2,901
fit__7977__deblur__attack__nes__l1,1021,49,2,466,2,579
fit__7977__deblur__restore__nes__l1,1021,48,5,375,5,505
fit__7977__deblur__random_walk__random_walk__l1,1024,50,2,1023,2,1023
fit__7977__deblur__confidence_boost__nes__l1,1021,48,3,536,3,685
fit__7977__deblur__boundary_probe__nes__l1,1021,48,4,613,4,729
fit__7977__deblur__counterfactual__nes__l1,1021,47,16,255,6,366
fit__5041__denoise__attack__nes__l0.5,1021,48,18,430,15,588
fit__5041__denoise__restore__nes__l0.5,1021,48,2,402,2,547
fit__5041__denoise__random_walk__random_walk__l0.5,1024,49,2,1023,2,1023
fit__5041__denoise__confidence_boost__nes__l0.5,1021,48,3,275,3,408
fit__5041__denoise__boundary_probe__nes__l0.5,1021,48,17,434,17,560
fit__5041__denoise__counterfactual__nes__l0.5,1021,49,8,365,3,499
fit__5041__deblur__attack__nes__l1,1021,48,11,232,2,359
fit__5041__deblur__restore__nes__l1,1021,48,18,303,18,453
fit__5041__deblur__random_walk__random_walk__l1,1024,49,2,1023,2,1023
fit__5041__deblur__confidence_boost__nes__l1,1021,49,12,326,5,433
fit__5041__deblur__boundary_probe__nes__l1,1021,47,18,257,13,407
fit__5041__deblur__counterfactual__nes__l1,1021,49,8,291,4,410
