session_id,queries,max_match,first_alarm,flagged_queries,first_alarm_recorded,flagged_queries_recorded_rule
calibration__2877__denoise__attack__nes__l0.5,1021,48,9,256,9,365
calibration__2877__denoise__restore__nes__l0.5,1021,48,3,387,3,474
calibration__2877__denoise__random_walk__random_walk__l0.5,1024,49,2,1023,2,1023
calibration__2877__denoise__confidence_boost__nes__l0.5,1021,49,18,238,2,327
calibration__2877__denoise__boundary_probe__nes__l0.5,1021,48,12,245,12,333
calibration__2877__denoise__counterfactual__nes__l0.5,1021,48,13,142,12,211
calibration__2877__deblur__attack__nes__l1,1021,48,3,508,3,666
calibration__2877__deblur__restore__nes__l1,1021,48,5,395,5,543
calibration__2877__deblur__random_walk__random_walk__l1,1024,49,2,1023,2,1023
calibration__2877__deblur__confidence_boost__nes__l1,1021,47,2,206,2,300
calibration__2877__deblur__boundary_probe__nes__l1,1021,48,6,377,4,523
calibration__2877__deblur__counterfactual__nes__l1,1021,47,2,405,2,568
calibration__6128__denoise__attack__nes__l0.5,1021,48,18,581,2,732
calibration__6128__denoise__restore__nes__l0.5,1021,47,3,439,3,567
calibration__6128__denoise__random_walk__random_walk__l0.5,1024,50,2,1023,2,1023
calibration__6128__denoise__confidence_boost__nes__l0.5,1021,48,2,445,2,606
calibration__6128__denoise__boundary_probe__nes__l0.5,1021,48,4,389,4,538
calibration__6128__denoise__counterfactual__nes__l0.5,1021,49,2,479,2,622
calibration__6128__deblur__attack__nes__l1,1021,47,7,369,5,498
calibration__6128__deblur__restore__nes__l1,1021,48,3,299,3,420
calibration__6128__deblur__random_walk__random_walk__l1,1024,49,2,1023,2,1023
calibration__6128__deblur__confidence_boost__nes__l1,1021,48,5,649,5,778
calibration__6128__deblur__boundary_probe__nes__l1,1021,48,3,327,3,446
calibration__6128__deblur__counterfactual__nes__l1,1021,48,8,485,8,613
calibration__1751__denoise__attack__nes__l0.5,1021,48,6,422,6,564
calibration__1751__denoise__restore__nes__l0.5,1021,47,7,298,4,420
calibration__1751__denoise__random_walk__random_walk__l0.5,1024,49,2,1023,2,1023
calibration__1751__denoise__confidence_boost__nes__l0.5,1021,47,7,433,7,582
calibration__1751__denoise__boundary_probe__nes__l0.5,1021,48,6,659,6,786
calibration__1751__denoise__counterfactual__nes__l0.5,1021,48,3,460,3,628
calibration__1751__deblur__attack__nes__l1,1021,48,13,289,6,440
calibration__1751__deblur__restore__nes__l1,1021,48,7,371,7,519
calibration__1751__deblur__random_walk__random_walk__l1,1024,49,2,1023,2,1023
calibration__1751__deblur__confidence_boost__nes__l1,1021,48,5,431,5,563
calibration__1751__deblur__boundary_probe__nes__l1,1021,48,5,430,3,571
calibration__1751__deblur__counterfactual__nes__l1,1021,48,10,459,10,579
calibration__7260__denoise__attack__nes__l0.5,1021,50,4,502,4,653
calibration__7260__denoise__restore__nes__l0.5,1021,49,18,498,3,642
calibration__7260__denoise__random_walk__random_walk__l0.5,1024,50,2,1023,2,1023
calibration__7260__denoise__confidence_boost__nes__l0.5,1021,47,6,335,6,478
calibration__7260__denoise__boundary_probe__nes__l0.5,1021,48,2,403,2,551
calibration__7260__denoise__counterfactual__nes__l0.5,1021,49,2,347,2,476
calibration__7260__deblur__attack__nes__l1,1021,48,4,528,4,669
calibration__7260__deblur__restore__nes__l1,1021,49,7,405,6,547
calibration__7260__deblur__random_walk__random_walk__l1,1024,50,2,1023,2,1023
calibration__7260__deblur__confidence_boost__nes__l1,1021,48,3,438,3,577
calibration__7260__deblur__boundary_probe__nes__l1,1021,48,6,568,6,696
calibration__7260__deblur__counterfactual__nes__l1,1021,48,15,371,15,503
calibration__3694__denoise__attack__nes__l0.5,1021,48,6,201,6,283
calibration__3694__denoise__restore__nes__l0.5,1021,49,10,435,10,588
calibration__3694__denoise__random_walk__random_walk__l0.5,1024,49,2,1023,2,1023
calibration__3694__denoise__confidence_boost__nes__l0.5,1021,48,2,209,2,317
calibration__3694__denoise__boundary_probe__nes__l0.5,1021,49,14,414,14,566
calibration__3694__denoise__counterfactual__nes__l0.5,1021,48,18,406,3,539
calibration__3694__deblur__attack__nes__l1,1021,49,4,469,2,620
calibration__3694__deblur__restore__nes__l1,1021,48,2,694,2,807
calibration__3694__deblur__random_walk__random_walk__l1,1024,50,2,1023,2,1023
calibration__3694__deblur__confidence_boost__nes__l1,1021,48,3,563,3,708
calibration__3694__deblur__boundary_probe__nes__l1,1021,48,5,502,3,661
calibration__3694__deblur__counterfactual__nes__l1,1021,48,8,382,5,532
calibration__1474__denoise__attack__nes__l0.5,1021,48,9,686,6,813
calibration__1474__denoise__restore__nes__l0.5,1021,49,4,718,4,848
calibration__1474__denoise__random_walk__random_walk__l0.5,1024,49,2,1023,2,1023
calibration__1474__denoise__confidence_boost__nes__l0.5,1021,47,3,463,3,637
calibration__1474__denoise__boundary_probe__nes__l0.5,1021,48,2,657,2,803
calibration__1474__denoise__counterfactual__nes__l0.5,1021,49,3,684,3,804
calibration__1474__deblur__attack__nes__l1,1021,48,2,519,2,689
calibration__1474__deblur__restore__nes__l1,1021,47,4,547,3,714
calibration__1474__deblur__random_walk__random_walk__l1,1024,49,2,1023,2,1023
calibration__1474__deblur__confidence_boost__nes__l1,1021,49,6,577,4,725
calibration__1474__deblur__boundary_probe__nes__l1,1021,48,2,675,2,817
calibration__1474__deblur__counterfactual__nes__l1,1021,47,5,749,5,848
calibration__6406__denoise__attack__nes__l0.5,1021,50,5,634,5,747
calibration__6406__denoise__restore__nes__l0.5,1021,49,5,526,5,666
calibration__6406__denoise__random_walk__random_walk__l0.5,1024,50,2,1023,2,1023
calibration__6406__denoise__confidence_boost__nes__l0.5,1021,47,11,438,2,574
calibration__6406__denoise__boundary_probe__nes__l0.5,1021,48,2,658,2,770
calibration__6406__denoise__counterfactual__nes__l0.5,1021,49,2,492,2,664
calibration__6406__deblur__attack__nes__l1,1021,49,4,491,4,628
calibration__6406__deblur__restore__nes__l1,1021,48,3,593,2,737
calibration__6406__deblur__random_walk__random_walk__l1,1024,49,2,1023,2,1023
calibration__6406__deblur__confidence_boost__nes__l1,1021,47,2,493,2,644
calibration__6406__deblur__boundary_probe__nes__l1,1021,49,2,635,2,788
calibration__6406__deblur__counterfactual__nes__l1,1021,49,2,569,2,730
calibration__2925__denoise__attack__nes__l0.5,1021,48,3,490,3,646
calibration__2925__denoise__restore__nes__l0.5,1021,49,5,608,5,737
calibration__2925__denoise__random_walk__random_walk__l0.5,1024,50,2,1023,2,1023
calibration__2925__denoise__confidence_boost__nes__l0.5,1021,48,2,628,2,774
calibration__2925__denoise__boundary_probe__nes__l0.5,1021,48,12,749,6,861
calibration__2925__denoise__counterfactual__nes__l0.5,1021,48,8,633,8,771
calibration__2925__deblur__attack__nes__l1,1021,49,18,570,18,734
calibration__2925__deblur__restore__nes__l1,1021,48,14,460,14,610
calibration__2925__deblur__random_walk__random_walk__l1,1024,50,2,1023,2,1023
calibration__2925__deblur__confidence_boost__nes__l1,1021,48,18,601,5,728
calibration__2925__deblur__boundary_probe__nes__l1,1021,50,2,536,2,687
calibration__2925__deblur__counterfactual__nes__l1,1021,48,16,279,8,418
calibration__8305__denoise__attack__nes__l0.5,1021,47,4,248,4,362
calibration__8305__denoise__restore__nes__l0.5,1021,48,16,117,4,196
calibration__8305__denoise__random_walk__random_walk__l0.5,1024,49,2,1023,2,1023
calibration__8305__denoise__confidence_boost__nes__l0.5,1021,48,3,243,3,365
calibration__8305__denoise__boundary_probe__nes__l0.5,1021,47,5,342,5,474
calibration__8305__denoise__counterfactual__nes__l0.5,1021,49,18,248,5,372
calibration__8305__deblur__attack__nes__l1,1021,48,18,248,3,359
calibration__8305__deblur__restore__nes__l1,1021,47,4,161,4,228
calibration__8305__deblur__random_walk__random_walk__l1,1024,50,2,1023,2,1023
calibration__8305__deblur__confidence_boost__nes__l1,1021,47,18,316,18,442
calibration__8305__deblur__boundary_probe__nes__l1,1021,49,3,364,3,485
calibration__8305__deblur__counterfactual__nes__l1,1021,48,15,215,5,317
calibration__4225__denoise__attack__nes__l0.5,1021,49,2,298,2,428
calibration__4225__denoise__restore__nes__l0.5,1021,48,4,369,2,530
calibration__4225__denoise__random_walk__random_walk__l0.5,1024,50,2,1023,2,1023
calibration__4225__denoise__confidence_boost__nes__l0.5,1021,46,4,377,4,520
calibration__4225__denoise__boundary_probe__nes__l0.5,1021,48,6,440,6,592
calibration__4225__denoise__counterfactual__nes__l0.5,1021,48,2,345,2,461
calibration__4225__deblur__attack__nes__l1,1021,46,3,166,3,241
calibration__4225__deblur__restore__nes__l1,1021,49,4,436,3,591
calibration__4225__deblur__random_walk__random_walk__l1,1024,49,2,1023,2,1023
calibration__4225__deblur__confidence_boost__nes__l1,1021,48,8,363,7,524
calibration__4225__deblur__boundary_probe__nes__l1,1021,49,3,503,3,648
calibration__4225__deblur__counterfactual__nes__l1,1021,48,13,517,8,669
calibration__311__denoise__attack__nes__l0.5,1021,49,18,407,18,543
calibration__311__denoise__restore__nes__l0.5,1021,49,17,302,17,432
calibration__311__denoise__random_walk__random_walk__l0.5,1024,49,2,1023,2,1023
calibration__311__denoise__confidence_boost__nes__l0.5,1021,48,6,317,6,443
calibration__311__denoise__boundary_probe__nes__l0.5,1021,49,5,429,5,555
calibration__311__denoise__counterfactual__nes__l0.5,1021,48,18,220,18,333
calibration__311__deblur__attack__nes__l1,1021,48,7,590,7,730
calibration__311__deblur__restore__nes__l1,1021,48,3,429,3,612
calibration__311__deblur__random_walk__random_walk__l1,1024,49,2,1023,2,1023
calibration__311__deblur__confidence_boost__nes__l1,1021,49,11,476,11,637
calibration__311__deblur__boundary_probe__nes__l1,1021,48,18,484,18,639
calibration__311__deblur__counterfactual__nes__l1,1021,48,3,599,3,734
calibration__8250__denoise__attack__nes__l0.5,1021,49,2,582,2,721
calibration__8250__denoise__restore__nes__l0.5,1021,48,2,466,2,606
calibration__8250__denoise__random_walk__random_walk__l0.5,1024,49,2,1023,2,1023
calibration__8250__denoise__confidence_boost__nes__l0.5,1021,48,3,222,3,317
calibration__8250__denoise__boundary_probe__nes__l0.5,1021,48,3,540,3,701
calibration__8250__denoise__counterfactual__nes__l0.5,1021,49,4,521,4,662
calibration__8250__deblur__attack__nes__l1,1021,47,9,294,9,418
calibration__8250__deblur__restore__nes__l1,1021,49,4,230,4,335
calibration__8250__deblur__random_walk__random_walk__l1,1024,49,2,1023,2,1023
calibration__8250__deblur__confidence_boost__nes__l1,1021,48,18,346,9,466
calibration__8250__deblur__boundary_probe__nes__l1,1021,48,12,271,12,392
calibration__8250__deblur__counterfactual__nes__l1,1021,49,18,319,4,450
calibration__2326__denoise__attack__nes__l0.5,1021,49,10,213,10,311
calibration__2326__denoise__restore__nes__l0.5,1021,47,18,136,18,205
calibration__2326__denoise__random_walk__random_walk__l0.5,1024,49,2,1023,2,1023
calibration__2326__denoise__confidence_boost__nes__l0.5,1021,48,16,366,16,496
calibration__2326__denoise__boundary_probe__nes__l0.5,1021,48,18,204,18,296
calibration__2326__denoise__counterfactual__nes__l0.5,1021,49,18,347,2,464
calibration__2326__deblur__attack__nes__l1,1021,48,5,744,5,865
calibration__2326__deblur__restore__nes__l1,1021,50,9,662,8,802
calibration__2326__deblur__random_walk__random_walk__l1,1024,50,2,1023,2,1023
calibration__2326__deblur__confidence_boost__nes__l1,1021,48,6,568,4,739
calibration__2326__deblur__boundary_probe__nes__l1,1021,48,7,389,4,568
calibration__2326__deblur__counterfactual__nes__l1,1021,48,2,649,2,794
calibration__8767__denoise__attack__nes__l0.5,1021,47,3,129,3,188
calibration__8767__denoise__restore__nes__l0.5,1021,47,9,215,3,307
calibration__8767__denoise__random_walk__random_walk__l0.5,1024,49,2,1023,2,1023
calibration__8767__denoise__confidence_boost__nes__l0.5,1021,48,10,224,4,326
calibration__8767__denoise__boundary_probe__nes__l0.5,1021,48,5,182,5,273
calibration__8767__denoise__counterfactual__nes__l0.5,1021,47,7,100,7,143
calibration__8767__deblur__attack__nes__l1,1021,47,5,370,5,531
calibration__8767__deblur__restore__nes__l1,1021,47,5,289,5,419
calibration__8767__deblur__random_walk__random_walk__l1,1024,50,2,1023,2,1023
calibration__8767__deblur__confidence_boost__nes__l1,1021,48,18,335,10,463
calibration__8767__deblur__boundary_probe__nes__l1,1021,49,7,468,4,626
calibration__8767__deblur__counterfactual__nes__l1,1021,47,4,180,4,282
calibration__2578__denoise__attack__nes__l0.5,1021,48,7,452,7,609
calibration__2578__denoise__restore__nes__l0.5,1021,48,4,428,2,565
calibration__2578__denoise__random_walk__random_walk__l0.5,1024,49,2,1023,2,1023
calibration__2578__denoise__confidence_boost__nes__l0.5,1021,48,5,434,3,573
calibration__2578__denoise__boundary_probe__nes__l0.5,1021,48,6,522,2,639
calibration__2578__denoise__counterfactual__nes__l0.5,1021,48,2,371,2,523
calibration__2578__deblur__attack__nes__l1,1021,48,11,461,5,606
calibration__2578__deblur__restore__nes__l1,1021,48,17,339,6,473
calibration__2578__deblur__random_walk__random_walk__l1,1024,49,2,1023,2,1023
calibration__2578__deblur__confidence_boost__nes__l1,1021,48,4,515,4,660
calibration__2578__deblur__boundary_probe__nes__l1,1021,48,5,510,5,672
calibration__2578__deblur__counterfactual__nes__l1,1021,49,18,537,16,652
calibration__136__denoise__attack__nes__l0.5,1021,48,7,466,7,594
calibration__136__denoise__restore__nes__l0.5,1021,48,15,232,15,327
calibration__136__denoise__random_walk__random_walk__l0.5,1024,49,2,1023,2,1023
calibration__136__denoise__confidence_boost__nes__l0.5,1021,47,8,229,8,358
calibration__136__denoise__boundary_probe__nes__l0.5,1021,48,7,297,7,416
calibration__136__denoise__counterfactual__nes__l0.5,1021,47,13,218,6,318
calibration__136__deblur__attack__nes__l1,1021,48,3,722,3,856
calibration__136__deblur__restore__nes__l1,1021,49,9,781,7,894
calibration__136__deblur__random_walk__random_walk__l1,1024,50,2,1023,2,1023
calibration__136__deblur__confidence_boost__nes__l1,1021,48,4,648,4,797
calibration__136__deblur__boundary_probe__nes__l1,1021,48,4,798,3,906
calibration__136__deblur__counterfactual__nes__l1,1021,49,4,743,4,891
calibration__5315__denoise__attack__nes__l0.5,1021,49,6,533,5,662
calibration__5315__denoise__restore__nes__l0.5,1021,48,7,482,7,648
calibration__5315__denoise__random_walk__random_walk__l0.5,1024,50,2,1023,2,1023
calibration__5315__denoise__confidence_boost__nes__l0.5,1021,48,6,457,2,624
calibration__5315__denoise__boundary_probe__nes__l0.5,1021,48,3,787,3,891
calibration__5315__denoise__counterfactual__nes__l0.5,1021,48,6,615,6,752
calibration__5315__deblur__attack__nes__l1,1021,48,3,514,3,678
calibration__5315__deblur__restore__nes__l1,1021,48,3,574,3,703
calibration__5315__deblur__random_walk__random_walk__l1,1024,49,2,1023,2,1023
calibration__5315__deblur__confidence_boost__nes__l1,1021,48,5,515,5,661
calibration__5315__deblur__boundary_probe__nes__l1,1021,47,2,562,2,705
calibration__5315__deblur__counterfactual__nes__l1,1021,47,2,621,2,770
evaluation__791__denoise__attack__nes__l0.5,1021,48,9,514,9,649
evaluation__791__denoise__restore__nes__l0.5,1021,49,9,387,9,536
evaluation__791__denoise__random_walk__random_walk__l0.5,1024,49,2,1023,2,1023
evaluation__791__denoise__confidence_boost__nes__l0.5,1021,48,8,251,8,372
evaluation__791__denoise__boundary_probe__nes__l0.5,1021,50,18,369,17,490
evaluation__791__denoise__counterfactual__nes__l0.5,1021,47,12,202,4,301
evaluation__791__deblur__attack__nes__l1,1021,48,6,308,6,439
evaluation__791__deblur__restore__nes__l1,1021,47,4,315,4,434
evaluation__791__deblur__random_walk__random_walk__l1,1024,49,2,1023,2,1023
evaluation__791__deblur__confidence_boost__nes__l1,1021,48,2,275,2,384
evaluation__791__deblur__boundary_probe__nes__l1,1021,49,5,380,5,497
evaluation__791__deblur__counterfactual__nes__l1,1021,48,3,323,3,437
evaluation__4153__denoise__attack__nes__l0.5,1021,49,3,823,3,904
evaluation__4153__denoise__restore__nes__l0.5,1021,49,2,674,2,802
evaluation__4153__denoise__random_walk__random_walk__l0.5,1024,50,2,1023,2,1023
evaluation__4153__denoise__confidence_boost__nes__l0.5,1021,48,2,907,2,959
evaluation__4153__denoise__boundary_probe__nes__l0.5,1021,49,2,761,2,871
evaluation__4153__denoise__counterfactual__nes__l0.5,1021,48,4,809,4,895
evaluation__4153__deblur__attack__nes__l1,1021,48,11,310,11,443
evaluation__4153__deblur__restore__nes__l1,1021,48,2,339,2,461
evaluation__4153__deblur__random_walk__random_walk__l1,1024,49,2,1023,2,1023
evaluation__4153__deblur__confidence_boost__nes__l1,1021,49,17,345,17,465
evaluation__4153__deblur__boundary_probe__nes__l1,1021,49,8,244,8,357
evaluation__4153__deblur__counterfactual__nes__l1,1021,48,4,290,4,425
evaluation__6081__denoise__attack__nes__l0.5,1021,49,4,518,4,683
evaluation__6081__denoise__restore__nes__l0.5,1021,47,3,312,3,444
evaluation__6081__denoise__random_walk__random_walk__l0.5,1024,50,2,1023,2,1023
evaluation__6081__denoise__confidence_boost__nes__l0.5,1021,48,17,425,10,582
evaluation__6081__denoise__boundary_probe__nes__l0.5,1021,49,9,625,9,756
evaluation__6081__denoise__counterfactual__nes__l0.5,1021,47,9,280,7,409
evaluation__6081__deblur__attack__nes__l1,1021,50,4,430,4,587
evaluation__6081__deblur__restore__nes__l1,1021,49,3,598,3,715
evaluation__6081__deblur__random_walk__random_walk__l1,1024,49,2,1023,2,1023
evaluation__6081__deblur__confidence_boost__nes__l1,1021,49,3,483,3,621
evaluation__6081__deblur__boundary_probe__nes__l1,1021,49,5,567,4,711
evaluation__6081__deblur__counterfactual__nes__l1,1021,49,4,684,4,802
evaluation__6__denoise__attack__nes__l0.5,1021,48,2,429,2,582
evaluation__6__denoise__restore__nes__l0.5,1021,47,18,357,5,500
evaluation__6__denoise__random_walk__random_walk__l0.5,1024,50,2,1023,2,1023
evaluation__6__denoise__confidence_boost__nes__l0.5,1021,48,4,495,4,635
evaluation__6__denoise__boundary_probe__nes__l0.5,1021,48,8,416,6,569
evaluation__6__denoise__counterfactual__nes__l0.5,1021,48,5,477,5,607
evaluation__6__deblur__attack__nes__l1,1021,49,3,496,2,614
evaluation__6__deblur__restore__nes__l1,1021,48,2,742,2,849
evaluation__6__deblur__random_walk__random_walk__l1,1024,49,2,1023,2,1023
evaluation__6__deblur__confidence_boost__nes__l1,1021,49,5,707,5,823
evaluation__6__deblur__boundary_probe__nes__l1,1021,48,2,580,2,724
evaluation__6__deblur__counterfactual__nes__l1,1021,49,2,687,2,824
evaluation__3527__denoise__attack__nes__l0.5,1021,49,2,511,2,655
evaluation__3527__denoise__restore__nes__l0.5,1021,48,4,570,4,728
evaluation__3527__denoise__random_walk__random_walk__l0.5,1024,49,2,1023,2,1023
evaluation__3527__denoise__confidence_boost__nes__l0.5,1021,48,4,598,4,742
evaluation__3527__denoise__boundary_probe__nes__l0.5,1021,48,2,547,2,681
evaluation__3527__denoise__counterfactual__nes__l0.5,1021,49,3,516,3,669
evaluation__3527__deblur__attack__nes__l1,1021,48,13,225,2,343
evaluation__3527__deblur__restore__nes__l1,1021,47,6,248,6,351
evaluation__3527__deblur__random_walk__random_walk__l1,1024,49,2,1023,2,1023
evaluation__3527__deblur__confidence_boost__nes__l1,1021,49,3,308,3,437
evaluation__3527__deblur__boundary_probe__nes__l1,1021,47,2,223,2,331
evaluation__3527__deblur__counterfactual__nes__l1,1021,48,5,365,5,502
evaluation__6886__denoise__attack__nes__l0.5,1021,48,18,241,7,361
evaluation__6886__denoise__restore__nes__l0.5,1021,47,18,189,18,284
evaluation__6886__denoise__random_walk__random_walk__l0.5,1024,49,2,1023,2,1023
evaluation__6886__denoise__confidence_boost__nes__l0.5,1021,48,16,157,15,244
evaluation__6886__denoise__boundary_probe__nes__l0.5,1021,47,4,259,4,381
evaluation__6886__denoise__counterfactual__nes__l0.5,1021,49,18,253,4,374
evaluation__6886__deblur__attack__nes__l1,1021,49,14,204,10,311
evaluation__6886__deblur__restore__nes__l1,1021,48,13,333,13,429
evaluation__6886__deblur__random_walk__random_walk__l1,1024,50,2,1023,2,1023
evaluation__6886__deblur__confidence_boost__nes__l1,1021,48,18,376,18,506
evaluation__6886__deblur__boundary_probe__nes__l1,1021,48,18,256,13,400
evaluation__6886__deblur__counterfactual__nes__l1,1021,48,8,306,8,436
evaluation__8866__denoise__attack__nes__l0.5,1021,48,2,447,2,595
evaluation__8866__denoise__restore__nes__l0.5,1021,48,8,423,5,583
evaluation__8866__denoise__random_walk__random_walk__l0.5,1024,50,2,1023,2,1023
evaluation__8866__denoise__confidence_boost__nes__l0.5,1021,48,3,443,3,593
evaluation__8866__denoise__boundary_probe__nes__l0.5,1021,48,2,637,2,786
evaluation__8866__denoise__counterfactual__nes__l0.5,1021,47,13,435,7,576
evaluation__8866__deblur__attack__nes__l1,1021,49,3,359,3,482
evaluation__8866__deblur__restore__nes__l1,1021,49,6,538,6,683
evaluation__8866__deblur__random_walk__random_walk__l1,1024,49,2,1023,2,1023
evaluation__8866__deblur__confidence_boost__nes__l1,1021,48,4,509,4,664
evaluation__8866__deblur__boundary_probe__nes__l1,1021,48,10,593,3,721
evaluation__8866__deblur__counterfactual__nes__l1,1021,49,3,505,2,662
evaluation__2691__denoise__attack__nes__l0.5,1021,48,2,400,2,562
evaluation__2691__denoise__restore__nes__l0.5,1021,48,17,606,2,729
evaluation__2691__denoise__random_walk__random_walk__l0.5,1024,49,2,1023,2,1023
evaluation__2691__denoise__confidence_boost__nes__l0.5,1021,49,5,524,5,669
evaluation__2691__denoise__boundary_probe__nes__l0.5,1021,47,5,419,5,565
evaluation__2691__denoise__counterfactual__nes__l0.5,1021,48,14,423,14,578
evaluation__2691__deblur__attack__nes__l1,1021,48,8,573,2,728
evaluation__2691__deblur__restore__nes__l1,1021,48,7,622,7,750
evaluation__2691__deblur__random_walk__random_walk__l1,1024,49,2,1023,2,1023
evaluation__2691__deblur__confidence_boost__nes__l1,1021,49,6,634,2,774
evaluation__2691__deblur__boundary_probe__nes__l1,1021,48,3,666,2,797
evaluation__2691__deblur__counterfactual__nes__l1,1021,47,9,585,2,747
evaluation__5015__denoise__attack__nes__l0.5,1021,48,2,520,2,675
evaluation__5015__denoise__restore__nes__l0.5,1021,47,5,403,5,550
evaluation__5015__denoise__random_walk__random_walk__l0.5,1024,49,2,1023,2,1023
evaluation__5015__denoise__confidence_boost__nes__l0.5,1021,49,7,517,7,670
evaluation__5015__denoise__boundary_probe__nes__l0.5,1021,48,11,535,3,677
evaluation__5015__denoise__counterfactual__nes__l0.5,1021,48,4,347,4,478
evaluation__5015__deblur__attack__nes__l1,1021,48,9,331,9,456
evaluation__5015__deblur__restore__nes__l1,1021,47,18,484,18,632
evaluation__5015__deblur__random_walk__random_walk__l1,1024,49,2,1023,2,1023
evaluation__5015__deblur__confidence_boost__nes__l1,1021,49,4,507,4,652
evaluation__5015__deblur__boundary_probe__nes__l1,1021,48,18,340,3,489
evaluation__5015__deblur__counterfactual__nes__l1,1021,47,8,231,8,349
evaluation__7093__denoise__attack__nes__l0.5,1021,48,4,422,4,549
evaluation__7093__denoise__restore__nes__l0.5,1021,48,5,623,4,785
evaluation__7093__denoise__random_walk__random_walk__l0.5,1024,49,2,1023,2,1023
evaluation__7093__denoise__confidence_boost__nes__l0.5,1021,47,3,541,3,690
evaluation__7093__denoise__boundary_probe__nes__l0.5,1021,48,4,755,4,863
evaluation__7093__denoise__counterfactual__nes__l0.5,1021,47,4,658,4,787
evaluation__7093__deblur__attack__nes__l1,1021,49,2,554,2,688
evaluation__7093__deblur__restore__nes__l1,1021,48,5,519,2,667
evaluation__7093__deblur__random_walk__random_walk__l1,1024,49,2,1023,2,1023
evaluation__7093__deblur__confidence_boost__nes__l1,1021,48,2,436,2,577
evaluation__7093__deblur__boundary_probe__nes__l1,1021,48,2,581,2,723
evaluation__7093__deblur__counterfactual__nes__l1,1021,48,3,659,3,777
evaluation__558__denoise__attack__nes__l0.5,1021,48,14,348,10,515
evaluation__558__denoise__restore__nes__l0.5,1021,49,15,540,15,696
evaluation__558__denoise__random_walk__random_walk__l0.5,1024,49,2,1023,2,1023
evaluation__558__denoise__confidence_boost__nes__l0.5,1021,48,7,312,7,449
evaluation__558__denoise__boundary_probe__nes__l0.5,1021,49,14,557,8,737
evaluation__558__denoise__counterfactual__nes__l0.5,1021,47,2,565,2,737
evaluation__558__deblur__attack__nes__l1,1021,48,2,464,2,631
evaluation__558__deblur__restore__nes__l1,1021,48,7,501,2,651
evaluation__558__deblur__random_walk__random_walk__l1,1024,50,2,1023,2,1023
evaluation__558__deblur__confidence_boost__nes__l1,1021,49,2,736,2,855
evaluation__558__deblur__boundary_probe__nes__l1,1021,49,4,594,4,739
evaluation__558__deblur__counterfactual__nes__l1,1021,49,2,538,2,719
evaluation__3129__denoise__attack__nes__l0.5,1021,49,18,186,18,273
evaluation__3129__denoise__restore__nes__l0.5,1021,47,7,132,7,192
evaluation__3129__denoise__random_walk__random_walk__l0.5,1024,49,2,1023,2,1023
evaluation__3129__denoise__confidence_boost__nes__l0.5,1021,49,10,156,10,221
evaluation__3129__denoise__boundary_probe__nes__l0.5,1021,47,6,157,6,242
evaluation__3129__denoise__counterfactual__nes__l0.5,1021,48,2,219,2,322
evaluation__3129__deblur__attack__nes__l1,1021,48,6,277,6,387
evaluation__3129__deblur__restore__nes__l1,1021,48,2,374,2,514
evaluation__3129__deblur__random_walk__random_walk__l1,1024,49,2,1023,2,1023
evaluation__3129__deblur__confidence_boost__nes__l1,1021,47,12,184,9,266
evaluation__3129__deblur__boundary_probe__nes__l1,1021,48,9,331,8,462
evaluation__3129__deblur__counterfactual__nes__l1,1021,47,13,216,3,329
evaluation__5478__denoise__attack__nes__l0.5,1021,48,9,373,4,533
evaluation__5478__denoise__restore__nes__l0.5,1021,49,6,353,6,497
evaluation__5478__denoise__random_walk__random_walk__l0.5,1024,50,2,1023,2,1023
evaluation__5478__denoise__confidence_boost__nes__l0.5,1021,48,15,418,15,578
evaluation__5478__denoise__boundary_probe__nes__l0.5,1021,48,14,370,10,518
evaluation__5478__denoise__counterfactual__nes__l0.5,1021,49,3,386,3,530
evaluation__5478__deblur__attack__nes__l1,1021,46,2,466,2,614
evaluation__5478__deblur__restore__nes__l1,1021,47,13,353,2,513
evaluation__5478__deblur__random_walk__random_walk__l1,1024,50,2,1023,2,1023
evaluation__5478__deblur__confidence_boost__nes__l1,1021,48,15,502,3,663
evaluation__5478__deblur__boundary_probe__nes__l1,1021,50,4,592,2,723
evaluation__5478__deblur__counterfactual__nes__l1,1021,49,9,575,9,712
evaluation__40__denoise__attack__nes__l0.5,1021,49,2,582,2,731
evaluation__40__denoise__restore__nes__l0.5,1021,48,6,659,6,795
evaluation__40__denoise__random_walk__random_walk__l0.5,1024,49,2,1023,2,1023
evaluation__40__denoise__confidence_boost__nes__l0.5,1021,49,7,730,7,831
evaluation__40__denoise__boundary_probe__nes__l0.5,1021,49,2,578,2,719
evaluation__40__denoise__counterfactual__nes__l0.5,1021,49,2,589,2,740
evaluation__40__deblur__attack__nes__l1,1021,48,3,536,3,665
evaluation__40__deblur__restore__nes__l1,1021,48,2,532,2,673
evaluation__40__deblur__random_walk__random_walk__l1,1024,50,2,1023,2,1023
evaluation__40__deblur__confidence_boost__nes__l1,1021,49,5,661,5,778
evaluation__40__deblur__boundary_probe__nes__l1,1021,48,3,504,3,638
evaluation__40__deblur__counterfactual__nes__l1,1021,48,8,588,4,739
evaluation__2183__denoise__attack__nes__l0.5,1021,48,11,261,11,368
evaluation__2183__denoise__restore__nes__l0.5,1021,48,2,349,2,479
evaluation__2183__denoise__random_walk__random_walk__l0.5,1024,49,2,1023,2,1023
evaluation__2183__denoise__confidence_boost__nes__l0.5,1021,47,18,190,3,280
evaluation__2183__denoise__boundary_probe__nes__l0.5,1021,49,6,200,2,281
evaluation__2183__denoise__counterfactual__nes__l0.5,1021,48,15,292,15,421
evaluation__2183__deblur__attack__nes__l1,1021,49,10,392,10,525
evaluation__2183__deblur__restore__nes__l1,1021,48,3,335,3,484
evaluation__2183__deblur__random_walk__random_walk__l1,1024,50,2,1023,2,1023
evaluation__2183__deblur__confidence_boost__nes__l1,1021,50,8,534,3,651
evaluation__2183__deblur__boundary_probe__nes__l1,1021,49,2,423,2,584
evaluation__2183__deblur__counterfactual__nes__l1,1021,47,12,504,12,635
evaluation__5602__denoise__attack__nes__l0.5,1021,48,10,189,10,275
evaluation__5602__denoise__restore__nes__l0.5,1021,48,3,330,3,434
evaluation__5602__denoise__random_walk__random_walk__l0.5,1024,50,2,1023,2,1023
evaluation__5602__denoise__confidence_boost__nes__l0.5,1021,49,14,522,14,632
evaluation__5602__denoise__boundary_probe__nes__l0.5,1021,48,12,354,7,509
evaluation__5602__denoise__counterfactual__nes__l0.5,1021,47,3,272,3,394
evaluation__5602__deblur__attack__nes__l1,1021,47,3,485,3,639
evaluation__5602__deblur__restore__nes__l1,1021,47,3,400,3,534
evaluation__5602__deblur__random_walk__random_walk__l1,1024,49,2,1023,2,1023
evaluation__5602__deblur__confidence_boost__nes__l1,1021,48,10,686,5,813
evaluation__5602__deblur__boundary_probe__nes__l1,1021,48,2,410,2,573
evaluation__5602__deblur__counterfactual__nes__l1,1021,49,7,337,7,487
evaluation__8375__denoise__attack__nes__l0.5,1021,48,2,236,2,334
evaluation__8375__denoise__restore__nes__l0.5,1021,48,8,255,8,350
evaluation__8375__denoise__random_walk__random_walk__l0.5,1024,49,2,1023,2,1023
evaluation__8375__denoise__confidence_boost__nes__l0.5,1021,50,11,189,6,261
evaluation__8375__denoise__boundary_probe__nes__l0.5,1021,48,18,300,18,445
evaluation__8375__denoise__counterfactual__nes__l0.5,1021,49,17,294,11,408
evaluation__8375__deblur__attack__nes__l1,1021,48,2,591,2,723
evaluation__8375__deblur__restore__nes__l1,1021,49,6,636,5,774
evaluation__8375__deblur__random_walk__random_walk__l1,1024,49,2,1023,2,1023
evaluation__8375__deblur__confidence_boost__nes__l1,1021,48,6,610,6,732
evaluation__8375__deblur__boundary_probe__nes__l1,1021,50,3,679,3,797
evaluation__8375__deblur__counterfactual__nes__l1,1021,48,3,666,3,791
evaluation__4390__denoise__attack__nes__l0.5,1021,48,4,434,4,588
evaluation__4390__denoise__restore__nes__l0.5,1021,47,11,367,11,507
evaluation__4390__denoise__random_walk__random_walk__l0.5,1024,49,2,1023,2,1023
evaluation__4390__denoise__confidence_boost__nes__l0.5,1021,48,5,517,5,663
evaluation__4390__denoise__boundary_probe__nes__l0.5,1021,48,11,409,7,586
evaluation__4390__denoise__counterfactual__nes__l0.5,1021,46,14,274,13,386
evaluation__4390__deblur__attack__nes__l1,1021,49,15,495,4,631
evaluation__4390__deblur__restore__nes__l1,1021,47,5,355,3,501
evaluation__4390__deblur__random_walk__random_walk__l1,1024,50,2,1023,2,1023
evaluation__4390__deblur__confidence_boost__nes__l1,1021,48,7,386,2,524
evaluation__4390__deblur__boundary_probe__nes__l1,1021,48,3,573,3,721
evaluation__4390__deblur__counterfactual__nes__l1,1021,49,5,441,2,580
evaluation__5673__denoise__attack__nes__l0.5,1021,48,2,539,2,678
evaluation__5673__denoise__restore__nes__l0.5,1021,48,2,318,2,453
evaluation__5673__denoise__random_walk__random_walk__l0.5,1024,50,2,1023,2,1023
evaluation__5673__denoise__confidence_boost__nes__l0.5,1021,48,4,367,4,506
evaluation__5673__denoise__boundary_probe__nes__l0.5,1021,48,3,454,3,591
evaluation__5673__denoise__counterfactual__nes__l0.5,1021,50,4,561,4,678
evaluation__5673__deblur__attack__nes__l1,1021,48,3,346,3,471
evaluation__5673__deblur__restore__nes__l1,1021,48,3,273,3,397
evaluation__5673__deblur__random_walk__random_walk__l1,1024,49,2,1023,2,1023
evaluation__5673__deblur__confidence_boost__nes__l1,1021,48,2,384,2,515
evaluation__5673__deblur__boundary_probe__nes__l1,1021,49,10,326,10,448
evaluation__5673__deblur__counterfactual__nes__l1,1021,49,18,386,2,537
evaluation__8172__denoise__attack__nes__l0.5,1021,46,18,195,18,278
evaluation__8172__denoise__restore__nes__l0.5,1021,48,17,328,13,465
evaluation__8172__denoise__random_walk__random_walk__l0.5,1024,49,2,1023,2,1023
evaluation__8172__denoise__confidence_boost__nes__l0.5,1021,49,11,482,11,609
evaluation__8172__denoise__boundary_probe__nes__l0.5,1021,48,18,421,12,570
evaluation__8172__denoise__counterfactual__nes__l0.5,1021,48,18,195,9,298
evaluation__8172__deblur__attack__nes__l1,1021,48,2,303,2,437
evaluation__8172__deblur__restore__nes__l1,1021,47,5,456,5,603
evaluation__8172__deblur__random_walk__random_walk__l1,1024,50,2,1023,2,1023
evaluation__8172__deblur__confidence_boost__nes__l1,1021,48,5,258,2,382
evaluation__8172__deblur__boundary_probe__nes__l1,1021,47,8,234,5,358
evaluation__8172__deblur__counterfactual__nes__l1,1021,48,18,482,7,607
evaluation__952__denoise__attack__nes__l0.5,1021,48,2,414,2,568
evaluation__952__denoise__restore__nes__l0.5,1021,49,7,393,7,559
evaluation__952__denoise__random_walk__random_walk__l0.5,1024,50,2,1023,2,1023
evaluation__952__denoise__confidence_boost__nes__l0.5,1021,47,13,449,4,590
evaluation__952__denoise__boundary_probe__nes__l0.5,1021,48,8,562,8,725
evaluation__952__denoise__counterfactual__nes__l0.5,1021,49,5,493,5,644
evaluation__952__deblur__attack__nes__l1,1021,47,2,185,2,263
evaluation__952__deblur__restore__nes__l1,1021,47,14,218,14,321
evaluation__952__deblur__random_walk__random_walk__l1,1024,49,2,1023,2,1023
evaluation__952__deblur__confidence_boost__nes__l1,1021,48,3,257,3,371
evaluation__952__deblur__boundary_probe__nes__l1,1021,48,18,153,18,236
evaluation__952__deblur__counterfactual__nes__l1,1021,48,18,132,18,203
evaluation__4579__denoise__attack__nes__l0.5,1021,47,4,187,4,257
evaluation__4579__denoise__restore__nes__l0.5,1021,47,12,248,12,370
evaluation__4579__denoise__random_walk__random_walk__l0.5,1024,50,2,1023,2,1023
evaluation__4579__denoise__confidence_boost__nes__l0.5,1021,48,18,258,14,394
evaluation__4579__denoise__boundary_probe__nes__l0.5,1021,48,9,290,9,421
evaluation__4579__denoise__counterfactual__nes__l0.5,1021,48,2,206,2,293
evaluation__4579__deblur__attack__nes__l1,1021,48,4,553,3,683
evaluation__4579__deblur__restore__nes__l1,1021,49,4,833,4,901
evaluation__4579__deblur__random_walk__random_walk__l1,1024,50,2,1023,2,1023
evaluation__4579__deblur__confidence_boost__nes__l1,1021,48,2,740,2,839
evaluation__4579__deblur__boundary_probe__nes__l1,1021,50,4,792,4,886
evaluation__4579__deblur__counterfactual__nes__l1,1021,49,5,495,4,635
evaluation__7131__denoise__attack__nes__l0.5,1021,50,4,673,3,812
evaluation__7131__denoise__restore__nes__l0.5,1021,49,6,755,6,845
evaluation__7131__denoise__random_walk__random_walk__l0.5,1024,50,2,1023,2,1023
evaluation__7131__denoise__confidence_boost__nes__l0.5,1021,48,5,720,4,835
evaluation__7131__denoise__boundary_probe__nes__l0.5,1021,48,3,629,2,769
evaluation__7131__denoise__counterfactual__nes__l0.5,1021,49,2,795,2,895
evaluation__7131__deblur__attack__nes__l1,1021,47,2,378,2,500
evaluation__7131__deblur__restore__nes__l1,1021,49,2,565,2,687
evaluation__7131__deblur__random_walk__random_walk__l1,1024,50,2,1023,2,1023
evaluation__7131__deblur__confidence_boost__nes__l1,1021,49,3,583,3,738
evaluation__7131__deblur__boundary_probe__nes__l1,1021,49,5,444,2,597
evaluation__7131__deblur__counterfactual__nes__l1,1021,50,4,320,4,433
evaluation__471__denoise__attack__nes__l0.5,1021,48,8,694,8,810
evaluation__471__denoise__restore__nes__l0.5,1021,49,9,538,8,691
evaluation__471__denoise__random_walk__random_walk__l0.5,1024,50,2,1023,2,1023
evaluation__471__denoise__confidence_boost__nes__l0.5,1021,48,2,498,2,634
evaluation__471__denoise__boundary_probe__nes__l0.5,1021,47,7,498,5,676
evaluation__471__denoise__counterfactual__nes__l0.5,1021,48,3,361,2,496
evaluation__471__deblur__attack__nes__l1,1021,46,10,446,2,602
evaluation__471__deblur__restore__nes__l1,1021,47,4,501,4,659
evaluation__471__deblur__random_walk__random_walk__l1,1024,50,2,1023,2,1023
evaluation__471__deblur__confidence_boost__nes__l1,1021,48,10,310,8,425
evaluation__471__deblur__boundary_probe__nes__l1,1021,50,16,489,16,613
evaluation__471__deblur__counterfactual__nes__l1,1021,48,18,388,18,511
evaluation__2640__denoise__attack__nes__l0.5,1021,49,8,566,2,699
evaluation__2640__denoise__restore__nes__l0.5,1021,48,3,353,3,496
evaluation__2640__denoise__random_walk__random_walk__l0.5,1024,49,2,1023,2,1023
evaluation__2640__denoise__confidence_boost__nes__l0.5,1021,49,11,450,11,605
evaluation__2640__denoise__boundary_probe__nes__l0.5,1021,47,7,390,5,535
evaluation__2640__denoise__counterfactual__nes__l0.5,1021,47,5,418,2,587
evaluation__2640__deblur__attack__nes__l1,1021,48,2,556,2,700
evaluation__2640__deblur__restore__nes__l1,1021,48,9,407,8,556
evaluation__2640__deblur__random_walk__random_walk__l1,1024,49,2,1023,2,1023
evaluation__2640__deblur__confidence_boost__nes__l1,1021,48,4,689,4,821
evaluation__2640__deblur__boundary_probe__nes__l1,1021,48,13,557,7,719
evaluation__2640__deblur__counterfactual__nes__l1,1021,48,5,400,5,548
evaluation__6844__denoise__attack__nes__l0.5,1021,48,18,154,18,217
evaluation__6844__denoise__restore__nes__l0.5,1021,48,18,135,18,193
evaluation__6844__denoise__random_walk__random_walk__l0.5,1024,49,2,1023,2,1023
evaluation__6844__denoise__confidence_boost__nes__l0.5,1021,47,4,170,4,251
evaluation__6844__denoise__boundary_probe__nes__l0.5,1021,46,13,97,13,139
evaluation__6844__denoise__counterfactual__nes__l0.5,1021,46,18,149,4,206
evaluation__6844__deblur__attack__nes__l1,1021,49,7,366,7,478
evaluation__6844__deblur__restore__nes__l1,1021,47,3,259,3,355
evaluation__6844__deblur__random_walk__random_walk__l1,1024,49,2,1023,2,1023
evaluation__6844__deblur__confidence_boost__nes__l1,1021,49,2,367,2,528
evaluation__6844__deblur__boundary_probe__nes__l1,1021,49,9,548,9,681
evaluation__6844__deblur__counterfactual__nes__l1,1021,48,9,332,6,469
evaluation__9063__denoise__attack__nes__l0.5,1021,48,8,169,8,261
evaluation__9063__denoise__restore__nes__l0.5,1021,49,18,248,6,385
evaluation__9063__denoise__random_walk__random_walk__l0.5,1024,49,2,1023,2,1023
evaluation__9063__denoise__confidence_boost__nes__l0.5,1021,49,18,214,18,306
evaluation__9063__denoise__boundary_probe__nes__l0.5,1021,49,18,140,7,222
evaluation__9063__denoise__counterfactual__nes__l0.5,1021,47,18,261,18,369
evaluation__9063__deblur__attack__nes__l1,1021,47,6,246,6,365
evaluation__9063__deblur__restore__nes__l1,1021,47,3,240,3,351
evaluation__9063__deblur__random_walk__random_walk__l1,1024,49,2,1023,2,1023
evaluation__9063__deblur__confidence_boost__nes__l1,1021,47,18,435,2,568
evaluation__9063__deblur__boundary_probe__nes__l1,1021,48,14,364,14,487
evaluation__9063__deblur__counterfactual__nes__l1,1021,47,18,247,2,357
evaluation__2624__denoise__attack__nes__l0.5,1021,48,13,270,10,379
evaluation__2624__denoise__restore__nes__l0.5,1021,48,3,265,3,358
evaluation__2624__denoise__random_walk__random_walk__l0.5,1024,49,2,1023,2,1023
evaluation__2624__denoise__confidence_boost__nes__l0.5,1021,47,5,335,2,487
evaluation__2624__denoise__boundary_probe__nes__l0.5,1021,49,2,445,2,611
evaluation__2624__denoise__counterfactual__nes__l0.5,1021,49,18,280,13,406
evaluation__2624__deblur__attack__nes__l1,1021,48,18,378,18,532
evaluation__2624__deblur__restore__nes__l1,1021,48,18,218,18,328
evaluation__2624__deblur__random_walk__random_walk__l1,1024,49,2,1023,2,1023
evaluation__2624__deblur__confidence_boost__nes__l1,1021,49,18,400,18,517
evaluation__2624__deblur__boundary_probe__nes__l1,1021,48,2,266,2,372
evaluation__2624__deblur__counterfactual__nes__l1,1021,48,18,290,6,402
evaluation__5619__denoise__attack__nes__l0.5,1021,47,3,165,2,247
evaluation__5619__denoise__restore__nes__l0.5,1021,48,18,295,10,446
evaluation__5619__denoise__random_walk__random_walk__l0.5,1024,49,2,1023,2,1023
evaluation__5619__denoise__confidence_boost__nes__l0.5,1021,47,2,376,2,509
evaluation__5619__denoise__boundary_probe__nes__l0.5,1021,48,18,394,8,544
evaluation__5619__denoise__counterfactual__nes__l0.5,1021,48,11,249,3,357
evaluation__5619__deblur__attack__nes__l1,1021,48,18,183,12,266
evaluation__5619__deblur__restore__nes__l1,1021,48,6,265,4,370
evaluation__5619__deblur__random_walk__random_walk__l1,1024,50,2,1023,2,1023
evaluation__5619__deblur__confidence_boost__nes__l1,1021,48,18,158,18,223
evaluation__5619__deblur__boundary_probe__nes__l1,1021,49,18,235,18,348
evaluation__5619__deblur__counterfactual__nes__l1,1021,47,3,111,3,167
evaluation__8120__denoise__attack__nes__l0.5,1021,47,18,120,18,179
evaluation__8120__denoise__restore__nes__l0.5,1021,48,18,174,18,261
evaluation__8120__denoise__random_walk__random_walk__l0.5,1024,49,2,1023,2,1023
evaluation__8120__denoise__confidence_boost__nes__l0.5,1021,47,18,132,18,185
evaluation__8120__denoise__boundary_probe__nes__l0.5,1021,49,18,300,18,427
evaluation__8120__denoise__counterfactual__nes__l0.5,1021,47,18,129,12,193
evaluation__8120__deblur__attack__nes__l1,1021,48,3,348,3,488
evaluation__8120__deblur__restore__nes__l1,1021,48,7,245,7,353
evaluation__8120__deblur__random_walk__random_walk__l1,1024,49,2,1023,2,1023
evaluation__8120__deblur__confidence_boost__nes__l1,1021,49,7,373,7,523
evaluation__8120__deblur__boundary_probe__nes__l1,1021,49,7,281,5,399
evaluation__8120__deblur__counterfactual__nes__l1,1021,48,7,411,7,542
evaluation__940__denoise__attack__nes__l0.5,1021,49,2,607,2,760
evaluation__940__denoise__restore__nes__l0.5,1021,48,3,629,3,768
evaluation__940__denoise__random_walk__random_walk__l0.5,1024,49,2,1023,2,1023
evaluation__940__denoise__confidence_boost__nes__l0.5,1021,47,2,637,2,768
evaluation__940__denoise__boundary_probe__nes__l0.5,1021,49,4,643,3,768
evaluation__940__denoise__counterfactual__nes__l0.5,1021,49,3,690,3,807
evaluation__940__deblur__attack__nes__l1,1021,47,5,418,4,575
evaluation__940__deblur__restore__nes__l1,1021,50,2,545,2,694
evaluation__940__deblur__random_walk__random_walk__l1,1024,49,2,1023,2,1023
evaluation__940__deblur__confidence_boost__nes__l1,1021,49,3,547,3,724
evaluation__940__deblur__boundary_probe__nes__l1,1021,48,5,691,2,800
evaluation__940__deblur__counterfactual__nes__l1,1021,47,3,576,3,744
evaluation__3166__denoise__attack__nes__l0.5,1021,49,8,220,8,318
evaluation__3166__denoise__restore__nes__l0.5,1021,48,3,284,3,413
evaluation__3166__denoise__random_walk__random_walk__l0.5,1024,50,2,1023,2,1023
evaluation__3166__denoise__confidence_boost__nes__l0.5,1021,49,10,441,10,602
evaluation__3166__denoise__boundary_probe__nes__l0.5,1021,46,9,393,8,512
evaluation__3166__denoise__counterfactual__nes__l0.5,1021,48,8,478,8,621
evaluation__3166__deblur__attack__nes__l1,1021,49,2,470,2,628
evaluation__3166__deblur__restore__nes__l1,1021,49,7,423,7,585
evaluation__3166__deblur__random_walk__random_walk__l1,1024,49,2,1023,2,1023
evaluation__3166__deblur__confidence_boost__nes__l1,1021,49,2,808,2,876
evaluation__3166__deblur__boundary_probe__nes__l1,1021,49,4,517,3,687
evaluation__3166__deblur__counterfactual__nes__l1,1021,49,4,477,2,634
evaluation__7613__denoise__attack__nes__l0.5,1021,48,8,318,7,466
evaluation__7613__denoise__restore__nes__l0.5,1021,48,3,437,3,586
evaluation__7613__denoise__random_walk__random_walk__l0.5,1024,49,2,1023,2,1023
evaluation__7613__denoise__confidence_boost__nes__l0.5,1021,49,13,502,11,661
evaluation__7613__denoise__boundary_probe__nes__l0.5,1021,49,2,467,2,621
evaluation__7613__denoise__counterfactual__nes__l0.5,1021,47,2,493,2,627
evaluation__7613__deblur__attack__nes__l1,1021,49,18,172,4,251
evaluation__7613__deblur__restore__nes__l1,1021,47,3,137,3,194
evaluation__7613__deblur__random_walk__random_walk__l1,1024,49,2,1023,2,1023
evaluation__7613__deblur__confidence_boost__nes__l1,1021,48,18,262,13,378
evaluation__7613__deblur__boundary_probe__nes__l1,1021,49,18,423,10,561
evaluation__7613__deblur__counterfactual__nes__l1,1021,49,18,282,18,397
fit__74__denoise__attack__nes__l0.5,1021,49,12,501,12,681
fit__74__denoise__restore__nes__l0.5,1021,49,8,420,8,601
fit__74__denoise__random_walk__random_walk__l0.5,1024,50,2,1023,2,1023
fit__74__denoise__confidence_boost__nes__l0.5,1021,49,2,486,2,641
fit__74__denoise__boundary_probe__nes__l0.5,1021,48,2,613,2,749
fit__74__denoise__counterfactual__nes__l0.5,1021,49,6,544,2,691
fit__74__deblur__attack__nes__l1,1021,49,18,257,4,393
fit__74__deblur__restore__nes__l1,1021,49,8,324,8,446
fit__74__deblur__random_walk__random_walk__l1,1024,49,2,1023,2,1023
fit__74__deblur__confidence_boost__nes__l1,1021,46,17,137,17,212
fit__74__deblur__boundary_probe__nes__l1,1021,47,13,181,13,261
fit__74__deblur__counterfactual__nes__l1,1021,48,2,166,2,256
fit__7354__denoise__attack__nes__l0.5,1021,48,14,626,13,769
fit__7354__denoise__restore__nes__l0.5,1021,48,4,672,4,803
fit__7354__denoise__random_walk__random_walk__l0.5,1024,49,2,1023,2,1023
fit__7354__denoise__confidence_boost__nes__l0.5,1021,48,6,574,6,743
fit__7354__denoise__boundary_probe__nes__l0.5,1021,49,4,735,4,860
fit__7354__denoise__counterfactual__nes__l0.5,1021,48,3,626,3,777
fit__7354__deblur__attack__nes__l1,1021,47,11,481,4,633
fit__7354__deblur__restore__nes__l1,1021,48,3,520,3,674
fit__7354__deblur__random_walk__random_walk__l1,1024,49,2,1023,2,1023
fit__7354__deblur__confidence_boost__nes__l1,1021,49,5,553,5,702
fit__7354__deblur__boundary_probe__nes__l1,1021,49,3,320,3,449
fit__7354__deblur__counterfactual__nes__l1,1021,48,2,388,2,551
fit__4506__denoise__attack__nes__l0.5,1021,48,2,961,2,992
fit__4506__denoise__restore__nes__l0.5,1021,49,4,921,2,986
fit__4506__denoise__random_walk__random_walk__l0.5,1024,50,2,1023,2,1023
fit__4506__denoise__confidence_boost__nes__l0.5,1021,49,3,935,3,982
fit__4506__denoise__boundary_probe__nes__l0.5,1021,49,2,930,2,982
fit__4506__denoise__counterfactual__nes__l0.5,1021,48,2,910,2,974
fit__4506__deblur__attack__nes__l1,1021,48,3,391,3,534
fit__4506__deblur__restore__nes__l1,1021,48,5,371,5,512
fit__4506__deblur__random_walk__random_walk__l1,1024,49,2,1023,2,1023
fit__4506__deblur__confidence_boost__nes__l1,1021,48,6,405,5,538
fit__4506__deblur__boundary_probe__nes__l1,1021,50,2,441,2,575
fit__4506__deblur__counterfactual__nes__l1,1021,48,7,341,5,468
fit__9559__denoise__attack__nes__l0.5,1021,47,2,445,2,582
fit__9559__denoise__restore__nes__l0.5,1021,48,2,539,2,684
fit__9559__denoise__random_walk__random_walk__l0.5,1024,50,2,1023,2,1023
fit__9559__denoise__confidence_boost__nes__l0.5,1021,47,3,473,3,616
fit__9559__denoise__boundary_probe__nes__l0.5,1021,49,2,652,2,763
fit__9559__denoise__counterfactual__nes__l0.5,1021,50,4,486,4,640
fit__9559__deblur__attack__nes__l1,1021,48,12,661,7,790
fit__9559__deblur__restore__nes__l1,1021,49,2,857,2,937
fit__9559__deblur__random_walk__random_walk__l1,1024,49,2,1023,2,1023
fit__9559__deblur__confidence_boost__nes__l1,1021,49,5,710,5,817
fit__9559__deblur__boundary_probe__nes__l1,1021,48,8,632,8,781
fit__9559__deblur__counterfactual__nes__l1,1021,49,2,756,2,873
fit__2625__denoise__attack__nes__l0.5,1021,48,11,567,3,708
fit__2625__denoise__restore__nes__l0.5,1021,49,2,646,2,797
fit__2625__denoise__random_walk__random_walk__l0.5,1024,50,2,1023,2,1023
fit__2625__denoise__confidence_boost__nes__l0.5,1021,49,5,552,4,704
fit__2625__denoise__boundary_probe__nes__l0.5,1021,47,7,586,7,726
fit__2625__denoise__counterfactual__nes__l0.5,1021,49,6,465,3,626
fit__2625__deblur__attack__nes__l1,1021,46,18,139,18,205
fit__2625__deblur__restore__nes__l1,1021,48,18,191,18,314
fit__2625__deblur__random_walk__random_walk__l1,1024,49,2,1023,2,1023
fit__2625__deblur__confidence_boost__nes__l1,1021,48,18,146,18,221
fit__2625__deblur__boundary_probe__nes__l1,1021,48,10,268,10,393
fit__2625__deblur__counterfactual__nes__l1,1021,46,14,129,4,202
fit__397__denoise__attack__nes__l0.5,1021,48,4,404,2,562
fit__397__denoise__restore__nes__l0.5,1021,47,5,552,5,679
fit__397__denoise__random_walk__random_walk__l0.5,1024,49,2,1023,2,1023
fit__397__denoise__confidence_boost__nes__l0.5,1021,48,2,374,2,508
fit__397__denoise__boundary_probe__nes__l0.5,1021,49,9,325,6,447
fit__397__denoise__counterfactual__nes__l0.5,1021,48,8,276,8,405
fit__397__deblur__attack__nes__l1,1021,48,4,474,4,615
fit__397__deblur__restore__nes__l1,1021,47,4,352,4,488
fit__397__deblur__random_walk__random_walk__l1,1024,50,2,1023,2,1023
fit__397__deblur__confidence_boost__nes__l1,1021,48,4,385,4,525
fit__397__deblur__boundary_probe__nes__l1,1021,49,6,494,6,620
fit__397__deblur__counterfactual__nes__l1,1021,48,13,449,13,574
fit__6364__denoise__attack__nes__l0.5,1021,48,3,798,3,892
fit__6364__denoise__restore__nes__l0.5,1021,50,2,727,2,836
fit__6364__denoise__random_walk__random_walk__l0.5,1024,50,2,1023,2,1023
fit__6364__denoise__confidence_boost__nes__l0.5,1021,48,5,642,2,788
fit__6364__denoise__boundary_probe__nes__l0.5,1021,48,2,631,2,789
fit__6364__denoise__counterfactual__nes__l0.5,1021,49,2,811,2,914
fit__6364__deblur__attack__nes__l1,1021,48,18,365,5,501
fit__6364__deblur__restore__nes__l1,1021,49,18,483,8,618
fit__6364__deblur__random_walk__random_walk__l1,1024,50,2,1023,2,1023
fit__6364__deblur__confidence_boost__nes__l1,1021,48,5,318,5,446
fit__6364__deblur__boundary_probe__nes__l1,1021,48,5,423,5,581
fit__6364__deblur__counterfactual__nes__l1,1021,49,3,429,3,561
fit__3759__denoise__attack__nes__l0.5,1021,48,3,515,3,643
fit__3759__denoise__restore__nes__l0.5,1021,48,8,418,5,544
fit__3759__denoise__random_walk__random_walk__l0.5,1024,49,2,1023,2,1023
fit__3759__denoise__confidence_boost__nes__l0.5,1021,48,3,379,3,525
fit__3759__denoise__boundary_probe__nes__l0.5,1021,48,5,423,3,574
fit__3759__denoise__counterfactual__nes__l0.5,1021,48,9,299,3,437
fit__3759__deblur__attack__nes__l1,1021,47,14,373,14,480
fit__3759__deblur__restore__nes__l1,1021,47,6,263,2,399
fit__3759__deblur__random_walk__random_walk__l1,1024,50,2,1023,2,1023
fit__3759__deblur__confidence_boost__nes__l1,1021,48,9,192,2,272
fit__3759__deblur__boundary_probe__nes__l1,1021,47,2,251,2,393
fit__3759__deblur__counterfactual__nes__l1,1021,47,3,423,3,536
fit__8801__denoise__attack__nes__l0.5,1021,49,10,446,7,593
fit__8801__denoise__restore__nes__l0.5,1021,48,4,479,4,623
fit__8801__denoise__random_walk__random_walk__l0.5,1024,50,2,1023,2,1023
fit__8801__denoise__confidence_boost__nes__l0.5,1021,48,13,304,3,425
fit__8801__denoise__boundary_probe__nes__l0.5,1021,48,4,482,4,657
fit__8801__denoise__counterfactual__nes__l0.5,1021,47,7,351,7,490
fit__8801__deblur__attack__nes__l1,1021,48,7,555,7,698
fit__8801__deblur__restore__nes__l1,1021,47,18,351,3,498
fit__8801__deblur__random_walk__random_walk__l1,1024,49,2,1023,2,1023
fit__8801__deblur__confidence_boost__nes__l1,1021,48,9,525,9,661
fit__8801__deblur__boundary_probe__nes__l1,1021,47,18,267,18,416
fit__8801__deblur__counterfactual__nes__l1,1021,48,5,402,5,550
fit__5112__denoise__attack__nes__l0.5,1021,49,6,237,2,349
fit__5112__denoise__restore__nes__l0.5,1021,49,18,262,17,389
fit__5112__denoise__random_walk__random_walk__l0.5,1024,49,2,1023,2,1023
fit__5112__denoise__confidence_boost__nes__l0.5,1021,48,3,233,3,366
fit__5112__denoise__boundary_probe__nes__l0.5,1021,49,18,368,2,506
fit__5112__denoise__counterfactual__nes__l0.5,1021,47,7,265,7,362
fit__5112__deblur__attack__nes__l1,1021,49,3,453,3,584
fit__5112__deblur__restore__nes__l1,1021,49,2,659,2,780
fit__5112__deblur__random_walk__random_walk__l1,1024,49,2,1023,2,1023
fit__5112__deblur__confidence_boost__nes__l1,1021,47,3,364,3,513
fit__5112__deblur__boundary_probe__nes__l1,1021,48,3,348,3,483
fit__5112__deblur__counterfactual__nes__l1,1021,49,4,327,4,439
fit__2121__denoise__attack__nes__l0.5,1021,46,18,109,18,161
fit__2121__denoise__restore__nes__l0.5,1021,47,18,107,18,159
fit__2121__denoise__random_walk__random_walk__l0.5,1024,49,2,1023,2,1023
fit__2121__denoise__confidence_boost__nes__l0.5,1021,48,18,104,18,149
fit__2121__denoise__boundary_probe__nes__l0.5,1021,49,18,216,18,315
fit__2121__denoise__counterfactual__nes__l0.5,1021,47,18,193,18,289
fit__2121__deblur__attack__nes__l1,1021,48,2,160,2,243
fit__2121__deblur__restore__nes__l1,1021,47,14,123,14,189
fit__2121__deblur__random_walk__random_walk__l1,1024,49,2,1023,2,1023
fit__2121__deblur__confidence_boost__nes__l1,1021,49,11,217,2,322
fit__2121__deblur__boundary_probe__nes__l1,1021,48,2,354,2,488
fit__2121__deblur__counterfactual__nes__l1,1021,46,7,161,4,250
fit__6235__denoise__attack__nes__l0.5,1021,48,8,344,8,482
fit__6235__denoise__restore__nes__l0.5,1021,48,3,283,3,415
fit__6235__denoise__random_walk__random_walk__l0.5,1024,49,2,1023,2,1023
fit__6235__denoise__confidence_boost__nes__l0.5,1021,48,3,238,3,340
fit__6235__denoise__boundary_probe__nes__l0.5,1021,48,2,211,2,296
fit__6235__denoise__counterfactual__nes__l0.5,1021,48,6,389,2,544
fit__6235__deblur__attack__nes__l1,1021,47,16,182,6,284
fit__6235__deblur__restore__nes__l1,1021,47,8,235,5,357
fit__6235__deblur__random_walk__random_walk__l1,1024,49,2,1023,2,1023
fit__6235__deblur__confidence_boost__nes__l1,1021,48,7,205,7,293
fit__6235__deblur__boundary_probe__nes__l1,1021,49,16,320,7,437
fit__6235__deblur__counterfactual__nes__l1,1021,48,15,316,4,411
fit__2470__denoise__attack__nes__l0.5,1021,47,4,288,4,413
fit__2470__denoise__restore__nes__l0.5,1021,49,9,568,2,714
fit__2470__denoise__random_walk__random_walk__l0.5,1024,49,2,1023,2,1023
fit__2470__denoise__confidence_boost__nes__l0.5,1021,49,3,471,3,597
fit__2470__denoise__boundary_probe__nes__l0.5,1021,49,10,537,3,695
fit__2470__denoise__counterfactual__nes__l0.5,1021,47,6,508,6,654
fit__2470__deblur__attack__nes__l1,1021,48,12,552,4,708
fit__2470__deblur__restore__nes__l1,1021,49,7,640,7,788
fit__2470__deblur__random_walk__random_walk__l1,1024,49,2,1023,2,1023
fit__2470__deblur__confidence_boost__nes__l1,1021,50,5,550,5,693
fit__2470__deblur__boundary_probe__nes__l1,1021,49,15,361,5,516
fit__2470__deblur__counterfactual__nes__l1,1021,48,3,576,3,714
fit__9899__denoise__attack__nes__l0.5,1021,49,2,447,2,603
fit__9899__denoise__restore__nes__l0.5,1021,48,18,526,18,642
fit__9899__denoise__random_walk__random_walk__l0.5,1024,49,2,1023,2,1023
fit__9899__denoise__confidence_boost__nes__l0.5,1021,48,4,467,4,623
fit__9899__denoise__boundary_probe__nes__l0.5,1021,48,15,334,14,471
fit__9899__denoise__counterfactual__nes__l0.5,1021,48,8,356,7,525
fit__9899__deblur__attack__nes__l1,1021,48,5,347,2,490
fit__9899__deblur__restore__nes__l1,1021,49,3,608,3,745
fit__9899__deblur__random_walk__random_walk__l1,1024,48,2,1023,2,1023
fit__9899__deblur__confidence_boost__nes__l1,1021,48,9,556,9,686
fit__9899__deblur__boundary_probe__nes__l1,1021,49,12,424,6,568
fit__9899__deblur__counterfactual__nes__l1,1021,48,10,474,4,644
fit__2380__denoise__attack__nes__l0.5,1021,48,10,273,10,377
fit__2380__denoise__restore__nes__l0.5,1021,47,10,293,8,410
fit__2380__denoise__random_walk__random_walk__l0.5,1024,50,2,1023,2,1023
fit__2380__denoise__confidence_boost__nes__l0.5,1021,49,8,241,8,354
fit__2380__denoise__boundary_probe__nes__l0.5,1021,49,11,444,6,579
fit__2380__denoise__counterfactual__nes__l0.5,1021,49,6,352,6,481
fit__2380__deblur__attack__nes__l1,1021,47,18,241,9,351
fit__2380__deblur__restore__nes__l1,1021,48,7,383,7,516
fit__2380__deblur__random_walk__random_walk__l1,1024,50,2,1023,2,1023
fit__2380__deblur__confidence_boost__nes__l1,1021,47,18,427,16,577
fit__2380__deblur__boundary_probe__nes__l1,1021,48,7,343,4,503
fit__2380__deblur__counterfactual__nes__l1,1021,48,6,357,6,489
fit__1082__denoise__attack__nes__l0.5,1021,49,2,234,2,328
fit__1082__denoise__restore__nes__l0.5,1021,48,5,227,5,319
fit__1082__denoise__random_walk__random_walk__l0.5,1024,49,2,1023,2,1023
fit__1082__denoise__confidence_boost__nes__l0.5,1021,47,18,175,18,262
fit__1082__denoise__boundary_probe__nes__l0.5,1021,48,2,316,2,451
fit__1082__denoise__counterfactual__nes__l0.5,1021,49,18,383,2,515
fit__1082__deblur__attack__nes__l1,1021,49,4,466,3,594
fit__1082__deblur__restore__nes__l1,1021,48,5,405,5,553
fit__1082__deblur__random_walk__random_walk__l1,1024,50,2,1023,2,1023
fit__1082__deblur__confidence_boost__nes__l1,1021,48,9,591,2,741
fit__1082__deblur__boundary_probe__nes__l1,1021,48,2,457,2,597
fit__1082__deblur__counterfactual__nes__l1,1021,48,4,568,4,702
fit__7170__denoise__attack__nes__l0.5,1021,48,7,422,7,548
fit__7170__denoise__restore__nes__l0.5,1021,48,10,208,10,306
fit__7170__denoise__random_walk__random_walk__l0.5,1024,49,2,1023,2,1023
fit__7170__denoise__confidence_boost__nes__l0.5,1021,48,17,251,5,385
fit__7170__denoise__boundary_probe__nes__l0.5,1021,48,18,392,18,510
fit__7170__denoise__counterfactual__nes__l0.5,1021,49,13,315,9,432
fit__7170__deblur__attack__nes__l1,1021,48,9,322,6,458
fit__7170__deblur__restore__nes__l1,1021,48,2,382,2,530
fit__7170__deblur__random_walk__random_walk__l1,1024,49,2,1023,2,1023
fit__7170__deblur__confidence_boost__nes__l1,1021,49,5,271,2,417
fit__7170__deblur__boundary_probe__nes__l1,1021,49,6,409,6,577
fit__7170__deblur__counterfactual__nes__l1,1021,49,16,497,4,644
calibration__2951__denoise__attack__nes__l0.5,1021,49,11,370,5,525
calibration__2951__denoise__restore__nes__l0.5,1021,48,3,328,2,486
calibration__2951__denoise__random_walk__random_walk__l0.5,1024,49,2,1023,2,1023
calibration__2951__denoise__confidence_boost__nes__l0.5,1021,49,9,454,2,611
calibration__2951__denoise__boundary_probe__nes__l0.5,1021,49,10,372,4,504
calibration__2951__denoise__counterfactual__nes__l0.5,1021,49,2,447,2,604
calibration__2951__deblur__attack__nes__l1,1021,48,18,220,18,346
calibration__2951__deblur__restore__nes__l1,1021,48,7,429,7,579
calibration__2951__deblur__random_walk__random_walk__l1,1024,49,2,1023,2,1023
calibration__2951__deblur__confidence_boost__nes__l1,1021,49,18,592,7,711
calibration__2951__deblur__boundary_probe__nes__l1,1021,48,12,313,9,452
calibration__2951__deblur__counterfactual__nes__l1,1021,46,18,342,17,484
calibration__7010__denoise__attack__nes__l0.5,1021,48,2,779,2,881
calibration__7010__denoise__restore__nes__l0.5,1021,49,2,623,2,776
calibration__7010__denoise__random_walk__random_walk__l0.5,1024,49,2,1023,2,1023
calibration__7010__denoise__confidence_boost__nes__l0.5,1021,48,2,632,2,759
calibration__7010__denoise__boundary_probe__nes__l0.5,1021,49,2,849,2,930
calibration__7010__denoise__counterfactual__nes__l0.5,1021,49,2,848,2,933
calibration__7010__deblur__attack__nes__l1,1021,47,11,523,7,721
calibration__7010__deblur__restore__nes__l1,1021,48,6,679,6,826
calibration__7010__deblur__random_walk__random_walk__l1,1024,50,2,1023,2,1023
calibration__7010__deblur__confidence_boost__nes__l1,1021,48,7,525,5,693
calibration__7010__deblur__boundary_probe__nes__l1,1021,46,7,494,4,675
calibration__7010__deblur__counterfactual__nes__l1,1021,47,5,343,5,530
calibration__3488__denoise__attack__nes__l0.5,1021,49,17,312,2,437
calibration__3488__denoise__restore__nes__l0.5,1021,49,18,242,18,349
calibration__3488__denoise__random_walk__random_walk__l0.5,1024,49,2,1023,2,1023
calibration__3488__denoise__confidence_boost__nes__l0.5,1021,49,18,257,18,376
calibration__3488__denoise__boundary_probe__nes__l0.5,1021,49,4,342,4,479
calibration__3488__denoise__counterfactual__nes__l0.5,1021,48,18,307,18,422
calibration__3488__deblur__attack__nes__l1,1021,48,17,280,17,397
calibration__3488__deblur__restore__nes__l1,1021,48,18,321,18,441
calibration__3488__deblur__random_walk__random_walk__l1,1024,48,2,1023,2,1023
calibration__3488__deblur__confidence_boost__nes__l1,1021,47,18,208,18,304
calibration__3488__deblur__boundary_probe__nes__l1,1021,49,9,320,9,451
calibration__3488__deblur__counterfactual__nes__l1,1021,48,18,198,8,302
calibration__8880__denoise__attack__nes__l0.5,1021,48,6,262,6,373
calibration__8880__denoise__restore__nes__l0.5,1021,48,2,335,2,461
calibration__8880__denoise__random_walk__random_walk__l0.5,1024,49,2,1023,2,1023
calibration__8880__denoise__confidence_boost__nes__l0.5,1021,48,15,379,3,497
calibration__8880__denoise__boundary_probe__nes__l0.5,1021,47,16,268,2,375
calibration__8880__denoise__counterfactual__nes__l0.5,1021,49,18,340,18,481
calibration__8880__deblur__attack__nes__l1,1021,47,8,293,8,430
calibration__8880__deblur__restore__nes__l1,1021,48,4,336,4,485
calibration__8880__deblur__random_walk__random_walk__l1,1024,49,2,1023,2,1023
calibration__8880__deblur__confidence_boost__nes__l1,1021,48,18,271,3,394
calibration__8880__deblur__boundary_probe__nes__l1,1021,47,6,302,6,424
calibration__8880__deblur__counterfactual__nes__l1,1021,48,15,232,13,349
calibration__4234__denoise__attack__nes__l0.5,1021,48,4,608,4,746
calibration__4234__denoise__restore__nes__l0.5,1021,49,11,498,2,648
calibration__4234__denoise__random_walk__random_walk__l0.5,1024,49,2,1023,2,1023
calibration__4234__denoise__confidence_boost__nes__l0.5,1021,48,3,403,3,561
calibration__4234__denoise__boundary_probe__nes__l0.5,1021,48,4,402,4,538
calibration__4234__denoise__counterfactual__nes__l0.5,1021,48,7,453,7,615
calibration__4234__deblur__attack__nes__l1,1021,47,4,625,3,763
calibration__4234__deblur__restore__nes__l1,1021,47,6,456,6,605
calibration__4234__deblur__random_walk__random_walk__l1,1024,49,2,1023,2,1023
calibration__4234__deblur__confidence_boost__nes__l1,1021,50,2,638,2,773
calibration__4234__deblur__boundary_probe__nes__l1,1021,48,5,525,2,676
calibration__4234__deblur__counterfactual__nes__l1,1021,49,3,708,3,815
calibration__1593__denoise__attack__nes__l0.5,1021,48,18,160,18,234
calibration__1593__denoise__restore__nes__l0.5,1021,47,18,136,18,187
calibration__1593__denoise__random_walk__random_walk__l0.5,1024,49,2,1023,2,1023
calibration__1593__denoise__confidence_boost__nes__l0.5,1021,47,18,144,18,219
calibration__1593__denoise__boundary_probe__nes__l0.5,1021,46,18,95,18,147
calibration__1593__denoise__counterfactual__nes__l0.5,1021,47,5,171,5,258
calibration__1593__deblur__attack__nes__l1,1021,49,10,653,6,765
calibration__1593__deblur__restore__nes__l1,1021,49,2,450,2,600
calibration__1593__deblur__random_walk__random_walk__l1,1024,49,2,1023,2,1023
calibration__1593__deblur__confidence_boost__nes__l1,1021,48,4,386,4,554
calibration__1593__deblur__boundary_probe__nes__l1,1021,49,7,585,7,707
calibration__1593__deblur__counterfactual__nes__l1,1021,49,2,642,2,767
calibration__7772__denoise__attack__nes__l0.5,1021,48,2,736,2,847
calibration__7772__denoise__restore__nes__l0.5,1021,48,4,765,2,871
calibration__7772__denoise__random_walk__random_walk__l0.5,1024,49,2,1023,2,1023
calibration__7772__denoise__confidence_boost__nes__l0.5,1021,49,9,806,2,902
calibration__7772__denoise__boundary_probe__nes__l0.5,1021,49,5,866,5,926
calibration__7772__denoise__counterfactual__nes__l0.5,1021,49,2,705,2,812
calibration__7772__deblur__attack__nes__l1,1021,49,3,331,3,474
calibration__7772__deblur__restore__nes__l1,1021,49,4,372,4,507
calibration__7772__deblur__random_walk__random_walk__l1,1024,49,2,1023,2,1023
calibration__7772__deblur__confidence_boost__nes__l1,1021,48,12,377,2,521
calibration__7772__deblur__boundary_probe__nes__l1,1021,48,2,229,2,339
calibration__7772__deblur__counterfactual__nes__l1,1021,48,18,270,9,399
calibration__3375__denoise__attack__nes__l0.5,1021,48,3,319,3,436
calibration__3375__denoise__restore__nes__l0.5,1021,48,18,406,4,544
calibration__3375__denoise__random_walk__random_walk__l0.5,1024,49,2,1023,2,1023
calibration__3375__denoise__confidence_boost__nes__l0.5,1021,47,15,195,15,293
calibration__3375__denoise__boundary_probe__nes__l0.5,1021,48,18,300,18,426
calibration__3375__denoise__counterfactual__nes__l0.5,1021,48,18,301,12,405
calibration__3375__deblur__attack__nes__l1,1021,48,17,227,17,311
calibration__3375__deblur__restore__nes__l1,1021,49,18,354,18,485
calibration__3375__deblur__random_walk__random_walk__l1,1024,49,2,1023,2,1023
calibration__3375__deblur__confidence_boost__nes__l1,1021,48,12,332,12,441
calibration__3375__deblur__boundary_probe__nes__l1,1021,49,16,365,3,490
calibration__3375__deblur__counterfactual__nes__l1,1021,49,6,263,6,386
calibration__8307__denoise__attack__nes__l0.5,1021,48,2,780,2,887
calibration__8307__denoise__restore__nes__l0.5,1021,49,8,521,6,666
calibration__8307__denoise__random_walk__random_walk__l0.5,1024,50,2,1023,2,1023
calibration__8307__denoise__confidence_boost__nes__l0.5,1021,48,2,647,2,774
calibration__8307__denoise__boundary_probe__nes__l0.5,1021,48,3,663,3,791
calibration__8307__denoise__counterfactual__nes__l0.5,1021,47,3,473,3,603
calibration__8307__deblur__attack__nes__l1,1021,49,12,446,8,579
calibration__8307__deblur__restore__nes__l1,1021,49,4,233,4,333
calibration__8307__deblur__random_walk__random_walk__l1,1024,50,2,1023,2,1023
calibration__8307__deblur__confidence_boost__nes__l1,1021,48,3,423,3,571
calibration__8307__deblur__boundary_probe__nes__l1,1021,48,11,293,9,452
calibration__8307__deblur__counterfactual__nes__l1,1021,49,17,373,8,526
calibration__5647__denoise__attack__nes__l0.5,1021,48,3,534,3,672
calibration__5647__denoise__restore__nes__l0.5,1021,48,8,568,8,710
calibration__5647__denoise__random_walk__random_walk__l0.5,1024,50,2,1023,2,1023
calibration__5647__denoise__confidence_boost__nes__l0.5,1021,48,4,383,4,521
calibration__5647__denoise__boundary_probe__nes__l0.5,1021,49,4,559,4,720
calibration__5647__denoise__counterfactual__nes__l0.5,1021,47,3,390,2,558
calibration__5647__deblur__attack__nes__l1,1021,47,16,453,13,576
calibration__5647__deblur__restore__nes__l1,1021,48,18,521,16,651
calibration__5647__deblur__random_walk__random_walk__l1,1024,49,2,1023,2,1023
calibration__5647__deblur__confidence_boost__nes__l1,1021,48,2,572,2,721
calibration__5647__deblur__boundary_probe__nes__l1,1021,48,11,524,11,657
calibration__5647__deblur__counterfactual__nes__l1,1021,49,9,429,2,556
calibration__556__denoise__attack__nes__l0.5,1021,48,4,407,4,534
calibration__556__denoise__restore__nes__l0.5,1021,48,3,328,3,458
calibration__556__denoise__random_walk__random_walk__l0.5,1024,49,2,1023,2,1023
calibration__556__denoise__confidence_boost__nes__l0.5,1021,48,2,331,2,460
calibration__556__denoise__boundary_probe__nes__l0.5,1021,48,17,284,17,412
calibration__556__denoise__counterfactual__nes__l0.5,1021,48,2,434,2,575
calibration__556__deblur__attack__nes__l1,1021,48,6,627,4,781
calibration__556__deblur__restore__nes__l1,1021,47,4,602,4,767
calibration__556__deblur__random_walk__random_walk__l1,1024,49,2,1023,2,1023
calibration__556__deblur__confidence_boost__nes__l1,1021,48,10,637,10,789
calibration__556__deblur__boundary_probe__nes__l1,1021,49,5,747,5,868
calibration__556__deblur__counterfactual__nes__l1,1021,49,10,598,4,738
calibration__8334__denoise__attack__nes__l0.5,1021,47,4,325,4,468
calibration__8334__denoise__restore__nes__l0.5,1021,46,3,355,3,491
calibration__8334__denoise__random_walk__random_walk__l0.5,1024,49,2,1023,2,1023
calibration__8334__denoise__confidence_boost__nes__l0.5,1021,49,14,608,12,747
calibration__8334__denoise__boundary_probe__nes__l0.5,1021,48,10,442,6,609
calibration__8334__denoise__counterfactual__nes__l0.5,1021,47,9,384,9,518
calibration__8334__deblur__attack__nes__l1,1021,48,2,531,2,693
calibration__8334__deblur__restore__nes__l1,1021,48,7,641,5,799
calibration__8334__deblur__random_walk__random_walk__l1,1024,49,2,1023,2,1023
calibration__8334__deblur__confidence_boost__nes__l1,1021,49,7,725,2,856
calibration__8334__deblur__boundary_probe__nes__l1,1021,49,4,679,4,820
calibration__8334__deblur__counterfactual__nes__l1,1021,49,2,571,2,718
calibration__2518__denoise__attack__nes__l0.5,1021,49,5,558,5,686
calibration__2518__denoise__restore__nes__l0.5,1021,47,5,461,5,609
calibration__2518__denoise__random_walk__random_walk__l0.5,1024,49,2,1023,2,1023
calibration__2518__denoise__confidence_boost__nes__l0.5,1021,48,8,511,6,680
calibration__2518__denoise__boundary_probe__nes__l0.5,1021,48,2,534,2,704
calibration__2518__denoise__counterfactual__nes__l0.5,1021,50,3,542,3,674
calibration__2518__deblur__attack__nes__l1,1021,48,11,171,11,258
calibration__2518__deblur__restore__nes__l1,1021,47,15,183,13,269
calibration__2518__deblur__random_walk__random_walk__l1,1024,50,2,1023,2,1023
calibration__2518__deblur__confidence_boost__nes__l1,1021,49,18,216,18,332
calibration__2518__deblur__boundary_probe__nes__l1,1021,48,11,267,11,373
calibration__2518__deblur__counterfactual__nes__l1,1021,48,18,129,4,202
calibration__9684__denoise__attack__nes__l0.5,1021,49,3,751,3,856
calibration__9684__denoise__restore__nes__l0.5,1021,48,6,857,6,926
calibration__9684__denoise__random_walk__random_walk__l0.5,1024,49,2,1023,2,1023
calibration__9684__denoise__confidence_boost__nes__l0.5,1021,47,5,501,5,635
calibration__9684__denoise__boundary_probe__nes__l0.5,1021,49,3,793,2,887
calibration__9684__denoise__counterfactual__nes__l0.5,1021,48,3,777,3,877
calibration__9684__deblur__attack__nes__l1,1021,48,5,240,5,335
calibration__9684__deblur__restore__nes__l1,1021,47,3,301,3,435
calibration__9684__deblur__random_walk__random_walk__l1,1024,50,2,1023,2,1023
calibration__9684__deblur__confidence_boost__nes__l1,1021,48,18,327,3,447
calibration__9684__deblur__boundary_probe__nes__l1,1021,48,5,314,5,460
calibration__9684__deblur__counterfactual__nes__l1,1021,48,4,257,4,387
calibration__4086__denoise__attack__nes__l0.5,1021,48,15,432,15,568
calibration__4086__denoise__restore__nes__l0.5,1021,47,15,243,15,401
calibration__4086__denoise__random_walk__random_walk__l0.5,1024,50,2,1023,2,1023
calibration__4086__denoise__confidence_boost__nes__l0.5,1021,48,5,438,5,594
calibration__4086__denoise__boundary_probe__nes__l0.5,1021,48,18,218,18,326
calibration__4086__denoise__counterfactual__nes__l0.5,1021,46,5,285,5,417
calibration__4086__deblur__attack__nes__l1,1021,48,18,417,18,554
calibration__4086__deblur__restore__nes__l1,1021,48,11,262,11,378
calibration__4086__deblur__random_walk__random_walk__l1,1024,49,2,1023,2,1023
calibration__4086__deblur__confidence_boost__nes__l1,1021,48,12,573,12,688
calibration__4086__deblur__boundary_probe__nes__l1,1021,48,18,420,11,553
calibration__4086__deblur__counterfactual__nes__l1,1021,49,18,395,8,529
calibration__372__denoise__attack__nes__l0.5,1021,49,12,238,12,344
calibration__372__denoise__restore__nes__l0.5,1021,47,5,309,5,436
calibration__372__denoise__random_walk__random_walk__l0.5,1024,49,2,1023,2,1023
calibration__372__denoise__confidence_boost__nes__l0.5,1021,48,3,398,2,527
calibration__372__denoise__boundary_probe__nes__l0.5,1021,48,18,332,12,448
calibration__372__denoise__counterfactual__nes__l0.5,1021,48,8,363,8,490
calibration__372__deblur__attack__nes__l1,1021,48,2,415,2,551
calibration__372__deblur__restore__nes__l1,1021,49,4,485,4,655
calibration__372__deblur__random_walk__random_walk__l1,1024,50,2,1023,2,1023
calibration__372__deblur__confidence_boost__nes__l1,1021,48,7,470,7,619
calibration__372__deblur__boundary_probe__nes__l1,1021,49,3,466,3,621
calibration__372__deblur__counterfactual__nes__l1,1021,48,2,469,2,621
calibration__5594__denoise__attack__nes__l0.5,1021,49,2,739,2,827
calibration__5594__denoise__restore__nes__l0.5,1021,48,5,911,4,972
calibration__5594__denoise__random_walk__random_walk__l0.5,1024,50,2,1023,2,1023
calibration__5594__denoise__confidence_boost__nes__l0.5,1021,48,3,673,3,794
calibration__5594__denoise__boundary_probe__nes__l0.5,1021,49,2,733,2,839
calibration__5594__denoise__counterfactual__nes__l0.5,1021,48,2,714,2,828
calibration__5594__deblur__attack__nes__l1,1021,48,4,382,4,520
calibration__5594__deblur__restore__nes__l1,1021,47,15,404,2,574
calibration__5594__deblur__random_walk__random_walk__l1,1024,49,2,1023,2,1023
calibration__5594__deblur__confidence_boost__nes__l1,1021,49,12,207,12,300
calibration__5594__deblur__boundary_probe__nes__l1,1021,48,18,280,4,416
calibration__5594__deblur__counterfactual__nes__l1,1021,47,18,418,5,582
evaluation__2185__denoise__attack__nes__l0.5,1021,49,2,480,2,631
evaluation__2185__denoise__restore__nes__l0.5,1021,47,9,571,2,714
evaluation__2185__denoise__random_walk__random_walk__l0.5,1024,50,2,1023,2,1023
evaluation__2185__denoise__confidence_boost__nes__l0.5,1021,48,4,627,4,773
evaluation__2185__denoise__boundary_probe__nes__l0.5,1021,48,5,645,5,791
evaluation__2185__denoise__counterfactual__nes__l0.5,1021,49,3,572,3,717
evaluation__2185__deblur__attack__nes__l1,1021,48,18,403,15,548
evaluation__2185__deblur__restore__nes__l1,1021,48,15,236,7,357
evaluation__2185__deblur__random_walk__random_walk__l1,1024,49,2,1023,2,1023
evaluation__2185__deblur__confidence_boost__nes__l1,1021,47,18,284,18,404
evaluation__2185__deblur__boundary_probe__nes__l1,1021,48,11,222,11,347
evaluation__2185__deblur__counterfactual__nes__l1,1021,47,11,223,11,313
evaluation__4295__denoise__attack__nes__l0.5,1021,49,12,335,4,449
evaluation__4295__denoise__restore__nes__l0.5,1021,49,2,271,2,397
evaluation__4295__denoise__random_walk__random_walk__l0.5,1024,50,2,1023,2,1023
evaluation__4295__denoise__confidence_boost__nes__l0.5,1021,48,7,411,7,556
evaluation__4295__denoise__boundary_probe__nes__l0.5,1021,49,2,420,2,552
evaluation__4295__denoise__counterfactual__nes__l0.5,1021,48,16,291,16,403
evaluation__4295__deblur__attack__nes__l1,1021,49,5,541,5,685
evaluation__4295__deblur__restore__nes__l1,1021,49,5,452,2,631
evaluation__4295__deblur__random_walk__random_walk__l1,1024,49,2,1023,2,1023
evaluation__4295__deblur__confidence_boost__nes__l1,1021,49,2,449,2,606
evaluation__4295__deblur__boundary_probe__nes__l1,1021,47,10,456,8,603
evaluation__4295__deblur__counterfactual__nes__l1,1021,49,11,484,3,639
evaluation__7838__denoise__attack__nes__l0.5,1021,48,18,250,18,385
evaluation__7838__denoise__restore__nes__l0.5,1021,48,3,246,3,371
evaluation__7838__denoise__random_walk__random_walk__l0.5,1024,49,2,1023,2,1023
evaluation__7838__denoise__confidence_boost__nes__l0.5,1021,47,18,138,18,204
evaluation__7838__denoise__boundary_probe__nes__l0.5,1021,48,18,181,5,276
evaluation__7838__denoise__counterfactual__nes__l0.5,1021,48,15,333,10,467
evaluation__7838__deblur__attack__nes__l1,1021,48,16,353,16,485
evaluation__7838__deblur__restore__nes__l1,1021,49,18,297,3,417
evaluation__7838__deblur__random_walk__random_walk__l1,1024,49,2,1023,2,1023
evaluation__7838__deblur__confidence_boost__nes__l1,1021,50,6,650,3,774
evaluation__7838__deblur__boundary_probe__nes__l1,1021,49,6,322,6,458
evaluation__7838__deblur__counterfactual__nes__l1,1021,48,7,355,7,514
evaluation__1013__denoise__attack__nes__l0.5,1021,47,5,555,4,720
evaluation__1013__denoise__restore__nes__l0.5,1021,48,12,493,2,633
evaluation__1013__denoise__random_walk__random_walk__l0.5,1024,49,2,1023,2,1023
evaluation__1013__denoise__confidence_boost__nes__l0.5,1021,48,18,430,2,571
evaluation__1013__denoise__boundary_probe__nes__l0.5,1021,47,12,541,8,686
evaluation__1013__denoise__counterfactual__nes__l0.5,1021,48,2,630,2,756
evaluation__1013__deblur__attack__nes__l1,1021,48,2,336,2,460
evaluation__1013__deblur__restore__nes__l1,1021,47,13,281,13,409
evaluation__1013__deblur__random_walk__random_walk__l1,1024,50,2,1023,2,1023
evaluation__1013__deblur__confidence_boost__nes__l1,1021,47,5,331,5,466
evaluation__1013__deblur__boundary_probe__nes__l1,1021,48,18,342,18,479
evaluation__1013__deblur__counterfactual__nes__l1,1021,46,5,151,5,232
evaluation__3647__denoise__attack__nes__l0.5,1021,49,5,603,3,733
evaluation__3647__denoise__restore__nes__l0.5,1021,49,10,415,10,582
evaluation__3647__denoise__random_walk__random_walk__l0.5,1024,49,2,1023,2,1023
evaluation__3647__denoise__confidence_boost__nes__l0.5,1021,48,5,487,5,636
evaluation__3647__denoise__boundary_probe__nes__l0.5,1021,49,3,694,3,823
evaluation__3647__denoise__counterfactual__nes__l0.5,1021,48,2,515,2,655
evaluation__3647__deblur__attack__nes__l1,1021,50,4,648,3,796
evaluation__3647__deblur__restore__nes__l1,1021,48,7,704,2,849
evaluation__3647__deblur__random_walk__random_walk__l1,1024,50,2,1023,2,1023
evaluation__3647__deblur__confidence_boost__nes__l1,1021,48,4,645,4,787
evaluation__3647__deblur__boundary_probe__nes__l1,1021,48,5,808,2,897
evaluation__3647__deblur__counterfactual__nes__l1,1021,49,2,524,2,702
evaluation__7282__denoise__attack__nes__l0.5,1021,48,7,634,7,783
evaluation__7282__denoise__restore__nes__l0.5,1021,47,5,637,5,778
evaluation__7282__denoise__random_walk__random_walk__l0.5,1024,50,2,1023,2,1023
evaluation__7282__denoise__confidence_boost__nes__l0.5,1021,48,6,660,4,806
evaluation__7282__denoise__boundary_probe__nes__l0.5,1021,49,2,625,2,767
evaluation__7282__denoise__counterfactual__nes__l0.5,1021,48,2,494,2,648
evaluation__7282__deblur__attack__nes__l1,1021,48,3,367,3,504
evaluation__7282__deblur__restore__nes__l1,1021,48,7,306,7,425
evaluation__7282__deblur__random_walk__random_walk__l1,1024,49,2,1023,2,1023
evaluation__7282__deblur__confidence_boost__nes__l1,1021,48,6,376,5,531
evaluation__7282__deblur__boundary_probe__nes__l1,1021,47,3,399,3,531
evaluation__7282__deblur__counterfactual__nes__l1,1021,47,14,314,7,430
evaluation__9816__denoise__attack__nes__l0.5,1021,46,18,84,18,111
evaluation__9816__denoise__restore__nes__l0.5,1021,47,18,94,18,117
evaluation__9816__denoise__random_walk__random_walk__l0.5,1024,49,2,1023,2,1023
evaluation__9816__denoise__confidence_boost__nes__l0.5,1021,47,18,132,18,173
evaluation__9816__denoise__boundary_probe__nes__l0.5,1021,47,18,90,18,112
evaluation__9816__denoise__counterfactual__nes__l0.5,1021,47,18,105,18,143
evaluation__9816__deblur__attack__nes__l1,1021,48,18,260,11,388
evaluation__9816__deblur__restore__nes__l1,1021,48,4,391,4,531
evaluation__9816__deblur__random_walk__random_walk__l1,1024,49,2,1023,2,1023
evaluation__9816__deblur__confidence_boost__nes__l1,1021,48,10,268,3,388
evaluation__9816__deblur__boundary_probe__nes__l1,1021,49,8,547,5,680
evaluation__9816__deblur__counterfactual__nes__l1,1021,49,9,209,9,315
evaluation__3538__denoise__attack__nes__l0.5,1021,48,18,175,2,279
evaluation__3538__denoise__restore__nes__l0.5,1021,48,18,183,18,257
evaluation__3538__denoise__random_walk__random_walk__l0.5,1024,50,2,1023,2,1023
evaluation__3538__denoise__confidence_boost__nes__l0.5,1021,49,18,122,18,178
evaluation__3538__denoise__boundary_probe__nes__l0.5,1021,47,18,150,6,210
evaluation__3538__denoise__counterfactual__nes__l0.5,1021,48,18,252,18,353
evaluation__3538__deblur__attack__nes__l1,1021,48,18,281,18,424
evaluation__3538__deblur__restore__nes__l1,1021,47,18,333,18,493
evaluation__3538__deblur__random_walk__random_walk__l1,1024,49,2,1023,2,1023
evaluation__3538__deblur__confidence_boost__nes__l1,1021,48,5,361,3,499
evaluation__3538__deblur__boundary_probe__nes__l1,1021,49,12,501,12,663
evaluation__3538__deblur__counterfactual__nes__l1,1021,48,6,304,6,439
evaluation__5129__denoise__attack__nes__l0.5,1021,49,4,549,2,705
evaluation__5129__denoise__restore__nes__l0.5,1021,48,3,462,3,598
evaluation__5129__denoise__random_walk__random_walk__l0.5,1024,49,2,1023,2,1023
evaluation__5129__denoise__confidence_boost__nes__l0.5,1021,49,3,619,2,763
evaluation__5129__denoise__boundary_probe__nes__l0.5,1021,49,3,629,3,776
evaluation__5129__denoise__counterfactual__nes__l0.5,1021,48,2,611,2,748
evaluation__5129__deblur__attack__nes__l1,1021,48,5,457,5,622
evaluation__5129__deblur__restore__nes__l1,1021,49,5,506,3,663
evaluation__5129__deblur__random_walk__random_walk__l1,1024,49,2,1023,2,1023
evaluation__5129__deblur__confidence_boost__nes__l1,1021,48,2,361,2,508
evaluation__5129__deblur__boundary_probe__nes__l1,1021,47,3,407,3,550
evaluation__5129__deblur__counterfactual__nes__l1,1021,49,4,630,4,765
evaluation__7458__denoise__attack__nes__l0.5,1021,49,2,739,2,857
evaluation__7458__denoise__restore__nes__l0.5,1021,48,3,654,3,799
evaluation__7458__denoise__random_walk__random_walk__l0.5,1024,50,2,1023,2,1023
evaluation__7458__denoise__confidence_boost__nes__l0.5,1021,48,2,748,2,886
evaluation__7458__denoise__boundary_probe__nes__l0.5,1021,50,4,871,4,956
evaluation__7458__denoise__counterfactual__nes__l0.5,1021,48,2,688,2,835
evaluation__7458__deblur__attack__nes__l1,1021,50,2,641,2,759
evaluation__7458__deblur__restore__nes__l1,1021,48,2,652,2,796
evaluation__7458__deblur__random_walk__random_walk__l1,1024,50,2,1023,2,1023
evaluation__7458__deblur__confidence_boost__nes__l1,1021,48,7,465,2,611
evaluation__7458__deblur__boundary_probe__nes__l1,1021,49,16,620,6,769
evaluation__7458__deblur__counterfactual__nes__l1,1021,47,8,524,5,676
evaluation__896__denoise__attack__nes__l0.5,1021,48,8,328,8,483
evaluation__896__denoise__restore__nes__l0.5,1021,48,18,316,7,457
evaluation__896__denoise__random_walk__random_walk__l0.5,1024,49,2,1023,2,1023
evaluation__896__denoise__confidence_boost__nes__l0.5,1021,47,5,362,3,515
evaluation__896__denoise__boundary_probe__nes__l0.5,1021,47,4,219,4,327
evaluation__896__denoise__counterfactual__nes__l0.5,1021,48,7,307,3,413
evaluation__896__deblur__attack__nes__l1,1021,48,2,475,2,634
evaluation__896__deblur__restore__nes__l1,1021,49,4,495,4,660
evaluation__896__deblur__random_walk__random_walk__l1,1024,49,2,1023,2,1023
evaluation__896__deblur__confidence_boost__nes__l1,1021,47,2,492,2,646
evaluation__896__deblur__boundary_probe__nes__l1,1021,48,5,520,2,678
evaluation__896__deblur__counterfactual__nes__l1,1021,48,9,542,2,689
evaluation__3575__denoise__attack__nes__l0.5,1021,49,3,770,2,887
evaluation__3575__denoise__restore__nes__l0.5,1021,48,5,864,5,945
evaluation__3575__denoise__random_walk__random_walk__l0.5,1024,49,2,1023,2,1023
evaluation__3575__denoise__confidence_boost__nes__l0.5,1021,49,8,862,6,929
evaluation__3575__denoise__boundary_probe__nes__l0.5,1021,49,3,851,3,931
evaluation__3575__denoise__counterfactual__nes__l0.5,1021,48,4,936,2,980
evaluation__3575__deblur__attack__nes__l1,1021,49,5,534,5,667
evaluation__3575__deblur__restore__nes__l1,1021,48,2,457,2,613
evaluation__3575__deblur__random_walk__random_walk__l1,1024,49,2,1023,2,1023
evaluation__3575__deblur__confidence_boost__nes__l1,1021,49,7,597,7,717
evaluation__3575__deblur__boundary_probe__nes__l1,1021,47,17,366,3,513
evaluation__3575__deblur__counterfactual__nes__l1,1021,48,3,353,2,500
evaluation__5754__denoise__attack__nes__l0.5,1021,48,18,289,18,398
evaluation__5754__denoise__restore__nes__l0.5,1021,49,4,290,4,394
evaluation__5754__denoise__random_walk__random_walk__l0.5,1024,49,2,1023,2,1023
evaluation__5754__denoise__confidence_boost__nes__l0.5,1021,48,8,272,8,350
evaluation__5754__denoise__boundary_probe__nes__l0.5,1021,49,18,372,18,486
evaluation__5754__denoise__counterfactual__nes__l0.5,1021,48,18,307,9,413
evaluation__5754__deblur__attack__nes__l1,1021,48,5,262,5,391
evaluation__5754__deblur__restore__nes__l1,1021,47,2,289,2,409
evaluation__5754__deblur__random_walk__random_walk__l1,1024,49,2,1023,2,1023
evaluation__5754__deblur__confidence_boost__nes__l1,1021,47,4,283,2,397
evaluation__5754__deblur__boundary_probe__nes__l1,1021,49,7,289,7,386
evaluation__5754__deblur__counterfactual__nes__l1,1021,50,5,269,5,364
evaluation__983__denoise__attack__nes__l0.5,1021,50,6,434,6,565
evaluation__983__denoise__restore__nes__l0.5,1021,48,4,387,4,531
evaluation__983__denoise__random_walk__random_walk__l0.5,1024,49,2,1023,2,1023
evaluation__983__denoise__confidence_boost__nes__l0.5,1021,47,7,361,2,515
evaluation__983__denoise__boundary_probe__nes__l0.5,1021,49,4,425,2,582
evaluation__983__denoise__counterfactual__nes__l0.5,1021,48,6,395,5,549
evaluation__983__deblur__attack__nes__l1,1021,49,4,402,4,572
evaluation__983__deblur__restore__nes__l1,1021,48,6,329,6,456
evaluation__983__deblur__random_walk__random_walk__l1,1024,50,2,1023,2,1023
evaluation__983__deblur__confidence_boost__nes__l1,1021,48,6,377,6,510
evaluation__983__deblur__boundary_probe__nes__l1,1021,48,6,348,2,511
evaluation__983__deblur__counterfactual__nes__l1,1021,48,5,591,5,719
evaluation__2961__denoise__attack__nes__l0.5,1021,48,2,621,2,758
evaluation__2961__denoise__restore__nes__l0.5,1021,48,2,667,2,801
evaluation__2961__denoise__random_walk__random_walk__l0.5,1024,49,2,1023,2,1023
evaluation__2961__denoise__confidence_boost__nes__l0.5,1021,48,2,710,2,838
evaluation__2961__denoise__boundary_probe__nes__l0.5,1021,48,2,660,2,795
evaluation__2961__denoise__counterfactual__nes__l0.5,1021,48,5,611,4,769
evaluation__2961__deblur__attack__nes__l1,1021,48,3,143,3,197
evaluation__2961__deblur__restore__nes__l1,1021,48,18,158,18,225
evaluation__2961__deblur__random_walk__random_walk__l1,1024,49,2,1023,2,1023
evaluation__2961__deblur__confidence_boost__nes__l1,1021,47,18,199,4,273
evaluation__2961__deblur__boundary_probe__nes__l1,1021,48,15,197,15,304
evaluation__2961__deblur__counterfactual__nes__l1,1021,47,18,232,18,327
evaluation__5888__denoise__attack__nes__l0.5,1021,49,8,383,5,507
evaluation__5888__denoise__restore__nes__l0.5,1021,48,7,547,7,667
evaluation__5888__denoise__random_walk__random_walk__l0.5,1024,50,2,1023,2,1023
evaluation__5888__denoise__confidence_boost__nes__l0.5,1021,48,2,526,2,678
evaluation__5888__denoise__boundary_probe__nes__l0.5,1021,50,10,518,4,671
evaluation__5888__denoise__counterfactual__nes__l0.5,1021,48,18,239,11,364
evaluation__5888__deblur__attack__nes__l1,1021,48,18,283,4,401
evaluation__5888__deblur__restore__nes__l1,1021,48,7,121,7,168
evaluation__5888__deblur__random_walk__random_walk__l1,1024,50,2,1023,2,1023
evaluation__5888__deblur__confidence_boost__nes__l1,1021,49,2,237,2,343
evaluation__5888__deblur__boundary_probe__nes__l1,1021,48,8,194,8,305
evaluation__5888__deblur__counterfactual__nes__l1,1021,49,5,287,5,387
evaluation__8887__denoise__attack__nes__l0.5,1021,49,9,267,8,372
evaluation__8887__denoise__restore__nes__l0.5,1021,48,18,292,3,420
evaluation__8887__denoise__random_walk__random_walk__l0.5,1024,49,2,1023,2,1023
evaluation__8887__denoise__confidence_boost__nes__l0.5,1021,47,18,173,18,239
evaluation__8887__denoise__boundary_probe__nes__l0.5,1021,48,18,322,6,461
evaluation__8887__denoise__counterfactual__nes__l0.5,1021,49,18,406,8,547
evaluation__8887__deblur__attack__nes__l1,1021,47,18,202,18,309
evaluation__8887__deblur__restore__nes__l1,1021,47,14,312,5,440
evaluation__8887__deblur__random_walk__random_walk__l1,1024,49,2,1023,2,1023
evaluation__8887__deblur__confidence_boost__nes__l1,1021,47,9,284,9,415
evaluation__8887__deblur__boundary_probe__nes__l1,1021,47,18,279,2,383
evaluation__8887__deblur__counterfactual__nes__l1,1021,47,12,386,12,524
evaluation__4777__denoise__attack__nes__l0.5,1021,48,18,227,7,331
evaluation__4777__denoise__restore__nes__l0.5,1021,49,8,318,8,460
evaluation__4777__denoise__random_walk__random_walk__l0.5,1024,49,2,1023,2,1023
evaluation__4777__denoise__confidence_boost__nes__l0.5,1021,47,10,442,10,583
evaluation__4777__denoise__boundary_probe__nes__l0.5,1021,49,5,342,3,483
evaluation__4777__denoise__counterfactual__nes__l0.5,1021,49,13,573,13,695
evaluation__4777__deblur__attack__nes__l1,1021,49,18,317,16,440
evaluation__4777__deblur__restore__nes__l1,1021,48,10,239,5,334
evaluation__4777__deblur__random_walk__random_walk__l1,1024,49,2,1023,2,1023
evaluation__4777__deblur__confidence_boost__nes__l1,1021,49,3,299,3,423
evaluation__4777__deblur__boundary_probe__nes__l1,1021,47,2,268,2,393
evaluation__4777__deblur__counterfactual__nes__l1,1021,47,16,142,2,196
evaluation__5820__denoise__attack__nes__l0.5,1021,49,9,398,4,547
evaluation__5820__denoise__restore__nes__l0.5,1021,48,3,422,3,577
evaluation__5820__denoise__random_walk__random_walk__l0.5,1024,49,2,1023,2,1023
evaluation__5820__denoise__confidence_boost__nes__l0.5,1021,48,5,356,5,509
evaluation__5820__denoise__boundary_probe__nes__l0.5,1021,48,4,395,4,553
evaluation__5820__denoise__counterfactual__nes__l0.5,1021,48,3,376,3,534
evaluation__5820__deblur__attack__nes__l1,1021,48,3,664,3,796
evaluation__5820__deblur__restore__nes__l1,1021,49,4,762,2,854
evaluation__5820__deblur__random_walk__random_walk__l1,1024,50,2,1023,2,1023
evaluation__5820__deblur__confidence_boost__nes__l1,1021,48,3,671,2,814
evaluation__5820__deblur__boundary_probe__nes__l1,1021,48,3,677,3,818
evaluation__5820__deblur__counterfactual__nes__l1,1021,49,4,609,4,741
evaluation__9261__denoise__attack__nes__l0.5,1021,48,14,335,14,477
evaluation__9261__denoise__restore__nes__l0.5,1021,48,18,319,18,476
evaluation__9261__denoise__random_walk__random_walk__l0.5,1024,49,2,1023,2,1023
evaluation__9261__denoise__confidence_boost__nes__l0.5,1021,48,14,373,14,525
evaluation__9261__denoise__boundary_probe__nes__l0.5,1021,49,13,517,13,645
evaluation__9261__denoise__counterfactual__nes__l0.5,1021,49,18,420,7,550
evaluation__9261__deblur__attack__nes__l1,1021,49,4,448,4,577
evaluation__9261__deblur__restore__nes__l1,1021,48,4,473,4,608
evaluation__9261__deblur__random_walk__random_walk__l1,1024,49,2,1023,2,1023
evaluation__9261__deblur__confidence_boost__nes__l1,1021,48,7,586,7,722
evaluation__9261__deblur__boundary_probe__nes__l1,1021,49,4,287,4,377
evaluation__9261__deblur__counterfactual__nes__l1,1021,49,4,300,4,425
evaluation__1667__denoise__attack__nes__l0.5,1021,48,5,201,5,301
evaluation__1667__denoise__restore__nes__l0.5,1021,48,7,205,7,287
evaluation__1667__denoise__random_walk__random_walk__l0.5,1024,50,2,1023,2,1023
evaluation__1667__denoise__confidence_boost__nes__l0.5,1021,47,18,161,18,250
evaluation__1667__denoise__boundary_probe__nes__l0.5,1021,49,18,381,18,504
evaluation__1667__denoise__counterfactual__nes__l0.5,1021,48,2,377,2,524
evaluation__1667__deblur__attack__nes__l1,1021,48,3,356,3,488
evaluation__1667__deblur__restore__nes__l1,1021,48,3,546,3,712
evaluation__1667__deblur__random_walk__random_walk__l1,1024,49,2,1023,2,1023
evaluation__1667__deblur__confidence_boost__nes__l1,1021,48,10,485,10,644
evaluation__1667__deblur__boundary_probe__nes__l1,1021,49,6,433,2,573
evaluation__1667__deblur__counterfactual__nes__l1,1021,49,3,428,3,582
evaluation__4650__denoise__attack__nes__l0.5,1021,49,4,518,4,661
evaluation__4650__denoise__restore__nes__l0.5,1021,47,3,437,3,576
evaluation__4650__denoise__random_walk__random_walk__l0.5,1024,49,2,1023,2,1023
evaluation__4650__denoise__confidence_boost__nes__l0.5,1021,50,7,448,7,606
evaluation__4650__denoise__boundary_probe__nes__l0.5,1021,49,5,404,5,538
evaluation__4650__denoise__counterfactual__nes__l0.5,1021,48,3,309,3,440
evaluation__4650__deblur__attack__nes__l1,1021,48,4,287,4,422
evaluation__4650__deblur__restore__nes__l1,1021,48,5,211,5,305
evaluation__4650__deblur__random_walk__random_walk__l1,1024,50,2,1023,2,1023
evaluation__4650__deblur__confidence_boost__nes__l1,1021,48,15,312,15,437
evaluation__4650__deblur__boundary_probe__nes__l1,1021,48,2,260,2,379
evaluation__4650__deblur__counterfactual__nes__l1,1021,50,16,218,5,328
evaluation__7290__denoise__attack__nes__l0.5,1021,48,2,645,2,780
evaluation__7290__denoise__restore__nes__l0.5,1021,48,5,339,3,503
evaluation__7290__denoise__random_walk__random_walk__l0.5,1024,49,2,1023,2,1023
evaluation__7290__denoise__confidence_boost__nes__l0.5,1021,49,3,543,3,701
evaluation__7290__denoise__boundary_probe__nes__l0.5,1021,48,4,492,4,624
evaluation__7290__denoise__counterfactual__nes__l0.5,1021,49,3,609,3,746
evaluation__7290__deblur__attack__nes__l1,1021,49,16,358,3,485
evaluation__7290__deblur__restore__nes__l1,1021,49,12,377,11,493
evaluation__7290__deblur__random_walk__random_walk__l1,1024,49,2,1023,2,1023
evaluation__7290__deblur__confidence_boost__nes__l1,1021,49,7,374,7,498
evaluation__7290__deblur__boundary_probe__nes__l1,1021,49,17,379,3,498
evaluation__7290__deblur__counterfactual__nes__l1,1021,48,3,277,3,386
evaluation__571__denoise__attack__nes__l0.5,1021,49,18,185,18,274
evaluation__571__denoise__restore__nes__l0.5,1021,47,2,176,2,259
evaluation__571__denoise__random_walk__random_walk__l0.5,1024,49,2,1023,2,1023
evaluation__571__denoise__confidence_boost__nes__l0.5,1021,48,18,268,18,381
evaluation__571__denoise__boundary_probe__nes__l0.5,1021,49,9,168,9,261
evaluation__571__denoise__counterfactual__nes__l0.5,1021,48,18,148,18,227
evaluation__571__deblur__attack__nes__l1,1021,47,18,175,18,268
evaluation__571__deblur__restore__nes__l1,1021,49,18,406,16,538
evaluation__571__deblur__random_walk__random_walk__l1,1024,49,2,1023,2,1023
evaluation__571__deblur__confidence_boost__nes__l1,1021,48,3,351,3,477
evaluation__571__deblur__boundary_probe__nes__l1,1021,49,2,389,2,518
evaluation__571__deblur__counterfactual__nes__l1,1021,48,5,232,5,348
evaluation__4289__denoise__attack__nes__l0.5,1021,49,3,611,3,755
evaluation__4289__denoise__restore__nes__l0.5,1021,49,11,550,3,691
evaluation__4289__denoise__random_walk__random_walk__l0.5,1024,50,2,1023,2,1023
evaluation__4289__denoise__confidence_boost__nes__l0.5,1021,48,2,457,2,617
evaluation__4289__denoise__boundary_probe__nes__l0.5,1021,49,3,508,3,660
evaluation__4289__denoise__counterfactual__nes__l0.5,1021,47,9,334,6,483
evaluation__4289__deblur__attack__nes__l1,1021,49,2,788,2,887
evaluation__4289__deblur__restore__nes__l1,1021,49,4,695,2,824
evaluation__4289__deblur__random_walk__random_walk__l1,1024,49,2,1023,2,1023
evaluation__4289__deblur__confidence_boost__nes__l1,1021,49,2,541,2,700
evaluation__4289__deblur__boundary_probe__nes__l1,1021,48,2,744,2,855
evaluation__4289__deblur__counterfactual__nes__l1,1021,48,2,806,2,898
evaluation__7078__denoise__attack__nes__l0.5,1021,49,3,560,3,714
evaluation__7078__denoise__restore__nes__l0.5,1021,49,4,380,3,514
evaluation__7078__denoise__random_walk__random_walk__l0.5,1024,49,2,1023,2,1023
evaluation__7078__denoise__confidence_boost__nes__l0.5,1021,49,2,310,2,438
evaluation__7078__denoise__boundary_probe__nes__l0.5,1021,48,3,446,3,602
evaluation__7078__denoise__counterfactual__nes__l0.5,1021,47,2,480,2,648
evaluation__7078__deblur__attack__nes__l1,1021,49,9,542,9,718
evaluation__7078__deblur__restore__nes__l1,1021,49,3,638,3,770
evaluation__7078__deblur__random_walk__random_walk__l1,1024,49,2,1023,2,1023
evaluation__7078__deblur__confidence_boost__nes__l1,1021,47,4,424,4,572
evaluation__7078__deblur__boundary_probe__nes__l1,1021,49,8,371,7,506
evaluation__7078__deblur__counterfactual__nes__l1,1021,48,2,443,2,591
evaluation__9259__denoise__attack__nes__l0.5,1021,49,8,592,4,752
evaluation__9259__denoise__restore__nes__l0.5,1021,48,5,366,2,510
evaluation__9259__denoise__random_walk__random_walk__l0.5,1024,49,2,1023,2,1023
evaluation__9259__denoise__confidence_boost__nes__l0.5,1021,48,8,580,5,711
evaluation__9259__denoise__boundary_probe__nes__l0.5,1021,48,18,514,18,679
evaluation__9259__denoise__counterfactual__nes__l0.5,1021,49,10,778,7,880
evaluation__9259__deblur__attack__nes__l1,1021,48,11,709,5,825
evaluation__9259__deblur__restore__nes__l1,1021,49,2,593,2,742
evaluation__9259__deblur__random_walk__random_walk__l1,1024,49,2,1023,2,1023
evaluation__9259__deblur__confidence_boost__nes__l1,1021,48,2,638,2,761
evaluation__9259__deblur__boundary_probe__nes__l1,1021,48,4,589,4,734
evaluation__9259__deblur__counterfactual__nes__l1,1021,49,2,678,2,805
evaluation__3630__denoise__attack__nes__l0.5,1021,48,18,229,18,352
evaluation__3630__denoise__restore__nes__l0.5,1021,47,18,215,7,318
evaluation__3630__denoise__random_walk__random_walk__l0.5,1024,50,2,1023,2,1023
evaluation__3630__denoise__confidence_boost__nes__l0.5,1021,48,18,249,18,342
evaluation__3630__denoise__boundary_probe__nes__l0.5,1021,49,3,149,3,258
evaluation__3630__denoise__counterfactual__nes__l0.5,1021,48,18,263,18,384
evaluation__3630__deblur__attack__nes__l1,1021,48,18,314,8,442
evaluation__3630__deblur__restore__nes__l1,1021,49,4,322,4,444
evaluation__3630__deblur__random_walk__random_walk__l1,1024,50,2,1023,2,1023
evaluation__3630__deblur__confidence_boost__nes__l1,1021,47,7,437,7,579
evaluation__3630__deblur__boundary_probe__nes__l1,1021,49,3,400,3,512
evaluation__3630__deblur__counterfactual__nes__l1,1021,48,4,295,2,424
evaluation__6141__denoise__attack__nes__l0.5,1021,48,3,286,3,410
evaluation__6141__denoise__restore__nes__l0.5,1021,49,17,466,2,595
evaluation__6141__denoise__random_walk__random_walk__l0.5,1024,49,2,1023,2,1023
evaluation__6141__denoise__confidence_boost__nes__l0.5,1021,49,2,639,2,743
evaluation__6141__denoise__boundary_probe__nes__l0.5,1021,47,2,295,2,448
evaluation__6141__denoise__counterfactual__nes__l0.5,1021,48,4,335,4,473
evaluation__6141__deblur__attack__nes__l1,1021,48,18,392,18,511
evaluation__6141__deblur__restore__nes__l1,1021,48,5,182,5,275
evaluation__6141__deblur__random_walk__random_walk__l1,1024,50,2,1023,2,1023
evaluation__6141__deblur__confidence_boost__nes__l1,1021,48,18,199,7,286
evaluation__6141__deblur__boundary_probe__nes__l1,1021,48,14,238,11,325
evaluation__6141__deblur__counterfactual__nes__l1,1021,49,18,195,18,282
evaluation__8969__denoise__attack__nes__l0.5,1021,48,4,293,2,419
evaluation__8969__denoise__restore__nes__l0.5,1021,48,12,145,5,206
evaluation__8969__denoise__random_walk__random_walk__l0.5,1024,49,2,1023,2,1023
evaluation__8969__denoise__confidence_boost__nes__l0.5,1021,49,11,218,11,322
evaluation__8969__denoise__boundary_probe__nes__l0.5,1021,47,12,204,5,340
evaluation__8969__denoise__counterfactual__nes__l0.5,1021,48,14,257,5,379
evaluation__8969__deblur__attack__nes__l1,1021,48,4,465,4,601
evaluation__8969__deblur__restore__nes__l1,1021,49,2,455,2,607
evaluation__8969__deblur__random_walk__random_walk__l1,1024,49,2,1023,2,1023
evaluation__8969__deblur__confidence_boost__nes__l1,1021,49,12,422,2,575
evaluation__8969__deblur__boundary_probe__nes__l1,1021,49,9,563,9,718
evaluation__8969__deblur__counterfactual__nes__l1,1021,48,7,526,7,674
evaluation__1231__denoise__attack__nes__l0.5,1021,47,2,342,2,485
evaluation__1231__denoise__restore__nes__l0.5,1021,48,3,473,3,617
evaluation__1231__denoise__random_walk__random_walk__l0.5,1024,49,2,1023,2,1023
evaluation__1231__denoise__confidence_boost__nes__l0.5,1021,47,18,227,12,341
evaluation__1231__denoise__boundary_probe__nes__l0.5,1021,49,3,364,3,496
evaluation__1231__denoise__counterfactual__nes__l0.5,1021,49,9,576,9,726
evaluation__1231__deblur__attack__nes__l1,1021,48,2,392,2,529
evaluation__1231__deblur__restore__nes__l1,1021,49,5,266,2,387
evaluation__1231__deblur__random_walk__random_walk__l1,1024,49,2,1023,2,1023
evaluation__1231__deblur__confidence_boost__nes__l1,1021,49,4,418,4,553
evaluation__1231__deblur__boundary_probe__nes__l1,1021,48,11,422,6,558
evaluation__1231__deblur__counterfactual__nes__l1,1021,48,6,312,2,466
evaluation__3747__denoise__attack__nes__l0.5,1021,47,18,350,12,477
evaluation__3747__denoise__restore__nes__l0.5,1021,47,15,334,5,459
evaluation__3747__denoise__random_walk__random_walk__l0.5,1024,50,2,1023,2,1023
evaluation__3747__denoise__confidence_boost__nes__l0.5,1021,47,4,214,3,338
evaluation__3747__denoise__boundary_probe__nes__l0.5,1021,48,7,346,7,499
evaluation__3747__denoise__counterfactual__nes__l0.5,1021,48,3,372,3,518
evaluation__3747__deblur__attack__nes__l1,1021,48,14,256,14,389
evaluation__3747__deblur__restore__nes__l1,1021,47,2,420,2,559
evaluation__3747__deblur__random_walk__random_walk__l1,1024,49,2,1023,2,1023
evaluation__3747__deblur__confidence_boost__nes__l1,1021,49,18,390,18,534
evaluation__3747__deblur__boundary_probe__nes__l1,1021,49,12,420,12,583
evaluation__3747__deblur__counterfactual__nes__l1,1021,48,18,283,18,402
evaluation__8332__denoise__attack__nes__l0.5,1021,48,4,431,4,582
evaluation__8332__denoise__restore__nes__l0.5,1021,49,3,587,3,717
evaluation__8332__denoise__random_walk__random_walk__l0.5,1024,49,2,1023,2,1023
evaluation__8332__denoise__confidence_boost__nes__l0.5,1021,47,16,478,2,612
evaluation__8332__denoise__boundary_probe__nes__l0.5,1021,48,18,541,2,675
evaluation__8332__denoise__counterfactual__nes__l0.5,1021,49,12,415,12,561
evaluation__8332__deblur__attack__nes__l1,1021,49,18,300,17,445
evaluation__8332__deblur__restore__nes__l1,1021,47,7,328,3,456
evaluation__8332__deblur__random_walk__random_walk__l1,1024,49,2,1023,2,1023
evaluation__8332__deblur__confidence_boost__nes__l1,1021,48,2,325,2,446
evaluation__8332__deblur__boundary_probe__nes__l1,1021,48,2,193,2,299
evaluation__8332__deblur__counterfactual__nes__l1,1021,47,5,298,5,457
fit__560__denoise__attack__nes__l0.5,1021,47,16,229,9,344
fit__560__denoise__restore__nes__l0.5,1021,48,17,290,4,411
fit__560__denoise__random_walk__random_walk__l0.5,1024,50,2,1023,2,1023
fit__560__denoise__confidence_boost__nes__l0.5,1021,48,3,375,3,545
fit__560__denoise__boundary_probe__nes__l0.5,1021,48,15,355,10,525
fit__560__denoise__counterfactual__nes__l0.5,1021,48,18,404,18,551
fit__560__deblur__attack__nes__l1,1021,47,6,315,6,455
fit__560__deblur__restore__nes__l1,1021,48,13,170,13,251
fit__560__deblur__random_walk__random_walk__l1,1024,49,2,1023,2,1023
fit__560__deblur__confidence_boost__nes__l1,1021,48,3,364,3,506
fit__560__deblur__boundary_probe__nes__l1,1021,47,7,279,3,408
fit__560__deblur__counterfactual__nes__l1,1021,49,8,206,6,309
fit__8769__denoise__attack__nes__l0.5,1021,47,15,413,6,570
fit__8769__denoise__restore__nes__l0.5,1021,47,2,304,2,436
fit__8769__denoise__random_walk__random_walk__l0.5,1024,49,2,1023,2,1023
fit__8769__denoise__confidence_boost__nes__l0.5,1021,47,3,326,2,453
fit__8769__denoise__boundary_probe__nes__l0.5,1021,49,7,319,3,464
fit__8769__denoise__counterfactual__nes__l0.5,1021,49,6,276,6,397
fit__8769__deblur__attack__nes__l1,1021,49,7,854,2,940
fit__8769__deblur__restore__nes__l1,1021,48,3,802,3,912
fit__8769__deblur__random_walk__random_walk__l1,1024,49,2,1023,2,1023
fit__8769__deblur__confidence_boost__nes__l1,1021,49,2,941,2,979
fit__8769__deblur__boundary_probe__nes__l1,1021,48,9,901,4,959
fit__8769__deblur__counterfactual__nes__l1,1021,49,3,759,3,877
fit__4736__denoise__attack__nes__l0.5,1021,47,18,198,18,279
fit__4736__denoise__restore__nes__l0.5,1021,48,18,226,18,328
fit__4736__denoise__random_walk__random_walk__l0.5,1024,49,2,1023,2,1023
fit__4736__denoise__confidence_boost__nes__l0.5,1021,48,18,384,11,527
fit__4736__denoise__boundary_probe__nes__l0.5,1021,48,2,303,2,434
fit__4736__denoise__counterfactual__nes__l0.5,1021,47,18,174,5,261
fit__4736__deblur__attack__nes__l1,1021,48,3,606,2,757
fit__4736__deblur__restore__nes__l1,1021,49,4,602,4,718
fit__4736__deblur__random_walk__random_walk__l1,1024,50,2,1023,2,1023
fit__4736__deblur__confidence_boost__nes__l1,1021,48,3,526,3,675
fit__4736__deblur__boundary_probe__nes__l1,1021,49,2,763,2,877
fit__4736__deblur__counterfactual__nes__l1,1021,47,4,699,4,819
fit__9663__denoise__attack__nes__l0.5,1021,48,4,757,4,870
fit__9663__denoise__restore__nes__l0.5,1021,48,5,674,4,810
fit__9663__denoise__random_walk__random_walk__l0.5,1024,50,2,1023,2,1023
fit__9663__denoise__confidence_boost__nes__l0.5,1021,49,3,658,3,811
fit__9663__denoise__boundary_probe__nes__l0.5,1021,49,2,800,2,889
fit__9663__denoise__counterfactual__nes__l0.5,1021,49,5,706,5,840
fit__9663__deblur__attack__nes__l1,1021,47,4,501,4,638
fit__9663__deblur__restore__nes__l1,1021,49,11,510,5,654
fit__9663__deblur__random_walk__random_walk__l1,1024,50,2,1023,2,1023
fit__9663__deblur__confidence_boost__nes__l1,1021,49,7,414,4,548
fit__9663__deblur__boundary_probe__nes__l1,1021,49,7,411,7,549
fit__9663__deblur__counterfactual__nes__l1,1021,48,6,459,6,614
fit__5265__denoise__attack__nes__l0.5,1021,46,10,193,8,273
fit__5265__denoise__restore__nes__l0.5,1021,47,18,200,6,272
fit__5265__denoise__random_walk__random_walk__l0.5,1024,49,2,1023,2,1023
fit__5265__denoise__confidence_boost__nes__l0.5,1021,47,5,202,4,304
fit__5265__denoise__boundary_probe__nes__l0.5,1021,48,5,405,5,539
fit__5265__denoise__counterfactual__nes__l0.5,1021,48,10,163,10,238
fit__5265__deblur__attack__nes__l1,1021,48,10,213,5,291
fit__5265__deblur__restore__nes__l1,1021,47,18,159,3,237
fit__5265__deblur__random_walk__random_walk__l1,1024,50,2,1023,2,1023
fit__5265__deblur__confidence_boost__nes__l1,1021,47,18,135,18,216
fit__5265__deblur__boundary_probe__nes__l1,1021,49,18,121,18,174
fit__5265__deblur__counterfactual__nes__l1,1021,46,8,209,8,307
fit__1275__denoise__attack__nes__l0.5,1021,47,2,192,2,295
fit__1275__denoise__restore__nes__l0.5,1021,48,18,223,5,339
fit__1275__denoise__random_walk__random_walk__l0.5,1024,49,2,1023,2,1023
fit__1275__denoise__confidence_boost__nes__l0.5,1021,48,8,432,8,572
fit__1275__denoise__boundary_probe__nes__l0.5,1021,48,6,355,6,501
fit__1275__denoise__counterfactual__nes__l0.5,1021,47,13,334,13,480
fit__1275__deblur__attack__nes__l1,1021,50,3,574,3,720
fit__1275__deblur__restore__nes__l1,1021,49,3,445,3,601
fit__1275__deblur__random_walk__random_walk__l1,1024,49,2,1023,2,1023
fit__1275__deblur__confidence_boost__nes__l1,1021,49,7,495,2,641
fit__1275__deblur__boundary_probe__nes__l1,1021,48,2,489,2,644
fit__1275__deblur__counterfactual__nes__l1,1021,50,3,594,3,721
fit__7275__denoise__attack__nes__l0.5,1021,49,6,563,6,700
fit__7275__denoise__restore__nes__l0.5,1021,49,2,539,2,689
fit__7275__denoise__random_walk__random_walk__l0.5,1024,50,2,1023,2,1023
fit__7275__denoise__confidence_boost__nes__l0.5,1021,49,4,630,4,765
fit__7275__denoise__boundary_probe__nes__l0.5,1021,48,7,336,2,442
fit__7275__denoise__counterfactual__nes__l0.5,1021,49,9,437,9,578
fit__7275__deblur__attack__nes__l1,1021,49,6,452,6,596
fit__7275__deblur__restore__nes__l1,1021,49,12,365,4,491
fit__7275__deblur__random_walk__random_walk__l1,1024,50,2,1023,2,1023
fit__7275__deblur__confidence_boost__nes__l1,1021,49,8,343,3,475
fit__7275__deblur__boundary_probe__nes__l1,1021,48,12,282,4,402
fit__7275__deblur__counterfactual__nes__l1,1021,47,16,449,16,590
fit__3780__denoise__attack__nes__l0.5,1021,48,12,151,8,225
fit__3780__denoise__restore__nes__l0.5,1021,48,7,444,7,598
fit__3780__denoise__random_walk__random_walk__l0.5,1024,50,2,1023,2,1023
fit__3780__denoise__confidence_boost__nes__l0.5,1021,48,8,342,4,449
fit__3780__denoise__boundary_probe__nes__l0.5,1021,48,3,373,3,508
fit__3780__denoise__counterfactual__nes__l0.5,1021,49,6,244,6,351
fit__3780__deblur__attack__nes__l1,1021,48,18,222,2,324
fit__3780__deblur__restore__nes__l1,1021,48,18,297,14,422
fit__3780__deblur__random_walk__random_walk__l1,1024,49,2,1023,2,1023
fit__3780__deblur__confidence_boost__nes__l1,1021,48,11,230,7,327
fit__3780__deblur__boundary_probe__nes__l1,1021,48,18,217,18,318
fit__3780__deblur__counterfactual__nes__l1,1021,47,12,239,8,346
fit__9047__denoise__attack__nes__l0.5,1021,48,2,681,2,796
fit__9047__denoise__restore__nes__l0.5,1021,48,17,571,15,718
fit__9047__denoise__random_walk__random_walk__l0.5,1024,50,2,1023,2,1023
fit__9047__denoise__confidence_boost__nes__l0.5,1021,48,2,647,2,770
fit__9047__denoise__boundary_probe__nes__l0.5,1021,49,5,621,5,756
fit__9047__denoise__counterfactual__nes__l0.5,1021,48,6,645,6,779
fit__9047__deblur__attack__nes__l1,1021,49,9,559,9,728
fit__9047__deblur__restore__nes__l1,1021,49,7,793,7,896
fit__9047__deblur__random_walk__random_walk__l1,1024,49,2,1023,2,1023
fit__9047__deblur__confidence_boost__nes__l1,1021,48,15,530,12,686
fit__9047__deblur__boundary_probe__nes__l1,1021,49,7,577,7,720
fit__9047__deblur__counterfactual__nes__l1,1021,49,8,461,3,617
fit__5119__denoise__attack__nes__l0.5,1021,48,3,504,3,642
fit__5119__denoise__restore__nes__l0.5,1021,47,2,322,2,447
fit__5119__denoise__random_walk__random_walk__l0.5,1024,49,2,1023,2,1023
fit__5119__denoise__confidence_boost__nes__l0.5,1021,49,10,306,9,418
fit__5119__denoise__boundary_probe__nes__l0.5,1021,48,2,547,2,675
fit__5119__denoise__counterfactual__nes__l0.5,1021,47,3,362,3,473
fit__5119__deblur__attack__nes__l1,1021,48,5,429,5,593
fit__5119__deblur__restore__nes__l1,1021,49,9,724,3,853
fit__5119__deblur__random_walk__random_walk__l1,1024,50,2,1023,2,1023
fit__5119__deblur__confidence_boost__nes__l1,1021,49,5,591,2,719
fit__5119__deblur__boundary_probe__nes__l1,1021,49,7,595,7,719
fit__5119__deblur__counterfactual__nes__l1,1021,49,2,493,2,656
fit__3486__denoise__attack__nes__l0.5,1021,48,5,281,5,408
fit__3486__denoise__restore__nes__l0.5,1021,48,17,438,2,589
fit__3486__denoise__random_walk__random_walk__l0.5,1024,50,2,1023,2,1023
fit__3486__denoise__confidence_boost__nes__l0.5,1021,49,5,299,5,410
fit__3486__denoise__boundary_probe__nes__l0.5,1021,47,2,424,2,551
fit__3486__denoise__counterfactual__nes__l0.5,1021,47,18,342,17,474
fit__3486__deblur__attack__nes__l1,1021,48,9,294,9,397
fit__3486__deblur__restore__nes__l1,1021,48,2,329,2,432
fit__3486__deblur__random_walk__random_walk__l1,1024,49,2,1023,2,1023
fit__3486__deblur__confidence_boost__nes__l1,1021,48,4,156,4,237
fit__3486__deblur__boundary_probe__nes__l1,1021,48,3,249,3,354
fit__3486__deblur__counterfactual__nes__l1,1021,47,18,236,18,322
fit__6487__denoise__attack__nes__l0.5,1021,48,3,924,3,968
fit__6487__denoise__restore__nes__l0.5,1021,49,3,773,2,889
fit__6487__denoise__random_walk__random_walk__l0.5,1024,50,2,1023,2,1023
fit__6487__denoise__confidence_boost__nes__l0.5,1021,50,4,791,4,893
fit__6487__denoise__boundary_probe__nes__l0.5,1021,49,3,663,3,802
fit__6487__denoise__counterfactual__nes__l0.5,1021,48,2,773,2,878
fit__6487__deblur__attack__nes__l1,1021,48,7,603,7,746
fit__6487__deblur__restore__nes__l1,1021,47,4,524,4,669
fit__6487__deblur__random_walk__random_walk__l1,1024,49,2,1023,2,1023
fit__6487__deblur__confidence_boost__nes__l1,1021,49,6,460,3,616
fit__6487__deblur__boundary_probe__nes__l1,1021,48,13,578,2,690
fit__6487__deblur__counterfactual__nes__l1,1021,48,5,532,5,681
fit__2505__denoise__attack__nes__l0.5,1021,48,18,261,18,360
fit__2505__denoise__restore__nes__l0.5,1021,47,10,271,10,384
fit__2505__denoise__random_walk__random_walk__l0.5,1024,49,2,1023,2,1023
fit__2505__denoise__confidence_boost__nes__l0.5,1021,49,5,464,5,577
fit__2505__denoise__boundary_probe__nes__l0.5,1021,48,18,273,6,388
fit__2505__denoise__counterfactual__nes__l0.5,1021,49,2,260,2,384
fit__2505__deblur__attack__nes__l1,1021,48,7,454,3,604
fit__2505__deblur__restore__nes__l1,1021,48,2,440,2,578
fit__2505__deblur__random_walk__random_walk__l1,1024,49,2,1023,2,1023
fit__2505__deblur__confidence_boost__nes__l1,1021,48,3,531,3,650
fit__2505__deblur__boundary_probe__nes__l1,1021,48,5,533,5,687
fit__2505__deblur__counterfactual__nes__l1,1021,49,4,693,4,792
fit__9942__denoise__attack__nes__l0.5,1021,49,11,403,11,514
fit__9942__denoise__restore__nes__l0.5,1021,48,2,468,2,636
fit__9942__denoise__random_walk__random_walk__l0.5,1024,50,2,1023,2,1023
fit__9942__denoise__confidence_boost__nes__l0.5,1021,48,9,475,8,628
fit__9942__denoise__boundary_probe__nes__l0.5,1021,50,12,599,12,756
fit__9942__denoise__counterfactual__nes__l0.5,1021,50,2,478,2,621
fit__9942__deblur__attack__nes__l1,1021,47,7,351,2,491
fit__9942__deblur__restore__nes__l1,1021,48,4,501,4,649
fit__9942__deblur__random_walk__random_walk__l1,1024,50,2,1023,2,1023
fit__9942__deblur__confidence_boost__nes__l1,1021,50,5,515,5,656
fit__9942__deblur__boundary_probe__nes__l1,1021,49,18,325,12,478
fit__9942__deblur__counterfactual__nes__l1,1021,48,5,443,5,604
fit__2429__denoise__attack__nes__l0.5,1021,48,9,328,6,458
fit__2429__denoise__restore__nes__l0.5,1021,47,5,203,5,301
fit__2429__denoise__random_walk__random_walk__l0.5,1024,49,2,1023,2,1023
fit__2429__denoise__confidence_boost__nes__l0.5,1021,47,18,441,11,570
fit__2429__denoise__boundary_probe__nes__l0.5,1021,48,3,433,3,582
fit__2429__denoise__counterfactual__nes__l0.5,1021,48,6,160,6,242
fit__2429__deblur__attack__nes__l1,1021,49,3,606,2,737
fit__2429__deblur__restore__nes__l1,1021,49,3,594,3,735
fit__2429__deblur__random_walk__random_walk__l1,1024,49,2,1023,2,1023
fit__2429__deblur__confidence_boost__nes__l1,1021,48,4,461,4,591
fit__2429__deblur__boundary_probe__nes__l1,1021,49,2,602,2,728
fit__2429__deblur__counterfactual__nes__l1,1021,48,7,762,3,863
fit__1689__denoise__attack__nes__l0.5,1021,47,2,412,2,530
fit__1689__denoise__restore__nes__l0.5,1021,47,2,440,2,583
fit__1689__denoise__random_walk__random_walk__l0.5,1024,49,2,1023,2,1023
fit__1689__denoise__confidence_boost__nes__l0.5,1021,48,8,640,2,781
fit__1689__denoise__boundary_probe__nes__l0.5,1021,48,3,575,3,700
fit__1689__denoise__counterfactual__nes__l0.5,1021,49,6,667,6,785
fit__1689__deblur__attack__nes__l1,1021,49,4,823,4,926
fit__1689__deblur__restore__nes__l1,1021,48,2,887,2,960
fit__1689__deblur__random_walk__random_walk__l1,1024,49,2,1023,2,1023
fit__1689__deblur__confidence_boost__nes__l1,1021,48,2,898,2,961
fit__1689__deblur__boundary_probe__nes__l1,1021,49,2,879,2,954
fit__1689__deblur__counterfactual__nes__l1,1021,49,4,832,4,922
fit__7592__denoise__attack__nes__l0.5,1021,47,7,217,7,310
fit__7592__denoise__restore__nes__l0.5,1021,48,3,262,3,375
fit__7592__denoise__random_walk__random_walk__l0.5,1024,50,2,1023,2,1023
fit__7592__denoise__confidence_boost__nes__l0.5,1021,49,18,295,15,435
fit__7592__denoise__boundary_probe__nes__l0.5,1021,48,9,405,5,542
fit__7592__denoise__counterfactual__nes__l0.5,1021,49,3,551,3,694
fit__7592__deblur__attack__nes__l1,1021,48,10,461,9,583
fit__7592__deblur__restore__nes__l1,1021,49,3,583,3,725
fit__7592__deblur__random_walk__random_walk__l1,1024,49,2,1023,2,1023
fit__7592__deblur__confidence_boost__nes__l1,1021,48,8,466,4,602
fit__7592__deblur__boundary_probe__nes__l1,1021,48,10,330,4,456
fit__7592__deblur__counterfactual__nes__l1,1021,49,5,561,5,716
calibration__2993__denoise__attack__nes__l0.5,1021,50,2,485,2,621
calibration__2993__denoise__restore__nes__l0.5,1021,48,3,449,3,583
calibration__2993__denoise__random_walk__random_walk__l0.5,1024,49,2,1023,2,1023
calibration__2993__denoise__confidence_boost__nes__l0.5,1021,49,4,483,2,650
calibration__2993__denoise__boundary_probe__nes__l0.5,1021,49,5,681,2,783
calibration__2993__denoise__counterfactual__nes__l0.5,1021,48,4,390,2,511
calibration__2993__deblur__attack__nes__l1,1021,48,6,397,6,529
calibration__2993__deblur__restore__nes__l1,1021,49,5,547,5,686
calibration__2993__deblur__random_walk__random_walk__l1,1024,49,2,1023,2,1023
calibration__2993__deblur__confidence_boost__nes__l1,1021,48,3,367,3,524
calibration__2993__deblur__boundary_probe__nes__l1,1021,49,6,400,6,560
calibration__2993__deblur__counterfactual__nes__l1,1021,46,8,380,6,522
calibration__7689__denoise__attack__nes__l0.5,1021,49,4,579,4,734
calibration__7689__denoise__restore__nes__l0.5,1021,47,3,714,3,835
calibration__7689__denoise__random_walk__random_walk__l0.5,1024,49,2,1023,2,1023
calibration__7689__denoise__confidence_boost__nes__l0.5,1021,48,4,511,2,661
calibration__7689__denoise__boundary_probe__nes__l0.5,1021,48,3,678,2,815
calibration__7689__denoise__counterfactual__nes__l0.5,1021,47,3,715,2,839
calibration__7689__deblur__attack__nes__l1,1021,48,4,593,4,750
calibration__7689__deblur__restore__nes__l1,1021,50,4,740,3,852
calibration__7689__deblur__random_walk__random_walk__l1,1024,49,2,1023,2,1023
calibration__7689__deblur__confidence_boost__nes__l1,1021,49,2,663,2,802
calibration__7689__deblur__boundary_probe__nes__l1,1021,49,10,654,5,785
calibration__7689__deblur__counterfactual__nes__l1,1021,48,3,688,3,804
calibration__3745__denoise__attack__nes__l0.5,1021,48,2,672,2,818
calibration__3745__denoise__restore__nes__l0.5,1021,50,2,660,2,798
calibration__3745__denoise__random_walk__random_walk__l0.5,1024,50,2,1023,2,1023
calibration__3745__denoise__confidence_boost__nes__l0.5,1021,48,2,700,2,832
calibration__3745__denoise__boundary_probe__nes__l0.5,1021,49,2,719,2,838
calibration__3745__denoise__counterfactual__nes__l0.5,1021,48,2,622,2,759
calibration__3745__deblur__attack__nes__l1,1021,49,5,773,5,871
calibration__3745__deblur__restore__nes__l1,1021,48,2,658,2,822
calibration__3745__deblur__random_walk__random_walk__l1,1024,50,2,1023,2,1023
calibration__3745__deblur__confidence_boost__nes__l1,1021,47,2,657,2,805
calibration__3745__deblur__boundary_probe__nes__l1,1021,48,3,719,3,839
calibration__3745__deblur__counterfactual__nes__l1,1021,49,7,737,3,868
calibration__374__denoise__attack__nes__l0.5,1021,49,3,596,3,725
calibration__374__denoise__restore__nes__l0.5,1021,48,2,520,2,637
calibration__374__denoise__random_walk__random_walk__l0.5,1024,49,2,1023,2,1023
calibration__374__denoise__confidence_boost__nes__l0.5,1021,49,7,604,7,735
calibration__374__denoise__boundary_probe__nes__l0.5,1021,49,14,625,4,744
calibration__374__denoise__counterfactual__nes__l0.5,1021,48,4,710,4,827
calibration__374__deblur__attack__nes__l1,1021,47,2,532,2,698
calibration__374__deblur__restore__nes__l1,1021,49,4,650,4,775
calibration__374__deblur__random_walk__random_walk__l1,1024,50,2,1023,2,1023
calibration__374__deblur__confidence_boost__nes__l1,1021,48,5,598,5,741
calibration__374__deblur__boundary_probe__nes__l1,1021,49,5,399,5,556
calibration__374__deblur__counterfactual__nes__l1,1021,49,7,519,7,667
calibration__6335__denoise__attack__nes__l0.5,1021,48,13,161,9,239
calibration__6335__denoise__restore__nes__l0.5,1021,47,4,283,4,392
calibration__6335__denoise__random_walk__random_walk__l0.5,1024,49,2,1023,2,1023
calibration__6335__denoise__confidence_boost__nes__l0.5,1021,47,16,166,16,242
calibration__6335__denoise__boundary_probe__nes__l0.5,1021,48,12,241,10,348
calibration__6335__denoise__counterfactual__nes__l0.5,1021,48,12,217,12,331
calibration__6335__deblur__attack__nes__l1,1021,48,2,764,2,879
calibration__6335__deblur__restore__nes__l1,1021,48,2,552,2,706
calibration__6335__deblur__random_walk__random_walk__l1,1024,50,2,1023,2,1023
calibration__6335__deblur__confidence_boost__nes__l1,1021,49,11,750,6,848
calibration__6335__deblur__boundary_probe__nes__l1,1021,50,2,672,2,801
calibration__6335__deblur__counterfactual__nes__l1,1021,48,5,487,5,623
calibration__3353__denoise__attack__nes__l0.5,1021,48,2,346,2,452
calibration__3353__denoise__restore__nes__l0.5,1021,48,6,286,6,412
calibration__3353__denoise__random_walk__random_walk__l0.5,1024,50,2,1023,2,1023
calibration__3353__denoise__confidence_boost__nes__l0.5,1021,49,5,522,5,664
calibration__3353__denoise__boundary_probe__nes__l0.5,1021,47,6,532,5,675
calibration__3353__denoise__counterfactual__nes__l0.5,1021,49,2,486,2,628
calibration__3353__deblur__attack__nes__l1,1021,48,11,407,11,560
calibration__3353__deblur__restore__nes__l1,1021,47,18,402,18,558
calibration__3353__deblur__random_walk__random_walk__l1,1024,50,2,1023,2,1023
calibration__3353__deblur__confidence_boost__nes__l1,1021,48,9,214,9,303
calibration__3353__deblur__boundary_probe__nes__l1,1021,47,18,284,18,391
calibration__3353__deblur__counterfactual__nes__l1,1021,49,16,391,3,555
calibration__8528__denoise__attack__nes__l0.5,1021,48,13,392,11,522
calibration__8528__denoise__restore__nes__l0.5,1021,47,4,272,4,390
calibration__8528__denoise__random_walk__random_walk__l0.5,1024,49,2,1023,2,1023
calibration__8528__denoise__confidence_boost__nes__l0.5,1021,48,2,330,2,470
calibration__8528__denoise__boundary_probe__nes__l0.5,1021,49,5,355,5,500
calibration__8528__denoise__counterfactual__nes__l0.5,1021,49,5,504,2,649
calibration__8528__deblur__attack__nes__l1,1021,48,2,473,2,618
calibration__8528__deblur__restore__nes__l1,1021,48,2,382,2,518
calibration__8528__deblur__random_walk__random_walk__l1,1024,49,2,1023,2,1023
calibration__8528__deblur__confidence_boost__nes__l1,1021,49,3,254,2,364
calibration__8528__deblur__boundary_probe__nes__l1,1021,47,3,372,3,504
calibration__8528__deblur__counterfactual__nes__l1,1021,48,3,334,3,448
calibration__5813__denoise__attack__nes__l0.5,1021,49,2,704,2,825
calibration__5813__denoise__restore__nes__l0.5,1021,50,3,691,3,816
calibration__5813__denoise__random_walk__random_walk__l0.5,1024,49,2,1023,2,1023
calibration__5813__denoise__confidence_boost__nes__l0.5,1021,48,4,652,4,778
calibration__5813__denoise__boundary_probe__nes__l0.5,1021,49,3,585,2,743
calibration__5813__denoise__counterfactual__nes__l0.5,1021,49,3,558,3,716
calibration__5813__deblur__attack__nes__l1,1021,47,6,177,6,290
calibration__5813__deblur__restore__nes__l1,1021,49,3,227,3,343
calibration__5813__deblur__random_walk__random_walk__l1,1024,50,2,1023,2,1023
calibration__5813__deblur__confidence_boost__nes__l1,1021,47,7,224,6,352
calibration__5813__deblur__boundary_probe__nes__l1,1021,48,18,301,4,462
calibration__5813__deblur__counterfactual__nes__l1,1021,47,6,400,6,539
calibration__1041__denoise__attack__nes__l0.5,1021,48,18,130,18,191
calibration__1041__denoise__restore__nes__l0.5,1021,47,4,136,4,210
calibration__1041__denoise__random_walk__random_walk__l0.5,1024,50,2,1023,2,1023
calibration__1041__denoise__confidence_boost__nes__l0.5,1021,48,4,71,4,93
calibration__1041__denoise__boundary_probe__nes__l0.5,1021,49,18,192,18,271
calibration__1041__denoise__counterfactual__nes__l0.5,1021,47,18,119,17,156
calibration__1041__deblur__attack__nes__l1,1021,49,7,359,7,497
calibration__1041__deblur__restore__nes__l1,1021,49,15,529,15,657
calibration__1041__deblur__random_walk__random_walk__l1,1024,50,2,1023,2,1023
calibration__1041__deblur__confidence_boost__nes__l1,1021,48,3,481,3,637
calibration__1041__deblur__boundary_probe__nes__l1,1021,49,9,305,9,441
calibration__1041__deblur__counterfactual__nes__l1,1021,50,6,238,6,344
calibration__5947__denoise__attack__nes__l0.5,1021,47,18,207,18,319
calibration__5947__denoise__restore__nes__l0.5,1021,48,9,117,9,163
calibration__5947__denoise__random_walk__random_walk__l0.5,1024,49,2,1023,2,1023
calibration__5947__denoise__confidence_boost__nes__l0.5,1021,49,11,312,9,446
calibration__5947__denoise__boundary_probe__nes__l0.5,1021,48,7,299,4,417
calibration__5947__denoise__counterfactual__nes__l0.5,1021,49,13,167,4,243
calibration__5947__deblur__attack__nes__l1,1021,48,15,378,5,499
calibration__5947__deblur__restore__nes__l1,1021,48,2,263,2,371
calibration__5947__deblur__random_walk__random_walk__l1,1024,50,2,1023,2,1023
calibration__5947__deblur__confidence_boost__nes__l1,1021,48,4,380,4,498
calibration__5947__deblur__boundary_probe__nes__l1,1021,49,3,307,2,417
calibration__5947__deblur__counterfactual__nes__l1,1021,48,4,268,4,366
calibration__1978__denoise__attack__nes__l0.5,1021,49,2,599,2,738
calibration__1978__denoise__restore__nes__l0.5,1021,49,4,560,4,710
calibration__1978__denoise__random_walk__random_walk__l0.5,1024,50,2,1023,2,1023
calibration__1978__denoise__confidence_boost__nes__l0.5,1021,48,7,500,3,648
calibration__1978__denoise__boundary_probe__nes__l0.5,1021,49,13,533,3,686
calibration__1978__denoise__counterfactual__nes__l0.5,1021,50,10,590,10,741
calibration__1978__deblur__attack__nes__l1,1021,48,13,295,12,421
calibration__1978__deblur__restore__nes__l1,1021,49,16,394,16,550
calibration__1978__deblur__random_walk__random_walk__l1,1024,49,2,1023,2,1023
calibration__1978__deblur__confidence_boost__nes__l1,1021,48,11,269,11,391
calibration__1978__deblur__boundary_probe__nes__l1,1021,49,6,384,6,511
calibration__1978__deblur__counterfactual__nes__l1,1021,48,6,238,5,350
calibration__9076__denoise__attack__nes__l0.5,1021,49,2,370,2,527
calibration__9076__denoise__restore__nes__l0.5,1021,49,3,672,3,788
calibration__9076__denoise__random_walk__random_walk__l0.5,1024,49,2,1023,2,1023
calibration__9076__denoise__confidence_boost__nes__l0.5,1021,48,8,453,8,595
calibration__9076__denoise__boundary_probe__nes__l0.5,1021,48,2,407,2,543
calibration__9076__denoise__counterfactual__nes__l0.5,1021,47,2,365,2,516
calibration__9076__deblur__attack__nes__l1,1021,48,3,488,3,620
calibration__9076__deblur__restore__nes__l1,1021,48,2,563,2,693
calibration__9076__deblur__random_walk__random_walk__l1,1024,50,2,1023,2,1023
calibration__9076__deblur__confidence_boost__nes__l1,1021,48,3,499,3,660
calibration__9076__deblur__boundary_probe__nes__l1,1021,49,2,533,2,673
calibration__9076__deblur__counterfactual__nes__l1,1021,49,2,498,2,632
calibration__3131__denoise__attack__nes__l0.5,1021,49,5,579,2,723
calibration__3131__denoise__restore__nes__l0.5,1021,48,5,341,2,474
calibration__3131__denoise__random_walk__random_walk__l0.5,1024,49,2,1023,2,1023
calibration__3131__denoise__confidence_boost__nes__l0.5,1021,49,16,498,10,643
calibration__3131__denoise__boundary_probe__nes__l0.5,1021,48,4,537,3,677
calibration__3131__denoise__counterfactual__nes__l0.5,1021,50,2,499,2,623
calibration__3131__deblur__attack__nes__l1,1021,48,16,408,12,545
calibration__3131__deblur__restore__nes__l1,1021,49,16,563,7,691
calibration__3131__deblur__random_walk__random_walk__l1,1024,50,2,1023,2,1023
calibration__3131__deblur__confidence_boost__nes__l1,1021,49,3,307,2,456
calibration__3131__deblur__boundary_probe__nes__l1,1021,48,18,272,18,394
calibration__3131__deblur__counterfactual__nes__l1,1021,47,16,349,16,503
calibration__469__denoise__attack__nes__l0.5,1021,48,11,230,4,324
calibration__469__denoise__restore__nes__l0.5,1021,48,8,280,8,393
calibration__469__denoise__random_walk__random_walk__l0.5,1024,49,2,1023,2,1023
calibration__469__denoise__confidence_boost__nes__l0.5,1021,49,16,343,5,468
calibration__469__denoise__boundary_probe__nes__l0.5,1021,48,11,264,10,385
calibration__469__denoise__counterfactual__nes__l0.5,1021,48,4,294,4,395
calibration__469__deblur__attack__nes__l1,1021,50,3,585,3,713
calibration__469__deblur__restore__nes__l1,1021,48,6,456,6,615
calibration__469__deblur__random_walk__random_walk__l1,1024,50,2,1023,2,1023
calibration__469__deblur__confidence_boost__nes__l1,1021,49,9,520,9,660
calibration__469__deblur__boundary_probe__nes__l1,1021,48,4,592,4,702
calibration__469__deblur__counterfactual__nes__l1,1021,47,4,478,4,629
calibration__7144__denoise__attack__nes__l0.5,1021,47,7,164,7,236
calibration__7144__denoise__restore__nes__l0.5,1021,47,4,122,4,171
calibration__7144__denoise__random_walk__random_walk__l0.5,1024,49,2,1023,2,1023
calibration__7144__denoise__confidence_boost__nes__l0.5,1021,48,18,105,18,149
calibration__7144__denoise__boundary_probe__nes__l0.5,1021,48,18,229,18,324
calibration__7144__denoise__counterfactual__nes__l0.5,1021,48,11,254,3,345
calibration__7144__deblur__attack__nes__l1,1021,48,8,296,8,435
calibration__7144__deblur__restore__nes__l1,1021,49,7,485,7,620
calibration__7144__deblur__random_walk__random_walk__l1,1024,49,2,1023,2,1023
calibration__7144__deblur__confidence_boost__nes__l1,1021,49,6,514,6,664
calibration__7144__deblur__boundary_probe__nes__l1,1021,48,7,348,7,473
calibration__7144__deblur__counterfactual__nes__l1,1021,49,5,378,5,522
calibration__1136__denoise__attack__nes__l0.5,1021,48,10,479,2,611
calibration__1136__denoise__restore__nes__l0.5,1021,49,18,299,6,433
calibration__1136__denoise__random_walk__random_walk__l0.5,1024,49,2,1023,2,1023
calibration__1136__denoise__confidence_boost__nes__l0.5,1021,49,18,342,16,474
calibration__1136__denoise__boundary_probe__nes__l0.5,1021,49,10,451,9,606
calibration__1136__denoise__counterfactual__nes__l0.5,1021,48,17,403,9,545
calibration__1136__deblur__attack__nes__l1,1021,47,18,294,18,400
calibration__1136__deblur__restore__nes__l1,1021,47,18,181,18,248
calibration__1136__deblur__random_walk__random_walk__l1,1024,49,2,1023,2,1023
calibration__1136__deblur__confidence_boost__nes__l1,1021,47,10,102,10,147
calibration__1136__deblur__boundary_probe__nes__l1,1021,48,18,249,3,362
calibration__1136__deblur__counterfactual__nes__l1,1021,48,18,148,18,234
calibration__8272__denoise__attack__nes__l0.5,1021,48,5,193,5,264
calibration__8272__denoise__restore__nes__l0.5,1021,49,12,224,12,325
calibration__8272__denoise__random_walk__random_walk__l0.5,1024,49,2,1023,2,1023
calibration__8272__denoise__confidence_boost__nes__l0.5,1021,49,12,342,12,458
calibration__8272__denoise__boundary_probe__nes__l0.5,1021,49,9,287,6,416
calibration__8272__denoise__counterfactual__nes__l0.5,1021,48,3,375,3,532
calibration__8272__deblur__attack__nes__l1,1021,48,5,442,5,564
calibration__8272__deblur__restore__nes__l1,1021,48,6,487,6,608
calibration__8272__deblur__random_walk__random_walk__l1,1024,49,2,1023,2,1023
calibration__8272__deblur__confidence_boost__nes__l1,1021,49,10,623,9,749
calibration__8272__deblur__boundary_probe__nes__l1,1021,49,7,427,7,564
calibration__8272__deblur__counterfactual__nes__l1,1021,49,5,368,4,517
evaluation__2680__denoise__attack__nes__l0.5,1021,49,4,427,4,534
evaluation__2680__denoise__restore__nes__l0.5,1021,48,8,320,8,450
evaluation__2680__denoise__random_walk__random_walk__l0.5,1024,50,2,1023,2,1023
evaluation__2680__denoise__confidence_boost__nes__l0.5,1021,47,7,204,7,291
evaluation__2680__denoise__boundary_probe__nes__l0.5,1021,48,6,389,6,524
evaluation__2680__denoise__counterfactual__nes__l0.5,1021,48,4,524,4,665
evaluation__2680__deblur__attack__nes__l1,1021,49,2,758,2,855
evaluation__2680__deblur__restore__nes__l1,1021,49,3,757,3,874
evaluation__2680__deblur__random_walk__random_walk__l1,1024,50,2,1023,2,1023
evaluation__2680__deblur__confidence_boost__nes__l1,1021,48,2,820,2,916
evaluation__2680__deblur__boundary_probe__nes__l1,1021,48,2,784,2,905
evaluation__2680__deblur__counterfactual__nes__l1,1021,48,3,717,3,841
evaluation__4922__denoise__attack__nes__l0.5,1021,48,5,557,5,733
evaluation__4922__denoise__restore__nes__l0.5,1021,49,3,625,2,768
evaluation__4922__denoise__random_walk__random_walk__l0.5,1024,49,2,1023,2,1023
evaluation__4922__denoise__confidence_boost__nes__l0.5,1021,50,2,636,2,797
evaluation__4922__denoise__boundary_probe__nes__l0.5,1021,49,3,707,3,840
evaluation__4922__denoise__counterfactual__nes__l0.5,1021,49,3,482,3,644
evaluation__4922__deblur__attack__nes__l1,1021,48,18,318,18,427
evaluation__4922__deblur__restore__nes__l1,1021,49,7,304,7,427
evaluation__4922__deblur__random_walk__random_walk__l1,1024,50,2,1023,2,1023
evaluation__4922__deblur__confidence_boost__nes__l1,1021,48,18,208,9,320
evaluation__4922__deblur__boundary_probe__nes__l1,1021,47,18,218,18,320
evaluation__4922__deblur__counterfactual__nes__l1,1021,48,6,128,6,205
evaluation__8026__denoise__attack__nes__l0.5,1021,48,2,404,2,565
evaluation__8026__denoise__restore__nes__l0.5,1021,48,6,321,6,458
evaluation__8026__denoise__random_walk__random_walk__l0.5,1024,49,2,1023,2,1023
evaluation__8026__denoise__confidence_boost__nes__l0.5,1021,48,11,388,11,540
evaluation__8026__denoise__boundary_probe__nes__l0.5,1021,50,18,441,15,592
evaluation__8026__denoise__counterfactual__nes__l0.5,1021,49,5,389,5,530
evaluation__8026__deblur__attack__nes__l1,1021,49,2,714,2,824
evaluation__8026__deblur__restore__nes__l1,1021,48,3,748,3,859
evaluation__8026__deblur__random_walk__random_walk__l1,1024,50,2,1023,2,1023
evaluation__8026__deblur__confidence_boost__nes__l1,1021,49,5,920,5,967
evaluation__8026__deblur__boundary_probe__nes__l1,1021,50,6,829,4,922
evaluation__8026__deblur__counterfactual__nes__l1,1021,49,2,698,2,829
evaluation__1923__denoise__attack__nes__l0.5,1021,48,3,428,3,594
evaluation__1923__denoise__restore__nes__l0.5,1021,49,10,539,10,683
evaluation__1923__denoise__random_walk__random_walk__l0.5,1024,49,2,1023,2,1023
evaluation__1923__denoise__confidence_boost__nes__l0.5,1021,48,3,642,3,770
evaluation__1923__denoise__boundary_probe__nes__l0.5,1021,48,4,542,2,672
evaluation__1923__denoise__counterfactual__nes__l0.5,1021,48,7,533,7,671
evaluation__1923__deblur__attack__nes__l1,1021,49,4,455,4,593
evaluation__1923__deblur__restore__nes__l1,1021,48,3,433,2,582
evaluation__1923__deblur__random_walk__random_walk__l1,1024,50,2,1023,2,1023
evaluation__1923__deblur__confidence_boost__nes__l1,1021,48,3,422,3,561
evaluation__1923__deblur__boundary_probe__nes__l1,1021,49,7,593,7,725
evaluation__1923__deblur__counterfactual__nes__l1,1021,49,12,690,6,822
evaluation__3764__denoise__attack__nes__l0.5,1021,49,3,920,3,976
evaluation__3764__denoise__restore__nes__l0.5,1021,48,2,828,2,930
evaluation__3764__denoise__random_walk__random_walk__l0.5,1024,49,2,1023,2,1023
evaluation__3764__denoise__confidence_boost__nes__l0.5,1021,48,2,884,2,965
evaluation__3764__denoise__boundary_probe__nes__l0.5,1021,49,2,865,2,954
evaluation__3764__denoise__counterfactual__nes__l0.5,1021,48,2,945,2,987
evaluation__3764__deblur__attack__nes__l1,1021,49,7,454,2,596
evaluation__3764__deblur__restore__nes__l1,1021,47,3,455,3,635
evaluation__3764__deblur__random_walk__random_walk__l1,1024,49,2,1023,2,1023
evaluation__3764__deblur__confidence_boost__nes__l1,1021,49,5,679,5,820
evaluation__3764__deblur__boundary_probe__nes__l1,1021,49,3,589,3,722
evaluation__3764__deblur__counterfactual__nes__l1,1021,49,3,571,3,723
evaluation__7535__denoise__attack__nes__l0.5,1021,48,7,289,7,425
evaluation__7535__denoise__restore__nes__l0.5,1021,46,3,258,3,366
evaluation__7535__denoise__random_walk__random_walk__l0.5,1024,49,2,1023,2,1023
evaluation__7535__denoise__confidence_boost__nes__l0.5,1021,47,18,159,2,261
evaluation__7535__denoise__boundary_probe__nes__l0.5,1021,49,18,310,8,456
evaluation__7535__denoise__counterfactual__nes__l0.5,1021,48,12,392,5,518
evaluation__7535__deblur__attack__nes__l1,1021,48,18,300,10,420
evaluation__7535__deblur__restore__nes__l1,1021,49,4,263,4,370
evaluation__7535__deblur__random_walk__random_walk__l1,1024,50,2,1023,2,1023
evaluation__7535__deblur__confidence_boost__nes__l1,1021,48,7,133,3,187
evaluation__7535__deblur__boundary_probe__nes__l1,1021,47,2,290,2,416
evaluation__7535__deblur__counterfactual__nes__l1,1021,48,9,215,5,302
evaluation__129__denoise__attack__nes__l0.5,1021,49,18,219,18,321
evaluation__129__denoise__restore__nes__l0.5,1021,47,18,216,18,316
evaluation__129__denoise__random_walk__random_walk__l0.5,1024,50,2,1023,2,1023
evaluation__129__denoise__confidence_boost__nes__l0.5,1021,48,18,300,10,425
evaluation__129__denoise__boundary_probe__nes__l0.5,1021,49,18,281,18,383
evaluation__129__denoise__counterfactual__nes__l0.5,1021,48,13,190,13,275
evaluation__129__deblur__attack__nes__l1,1021,48,18,407,11,553
evaluation__129__deblur__restore__nes__l1,1021,48,13,250,10,354
evaluation__129__deblur__random_walk__random_walk__l1,1024,50,2,1023,2,1023
evaluation__129__deblur__confidence_boost__nes__l1,1021,49,14,164,2,269
evaluation__129__deblur__boundary_probe__nes__l1,1021,48,8,469,8,598
evaluation__129__deblur__counterfactual__nes__l1,1021,48,3,461,3,585
evaluation__3681__denoise__attack__nes__l0.5,1021,49,2,262,2,362
evaluation__3681__denoise__restore__nes__l0.5,1021,49,3,336,3,472
evaluation__3681__denoise__random_walk__random_walk__l0.5,1024,49,2,1023,2,1023
evaluation__3681__denoise__confidence_boost__nes__l0.5,1021,48,7,367,7,519
evaluation__3681__denoise__boundary_probe__nes__l0.5,1021,48,5,226,3,320
evaluation__3681__denoise__counterfactual__nes__l0.5,1021,49,6,571,6,701
evaluation__3681__deblur__attack__nes__l1,1021,47,5,350,5,466
evaluation__3681__deblur__restore__nes__l1,1021,49,4,284,2,389
evaluation__3681__deblur__random_walk__random_walk__l1,1024,49,2,1023,2,1023
evaluation__3681__deblur__confidence_boost__nes__l1,1021,48,2,373,2,507
evaluation__3681__deblur__boundary_probe__nes__l1,1021,49,18,261,8,374
evaluation__3681__deblur__counterfactual__nes__l1,1021,48,5,573,5,708
evaluation__5331__denoise__attack__nes__l0.5,1021,48,6,372,2,520
evaluation__5331__denoise__restore__nes__l0.5,1021,48,10,284,6,416
evaluation__5331__denoise__random_walk__random_walk__l0.5,1024,49,2,1023,2,1023
evaluation__5331__denoise__confidence_boost__nes__l0.5,1021,48,9,356,9,481
evaluation__5331__denoise__boundary_probe__nes__l0.5,1021,49,4,397,4,548
evaluation__5331__denoise__counterfactual__nes__l0.5,1021,48,5,322,5,446
evaluation__5331__deblur__attack__nes__l1,1021,48,3,691,3,823
evaluation__5331__deblur__restore__nes__l1,1021,49,4,801,4,885
evaluation__5331__deblur__random_walk__random_walk__l1,1024,50,2,1023,2,1023
evaluation__5331__deblur__confidence_boost__nes__l1,1021,49,7,701,2,839
evaluation__5331__deblur__boundary_probe__nes__l1,1021,48,2,766,2,880
evaluation__5331__deblur__counterfactual__nes__l1,1021,49,2,841,2,935
evaluation__8412__denoise__attack__nes__l0.5,1021,47,10,418,4,561
evaluation__8412__denoise__restore__nes__l0.5,1021,49,2,290,2,423
evaluation__8412__denoise__random_walk__random_walk__l0.5,1024,49,2,1023,2,1023
evaluation__8412__denoise__confidence_boost__nes__l0.5,1021,48,2,395,2,524
evaluation__8412__denoise__boundary_probe__nes__l0.5,1021,48,3,366,3,519
evaluation__8412__denoise__counterfactual__nes__l0.5,1021,48,3,507,3,623
evaluation__8412__deblur__attack__nes__l1,1021,49,2,394,2,536
evaluation__8412__deblur__restore__nes__l1,1021,49,8,464,3,610
evaluation__8412__deblur__random_walk__random_walk__l1,1024,49,2,1023,2,1023
evaluation__8412__deblur__confidence_boost__nes__l1,1021,48,3,313,3,432
evaluation__8412__deblur__boundary_probe__nes__l1,1021,50,2,581,2,745
evaluation__8412__deblur__counterfactual__nes__l1,1021,49,8,376,8,512
evaluation__986__denoise__attack__nes__l0.5,1021,48,2,728,2,839
evaluation__986__denoise__restore__nes__l0.5,1021,49,3,543,2,679
evaluation__986__denoise__random_walk__random_walk__l0.5,1024,50,2,1023,2,1023
evaluation__986__denoise__confidence_boost__nes__l0.5,1021,49,4,579,3,724
evaluation__986__denoise__boundary_probe__nes__l0.5,1021,49,5,586,2,719
evaluation__986__denoise__counterfactual__nes__l0.5,1021,49,3,739,3,843
evaluation__986__deblur__attack__nes__l1,1021,49,7,413,5,570
evaluation__986__deblur__restore__nes__l1,1021,48,8,516,8,644
evaluation__986__deblur__random_walk__random_walk__l1,1024,49,2,1023,2,1023
evaluation__986__deblur__confidence_boost__nes__l1,1021,48,3,370,3,515
evaluation__986__deblur__boundary_probe__nes__l1,1021,48,4,332,2,460
evaluation__986__deblur__counterfactual__nes__l1,1021,49,2,330,2,474
evaluation__3633__denoise__attack__nes__l0.5,1021,49,3,483,2,616
evaluation__3633__denoise__restore__nes__l0.5,1021,49,2,732,2,859
evaluation__3633__denoise__random_walk__random_walk__l0.5,1024,50,2,1023,2,1023
evaluation__3633__denoise__confidence_boost__nes__l0.5,1021,49,2,542,2,690
evaluation__3633__denoise__boundary_probe__nes__l0.5,1021,49,5,583,5,731
evaluation__3633__denoise__counterfactual__nes__l0.5,1021,49,3,458,3,596
evaluation__3633__deblur__attack__nes__l1,1021,48,2,446,2,597
evaluation__3633__deblur__restore__nes__l1,1021,49,4,500,4,664
evaluation__3633__deblur__random_walk__random_walk__l1,1024,49,2,1023,2,1023
evaluation__3633__deblur__confidence_boost__nes__l1,1021,48,3,441,3,591
evaluation__3633__deblur__boundary_probe__nes__l1,1021,48,7,643,7,788
evaluation__3633__deblur__counterfactual__nes__l1,1021,49,2,371,2,560
evaluation__5943__denoise__attack__nes__l0.5,1021,49,4,394,4,537
evaluation__5943__denoise__restore__nes__l0.5,1021,48,18,287,18,405
evaluation__5943__denoise__random_walk__random_walk__l0.5,1024,49,2,1023,2,1023
evaluation__5943__denoise__confidence_boost__nes__l0.5,1021,48,2,234,2,351
evaluation__5943__denoise__boundary_probe__nes__l0.5,1021,49,14,314,4,469
evaluation__5943__denoise__counterfactual__nes__l0.5,1021,47,18,234,17,349
evaluation__5943__deblur__attack__nes__l1,1021,48,4,437,4,588
evaluation__5943__deblur__restore__nes__l1,1021,48,2,454,2,602
evaluation__5943__deblur__random_walk__random_walk__l1,1024,49,2,1023,2,1023
evaluation__5943__deblur__confidence_boost__nes__l1,1021,49,12,310,6,431
evaluation__5943__deblur__boundary_probe__nes__l1,1021,48,9,356,2,482
evaluation__5943__deblur__counterfactual__nes__l1,1021,48,2,348,2,494
evaluation__1194__denoise__attack__nes__l0.5,1021,48,2,553,2,685
evaluation__1194__denoise__restore__nes__l0.5,1021,49,5,658,3,792
evaluation__1194__denoise__random_walk__random_walk__l0.5,1024,49,2,1023,2,1023
evaluation__1194__denoise__confidence_boost__nes__l0.5,1021,49,5,737,5,845
evaluation__1194__denoise__boundary_probe__nes__l0.5,1021,48,3,654,3,810
evaluation__1194__denoise__counterfactual__nes__l0.5,1021,48,2,484,2,665
evaluation__1194__deblur__attack__nes__l1,1021,48,15,275,11,395
evaluation__1194__deblur__restore__nes__l1,1021,48,16,207,16,334
evaluation__1194__deblur__random_walk__random_walk__l1,1024,50,2,1023,2,1023
evaluation__1194__deblur__confidence_boost__nes__l1,1021,48,18,256,18,396
evaluation__1194__deblur__boundary_probe__nes__l1,1021,47,18,162,14,253
evaluation__1194__deblur__counterfactual__nes__l1,1021,47,10,220,7,324
evaluation__3216__denoise__attack__nes__l0.5,1021,49,5,537,4,667
evaluation__3216__denoise__restore__nes__l0.5,1021,49,18,424,18,540
evaluation__3216__denoise__random_walk__random_walk__l0.5,1024,49,2,1023,2,1023
evaluation__3216__denoise__confidence_boost__nes__l0.5,1021,49,5,702,5,795
evaluation__3216__denoise__boundary_probe__nes__l0.5,1021,49,8,549,5,676
evaluation__3216__denoise__counterfactual__nes__l0.5,1021,48,8,463,8,610
evaluation__3216__deblur__attack__nes__l1,1021,49,2,665,2,796
evaluation__3216__deblur__restore__nes__l1,1021,49,3,708,2,822
evaluation__3216__deblur__random_walk__random_walk__l1,1024,50,2,1023,2,1023
evaluation__3216__deblur__confidence_boost__nes__l1,1021,48,4,760,4,881
evaluation__3216__deblur__boundary_probe__nes__l1,1021,48,3,808,2,906
evaluation__3216__deblur__counterfactual__nes__l1,1021,48,2,703,2,804
evaluation__6327__denoise__attack__nes__l0.5,1021,48,3,627,3,769
evaluation__6327__denoise__restore__nes__l0.5,1021,48,5,455,5,601
evaluation__6327__denoise__random_walk__random_walk__l0.5,1024,49,2,1023,2,1023
evaluation__6327__denoise__confidence_boost__nes__l0.5,1021,49,5,363,3,490
evaluation__6327__denoise__boundary_probe__nes__l0.5,1021,49,8,624,8,761
evaluation__6327__denoise__counterfactual__nes__l0.5,1021,48,7,339,3,484
evaluation__6327__deblur__attack__nes__l1,1021,48,3,676,3,789
evaluation__6327__deblur__restore__nes__l1,1021,49,4,716,2,837
evaluation__6327__deblur__random_walk__random_walk__l1,1024,49,2,1023,2,1023
evaluation__6327__deblur__confidence_boost__nes__l1,1021,49,2,713,2,832
evaluation__6327__deblur__boundary_probe__nes__l1,1021,49,2,630,2,795
evaluation__6327__deblur__counterfactual__nes__l1,1021,49,2,751,2,856
evaluation__212__denoise__attack__nes__l0.5,1021,49,18,165,18,245
evaluation__212__denoise__restore__nes__l0.5,1021,48,18,160,3,236
evaluation__212__denoise__random_walk__random_walk__l0.5,1024,50,2,1023,2,1023
evaluation__212__denoise__confidence_boost__nes__l0.5,1021,48,18,101,9,143
evaluation__212__denoise__boundary_probe__nes__l0.5,1021,49,18,200,18,286
evaluation__212__denoise__counterfactual__nes__l0.5,1021,47,18,170,18,246
evaluation__212__deblur__attack__nes__l1,1021,48,18,102,18,131
evaluation__212__deblur__restore__nes__l1,1021,49,18,185,18,265
evaluation__212__deblur__random_walk__random_walk__l1,1024,49,2,1023,2,1023
evaluation__212__deblur__confidence_boost__nes__l1,1021,48,14,117,14,167
evaluation__212__deblur__boundary_probe__nes__l1,1021,48,18,268,18,345
evaluation__212__deblur__counterfactual__nes__l1,1021,48,18,136,18,195
evaluation__5222__denoise__attack__nes__l0.5,1021,48,14,436,11,582
evaluation__5222__denoise__restore__nes__l0.5,1021,49,5,355,4,490
evaluation__5222__denoise__random_walk__random_walk__l0.5,1024,49,2,1023,2,1023
evaluation__5222__denoise__confidence_boost__nes__l0.5,1021,47,12,454,11,579
evaluation__5222__denoise__boundary_probe__nes__l0.5,1021,48,5,332,4,464
evaluation__5222__denoise__counterfactual__nes__l0.5,1021,47,2,338,2,450
evaluation__5222__deblur__attack__nes__l1,1021,49,3,538,3,671
evaluation__5222__deblur__restore__nes__l1,1021,48,3,467,2,590
evaluation__5222__deblur__random_walk__random_walk__l1,1024,49,2,1023,2,1023
evaluation__5222__deblur__confidence_boost__nes__l1,1021,49,3,568,3,717
evaluation__5222__deblur__boundary_probe__nes__l1,1021,48,2,470,2,641
evaluation__5222__deblur__counterfactual__nes__l1,1021,48,3,298,3,424
evaluation__6528__denoise__attack__nes__l0.5,1021,49,7,537,7,667
evaluation__6528__denoise__restore__nes__l0.5,1021,48,11,402,11,567
evaluation__6528__denoise__random_walk__random_walk__l0.5,1024,49,2,1023,2,1023
evaluation__6528__denoise__confidence_boost__nes__l0.5,1021,49,5,622,5,746
evaluation__6528__denoise__boundary_probe__nes__l0.5,1021,48,2,597,2,744
evaluation__6528__denoise__counterfactual__nes__l0.5,1021,48,2,590,2,736
evaluation__6528__deblur__attack__nes__l1,1021,48,18,201,18,277
evaluation__6528__deblur__restore__nes__l1,1021,47,18,214,18,293
evaluation__6528__deblur__random_walk__random_walk__l1,1024,49,2,1023,2,1023
evaluation__6528__deblur__confidence_boost__nes__l1,1021,47,18,120,18,186
evaluation__6528__deblur__boundary_probe__nes__l1,1021,48,10,183,10,279
evaluation__6528__deblur__counterfactual__nes__l1,1021,49,18,178,18,261
evaluation__9540__denoise__attack__nes__l0.5,1021,49,2,510,2,677
evaluation__9540__denoise__restore__nes__l0.5,1021,49,10,689,10,831
evaluation__9540__denoise__random_walk__random_walk__l0.5,1024,49,2,1023,2,1023
evaluation__9540__denoise__confidence_boost__nes__l0.5,1021,50,2,669,2,808
evaluation__9540__denoise__boundary_probe__nes__l0.5,1021,49,5,414,2,550
evaluation__9540__denoise__counterfactual__nes__l0.5,1021,49,18,547,18,689
evaluation__9540__deblur__attack__nes__l1,1021,49,5,267,5,359
evaluation__9540__deblur__restore__nes__l1,1021,49,9,302,9,422
evaluation__9540__deblur__random_walk__random_walk__l1,1024,49,2,1023,2,1023
evaluation__9540__deblur__confidence_boost__nes__l1,1021,49,12,442,3,569
evaluation__9540__deblur__boundary_probe__nes__l1,1021,48,18,272,18,394
evaluation__9540__deblur__counterfactual__nes__l1,1021,48,12,396,4,521
evaluation__2478__denoise__attack__nes__l0.5,1021,50,11,471,10,624
evaluation__2478__denoise__restore__nes__l0.5,1021,50,4,264,4,382
evaluation__2478__denoise__random_walk__random_walk__l0.5,1024,49,2,1023,2,1023
evaluation__2478__denoise__confidence_boost__nes__l0.5,1021,48,17,219,16,330
evaluation__2478__denoise__boundary_probe__nes__l0.5,1021,47,3,261,3,392
evaluation__2478__denoise__counterfactual__nes__l0.5,1021,48,10,282,9,425
evaluation__2478__deblur__attack__nes__l1,1021,48,2,808,2,898
evaluation__2478__deblur__restore__nes__l1,1021,48,6,718,2,849
evaluation__2478__deblur__random_walk__random_walk__l1,1024,50,2,1023,2,1023
evaluation__2478__deblur__confidence_boost__nes__l1,1021,49,2,682,2,844
evaluation__2478__deblur__boundary_probe__nes__l1,1021,48,11,835,2,916
evaluation__2478__deblur__counterfactual__nes__l1,1021,49,2,690,2,817
evaluation__4793__denoise__attack__nes__l0.5,1021,48,8,540,8,669
evaluation__4793__denoise__restore__nes__l0.5,1021,49,2,396,2,564
evaluation__4793__denoise__random_walk__random_walk__l0.5,1024,49,2,1023,2,1023
evaluation__4793__denoise__confidence_boost__nes__l0.5,1021,49,4,678,4,802
evaluation__4793__denoise__boundary_probe__nes__l0.5,1021,48,6,424,6,585
evaluation__4793__denoise__counterfactual__nes__l0.5,1021,48,2,394,2,537
evaluation__4793__deblur__attack__nes__l1,1021,48,17,143,17,207
evaluation__4793__deblur__restore__nes__l1,1021,47,18,217,18,310
evaluation__4793__deblur__random_walk__random_walk__l1,1024,48,2,1023,2,1023
evaluation__4793__deblur__confidence_boost__nes__l1,1021,48,3,212,3,304
evaluation__4793__deblur__boundary_probe__nes__l1,1021,47,18,140,18,207
evaluation__4793__deblur__counterfactual__nes__l1,1021,48,15,208,15,315
evaluation__7299__denoise__attack__nes__l0.5,1021,48,4,390,4,547
evaluation__7299__denoise__restore__nes__l0.5,1021,49,5,404,2,529
evaluation__7299__denoise__random_walk__random_walk__l0.5,1024,50,2,1023,2,1023
evaluation__7299__denoise__confidence_boost__nes__l0.5,1021,48,2,388,2,525
evaluation__7299__denoise__boundary_probe__nes__l0.5,1021,48,2,315,2,428
evaluation__7299__denoise__counterfactual__nes__l0.5,1021,48,2,382,2,524
evaluation__7299__deblur__attack__nes__l1,1021,49,2,616,2,745
evaluation__7299__deblur__restore__nes__l1,1021,48,2,441,2,587
evaluation__7299__deblur__random_walk__random_walk__l1,1024,49,2,1023,2,1023
evaluation__7299__deblur__confidence_boost__nes__l1,1021,49,3,535,3,667
evaluation__7299__deblur__boundary_probe__nes__l1,1021,49,4,518,4,654
evaluation__7299__deblur__counterfactual__nes__l1,1021,47,8,467,3,593
evaluation__784__denoise__attack__nes__l0.5,1021,48,9,611,9,725
evaluation__784__denoise__restore__nes__l0.5,1021,49,5,536,5,674
evaluation__784__denoise__random_walk__random_walk__l0.5,1024,49,2,1023,2,1023
evaluation__784__denoise__confidence_boost__nes__l0.5,1021,48,5,438,3,609
evaluation__784__denoise__boundary_probe__nes__l0.5,1021,48,6,603,6,754
evaluation__784__denoise__counterfactual__nes__l0.5,1021,48,4,464,4,636
evaluation__784__deblur__attack__nes__l1,1021,49,7,407,3,551
evaluation__784__deblur__restore__nes__l1,1021,48,2,444,2,588
evaluation__784__deblur__random_walk__random_walk__l1,1024,49,2,1023,2,1023
evaluation__784__deblur__confidence_boost__nes__l1,1021,48,3,483,3,647
evaluation__784__deblur__boundary_probe__nes__l1,1021,49,3,432,3,575
evaluation__784__deblur__counterfactual__nes__l1,1021,48,7,482,7,645
evaluation__4905__denoise__attack__nes__l0.5,1021,48,8,381,5,531
evaluation__4905__denoise__restore__nes__l0.5,1021,49,18,236,11,337
evaluation__4905__denoise__random_walk__random_walk__l0.5,1024,49,2,1023,2,1023
evaluation__4905__denoise__confidence_boost__nes__l0.5,1021,49,3,562,3,685
evaluation__4905__denoise__boundary_probe__nes__l0.5,1021,48,2,312,2,445
evaluation__4905__denoise__counterfactual__nes__l0.5,1021,47,18,199,8,303
evaluation__4905__deblur__attack__nes__l1,1021,49,2,340,2,488
evaluation__4905__deblur__restore__nes__l1,1021,47,13,424,11,563
evaluation__4905__deblur__random_walk__random_walk__l1,1024,49,2,1023,2,1023
evaluation__4905__deblur__confidence_boost__nes__l1,1021,48,4,427,4,563
evaluation__4905__deblur__boundary_probe__nes__l1,1021,47,14,485,4,629
evaluation__4905__deblur__counterfactual__nes__l1,1021,48,6,361,2,499
evaluation__7293__denoise__attack__nes__l0.5,1021,47,18,159,18,214
evaluation__7293__denoise__restore__nes__l0.5,1021,49,18,91,16,120
evaluation__7293__denoise__random_walk__random_walk__l0.5,1024,48,2,1023,2,1023
evaluation__7293__denoise__confidence_boost__nes__l0.5,1021,47,3,120,3,182
evaluation__7293__denoise__boundary_probe__nes__l0.5,1021,48,18,135,10,193
evaluation__7293__denoise__counterfactual__nes__l0.5,1021,48,18,249,2,330
evaluation__7293__deblur__attack__nes__l1,1021,47,11,207,2,323
evaluation__7293__deblur__restore__nes__l1,1021,48,10,470,10,583
evaluation__7293__deblur__random_walk__random_walk__l1,1024,50,2,1023,2,1023
evaluation__7293__deblur__confidence_boost__nes__l1,1021,48,4,228,4,335
evaluation__7293__deblur__boundary_probe__nes__l1,1021,48,8,148,8,224
evaluation__7293__deblur__counterfactual__nes__l1,1021,47,3,268,3,375
evaluation__196__denoise__attack__nes__l0.5,1021,47,18,158,3,237
evaluation__196__denoise__restore__nes__l0.5,1021,47,18,161,18,242
evaluation__196__denoise__random_walk__random_walk__l0.5,1024,49,2,1023,2,1023
evaluation__196__denoise__confidence_boost__nes__l0.5,1021,48,15,132,15,181
evaluation__196__denoise__boundary_probe__nes__l0.5,1021,48,18,177,18,256
evaluation__196__denoise__counterfactual__nes__l0.5,1021,47,7,202,7,311
evaluation__196__deblur__attack__nes__l1,1021,47,5,143,5,220
evaluation__196__deblur__restore__nes__l1,1021,48,9,132,9,196
evaluation__196__deblur__random_walk__random_walk__l1,1024,49,2,1023,2,1023
evaluation__196__deblur__confidence_boost__nes__l1,1021,47,2,291,2,408
evaluation__196__deblur__boundary_probe__nes__l1,1021,47,5,220,5,319
evaluation__196__deblur__counterfactual__nes__l1,1021,47,9,149,6,227
evaluation__4006__denoise__attack__nes__l0.5,1021,48,2,305,2,455
evaluation__4006__denoise__restore__nes__l0.5,1021,48,4,204,2,296
evaluation__4006__denoise__random_walk__random_walk__l0.5,1024,49,2,1023,2,1023
evaluation__4006__denoise__confidence_boost__nes__l0.5,1021,47,10,260,4,387
evaluation__4006__denoise__boundary_probe__nes__l0.5,1021,47,12,237,5,357
evaluation__4006__denoise__counterfactual__nes__l0.5,1021,48,18,326,4,459
evaluation__4006__deblur__attack__nes__l1,1021,48,5,380,5,538
evaluation__4006__deblur__restore__nes__l1,1021,48,17,551,4,684
evaluation__4006__deblur__random_walk__random_walk__l1,1024,50,2,1023,2,1023
evaluation__4006__deblur__confidence_boost__nes__l1,1021,48,6,241,6,363
evaluation__4006__deblur__boundary_probe__nes__l1,1021,48,18,394,12,532
evaluation__4006__deblur__counterfactual__nes__l1,1021,49,10,535,3,677
evaluation__6321__denoise__attack__nes__l0.5,1021,48,2,750,2,858
evaluation__6321__denoise__restore__nes__l0.5,1021,49,2,612,2,759
evaluation__6321__denoise__random_walk__random_walk__l0.5,1024,49,2,1023,2,1023
evaluation__6321__denoise__confidence_boost__nes__l0.5,1021,48,4,693,4,808
evaluation__6321__denoise__boundary_probe__nes__l0.5,1021,49,2,837,2,913
evaluation__6321__denoise__counterfactual__nes__l0.5,1021,48,5,676,5,822
evaluation__6321__deblur__attack__nes__l1,1021,48,3,502,3,654
evaluation__6321__deblur__restore__nes__l1,1021,48,6,492,6,645
evaluation__6321__deblur__random_walk__random_walk__l1,1024,49,2,1023,2,1023
evaluation__6321__deblur__confidence_boost__nes__l1,1021,47,3,448,3,589
evaluation__6321__deblur__boundary_probe__nes__l1,1021,48,3,467,3,620
evaluation__6321__deblur__counterfactual__nes__l1,1021,48,14,448,3,593
evaluation__9476__denoise__attack__nes__l0.5,1021,49,7,287,2,402
evaluation__9476__denoise__restore__nes__l0.5,1021,48,7,233,7,345
evaluation__9476__denoise__random_walk__random_walk__l0.5,1024,50,2,1023,2,1023
evaluation__9476__denoise__confidence_boost__nes__l0.5,1021,49,6,461,6,622
evaluation__9476__denoise__boundary_probe__nes__l0.5,1021,48,18,370,7,503
evaluation__9476__denoise__counterfactual__nes__l0.5,1021,47,2,248,2,347
evaluation__9476__deblur__attack__nes__l1,1021,48,6,336,3,475
evaluation__9476__deblur__restore__nes__l1,1021,48,7,224,5,332
evaluation__9476__deblur__random_walk__random_walk__l1,1024,49,2,1023,2,1023
evaluation__9476__deblur__confidence_boost__nes__l1,1021,48,3,313,3,452
evaluation__9476__deblur__boundary_probe__nes__l1,1021,47,9,279,9,398
evaluation__9476__deblur__counterfactual__nes__l1,1021,48,12,319,12,466
evaluation__1344__denoise__attack__nes__l0.5,1021,49,4,449,4,578
evaluation__1344__denoise__restore__nes__l0.5,1021,48,10,564,4,717
evaluation__1344__denoise__random_walk__random_walk__l0.5,1024,49,2,1023,2,1023
evaluation__1344__denoise__confidence_boost__nes__l0.5,1021,49,6,441,4,592
evaluation__1344__denoise__boundary_probe__nes__l0.5,1021,48,4,623,4,750
evaluation__1344__denoise__counterfactual__nes__l0.5,1021,48,2,507,2,660
evaluation__1344__deblur__attack__nes__l1,1021,47,4,347,4,489
evaluation__1344__deblur__restore__nes__l1,1021,48,18,243,18,367
evaluation__1344__deblur__random_walk__random_walk__l1,1024,49,2,1023,2,1023
evaluation__1344__deblur__confidence_boost__nes__l1,1021,48,3,344,3,473
evaluation__1344__deblur__boundary_probe__nes__l1,1021,48,18,432,18,566
evaluation__1344__deblur__counterfactual__nes__l1,1021,47,9,411,9,526
evaluation__4218__denoise__attack__nes__l0.5,1021,47,3,194,2,285
evaluation__4218__denoise__restore__nes__l0.5,1021,48,12,241,12,356
evaluation__4218__denoise__random_walk__random_walk__l0.5,1024,49,2,1023,2,1023
evaluation__4218__denoise__confidence_boost__nes__l0.5,1021,49,6,191,6,304
evaluation__4218__denoise__boundary_probe__nes__l0.5,1021,47,8,186,8,264
evaluation__4218__denoise__counterfactual__nes__l0.5,1021,48,4,197,4,292
evaluation__4218__deblur__attack__nes__l1,1021,48,7,206,7,290
evaluation__4218__deblur__restore__nes__l1,1021,48,18,367,18,469
evaluation__4218__deblur__random_walk__random_walk__l1,1024,49,2,1023,2,1023
evaluation__4218__deblur__confidence_boost__nes__l1,1021,49,15,214,13,305
evaluation__4218__deblur__boundary_probe__nes__l1,1021,48,13,308,13,441
evaluation__4218__deblur__counterfactual__nes__l1,1021,47,15,213,15,305
evaluation__8453__denoise__attack__nes__l0.5,1021,48,11,632,4,756
evaluation__8453__denoise__restore__nes__l0.5,1021,50,3,539,3,695
evaluation__8453__denoise__random_walk__random_walk__l0.5,1024,50,2,1023,2,1023
evaluation__8453__denoise__confidence_boost__nes__l0.5,1021,48,6,622,5,784
evaluation__8453__denoise__boundary_probe__nes__l0.5,1021,48,5,486,5,649
evaluation__8453__denoise__counterfactual__nes__l0.5,1021,49,2,679,2,782
evaluation__8453__deblur__attack__nes__l1,1021,48,8,454,3,617
evaluation__8453__deblur__restore__nes__l1,1021,48,16,318,12,484
evaluation__8453__deblur__random_walk__random_walk__l1,1024,50,2,1023,2,1023
evaluation__8453__deblur__confidence_boost__nes__l1,1021,48,9,422,3,589
evaluation__8453__deblur__boundary_probe__nes__l1,1021,49,5,564,5,714
evaluation__8453__deblur__counterfactual__nes__l1,1021,48,18,333,18,473
fit__3825__denoise__attack__nes__l0.5,1021,47,2,480,2,618
fit__3825__denoise__restore__nes__l0.5,1021,48,6,487,5,654
fit__3825__denoise__random_walk__random_walk__l0.5,1024,50,2,1023,2,1023
fit__3825__denoise__confidence_boost__nes__l0.5,1021,49,6,529,2,691
fit__3825__denoise__boundary_probe__nes__l0.5,1021,49,6,622,4,773
fit__3825__denoise__counterfactual__nes__l0.5,1021,48,6,509,4,665
fit__3825__deblur__attack__nes__l1,1021,49,2,248,2,368
fit__3825__deblur__restore__nes__l1,1021,47,18,259,5,373
fit__3825__deblur__random_walk__random_walk__l1,1024,49,2,1023,2,1023
fit__3825__deblur__confidence_boost__nes__l1,1021,47,18,330,3,441
fit__3825__deblur__boundary_probe__nes__l1,1021,47,13,332,10,469
fit__3825__deblur__counterfactual__nes__l1,1021,47,7,184,5,261
fit__8925__denoise__attack__nes__l0.5,1021,49,2,601,2,760
fit__8925__denoise__restore__nes__l0.5,1021,47,8,704,6,820
fit__8925__denoise__random_walk__random_walk__l0.5,1024,49,2,1023,2,1023
fit__8925__denoise__confidence_boost__nes__l0.5,1021,48,8,837,8,917
fit__8925__denoise__boundary_probe__nes__l0.5,1021,49,7,758,2,867
fit__8925__denoise__counterfactual__nes__l0.5,1021,48,9,696,5,833
fit__8925__deblur__attack__nes__l1,1021,48,8,293,8,403
fit__8925__deblur__restore__nes__l1,1021,47,18,213,11,300
fit__8925__deblur__random_walk__random_walk__l1,1024,49,2,1023,2,1023
fit__8925__deblur__confidence_boost__nes__l1,1021,48,18,294,18,401
fit__8925__deblur__boundary_probe__nes__l1,1021,49,18,422,18,548
fit__8925__deblur__counterfactual__nes__l1,1021,48,18,386,18,504
fit__7063__denoise__attack__nes__l0.5,1021,48,4,534,4,684
fit__7063__denoise__restore__nes__l0.5,1021,49,7,504,7,671
fit__7063__denoise__random_walk__random_walk__l0.5,1024,50,2,1023,2,1023
fit__7063__denoise__confidence_boost__nes__l0.5,1021,48,11,425,11,570
fit__7063__denoise__boundary_probe__nes__l0.5,1021,47,2,385,2,523
fit__7063__denoise__counterfactual__nes__l0.5,1021,49,4,450,4,612
fit__7063__deblur__attack__nes__l1,1021,48,18,97,18,139
fit__7063__deblur__restore__nes__l1,1021,47,18,204,18,287
fit__7063__deblur__random_walk__random_walk__l1,1024,49,2,1023,2,1023
fit__7063__deblur__confidence_boost__nes__l1,1021,48,2,157,2,240
fit__7063__deblur__boundary_probe__nes__l1,1021,47,18,152,18,209
fit__7063__deblur__counterfactual__nes__l1,1021,49,18,174,18,261
fit__873__denoise__attack__nes__l0.5,1021,48,10,294,2,405
fit__873__denoise__restore__nes__l0.5,1021,47,17,277,12,395
fit__873__denoise__random_walk__random_walk__l0.5,1024,49,2,1023,2,1023
fit__873__denoise__confidence_boost__nes__l0.5,1021,47,7,251,6,379
fit__873__denoise__boundary_probe__nes__l0.5,1021,48,5,160,5,234
fit__873__denoise__counterfactual__nes__l0.5,1021,49,13,219,13,310
fit__873__deblur__attack__nes__l1,1021,48,18,227,9,339
fit__873__deblur__restore__nes__l1,1021,48,3,263,3,374
fit__873__deblur__random_walk__random_walk__l1,1024,50,2,1023,2,1023
fit__873__deblur__confidence_boost__nes__l1,1021,48,2,208,2,320
fit__873__deblur__boundary_probe__nes__l1,1021,48,18,150,18,230
fit__873__deblur__counterfactual__nes__l1,1021,47,18,296,18,421
fit__5712__denoise__attack__nes__l0.5,1021,49,11,737,11,848
fit__5712__denoise__restore__nes__l0.5,1021,49,3,735,3,857
fit__5712__denoise__random_walk__random_walk__l0.5,1024,50,2,1023,2,1023
fit__5712__denoise__confidence_boost__nes__l0.5,1021,49,6,726,2,847
fit__5712__denoise__boundary_probe__nes__l0.5,1021,48,3,605,3,752
fit__5712__denoise__counterfactual__nes__l0.5,1021,48,9,829,9,922
fit__5712__deblur__attack__nes__l1,1021,48,4,238,4,344
fit__5712__deblur__restore__nes__l1,1021,49,8,295,8,419
fit__5712__deblur__random_walk__random_walk__l1,1024,50,2,1023,2,1023
fit__5712__deblur__confidence_boost__nes__l1,1021,49,6,361,6,497
fit__5712__deblur__boundary_probe__nes__l1,1021,47,2,295,2,444
fit__5712__deblur__counterfactual__nes__l1,1021,49,8,434,2,575
fit__3714__denoise__attack__nes__l0.5,1021,48,2,493,2,634
fit__3714__denoise__restore__nes__l0.5,1021,48,7,312,7,430
fit__3714__denoise__random_walk__random_walk__l0.5,1024,50,2,1023,2,1023
fit__3714__denoise__confidence_boost__nes__l0.5,1021,49,4,575,4,697
fit__3714__denoise__boundary_probe__nes__l0.5,1021,49,3,644,2,776
fit__3714__denoise__counterfactual__nes__l0.5,1021,49,3,587,3,723
fit__3714__deblur__attack__nes__l1,1021,48,11,376,2,493
fit__3714__deblur__restore__nes__l1,1021,48,18,425,18,575
fit__3714__deblur__random_walk__random_walk__l1,1024,49,2,1023,2,1023
fit__3714__deblur__confidence_boost__nes__l1,1021,47,16,294,16,419
fit__3714__deblur__boundary_probe__nes__l1,1021,48,18,263,18,383
fit__3714__deblur__counterfactual__nes__l1,1021,47,18,242,11,347
fit__8526__denoise__attack__nes__l0.5,1021,46,18,183,18,274
fit__8526__denoise__restore__nes__l0.5,1021,48,18,332,18,457
fit__8526__denoise__random_walk__random_walk__l0.5,1024,49,2,1023,2,1023
fit__8526__denoise__confidence_boost__nes__l0.5,1021,47,18,256,10,382
fit__8526__denoise__boundary_probe__nes__l0.5,1021,48,18,209,5,314
fit__8526__denoise__counterfactual__nes__l0.5,1021,49,18,342,18,469
fit__8526__deblur__attack__nes__l1,1021,48,3,538,3,679
fit__8526__deblur__restore__nes__l1,1021,49,4,509,4,674
fit__8526__deblur__random_walk__random_walk__l1,1024,49,2,1023,2,1023
fit__8526__deblur__confidence_boost__nes__l1,1021,49,6,689,6,826
fit__8526__deblur__boundary_probe__nes__l1,1021,49,3,576,3,732
fit__8526__deblur__counterfactual__nes__l1,1021,48,4,793,4,885
fit__5379__denoise__attack__nes__l0.5,1021,47,4,365,4,497
fit__5379__denoise__restore__nes__l0.5,1021,50,18,216,18,327
fit__5379__denoise__random_walk__random_walk__l0.5,1024,49,2,1023,2,1023
fit__5379__denoise__confidence_boost__nes__l0.5,1021,48,8,395,8,508
fit__5379__denoise__boundary_probe__nes__l0.5,1021,48,7,355,7,499
fit__5379__denoise__counterfactual__nes__l0.5,1021,49,3,274,3,384
fit__5379__deblur__attack__nes__l1,1021,48,2,694,2,825
fit__5379__deblur__restore__nes__l1,1021,49,3,900,3,955
fit__5379__deblur__random_walk__random_walk__l1,1024,49,2,1023,2,1023
fit__5379__deblur__confidence_boost__nes__l1,1021,49,4,902,2,952
fit__5379__deblur__boundary_probe__nes__l1,1021,49,3,814,3,919
fit__5379__deblur__counterfactual__nes__l1,1021,48,4,850,4,936
fit__937__denoise__attack__nes__l0.5,1021,49,18,237,15,359
fit__937__denoise__restore__nes__l0.5,1021,47,18,230,13,352
fit__937__denoise__random_walk__random_walk__l0.5,1024,49,2,1023,2,1023
fit__937__denoise__confidence_boost__nes__l0.5,1021,49,4,178,2,280
fit__937__denoise__boundary_probe__nes__l0.5,1021,48,2,194,2,269
fit__937__denoise__counterfactual__nes__l0.5,1021,48,11,331,2,446
fit__937__deblur__attack__nes__l1,1021,49,3,559,3,695
fit__937__deblur__restore__nes__l1,1021,48,4,498,4,653
fit__937__deblur__random_walk__random_walk__l1,1024,49,2,1023,2,1023
fit__937__deblur__confidence_boost__nes__l1,1021,48,5,507,4,632
fit__937__deblur__boundary_probe__nes__l1,1021,47,2,391,2,540
fit__937__deblur__counterfactual__nes__l1,1021,49,4,549,4,704
fit__6397__denoise__attack__nes__l0.5,1021,47,10,220,3,325
fit__6397__denoise__restore__nes__l0.5,1021,48,2,291,2,385
fit__6397__denoise__random_walk__random_walk__l0.5,1024,50,2,1023,2,1023
fit__6397__denoise__confidence_boost__nes__l0.5,1021,48,18,478,2,624
fit__6397__denoise__boundary_probe__nes__l0.5,1021,48,2,312,2,432
fit__6397__denoise__counterfactual__nes__l0.5,1021,49,10,272,6,390
fit__6397__deblur__attack__nes__l1,1021,47,18,127,18,177
fit__6397__deblur__restore__nes__l1,1021,47,18,135,18,196
fit__6397__deblur__random_walk__random_walk__l1,1024,49,2,1023,2,1023
fit__6397__deblur__confidence_boost__nes__l1,1021,48,18,149,4,236
fit__6397__deblur__boundary_probe__nes__l1,1021,49,18,168,18,246
fit__6397__deblur__counterfactual__nes__l1,1021,48,18,197,16,290
fit__3918__denoise__attack__nes__l0.5,1021,49,2,918,2,974
fit__3918__denoise__restore__nes__l0.5,1021,49,2,997,2,1012
fit__3918__denoise__random_walk__random_walk__l0.5,1024,50,2,1023,2,1023
fit__3918__denoise__confidence_boost__nes__l0.5,1021,49,2,1013,2,1019
fit__3918__denoise__boundary_probe__nes__l0.5,1021,50,2,998,2,1013
fit__3918__denoise__counterfactual__nes__l0.5,1021,50,2,951,2,988
fit__3918__deblur__attack__nes__l1,1021,50,9,576,3,733
fit__3918__deblur__restore__nes__l1,1021,47,3,424,2,551
fit__3918__deblur__random_walk__random_walk__l1,1024,50,2,1023,2,1023
fit__3918__deblur__confidence_boost__nes__l1,1021,50,5,547,5,713
fit__3918__deblur__boundary_probe__nes__l1,1021,47,5,350,2,499
fit__3918__deblur__counterfactual__nes__l1,1021,48,3,459,3,628
fit__8807__denoise__attack__nes__l0.5,1021,48,4,383,4,534
fit__8807__denoise__restore__nes__l0.5,1021,48,4,600,4,733
fit__8807__denoise__random_walk__random_walk__l0.5,1024,49,2,1023,2,1023
fit__8807__denoise__confidence_boost__nes__l0.5,1021,48,3,502,2,670
fit__8807__denoise__boundary_probe__nes__l0.5,1021,47,15,531,4,666
fit__8807__denoise__counterfactual__nes__l0.5,1021,49,3,316,3,439
fit__8807__deblur__attack__nes__l1,1021,48,4,520,2,655
fit__8807__deblur__restore__nes__l1,1021,48,4,713,4,840
fit__8807__deblur__random_walk__random_walk__l1,1024,49,2,1023,2,1023
fit__8807__deblur__confidence_boost__nes__l1,1021,49,6,830,4,900
fit__8807__deblur__boundary_probe__nes__l1,1021,48,3,641,3,782
fit__8807__deblur__counterfactual__nes__l1,1021,48,2,636,2,777
fit__5637__denoise__attack__nes__l0.5,1021,48,6,397,3,564
fit__5637__denoise__restore__nes__l0.5,1021,49,13,484,9,637
fit__5637__denoise__random_walk__random_walk__l0.5,1024,50,2,1023,2,1023
fit__5637__denoise__confidence_boost__nes__l0.5,1021,48,10,351,5,497
fit__5637__denoise__boundary_probe__nes__l0.5,1021,48,9,365,3,496
fit__5637__denoise__counterfactual__nes__l0.5,1021,48,2,350,2,496
fit__5637__deblur__attack__nes__l1,1021,48,4,466,3,601
fit__5637__deblur__restore__nes__l1,1021,47,2,412,2,570
fit__5637__deblur__random_walk__random_walk__l1,1024,49,2,1023,2,1023
fit__5637__deblur__confidence_boost__nes__l1,1021,48,11,458,7,609
fit__5637__deblur__boundary_probe__nes__l1,1021,49,4,491,4,617
fit__5637__deblur__counterfactual__nes__l1,1021,48,2,455,2,623
fit__144__denoise__attack__nes__l0.5,1021,48,4,528,3,700
fit__144__denoise__restore__nes__l0.5,1021,48,2,439,2,584
fit__144__denoise__random_walk__random_walk__l0.5,1024,50,2,1023,2,1023
fit__144__denoise__confidence_boost__nes__l0.5,1021,47,8,546,2,717
fit__144__denoise__boundary_probe__nes__l0.5,1021,48,2,790,2,881
fit__144__denoise__counterfactual__nes__l0.5,1021,49,7,798,4,903
fit__144__deblur__attack__nes__l1,1021,49,5,730,5,850
fit__144__deblur__restore__nes__l1,1021,49,4,810,4,904
fit__144__deblur__random_walk__random_walk__l1,1024,49,2,1023,2,1023
fit__144__deblur__confidence_boost__nes__l1,1021,49,2,357,2,506
fit__144__deblur__boundary_probe__nes__l1,1021,48,3,637,3,770
fit__144__deblur__counterfactual__nes__l1,1021,49,2,620,2,748
fit__3763__denoise__attack__nes__l0.5,1021,48,14,306,3,447
fit__3763__denoise__restore__nes__l0.5,1021,47,6,234,6,345
fit__3763__denoise__random_walk__random_walk__l0.5,1024,50,2,1023,2,1023
fit__3763__denoise__confidence_boost__nes__l0.5,1021,49,8,228,8,341
fit__3763__denoise__boundary_probe__nes__l0.5,1021,49,18,325,8,476
fit__3763__denoise__counterfactual__nes__l0.5,1021,48,4,398,4,530
fit__3763__deblur__attack__nes__l1,1021,48,4,619,4,760
fit__3763__deblur__restore__nes__l1,1021,49,2,379,2,532
fit__3763__deblur__random_walk__random_walk__l1,1024,49,2,1023,2,1023
fit__3763__deblur__confidence_boost__nes__l1,1021,49,6,335,2,454
fit__3763__deblur__boundary_probe__nes__l1,1021,49,2,527,2,682
fit__3763__deblur__counterfactual__nes__l1,1021,49,4,577,4,706
fit__3307__denoise__attack__nes__l0.5,1021,49,2,431,2,576
fit__3307__denoise__restore__nes__l0.5,1021,48,2,754,2,866
fit__3307__denoise__random_walk__random_walk__l0.5,1024,49,2,1023,2,1023
fit__3307__denoise__confidence_boost__nes__l0.5,1021,48,9,429,9,594
fit__3307__denoise__boundary_probe__nes__l0.5,1021,48,8,679,3,822
fit__3307__denoise__counterfactual__nes__l0.5,1021,48,3,351,3,504
fit__3307__deblur__attack__nes__l1,1021,48,5,496,5,665
fit__3307__deblur__restore__nes__l1,1021,47,6,473,5,627
fit__3307__deblur__random_walk__random_walk__l1,1024,49,2,1023,2,1023
fit__3307__deblur__confidence_boost__nes__l1,1021,48,18,299,18,419
fit__3307__deblur__boundary_probe__nes__l1,1021,48,10,488,10,613
fit__3307__deblur__counterfactual__nes__l1,1021,49,14,397,13,534
fit__9122__denoise__attack__nes__l0.5,1021,47,4,382,4,521
fit__9122__denoise__restore__nes__l0.5,1021,49,6,488,6,622
fit__9122__denoise__random_walk__random_walk__l0.5,1024,49,2,1023,2,1023
fit__9122__denoise__confidence_boost__nes__l0.5,1021,49,2,551,2,682
fit__9122__denoise__boundary_probe__nes__l0.5,1021,48,2,542,2,694
fit__9122__denoise__counterfactual__nes__l0.5,1021,49,3,392,3,524
fit__9122__deblur__attack__nes__l1,1021,49,8,511,8,653
fit__9122__deblur__restore__nes__l1,1021,49,3,465,3,604
fit__9122__deblur__random_walk__random_walk__l1,1024,49,2,1023,2,1023
fit__9122__deblur__confidence_boost__nes__l1,1021,48,3,299,2,422
fit__9122__deblur__boundary_probe__nes__l1,1021,49,8,520,8,667
fit__9122__deblur__counterfactual__nes__l1,1021,49,15,414,15,554
calibration__3754__denoise__attack__nes__l0.5,1021,49,3,425,2,567
calibration__3754__denoise__restore__nes__l0.5,1021,49,2,327,2,475
calibration__3754__denoise__random_walk__random_walk__l0.5,1024,49,2,1023,2,1023
calibration__3754__denoise__confidence_boost__nes__l0.5,1021,48,2,378,2,511
calibration__3754__denoise__boundary_probe__nes__l0.5,1021,49,9,648,5,777
calibration__3754__denoise__counterfactual__nes__l0.5,1021,48,3,391,2,538
calibration__3754__deblur__attack__nes__l1,1021,47,18,318,18,457
calibration__3754__deblur__restore__nes__l1,1021,47,18,334,18,455
calibration__3754__deblur__random_walk__random_walk__l1,1024,49,2,1023,2,1023
calibration__3754__deblur__confidence_boost__nes__l1,1021,49,18,296,7,414
calibration__3754__deblur__boundary_probe__nes__l1,1021,48,14,214,4,320
calibration__3754__deblur__counterfactual__nes__l1,1021,48,9,325,9,466
calibration__7737__denoise__attack__nes__l0.5,1021,46,2,491,2,669
calibration__7737__denoise__restore__nes__l0.5,1021,49,5,620,2,787
calibration__7737__denoise__random_walk__random_walk__l0.5,1024,50,2,1023,2,1023
calibration__7737__denoise__confidence_boost__nes__l0.5,1021,49,8,662,2,789
calibration__7737__denoise__boundary_probe__nes__l0.5,1021,50,5,560,5,702
calibration__7737__denoise__counterfactual__nes__l0.5,1021,48,2,624,2,773
calibration__7737__deblur__attack__nes__l1,1021,46,18,94,18,139
calibration__7737__deblur__restore__nes__l1,1021,49,18,169,18,242
calibration__7737__deblur__random_walk__random_walk__l1,1024,49,2,1023,2,1023
calibration__7737__deblur__confidence_boost__nes__l1,1021,49,18,176,18,260
calibration__7737__deblur__boundary_probe__nes__l1,1021,48,18,118,18,195
calibration__7737__deblur__counterfactual__nes__l1,1021,48,18,106,18,150
calibration__5181__denoise__attack__nes__l0.5,1021,49,2,646,2,780
calibration__5181__denoise__restore__nes__l0.5,1021,49,4,469,4,631
calibration__5181__denoise__random_walk__random_walk__l0.5,1024,50,2,1023,2,1023
calibration__5181__denoise__confidence_boost__nes__l0.5,1021,49,13,574,4,734
calibration__5181__denoise__boundary_probe__nes__l0.5,1021,48,2,662,2,801
calibration__5181__denoise__counterfactual__nes__l0.5,1021,48,2,509,2,660
calibration__5181__deblur__attack__nes__l1,1021,48,6,118,3,178
calibration__5181__deblur__restore__nes__l1,1021,47,18,144,11,212
calibration__5181__deblur__random_walk__random_walk__l1,1024,49,2,1023,2,1023
calibration__5181__deblur__confidence_boost__nes__l1,1021,48,18,231,18,331
calibration__5181__deblur__boundary_probe__nes__l1,1021,46,16,205,4,295
calibration__5181__deblur__counterfactual__nes__l1,1021,47,2,168,2,269
calibration__2096__denoise__attack__nes__l0.5,1021,49,8,443,2,595
calibration__2096__denoise__restore__nes__l0.5,1021,48,2,405,2,571
calibration__2096__denoise__random_walk__random_walk__l0.5,1024,49,2,1023,2,1023
calibration__2096__denoise__confidence_boost__nes__l0.5,1021,48,15,469,15,615
calibration__2096__denoise__boundary_probe__nes__l0.5,1021,49,3,530,3,703
calibration__2096__denoise__counterfactual__nes__l0.5,1021,48,4,487,4,655
calibration__2096__deblur__attack__nes__l1,1021,48,3,233,3,326
calibration__2096__deblur__restore__nes__l1,1021,49,5,361,5,478
calibration__2096__deblur__random_walk__random_walk__l1,1024,50,2,1023,2,1023
calibration__2096__deblur__confidence_boost__nes__l1,1021,49,6,405,4,530
calibration__2096__deblur__boundary_probe__nes__l1,1021,47,5,244,4,373
calibration__2096__deblur__counterfactual__nes__l1,1021,48,11,306,3,429
calibration__6475__denoise__attack__nes__l0.5,1021,48,5,547,4,710
calibration__6475__denoise__restore__nes__l0.5,1021,48,5,758,4,866
calibration__6475__denoise__random_walk__random_walk__l0.5,1024,49,2,1023,2,1023
calibration__6475__denoise__confidence_boost__nes__l0.5,1021,48,4,591,4,733
calibration__6475__denoise__boundary_probe__nes__l0.5,1021,48,4,678,4,825
calibration__6475__denoise__counterfactual__nes__l0.5,1021,49,2,608,2,737
calibration__6475__deblur__attack__nes__l1,1021,49,6,417,6,556
calibration__6475__deblur__restore__nes__l1,1021,49,12,705,2,807
calibration__6475__deblur__random_walk__random_walk__l1,1024,49,2,1023,2,1023
calibration__6475__deblur__confidence_boost__nes__l1,1021,48,2,472,2,606
calibration__6475__deblur__boundary_probe__nes__l1,1021,49,4,602,3,725
calibration__6475__deblur__counterfactual__nes__l1,1021,48,3,662,2,780
calibration__3654__denoise__attack__nes__l0.5,1021,48,18,151,18,228
calibration__3654__denoise__restore__nes__l0.5,1021,47,12,173,12,255
calibration__3654__denoise__random_walk__random_walk__l0.5,1024,50,2,1023,2,1023
calibration__3654__denoise__confidence_boost__nes__l0.5,1021,48,7,156,3,237
calibration__3654__denoise__boundary_probe__nes__l0.5,1021,47,16,158,16,235
calibration__3654__denoise__counterfactual__nes__l0.5,1021,47,2,91,2,129
calibration__3654__deblur__attack__nes__l1,1021,48,8,443,8,592
calibration__3654__deblur__restore__nes__l1,1021,48,14,390,5,522
calibration__3654__deblur__random_walk__random_walk__l1,1024,50,2,1023,2,1023
calibration__3654__deblur__confidence_boost__nes__l1,1021,48,18,408,10,538
calibration__3654__deblur__boundary_probe__nes__l1,1021,48,3,329,3,467
calibration__3654__deblur__counterfactual__nes__l1,1021,47,6,342,6,463
calibration__9201__denoise__attack__nes__l0.5,1021,48,18,532,9,682
calibration__9201__denoise__restore__nes__l0.5,1021,48,5,317,2,436
calibration__9201__denoise__random_walk__random_walk__l0.5,1024,50,2,1023,2,1023
calibration__9201__denoise__confidence_boost__nes__l0.5,1021,49,3,766,3,856
calibration__9201__denoise__boundary_probe__nes__l0.5,1021,49,2,561,2,713
calibration__9201__denoise__counterfactual__nes__l0.5,1021,48,2,432,2,571
calibration__9201__deblur__attack__nes__l1,1021,47,4,362,4,486
calibration__9201__deblur__restore__nes__l1,1021,49,3,337,3,471
calibration__9201__deblur__random_walk__random_walk__l1,1024,50,2,1023,2,1023
calibration__9201__deblur__confidence_boost__nes__l1,1021,49,2,494,2,626
calibration__9201__deblur__boundary_probe__nes__l1,1021,48,3,498,2,644
calibration__9201__deblur__counterfactual__nes__l1,1021,48,4,237,4,352
calibration__5942__denoise__attack__nes__l0.5,1021,47,2,404,2,552
calibration__5942__denoise__restore__nes__l0.5,1021,49,7,430,7,548
calibration__5942__denoise__random_walk__random_walk__l0.5,1024,49,2,1023,2,1023
calibration__5942__denoise__confidence_boost__nes__l0.5,1021,48,3,336,3,484
calibration__5942__denoise__boundary_probe__nes__l0.5,1021,47,12,261,7,389
calibration__5942__denoise__counterfactual__nes__l0.5,1021,47,8,232,8,344
calibration__5942__deblur__attack__nes__l1,1021,49,5,546,5,667
calibration__5942__deblur__restore__nes__l1,1021,48,18,598,9,752
calibration__5942__deblur__random_walk__random_walk__l1,1024,49,2,1023,2,1023
calibration__5942__deblur__confidence_boost__nes__l1,1021,49,5,529,4,671
calibration__5942__deblur__boundary_probe__nes__l1,1021,48,6,351,6,500
calibration__5942__deblur__counterfactual__nes__l1,1021,49,2,490,2,614
calibration__1498__denoise__attack__nes__l0.5,1021,48,18,264,10,375
calibration__1498__denoise__restore__nes__l0.5,1021,48,3,260,3,366
calibration__1498__denoise__random_walk__random_walk__l0.5,1024,49,2,1023,2,1023
calibration__1498__denoise__confidence_boost__nes__l0.5,1021,48,4,234,4,346
calibration__1498__denoise__boundary_probe__nes__l0.5,1021,48,7,244,2,337
calibration__1498__denoise__counterfactual__nes__l0.5,1021,48,13,214,5,321
calibration__1498__deblur__attack__nes__l1,1021,49,2,643,2,785
calibration__1498__deblur__restore__nes__l1,1021,49,3,499,3,643
calibration__1498__deblur__random_walk__random_walk__l1,1024,49,2,1023,2,1023
calibration__1498__deblur__confidence_boost__nes__l1,1021,48,3,507,3,652
calibration__1498__deblur__boundary_probe__nes__l1,1021,49,2,773,2,854
calibration__1498__deblur__counterfactual__nes__l1,1021,48,2,655,2,789
calibration__6733__denoise__attack__nes__l0.5,1021,48,2,609,2,753
calibration__6733__denoise__restore__nes__l0.5,1021,48,6,326,6,464
calibration__6733__denoise__random_walk__random_walk__l0.5,1024,49,2,1023,2,1023
calibration__6733__denoise__confidence_boost__nes__l0.5,1021,48,5,291,4,424
calibration__6733__denoise__boundary_probe__nes__l0.5,1021,49,3,658,3,790
calibration__6733__denoise__counterfactual__nes__l0.5,1021,48,3,555,3,713
calibration__6733__deblur__attack__nes__l1,1021,48,18,172,11,252
calibration__6733__deblur__restore__nes__l1,1021,48,18,269,18,376
calibration__6733__deblur__random_walk__random_walk__l1,1024,49,2,1023,2,1023
calibration__6733__deblur__confidence_boost__nes__l1,1021,47,9,176,9,273
calibration__6733__deblur__boundary_probe__nes__l1,1021,47,18,330,3,451
calibration__6733__deblur__counterfactual__nes__l1,1021,48,13,385,13,542
calibration__2013__denoise__attack__nes__l0.5,1021,48,11,327,4,458
calibration__2013__denoise__restore__nes__l0.5,1021,49,7,258,7,373
calibration__2013__denoise__random_walk__random_walk__l0.5,1024,49,2,1023,2,1023
calibration__2013__denoise__confidence_boost__nes__l0.5,1021,49,9,457,9,610
calibration__2013__denoise__boundary_probe__nes__l0.5,1021,48,13,396,13,523
calibration__2013__denoise__counterfactual__nes__l0.5,1021,48,10,515,10,660
calibration__2013__deblur__attack__nes__l1,1021,49,2,787,2,881
calibration__2013__deblur__restore__nes__l1,1021,49,2,806,2,895
calibration__2013__deblur__random_walk__random_walk__l1,1024,49,2,1023,2,1023
calibration__2013__deblur__confidence_boost__nes__l1,1021,49,2,727,2,854
calibration__2013__deblur__boundary_probe__nes__l1,1021,48,3,894,3,949
calibration__2013__deblur__counterfactual__nes__l1,1021,48,2,768,2,873
calibration__9501__denoise__attack__nes__l0.5,1021,49,4,335,2,469
calibration__9501__denoise__restore__nes__l0.5,1021,48,4,537,2,696
calibration__9501__denoise__random_walk__random_walk__l0.5,1024,49,2,1023,2,1023
calibration__9501__denoise__confidence_boost__nes__l0.5,1021,49,10,491,6,640
calibration__9501__denoise__boundary_probe__nes__l0.5,1021,47,3,318,3,477
calibration__9501__denoise__counterfactual__nes__l0.5,1021,48,4,544,3,732
calibration__9501__deblur__attack__nes__l1,1021,49,10,504,10,628
calibration__9501__deblur__restore__nes__l1,1021,49,6,265,6,373
calibration__9501__deblur__random_walk__random_walk__l1,1024,49,2,1023,2,1023
calibration__9501__deblur__confidence_boost__nes__l1,1021,49,2,466,2,583
calibration__9501__deblur__boundary_probe__nes__l1,1021,49,15,260,15,384
calibration__9501__deblur__counterfactual__nes__l1,1021,47,13,328,2,451
calibration__4039__denoise__attack__nes__l0.5,1021,49,4,715,3,853
calibration__4039__denoise__restore__nes__l0.5,1021,48,2,828,2,910
calibration__4039__denoise__random_walk__random_walk__l0.5,1024,50,2,1023,2,1023
calibration__4039__denoise__confidence_boost__nes__l0.5,1021,48,6,504,2,627
calibration__4039__denoise__boundary_probe__nes__l0.5,1021,49,3,778,3,872
calibration__4039__denoise__counterfactual__nes__l0.5,1021,48,6,764,3,887
calibration__4039__deblur__attack__nes__l1,1021,48,13,161,7,223
calibration__4039__deblur__restore__nes__l1,1021,48,18,316,15,449
calibration__4039__deblur__random_walk__random_walk__l1,1024,49,2,1023,2,1023
calibration__4039__deblur__confidence_boost__nes__l1,1021,48,4,175,4,277
calibration__4039__deblur__boundary_probe__nes__l1,1021,47,12,259,11,397
calibration__4039__deblur__counterfactual__nes__l1,1021,49,18,392,18,524
calibration__1430__denoise__attack__nes__l0.5,1021,48,7,450,5,582
calibration__1430__denoise__restore__nes__l0.5,1021,49,14,507,13,641
calibration__1430__denoise__random_walk__random_walk__l0.5,1024,49,2,1023,2,1023
calibration__1430__denoise__confidence_boost__nes__l0.5,1021,48,3,401,3,528
calibration__1430__denoise__boundary_probe__nes__l0.5,1021,48,7,470,7,619
calibration__1430__denoise__counterfactual__nes__l0.5,1021,49,4,409,3,566
calibration__1430__deblur__attack__nes__l1,1021,48,2,599,2,727
calibration__1430__deblur__restore__nes__l1,1021,49,2,496,2,654
calibration__1430__deblur__random_walk__random_walk__l1,1024,49,2,1023,2,1023
calibration__1430__deblur__confidence_boost__nes__l1,1021,49,2,542,2,689
calibration__1430__deblur__boundary_probe__nes__l1,1021,50,9,660,3,785
calibration__1430__deblur__counterfactual__nes__l1,1021,48,5,612,4,759
calibration__7833__denoise__attack__nes__l0.5,1021,49,2,760,2,868
calibration__7833__denoise__restore__nes__l0.5,1021,49,5,620,5,787
calibration__7833__denoise__random_walk__random_walk__l0.5,1024,49,2,1023,2,1023
calibration__7833__denoise__confidence_boost__nes__l0.5,1021,48,2,513,2,674
calibration__7833__denoise__boundary_probe__nes__l0.5,1021,48,3,623,3,777
calibration__7833__denoise__counterfactual__nes__l0.5,1021,49,4,810,4,911
calibration__7833__deblur__attack__nes__l1,1021,47,11,148,11,212
calibration__7833__deblur__restore__nes__l1,1021,47,7,166,7,240
calibration__7833__deblur__random_walk__random_walk__l1,1024,50,2,1023,2,1023
calibration__7833__deblur__confidence_boost__nes__l1,1021,48,18,195,18,283
calibration__7833__deblur__boundary_probe__nes__l1,1021,48,18,177,18,274
calibration__7833__deblur__counterfactual__nes__l1,1021,48,18,182,13,256
calibration__2946__denoise__attack__nes__l0.5,1021,48,2,631,2,757
calibration__2946__denoise__restore__nes__l0.5,1021,49,2,745,2,855
calibration__2946__denoise__random_walk__random_walk__l0.5,1024,49,2,1023,2,1023
calibration__2946__denoise__confidence_boost__nes__l0.5,1021,48,2,683,2,805
calibration__2946__denoise__boundary_probe__nes__l0.5,1021,49,4,739,4,874
calibration__2946__denoise__counterfactual__nes__l0.5,1021,47,2,662,2,792
calibration__2946__deblur__attack__nes__l1,1021,47,5,195,5,296
calibration__2946__deblur__restore__nes__l1,1021,49,18,319,9,441
calibration__2946__deblur__random_walk__random_walk__l1,1024,49,2,1023,2,1023
calibration__2946__deblur__confidence_boost__nes__l1,1021,47,16,369,4,481
calibration__2946__deblur__boundary_probe__nes__l1,1021,48,11,217,11,304
calibration__2946__deblur__counterfactual__nes__l1,1021,49,2,292,2,396
calibration__9159__denoise__attack__nes__l0.5,1021,48,5,547,4,707
calibration__9159__denoise__restore__nes__l0.5,1021,48,3,520,3,689
calibration__9159__denoise__random_walk__random_walk__l0.5,1024,50,2,1023,2,1023
calibration__9159__denoise__confidence_boost__nes__l0.5,1021,48,5,563,5,711
calibration__9159__denoise__boundary_probe__nes__l0.5,1021,48,18,542,9,717
calibration__9159__denoise__counterfactual__nes__l0.5,1021,48,3,520,3,674
calibration__9159__deblur__attack__nes__l1,1021,49,4,180,4,287
calibration__9159__deblur__restore__nes__l1,1021,49,8,355,8,479
calibration__9159__deblur__random_walk__random_walk__l1,1024,49,2,1023,2,1023
calibration__9159__deblur__confidence_boost__nes__l1,1021,49,5,251,3,369
calibration__9159__deblur__boundary_probe__nes__l1,1021,48,13,140,8,240
calibration__9159__deblur__counterfactual__nes__l1,1021,47,18,203,6,315
evaluation__2913__denoise__attack__nes__l0.5,1021,48,14,368,5,513
evaluation__2913__denoise__restore__nes__l0.5,1021,48,17,273,17,396
evaluation__2913__denoise__random_walk__random_walk__l0.5,1024,50,2,1023,2,1023
evaluation__2913__denoise__confidence_boost__nes__l0.5,1021,48,3,300,3,437
evaluation__2913__denoise__boundary_probe__nes__l0.5,1021,49,18,390,5,547
evaluation__2913__denoise__counterfactual__nes__l0.5,1021,49,3,272,3,393
evaluation__2913__deblur__attack__nes__l1,1021,48,4,642,2,805
evaluation__2913__deblur__restore__nes__l1,1021,48,2,805,2,900
evaluation__2913__deblur__random_walk__random_walk__l1,1024,50,2,1023,2,1023
evaluation__2913__deblur__confidence_boost__nes__l1,1021,47,3,603,3,753
evaluation__2913__deblur__boundary_probe__nes__l1,1021,49,2,647,2,786
evaluation__2913__deblur__counterfactual__nes__l1,1021,48,4,669,2,827
evaluation__5173__denoise__attack__nes__l0.5,1021,48,18,325,16,481
evaluation__5173__denoise__restore__nes__l0.5,1021,48,7,198,5,284
evaluation__5173__denoise__random_walk__random_walk__l0.5,1024,49,2,1023,2,1023
evaluation__5173__denoise__confidence_boost__nes__l0.5,1021,47,5,279,5,415
evaluation__5173__denoise__boundary_probe__nes__l0.5,1021,48,10,247,10,368
evaluation__5173__denoise__counterfactual__nes__l0.5,1021,47,16,203,11,303
evaluation__5173__deblur__attack__nes__l1,1021,49,8,410,8,537
evaluation__5173__deblur__restore__nes__l1,1021,48,7,460,7,594
evaluation__5173__deblur__random_walk__random_walk__l1,1024,49,2,1023,2,1023
evaluation__5173__deblur__confidence_boost__nes__l1,1021,47,18,366,8,484
evaluation__5173__deblur__boundary_probe__nes__l1,1021,49,16,353,6,492
evaluation__5173__deblur__counterfactual__nes__l1,1021,50,18,320,18,457
evaluation__9052__denoise__attack__nes__l0.5,1021,49,3,799,2,901
evaluation__9052__denoise__restore__nes__l0.5,1021,49,2,798,2,901
evaluation__9052__denoise__random_walk__random_walk__l0.5,1024,49,2,1023,2,1023
evaluation__9052__denoise__confidence_boost__nes__l0.5,1021,49,2,846,2,944
evaluation__9052__denoise__boundary_probe__nes__l0.5,1021,49,3,937,2,986
evaluation__9052__denoise__counterfactual__nes__l0.5,1021,48,2,838,2,940
evaluation__9052__deblur__attack__nes__l1,1021,47,6,562,6,731
evaluation__9052__deblur__restore__nes__l1,1021,47,4,433,4,623
evaluation__9052__deblur__random_walk__random_walk__l1,1024,49,2,1023,2,1023
evaluation__9052__deblur__confidence_boost__nes__l1,1021,47,3,656,3,805
evaluation__9052__deblur__boundary_probe__nes__l1,1021,47,4,382,4,521
evaluation__9052__deblur__counterfactual__nes__l1,1021,45,9,305,4,467
evaluation__2031__denoise__attack__nes__l0.5,1021,49,4,418,4,539
evaluation__2031__denoise__restore__nes__l0.5,1021,48,8,377,6,504
evaluation__2031__denoise__random_walk__random_walk__l0.5,1024,49,2,1023,2,1023
evaluation__2031__denoise__confidence_boost__nes__l0.5,1021,48,6,447,4,594
evaluation__2031__denoise__boundary_probe__nes__l0.5,1021,48,3,303,3,429
evaluation__2031__denoise__counterfactual__nes__l0.5,1021,49,2,396,2,511
evaluation__2031__deblur__attack__nes__l1,1021,48,18,315,2,421
evaluation__2031__deblur__restore__nes__l1,1021,49,3,221,3,326
evaluation__2031__deblur__random_walk__random_walk__l1,1024,49,2,1023,2,1023
evaluation__2031__deblur__confidence_boost__nes__l1,1021,48,8,188,7,271
evaluation__2031__deblur__boundary_probe__nes__l1,1021,48,6,190,6,280
evaluation__2031__deblur__counterfactual__nes__l1,1021,49,6,277,3,384
evaluation__4015__denoise__attack__nes__l0.5,1021,47,5,223,5,339
evaluation__4015__denoise__restore__nes__l0.5,1021,47,11,178,11,265
evaluation__4015__denoise__random_walk__random_walk__l0.5,1024,49,2,1023,2,1023
evaluation__4015__denoise__confidence_boost__nes__l0.5,1021,47,18,189,18,281
evaluation__4015__denoise__boundary_probe__nes__l0.5,1021,49,18,311,8,453
evaluation__4015__denoise__counterfactual__nes__l0.5,1021,47,11,295,11,430
evaluation__4015__deblur__attack__nes__l1,1021,48,3,262,3,366
evaluation__4015__deblur__restore__nes__l1,1021,49,12,380,12,508
evaluation__4015__deblur__random_walk__random_walk__l1,1024,49,2,1023,2,1023
evaluation__4015__deblur__confidence_boost__nes__l1,1021,48,4,445,4,586
evaluation__4015__deblur__boundary_probe__nes__l1,1021,48,18,198,10,317
evaluation__4015__deblur__counterfactual__nes__l1,1021,49,2,407,2,534
evaluation__8584__denoise__attack__nes__l0.5,1021,47,18,187,18,277
evaluation__8584__denoise__restore__nes__l0.5,1021,47,18,215,11,328
evaluation__8584__denoise__random_walk__random_walk__l0.5,1024,50,2,1023,2,1023
evaluation__8584__denoise__confidence_boost__nes__l0.5,1021,46,5,330,5,487
evaluation__8584__denoise__boundary_probe__nes__l0.5,1021,48,11,239,11,364
evaluation__8584__denoise__counterfactual__nes__l0.5,1021,48,6,283,6,388
evaluation__8584__deblur__attack__nes__l1,1021,48,3,655,3,787
evaluation__8584__deblur__restore__nes__l1,1021,49,2,550,2,695
evaluation__8584__deblur__random_walk__random_walk__l1,1024,50,2,1023,2,1023
evaluation__8584__deblur__confidence_boost__nes__l1,1021,48,6,738,6,842
evaluation__8584__deblur__boundary_probe__nes__l1,1021,48,3,658,2,787
evaluation__8584__deblur__counterfactual__nes__l1,1021,48,2,602,2,758
evaluation__740__denoise__attack__nes__l0.5,1021,47,13,224,13,317
evaluation__740__denoise__restore__nes__l0.5,1021,48,18,295,2,428
evaluation__740__denoise__random_walk__random_walk__l0.5,1024,49,2,1023,2,1023
evaluation__740__denoise__confidence_boost__nes__l0.5,1021,48,4,176,4,274
evaluation__740__denoise__boundary_probe__nes__l0.5,1021,50,8,372,8,500
evaluation__740__denoise__counterfactual__nes__l0.5,1021,48,18,146,6,224
evaluation__740__deblur__attack__nes__l1,1021,48,18,309,17,426
evaluation__740__deblur__restore__nes__l1,1021,49,18,453,18,582
evaluation__740__deblur__random_walk__random_walk__l1,1024,49,2,1023,2,1023
evaluation__740__deblur__confidence_boost__nes__l1,1021,48,7,347,7,475
evaluation__740__deblur__boundary_probe__nes__l1,1021,48,8,458,8,580
evaluation__740__deblur__counterfactual__nes__l1,1021,49,18,350,18,471
evaluation__3960__denoise__attack__nes__l0.5,1021,48,11,380,7,517
evaluation__3960__denoise__restore__nes__l0.5,1021,47,18,412,18,533
evaluation__3960__denoise__random_walk__random_walk__l0.5,1024,49,2,1023,2,1023
evaluation__3960__denoise__confidence_boost__nes__l0.5,1021,47,2,245,2,388
evaluation__3960__denoise__boundary_probe__nes__l0.5,1021,48,9,251,9,380
evaluation__3960__denoise__counterfactual__nes__l0.5,1021,48,18,328,18,455
evaluation__3960__deblur__attack__nes__l1,1021,47,18,342,9,501
evaluation__3960__deblur__restore__nes__l1,1021,48,9,335,9,466
evaluation__3960__deblur__random_walk__random_walk__l1,1024,49,2,1023,2,1023
evaluation__3960__deblur__confidence_boost__nes__l1,1021,48,4,285,4,409
evaluation__3960__deblur__boundary_probe__nes__l1,1021,48,12,245,3,366
evaluation__3960__deblur__counterfactual__nes__l1,1021,47,10,218,10,315
evaluation__5771__denoise__attack__nes__l0.5,1021,48,4,489,2,637
evaluation__5771__denoise__restore__nes__l0.5,1021,48,11,516,6,661
evaluation__5771__denoise__random_walk__random_walk__l0.5,1024,49,2,1023,2,1023
evaluation__5771__denoise__confidence_boost__nes__l0.5,1021,48,8,364,8,513
evaluation__5771__denoise__boundary_probe__nes__l0.5,1021,49,18,478,7,620
evaluation__5771__denoise__counterfactual__nes__l0.5,1021,49,4,460,2,612
evaluation__5771__deblur__attack__nes__l1,1021,48,16,586,5,707
evaluation__5771__deblur__restore__nes__l1,1021,48,6,539,2,697
evaluation__5771__deblur__random_walk__random_walk__l1,1024,49,2,1023,2,1023
evaluation__5771__deblur__confidence_boost__nes__l1,1021,48,3,318,3,462
evaluation__5771__deblur__boundary_probe__nes__l1,1021,49,2,452,2,584
evaluation__5771__deblur__counterfactual__nes__l1,1021,49,2,601,2,733
evaluation__9681__denoise__attack__nes__l0.5,1021,49,7,323,4,483
evaluation__9681__denoise__restore__nes__l0.5,1021,48,13,576,5,715
evaluation__9681__denoise__random_walk__random_walk__l0.5,1024,49,2,1023,2,1023
evaluation__9681__denoise__confidence_boost__nes__l0.5,1021,49,13,353,7,512
evaluation__9681__denoise__boundary_probe__nes__l0.5,1021,49,13,437,13,609
evaluation__9681__denoise__counterfactual__nes__l0.5,1021,49,4,447,4,577
evaluation__9681__deblur__attack__nes__l1,1021,48,9,396,9,520
evaluation__9681__deblur__restore__nes__l1,1021,48,17,310,17,435
evaluation__9681__deblur__random_walk__random_walk__l1,1024,49,2,1023,2,1023
evaluation__9681__deblur__confidence_boost__nes__l1,1021,47,3,244,3,353
evaluation__9681__deblur__boundary_probe__nes__l1,1021,47,10,314,3,436
evaluation__9681__deblur__counterfactual__nes__l1,1021,48,4,216,4,321
evaluation__2529__denoise__attack__nes__l0.5,1021,49,5,567,5,732
evaluation__2529__denoise__restore__nes__l0.5,1021,48,2,563,2,710
evaluation__2529__denoise__random_walk__random_walk__l0.5,1024,49,2,1023,2,1023
evaluation__2529__denoise__confidence_boost__nes__l0.5,1021,48,2,587,2,738
evaluation__2529__denoise__boundary_probe__nes__l0.5,1021,49,2,550,2,710
evaluation__2529__denoise__counterfactual__nes__l0.5,1021,49,4,772,3,874
evaluation__2529__deblur__attack__nes__l1,1021,49,6,194,6,286
evaluation__2529__deblur__restore__nes__l1,1021,49,5,235,5,321
evaluation__2529__deblur__random_walk__random_walk__l1,1024,50,2,1023,2,1023
evaluation__2529__deblur__confidence_boost__nes__l1,1021,48,9,348,9,487
evaluation__2529__deblur__boundary_probe__nes__l1,1021,47,8,209,8,297
evaluation__2529__deblur__counterfactual__nes__l1,1021,48,18,256,17,353
evaluation__4407__denoise__attack__nes__l0.5,1021,48,2,834,2,912
evaluation__4407__denoise__restore__nes__l0.5,1021,49,2,622,2,784
evaluation__4407__denoise__random_walk__random_walk__l0.5,1024,50,2,1023,2,1023
evaluation__4407__denoise__confidence_boost__nes__l0.5,1021,49,2,844,2,946
evaluation__4407__denoise__boundary_probe__nes__l0.5,1021,49,2,792,2,887
evaluation__4407__denoise__counterfactual__nes__l0.5,1021,49,4,787,4,895
evaluation__4407__deblur__attack__nes__l1,1021,49,18,356,16,493
evaluation__4407__deblur__restore__nes__l1,1021,48,8,299,8,431
evaluation__4407__deblur__random_walk__random_walk__l1,1024,49,2,1023,2,1023
evaluation__4407__deblur__confidence_boost__nes__l1,1021,47,12,175,5,269
evaluation__4407__deblur__boundary_probe__nes__l1,1021,48,15,227,15,333
evaluation__4407__deblur__counterfactual__nes__l1,1021,47,8,334,8,457
evaluation__6138__denoise__attack__nes__l0.5,1021,48,2,619,2,739
evaluation__6138__denoise__restore__nes__l0.5,1021,49,3,693,3,818
evaluation__6138__denoise__random_walk__random_walk__l0.5,1024,50,2,1023,2,1023
evaluation__6138__denoise__confidence_boost__nes__l0.5,1021,50,3,769,3,879
evaluation__6138__denoise__boundary_probe__nes__l0.5,1021,49,2,668,2,784
evaluation__6138__denoise__counterfactual__nes__l0.5,1021,48,3,789,3,881
evaluation__6138__deblur__attack__nes__l1,1021,48,18,570,15,696
evaluation__6138__deblur__restore__nes__l1,1021,48,11,490,3,643
evaluation__6138__deblur__random_walk__random_walk__l1,1024,49,2,1023,2,1023
evaluation__6138__deblur__confidence_boost__nes__l1,1021,48,7,478,3,634
evaluation__6138__deblur__boundary_probe__nes__l1,1021,48,9,302,9,442
evaluation__6138__deblur__counterfactual__nes__l1,1021,48,3,389,3,544
evaluation__1345__denoise__attack__nes__l0.5,1021,47,18,199,18,305
evaluation__1345__denoise__restore__nes__l0.5,1021,47,18,95,18,127
evaluation__1345__denoise__random_walk__random_walk__l0.5,1024,49,2,1023,2,1023
evaluation__1345__denoise__confidence_boost__nes__l0.5,1021,48,18,228,18,335
evaluation__1345__denoise__boundary_probe__nes__l0.5,1021,47,18,203,9,300
evaluation__1345__denoise__counterfactual__nes__l0.5,1021,47,18,108,18,152
evaluation__1345__deblur__attack__nes__l1,1021,46,5,214,3,298
evaluation__1345__deblur__restore__nes__l1,1021,48,2,380,2,510
evaluation__1345__deblur__random_walk__random_walk__l1,1024,49,2,1023,2,1023
evaluation__1345__deblur__confidence_boost__nes__l1,1021,49,16,519,16,655
evaluation__1345__deblur__boundary_probe__nes__l1,1021,49,7,260,7,388
evaluation__1345__deblur__counterfactual__nes__l1,1021,47,4,453,4,619
evaluation__4211__denoise__attack__nes__l0.5,1021,47,5,379,5,527
evaluation__4211__denoise__restore__nes__l0.5,1021,48,4,273,2,413
evaluation__4211__denoise__random_walk__random_walk__l0.5,1024,49,2,1023,2,1023
evaluation__4211__denoise__confidence_boost__nes__l0.5,1021,48,4,305,4,437
evaluation__4211__denoise__boundary_probe__nes__l0.5,1021,48,2,459,2,579
evaluation__4211__denoise__counterfactual__nes__l0.5,1021,47,14,256,2,392
evaluation__4211__deblur__attack__nes__l1,1021,49,2,631,2,765
evaluation__4211__deblur__restore__nes__l1,1021,49,3,598,3,727
evaluation__4211__deblur__random_walk__random_walk__l1,1024,50,2,1023,2,1023
evaluation__4211__deblur__confidence_boost__nes__l1,1021,49,3,582,3,712
evaluation__4211__deblur__boundary_probe__nes__l1,1021,49,2,764,2,869
evaluation__4211__deblur__counterfactual__nes__l1,1021,49,4,667,2,796
evaluation__6521__denoise__attack__nes__l0.5,1021,48,4,240,4,362
evaluation__6521__denoise__restore__nes__l0.5,1021,49,8,460,8,615
evaluation__6521__denoise__random_walk__random_walk__l0.5,1024,49,2,1023,2,1023
evaluation__6521__denoise__confidence_boost__nes__l0.5,1021,49,8,373,3,515
evaluation__6521__denoise__boundary_probe__nes__l0.5,1021,47,8,356,8,503
evaluation__6521__denoise__counterfactual__nes__l0.5,1021,47,2,312,2,415
evaluation__6521__deblur__attack__nes__l1,1021,49,2,383,2,518
evaluation__6521__deblur__restore__nes__l1,1021,47,2,435,2,576
evaluation__6521__deblur__random_walk__random_walk__l1,1024,50,2,1023,2,1023
evaluation__6521__deblur__confidence_boost__nes__l1,1021,48,3,430,3,597
evaluation__6521__deblur__boundary_probe__nes__l1,1021,49,3,590,2,721
evaluation__6521__deblur__counterfactual__nes__l1,1021,47,2,364,2,512
evaluation__899__denoise__attack__nes__l0.5,1021,49,5,642,5,789
evaluation__899__denoise__restore__nes__l0.5,1021,49,5,615,5,763
evaluation__899__denoise__random_walk__random_walk__l0.5,1024,49,2,1023,2,1023
evaluation__899__denoise__confidence_boost__nes__l0.5,1021,47,2,551,2,704
evaluation__899__denoise__boundary_probe__nes__l0.5,1021,47,2,731,2,827
evaluation__899__denoise__counterfactual__nes__l0.5,1021,47,3,500,3,664
evaluation__899__deblur__attack__nes__l1,1021,47,7,322,7,446
evaluation__899__deblur__restore__nes__l1,1021,48,6,278,2,407
evaluation__899__deblur__random_walk__random_walk__l1,1024,49,2,1023,2,1023
evaluation__899__deblur__confidence_boost__nes__l1,1021,48,6,451,6,601
evaluation__899__deblur__boundary_probe__nes__l1,1021,47,7,305,3,439
evaluation__899__deblur__counterfactual__nes__l1,1021,49,2,364,2,498
evaluation__5312__denoise__attack__nes__l0.5,1021,47,18,221,8,319
evaluation__5312__denoise__restore__nes__l0.5,1021,47,8,259,8,392
evaluation__5312__denoise__random_walk__random_walk__l0.5,1024,49,2,1023,2,1023
evaluation__5312__denoise__confidence_boost__nes__l0.5,1021,48,9,360,6,508
evaluation__5312__denoise__boundary_probe__nes__l0.5,1021,49,2,363,2,497
evaluation__5312__denoise__counterfactual__nes__l0.5,1021,48,6,219,6,317
evaluation__5312__deblur__attack__nes__l1,1021,47,18,234,18,332
evaluation__5312__deblur__restore__nes__l1,1021,49,6,229,6,325
evaluation__5312__deblur__random_walk__random_walk__l1,1024,49,2,1023,2,1023
evaluation__5312__deblur__confidence_boost__nes__l1,1021,49,9,313,9,431
evaluation__5312__deblur__boundary_probe__nes__l1,1021,48,18,554,18,691
evaluation__5312__deblur__counterfactual__nes__l1,1021,49,12,295,12,420
evaluation__7697__denoise__attack__nes__l0.5,1021,48,2,640,2,781
evaluation__7697__denoise__restore__nes__l0.5,1021,47,5,600,3,757
evaluation__7697__denoise__random_walk__random_walk__l0.5,1024,49,2,1023,2,1023
evaluation__7697__denoise__confidence_boost__nes__l0.5,1021,49,2,677,2,807
evaluation__7697__denoise__boundary_probe__nes__l0.5,1021,48,9,569,4,729
evaluation__7697__denoise__counterfactual__nes__l0.5,1021,47,2,679,2,811
evaluation__7697__deblur__attack__nes__l1,1021,50,9,170,9,260
evaluation__7697__deblur__restore__nes__l1,1021,47,18,177,18,253
evaluation__7697__deblur__random_walk__random_walk__l1,1024,49,2,1023,2,1023
evaluation__7697__deblur__confidence_boost__nes__l1,1021,48,18,229,2,328
evaluation__7697__deblur__boundary_probe__nes__l1,1021,48,9,427,9,571
evaluation__7697__deblur__counterfactual__nes__l1,1021,47,10,194,10,283
evaluation__9649__denoise__attack__nes__l0.5,1021,47,3,364,3,478
evaluation__9649__denoise__restore__nes__l0.5,1021,47,4,473,4,600
evaluation__9649__denoise__random_walk__random_walk__l0.5,1024,49,2,1023,2,1023
evaluation__9649__denoise__confidence_boost__nes__l0.5,1021,48,5,304,5,398
evaluation__9649__denoise__boundary_probe__nes__l0.5,1021,48,2,453,2,586
evaluation__9649__denoise__counterfactual__nes__l0.5,1021,48,10,272,3,397
evaluation__9649__deblur__attack__nes__l1,1021,48,2,675,2,816
evaluation__9649__deblur__restore__nes__l1,1021,49,3,713,3,831
evaluation__9649__deblur__random_walk__random_walk__l1,1024,50,2,1023,2,1023
evaluation__9649__deblur__confidence_boost__nes__l1,1021,48,6,632,6,771
evaluation__9649__deblur__boundary_probe__nes__l1,1021,49,2,653,2,784
evaluation__9649__deblur__counterfactual__nes__l1,1021,48,2,548,2,692
evaluation__3477__denoise__attack__nes__l0.5,1021,47,8,186,8,262
evaluation__3477__denoise__restore__nes__l0.5,1021,46,9,212,9,316
evaluation__3477__denoise__random_walk__random_walk__l0.5,1024,50,2,1023,2,1023
evaluation__3477__denoise__confidence_boost__nes__l0.5,1021,47,18,205,18,315
evaluation__3477__denoise__boundary_probe__nes__l0.5,1021,48,18,201,12,321
evaluation__3477__denoise__counterfactual__nes__l0.5,1021,47,3,162,3,236
evaluation__3477__deblur__attack__nes__l1,1021,49,12,253,7,352
evaluation__3477__deblur__restore__nes__l1,1021,48,2,228,2,341
evaluation__3477__deblur__random_walk__random_walk__l1,1024,49,2,1023,2,1023
evaluation__3477__deblur__confidence_boost__nes__l1,1021,47,10,235,10,359
evaluation__3477__deblur__boundary_probe__nes__l1,1021,47,12,227,9,327
evaluation__3477__deblur__counterfactual__nes__l1,1021,48,12,263,8,386
evaluation__5434__denoise__attack__nes__l0.5,1021,49,2,403,2,540
evaluation__5434__denoise__restore__nes__l0.5,1021,47,8,193,8,296
evaluation__5434__denoise__random_walk__random_walk__l0.5,1024,50,2,1023,2,1023
evaluation__5434__denoise__confidence_boost__nes__l0.5,1021,47,18,289,7,393
evaluation__5434__denoise__boundary_probe__nes__l0.5,1021,50,6,212,6,318
evaluation__5434__denoise__counterfactual__nes__l0.5,1021,49,10,298,10,416
evaluation__5434__deblur__attack__nes__l1,1021,49,9,449,7,574
evaluation__5434__deblur__restore__nes__l1,1021,49,3,328,3,437
evaluation__5434__deblur__random_walk__random_walk__l1,1024,49,2,1023,2,1023
evaluation__5434__deblur__confidence_boost__nes__l1,1021,47,10,311,8,427
evaluation__5434__deblur__boundary_probe__nes__l1,1021,47,2,238,2,342
evaluation__5434__deblur__counterfactual__nes__l1,1021,47,7,173,7,246
evaluation__8213__denoise__attack__nes__l0.5,1021,48,5,366,3,502
evaluation__8213__denoise__restore__nes__l0.5,1021,49,2,541,2,700
evaluation__8213__denoise__random_walk__random_walk__l0.5,1024,50,2,1023,2,1023
evaluation__8213__denoise__confidence_boost__nes__l0.5,1021,48,7,688,4,826
evaluation__8213__denoise__boundary_probe__nes__l0.5,1021,47,2,433,2,592
evaluation__8213__denoise__counterfactual__nes__l0.5,1021,48,2,479,2,656
evaluation__8213__deblur__attack__nes__l1,1021,49,18,529,18,662
evaluation__8213__deblur__restore__nes__l1,1021,49,11,346,4,488
evaluation__8213__deblur__random_walk__random_walk__l1,1024,49,2,1023,2,1023
evaluation__8213__deblur__confidence_boost__nes__l1,1021,46,6,338,5,488
evaluation__8213__deblur__boundary_probe__nes__l1,1021,49,18,366,14,492
evaluation__8213__deblur__counterfactual__nes__l1,1021,50,18,352,18,482
evaluation__1402__denoise__attack__nes__l0.5,1021,49,6,149,6,219
evaluation__1402__denoise__restore__nes__l0.5,1021,48,17,129,17,185
evaluation__1402__denoise__random_walk__random_walk__l0.5,1024,49,2,1023,2,1023
evaluation__1402__denoise__confidence_boost__nes__l0.5,1021,46,4,73,4,97
evaluation__1402__denoise__boundary_probe__nes__l0.5,1021,46,18,76,18,101
evaluation__1402__denoise__counterfactual__nes__l0.5,1021,47,18,95,18,131
evaluation__1402__deblur__attack__nes__l1,1021,48,9,410,3,578
evaluation__1402__deblur__restore__nes__l1,1021,48,18,511,3,643
evaluation__1402__deblur__random_walk__random_walk__l1,1024,49,2,1023,2,1023
evaluation__1402__deblur__confidence_boost__nes__l1,1021,48,11,210,8,340
evaluation__1402__deblur__boundary_probe__nes__l1,1021,47,18,568,18,695
evaluation__1402__deblur__counterfactual__nes__l1,1021,49,18,391,18,538
evaluation__6004__denoise__attack__nes__l0.5,1021,50,3,743,2,848
evaluation__6004__denoise__restore__nes__l0.5,1021,49,2,844,2,932
evaluation__6004__denoise__random_walk__random_walk__l0.5,1024,50,2,1023,2,1023
evaluation__6004__denoise__confidence_boost__nes__l0.5,1021,49,2,876,2,946
evaluation__6004__denoise__boundary_probe__nes__l0.5,1021,49,4,866,2,937
evaluation__6004__denoise__counterfactual__nes__l0.5,1021,49,5,837,5,919
evaluation__6004__deblur__attack__nes__l1,1021,48,5,556,5,709
evaluation__6004__deblur__restore__nes__l1,1021,47,8,466,8,625
evaluation__6004__deblur__random_walk__random_walk__l1,1024,49,2,1023,2,1023
evaluation__6004__deblur__confidence_boost__nes__l1,1021,48,13,336,13,460
evaluation__6004__deblur__boundary_probe__nes__l1,1021,48,4,426,4,588
evaluation__6004__deblur__counterfactual__nes__l1,1021,48,5,484,2,655
evaluation__8344__denoise__attack__nes__l0.5,1021,47,2,370,2,526
evaluation__8344__denoise__restore__nes__l0.5,1021,48,3,464,2,609
evaluation__8344__denoise__random_walk__random_walk__l0.5,1024,49,2,1023,2,1023
evaluation__8344__denoise__confidence_boost__nes__l0.5,1021,49,8,549,8,688
evaluation__8344__denoise__boundary_probe__nes__l0.5,1021,49,10,645,10,771
evaluation__8344__denoise__counterfactual__nes__l0.5,1021,49,14,412,7,548
evaluation__8344__deblur__attack__nes__l1,1021,48,18,109,9,163
evaluation__8344__deblur__restore__nes__l1,1021,47,18,261,18,365
evaluation__8344__deblur__random_walk__random_walk__l1,1024,49,2,1023,2,1023
evaluation__8344__deblur__confidence_boost__nes__l1,1021,46,18,94,18,139
evaluation__8344__deblur__boundary_probe__nes__l1,1021,49,18,180,18,271
evaluation__8344__deblur__counterfactual__nes__l1,1021,47,18,123,10,171
evaluation__1223__denoise__attack__nes__l0.5,1021,48,2,407,2,564
evaluation__1223__denoise__restore__nes__l0.5,1021,49,2,423,2,563
evaluation__1223__denoise__random_walk__random_walk__l0.5,1024,50,2,1023,2,1023
evaluation__1223__denoise__confidence_boost__nes__l0.5,1021,50,2,301,2,443
evaluation__1223__denoise__boundary_probe__nes__l0.5,1021,48,7,419,6,590
evaluation__1223__denoise__counterfactual__nes__l0.5,1021,48,2,515,2,646
evaluation__1223__deblur__attack__nes__l1,1021,49,10,239,10,337
evaluation__1223__deblur__restore__nes__l1,1021,47,18,360,4,488
evaluation__1223__deblur__random_walk__random_walk__l1,1024,49,2,1023,2,1023
evaluation__1223__deblur__confidence_boost__nes__l1,1021,47,18,264,18,388
evaluation__1223__deblur__boundary_probe__nes__l1,1021,47,11,297,9,413
evaluation__1223__deblur__counterfactual__nes__l1,1021,48,15,240,15,351
evaluation__4636__denoise__attack__nes__l0.5,1021,48,3,687,2,809
evaluation__4636__denoise__restore__nes__l0.5,1021,49,3,678,3,822
evaluation__4636__denoise__random_walk__random_walk__l0.5,1024,50,2,1023,2,1023
evaluation__4636__denoise__confidence_boost__nes__l0.5,1021,48,3,693,3,808
evaluation__4636__denoise__boundary_probe__nes__l0.5,1021,49,3,835,3,923
evaluation__4636__denoise__counterfactual__nes__l0.5,1021,49,5,673,4,829
evaluation__4636__deblur__attack__nes__l1,1021,48,5,563,5,714
evaluation__4636__deblur__restore__nes__l1,1021,47,3,491,3,640
evaluation__4636__deblur__random_walk__random_walk__l1,1024,50,2,1023,2,1023
evaluation__4636__deblur__confidence_boost__nes__l1,1021,49,2,599,2,729
evaluation__4636__deblur__boundary_probe__nes__l1,1021,49,7,515,4,671
evaluation__4636__deblur__counterfactual__nes__l1,1021,49,5,566,2,709
evaluation__7404__denoise__attack__nes__l0.5,1021,48,4,313,4,446
evaluation__7404__denoise__restore__nes__l0.5,1021,48,7,428,7,576
evaluation__7404__denoise__random_walk__random_walk__l0.5,1024,49,2,1023,2,1023
evaluation__7404__denoise__confidence_boost__nes__l0.5,1021,48,4,427,4,578
evaluation__7404__denoise__boundary_probe__nes__l0.5,1021,48,10,517,10,660
evaluation__7404__denoise__counterfactual__nes__l0.5,1021,48,10,288,3,409
evaluation__7404__deblur__attack__nes__l1,1021,49,3,537,3,679
evaluation__7404__deblur__restore__nes__l1,1021,48,6,798,6,879
evaluation__7404__deblur__random_walk__random_walk__l1,1024,49,2,1023,2,1023
evaluation__7404__deblur__confidence_boost__nes__l1,1021,48,5,507,2,660
evaluation__7404__deblur__boundary_probe__nes__l1,1021,49,2,548,2,703
evaluation__7404__deblur__counterfactual__nes__l1,1021,48,11,650,2,776
evaluation__9669__denoise__attack__nes__l0.5,1021,50,2,798,2,894
evaluation__9669__denoise__restore__nes__l0.5,1021,48,4,715,2,852
evaluation__9669__denoise__random_walk__random_walk__l0.5,1024,49,2,1023,2,1023
evaluation__9669__denoise__confidence_boost__nes__l0.5,1021,49,2,832,2,940
evaluation__9669__denoise__boundary_probe__nes__l0.5,1021,49,2,895,2,960
evaluation__9669__denoise__counterfactual__nes__l0.5,1021,49,4,847,3,934
evaluation__9669__deblur__attack__nes__l1,1021,48,18,143,18,204
evaluation__9669__deblur__restore__nes__l1,1021,48,18,131,18,191
evaluation__9669__deblur__random_walk__random_walk__l1,1024,49,2,1023,2,1023
evaluation__9669__deblur__confidence_boost__nes__l1,1021,49,18,165,18,233
evaluation__9669__deblur__boundary_probe__nes__l1,1021,48,18,180,18,260
evaluation__9669__deblur__counterfactual__nes__l1,1021,49,16,215,16,308
evaluation__1654__denoise__attack__nes__l0.5,1021,48,7,495,7,674
evaluation__1654__denoise__restore__nes__l0.5,1021,48,3,573,3,723
evaluation__1654__denoise__random_walk__random_walk__l0.5,1024,50,2,1023,2,1023
evaluation__1654__denoise__confidence_boost__nes__l0.5,1021,48,2,571,2,731
evaluation__1654__denoise__boundary_probe__nes__l0.5,1021,48,4,506,4,651
evaluation__1654__denoise__counterfactual__nes__l0.5,1021,48,2,571,2,731
evaluation__1654__deblur__attack__nes__l1,1021,48,18,255,18,363
evaluation__1654__deblur__restore__nes__l1,1021,48,18,185,3,274
evaluation__1654__deblur__random_walk__random_walk__l1,1024,49,2,1023,2,1023
evaluation__1654__deblur__confidence_boost__nes__l1,1021,48,18,284,9,409
evaluation__1654__deblur__boundary_probe__nes__l1,1021,47,18,241,5,359
evaluation__1654__deblur__counterfactual__nes__l1,1021,47,3,289,3,413
evaluation__4252__denoise__attack__nes__l0.5,1021,49,2,750,2,870
evaluation__4252__denoise__restore__nes__l0.5,1021,50,2,896,2,956
evaluation__4252__denoise__random_walk__random_walk__l0.5,1024,49,2,1023,2,1023
evaluation__4252__denoise__confidence_boost__nes__l0.5,1021,49,2,933,2,979
evaluation__4252__denoise__boundary_probe__nes__l0.5,1021,48,2,764,2,880
evaluation__4252__denoise__counterfactual__nes__l0.5,1021,49,4,919,3,971
evaluation__4252__deblur__attack__nes__l1,1021,48,11,249,6,359
evaluation__4252__deblur__restore__nes__l1,1021,48,18,337,18,470
evaluation__4252__deblur__random_walk__random_walk__l1,1024,49,2,1023,2,1023
evaluation__4252__deblur__confidence_boost__nes__l1,1021,48,12,279,12,407
evaluation__4252__deblur__boundary_probe__nes__l1,1021,48,11,340,11,473
evaluation__4252__deblur__counterfactual__nes__l1,1021,47,18,238,18,361
evaluation__8459__denoise__attack__nes__l0.5,1021,49,10,418,8,558
evaluation__8459__denoise__restore__nes__l0.5,1021,48,7,525,7,660
evaluation__8459__denoise__random_walk__random_walk__l0.5,1024,49,2,1023,2,1023
evaluation__8459__denoise__confidence_boost__nes__l0.5,1021,49,3,530,3,640
evaluation__8459__denoise__boundary_probe__nes__l0.5,1021,48,6,219,6,331
evaluation__8459__denoise__counterfactual__nes__l0.5,1021,48,2,433,2,572
evaluation__8459__deblur__attack__nes__l1,1021,48,18,226,14,320
evaluation__8459__deblur__restore__nes__l1,1021,48,11,447,6,605
evaluation__8459__deblur__random_walk__random_walk__l1,1024,49,2,1023,2,1023
evaluation__8459__deblur__confidence_boost__nes__l1,1021,48,5,408,4,559
evaluation__8459__deblur__boundary_probe__nes__l1,1021,48,6,560,6,694
evaluation__8459__deblur__counterfactual__nes__l1,1021,47,2,390,2,520
fit__4374__denoise__attack__nes__l0.5,1021,48,8,576,4,731
fit__4374__denoise__restore__nes__l0.5,1021,48,2,596,2,733
fit__4374__denoise__random_walk__random_walk__l0.5,1024,49,2,1023,2,1023
fit__4374__denoise__confidence_boost__nes__l0.5,1021,48,3,511,3,668
fit__4374__denoise__boundary_probe__nes__l0.5,1021,49,10,631,4,789
fit__4374__denoise__counterfactual__nes__l0.5,1021,48,4,487,4,636
fit__4374__deblur__attack__nes__l1,1021,48,6,342,6,469
fit__4374__deblur__restore__nes__l1,1021,47,3,454,3,610
fit__4374__deblur__random_walk__random_walk__l1,1024,50,2,1023,2,1023
fit__4374__deblur__confidence_boost__nes__l1,1021,48,18,316,7,464
fit__4374__deblur__boundary_probe__nes__l1,1021,48,11,517,7,671
fit__4374__deblur__counterfactual__nes__l1,1021,48,6,497,6,649
fit__9872__denoise__attack__nes__l0.5,1021,48,18,198,18,301
fit__9872__denoise__restore__nes__l0.5,1021,49,18,213,14,305
fit__9872__denoise__random_walk__random_walk__l0.5,1024,49,2,1023,2,1023
fit__9872__denoise__confidence_boost__nes__l0.5,1021,46,18,185,18,264
fit__9872__denoise__boundary_probe__nes__l0.5,1021,48,18,257,18,368
fit__9872__denoise__counterfactual__nes__l0.5,1021,48,12,128,12,192
fit__9872__deblur__attack__nes__l1,1021,49,3,659,3,785
fit__9872__deblur__restore__nes__l1,1021,49,8,659,8,795
fit__9872__deblur__random_walk__random_walk__l1,1024,50,2,1023,2,1023
fit__9872__deblur__confidence_boost__nes__l1,1021,49,2,572,2,707
fit__9872__deblur__boundary_probe__nes__l1,1021,48,2,520,2,672
fit__9872__deblur__counterfactual__nes__l1,1021,48,9,721,9,836
fit__7487__denoise__attack__nes__l0.5,1021,49,9,289,2,413
fit__7487__denoise__restore__nes__l0.5,1021,48,8,237,7,342
fit__7487__denoise__random_walk__random_walk__l0.5,1024,49,2,1023,2,1023
fit__7487__denoise__confidence_boost__nes__l0.5,1021,48,3,382,3,507
fit__7487__denoise__boundary_probe__nes__l0.5,1021,48,7,135,7,208
fit__7487__denoise__counterfactual__nes__l0.5,1021,49,14,178,8,267
fit__7487__deblur__attack__nes__l1,1021,49,8,267,8,389
fit__7487__deblur__restore__nes__l1,1021,48,18,217,18,320
fit__7487__deblur__random_walk__random_walk__l1,1024,49,2,1023,2,1023
fit__7487__deblur__confidence_boost__nes__l1,1021,47,6,185,2,280
fit__7487__deblur__boundary_probe__nes__l1,1021,48,18,245,18,343
fit__7487__deblur__counterfactual__nes__l1,1021,48,18,234,18,349
fit__1547__denoise__attack__nes__l0.5,1021,48,5,306,5,436
fit__1547__denoise__restore__nes__l0.5,1021,49,10,527,10,656
fit__1547__denoise__random_walk__random_walk__l0.5,1024,50,2,1023,2,1023
fit__1547__denoise__confidence_boost__nes__l0.5,1021,49,3,260,3,405
fit__1547__denoise__boundary_probe__nes__l0.5,1021,47,5,421,5,592
fit__1547__denoise__counterfactual__nes__l0.5,1021,48,8,528,8,664
fit__1547__deblur__attack__nes__l1,1021,49,18,273,4,366
fit__1547__deblur__restore__nes__l1,1021,47,3,160,3,224
fit__1547__deblur__random_walk__random_walk__l1,1024,49,2,1023,2,1023
fit__1547__deblur__confidence_boost__nes__l1,1021,47,18,117,12,158
fit__1547__deblur__boundary_probe__nes__l1,1021,47,18,157,18,226
fit__1547__deblur__counterfactual__nes__l1,1021,48,18,99,18,134
fit__7829__denoise__attack__nes__l0.5,1021,47,2,514,2,661
fit__7829__denoise__restore__nes__l0.5,1021,48,18,484,9,657
fit__7829__denoise__random_walk__random_walk__l0.5,1024,49,2,1023,2,1023
fit__7829__denoise__confidence_boost__nes__l0.5,1021,48,4,570,2,708
fit__7829__denoise__boundary_probe__nes__l0.5,1021,48,11,500,2,641
fit__7829__denoise__counterfactual__nes__l0.5,1021,48,3,330,3,460
fit__7829__deblur__attack__nes__l1,1021,48,4,430,3,579
fit__7829__deblur__restore__nes__l1,1021,49,3,389,3,522
fit__7829__deblur__random_walk__random_walk__l1,1024,50,2,1023,2,1023
fit__7829__deblur__confidence_boost__nes__l1,1021,48,3,552,3,701
fit__7829__deblur__boundary_probe__nes__l1,1021,49,2,634,2,756
fit__7829__deblur__counterfactual__nes__l1,1021,48,2,584,2,752
fit__4820__denoise__attack__nes__l0.5,1021,49,11,667,11,800
fit__4820__denoise__restore__nes__l0.5,1021,49,3,629,3,772
fit__4820__denoise__random_walk__random_walk__l0.5,1024,49,2,1023,2,1023
fit__4820__denoise__confidence_boost__nes__l0.5,1021,49,8,670,8,808
fit__4820__denoise__boundary_probe__nes__l0.5,1021,50,4,746,4,859
fit__4820__denoise__counterfactual__nes__l0.5,1021,49,3,335,3,457
fit__4820__deblur__attack__nes__l1,1021,48,11,439,11,587
fit__4820__deblur__restore__nes__l1,1021,49,2,395,2,524
fit__4820__deblur__random_walk__random_walk__l1,1024,49,2,1023,2,1023
fit__4820__deblur__confidence_boost__nes__l1,1021,47,7,467,7,597
fit__4820__deblur__boundary_probe__nes__l1,1021,47,4,617,4,753
fit__4820__deblur__counterfactual__nes__l1,1021,49,13,521,8,643
fit__9755__denoise__attack__nes__l0.5,1021,49,10,323,5,451
fit__9755__denoise__restore__nes__l0.5,1021,47,5,211,5,283
fit__9755__denoise__random_walk__random_walk__l0.5,1024,49,2,1023,2,1023
fit__9755__denoise__confidence_boost__nes__l0.5,1021,46,5,207,5,312
fit__9755__denoise__boundary_probe__nes__l0.5,1021,48,8,408,8,542
fit__9755__denoise__counterfactual__nes__l0.5,1021,48,15,454,15,586
fit__9755__deblur__attack__nes__l1,1021,49,4,340,4,479
fit__9755__deblur__restore__nes__l1,1021,48,18,377,18,497
fit__9755__deblur__random_walk__random_walk__l1,1024,50,2,1023,2,1023
fit__9755__deblur__confidence_boost__nes__l1,1021,48,6,595,6,709
fit__9755__deblur__boundary_probe__nes__l1,1021,48,17,386,4,536
fit__9755__deblur__counterfactual__nes__l1,1021,48,5,295,2,435
fit__6918__denoise__attack__nes__l0.5,1021,48,2,780,2,872
fit__6918__denoise__restore__nes__l0.5,1021,49,2,944,2,987
fit__6918__denoise__random_walk__random_walk__l0.5,1024,49,2,1023,2,1023
fit__6918__denoise__confidence_boost__nes__l0.5,1021,49,2,814,2,909
fit__6918__denoise__boundary_probe__nes__l0.5,1021,48,2,652,2,804
fit__6918__denoise__counterfactual__nes__l0.5,1021,49,6,734,6,856
fit__6918__deblur__attack__nes__l1,1021,48,18,383,3,528
fit__6918__deblur__restore__nes__l1,1021,49,2,390,2,530
fit__6918__deblur__random_walk__random_walk__l1,1024,49,2,1023,2,1023
fit__6918__deblur__confidence_boost__nes__l1,1021,49,11,555,11,673
fit__6918__deblur__boundary_probe__nes__l1,1021,48,18,329,17,480
fit__6918__deblur__counterfactual__nes__l1,1021,46,15,393,15,527
fit__4072__denoise__attack__nes__l0.5,1021,48,2,774,2,884
fit__4072__denoise__restore__nes__l0.5,1021,49,3,468,2,652
fit__4072__denoise__random_walk__random_walk__l0.5,1024,50,2,1023,2,1023
fit__4072__denoise__confidence_boost__nes__l0.5,1021,48,4,642,3,769
fit__4072__denoise__boundary_probe__nes__l0.5,1021,48,3,651,3,799
fit__4072__denoise__counterfactual__nes__l0.5,1021,48,5,610,4,752
fit__4072__deblur__attack__nes__l1,1021,47,8,262,8,402
fit__4072__deblur__restore__nes__l1,1021,48,15,238,15,353
fit__4072__deblur__random_walk__random_walk__l1,1024,50,2,1023,2,1023
fit__4072__deblur__confidence_boost__nes__l1,1021,48,18,208,18,308
fit__4072__deblur__boundary_probe__nes__l1,1021,50,18,398,3,527
fit__4072__deblur__counterfactual__nes__l1,1021,47,6,168,6,262
fit__7364__denoise__attack__nes__l0.5,1021,49,4,678,2,798
fit__7364__denoise__restore__nes__l0.5,1021,48,3,527,3,657
fit__7364__denoise__random_walk__random_walk__l0.5,1024,49,2,1023,2,1023
fit__7364__denoise__confidence_boost__nes__l0.5,1021,48,12,359,12,473
fit__7364__denoise__boundary_probe__nes__l0.5,1021,49,12,755,7,858
fit__7364__denoise__counterfactual__nes__l0.5,1021,48,5,717,5,820
fit__7364__deblur__attack__nes__l1,1021,48,18,212,18,311
fit__7364__deblur__restore__nes__l1,1021,48,18,75,18,93
fit__7364__deblur__random_walk__random_walk__l1,1024,49,2,1023,2,1023
fit__7364__deblur__confidence_boost__nes__l1,1021,48,18,118,18,182
fit__7364__deblur__boundary_probe__nes__l1,1021,47,18,209,2,289
fit__7364__deblur__counterfactual__nes__l1,1021,46,18,81,18,108
fit__4384__denoise__attack__nes__l0.5,1021,48,18,302,12,446
fit__4384__denoise__restore__nes__l0.5,1021,46,18,276,3,374
fit__4384__denoise__random_walk__random_walk__l0.5,1024,50,2,1023,2,1023
fit__4384__denoise__confidence_boost__nes__l0.5,1021,47,9,229,9,358
fit__4384__denoise__boundary_probe__nes__l0.5,1021,48,18,488,18,652
fit__4384__denoise__counterfactual__nes__l0.5,1021,46,10,298,6,428
fit__4384__deblur__attack__nes__l1,1021,49,2,743,2,871
fit__4384__deblur__restore__nes__l1,1021,48,5,870,2,946
fit__4384__deblur__random_walk__random_walk__l1,1024,49,2,1023,2,1023
fit__4384__deblur__confidence_boost__nes__l1,1021,50,2,641,2,771
fit__4384__deblur__boundary_probe__nes__l1,1021,49,5,698,2,828
fit__4384__deblur__counterfactual__nes__l1,1021,48,6,684,6,816
fit__9194__denoise__attack__nes__l0.5,1021,47,3,219,2,334
fit__9194__denoise__restore__nes__l0.5,1021,49,11,451,7,555
fit__9194__denoise__random_walk__random_walk__l0.5,1024,49,2,1023,2,1023
fit__9194__denoise__confidence_boost__nes__l0.5,1021,48,6,317,4,456
fit__9194__denoise__boundary_probe__nes__l0.5,1021,48,5,529,5,647
fit__9194__denoise__counterfactual__nes__l0.5,1021,47,2,319,2,444
fit__9194__deblur__attack__nes__l1,1021,49,7,512,3,661
fit__9194__deblur__restore__nes__l1,1021,48,12,572,2,700
fit__9194__deblur__random_walk__random_walk__l1,1024,49,2,1023,2,1023
fit__9194__deblur__confidence_boost__nes__l1,1021,49,18,508,2,645
fit__9194__deblur__boundary_probe__nes__l1,1021,49,3,375,3,522
fit__9194__deblur__counterfactual__nes__l1,1021,48,7,302,7,413
fit__5818__denoise__attack__nes__l0.5,1021,49,18,282,18,395
fit__5818__denoise__restore__nes__l0.5,1021,48,18,137,18,208
fit__5818__denoise__random_walk__random_walk__l0.5,1024,49,2,1023,2,1023
fit__5818__denoise__confidence_boost__nes__l0.5,1021,48,10,235,10,342
fit__5818__denoise__boundary_probe__nes__l0.5,1021,48,15,403,15,544
fit__5818__denoise__counterfactual__nes__l0.5,1021,47,4,263,4,377
fit__5818__deblur__attack__nes__l1,1021,47,6,175,6,243
fit__5818__deblur__restore__nes__l1,1021,48,15,230,6,338
fit__5818__deblur__random_walk__random_walk__l1,1024,50,2,1023,2,1023
fit__5818__deblur__confidence_boost__nes__l1,1021,48,2,294,2,412
fit__5818__deblur__boundary_probe__nes__l1,1021,47,5,145,5,214
fit__5818__deblur__counterfactual__nes__l1,1021,49,6,238,6,335
fit__337__denoise__attack__nes__l0.5,1021,49,18,445,18,593
fit__337__denoise__restore__nes__l0.5,1021,47,12,275,12,392
fit__337__denoise__random_walk__random_walk__l0.5,1024,50,2,1023,2,1023
fit__337__denoise__confidence_boost__nes__l0.5,1021,47,18,177,8,268
fit__337__denoise__boundary_probe__nes__l0.5,1021,48,18,341,16,469
fit__337__denoise__counterfactual__nes__l0.5,1021,48,8,311,8,441
fit__337__deblur__attack__nes__l1,1021,49,2,658,2,808
fit__337__deblur__restore__nes__l1,1021,48,2,598,2,742
fit__337__deblur__random_walk__random_walk__l1,1024,49,2,1023,2,1023
fit__337__deblur__confidence_boost__nes__l1,1021,50,2,696,2,824
fit__337__deblur__boundary_probe__nes__l1,1021,49,7,686,7,807
fit__337__deblur__counterfactual__nes__l1,1021,48,4,723,4,843
fit__5294__denoise__attack__nes__l0.5,1021,49,2,639,2,755
fit__5294__denoise__restore__nes__l0.5,1021,48,2,739,2,853
fit__5294__denoise__random_walk__random_walk__l0.5,1024,49,2,1023,2,1023
fit__5294__denoise__confidence_boost__nes__l0.5,1021,49,2,671,2,804
fit__5294__denoise__boundary_probe__nes__l0.5,1021,49,2,513,2,658
fit__5294__denoise__counterfactual__nes__l0.5,1021,49,5,789,2,882
fit__5294__deblur__attack__nes__l1,1021,49,2,576,2,692
fit__5294__deblur__restore__nes__l1,1021,49,7,573,2,723
fit__5294__deblur__random_walk__random_walk__l1,1024,49,2,1023,2,1023
fit__5294__deblur__confidence_boost__nes__l1,1021,49,3,580,2,695
fit__5294__deblur__boundary_probe__nes__l1,1021,48,3,548,3,695
fit__5294__deblur__counterfactual__nes__l1,1021,50,3,483,3,608
fit__4284__denoise__attack__nes__l0.5,1021,48,2,425,2,557
fit__4284__denoise__restore__nes__l0.5,1021,48,3,460,3,603
fit__4284__denoise__random_walk__random_walk__l0.5,1024,49,2,1023,2,1023
fit__4284__denoise__confidence_boost__nes__l0.5,1021,48,4,389,3,536
fit__4284__denoise__boundary_probe__nes__l0.5,1021,48,9,608,9,732
fit__4284__denoise__counterfactual__nes__l0.5,1021,48,6,405,6,547
fit__4284__deblur__attack__nes__l1,1021,47,10,420,6,551
fit__4284__deblur__restore__nes__l1,1021,47,4,424,4,550
fit__4284__deblur__random_walk__random_walk__l1,1024,49,2,1023,2,1023
fit__4284__deblur__confidence_boost__nes__l1,1021,48,18,454,10,598
fit__4284__deblur__boundary_probe__nes__l1,1021,49,9,527,5,678
fit__4284__deblur__counterfactual__nes__l1,1021,48,11,364,7,506
fit__9199__denoise__attack__nes__l0.5,1021,49,3,501,2,647
fit__9199__denoise__restore__nes__l0.5,1021,49,4,692,3,791
fit__9199__denoise__random_walk__random_walk__l0.5,1024,50,2,1023,2,1023
fit__9199__denoise__confidence_boost__nes__l0.5,1021,48,2,560,2,704
fit__9199__denoise__boundary_probe__nes__l0.5,1021,49,3,452,3,594
fit__9199__denoise__counterfactual__nes__l0.5,1021,49,8,587,8,728
fit__9199__deblur__attack__nes__l1,1021,47,7,191,7,281
fit__9199__deblur__restore__nes__l1,1021,48,17,211,8,325
fit__9199__deblur__random_walk__random_walk__l1,1024,49,2,1023,2,1023
fit__9199__deblur__confidence_boost__nes__l1,1021,48,4,280,4,410
fit__9199__deblur__boundary_probe__nes__l1,1021,48,7,195,7,319
fit__9199__deblur__counterfactual__nes__l1,1021,49,16,282,10,398
calibration__4081__denoise__attack__nes__l0.5,1021,49,18,513,18,634
calibration__4081__denoise__restore__nes__l0.5,1021,49,3,434,2,598
calibration__4081__denoise__random_walk__random_walk__l0.5,1024,50,2,1023,2,1023
calibration__4081__denoise__confidence_boost__nes__l0.5,1021,48,4,577,4,714
calibration__4081__denoise__boundary_probe__nes__l0.5,1021,48,7,530,7,688
calibration__4081__denoise__counterfactual__nes__l0.5,1021,47,18,499,12,666
calibration__4081__deblur__attack__nes__l1,1021,47,15,196,11,326
calibration__4081__deblur__restore__nes__l1,1021,49,14,697,14,786
calibration__4081__deblur__random_walk__random_walk__l1,1024,49,2,1023,2,1023
calibration__4081__deblur__confidence_boost__nes__l1,1021,48,18,310,2,453
calibration__4081__deblur__boundary_probe__nes__l1,1021,47,15,463,15,613
calibration__4081__deblur__counterfactual__nes__l1,1021,48,18,432,11,570
calibration__619__denoise__attack__nes__l0.5,1021,49,3,716,2,833
calibration__619__denoise__restore__nes__l0.5,1021,50,3,812,2,907
calibration__619__denoise__random_walk__random_walk__l0.5,1024,50,2,1023,2,1023
calibration__619__denoise__confidence_boost__nes__l0.5,1021,49,5,751,4,868
calibration__619__denoise__boundary_probe__nes__l0.5,1021,48,4,625,4,757
calibration__619__denoise__counterfactual__nes__l0.5,1021,49,8,657,3,795
calibration__619__deblur__attack__nes__l1,1021,48,4,350,4,468
calibration__619__deblur__restore__nes__l1,1021,47,2,548,2,700
calibration__619__deblur__random_walk__random_walk__l1,1024,49,2,1023,2,1023
calibration__619__deblur__confidence_boost__nes__l1,1021,49,10,610,5,740
calibration__619__deblur__boundary_probe__nes__l1,1021,48,3,361,3,500
calibration__619__deblur__counterfactual__nes__l1,1021,50,5,387,3,552
calibration__6770__denoise__attack__nes__l0.5,1021,47,5,416,5,555
calibration__6770__denoise__restore__nes__l0.5,1021,48,3,403,3,552
calibration__6770__denoise__random_walk__random_walk__l0.5,1024,49,2,1023,2,1023
calibration__6770__denoise__confidence_boost__nes__l0.5,1021,49,5,519,2,664
calibration__6770__denoise__boundary_probe__nes__l0.5,1021,47,15,354,2,469
calibration__6770__denoise__counterfactual__nes__l0.5,1021,47,3,440,3,611
calibration__6770__deblur__attack__nes__l1,1021,49,2,351,2,478
calibration__6770__deblur__restore__nes__l1,1021,49,18,438,12,583
calibration__6770__deblur__random_walk__random_walk__l1,1024,49,2,1023,2,1023
calibration__6770__deblur__confidence_boost__nes__l1,1021,49,4,262,4,359
calibration__6770__deblur__boundary_probe__nes__l1,1021,49,15,306,12,433
calibration__6770__deblur__counterfactual__nes__l1,1021,48,6,263,6,379
calibration__2303__denoise__attack__nes__l0.5,1021,47,2,157,2,218
calibration__2303__denoise__restore__nes__l0.5,1021,48,18,358,10,470
calibration__2303__denoise__random_walk__random_walk__l0.5,1024,49,2,1023,2,1023
calibration__2303__denoise__confidence_boost__nes__l0.5,1021,48,7,249,7,354
calibration__2303__denoise__boundary_probe__nes__l0.5,1021,48,18,290,18,398
calibration__2303__denoise__counterfactual__nes__l0.5,1021,48,18,229,18,335
calibration__2303__deblur__attack__nes__l1,1021,48,18,167,4,249
calibration__2303__deblur__restore__nes__l1,1021,48,18,164,14,245
calibration__2303__deblur__random_walk__random_walk__l1,1024,49,2,1023,2,1023
calibration__2303__deblur__confidence_boost__nes__l1,1021,47,18,99,18,149
calibration__2303__deblur__boundary_probe__nes__l1,1021,48,17,136,17,213
calibration__2303__deblur__counterfactual__nes__l1,1021,46,4,128,4,183
calibration__8924__denoise__attack__nes__l0.5,1021,49,4,301,4,433
calibration__8924__denoise__restore__nes__l0.5,1021,49,5,304,5,440
calibration__8924__denoise__random_walk__random_walk__l0.5,1024,49,2,1023,2,1023
calibration__8924__denoise__confidence_boost__nes__l0.5,1021,47,2,305,2,435
calibration__8924__denoise__boundary_probe__nes__l0.5,1021,49,13,403,11,527
calibration__8924__denoise__counterfactual__nes__l0.5,1021,48,3,307,2,440
calibration__8924__deblur__attack__nes__l1,1021,49,10,575,5,720
calibration__8924__deblur__restore__nes__l1,1021,47,5,402,5,551
calibration__8924__deblur__random_walk__random_walk__l1,1024,49,2,1023,2,1023
calibration__8924__deblur__confidence_boost__nes__l1,1021,47,3,424,3,567
calibration__8924__deblur__boundary_probe__nes__l1,1021,48,3,654,2,779
calibration__8924__deblur__counterfactual__nes__l1,1021,48,12,550,3,711
calibration__3700__denoise__attack__nes__l0.5,1021,47,18,174,14,269
calibration__3700__denoise__restore__nes__l0.5,1021,47,18,281,18,380
calibration__3700__denoise__random_walk__random_walk__l0.5,1024,50,2,1023,2,1023
calibration__3700__denoise__confidence_boost__nes__l0.5,1021,48,4,106,4,159
calibration__3700__denoise__boundary_probe__nes__l0.5,1021,47,18,331,18,448
calibration__3700__denoise__counterfactual__nes__l0.5,1021,49,18,307,18,437
calibration__3700__deblur__attack__nes__l1,1021,49,4,752,2,874
calibration__3700__deblur__restore__nes__l1,1021,48,4,584,4,741
calibration__3700__deblur__random_walk__random_walk__l1,1024,50,2,1023,2,1023
calibration__3700__deblur__confidence_boost__nes__l1,1021,49,4,698,4,829
calibration__3700__deblur__boundary_probe__nes__l1,1021,48,8,632,7,792
calibration__3700__deblur__counterfactual__nes__l1,1021,49,5,566,2,716
calibration__94__denoise__attack__nes__l0.5,1021,48,18,389,18,513
calibration__94__denoise__restore__nes__l0.5,1021,48,18,256,12,362
calibration__94__denoise__random_walk__random_walk__l0.5,1024,49,2,1023,2,1023
calibration__94__denoise__confidence_boost__nes__l0.5,1021,48,7,314,7,460
calibration__94__denoise__boundary_probe__nes__l0.5,1021,49,11,379,11,519
calibration__94__denoise__counterfactual__nes__l0.5,1021,47,18,209,18,302
calibration__94__deblur__attack__nes__l1,1021,48,3,180,3,266
calibration__94__deblur__restore__nes__l1,1021,48,3,241,3,355
calibration__94__deblur__random_walk__random_walk__l1,1024,49,2,1023,2,1023
calibration__94__deblur__confidence_boost__nes__l1,1021,47,18,273,18,399
calibration__94__deblur__boundary_probe__nes__l1,1021,49,18,357,7,489
calibration__94__deblur__counterfactual__nes__l1,1021,47,8,339,8,456
calibration__6056__denoise__attack__nes__l0.5,1021,47,5,481,5,635
calibration__6056__denoise__restore__nes__l0.5,1021,49,4,686,4,813
calibration__6056__denoise__random_walk__random_walk__l0.5,1024,49,2,1023,2,1023
calibration__6056__denoise__confidence_boost__nes__l0.5,1021,48,3,552,3,707
calibration__6056__denoise__boundary_probe__nes__l0.5,1021,48,3,503,3,656
calibration__6056__denoise__counterfactual__nes__l0.5,1021,48,2,505,2,654
calibration__6056__deblur__attack__nes__l1,1021,48,3,485,2,626
calibration__6056__deblur__restore__nes__l1,1021,48,6,373,4,509
calibration__6056__deblur__random_walk__random_walk__l1,1024,49,2,1023,2,1023
calibration__6056__deblur__confidence_boost__nes__l1,1021,48,3,214,3,320
calibration__6056__deblur__boundary_probe__nes__l1,1021,48,3,475,3,612
calibration__6056__deblur__counterfactual__nes__l1,1021,49,5,398,5,545
calibration__2316__denoise__attack__nes__l0.5,1021,47,2,699,2,821
calibration__2316__denoise__restore__nes__l0.5,1021,48,13,593,6,745
calibration__2316__denoise__random_walk__random_walk__l0.5,1024,49,2,1023,2,1023
calibration__2316__denoise__confidence_boost__nes__l0.5,1021,48,2,495,2,667
calibration__2316__denoise__boundary_probe__nes__l0.5,1021,49,2,800,2,913
calibration__2316__denoise__counterfactual__nes__l0.5,1021,48,2,556,2,703
calibration__2316__deblur__attack__nes__l1,1021,49,2,664,2,794
calibration__2316__deblur__restore__nes__l1,1021,48,3,576,3,738
calibration__2316__deblur__random_walk__random_walk__l1,1024,50,2,1023,2,1023
calibration__2316__deblur__confidence_boost__nes__l1,1021,48,7,610,2,776
calibration__2316__deblur__boundary_probe__nes__l1,1021,49,2,633,2,765
calibration__2316__deblur__counterfactual__nes__l1,1021,48,2,427,2,569
calibration__7331__denoise__attack__nes__l0.5,1021,47,8,238,8,354
calibration__7331__denoise__restore__nes__l0.5,1021,48,11,214,9,308
calibration__7331__denoise__random_walk__random_walk__l0.5,1024,49,2,1023,2,1023
calibration__7331__denoise__confidence_boost__nes__l0.5,1021,48,5,328,5,447
calibration__7331__denoise__boundary_probe__nes__l0.5,1021,49,18,312,3,444
calibration__7331__denoise__counterfactual__nes__l0.5,1021,47,17,198,3,286
calibration__7331__deblur__attack__nes__l1,1021,48,5,564,5,699
calibration__7331__deblur__restore__nes__l1,1021,48,6,535,6,675
calibration__7331__deblur__random_walk__random_walk__l1,1024,50,2,1023,2,1023
calibration__7331__deblur__confidence_boost__nes__l1,1021,48,17,496,10,647
calibration__7331__deblur__boundary_probe__nes__l1,1021,48,2,428,2,564
calibration__7331__deblur__counterfactual__nes__l1,1021,48,7,272,7,388
calibration__4603__denoise__attack__nes__l0.5,1021,48,12,134,12,204
calibration__4603__denoise__restore__nes__l0.5,1021,48,18,194,18,292
calibration__4603__denoise__random_walk__random_walk__l0.5,1024,49,2,1023,2,1023
calibration__4603__denoise__confidence_boost__nes__l0.5,1021,49,6,327,6,429
calibration__4603__denoise__boundary_probe__nes__l0.5,1021,48,18,258,18,385
calibration__4603__denoise__counterfactual__nes__l0.5,1021,47,18,276,18,382
calibration__4603__deblur__attack__nes__l1,1021,48,3,411,3,536
calibration__4603__deblur__restore__nes__l1,1021,48,9,301,9,442
calibration__4603__deblur__random_walk__random_walk__l1,1024,49,2,1023,2,1023
calibration__4603__deblur__confidence_boost__nes__l1,1021,49,5,506,5,646
calibration__4603__deblur__boundary_probe__nes__l1,1021,47,16,335,10,440
calibration__4603__deblur__counterfactual__nes__l1,1021,47,18,252,9,369
calibration__1215__denoise__attack__nes__l0.5,1021,47,2,386,2,525
calibration__1215__denoise__restore__nes__l0.5,1021,49,5,629,5,774
calibration__1215__denoise__random_walk__random_walk__l0.5,1024,50,2,1023,2,1023
calibration__1215__denoise__confidence_boost__nes__l0.5,1021,47,3,391,3,552
calibration__1215__denoise__boundary_probe__nes__l0.5,1021,48,5,642,5,791
calibration__1215__denoise__counterfactual__nes__l0.5,1021,48,5,574,5,730
calibration__1215__deblur__attack__nes__l1,1021,48,5,768,5,872
calibration__1215__deblur__restore__nes__l1,1021,48,7,363,7,508
calibration__1215__deblur__random_walk__random_walk__l1,1024,50,2,1023,2,1023
calibration__1215__deblur__confidence_boost__nes__l1,1021,49,3,527,3,700
calibration__1215__deblur__boundary_probe__nes__l1,1021,49,5,707,5,842
calibration__1215__deblur__counterfactual__nes__l1,1021,48,13,513,3,652
calibration__7380__denoise__attack__nes__l0.5,1021,47,8,189,8,285
calibration__7380__denoise__restore__nes__l0.5,1021,48,3,301,3,413
calibration__7380__denoise__random_walk__random_walk__l0.5,1024,49,2,1023,2,1023
calibration__7380__denoise__confidence_boost__nes__l0.5,1021,47,11,323,6,448
calibration__7380__denoise__boundary_probe__nes__l0.5,1021,48,16,214,16,308
calibration__7380__denoise__counterfactual__nes__l0.5,1021,49,18,318,5,445
calibration__7380__deblur__attack__nes__l1,1021,48,15,374,9,523
calibration__7380__deblur__restore__nes__l1,1021,49,4,669,4,781
calibration__7380__deblur__random_walk__random_walk__l1,1024,50,2,1023,2,1023
calibration__7380__deblur__confidence_boost__nes__l1,1021,49,12,550,10,691
calibration__7380__deblur__boundary_probe__nes__l1,1021,49,4,497,4,618
calibration__7380__deblur__counterfactual__nes__l1,1021,48,6,653,2,776
calibration__2196__denoise__attack__nes__l0.5,1021,48,9,396,2,532
calibration__2196__denoise__restore__nes__l0.5,1021,48,7,327,2,495
calibration__2196__denoise__random_walk__random_walk__l0.5,1024,50,2,1023,2,1023
calibration__2196__denoise__confidence_boost__nes__l0.5,1021,47,5,521,5,668
calibration__2196__denoise__boundary_probe__nes__l0.5,1021,48,3,298,3,451
calibration__2196__denoise__counterfactual__nes__l0.5,1021,50,18,534,9,685
calibration__2196__deblur__attack__nes__l1,1021,48,12,365,6,534
calibration__2196__deblur__restore__nes__l1,1021,48,8,305,8,411
calibration__2196__deblur__random_walk__random_walk__l1,1024,49,2,1023,2,1023
calibration__2196__deblur__confidence_boost__nes__l1,1021,48,3,289,3,399
calibration__2196__deblur__boundary_probe__nes__l1,1021,48,4,405,4,546
calibration__2196__deblur__counterfactual__nes__l1,1021,49,6,419,6,564
calibration__8679__denoise__attack__nes__l0.5,1021,50,4,589,4,711
calibration__8679__denoise__restore__nes__l0.5,1021,49,5,641,2,783
calibration__8679__denoise__random_walk__random_walk__l0.5,1024,49,2,1023,2,1023
calibration__8679__denoise__confidence_boost__nes__l0.5,1021,49,2,748,2,850
calibration__8679__denoise__boundary_probe__nes__l0.5,1021,50,7,546,2,685
calibration__8679__denoise__counterfactual__nes__l0.5,1021,48,4,503,4,655
calibration__8679__deblur__attack__nes__l1,1021,48,6,502,4,671
calibration__8679__deblur__restore__nes__l1,1021,48,2,676,2,817
calibration__8679__deblur__random_walk__random_walk__l1,1024,50,2,1023,2,1023
calibration__8679__deblur__confidence_boost__nes__l1,1021,49,10,801,4,910
calibration__8679__deblur__boundary_probe__nes__l1,1021,49,2,502,2,681
calibration__8679__deblur__counterfactual__nes__l1,1021,49,3,609,3,757
calibration__3841__denoise__attack__nes__l0.5,1021,48,9,259,9,376
calibration__3841__denoise__restore__nes__l0.5,1021,48,17,262,17,351
calibration__3841__denoise__random_walk__random_walk__l0.5,1024,50,2,1023,2,1023
calibration__3841__denoise__confidence_boost__nes__l0.5,1021,48,6,270,4,372
calibration__3841__denoise__boundary_probe__nes__l0.5,1021,47,6,179,6,276
calibration__3841__denoise__counterfactual__nes__l0.5,1021,49,17,290,16,402
calibration__3841__deblur__attack__nes__l1,1021,48,3,624,3,760
calibration__3841__deblur__restore__nes__l1,1021,50,4,766,4,863
calibration__3841__deblur__random_walk__random_walk__l1,1024,50,2,1023,2,1023
calibration__3841__deblur__confidence_boost__nes__l1,1021,49,3,495,2,649
calibration__3841__deblur__boundary_probe__nes__l1,1021,48,13,661,4,808
calibration__3841__deblur__counterfactual__nes__l1,1021,49,8,353,4,487
evaluation__667__denoise__attack__nes__l0.5,1021,48,18,323,18,456
evaluation__667__denoise__restore__nes__l0.5,1021,48,18,422,12,565
evaluation__667__denoise__random_walk__random_walk__l0.5,1024,49,2,1023,2,1023
evaluation__667__denoise__confidence_boost__nes__l0.5,1021,48,18,246,18,380
evaluation__667__denoise__boundary_probe__nes__l0.5,1021,48,6,482,2,624
evaluation__667__denoise__counterfactual__nes__l0.5,1021,48,18,513,18,632
evaluation__667__deblur__attack__nes__l1,1021,49,2,291,2,398
evaluation__667__deblur__restore__nes__l1,1021,48,6,282,2,404
evaluation__667__deblur__random_walk__random_walk__l1,1024,49,2,1023,2,1023
evaluation__667__deblur__confidence_boost__nes__l1,1021,46,13,262,13,363
evaluation__667__deblur__boundary_probe__nes__l1,1021,48,13,424,6,548
evaluation__667__deblur__counterfactual__nes__l1,1021,49,3,266,3,407
evaluation__2966__denoise__attack__nes__l0.5,1021,49,2,330,2,468
evaluation__2966__denoise__restore__nes__l0.5,1021,49,3,604,3,748
evaluation__2966__denoise__random_walk__random_walk__l0.5,1024,49,2,1023,2,1023
evaluation__2966__denoise__confidence_boost__nes__l0.5,1021,49,6,616,5,749
evaluation__2966__denoise__boundary_probe__nes__l0.5,1021,50,4,643,2,790
evaluation__2966__denoise__counterfactual__nes__l0.5,1021,49,9,576,7,721
evaluation__2966__deblur__attack__nes__l1,1021,49,3,551,3,698
evaluation__2966__deblur__restore__nes__l1,1021,49,6,508,6,638
evaluation__2966__deblur__random_walk__random_walk__l1,1024,49,2,1023,2,1023
evaluation__2966__deblur__confidence_boost__nes__l1,1021,49,2,674,2,798
evaluation__2966__deblur__boundary_probe__nes__l1,1021,50,8,604,5,725
evaluation__2966__deblur__counterfactual__nes__l1,1021,48,2,710,2,843
evaluation__5452__denoise__attack__nes__l0.5,1021,49,2,675,2,808
evaluation__5452__denoise__restore__nes__l0.5,1021,48,4,620,4,753
evaluation__5452__denoise__random_walk__random_walk__l0.5,1024,49,2,1023,2,1023
evaluation__5452__denoise__confidence_boost__nes__l0.5,1021,49,3,670,3,797
evaluation__5452__denoise__boundary_probe__nes__l0.5,1021,48,2,689,2,825
evaluation__5452__denoise__counterfactual__nes__l0.5,1021,48,3,722,3,847
evaluation__5452__deblur__attack__nes__l1,1021,48,5,414,5,575
evaluation__5452__deblur__restore__nes__l1,1021,48,15,609,3,733
evaluation__5452__deblur__random_walk__random_walk__l1,1024,50,2,1023,2,1023
evaluation__5452__deblur__confidence_boost__nes__l1,1021,48,2,432,2,570
evaluation__5452__deblur__boundary_probe__nes__l1,1021,49,12,596,6,749
evaluation__5452__deblur__counterfactual__nes__l1,1021,48,9,488,6,648
evaluation__9111__denoise__attack__nes__l0.5,1021,47,3,457,3,610
evaluation__9111__denoise__restore__nes__l0.5,1021,50,11,552,3,719
evaluation__9111__denoise__random_walk__random_walk__l0.5,1024,50,2,1023,2,1023
evaluation__9111__denoise__confidence_boost__nes__l0.5,1021,49,4,557,4,692
evaluation__9111__denoise__boundary_probe__nes__l0.5,1021,47,4,345,4,496
evaluation__9111__denoise__counterfactual__nes__l0.5,1021,48,2,446,2,605
evaluation__9111__deblur__attack__nes__l1,1021,48,6,275,4,393
evaluation__9111__deblur__restore__nes__l1,1021,47,5,289,5,444
evaluation__9111__deblur__random_walk__random_walk__l1,1024,50,2,1023,2,1023
evaluation__9111__deblur__confidence_boost__nes__l1,1021,48,13,503,5,654
evaluation__9111__deblur__boundary_probe__nes__l1,1021,48,3,245,3,335
evaluation__9111__deblur__counterfactual__nes__l1,1021,50,2,595,2,738
evaluation__2607__denoise__attack__nes__l0.5,1021,49,18,269,6,394
evaluation__2607__denoise__restore__nes__l0.5,1021,48,5,465,5,597
evaluation__2607__denoise__random_walk__random_walk__l0.5,1024,49,2,1023,2,1023
evaluation__2607__denoise__confidence_boost__nes__l0.5,1021,47,5,257,5,376
evaluation__2607__denoise__boundary_probe__nes__l0.5,1021,48,8,255,6,359
evaluation__2607__denoise__counterfactual__nes__l0.5,1021,48,12,169,12,240
evaluation__2607__deblur__attack__nes__l1,1021,48,4,440,4,574
evaluation__2607__deblur__restore__nes__l1,1021,49,6,428,6,554
evaluation__2607__deblur__random_walk__random_walk__l1,1024,49,2,1023,2,1023
evaluation__2607__deblur__confidence_boost__nes__l1,1021,49,4,484,4,613
evaluation__2607__deblur__boundary_probe__nes__l1,1021,48,7,665,7,765
evaluation__2607__deblur__counterfactual__nes__l1,1021,48,4,165,4,268
evaluation__4755__denoise__attack__nes__l0.5,1021,48,9,422,9,563
evaluation__4755__denoise__restore__nes__l0.5,1021,48,18,333,6,476
evaluation__4755__denoise__random_walk__random_walk__l0.5,1024,49,2,1023,2,1023
evaluation__4755__denoise__confidence_boost__nes__l0.5,1021,49,4,316,4,442
evaluation__4755__denoise__boundary_probe__nes__l0.5,1021,49,17,352,15,497
evaluation__4755__denoise__counterfactual__nes__l0.5,1021,48,18,211,18,301
evaluation__4755__deblur__attack__nes__l1,1021,48,18,235,18,333
evaluation__4755__deblur__restore__nes__l1,1021,48,18,427,8,569
evaluation__4755__deblur__random_walk__random_walk__l1,1024,49,2,1023,2,1023
evaluation__4755__deblur__confidence_boost__nes__l1,1021,47,7,301,7,420
evaluation__4755__deblur__boundary_probe__nes__l1,1021,48,18,463,15,607
evaluation__4755__deblur__counterfactual__nes__l1,1021,48,5,311,5,439
evaluation__8645__denoise__attack__nes__l0.5,1021,49,2,769,2,885
evaluation__8645__denoise__restore__nes__l0.5,1021,48,5,707,3,834
evaluation__8645__denoise__random_walk__random_walk__l0.5,1024,49,2,1023,2,1023
evaluation__8645__denoise__confidence_boost__nes__l0.5,1021,49,3,850,3,933
evaluation__8645__denoise__boundary_probe__nes__l0.5,1021,50,2,891,2,961
evaluation__8645__denoise__counterfactual__nes__l0.5,1021,48,5,733,3,852
evaluation__8645__deblur__attack__nes__l1,1021,48,14,269,14,398
evaluation__8645__deblur__restore__nes__l1,1021,48,5,232,5,334
evaluation__8645__deblur__random_walk__random_walk__l1,1024,49,2,1023,2,1023
evaluation__8645__deblur__confidence_boost__nes__l1,1021,49,7,351,7,474
evaluation__8645__deblur__boundary_probe__nes__l1,1021,47,14,268,4,411
evaluation__8645__deblur__counterfactual__nes__l1,1021,48,18,232,18,342
evaluation__832__denoise__attack__nes__l0.5,1021,48,18,261,13,369
evaluation__832__denoise__restore__nes__l0.5,1021,50,5,496,5,647
evaluation__832__denoise__random_walk__random_walk__l0.5,1024,50,2,1023,2,1023
evaluation__832__denoise__confidence_boost__nes__l0.5,1021,47,18,284,18,409
evaluation__832__denoise__boundary_probe__nes__l0.5,1021,48,3,396,3,524
evaluation__832__denoise__counterfactual__nes__l0.5,1021,48,8,387,8,524
evaluation__832__deblur__attack__nes__l1,1021,49,7,550,7,699
evaluation__832__deblur__restore__nes__l1,1021,48,9,477,9,613
evaluation__832__deblur__random_walk__random_walk__l1,1024,50,2,1023,2,1023
evaluation__832__deblur__confidence_boost__nes__l1,1021,48,4,450,4,610
evaluation__832__deblur__boundary_probe__nes__l1,1021,48,11,624,2,749
evaluation__832__deblur__counterfactual__nes__l1,1021,47,11,341,8,493
evaluation__4440__denoise__attack__nes__l0.5,1021,48,7,262,7,372
evaluation__4440__denoise__restore__nes__l0.5,1021,48,2,344,2,472
evaluation__4440__denoise__random_walk__random_walk__l0.5,1024,50,2,1023,2,1023
evaluation__4440__denoise__confidence_boost__nes__l0.5,1021,48,11,223,11,342
evaluation__4440__denoise__boundary_probe__nes__l0.5,1021,47,2,267,2,401
evaluation__4440__denoise__counterfactual__nes__l0.5,1021,47,11,263,7,379
evaluation__4440__deblur__attack__nes__l1,1021,48,3,256,3,374
evaluation__4440__deblur__restore__nes__l1,1021,47,18,126,5,208
evaluation__4440__deblur__random_walk__random_walk__l1,1024,49,2,1023,2,1023
evaluation__4440__deblur__confidence_boost__nes__l1,1021,48,16,295,5,388
evaluation__4440__deblur__boundary_probe__nes__l1,1021,47,10,267,10,362
evaluation__4440__deblur__counterfactual__nes__l1,1021,48,12,337,5,467
evaluation__6248__denoise__attack__nes__l0.5,1021,49,18,303,6,437
evaluation__6248__denoise__restore__nes__l0.5,1021,47,12,435,5,597
evaluation__6248__denoise__random_walk__random_walk__l0.5,1024,50,2,1023,2,1023
evaluation__6248__denoise__confidence_boost__nes__l0.5,1021,48,6,224,4,335
evaluation__6248__denoise__boundary_probe__nes__l0.5,1021,47,18,434,18,600
evaluation__6248__denoise__counterfactual__nes__l0.5,1021,48,4,371,4,520
evaluation__6248__deblur__attack__nes__l1,1021,49,5,474,5,613
evaluation__6248__deblur__restore__nes__l1,1021,47,2,206,2,327
evaluation__6248__deblur__random_walk__random_walk__l1,1024,50,2,1023,2,1023
evaluation__6248__deblur__confidence_boost__nes__l1,1021,48,6,270,6,390
evaluation__6248__deblur__boundary_probe__nes__l1,1021,48,6,326,4,457
evaluation__6248__deblur__counterfactual__nes__l1,1021,49,18,387,9,507
evaluation__434__denoise__attack__nes__l0.5,1021,48,2,560,2,721
evaluation__434__denoise__restore__nes__l0.5,1021,49,7,464,6,618
evaluation__434__denoise__random_walk__random_walk__l0.5,1024,49,2,1023,2,1023
evaluation__434__denoise__confidence_boost__nes__l0.5,1021,46,5,508,5,649
evaluation__434__denoise__boundary_probe__nes__l0.5,1021,48,2,663,2,779
evaluation__434__denoise__counterfactual__nes__l0.5,1021,48,6,412,5,558
evaluation__434__deblur__attack__nes__l1,1021,49,18,362,6,501
evaluation__434__deblur__restore__nes__l1,1021,46,13,162,11,247
evaluation__434__deblur__random_walk__random_walk__l1,1024,50,2,1023,2,1023
evaluation__434__deblur__confidence_boost__nes__l1,1021,47,18,224,18,338
evaluation__434__deblur__boundary_probe__nes__l1,1021,48,18,266,18,411
evaluation__434__deblur__counterfactual__nes__l1,1021,49,12,275,12,395
evaluation__2733__denoise__attack__nes__l0.5,1021,47,3,146,3,224
evaluation__2733__denoise__restore__nes__l0.5,1021,47,10,193,10,292
evaluation__2733__denoise__random_walk__random_walk__l0.5,1024,50,2,1023,2,1023
evaluation__2733__denoise__confidence_boost__nes__l0.5,1021,48,16,105,16,154
evaluation__2733__denoise__boundary_probe__nes__l0.5,1021,46,9,236,9,362
evaluation__2733__denoise__counterfactual__nes__l0.5,1021,46,11,165,11,261
evaluation__2733__deblur__attack__nes__l1,1021,48,7,362,7,501
evaluation__2733__deblur__restore__nes__l1,1021,47,13,196,8,286
evaluation__2733__deblur__random_walk__random_walk__l1,1024,49,2,1023,2,1023
evaluation__2733__deblur__confidence_boost__nes__l1,1021,48,4,177,4,250
evaluation__2733__deblur__boundary_probe__nes__l1,1021,48,4,190,4,278
evaluation__2733__deblur__counterfactual__nes__l1,1021,47,7,200,7,309
evaluation__5204__denoise__attack__nes__l0.5,1021,49,6,445,6,598
evaluation__5204__denoise__restore__nes__l0.5,1021,48,14,552,14,698
evaluation__5204__denoise__random_walk__random_walk__l0.5,1024,49,2,1023,2,1023
evaluation__5204__denoise__confidence_boost__nes__l0.5,1021,48,13,511,13,671
evaluation__5204__denoise__boundary_probe__nes__l0.5,1021,48,6,599,6,739
evaluation__5204__denoise__counterfactual__nes__l0.5,1021,48,2,508,2,648
evaluation__5204__deblur__attack__nes__l1,1021,47,5,418,5,536
evaluation__5204__deblur__restore__nes__l1,1021,48,3,334,3,461
evaluation__5204__deblur__random_walk__random_walk__l1,1024,49,2,1023,2,1023
evaluation__5204__deblur__confidence_boost__nes__l1,1021,48,4,374,2,506
evaluation__5204__deblur__boundary_probe__nes__l1,1021,49,2,393,2,535
evaluation__5204__deblur__counterfactual__nes__l1,1021,48,2,526,2,670
evaluation__8096__denoise__attack__nes__l0.5,1021,49,7,423,7,544
evaluation__8096__denoise__restore__nes__l0.5,1021,47,18,284,18,410
evaluation__8096__denoise__random_walk__random_walk__l0.5,1024,49,2,1023,2,1023
evaluation__8096__denoise__confidence_boost__nes__l0.5,1021,50,13,271,13,393
evaluation__8096__denoise__boundary_probe__nes__l0.5,1021,48,18,264,4,377
evaluation__8096__denoise__counterfactual__nes__l0.5,1021,48,15,309,15,434
evaluation__8096__deblur__attack__nes__l1,1021,47,4,315,4,437
evaluation__8096__deblur__restore__nes__l1,1021,48,3,171,3,251
evaluation__8096__deblur__random_walk__random_walk__l1,1024,49,2,1023,2,1023
evaluation__8096__deblur__confidence_boost__nes__l1,1021,49,18,299,18,443
evaluation__8096__deblur__boundary_probe__nes__l1,1021,49,7,466,3,591
evaluation__8096__deblur__counterfactual__nes__l1,1021,48,12,336,11,470
evaluation__1364__denoise__attack__nes__l0.5,1021,48,18,338,9,472
evaluation__1364__denoise__restore__nes__l0.5,1021,48,6,352,6,484
evaluation__1364__denoise__random_walk__random_walk__l0.5,1024,50,2,1023,2,1023
evaluation__1364__denoise__confidence_boost__nes__l0.5,1021,48,16,332,8,492
evaluation__1364__denoise__boundary_probe__nes__l0.5,1021,48,18,347,10,475
evaluation__1364__denoise__counterfactual__nes__l0.5,1021,49,18,265,7,381
evaluation__1364__deblur__attack__nes__l1,1021,46,13,175,7,260
evaluation__1364__deblur__restore__nes__l1,1021,48,7,405,7,530
evaluation__1364__deblur__random_walk__random_walk__l1,1024,50,2,1023,2,1023
evaluation__1364__deblur__confidence_boost__nes__l1,1021,47,18,270,4,389
evaluation__1364__deblur__boundary_probe__nes__l1,1021,49,18,347,2,498
evaluation__1364__deblur__counterfactual__nes__l1,1021,47,18,215,14,329
evaluation__4443__denoise__attack__nes__l0.5,1021,48,4,245,4,370
evaluation__4443__denoise__restore__nes__l0.5,1021,48,5,300,5,432
evaluation__4443__denoise__random_walk__random_walk__l0.5,1024,49,2,1023,2,1023
evaluation__4443__denoise__confidence_boost__nes__l0.5,1021,48,4,374,4,488
evaluation__4443__denoise__boundary_probe__nes__l0.5,1021,49,4,467,4,591
evaluation__4443__denoise__counterfactual__nes__l0.5,1021,48,4,257,3,375
evaluation__4443__deblur__attack__nes__l1,1021,48,14,357,14,482
evaluation__4443__deblur__restore__nes__l1,1021,47,2,212,2,314
evaluation__4443__deblur__random_walk__random_walk__l1,1024,50,2,1023,2,1023
evaluation__4443__deblur__confidence_boost__nes__l1,1021,48,9,242,9,338
evaluation__4443__deblur__boundary_probe__nes__l1,1021,47,7,231,7,346
evaluation__4443__deblur__counterfactual__nes__l1,1021,47,9,475,9,625
evaluation__7029__denoise__attack__nes__l0.5,1021,49,3,341,3,467
evaluation__7029__denoise__restore__nes__l0.5,1021,49,18,444,3,581
evaluation__7029__denoise__random_walk__random_walk__l0.5,1024,50,2,1023,2,1023
evaluation__7029__denoise__confidence_boost__nes__l0.5,1021,48,2,414,2,571
evaluation__7029__denoise__boundary_probe__nes__l0.5,1021,50,3,424,3,569
evaluation__7029__denoise__counterfactual__nes__l0.5,1021,48,4,479,4,610
evaluation__7029__deblur__attack__nes__l1,1021,48,2,579,2,730
evaluation__7029__deblur__restore__nes__l1,1021,49,2,353,2,492
evaluation__7029__deblur__random_walk__random_walk__l1,1024,50,2,1023,2,1023
evaluation__7029__deblur__confidence_boost__nes__l1,1021,48,11,411,11,564
evaluation__7029__deblur__boundary_probe__nes__l1,1021,48,6,393,6,522
evaluation__7029__deblur__counterfactual__nes__l1,1021,49,11,366,11,485
evaluation__1752__denoise__attack__nes__l0.5,1021,49,6,624,3,740
evaluation__1752__denoise__restore__nes__l0.5,1021,47,2,546,2,683
evaluation__1752__denoise__random_walk__random_walk__l0.5,1024,49,2,1023,2,1023
evaluation__1752__denoise__confidence_boost__nes__l0.5,1021,48,5,369,5,514
evaluation__1752__denoise__boundary_probe__nes__l0.5,1021,49,6,544,3,680
evaluation__1752__denoise__counterfactual__nes__l0.5,1021,47,2,557,2,670
evaluation__1752__deblur__attack__nes__l1,1021,47,16,202,5,296
evaluation__1752__deblur__restore__nes__l1,1021,47,18,225,18,347
evaluation__1752__deblur__random_walk__random_walk__l1,1024,50,2,1023,2,1023
evaluation__1752__deblur__confidence_boost__nes__l1,1021,48,11,228,11,358
evaluation__1752__deblur__boundary_probe__nes__l1,1021,48,13,272,5,395
evaluation__1752__deblur__counterfactual__nes__l1,1021,48,18,262,18,360
evaluation__5615__denoise__attack__nes__l0.5,1021,47,4,313,4,432
evaluation__5615__denoise__restore__nes__l0.5,1021,47,9,208,9,311
evaluation__5615__denoise__random_walk__random_walk__l0.5,1024,49,2,1023,2,1023
evaluation__5615__denoise__confidence_boost__nes__l0.5,1021,47,5,309,5,449
evaluation__5615__denoise__boundary_probe__nes__l0.5,1021,48,12,246,11,377
evaluation__5615__denoise__counterfactual__nes__l0.5,1021,48,2,221,2,331
evaluation__5615__deblur__attack__nes__l1,1021,47,3,293,3,418
evaluation__5615__deblur__restore__nes__l1,1021,48,3,202,3,285
evaluation__5615__deblur__random_walk__random_walk__l1,1024,49,2,1023,2,1023
evaluation__5615__deblur__confidence_boost__nes__l1,1021,49,2,243,2,341
evaluation__5615__deblur__boundary_probe__nes__l1,1021,49,5,220,5,294
evaluation__5615__deblur__counterfactual__nes__l1,1021,50,11,256,11,374
evaluation__7779__denoise__attack__nes__l0.5,1021,48,6,629,3,789
evaluation__7779__denoise__restore__nes__l0.5,1021,47,3,510,2,676
evaluation__7779__denoise__random_walk__random_walk__l0.5,1024,49,2,1023,2,1023
evaluation__7779__denoise__confidence_boost__nes__l0.5,1021,49,9,774,4,884
evaluation__7779__denoise__boundary_probe__nes__l0.5,1021,50,10,625,7,772
evaluation__7779__denoise__counterfactual__nes__l0.5,1021,48,2,708,2,855
evaluation__7779__deblur__attack__nes__l1,1021,49,11,205,4,301
evaluation__7779__deblur__restore__nes__l1,1021,47,11,231,11,327
evaluation__7779__deblur__random_walk__random_walk__l1,1024,50,2,1023,2,1023
evaluation__7779__deblur__confidence_boost__nes__l1,1021,48,2,114,2,157
evaluation__7779__deblur__boundary_probe__nes__l1,1021,47,18,209,6,309
evaluation__7779__deblur__counterfactual__nes__l1,1021,48,8,176,5,262
evaluation__30__denoise__attack__nes__l0.5,1021,49,5,846,5,919
evaluation__30__denoise__restore__nes__l0.5,1021,49,4,694,4,823
evaluation__30__denoise__random_walk__random_walk__l0.5,1024,49,2,1023,2,1023
evaluation__30__denoise__confidence_boost__nes__l0.5,1021,47,5,657,5,795
evaluation__30__denoise__boundary_probe__nes__l0.5,1021,50,4,853,4,917
evaluation__30__denoise__counterfactual__nes__l0.5,1021,49,2,818,2,916
evaluation__30__deblur__attack__nes__l1,1021,48,10,349,10,459
evaluation__30__deblur__restore__nes__l1,1021,49,9,431,9,576
evaluation__30__deblur__random_walk__random_walk__l1,1024,49,2,1023,2,1023
evaluation__30__deblur__confidence_boost__nes__l1,1021,46,15,239,15,328
evaluation__30__deblur__boundary_probe__nes__l1,1021,49,2,344,2,467
evaluation__30__deblur__counterfactual__nes__l1,1021,49,2,375,2,495
evaluation__3588__denoise__attack__nes__l0.5,1021,48,4,690,3,823
evaluation__3588__denoise__restore__nes__l0.5,1021,49,3,613,3,755
evaluation__3588__denoise__random_walk__random_walk__l0.5,1024,49,2,1023,2,1023
evaluation__3588__denoise__confidence_boost__nes__l0.5,1021,49,4,635,2,784
evaluation__3588__denoise__boundary_probe__nes__l0.5,1021,48,4,407,4,574
evaluation__3588__denoise__counterfactual__nes__l0.5,1021,48,3,559,3,744
evaluation__3588__deblur__attack__nes__l1,1021,50,9,156,9,256
evaluation__3588__deblur__restore__nes__l1,1021,48,8,327,8,446
evaluation__3588__deblur__random_walk__random_walk__l1,1024,49,2,1023,2,1023
evaluation__3588__deblur__confidence_boost__nes__l1,1021,50,18,148,18,255
evaluation__3588__deblur__boundary_probe__nes__l1,1021,48,14,177,11,269
evaluation__3588__deblur__counterfactual__nes__l1,1021,48,18,306,18,436
evaluation__5973__denoise__attack__nes__l0.5,1021,49,18,500,13,641
evaluation__5973__denoise__restore__nes__l0.5,1021,47,18,279,9,410
evaluation__5973__denoise__random_walk__random_walk__l0.5,1024,50,2,1023,2,1023
evaluation__5973__denoise__confidence_boost__nes__l0.5,1021,49,9,263,9,371
evaluation__5973__denoise__boundary_probe__nes__l0.5,1021,49,12,401,12,538
evaluation__5973__denoise__counterfactual__nes__l0.5,1021,48,2,180,2,284
evaluation__5973__deblur__attack__nes__l1,1021,48,3,597,3,730
evaluation__5973__deblur__restore__nes__l1,1021,49,4,602,4,718
evaluation__5973__deblur__random_walk__random_walk__l1,1024,49,2,1023,2,1023
evaluation__5973__deblur__confidence_boost__nes__l1,1021,50,5,626,5,760
evaluation__5973__deblur__boundary_probe__nes__l1,1021,48,5,682,5,788
evaluation__5973__deblur__counterfactual__nes__l1,1021,49,4,591,3,724
evaluation__8346__denoise__attack__nes__l0.5,1021,48,2,355,2,505
evaluation__8346__denoise__restore__nes__l0.5,1021,48,2,519,2,666
evaluation__8346__denoise__random_walk__random_walk__l0.5,1024,50,2,1023,2,1023
evaluation__8346__denoise__confidence_boost__nes__l0.5,1021,48,4,350,4,508
evaluation__8346__denoise__boundary_probe__nes__l0.5,1021,49,2,410,2,554
evaluation__8346__denoise__counterfactual__nes__l0.5,1021,48,6,328,4,484
evaluation__8346__deblur__attack__nes__l1,1021,48,5,508,2,654
evaluation__8346__deblur__restore__nes__l1,1021,48,9,417,9,560
evaluation__8346__deblur__random_walk__random_walk__l1,1024,50,2,1023,2,1023
evaluation__8346__deblur__confidence_boost__nes__l1,1021,49,12,686,11,804
evaluation__8346__deblur__boundary_probe__nes__l1,1021,49,2,373,2,554
evaluation__8346__deblur__counterfactual__nes__l1,1021,48,11,517,8,675
evaluation__2089__denoise__attack__nes__l0.5,1021,48,2,362,2,485
evaluation__2089__denoise__restore__nes__l0.5,1021,48,7,382,6,528
evaluation__2089__denoise__random_walk__random_walk__l0.5,1024,49,2,1023,2,1023
evaluation__2089__denoise__confidence_boost__nes__l0.5,1021,49,12,276,12,406
evaluation__2089__denoise__boundary_probe__nes__l0.5,1021,49,9,375,9,503
evaluation__2089__denoise__counterfactual__nes__l0.5,1021,48,3,248,3,391
evaluation__2089__deblur__attack__nes__l1,1021,47,6,195,6,286
evaluation__2089__deblur__restore__nes__l1,1021,47,18,264,18,379
evaluation__2089__deblur__random_walk__random_walk__l1,1024,49,2,1023,2,1023
evaluation__2089__deblur__confidence_boost__nes__l1,1021,48,18,118,10,169
evaluation__2089__deblur__boundary_probe__nes__l1,1021,48,15,171,15,245
evaluation__2089__deblur__counterfactual__nes__l1,1021,49,18,167,18,255
evaluation__6041__denoise__attack__nes__l0.5,1021,49,14,415,14,551
evaluation__6041__denoise__restore__nes__l0.5,1021,50,8,543,8,658
evaluation__6041__denoise__random_walk__random_walk__l0.5,1024,49,2,1023,2,1023
evaluation__6041__denoise__confidence_boost__nes__l0.5,1021,48,8,293,8,433
evaluation__6041__denoise__boundary_probe__nes__l0.5,1021,48,2,285,2,417
evaluation__6041__denoise__counterfactual__nes__l0.5,1021,48,5,199,5,321
evaluation__6041__deblur__attack__nes__l1,1021,49,14,322,14,472
evaluation__6041__deblur__restore__nes__l1,1021,49,18,343,18,488
evaluation__6041__deblur__random_walk__random_walk__l1,1024,50,2,1023,2,1023
evaluation__6041__deblur__confidence_boost__nes__l1,1021,48,7,306,7,454
evaluation__6041__deblur__boundary_probe__nes__l1,1021,49,7,324,4,450
evaluation__6041__deblur__counterfactual__nes__l1,1021,48,4,302,4,423
evaluation__8821__denoise__attack__nes__l0.5,1021,47,6,504,2,647
evaluation__8821__denoise__restore__nes__l0.5,1021,50,7,703,5,815
evaluation__8821__denoise__random_walk__random_walk__l0.5,1024,49,2,1023,2,1023
evaluation__8821__denoise__confidence_boost__nes__l0.5,1021,48,4,307,3,429
evaluation__8821__denoise__boundary_probe__nes__l0.5,1021,49,2,754,2,874
evaluation__8821__denoise__counterfactual__nes__l0.5,1021,48,4,462,4,628
evaluation__8821__deblur__attack__nes__l1,1021,48,16,284,7,416
evaluation__8821__deblur__restore__nes__l1,1021,48,10,292,3,427
evaluation__8821__deblur__random_walk__random_walk__l1,1024,49,2,1023,2,1023
evaluation__8821__deblur__confidence_boost__nes__l1,1021,48,6,492,6,634
evaluation__8821__deblur__boundary_probe__nes__l1,1021,48,6,469,6,614
evaluation__8821__deblur__counterfactual__nes__l1,1021,49,9,469,9,592
evaluation__2135__denoise__attack__nes__l0.5,1021,49,4,464,4,613
evaluation__2135__denoise__restore__nes__l0.5,1021,48,18,358,16,493
evaluation__2135__denoise__random_walk__random_walk__l0.5,1024,49,2,1023,2,1023
evaluation__2135__denoise__confidence_boost__nes__l0.5,1021,49,5,337,5,468
evaluation__2135__denoise__boundary_probe__nes__l0.5,1021,48,2,273,2,388
evaluation__2135__denoise__counterfactual__nes__l0.5,1021,48,4,207,3,308
evaluation__2135__deblur__attack__nes__l1,1021,49,3,427,3,570
evaluation__2135__deblur__restore__nes__l1,1021,48,7,417,6,565
evaluation__2135__deblur__random_walk__random_walk__l1,1024,50,2,1023,2,1023
evaluation__2135__deblur__confidence_boost__nes__l1,1021,50,6,590,6,718
evaluation__2135__deblur__boundary_probe__nes__l1,1021,48,3,515,3,630
evaluation__2135__deblur__counterfactual__nes__l1,1021,49,13,445,12,593
evaluation__4812__denoise__attack__nes__l0.5,1021,49,4,748,4,875
evaluation__4812__denoise__restore__nes__l0.5,1021,50,2,649,2,803
evaluation__4812__denoise__random_walk__random_walk__l0.5,1024,50,2,1023,2,1023
evaluation__4812__denoise__confidence_boost__nes__l0.5,1021,47,4,596,4,743
evaluation__4812__denoise__boundary_probe__nes__l0.5,1021,48,2,769,2,870
evaluation__4812__denoise__counterfactual__nes__l0.5,1021,49,2,770,2,875
evaluation__4812__deblur__attack__nes__l1,1021,49,11,331,2,466
evaluation__4812__deblur__restore__nes__l1,1021,48,4,248,4,361
evaluation__4812__deblur__random_walk__random_walk__l1,1024,49,2,1023,2,1023
evaluation__4812__deblur__confidence_boost__nes__l1,1021,48,7,200,7,296
evaluation__4812__deblur__boundary_probe__nes__l1,1021,49,5,267,5,394
evaluation__4812__deblur__counterfactual__nes__l1,1021,48,18,152,6,226
evaluation__7599__denoise__attack__nes__l0.5,1021,48,18,283,8,399
evaluation__7599__denoise__restore__nes__l0.5,1021,48,8,211,8,303
evaluation__7599__denoise__random_walk__random_walk__l0.5,1024,50,2,1023,2,1023
evaluation__7599__denoise__confidence_boost__nes__l0.5,1021,49,14,196,11,292
evaluation__7599__denoise__boundary_probe__nes__l0.5,1021,49,18,321,8,450
evaluation__7599__denoise__counterfactual__nes__l0.5,1021,47,15,203,15,293
evaluation__7599__deblur__attack__nes__l1,1021,49,18,333,13,449
evaluation__7599__deblur__restore__nes__l1,1021,46,18,234,18,344
evaluation__7599__deblur__random_walk__random_walk__l1,1024,50,2,1023,2,1023
evaluation__7599__deblur__confidence_boost__nes__l1,1021,48,18,401,8,528
evaluation__7599__deblur__boundary_probe__nes__l1,1021,48,8,374,5,500
evaluation__7599__deblur__counterfactual__nes__l1,1021,48,18,254,18,347
evaluation__174__denoise__attack__nes__l0.5,1021,48,7,371,5,494
evaluation__174__denoise__restore__nes__l0.5,1021,48,15,673,15,785
evaluation__174__denoise__random_walk__random_walk__l0.5,1024,49,2,1023,2,1023
evaluation__174__denoise__confidence_boost__nes__l0.5,1021,48,7,331,7,468
evaluation__174__denoise__boundary_probe__nes__l0.5,1021,48,9,523,3,664
evaluation__174__denoise__counterfactual__nes__l0.5,1021,49,15,315,5,448
evaluation__174__deblur__attack__nes__l1,1021,49,6,483,4,642
evaluation__174__deblur__restore__nes__l1,1021,49,2,487,2,634
evaluation__174__deblur__random_walk__random_walk__l1,1024,50,2,1023,2,1023
evaluation__174__deblur__confidence_boost__nes__l1,1021,48,7,605,7,755
evaluation__174__deblur__boundary_probe__nes__l1,1021,48,9,463,9,609
evaluation__174__deblur__counterfactual__nes__l1,1021,48,3,408,3,555
evaluation__1702__denoise__attack__nes__l0.5,1021,49,2,812,2,919
evaluation__1702__denoise__restore__nes__l0.5,1021,48,2,753,2,879
evaluation__1702__denoise__random_walk__random_walk__l0.5,1024,49,2,1023,2,1023
evaluation__1702__denoise__confidence_boost__nes__l0.5,1021,48,5,818,3,916
evaluation__1702__denoise__boundary_probe__nes__l0.5,1021,49,2,864,2,940
evaluation__1702__denoise__counterfactual__nes__l0.5,1021,48,2,704,2,843
evaluation__1702__deblur__attack__nes__l1,1021,48,4,688,4,815
evaluation__1702__deblur__restore__nes__l1,1021,48,2,665,2,799
evaluation__1702__deblur__random_walk__random_walk__l1,1024,50,2,1023,2,1023
evaluation__1702__deblur__confidence_boost__nes__l1,1021,48,4,480,3,622
evaluation__1702__deblur__boundary_probe__nes__l1,1021,48,5,783,5,881
evaluation__1702__deblur__counterfactual__nes__l1,1021,48,4,609,4,721
evaluation__4380__denoise__attack__nes__l0.5,1021,48,5,788,3,899
evaluation__4380__denoise__restore__nes__l0.5,1021,49,3,754,3,875
evaluation__4380__denoise__random_walk__random_walk__l0.5,1024,49,2,1023,2,1023
evaluation__4380__denoise__confidence_boost__nes__l0.5,1021,49,3,782,3,884
evaluation__4380__denoise__boundary_probe__nes__l0.5,1021,50,3,803,3,904
evaluation__4380__denoise__counterfactual__nes__l0.5,1021,49,6,927,6,959
evaluation__4380__deblur__attack__nes__l1,1021,48,18,491,3,627
evaluation__4380__deblur__restore__nes__l1,1021,47,12,177,12,281
evaluation__4380__deblur__random_walk__random_walk__l1,1024,49,2,1023,2,1023
evaluation__4380__deblur__confidence_boost__nes__l1,1021,49,4,257,4,371
evaluation__4380__deblur__boundary_probe__nes__l1,1021,48,2,324,2,471
evaluation__4380__deblur__counterfactual__nes__l1,1021,48,7,524,5,673
evaluation__8849__denoise__attack__nes__l0.5,1021,49,3,653,3,788
evaluation__8849__denoise__restore__nes__l0.5,1021,48,2,629,2,779
evaluation__8849__denoise__random_walk__random_walk__l0.5,1024,49,2,1023,2,1023
evaluation__8849__denoise__confidence_boost__nes__l0.5,1021,48,2,760,2,870
evaluation__8849__denoise__boundary_probe__nes__l0.5,1021,49,2,704,2,843
evaluation__8849__denoise__counterfactual__nes__l0.5,1021,49,6,845,6,924
evaluation__8849__deblur__attack__nes__l1,1021,48,6,274,6,394
evaluation__8849__deblur__restore__nes__l1,1021,48,5,329,5,472
evaluation__8849__deblur__random_walk__random_walk__l1,1024,50,2,1023,2,1023
evaluation__8849__deblur__confidence_boost__nes__l1,1021,48,16,410,16,546
evaluation__8849__deblur__boundary_probe__nes__l1,1021,49,11,166,2,242
evaluation__8849__deblur__counterfactual__nes__l1,1021,48,3,243,3,338
fit__6618__denoise__attack__nes__l0.5,1021,50,2,745,2,859
fit__6618__denoise__restore__nes__l0.5,1021,48,4,689,4,817
fit__6618__denoise__random_walk__random_walk__l0.5,1024,50,2,1023,2,1023
fit__6618__denoise__confidence_boost__nes__l0.5,1021,48,2,773,2,879
fit__6618__denoise__boundary_probe__nes__l0.5,1021,48,3,816,3,899
fit__6618__denoise__counterfactual__nes__l0.5,1021,49,2,760,2,880
fit__6618__deblur__attack__nes__l1,1021,49,2,541,2,681
fit__6618__deblur__restore__nes__l1,1021,48,3,517,2,661
fit__6618__deblur__random_walk__random_walk__l1,1024,50,2,1023,2,1023
fit__6618__deblur__confidence_boost__nes__l1,1021,48,2,665,2,782
fit__6618__deblur__boundary_probe__nes__l1,1021,49,7,630,3,758
fit__6618__deblur__counterfactual__nes__l1,1021,49,2,731,2,848
fit__2439__denoise__attack__nes__l0.5,1021,47,6,534,4,672
fit__2439__denoise__restore__nes__l0.5,1021,47,7,318,3,466
fit__2439__denoise__random_walk__random_walk__l0.5,1024,50,2,1023,2,1023
fit__2439__denoise__confidence_boost__nes__l0.5,1021,48,2,349,2,502
fit__2439__denoise__boundary_probe__nes__l0.5,1021,49,2,412,2,566
fit__2439__denoise__counterfactual__nes__l0.5,1021,49,4,453,4,592
fit__2439__deblur__attack__nes__l1,1021,50,7,295,7,421
fit__2439__deblur__restore__nes__l1,1021,48,5,245,5,360
fit__2439__deblur__random_walk__random_walk__l1,1024,49,2,1023,2,1023
fit__2439__deblur__confidence_boost__nes__l1,1021,49,8,316,8,452
fit__2439__deblur__boundary_probe__nes__l1,1021,48,7,425,4,561
fit__2439__deblur__counterfactual__nes__l1,1021,49,2,242,2,334
fit__8097__denoise__attack__nes__l0.5,1021,47,18,247,18,338
fit__8097__denoise__restore__nes__l0.5,1021,47,18,93,9,121
fit__8097__denoise__random_walk__random_walk__l0.5,1024,49,2,1023,2,1023
fit__8097__denoise__confidence_boost__nes__l0.5,1021,48,18,172,18,237
fit__8097__denoise__boundary_probe__nes__l0.5,1021,48,13,167,13,231
fit__8097__denoise__counterfactual__nes__l0.5,1021,47,18,188,4,282
fit__8097__deblur__attack__nes__l1,1021,48,5,588,2,749
fit__8097__deblur__restore__nes__l1,1021,48,9,591,6,743
fit__8097__deblur__random_walk__random_walk__l1,1024,49,2,1023,2,1023
fit__8097__deblur__confidence_boost__nes__l1,1021,48,6,528,5,689
fit__8097__deblur__boundary_probe__nes__l1,1021,49,13,661,2,784
fit__8097__deblur__counterfactual__nes__l1,1021,48,15,548,2,706
fit__1690__denoise__attack__nes__l0.5,1021,48,5,553,5,699
fit__1690__denoise__restore__nes__l0.5,1021,48,14,375,14,541
fit__1690__denoise__random_walk__random_walk__l0.5,1024,50,2,1023,2,1023
fit__1690__denoise__confidence_boost__nes__l0.5,1021,47,6,293,6,408
fit__1690__denoise__boundary_probe__nes__l0.5,1021,48,3,538,3,684
fit__1690__denoise__counterfactual__nes__l0.5,1021,48,8,472,3,618
fit__1690__deblur__attack__nes__l1,1021,48,2,741,2,845
fit__1690__deblur__restore__nes__l1,1021,49,2,554,2,715
fit__1690__deblur__random_walk__random_walk__l1,1024,49,2,1023,2,1023
fit__1690__deblur__confidence_boost__nes__l1,1021,48,3,713,3,836
fit__1690__deblur__boundary_probe__nes__l1,1021,49,2,710,2,835
fit__1690__deblur__counterfactual__nes__l1,1021,48,3,625,3,791
fit__8095__denoise__attack__nes__l0.5,1021,50,5,805,5,895
fit__8095__denoise__restore__nes__l0.5,1021,48,6,593,3,744
fit__8095__denoise__random_walk__random_walk__l0.5,1024,50,2,1023,2,1023
fit__8095__denoise__confidence_boost__nes__l0.5,1021,48,10,757,10,873
fit__8095__denoise__boundary_probe__nes__l0.5,1021,49,2,761,2,870
fit__8095__denoise__counterfactual__nes__l0.5,1021,48,3,788,3,882
fit__8095__deblur__attack__nes__l1,1021,48,4,556,4,690
fit__8095__deblur__restore__nes__l1,1021,49,9,493,7,654
fit__8095__deblur__random_walk__random_walk__l1,1024,49,2,1023,2,1023
fit__8095__deblur__confidence_boost__nes__l1,1021,48,2,518,2,675
fit__8095__deblur__boundary_probe__nes__l1,1021,48,4,456,3,621
fit__8095__deblur__counterfactual__nes__l1,1021,48,6,329,3,459
fit__5529__denoise__attack__nes__l0.5,1021,48,8,434,8,590
fit__5529__denoise__restore__nes__l0.5,1021,48,3,500,3,657
fit__5529__denoise__random_walk__random_walk__l0.5,1024,49,2,1023,2,1023
fit__5529__denoise__confidence_boost__nes__l0.5,1021,47,10,343,7,497
fit__5529__denoise__boundary_probe__nes__l0.5,1021,48,10,329,2,498
fit__5529__denoise__counterfactual__nes__l0.5,1021,47,11,480,4,631
fit__5529__deblur__attack__nes__l1,1021,48,4,237,4,326
fit__5529__deblur__restore__nes__l1,1021,46,18,149,4,242
fit__5529__deblur__random_walk__random_walk__l1,1024,50,2,1023,2,1023
fit__5529__deblur__confidence_boost__nes__l1,1021,48,18,319,18,442
fit__5529__deblur__boundary_probe__nes__l1,1021,48,2,203,2,300
fit__5529__deblur__counterfactual__nes__l1,1021,47,13,188,13,271
fit__427__denoise__attack__nes__l0.5,1021,48,18,596,13,735
fit__427__denoise__restore__nes__l0.5,1021,49,10,308,10,443
fit__427__denoise__random_walk__random_walk__l0.5,1024,50,2,1023,2,1023
fit__427__denoise__confidence_boost__nes__l0.5,1021,48,2,257,2,399
fit__427__denoise__boundary_probe__nes__l0.5,1021,48,18,376,7,532
fit__427__denoise__counterfactual__nes__l0.5,1021,48,2,247,2,345
fit__427__deblur__attack__nes__l1,1021,47,18,147,18,208
fit__427__deblur__restore__nes__l1,1021,48,18,92,18,129
fit__427__deblur__random_walk__random_walk__l1,1024,49,2,1023,2,1023
fit__427__deblur__confidence_boost__nes__l1,1021,49,18,99,18,142
fit__427__deblur__boundary_probe__nes__l1,1021,48,18,105,18,146
fit__427__deblur__counterfactual__nes__l1,1021,47,18,177,18,266
fit__8500__denoise__attack__nes__l0.5,1021,48,12,326,2,477
fit__8500__denoise__restore__nes__l0.5,1021,47,11,306,9,450
fit__8500__denoise__random_walk__random_walk__l0.5,1024,50,2,1023,2,1023
fit__8500__denoise__confidence_boost__nes__l0.5,1021,48,8,285,8,422
fit__8500__denoise__boundary_probe__nes__l0.5,1021,47,5,349,3,468
fit__8500__denoise__counterfactual__nes__l0.5,1021,49,3,444,2,582
fit__8500__deblur__attack__nes__l1,1021,48,2,191,2,286
fit__8500__deblur__restore__nes__l1,1021,48,16,366,16,475
fit__8500__deblur__random_walk__random_walk__l1,1024,49,2,1023,2,1023
fit__8500__deblur__confidence_boost__nes__l1,1021,49,4,603,4,711
fit__8500__deblur__boundary_probe__nes__l1,1021,50,12,267,12,376
fit__8500__deblur__counterfactual__nes__l1,1021,49,9,278,9,381
fit__4259__denoise__attack__nes__l0.5,1021,48,4,390,4,554
fit__4259__denoise__restore__nes__l0.5,1021,48,8,343,8,485
fit__4259__denoise__random_walk__random_walk__l0.5,1024,49,2,1023,2,1023
fit__4259__denoise__confidence_boost__nes__l0.5,1021,48,5,302,5,405
fit__4259__denoise__boundary_probe__nes__l0.5,1021,49,4,376,4,538
fit__4259__denoise__counterfactual__nes__l0.5,1021,48,3,368,3,522
fit__4259__deblur__attack__nes__l1,1021,48,3,728,3,841
fit__4259__deblur__restore__nes__l1,1021,49,2,557,2,708
fit__4259__deblur__random_walk__random_walk__l1,1024,49,2,1023,2,1023
fit__4259__deblur__confidence_boost__nes__l1,1021,48,2,602,2,738
fit__4259__deblur__boundary_probe__nes__l1,1021,49,4,711,2,825
fit__4259__deblur__counterfactual__nes__l1,1021,48,7,761,2,870
fit__7368__denoise__attack__nes__l0.5,1021,49,4,386,4,519
fit__7368__denoise__restore__nes__l0.5,1021,48,11,455,11,590
fit__7368__denoise__random_walk__random_walk__l0.5,1024,50,2,1023,2,1023
fit__7368__denoise__confidence_boost__nes__l0.5,1021,49,6,522,6,668
fit__7368__denoise__boundary_probe__nes__l0.5,1021,48,14,408,3,569
fit__7368__denoise__counterfactual__nes__l0.5,1021,48,17,500,15,649
fit__7368__deblur__attack__nes__l1,1021,50,6,543,3,676
fit__7368__deblur__restore__nes__l1,1021,48,5,448,5,608
fit__7368__deblur__random_walk__random_walk__l1,1024,50,2,1023,2,1023
fit__7368__deblur__confidence_boost__nes__l1,1021,50,4,390,3,519
fit__7368__deblur__boundary_probe__nes__l1,1021,49,4,458,4,622
fit__7368__deblur__counterfactual__nes__l1,1021,49,3,577,3,720
fit__4857__denoise__attack__nes__l0.5,1021,48,2,511,2,652
fit__4857__denoise__restore__nes__l0.5,1021,49,2,564,2,705
fit__4857__denoise__random_walk__random_walk__l0.5,1024,49,2,1023,2,1023
fit__4857__denoise__confidence_boost__nes__l0.5,1021,48,2,615,2,741
fit__4857__denoise__boundary_probe__nes__l0.5,1021,47,2,301,2,425
fit__4857__denoise__counterfactual__nes__l0.5,1021,49,2,560,2,718
fit__4857__deblur__attack__nes__l1,1021,49,6,257,6,382
fit__4857__deblur__restore__nes__l1,1021,48,18,327,2,466
fit__4857__deblur__random_walk__random_walk__l1,1024,50,2,1023,2,1023
fit__4857__deblur__confidence_boost__nes__l1,1021,49,13,386,5,527
fit__4857__deblur__boundary_probe__nes__l1,1021,47,10,253,10,374
fit__4857__deblur__counterfactual__nes__l1,1021,47,18,253,5,361
fit__198__denoise__attack__nes__l0.5,1021,48,2,517,2,674
fit__198__denoise__restore__nes__l0.5,1021,48,3,550,3,713
fit__198__denoise__random_walk__random_walk__l0.5,1024,49,2,1023,2,1023
fit__198__denoise__confidence_boost__nes__l0.5,1021,47,4,421,4,559
fit__198__denoise__boundary_probe__nes__l0.5,1021,49,3,732,3,864
fit__198__denoise__counterfactual__nes__l0.5,1021,48,4,565,4,712
fit__198__deblur__attack__nes__l1,1021,48,2,355,2,505
fit__198__deblur__restore__nes__l1,1021,48,9,466,9,602
fit__198__deblur__random_walk__random_walk__l1,1024,49,2,1023,2,1023
fit__198__deblur__confidence_boost__nes__l1,1021,47,15,325,3,450
fit__198__deblur__boundary_probe__nes__l1,1021,48,2,356,2,510
fit__198__deblur__counterfactual__nes__l1,1021,49,2,619,2,758
fit__7086__denoise__attack__nes__l0.5,1021,48,8,551,8,685
fit__7086__denoise__restore__nes__l0.5,1021,48,13,447,13,593
fit__7086__denoise__random_walk__random_walk__l0.5,1024,49,2,1023,2,1023
fit__7086__denoise__confidence_boost__nes__l0.5,1021,48,13,490,7,629
fit__7086__denoise__boundary_probe__nes__l0.5,1021,47,2,523,2,668
fit__7086__denoise__counterfactual__nes__l0.5,1021,47,12,450,10,601
fit__7086__deblur__attack__nes__l1,1021,48,17,431,7,589
fit__7086__deblur__restore__nes__l1,1021,49,2,509,2,653
fit__7086__deblur__random_walk__random_walk__l1,1024,49,2,1023,2,1023
fit__7086__deblur__confidence_boost__nes__l1,1021,49,8,572,7,719
fit__7086__deblur__boundary_probe__nes__l1,1021,48,9,506,9,660
fit__7086__deblur__counterfactual__nes__l1,1021,49,17,455,2,612
fit__789__denoise__attack__nes__l0.5,1021,48,8,290,8,432
fit__789__denoise__restore__nes__l0.5,1021,47,16,242,11,357
fit__789__denoise__random_walk__random_walk__l0.5,1024,49,2,1023,2,1023
fit__789__denoise__confidence_boost__nes__l0.5,1021,48,18,271,4,389
fit__789__denoise__boundary_probe__nes__l0.5,1021,49,3,318,3,487
fit__789__denoise__counterfactual__nes__l0.5,1021,49,2,434,2,587
fit__789__deblur__attack__nes__l1,1021,48,6,347,5,476
fit__789__deblur__restore__nes__l1,1021,49,3,382,3,499
fit__789__deblur__random_walk__random_walk__l1,1024,49,2,1023,2,1023
fit__789__deblur__confidence_boost__nes__l1,1021,48,2,340,2,489
fit__789__deblur__boundary_probe__nes__l1,1021,48,4,413,4,533
fit__789__deblur__counterfactual__nes__l1,1021,49,6,505,6,660
fit__9130__denoise__attack__nes__l0.5,1021,48,2,413,2,565
fit__9130__denoise__restore__nes__l0.5,1021,48,3,566,3,687
fit__9130__denoise__random_walk__random_walk__l0.5,1024,50,2,1023,2,1023
fit__9130__denoise__confidence_boost__nes__l0.5,1021,49,3,532,3,658
fit__9130__denoise__boundary_probe__nes__l0.5,1021,49,2,743,2,853
fit__9130__denoise__counterfactual__nes__l0.5,1021,49,4,538,4,664
fit__9130__deblur__attack__nes__l1,1021,48,11,261,11,373
fit__9130__deblur__restore__nes__l1,1021,49,2,307,2,417
fit__9130__deblur__random_walk__random_walk__l1,1024,49,2,1023,2,1023
fit__9130__deblur__confidence_boost__nes__l1,1021,48,3,294,3,409
fit__9130__deblur__boundary_probe__nes__l1,1021,47,7,206,7,299
fit__9130__deblur__counterfactual__nes__l1,1021,48,13,363,2,461
fit__5028__denoise__attack__nes__l0.5,1021,48,18,293,8,419
fit__5028__denoise__restore__nes__l0.5,1021,48,18,290,18,412
fit__5028__denoise__random_walk__random_walk__l0.5,1024,49,2,1023,2,1023
fit__5028__denoise__confidence_boost__nes__l0.5,1021,49,4,359,4,510
fit__5028__denoise__boundary_probe__nes__l0.5,1021,49,18,304,3,459
fit__5028__denoise__counterfactual__nes__l0.5,1021,48,18,283,18,409
fit__5028__deblur__attack__nes__l1,1021,47,18,332,2,465
fit__5028__deblur__restore__nes__l1,1021,48,4,352,4,491
fit__5028__deblur__random_walk__random_walk__l1,1024,49,2,1023,2,1023
fit__5028__deblur__confidence_boost__nes__l1,1021,49,12,343,12,494
fit__5028__deblur__boundary_probe__nes__l1,1021,47,18,215,5,341
fit__5028__deblur__counterfactual__nes__l1,1021,48,5,231,5,332
calibration__4991__denoise__attack__nes__l0.5,1021,49,6,454,6,580
calibration__4991__denoise__restore__nes__l0.5,1021,48,18,324,9,464
calibration__4991__denoise__random_walk__random_walk__l0.5,1024,50,2,1023,2,1023
calibration__4991__denoise__confidence_boost__nes__l0.5,1021,48,2,352,2,487
calibration__4991__denoise__boundary_probe__nes__l0.5,1021,49,7,556,6,673
calibration__4991__denoise__counterfactual__nes__l0.5,1021,49,16,555,16,662
calibration__4991__deblur__attack__nes__l1,1021,49,2,635,2,779
calibration__4991__deblur__restore__nes__l1,1021,49,2,527,2,687
calibration__4991__deblur__random_walk__random_walk__l1,1024,49,2,1023,2,1023
calibration__4991__deblur__confidence_boost__nes__l1,1021,49,3,797,3,905
calibration__4991__deblur__boundary_probe__nes__l1,1021,49,5,734,4,853
calibration__4991__deblur__counterfactual__nes__l1,1021,49,6,819,6,904
calibration__1410__denoise__attack__nes__l0.5,1021,49,16,423,12,559
calibration__1410__denoise__restore__nes__l0.5,1021,48,6,188,3,268
calibration__1410__denoise__random_walk__random_walk__l0.5,1024,49,2,1023,2,1023
calibration__1410__denoise__confidence_boost__nes__l0.5,1021,50,15,276,15,388
calibration__1410__denoise__boundary_probe__nes__l0.5,1021,47,17,320,3,434
calibration__1410__denoise__counterfactual__nes__l0.5,1021,47,12,207,6,310
calibration__1410__deblur__attack__nes__l1,1021,47,7,423,7,574
calibration__1410__deblur__restore__nes__l1,1021,48,2,557,2,685
calibration__1410__deblur__random_walk__random_walk__l1,1024,49,2,1023,2,1023
calibration__1410__deblur__confidence_boost__nes__l1,1021,47,18,243,11,348
calibration__1410__deblur__boundary_probe__nes__l1,1021,48,4,588,4,743
calibration__1410__deblur__counterfactual__nes__l1,1021,49,8,483,4,643
calibration__6816__denoise__attack__nes__l0.5,1021,49,5,319,2,433
calibration__6816__denoise__restore__nes__l0.5,1021,48,15,259,2,360
calibration__6816__denoise__random_walk__random_walk__l0.5,1024,50,2,1023,2,1023
calibration__6816__denoise__confidence_boost__nes__l0.5,1021,46,17,335,2,474
calibration__6816__denoise__boundary_probe__nes__l0.5,1021,47,11,366,11,499
calibration__6816__denoise__counterfactual__nes__l0.5,1021,49,4,213,4,302
calibration__6816__deblur__attack__nes__l1,1021,48,2,421,2,575
calibration__6816__deblur__restore__nes__l1,1021,48,6,476,3,610
calibration__6816__deblur__random_walk__random_walk__l1,1024,49,2,1023,2,1023
calibration__6816__deblur__confidence_boost__nes__l1,1021,48,3,291,3,410
calibration__6816__deblur__boundary_probe__nes__l1,1021,48,18,474,6,613
calibration__6816__deblur__counterfactual__nes__l1,1021,49,8,360,8,504
calibration__3304__denoise__attack__nes__l0.5,1021,48,18,272,10,391
calibration__3304__denoise__restore__nes__l0.5,1021,49,17,328,17,439
calibration__3304__denoise__random_walk__random_walk__l0.5,1024,49,2,1023,2,1023
calibration__3304__denoise__confidence_boost__nes__l0.5,1021,48,10,258,10,347
calibration__3304__denoise__boundary_probe__nes__l0.5,1021,48,18,392,2,538
calibration__3304__denoise__counterfactual__nes__l0.5,1021,48,18,297,18,448
calibration__3304__deblur__attack__nes__l1,1021,48,3,305,3,423
calibration__3304__deblur__restore__nes__l1,1021,48,6,643,6,756
calibration__3304__deblur__random_walk__random_walk__l1,1024,49,2,1023,2,1023
calibration__3304__deblur__confidence_boost__nes__l1,1021,48,2,459,2,644
calibration__3304__deblur__boundary_probe__nes__l1,1021,48,3,519,3,677
calibration__3304__deblur__counterfactual__nes__l1,1021,48,5,306,5,457
calibration__9090__denoise__attack__nes__l0.5,1021,48,3,617,2,769
calibration__9090__denoise__restore__nes__l0.5,1021,48,2,541,2,677
calibration__9090__denoise__random_walk__random_walk__l0.5,1024,49,2,1023,2,1023
calibration__9090__denoise__confidence_boost__nes__l0.5,1021,48,3,630,3,752
calibration__9090__denoise__boundary_probe__nes__l0.5,1021,49,4,656,3,781
calibration__9090__denoise__counterfactual__nes__l0.5,1021,50,2,585,2,725
calibration__9090__deblur__attack__nes__l1,1021,49,2,343,2,480
calibration__9090__deblur__restore__nes__l1,1021,48,10,343,10,466
calibration__9090__deblur__random_walk__random_walk__l1,1024,50,2,1023,2,1023
calibration__9090__deblur__confidence_boost__nes__l1,1021,48,10,448,10,601
calibration__9090__deblur__boundary_probe__nes__l1,1021,49,18,399,4,577
calibration__9090__deblur__counterfactual__nes__l1,1021,49,15,306,3,444
calibration__4785__denoise__attack__nes__l0.5,1021,48,18,235,18,331
calibration__4785__denoise__restore__nes__l0.5,1021,47,18,135,18,193
calibration__4785__denoise__random_walk__random_walk__l0.5,1024,50,2,1023,2,1023
calibration__4785__denoise__confidence_boost__nes__l0.5,1021,49,18,269,18,359
calibration__4785__denoise__boundary_probe__nes__l0.5,1021,47,18,108,18,170
calibration__4785__denoise__counterfactual__nes__l0.5,1021,47,18,158,18,245
calibration__4785__deblur__attack__nes__l1,1021,48,5,558,4,687
calibration__4785__deblur__restore__nes__l1,1021,50,2,588,2,718
calibration__4785__deblur__random_walk__random_walk__l1,1024,50,2,1023,2,1023
calibration__4785__deblur__confidence_boost__nes__l1,1021,49,3,616,3,749
calibration__4785__deblur__boundary_probe__nes__l1,1021,48,7,506,2,672
calibration__4785__deblur__counterfactual__nes__l1,1021,48,2,479,2,635
calibration__1401__denoise__attack__nes__l0.5,1021,48,4,780,4,879
calibration__1401__denoise__restore__nes__l0.5,1021,48,2,768,2,855
calibration__1401__denoise__random_walk__random_walk__l0.5,1024,50,2,1023,2,1023
calibration__1401__denoise__confidence_boost__nes__l0.5,1021,49,3,816,3,901
calibration__1401__denoise__boundary_probe__nes__l0.5,1021,47,7,869,4,935
calibration__1401__denoise__counterfactual__nes__l0.5,1021,49,2,836,2,920
calibration__1401__deblur__attack__nes__l1,1021,49,2,857,2,951
calibration__1401__deblur__restore__nes__l1,1021,48,4,817,4,909
calibration__1401__deblur__random_walk__random_walk__l1,1024,49,2,1023,2,1023
calibration__1401__deblur__confidence_boost__nes__l1,1021,49,2,929,2,979
calibration__1401__deblur__boundary_probe__nes__l1,1021,49,4,887,3,956
calibration__1401__deblur__counterfactual__nes__l1,1021,48,6,875,4,950
calibration__7322__denoise__attack__nes__l0.5,1021,47,2,701,2,830
calibration__7322__denoise__restore__nes__l0.5,1021,48,3,783,3,891
calibration__7322__denoise__random_walk__random_walk__l0.5,1024,49,2,1023,2,1023
calibration__7322__denoise__confidence_boost__nes__l0.5,1021,50,3,790,3,895
calibration__7322__denoise__boundary_probe__nes__l0.5,1021,48,2,821,2,906
calibration__7322__denoise__counterfactual__nes__l0.5,1021,48,5,719,3,828
calibration__7322__deblur__attack__nes__l1,1021,48,5,290,3,395
calibration__7322__deblur__restore__nes__l1,1021,47,17,311,3,436
calibration__7322__deblur__random_walk__random_walk__l1,1024,49,2,1023,2,1023
calibration__7322__deblur__confidence_boost__nes__l1,1021,49,11,415,11,546
calibration__7322__deblur__boundary_probe__nes__l1,1021,47,12,234,11,344
calibration__7322__deblur__counterfactual__nes__l1,1021,48,4,313,4,444
calibration__3830__denoise__attack__nes__l0.5,1021,47,18,374,18,528
calibration__3830__denoise__restore__nes__l0.5,1021,48,7,383,7,525
calibration__3830__denoise__random_walk__random_walk__l0.5,1024,49,2,1023,2,1023
calibration__3830__denoise__confidence_boost__nes__l0.5,1021,48,16,462,15,605
calibration__3830__denoise__boundary_probe__nes__l0.5,1021,48,18,353,6,517
calibration__3830__denoise__counterfactual__nes__l0.5,1021,49,8,388,8,541
calibration__3830__deblur__attack__nes__l1,1021,48,4,361,4,506
calibration__3830__deblur__restore__nes__l1,1021,48,7,207,5,332
calibration__3830__deblur__random_walk__random_walk__l1,1024,49,2,1023,2,1023
calibration__3830__deblur__confidence_boost__nes__l1,1021,48,4,295,4,433
calibration__3830__deblur__boundary_probe__nes__l1,1021,48,3,496,3,634
calibration__3830__deblur__counterfactual__nes__l1,1021,49,5,311,5,481
calibration__8211__denoise__attack__nes__l0.5,1021,49,4,415,4,540
calibration__8211__denoise__restore__nes__l0.5,1021,47,4,414,4,565
calibration__8211__denoise__random_walk__random_walk__l0.5,1024,50,2,1023,2,1023
calibration__8211__denoise__confidence_boost__nes__l0.5,1021,48,3,465,3,606
calibration__8211__denoise__boundary_probe__nes__l0.5,1021,49,3,463,3,619
calibration__8211__denoise__counterfactual__nes__l0.5,1021,48,2,321,2,463
calibration__8211__deblur__attack__nes__l1,1021,49,7,423,7,567
calibration__8211__deblur__restore__nes__l1,1021,48,18,454,18,569
calibration__8211__deblur__random_walk__random_walk__l1,1024,49,2,1023,2,1023
calibration__8211__deblur__confidence_boost__nes__l1,1021,49,7,503,7,648
calibration__8211__deblur__boundary_probe__nes__l1,1021,47,7,397,7,538
calibration__8211__deblur__counterfactual__nes__l1,1021,49,18,409,6,555
calibration__7999__denoise__attack__nes__l0.5,1021,48,18,152,18,221
calibration__7999__denoise__restore__nes__l0.5,1021,48,5,151,5,216
calibration__7999__denoise__random_walk__random_walk__l0.5,1024,49,2,1023,2,1023
calibration__7999__denoise__confidence_boost__nes__l0.5,1021,48,18,148,18,217
calibration__7999__denoise__boundary_probe__nes__l0.5,1021,49,12,277,12,376
calibration__7999__denoise__counterfactual__nes__l0.5,1021,48,18,216,18,323
calibration__7999__deblur__attack__nes__l1,1021,48,9,221,9,318
calibration__7999__deblur__restore__nes__l1,1021,48,5,237,5,361
calibration__7999__deblur__random_walk__random_walk__l1,1024,49,2,1023,2,1023
calibration__7999__deblur__confidence_boost__nes__l1,1021,48,16,195,16,294
calibration__7999__deblur__boundary_probe__nes__l1,1021,48,18,210,18,295
calibration__7999__deblur__counterfactual__nes__l1,1021,49,7,161,2,239
calibration__1351__denoise__attack__nes__l0.5,1021,47,3,362,3,506
calibration__1351__denoise__restore__nes__l0.5,1021,48,2,674,2,801
calibration__1351__denoise__random_walk__random_walk__l0.5,1024,49,2,1023,2,1023
calibration__1351__denoise__confidence_boost__nes__l0.5,1021,48,5,549,5,708
calibration__1351__denoise__boundary_probe__nes__l0.5,1021,48,3,398,3,530
calibration__1351__denoise__counterfactual__nes__l0.5,1021,49,3,466,3,609
calibration__1351__deblur__attack__nes__l1,1021,49,4,686,2,835
calibration__1351__deblur__restore__nes__l1,1021,47,2,727,2,854
calibration__1351__deblur__random_walk__random_walk__l1,1024,50,2,1023,2,1023
calibration__1351__deblur__confidence_boost__nes__l1,1021,49,3,819,3,918
calibration__1351__deblur__boundary_probe__nes__l1,1021,48,2,808,2,900
calibration__1351__deblur__counterfactual__nes__l1,1021,49,7,856,7,926
calibration__7996__denoise__attack__nes__l0.5,1021,48,10,589,9,731
calibration__7996__denoise__restore__nes__l0.5,1021,48,16,599,13,724
calibration__7996__denoise__random_walk__random_walk__l0.5,1024,49,2,1023,2,1023
calibration__7996__denoise__confidence_boost__nes__l0.5,1021,49,2,653,2,772
calibration__7996__denoise__boundary_probe__nes__l0.5,1021,47,5,560,5,716
calibration__7996__denoise__counterfactual__nes__l0.5,1021,49,3,633,3,764
calibration__7996__deblur__attack__nes__l1,1021,47,6,175,6,264
calibration__7996__deblur__restore__nes__l1,1021,47,18,357,3,520
calibration__7996__deblur__random_walk__random_walk__l1,1024,50,2,1023,2,1023
calibration__7996__deblur__confidence_boost__nes__l1,1021,49,7,277,7,384
calibration__7996__deblur__boundary_probe__nes__l1,1021,48,18,215,10,302
calibration__7996__deblur__counterfactual__nes__l1,1021,48,18,323,10,445
calibration__2265__denoise__attack__nes__l0.5,1021,48,5,413,5,564
calibration__2265__denoise__restore__nes__l0.5,1021,48,3,642,3,757
calibration__2265__denoise__random_walk__random_walk__l0.5,1024,50,2,1023,2,1023
calibration__2265__denoise__confidence_boost__nes__l0.5,1021,48,8,800,3,885
calibration__2265__denoise__boundary_probe__nes__l0.5,1021,49,6,611,2,747
calibration__2265__denoise__counterfactual__nes__l0.5,1021,49,7,724,4,833
calibration__2265__deblur__attack__nes__l1,1021,48,7,152,7,256
calibration__2265__deblur__restore__nes__l1,1021,48,18,189,18,270
calibration__2265__deblur__random_walk__random_walk__l1,1024,50,2,1023,2,1023
calibration__2265__deblur__confidence_boost__nes__l1,1021,48,18,216,18,298
calibration__2265__deblur__boundary_probe__nes__l1,1021,48,18,200,18,314
calibration__2265__deblur__counterfactual__nes__l1,1021,47,18,164,18,247
calibration__8875__denoise__attack__nes__l0.5,1021,49,4,490,3,620
calibration__8875__denoise__restore__nes__l0.5,1021,48,3,592,3,706
calibration__8875__denoise__random_walk__random_walk__l0.5,1024,50,2,1023,2,1023
calibration__8875__denoise__confidence_boost__nes__l0.5,1021,48,5,401,5,540
calibration__8875__denoise__boundary_probe__nes__l0.5,1021,48,2,403,2,540
calibration__8875__denoise__counterfactual__nes__l0.5,1021,48,3,491,3,621
calibration__8875__deblur__attack__nes__l1,1021,48,15,808,15,908
calibration__8875__deblur__restore__nes__l1,1021,48,11,608,4,756
calibration__8875__deblur__random_walk__random_walk__l1,1024,50,2,1023,2,1023
calibration__8875__deblur__confidence_boost__nes__l1,1021,47,4,380,2,569
calibration__8875__deblur__boundary_probe__nes__l1,1021,49,10,631,4,770
calibration__8875__deblur__counterfactual__nes__l1,1021,49,7,732,7,854
calibration__5311__denoise__attack__nes__l0.5,1021,48,5,452,5,619
calibration__5311__denoise__restore__nes__l0.5,1021,49,3,546,3,688
calibration__5311__denoise__random_walk__random_walk__l0.5,1024,49,2,1023,2,1023
calibration__5311__denoise__confidence_boost__nes__l0.5,1021,48,5,543,3,673
calibration__5311__denoise__boundary_probe__nes__l0.5,1021,46,3,361,3,518
calibration__5311__denoise__counterfactual__nes__l0.5,1021,48,6,236,4,356
calibration__5311__deblur__attack__nes__l1,1021,48,3,390,3,533
calibration__5311__deblur__restore__nes__l1,1021,47,9,282,3,411
calibration__5311__deblur__random_walk__random_walk__l1,1024,49,2,1023,2,1023
calibration__5311__deblur__confidence_boost__nes__l1,1021,49,2,490,2,627
calibration__5311__deblur__boundary_probe__nes__l1,1021,48,5,226,5,332
calibration__5311__deblur__counterfactual__nes__l1,1021,48,2,361,2,506
evaluation__778__denoise__attack__nes__l0.5,1021,47,18,328,16,446
evaluation__778__denoise__restore__nes__l0.5,1021,48,18,157,11,249
evaluation__778__denoise__random_walk__random_walk__l0.5,1024,49,2,1023,2,1023
evaluation__778__denoise__confidence_boost__nes__l0.5,1021,49,18,353,18,462
evaluation__778__denoise__boundary_probe__nes__l0.5,1021,47,18,153,18,248
evaluation__778__denoise__counterfactual__nes__l0.5,1021,46,18,335,18,466
evaluation__778__deblur__attack__nes__l1,1021,48,3,563,3,710
evaluation__778__deblur__restore__nes__l1,1021,49,2,546,2,689
evaluation__778__deblur__random_walk__random_walk__l1,1024,49,2,1023,2,1023
evaluation__778__deblur__confidence_boost__nes__l1,1021,49,2,801,2,873
evaluation__778__deblur__boundary_probe__nes__l1,1021,49,2,635,2,772
evaluation__778__deblur__counterfactual__nes__l1,1021,48,3,417,3,564
evaluation__3219__denoise__attack__nes__l0.5,1021,47,17,246,7,350
evaluation__3219__denoise__restore__nes__l0.5,1021,48,18,272,8,394
evaluation__3219__denoise__random_walk__random_walk__l0.5,1024,49,2,1023,2,1023
evaluation__3219__denoise__confidence_boost__nes__l0.5,1021,49,10,364,10,511
evaluation__3219__denoise__boundary_probe__nes__l0.5,1021,48,10,280,10,396
evaluation__3219__denoise__counterfactual__nes__l0.5,1021,47,9,298,8,432
evaluation__3219__deblur__attack__nes__l1,1021,48,3,649,2,788
evaluation__3219__deblur__restore__nes__l1,1021,48,8,729,3,847
evaluation__3219__deblur__random_walk__random_walk__l1,1024,49,2,1023,2,1023
evaluation__3219__deblur__confidence_boost__nes__l1,1021,48,4,697,4,815
evaluation__3219__deblur__boundary_probe__nes__l1,1021,48,4,641,3,780
evaluation__3219__deblur__counterfactual__nes__l1,1021,49,2,708,2,834
evaluation__5569__denoise__attack__nes__l0.5,1021,48,2,216,2,314
evaluation__5569__denoise__restore__nes__l0.5,1021,48,2,125,2,180
evaluation__5569__denoise__random_walk__random_walk__l0.5,1024,49,2,1023,2,1023
evaluation__5569__denoise__confidence_boost__nes__l0.5,1021,49,18,176,6,249
evaluation__5569__denoise__boundary_probe__nes__l0.5,1021,48,18,117,18,157
evaluation__5569__denoise__counterfactual__nes__l0.5,1021,47,11,149,11,219
evaluation__5569__deblur__attack__nes__l1,1021,48,10,445,7,585
evaluation__5569__deblur__restore__nes__l1,1021,47,14,512,7,660
evaluation__5569__deblur__random_walk__random_walk__l1,1024,50,2,1023,2,1023
evaluation__5569__deblur__confidence_boost__nes__l1,1021,48,11,527,11,661
evaluation__5569__deblur__boundary_probe__nes__l1,1021,49,9,487,8,636
evaluation__5569__deblur__counterfactual__nes__l1,1021,49,8,358,3,488
evaluation__9802__denoise__attack__nes__l0.5,1021,48,4,308,4,426
evaluation__9802__denoise__restore__nes__l0.5,1021,49,2,368,2,480
evaluation__9802__denoise__random_walk__random_walk__l0.5,1024,49,2,1023,2,1023
evaluation__9802__denoise__confidence_boost__nes__l0.5,1021,47,17,217,17,328
evaluation__9802__denoise__boundary_probe__nes__l0.5,1021,48,6,273,6,397
evaluation__9802__denoise__counterfactual__nes__l0.5,1021,47,18,222,7,313
evaluation__9802__deblur__attack__nes__l1,1021,49,2,416,2,538
evaluation__9802__deblur__restore__nes__l1,1021,49,2,558,2,687
evaluation__9802__deblur__random_walk__random_walk__l1,1024,50,2,1023,2,1023
evaluation__9802__deblur__confidence_boost__nes__l1,1021,47,5,313,4,431
evaluation__9802__deblur__boundary_probe__nes__l1,1021,49,2,573,2,699
evaluation__9802__deblur__counterfactual__nes__l1,1021,48,13,508,3,674
evaluation__2712__denoise__attack__nes__l0.5,1021,48,4,212,4,321
evaluation__2712__denoise__restore__nes__l0.5,1021,48,15,217,5,298
evaluation__2712__denoise__random_walk__random_walk__l0.5,1024,49,2,1023,2,1023
evaluation__2712__denoise__confidence_boost__nes__l0.5,1021,49,3,137,3,207
evaluation__2712__denoise__boundary_probe__nes__l0.5,1021,49,17,378,17,511
evaluation__2712__denoise__counterfactual__nes__l0.5,1021,48,11,333,11,487
evaluation__2712__deblur__attack__nes__l1,1021,49,6,610,4,740
evaluation__2712__deblur__restore__nes__l1,1021,49,4,454,4,586
evaluation__2712__deblur__random_walk__random_walk__l1,1024,49,2,1023,2,1023
evaluation__2712__deblur__confidence_boost__nes__l1,1021,48,2,486,2,638
evaluation__2712__deblur__boundary_probe__nes__l1,1021,49,4,312,4,444
evaluation__2712__deblur__counterfactual__nes__l1,1021,48,3,333,3,452
evaluation__6550__denoise__attack__nes__l0.5,1021,48,6,340,6,499
evaluation__6550__denoise__restore__nes__l0.5,1021,48,7,423,7,594
evaluation__6550__denoise__random_walk__random_walk__l0.5,1024,49,2,1023,2,1023
evaluation__6550__denoise__confidence_boost__nes__l0.5,1021,47,8,490,3,636
evaluation__6550__denoise__boundary_probe__nes__l0.5,1021,47,3,322,2,458
evaluation__6550__denoise__counterfactual__nes__l0.5,1021,48,10,376,10,547
evaluation__6550__deblur__attack__nes__l1,1021,48,6,328,6,452
evaluation__6550__deblur__restore__nes__l1,1021,48,18,268,16,378
evaluation__6550__deblur__random_walk__random_walk__l1,1024,49,2,1023,2,1023
evaluation__6550__deblur__confidence_boost__nes__l1,1021,47,2,349,2,488
evaluation__6550__deblur__boundary_probe__nes__l1,1021,48,15,414,15,570
evaluation__6550__deblur__counterfactual__nes__l1,1021,48,11,196,9,290
evaluation__8772__denoise__attack__nes__l0.5,1021,47,18,249,4,372
evaluation__8772__denoise__restore__nes__l0.5,1021,48,10,309,10,422
evaluation__8772__denoise__random_walk__random_walk__l0.5,1024,50,2,1023,2,1023
evaluation__8772__denoise__confidence_boost__nes__l0.5,1021,48,12,257,12,377
evaluation__8772__denoise__boundary_probe__nes__l0.5,1021,48,6,288,6,426
evaluation__8772__denoise__counterfactual__nes__l0.5,1021,48,2,314,2,448
evaluation__8772__deblur__attack__nes__l1,1021,49,2,777,2,886
evaluation__8772__deblur__restore__nes__l1,1021,48,2,850,2,935
evaluation__8772__deblur__random_walk__random_walk__l1,1024,49,2,1023,2,1023
evaluation__8772__deblur__confidence_boost__nes__l1,1021,49,2,816,2,922
evaluation__8772__deblur__boundary_probe__nes__l1,1021,47,3,571,2,719
evaluation__8772__deblur__counterfactual__nes__l1,1021,49,2,877,2,946
evaluation__1539__denoise__attack__nes__l0.5,1021,47,18,229,16,342
evaluation__1539__denoise__restore__nes__l0.5,1021,48,13,241,13,353
evaluation__1539__denoise__random_walk__random_walk__l0.5,1024,49,2,1023,2,1023
evaluation__1539__denoise__confidence_boost__nes__l0.5,1021,48,18,421,11,580
evaluation__1539__denoise__boundary_probe__nes__l0.5,1021,48,6,221,6,323
evaluation__1539__denoise__counterfactual__nes__l0.5,1021,47,12,217,3,305
evaluation__1539__deblur__attack__nes__l1,1021,49,5,568,5,702
evaluation__1539__deblur__restore__nes__l1,1021,49,6,554,6,693
evaluation__1539__deblur__random_walk__random_walk__l1,1024,50,2,1023,2,1023
evaluation__1539__deblur__confidence_boost__nes__l1,1021,48,5,665,5,778
evaluation__1539__deblur__boundary_probe__nes__l1,1021,49,5,721,5,822
evaluation__1539__deblur__counterfactual__nes__l1,1021,48,3,388,3,518
evaluation__4753__denoise__attack__nes__l0.5,1021,48,2,705,2,818
evaluation__4753__denoise__restore__nes__l0.5,1021,49,3,915,3,960
evaluation__4753__denoise__random_walk__random_walk__l0.5,1024,50,2,1023,2,1023
evaluation__4753__denoise__confidence_boost__nes__l0.5,1021,49,2,712,2,842
evaluation__4753__denoise__boundary_probe__nes__l0.5,1021,49,2,935,2,984
evaluation__4753__denoise__counterfactual__nes__l0.5,1021,49,2,910,2,972
evaluation__4753__deblur__attack__nes__l1,1021,48,4,701,4,825
evaluation__4753__deblur__restore__nes__l1,1021,48,3,528,3,672
evaluation__4753__deblur__random_walk__random_walk__l1,1024,49,2,1023,2,1023
evaluation__4753__deblur__confidence_boost__nes__l1,1021,48,8,352,7,499
evaluation__4753__deblur__boundary_probe__nes__l1,1021,48,5,665,5,827
evaluation__4753__deblur__counterfactual__nes__l1,1021,49,3,483,3,646
evaluation__6895__denoise__attack__nes__l0.5,1021,49,3,595,3,750
evaluation__6895__denoise__restore__nes__l0.5,1021,48,3,537,3,691
evaluation__6895__denoise__random_walk__random_walk__l0.5,1024,50,2,1023,2,1023
evaluation__6895__denoise__confidence_boost__nes__l0.5,1021,48,9,570,9,700
evaluation__6895__denoise__boundary_probe__nes__l0.5,1021,48,11,487,2,635
evaluation__6895__denoise__counterfactual__nes__l0.5,1021,48,2,404,2,510
evaluation__6895__deblur__attack__nes__l1,1021,48,18,142,18,223
evaluation__6895__deblur__restore__nes__l1,1021,47,18,185,18,276
evaluation__6895__deblur__random_walk__random_walk__l1,1024,49,2,1023,2,1023
evaluation__6895__deblur__confidence_boost__nes__l1,1021,48,18,201,3,271
evaluation__6895__deblur__boundary_probe__nes__l1,1021,48,18,131,18,214
evaluation__6895__deblur__counterfactual__nes__l1,1021,48,18,139,18,197
evaluation__467__denoise__attack__nes__l0.5,1021,48,2,325,2,479
evaluation__467__denoise__restore__nes__l0.5,1021,48,2,397,2,567
evaluation__467__denoise__random_walk__random_walk__l0.5,1024,49,2,1023,2,1023
evaluation__467__denoise__confidence_boost__nes__l0.5,1021,48,5,516,4,677
evaluation__467__denoise__boundary_probe__nes__l0.5,1021,49,2,381,2,521
evaluation__467__denoise__counterfactual__nes__l0.5,1021,48,5,426,5,569
evaluation__467__deblur__attack__nes__l1,1021,47,18,227,2,360
evaluation__467__deblur__restore__nes__l1,1021,48,18,94,18,136
evaluation__467__deblur__random_walk__random_walk__l1,1024,49,2,1023,2,1023
evaluation__467__deblur__confidence_boost__nes__l1,1021,48,18,121,18,194
evaluation__467__deblur__boundary_probe__nes__l1,1021,48,18,153,18,234
evaluation__467__deblur__counterfactual__nes__l1,1021,48,18,366,18,482
evaluation__3065__denoise__attack__nes__l0.5,1021,48,2,558,2,690
evaluation__3065__denoise__restore__nes__l0.5,1021,49,5,544,5,667
evaluation__3065__denoise__random_walk__random_walk__l0.5,1024,49,2,1023,2,1023
evaluation__3065__denoise__confidence_boost__nes__l0.5,1021,48,2,438,2,575
evaluation__3065__denoise__boundary_probe__nes__l0.5,1021,49,4,562,4,716
evaluation__3065__denoise__counterfactual__nes__l0.5,1021,48,4,468,3,605
evaluation__3065__deblur__attack__nes__l1,1021,48,13,350,13,493
evaluation__3065__deblur__restore__nes__l1,1021,47,11,276,2,404
evaluation__3065__deblur__random_walk__random_walk__l1,1024,49,2,1023,2,1023
evaluation__3065__deblur__confidence_boost__nes__l1,1021,48,2,260,2,377
evaluation__3065__deblur__boundary_probe__nes__l1,1021,47,9,330,9,493
evaluation__3065__deblur__counterfactual__nes__l1,1021,47,8,434,8,578
evaluation__5343__denoise__attack__nes__l0.5,1021,48,2,724,2,862
evaluation__5343__denoise__restore__nes__l0.5,1021,48,2,913,2,965
evaluation__5343__denoise__random_walk__random_walk__l0.5,1024,49,2,1023,2,1023
evaluation__5343__denoise__confidence_boost__nes__l0.5,1021,47,4,581,4,743
evaluation__5343__denoise__boundary_probe__nes__l0.5,1021,47,4,704,4,848
evaluation__5343__denoise__counterfactual__nes__l0.5,1021,49,3,892,3,966
evaluation__5343__deblur__attack__nes__l1,1021,49,3,377,3,503
evaluation__5343__deblur__restore__nes__l1,1021,49,2,446,2,586
evaluation__5343__deblur__random_walk__random_walk__l1,1024,49,2,1023,2,1023
evaluation__5343__deblur__confidence_boost__nes__l1,1021,48,2,307,2,429
evaluation__5343__deblur__boundary_probe__nes__l1,1021,47,8,434,3,570
evaluation__5343__deblur__counterfactual__nes__l1,1021,49,7,316,3,442
evaluation__8754__denoise__attack__nes__l0.5,1021,48,5,611,5,730
evaluation__8754__denoise__restore__nes__l0.5,1021,48,3,714,3,822
evaluation__8754__denoise__random_walk__random_walk__l0.5,1024,49,2,1023,2,1023
evaluation__8754__denoise__confidence_boost__nes__l0.5,1021,49,6,611,3,733
evaluation__8754__denoise__boundary_probe__nes__l0.5,1021,49,2,645,2,784
evaluation__8754__denoise__counterfactual__nes__l0.5,1021,49,2,428,2,554
evaluation__8754__deblur__attack__nes__l1,1021,49,4,234,4,345
evaluation__8754__deblur__restore__nes__l1,1021,49,18,288,2,411
evaluation__8754__deblur__random_walk__random_walk__l1,1024,49,2,1023,2,1023
evaluation__8754__deblur__confidence_boost__nes__l1,1021,49,5,318,5,424
evaluation__8754__deblur__boundary_probe__nes__l1,1021,48,3,180,3,260
evaluation__8754__deblur__counterfactual__nes__l1,1021,48,18,238,17,333
evaluation__1953__denoise__attack__nes__l0.5,1021,49,7,358,7,504
evaluation__1953__denoise__restore__nes__l0.5,1021,48,6,457,4,590
evaluation__1953__denoise__random_walk__random_walk__l0.5,1024,49,2,1023,2,1023
evaluation__1953__denoise__confidence_boost__nes__l0.5,1021,49,7,442,7,583
evaluation__1953__denoise__boundary_probe__nes__l0.5,1021,47,3,341,3,488
evaluation__1953__denoise__counterfactual__nes__l0.5,1021,48,6,414,6,559
evaluation__1953__deblur__attack__nes__l1,1021,47,6,156,6,237
evaluation__1953__deblur__restore__nes__l1,1021,47,18,89,15,129
evaluation__1953__deblur__random_walk__random_walk__l1,1024,49,2,1023,2,1023
evaluation__1953__deblur__confidence_boost__nes__l1,1021,48,8,165,7,241
evaluation__1953__deblur__boundary_probe__nes__l1,1021,49,18,186,18,272
evaluation__1953__deblur__counterfactual__nes__l1,1021,47,18,179,18,262
evaluation__5231__denoise__attack__nes__l0.5,1021,48,2,468,2,627
evaluation__5231__denoise__restore__nes__l0.5,1021,48,8,390,2,563
evaluation__5231__denoise__random_walk__random_walk__l0.5,1024,49,2,1023,2,1023
evaluation__5231__denoise__confidence_boost__nes__l0.5,1021,48,5,664,3,781
evaluation__5231__denoise__boundary_probe__nes__l0.5,1021,48,2,772,2,882
evaluation__5231__denoise__counterfactual__nes__l0.5,1021,48,6,712,5,845
evaluation__5231__deblur__attack__nes__l1,1021,49,18,190,18,288
evaluation__5231__deblur__restore__nes__l1,1021,48,18,165,9,251
evaluation__5231__deblur__random_walk__random_walk__l1,1024,50,2,1023,2,1023
evaluation__5231__deblur__confidence_boost__nes__l1,1021,49,18,275,18,401
evaluation__5231__deblur__boundary_probe__nes__l1,1021,48,4,141,4,202
evaluation__5231__deblur__counterfactual__nes__l1,1021,48,11,233,11,352
evaluation__7109__denoise__attack__nes__l0.5,1021,49,5,516,5,671
evaluation__7109__denoise__restore__nes__l0.5,1021,49,8,797,8,876
evaluation__7109__denoise__random_walk__random_walk__l0.5,1024,49,2,1023,2,1023
evaluation__7109__denoise__confidence_boost__nes__l0.5,1021,49,2,523,2,680
evaluation__7109__denoise__boundary_probe__nes__l0.5,1021,48,2,700,2,819
evaluation__7109__denoise__counterfactual__nes__l0.5,1021,49,2,583,2,745
evaluation__7109__deblur__attack__nes__l1,1021,48,2,434,2,578
evaluation__7109__deblur__restore__nes__l1,1021,49,8,403,4,581
evaluation__7109__deblur__random_walk__random_walk__l1,1024,49,2,1023,2,1023
evaluation__7109__deblur__confidence_boost__nes__l1,1021,48,2,409,2,547
evaluation__7109__deblur__boundary_probe__nes__l1,1021,50,4,728,2,841
evaluation__7109__deblur__counterfactual__nes__l1,1021,48,5,452,2,623
evaluation__3954__denoise__attack__nes__l0.5,1021,48,7,234,2,364
evaluation__3954__denoise__restore__nes__l0.5,1021,49,12,209,12,295
evaluation__3954__denoise__random_walk__random_walk__l0.5,1024,49,2,1023,2,1023
evaluation__3954__denoise__confidence_boost__nes__l0.5,1021,48,8,153,8,230
evaluation__3954__denoise__boundary_probe__nes__l0.5,1021,47,8,364,5,495
evaluation__3954__denoise__counterfactual__nes__l0.5,1021,47,7,163,7,245
evaluation__3954__deblur__attack__nes__l1,1021,47,3,324,3,477
evaluation__3954__deblur__restore__nes__l1,1021,48,6,388,6,546
evaluation__3954__deblur__random_walk__random_walk__l1,1024,49,2,1023,2,1023
evaluation__3954__deblur__confidence_boost__nes__l1,1021,49,18,318,6,450
evaluation__3954__deblur__boundary_probe__nes__l1,1021,49,12,241,12,352
evaluation__3954__deblur__counterfactual__nes__l1,1021,48,18,258,4,380
evaluation__5625__denoise__attack__nes__l0.5,1021,48,2,789,2,884
evaluation__5625__denoise__restore__nes__l0.5,1021,48,3,597,3,733
evaluation__5625__denoise__random_walk__random_walk__l0.5,1024,49,2,1023,2,1023
evaluation__5625__denoise__confidence_boost__nes__l0.5,1021,49,3,551,3,683
evaluation__5625__denoise__boundary_probe__nes__l0.5,1021,49,2,701,2,820
evaluation__5625__denoise__counterfactual__nes__l0.5,1021,49,3,761,3,857
evaluation__5625__deblur__attack__nes__l1,1021,49,2,779,2,873
evaluation__5625__deblur__restore__nes__l1,1021,50,4,758,2,889
evaluation__5625__deblur__random_walk__random_walk__l1,1024,50,2,1023,2,1023
evaluation__5625__deblur__confidence_boost__nes__l1,1021,48,2,761,2,879
evaluation__5625__deblur__boundary_probe__nes__l1,1021,49,2,629,2,781
evaluation__5625__deblur__counterfactual__nes__l1,1021,49,3,644,3,782
evaluation__7972__denoise__attack__nes__l0.5,1021,48,3,496,3,639
evaluation__7972__denoise__restore__nes__l0.5,1021,48,5,361,5,529
evaluation__7972__denoise__random_walk__random_walk__l0.5,1024,49,2,1023,2,1023
evaluation__7972__denoise__confidence_boost__nes__l0.5,1021,47,5,557,4,690
evaluation__7972__denoise__boundary_probe__nes__l0.5,1021,49,2,721,2,837
evaluation__7972__denoise__counterfactual__nes__l0.5,1021,48,13,676,11,826
evaluation__7972__deblur__attack__nes__l1,1021,47,8,177,8,256
evaluation__7972__deblur__restore__nes__l1,1021,49,3,131,3,186
evaluation__7972__deblur__random_walk__random_walk__l1,1024,49,2,1023,2,1023
evaluation__7972__deblur__confidence_boost__nes__l1,1021,48,17,149,14,215
evaluation__7972__deblur__boundary_probe__nes__l1,1021,47,18,179,9,267
evaluation__7972__deblur__counterfactual__nes__l1,1021,49,18,264,18,359
evaluation__64__denoise__attack__nes__l0.5,1021,48,2,606,2,756
evaluation__64__denoise__restore__nes__l0.5,1021,47,9,343,5,478
evaluation__64__denoise__random_walk__random_walk__l0.5,1024,49,2,1023,2,1023
evaluation__64__denoise__confidence_boost__nes__l0.5,1021,49,5,468,5,631
evaluation__64__denoise__boundary_probe__nes__l0.5,1021,49,7,703,5,829
evaluation__64__denoise__counterfactual__nes__l0.5,1021,49,4,582,4,745
evaluation__64__deblur__attack__nes__l1,1021,49,4,321,2,462
evaluation__64__deblur__restore__nes__l1,1021,48,5,346,5,488
evaluation__64__deblur__random_walk__random_walk__l1,1024,49,2,1023,2,1023
evaluation__64__deblur__confidence_boost__nes__l1,1021,48,8,489,2,649
evaluation__64__deblur__boundary_probe__nes__l1,1021,49,5,619,5,750
evaluation__64__deblur__counterfactual__nes__l1,1021,48,6,264,4,369
evaluation__3889__denoise__attack__nes__l0.5,1021,48,3,512,2,652
evaluation__3889__denoise__restore__nes__l0.5,1021,48,2,519,2,666
evaluation__3889__denoise__random_walk__random_walk__l0.5,1024,49,2,1023,2,1023
evaluation__3889__denoise__confidence_boost__nes__l0.5,1021,49,7,692,7,797
evaluation__3889__denoise__boundary_probe__nes__l0.5,1021,49,7,614,2,757
evaluation__3889__denoise__counterfactual__nes__l0.5,1021,48,3,500,2,649
evaluation__3889__deblur__attack__nes__l1,1021,48,3,691,3,815
evaluation__3889__deblur__restore__nes__l1,1021,50,3,579,3,730
evaluation__3889__deblur__random_walk__random_walk__l1,1024,49,2,1023,2,1023
evaluation__3889__deblur__confidence_boost__nes__l1,1021,48,2,552,2,700
evaluation__3889__deblur__boundary_probe__nes__l1,1021,48,2,364,2,518
evaluation__3889__deblur__counterfactual__nes__l1,1021,49,14,436,8,593
evaluation__6098__denoise__attack__nes__l0.5,1021,49,2,264,2,371
evaluation__6098__denoise__restore__nes__l0.5,1021,47,18,408,17,571
evaluation__6098__denoise__random_walk__random_walk__l0.5,1024,50,2,1023,2,1023
evaluation__6098__denoise__confidence_boost__nes__l0.5,1021,48,13,405,4,564
evaluation__6098__denoise__boundary_probe__nes__l0.5,1021,48,5,308,5,436
evaluation__6098__denoise__counterfactual__nes__l0.5,1021,48,17,360,16,513
evaluation__6098__deblur__attack__nes__l1,1021,47,11,283,4,385
evaluation__6098__deblur__restore__nes__l1,1021,48,7,398,7,534
evaluation__6098__deblur__random_walk__random_walk__l1,1024,49,2,1023,2,1023
evaluation__6098__deblur__confidence_boost__nes__l1,1021,48,4,387,4,501
evaluation__6098__deblur__boundary_probe__nes__l1,1021,49,8,349,8,468
evaluation__6098__deblur__counterfactual__nes__l1,1021,47,8,370,8,506
evaluation__8423__denoise__attack__nes__l0.5,1021,48,18,306,18,434
evaluation__8423__denoise__restore__nes__l0.5,1021,47,4,200,4,328
evaluation__8423__denoise__random_walk__random_walk__l0.5,1024,50,2,1023,2,1023
evaluation__8423__denoise__confidence_boost__nes__l0.5,1021,48,16,270,16,382
evaluation__8423__denoise__boundary_probe__nes__l0.5,1021,48,18,318,5,445
evaluation__8423__denoise__counterfactual__nes__l0.5,1021,48,5,352,4,484
evaluation__8423__deblur__attack__nes__l1,1021,47,18,217,18,306
evaluation__8423__deblur__restore__nes__l1,1021,48,18,201,18,305
evaluation__8423__deblur__random_walk__random_walk__l1,1024,50,2,1023,2,1023
evaluation__8423__deblur__confidence_boost__nes__l1,1021,48,18,153,18,225
evaluation__8423__deblur__boundary_probe__nes__l1,1021,48,18,215,18,310
evaluation__8423__deblur__counterfactual__nes__l1,1021,45,12,207,12,292
evaluation__2117__denoise__attack__nes__l0.5,1021,49,13,431,2,576
evaluation__2117__denoise__restore__nes__l0.5,1021,48,18,179,18,280
evaluation__2117__denoise__random_walk__random_walk__l0.5,1024,50,2,1023,2,1023
evaluation__2117__denoise__confidence_boost__nes__l0.5,1021,48,15,377,6,555
evaluation__2117__denoise__boundary_probe__nes__l0.5,1021,47,7,262,7,384
evaluation__2117__denoise__counterfactual__nes__l0.5,1021,47,9,400,6,538
evaluation__2117__deblur__attack__nes__l1,1021,48,7,424,7,576
evaluation__2117__deblur__restore__nes__l1,1021,48,5,482,5,609
evaluation__2117__deblur__random_walk__random_walk__l1,1024,50,2,1023,2,1023
evaluation__2117__deblur__confidence_boost__nes__l1,1021,47,4,380,2,545
evaluation__2117__deblur__boundary_probe__nes__l1,1021,48,2,388,2,540
evaluation__2117__deblur__counterfactual__nes__l1,1021,49,3,449,3,604
evaluation__6357__denoise__attack__nes__l0.5,1021,48,3,364,3,515
evaluation__6357__denoise__restore__nes__l0.5,1021,48,6,515,6,667
evaluation__6357__denoise__random_walk__random_walk__l0.5,1024,50,2,1023,2,1023
evaluation__6357__denoise__confidence_boost__nes__l0.5,1021,48,5,716,5,836
evaluation__6357__denoise__boundary_probe__nes__l0.5,1021,48,11,735,11,846
evaluation__6357__denoise__counterfactual__nes__l0.5,1021,48,9,593,9,746
evaluation__6357__deblur__attack__nes__l1,1021,48,6,79,2,129
evaluation__6357__deblur__restore__nes__l1,1021,48,8,373,8,474
evaluation__6357__deblur__random_walk__random_walk__l1,1024,49,2,1023,2,1023
evaluation__6357__deblur__confidence_boost__nes__l1,1021,47,18,145,9,222
evaluation__6357__deblur__boundary_probe__nes__l1,1021,48,18,153,18,258
evaluation__6357__deblur__counterfactual__nes__l1,1021,49,13,155,13,230
evaluation__9014__denoise__attack__nes__l0.5,1021,48,9,298,9,430
evaluation__9014__denoise__restore__nes__l0.5,1021,48,8,314,4,451
evaluation__9014__denoise__random_walk__random_walk__l0.5,1024,49,2,1023,2,1023
evaluation__9014__denoise__confidence_boost__nes__l0.5,1021,48,6,391,6,534
evaluation__9014__denoise__boundary_probe__nes__l0.5,1021,48,5,268,4,381
evaluation__9014__denoise__counterfactual__nes__l0.5,1021,48,4,217,3,300
evaluation__9014__deblur__attack__nes__l1,1021,48,2,453,2,589
evaluation__9014__deblur__restore__nes__l1,1021,48,15,411,11,557
evaluation__9014__deblur__random_walk__random_walk__l1,1024,49,2,1023,2,1023
evaluation__9014__deblur__confidence_boost__nes__l1,1021,49,3,688,3,811
evaluation__9014__deblur__boundary_probe__nes__l1,1021,49,6,623,5,752
evaluation__9014__deblur__counterfactual__nes__l1,1021,49,10,449,10,601
evaluation__2194__denoise__attack__nes__l0.5,1021,49,18,155,5,228
evaluation__2194__denoise__restore__nes__l0.5,1021,48,2,153,2,233
evaluation__2194__denoise__random_walk__random_walk__l0.5,1024,49,2,1023,2,1023
evaluation__2194__denoise__confidence_boost__nes__l0.5,1021,49,4,196,2,298
evaluation__2194__denoise__boundary_probe__nes__l0.5,1021,48,10,287,10,385
evaluation__2194__denoise__counterfactual__nes__l0.5,1021,48,18,141,3,207
evaluation__2194__deblur__attack__nes__l1,1021,48,18,495,14,634
evaluation__2194__deblur__restore__nes__l1,1021,47,18,300,18,417
evaluation__2194__deblur__random_walk__random_walk__l1,1024,50,2,1023,2,1023
evaluation__2194__deblur__confidence_boost__nes__l1,1021,49,5,459,5,610
evaluation__2194__deblur__boundary_probe__nes__l1,1021,48,18,190,14,275
evaluation__2194__deblur__counterfactual__nes__l1,1021,48,6,259,6,376
evaluation__5263__denoise__attack__nes__l0.5,1021,48,2,886,2,960
evaluation__5263__denoise__restore__nes__l0.5,1021,48,2,915,2,977
evaluation__5263__denoise__random_walk__random_walk__l0.5,1024,49,2,1023,2,1023
evaluation__5263__denoise__confidence_boost__nes__l0.5,1021,48,3,899,3,963
evaluation__5263__denoise__boundary_probe__nes__l0.5,1021,48,3,905,3,957
evaluation__5263__denoise__counterfactual__nes__l0.5,1021,48,2,861,2,939
evaluation__5263__deblur__attack__nes__l1,1021,48,10,620,10,761
evaluation__5263__deblur__restore__nes__l1,1021,48,6,394,6,559
evaluation__5263__deblur__random_walk__random_walk__l1,1024,49,2,1023,2,1023
evaluation__5263__deblur__confidence_boost__nes__l1,1021,48,4,465,3,609
evaluation__5263__deblur__boundary_probe__nes__l1,1021,47,15,432,5,575
evaluation__5263__deblur__counterfactual__nes__l1,1021,48,8,365,7,529
evaluation__7782__denoise__attack__nes__l0.5,1021,48,3,471,3,630
evaluation__7782__denoise__restore__nes__l0.5,1021,48,2,367,2,516
evaluation__7782__denoise__random_walk__random_walk__l0.5,1024,49,2,1023,2,1023
evaluation__7782__denoise__confidence_boost__nes__l0.5,1021,47,2,367,2,515
evaluation__7782__denoise__boundary_probe__nes__l0.5,1021,50,2,545,2,687
evaluation__7782__denoise__counterfactual__nes__l0.5,1021,47,2,508,2,654
evaluation__7782__deblur__attack__nes__l1,1021,48,5,525,5,669
evaluation__7782__deblur__restore__nes__l1,1021,48,2,543,2,703
evaluation__7782__deblur__random_walk__random_walk__l1,1024,49,2,1023,2,1023
evaluation__7782__deblur__confidence_boost__nes__l1,1021,48,7,644,7,780
evaluation__7782__deblur__boundary_probe__nes__l1,1021,48,11,600,9,750
evaluation__7782__deblur__counterfactual__nes__l1,1021,47,3,395,3,532
evaluation__566__denoise__attack__nes__l0.5,1021,47,18,175,2,275
evaluation__566__denoise__restore__nes__l0.5,1021,47,18,133,8,201
evaluation__566__denoise__random_walk__random_walk__l0.5,1024,49,2,1023,2,1023
evaluation__566__denoise__confidence_boost__nes__l0.5,1021,47,11,98,3,129
evaluation__566__denoise__boundary_probe__nes__l0.5,1021,46,18,148,12,204
evaluation__566__denoise__counterfactual__nes__l0.5,1021,47,9,259,9,359
evaluation__566__deblur__attack__nes__l1,1021,47,5,326,5,462
evaluation__566__deblur__restore__nes__l1,1021,48,2,514,2,678
evaluation__566__deblur__random_walk__random_walk__l1,1024,49,2,1023,2,1023
evaluation__566__deblur__confidence_boost__nes__l1,1021,49,5,666,4,793
evaluation__566__deblur__boundary_probe__nes__l1,1021,48,3,487,2,622
evaluation__566__deblur__counterfactual__nes__l1,1021,50,2,744,2,844
evaluation__2954__denoise__attack__nes__l0.5,1021,48,9,472,5,619
evaluation__2954__denoise__restore__nes__l0.5,1021,48,6,707,4,824
evaluation__2954__denoise__random_walk__random_walk__l0.5,1024,50,2,1023,2,1023
evaluation__2954__denoise__confidence_boost__nes__l0.5,1021,48,3,464,2,624
evaluation__2954__denoise__boundary_probe__nes__l0.5,1021,49,11,580,7,746
evaluation__2954__denoise__counterfactual__nes__l0.5,1021,48,6,766,3,874
evaluation__2954__deblur__attack__nes__l1,1021,49,18,185,3,285
evaluation__2954__deblur__restore__nes__l1,1021,48,7,166,7,237
evaluation__2954__deblur__random_walk__random_walk__l1,1024,49,2,1023,2,1023
evaluation__2954__deblur__confidence_boost__nes__l1,1021,48,18,176,18,269
evaluation__2954__deblur__boundary_probe__nes__l1,1021,46,5,104,5,144
evaluation__2954__deblur__counterfactual__nes__l1,1021,48,10,178,10,248
evaluation__5087__denoise__attack__nes__l0.5,1021,47,4,269,4,383
evaluation__5087__denoise__restore__nes__l0.5,1021,48,18,129,18,180
evaluation__5087__denoise__random_walk__random_walk__l0.5,1024,50,2,1023,2,1023
evaluation__5087__denoise__confidence_boost__nes__l0.5,1021,48,14,246,14,352
evaluation__5087__denoise__boundary_probe__nes__l0.5,1021,48,18,248,18,355
evaluation__5087__denoise__counterfactual__nes__l0.5,1021,47,18,159,7,236
evaluation__5087__deblur__attack__nes__l1,1021,48,8,333,8,466
evaluation__5087__deblur__restore__nes__l1,1021,48,15,272,15,377
evaluation__5087__deblur__random_walk__random_walk__l1,1024,50,2,1023,2,1023
evaluation__5087__deblur__confidence_boost__nes__l1,1021,48,2,155,2,225
evaluation__5087__deblur__boundary_probe__nes__l1,1021,48,18,184,18,291
evaluation__5087__deblur__counterfactual__nes__l1,1021,47,12,123,9,177
evaluation__9927__denoise__attack__nes__l0.5,1021,49,2,747,2,856
evaluation__9927__denoise__restore__nes__l0.5,1021,48,2,589,2,715
evaluation__9927__denoise__random_walk__random_walk__l0.5,1024,49,2,1023,2,1023
evaluation__9927__denoise__confidence_boost__nes__l0.5,1021,47,2,502,2,641
evaluation__9927__denoise__boundary_probe__nes__l0.5,1021,48,3,651,3,785
evaluation__9927__denoise__counterfactual__nes__l0.5,1021,49,2,589,2,748
evaluation__9927__deblur__attack__nes__l1,1021,49,18,189,13,285
evaluation__9927__deblur__restore__nes__l1,1021,48,18,322,7,441
evaluation__9927__deblur__random_walk__random_walk__l1,1024,49,2,1023,2,1023
evaluation__9927__deblur__confidence_boost__nes__l1,1021,48,18,399,18,528
evaluation__9927__deblur__boundary_probe__nes__l1,1021,48,7,279,4,397
evaluation__9927__deblur__counterfactual__nes__l1,1021,49,6,304,6,447
fit__7115__denoise__attack__nes__l0.5,1021,49,3,462,3,597
fit__7115__denoise__restore__nes__l0.5,1021,48,7,589,5,744
fit__7115__denoise__random_walk__random_walk__l0.5,1024,50,2,1023,2,1023
fit__7115__denoise__confidence_boost__nes__l0.5,1021,49,2,422,2,573
fit__7115__denoise__boundary_probe__nes__l0.5,1021,49,2,281,2,419
fit__7115__denoise__counterfactual__nes__l0.5,1021,47,6,355,6,501
fit__7115__deblur__attack__nes__l1,1021,49,7,354,7,485
fit__7115__deblur__restore__nes__l1,1021,49,5,447,5,582
fit__7115__deblur__random_walk__random_walk__l1,1024,50,2,1023,2,1023
fit__7115__deblur__confidence_boost__nes__l1,1021,47,3,453,2,595
fit__7115__deblur__boundary_probe__nes__l1,1021,48,2,382,2,499
fit__7115__deblur__counterfactual__nes__l1,1021,49,11,479,11,630
fit__4292__denoise__attack__nes__l0.5,1021,47,18,255,18,369
fit__4292__denoise__restore__nes__l0.5,1021,48,18,214,2,323
fit__4292__denoise__random_walk__random_walk__l0.5,1024,49,2,1023,2,1023
fit__4292__denoise__confidence_boost__nes__l0.5,1021,48,10,186,10,274
fit__4292__denoise__boundary_probe__nes__l0.5,1021,48,18,232,18,341
fit__4292__denoise__counterfactual__nes__l0.5,1021,49,3,208,3,316
fit__4292__deblur__attack__nes__l1,1021,49,3,702,3,820
fit__4292__deblur__restore__nes__l1,1021,48,6,779,6,864
fit__4292__deblur__random_walk__random_walk__l1,1024,49,2,1023,2,1023
fit__4292__deblur__confidence_boost__nes__l1,1021,49,2,728,2,827
fit__4292__deblur__boundary_probe__nes__l1,1021,50,7,616,2,755
fit__4292__deblur__counterfactual__nes__l1,1021,49,6,632,3,760
fit__8282__denoise__attack__nes__l0.5,1021,48,13,342,13,468
fit__8282__denoise__restore__nes__l0.5,1021,49,18,250,14,346
fit__8282__denoise__random_walk__random_walk__l0.5,1024,49,2,1023,2,1023
fit__8282__denoise__confidence_boost__nes__l0.5,1021,47,4,362,4,509
fit__8282__denoise__boundary_probe__nes__l0.5,1021,49,14,434,14,579
fit__8282__denoise__counterfactual__nes__l0.5,1021,48,12,247,4,372
fit__8282__deblur__attack__nes__l1,1021,48,2,413,2,551
fit__8282__deblur__restore__nes__l1,1021,49,3,765,3,867
fit__8282__deblur__random_walk__random_walk__l1,1024,49,2,1023,2,1023
fit__8282__deblur__confidence_boost__nes__l1,1021,49,2,635,2,773
fit__8282__deblur__boundary_probe__nes__l1,1021,50,2,716,2,832
fit__8282__deblur__counterfactual__nes__l1,1021,49,3,592,3,765
fit__2610__denoise__attack__nes__l0.5,1021,48,9,391,7,520
fit__2610__denoise__restore__nes__l0.5,1021,48,18,346,11,482
fit__2610__denoise__random_walk__random_walk__l0.5,1024,49,2,1023,2,1023
fit__2610__denoise__confidence_boost__nes__l0.5,1021,49,5,436,5,571
fit__2610__denoise__boundary_probe__nes__l0.5,1021,46,16,217,16,328
fit__2610__denoise__counterfactual__nes__l0.5,1021,48,8,322,3,457
fit__2610__deblur__attack__nes__l1,1021,47,6,780,6,878
fit__2610__deblur__restore__nes__l1,1021,48,2,746,2,865
fit__2610__deblur__random_walk__random_walk__l1,1024,49,2,1023,2,1023
fit__2610__deblur__confidence_boost__nes__l1,1021,50,4,748,4,861
fit__2610__deblur__boundary_probe__nes__l1,1021,48,3,690,3,811
fit__2610__deblur__counterfactual__nes__l1,1021,48,2,755,2,863
fit__9424__denoise__attack__nes__l0.5,1021,48,2,475,2,602
fit__9424__denoise__restore__nes__l0.5,1021,49,2,599,2,724
fit__9424__denoise__random_walk__random_walk__l0.5,1024,50,2,1023,2,1023
fit__9424__denoise__confidence_boost__nes__l0.5,1021,49,4,666,4,790
fit__9424__denoise__boundary_probe__nes__l0.5,1021,48,2,474,2,607
fit__9424__denoise__counterfactual__nes__l0.5,1021,49,7,481,6,632
fit__9424__deblur__attack__nes__l1,1021,48,2,589,2,744
fit__9424__deblur__restore__nes__l1,1021,50,4,786,4,896
fit__9424__deblur__random_walk__random_walk__l1,1024,50,2,1023,2,1023
fit__9424__deblur__confidence_boost__nes__l1,1021,48,5,715,5,840
fit__9424__deblur__boundary_probe__nes__l1,1021,47,11,557,11,703
fit__9424__deblur__counterfactual__nes__l1,1021,48,4,770,4,871
fit__5620__denoise__attack__nes__l0.5,1021,48,18,382,18,531
fit__5620__denoise__restore__nes__l0.5,1021,47,12,210,2,309
fit__5620__denoise__random_walk__random_walk__l0.5,1024,50,2,1023,2,1023
fit__5620__denoise__confidence_boost__nes__l0.5,1021,48,18,309,7,434
fit__5620__denoise__boundary_probe__nes__l0.5,1021,47,6,370,6,484
fit__5620__denoise__counterfactual__nes__l0.5,1021,47,3,415,2,549
fit__5620__deblur__attack__nes__l1,1021,47,18,159,18,244
fit__5620__deblur__restore__nes__l1,1021,47,18,183,11,275
fit__5620__deblur__random_walk__random_walk__l1,1024,50,2,1023,2,1023
fit__5620__deblur__confidence_boost__nes__l1,1021,47,18,108,18,152
fit__5620__deblur__boundary_probe__nes__l1,1021,49,10,247,10,352
fit__5620__deblur__counterfactual__nes__l1,1021,48,18,234,18,342
fit__1267__denoise__attack__nes__l0.5,1021,48,18,233,10,347
fit__1267__denoise__restore__nes__l0.5,1021,48,18,248,18,352
fit__1267__denoise__random_walk__random_walk__l0.5,1024,49,2,1023,2,1023
fit__1267__denoise__confidence_boost__nes__l0.5,1021,47,18,148,18,228
fit__1267__denoise__boundary_probe__nes__l0.5,1021,48,18,202,18,301
fit__1267__denoise__counterfactual__nes__l0.5,1021,47,18,136,10,210
fit__1267__deblur__attack__nes__l1,1021,48,7,526,7,671
fit__1267__deblur__restore__nes__l1,1021,48,3,461,3,593
fit__1267__deblur__random_walk__random_walk__l1,1024,49,2,1023,2,1023
fit__1267__deblur__confidence_boost__nes__l1,1021,48,18,449,18,596
fit__1267__deblur__boundary_probe__nes__l1,1021,49,10,677,8,790
fit__1267__deblur__counterfactual__nes__l1,1021,48,7,332,7,487
fit__8784__denoise__attack__nes__l0.5,1021,48,2,292,2,419
fit__8784__denoise__restore__nes__l0.5,1021,49,6,362,6,478
fit__8784__denoise__random_walk__random_walk__l0.5,1024,50,2,1023,2,1023
fit__8784__denoise__confidence_boost__nes__l0.5,1021,49,8,541,8,674
fit__8784__denoise__boundary_probe__nes__l0.5,1021,49,5,332,5,450
fit__8784__denoise__counterfactual__nes__l0.5,1021,47,6,342,4,452
fit__8784__deblur__attack__nes__l1,1021,48,16,220,5,329
fit__8784__deblur__restore__nes__l1,1021,48,10,265,10,364
fit__8784__deblur__random_walk__random_walk__l1,1024,49,2,1023,2,1023
fit__8784__deblur__confidence_boost__nes__l1,1021,49,8,326,8,445
fit__8784__deblur__boundary_probe__nes__l1,1021,48,13,479,13,611
fit__8784__deblur__counterfactual__nes__l1,1021,48,2,240,2,343
fit__4420__denoise__attack__nes__l0.5,1021,48,5,470,3,620
fit__4420__denoise__restore__nes__l0.5,1021,48,2,512,2,660
fit__4420__denoise__random_walk__random_walk__l0.5,1024,49,2,1023,2,1023
fit__4420__denoise__confidence_boost__nes__l0.5,1021,49,2,415,2,552
fit__4420__denoise__boundary_probe__nes__l0.5,1021,49,2,602,2,731
fit__4420__denoise__counterfactual__nes__l0.5,1021,49,7,648,6,748
fit__4420__deblur__attack__nes__l1,1021,50,2,852,2,925
fit__4420__deblur__restore__nes__l1,1021,48,2,723,2,855
fit__4420__deblur__random_walk__random_walk__l1,1024,50,2,1023,2,1023
fit__4420__deblur__confidence_boost__nes__l1,1021,49,2,809,2,894
fit__4420__deblur__boundary_probe__nes__l1,1021,49,2,815,2,908
fit__4420__deblur__counterfactual__nes__l1,1021,49,2,742,2,847
fit__9589__denoise__attack__nes__l0.5,1021,47,2,278,2,423
fit__9589__denoise__restore__nes__l0.5,1021,49,9,356,2,505
fit__9589__denoise__random_walk__random_walk__l0.5,1024,50,2,1023,2,1023
fit__9589__denoise__confidence_boost__nes__l0.5,1021,48,14,401,2,540
fit__9589__denoise__boundary_probe__nes__l0.5,1021,48,7,325,2,463
fit__9589__denoise__counterfactual__nes__l0.5,1021,47,7,388,7,522
fit__9589__deblur__attack__nes__l1,1021,49,4,743,2,861
fit__9589__deblur__restore__nes__l1,1021,48,3,592,2,725
fit__9589__deblur__random_walk__random_walk__l1,1024,50,2,1023,2,1023
fit__9589__deblur__confidence_boost__nes__l1,1021,48,2,740,2,837
fit__9589__deblur__boundary_probe__nes__l1,1021,49,2,662,2,788
fit__9589__deblur__counterfactual__nes__l1,1021,49,2,831,2,923
fit__4916__denoise__attack__nes__l0.5,1021,49,10,544,4,680
fit__4916__denoise__restore__nes__l0.5,1021,49,3,410,3,547
fit__4916__denoise__random_walk__random_walk__l0.5,1024,50,2,1023,2,1023
fit__4916__denoise__confidence_boost__nes__l0.5,1021,49,4,496,4,641
fit__4916__denoise__boundary_probe__nes__l0.5,1021,48,3,511,3,647
fit__4916__denoise__counterfactual__nes__l0.5,1021,47,3,409,2,564
fit__4916__deblur__attack__nes__l1,1021,48,12,605,11,740
fit__4916__deblur__restore__nes__l1,1021,48,2,436,2,587
fit__4916__deblur__random_walk__random_walk__l1,1024,50,2,1023,2,1023
fit__4916__deblur__confidence_boost__nes__l1,1021,47,4,535,4,680
fit__4916__deblur__boundary_probe__nes__l1,1021,49,2,521,2,659
fit__4916__deblur__counterfactual__nes__l1,1021,47,4,497,4,638
fit__1426__denoise__attack__nes__l0.5,1021,47,12,232,5,353
fit__1426__denoise__restore__nes__l0.5,1021,50,2,523,2,645
fit__1426__denoise__random_walk__random_walk__l0.5,1024,49,2,1023,2,1023
fit__1426__denoise__confidence_boost__nes__l0.5,1021,47,12,352,12,493
fit__1426__denoise__boundary_probe__nes__l0.5,1021,49,15,354,2,484
fit__1426__denoise__counterfactual__nes__l0.5,1021,48,11,293,9,408
fit__1426__deblur__attack__nes__l1,1021,48,18,176,18,260
fit__1426__deblur__restore__nes__l1,1021,47,4,281,4,382
fit__1426__deblur__random_walk__random_walk__l1,1024,49,2,1023,2,1023
fit__1426__deblur__confidence_boost__nes__l1,1021,49,6,299,6,431
fit__1426__deblur__boundary_probe__nes__l1,1021,49,17,310,17,430
fit__1426__deblur__counterfactual__nes__l1,1021,49,3,246,3,360
fit__9395__denoise__attack__nes__l0.5,1021,49,6,666,2,802
fit__9395__denoise__restore__nes__l0.5,1021,49,2,737,2,875
fit__9395__denoise__random_walk__random_walk__l0.5,1024,50,2,1023,2,1023
fit__9395__denoise__confidence_boost__nes__l0.5,1021,49,2,778,2,885
fit__9395__denoise__boundary_probe__nes__l0.5,1021,49,5,575,5,749
fit__9395__denoise__counterfactual__nes__l0.5,1021,48,2,794,2,890
fit__9395__deblur__attack__nes__l1,1021,48,6,365,6,502
fit__9395__deblur__restore__nes__l1,1021,48,4,343,4,477
fit__9395__deblur__random_walk__random_walk__l1,1024,49,2,1023,2,1023
fit__9395__deblur__confidence_boost__nes__l1,1021,48,4,320,4,463
fit__9395__deblur__boundary_probe__nes__l1,1021,48,8,422,3,558
fit__9395__deblur__counterfactual__nes__l1,1021,47,18,326,2,462
fit__1259__denoise__attack__nes__l0.5,1021,49,3,680,3,829
fit__1259__denoise__restore__nes__l0.5,1021,49,2,784,2,898
fit__1259__denoise__random_walk__random_walk__l0.5,1024,49,2,1023,2,1023
fit__1259__denoise__confidence_boost__nes__l0.5,1021,48,3,677,3,817
fit__1259__denoise__boundary_probe__nes__l0.5,1021,48,4,513,3,672
fit__1259__denoise__counterfactual__nes__l0.5,1021,47,2,512,2,671
fit__1259__deblur__attack__nes__l1,1021,48,2,555,2,689
fit__1259__deblur__restore__nes__l1,1021,49,2,710,2,791
fit__1259__deblur__random_walk__random_walk__l1,1024,50,2,1023,2,1023
fit__1259__deblur__confidence_boost__nes__l1,1021,48,4,683,4,803
fit__1259__deblur__boundary_probe__nes__l1,1021,49,2,506,2,659
fit__1259__deblur__counterfactual__nes__l1,1021,48,3,605,3,736
fit__9451__denoise__attack__nes__l0.5,1021,48,18,189,18,291
fit__9451__denoise__restore__nes__l0.5,1021,48,6,243,6,381
fit__9451__denoise__random_walk__random_walk__l0.5,1024,50,2,1023,2,1023
fit__9451__denoise__confidence_boost__nes__l0.5,1021,49,18,361,7,531
fit__9451__denoise__boundary_probe__nes__l0.5,1021,49,6,366,4,525
fit__9451__denoise__counterfactual__nes__l0.5,1021,48,4,367,4,508
fit__9451__deblur__attack__nes__l1,1021,48,4,619,4,759
fit__9451__deblur__restore__nes__l1,1021,48,3,424,3,577
fit__9451__deblur__random_walk__random_walk__l1,1024,49,2,1023,2,1023
fit__9451__deblur__confidence_boost__nes__l1,1021,48,14,520,5,667
fit__9451__deblur__boundary_probe__nes__l1,1021,49,4,657,4,800
fit__9451__deblur__counterfactual__nes__l1,1021,48,2,555,2,705
fit__6207__denoise__attack__nes__l0.5,1021,48,17,283,10,391
fit__6207__denoise__restore__nes__l0.5,1021,47,3,341,3,477
fit__6207__denoise__random_walk__random_walk__l0.5,1024,50,2,1023,2,1023
fit__6207__denoise__confidence_boost__nes__l0.5,1021,48,2,316,2,429
fit__6207__denoise__boundary_probe__nes__l0.5,1021,49,11,435,11,567
fit__6207__denoise__counterfactual__nes__l0.5,1021,49,11,435,8,562
fit__6207__deblur__attack__nes__l1,1021,48,4,463,3,641
fit__6207__deblur__restore__nes__l1,1021,47,7,436,3,584
fit__6207__deblur__random_walk__random_walk__l1,1024,49,2,1023,2,1023
fit__6207__deblur__confidence_boost__nes__l1,1021,48,2,463,2,608
fit__6207__deblur__boundary_probe__nes__l1,1021,47,3,360,3,497
fit__6207__deblur__counterfactual__nes__l1,1021,49,13,443,3,618
