session_id,queries,max_match,first_alarm,flagged_queries,first_alarm_recorded,flagged_queries_recorded_rule
evaluation__539__denoise__attack__nes__l0.5,1021,38,2,563,2,675
evaluation__539__denoise__restore__nes__l0.5,1021,35,3,510,3,631
evaluation__539__denoise__confidence_boost__nes__l0.5,1021,35,3,510,2,648
evaluation__539__deblur__attack__nes__l1,1021,35,2,420,2,535
evaluation__539__deblur__restore__nes__l1,1021,33,8,362,8,482
evaluation__539__deblur__confidence_boost__nes__l1,1021,50,2,492,2,618
evaluation__6003__denoise__attack__nes__l0.5,1021,36,4,626,4,736
evaluation__6003__denoise__restore__nes__l0.5,1021,37,2,688,2,796
evaluation__6003__denoise__confidence_boost__nes__l0.5,1021,35,3,630,2,743
evaluation__6003__deblur__attack__nes__l1,1021,35,9,565,9,672
evaluation__6003__deblur__restore__nes__l1,1021,37,6,679,2,774
evaluation__6003__deblur__confidence_boost__nes__l1,1021,38,4,571,4,694
evaluation__9045__denoise__attack__nes__l0.5,1021,35,2,509,2,647
evaluation__9045__denoise__restore__nes__l0.5,1021,36,3,521,2,655
evaluation__9045__denoise__confidence_boost__nes__l0.5,1021,36,3,416,2,548
evaluation__9045__deblur__attack__nes__l1,1021,36,4,324,4,427
evaluation__9045__deblur__restore__nes__l1,1021,36,3,426,3,554
evaluation__9045__deblur__confidence_boost__nes__l1,1021,37,14,382,2,495
evaluation__1751__denoise__attack__nes__l0.5,1021,36,6,467,6,608
evaluation__1751__denoise__restore__nes__l0.5,1021,36,7,481,4,600
evaluation__1751__denoise__confidence_boost__nes__l0.5,1021,37,7,467,7,584
evaluation__1751__deblur__attack__nes__l1,1021,38,13,381,6,510
evaluation__1751__deblur__restore__nes__l1,1021,35,7,480,7,609
evaluation__1751__deblur__confidence_boost__nes__l1,1021,36,5,563,5,697
evaluation__6984__denoise__attack__nes__l0.5,1021,36,2,425,2,543
evaluation__6984__denoise__restore__nes__l0.5,1021,36,2,384,2,527
evaluation__6984__denoise__confidence_boost__nes__l0.5,1021,37,2,453,2,553
evaluation__6984__deblur__attack__nes__l1,1021,38,14,359,8,477
evaluation__6984__deblur__restore__nes__l1,1021,34,24,397,5,518
evaluation__6984__deblur__confidence_boost__nes__l1,1021,35,12,416,2,548
evaluation__988__denoise__attack__nes__l0.5,1021,33,6,363,6,493
evaluation__988__denoise__restore__nes__l0.5,1021,34,4,386,4,511
evaluation__988__denoise__confidence_boost__nes__l0.5,1021,36,11,441,11,548
evaluation__988__deblur__attack__nes__l1,1021,35,22,427,18,549
evaluation__988__deblur__restore__nes__l1,1021,36,11,409,11,543
evaluation__988__deblur__confidence_boost__nes__l1,1021,36,5,485,5,608
evaluation__3713__denoise__attack__nes__l0.5,1021,36,2,577,2,694
evaluation__3713__denoise__restore__nes__l0.5,1021,37,3,393,3,538
evaluation__3713__denoise__confidence_boost__nes__l0.5,1021,37,2,456,2,612
evaluation__3713__deblur__attack__nes__l1,1021,38,2,551,2,692
evaluation__3713__deblur__restore__nes__l1,1021,36,3,520,3,668
evaluation__3713__deblur__confidence_boost__nes__l1,1021,38,2,644,2,757
evaluation__7902__denoise__attack__nes__l0.5,1021,34,23,317,23,411
evaluation__7902__denoise__restore__nes__l0.5,1021,35,4,413,2,525
evaluation__7902__denoise__confidence_boost__nes__l0.5,1021,35,4,565,4,678
evaluation__7902__deblur__attack__nes__l1,1021,36,3,448,3,566
evaluation__7902__deblur__restore__nes__l1,1021,35,10,325,10,438
evaluation__7902__deblur__confidence_boost__nes__l1,1021,34,9,369,9,485
evaluation__3023__denoise__attack__nes__l0.5,1021,35,3,413,3,535
evaluation__3023__denoise__restore__nes__l0.5,1021,34,3,475,3,600
evaluation__3023__denoise__confidence_boost__nes__l0.5,1021,39,3,735,2,821
evaluation__3023__deblur__attack__nes__l1,1021,37,2,582,2,705
evaluation__3023__deblur__restore__nes__l1,1021,35,3,516,3,661
evaluation__3023__deblur__confidence_boost__nes__l1,1021,36,3,438,3,581
evaluation__6237__denoise__attack__nes__l0.5,1021,34,3,332,3,454
evaluation__6237__denoise__restore__nes__l0.5,1021,35,2,453,2,588
evaluation__6237__denoise__confidence_boost__nes__l0.5,1021,34,18,463,18,595
evaluation__6237__deblur__attack__nes__l1,1021,36,3,560,2,681
evaluation__6237__deblur__restore__nes__l1,1021,38,4,569,4,671
evaluation__6237__deblur__confidence_boost__nes__l1,1021,36,6,569,4,690
evaluation__463__denoise__attack__nes__l0.5,1021,37,9,443,8,542
evaluation__463__denoise__restore__nes__l0.5,1021,38,57,371,36,481
evaluation__463__denoise__confidence_boost__nes__l0.5,1021,34,4,346,4,466
evaluation__463__deblur__attack__nes__l1,1021,35,2,410,2,530
evaluation__463__deblur__restore__nes__l1,1021,37,5,614,3,734
evaluation__463__deblur__confidence_boost__nes__l1,1021,34,2,450,2,570
evaluation__4042__denoise__attack__nes__l0.5,1021,36,7,341,7,455
evaluation__4042__denoise__restore__nes__l0.5,1021,34,18,418,5,561
evaluation__4042__denoise__confidence_boost__nes__l0.5,1021,35,6,489,3,617
evaluation__4042__deblur__attack__nes__l1,1021,34,9,396,9,514
evaluation__4042__deblur__restore__nes__l1,1021,36,8,281,8,379
evaluation__4042__deblur__confidence_boost__nes__l1,1021,34,3,384,3,490
evaluation__8500__denoise__attack__nes__l0.5,1021,36,12,355,2,477
evaluation__8500__denoise__restore__nes__l0.5,1021,36,11,348,9,461
evaluation__8500__denoise__confidence_boost__nes__l0.5,1021,36,8,333,8,466
evaluation__8500__deblur__attack__nes__l1,1021,33,2,367,2,478
evaluation__8500__deblur__restore__nes__l1,1021,34,16,310,16,443
evaluation__8500__deblur__confidence_boost__nes__l1,1021,50,4,334,4,442
evaluation__2487__denoise__attack__nes__l0.5,1021,36,8,508,8,633
evaluation__2487__denoise__restore__nes__l0.5,1021,35,3,486,2,600
evaluation__2487__denoise__confidence_boost__nes__l0.5,1021,36,3,490,3,624
evaluation__2487__deblur__attack__nes__l1,1021,33,12,316,3,421
evaluation__2487__deblur__restore__nes__l1,1021,34,7,388,7,512
evaluation__2487__deblur__confidence_boost__nes__l1,1021,38,18,573,13,689
evaluation__6120__denoise__attack__nes__l0.5,1021,36,2,391,2,552
evaluation__6120__denoise__restore__nes__l0.5,1021,36,2,334,2,443
evaluation__6120__denoise__confidence_boost__nes__l0.5,1021,37,3,495,2,638
evaluation__6120__deblur__attack__nes__l1,1021,36,19,409,12,524
evaluation__6120__deblur__restore__nes__l1,1021,34,32,326,22,459
evaluation__6120__deblur__confidence_boost__nes__l1,1021,34,19,329,19,430
evaluation__920__denoise__attack__nes__l0.5,1021,37,5,469,3,589
evaluation__920__denoise__restore__nes__l0.5,1021,38,2,490,2,610
evaluation__920__denoise__confidence_boost__nes__l0.5,1021,35,2,422,2,525
evaluation__920__deblur__attack__nes__l1,1021,35,3,505,3,627
evaluation__920__deblur__restore__nes__l1,1021,33,2,227,2,313
evaluation__920__deblur__confidence_boost__nes__l1,1021,35,2,417,2,527
evaluation__4465__denoise__attack__nes__l0.5,1021,36,4,310,4,430
evaluation__4465__denoise__restore__nes__l0.5,1021,38,4,631,4,765
evaluation__4465__denoise__confidence_boost__nes__l0.5,1021,35,18,410,18,523
evaluation__4465__deblur__attack__nes__l1,1021,37,7,470,7,605
evaluation__4465__deblur__restore__nes__l1,1021,35,6,489,6,603
evaluation__4465__deblur__confidence_boost__nes__l1,1021,35,9,528,6,647
evaluation__8113__denoise__attack__nes__l0.5,1021,36,2,565,2,698
evaluation__8113__denoise__restore__nes__l0.5,1021,34,3,490,3,616
evaluation__8113__denoise__confidence_boost__nes__l0.5,1021,37,9,515,4,619
evaluation__8113__deblur__attack__nes__l1,1021,36,5,548,2,664
evaluation__8113__deblur__restore__nes__l1,1021,36,12,353,12,460
evaluation__8113__deblur__confidence_boost__nes__l1,1021,35,5,333,5,444
evaluation__3437__denoise__attack__nes__l0.5,1021,36,4,599,3,706
evaluation__3437__denoise__restore__nes__l0.5,1021,37,8,555,8,678
evaluation__3437__denoise__confidence_boost__nes__l0.5,1021,37,2,517,2,650
evaluation__3437__deblur__attack__nes__l1,1021,32,5,270,5,379
evaluation__3437__deblur__restore__nes__l1,1021,35,16,312,14,411
evaluation__3437__deblur__confidence_boost__nes__l1,1021,34,20,272,17,373
evaluation__5668__denoise__attack__nes__l0.5,1021,37,6,396,6,526
evaluation__5668__denoise__restore__nes__l0.5,1021,34,4,386,4,516
evaluation__5668__denoise__confidence_boost__nes__l0.5,1021,36,3,394,3,509
evaluation__5668__deblur__attack__nes__l1,1021,38,14,451,2,576
evaluation__5668__deblur__restore__nes__l1,1021,37,13,425,11,574
evaluation__5668__deblur__confidence_boost__nes__l1,1021,35,16,479,2,594
evaluation__582__denoise__attack__nes__l0.5,1021,35,4,437,4,557
evaluation__582__denoise__restore__nes__l0.5,1021,36,7,537,7,671
evaluation__582__denoise__confidence_boost__nes__l0.5,1021,36,11,458,11,590
evaluation__582__deblur__attack__nes__l1,1021,36,5,474,4,601
evaluation__582__deblur__restore__nes__l1,1021,36,3,473,3,591
evaluation__582__deblur__confidence_boost__nes__l1,1021,34,10,346,10,441
evaluation__3270__denoise__attack__nes__l0.5,1021,36,9,488,3,617
evaluation__3270__denoise__restore__nes__l0.5,1021,36,2,342,2,461
evaluation__3270__denoise__confidence_boost__nes__l0.5,1021,35,7,352,3,487
evaluation__3270__deblur__attack__nes__l1,1021,35,2,536,2,674
evaluation__3270__deblur__restore__nes__l1,1021,34,5,406,5,515
evaluation__3270__deblur__confidence_boost__nes__l1,1021,36,6,747,6,835
evaluation__6718__denoise__attack__nes__l0.5,1021,35,6,374,6,485
evaluation__6718__denoise__restore__nes__l0.5,1021,35,4,463,4,603
evaluation__6718__denoise__confidence_boost__nes__l0.5,1021,38,8,563,8,684
evaluation__6718__deblur__attack__nes__l1,1021,34,2,309,2,420
evaluation__6718__deblur__restore__nes__l1,1021,36,3,386,3,510
evaluation__6718__deblur__confidence_boost__nes__l1,1021,50,3,369,3,488
evaluation__3170__denoise__attack__nes__l0.5,1021,37,4,466,4,591
evaluation__3170__denoise__restore__nes__l0.5,1021,36,13,353,13,469
evaluation__3170__denoise__confidence_boost__nes__l0.5,1021,35,16,434,6,574
evaluation__3170__deblur__attack__nes__l1,1021,34,3,469,3,595
evaluation__3170__deblur__restore__nes__l1,1021,36,9,562,9,678
evaluation__3170__deblur__confidence_boost__nes__l1,1021,37,9,525,9,648
evaluation__7642__denoise__attack__nes__l0.5,1021,35,11,517,8,625
evaluation__7642__denoise__restore__nes__l0.5,1021,35,7,577,7,687
evaluation__7642__denoise__confidence_boost__nes__l0.5,1021,37,4,407,4,521
evaluation__7642__deblur__attack__nes__l1,1021,36,2,566,2,684
evaluation__7642__deblur__restore__nes__l1,1021,34,2,378,2,515
evaluation__7642__deblur__confidence_boost__nes__l1,1021,35,4,466,4,577
fit__90__denoise__attack__nes__l0.5,1021,35,5,424,5,543
fit__90__denoise__restore__nes__l0.5,1021,37,9,474,9,602
fit__90__denoise__confidence_boost__nes__l0.5,1021,33,7,273,7,392
fit__90__deblur__attack__nes__l1,1021,37,8,440,8,563
fit__90__deblur__restore__nes__l1,1021,36,3,342,2,454
fit__90__deblur__confidence_boost__nes__l1,1021,36,28,474,11,599
fit__8643__denoise__attack__nes__l0.5,1021,36,18,479,2,594
fit__8643__denoise__restore__nes__l0.5,1021,40,4,634,4,742
fit__8643__denoise__confidence_boost__nes__l0.5,1021,35,5,585,3,704
fit__8643__deblur__attack__nes__l1,1021,36,12,437,2,555
fit__8643__deblur__restore__nes__l1,1021,34,22,387,22,507
fit__8643__deblur__confidence_boost__nes__l1,1021,34,18,308,18,414
fit__7166__denoise__attack__nes__l0.5,1021,33,7,317,6,422
fit__7166__denoise__restore__nes__l0.5,1021,37,31,418,2,528
fit__7166__denoise__confidence_boost__nes__l0.5,1021,36,15,361,8,481
fit__7166__deblur__attack__nes__l1,1021,34,21,312,21,429
fit__7166__deblur__restore__nes__l1,1021,35,60,189,60,267
fit__7166__deblur__confidence_boost__nes__l1,1021,35,52,245,30,345
fit__3844__denoise__attack__nes__l0.5,1021,34,5,330,5,444
fit__3844__denoise__restore__nes__l0.5,1021,34,3,348,3,475
fit__3844__denoise__confidence_boost__nes__l0.5,1021,37,3,413,3,546
fit__3844__deblur__attack__nes__l1,1021,37,2,601,2,706
fit__3844__deblur__restore__nes__l1,1021,35,2,403,2,515
fit__3844__deblur__confidence_boost__nes__l1,1021,35,2,432,2,554
fit__2922__denoise__attack__nes__l0.5,1021,34,17,420,4,542
fit__2922__denoise__restore__nes__l0.5,1021,38,14,503,14,647
fit__2922__denoise__confidence_boost__nes__l0.5,1021,38,3,497,3,617
fit__2922__deblur__attack__nes__l1,1021,36,19,332,14,439
fit__2922__deblur__restore__nes__l1,1021,36,2,414,2,539
fit__2922__deblur__confidence_boost__nes__l1,1021,50,12,493,12,637
fit__1526__denoise__attack__nes__l0.5,1021,38,4,580,4,680
fit__1526__denoise__restore__nes__l0.5,1021,36,2,527,2,653
fit__1526__denoise__confidence_boost__nes__l0.5,1021,36,5,575,5,692
fit__1526__deblur__attack__nes__l1,1021,37,7,650,6,752
fit__1526__deblur__restore__nes__l1,1021,36,12,519,4,633
fit__1526__deblur__confidence_boost__nes__l1,1021,50,8,459,8,591
fit__6664__denoise__attack__nes__l0.5,1021,38,2,633,2,753
fit__6664__denoise__restore__nes__l0.5,1021,36,5,555,2,666
fit__6664__denoise__confidence_boost__nes__l0.5,1021,37,5,569,5,703
fit__6664__deblur__attack__nes__l1,1021,35,11,331,10,431
fit__6664__deblur__restore__nes__l1,1021,37,11,394,10,535
fit__6664__deblur__confidence_boost__nes__l1,1021,34,3,387,3,527
fit__6571__denoise__attack__nes__l0.5,1021,34,17,335,17,450
fit__6571__denoise__restore__nes__l0.5,1021,33,7,251,7,352
fit__6571__denoise__confidence_boost__nes__l0.5,1021,33,3,266,3,368
fit__6571__deblur__attack__nes__l1,1021,35,35,403,35,504
fit__6571__deblur__restore__nes__l1,1021,33,20,220,20,323
fit__6571__deblur__confidence_boost__nes__l1,1021,33,28,281,21,406
fit__4668__denoise__attack__nes__l0.5,1021,34,3,334,3,452
fit__4668__denoise__restore__nes__l0.5,1021,35,13,416,13,532
fit__4668__denoise__confidence_boost__nes__l0.5,1021,35,2,448,2,557
fit__4668__deblur__attack__nes__l1,1021,37,15,468,15,585
fit__4668__deblur__restore__nes__l1,1021,36,14,520,14,623
fit__4668__deblur__confidence_boost__nes__l1,1021,35,21,499,10,620
fit__2518__denoise__attack__nes__l0.5,1021,38,5,562,5,674
fit__2518__denoise__restore__nes__l0.5,1021,34,5,344,5,454
fit__2518__denoise__confidence_boost__nes__l0.5,1021,38,8,550,6,665
fit__2518__deblur__attack__nes__l1,1021,34,11,336,11,458
fit__2518__deblur__restore__nes__l1,1021,34,15,220,13,321
fit__2518__deblur__confidence_boost__nes__l1,1021,36,25,356,25,475
fit__1279__denoise__attack__nes__l0.5,1021,35,8,384,7,501
fit__1279__denoise__restore__nes__l0.5,1021,36,3,421,3,543
fit__1279__denoise__confidence_boost__nes__l0.5,1021,34,12,279,8,362
fit__1279__deblur__attack__nes__l1,1021,37,18,579,12,692
fit__1279__deblur__restore__nes__l1,1021,35,21,382,2,499
fit__1279__deblur__confidence_boost__nes__l1,1021,37,2,590,2,692
fit__8256__denoise__attack__nes__l0.5,1021,35,7,442,7,584
fit__8256__denoise__restore__nes__l0.5,1021,36,2,425,2,564
fit__8256__denoise__confidence_boost__nes__l0.5,1021,34,3,406,2,554
fit__8256__deblur__attack__nes__l1,1021,37,6,561,3,686
fit__8256__deblur__restore__nes__l1,1021,36,8,452,4,573
fit__8256__deblur__confidence_boost__nes__l1,1021,50,5,550,5,674
fit__5980__denoise__attack__nes__l0.5,1021,37,2,579,2,715
fit__5980__denoise__restore__nes__l0.5,1021,35,8,534,5,673
fit__5980__denoise__confidence_boost__nes__l0.5,1021,37,2,522,2,631
fit__5980__deblur__attack__nes__l1,1021,37,2,598,2,709
fit__5980__deblur__restore__nes__l1,1021,35,6,418,6,526
fit__5980__deblur__confidence_boost__nes__l1,1021,37,19,584,19,702
evaluation__791__denoise__attack__nes__l0.5,1021,36,9,381,9,499
evaluation__791__denoise__restore__nes__l0.5,1021,34,9,330,9,445
evaluation__791__denoise__confidence_boost__nes__l0.5,1021,36,8,453,8,577
evaluation__791__deblur__attack__nes__l1,1021,34,6,280,6,386
evaluation__791__deblur__restore__nes__l1,1021,36,4,372,4,475
evaluation__791__deblur__confidence_boost__nes__l1,1021,35,2,397,2,534
evaluation__6241__denoise__attack__nes__l0.5,1021,36,10,461,7,604
evaluation__6241__denoise__restore__nes__l0.5,1021,37,3,530,2,678
evaluation__6241__denoise__confidence_boost__nes__l0.5,1021,35,2,433,2,553
evaluation__6241__deblur__attack__nes__l1,1021,38,3,565,2,701
evaluation__6241__deblur__restore__nes__l1,1021,36,2,493,2,609
evaluation__6241__deblur__confidence_boost__nes__l1,1021,34,2,371,2,472
evaluation__9046__denoise__attack__nes__l0.5,1021,36,2,491,2,611
evaluation__9046__denoise__restore__nes__l0.5,1021,33,7,335,2,444
evaluation__9046__denoise__confidence_boost__nes__l0.5,1021,35,4,504,4,623
evaluation__9046__deblur__attack__nes__l1,1021,34,13,279,13,399
evaluation__9046__deblur__restore__nes__l1,1021,35,13,381,13,495
evaluation__9046__deblur__confidence_boost__nes__l1,1021,37,38,378,38,509
evaluation__1882__denoise__attack__nes__l0.5,1021,36,6,339,2,464
evaluation__1882__denoise__restore__nes__l0.5,1021,36,14,480,6,601
evaluation__1882__denoise__confidence_boost__nes__l0.5,1021,36,11,499,4,610
evaluation__1882__deblur__attack__nes__l1,1021,33,12,275,12,378
evaluation__1882__deblur__restore__nes__l1,1021,34,47,342,19,457
evaluation__1882__deblur__confidence_boost__nes__l1,1021,34,33,395,12,532
evaluation__7215__denoise__attack__nes__l0.5,1021,37,5,662,4,771
evaluation__7215__denoise__restore__nes__l0.5,1021,36,2,561,2,680
evaluation__7215__denoise__confidence_boost__nes__l0.5,1021,36,3,446,3,553
evaluation__7215__deblur__attack__nes__l1,1021,33,4,271,3,377
evaluation__7215__deblur__restore__nes__l1,1021,38,3,549,3,666
evaluation__7215__deblur__confidence_boost__nes__l1,1021,35,16,422,7,569
evaluation__1196__denoise__attack__nes__l0.5,1021,35,31,470,6,583
evaluation__1196__denoise__restore__nes__l0.5,1021,37,22,433,18,546
evaluation__1196__denoise__confidence_boost__nes__l0.5,1021,36,46,398,46,523
evaluation__1196__deblur__attack__nes__l1,1021,39,7,509,7,628
evaluation__1196__deblur__restore__nes__l1,1021,37,8,542,6,648
evaluation__1196__deblur__confidence_boost__nes__l1,1021,38,4,541,4,675
evaluation__4035__denoise__attack__nes__l0.5,1021,35,2,531,2,657
evaluation__4035__denoise__restore__nes__l0.5,1021,35,3,595,3,732
evaluation__4035__denoise__confidence_boost__nes__l0.5,1021,36,4,473,4,603
evaluation__4035__deblur__attack__nes__l1,1021,35,11,366,11,494
evaluation__4035__deblur__restore__nes__l1,1021,36,3,425,3,563
evaluation__4035__deblur__confidence_boost__nes__l1,1021,35,13,418,9,543
evaluation__8363__denoise__attack__nes__l0.5,1021,35,13,355,9,468
evaluation__8363__denoise__restore__nes__l0.5,1021,35,2,444,2,559
evaluation__8363__denoise__confidence_boost__nes__l0.5,1021,36,2,417,2,540
evaluation__8363__deblur__attack__nes__l1,1021,35,2,383,2,498
evaluation__8363__deblur__restore__nes__l1,1021,36,6,384,6,504
evaluation__8363__deblur__confidence_boost__nes__l1,1021,36,5,435,5,546
evaluation__3479__denoise__attack__nes__l0.5,1021,36,5,471,5,595
evaluation__3479__denoise__restore__nes__l0.5,1021,34,2,465,2,585
evaluation__3479__denoise__confidence_boost__nes__l0.5,1021,35,4,350,2,484
evaluation__3479__deblur__attack__nes__l1,1021,38,7,473,7,585
evaluation__3479__deblur__restore__nes__l1,1021,37,4,487,4,603
evaluation__3479__deblur__confidence_boost__nes__l1,1021,36,3,549,3,673
evaluation__6340__denoise__attack__nes__l0.5,1021,34,2,295,2,408
evaluation__6340__denoise__restore__nes__l0.5,1021,34,3,276,3,367
evaluation__6340__denoise__confidence_boost__nes__l0.5,1021,36,2,357,2,474
evaluation__6340__deblur__attack__nes__l1,1021,37,3,569,3,685
evaluation__6340__deblur__restore__nes__l1,1021,35,5,512,3,611
evaluation__6340__deblur__confidence_boost__nes__l1,1021,36,2,475,2,586
evaluation__1303__denoise__attack__nes__l0.5,1021,35,10,486,3,597
evaluation__1303__denoise__restore__nes__l0.5,1021,36,9,527,9,640
evaluation__1303__denoise__confidence_boost__nes__l0.5,1021,34,7,352,7,452
evaluation__1303__deblur__attack__nes__l1,1021,36,8,542,8,664
evaluation__1303__deblur__restore__nes__l1,1021,36,9,439,2,574
evaluation__1303__deblur__confidence_boost__nes__l1,1021,35,10,443,6,579
evaluation__4047__denoise__attack__nes__l0.5,1021,34,2,405,2,543
evaluation__4047__denoise__restore__nes__l0.5,1021,36,10,474,10,596
evaluation__4047__denoise__confidence_boost__nes__l0.5,1021,37,2,485,2,593
evaluation__4047__deblur__attack__nes__l1,1021,36,14,506,14,627
evaluation__4047__deblur__restore__nes__l1,1021,35,3,313,3,437
evaluation__4047__deblur__confidence_boost__nes__l1,1021,36,23,412,6,555
evaluation__8540__denoise__attack__nes__l0.5,1021,37,7,469,7,577
evaluation__8540__denoise__restore__nes__l0.5,1021,35,11,450,11,585
evaluation__8540__denoise__confidence_boost__nes__l0.5,1021,36,17,536,17,654
evaluation__8540__deblur__attack__nes__l1,1021,35,18,419,2,552
evaluation__8540__deblur__restore__nes__l1,1021,34,5,306,5,426
evaluation__8540__deblur__confidence_boost__nes__l1,1021,37,22,464,15,581
evaluation__2582__denoise__attack__nes__l0.5,1021,33,6,329,2,449
evaluation__2582__denoise__restore__nes__l0.5,1021,35,3,348,3,450
evaluation__2582__denoise__confidence_boost__nes__l0.5,1021,37,2,366,2,497
evaluation__2582__deblur__attack__nes__l1,1021,34,10,278,10,393
evaluation__2582__deblur__restore__nes__l1,1021,35,8,418,2,548
evaluation__2582__deblur__confidence_boost__nes__l1,1021,36,9,449,9,556
evaluation__6835__denoise__attack__nes__l0.5,1021,37,2,472,2,576
evaluation__6835__denoise__restore__nes__l0.5,1021,36,18,355,18,464
evaluation__6835__denoise__confidence_boost__nes__l0.5,1021,36,3,398,3,526
evaluation__6835__deblur__attack__nes__l1,1021,37,33,572,33,694
evaluation__6835__deblur__restore__nes__l1,1021,35,19,365,19,487
evaluation__6835__deblur__confidence_boost__nes__l1,1021,36,28,429,28,582
evaluation__1147__denoise__attack__nes__l0.5,1021,35,17,366,17,497
evaluation__1147__denoise__restore__nes__l0.5,1021,35,20,311,7,431
evaluation__1147__denoise__confidence_boost__nes__l0.5,1021,38,5,377,5,493
evaluation__1147__deblur__attack__nes__l1,1021,36,6,513,6,631
evaluation__1147__deblur__restore__nes__l1,1021,36,2,523,2,647
evaluation__1147__deblur__confidence_boost__nes__l1,1021,39,7,447,7,572
evaluation__4746__denoise__attack__nes__l0.5,1021,34,15,331,15,456
evaluation__4746__denoise__restore__nes__l0.5,1021,35,5,473,5,591
evaluation__4746__denoise__confidence_boost__nes__l0.5,1021,34,8,324,8,427
evaluation__4746__deblur__attack__nes__l1,1021,34,4,358,4,465
evaluation__4746__deblur__restore__nes__l1,1021,35,10,430,10,542
evaluation__4746__deblur__confidence_boost__nes__l1,1021,37,5,479,2,598
evaluation__8184__denoise__attack__nes__l0.5,1021,36,27,468,18,583
evaluation__8184__denoise__restore__nes__l0.5,1021,38,19,358,18,484
evaluation__8184__denoise__confidence_boost__nes__l0.5,1021,35,32,324,32,448
evaluation__8184__deblur__attack__nes__l1,1021,36,12,427,7,555
evaluation__8184__deblur__restore__nes__l1,1021,34,8,382,5,496
evaluation__8184__deblur__confidence_boost__nes__l1,1021,34,8,419,8,536
evaluation__3482__denoise__attack__nes__l0.5,1021,38,23,434,16,549
evaluation__3482__denoise__restore__nes__l0.5,1021,35,3,466,3,576
evaluation__3482__denoise__confidence_boost__nes__l0.5,1021,35,15,365,15,469
evaluation__3482__deblur__attack__nes__l1,1021,34,30,387,23,532
evaluation__3482__deblur__restore__nes__l1,1021,35,39,375,15,498
evaluation__3482__deblur__confidence_boost__nes__l1,1021,35,21,370,21,480
evaluation__5675__denoise__attack__nes__l0.5,1021,36,2,273,2,369
evaluation__5675__denoise__restore__nes__l0.5,1021,34,11,279,10,385
evaluation__5675__denoise__confidence_boost__nes__l0.5,1021,35,8,437,4,547
evaluation__5675__deblur__attack__nes__l1,1021,34,26,398,26,511
evaluation__5675__deblur__restore__nes__l1,1021,35,43,315,9,430
evaluation__5675__deblur__confidence_boost__nes__l1,1021,35,2,330,2,451
evaluation__939__denoise__attack__nes__l0.5,1021,36,2,362,2,475
evaluation__939__denoise__restore__nes__l0.5,1021,36,7,289,2,405
evaluation__939__denoise__confidence_boost__nes__l0.5,1021,36,6,409,6,533
evaluation__939__deblur__attack__nes__l1,1021,35,5,557,5,676
evaluation__939__deblur__restore__nes__l1,1021,39,6,390,6,510
evaluation__939__deblur__confidence_boost__nes__l1,1021,37,11,464,4,576
evaluation__3817__denoise__attack__nes__l0.5,1021,37,23,573,23,694
evaluation__3817__denoise__restore__nes__l0.5,1021,33,3,321,3,435
evaluation__3817__denoise__confidence_boost__nes__l0.5,1021,35,18,443,3,579
evaluation__3817__deblur__attack__nes__l1,1021,35,3,297,3,416
evaluation__3817__deblur__restore__nes__l1,1021,35,5,217,2,303
evaluation__3817__deblur__confidence_boost__nes__l1,1021,33,9,445,9,558
evaluation__7261__denoise__attack__nes__l0.5,1021,37,4,430,4,564
evaluation__7261__denoise__restore__nes__l0.5,1021,34,3,295,3,423
evaluation__7261__denoise__confidence_boost__nes__l0.5,1021,36,4,467,2,595
evaluation__7261__deblur__attack__nes__l1,1021,34,12,412,8,531
evaluation__7261__deblur__restore__nes__l1,1021,39,2,459,2,570
evaluation__7261__deblur__confidence_boost__nes__l1,1021,35,7,367,3,494
evaluation__3368__denoise__attack__nes__l0.5,1021,38,2,469,2,599
evaluation__3368__denoise__restore__nes__l0.5,1021,34,2,499,2,642
evaluation__3368__denoise__confidence_boost__nes__l0.5,1021,35,10,499,4,633
evaluation__3368__deblur__attack__nes__l1,1021,35,4,392,4,545
evaluation__3368__deblur__restore__nes__l1,1021,34,16,386,16,516
evaluation__3368__deblur__confidence_boost__nes__l1,1021,37,4,297,4,424
evaluation__8312__denoise__attack__nes__l0.5,1021,34,5,417,2,541
evaluation__8312__denoise__restore__nes__l0.5,1021,37,5,421,5,534
evaluation__8312__denoise__confidence_boost__nes__l0.5,1021,35,5,519,5,639
evaluation__8312__deblur__attack__nes__l1,1021,37,7,426,7,539
evaluation__8312__deblur__restore__nes__l1,1021,37,21,529,12,663
evaluation__8312__deblur__confidence_boost__nes__l1,1021,36,3,498,2,625
fit__1851__denoise__attack__nes__l0.5,1021,35,3,343,3,458
fit__1851__denoise__restore__nes__l0.5,1021,36,6,371,6,495
fit__1851__denoise__confidence_boost__nes__l0.5,1021,34,2,380,2,495
fit__1851__deblur__attack__nes__l1,1021,35,2,520,2,647
fit__1851__deblur__restore__nes__l1,1021,37,2,495,2,617
fit__1851__deblur__confidence_boost__nes__l1,1021,36,3,434,3,567
fit__9749__denoise__attack__nes__l0.5,1021,37,42,364,42,491
fit__9749__denoise__restore__nes__l0.5,1021,35,4,400,4,528
fit__9749__denoise__confidence_boost__nes__l0.5,1021,34,18,339,11,448
fit__9749__deblur__attack__nes__l1,1021,39,2,473,2,613
fit__9749__deblur__restore__nes__l1,1021,36,2,443,2,558
fit__9749__deblur__confidence_boost__nes__l1,1021,36,5,468,5,601
fit__7329__denoise__attack__nes__l0.5,1021,37,2,655,2,772
fit__7329__denoise__restore__nes__l0.5,1021,37,3,619,3,737
fit__7329__denoise__confidence_boost__nes__l0.5,1021,35,3,570,3,694
fit__7329__deblur__attack__nes__l1,1021,37,4,334,4,464
fit__7329__deblur__restore__nes__l1,1021,36,2,469,2,606
fit__7329__deblur__confidence_boost__nes__l1,1021,38,3,505,3,612
fit__5133__denoise__attack__nes__l0.5,1021,36,20,397,20,514
fit__5133__denoise__restore__nes__l0.5,1021,37,36,332,3,449
fit__5133__denoise__confidence_boost__nes__l0.5,1021,37,6,305,6,444
fit__5133__deblur__attack__nes__l1,1021,36,38,358,11,493
fit__5133__deblur__restore__nes__l1,1021,34,19,295,5,419
fit__5133__deblur__confidence_boost__nes__l1,1021,50,7,556,3,677
fit__2963__denoise__attack__nes__l0.5,1021,37,6,436,6,564
fit__2963__denoise__restore__nes__l0.5,1021,39,10,535,3,654
fit__2963__denoise__confidence_boost__nes__l0.5,1021,39,2,418,2,541
fit__2963__deblur__attack__nes__l1,1021,38,2,485,2,612
fit__2963__deblur__restore__nes__l1,1021,37,3,447,3,563
fit__2963__deblur__confidence_boost__nes__l1,1021,37,2,446,2,571
fit__1544__denoise__attack__nes__l0.5,1021,39,13,512,13,633
fit__1544__denoise__restore__nes__l0.5,1021,35,4,376,4,501
fit__1544__denoise__confidence_boost__nes__l0.5,1021,34,57,449,35,580
fit__1544__deblur__attack__nes__l1,1021,33,2,320,2,450
fit__1544__deblur__restore__nes__l1,1021,36,8,460,8,586
fit__1544__deblur__confidence_boost__nes__l1,1021,50,9,379,7,500
fit__7325__denoise__attack__nes__l0.5,1021,38,9,494,3,637
fit__7325__denoise__restore__nes__l0.5,1021,37,2,406,2,572
fit__7325__denoise__confidence_boost__nes__l0.5,1021,35,5,380,2,511
fit__7325__deblur__attack__nes__l1,1021,36,12,429,7,539
fit__7325__deblur__restore__nes__l1,1021,35,8,341,3,474
fit__7325__deblur__confidence_boost__nes__l1,1021,36,8,373,8,481
fit__6690__denoise__attack__nes__l0.5,1021,36,2,559,2,666
fit__6690__denoise__restore__nes__l0.5,1021,35,7,487,7,599
fit__6690__denoise__confidence_boost__nes__l0.5,1021,37,4,484,3,622
fit__6690__deblur__attack__nes__l1,1021,35,5,462,5,582
fit__6690__deblur__restore__nes__l1,1021,34,5,375,5,481
fit__6690__deblur__confidence_boost__nes__l1,1021,35,12,359,12,483
fit__4702__denoise__attack__nes__l0.5,1021,36,3,509,3,642
fit__4702__denoise__restore__nes__l0.5,1021,34,3,536,3,666
fit__4702__denoise__confidence_boost__nes__l0.5,1021,37,2,590,2,699
fit__4702__deblur__attack__nes__l1,1021,36,18,334,18,465
fit__4702__deblur__restore__nes__l1,1021,38,16,517,14,633
fit__4702__deblur__confidence_boost__nes__l1,1021,50,15,586,15,718
fit__3116__denoise__attack__nes__l0.5,1021,36,3,581,3,690
fit__3116__denoise__restore__nes__l0.5,1021,37,7,686,6,794
fit__3116__denoise__confidence_boost__nes__l0.5,1021,36,2,561,2,683
fit__3116__deblur__attack__nes__l1,1021,37,3,403,3,531
fit__3116__deblur__restore__nes__l1,1021,37,3,387,2,526
fit__3116__deblur__confidence_boost__nes__l1,1021,35,2,453,2,583
fit__1358__denoise__attack__nes__l0.5,1021,35,2,475,2,603
fit__1358__denoise__restore__nes__l0.5,1021,34,5,480,5,603
fit__1358__denoise__confidence_boost__nes__l0.5,1021,36,7,519,7,645
fit__1358__deblur__attack__nes__l1,1021,37,5,423,3,536
fit__1358__deblur__restore__nes__l1,1021,35,3,512,3,642
fit__1358__deblur__confidence_boost__nes__l1,1021,50,4,807,3,882
fit__9101__denoise__attack__nes__l0.5,1021,36,23,524,5,653
fit__9101__denoise__restore__nes__l0.5,1021,36,18,395,18,516
fit__9101__denoise__confidence_boost__nes__l0.5,1021,36,5,410,5,529
fit__9101__deblur__attack__nes__l1,1021,36,12,508,9,627
fit__9101__deblur__restore__nes__l1,1021,36,3,437,3,550
fit__9101__deblur__confidence_boost__nes__l1,1021,36,4,488,3,609
fit__7297__denoise__attack__nes__l0.5,1021,36,2,631,2,759
fit__7297__denoise__restore__nes__l0.5,1021,40,2,460,2,566
fit__7297__denoise__confidence_boost__nes__l0.5,1021,37,10,466,5,575
fit__7297__deblur__attack__nes__l1,1021,37,14,524,7,662
fit__7297__deblur__restore__nes__l1,1021,36,4,598,4,713
fit__7297__deblur__confidence_boost__nes__l1,1021,38,9,674,9,797
evaluation__1109__denoise__attack__nes__l0.5,1021,34,8,337,7,463
evaluation__1109__denoise__restore__nes__l0.5,1021,34,10,421,10,547
evaluation__1109__denoise__confidence_boost__nes__l0.5,1021,36,9,401,5,523
evaluation__1109__deblur__attack__nes__l1,1021,36,55,346,34,463
evaluation__1109__deblur__restore__nes__l1,1021,34,30,316,19,427
evaluation__1109__deblur__confidence_boost__nes__l1,1021,34,45,232,12,336
evaluation__6494__denoise__attack__nes__l0.5,1021,37,5,395,5,536
evaluation__6494__denoise__restore__nes__l0.5,1021,34,6,281,6,389
evaluation__6494__denoise__confidence_boost__nes__l0.5,1021,35,38,512,36,630
evaluation__6494__deblur__attack__nes__l1,1021,39,2,439,2,553
evaluation__6494__deblur__restore__nes__l1,1021,35,9,310,9,426
evaluation__6494__deblur__confidence_boost__nes__l1,1021,35,15,269,6,376
evaluation__9973__denoise__attack__nes__l0.5,1021,37,5,560,5,658
evaluation__9973__denoise__restore__nes__l0.5,1021,36,24,544,21,664
evaluation__9973__denoise__confidence_boost__nes__l0.5,1021,34,7,398,7,527
evaluation__9973__deblur__attack__nes__l1,1021,36,3,423,3,543
evaluation__9973__deblur__restore__nes__l1,1021,36,2,484,2,600
evaluation__9973__deblur__confidence_boost__nes__l1,1021,35,17,423,7,540
evaluation__1991__denoise__attack__nes__l0.5,1021,34,10,358,4,492
evaluation__1991__denoise__restore__nes__l0.5,1021,35,17,230,8,337
evaluation__1991__denoise__confidence_boost__nes__l0.5,1021,34,19,225,8,332
evaluation__1991__deblur__attack__nes__l1,1021,37,4,490,4,629
evaluation__1991__deblur__restore__nes__l1,1021,35,5,317,5,447
evaluation__1991__deblur__confidence_boost__nes__l1,1021,36,6,460,6,591
evaluation__7450__denoise__attack__nes__l0.5,1021,37,4,415,4,528
evaluation__7450__denoise__restore__nes__l0.5,1021,36,4,434,4,571
evaluation__7450__denoise__confidence_boost__nes__l0.5,1021,35,11,397,2,536
evaluation__7450__deblur__attack__nes__l1,1021,34,5,378,5,513
evaluation__7450__deblur__restore__nes__l1,1021,35,4,311,4,420
evaluation__7450__deblur__confidence_boost__nes__l1,1021,36,7,491,3,629
evaluation__1202__denoise__attack__nes__l0.5,1021,33,9,247,3,360
evaluation__1202__denoise__restore__nes__l0.5,1021,36,5,330,2,453
evaluation__1202__denoise__confidence_boost__nes__l0.5,1021,35,7,368,7,498
evaluation__1202__deblur__attack__nes__l1,1021,36,28,547,9,666
evaluation__1202__deblur__restore__nes__l1,1021,36,14,474,5,587
evaluation__1202__deblur__confidence_boost__nes__l1,1021,37,17,455,17,589
evaluation__4622__denoise__attack__nes__l0.5,1021,36,36,361,36,493
evaluation__4622__denoise__restore__nes__l0.5,1021,35,14,265,11,378
evaluation__4622__denoise__confidence_boost__nes__l0.5,1021,35,7,377,7,484
evaluation__4622__deblur__attack__nes__l1,1021,37,17,517,9,634
evaluation__4622__deblur__restore__nes__l1,1021,34,14,415,2,548
evaluation__4622__deblur__confidence_boost__nes__l1,1021,37,4,494,4,631
evaluation__9267__denoise__attack__nes__l0.5,1021,34,2,349,2,484
evaluation__9267__denoise__restore__nes__l0.5,1021,37,2,279,2,386
evaluation__9267__denoise__confidence_boost__nes__l0.5,1021,35,9,439,7,572
evaluation__9267__deblur__attack__nes__l1,1021,37,3,479,3,587
evaluation__9267__deblur__restore__nes__l1,1021,35,7,400,3,519
evaluation__9267__deblur__confidence_boost__nes__l1,1021,35,2,506,2,637
evaluation__4155__denoise__attack__nes__l0.5,1021,37,2,687,2,800
evaluation__4155__denoise__restore__nes__l0.5,1021,38,2,662,2,771
evaluation__4155__denoise__confidence_boost__nes__l0.5,1021,36,2,600,2,716
evaluation__4155__deblur__attack__nes__l1,1021,37,36,440,9,566
evaluation__4155__deblur__restore__nes__l1,1021,36,6,340,6,462
evaluation__4155__deblur__confidence_boost__nes__l1,1021,34,12,337,12,467
evaluation__6786__denoise__attack__nes__l0.5,1021,37,6,567,6,683
evaluation__6786__denoise__restore__nes__l0.5,1021,36,24,478,10,608
evaluation__6786__denoise__confidence_boost__nes__l0.5,1021,39,5,604,5,720
evaluation__6786__deblur__attack__nes__l1,1021,36,2,399,2,525
evaluation__6786__deblur__restore__nes__l1,1021,36,8,505,8,619
evaluation__6786__deblur__confidence_boost__nes__l1,1021,36,2,519,2,654
evaluation__1533__denoise__attack__nes__l0.5,1021,37,5,174,2,264
evaluation__1533__denoise__restore__nes__l0.5,1021,34,6,285,6,388
evaluation__1533__denoise__confidence_boost__nes__l0.5,1021,35,78,301,34,413
evaluation__1533__deblur__attack__nes__l1,1021,34,17,310,5,411
evaluation__1533__deblur__restore__nes__l1,1021,35,5,283,5,411
evaluation__1533__deblur__confidence_boost__nes__l1,1021,34,11,423,11,547
evaluation__4173__denoise__attack__nes__l0.5,1021,35,6,495,6,612
evaluation__4173__denoise__restore__nes__l0.5,1021,34,24,280,4,413
evaluation__4173__denoise__confidence_boost__nes__l0.5,1021,36,24,554,8,687
evaluation__4173__deblur__attack__nes__l1,1021,37,11,581,11,702
evaluation__4173__deblur__restore__nes__l1,1021,34,2,374,2,488
evaluation__4173__deblur__confidence_boost__nes__l1,1021,35,8,545,5,667
evaluation__9393__denoise__attack__nes__l0.5,1021,35,3,336,3,451
evaluation__9393__denoise__restore__nes__l0.5,1021,35,7,397,4,535
evaluation__9393__denoise__confidence_boost__nes__l0.5,1021,36,3,374,3,498
evaluation__9393__deblur__attack__nes__l1,1021,35,14,422,14,532
evaluation__9393__deblur__restore__nes__l1,1021,34,11,365,4,483
evaluation__9393__deblur__confidence_boost__nes__l1,1021,36,5,490,5,620
evaluation__3613__denoise__attack__nes__l0.5,1021,36,17,464,17,584
evaluation__3613__denoise__restore__nes__l0.5,1021,34,24,400,3,538
evaluation__3613__denoise__confidence_boost__nes__l0.5,1021,36,61,206,14,286
evaluation__3613__deblur__attack__nes__l1,1021,37,54,372,23,505
evaluation__3613__deblur__restore__nes__l1,1021,34,10,321,10,446
evaluation__3613__deblur__confidence_boost__nes__l1,1021,37,18,426,18,540
evaluation__7720__denoise__attack__nes__l0.5,1021,36,2,364,2,479
evaluation__7720__denoise__restore__nes__l0.5,1021,34,5,430,5,552
evaluation__7720__denoise__confidence_boost__nes__l0.5,1021,35,8,266,2,367
evaluation__7720__deblur__attack__nes__l1,1021,37,2,408,2,524
evaluation__7720__deblur__restore__nes__l1,1021,34,5,302,4,414
evaluation__7720__deblur__confidence_boost__nes__l1,1021,34,4,366,4,480
evaluation__1641__denoise__attack__nes__l0.5,1021,36,9,496,8,640
evaluation__1641__denoise__restore__nes__l0.5,1021,38,5,562,5,671
evaluation__1641__denoise__confidence_boost__nes__l0.5,1021,35,2,364,2,490
evaluation__1641__deblur__attack__nes__l1,1021,35,7,415,7,525
evaluation__1641__deblur__restore__nes__l1,1021,34,19,368,13,494
evaluation__1641__deblur__confidence_boost__nes__l1,1021,36,35,458,9,576
evaluation__4788__denoise__attack__nes__l0.5,1021,36,2,630,2,736
evaluation__4788__denoise__restore__nes__l0.5,1021,36,2,609,2,698
evaluation__4788__denoise__confidence_boost__nes__l0.5,1021,39,2,817,2,893
evaluation__4788__deblur__attack__nes__l1,1021,37,2,549,2,655
evaluation__4788__deblur__restore__nes__l1,1021,36,2,419,2,555
evaluation__4788__deblur__confidence_boost__nes__l1,1021,37,5,639,3,767
evaluation__8534__denoise__attack__nes__l0.5,1021,37,2,511,2,628
evaluation__8534__denoise__restore__nes__l0.5,1021,34,4,462,4,582
evaluation__8534__denoise__confidence_boost__nes__l0.5,1021,37,9,471,7,597
evaluation__8534__deblur__attack__nes__l1,1021,35,4,398,2,538
evaluation__8534__deblur__restore__nes__l1,1021,36,4,448,4,570
evaluation__8534__deblur__confidence_boost__nes__l1,1021,37,6,521,2,643
evaluation__3788__denoise__attack__nes__l0.5,1021,37,3,395,3,504
evaluation__3788__denoise__restore__nes__l0.5,1021,35,2,395,2,507
evaluation__3788__denoise__confidence_boost__nes__l0.5,1021,34,6,337,2,459
evaluation__3788__deblur__attack__nes__l1,1021,35,2,551,2,671
evaluation__3788__deblur__restore__nes__l1,1021,35,2,382,2,510
evaluation__3788__deblur__confidence_boost__nes__l1,1021,36,8,525,8,646
evaluation__5998__denoise__attack__nes__l0.5,1021,36,8,408,4,525
evaluation__5998__denoise__restore__nes__l0.5,1021,34,3,355,3,480
evaluation__5998__denoise__confidence_boost__nes__l0.5,1021,36,3,392,3,527
evaluation__5998__deblur__attack__nes__l1,1021,33,2,379,2,499
evaluation__5998__deblur__restore__nes__l1,1021,36,4,319,4,438
evaluation__5998__deblur__confidence_boost__nes__l1,1021,36,2,331,2,448
evaluation__1011__denoise__attack__nes__l0.5,1021,36,2,373,2,501
evaluation__1011__denoise__restore__nes__l0.5,1021,34,8,211,8,307
evaluation__1011__denoise__confidence_boost__nes__l0.5,1021,35,27,372,27,492
evaluation__1011__deblur__attack__nes__l1,1021,38,19,332,19,428
evaluation__1011__deblur__restore__nes__l1,1021,32,49,209,11,302
evaluation__1011__deblur__confidence_boost__nes__l1,1021,50,45,397,43,533
evaluation__4083__denoise__attack__nes__l0.5,1021,34,17,262,5,387
evaluation__4083__denoise__restore__nes__l0.5,1021,36,6,319,6,457
evaluation__4083__denoise__confidence_boost__nes__l0.5,1021,35,15,346,15,461
evaluation__4083__deblur__attack__nes__l1,1021,37,6,512,2,626
evaluation__4083__deblur__restore__nes__l1,1021,38,10,468,10,584
evaluation__4083__deblur__confidence_boost__nes__l1,1021,50,15,553,6,660
evaluation__7580__denoise__attack__nes__l0.5,1021,36,7,595,7,708
evaluation__7580__denoise__restore__nes__l0.5,1021,38,3,521,3,651
evaluation__7580__denoise__confidence_boost__nes__l0.5,1021,36,2,633,2,757
evaluation__7580__deblur__attack__nes__l1,1021,37,11,475,3,599
evaluation__7580__deblur__restore__nes__l1,1021,36,2,535,2,646
evaluation__7580__deblur__confidence_boost__nes__l1,1021,36,6,558,2,659
evaluation__5315__denoise__attack__nes__l0.5,1021,37,6,500,5,638
evaluation__5315__denoise__restore__nes__l0.5,1021,38,7,482,7,602
evaluation__5315__denoise__confidence_boost__nes__l0.5,1021,37,6,608,2,735
evaluation__5315__deblur__attack__nes__l1,1021,36,3,489,3,619
evaluation__5315__deblur__restore__nes__l1,1021,36,3,432,3,561
evaluation__5315__deblur__confidence_boost__nes__l1,1021,35,5,395,5,538
evaluation__8355__denoise__attack__nes__l0.5,1021,38,5,661,2,768
evaluation__8355__denoise__restore__nes__l0.5,1021,38,5,678,5,797
evaluation__8355__denoise__confidence_boost__nes__l0.5,1021,35,3,441,3,558
evaluation__8355__deblur__attack__nes__l1,1021,33,5,349,5,484
evaluation__8355__deblur__restore__nes__l1,1021,35,2,334,2,463
evaluation__8355__deblur__confidence_boost__nes__l1,1021,34,7,367,7,486
fit__2130__denoise__attack__nes__l0.5,1021,36,10,494,10,607
fit__2130__denoise__restore__nes__l0.5,1021,36,35,323,24,446
fit__2130__denoise__confidence_boost__nes__l0.5,1021,36,13,481,13,619
fit__2130__deblur__attack__nes__l1,1021,34,46,384,46,496
fit__2130__deblur__restore__nes__l1,1021,37,18,475,18,587
fit__2130__deblur__confidence_boost__nes__l1,1021,36,32,423,26,542
fit__1187__denoise__attack__nes__l0.5,1021,36,6,460,6,581
fit__1187__denoise__restore__nes__l0.5,1021,37,39,337,2,450
fit__1187__denoise__confidence_boost__nes__l0.5,1021,38,15,382,15,511
fit__1187__deblur__attack__nes__l1,1021,36,2,501,2,626
fit__1187__deblur__restore__nes__l1,1021,34,2,444,2,574
fit__1187__deblur__confidence_boost__nes__l1,1021,37,4,318,2,445
fit__7864__denoise__attack__nes__l0.5,1021,34,4,324,4,456
fit__7864__denoise__restore__nes__l0.5,1021,37,7,331,7,436
fit__7864__denoise__confidence_boost__nes__l0.5,1021,36,35,376,34,502
fit__7864__deblur__attack__nes__l1,1021,33,4,308,4,422
fit__7864__deblur__restore__nes__l1,1021,33,5,258,5,363
fit__7864__deblur__confidence_boost__nes__l1,1021,36,3,556,2,668
fit__7351__denoise__attack__nes__l0.5,1021,34,29,294,7,428
fit__7351__denoise__restore__nes__l0.5,1021,35,4,454,4,570
fit__7351__denoise__confidence_boost__nes__l0.5,1021,37,10,329,10,460
fit__7351__deblur__attack__nes__l1,1021,36,21,364,21,485
fit__7351__deblur__restore__nes__l1,1021,35,19,291,16,406
fit__7351__deblur__confidence_boost__nes__l1,1021,36,22,433,3,567
fit__3628__denoise__attack__nes__l0.5,1021,38,18,475,18,608
fit__3628__denoise__restore__nes__l0.5,1021,35,16,407,15,543
fit__3628__denoise__confidence_boost__nes__l0.5,1021,35,11,387,11,516
fit__3628__deblur__attack__nes__l1,1021,35,5,370,5,502
fit__3628__deblur__restore__nes__l1,1021,36,9,422,9,550
fit__3628__deblur__confidence_boost__nes__l1,1021,36,5,503,5,624
fit__1658__denoise__attack__nes__l0.5,1021,36,2,493,2,606
fit__1658__denoise__restore__nes__l0.5,1021,36,8,553,8,646
fit__1658__denoise__confidence_boost__nes__l0.5,1021,37,9,602,9,714
fit__1658__deblur__attack__nes__l1,1021,33,19,261,10,375
fit__1658__deblur__restore__nes__l1,1021,37,48,353,23,466
fit__1658__deblur__confidence_boost__nes__l1,1021,35,29,269,29,394
fit__1940__denoise__attack__nes__l0.5,1021,38,5,477,4,587
fit__1940__denoise__restore__nes__l0.5,1021,36,2,447,2,581
fit__1940__denoise__confidence_boost__nes__l0.5,1021,37,7,686,6,804
fit__1940__deblur__attack__nes__l1,1021,36,19,373,8,522
fit__1940__deblur__restore__nes__l1,1021,36,11,453,2,586
fit__1940__deblur__confidence_boost__nes__l1,1021,39,14,535,6,675
fit__9146__denoise__attack__nes__l0.5,1021,34,2,411,2,531
fit__9146__denoise__restore__nes__l0.5,1021,37,4,509,3,640
fit__9146__denoise__confidence_boost__nes__l0.5,1021,37,2,559,2,675
fit__9146__deblur__attack__nes__l1,1021,36,19,501,19,617
fit__9146__deblur__restore__nes__l1,1021,35,14,388,14,504
fit__9146__deblur__confidence_boost__nes__l1,1021,50,25,535,2,665
fit__5089__denoise__attack__nes__l0.5,1021,35,80,471,32,587
fit__5089__denoise__restore__nes__l0.5,1021,35,13,438,13,546
fit__5089__denoise__confidence_boost__nes__l0.5,1021,50,48,373,48,481
fit__5089__deblur__attack__nes__l1,1021,35,7,354,7,462
fit__5089__deblur__restore__nes__l1,1021,35,5,421,5,548
fit__5089__deblur__confidence_boost__nes__l1,1021,36,2,451,2,597
fit__4339__denoise__attack__nes__l0.5,1021,36,2,425,2,555
fit__4339__denoise__restore__nes__l0.5,1021,34,2,497,2,620
fit__4339__denoise__confidence_boost__nes__l0.5,1021,37,4,441,3,566
fit__4339__deblur__attack__nes__l1,1021,35,5,358,5,471
fit__4339__deblur__restore__nes__l1,1021,38,9,315,4,427
fit__4339__deblur__confidence_boost__nes__l1,1021,35,8,341,8,470
fit__2021__denoise__attack__nes__l0.5,1021,34,4,379,2,502
fit__2021__denoise__restore__nes__l0.5,1021,37,15,565,15,685
fit__2021__denoise__confidence_boost__nes__l0.5,1021,37,7,476,5,608
fit__2021__deblur__attack__nes__l1,1021,35,12,416,6,539
fit__2021__deblur__restore__nes__l1,1021,34,7,414,7,523
fit__2021__deblur__confidence_boost__nes__l1,1021,37,4,510,4,646
fit__1913__denoise__attack__nes__l0.5,1021,35,2,505,2,624
fit__1913__denoise__restore__nes__l0.5,1021,36,3,511,3,637
fit__1913__denoise__confidence_boost__nes__l0.5,1021,38,3,381,2,490
fit__1913__deblur__attack__nes__l1,1021,38,3,616,3,735
fit__1913__deblur__restore__nes__l1,1021,38,6,481,3,595
fit__1913__deblur__confidence_boost__nes__l1,1021,37,6,580,4,705
fit__7920__denoise__attack__nes__l0.5,1021,36,2,497,2,625
fit__7920__denoise__restore__nes__l0.5,1021,35,6,362,2,488
fit__7920__denoise__confidence_boost__nes__l0.5,1021,37,4,551,2,673
fit__7920__deblur__attack__nes__l1,1021,34,2,290,2,409
fit__7920__deblur__restore__nes__l1,1021,33,4,293,4,417
fit__7920__deblur__confidence_boost__nes__l1,1021,36,2,533,2,644
evaluation__3499__denoise__attack__nes__l0.5,1021,35,2,630,2,763
evaluation__3499__denoise__restore__nes__l0.5,1021,36,5,464,4,585
evaluation__3499__denoise__confidence_boost__nes__l0.5,1021,38,2,590,2,701
evaluation__3499__deblur__attack__nes__l1,1021,35,4,405,4,520
evaluation__3499__deblur__restore__nes__l1,1021,36,9,363,9,481
evaluation__3499__deblur__confidence_boost__nes__l1,1021,36,19,324,19,423
evaluation__7115__denoise__attack__nes__l0.5,1021,34,3,450,3,547
evaluation__7115__denoise__restore__nes__l0.5,1021,35,7,411,5,529
evaluation__7115__denoise__confidence_boost__nes__l0.5,1021,34,2,363,2,494
evaluation__7115__deblur__attack__nes__l1,1021,37,7,393,7,506
evaluation__7115__deblur__restore__nes__l1,1021,35,5,380,5,479
evaluation__7115__deblur__confidence_boost__nes__l1,1021,35,3,393,2,496
evaluation__9991__denoise__attack__nes__l0.5,1021,34,6,365,6,510
evaluation__9991__denoise__restore__nes__l0.5,1021,36,2,428,2,559
evaluation__9991__denoise__confidence_boost__nes__l0.5,1021,36,4,277,2,403
evaluation__9991__deblur__attack__nes__l1,1021,35,10,341,10,457
evaluation__9991__deblur__restore__nes__l1,1021,37,18,374,18,479
evaluation__9991__deblur__confidence_boost__nes__l1,1021,35,8,293,6,399
evaluation__2601__denoise__attack__nes__l0.5,1021,36,8,469,6,604
evaluation__2601__denoise__restore__nes__l0.5,1021,33,9,360,9,477
evaluation__2601__denoise__confidence_boost__nes__l0.5,1021,35,9,476,9,589
evaluation__2601__deblur__attack__nes__l1,1021,35,3,572,2,674
evaluation__2601__deblur__restore__nes__l1,1021,35,3,503,3,639
evaluation__2601__deblur__confidence_boost__nes__l1,1021,36,4,680,4,791
evaluation__7535__denoise__attack__nes__l0.5,1021,35,7,421,7,545
evaluation__7535__denoise__restore__nes__l0.5,1021,36,3,419,3,540
evaluation__7535__denoise__confidence_boost__nes__l0.5,1021,39,30,615,2,726
evaluation__7535__deblur__attack__nes__l1,1021,35,49,403,10,541
evaluation__7535__deblur__restore__nes__l1,1021,35,4,302,4,413
evaluation__7535__deblur__confidence_boost__nes__l1,1021,36,7,489,3,600
evaluation__1709__denoise__attack__nes__l0.5,1021,35,34,448,17,584
evaluation__1709__denoise__restore__nes__l0.5,1021,35,10,453,3,570
evaluation__1709__denoise__confidence_boost__nes__l0.5,1021,36,26,398,26,499
evaluation__1709__deblur__attack__nes__l1,1021,37,5,366,5,457
evaluation__1709__deblur__restore__nes__l1,1021,35,3,453,3,577
evaluation__1709__deblur__confidence_boost__nes__l1,1021,35,6,242,6,344
evaluation__6515__denoise__attack__nes__l0.5,1021,37,12,531,8,663
evaluation__6515__denoise__restore__nes__l0.5,1021,38,15,451,6,569
evaluation__6515__denoise__confidence_boost__nes__l0.5,1021,36,13,482,13,615
evaluation__6515__deblur__attack__nes__l1,1021,35,13,308,7,410
evaluation__6515__deblur__restore__nes__l1,1021,37,16,401,5,528
evaluation__6515__deblur__confidence_boost__nes__l1,1021,35,10,424,10,541
evaluation__9805__denoise__attack__nes__l0.5,1021,35,9,368,9,464
evaluation__9805__denoise__restore__nes__l0.5,1021,35,11,256,11,363
evaluation__9805__denoise__confidence_boost__nes__l0.5,1021,34,8,313,8,436
evaluation__9805__deblur__attack__nes__l1,1021,37,7,475,7,632
evaluation__9805__deblur__restore__nes__l1,1021,36,8,539,8,649
evaluation__9805__deblur__confidence_boost__nes__l1,1021,36,4,533,3,642
evaluation__4785__denoise__attack__nes__l0.5,1021,34,44,317,22,440
evaluation__4785__denoise__restore__nes__l0.5,1021,34,18,367,18,483
evaluation__4785__denoise__confidence_boost__nes__l0.5,1021,36,20,380,19,509
evaluation__4785__deblur__attack__nes__l1,1021,33,5,337,4,467
evaluation__4785__deblur__restore__nes__l1,1021,36,2,384,2,515
evaluation__4785__deblur__confidence_boost__nes__l1,1021,50,3,531,3,653
evaluation__7378__denoise__attack__nes__l0.5,1021,36,3,479,3,592
evaluation__7378__denoise__restore__nes__l0.5,1021,37,28,400,23,519
evaluation__7378__denoise__confidence_boost__nes__l0.5,1021,38,3,513,3,635
evaluation__7378__deblur__attack__nes__l1,1021,36,10,379,7,498
evaluation__7378__deblur__restore__nes__l1,1021,33,6,196,4,290
evaluation__7378__deblur__confidence_boost__nes__l1,1021,34,2,319,2,433
evaluation__3256__denoise__attack__nes__l0.5,1021,36,25,508,25,648
evaluation__3256__denoise__restore__nes__l0.5,1021,37,10,340,3,444
evaluation__3256__denoise__confidence_boost__nes__l0.5,1021,34,11,350,11,464
evaluation__3256__deblur__attack__nes__l1,1021,35,21,344,20,450
evaluation__3256__deblur__restore__nes__l1,1021,35,21,263,21,377
evaluation__3256__deblur__confidence_boost__nes__l1,1021,50,14,366,14,477
evaluation__4362__denoise__attack__nes__l0.5,1021,36,6,482,6,614
evaluation__4362__denoise__restore__nes__l0.5,1021,34,6,349,6,452
evaluation__4362__denoise__confidence_boost__nes__l0.5,1021,36,4,390,3,518
evaluation__4362__deblur__attack__nes__l1,1021,39,15,700,4,820
evaluation__4362__deblur__restore__nes__l1,1021,36,15,507,15,647
evaluation__4362__deblur__confidence_boost__nes__l1,1021,38,2,567,2,675
evaluation__9715__denoise__attack__nes__l0.5,1021,36,28,523,24,629
evaluation__9715__denoise__restore__nes__l0.5,1021,35,2,549,2,662
evaluation__9715__denoise__confidence_boost__nes__l0.5,1021,36,2,555,2,689
evaluation__9715__deblur__attack__nes__l1,1021,35,3,375,3,481
evaluation__9715__deblur__restore__nes__l1,1021,37,3,449,3,565
evaluation__9715__deblur__confidence_boost__nes__l1,1021,37,3,422,3,539
evaluation__4246__denoise__attack__nes__l0.5,1021,36,24,408,24,530
evaluation__4246__denoise__restore__nes__l0.5,1021,37,2,446,2,565
evaluation__4246__denoise__confidence_boost__nes__l0.5,1021,34,25,355,15,461
evaluation__4246__deblur__attack__nes__l1,1021,34,37,404,37,537
evaluation__4246__deblur__restore__nes__l1,1021,36,25,462,25,587
evaluation__4246__deblur__confidence_boost__nes__l1,1021,34,42,357,13,486
evaluation__8789__denoise__attack__nes__l0.5,1021,35,9,366,6,503
evaluation__8789__denoise__restore__nes__l0.5,1021,36,3,463,3,560
evaluation__8789__denoise__confidence_boost__nes__l0.5,1021,33,2,262,2,361
evaluation__8789__deblur__attack__nes__l1,1021,38,4,462,4,601
evaluation__8789__deblur__restore__nes__l1,1021,34,9,455,5,576
evaluation__8789__deblur__confidence_boost__nes__l1,1021,36,3,409,3,542
evaluation__1978__denoise__attack__nes__l0.5,1021,33,2,404,2,539
evaluation__1978__denoise__restore__nes__l0.5,1021,37,4,450,4,573
evaluation__1978__denoise__confidence_boost__nes__l0.5,1021,50,7,595,3,713
evaluation__1978__deblur__attack__nes__l1,1021,33,13,315,12,431
evaluation__1978__deblur__restore__nes__l1,1021,35,16,392,16,534
evaluation__1978__deblur__confidence_boost__nes__l1,1021,50,11,531,11,659
evaluation__4989__denoise__attack__nes__l0.5,1021,35,4,507,4,654
evaluation__4989__denoise__restore__nes__l0.5,1021,35,14,502,3,636
evaluation__4989__denoise__confidence_boost__nes__l0.5,1021,50,2,439,2,574
evaluation__4989__deblur__attack__nes__l1,1021,38,3,445,3,566
evaluation__4989__deblur__restore__nes__l1,1021,36,2,391,2,510
evaluation__4989__deblur__confidence_boost__nes__l1,1021,50,5,565,3,672
evaluation__9762__denoise__attack__nes__l0.5,1021,38,3,437,3,560
evaluation__9762__denoise__restore__nes__l0.5,1021,36,3,618,3,712
evaluation__9762__denoise__confidence_boost__nes__l0.5,1021,35,2,381,2,498
evaluation__9762__deblur__attack__nes__l1,1021,35,5,363,5,464
evaluation__9762__deblur__restore__nes__l1,1021,36,4,394,4,512
evaluation__9762__deblur__confidence_boost__nes__l1,1021,36,12,466,12,589
evaluation__3975__denoise__attack__nes__l0.5,1021,34,7,267,4,375
evaluation__3975__denoise__restore__nes__l0.5,1021,34,23,293,19,387
evaluation__3975__denoise__confidence_boost__nes__l0.5,1021,38,26,418,26,525
evaluation__3975__deblur__attack__nes__l1,1021,36,5,567,5,693
evaluation__3975__deblur__restore__nes__l1,1021,36,2,521,2,659
evaluation__3975__deblur__confidence_boost__nes__l1,1021,38,17,559,17,677
evaluation__6234__denoise__attack__nes__l0.5,1021,35,5,506,5,627
evaluation__6234__denoise__restore__nes__l0.5,1021,34,2,390,2,517
evaluation__6234__denoise__confidence_boost__nes__l0.5,1021,35,3,471,3,594
evaluation__6234__deblur__attack__nes__l1,1021,38,3,678,3,776
evaluation__6234__deblur__restore__nes__l1,1021,37,2,612,2,750
evaluation__6234__deblur__confidence_boost__nes__l1,1021,35,6,699,2,819
evaluation__1142__denoise__attack__nes__l0.5,1021,35,5,444,5,564
evaluation__1142__denoise__restore__nes__l0.5,1021,37,2,481,2,587
evaluation__1142__denoise__confidence_boost__nes__l0.5,1021,38,18,410,5,537
evaluation__1142__deblur__attack__nes__l1,1021,37,5,521,5,646
evaluation__1142__deblur__restore__nes__l1,1021,36,3,525,3,656
evaluation__1142__deblur__confidence_boost__nes__l1,1021,50,2,716,2,811
evaluation__4086__denoise__attack__nes__l0.5,1021,35,15,401,15,518
evaluation__4086__denoise__restore__nes__l0.5,1021,36,15,394,15,506
evaluation__4086__denoise__confidence_boost__nes__l0.5,1021,34,5,367,5,506
evaluation__4086__deblur__attack__nes__l1,1021,37,23,563,23,685
evaluation__4086__deblur__restore__nes__l1,1021,36,11,455,11,569
evaluation__4086__deblur__confidence_boost__nes__l1,1021,40,12,434,12,546
evaluation__9955__denoise__attack__nes__l0.5,1021,35,13,447,2,599
evaluation__9955__denoise__restore__nes__l0.5,1021,34,7,349,7,483
evaluation__9955__denoise__confidence_boost__nes__l0.5,1021,34,16,380,2,507
evaluation__9955__deblur__attack__nes__l1,1021,37,18,447,18,579
evaluation__9955__deblur__restore__nes__l1,1021,36,6,430,4,560
evaluation__9955__deblur__confidence_boost__nes__l1,1021,35,3,382,3,485
evaluation__5397__denoise__attack__nes__l0.5,1021,35,2,591,2,706
evaluation__5397__denoise__restore__nes__l0.5,1021,38,4,498,4,628
evaluation__5397__denoise__confidence_boost__nes__l0.5,1021,37,3,408,3,526
evaluation__5397__deblur__attack__nes__l1,1021,35,10,340,10,466
evaluation__5397__deblur__restore__nes__l1,1021,37,14,296,4,428
evaluation__5397__deblur__confidence_boost__nes__l1,1021,36,9,349,2,473
evaluation__8652__denoise__attack__nes__l0.5,1021,35,5,235,2,339
evaluation__8652__denoise__restore__nes__l0.5,1021,34,27,283,17,386
evaluation__8652__denoise__confidence_boost__nes__l0.5,1021,33,6,260,6,361
evaluation__8652__deblur__attack__nes__l1,1021,34,5,243,2,354
evaluation__8652__deblur__restore__nes__l1,1021,36,42,339,20,473
evaluation__8652__deblur__confidence_boost__nes__l1,1021,34,15,368,3,482
fit__4040__denoise__attack__nes__l0.5,1021,35,3,320,3,448
fit__4040__denoise__restore__nes__l0.5,1021,35,4,334,2,432
fit__4040__denoise__confidence_boost__nes__l0.5,1021,35,11,447,6,553
fit__4040__deblur__attack__nes__l1,1021,34,11,386,11,498
fit__4040__deblur__restore__nes__l1,1021,37,20,346,20,471
fit__4040__deblur__confidence_boost__nes__l1,1021,34,5,364,5,466
fit__1810__denoise__attack__nes__l0.5,1021,36,2,436,2,568
fit__1810__denoise__restore__nes__l0.5,1021,35,4,574,3,701
fit__1810__denoise__confidence_boost__nes__l0.5,1021,37,2,529,2,631
fit__1810__deblur__attack__nes__l1,1021,35,6,483,6,599
fit__1810__deblur__restore__nes__l1,1021,35,3,460,2,579
fit__1810__deblur__confidence_boost__nes__l1,1021,36,10,346,3,473
fit__7903__denoise__attack__nes__l0.5,1021,36,3,561,2,663
fit__7903__denoise__restore__nes__l0.5,1021,35,2,518,2,639
fit__7903__denoise__confidence_boost__nes__l0.5,1021,34,3,486,2,599
fit__7903__deblur__attack__nes__l1,1021,36,2,578,2,696
fit__7903__deblur__restore__nes__l1,1021,34,3,335,3,463
fit__7903__deblur__confidence_boost__nes__l1,1021,35,19,399,19,514
fit__8493__denoise__attack__nes__l0.5,1021,37,4,471,4,591
fit__8493__denoise__restore__nes__l0.5,1021,35,2,393,2,507
fit__8493__denoise__confidence_boost__nes__l0.5,1021,35,16,311,16,423
fit__8493__deblur__attack__nes__l1,1021,34,7,293,7,404
fit__8493__deblur__restore__nes__l1,1021,35,13,412,13,541
fit__8493__deblur__confidence_boost__nes__l1,1021,34,7,313,7,432
fit__5817__denoise__attack__nes__l0.5,1021,34,17,469,4,601
fit__5817__denoise__restore__nes__l0.5,1021,34,2,334,2,469
fit__5817__denoise__confidence_boost__nes__l0.5,1021,36,2,454,2,556
fit__5817__deblur__attack__nes__l1,1021,36,8,431,8,552
fit__5817__deblur__restore__nes__l1,1021,35,4,429,4,542
fit__5817__deblur__confidence_boost__nes__l1,1021,35,6,349,6,464
fit__1842__denoise__attack__nes__l0.5,1021,36,2,457,2,577
fit__1842__denoise__restore__nes__l0.5,1021,40,19,414,14,552
fit__1842__denoise__confidence_boost__nes__l0.5,1021,36,14,358,4,472
fit__1842__deblur__attack__nes__l1,1021,36,9,509,6,645
fit__1842__deblur__restore__nes__l1,1021,34,3,419,3,552
fit__1842__deblur__confidence_boost__nes__l1,1021,37,2,438,2,561
fit__2915__denoise__attack__nes__l0.5,1021,39,4,417,4,539
fit__2915__denoise__restore__nes__l0.5,1021,38,5,396,5,513
fit__2915__denoise__confidence_boost__nes__l0.5,1021,34,2,397,2,520
fit__2915__deblur__attack__nes__l1,1021,35,5,446,4,565
fit__2915__deblur__restore__nes__l1,1021,35,7,401,7,525
fit__2915__deblur__confidence_boost__nes__l1,1021,35,15,443,8,559
fit__9712__denoise__attack__nes__l0.5,1021,40,2,664,2,776
fit__9712__denoise__restore__nes__l0.5,1021,37,3,660,3,783
fit__9712__denoise__confidence_boost__nes__l0.5,1021,39,4,603,4,730
fit__9712__deblur__attack__nes__l1,1021,37,2,517,2,651
fit__9712__deblur__restore__nes__l1,1021,37,4,362,4,493
fit__9712__deblur__confidence_boost__nes__l1,1021,35,3,391,3,524
fit__8691__denoise__attack__nes__l0.5,1021,36,6,484,6,625
fit__8691__denoise__restore__nes__l0.5,1021,36,3,439,3,549
fit__8691__denoise__confidence_boost__nes__l0.5,1021,37,4,639,4,754
fit__8691__deblur__attack__nes__l1,1021,34,2,297,2,413
fit__8691__deblur__restore__nes__l1,1021,37,6,450,6,580
fit__8691__deblur__confidence_boost__nes__l1,1021,36,3,420,3,535
fit__5818__denoise__attack__nes__l0.5,1021,35,22,407,22,539
fit__5818__denoise__restore__nes__l0.5,1021,35,45,374,21,508
fit__5818__denoise__confidence_boost__nes__l0.5,1021,36,10,365,10,468
fit__5818__deblur__attack__nes__l1,1021,36,6,468,6,579
fit__5818__deblur__restore__nes__l1,1021,35,15,548,6,651
fit__5818__deblur__confidence_boost__nes__l1,1021,35,2,372,2,470
fit__2052__denoise__attack__nes__l0.5,1021,36,10,451,9,563
fit__2052__denoise__restore__nes__l0.5,1021,35,5,375,5,489
fit__2052__denoise__confidence_boost__nes__l0.5,1021,34,4,349,4,480
fit__2052__deblur__attack__nes__l1,1021,35,3,307,3,421
fit__2052__deblur__restore__nes__l1,1021,35,3,258,3,358
fit__2052__deblur__confidence_boost__nes__l1,1021,35,5,224,5,319
fit__2143__denoise__attack__nes__l0.5,1021,33,9,245,9,351
fit__2143__denoise__restore__nes__l0.5,1021,33,10,191,10,278
fit__2143__denoise__confidence_boost__nes__l0.5,1021,34,16,337,16,448
fit__2143__deblur__attack__nes__l1,1021,36,2,518,2,645
fit__2143__deblur__restore__nes__l1,1021,37,4,517,4,651
fit__2143__deblur__confidence_boost__nes__l1,1021,35,6,490,2,620
fit__8575__denoise__attack__nes__l0.5,1021,35,20,311,4,413
fit__8575__denoise__restore__nes__l0.5,1021,35,18,431,18,525
fit__8575__denoise__confidence_boost__nes__l0.5,1021,34,19,330,19,444
fit__8575__deblur__attack__nes__l1,1021,37,11,436,11,558
fit__8575__deblur__restore__nes__l1,1021,37,6,699,3,797
fit__8575__deblur__confidence_boost__nes__l1,1021,34,3,462,3,593
evaluation__3568__denoise__attack__nes__l0.5,1021,37,19,551,2,681
evaluation__3568__denoise__restore__nes__l0.5,1021,35,22,377,2,511
evaluation__3568__denoise__confidence_boost__nes__l0.5,1021,36,10,381,10,482
evaluation__3568__deblur__attack__nes__l1,1021,34,25,276,8,410
evaluation__3568__deblur__restore__nes__l1,1021,33,3,339,3,468
evaluation__3568__deblur__confidence_boost__nes__l1,1021,35,14,376,14,491
evaluation__7748__denoise__attack__nes__l0.5,1021,35,4,440,4,563
evaluation__7748__denoise__restore__nes__l0.5,1021,37,7,540,3,679
evaluation__7748__denoise__confidence_boost__nes__l0.5,1021,34,2,558,2,675
evaluation__7748__deblur__attack__nes__l1,1021,35,4,556,4,673
evaluation__7748__deblur__restore__nes__l1,1021,36,11,494,10,616
evaluation__7748__deblur__confidence_boost__nes__l1,1021,36,2,570,2,700
evaluation__6__denoise__attack__nes__l0.5,1021,36,2,594,2,711
evaluation__6__denoise__restore__nes__l0.5,1021,34,18,408,5,548
evaluation__6__denoise__confidence_boost__nes__l0.5,1021,36,4,406,4,533
evaluation__6__deblur__attack__nes__l1,1021,38,3,389,2,524
evaluation__6__deblur__restore__nes__l1,1021,36,2,430,2,556
evaluation__6__deblur__confidence_boost__nes__l1,1021,36,5,324,5,429
evaluation__3020__denoise__attack__nes__l0.5,1021,37,4,574,4,690
evaluation__3020__denoise__restore__nes__l0.5,1021,36,7,480,2,596
evaluation__3020__denoise__confidence_boost__nes__l0.5,1021,36,4,388,3,504
evaluation__3020__deblur__attack__nes__l1,1021,34,25,428,25,562
evaluation__3020__deblur__restore__nes__l1,1021,34,5,406,5,525
evaluation__3020__deblur__confidence_boost__nes__l1,1021,36,15,405,15,518
evaluation__8123__denoise__attack__nes__l0.5,1021,33,7,293,7,431
evaluation__8123__denoise__restore__nes__l0.5,1021,33,9,300,9,433
evaluation__8123__denoise__confidence_boost__nes__l0.5,1021,36,2,338,2,436
evaluation__8123__deblur__attack__nes__l1,1021,38,3,662,3,773
evaluation__8123__deblur__restore__nes__l1,1021,34,12,389,12,499
evaluation__8123__deblur__confidence_boost__nes__l1,1021,37,3,604,3,729
evaluation__2170__denoise__attack__nes__l0.5,1021,34,2,387,2,517
evaluation__2170__denoise__restore__nes__l0.5,1021,35,24,427,9,555
evaluation__2170__denoise__confidence_boost__nes__l0.5,1021,34,6,303,6,419
evaluation__2170__deblur__attack__nes__l1,1021,36,18,328,5,465
evaluation__2170__deblur__restore__nes__l1,1021,37,3,372,3,491
evaluation__2170__deblur__confidence_boost__nes__l1,1021,36,13,399,13,513
evaluation__6981__denoise__attack__nes__l0.5,1021,35,40,415,30,529
evaluation__6981__denoise__restore__nes__l0.5,1021,34,19,472,19,617
evaluation__6981__denoise__confidence_boost__nes__l0.5,1021,34,19,422,8,562
evaluation__6981__deblur__attack__nes__l1,1021,35,6,328,2,441
evaluation__6981__deblur__restore__nes__l1,1021,36,6,307,3,416
evaluation__6981__deblur__confidence_boost__nes__l1,1021,36,5,366,2,480
evaluation__294__denoise__attack__nes__l0.5,1021,36,23,560,11,671
evaluation__294__denoise__restore__nes__l0.5,1021,35,2,581,2,692
evaluation__294__denoise__confidence_boost__nes__l0.5,1021,35,3,540,3,655
evaluation__294__deblur__attack__nes__l1,1021,38,2,509,2,659
evaluation__294__deblur__restore__nes__l1,1021,35,5,323,4,435
evaluation__294__deblur__confidence_boost__nes__l1,1021,35,2,369,2,486
evaluation__5413__denoise__attack__nes__l0.5,1021,35,4,222,4,312
evaluation__5413__denoise__restore__nes__l0.5,1021,36,5,392,3,512
evaluation__5413__denoise__confidence_boost__nes__l0.5,1021,35,32,357,11,486
evaluation__5413__deblur__attack__nes__l1,1021,37,4,429,4,566
evaluation__5413__deblur__restore__nes__l1,1021,38,6,278,6,390
evaluation__5413__deblur__confidence_boost__nes__l1,1021,34,12,410,7,546
evaluation__7518__denoise__attack__nes__l0.5,1021,33,8,402,2,528
evaluation__7518__denoise__restore__nes__l0.5,1021,34,3,339,3,458
evaluation__7518__denoise__confidence_boost__nes__l0.5,1021,37,2,468,2,586
evaluation__7518__deblur__attack__nes__l1,1021,35,5,328,4,442
evaluation__7518__deblur__restore__nes__l1,1021,34,17,292,2,390
evaluation__7518__deblur__confidence_boost__nes__l1,1021,36,6,304,6,408
evaluation__3671__denoise__attack__nes__l0.5,1021,33,5,388,5,501
evaluation__3671__denoise__restore__nes__l0.5,1021,35,9,278,7,393
evaluation__3671__denoise__confidence_boost__nes__l0.5,1021,35,5,354,5,479
evaluation__3671__deblur__attack__nes__l1,1021,36,3,413,3,510
evaluation__3671__deblur__restore__nes__l1,1021,39,6,453,3,577
evaluation__3671__deblur__confidence_boost__nes__l1,1021,40,6,610,6,733
evaluation__4600__denoise__attack__nes__l0.5,1021,35,3,510,3,647
evaluation__4600__denoise__restore__nes__l0.5,1021,36,2,525,2,636
evaluation__4600__denoise__confidence_boost__nes__l0.5,1021,37,2,446,2,594
evaluation__4600__deblur__attack__nes__l1,1021,37,5,575,5,693
evaluation__4600__deblur__restore__nes__l1,1021,35,3,559,3,663
evaluation__4600__deblur__confidence_boost__nes__l1,1021,35,6,454,6,598
evaluation__1290__denoise__attack__nes__l0.5,1021,37,5,494,5,598
evaluation__1290__denoise__restore__nes__l0.5,1021,34,11,348,7,470
evaluation__1290__denoise__confidence_boost__nes__l0.5,1021,36,2,488,2,611
evaluation__1290__deblur__attack__nes__l1,1021,37,3,479,3,574
evaluation__1290__deblur__restore__nes__l1,1021,36,4,374,2,509
evaluation__1290__deblur__confidence_boost__nes__l1,1021,36,5,280,5,385
evaluation__4860__denoise__attack__nes__l0.5,1021,36,9,561,9,687
evaluation__4860__denoise__restore__nes__l0.5,1021,36,17,443,7,596
evaluation__4860__denoise__confidence_boost__nes__l0.5,1021,37,2,525,2,660
evaluation__4860__deblur__attack__nes__l1,1021,35,7,413,7,557
evaluation__4860__deblur__restore__nes__l1,1021,38,3,425,3,509
evaluation__4860__deblur__confidence_boost__nes__l1,1021,36,22,435,21,581
evaluation__9261__denoise__attack__nes__l0.5,1021,35,14,529,14,659
evaluation__9261__denoise__restore__nes__l0.5,1021,35,23,372,21,481
evaluation__9261__denoise__confidence_boost__nes__l0.5,1021,36,14,629,14,736
evaluation__9261__deblur__attack__nes__l1,1021,33,4,324,4,452
evaluation__9261__deblur__restore__nes__l1,1021,36,4,395,4,496
evaluation__9261__deblur__confidence_boost__nes__l1,1021,36,7,460,7,582
evaluation__2105__denoise__attack__nes__l0.5,1021,36,2,466,2,597
evaluation__2105__denoise__restore__nes__l0.5,1021,35,10,412,5,532
evaluation__2105__denoise__confidence_boost__nes__l0.5,1021,35,15,414,15,529
evaluation__2105__deblur__attack__nes__l1,1021,34,3,303,3,417
evaluation__2105__deblur__restore__nes__l1,1021,32,3,214,2,310
evaluation__2105__deblur__confidence_boost__nes__l1,1021,36,12,520,12,629
evaluation__6192__denoise__attack__nes__l0.5,1021,36,2,255,2,391
evaluation__6192__denoise__restore__nes__l0.5,1021,37,2,348,2,461
evaluation__6192__denoise__confidence_boost__nes__l0.5,1021,34,3,280,3,393
evaluation__6192__deblur__attack__nes__l1,1021,37,2,500,2,615
evaluation__6192__deblur__restore__nes__l1,1021,37,4,527,4,656
evaluation__6192__deblur__confidence_boost__nes__l1,1021,50,3,814,3,870
evaluation__56__denoise__attack__nes__l0.5,1021,39,2,513,2,645
evaluation__56__denoise__restore__nes__l0.5,1021,34,4,395,4,506
evaluation__56__denoise__confidence_boost__nes__l0.5,1021,36,4,407,4,539
evaluation__56__deblur__attack__nes__l1,1021,36,7,452,7,584
evaluation__56__deblur__restore__nes__l1,1021,36,6,536,6,643
evaluation__56__deblur__confidence_boost__nes__l1,1021,37,5,447,5,584
evaluation__4186__denoise__attack__nes__l0.5,1021,36,9,362,4,489
evaluation__4186__denoise__restore__nes__l0.5,1021,36,9,312,5,435
evaluation__4186__denoise__confidence_boost__nes__l0.5,1021,35,8,475,8,565
evaluation__4186__deblur__attack__nes__l1,1021,34,31,362,19,490
evaluation__4186__deblur__restore__nes__l1,1021,36,18,272,8,370
evaluation__4186__deblur__confidence_boost__nes__l1,1021,37,4,390,3,506
evaluation__7762__denoise__attack__nes__l0.5,1021,36,5,478,3,598
evaluation__7762__denoise__restore__nes__l0.5,1021,36,5,294,5,422
evaluation__7762__denoise__confidence_boost__nes__l0.5,1021,33,2,228,2,336
evaluation__7762__deblur__attack__nes__l1,1021,34,6,345,6,471
evaluation__7762__deblur__restore__nes__l1,1021,34,4,463,4,583
evaluation__7762__deblur__confidence_boost__nes__l1,1021,38,6,518,6,619
evaluation__1866__denoise__attack__nes__l0.5,1021,36,3,422,3,542
evaluation__1866__denoise__restore__nes__l0.5,1021,35,10,336,8,480
evaluation__1866__denoise__confidence_boost__nes__l0.5,1021,35,2,327,2,449
evaluation__1866__deblur__attack__nes__l1,1021,37,12,424,11,545
evaluation__1866__deblur__restore__nes__l1,1021,36,7,582,7,708
evaluation__1866__deblur__confidence_boost__nes__l1,1021,36,8,387,5,515
evaluation__4254__denoise__attack__nes__l0.5,1021,36,9,346,5,489
evaluation__4254__denoise__restore__nes__l0.5,1021,35,16,284,4,369
evaluation__4254__denoise__confidence_boost__nes__l0.5,1021,36,6,380,6,503
evaluation__4254__deblur__attack__nes__l1,1021,36,3,456,3,584
evaluation__4254__deblur__restore__nes__l1,1021,35,8,438,8,557
evaluation__4254__deblur__confidence_boost__nes__l1,1021,34,12,429,10,568
evaluation__425__denoise__attack__nes__l0.5,1021,34,3,355,3,469
evaluation__425__denoise__restore__nes__l0.5,1021,35,5,308,5,405
evaluation__425__denoise__confidence_boost__nes__l0.5,1021,36,2,462,2,580
evaluation__425__deblur__attack__nes__l1,1021,33,7,357,7,494
evaluation__425__deblur__restore__nes__l1,1021,35,6,462,2,608
evaluation__425__deblur__confidence_boost__nes__l1,1021,33,2,313,2,426
evaluation__5966__denoise__attack__nes__l0.5,1021,36,6,475,6,579
evaluation__5966__denoise__restore__nes__l0.5,1021,36,5,383,4,497
evaluation__5966__denoise__confidence_boost__nes__l0.5,1021,36,2,503,2,630
evaluation__5966__deblur__attack__nes__l1,1021,34,4,290,4,415
evaluation__5966__deblur__restore__nes__l1,1021,34,8,248,8,340
evaluation__5966__deblur__confidence_boost__nes__l1,1021,36,13,357,3,485
evaluation__8995__denoise__attack__nes__l0.5,1021,35,8,400,3,515
evaluation__8995__denoise__restore__nes__l0.5,1021,37,12,410,7,548
evaluation__8995__denoise__confidence_boost__nes__l0.5,1021,35,4,319,3,423
evaluation__8995__deblur__attack__nes__l1,1021,41,10,397,3,520
evaluation__8995__deblur__restore__nes__l1,1021,35,4,562,4,706
evaluation__8995__deblur__confidence_boost__nes__l1,1021,34,2,382,2,507
fit__4123__denoise__attack__nes__l0.5,1021,35,5,463,5,590
fit__4123__denoise__restore__nes__l0.5,1021,35,6,444,4,577
fit__4123__denoise__confidence_boost__nes__l0.5,1021,36,5,483,5,613
fit__4123__deblur__attack__nes__l1,1021,37,18,596,8,706
fit__4123__deblur__restore__nes__l1,1021,36,18,498,18,627
fit__4123__deblur__confidence_boost__nes__l1,1021,35,24,447,23,569
fit__3407__denoise__attack__nes__l0.5,1021,34,12,294,12,434
fit__3407__denoise__restore__nes__l0.5,1021,36,4,373,2,505
fit__3407__denoise__confidence_boost__nes__l0.5,1021,36,3,363,3,481
fit__3407__deblur__attack__nes__l1,1021,37,18,507,18,644
fit__3407__deblur__restore__nes__l1,1021,37,10,508,5,611
fit__3407__deblur__confidence_boost__nes__l1,1021,36,8,483,7,608
fit__623__denoise__attack__nes__l0.5,1021,34,2,448,2,573
fit__623__denoise__restore__nes__l0.5,1021,36,7,376,7,484
fit__623__denoise__confidence_boost__nes__l0.5,1021,37,2,488,2,600
fit__623__deblur__attack__nes__l1,1021,34,32,391,11,514
fit__623__deblur__restore__nes__l1,1021,39,6,517,6,633
fit__623__deblur__confidence_boost__nes__l1,1021,36,2,406,2,522
fit__9171__denoise__attack__nes__l0.5,1021,35,2,601,2,707
fit__9171__denoise__restore__nes__l0.5,1021,35,10,532,10,657
fit__9171__denoise__confidence_boost__nes__l0.5,1021,36,14,488,10,598
fit__9171__deblur__attack__nes__l1,1021,34,20,375,3,505
fit__9171__deblur__restore__nes__l1,1021,35,9,373,9,505
fit__9171__deblur__confidence_boost__nes__l1,1021,37,2,455,2,566
fit__6196__denoise__attack__nes__l0.5,1021,34,18,321,18,435
fit__6196__denoise__restore__nes__l0.5,1021,34,12,316,9,418
fit__6196__denoise__confidence_boost__nes__l0.5,1021,35,3,483,3,612
fit__6196__deblur__attack__nes__l1,1021,35,7,535,7,657
fit__6196__deblur__restore__nes__l1,1021,37,11,456,11,574
fit__6196__deblur__confidence_boost__nes__l1,1021,36,18,511,17,626
fit__1928__denoise__attack__nes__l0.5,1021,37,3,395,3,509
fit__1928__denoise__restore__nes__l0.5,1021,37,4,460,4,600
fit__1928__denoise__confidence_boost__nes__l0.5,1021,34,2,411,2,529
fit__1928__deblur__attack__nes__l1,1021,36,6,531,6,659
fit__1928__deblur__restore__nes__l1,1021,36,74,386,33,512
fit__1928__deblur__confidence_boost__nes__l1,1021,41,17,505,5,627
fit__4259__denoise__attack__nes__l0.5,1021,34,4,314,4,440
fit__4259__denoise__restore__nes__l0.5,1021,34,8,321,8,452
fit__4259__denoise__confidence_boost__nes__l0.5,1021,37,5,350,5,462
fit__4259__deblur__attack__nes__l1,1021,36,3,488,3,589
fit__4259__deblur__restore__nes__l1,1021,37,2,403,2,527
fit__4259__deblur__confidence_boost__nes__l1,1021,38,2,608,2,729
fit__1211__denoise__attack__nes__l0.5,1021,36,4,610,4,716
fit__1211__denoise__restore__nes__l0.5,1021,35,10,412,5,537
fit__1211__denoise__confidence_boost__nes__l0.5,1021,38,35,528,18,644
fit__1211__deblur__attack__nes__l1,1021,35,15,338,5,450
fit__1211__deblur__restore__nes__l1,1021,36,6,428,6,540
fit__1211__deblur__confidence_boost__nes__l1,1021,34,6,405,6,535
fit__9721__denoise__attack__nes__l0.5,1021,38,2,490,2,634
fit__9721__denoise__restore__nes__l0.5,1021,35,31,297,25,398
fit__9721__denoise__confidence_boost__nes__l0.5,1021,34,2,440,2,557
fit__9721__deblur__attack__nes__l1,1021,34,18,329,18,462
fit__9721__deblur__restore__nes__l1,1021,38,32,403,32,524
fit__9721__deblur__confidence_boost__nes__l1,1021,34,20,322,20,438
fit__5929__denoise__attack__nes__l0.5,1021,37,8,431,3,550
fit__5929__denoise__restore__nes__l0.5,1021,36,9,276,9,400
fit__5929__denoise__confidence_boost__nes__l0.5,1021,34,5,419,5,548
fit__5929__deblur__attack__nes__l1,1021,37,7,478,7,600
fit__5929__deblur__restore__nes__l1,1021,36,4,505,4,643
fit__5929__deblur__confidence_boost__nes__l1,1021,34,4,323,4,415
fit__2962__denoise__attack__nes__l0.5,1021,38,4,544,2,666
fit__2962__denoise__restore__nes__l0.5,1021,34,4,496,4,609
fit__2962__denoise__confidence_boost__nes__l0.5,1021,35,3,414,3,532
fit__2962__deblur__attack__nes__l1,1021,34,33,387,30,478
fit__2962__deblur__restore__nes__l1,1021,35,23,338,23,445
fit__2962__deblur__confidence_boost__nes__l1,1021,40,15,393,15,509
fit__2467__denoise__attack__nes__l0.5,1021,35,2,228,2,331
fit__2467__denoise__restore__nes__l0.5,1021,35,46,289,4,407
fit__2467__denoise__confidence_boost__nes__l0.5,1021,35,28,317,19,422
fit__2467__deblur__attack__nes__l1,1021,36,3,437,2,568
fit__2467__deblur__restore__nes__l1,1021,36,4,475,4,603
fit__2467__deblur__confidence_boost__nes__l1,1021,34,4,342,2,458
evaluation__3782__denoise__attack__nes__l0.5,1021,39,2,815,2,902
evaluation__3782__denoise__restore__nes__l0.5,1021,39,2,865,2,931
evaluation__3782__denoise__confidence_boost__nes__l0.5,1021,39,2,893,2,948
evaluation__3782__deblur__attack__nes__l1,1021,36,6,575,3,695
evaluation__3782__deblur__restore__nes__l1,1021,37,2,638,2,762
evaluation__3782__deblur__confidence_boost__nes__l1,1021,39,2,650,2,756
evaluation__8031__denoise__attack__nes__l0.5,1021,36,2,460,2,594
evaluation__8031__denoise__restore__nes__l0.5,1021,36,6,476,6,596
evaluation__8031__denoise__confidence_boost__nes__l0.5,1021,36,5,508,4,646
evaluation__8031__deblur__attack__nes__l1,1021,34,2,552,2,676
evaluation__8031__deblur__restore__nes__l1,1021,35,3,299,3,408
evaluation__8031__deblur__confidence_boost__nes__l1,1021,37,8,621,4,733
evaluation__81__denoise__attack__nes__l0.5,1021,36,21,434,4,558
evaluation__81__denoise__restore__nes__l0.5,1021,35,8,456,2,583
evaluation__81__denoise__confidence_boost__nes__l0.5,1021,36,15,573,15,694
evaluation__81__deblur__attack__nes__l1,1021,37,3,289,3,397
evaluation__81__deblur__restore__nes__l1,1021,37,2,517,2,654
evaluation__81__deblur__confidence_boost__nes__l1,1021,39,3,525,2,632
evaluation__5051__denoise__attack__nes__l0.5,1021,35,9,592,9,718
evaluation__5051__denoise__restore__nes__l0.5,1021,36,4,613,4,731
evaluation__5051__denoise__confidence_boost__nes__l0.5,1021,36,3,611,3,732
evaluation__5051__deblur__attack__nes__l1,1021,36,41,465,2,582
evaluation__5051__deblur__restore__nes__l1,1021,33,18,393,17,501
evaluation__5051__deblur__confidence_boost__nes__l1,1021,36,10,497,10,602
evaluation__8366__denoise__attack__nes__l0.5,1021,36,2,433,2,541
evaluation__8366__denoise__restore__nes__l0.5,1021,37,2,535,2,650
evaluation__8366__denoise__confidence_boost__nes__l0.5,1021,36,2,412,2,539
evaluation__8366__deblur__attack__nes__l1,1021,35,4,245,4,354
evaluation__8366__deblur__restore__nes__l1,1021,37,4,293,4,398
evaluation__8366__deblur__confidence_boost__nes__l1,1021,38,2,393,2,514
evaluation__2774__denoise__attack__nes__l0.5,1021,36,3,524,3,630
evaluation__2774__denoise__restore__nes__l0.5,1021,35,3,294,3,418
evaluation__2774__denoise__confidence_boost__nes__l0.5,1021,36,2,415,2,552
evaluation__2774__deblur__attack__nes__l1,1021,38,9,525,9,638
evaluation__2774__deblur__restore__nes__l1,1021,36,2,336,2,442
evaluation__2774__deblur__confidence_boost__nes__l1,1021,35,12,439,12,555
evaluation__7206__denoise__attack__nes__l0.5,1021,34,10,391,10,509
evaluation__7206__denoise__restore__nes__l0.5,1021,36,5,512,5,622
evaluation__7206__denoise__confidence_boost__nes__l0.5,1021,37,2,342,2,450
evaluation__7206__deblur__attack__nes__l1,1021,36,37,335,34,443
evaluation__7206__deblur__restore__nes__l1,1021,34,62,351,11,470
evaluation__7206__deblur__confidence_boost__nes__l1,1021,37,6,314,6,422
evaluation__1518__denoise__attack__nes__l0.5,1021,34,3,397,3,514
evaluation__1518__denoise__restore__nes__l0.5,1021,38,3,567,2,687
evaluation__1518__denoise__confidence_boost__nes__l0.5,1021,36,2,464,2,595
evaluation__1518__deblur__attack__nes__l1,1021,36,4,473,3,600
evaluation__1518__deblur__restore__nes__l1,1021,35,17,456,3,563
evaluation__1518__deblur__confidence_boost__nes__l1,1021,35,6,356,6,490
evaluation__5655__denoise__attack__nes__l0.5,1021,35,3,443,2,565
evaluation__5655__denoise__restore__nes__l0.5,1021,35,3,345,3,462
evaluation__5655__denoise__confidence_boost__nes__l0.5,1021,36,2,519,2,630
evaluation__5655__deblur__attack__nes__l1,1021,38,18,454,5,587
evaluation__5655__deblur__restore__nes__l1,1021,36,10,391,4,517
evaluation__5655__deblur__confidence_boost__nes__l1,1021,37,18,453,9,571
evaluation__8196__denoise__attack__nes__l0.5,1021,38,9,468,3,622
evaluation__8196__denoise__restore__nes__l0.5,1021,35,19,446,4,554
evaluation__8196__denoise__confidence_boost__nes__l0.5,1021,40,49,444,6,545
evaluation__8196__deblur__attack__nes__l1,1021,38,9,493,8,607
evaluation__8196__deblur__restore__nes__l1,1021,34,38,390,10,513
evaluation__8196__deblur__confidence_boost__nes__l1,1021,36,12,579,12,676
evaluation__3692__denoise__attack__nes__l0.5,1021,37,3,394,3,515
evaluation__3692__denoise__restore__nes__l0.5,1021,35,2,329,2,454
evaluation__3692__denoise__confidence_boost__nes__l0.5,1021,34,7,449,7,561
evaluation__3692__deblur__attack__nes__l1,1021,38,24,386,18,501
evaluation__3692__deblur__restore__nes__l1,1021,37,5,534,5,633
evaluation__3692__deblur__confidence_boost__nes__l1,1021,36,35,411,5,534
evaluation__6005__denoise__attack__nes__l0.5,1021,38,26,443,2,571
evaluation__6005__denoise__restore__nes__l0.5,1021,36,3,536,3,674
evaluation__6005__denoise__confidence_boost__nes__l0.5,1021,37,6,431,6,536
evaluation__6005__deblur__attack__nes__l1,1021,40,4,509,4,645
evaluation__6005__deblur__restore__nes__l1,1021,37,5,582,5,691
evaluation__6005__deblur__confidence_boost__nes__l1,1021,50,2,674,2,817
evaluation__1599__denoise__attack__nes__l0.5,1021,35,4,172,4,276
evaluation__1599__denoise__restore__nes__l0.5,1021,36,5,488,5,605
evaluation__1599__denoise__confidence_boost__nes__l0.5,1021,36,2,310,2,440
evaluation__1599__deblur__attack__nes__l1,1021,36,35,362,35,478
evaluation__1599__deblur__restore__nes__l1,1021,36,31,377,26,478
evaluation__1599__deblur__confidence_boost__nes__l1,1021,50,2,421,2,539
evaluation__5615__denoise__attack__nes__l0.5,1021,34,4,410,4,511
evaluation__5615__denoise__restore__nes__l0.5,1021,36,9,466,9,574
evaluation__5615__denoise__confidence_boost__nes__l0.5,1021,38,5,421,5,542
evaluation__5615__deblur__attack__nes__l1,1021,34,3,476,3,589
evaluation__5615__deblur__restore__nes__l1,1021,35,3,376,3,493
evaluation__5615__deblur__confidence_boost__nes__l1,1021,35,2,291,2,397
evaluation__9410__denoise__attack__nes__l0.5,1021,36,2,603,2,710
evaluation__9410__denoise__restore__nes__l0.5,1021,37,2,680,2,783
evaluation__9410__denoise__confidence_boost__nes__l0.5,1021,36,2,511,2,648
evaluation__9410__deblur__attack__nes__l1,1021,35,20,270,12,386
evaluation__9410__deblur__restore__nes__l1,1021,32,21,203,10,284
evaluation__9410__deblur__confidence_boost__nes__l1,1021,36,38,354,5,452
evaluation__2488__denoise__attack__nes__l0.5,1021,34,4,397,3,507
evaluation__2488__denoise__restore__nes__l0.5,1021,36,11,417,5,536
evaluation__2488__denoise__confidence_boost__nes__l0.5,1021,50,8,360,4,478
evaluation__2488__deblur__attack__nes__l1,1021,36,7,550,3,654
evaluation__2488__deblur__restore__nes__l1,1021,39,2,576,2,686
evaluation__2488__deblur__confidence_boost__nes__l1,1021,50,11,578,11,689
evaluation__6894__denoise__attack__nes__l0.5,1021,34,6,397,3,520
evaluation__6894__denoise__restore__nes__l0.5,1021,35,2,420,2,548
evaluation__6894__denoise__confidence_boost__nes__l0.5,1021,37,7,521,7,649
evaluation__6894__deblur__attack__nes__l1,1021,36,12,408,12,522
evaluation__6894__deblur__restore__nes__l1,1021,39,26,468,12,582
evaluation__6894__deblur__confidence_boost__nes__l1,1021,36,3,447,3,557
evaluation__808__denoise__attack__nes__l0.5,1021,37,2,460,2,574
evaluation__808__denoise__restore__nes__l0.5,1021,38,11,372,6,499
evaluation__808__denoise__confidence_boost__nes__l0.5,1021,36,5,357,5,473
evaluation__808__deblur__attack__nes__l1,1021,35,3,526,3,654
evaluation__808__deblur__restore__nes__l1,1021,34,2,388,2,517
evaluation__808__deblur__confidence_boost__nes__l1,1021,36,2,541,2,669
evaluation__5153__denoise__attack__nes__l0.5,1021,37,18,592,2,712
evaluation__5153__denoise__restore__nes__l0.5,1021,35,6,402,6,537
evaluation__5153__denoise__confidence_boost__nes__l0.5,1021,37,18,475,10,607
evaluation__5153__deblur__attack__nes__l1,1021,35,8,505,4,624
evaluation__5153__deblur__restore__nes__l1,1021,34,14,363,14,462
evaluation__5153__deblur__confidence_boost__nes__l1,1021,38,9,613,9,717
evaluation__8327__denoise__attack__nes__l0.5,1021,37,3,566,3,686
evaluation__8327__denoise__restore__nes__l0.5,1021,34,2,307,2,436
evaluation__8327__denoise__confidence_boost__nes__l0.5,1021,35,2,438,2,577
evaluation__8327__deblur__attack__nes__l1,1021,38,2,555,2,675
evaluation__8327__deblur__restore__nes__l1,1021,38,3,524,3,626
evaluation__8327__deblur__confidence_boost__nes__l1,1021,34,9,395,2,495
evaluation__1897__denoise__attack__nes__l0.5,1021,37,2,596,2,729
evaluation__1897__denoise__restore__nes__l0.5,1021,37,5,626,5,752
evaluation__1897__denoise__confidence_boost__nes__l0.5,1021,37,2,655,2,769
evaluation__1897__deblur__attack__nes__l1,1021,38,5,570,3,691
evaluation__1897__deblur__restore__nes__l1,1021,35,3,391,3,519
evaluation__1897__deblur__confidence_boost__nes__l1,1021,33,2,362,2,471
evaluation__4539__denoise__attack__nes__l0.5,1021,35,59,269,28,357
evaluation__4539__denoise__restore__nes__l0.5,1021,35,6,297,6,403
evaluation__4539__denoise__confidence_boost__nes__l0.5,1021,36,12,419,12,525
evaluation__4539__deblur__attack__nes__l1,1021,34,5,431,5,555
evaluation__4539__deblur__restore__nes__l1,1021,35,6,287,6,409
evaluation__4539__deblur__confidence_boost__nes__l1,1021,36,9,517,9,630
evaluation__609__denoise__attack__nes__l0.5,1021,36,3,492,3,635
evaluation__609__denoise__restore__nes__l0.5,1021,34,2,382,2,521
evaluation__609__denoise__confidence_boost__nes__l0.5,1021,36,7,437,6,561
evaluation__609__deblur__attack__nes__l1,1021,36,4,429,4,562
evaluation__609__deblur__restore__nes__l1,1021,36,7,454,7,593
evaluation__609__deblur__confidence_boost__nes__l1,1021,36,3,483,3,627
evaluation__6167__denoise__attack__nes__l0.5,1021,35,16,308,15,424
evaluation__6167__denoise__restore__nes__l0.5,1021,34,70,185,70,267
evaluation__6167__denoise__confidence_boost__nes__l0.5,1021,31,3,121,3,196
evaluation__6167__deblur__attack__nes__l1,1021,36,24,393,2,510
evaluation__6167__deblur__restore__nes__l1,1021,35,11,476,2,603
evaluation__6167__deblur__confidence_boost__nes__l1,1021,38,20,502,5,619
evaluation__9060__denoise__attack__nes__l0.5,1021,36,3,466,3,588
evaluation__9060__denoise__restore__nes__l0.5,1021,36,4,536,2,624
evaluation__9060__denoise__confidence_boost__nes__l0.5,1021,36,3,335,3,459
evaluation__9060__deblur__attack__nes__l1,1021,37,16,427,6,542
evaluation__9060__deblur__restore__nes__l1,1021,36,7,492,7,614
evaluation__9060__deblur__confidence_boost__nes__l1,1021,37,3,377,3,490
fit__5256__denoise__attack__nes__l0.5,1021,36,4,574,4,684
fit__5256__denoise__restore__nes__l0.5,1021,35,3,439,3,562
fit__5256__denoise__confidence_boost__nes__l0.5,1021,35,11,565,2,677
fit__5256__deblur__attack__nes__l1,1021,37,3,457,3,591
fit__5256__deblur__restore__nes__l1,1021,37,2,471,2,593
fit__5256__deblur__confidence_boost__nes__l1,1021,36,6,509,6,622
fit__3647__denoise__attack__nes__l0.5,1021,35,5,511,3,631
fit__3647__denoise__restore__nes__l0.5,1021,36,10,522,10,670
fit__3647__denoise__confidence_boost__nes__l0.5,1021,37,5,482,5,593
fit__3647__deblur__attack__nes__l1,1021,35,4,440,3,579
fit__3647__deblur__restore__nes__l1,1021,39,7,466,2,572
fit__3647__deblur__confidence_boost__nes__l1,1021,36,4,512,4,651
fit__1852__denoise__attack__nes__l0.5,1021,36,3,553,3,696
fit__1852__denoise__restore__nes__l0.5,1021,35,2,501,2,626
fit__1852__denoise__confidence_boost__nes__l0.5,1021,39,2,533,2,635
fit__1852__deblur__attack__nes__l1,1021,35,12,528,12,637
fit__1852__deblur__restore__nes__l1,1021,37,10,391,6,526
fit__1852__deblur__confidence_boost__nes__l1,1021,38,10,520,10,635
fit__9423__denoise__attack__nes__l0.5,1021,37,19,368,18,514
fit__9423__denoise__restore__nes__l0.5,1021,36,2,418,2,536
fit__9423__denoise__confidence_boost__nes__l0.5,1021,35,3,359,3,478
fit__9423__deblur__attack__nes__l1,1021,34,18,282,3,399
fit__9423__deblur__restore__nes__l1,1021,35,11,419,8,539
fit__9423__deblur__confidence_boost__nes__l1,1021,34,12,344,12,462
fit__8204__denoise__attack__nes__l0.5,1021,34,11,286,11,395
fit__8204__denoise__restore__nes__l0.5,1021,34,43,319,3,437
fit__8204__denoise__confidence_boost__nes__l0.5,1021,34,16,302,16,428
fit__8204__deblur__attack__nes__l1,1021,38,4,555,4,656
fit__8204__deblur__restore__nes__l1,1021,37,2,413,2,545
fit__8204__deblur__confidence_boost__nes__l1,1021,36,2,447,2,574
fit__3498__denoise__attack__nes__l0.5,1021,35,8,406,2,526
fit__3498__denoise__restore__nes__l0.5,1021,34,4,422,3,575
fit__3498__denoise__confidence_boost__nes__l0.5,1021,34,8,259,8,362
fit__3498__deblur__attack__nes__l1,1021,35,2,411,2,530
fit__3498__deblur__restore__nes__l1,1021,36,9,386,2,499
fit__3498__deblur__confidence_boost__nes__l1,1021,50,3,356,3,480
fit__4406__denoise__attack__nes__l0.5,1021,34,15,469,15,584
fit__4406__denoise__restore__nes__l0.5,1021,34,17,358,17,482
fit__4406__denoise__confidence_boost__nes__l0.5,1021,36,22,379,2,508
fit__4406__deblur__attack__nes__l1,1021,36,12,437,12,538
fit__4406__deblur__restore__nes__l1,1021,36,7,368,7,507
fit__4406__deblur__confidence_boost__nes__l1,1021,50,7,447,7,556
fit__1436__denoise__attack__nes__l0.5,1021,38,6,625,6,724
fit__1436__denoise__restore__nes__l0.5,1021,36,3,514,3,619
fit__1436__denoise__confidence_boost__nes__l0.5,1021,50,9,794,4,848
fit__1436__deblur__attack__nes__l1,1021,35,2,572,2,687
fit__1436__deblur__restore__nes__l1,1021,35,7,529,7,659
fit__1436__deblur__confidence_boost__nes__l1,1021,37,11,405,7,507
fit__9789__denoise__attack__nes__l0.5,1021,36,27,595,27,711
fit__9789__denoise__restore__nes__l0.5,1021,35,24,267,2,377
fit__9789__denoise__confidence_boost__nes__l0.5,1021,37,10,460,10,570
fit__9789__deblur__attack__nes__l1,1021,37,20,417,2,554
fit__9789__deblur__restore__nes__l1,1021,35,2,344,2,463
fit__9789__deblur__confidence_boost__nes__l1,1021,50,11,420,11,527
fit__6955__denoise__attack__nes__l0.5,1021,35,53,271,16,394
fit__6955__denoise__restore__nes__l0.5,1021,35,7,343,7,465
fit__6955__denoise__confidence_boost__nes__l0.5,1021,50,11,355,4,462
fit__6955__deblur__attack__nes__l1,1021,38,7,392,7,493
fit__6955__deblur__restore__nes__l1,1021,36,4,512,4,650
fit__6955__deblur__confidence_boost__nes__l1,1021,50,2,283,2,416
fit__3686__denoise__attack__nes__l0.5,1021,38,2,609,2,731
fit__3686__denoise__restore__nes__l0.5,1021,38,3,537,3,654
fit__3686__denoise__confidence_boost__nes__l0.5,1021,36,2,596,2,715
fit__3686__deblur__attack__nes__l1,1021,35,11,357,11,477
fit__3686__deblur__restore__nes__l1,1021,37,4,452,4,586
fit__3686__deblur__confidence_boost__nes__l1,1021,35,28,366,28,485
fit__3732__denoise__attack__nes__l0.5,1021,35,12,292,12,408
fit__3732__denoise__restore__nes__l0.5,1021,32,2,277,2,394
fit__3732__denoise__confidence_boost__nes__l0.5,1021,34,2,319,2,466
fit__3732__deblur__attack__nes__l1,1021,35,17,321,2,414
fit__3732__deblur__restore__nes__l1,1021,35,7,285,7,404
fit__3732__deblur__confidence_boost__nes__l1,1021,34,2,292,2,411
evaluation__4126__denoise__attack__nes__l0.5,1021,34,19,300,2,412
evaluation__4126__denoise__restore__nes__l0.5,1021,36,3,438,3,560
evaluation__4126__denoise__confidence_boost__nes__l0.5,1021,36,4,305,4,411
evaluation__4126__deblur__attack__nes__l1,1021,36,9,463,9,578
evaluation__4126__deblur__restore__nes__l1,1021,36,4,417,4,554
evaluation__4126__deblur__confidence_boost__nes__l1,1021,36,7,487,7,616
evaluation__8884__denoise__attack__nes__l0.5,1021,35,10,561,10,676
evaluation__8884__denoise__restore__nes__l0.5,1021,38,4,616,3,728
evaluation__8884__denoise__confidence_boost__nes__l0.5,1021,39,2,698,2,814
evaluation__8884__deblur__attack__nes__l1,1021,37,37,370,8,501
evaluation__8884__deblur__restore__nes__l1,1021,37,4,398,4,519
evaluation__8884__deblur__confidence_boost__nes__l1,1021,33,16,395,16,515
evaluation__122__denoise__attack__nes__l0.5,1021,33,14,198,4,293
evaluation__122__denoise__restore__nes__l0.5,1021,34,3,290,3,399
evaluation__122__denoise__confidence_boost__nes__l0.5,1021,34,4,257,4,352
evaluation__122__deblur__attack__nes__l1,1021,36,5,336,2,448
evaluation__122__deblur__restore__nes__l1,1021,33,2,240,2,344
evaluation__122__deblur__confidence_boost__nes__l1,1021,36,8,345,8,481
evaluation__5245__denoise__attack__nes__l0.5,1021,36,5,485,5,611
evaluation__5245__denoise__restore__nes__l0.5,1021,33,4,353,4,488
evaluation__5245__denoise__confidence_boost__nes__l0.5,1021,37,3,438,3,576
evaluation__5245__deblur__attack__nes__l1,1021,36,3,560,3,669
evaluation__5245__deblur__restore__nes__l1,1021,36,2,494,2,622
evaluation__5245__deblur__confidence_boost__nes__l1,1021,35,2,484,2,622
evaluation__8503__denoise__attack__nes__l0.5,1021,36,17,651,3,778
evaluation__8503__denoise__restore__nes__l0.5,1021,38,13,670,5,769
evaluation__8503__denoise__confidence_boost__nes__l0.5,1021,35,18,497,12,607
evaluation__8503__deblur__attack__nes__l1,1021,37,3,465,2,571
evaluation__8503__deblur__restore__nes__l1,1021,39,2,598,2,713
evaluation__8503__deblur__confidence_boost__nes__l1,1021,37,4,579,4,684
evaluation__3313__denoise__attack__nes__l0.5,1021,36,17,422,17,550
evaluation__3313__denoise__restore__nes__l0.5,1021,35,59,393,33,522
evaluation__3313__denoise__confidence_boost__nes__l0.5,1021,50,50,237,47,334
evaluation__3313__deblur__attack__nes__l1,1021,37,23,560,4,678
evaluation__3313__deblur__restore__nes__l1,1021,37,9,499,9,620
evaluation__3313__deblur__confidence_boost__nes__l1,1021,50,2,527,2,643
evaluation__7340__denoise__attack__nes__l0.5,1021,35,16,526,5,642
evaluation__7340__denoise__restore__nes__l0.5,1021,35,28,407,18,527
evaluation__7340__denoise__confidence_boost__nes__l0.5,1021,35,14,527,8,674
evaluation__7340__deblur__attack__nes__l1,1021,35,17,429,6,532
evaluation__7340__deblur__restore__nes__l1,1021,36,12,446,8,566
evaluation__7340__deblur__confidence_boost__nes__l1,1021,39,15,510,15,637
evaluation__1603__denoise__attack__nes__l0.5,1021,36,6,474,6,592
evaluation__1603__denoise__restore__nes__l0.5,1021,36,5,491,4,613
evaluation__1603__denoise__confidence_boost__nes__l0.5,1021,36,13,671,2,758
evaluation__1603__deblur__attack__nes__l1,1021,36,8,295,8,411
evaluation__1603__deblur__restore__nes__l1,1021,38,4,500,4,633
evaluation__1603__deblur__confidence_boost__nes__l1,1021,35,9,463,6,582
evaluation__5732__denoise__attack__nes__l0.5,1021,33,23,288,23,398
evaluation__5732__denoise__restore__nes__l0.5,1021,36,11,404,11,536
evaluation__5732__denoise__confidence_boost__nes__l0.5,1021,36,8,419,8,529
evaluation__5732__deblur__attack__nes__l1,1021,36,6,387,6,505
evaluation__5732__deblur__restore__nes__l1,1021,34,22,466,16,581
evaluation__5732__deblur__confidence_boost__nes__l1,1021,34,14,363,11,470
evaluation__8739__denoise__attack__nes__l0.5,1021,37,15,512,15,651
evaluation__8739__denoise__restore__nes__l0.5,1021,35,18,307,7,436
evaluation__8739__denoise__confidence_boost__nes__l0.5,1021,35,19,370,9,480
evaluation__8739__deblur__attack__nes__l1,1021,38,5,527,5,643
evaluation__8739__deblur__restore__nes__l1,1021,38,11,533,11,653
evaluation__8739__deblur__confidence_boost__nes__l1,1021,36,12,433,12,554
evaluation__3809__denoise__attack__nes__l0.5,1021,36,35,513,14,642
evaluation__3809__denoise__restore__nes__l0.5,1021,38,17,479,17,582
evaluation__3809__denoise__confidence_boost__nes__l0.5,1021,37,8,575,8,684
evaluation__3809__deblur__attack__nes__l1,1021,38,2,540,2,682
evaluation__3809__deblur__restore__nes__l1,1021,37,10,392,10,511
evaluation__3809__deblur__confidence_boost__nes__l1,1021,36,4,411,4,524
evaluation__7916__denoise__attack__nes__l0.5,1021,37,12,559,11,693
evaluation__7916__denoise__restore__nes__l0.5,1021,36,4,479,4,613
evaluation__7916__denoise__confidence_boost__nes__l0.5,1021,37,3,523,3,656
evaluation__7916__deblur__attack__nes__l1,1021,34,70,305,42,430
evaluation__7916__deblur__restore__nes__l1,1021,35,13,469,10,576
evaluation__7916__deblur__confidence_boost__nes__l1,1021,36,3,439,3,559
evaluation__1745__denoise__attack__nes__l0.5,1021,36,2,451,2,557
evaluation__1745__denoise__restore__nes__l0.5,1021,35,3,313,3,440
evaluation__1745__denoise__confidence_boost__nes__l0.5,1021,36,5,395,5,507
evaluation__1745__deblur__attack__nes__l1,1021,36,3,453,3,559
evaluation__1745__deblur__restore__nes__l1,1021,36,13,282,4,381
evaluation__1745__deblur__confidence_boost__nes__l1,1021,35,10,392,5,530
evaluation__5947__denoise__attack__nes__l0.5,1021,36,22,423,20,543
evaluation__5947__denoise__restore__nes__l0.5,1021,37,9,216,9,314
evaluation__5947__denoise__confidence_boost__nes__l0.5,1021,38,11,438,9,582
evaluation__5947__deblur__attack__nes__l1,1021,36,15,424,5,557
evaluation__5947__deblur__restore__nes__l1,1021,35,2,291,2,407
evaluation__5947__deblur__confidence_boost__nes__l1,1021,34,4,323,4,425
evaluation__9540__denoise__attack__nes__l0.5,1021,36,2,369,2,486
evaluation__9540__denoise__restore__nes__l0.5,1021,35,10,571,10,691
evaluation__9540__denoise__confidence_boost__nes__l0.5,1021,35,2,440,2,551
evaluation__9540__deblur__attack__nes__l1,1021,36,5,440,5,578
evaluation__9540__deblur__restore__nes__l1,1021,35,9,511,9,630
evaluation__9540__deblur__confidence_boost__nes__l1,1021,38,12,494,3,618
evaluation__4127__denoise__attack__nes__l0.5,1021,34,18,408,14,506
evaluation__4127__denoise__restore__nes__l0.5,1021,38,5,367,5,493
evaluation__4127__denoise__confidence_boost__nes__l0.5,1021,36,10,362,10,468
evaluation__4127__deblur__attack__nes__l1,1021,34,17,330,7,458
evaluation__4127__deblur__restore__nes__l1,1021,34,14,334,10,438
evaluation__4127__deblur__confidence_boost__nes__l1,1021,35,14,359,7,469
evaluation__7337__denoise__attack__nes__l0.5,1021,35,7,450,4,558
evaluation__7337__denoise__restore__nes__l0.5,1021,35,3,304,3,430
evaluation__7337__denoise__confidence_boost__nes__l0.5,1021,34,22,387,22,487
evaluation__7337__deblur__attack__nes__l1,1021,35,5,318,2,415
evaluation__7337__deblur__restore__nes__l1,1021,34,4,307,4,443
evaluation__7337__deblur__confidence_boost__nes__l1,1021,35,5,399,2,517
evaluation__1966__denoise__attack__nes__l0.5,1021,34,12,448,2,561
evaluation__1966__denoise__restore__nes__l0.5,1021,35,12,383,2,540
evaluation__1966__denoise__confidence_boost__nes__l0.5,1021,36,18,392,3,521
evaluation__1966__deblur__attack__nes__l1,1021,35,13,374,13,516
evaluation__1966__deblur__restore__nes__l1,1021,35,19,365,9,477
evaluation__1966__deblur__confidence_boost__nes__l1,1021,37,18,436,18,539
evaluation__5246__denoise__attack__nes__l0.5,1021,34,15,279,15,380
evaluation__5246__denoise__restore__nes__l0.5,1021,35,53,279,23,390
evaluation__5246__denoise__confidence_boost__nes__l0.5,1021,35,53,216,52,319
evaluation__5246__deblur__attack__nes__l1,1021,35,3,417,3,531
evaluation__5246__deblur__restore__nes__l1,1021,35,2,500,2,629
evaluation__5246__deblur__confidence_boost__nes__l1,1021,37,2,548,2,666
evaluation__8466__denoise__attack__nes__l0.5,1021,38,6,601,5,708
evaluation__8466__denoise__restore__nes__l0.5,1021,36,2,633,2,750
evaluation__8466__denoise__confidence_boost__nes__l0.5,1021,38,3,646,3,754
evaluation__8466__deblur__attack__nes__l1,1021,37,20,413,20,535
evaluation__8466__deblur__restore__nes__l1,1021,35,61,267,61,367
evaluation__8466__deblur__confidence_boost__nes__l1,1021,34,54,347,2,472
evaluation__2196__denoise__attack__nes__l0.5,1021,36,9,388,2,519
evaluation__2196__denoise__restore__nes__l0.5,1021,35,7,412,2,515
evaluation__2196__denoise__confidence_boost__nes__l0.5,1021,39,5,383,5,500
evaluation__2196__deblur__attack__nes__l1,1021,36,12,512,6,640
evaluation__2196__deblur__restore__nes__l1,1021,35,8,534,8,678
evaluation__2196__deblur__confidence_boost__nes__l1,1021,36,3,476,3,598
evaluation__5383__denoise__attack__nes__l0.5,1021,37,3,453,3,588
evaluation__5383__denoise__restore__nes__l0.5,1021,35,7,335,7,446
evaluation__5383__denoise__confidence_boost__nes__l0.5,1021,38,2,465,2,570
evaluation__5383__deblur__attack__nes__l1,1021,35,34,276,17,377
evaluation__5383__deblur__restore__nes__l1,1021,35,9,383,9,514
evaluation__5383__deblur__confidence_boost__nes__l1,1021,36,9,408,9,523
evaluation__1654__denoise__attack__nes__l0.5,1021,35,7,522,7,649
evaluation__1654__denoise__restore__nes__l0.5,1021,37,3,469,3,583
evaluation__1654__denoise__confidence_boost__nes__l0.5,1021,35,2,486,2,612
evaluation__1654__deblur__attack__nes__l1,1021,35,22,379,22,501
evaluation__1654__deblur__restore__nes__l1,1021,35,35,397,3,501
evaluation__1654__deblur__confidence_boost__nes__l1,1021,37,18,388,9,507
evaluation__6724__denoise__attack__nes__l0.5,1021,37,3,474,3,586
evaluation__6724__denoise__restore__nes__l0.5,1021,35,3,491,3,621
evaluation__6724__denoise__confidence_boost__nes__l0.5,1021,35,5,542,3,681
evaluation__6724__deblur__attack__nes__l1,1021,35,6,309,6,431
evaluation__6724__deblur__restore__nes__l1,1021,37,3,459,3,559
evaluation__6724__deblur__confidence_boost__nes__l1,1021,35,3,544,2,661
evaluation__9247__denoise__attack__nes__l0.5,1021,37,13,532,4,630
evaluation__9247__denoise__restore__nes__l0.5,1021,37,5,445,4,597
evaluation__9247__denoise__confidence_boost__nes__l0.5,1021,36,10,535,10,645
evaluation__9247__deblur__attack__nes__l1,1021,34,7,340,4,451
evaluation__9247__deblur__restore__nes__l1,1021,36,5,495,5,605
evaluation__9247__deblur__confidence_boost__nes__l1,1021,34,2,326,2,446
fit__6772__denoise__attack__nes__l0.5,1021,36,37,440,2,562
fit__6772__denoise__restore__nes__l0.5,1021,33,20,352,20,475
fit__6772__denoise__confidence_boost__nes__l0.5,1021,35,90,323,44,443
fit__6772__deblur__attack__nes__l1,1021,35,6,434,6,542
fit__6772__deblur__restore__nes__l1,1021,37,11,503,11,637
fit__6772__deblur__confidence_boost__nes__l1,1021,38,20,474,18,604
fit__4954__denoise__attack__nes__l0.5,1021,35,4,386,4,525
fit__4954__denoise__restore__nes__l0.5,1021,35,10,384,8,502
fit__4954__denoise__confidence_boost__nes__l0.5,1021,34,4,333,4,442
fit__4954__deblur__attack__nes__l1,1021,35,5,437,5,569
fit__4954__deblur__restore__nes__l1,1021,38,7,386,7,504
fit__4954__deblur__confidence_boost__nes__l1,1021,36,7,384,7,482
fit__2695__denoise__attack__nes__l0.5,1021,36,4,464,4,576
fit__2695__denoise__restore__nes__l0.5,1021,33,18,402,10,516
fit__2695__denoise__confidence_boost__nes__l0.5,1021,36,19,338,4,462
fit__2695__deblur__attack__nes__l1,1021,36,10,605,3,719
fit__2695__deblur__restore__nes__l1,1021,34,2,427,2,558
fit__2695__deblur__confidence_boost__nes__l1,1021,34,5,212,3,310
fit__573__denoise__attack__nes__l0.5,1021,36,4,334,4,454
fit__573__denoise__restore__nes__l0.5,1021,38,3,333,3,432
fit__573__denoise__confidence_boost__nes__l0.5,1021,37,3,602,2,690
fit__573__deblur__attack__nes__l1,1021,37,23,445,6,562
fit__573__deblur__restore__nes__l1,1021,37,3,538,3,644
fit__573__deblur__confidence_boost__nes__l1,1021,36,5,417,5,563
fit__9198__denoise__attack__nes__l0.5,1021,36,14,391,14,504
fit__9198__denoise__restore__nes__l0.5,1021,36,4,381,2,511
fit__9198__denoise__confidence_boost__nes__l0.5,1021,35,5,433,4,544
fit__9198__deblur__attack__nes__l1,1021,37,2,614,2,721
fit__9198__deblur__restore__nes__l1,1021,35,2,505,2,638
fit__9198__deblur__confidence_boost__nes__l1,1021,38,5,601,2,705
fit__3507__denoise__attack__nes__l0.5,1021,36,2,521,2,641
fit__3507__denoise__restore__nes__l0.5,1021,37,2,618,2,740
fit__3507__denoise__confidence_boost__nes__l0.5,1021,39,3,543,3,651
fit__3507__deblur__attack__nes__l1,1021,37,4,385,4,483
fit__3507__deblur__restore__nes__l1,1021,34,8,419,7,521
fit__3507__deblur__confidence_boost__nes__l1,1021,34,6,295,2,411
fit__4420__denoise__attack__nes__l0.5,1021,36,5,564,3,690
fit__4420__denoise__restore__nes__l0.5,1021,34,2,375,2,474
fit__4420__denoise__confidence_boost__nes__l0.5,1021,37,2,450,2,602
fit__4420__deblur__attack__nes__l1,1021,34,2,418,2,554
fit__4420__deblur__restore__nes__l1,1021,34,2,378,2,496
fit__4420__deblur__confidence_boost__nes__l1,1021,34,2,347,2,484
fit__1688__denoise__attack__nes__l0.5,1021,36,7,413,7,544
fit__1688__denoise__restore__nes__l0.5,1021,35,41,389,8,526
fit__1688__denoise__confidence_boost__nes__l0.5,1021,50,5,618,5,719
fit__1688__deblur__attack__nes__l1,1021,36,5,424,3,558
fit__1688__deblur__restore__nes__l1,1021,34,10,358,10,479
fit__1688__deblur__confidence_boost__nes__l1,1021,50,9,389,9,535
fit__743__denoise__attack__nes__l0.5,1021,35,10,493,10,618
fit__743__denoise__restore__nes__l0.5,1021,34,31,310,22,430
fit__743__denoise__confidence_boost__nes__l0.5,1021,36,42,500,42,610
fit__743__deblur__attack__nes__l1,1021,35,13,339,9,477
fit__743__deblur__restore__nes__l1,1021,34,3,357,3,468
fit__743__deblur__confidence_boost__nes__l1,1021,35,2,402,2,508
fit__7703__denoise__attack__nes__l0.5,1021,36,32,437,23,546
fit__7703__denoise__restore__nes__l0.5,1021,35,15,294,15,382
fit__7703__denoise__confidence_boost__nes__l0.5,1021,36,28,316,23,438
fit__7703__deblur__attack__nes__l1,1021,33,15,200,15,307
fit__7703__deblur__restore__nes__l1,1021,35,11,312,7,420
fit__7703__deblur__confidence_boost__nes__l1,1021,36,29,389,4,512
fit__4865__denoise__attack__nes__l0.5,1021,35,5,333,5,437
fit__4865__denoise__restore__nes__l0.5,1021,38,5,491,5,643
fit__4865__denoise__confidence_boost__nes__l0.5,1021,36,3,347,3,472
fit__4865__deblur__attack__nes__l1,1021,35,3,316,3,428
fit__4865__deblur__restore__nes__l1,1021,38,8,526,8,637
fit__4865__deblur__confidence_boost__nes__l1,1021,38,3,521,3,646
fit__4336__denoise__attack__nes__l0.5,1021,36,13,670,13,778
fit__4336__denoise__restore__nes__l0.5,1021,37,12,592,12,706
fit__4336__denoise__confidence_boost__nes__l0.5,1021,38,6,655,6,780
fit__4336__deblur__attack__nes__l1,1021,37,2,450,2,564
fit__4336__deblur__restore__nes__l1,1021,38,3,392,2,524
fit__4336__deblur__confidence_boost__nes__l1,1021,36,4,477,3,603
evaluation__5857__denoise__attack__nes__l0.5,1021,36,7,372,7,479
evaluation__5857__denoise__restore__nes__l0.5,1021,34,3,344,2,476
evaluation__5857__denoise__confidence_boost__nes__l0.5,1021,35,2,426,2,549
evaluation__5857__deblur__attack__nes__l1,1021,34,10,438,8,533
evaluation__5857__deblur__restore__nes__l1,1021,33,14,342,2,460
evaluation__5857__deblur__confidence_boost__nes__l1,1021,34,29,275,8,380
evaluation__8894__denoise__attack__nes__l0.5,1021,34,3,493,2,623
evaluation__8894__denoise__restore__nes__l0.5,1021,34,2,434,2,567
evaluation__8894__denoise__confidence_boost__nes__l0.5,1021,35,2,459,2,588
evaluation__8894__deblur__attack__nes__l1,1021,37,5,547,5,659
evaluation__8894__deblur__restore__nes__l1,1021,34,2,295,2,401
evaluation__8894__deblur__confidence_boost__nes__l1,1021,35,3,335,2,431
evaluation__604__denoise__attack__nes__l0.5,1021,34,6,441,6,562
evaluation__604__denoise__restore__nes__l0.5,1021,40,11,530,11,655
evaluation__604__denoise__confidence_boost__nes__l0.5,1021,34,15,314,5,434
evaluation__604__deblur__attack__nes__l1,1021,35,10,511,3,627
evaluation__604__deblur__restore__nes__l1,1021,36,3,556,3,695
evaluation__604__deblur__confidence_boost__nes__l1,1021,34,3,431,3,551
evaluation__6789__denoise__attack__nes__l0.5,1021,35,18,370,18,494
evaluation__6789__denoise__restore__nes__l0.5,1021,35,8,238,8,338
evaluation__6789__denoise__confidence_boost__nes__l0.5,1021,35,8,208,8,294
evaluation__6789__deblur__attack__nes__l1,1021,35,32,434,14,575
evaluation__6789__deblur__restore__nes__l1,1021,34,3,336,2,445
evaluation__6789__deblur__confidence_boost__nes__l1,1021,34,6,480,6,601
evaluation__9455__denoise__attack__nes__l0.5,1021,35,23,466,23,561
evaluation__9455__denoise__restore__nes__l0.5,1021,36,7,347,7,465
evaluation__9455__denoise__confidence_boost__nes__l0.5,1021,35,12,330,12,439
evaluation__9455__deblur__attack__nes__l1,1021,36,3,355,3,475
evaluation__9455__deblur__restore__nes__l1,1021,35,2,588,2,708
evaluation__9455__deblur__confidence_boost__nes__l1,1021,35,4,596,4,722
evaluation__3573__denoise__attack__nes__l0.5,1021,35,4,409,3,529
evaluation__3573__denoise__restore__nes__l0.5,1021,36,9,452,7,556
evaluation__3573__denoise__confidence_boost__nes__l0.5,1021,36,32,434,32,570
evaluation__3573__deblur__attack__nes__l1,1021,37,10,425,5,542
evaluation__3573__deblur__restore__nes__l1,1021,35,6,333,6,440
evaluation__3573__deblur__confidence_boost__nes__l1,1021,35,12,473,6,582
evaluation__7855__denoise__attack__nes__l0.5,1021,36,4,310,4,410
evaluation__7855__denoise__restore__nes__l0.5,1021,34,4,257,4,370
evaluation__7855__denoise__confidence_boost__nes__l0.5,1021,34,2,414,2,558
evaluation__7855__deblur__attack__nes__l1,1021,35,3,455,2,582
evaluation__7855__deblur__restore__nes__l1,1021,35,8,346,8,461
evaluation__7855__deblur__confidence_boost__nes__l1,1021,36,6,432,3,540
evaluation__2991__denoise__attack__nes__l0.5,1021,34,6,406,2,536
evaluation__2991__denoise__restore__nes__l0.5,1021,34,18,407,4,553
evaluation__2991__denoise__confidence_boost__nes__l0.5,1021,35,6,407,6,509
evaluation__2991__deblur__attack__nes__l1,1021,38,21,377,21,515
evaluation__2991__deblur__restore__nes__l1,1021,36,38,293,38,407
evaluation__2991__deblur__confidence_boost__nes__l1,1021,35,9,329,9,449
evaluation__6079__denoise__attack__nes__l0.5,1021,34,10,373,10,490
evaluation__6079__denoise__restore__nes__l0.5,1021,35,8,305,6,424
evaluation__6079__denoise__confidence_boost__nes__l0.5,1021,35,7,414,7,552
evaluation__6079__deblur__attack__nes__l1,1021,34,5,279,5,383
evaluation__6079__deblur__restore__nes__l1,1021,34,6,294,6,397
evaluation__6079__deblur__confidence_boost__nes__l1,1021,34,6,269,6,366
evaluation__9839__denoise__attack__nes__l0.5,1021,39,2,429,2,561
evaluation__9839__denoise__restore__nes__l0.5,1021,35,3,497,3,606
evaluation__9839__denoise__confidence_boost__nes__l0.5,1021,35,2,482,2,606
evaluation__9839__deblur__attack__nes__l1,1021,34,4,474,4,587
evaluation__9839__deblur__restore__nes__l1,1021,34,13,432,6,579
evaluation__9839__deblur__confidence_boost__nes__l1,1021,35,8,469,8,597
evaluation__3822__denoise__attack__nes__l0.5,1021,34,2,446,2,571
evaluation__3822__denoise__restore__nes__l0.5,1021,37,2,414,2,536
evaluation__3822__denoise__confidence_boost__nes__l0.5,1021,35,11,377,4,485
evaluation__3822__deblur__attack__nes__l1,1021,36,18,440,4,567
evaluation__3822__deblur__restore__nes__l1,1021,34,18,400,18,544
evaluation__3822__deblur__confidence_boost__nes__l1,1021,39,7,563,7,682
evaluation__8354__denoise__attack__nes__l0.5,1021,38,9,460,2,579
evaluation__8354__denoise__restore__nes__l0.5,1021,32,3,331,3,459
evaluation__8354__denoise__confidence_boost__nes__l0.5,1021,36,5,412,5,530
evaluation__8354__deblur__attack__nes__l1,1021,37,19,467,18,599
evaluation__8354__deblur__restore__nes__l1,1021,36,27,307,27,420
evaluation__8354__deblur__confidence_boost__nes__l1,1021,36,14,493,14,616
evaluation__2281__denoise__attack__nes__l0.5,1021,37,37,539,9,666
evaluation__2281__denoise__restore__nes__l0.5,1021,35,90,443,31,567
evaluation__2281__denoise__confidence_boost__nes__l0.5,1021,35,22,442,19,569
evaluation__2281__deblur__attack__nes__l1,1021,38,20,527,20,640
evaluation__2281__deblur__restore__nes__l1,1021,35,19,426,3,574
evaluation__2281__deblur__confidence_boost__nes__l1,1021,34,30,359,30,509
evaluation__6092__denoise__attack__nes__l0.5,1021,38,4,450,4,579
evaluation__6092__denoise__restore__nes__l0.5,1021,38,19,385,19,496
evaluation__6092__denoise__confidence_boost__nes__l0.5,1021,35,11,467,11,568
evaluation__6092__deblur__attack__nes__l1,1021,35,4,446,4,567
evaluation__6092__deblur__restore__nes__l1,1021,33,25,310,10,432
evaluation__6092__deblur__confidence_boost__nes__l1,1021,34,3,379,2,506
evaluation__9759__denoise__attack__nes__l0.5,1021,35,2,424,2,534
evaluation__9759__denoise__restore__nes__l0.5,1021,35,7,480,7,591
evaluation__9759__denoise__confidence_boost__nes__l0.5,1021,36,7,472,7,586
evaluation__9759__deblur__attack__nes__l1,1021,35,15,491,7,630
evaluation__9759__deblur__restore__nes__l1,1021,37,2,460,2,569
evaluation__9759__deblur__confidence_boost__nes__l1,1021,36,4,495,4,612
evaluation__4291__denoise__attack__nes__l0.5,1021,35,3,608,2,739
evaluation__4291__denoise__restore__nes__l0.5,1021,39,3,651,3,764
evaluation__4291__denoise__confidence_boost__nes__l0.5,1021,36,2,519,2,645
evaluation__4291__deblur__attack__nes__l1,1021,38,4,699,4,820
evaluation__4291__deblur__restore__nes__l1,1021,35,2,492,2,604
evaluation__4291__deblur__confidence_boost__nes__l1,1021,38,3,564,2,699
evaluation__7777__denoise__attack__nes__l0.5,1021,36,6,328,2,435
evaluation__7777__denoise__restore__nes__l0.5,1021,35,2,283,2,386
evaluation__7777__denoise__confidence_boost__nes__l0.5,1021,50,5,517,5,648
evaluation__7777__deblur__attack__nes__l1,1021,35,10,285,4,410
evaluation__7777__deblur__restore__nes__l1,1021,33,6,267,6,396
evaluation__7777__deblur__confidence_boost__nes__l1,1021,35,17,524,17,629
evaluation__3317__denoise__attack__nes__l0.5,1021,36,5,536,2,663
evaluation__3317__denoise__restore__nes__l0.5,1021,35,7,390,7,510
evaluation__3317__denoise__confidence_boost__nes__l0.5,1021,37,5,610,2,724
evaluation__3317__deblur__attack__nes__l1,1021,33,5,334,5,452
evaluation__3317__deblur__restore__nes__l1,1021,35,2,366,2,489
evaluation__3317__deblur__confidence_boost__nes__l1,1021,36,6,349,4,466
evaluation__5606__denoise__attack__nes__l0.5,1021,37,29,343,18,459
evaluation__5606__denoise__restore__nes__l0.5,1021,33,13,248,13,350
evaluation__5606__denoise__confidence_boost__nes__l0.5,1021,34,24,344,23,469
evaluation__5606__deblur__attack__nes__l1,1021,36,2,432,2,559
evaluation__5606__deblur__restore__nes__l1,1021,37,2,372,2,496
evaluation__5606__deblur__confidence_boost__nes__l1,1021,50,2,328,2,464
evaluation__8560__denoise__attack__nes__l0.5,1021,35,4,432,3,565
evaluation__8560__denoise__restore__nes__l0.5,1021,35,2,445,2,570
evaluation__8560__denoise__confidence_boost__nes__l0.5,1021,37,3,390,3,498
evaluation__8560__deblur__attack__nes__l1,1021,35,5,381,4,504
evaluation__8560__deblur__restore__nes__l1,1021,35,2,434,2,554
evaluation__8560__deblur__confidence_boost__nes__l1,1021,35,4,414,4,541
evaluation__3138__denoise__attack__nes__l0.5,1021,35,3,322,3,433
evaluation__3138__denoise__restore__nes__l0.5,1021,34,15,403,7,522
evaluation__3138__denoise__confidence_boost__nes__l0.5,1021,34,8,329,3,445
evaluation__3138__deblur__attack__nes__l1,1021,36,2,547,2,677
evaluation__3138__deblur__restore__nes__l1,1021,36,3,583,2,705
evaluation__3138__deblur__confidence_boost__nes__l1,1021,36,5,689,5,790
evaluation__6395__denoise__attack__nes__l0.5,1021,38,6,514,2,628
evaluation__6395__denoise__restore__nes__l0.5,1021,36,3,454,3,572
evaluation__6395__denoise__confidence_boost__nes__l0.5,1021,34,2,493,2,613
evaluation__6395__deblur__attack__nes__l1,1021,35,15,502,8,632
evaluation__6395__deblur__restore__nes__l1,1021,36,3,409,3,530
evaluation__6395__deblur__confidence_boost__nes__l1,1021,36,4,338,4,470
evaluation__2148__denoise__attack__nes__l0.5,1021,36,7,427,7,555
evaluation__2148__denoise__restore__nes__l0.5,1021,36,25,481,7,628
evaluation__2148__denoise__confidence_boost__nes__l0.5,1021,36,18,464,18,587
evaluation__2148__deblur__attack__nes__l1,1021,38,5,371,5,493
evaluation__2148__deblur__restore__nes__l1,1021,35,16,410,16,529
evaluation__2148__deblur__confidence_boost__nes__l1,1021,35,63,371,19,469
evaluation__6749__denoise__attack__nes__l0.5,1021,38,2,591,2,712
evaluation__6749__denoise__restore__nes__l0.5,1021,37,2,540,2,672
evaluation__6749__denoise__confidence_boost__nes__l0.5,1021,36,3,519,3,617
evaluation__6749__deblur__attack__nes__l1,1021,38,2,623,2,732
evaluation__6749__deblur__restore__nes__l1,1021,36,3,630,3,722
evaluation__6749__deblur__confidence_boost__nes__l1,1021,35,3,415,3,541
evaluation__9362__denoise__attack__nes__l0.5,1021,35,5,415,5,548
evaluation__9362__denoise__restore__nes__l0.5,1021,34,4,381,4,501
evaluation__9362__denoise__confidence_boost__nes__l0.5,1021,34,4,361,4,461
evaluation__9362__deblur__attack__nes__l1,1021,33,53,268,13,380
evaluation__9362__deblur__restore__nes__l1,1021,35,2,378,2,489
evaluation__9362__deblur__confidence_boost__nes__l1,1021,34,11,235,11,351
fit__7533__denoise__attack__nes__l0.5,1021,36,5,377,4,506
fit__7533__denoise__restore__nes__l0.5,1021,36,10,343,7,492
fit__7533__denoise__confidence_boost__nes__l0.5,1021,38,13,507,10,615
fit__7533__deblur__attack__nes__l1,1021,37,15,458,13,580
fit__7533__deblur__restore__nes__l1,1021,40,4,544,4,680
fit__7533__deblur__confidence_boost__nes__l1,1021,35,4,426,4,559
fit__6117__denoise__attack__nes__l0.5,1021,34,5,314,4,440
fit__6117__denoise__restore__nes__l0.5,1021,35,5,520,2,646
fit__6117__denoise__confidence_boost__nes__l0.5,1021,35,15,398,5,515
fit__6117__deblur__attack__nes__l1,1021,36,4,325,4,434
fit__6117__deblur__restore__nes__l1,1021,35,2,379,2,495
fit__6117__deblur__confidence_boost__nes__l1,1021,36,4,406,4,520
fit__3480__denoise__attack__nes__l0.5,1021,36,70,395,64,501
fit__3480__denoise__restore__nes__l0.5,1021,36,9,472,6,567
fit__3480__denoise__confidence_boost__nes__l0.5,1021,37,15,558,15,668
fit__3480__deblur__attack__nes__l1,1021,35,16,497,10,617
fit__3480__deblur__restore__nes__l1,1021,35,20,456,4,590
fit__3480__deblur__confidence_boost__nes__l1,1021,34,7,352,7,475
fit__2684__denoise__attack__nes__l0.5,1021,35,6,609,4,720
fit__2684__denoise__restore__nes__l0.5,1021,37,13,569,9,692
fit__2684__denoise__confidence_boost__nes__l0.5,1021,36,6,549,6,670
fit__2684__deblur__attack__nes__l1,1021,37,3,391,3,508
fit__2684__deblur__restore__nes__l1,1021,36,2,541,2,667
fit__2684__deblur__confidence_boost__nes__l1,1021,37,4,643,3,749
fit__9226__denoise__attack__nes__l0.5,1021,36,13,398,13,520
fit__9226__denoise__restore__nes__l0.5,1021,36,3,416,3,548
fit__9226__denoise__confidence_boost__nes__l0.5,1021,34,19,281,17,371
fit__9226__deblur__attack__nes__l1,1021,35,11,390,11,538
fit__9226__deblur__restore__nes__l1,1021,34,15,344,9,458
fit__9226__deblur__confidence_boost__nes__l1,1021,35,9,472,9,596
fit__5329__denoise__attack__nes__l0.5,1021,37,7,533,3,648
fit__5329__denoise__restore__nes__l0.5,1021,36,3,434,3,540
fit__5329__denoise__confidence_boost__nes__l0.5,1021,36,16,484,10,608
fit__5329__deblur__attack__nes__l1,1021,35,2,385,2,494
fit__5329__deblur__restore__nes__l1,1021,34,3,432,3,536
fit__5329__deblur__confidence_boost__nes__l1,1021,36,9,456,3,584
fit__4641__denoise__attack__nes__l0.5,1021,35,5,605,5,718
fit__4641__denoise__restore__nes__l0.5,1021,36,2,617,2,737
fit__4641__denoise__confidence_boost__nes__l0.5,1021,36,4,418,4,535
fit__4641__deblur__attack__nes__l1,1021,37,32,360,4,499
fit__4641__deblur__restore__nes__l1,1021,36,21,445,21,557
fit__4641__deblur__confidence_boost__nes__l1,1021,38,8,416,8,531
fit__4150__denoise__attack__nes__l0.5,1021,36,12,443,10,568
fit__4150__denoise__restore__nes__l0.5,1021,34,6,270,6,394
fit__4150__denoise__confidence_boost__nes__l0.5,1021,37,17,543,17,659
fit__4150__deblur__attack__nes__l1,1021,36,6,424,5,551
fit__4150__deblur__restore__nes__l1,1021,36,3,520,3,625
fit__4150__deblur__confidence_boost__nes__l1,1021,34,2,337,2,463
fit__955__denoise__attack__nes__l0.5,1021,37,8,306,8,424
fit__955__denoise__restore__nes__l0.5,1021,36,3,383,3,506
fit__955__denoise__confidence_boost__nes__l0.5,1021,34,4,274,4,392
fit__955__deblur__attack__nes__l1,1021,35,11,344,4,453
fit__955__deblur__restore__nes__l1,1021,35,11,397,4,510
fit__955__deblur__confidence_boost__nes__l1,1021,36,15,402,7,527
fit__9372__denoise__attack__nes__l0.5,1021,37,2,298,2,425
fit__9372__denoise__restore__nes__l0.5,1021,35,23,491,11,612
fit__9372__denoise__confidence_boost__nes__l0.5,1021,36,14,614,9,721
fit__9372__deblur__attack__nes__l1,1021,37,13,356,13,471
fit__9372__deblur__restore__nes__l1,1021,34,35,419,33,517
fit__9372__deblur__confidence_boost__nes__l1,1021,35,18,451,18,565
fit__6684__denoise__attack__nes__l0.5,1021,38,4,412,4,526
fit__6684__denoise__restore__nes__l0.5,1021,35,2,282,2,403
fit__6684__denoise__confidence_boost__nes__l0.5,1021,39,5,385,2,490
fit__6684__deblur__attack__nes__l1,1021,37,7,514,7,653
fit__6684__deblur__restore__nes__l1,1021,36,5,362,4,462
fit__6684__deblur__confidence_boost__nes__l1,1021,35,2,360,2,510
fit__5137__denoise__attack__nes__l0.5,1021,38,9,529,4,670
fit__5137__denoise__restore__nes__l0.5,1021,40,2,475,2,608
fit__5137__denoise__confidence_boost__nes__l0.5,1021,37,6,458,2,571
fit__5137__deblur__attack__nes__l1,1021,37,4,658,4,775
fit__5137__deblur__restore__nes__l1,1021,36,2,406,2,530
fit__5137__deblur__confidence_boost__nes__l1,1021,36,11,443,9,575
