client,split,queries,blacklight,gwad_plus,gwad,lfc,lfc_largest_subsequence,util_diff,util_diff_pixel_blur
lime,calibration,1000,3,-1,-1,-1,516,-0.15892732150387023,-0.20439960944931956
kernelshap,calibration,500,3,303,303,117,438,0.35687772162291365,0.4051420623698505
occlusion,calibration,842,2,259,258,15,842,0.3640716174209956,0.174618964525871
rise,calibration,1000,-1,-1,-1,-1,1,0.3543431967614197,0.2650308281576145
lime,calibration,1000,4,-1,-1,-1,453,-0.004064573673531413,-0.5655977065791375
kernelshap,calibration,500,3,-1,-1,-1,239,0.07997474010480798,-0.46653510607138743
occlusion,calibration,842,2,259,258,15,842,0.035941359028220154,-0.5466621318817488
rise,calibration,1000,-1,-1,-1,-1,1,-0.18219627929065607,-0.5758387022047827
lime,calibration,1000,3,-1,-1,-1,984,0.06272835405592903,-0.10822797259075259
kernelshap,calibration,500,3,-1,-1,-1,475,0.1723702937527733,-0.1422743849034191
occlusion,calibration,842,2,259,258,18,842,0.2465403315351608,0.10994178137260632
rise,calibration,1000,-1,-1,-1,-1,1,0.12330934353463474,-0.14343856706077532
lime,calibration,1000,15,-1,-1,-1,365,0.25287270525667505,-0.18961856175024538
kernelshap,calibration,500,3,-1,-1,-1,288,0.17124269016749166,-0.15656725741281435
occlusion,calibration,842,2,259,258,15,842,0.1250048422306051,-0.08411212259373996
rise,calibration,1000,-1,-1,-1,-1,1,0.14686689922557433,-0.14769272701699948
lime,calibration,1000,2,-1,-1,233,243,0.2924620851503278,-0.26535223111186496
kernelshap,calibration,500,3,260,258,-1,438,0.24140630080219128,0.05439751771518786
occlusion,calibration,842,2,259,258,17,842,0.4610332914118771,-0.2703606425446196
rise,calibration,1000,289,-1,-1,-1,2,0.24304643495452183,-0.22733470796574692
lime,calibration,1000,11,-1,-1,-1,823,0.25802622495809824,0.5054526079824427
kernelshap,calibration,500,3,-1,-1,162,281,0.28648911700574897,0.2127395196184807
occlusion,calibration,842,2,259,258,21,842,0.5788960717669397,0.4837907869468836
rise,calibration,1000,-1,-1,-1,-1,1,0.1037138041494472,0.057266673271078594
lime,calibration,1000,23,-1,-1,-1,262,0.21856650881818496,-0.37861431084311337
kernelshap,calibration,500,3,-1,-1,236,466,-0.04810492945834999,-0.28373779998219106
occlusion,calibration,842,2,259,258,50,842,0.4090934717562049,-0.2422651996021159
rise,calibration,1000,-1,-1,-1,-1,1,0.06411405300896145,-0.24309415153984448
lime,calibration,1000,4,-1,-1,-1,491,0.29354048059467464,0.38253829734712785
kernelshap,calibration,500,3,-1,-1,181,320,0.12275743523086935,0.20987283055437733
occlusion,calibration,842,2,259,258,20,842,0.5109375603391527,0.4416832744987914
rise,calibration,1000,-1,-1,-1,-1,1,0.2016613607751424,0.1338310056860792
lime,calibration,1000,8,-1,-1,673,990,0.21667480357298174,0.3812855437199232
kernelshap,calibration,500,3,273,273,204,256,0.3220259241027634,0.29357737291917374
occlusion,calibration,842,2,259,258,22,842,0.3507689364511634,0.43743441770634495
rise,calibration,1000,-1,-1,-1,-1,1,0.30644097228490635,0.21213198493357477
lime,calibration,1000,16,-1,-1,-1,2,0.3310070521933085,-0.3769938039755402
kernelshap,calibration,500,3,-1,-1,187,322,0.3852539469462499,-0.23320975915867165
occlusion,calibration,842,2,259,258,35,842,0.3205439281520739,-0.1838675002625223
rise,calibration,1000,-1,-1,-1,-1,1,0.44080437932261707,-0.14181354536813162
lime,calibration,1000,4,-1,-1,78,988,-0.3990087413164474,-0.02164569511369341
kernelshap,calibration,500,3,260,258,-1,251,0.2083837929859328,0.7501379932917189
occlusion,calibration,842,2,259,258,15,842,0.5016759961300522,0.8342530261345018
rise,calibration,1000,-1,-1,-1,-1,1,-0.029883487276947562,0.7102979300660082
lime,calibration,1000,5,-1,-1,150,871,-0.0813587932100745,0.14405762113456144
kernelshap,calibration,500,3,-1,-1,-1,309,0.16641464186783422,0.7358467911362823
occlusion,calibration,842,2,259,258,15,842,0.1288446983532765,0.4720433595818576
rise,calibration,1000,-1,-1,-1,-1,1,0.14920884031413378,0.7591623090109352
lime,calibration,1000,6,-1,-1,363,61,0.14319787795666522,0.07801717536352762
kernelshap,calibration,500,3,-1,-1,88,456,-0.0012227546965078717,-0.00518709084306318
occlusion,calibration,842,2,259,258,22,842,0.14526916185122776,0.15306423746882092
rise,calibration,1000,-1,-1,-1,-1,1,0.12703280149206864,0.06443796958074302
lime,calibration,1000,5,-1,-1,859,107,0.059157396296723175,0.20620108360551515
kernelshap,calibration,500,3,-1,-1,95,366,0.028673479359349607,0.13510417908873928
occlusion,calibration,842,2,259,258,15,842,0.26204507067999716,0.2651530426617683
rise,calibration,1000,-1,-1,-1,-1,1,0.2680577997705086,0.24136744865627408
lime,calibration,1000,3,-1,-1,-1,964,0.2870898835333946,-0.006983350691643853
kernelshap,calibration,500,3,481,481,169,444,0.12613791795220097,-0.05110587873978145
occlusion,calibration,842,2,259,258,19,842,0.11964452179599905,-0.24744107524811626
rise,calibration,1000,-1,-1,-1,-1,1,0.22306208731961308,0.10285036546565607
lime,calibration,1000,8,-1,-1,-1,828,0.19236195751905416,0.05642131440859402
kernelshap,calibration,500,3,-1,-1,36,405,0.11744562621721,0.04981022358529116
occlusion,calibration,842,2,259,258,16,842,0.14929932937261584,0.07110413740642371
rise,calibration,1000,809,-1,-1,-1,1,0.15989358920926977,0.11518049428665336
lime,calibration,1000,10,-1,-1,225,960,0.24485652857552365,0.24876398893557622
kernelshap,calibration,500,5,-1,-1,213,389,-0.07541832384497837,0.19632743317545476
occlusion,calibration,842,2,259,258,15,842,0.2780067478861611,-0.04585276472182753
rise,calibration,1000,-1,-1,-1,-1,1,0.3316341749409538,0.2419589689195732
lime,evaluation,1000,3,-1,-1,61,971,-0.04900140445679424,-0.5420236039994449
kernelshap,evaluation,500,4,-1,-1,148,281,0.36144021365325896,-0.16752808258738694
occlusion,evaluation,842,2,259,258,17,842,0.4047847781941527,-0.15034960577213496
rise,evaluation,1000,-1,-1,-1,-1,1,-0.008997999504208543,-0.5341382584784015
lime,evaluation,1000,2,-1,-1,-1,999,-0.0931538654142059,-0.38492070182328464
kernelshap,evaluation,500,3,259,258,-1,377,0.20860911121708337,-0.1370794487563216
occlusion,evaluation,842,2,259,258,15,842,0.12145389641227666,-0.4327344381857984
rise,evaluation,1000,-1,-1,-1,-1,1,0.15476021403737827,-0.1466322259809203
lime,evaluation,1000,4,-1,-1,350,449,-0.02894620360784761,0.1668519472351363
kernelshap,evaluation,500,3,261,258,-1,337,0.22460758921224622,0.15755991614423692
occlusion,evaluation,842,2,259,258,15,842,-0.1009114666318055,-0.06349689122289415
rise,evaluation,1000,-1,-1,-1,-1,1,0.5824044182372745,0.32564209899865093
lime,evaluation,1000,3,-1,-1,-1,26,-0.054035152500205186,-0.09223044377040993
kernelshap,evaluation,500,3,-1,-1,-1,295,0.23843769914990387,0.06694511926226383
occlusion,evaluation,842,2,259,258,15,842,0.22453857951331885,0.0455894528158467
rise,evaluation,1000,-1,-1,-1,-1,1,0.2381873701064251,0.11216624616237852
lime,evaluation,1000,7,-1,-1,672,325,0.205754453157806,0.07678986733442339
kernelshap,evaluation,500,4,262,262,-1,263,0.013574332978973314,0.10257918941128996
occlusion,evaluation,842,2,259,258,20,842,0.2466109785728669,-0.06665786341784496
rise,evaluation,1000,-1,-1,-1,-1,1,-0.017590327067910028,0.018512087989074666
lime,evaluation,1000,13,-1,-1,-1,4,0.16231615947293676,0.02505580055621981
kernelshap,evaluation,500,3,-1,-1,123,441,0.14968098561930676,0.06213520866294853
occlusion,evaluation,842,2,259,258,17,842,-0.06907266974885717,0.09292092871910429
rise,evaluation,1000,-1,-1,-1,-1,1,0.17449763631886983,0.2560319014039123
lime,evaluation,1000,3,-1,-1,-1,484,0.03469720743484006,0.00162276751434548
kernelshap,evaluation,500,3,302,302,54,304,0.1689453809836891,0.04742338125943202
occlusion,evaluation,842,2,259,258,15,842,0.29071525811932586,0.2661249759417842
rise,evaluation,1000,-1,-1,-1,-1,1,0.3579525529308739,0.15938318513653937
lime,evaluation,1000,2,-1,-1,-1,997,0.00015703317185400412,0.15739731257781386
kernelshap,evaluation,500,3,259,258,-1,474,0.3187526647001505,0.49016367909498515
occlusion,evaluation,842,2,259,258,15,842,-0.12116693172138182,-0.046409052424132846
rise,evaluation,1000,-1,-1,-1,-1,1,0.30292969318106766,0.1273599570151418
lime,evaluation,1000,4,-1,-1,-1,981,0.45134903382286207,0.43353930488592596
kernelshap,evaluation,500,3,260,258,-1,488,0.29328223299889944,0.16474452450420363
occlusion,evaluation,842,2,259,258,16,842,0.32391472836352475,0.3820847416398465
rise,evaluation,1000,-1,-1,-1,-1,1,0.2154698926984565,-0.11414090043072067
lime,evaluation,1000,10,-1,-1,614,310,0.32868725358366646,-0.1683127716751187
kernelshap,evaluation,500,3,-1,-1,56,438,0.05378219029007597,0.18460826755181192
occlusion,evaluation,842,2,259,258,21,842,0.3080129197267525,0.2533899487447343
rise,evaluation,1000,-1,-1,-1,-1,1,0.14090976611005313,0.20295302381928193
lime,evaluation,1000,10,-1,-1,-1,428,0.20697510430875354,0.062416820610269486
kernelshap,evaluation,500,3,-1,-1,251,268,0.2369711032782334,0.11819793159402253
occlusion,evaluation,842,2,259,258,20,842,0.3776946342354336,0.10237628323939135
rise,evaluation,1000,-1,-1,-1,-1,1,0.08454739778933346,-0.265188507472044
lime,evaluation,1000,10,-1,-1,-1,7,0.3308770246178028,-0.054164399078581504
kernelshap,evaluation,500,4,-1,-1,135,316,-0.11992604715051125,0.24392132633365693
occlusion,evaluation,842,2,259,258,15,842,0.4716511994658503,-0.045371247973525874
rise,evaluation,1000,-1,-1,-1,-1,1,0.04667751398956166,-0.23620884303236378
lime,evaluation,1000,7,-1,-1,-1,813,0.4994724772594964,0.3380178861218155
kernelshap,evaluation,500,3,334,334,375,348,0.2444686344950242,0.09011028248351066
occlusion,evaluation,842,2,259,258,18,842,0.4412938760389806,0.4103366128692869
rise,evaluation,1000,-1,-1,-1,-1,1,0.2872360970518457,0.16515701482421719
lime,evaluation,1000,3,-1,-1,128,890,0.12630101133254357,0.2830088341572264
kernelshap,evaluation,500,3,-1,-1,-1,463,0.10347487608182748,0.24263740007936574
occlusion,evaluation,842,2,259,258,23,842,0.16358349074662326,0.05567798018364556
rise,evaluation,1000,-1,-1,-1,-1,1,0.03850457294338411,0.18891814461858303
lime,evaluation,1000,9,-1,-1,-1,93,0.31658496446907525,0.3659196327876998
kernelshap,evaluation,500,3,-1,-1,58,418,0.3503240567879402,0.38238716663913697
occlusion,evaluation,842,2,259,258,27,842,0.4491944296043584,0.2943002522923053
rise,evaluation,1000,-1,-1,-1,-1,1,0.2708339846027229,-0.08559555140491282
lime,evaluation,1000,3,-1,-1,-1,17,0.061424282755092485,-0.24960323453324235
kernelshap,evaluation,500,3,-1,-1,-1,276,-0.0071081895656561755,-0.34682154654983605
occlusion,evaluation,842,2,259,258,15,842,0.037130724499183976,-0.11474723973024081
rise,evaluation,1000,431,-1,-1,-1,1,0.15185309974567646,-0.3050951461353179
lime,evaluation,1000,8,-1,-1,-1,538,0.27235053586841784,0.11724689604106969
kernelshap,evaluation,500,3,-1,-1,150,426,0.19378070137640863,-0.1359303330329567
occlusion,evaluation,842,2,259,258,36,842,0.26443562816086796,0.1099146018085776
rise,evaluation,1000,930,-1,-1,-1,1,0.30849798317433397,0.15248410628300918
lime,evaluation,1000,6,-1,-1,-1,10,0.4394047326120927,0.05957149677769849
kernelshap,evaluation,500,4,-1,-1,-1,305,0.4213302057414694,0.09925699155710391
occlusion,evaluation,842,2,259,258,18,842,0.37651504287787246,0.0493746915120937
rise,evaluation,1000,-1,-1,-1,-1,1,0.3663873422889139,0.06590383421535079
lime,evaluation,1000,7,-1,-1,-1,660,0.38135766211432837,0.23135092710376737
kernelshap,evaluation,500,3,-1,-1,131,294,0.4970075217200247,0.22981592366331827
occlusion,evaluation,842,2,259,258,15,842,0.3869350279746868,0.09390090792207956
rise,evaluation,1000,-1,-1,-1,-1,1,0.3810188930339791,0.23390893655414402
lime,evaluation,1000,11,-1,-1,-1,400,0.3656805930539122,-0.0525473097363488
kernelshap,evaluation,500,3,-1,-1,96,332,0.29045265472004755,-0.36592878756083563
occlusion,evaluation,842,2,259,258,15,842,0.2408001338782924,-0.12947096379389222
rise,evaluation,1000,-1,-1,-1,-1,1,0.3491688821159187,0.03274331043321582
lime,evaluation,1000,8,-1,-1,-1,329,0.09674906760197927,0.09576758252223949
kernelshap,evaluation,500,3,-1,-1,-1,343,0.2121378304274686,0.437993777639349
occlusion,evaluation,842,2,259,258,22,842,0.3518248963646329,-0.08395661934046073
rise,evaluation,1000,-1,-1,-1,-1,1,0.1803688022508141,0.13739311491663098
lime,evaluation,1000,3,-1,-1,-1,586,0.15305479907265185,0.30251212854636833
kernelshap,evaluation,500,3,-1,-1,-1,259,0.30237072221643757,0.5171306714299135
occlusion,evaluation,842,2,259,258,15,842,0.37080413637959286,0.3491079295054078
rise,evaluation,1000,-1,-1,-1,-1,1,0.18520121219826247,0.37092712761368607
lime,evaluation,1000,6,-1,-1,-1,486,0.374017240907915,0.34828927202906923
kernelshap,evaluation,500,3,-1,-1,-1,259,0.41654753306065684,0.44605601526563987
occlusion,evaluation,842,2,259,258,16,842,0.16867259939172075,-0.17689604351762678
rise,evaluation,1000,-1,-1,-1,-1,1,0.38469042297547273,0.43736136906372847
lime,evaluation,1000,7,-1,-1,-1,37,0.30060371344804937,-0.02993169292379888
kernelshap,evaluation,500,3,-1,-1,90,391,0.0033472181416982494,-0.18754577300286995
occlusion,evaluation,842,2,259,258,18,842,0.2894297809173622,0.06396348080829278
rise,evaluation,1000,-1,-1,-1,-1,1,-0.04031873380397427,0.012366664195565147
lime,evaluation,1000,8,-1,-1,-1,22,0.2588259937372982,-0.20489285974772925
kernelshap,evaluation,500,3,-1,-1,-1,348,-0.00013635897788616402,-0.059854569211411496
occlusion,evaluation,842,2,259,258,20,842,0.27709628008206266,-0.07101470009987168
rise,evaluation,1000,768,-1,-1,-1,1,0.19000065756988604,-0.06851816779227668
lime,evaluation,1000,2,-1,-1,484,422,-0.028352014056201802,-0.015103031724947868
kernelshap,evaluation,500,4,-1,-1,249,295,0.13965685636874237,0.10130915769405813
occlusion,evaluation,842,2,259,258,15,842,0.12054336724727366,-0.13791287847250255
rise,evaluation,1000,-1,-1,-1,-1,1,0.10276878241634224,0.06692932246319283
lime,evaluation,1000,11,-1,-1,-1,154,0.21696485765041623,-0.1705170176072844
kernelshap,evaluation,500,3,-1,-1,-1,257,0.10071444507103139,-0.2267683902570031
occlusion,evaluation,842,2,259,258,15,842,0.2762833102604759,-0.13984794096143408
rise,evaluation,1000,-1,-1,-1,-1,1,0.2023130297457939,-0.03280284667052946
lime,evaluation,1000,3,-1,-1,276,967,0.25179498319370164,-0.048683494691067586
kernelshap,evaluation,500,3,260,258,110,451,-0.09528950378876289,0.006649528278649064
occlusion,evaluation,842,2,259,258,15,842,0.3630245336177381,0.1034999999494175
rise,evaluation,1000,977,-1,-1,-1,1,0.1733995486184995,0.04957981293337066
lime,evaluation,1000,2,-1,-1,-1,803,0.17543339458092078,-0.23099776098233632
kernelshap,evaluation,500,3,-1,-1,106,464,-0.012346275810568796,-0.1527086112400866
occlusion,evaluation,842,2,259,258,15,842,0.3408089452134846,-0.44398020088119666
rise,evaluation,1000,-1,-1,-1,-1,1,-0.058338283315515604,-0.21568962758915405
lime,evaluation,1000,6,-1,-1,-1,949,0.18125207128863963,0.04345504093771524
kernelshap,evaluation,500,3,-1,-1,135,457,0.031099173276425085,-0.12789708144682665
occlusion,evaluation,842,2,259,258,15,842,0.3864082867870706,0.25520926068238625
rise,evaluation,1000,-1,-1,-1,-1,1,0.028252174304861932,-0.04299156835477336
lime,evaluation,1000,4,-1,-1,379,345,0.020009701771209643,-0.17557862647083766
kernelshap,evaluation,500,3,-1,-1,163,391,-0.054412718582227626,-0.1613655683329142
occlusion,evaluation,842,2,259,258,20,842,0.025760927310534476,-0.21059139232297763
rise,evaluation,1000,-1,-1,-1,-1,1,0.01988196918051699,-0.1989314636547249
lime,evaluation,1000,5,-1,-1,446,376,0.22066751064676282,0.018765361055380236
kernelshap,evaluation,500,3,-1,-1,283,279,-0.0761416534640375,-0.23548169515306155
occlusion,evaluation,842,2,259,258,16,842,0.21401780915838342,-0.013444186868677821
rise,evaluation,1000,623,-1,-1,-1,1,0.2024069555782944,0.0083418331967971
lime,evaluation,1000,6,-1,-1,-1,802,0.03567305681675348,-0.08980904226218056
kernelshap,evaluation,500,5,-1,-1,142,392,-0.2793068943866558,-0.25593386926803807
occlusion,evaluation,842,2,259,258,15,842,0.13800259391005054,-0.26284685668417895
rise,evaluation,1000,-1,-1,-1,-1,1,0.19685504390811848,-0.005838307636840401
lime,fit,1000,3,-1,-1,90,463,0.2597290463279933,0.0018806725274771452
kernelshap,fit,500,3,259,258,-1,344,0.47929872389649975,0.19970984498504551
occlusion,fit,842,2,259,258,15,842,-0.05875495006330311,-0.08106595440767705
rise,fit,1000,-1,-1,-1,-1,1,0.21280610468238592,0.01804419740801677
lime,fit,1000,6,-1,-1,-1,602,0.09812095724046233,-0.42822743633259963
kernelshap,fit,500,3,261,258,-1,251,0.17175969121453816,-0.23544963208260017
occlusion,fit,842,2,259,258,21,842,0.33009174943435937,-0.40263716747504075
rise,fit,1000,-1,-1,-1,-1,1,-0.0325734802288935,-0.3805914738564752
lime,fit,1000,6,-1,-1,-1,837,-0.0045354452733647466,-0.2513494274212178
kernelshap,fit,500,3,-1,-1,139,435,0.16948171812700535,-0.1578614280010413
occlusion,fit,842,2,259,258,28,842,0.41064978200583935,0.02731303415048386
rise,fit,1000,-1,-1,-1,-1,1,0.2859777559767281,-0.11563060553512514
lime,fit,1000,5,-1,-1,-1,766,-0.2541945537634433,-0.5172192531561564
kernelshap,fit,500,4,-1,-1,-1,391,0.05689497868905846,-0.3608106224264702
occlusion,fit,842,2,259,258,22,842,0.12244186276214464,-0.5863749960498523
rise,fit,1000,581,-1,-1,-1,1,-0.012438175596207635,-0.6638730196602409
lime,fit,1000,16,-1,-1,222,244,0.21163656857197566,0.27261130538572614
kernelshap,fit,500,5,-1,-1,-1,435,0.30264383541398276,0.2269625850845841
occlusion,fit,842,2,259,258,38,842,0.35649517982819817,0.2883528315611329
rise,fit,1000,-1,-1,-1,-1,1,0.21287643764117092,0.26550124517225415
lime,fit,1000,5,-1,-1,169,464,0.5674893080766197,0.09615380457835276
kernelshap,fit,500,3,-1,-1,-1,270,0.43917504005949015,0.35638487879186864
occlusion,fit,842,2,259,258,15,842,0.25164807862038285,0.011405311780981697
rise,fit,1000,-1,-1,-1,-1,1,0.046706057130722956,-0.1109923564566998
lime,fit,1000,2,-1,-1,-1,477,0.20195993325851302,-0.2932224633980695
kernelshap,fit,500,3,-1,-1,-1,391,-0.16428624513678192,-0.512739036428161
occlusion,fit,842,2,259,258,48,842,0.33812493767254637,-0.08582053425718639
rise,fit,1000,-1,-1,-1,-1,1,0.06493562250352625,-0.2613220180602639
lime,fit,1000,6,-1,-1,-1,995,0.03710021942886216,-0.5452340621746771
kernelshap,fit,500,3,-1,-1,111,459,0.1475413693381597,0.1897387898468878
occlusion,fit,842,2,259,258,15,842,0.17063886341910572,-0.4110270564293955
rise,fit,1000,-1,-1,-1,-1,1,0.1360631285952877,-0.2308716174370602
lime,fit,1000,4,-1,-1,-1,601,-0.2619382538184709,0.08618686264380815
kernelshap,fit,500,3,259,258,232,416,-0.08132825918110032,-0.07928682360798123
occlusion,fit,842,2,259,258,29,842,0.3953479665899067,0.6329845421481878
rise,fit,1000,-1,-1,-1,-1,1,-0.025411568043000432,0.3324868468102068
lime,fit,1000,12,-1,-1,159,868,0.306770396372076,0.0449930732080972
kernelshap,fit,500,5,-1,-1,-1,263,0.235082011459599,0.0213896299310109
occlusion,fit,842,2,259,258,20,842,0.3400440351539885,0.21797184531278901
rise,fit,1000,-1,-1,-1,-1,1,0.2861677767579295,0.16930493307830619
lime,fit,1000,13,-1,-1,716,242,0.1276750433949701,0.5731824368708109
kernelshap,fit,500,3,-1,-1,-1,306,0.24148074143713955,0.39846967391796684
occlusion,fit,842,2,259,258,25,842,0.14585060456884094,0.5788182953971159
rise,fit,1000,-1,-1,-1,-1,1,0.21642199858374622,0.5786399614843617
lime,fit,1000,5,-1,-1,-1,762,0.20424659994860123,0.342226775961899
kernelshap,fit,500,3,-1,-1,310,338,0.360813598337154,0.6018289693470706
occlusion,fit,842,2,259,258,17,842,0.15743027004200483,0.3984921255681002
rise,fit,1000,-1,-1,-1,-1,1,0.2377476876837591,0.5772381795958609
lime,fit,1000,4,-1,-1,-1,648,0.2675127336711981,-0.18295432456814673
kernelshap,fit,500,3,-1,-1,-1,310,0.14697869531296454,-0.061280779174943956
occlusion,fit,842,2,259,258,16,842,0.3379420921750011,-0.1682231640727821
rise,fit,1000,888,-1,-1,-1,1,0.2150197163183577,0.04754545817460104
lime,fit,1000,8,-1,-1,-1,90,0.3310115832555539,-0.0064941782049277585
kernelshap,fit,500,3,-1,-1,391,290,0.0761861389818293,-0.015568827641673
occlusion,fit,842,2,259,258,18,842,0.3539049279199446,-0.3094834729431696
rise,fit,1000,-1,-1,-1,-1,1,0.12549928818847322,-0.04421077641324461
lime,fit,1000,8,-1,-1,488,793,0.16520302647917723,0.05021490554250932
kernelshap,fit,500,3,-1,-1,85,401,-0.23790814888675416,0.03766505812503451
occlusion,fit,842,2,259,258,16,842,0.13568516336459027,-0.23144776938722772
rise,fit,1000,-1,-1,-1,-1,1,-0.058100940719282346,0.05468299858584941
lime,fit,1000,3,-1,-1,-1,930,0.155330187292806,0.0983048772866141
kernelshap,fit,500,3,267,267,77,366,0.07543677393643977,0.06716230381570085
occlusion,fit,842,2,259,258,15,842,0.17948678053886907,0.055185296155355
rise,fit,1000,-1,-1,-1,-1,1,0.12347027161113644,-0.0049374832739431385
lime,fit,1000,3,-1,-1,434,886,-0.04622266761850824,-0.3857033839172345
kernelshap,fit,500,4,-1,-1,61,248,0.06882583162438605,-0.399807375640637
occlusion,fit,842,2,259,258,15,842,0.3003535359894727,-0.20798747182035415
rise,fit,1000,-1,-1,-1,-1,1,0.12306098437524043,-0.021795692516707266
lime,calibration,1000,2,-1,-1,129,512,0.16376354368403556,0.2980399439111352
kernelshap,calibration,500,3,-1,-1,-1,454,0.2580286256736144,0.18586456398479645
occlusion,calibration,842,2,259,258,16,842,0.4658824956859462,0.10215178087819365
rise,calibration,1000,-1,-1,-1,-1,1,0.05148183275014162,-0.0683904086705297
lime,calibration,1000,4,-1,-1,-1,482,-0.16119565493427213,-0.45641589613132966
kernelshap,calibration,500,3,277,277,328,240,0.30381164895370605,0.13131672097442793
occlusion,calibration,842,2,259,258,15,842,-0.12684493900487726,-0.3936231573019541
rise,calibration,1000,925,-1,-1,-1,1,-0.0474028417665977,-0.2251513642248028
lime,calibration,1000,7,-1,-1,631,451,-0.027972982136429902,-0.12937656295169975
kernelshap,calibration,500,3,-1,-1,149,428,0.02160515746135727,0.0072003807877990544
occlusion,calibration,842,2,259,258,21,842,-0.19308017952465945,-0.43845474687047953
rise,calibration,1000,-1,-1,-1,-1,1,0.0684679588951781,-0.4648731641785616
lime,calibration,1000,7,-1,-1,332,424,0.09562134024347413,-0.13322564427898553
kernelshap,calibration,500,5,-1,-1,86,439,0.21150819667142073,-0.10065324110908591
occlusion,calibration,842,2,259,258,16,842,0.1975635667728966,-0.5254488142453113
rise,calibration,1000,-1,-1,-1,-1,1,0.19511627485290006,-0.09630515076041635
lime,calibration,1000,8,-1,-1,-1,2,0.21272028808987214,0.1836907876224359
kernelshap,calibration,500,3,-1,-1,-1,238,0.0519411941572116,0.17033231922596315
occlusion,calibration,842,2,259,258,20,842,0.15434965614922475,0.07625617864796369
rise,calibration,1000,572,-1,-1,-1,1,0.16560967436589635,0.09065515941365448
lime,calibration,1000,13,-1,-1,-1,47,0.40925669437792744,-0.14278129172043919
kernelshap,calibration,500,3,360,360,-1,269,-0.14118924888316542,-0.309188780403565
occlusion,calibration,842,2,259,258,15,842,0.4497429489856586,-0.1276094295344592
rise,calibration,1000,-1,-1,-1,-1,1,0.3100463998751366,-0.309499147954557
lime,calibration,1000,5,-1,-1,352,459,-0.015998502937145553,-0.48419034373691827
kernelshap,calibration,500,3,-1,-1,227,457,0.29462696310583847,-0.21995253021786992
occlusion,calibration,842,2,259,258,15,842,0.42355285034573176,-0.022665359823622555
rise,calibration,1000,-1,-1,-1,-1,1,-0.11167604491201932,-0.3989722481117042
lime,calibration,1000,4,-1,-1,89,938,0.17710070953362445,0.29469098292611307
kernelshap,calibration,500,3,-1,-1,-1,380,0.12103605210213575,0.5100572346244008
occlusion,calibration,842,2,259,258,25,842,0.14513020455360676,0.14120559001603394
rise,calibration,1000,-1,-1,-1,-1,1,0.14119060603679828,0.30056497862678955
lime,calibration,1000,4,-1,-1,655,991,-0.06080276994457562,-0.24166034461677555
kernelshap,calibration,500,3,260,258,28,436,0.159381968753587,-0.15227677888096877
occlusion,calibration,842,2,259,258,15,842,0.5433138789828262,0.18787468970681404
rise,calibration,1000,-1,-1,-1,-1,1,0.2286390609686464,-0.2170466116863281
lime,calibration,1000,11,-1,-1,-1,523,0.31386900625648195,0.16072088102796445
kernelshap,calibration,500,3,-1,-1,-1,364,0.43656436714245506,0.14173558779498308
occlusion,calibration,842,2,259,258,15,842,0.4160502796847141,0.21215670872672943
rise,calibration,1000,-1,-1,-1,-1,1,0.20792775985896694,0.08515598459848661
lime,calibration,1000,7,-1,-1,56,1000,-0.09769959834266045,0.21128474521101448
kernelshap,calibration,500,3,-1,-1,45,472,0.15040541079843023,0.5033292363397777
occlusion,calibration,842,2,259,258,18,842,0.29534644307987035,0.25669906836992595
rise,calibration,1000,-1,-1,-1,-1,1,0.19671851257187428,0.5144821496214718
lime,calibration,1000,2,-1,-1,-1,856,0.2771009297604905,0.13838991651427934
kernelshap,calibration,500,3,-1,-1,99,443,0.4563323620681331,0.6011214775644476
occlusion,calibration,842,2,259,258,17,842,0.42860874239340774,0.44607291570864616
rise,calibration,1000,-1,-1,-1,-1,1,0.32343573006583026,0.5586929610639345
lime,calibration,1000,7,-1,-1,238,458,0.0948066910972557,-0.05471284244994534
kernelshap,calibration,500,3,-1,-1,48,254,-0.04448241827035987,-0.23593225352462915
occlusion,calibration,842,2,259,258,19,842,-0.05689898188364284,-0.25242295250290747
rise,calibration,1000,-1,-1,-1,-1,1,0.10270865390224343,0.07266916559797709
lime,calibration,1000,12,-1,-1,988,434,0.27074439609313716,-0.2254773458802859
kernelshap,calibration,500,3,-1,-1,343,244,-0.05077582276268233,-0.14853703115410893
occlusion,calibration,842,2,259,258,20,842,0.17254257356571434,-0.35215723385242087
rise,calibration,1000,-1,-1,-1,-1,1,0.3280033111553159,0.08734646394777884
lime,calibration,1000,6,-1,-1,143,497,0.21140893249463488,0.6098226715467263
kernelshap,calibration,500,3,-1,-1,220,309,-0.05108793258135619,0.5936139860787989
occlusion,calibration,842,2,259,258,15,842,0.324263344629378,0.6246389991996238
rise,calibration,1000,-1,-1,-1,-1,1,-0.020116715599473867,0.5184431406246859
lime,calibration,1000,4,-1,-1,390,229,0.12102105572597566,-0.2145885549616679
kernelshap,calibration,500,3,-1,-1,183,418,-0.07021268168055028,-0.2208228029931455
occlusion,calibration,842,2,259,258,37,842,0.1011346902914056,-0.2506893156345356
rise,calibration,1000,-1,-1,-1,-1,1,-0.03683889387900763,-0.3007698359741653
lime,calibration,1000,6,-1,-1,388,399,0.1579376659480829,0.06478683118696155
kernelshap,calibration,500,3,-1,-1,91,264,-0.3151803304386931,-0.2561620082012098
occlusion,calibration,842,2,259,258,30,842,0.32319749399048303,-0.3700584840090215
rise,calibration,1000,395,-1,-1,-1,1,0.20116741176595954,0.08655992995632006
lime,evaluation,1000,2,-1,-1,-1,987,-0.11080666249617932,-0.01925937505438924
kernelshap,evaluation,500,3,317,317,178,275,-0.08660216070711613,0.11818868592381482
occlusion,evaluation,842,2,259,258,19,842,0.0427548347972333,-0.01241790577769275
rise,evaluation,1000,-1,-1,-1,-1,1,0.007372907549142882,0.26196263879537585
lime,evaluation,1000,4,-1,-1,541,779,-0.0753368077683263,-0.249232619041868
kernelshap,evaluation,500,3,379,379,359,310,0.11392712430097163,-0.2999561921744316
occlusion,evaluation,842,2,259,258,15,842,0.1026994928251952,-0.10529430234455506
rise,evaluation,1000,-1,-1,-1,-1,1,0.052029395336285256,-0.16664648372097868
lime,evaluation,1000,7,-1,-1,-1,896,-0.09234039260190907,-0.49157366300860306
kernelshap,evaluation,500,3,-1,-1,-1,306,0.18498518744017933,0.1699558949112543
occlusion,evaluation,842,2,259,258,17,842,0.12532733052648837,-0.4413092786402558
rise,evaluation,1000,-1,-1,-1,-1,1,-0.007429078221321106,-0.42783556687172675
lime,evaluation,1000,8,-1,-1,621,129,0.22708489271226429,-0.11801167825178704
kernelshap,evaluation,500,3,-1,-1,72,247,0.22503575934897524,0.14514544829726217
occlusion,evaluation,842,2,259,258,16,842,0.14567074482869202,0.17476678145467306
rise,evaluation,1000,343,-1,-1,-1,1,0.020217160393258382,0.22227809831965717
lime,evaluation,1000,6,-1,-1,429,760,0.16915169056907187,-0.32722563502316004
kernelshap,evaluation,500,4,-1,-1,-1,228,0.25053802772999917,-0.18175245842468257
occlusion,evaluation,842,2,259,258,15,842,0.23998012854994477,-0.0036322672300471703
rise,evaluation,1000,-1,-1,-1,-1,1,0.08492069671369296,-0.3956619202359434
lime,evaluation,1000,11,-1,-1,-1,687,0.21671717221427966,-0.08890270450177978
kernelshap,evaluation,500,3,-1,-1,136,435,0.21055737581375522,-0.10131684625122406
occlusion,evaluation,842,2,259,258,24,842,0.10311613648084117,-0.23598160577554383
rise,evaluation,1000,-1,-1,-1,-1,1,0.16207937840593156,-0.15808393086024353
lime,evaluation,1000,4,-1,-1,-1,61,0.08337976126802571,-0.4747630792458949
kernelshap,evaluation,500,3,-1,-1,276,286,0.0715318532028959,-0.2525718874205268
occlusion,evaluation,842,2,259,258,28,842,-0.12845730143894796,-0.4340928342774532
rise,evaluation,1000,203,-1,-1,-1,1,-0.02684666441632122,-0.39593870414396404
lime,evaluation,1000,17,-1,-1,167,421,0.13560104037144355,0.43996133053005904
kernelshap,evaluation,500,3,-1,-1,484,386,0.08271844980863535,0.44391735217168393
occlusion,evaluation,842,2,259,258,16,842,0.016545590737950977,0.18234236727585085
rise,evaluation,1000,-1,-1,-1,-1,1,-0.019792679983765993,0.12065894199622562
lime,evaluation,1000,4,-1,-1,564,539,0.1952760717496858,-0.09172426060413275
kernelshap,evaluation,500,3,-1,-1,43,251,0.23052025691263223,0.14540686259290397
occlusion,evaluation,842,2,259,258,20,842,0.22111117203894537,0.08539438428460927
rise,evaluation,1000,-1,-1,-1,-1,1,-0.15687887631684133,0.16254372507360132
lime,evaluation,1000,9,-1,-1,-1,16,0.41619105124482303,0.12736177840924934
kernelshap,evaluation,500,3,259,258,-1,422,0.3408540785959303,0.5388661282107933
occlusion,evaluation,842,2,259,258,16,842,0.39953119803903975,0.2333760085879476
rise,evaluation,1000,-1,-1,-1,-1,1,0.17242336382187207,0.287720208495557
lime,evaluation,1000,9,-1,-1,126,950,0.35535669257678815,-0.4382899841672042
kernelshap,evaluation,500,3,-1,-1,284,460,-0.17677655692068583,-0.18421763826045207
occlusion,evaluation,842,2,259,258,17,842,0.524959404062588,-0.2806011904467596
rise,evaluation,1000,-1,-1,-1,-1,1,0.2206070391715912,-0.3899051851709373
lime,evaluation,1000,7,-1,-1,179,897,0.572573611475218,0.4896402969607152
kernelshap,evaluation,500,3,-1,-1,-1,263,-0.06176007668582317,0.19728047191165388
occlusion,evaluation,842,2,259,258,18,842,0.4842217658534992,0.17039594886591658
rise,evaluation,1000,-1,-1,-1,-1,1,0.3361686635222213,0.31907140717376026
lime,evaluation,1000,9,-1,-1,-1,5,0.08372840954689309,-0.21143258139782117
kernelshap,evaluation,500,3,-1,-1,180,384,0.09669098217273131,-0.024864433790935447
occlusion,evaluation,842,2,259,258,68,842,0.22789014813461106,-0.3865128188208473
rise,evaluation,1000,990,-1,-1,-1,1,0.0452656341018155,-0.3302634985082477
lime,evaluation,1000,6,-1,-1,-1,388,-0.22125352149050737,0.14005153090693057
kernelshap,evaluation,500,4,-1,-1,71,473,0.32364026290404124,0.5552817352581769
occlusion,evaluation,842,2,259,258,16,842,0.5401408624758005,0.7123573433840648
rise,evaluation,1000,-1,-1,-1,-1,1,0.4075976124893259,0.5079129580408335
lime,evaluation,1000,17,-1,-1,-1,39,0.24571127613766636,0.22523710227208082
kernelshap,evaluation,500,3,-1,-1,162,361,0.26640816389381144,0.2817971302254875
occlusion,evaluation,842,2,259,258,15,842,0.10326350575835475,0.2281837158365022
rise,evaluation,1000,432,-1,-1,-1,1,0.14859521231607575,0.276006291470037
lime,evaluation,1000,2,-1,-1,728,355,0.2929260754903339,0.27900584798262573
kernelshap,evaluation,500,3,-1,-1,124,426,0.09374540741275722,0.16751383885748505
occlusion,evaluation,842,2,259,258,19,842,0.35922958054338777,0.4018183654750829
rise,evaluation,1000,-1,-1,-1,-1,1,0.059028444901696286,0.3214332594933922
lime,evaluation,1000,7,-1,-1,-1,888,0.002126114051543504,0.20734115303694123
kernelshap,evaluation,500,3,-1,-1,96,473,0.3055884231982418,0.6004785260614881
occlusion,evaluation,842,2,259,258,17,842,0.22225787654952,0.4659131477943447
rise,evaluation,1000,-1,-1,-1,-1,1,0.07138874440825022,0.418613564921543
lime,evaluation,1000,7,-1,-1,749,130,0.19758007323302995,-0.17052404914171576
kernelshap,evaluation,500,3,-1,-1,67,282,-0.035524044796670706,-0.33786959179922177
occlusion,evaluation,842,2,259,258,15,842,0.2915964933769828,-0.08350626666742755
rise,evaluation,1000,-1,-1,-1,-1,1,0.49329608015314075,-0.23762939510557998
lime,evaluation,1000,10,-1,-1,-1,468,0.36870031927101077,-0.07591918230953283
kernelshap,evaluation,500,3,416,416,118,287,0.21629981426813172,-0.13016991424779292
occlusion,evaluation,842,2,259,258,21,842,0.43449930188203323,-0.12327850668521592
rise,evaluation,1000,-1,-1,-1,-1,1,0.35223258442420047,-0.11672834360261071
lime,evaluation,1000,2,-1,-1,-1,946,0.29912644037758584,0.0006170075172121647
kernelshap,evaluation,500,4,-1,-1,-1,338,0.36199934927490174,0.03056354297514191
occlusion,evaluation,842,2,259,258,15,842,0.5647229501373658,-0.23582541113410116
rise,evaluation,1000,-1,-1,-1,-1,1,0.3900031276184108,-0.06894684483395394
lime,evaluation,1000,2,-1,-1,517,961,0.2841351098451923,0.5907309420355886
kernelshap,evaluation,500,3,-1,-1,316,470,0.3278668936518443,0.6210928327702276
occlusion,evaluation,842,2,259,258,24,842,0.35888985279907504,0.14392928673769345
rise,evaluation,1000,-1,-1,-1,-1,1,0.204869394124853,0.6661571552787791
lime,evaluation,1000,5,-1,-1,516,991,-0.2534268984745722,-0.03830834140535444
kernelshap,evaluation,500,3,-1,-1,31,365,0.38043335336842576,0.4938818595721386
occlusion,evaluation,842,2,259,258,46,842,0.11585139003436784,0.28874226347543297
rise,evaluation,1000,-1,-1,-1,-1,1,0.2453881163426559,0.5050775117240847
lime,evaluation,1000,6,-1,-1,476,860,0.05951585979602214,0.5290799156141247
kernelshap,evaluation,500,3,-1,-1,-1,266,0.21964446244965075,0.721346494425734
occlusion,evaluation,842,2,259,258,29,842,0.17351401631249247,0.5420515067841862
rise,evaluation,1000,-1,-1,-1,-1,1,0.19256308414401246,0.6815088431739695
lime,evaluation,1000,7,-1,-1,-1,872,0.2355347630425058,-0.08372834700951726
kernelshap,evaluation,500,3,-1,-1,-1,385,0.06582400914489028,-0.04220361580567267
occlusion,evaluation,842,2,259,258,42,842,0.3017788392805887,0.33567009225762523
rise,evaluation,1000,-1,-1,-1,-1,1,-0.041932124606057664,0.10505904708323466
lime,evaluation,1000,4,-1,-1,-1,132,0.11140924875027025,-0.20294984482605471
kernelshap,evaluation,500,3,-1,-1,45,452,0.20259636099822276,-0.04269700145719779
occlusion,evaluation,842,2,259,258,15,842,0.32253842819384315,-0.11030275803489645
rise,evaluation,1000,-1,-1,-1,-1,1,0.2371522587250638,-0.0005976733871388973
lime,evaluation,1000,7,-1,-1,-1,943,0.04365161065560419,-0.37529562333311334
kernelshap,evaluation,500,3,-1,-1,350,327,-0.01604942345102528,-0.15358260448647343
occlusion,evaluation,842,2,259,258,17,842,0.16087629515927804,-0.5390939501530283
rise,evaluation,1000,-1,-1,-1,-1,1,0.1698056738871856,-0.2692326592865129
lime,evaluation,1000,4,-1,-1,-1,9,0.2356035732754435,0.08781328115353515
kernelshap,evaluation,500,3,272,258,103,273,-0.12270953164297682,-0.14660503259688085
occlusion,evaluation,842,2,259,258,30,842,0.22884484855067055,-0.05256451934517942
rise,evaluation,1000,789,-1,-1,-1,1,0.31036545549749806,0.018599058497784426
lime,evaluation,1000,2,-1,-1,97,956,0.3093611729524355,0.1737513096200928
kernelshap,evaluation,500,4,-1,-1,71,465,0.12994813603645528,0.1641248429891931
occlusion,evaluation,842,2,259,258,24,842,0.21219741502340242,0.23685949663303063
rise,evaluation,1000,-1,-1,-1,-1,1,0.0911655266640693,0.1382928168730132
lime,evaluation,1000,3,-1,-1,104,480,0.37421738985105435,0.35191692782879047
kernelshap,evaluation,500,3,259,258,-1,355,0.2489027699904341,0.4130155903900231
occlusion,evaluation,842,2,259,258,15,842,0.40036137574605846,0.4558273885432754
rise,evaluation,1000,-1,-1,-1,-1,1,-0.050716789836053544,0.18382551719237195
lime,evaluation,1000,5,-1,-1,169,461,0.2917191340141244,0.6011174823851434
kernelshap,evaluation,500,3,-1,-1,70,274,0.39831127855378556,0.5678957548030666
occlusion,evaluation,842,2,259,258,15,842,0.33891080851713584,0.6029286454760268
rise,evaluation,1000,-1,-1,-1,-1,1,0.14296901890054414,0.35434309389238483
lime,evaluation,1000,11,-1,-1,974,45,0.27271680624571104,0.06028419058955059
kernelshap,evaluation,500,3,-1,-1,-1,317,0.08219691609814961,-0.1317277158839579
occlusion,evaluation,842,2,259,258,40,842,0.44870959129398214,0.08660454252127464
rise,evaluation,1000,-1,-1,-1,-1,1,0.2791523830904225,0.14371841408591327
lime,evaluation,1000,6,-1,-1,-1,966,-0.18684518368538078,-0.30838431825753787
kernelshap,evaluation,500,4,-1,-1,44,476,-0.2809274230284416,-0.2821434474405521
occlusion,evaluation,842,2,259,258,15,842,0.23897641786643364,0.12831238042470544
rise,evaluation,1000,-1,-1,-1,-1,1,0.11864588415664912,0.005022315117895471
lime,evaluation,1000,3,-1,-1,-1,859,0.2808509570343574,-0.06149590239920072
kernelshap,evaluation,500,3,317,317,128,451,0.14693022300197073,-0.043285063205189545
occlusion,evaluation,842,2,259,258,22,842,0.16619503049635187,-0.12197297184636255
rise,evaluation,1000,-1,-1,-1,-1,1,0.056206269036556455,0.06658559326110663
lime,fit,1000,4,-1,-1,153,255,-0.08934024244081229,0.21684231511317198
kernelshap,fit,500,3,260,258,258,298,0.0813061282620765,0.3202041695825756
occlusion,fit,842,2,259,258,15,842,0.2079339230898768,0.04609638934489335
rise,fit,1000,-1,-1,-1,-1,1,0.03627556856372394,0.17038417975418274
lime,fit,1000,4,-1,-1,-1,505,-0.02659902126033553,0.20136657667171676
kernelshap,fit,500,3,271,258,38,489,0.590155183756724,0.5489927714959777
occlusion,fit,842,2,259,258,15,842,-0.013110389757639451,-0.1750874990746979
rise,fit,1000,-1,-1,-1,-1,1,0.21208919901400802,0.3384436644773814
lime,fit,1000,16,-1,-1,-1,4,0.1025205626537854,-0.23848636717129637
kernelshap,fit,500,3,-1,-1,299,387,0.30704654346865323,0.009782834498452075
occlusion,fit,842,2,259,258,15,842,0.19118830317215157,-0.006482469595593454
rise,fit,1000,-1,-1,-1,-1,1,0.21161925893941314,-0.1501517960118548
lime,fit,1000,8,-1,-1,-1,322,0.152800949378684,-0.028241930269044258
kernelshap,fit,500,4,-1,-1,115,256,0.22868450701485016,-0.07305719991649084
occlusion,fit,842,2,259,258,33,842,0.0425650132863723,-0.4106305406023353
rise,fit,1000,-1,-1,-1,-1,1,0.04483415559370768,-0.1750540025791395
lime,fit,1000,3,-1,-1,-1,986,0.24486144550028255,0.164045154908672
kernelshap,fit,500,3,293,293,397,347,0.15337759497924708,0.30078931228490546
occlusion,fit,842,2,259,258,95,842,0.19567042680573654,0.20666512253228575
rise,fit,1000,792,-1,-1,-1,1,0.16103265031455294,0.38751890655257737
lime,fit,1000,2,-1,-1,319,132,0.26986321674175995,0.5092240605459665
kernelshap,fit,500,3,-1,-1,240,332,0.15957788591435929,0.03546501829259796
occlusion,fit,842,2,259,258,15,842,0.24406937357998681,0.30330292136709436
rise,fit,1000,-1,-1,-1,-1,1,0.2877316733987755,-0.001895706431878308
lime,fit,1000,7,-1,-1,-1,991,0.4171391523581406,0.05715231878029953
kernelshap,fit,500,3,-1,-1,-1,486,-0.098418909359134,-0.46485571319572044
occlusion,fit,842,2,259,258,29,842,0.5717026976621128,-0.002133293755764487
rise,fit,1000,-1,-1,-1,-1,1,-0.07579964977630882,-0.3877596924015506
lime,fit,1000,5,-1,-1,-1,492,-0.024478481683288866,-0.1415280180881382
kernelshap,fit,500,4,-1,-1,130,453,0.1749529458751311,-0.03912641075366996
occlusion,fit,842,2,259,258,15,842,0.4290611745895546,0.31122783091518613
rise,fit,1000,-1,-1,-1,-1,1,0.12949231223373092,-0.22342881157983352
lime,fit,1000,5,-1,-1,-1,1000,-0.0510402066684037,0.2080006750300527
kernelshap,fit,500,3,-1,-1,-1,262,-0.02421850610189724,0.10045042634010315
occlusion,fit,842,2,259,258,15,842,-0.06270872667319055,0.0097097959369421
rise,fit,1000,-1,-1,-1,-1,1,0.03444479028647718,0.09676764439791441
lime,fit,1000,6,-1,-1,-1,4,0.10357627874800529,-0.49112032275494355
kernelshap,fit,500,3,-1,-1,303,339,0.2938560842209881,-0.07529085249204853
occlusion,fit,842,2,259,258,15,842,0.3590223613879971,0.04242184073657429
rise,fit,1000,860,-1,-1,-1,1,0.25252441353632094,-0.06695018082527893
lime,fit,1000,5,-1,-1,-1,724,0.0827808931092136,0.4949860696013758
kernelshap,fit,500,3,-1,-1,140,385,0.08431586573394723,0.5936393121519472
occlusion,fit,842,2,259,258,18,842,0.23934066049905595,0.5910805657258251
rise,fit,1000,-1,-1,-1,-1,1,0.13163609608327534,0.6391749054407455
lime,fit,1000,6,-1,-1,578,971,0.1985391706121561,0.6333496342278522
kernelshap,fit,500,3,-1,-1,54,421,0.17174236737118917,0.8233597313171686
occlusion,fit,842,2,259,258,16,842,0.23717011437760221,0.7573927862594019
rise,fit,1000,-1,-1,-1,-1,1,0.1525414660202614,0.7505546901105845
lime,fit,1000,13,-1,-1,-1,3,0.15854284844513133,-0.10791332282335586
kernelshap,fit,500,3,-1,-1,119,392,0.051725767344942164,-0.06413258797026627
occlusion,fit,842,2,259,258,29,842,0.15928488589113388,0.025481965420874553
rise,fit,1000,-1,-1,-1,-1,1,0.1409502323014749,0.11828799282163799
lime,fit,1000,8,-1,-1,221,962,0.17443637453172445,-0.2047256890437893
kernelshap,fit,500,4,-1,-1,67,477,-0.0056908315507598894,-0.3427854648884477
occlusion,fit,842,2,259,258,21,842,0.21474143197237938,-0.17620027528110993
rise,fit,1000,-1,-1,-1,-1,1,0.33570059702070265,-0.13596397859973874
lime,fit,1000,3,-1,-1,-1,866,0.17985189164483018,-0.07713568847830177
kernelshap,fit,500,3,259,258,183,433,-0.11708380468717228,0.07257469309843145
occlusion,fit,842,2,259,258,16,842,0.31245619411065495,-0.10502560939203254
rise,fit,1000,-1,-1,-1,-1,1,0.25071982570250384,0.29045429312827764
lime,fit,1000,5,-1,-1,-1,367,0.23152704448752387,0.19021305343484202
kernelshap,fit,500,3,285,285,352,280,0.35966736198611216,0.3497266075559805
occlusion,fit,842,2,259,258,16,842,0.24041190720490702,0.17089967256486116
rise,fit,1000,-1,-1,-1,-1,1,0.33969273170748265,0.33539169559624893
lime,fit,1000,5,-1,-1,-1,5,0.15330985352034077,-0.037764931266707435
kernelshap,fit,500,3,260,258,339,341,-0.012941243508930722,-0.20314952390692725
occlusion,fit,842,2,259,258,37,842,0.12515869447288425,-0.12557989609144898
rise,fit,1000,-1,-1,-1,-1,1,0.13785606179149568,0.05981658641381954
lime,calibration,1000,5,-1,-1,-1,974,-0.004187805018318613,-0.1943331998365465
kernelshap,calibration,500,4,-1,-1,-1,487,0.4859087455850386,0.488744643438622
occlusion,calibration,842,2,259,258,21,842,0.2580846340679727,0.096630247333087
rise,calibration,1000,-1,-1,-1,-1,1,0.345122308502232,0.4092128528855028
lime,calibration,1000,7,-1,-1,97,498,-0.05962032013776475,0.030386180622736014
kernelshap,calibration,500,4,332,332,-1,386,0.42157415575784396,0.18609907713835128
occlusion,calibration,842,2,259,258,15,842,0.08819307794328779,0.3028972515450732
rise,calibration,1000,710,-1,-1,-1,1,0.16245673394296323,0.0915393892049906
lime,calibration,1000,9,-1,-1,261,423,0.2342764098513328,-0.41298767575398687
kernelshap,calibration,500,4,-1,-1,80,457,0.15485214446001694,-0.3781131321919702
occlusion,calibration,842,2,259,258,26,842,-0.07365178747343182,-0.5288955828268793
rise,calibration,1000,-1,-1,-1,-1,1,0.24855211046569825,-0.2779780097608947
lime,calibration,1000,3,-1,-1,360,977,0.45617443422815995,0.5623366246683872
kernelshap,calibration,500,4,259,258,116,456,0.11523598761123144,0.22082945297588596
occlusion,calibration,842,2,259,258,42,842,0.39972706005792136,0.3218177526141517
rise,calibration,1000,-1,-1,-1,-1,1,0.1783882595598698,0.34526395695429524
lime,calibration,1000,7,-1,-1,802,76,0.34793328234663934,-0.03799790485413723
kernelshap,calibration,500,3,-1,-1,141,241,0.21456772902838567,0.09533357026367639
occlusion,calibration,842,2,259,258,15,842,0.12169529485217934,-0.05713297969355152
rise,calibration,1000,591,-1,-1,-1,1,0.2060183219648024,0.0475436350723612
lime,calibration,1000,4,-1,-1,710,478,0.26885549784055907,-0.23421886009309678
kernelshap,calibration,500,3,-1,-1,39,456,0.024276653747074328,-0.12702907017119291
occlusion,calibration,842,2,259,258,25,842,0.2833074257421686,-0.15742486410017587
rise,calibration,1000,455,-1,-1,-1,1,-0.0030772866331971738,-0.3541789462873567
lime,calibration,1000,4,-1,-1,667,148,0.33061257530935106,-0.13659594108476086
kernelshap,calibration,500,3,-1,-1,79,300,0.5944180968872388,0.08741065245603752
occlusion,calibration,842,2,259,258,19,842,0.2141429267299827,-0.21181246830310557
rise,calibration,1000,-1,-1,-1,-1,1,0.17802231006789948,-0.3267254857953958
lime,calibration,1000,9,-1,-1,213,591,0.4441036568012805,-0.09659335463984464
kernelshap,calibration,500,3,297,297,368,486,0.1922381087937538,0.2608840473822056
occlusion,calibration,842,2,259,258,39,842,0.23843248098733055,-0.281283656492451
rise,calibration,1000,861,-1,-1,-1,1,0.3427279873088992,0.211506488726809
lime,calibration,1000,4,-1,-1,-1,494,0.46198520158391143,0.06826421676958602
kernelshap,calibration,500,3,-1,-1,-1,292,0.510140546556886,0.07766925975390676
occlusion,calibration,842,2,259,258,15,842,0.3688641503806138,0.03985012996354556
rise,calibration,1000,595,-1,-1,-1,1,0.3976934184545826,0.06494622519380186
lime,calibration,1000,5,-1,-1,756,266,0.31196851527638503,-0.16407715326659797
kernelshap,calibration,500,3,-1,-1,183,298,0.22166750325939122,-0.21935559447962305
occlusion,calibration,842,2,259,258,17,842,0.3555521159724776,-0.04953240676660223
rise,calibration,1000,-1,-1,-1,-1,1,0.22244304201994963,-0.16393939818032663
lime,calibration,1000,3,-1,-1,-1,820,0.14708473067083788,0.6584498651345712
kernelshap,calibration,500,3,-1,-1,-1,462,0.12622556406312951,0.6542972220264118
occlusion,calibration,842,2,259,258,17,842,0.17348766099201213,0.49911051186703614
rise,calibration,1000,-1,-1,-1,-1,1,0.16875153880170046,0.5573669372060976
lime,calibration,1000,11,-1,-1,731,608,0.13973791076506928,0.40743476129539435
kernelshap,calibration,500,3,-1,-1,47,394,0.20541604149549642,0.6609528123933159
occlusion,calibration,842,2,259,258,15,842,0.10205884482222985,0.6043367607246182
rise,calibration,1000,-1,-1,-1,-1,1,0.15076735111309886,0.6200373563672656
lime,calibration,1000,11,-1,-1,517,97,0.17789887707666097,-0.029227648623216862
kernelshap,calibration,500,3,260,258,374,298,-0.12692340726167173,-0.16210561792331324
occlusion,calibration,842,2,259,258,15,842,0.21327231837162086,-0.035566845943561964
rise,calibration,1000,-1,-1,-1,-1,1,0.13525724315658183,0.041921422689659926
lime,calibration,1000,7,-1,-1,-1,980,0.37766051015246377,-0.3956023729715753
kernelshap,calibration,500,3,-1,-1,179,468,0.004701179154177726,-0.05717584144954346
occlusion,calibration,842,2,259,258,16,842,0.2763231240511971,-0.24271759029907114
rise,calibration,1000,-1,-1,-1,-1,1,0.23367753508147188,-0.09661978316389652
lime,calibration,1000,6,-1,-1,-1,447,-0.07451536916942131,0.15745174211715496
kernelshap,calibration,500,3,-1,-1,72,401,0.06857299019541185,0.3822963761945175
occlusion,calibration,842,2,259,258,15,842,0.4576867848944943,0.671322715068618
rise,calibration,1000,-1,-1,-1,-1,1,0.07074445514513172,0.1630300891590195
lime,calibration,1000,12,-1,-1,-1,60,0.23649478371397664,-0.06780174924001442
kernelshap,calibration,500,3,451,451,162,401,0.10193027607215299,-0.22869912834302042
occlusion,calibration,842,2,259,258,18,842,0.06100262729814854,-0.18622628559225873
rise,calibration,1000,-1,-1,-1,-1,1,0.24692337716171553,-0.3119734710155413
lime,calibration,1000,11,-1,-1,218,797,0.30313810650343387,-0.09398763451397371
kernelshap,calibration,500,3,-1,-1,75,463,-0.28334455866757935,-0.44398631572639646
occlusion,calibration,842,2,259,258,21,842,0.37016663603826316,0.13462459862687054
rise,calibration,1000,-1,-1,-1,-1,1,0.21794411526557267,0.011931955739022448
lime,evaluation,1000,5,-1,-1,-1,916,-0.03832855182699857,-0.15151824784115886
kernelshap,evaluation,500,3,318,318,120,455,0.054546247201506026,-0.008391654584556818
occlusion,evaluation,842,2,259,258,18,842,-0.09969668186968195,-0.13687712500104676
rise,evaluation,1000,853,-1,-1,-1,1,0.034742861357517585,-0.09658191974740471
lime,evaluation,1000,3,-1,-1,-1,518,-0.3036252087893786,-0.42242516280173276
kernelshap,evaluation,500,3,259,258,-1,294,0.2742255520103981,-0.018993554968824378
occlusion,evaluation,842,2,259,258,19,842,0.04662506597014726,-0.4323672108609003
rise,evaluation,1000,-1,-1,-1,-1,1,0.4728000877814338,0.08835108365315136
lime,evaluation,1000,4,-1,-1,568,458,-0.1062417705659755,-0.5704972919401883
kernelshap,evaluation,500,3,-1,-1,80,446,-0.07889442306768613,-0.384574041676035
occlusion,evaluation,842,2,259,258,15,842,-0.0730737358797342,-0.5765932611564295
rise,evaluation,1000,-1,-1,-1,-1,1,0.04697030714596617,-0.5814369007467348
lime,evaluation,1000,7,-1,-1,-1,603,0.30869659514532943,-0.4093397900711409
kernelshap,evaluation,500,3,-1,-1,236,296,0.20039386408241172,-0.15769752732980463
occlusion,evaluation,842,2,259,258,15,842,0.281289256250966,-0.11347800160392296
rise,evaluation,1000,-1,-1,-1,-1,1,0.21502396044390937,-0.07496220749611099
lime,evaluation,1000,11,-1,-1,-1,835,0.39430393873952313,0.06051707347887714
kernelshap,evaluation,500,3,-1,-1,66,330,0.005931882341201344,-0.3287510375501313
occlusion,evaluation,842,2,259,258,15,842,0.311181441696192,0.05675393025906034
rise,evaluation,1000,508,-1,-1,-1,1,0.31369304237887263,0.056542597840814335
lime,evaluation,1000,10,-1,-1,-1,689,0.24418507443072884,-0.09112727252850161
kernelshap,evaluation,500,3,-1,-1,96,291,0.3105767422501913,-0.08030079152322286
occlusion,evaluation,842,2,259,258,15,842,0.1860499204554117,-0.18317430967256315
rise,evaluation,1000,754,-1,-1,-1,1,0.1547485070237144,-0.22553242218473316
lime,evaluation,1000,11,-1,-1,226,887,0.17752134206935893,0.36720989795000636
kernelshap,evaluation,500,3,-1,-1,192,430,0.15894047597985264,0.45176239619286207
occlusion,evaluation,842,2,259,258,20,842,0.21612354966780456,0.3564255109929718
rise,evaluation,1000,593,-1,-1,-1,1,-0.08871017569208561,0.3786441837052735
lime,evaluation,1000,3,-1,-1,41,979,0.1741691530565731,0.17599709095557048
kernelshap,evaluation,500,3,260,258,46,401,0.3749390007666079,0.4760729574604283
occlusion,evaluation,842,2,259,258,15,842,0.050647990268043896,-0.03777197291801715
rise,evaluation,1000,-1,-1,-1,-1,1,0.030374481369653927,0.03455858504994469
lime,evaluation,1000,3,-1,-1,-1,914,0.11873656829238821,0.19433239184654671
kernelshap,evaluation,500,3,-1,-1,-1,324,0.34321434298617537,0.4315581241015025
occlusion,evaluation,842,2,259,258,59,842,0.4434771297077532,0.16986279054981424
rise,evaluation,1000,828,-1,-1,-1,1,0.20132195344631332,0.18133170151483002
lime,evaluation,1000,8,-1,-1,-1,825,0.2845163149890141,0.022987826778989973
kernelshap,evaluation,500,3,-1,-1,122,266,0.09116559155991127,0.009599635791028072
occlusion,evaluation,842,2,259,258,16,842,0.12915820134367095,-0.34187963541560296
rise,evaluation,1000,-1,-1,-1,-1,1,-0.08609470285846332,-0.436951852180664
lime,evaluation,1000,6,-1,-1,200,486,0.5010454898001626,0.015024722730231588
kernelshap,evaluation,500,3,-1,-1,-1,498,0.4912779981925268,0.4173874303669436
occlusion,evaluation,842,2,259,258,15,842,0.40107159862454866,0.21648338903614783
rise,evaluation,1000,-1,-1,-1,-1,1,0.2336771378538287,0.14622854608023772
lime,evaluation,1000,4,-1,-1,-1,406,0.5328503174117941,0.5270079976733542
kernelshap,evaluation,500,3,-1,-1,-1,417,0.15224704528591249,0.42809247654495264
occlusion,evaluation,842,2,259,258,39,842,0.3407708403581069,0.3896481003735971
rise,evaluation,1000,-1,-1,-1,-1,1,0.217823442399822,0.048882812615193005
lime,evaluation,1000,2,-1,-1,85,965,0.2452391296538735,-0.12745142134954224
kernelshap,evaluation,500,3,-1,-1,438,410,0.1016691993576842,0.26096125641633994
occlusion,evaluation,842,2,259,258,20,842,0.32100718558006064,0.0687845331151038
rise,evaluation,1000,-1,-1,-1,-1,1,0.2610228223977174,0.18754796588909817
lime,evaluation,1000,2,-1,-1,619,222,0.34955166668173376,0.17025748702264992
kernelshap,evaluation,500,4,-1,-1,79,379,0.14499484674960283,0.2092618296783712
occlusion,evaluation,842,2,259,258,17,842,0.1621905184878415,-0.14980788624131947
rise,evaluation,1000,479,-1,-1,-1,1,0.14106990430164357,0.14053083242890807
lime,evaluation,1000,2,-1,-1,59,973,0.28638558695714667,0.04463019512985511
kernelshap,evaluation,500,3,-1,-1,151,468,0.11233617729226353,0.07856958032601824
occlusion,evaluation,842,2,259,258,15,842,0.21414608786385686,0.0991668322709515
rise,evaluation,1000,-1,-1,-1,-1,1,0.17103132722612313,0.11437751055414083
lime,evaluation,1000,3,-1,-1,93,477,0.258960916478577,0.4372746125212871
kernelshap,evaluation,500,3,265,265,169,328,0.31650929358856955,0.6693850341893267
occlusion,evaluation,842,2,259,258,17,842,0.26633568994615187,0.5531529595580651
rise,evaluation,1000,-1,-1,-1,-1,1,0.11859267663212447,0.44514283757380324
lime,evaluation,1000,7,-1,-1,-1,188,0.38317025082478723,0.16123993286725521
kernelshap,evaluation,500,4,-1,-1,-1,415,0.39328398171746815,0.20560213571723693
occlusion,evaluation,842,2,259,258,19,842,0.39586553628985544,0.17301041795852826
rise,evaluation,1000,-1,-1,-1,-1,1,0.40700805183405464,0.20136220568673197
lime,evaluation,1000,3,-1,-1,-1,483,0.3388284292886624,-0.04838987202920181
kernelshap,evaluation,500,3,-1,-1,160,381,0.3186060048939623,-0.12626384934434043
occlusion,evaluation,842,2,259,258,16,842,0.4890004621028311,0.08564360114570918
rise,evaluation,1000,-1,-1,-1,-1,1,0.0994325453556939,-0.16680685937095918
lime,evaluation,1000,13,-1,-1,-1,768,0.5192002259907895,0.12021249489171168
kernelshap,evaluation,500,3,-1,-1,483,325,0.2819478033617031,0.1608786602728287
occlusion,evaluation,842,2,259,258,15,842,0.3941001302483073,0.10711264676701832
rise,evaluation,1000,-1,-1,-1,-1,1,0.3353530353478845,0.14508457494212051
lime,evaluation,1000,9,-1,-1,-1,967,-0.06700220392649503,-0.34884968924088755
kernelshap,evaluation,500,4,-1,-1,49,491,0.27040889276686353,-0.0177597744601371
occlusion,evaluation,842,2,259,258,23,842,0.31961115332014745,-0.1416657958456199
rise,evaluation,1000,-1,-1,-1,-1,1,0.3754293404646887,0.17493364161755381
lime,evaluation,1000,6,-1,-1,-1,26,0.006495350168552239,0.44580825216369246
kernelshap,evaluation,500,3,454,454,-1,394,0.29508765889067945,0.6246699392237076
occlusion,evaluation,842,2,259,258,16,842,0.1049046972215365,0.5085062911934074
rise,evaluation,1000,-1,-1,-1,-1,1,0.0769144569632772,0.508538268665886
lime,evaluation,1000,2,-1,-1,-1,323,-0.16405501006447598,0.2860286887967959
kernelshap,evaluation,500,3,348,348,-1,321,0.13552382155248777,0.45056776622077455
occlusion,evaluation,842,2,259,258,25,842,-0.0004161952329923002,0.09337984719313686
rise,evaluation,1000,-1,-1,-1,-1,1,0.3637343250427875,0.4113275079289451
lime,evaluation,1000,3,-1,-1,-1,799,0.10166539748578318,0.6049757477707771
kernelshap,evaluation,500,3,-1,-1,53,315,0.12997017276593398,0.6594070697248
occlusion,evaluation,842,2,259,258,25,842,0.27372733047413933,0.6690411026240838
rise,evaluation,1000,-1,-1,-1,-1,1,0.2042224064093034,0.6846223184978726
lime,evaluation,1000,5,-1,-1,306,465,0.028151540497364624,-0.33826283386110845
kernelshap,evaluation,500,3,-1,-1,361,465,0.03440672620481566,-0.05715466603730024
occlusion,evaluation,842,2,259,258,28,842,0.21354583804641153,-0.3936577664469496
rise,evaluation,1000,-1,-1,-1,-1,1,0.18838051468311506,0.024257504190859425
lime,evaluation,1000,7,-1,-1,-1,61,0.03640251362150759,-0.33515581508538617
kernelshap,evaluation,500,3,-1,-1,-1,329,0.041513173994751185,-0.009807602003149896
occlusion,evaluation,842,2,259,258,20,842,0.20303614619130028,-0.17282262980181717
rise,evaluation,1000,-1,-1,-1,-1,1,-0.08026393917058672,-0.1287190651927972
lime,evaluation,1000,5,-1,-1,-1,927,-0.013594959462119138,-0.23586542297582758
kernelshap,evaluation,500,3,455,455,131,470,0.15703071478161024,-0.10982878908660754
occlusion,evaluation,842,2,259,258,15,842,0.17667617978917177,-0.000701183616592993
rise,evaluation,1000,-1,-1,-1,-1,1,0.21848009044929312,0.028545247975252708
lime,evaluation,1000,5,-1,-1,715,255,0.21851395692446263,0.20443701217275245
kernelshap,evaluation,500,4,-1,-1,99,267,0.2679217332592444,0.08002569012121513
occlusion,evaluation,842,2,259,258,16,842,0.1938652285110038,-0.22034862504380615
rise,evaluation,1000,-1,-1,-1,-1,1,0.29211580181810176,0.14059822306327308
lime,evaluation,1000,6,-1,-1,-1,937,0.30351830049479106,-0.12191170790465544
kernelshap,evaluation,500,3,260,258,227,421,-0.2668568362692582,0.3550844935351052
occlusion,evaluation,842,2,259,258,15,842,0.3407622049687461,0.21062843226827677
rise,evaluation,1000,-1,-1,-1,-1,1,-0.17129976557670828,0.37840229244902734
lime,evaluation,1000,7,-1,-1,-1,491,0.18650651244001892,0.026255447403036647
kernelshap,evaluation,500,4,-1,-1,-1,302,-0.006206185334713177,-0.05221986718452176
occlusion,evaluation,842,2,259,258,15,842,0.3029213758883543,-0.04895980473156669
rise,evaluation,1000,-1,-1,-1,-1,1,0.07762408048438374,0.10930297542681733
lime,evaluation,1000,7,-1,-1,808,976,0.059393648982903335,0.13452008593994835
kernelshap,evaluation,500,3,-1,-1,395,490,-0.07147324844596598,0.19755249941663355
occlusion,evaluation,842,2,259,258,15,842,0.3290546827206697,0.4720946760404331
rise,evaluation,1000,-1,-1,-1,-1,1,-0.09235438953345465,-0.0151217064689263
lime,evaluation,1000,6,-1,-1,-1,4,0.2524468033014955,-0.001624212614504461
kernelshap,evaluation,500,3,-1,-1,216,389,0.17033637581041033,0.053092183683810384
occlusion,evaluation,842,2,259,258,47,842,0.257159111119563,0.07301905892334873
rise,evaluation,1000,-1,-1,-1,-1,1,0.26600138028746867,0.10269399302260637
lime,evaluation,1000,3,-1,-1,-1,851,-0.05724508576472542,-0.07802917238459772
kernelshap,evaluation,500,3,-1,-1,91,255,-0.18807919341437868,-0.12051150021701318
occlusion,evaluation,842,2,259,258,17,842,0.3509112837640885,0.11843250912654069
rise,evaluation,1000,-1,-1,-1,-1,1,0.19763308154881543,0.039830492261282324
lime,evaluation,1000,14,-1,-1,409,656,-0.06680544748035117,0.05001849149822346
kernelshap,evaluation,500,3,260,258,145,323,0.14324109767157295,0.08706457043469557
occlusion,evaluation,842,2,259,258,48,842,0.29725706179540906,0.23941564227182593
rise,evaluation,1000,-1,-1,-1,-1,1,0.26152317627436616,0.2654929533431897
lime,fit,1000,7,-1,-1,691,82,-0.09285428712610155,-0.6530276046734912
kernelshap,fit,500,4,261,261,-1,255,0.16335897869430482,-0.24917367269633817
occlusion,fit,842,2,259,258,15,842,0.41795511689851994,-0.5890522679574814
rise,fit,1000,-1,-1,-1,-1,1,0.11374875794863326,-0.464032882621666
lime,fit,1000,3,-1,-1,-1,977,0.10680646511027592,0.18530607587890702
kernelshap,fit,500,3,-1,-1,135,395,0.36829486683127466,0.3668128274264746
occlusion,fit,842,2,259,258,15,842,0.2662811453919858,0.021133139915764376
rise,fit,1000,-1,-1,-1,-1,1,0.2918648363585816,0.16716203133109953
lime,fit,1000,7,-1,-1,-1,729,0.12894477068757482,-0.09829637515448439
kernelshap,fit,500,3,-1,-1,90,266,0.1801564107126808,0.08431112280732406
occlusion,fit,842,2,259,258,17,842,0.19095889066426397,-0.15222494921408583
rise,fit,1000,-1,-1,-1,-1,1,0.1970129690524679,-0.2469124143747564
lime,fit,1000,9,-1,-1,-1,3,0.2730686613806029,0.11499421972694113
kernelshap,fit,500,3,476,476,147,389,0.26253877787139573,0.0684801090450492
occlusion,fit,842,2,259,258,15,842,0.32252504077057437,0.15440954038203925
rise,fit,1000,-1,-1,-1,-1,1,0.3595277133107174,0.0909135736146709
lime,fit,1000,6,-1,-1,-1,185,0.40407687887982324,-0.18759801657161007
kernelshap,fit,500,3,-1,-1,332,404,0.13581880815181646,0.2142635970558331
occlusion,fit,842,2,259,258,22,842,0.4693891172893927,0.15781247690774763
rise,fit,1000,-1,-1,-1,-1,1,0.1705940028805344,-0.17119874344562047
lime,fit,1000,7,-1,-1,-1,729,0.1365650355117396,-0.20642024198605213
kernelshap,fit,500,3,-1,-1,100,450,-0.031189337199612033,-0.28682391075553826
occlusion,fit,842,2,259,258,22,842,0.28650343595654704,0.22248061048103407
rise,fit,1000,-1,-1,-1,-1,1,0.23901328729989468,-0.29261626415100184
lime,fit,1000,6,-1,-1,-1,75,0.3198195053497329,-0.13908904492855068
kernelshap,fit,500,3,265,265,-1,350,-0.08072156303678635,-0.10514026009477673
occlusion,fit,842,2,259,258,15,842,0.5558963981442503,0.05170869509747722
rise,fit,1000,-1,-1,-1,-1,1,0.22754341540276068,-0.34120882037095723
lime,fit,1000,3,-1,-1,-1,928,-0.03980621595371758,0.20003280530654588
kernelshap,fit,500,5,395,395,78,462,0.024444486781885655,0.3704114652078715
occlusion,fit,842,2,259,258,15,842,0.3345039304000238,0.33540627928450706
rise,fit,1000,-1,-1,-1,-1,1,0.10873864533757571,0.5195723902084864
lime,fit,1000,2,-1,-1,-1,322,0.26608632051354275,-0.014495148836851962
kernelshap,fit,500,3,-1,-1,132,289,0.20642266589675273,-0.05135082048610684
occlusion,fit,842,2,259,258,18,842,0.27215782527660226,0.048812021723813354
rise,fit,1000,-1,-1,-1,-1,1,0.17966677695043246,-0.055801120616457214
lime,fit,1000,4,-1,-1,-1,348,0.3839331197346383,0.05049069301273901
kernelshap,fit,500,4,-1,-1,156,423,0.2997136687314196,-0.14446629784047216
occlusion,fit,842,2,259,258,17,842,0.4234098750709563,-0.05097212529199169
rise,fit,1000,-1,-1,-1,-1,1,0.5014025082498847,0.09344932655590127
lime,fit,1000,6,-1,-1,-1,976,0.11980171474242524,0.05827369371472746
kernelshap,fit,500,4,-1,-1,39,352,0.2767329806317321,0.5545394320215564
occlusion,fit,842,2,259,258,15,842,0.05277331605302604,0.14442620054469446
rise,fit,1000,610,-1,-1,-1,1,0.11375177092395461,0.21360099684461598
lime,fit,1000,4,-1,-1,-1,990,0.27530195960607673,0.28589820191991744
kernelshap,fit,500,3,-1,-1,-1,407,0.22541959827412938,0.4769883691427822
occlusion,fit,842,2,259,258,24,842,0.31348255365010114,0.3405482391593978
rise,fit,1000,365,-1,-1,-1,1,0.23576134844770424,0.539824269215751
lime,fit,1000,4,-1,-1,108,501,0.20523446909034532,-0.21394282238968854
kernelshap,fit,500,3,-1,-1,-1,442,0.1985264130966698,0.11013001058008742
occlusion,fit,842,2,259,258,15,842,0.2787282111622467,-0.2915774246051115
rise,fit,1000,-1,-1,-1,-1,1,0.22017424351799947,0.07796188319006098
lime,fit,1000,12,-1,-1,-1,24,0.26609785302923117,-0.08668528959851757
kernelshap,fit,500,3,-1,-1,184,402,0.10334772980451701,-0.1685814047808435
occlusion,fit,842,2,259,258,19,842,0.16838303520351017,-0.0968730682734531
rise,fit,1000,-1,-1,-1,-1,1,0.07845317591854839,-0.16017596991910638
lime,fit,1000,2,-1,-1,713,272,0.059323838020375774,0.045734192078725755
kernelshap,fit,500,3,-1,-1,120,438,0.17900736049472243,0.03883052635815147
occlusion,fit,842,2,259,258,15,842,0.22044984868452389,-0.07382875288617469
rise,fit,1000,-1,-1,-1,-1,1,0.14811199119346838,0.09342626040252072
lime,fit,1000,4,-1,-1,696,315,0.22441139788907094,-0.16788633895298588
kernelshap,fit,500,3,-1,-1,49,431,-0.1379458329530735,-0.243652508257032
occlusion,fit,842,2,259,258,20,842,0.28433618702333663,-0.015266037464132853
rise,fit,1000,-1,-1,-1,-1,1,0.08234308224486997,-0.1741975628209239
lime,fit,1000,10,-1,-1,450,201,0.23296041134269674,-0.14253360122433723
kernelshap,fit,500,4,-1,-1,47,455,0.011976343452386129,-0.02477413856331845
occlusion,fit,842,2,259,258,19,842,0.3192646777570133,0.2105754252456492
rise,fit,1000,-1,-1,-1,-1,1,0.1750582047243313,0.15761149629809756
lime,calibration,1000,7,-1,-1,393,419,-0.07585680798802064,-0.021466277167201064
kernelshap,calibration,500,3,-1,-1,150,489,0.2911784055875615,0.2388292521471158
occlusion,calibration,842,2,259,258,15,842,-0.0666573321766919,0.032395290210843086
rise,calibration,1000,-1,-1,-1,-1,1,0.12595941107720132,0.05818332061171527
lime,calibration,1000,3,-1,-1,-1,1000,-0.04626446070906243,-0.18616830070968715
kernelshap,calibration,500,3,262,258,38,273,0.05823358194902539,-0.043107677996158555
occlusion,calibration,842,2,259,258,15,842,-0.05887640435248609,-0.12794608726399015
rise,calibration,1000,-1,-1,-1,-1,1,0.10290585123002527,0.12837573809083547
lime,calibration,1000,9,-1,-1,-1,4,0.2146468014203663,-0.2919866924508597
kernelshap,calibration,500,3,-1,-1,146,409,0.2859294984569793,0.04367179157871992
occlusion,calibration,842,2,259,258,38,842,0.3977383594670926,-0.14618844619531046
rise,calibration,1000,-1,-1,-1,-1,1,0.3038816834025397,0.20516333280029353
lime,calibration,1000,6,-1,-1,880,129,0.33708519654992414,0.0993495395609898
kernelshap,calibration,500,4,-1,-1,108,398,0.3889262355820392,0.11424686375958118
occlusion,calibration,842,2,259,258,40,842,0.2770774438249646,0.04491466212093656
rise,calibration,1000,-1,-1,-1,-1,1,0.02468247915312527,-0.31362863870972435
lime,calibration,1000,3,-1,-1,-1,558,0.2311767474812768,0.24842933514021293
kernelshap,calibration,500,3,-1,-1,159,303,0.10232614920059857,0.16404752329543726
occlusion,calibration,842,2,259,258,15,842,0.4933628829356167,0.4774031202939796
rise,calibration,1000,794,-1,-1,-1,1,0.30520733996872873,0.3117471399630404
lime,calibration,1000,16,-1,-1,-1,385,0.008864162303507284,-0.15210702519398178
kernelshap,calibration,500,3,-1,-1,239,306,0.06218069605529308,0.022529306309297725
occlusion,calibration,842,2,259,258,18,842,0.26068552907090636,-0.07864017028477976
rise,calibration,1000,-1,-1,-1,-1,1,0.14512742588703986,-0.17518074424006047
lime,calibration,1000,5,-1,-1,952,652,0.1587013447424397,-0.08806823547929521
kernelshap,calibration,500,3,-1,-1,-1,307,0.0006032434292138067,-0.09265319956466556
occlusion,calibration,842,2,259,258,15,842,0.2588078806642443,-0.08339514830149708
rise,calibration,1000,741,-1,-1,-1,1,0.14755895090493143,-0.10056760832667355
lime,calibration,1000,10,-1,-1,186,124,0.22402583776663504,-0.017429090660607494
kernelshap,calibration,500,3,-1,-1,-1,291,0.10342954433592694,0.2721641922643812
occlusion,calibration,842,2,259,258,17,842,0.27066853915091543,0.09571695162790095
rise,calibration,1000,-1,-1,-1,-1,1,0.2172680879903055,0.29800365541323115
lime,calibration,1000,5,-1,-1,81,482,0.29329623587877907,0.23692823240029953
kernelshap,calibration,500,3,-1,-1,-1,489,0.26271477482633826,0.03370945777996892
occlusion,calibration,842,2,259,258,25,842,0.3835655282888183,0.17275215378746794
rise,calibration,1000,-1,-1,-1,-1,1,0.2201692308202382,0.048471482123409265
lime,calibration,1000,3,-1,-1,-1,187,0.24302106924507716,-0.15112452744126587
kernelshap,calibration,500,3,424,424,186,400,0.3186047216090344,-0.08039064196818799
occlusion,calibration,842,2,259,258,17,842,0.4538422561255573,0.10035211076889256
rise,calibration,1000,-1,-1,-1,-1,1,0.26412673085270627,0.017522559818280575
lime,calibration,1000,8,-1,-1,-1,22,0.15073240995880044,0.4640175626223936
kernelshap,calibration,500,3,-1,-1,202,437,0.2246456095968824,0.5902164629460515
occlusion,calibration,842,2,259,258,20,842,0.08970382950215028,0.5470130437765561
rise,calibration,1000,251,-1,-1,-1,1,0.21886436497879913,0.40675794086103567
lime,calibration,1000,4,-1,-1,432,917,0.21774453667335364,0.4244872541283258
kernelshap,calibration,500,3,-1,-1,149,455,0.19231829137206657,0.6495531320222654
occlusion,calibration,842,2,259,258,15,842,0.25257235734097777,0.7020779088779818
rise,calibration,1000,-1,-1,-1,-1,1,0.49321981369303103,0.6282758593006292
lime,calibration,1000,11,-1,-1,-1,7,0.32997218398054995,0.030294828386258382
kernelshap,calibration,500,3,259,258,115,262,0.23431453978017203,0.020607332975129122
occlusion,calibration,842,2,259,258,16,842,0.33195553749254214,-0.008187197915454192
rise,calibration,1000,-1,-1,-1,-1,1,0.35029279776053246,0.06549275243874247
lime,calibration,1000,3,-1,-1,463,495,0.2817307849343308,0.17759542619023705
kernelshap,calibration,500,3,-1,-1,37,252,-0.23288402528304458,0.10150764739955775
occlusion,calibration,842,2,259,258,21,842,0.2871552156908422,0.27339179913687983
rise,calibration,1000,-1,-1,-1,-1,1,-0.09614079888600602,-0.05890658949501815
lime,calibration,1000,5,-1,-1,-1,970,0.4635332526724596,-0.07988502450752999
kernelshap,calibration,500,3,260,258,24,493,-0.05253889063067163,0.3299990899889963
occlusion,calibration,842,2,259,258,34,842,0.3733477463063764,0.05404967234935609
rise,calibration,1000,-1,-1,-1,-1,1,0.2237591139735855,-0.09636289764712269
lime,calibration,1000,7,-1,-1,137,870,0.25390064017638564,-0.0034019379760025226
kernelshap,calibration,500,3,342,342,-1,321,0.3603873650735011,0.24970933477154633
occlusion,calibration,842,2,259,258,15,842,0.4314076510074756,0.27881897266219086
rise,calibration,1000,-1,-1,-1,-1,1,0.337660183224574,0.26354962212478766
lime,calibration,1000,4,-1,-1,-1,442,0.19011490036576506,0.1475220371630428
kernelshap,calibration,500,3,-1,-1,-1,262,-0.13177964480674975,0.12505945491295306
occlusion,calibration,842,2,259,258,15,842,0.2567388609087288,0.11743933402396395
rise,calibration,1000,-1,-1,-1,-1,1,0.2459182396443339,0.21195090614681078
lime,evaluation,1000,7,-1,-1,305,959,-0.0926070668167085,-0.653665593398933
kernelshap,evaluation,500,3,259,258,208,419,-0.06709378179803027,-0.5988177359242947
occlusion,evaluation,842,2,259,258,15,842,-0.19215886245947333,-0.669850152831048
rise,evaluation,1000,-1,-1,-1,-1,1,0.10867174242157485,-0.5426669043469424
lime,evaluation,1000,5,-1,-1,-1,989,-0.06632244668435305,-0.03419374562799926
kernelshap,evaluation,500,3,307,307,120,471,0.07591006420552726,-0.008769338950514793
occlusion,evaluation,842,2,259,258,15,842,0.05254898453131318,0.0406456492841244
rise,evaluation,1000,-1,-1,-1,-1,1,0.050358290690928675,0.09437789060175417
lime,evaluation,1000,5,-1,-1,-1,921,-0.09846753296442334,-0.06087166313081982
kernelshap,evaluation,500,3,260,258,-1,338,-0.005579272874456365,0.009018078260123685
occlusion,evaluation,842,2,259,258,18,842,0.042448454070836306,-0.04945446392521258
rise,evaluation,1000,-1,-1,-1,-1,1,0.07797880070284013,-0.040422212332487106
lime,evaluation,1000,4,-1,-1,-1,376,0.09656816602004026,-0.08175291101761106
kernelshap,evaluation,500,3,-1,-1,63,416,0.34490383892435406,0.07810841045948114
occlusion,evaluation,842,2,259,258,15,842,0.3424734008822554,-0.03657136177819209
rise,evaluation,1000,-1,-1,-1,-1,1,0.19675625246192685,-0.11698888166720278
lime,evaluation,1000,16,-1,-1,-1,311,0.2791154932334621,-0.007971218515857026
kernelshap,evaluation,500,4,-1,-1,126,393,0.3189744953604361,0.1431084593060291
occlusion,evaluation,842,2,259,258,21,842,0.2826129638614461,0.14527374903199186
rise,evaluation,1000,-1,-1,-1,-1,1,0.2203123325895831,0.006695278307515207
lime,evaluation,1000,13,-1,-1,-1,805,0.10982255521841183,-0.11781479913124676
kernelshap,evaluation,500,3,387,387,55,382,0.19136708645742717,-0.060290121638980676
occlusion,evaluation,842,2,259,258,39,842,0.22630519810315236,-0.08930349735489038
rise,evaluation,1000,-1,-1,-1,-1,1,0.2200845223831681,-0.05738101667220691
lime,evaluation,1000,4,-1,-1,-1,14,0.323935184066795,-0.009594282356556516
kernelshap,evaluation,500,3,-1,-1,67,358,0.2237997328922574,-0.0894089117842668
occlusion,evaluation,842,2,259,258,25,842,0.42052631198966994,-0.4362342607872961
rise,evaluation,1000,133,-1,-1,-1,1,-0.01351498960066233,-0.1246184438000455
lime,evaluation,1000,4,-1,-1,57,982,0.15582251113082746,0.1915247464849017
kernelshap,evaluation,500,3,-1,-1,37,334,0.23512874353182267,0.1759479014302997
occlusion,evaluation,842,2,259,258,15,842,0.42076947190880676,0.19466949240697884
rise,evaluation,1000,-1,-1,-1,-1,1,-0.10071973409917523,0.27571418946427007
lime,evaluation,1000,2,-1,-1,-1,866,0.24893805739266095,0.249581208404561
kernelshap,evaluation,500,3,-1,-1,161,445,0.19792758629191665,0.373566874107928
occlusion,evaluation,842,2,259,258,26,842,0.4126021914792546,0.04874148782109844
rise,evaluation,1000,-1,-1,-1,-1,1,0.12552608074001914,0.2982765357592143
lime,evaluation,1000,2,-1,-1,-1,1000,0.5534164437878644,0.28646954511932565
kernelshap,evaluation,500,2,260,258,39,259,0.4344896044189227,0.28818395144444364
occlusion,evaluation,842,2,259,258,62,842,0.23895764234475791,0.011391641217051052
rise,evaluation,1000,-1,-1,-1,-1,1,0.3070291280833771,0.11102506311144678
lime,evaluation,1000,4,-1,-1,-1,491,0.2832289348036283,-0.13133706288936087
kernelshap,evaluation,500,3,-1,-1,-1,418,-0.15742378622526298,0.14484813716990175
occlusion,evaluation,842,2,259,258,15,842,0.17906384145608167,0.11448003597906786
rise,evaluation,1000,-1,-1,-1,-1,1,0.25290078287944195,-0.17052018663380297
lime,evaluation,1000,4,-1,-1,-1,971,-0.04055785153532265,-0.010029319603927389
kernelshap,evaluation,500,3,-1,-1,91,284,0.41149131213314827,0.5772607549559325
occlusion,evaluation,842,2,259,258,15,842,0.4210148622116321,0.3617315653711557
rise,evaluation,1000,-1,-1,-1,-1,1,0.037142483009301897,0.3426239069900475
lime,evaluation,1000,6,-1,-1,915,335,0.32572957721821466,0.3204303269509182
kernelshap,evaluation,500,4,-1,-1,372,252,0.24673654438165615,0.29531814638813786
occlusion,evaluation,842,2,259,258,15,842,0.3286600090707452,0.3193448141818777
rise,evaluation,1000,-1,-1,-1,-1,1,0.2559211363617123,0.24088783150739063
lime,evaluation,1000,14,-1,-1,-1,493,0.25347623006146025,-0.011688466461782787
kernelshap,evaluation,500,3,329,329,47,377,0.29871235891059766,0.16088424900844983
occlusion,evaluation,842,2,259,258,15,842,0.09523456479178094,0.09791735701746801
rise,evaluation,1000,-1,-1,-1,-1,1,0.15988870125456744,0.07934761689721198
lime,evaluation,1000,6,-1,-1,-1,185,0.11722488730592884,0.30721841761478574
kernelshap,evaluation,500,3,-1,-1,169,244,0.13957502688699608,0.02372143589964254
occlusion,evaluation,842,2,259,258,27,842,0.22132523773034335,0.13161192281440892
rise,evaluation,1000,-1,-1,-1,-1,1,0.030127367382669967,-0.08053646042462786
lime,evaluation,1000,10,-1,-1,-1,866,0.20127804576550262,0.1273344762343186
kernelshap,evaluation,500,3,-1,-1,107,441,0.3490975658474781,0.0669259345720093
occlusion,evaluation,842,2,259,258,32,842,0.33316746418163345,0.13644712446703122
rise,evaluation,1000,-1,-1,-1,-1,1,0.14995092515300712,0.02212484872488857
lime,evaluation,1000,4,-1,-1,-1,103,0.5279788691509566,0.2703510021022112
kernelshap,evaluation,500,3,350,350,117,440,0.411779602989364,0.1276105116563485
occlusion,evaluation,842,2,259,258,44,842,0.4524467998687556,0.2623264949302893
rise,evaluation,1000,-1,-1,-1,-1,1,0.4146894451383559,0.11998931970326793
lime,evaluation,1000,9,-1,-1,157,440,0.402410756986842,0.04257495079605178
kernelshap,evaluation,500,3,440,440,-1,261,0.4688741464459838,0.06315816585420181
occlusion,evaluation,842,2,259,258,15,842,0.5150053911666646,0.11046917299786402
rise,evaluation,1000,-1,-1,-1,-1,1,0.37977014236103057,-0.08848568076016364
lime,evaluation,1000,4,-1,-1,394,592,0.3103886525030248,0.05316382128016811
kernelshap,evaluation,500,3,-1,-1,-1,315,0.24534213002280014,0.09398972866208197
occlusion,evaluation,842,2,259,258,17,842,0.4221290656258134,0.06646375951672495
rise,evaluation,1000,853,-1,-1,-1,1,0.2857053639960213,0.02204833741705023
lime,evaluation,1000,6,-1,-1,196,468,0.3690662798273479,0.10666194524704622
kernelshap,evaluation,500,3,-1,-1,398,265,0.34673638513556854,0.10615064641611127
occlusion,evaluation,842,2,259,258,15,842,0.2598364796333499,0.19067011262680253
rise,evaluation,1000,-1,-1,-1,-1,1,0.5024460860588078,0.14458461621191815
lime,evaluation,1000,4,-1,-1,-1,517,0.10261918769424483,0.41433309187425493
kernelshap,evaluation,500,3,-1,-1,89,455,0.2571134873820483,0.3717049833930105
occlusion,evaluation,842,2,259,258,32,842,0.11427437822840147,0.6180508414525321
rise,evaluation,1000,-1,-1,-1,-1,1,0.24748274595858677,0.6606201266515199
lime,evaluation,1000,3,-1,-1,-1,277,0.10514961222161223,0.34708363469690084
kernelshap,evaluation,500,4,285,285,248,311,0.400086403543537,0.7391913204395678
occlusion,evaluation,842,2,259,258,15,842,0.20145498838610365,0.719073832021968
rise,evaluation,1000,-1,-1,-1,-1,1,0.3323434520999854,0.3399280607583932
lime,evaluation,1000,7,-1,-1,99,485,0.1352851812931476,0.4136915271636099
kernelshap,evaluation,500,3,-1,-1,-1,441,0.3355442973135723,0.7837575536957957
occlusion,evaluation,842,2,259,258,15,842,0.2639114147759756,0.2948985767085105
rise,evaluation,1000,-1,-1,-1,-1,1,0.09371380872817103,0.4205040616274346
lime,evaluation,1000,12,-1,-1,-1,939,0.16292055420817353,-0.12294816646862972
kernelshap,evaluation,500,5,-1,-1,111,440,0.1948058930860157,-0.19547729861153929
occlusion,evaluation,842,2,259,258,30,842,-0.08065526438588222,-0.4080049322493031
rise,evaluation,1000,-1,-1,-1,-1,1,0.30418290951277527,0.09543421953274211
lime,evaluation,1000,8,-1,-1,-1,325,0.3133051848681653,0.1486354666961941
kernelshap,evaluation,500,3,-1,-1,129,300,0.15103891816665965,-0.06003480646271758
occlusion,evaluation,842,2,259,258,19,842,0.2739089951172332,0.15549116327512402
rise,evaluation,1000,-1,-1,-1,-1,1,0.14127353682618493,0.031764028910972464
lime,evaluation,1000,2,-1,-1,661,268,0.34568484186353315,-0.04548303718433999
kernelshap,evaluation,500,3,261,258,-1,369,0.014787875798458583,-0.04551543458312607
occlusion,evaluation,842,2,259,258,15,842,0.19705820435959254,0.015399486160643516
rise,evaluation,1000,3,-1,-1,-1,3,0.29075922953161354,0.03937735509327922
lime,evaluation,1000,3,-1,-1,846,101,0.1879675476211105,0.056325430906144947
kernelshap,evaluation,500,3,259,258,158,419,-0.11733982780393432,0.40681270560598937
occlusion,evaluation,842,2,259,258,18,842,0.2087863704246331,0.03452961938601218
rise,evaluation,1000,944,-1,-1,-1,1,0.13366896040442955,0.3022207388596143
lime,evaluation,1000,5,-1,-1,-1,900,0.13418070584471592,0.015117769831340389
kernelshap,evaluation,500,3,340,340,86,429,-0.001897388778422715,0.07572153565970441
occlusion,evaluation,842,2,259,258,22,842,0.3371869743973548,-0.12824020241841938
rise,evaluation,1000,532,-1,-1,-1,1,0.2601587645038649,0.14018549975703537
lime,evaluation,1000,7,-1,-1,158,950,0.34430369220303875,0.512088927490231
kernelshap,evaluation,500,3,-1,-1,37,486,-0.1450259040196215,0.3246577828747832
occlusion,evaluation,842,2,259,258,33,842,0.3373399100380993,-0.048884115810506
rise,evaluation,1000,660,-1,-1,-1,1,0.10840023438339585,0.4535954558992671
lime,evaluation,1000,6,-1,-1,-1,995,0.47907521318068125,-0.07602381585165863
kernelshap,evaluation,500,3,500,500,-1,272,-0.20087776096820564,0.13424029564484952
occlusion,evaluation,842,2,259,258,21,842,0.34016241111270346,-0.04889235454611485
rise,evaluation,1000,-1,-1,-1,-1,1,0.06766006787356671,0.05750621799379585
lime,evaluation,1000,7,-1,-1,-1,770,0.19913035720500716,0.17534234522216396
kernelshap,evaluation,500,3,-1,-1,94,373,0.15215180796592448,0.25444515143137886
occlusion,evaluation,842,2,259,258,15,842,0.3475080312470027,0.4024358976286614
rise,evaluation,1000,-1,-1,-1,-1,1,0.2475967009148704,0.3057910603272294
lime,evaluation,1000,8,-1,-1,-1,848,0.13589439859212005,-0.06844157402307471
kernelshap,evaluation,500,3,-1,-1,127,336,0.009861961855075652,-0.14333366172567424
occlusion,evaluation,842,2,259,258,16,842,0.3701612744844908,-0.023344549504909662
rise,evaluation,1000,-1,-1,-1,-1,1,0.28085166123026967,-0.016286603391318988
lime,evaluation,1000,3,-1,-1,809,485,0.038000465635940395,-0.3212060012756922
kernelshap,evaluation,500,4,-1,-1,115,356,-0.1820265634428722,-0.1838686692847148
occlusion,evaluation,842,2,259,258,25,842,0.11648377343355776,-0.3196403056261715
rise,evaluation,1000,-1,-1,-1,-1,1,0.07529375998283283,-0.05570920041546967
lime,fit,1000,3,-1,-1,106,904,-0.13611382278613748,-0.019548368826508566
kernelshap,fit,500,3,334,334,-1,348,0.23332266346551478,0.1782865608111024
occlusion,fit,842,2,259,258,16,842,-0.09621430623810734,-0.01151861287653444
rise,fit,1000,-1,-1,-1,-1,1,0.09140009419061246,0.3043335966765881
lime,fit,1000,2,-1,-1,-1,497,-0.09122635205276308,-0.16081767489667986
kernelshap,fit,500,3,260,258,-1,287,0.15930436727358033,0.12074509582016613
occlusion,fit,842,2,259,258,18,842,0.14590913206338885,-0.12269920340040696
rise,fit,1000,-1,-1,-1,-1,1,0.05079271719441747,0.09067409205017607
lime,fit,1000,4,-1,-1,680,834,0.19468356503690104,-0.4369897152076021
kernelshap,fit,500,3,-1,-1,168,351,0.14033732225270795,-0.17926262958933992
occlusion,fit,842,2,259,258,19,842,0.19976308883273075,-0.591909813896217
rise,fit,1000,-1,-1,-1,-1,1,0.30047549990332456,-0.09654523215097865
lime,fit,1000,8,-1,-1,-1,436,0.18440946565483501,0.28957668867391106
kernelshap,fit,500,3,-1,-1,73,461,0.1629550529680131,0.3719910404080998
occlusion,fit,842,2,259,258,15,842,0.27201414172564,0.41924195887333515
rise,fit,1000,-1,-1,-1,-1,1,0.02761980447129131,0.293894891887561
lime,fit,1000,5,-1,-1,-1,926,0.22927200252943292,0.10044552136901075
kernelshap,fit,500,3,-1,-1,-1,387,0.21622465741820635,0.18515387078132334
occlusion,fit,842,2,259,258,15,842,0.3558251696851585,0.1383034151139782
rise,fit,1000,-1,-1,-1,-1,1,-0.15285244941624115,-0.10444877270838332
lime,fit,1000,7,-1,-1,615,401,0.10073009052043747,-0.2411022496382429
kernelshap,fit,500,4,-1,-1,-1,393,-0.16525168739790386,0.006658185840478836
occlusion,fit,842,2,259,258,26,842,0.4344144336035243,0.3320724127221183
rise,fit,1000,-1,-1,-1,-1,1,0.3376492380695708,0.05632632695170514
lime,fit,1000,5,-1,-1,-1,118,0.4660548097434912,0.10118540888543065
kernelshap,fit,500,3,471,471,-1,275,0.304701571699843,0.03544900081851665
occlusion,fit,842,2,259,258,28,842,0.3135886428688537,-0.09344982171924132
rise,fit,1000,-1,-1,-1,-1,1,-0.0075378922338131815,-0.36479953266007215
lime,fit,1000,11,-1,-1,539,256,0.24739771794766058,-0.0024907304852831713
kernelshap,fit,500,3,-1,-1,197,336,0.19291410490774297,-0.39487033977034114
occlusion,fit,842,2,259,258,18,842,0.13029546252728325,0.04463917555281113
rise,fit,1000,978,-1,-1,-1,1,0.2163279091979035,0.1092086587891572
lime,fit,1000,12,-1,-1,-1,6,0.38535447360472974,-0.22028628909065445
kernelshap,fit,500,3,-1,-1,130,423,0.15487243131212836,-0.03600908764365157
occlusion,fit,842,2,259,258,20,842,0.3030707273770531,0.020152695416231825
rise,fit,1000,-1,-1,-1,-1,1,0.36808319341416795,0.09167811623601663
lime,fit,1000,4,-1,-1,-1,816,0.47329743348570896,0.17368172984552077
kernelshap,fit,500,3,-1,-1,139,414,0.23401562446408664,0.060969337931055634
occlusion,fit,842,2,259,258,17,842,0.46912331087405623,0.15902533845189737
rise,fit,1000,-1,-1,-1,-1,1,0.36314471450768904,0.3219349855071414
lime,fit,1000,4,-1,-1,-1,174,0.20092461658230149,0.6491720741025346
kernelshap,fit,500,3,-1,-1,153,303,-0.014968865126456898,0.28352598905571536
occlusion,fit,842,2,259,258,16,842,0.32103938454683884,0.5226308717625215
rise,fit,1000,789,-1,-1,-1,1,0.21566127015894382,0.48171294587882585
lime,fit,1000,2,-1,-1,-1,952,0.15488764825040563,0.5335184377348924
kernelshap,fit,500,3,-1,-1,73,462,0.19914316764588946,0.6496984770997187
occlusion,fit,842,2,259,258,15,842,0.20517967582936764,0.5057150802316756
rise,fit,1000,-1,-1,-1,-1,1,0.033564217342154756,0.6240098044392652
lime,fit,1000,9,-1,-1,-1,499,0.05739554505385058,-0.21396171128649755
kernelshap,fit,500,3,-1,-1,136,479,-0.08201639176396613,-0.14228546430106165
occlusion,fit,842,2,259,258,20,842,0.040785661780415705,-0.31314835514339734
rise,fit,1000,-1,-1,-1,-1,1,0.28438379574882616,0.0569794170129555
lime,fit,1000,3,-1,-1,-1,958,0.2405740056118731,0.32538188635371623
kernelshap,fit,500,3,-1,-1,-1,481,-0.0032571669099524803,0.09256090706039688
occlusion,fit,842,2,259,258,20,842,0.406924595524913,0.17016349282785082
rise,fit,1000,431,-1,-1,-1,1,0.06524004112579862,-0.009787031242740385
lime,fit,1000,4,-1,-1,490,266,0.3305932513470452,-0.3378555120696547
kernelshap,fit,500,4,-1,-1,-1,254,0.14321853001071078,-0.14526800020539665
occlusion,fit,842,2,259,258,16,842,0.2870834872313651,-0.2847609907810693
rise,fit,1000,-1,-1,-1,-1,1,-0.07800553190280651,-0.32853752576629636
lime,fit,1000,3,-1,-1,-1,972,0.13113672615819638,0.3000596730893733
kernelshap,fit,500,4,-1,-1,-1,408,0.2318659052314459,0.3168314948546225
occlusion,fit,842,2,259,258,78,842,0.2477265925287469,0.054085076136050236
rise,fit,1000,-1,-1,-1,-1,1,0.18696365519563185,0.21663902578577138
lime,fit,1000,7,-1,-1,-1,6,0.11901586284150767,-0.027509514251737255
kernelshap,fit,500,3,427,427,-1,264,-0.2120598117193282,-0.15446827998476492
occlusion,fit,842,2,259,258,15,842,0.33216082331433655,0.11174982472249512
rise,fit,1000,-1,-1,-1,-1,1,-0.052967298948033203,-0.06870034501113764
lime,calibration,1000,7,-1,-1,699,384,-0.054668978753034,-0.46333664224293897
kernelshap,calibration,500,3,279,279,-1,370,0.014473068898951169,0.0799759554072807
occlusion,calibration,842,2,259,258,15,842,0.10941064341459428,-0.5307656866428261
rise,calibration,1000,-1,-1,-1,-1,1,0.028530813194811322,-0.48414201005216456
lime,calibration,1000,8,-1,-1,-1,5,-6.80716170506912e-05,-0.47248239631899197
kernelshap,calibration,500,3,-1,-1,79,227,0.07476063482758943,-0.30863656947542495
occlusion,calibration,842,2,259,258,15,842,0.02799598167063666,-0.33550875467617514
rise,calibration,1000,-1,-1,-1,-1,1,0.10212686386357461,-0.36952926982764894
lime,calibration,1000,19,-1,-1,-1,3,0.07175935326395122,-0.10176780991760381
kernelshap,calibration,500,3,-1,-1,251,370,-0.008500110390696092,-0.3735575519942074
occlusion,calibration,842,2,259,258,17,842,0.2843277954956648,0.015774759235475222
rise,calibration,1000,-1,-1,-1,-1,1,0.30574906002952956,0.009707633015895556
lime,calibration,1000,5,-1,-1,137,969,0.40434361526859,0.47884337968416735
kernelshap,calibration,500,3,-1,-1,-1,428,0.45706852592120417,0.6410955245707555
occlusion,calibration,842,2,259,258,28,842,0.2878645682096248,0.36666217785077604
rise,calibration,1000,-1,-1,-1,-1,1,0.39261049894703315,0.5198917773818266
lime,calibration,1000,11,-1,-1,-1,495,0.36382935554519236,0.41734164673746366
kernelshap,calibration,500,3,-1,-1,76,313,-0.008951220882408961,0.3805236880206848
occlusion,calibration,842,2,259,258,20,842,0.4085900935067912,0.5682972822333567
rise,calibration,1000,-1,-1,-1,-1,1,0.31898395675279967,0.47260402664833234
lime,calibration,1000,7,-1,-1,119,665,0.4410323530726601,0.3156817647628486
kernelshap,calibration,500,3,274,274,-1,401,0.15815978076425385,-0.0821176992329129
occlusion,calibration,842,2,259,258,15,842,0.30357215940166493,0.0068584597116568835
rise,calibration,1000,-1,-1,-1,-1,1,0.3959137325167831,0.10260264102798833
lime,calibration,1000,6,-1,-1,342,204,0.17311165457940658,0.3147844788905104
kernelshap,calibration,500,3,-1,-1,-1,273,0.10677592750744508,-0.05235587353683402
occlusion,calibration,842,2,259,258,15,842,0.24835152362443297,0.3635126563994391
rise,calibration,1000,-1,-1,-1,-1,1,0.2770777922020443,0.3455468979447488
lime,calibration,1000,6,-1,-1,-1,971,0.320402043803955,0.3165327435126528
kernelshap,calibration,500,3,-1,-1,53,480,0.04662806033188649,0.32180877285863974
occlusion,calibration,842,2,259,258,21,842,0.12485018950842458,0.279332665297261
rise,calibration,1000,967,-1,-1,-1,1,0.1349034050893579,0.4339385062372457
lime,calibration,1000,5,-1,-1,-1,4,0.2062044962223354,0.0036166846380183415
kernelshap,calibration,500,5,-1,-1,-1,328,0.416899290852723,0.0842014178653244
occlusion,calibration,842,2,259,258,16,842,0.34431156336113417,-0.08359813900649443
rise,calibration,1000,-1,-1,-1,-1,1,0.11409436155754521,-0.015714764594781633
lime,calibration,1000,2,-1,-1,-1,411,0.2041250106082771,0.04255349877289519
kernelshap,calibration,500,3,-1,-1,54,341,0.2342332012054612,-0.02935929289781143
occlusion,calibration,842,2,259,258,15,842,0.3061812066493985,0.09326601141793844
rise,calibration,1000,-1,-1,-1,-1,1,0.25187592145417736,0.04520545880142776
lime,calibration,1000,5,-1,-1,-1,88,-0.008145493079791732,0.1077913225686643
kernelshap,calibration,500,3,-1,-1,-1,235,0.3512122267915402,0.4360535227402579
occlusion,calibration,842,2,259,258,27,842,0.3349202814075397,0.45838081979236445
rise,calibration,1000,-1,-1,-1,-1,1,0.2503352907290719,0.41788149937056007
lime,calibration,1000,6,-1,-1,-1,4,0.10825226708702756,-0.316240061278873
kernelshap,calibration,500,3,-1,-1,-1,254,0.1160474334659739,-0.1811228187543435
occlusion,calibration,842,2,259,258,32,842,0.2518714197090389,-0.22540034890741084
rise,calibration,1000,-1,-1,-1,-1,1,0.2093336610823826,-0.09264701249475599
lime,calibration,1000,8,-1,-1,117,241,0.15328317999998975,0.12224186363681966
kernelshap,calibration,500,3,-1,-1,69,383,0.26605816662769255,0.18059047048121785
occlusion,calibration,842,2,259,258,23,842,0.30032348473970105,0.19771110112315676
rise,calibration,1000,-1,-1,-1,-1,1,0.2257274409382276,0.19823982431800857
lime,calibration,1000,3,-1,-1,271,987,0.131114423524059,0.19203565544848972
kernelshap,calibration,500,3,422,422,35,348,-0.14295709975563115,-0.14295611473316971
occlusion,calibration,842,2,259,258,15,842,0.22475831372935462,0.10901009515646365
rise,calibration,1000,-1,-1,-1,-1,1,0.029487527319483342,-0.04941159264462841
lime,calibration,1000,3,-1,-1,-1,949,0.1343292950094792,0.0905962720033131
kernelshap,calibration,500,3,-1,-1,-1,313,0.1857916683662324,0.13029403477157753
occlusion,calibration,842,2,259,258,15,842,0.3647865574594903,-0.1600369004725508
rise,calibration,1000,-1,-1,-1,-1,1,0.19536789538306043,0.15985414242240947
lime,calibration,1000,7,-1,-1,-1,346,0.10269546101560534,-0.06147869068128353
kernelshap,calibration,500,3,-1,-1,-1,293,-0.2381618236989652,-0.17156703631575515
occlusion,calibration,842,2,259,258,15,842,0.26355674429677267,-0.03149805016792856
rise,calibration,1000,-1,-1,-1,-1,1,0.09614090294812738,-0.16121587303155704
lime,evaluation,1000,6,-1,-1,637,866,0.26994813870405776,-0.026642904983600557
kernelshap,evaluation,500,4,-1,-1,189,401,0.032304430170916,0.09339892785646953
occlusion,evaluation,842,2,259,258,28,842,-0.06449861160945147,0.07659387383610006
rise,evaluation,1000,-1,-1,-1,-1,1,-0.08500386075829736,0.02673841929063203
lime,evaluation,1000,3,-1,-1,-1,507,-0.0820251533412375,-0.3833073069071361
kernelshap,evaluation,500,3,-1,-1,-1,371,-0.05681923562660818,-0.00900267486586015
occlusion,evaluation,842,2,259,258,15,842,0.002445175312459469,-0.44548126638983376
rise,evaluation,1000,-1,-1,-1,-1,1,0.16850414101500066,-0.2215334998338676
lime,evaluation,1000,3,-1,-1,213,985,-0.019908657297492027,-0.1684204737575783
kernelshap,evaluation,500,3,394,394,-1,246,-0.030271810642443553,-0.15616948360984684
occlusion,evaluation,842,2,259,258,17,842,-0.020477255806326866,-0.1635658049897757
rise,evaluation,1000,-1,-1,-1,-1,1,0.018436663178727053,-0.1470520682632923
lime,evaluation,1000,2,-1,-1,-1,1000,0.04056334263295869,0.13781131485011433
kernelshap,evaluation,500,3,294,294,30,485,0.37741800207586496,0.6658341013651807
occlusion,evaluation,842,2,259,258,15,842,-0.003484133491292618,-0.012291852210182697
rise,evaluation,1000,-1,-1,-1,-1,1,-0.08976684538647528,-0.06457674794073687
lime,evaluation,1000,9,-1,-1,-1,162,0.17670485376884243,-0.13652085370372335
kernelshap,evaluation,500,3,-1,-1,127,402,0.22911266692781285,-0.2552392330800558
occlusion,evaluation,842,2,259,258,28,842,0.33158985373979705,-0.04180812727882427
rise,evaluation,1000,-1,-1,-1,-1,1,0.42730609697694033,-0.08942428878026476
lime,evaluation,1000,6,-1,-1,-1,479,0.13049887804239968,-0.19765322836515792
kernelshap,evaluation,500,3,384,384,61,298,0.14556762737868212,-0.21673062273632693
occlusion,evaluation,842,2,259,258,15,842,0.0677331578708234,-0.24251975957423894
rise,evaluation,1000,-1,-1,-1,-1,1,0.24658458788740345,-0.056089835265024146
lime,evaluation,1000,6,-1,-1,682,241,0.22710089731847916,0.06829205133106059
kernelshap,evaluation,500,3,377,377,-1,424,0.15300229896027984,0.08711154435073923
occlusion,evaluation,842,2,259,258,15,842,0.17036252172295008,0.10812777025575002
rise,evaluation,1000,-1,-1,-1,-1,1,0.29670850899666734,0.14919175202133203
lime,evaluation,1000,5,-1,-1,-1,468,0.14615406195844116,-0.19591651105947672
kernelshap,evaluation,500,4,-1,-1,104,320,0.12384859129233516,0.25004924797432293
occlusion,evaluation,842,2,259,258,15,842,0.1403466530658079,0.054482178317692864
rise,evaluation,1000,-1,-1,-1,-1,1,-0.14450784593391286,0.08640385395301564
lime,evaluation,1000,12,-1,-1,598,541,0.15581992063380312,0.26887596015876625
kernelshap,evaluation,500,4,259,258,162,391,0.14308922643785993,0.501255920798576
occlusion,evaluation,842,2,259,258,21,842,0.14060153308414555,0.4906164330226602
rise,evaluation,1000,653,-1,-1,-1,1,0.14164878751062132,0.454453136344091
lime,evaluation,1000,6,-1,-1,-1,469,0.2588099068592783,0.42482209842028174
kernelshap,evaluation,500,3,260,258,-1,244,0.461843776868227,0.591408234383664
occlusion,evaluation,842,2,259,258,15,842,0.42912758961268194,0.5104123027871538
rise,evaluation,1000,997,-1,-1,-1,1,0.2142305795554421,0.38844736896189713
lime,evaluation,1000,6,-1,-1,506,361,0.3120359570835717,-0.1947038020938635
kernelshap,evaluation,500,3,-1,-1,67,417,0.04706469760349141,0.2435050318774301
occlusion,evaluation,842,2,259,258,38,842,0.4119120004994329,0.08499058323213826
rise,evaluation,1000,-1,-1,-1,-1,1,0.032795602859550854,-0.22255106823286042
lime,evaluation,1000,2,-1,-1,530,487,0.042379998695105336,-0.29769333355085337
kernelshap,evaluation,500,3,412,412,235,390,-0.10960299199214207,-0.3056031374139366
occlusion,evaluation,842,2,259,258,207,842,0.4081240226747468,-0.07910608350512122
rise,evaluation,1000,-1,-1,-1,-1,1,0.059297086740843996,-0.3915168124144657
lime,evaluation,1000,3,-1,-1,484,218,0.07067369280375713,0.37415943957021225
kernelshap,evaluation,500,3,-1,-1,-1,325,0.2593667647848633,0.35859168766764926
occlusion,evaluation,842,2,259,258,19,842,0.340329500293592,0.49506982892598894
rise,evaluation,1000,911,-1,-1,-1,1,0.3749283452802047,0.3133302050278871
lime,evaluation,1000,7,-1,-1,100,896,0.26624371057775986,-0.06397865022490806
kernelshap,evaluation,500,3,-1,-1,129,437,0.2975276334364253,-0.022739267459041923
occlusion,evaluation,842,2,259,258,25,842,0.3467735327391892,0.08648172385917405
rise,evaluation,1000,-1,-1,-1,-1,1,0.08274290518727978,-0.3658498213471148
lime,evaluation,1000,9,-1,-1,-1,1000,0.08585419145092599,-0.0005385137438452259
kernelshap,evaluation,500,4,-1,-1,-1,301,0.2802709017116285,-0.05686090106846675
occlusion,evaluation,842,2,259,258,18,842,0.32035970623255705,0.11699823299363743
rise,evaluation,1000,-1,-1,-1,-1,1,-0.0162953877344989,0.05062918737157818
lime,evaluation,1000,4,-1,-1,291,371,0.09017945064060201,0.11318521890911909
kernelshap,evaluation,500,3,-1,-1,235,407,0.20313979027254164,0.24911745057448942
occlusion,evaluation,842,2,259,258,15,842,0.2064497868552621,0.2610938665065291
rise,evaluation,1000,-1,-1,-1,-1,1,0.1697296405603993,0.24318671009477272
lime,evaluation,1000,6,-1,-1,-1,1000,0.21132530843024144,0.1628003986435942
kernelshap,evaluation,500,3,-1,258,-1,392,0.22957647308940066,-0.006179436272941485
occlusion,evaluation,842,2,259,258,23,842,0.22276913376554153,0.3072337789926678
rise,evaluation,1000,-1,-1,-1,-1,1,0.11550619472836843,0.04453021903173071
lime,evaluation,1000,11,-1,-1,421,307,0.549776783134439,-0.4390427211883434
kernelshap,evaluation,500,3,-1,-1,461,343,0.4820265299276798,-0.1940702582429367
occlusion,evaluation,842,2,259,258,15,842,0.5375402557543566,-0.14012782516674632
rise,evaluation,1000,-1,-1,-1,-1,1,0.3612577457633961,-0.043554116221002914
lime,evaluation,1000,4,-1,-1,-1,502,0.49442145591013964,-0.29000023909693484
kernelshap,evaluation,500,3,259,258,35,495,0.2670755998768073,0.09442620270701807
occlusion,evaluation,842,2,259,258,15,842,0.45938949486148317,-0.25440002662901406
rise,evaluation,1000,-1,-1,-1,-1,1,0.45549749362835423,-0.08085005922107485
lime,evaluation,1000,3,-1,-1,261,251,0.25100117181532366,0.08906693509221386
kernelshap,evaluation,500,3,260,258,-1,298,0.11477251490550772,0.07288392458314377
occlusion,evaluation,842,2,259,258,19,842,0.34640186354390606,0.24139979980239162
rise,evaluation,1000,-1,-1,-1,-1,1,0.3187184602934849,0.23555793224606275
lime,evaluation,1000,8,-1,-1,160,855,0.023265983692851933,0.4467418235712103
kernelshap,evaluation,500,3,-1,-1,49,456,0.14938823120111805,0.7025805416611547
occlusion,evaluation,842,2,259,258,15,842,0.17599760256883884,0.6976499256181341
rise,evaluation,1000,-1,-1,-1,-1,1,0.1981200215156605,0.6678956246374582
lime,evaluation,1000,10,-1,-1,-1,4,0.06981762990608331,0.5493029818299604
kernelshap,evaluation,500,3,333,333,215,332,0.2489743534981244,0.6579944667090765
occlusion,evaluation,842,2,259,258,19,842,0.12923418479120982,0.6640087835258797
rise,evaluation,1000,-1,-1,-1,-1,1,-0.02976913657039404,0.5756473651460936
lime,evaluation,1000,8,-1,-1,442,309,0.12437684210469796,0.4286906106317929
kernelshap,evaluation,500,3,-1,-1,56,287,0.16129511785056821,0.4326903141975095
occlusion,evaluation,842,2,259,258,16,842,0.2677508946995658,0.6734710566328659
rise,evaluation,1000,-1,-1,-1,-1,1,0.20054514356470465,0.42129519393220394
lime,evaluation,1000,4,-1,-1,162,437,0.16323234398059866,0.5356375739955184
kernelshap,evaluation,500,3,-1,-1,85,452,0.2174580554576096,0.4996057329344694
occlusion,evaluation,842,2,259,258,15,842,0.17834999702809,0.5126871539323474
rise,evaluation,1000,-1,-1,-1,-1,1,0.10501187421650682,0.4540834913224898
lime,evaluation,1000,6,-1,-1,455,223,0.05252783548269235,-0.11066709981227801
kernelshap,evaluation,500,3,-1,-1,-1,241,0.0024803796609148554,-0.20245682185071984
occlusion,evaluation,842,2,259,258,19,842,0.1802476098116017,-0.20777481461395697
rise,evaluation,1000,-1,-1,-1,-1,1,0.31324844489362247,-0.1841675730932536
lime,evaluation,1000,5,-1,-1,990,221,0.3216087217801942,-0.1601853142038408
kernelshap,evaluation,500,3,-1,-1,97,360,0.1610850542600133,-0.22697166070128105
occlusion,evaluation,842,2,259,258,22,842,0.23866854161260564,0.04212953736991948
rise,evaluation,1000,793,-1,-1,-1,1,0.26744529822398133,0.012998151218891973
lime,evaluation,1000,6,-1,-1,559,461,0.19690137718406509,-0.3187511799787899
kernelshap,evaluation,500,3,-1,-1,139,253,0.007565875266436706,-0.20345473650301643
occlusion,evaluation,842,2,259,258,30,842,0.04140692297453369,-0.2838816103418026
rise,evaluation,1000,-1,-1,-1,-1,1,0.07371288074351695,-0.12939818475453463
lime,evaluation,1000,3,-1,-1,130,939,0.6141201672928844,0.13172141509130597
kernelshap,evaluation,500,3,-1,-1,-1,325,0.13063348698401567,0.40212559383362534
occlusion,evaluation,842,2,259,258,15,842,0.5076627692683331,0.37435930476058277
rise,evaluation,1000,926,-1,-1,-1,1,-0.27633424740292867,-0.010284237749874636
lime,evaluation,1000,6,-1,-1,-1,996,0.2842653930251117,0.20372265512669396
kernelshap,evaluation,500,3,260,258,-1,329,0.09346915298240221,0.2047856508654149
occlusion,evaluation,842,2,259,258,16,842,0.09626973454996912,0.16868874061619865
rise,evaluation,1000,-1,-1,-1,-1,1,0.10795977358420716,-0.13871751998158288
lime,evaluation,1000,10,-1,-1,-1,943,0.17167662258452765,-0.13459755404287532
kernelshap,evaluation,500,3,-1,-1,129,433,0.07012489285161794,-0.2278169115263154
occlusion,evaluation,842,2,259,258,18,842,0.0958806281835905,-0.2787377222487521
rise,evaluation,1000,-1,-1,-1,-1,1,-0.06018726203218422,-0.15774681005796082
lime,evaluation,1000,4,-1,-1,389,233,-0.10729268397653868,-0.060060169187872936
kernelshap,evaluation,500,3,-1,-1,153,332,-0.14728641674044807,-0.2348247531698547
occlusion,evaluation,842,2,259,258,59,842,0.0037135304351337828,-0.08072071504494005
rise,evaluation,1000,869,-1,-1,-1,1,0.12964944901730674,0.02737939513410481
lime,evaluation,1000,6,-1,-1,-1,486,0.11864900359875036,0.04524909257378129
kernelshap,evaluation,500,3,-1,-1,373,463,-0.07366110602588377,-0.07704824206767852
occlusion,evaluation,842,2,259,258,23,842,0.05252162273714589,-0.1398471691719806
rise,evaluation,1000,-1,-1,-1,-1,1,0.10941600741218166,0.03331236193236009
lime,evaluation,1000,14,-1,-1,-1,333,-0.08963567307259834,-0.09539727994254865
kernelshap,evaluation,500,4,-1,-1,53,243,-0.3276592574254892,-0.18974911033081132
occlusion,evaluation,842,2,259,258,15,842,-0.023982929743662895,-0.29981918489968107
rise,evaluation,1000,-1,-1,-1,-1,1,0.15885101621659037,0.10045981758861156
lime,evaluation,1000,3,-1,-1,800,246,0.1469066555723998,-0.15609899576210184
kernelshap,evaluation,500,3,-1,-1,-1,381,0.0008440453260618597,-0.3110829403441665
occlusion,evaluation,842,2,259,258,29,842,0.04391865023276298,-0.22384921925264079
rise,evaluation,1000,-1,-1,-1,-1,1,-0.058400610469823255,-0.22185401943564287
lime,fit,1000,5,-1,-1,-1,504,-0.06646897565806287,-0.5474158672695921
kernelshap,fit,500,3,-1,-1,107,448,0.183142542373389,0.020233770689947028
occlusion,fit,842,2,259,258,16,842,0.029972128383815244,-0.5485844570830523
rise,fit,1000,-1,-1,-1,-1,1,-0.12650138932513078,-0.41272398961227735
lime,fit,1000,9,-1,-1,-1,935,0.1855902650454333,-0.27399573114265363
kernelshap,fit,500,4,-1,-1,316,272,0.16605541604998275,-0.3380694819297709
occlusion,fit,842,2,259,258,16,842,0.28944980080337923,-0.14921999509551115
rise,fit,1000,-1,-1,-1,-1,1,0.40341257822305465,0.03469195018312804
lime,fit,1000,6,-1,-1,756,331,0.20092327487889183,0.05179720633855145
kernelshap,fit,500,3,-1,-1,-1,276,0.1398873348850389,0.06435642037631628
occlusion,fit,842,2,259,258,57,842,0.2623608508080679,0.1921614160159152
rise,fit,1000,-1,-1,-1,-1,1,0.3178331771688818,0.28463258924666657
lime,fit,1000,15,-1,-1,-1,149,0.3215970436926,-0.11939805434958545
kernelshap,fit,500,3,-1,-1,403,310,0.4692777773274429,0.2481293315093353
occlusion,fit,842,2,259,258,15,842,0.32993140303424295,0.12418920138297834
rise,fit,1000,-1,-1,-1,-1,1,0.3652570320718951,0.10556236038682981
lime,fit,1000,4,-1,-1,-1,985,-0.07094088869741877,-0.47993540685529296
kernelshap,fit,500,3,-1,-1,-1,457,0.41409479506983193,0.02256887277144415
occlusion,fit,842,2,259,258,22,842,0.5639896236938512,-0.022752380325982813
rise,fit,1000,460,-1,-1,-1,1,0.06576735887647378,0.11277976670904766
lime,fit,1000,6,-1,-1,-1,12,0.039523716497933514,-0.31130442653229695
kernelshap,fit,500,3,-1,-1,-1,410,-0.2740007595773932,0.06296451493981292
occlusion,fit,842,2,259,258,25,842,0.3741732786631473,0.15545274137330123
rise,fit,1000,-1,-1,-1,-1,1,0.13987997632330007,-0.261462768225465
lime,fit,1000,8,-1,-1,612,232,0.010966539990295121,0.15155826095779046
kernelshap,fit,500,4,-1,-1,305,353,-0.08344821142509318,-0.0189577551425828
occlusion,fit,842,2,259,258,78,842,0.3137539771163347,0.19058461126674042
rise,fit,1000,-1,-1,-1,-1,1,0.27080750538261783,0.16494116898775246
lime,fit,1000,7,-1,-1,-1,478,0.31281273745380533,0.06337693086700258
kernelshap,fit,500,3,-1,-1,75,483,0.11831449922069626,-0.1827787868568066
occlusion,fit,842,2,259,258,25,842,0.4258193615577852,0.08476976715473938
rise,fit,1000,-1,-1,-1,-1,1,0.4097597930805932,0.21768358865201665
lime,fit,1000,9,-1,-1,575,477,0.35041767968723436,-0.1109834623591098
kernelshap,fit,500,3,-1,-1,69,301,0.4226758688731934,-0.1809075090603443
occlusion,fit,842,2,259,258,15,842,0.39372277830137814,-0.11121908193457272
rise,fit,1000,-1,-1,-1,-1,1,0.39827490214265704,-0.007966796710458357
lime,fit,1000,5,-1,-1,957,132,0.2692333298778976,-0.010084924078353208
kernelshap,fit,500,3,282,282,130,389,-0.11060763031455279,-0.3007052463738944
occlusion,fit,842,2,259,258,15,842,0.5749278254836099,-0.0017914200966061
rise,fit,1000,-1,-1,-1,-1,1,0.3903635602065606,0.14273308627296044
lime,fit,1000,9,-1,-1,185,469,0.1289406212253198,0.5494903691194907
kernelshap,fit,500,4,-1,-1,209,436,0.074014418631009,0.4577488709358818
occlusion,fit,842,2,259,258,15,842,0.14407407836479252,0.5371108608461782
rise,fit,1000,941,-1,-1,-1,1,0.12910231542882683,0.5542713602060985
lime,fit,1000,6,-1,-1,-1,189,0.11913364792685571,-0.09680610217352992
kernelshap,fit,500,3,-1,-1,158,444,0.1773614464500305,-0.02852864362710078
occlusion,fit,842,2,259,258,118,842,0.2270413741581251,0.14826625435663088
rise,fit,1000,-1,-1,-1,-1,1,0.09773844095316236,0.09216290299737045
lime,fit,1000,11,-1,-1,-1,407,0.06787913887330888,-0.20988654851821592
kernelshap,fit,500,4,259,258,104,429,0.0003947217029918182,-0.15096073838479074
occlusion,fit,842,2,259,258,30,842,0.507593839077731,-0.11817251794567768
rise,fit,1000,-1,-1,-1,-1,1,0.12758707652660917,-0.2020776376909879
lime,fit,1000,3,-1,-1,-1,988,0.3177118376969645,0.5238313261363601
kernelshap,fit,500,3,-1,-1,109,458,0.03615317583388561,0.3627327615480681
occlusion,fit,842,2,259,258,31,842,0.20066325818083897,0.5626600169177436
rise,fit,1000,-1,-1,-1,-1,1,0.23181583854428423,0.22278185747723
lime,fit,1000,4,-1,-1,-1,522,0.19776381956291972,-0.10684639936353046
kernelshap,fit,500,3,381,382,-1,317,0.22998089130816907,-0.08199858944281002
occlusion,fit,842,2,259,258,15,842,0.532369206016412,0.4074937585470252
rise,fit,1000,-1,-1,-1,-1,1,-0.03631524627946303,-0.06313529731123713
lime,fit,1000,7,-1,-1,427,227,0.1905878646836186,-0.03461041769287193
kernelshap,fit,500,3,-1,-1,-1,337,0.268422502630483,0.1314382851232988
occlusion,fit,842,2,259,258,15,842,0.07331278065124708,-0.10493584019132812
rise,fit,1000,-1,-1,-1,-1,1,-0.010463582623117418,-0.08401973393777451
lime,calibration,1000,4,-1,-1,-1,505,-0.21373906608951077,0.04182267825090091
kernelshap,calibration,500,3,-1,-1,72,489,0.3569632101829484,0.18182927104280677
occlusion,calibration,842,2,259,258,15,842,0.09836175789799312,0.29935883780271977
rise,calibration,1000,841,-1,-1,-1,1,0.10232063271978409,-0.26899897022667574
lime,calibration,1000,2,-1,-1,-1,664,0.2292864695216622,0.09400393580217498
kernelshap,calibration,500,3,-1,-1,99,415,0.062460384358621446,-0.07374790912197116
occlusion,calibration,842,2,259,258,15,842,0.12952818805110838,-0.27673847959067643
rise,calibration,1000,590,-1,-1,-1,1,0.18284703493029608,0.16283532433469644
lime,calibration,1000,6,-1,-1,199,819,0.3717684290956186,0.08183972135096837
kernelshap,calibration,500,3,-1,-1,55,478,0.3410872009641196,0.07242865391762691
occlusion,calibration,842,2,259,258,21,842,0.2285269832685799,0.03196703700624112
rise,calibration,1000,-1,-1,-1,-1,1,-0.021796445614748472,-0.25692406707146276
lime,calibration,1000,15,-1,-1,313,711,0.17675367869014735,0.29000103645577724
kernelshap,calibration,500,3,-1,-1,59,310,0.19202743716923576,0.28645449121172534
occlusion,calibration,842,2,259,258,15,842,0.22778408553149349,0.27186458005512576
rise,calibration,1000,-1,-1,-1,-1,1,0.2429960262533314,0.2824638914123738
lime,calibration,1000,6,-1,-1,689,249,0.4734876629943756,0.06832860457052448
kernelshap,calibration,500,3,259,258,-1,484,0.16391601647974308,0.08308783266220421
occlusion,calibration,842,2,259,258,15,842,0.2044957865982724,-0.03175062523177985
rise,calibration,1000,871,-1,-1,-1,1,-0.004948550619155889,0.28368568076207334
lime,calibration,1000,7,-1,-1,860,243,0.2208507050003391,-0.392857618589187
kernelshap,calibration,500,3,-1,-1,-1,302,0.07836156615521761,-0.15456684471719195
occlusion,calibration,842,2,259,258,27,842,0.1958474194769224,-0.3204496034624753
rise,calibration,1000,927,-1,-1,-1,1,0.0011919010663404839,-0.442436830420047
lime,calibration,1000,9,-1,-1,-1,501,0.2453743296722678,0.2283997383608949
kernelshap,calibration,500,4,-1,-1,130,466,-0.13955530032253594,0.2562375617824728
occlusion,calibration,842,2,259,258,15,842,-0.01625032718693542,0.027780248760245763
rise,calibration,1000,-1,-1,-1,-1,1,0.12022854313599962,0.26986233750358224
lime,calibration,1000,5,-1,-1,59,256,-0.0226795322373107,0.0804895157118608
kernelshap,calibration,500,3,261,258,-1,459,0.018990087392859317,-0.042600471622336045
occlusion,calibration,842,2,259,258,17,842,0.09444914665251644,0.03377793784852656
rise,calibration,1000,-1,-1,-1,-1,1,-0.08617908065541541,-0.020004572979453877
lime,calibration,1000,4,-1,-1,774,176,0.2341074726531588,0.1403321127534923
kernelshap,calibration,500,3,-1,-1,71,269,0.354775574721134,0.11077973264473256
occlusion,calibration,842,2,259,258,15,842,0.1827955913473488,-0.05705877762829914
rise,calibration,1000,723,-1,-1,-1,1,0.14450576276103677,-0.02651588376002109
lime,calibration,1000,5,-1,-1,-1,700,0.1912539312691024,0.17811909819570249
kernelshap,calibration,500,3,-1,-1,70,440,0.2926509796459641,0.18752189933570662
occlusion,calibration,842,2,259,258,15,842,0.2914746255675936,0.14833205663252047
rise,calibration,1000,-1,-1,-1,-1,1,0.29786284863166657,0.24110130512374328
lime,calibration,1000,2,-1,-1,111,486,0.29950958959643686,0.6834154811687767
kernelshap,calibration,500,3,289,289,93,319,0.36506350472288884,0.7686326431066846
occlusion,calibration,842,2,259,258,17,842,0.31704718054870684,0.7045151147292927
rise,calibration,1000,-1,-1,-1,-1,1,0.2516766321863543,0.6920132313622162
lime,calibration,1000,10,-1,-1,290,471,0.22662823922145137,-0.10705449506905274
kernelshap,calibration,500,3,-1,-1,-1,494,0.12304576028643338,-0.1372749347081509
occlusion,calibration,842,2,259,258,17,842,0.36585307071246975,0.07269040491143813
rise,calibration,1000,-1,-1,-1,-1,1,0.27685106593591513,0.04501291525392903
lime,calibration,1000,4,-1,-1,-1,504,0.22385281221025366,-0.03431081633359556
kernelshap,calibration,500,3,259,258,-1,441,0.05462595001192766,-0.27562393480463926
occlusion,calibration,842,2,259,258,15,842,0.17840191896581814,0.07390136826531946
rise,calibration,1000,-1,-1,-1,-1,1,0.3063226842422864,0.13362515691023874
lime,calibration,1000,7,-1,-1,-1,885,0.3384346201720064,0.5602490915227918
kernelshap,calibration,500,4,259,258,54,274,0.05633010789631354,0.4671515235484549
occlusion,calibration,842,2,259,258,16,842,0.3245190650664199,0.4449525755282593
rise,calibration,1000,-1,-1,-1,-1,1,0.28141213412912974,0.4609831378415038
lime,calibration,1000,5,-1,-1,497,570,0.2825361335673847,0.1647592208686547
kernelshap,calibration,500,3,-1,-1,73,451,-0.110796511372655,0.03126722485285427
occlusion,calibration,842,2,259,258,15,842,0.21363667609257392,-0.04126360557143016
rise,calibration,1000,76,-1,-1,-1,1,0.23028909013969495,0.2729780099594791
lime,calibration,1000,7,-1,-1,898,481,0.18842690265920758,0.008517550272824803
kernelshap,calibration,500,4,-1,-1,-1,459,-0.18544087239994694,-0.20037622121473503
occlusion,calibration,842,2,259,258,15,842,0.2805585292491003,0.006243800972040969
rise,calibration,1000,-1,-1,-1,-1,1,0.2216167686215087,0.05686510395204039
lime,evaluation,1000,2,-1,-1,757,483,-0.11449757971568031,-0.4205216560774716
kernelshap,evaluation,500,3,259,258,115,462,0.1312817777972668,-0.45000754628786127
occlusion,evaluation,842,2,259,258,15,842,-0.09583463601884434,-0.4834438025600776
rise,evaluation,1000,-1,-1,-1,-1,1,-0.11474477630108593,-0.45188659831596856
lime,evaluation,1000,2,-1,-1,-1,983,-0.038134613446891286,-0.1584876112014172
kernelshap,evaluation,500,3,259,258,385,402,0.09590344888420077,0.03045119316775524
occlusion,evaluation,842,2,259,258,15,842,-0.08035215459531175,-0.15212433869019149
rise,evaluation,1000,-1,-1,-1,-1,1,0.010342586447950497,-0.11072419536649247
lime,evaluation,1000,9,-1,-1,-1,489,-0.09363155920291322,-0.14874256448820233
kernelshap,evaluation,500,3,464,464,-1,268,-0.0036379773635417667,0.02146736942231653
occlusion,evaluation,842,2,259,258,15,842,-0.007491345470771238,-0.15641700471751396
rise,evaluation,1000,-1,-1,-1,-1,1,0.01359127781470304,-0.16786869880743327
lime,evaluation,1000,4,-1,-1,-1,500,-0.08442867826670408,-0.10864812993677331
kernelshap,evaluation,500,3,260,258,-1,309,-0.03743052603676911,0.00517494953237474
occlusion,evaluation,842,2,259,258,15,842,0.1200487057634746,0.05379783582175146
rise,evaluation,1000,-1,-1,-1,-1,1,0.12505785604007547,0.08400075053796174
lime,evaluation,1000,8,-1,-1,-1,980,0.2982182006595764,-0.28165652795761675
kernelshap,evaluation,500,3,425,425,-1,482,0.3459062108856443,0.01697267054559004
occlusion,evaluation,842,2,259,258,26,842,0.27351691215374885,-0.2834528516405811
rise,evaluation,1000,-1,-1,-1,-1,1,0.4144724239528592,0.035714012059708033
lime,evaluation,1000,5,-1,-1,-1,798,0.18787933689620573,0.14981753880441034
kernelshap,evaluation,500,3,-1,-1,491,324,0.22941092774395316,0.09659202083735749
occlusion,evaluation,842,2,259,258,17,842,0.219779588825957,-0.037801807104241913
rise,evaluation,1000,-1,-1,-1,-1,1,0.2595841780988323,0.10383317494960237
lime,evaluation,1000,9,-1,-1,-1,36,0.22026508783383675,-0.06185466667883474
kernelshap,evaluation,500,3,-1,-1,296,345,0.22898986291297663,-0.17697010469737506
occlusion,evaluation,842,2,259,258,16,842,0.12576235438141625,-0.5164944200801755
rise,evaluation,1000,-1,-1,-1,-1,1,0.2519121626549804,-0.20140552951846757
lime,evaluation,1000,5,-1,-1,-1,461,0.23183632540749388,0.1219878175787017
kernelshap,evaluation,500,4,-1,-1,185,298,0.39646904708934017,0.31149060377356363
occlusion,evaluation,842,2,259,258,31,842,-0.010182529874146029,-0.2904770087336146
rise,evaluation,1000,-1,-1,-1,-1,1,-0.042587946547428146,-0.24827367301331837
lime,evaluation,1000,8,-1,-1,-1,858,0.36473665509117836,-0.08071749514947442
kernelshap,evaluation,500,3,260,258,-1,477,0.21324672135124273,-0.1534296575612643
occlusion,evaluation,842,2,259,258,17,842,0.30660665868799697,-0.07731606608822403
rise,evaluation,1000,171,-1,-1,-1,1,0.18843443069090426,-0.07265647488557078
lime,evaluation,1000,8,-1,-1,-1,857,0.19497610093931145,0.043493354648308
kernelshap,evaluation,500,4,-1,-1,29,481,0.29469095056792866,0.1452799223799957
occlusion,evaluation,842,2,259,258,30,842,0.33099477370060415,0.2768896256427979
rise,evaluation,1000,320,-1,-1,-1,1,-0.07496882642112723,-0.38670616324134244
lime,evaluation,1000,10,-1,-1,-1,572,0.4365752402067301,-0.48811739936209053
kernelshap,evaluation,500,3,-1,-1,-1,253,0.07855184467771326,-0.1347101869738253
occlusion,evaluation,842,2,259,258,18,842,0.18241735586052532,-0.3055802566741477
rise,evaluation,1000,-1,-1,-1,-1,1,0.047151925065554656,-0.5080205871803628
lime,evaluation,1000,5,-1,-1,-1,596,0.5936045516347803,-0.197088044429222
kernelshap,evaluation,500,4,-1,-1,-1,300,0.02618502904006159,-0.39179585095295055
occlusion,evaluation,842,2,259,258,26,842,0.39623003679243995,-0.033661470701440516
rise,evaluation,1000,-1,-1,-1,-1,1,0.189426126629337,-0.5268141525762587
lime,evaluation,1000,11,-1,-1,-1,951,0.36058183289678714,0.507659773947671
kernelshap,evaluation,500,3,303,303,70,340,0.2656539387564407,0.3068176808883436
occlusion,evaluation,842,2,259,258,15,842,0.25184155577444467,0.41850919611752035
rise,evaluation,1000,-1,-1,-1,-1,1,0.12881008962358464,0.21426233173115183
lime,evaluation,1000,8,-1,-1,819,900,0.2753007503983099,-0.3874787817243487
kernelshap,evaluation,500,3,-1,-1,-1,367,-0.10767227877076946,-0.06696506603548186
occlusion,evaluation,842,2,259,258,24,842,0.40635428749374114,-0.26922976963651307
rise,evaluation,1000,-1,-1,-1,-1,1,0.011175891909442681,-0.5475483113976225
lime,evaluation,1000,11,-1,-1,-1,890,0.35373955536597346,0.012440620080451492
kernelshap,evaluation,500,3,-1,-1,-1,263,0.05633072495138547,-0.09144845239061394
occlusion,evaluation,842,2,259,258,15,842,0.29872801074398014,0.08421149171808795
rise,evaluation,1000,775,-1,-1,-1,1,0.1617286672698356,0.034611640326420445
lime,evaluation,1000,12,-1,-1,160,929,0.3061058989467711,0.6603452484217996
kernelshap,evaluation,500,3,-1,-1,271,449,0.21452180193446113,0.5996747120923829
occlusion,evaluation,842,2,259,258,25,842,0.3679715592719731,0.4990895286668092
rise,evaluation,1000,-1,-1,-1,-1,1,0.3283681199309285,0.05307341044244818
lime,evaluation,1000,8,-1,-1,81,944,0.3279251202376031,0.6567102800829161
kernelshap,evaluation,500,3,-1,-1,-1,367,0.32798570900195045,0.7425537131279271
occlusion,evaluation,842,2,259,258,44,842,0.29527809831142804,0.3558694033708889
rise,evaluation,1000,-1,-1,-1,-1,1,0.08774055132887498,0.4050376541097649
lime,evaluation,1000,7,-1,-1,-1,679,0.43380325110483686,0.1675249135495136
kernelshap,evaluation,500,3,-1,-1,171,256,0.4011965310108281,-0.2644222498213651
occlusion,evaluation,842,2,259,258,15,842,0.4388600192871308,0.1296955268660156
rise,evaluation,1000,-1,-1,-1,-1,1,0.4434562563887994,0.13159209039719144
lime,evaluation,1000,5,-1,-1,-1,932,0.5379624421308563,0.15611825215868294
kernelshap,evaluation,500,3,-1,-1,-1,464,0.4421120634830913,0.10766946518097029
occlusion,evaluation,842,2,259,258,16,842,0.47836764981302626,0.16252579945246454
rise,evaluation,1000,-1,-1,-1,-1,1,0.38106353843850227,-0.05302305448149128
lime,evaluation,1000,5,-1,-1,800,87,0.44790892809542127,0.11549561686038032
kernelshap,evaluation,500,3,-1,-1,79,232,0.10577664264710618,-0.2131085891888688
occlusion,evaluation,842,2,259,258,15,842,0.4526360491934781,0.12668691856792974
rise,evaluation,1000,-1,-1,-1,-1,1,0.5335996391911977,0.14863035990965728
lime,evaluation,1000,7,-1,-1,91,929,0.024992428487044555,0.8199563824906363
kernelshap,evaluation,500,5,-1,-1,-1,437,0.1722829668550247,0.865365163502247
occlusion,evaluation,842,2,259,258,15,842,0.1827402384389302,0.7476554105036485
rise,evaluation,1000,-1,-1,-1,-1,1,0.14308486894177008,0.7310591910665607
lime,evaluation,1000,6,-1,-1,-1,381,0.11693281632676361,0.5268270069940627
kernelshap,evaluation,500,4,-1,-1,-1,300,0.05297988799799214,0.5492687559071783
occlusion,evaluation,842,2,259,258,21,842,0.10167374289310374,0.49276072067195853
rise,evaluation,1000,-1,-1,-1,-1,1,0.0708860315991501,0.34775256112261554
lime,evaluation,1000,8,-1,-1,-1,914,0.24236155969374518,0.48006428698472514
kernelshap,evaluation,500,3,-1,-1,45,432,0.44480986793323607,0.6646908186259679
occlusion,evaluation,842,2,259,258,24,842,0.4446088173612225,0.6557004269066965
rise,evaluation,1000,-1,-1,-1,-1,1,-0.008443342378268381,0.5198929015561589
lime,evaluation,1000,7,-1,-1,56,718,0.4235561013989354,0.7553417716990225
kernelshap,evaluation,500,3,260,258,285,370,0.3174566351931617,0.6236496361525496
occlusion,evaluation,842,2,259,258,20,842,0.3821227492560866,0.659138599498192
rise,evaluation,1000,-1,-1,-1,-1,1,0.4227497716681683,0.6885175129717027
lime,evaluation,1000,5,-1,-1,407,347,0.09184376979575004,-0.034133136511145246
kernelshap,evaluation,500,3,-1,-1,136,443,0.09036875142387546,-0.16439703277480489
occlusion,evaluation,842,2,259,258,18,842,0.3682642550196988,0.07449569336074235
rise,evaluation,1000,-1,-1,-1,-1,1,0.09982631792743318,-0.0579344961755604
lime,evaluation,1000,14,-1,-1,-1,219,0.21463792492459105,0.06639126636722714
kernelshap,evaluation,500,3,259,258,67,283,0.012321689729992591,-0.15756008820183975
occlusion,evaluation,842,2,259,258,26,842,0.32926985506704226,-0.03361912469426365
rise,evaluation,1000,685,-1,-1,-1,1,0.24423170433171604,0.0885668073599778
lime,evaluation,1000,4,-1,-1,342,131,0.06515487345520654,-0.19988890848105606
kernelshap,evaluation,500,3,260,258,317,284,-0.08318980864178227,-0.33847437177804807
occlusion,evaluation,842,2,259,258,15,842,0.2807388905177618,0.03099921577324949
rise,evaluation,1000,-1,-1,-1,-1,1,0.29251228994766904,0.1191338167400545
lime,evaluation,1000,4,-1,-1,544,941,0.28593552934714667,0.13654140364378686
kernelshap,evaluation,500,3,-1,-1,51,422,-0.009531388697905596,-0.10080612044012016
occlusion,evaluation,842,2,259,258,15,842,0.27721234974551406,0.054747792144189567
rise,evaluation,1000,-1,-1,-1,-1,1,0.10511463009061117,0.0640147546981098
lime,evaluation,1000,6,-1,-1,-1,846,0.14090912347566587,0.31131610687700684
kernelshap,evaluation,500,3,-1,-1,-1,396,0.07935271583137365,0.2639000471580403
occlusion,evaluation,842,2,259,258,21,842,0.4224100099061616,0.22542439005428605
rise,evaluation,1000,-1,-1,-1,-1,1,0.095045801167214,-0.09796775550112213
lime,evaluation,1000,3,-1,-1,-1,983,-0.21309175418533643,-0.5109752287010452
kernelshap,evaluation,500,3,261,258,-1,478,-0.008710630314783474,-0.23084610715368398
occlusion,evaluation,842,2,259,258,15,842,0.25337954056099077,-0.4028397183011293
rise,evaluation,1000,-1,-1,-1,-1,1,-0.12057243480265922,-0.54730625554256
lime,evaluation,1000,7,-1,-1,764,177,0.38989075641825366,0.44940373117642596
kernelshap,evaluation,500,3,446,446,194,251,0.03538437681042983,0.3058399961812711
occlusion,evaluation,842,2,259,258,15,842,0.07144537155240871,0.10526270135212601
rise,evaluation,1000,-1,-1,-1,-1,1,0.10010621564980515,-0.03623757263213745
lime,evaluation,1000,2,-1,-1,-1,894,0.24674057530946525,0.003900508563867089
kernelshap,evaluation,500,3,-1,-1,82,459,-0.2327765865073559,-0.2081603337455853
occlusion,evaluation,842,2,259,258,17,842,0.23529319975647384,-0.23930838483204048
rise,evaluation,1000,-1,-1,-1,-1,1,0.24405445941845016,0.07585853392081532
lime,evaluation,1000,5,-1,-1,90,230,0.3005648819616852,0.2600216189139572
kernelshap,evaluation,500,3,452,452,-1,271,0.013925435020064492,0.19780178206443297
occlusion,evaluation,842,2,259,258,27,842,0.39575280447666045,0.24220114339799553
rise,evaluation,1000,-1,-1,-1,-1,1,0.27450827532466066,0.19220959187250092
lime,evaluation,1000,8,-1,-1,451,336,0.1247301137633059,0.013242676306299467
kernelshap,evaluation,500,3,-1,-1,-1,406,0.1987870157610473,0.09548795261764981
occlusion,evaluation,842,2,259,258,19,842,0.17993528878728143,0.0725020403061066
rise,evaluation,1000,-1,-1,-1,-1,1,0.12290658539264995,0.11357586631597413
lime,fit,1000,4,-1,-1,-1,983,-0.03263390269130473,-0.16608480024151506
kernelshap,fit,500,3,260,258,136,464,0.12802099911496045,0.243793964816723
occlusion,fit,842,2,259,258,21,842,-0.04481277116574345,-0.14090575027512386
rise,fit,1000,-1,-1,-1,-1,1,0.11858962839469311,-0.02922352338209744
lime,fit,1000,5,-1,-1,-1,771,0.29736113185753654,0.0413096050991591
kernelshap,fit,500,4,-1,-1,450,338,0.3727004627572853,-0.015721649409292132
occlusion,fit,842,2,259,258,15,842,0.40530373803466946,0.12360321408309999
rise,fit,1000,-1,-1,-1,-1,1,0.41275362570038077,-0.058634524685204775
lime,fit,1000,4,-1,-1,-1,6,0.15900861355797247,-0.029949196348104556
kernelshap,fit,500,3,-1,-1,161,345,0.18383222844706779,0.14117698989912525
occlusion,fit,842,2,259,258,29,842,0.1990236820149221,0.20037290263953766
rise,fit,1000,-1,-1,-1,-1,1,0.13665782209452004,0.04449028522626575
lime,fit,1000,5,-1,-1,151,505,0.4581014027411584,0.46461633100407196
kernelshap,fit,500,3,260,258,-1,258,0.358888672129251,0.30188720572987227
occlusion,fit,842,2,259,258,26,842,0.3614951457249844,-0.130370613213745
rise,fit,1000,-1,-1,-1,-1,1,0.6283667127703666,0.03363021345139716
lime,fit,1000,7,-1,-1,57,996,0.22048697095378883,0.5561691506532952
kernelshap,fit,500,3,368,368,-1,261,0.4530842468198898,0.7498177740953906
occlusion,fit,842,2,259,258,15,842,0.2967813406445202,0.2909844517635065
rise,fit,1000,-1,-1,-1,-1,1,0.19724591188351043,0.5138193012026022
lime,fit,1000,15,-1,-1,-1,2,0.07645275311301702,-0.074724367527233
kernelshap,fit,500,3,-1,-1,-1,434,0.0654808379680617,0.18125664011386106
occlusion,fit,842,2,259,258,17,842,0.45152957007521766,0.3191203476533701
rise,fit,1000,932,-1,-1,-1,1,0.40044272351806287,0.20669833205756732
lime,fit,1000,5,-1,-1,55,993,-0.07409161137852605,0.08250915712706042
kernelshap,fit,500,3,-1,-1,-1,293,0.22963104136994728,0.10773946147855895
occlusion,fit,842,2,259,258,15,842,0.12286622655406065,0.13748736256275151
rise,fit,1000,518,-1,-1,-1,1,0.24354325160528562,0.31891549035753997
lime,fit,1000,2,-1,-1,-1,246,0.38218133064666515,-0.18817905878568697
kernelshap,fit,500,3,330,330,-1,280,0.1743060097553098,-0.01148700081738524
occlusion,fit,842,2,259,258,15,842,0.5120026120107468,0.20505469023844397
rise,fit,1000,796,-1,-1,-1,1,0.34673087536624503,0.16445821875954608
lime,fit,1000,13,-1,-1,-1,4,0.3100122601174576,-0.2123655466508211
kernelshap,fit,500,3,-1,-1,128,438,0.3082465903775301,-0.021782294975410815
occlusion,fit,842,2,259,258,15,842,0.28042031109604865,0.08591397953345775
rise,fit,1000,349,-1,-1,-1,1,0.31039128292868556,0.08475731347991769
lime,fit,1000,8,-1,-1,466,561,0.4186625870737771,-0.021030617687074482
kernelshap,fit,500,3,-1,-1,75,468,-0.03808380011505508,-0.5182741240292984
occlusion,fit,842,2,259,258,20,842,0.3321360271787853,-0.06022487776328944
rise,fit,1000,77,-1,-1,-1,1,0.39014466814364823,-0.004792699092831754
lime,fit,1000,4,-1,-1,-1,8,0.20215084810042755,0.49321178095706275
kernelshap,fit,500,3,-1,-1,-1,278,0.4025734163139532,0.689509036889649
occlusion,fit,842,2,259,258,29,842,0.4038497776836266,0.7252263592039526
rise,fit,1000,546,-1,-1,-1,1,0.25586523710444453,0.7257253280666192
lime,fit,1000,7,-1,-1,-1,492,0.03753271099125188,-0.477974137977003
kernelshap,fit,500,3,379,379,125,453,0.1450060468833385,-0.21942126206461127
occlusion,fit,842,2,259,258,15,842,0.28864926191379825,-0.17166597140483192
rise,fit,1000,-1,-1,-1,-1,1,0.13971682240439803,-0.23520250916080843
lime,fit,1000,7,-1,-1,-1,465,0.18973412161165015,-0.05752270645770191
kernelshap,fit,500,3,-1,-1,79,467,0.03932418365106971,-0.11494777833970604
occlusion,fit,842,2,259,258,16,842,0.21931458261672032,-0.03454046058660226
rise,fit,1000,-1,-1,-1,-1,1,0.2722239342440844,0.058098006876912245
lime,fit,1000,4,-1,-1,-1,934,0.14348765198233193,-0.0654635129567851
kernelshap,fit,500,3,323,323,-1,291,0.006848500953557823,0.284291523497086
occlusion,fit,842,2,259,258,15,842,0.3416447064066006,-0.16604659785116382
rise,fit,1000,-1,-1,-1,-1,1,0.04648615506446274,0.2557959631683844
lime,fit,1000,4,-1,-1,-1,900,0.37013778188505175,0.2636701952480507
kernelshap,fit,500,3,-1,-1,-1,473,-0.03306713312136933,0.17103434040909637
occlusion,fit,842,2,259,258,15,842,0.3611894784223523,0.1455462032119612
rise,fit,1000,-1,-1,-1,-1,1,0.1686080786083266,0.06689282769657434
lime,fit,1000,4,-1,-1,-1,504,0.33602095712838886,0.20745194521655674
kernelshap,fit,500,3,-1,-1,134,432,0.15124288596096847,0.1520175589590707
occlusion,fit,842,2,259,258,15,842,0.1392210156315173,0.006064128251803802
rise,fit,1000,459,-1,-1,-1,1,0.3499326444394086,0.27612357274758564
