session_id,queries,max_match,first_alarm,flagged_queries,first_alarm_recorded,flagged_queries_recorded_rule
calibration__297__denoise__attack__nes__l0.5,1021,48,2,547,2,687
calibration__297__denoise__restore__nes__l0.5,1021,48,7,771,6,878
calibration__297__denoise__random_walk__random_walk__l0.5,1024,49,2,1023,2,1023
calibration__297__denoise__confidence_boost__nes__l0.5,1021,48,2,751,2,878
calibration__297__denoise__boundary_probe__nes__l0.5,1021,48,3,536,3,707
calibration__297__denoise__counterfactual__nes__l0.5,1021,49,7,634,7,784
calibration__297__deblur__attack__nes__l1,1021,49,4,641,4,776
calibration__297__deblur__restore__nes__l1,1021,48,8,612,8,752
calibration__297__deblur__random_walk__random_walk__l1,1024,49,2,1023,2,1023
calibration__297__deblur__confidence_boost__nes__l1,1021,49,12,560,6,698
calibration__297__deblur__boundary_probe__nes__l1,1021,49,9,673,9,799
calibration__297__deblur__counterfactual__nes__l1,1021,49,2,647,2,801
calibration__4792__denoise__attack__nes__l0.5,1021,48,6,700,6,823
calibration__4792__denoise__restore__nes__l0.5,1021,49,6,603,6,750
calibration__4792__denoise__random_walk__random_walk__l0.5,1024,50,2,1023,2,1023
calibration__4792__denoise__confidence_boost__nes__l0.5,1021,48,3,685,3,824
calibration__4792__denoise__boundary_probe__nes__l0.5,1021,49,5,648,4,786
calibration__4792__denoise__counterfactual__nes__l0.5,1021,50,2,743,2,843
calibration__4792__deblur__attack__nes__l1,1021,48,9,348,9,507
calibration__4792__deblur__restore__nes__l1,1021,48,7,473,7,643
calibration__4792__deblur__random_walk__random_walk__l1,1024,49,2,1023,2,1023
calibration__4792__deblur__confidence_boost__nes__l1,1021,48,2,562,2,735
calibration__4792__deblur__boundary_probe__nes__l1,1021,49,5,471,5,623
calibration__4792__deblur__counterfactual__nes__l1,1021,49,2,589,2,725
calibration__619__denoise__attack__nes__l0.5,1021,49,3,786,2,866
calibration__619__denoise__restore__nes__l0.5,1021,50,3,812,2,907
calibration__619__denoise__random_walk__random_walk__l0.5,1024,50,2,1023,2,1023
calibration__619__denoise__confidence_boost__nes__l0.5,1021,49,5,746,4,865
calibration__619__denoise__boundary_probe__nes__l0.5,1021,50,4,590,4,737
calibration__619__denoise__counterfactual__nes__l0.5,1021,49,8,629,3,755
calibration__619__deblur__attack__nes__l1,1021,48,4,296,4,423
calibration__619__deblur__restore__nes__l1,1021,47,2,548,2,700
calibration__619__deblur__random_walk__random_walk__l1,1024,49,2,1023,2,1023
calibration__619__deblur__confidence_boost__nes__l1,1021,50,10,577,5,736
calibration__619__deblur__boundary_probe__nes__l1,1021,49,3,395,3,537
calibration__619__deblur__counterfactual__nes__l1,1021,47,5,313,3,448
calibration__9662__denoise__attack__nes__l0.5,1021,48,10,483,5,646
calibration__9662__denoise__restore__nes__l0.5,1021,47,5,423,5,562
calibration__9662__denoise__random_walk__random_walk__l0.5,1024,49,2,1023,2,1023
calibration__9662__denoise__confidence_boost__nes__l0.5,1021,48,5,442,2,611
calibration__9662__denoise__boundary_probe__nes__l0.5,1021,48,3,465,3,626
calibration__9662__denoise__counterfactual__nes__l0.5,1021,47,2,377,2,527
calibration__9662__deblur__attack__nes__l1,1021,48,2,622,2,749
calibration__9662__deblur__restore__nes__l1,1021,48,3,548,2,703
calibration__9662__deblur__random_walk__random_walk__l1,1024,49,2,1023,2,1023
calibration__9662__deblur__confidence_boost__nes__l1,1021,49,3,606,3,744
calibration__9662__deblur__boundary_probe__nes__l1,1021,48,2,451,2,584
calibration__9662__deblur__counterfactual__nes__l1,1021,48,3,661,3,802
calibration__5419__denoise__attack__nes__l0.5,1021,49,3,653,3,805
calibration__5419__denoise__restore__nes__l0.5,1021,48,3,778,2,874
calibration__5419__denoise__random_walk__random_walk__l0.5,1024,50,2,1023,2,1023
calibration__5419__denoise__confidence_boost__nes__l0.5,1021,48,9,605,6,738
calibration__5419__denoise__boundary_probe__nes__l0.5,1021,49,7,896,7,945
calibration__5419__denoise__counterfactual__nes__l0.5,1021,49,2,695,2,835
calibration__5419__deblur__attack__nes__l1,1021,48,18,365,5,506
calibration__5419__deblur__restore__nes__l1,1021,49,18,248,14,367
calibration__5419__deblur__random_walk__random_walk__l1,1024,49,2,1023,2,1023
calibration__5419__deblur__confidence_boost__nes__l1,1021,48,3,349,3,502
calibration__5419__deblur__boundary_probe__nes__l1,1021,47,3,244,3,343
calibration__5419__deblur__counterfactual__nes__l1,1021,49,12,422,7,557
calibration__467__denoise__attack__nes__l0.5,1021,48,2,341,2,507
calibration__467__denoise__restore__nes__l0.5,1021,48,2,397,2,567
calibration__467__denoise__random_walk__random_walk__l0.5,1024,49,2,1023,2,1023
calibration__467__denoise__confidence_boost__nes__l0.5,1021,48,5,576,4,702
calibration__467__denoise__boundary_probe__nes__l0.5,1021,48,2,471,2,604
calibration__467__denoise__counterfactual__nes__l0.5,1021,49,5,424,5,566
calibration__467__deblur__attack__nes__l1,1021,48,18,190,2,309
calibration__467__deblur__restore__nes__l1,1021,48,18,94,18,136
calibration__467__deblur__random_walk__random_walk__l1,1024,49,2,1023,2,1023
calibration__467__deblur__confidence_boost__nes__l1,1021,48,18,143,18,228
calibration__467__deblur__boundary_probe__nes__l1,1021,49,18,384,18,512
calibration__467__deblur__counterfactual__nes__l1,1021,49,18,152,18,223
calibration__7440__denoise__attack__nes__l0.5,1021,46,4,289,4,404
calibration__7440__denoise__restore__nes__l0.5,1021,47,3,344,3,453
calibration__7440__denoise__random_walk__random_walk__l0.5,1024,50,2,1023,2,1023
calibration__7440__denoise__confidence_boost__nes__l0.5,1021,49,3,509,3,653
calibration__7440__denoise__boundary_probe__nes__l0.5,1021,49,2,584,2,720
calibration__7440__denoise__counterfactual__nes__l0.5,1021,49,8,659,3,781
calibration__7440__deblur__attack__nes__l1,1021,48,3,617,3,747
calibration__7440__deblur__restore__nes__l1,1021,48,2,291,2,421
calibration__7440__deblur__random_walk__random_walk__l1,1024,50,2,1023,2,1023
calibration__7440__deblur__confidence_boost__nes__l1,1021,48,4,387,4,525
calibration__7440__deblur__boundary_probe__nes__l1,1021,48,4,430,4,577
calibration__7440__deblur__counterfactual__nes__l1,1021,48,3,592,3,726
calibration__2981__denoise__attack__nes__l0.5,1021,48,4,688,4,817
calibration__2981__denoise__restore__nes__l0.5,1021,48,2,742,2,862
calibration__2981__denoise__random_walk__random_walk__l0.5,1024,50,2,1023,2,1023
calibration__2981__denoise__confidence_boost__nes__l0.5,1021,48,2,817,2,919
calibration__2981__denoise__boundary_probe__nes__l0.5,1021,47,5,723,4,831
calibration__2981__denoise__counterfactual__nes__l0.5,1021,49,2,781,2,892
calibration__2981__deblur__attack__nes__l1,1021,49,2,766,2,884
calibration__2981__deblur__restore__nes__l1,1021,48,6,639,2,771
calibration__2981__deblur__random_walk__random_walk__l1,1024,49,2,1023,2,1023
calibration__2981__deblur__confidence_boost__nes__l1,1021,49,3,721,3,864
calibration__2981__deblur__boundary_probe__nes__l1,1021,48,2,727,2,847
calibration__2981__deblur__counterfactual__nes__l1,1021,49,5,574,5,720
calibration__8574__denoise__attack__nes__l0.5,1021,47,3,292,3,417
calibration__8574__denoise__restore__nes__l0.5,1021,48,8,377,8,490
calibration__8574__denoise__random_walk__random_walk__l0.5,1024,49,2,1023,2,1023
calibration__8574__denoise__confidence_boost__nes__l0.5,1021,47,6,347,4,476
calibration__8574__denoise__boundary_probe__nes__l0.5,1021,47,7,264,7,383
calibration__8574__denoise__counterfactual__nes__l0.5,1021,48,18,237,18,347
calibration__8574__deblur__attack__nes__l1,1021,48,11,298,5,409
calibration__8574__deblur__restore__nes__l1,1021,47,14,355,14,466
calibration__8574__deblur__random_walk__random_walk__l1,1024,50,2,1023,2,1023
calibration__8574__deblur__confidence_boost__nes__l1,1021,48,10,267,10,386
calibration__8574__deblur__boundary_probe__nes__l1,1021,47,7,290,7,404
calibration__8574__deblur__counterfactual__nes__l1,1021,48,18,170,2,253
calibration__6332__denoise__attack__nes__l0.5,1021,49,2,726,2,831
calibration__6332__denoise__restore__nes__l0.5,1021,49,4,844,4,919
calibration__6332__denoise__random_walk__random_walk__l0.5,1024,49,2,1023,2,1023
calibration__6332__denoise__confidence_boost__nes__l0.5,1021,49,2,759,2,872
calibration__6332__denoise__boundary_probe__nes__l0.5,1021,49,3,713,3,850
calibration__6332__denoise__counterfactual__nes__l0.5,1021,49,5,754,5,863
calibration__6332__deblur__attack__nes__l1,1021,49,18,250,18,373
calibration__6332__deblur__restore__nes__l1,1021,47,18,403,2,539
calibration__6332__deblur__random_walk__random_walk__l1,1024,49,2,1023,2,1023
calibration__6332__deblur__confidence_boost__nes__l1,1021,49,10,420,10,568
calibration__6332__deblur__boundary_probe__nes__l1,1021,48,18,221,16,316
calibration__6332__deblur__counterfactual__nes__l1,1021,48,17,288,7,406
calibration__102__denoise__attack__nes__l0.5,1021,48,7,564,7,702
calibration__102__denoise__restore__nes__l0.5,1021,48,10,563,8,723
calibration__102__denoise__random_walk__random_walk__l0.5,1024,49,2,1023,2,1023
calibration__102__denoise__confidence_boost__nes__l0.5,1021,47,5,408,5,551
calibration__102__denoise__boundary_probe__nes__l0.5,1021,48,9,601,5,750
calibration__102__denoise__counterfactual__nes__l0.5,1021,48,8,417,8,579
calibration__102__deblur__attack__nes__l1,1021,48,13,335,13,460
calibration__102__deblur__restore__nes__l1,1021,48,3,481,3,628
calibration__102__deblur__random_walk__random_walk__l1,1024,49,2,1023,2,1023
calibration__102__deblur__confidence_boost__nes__l1,1021,47,18,372,17,511
calibration__102__deblur__boundary_probe__nes__l1,1021,50,7,347,7,469
calibration__102__deblur__counterfactual__nes__l1,1021,49,6,237,6,360
calibration__5961__denoise__attack__nes__l0.5,1021,48,6,233,4,355
calibration__5961__denoise__restore__nes__l0.5,1021,47,13,119,5,180
calibration__5961__denoise__random_walk__random_walk__l0.5,1024,49,2,1023,2,1023
calibration__5961__denoise__confidence_boost__nes__l0.5,1021,48,18,185,15,262
calibration__5961__denoise__boundary_probe__nes__l0.5,1021,48,18,228,18,341
calibration__5961__denoise__counterfactual__nes__l0.5,1021,46,4,145,4,216
calibration__5961__deblur__attack__nes__l1,1021,48,4,346,4,503
calibration__5961__deblur__restore__nes__l1,1021,49,10,462,2,606
calibration__5961__deblur__random_walk__random_walk__l1,1024,50,2,1023,2,1023
calibration__5961__deblur__confidence_boost__nes__l1,1021,49,3,421,3,581
calibration__5961__deblur__boundary_probe__nes__l1,1021,47,2,403,2,554
calibration__5961__deblur__counterfactual__nes__l1,1021,49,11,479,6,627
calibration__1478__denoise__attack__nes__l0.5,1021,49,18,511,18,634
calibration__1478__denoise__restore__nes__l0.5,1021,49,6,318,6,445
calibration__1478__denoise__random_walk__random_walk__l0.5,1024,49,2,1023,2,1023
calibration__1478__denoise__confidence_boost__nes__l0.5,1021,49,12,325,5,465
calibration__1478__denoise__boundary_probe__nes__l0.5,1021,48,18,276,8,389
calibration__1478__denoise__counterfactual__nes__l0.5,1021,48,12,317,12,429
calibration__1478__deblur__attack__nes__l1,1021,48,2,525,2,667
calibration__1478__deblur__restore__nes__l1,1021,47,4,489,3,648
calibration__1478__deblur__random_walk__random_walk__l1,1024,49,2,1023,2,1023
calibration__1478__deblur__confidence_boost__nes__l1,1021,49,2,561,2,695
calibration__1478__deblur__boundary_probe__nes__l1,1021,48,12,683,2,830
calibration__1478__deblur__counterfactual__nes__l1,1021,47,2,455,2,603
calibration__7128__denoise__attack__nes__l0.5,1021,47,18,174,18,242
calibration__7128__denoise__restore__nes__l0.5,1021,47,18,87,18,110
calibration__7128__denoise__random_walk__random_walk__l0.5,1024,49,2,1023,2,1023
calibration__7128__denoise__confidence_boost__nes__l0.5,1021,47,18,113,6,159
calibration__7128__denoise__boundary_probe__nes__l0.5,1021,47,18,124,12,183
calibration__7128__denoise__counterfactual__nes__l0.5,1021,47,18,99,6,130
calibration__7128__deblur__attack__nes__l1,1021,48,18,407,18,538
calibration__7128__deblur__restore__nes__l1,1021,48,12,440,12,595
calibration__7128__deblur__random_walk__random_walk__l1,1024,50,2,1023,2,1023
calibration__7128__deblur__confidence_boost__nes__l1,1021,49,4,443,4,567
calibration__7128__deblur__boundary_probe__nes__l1,1021,50,12,291,7,414
calibration__7128__deblur__counterfactual__nes__l1,1021,48,6,368,6,529
calibration__2600__denoise__attack__nes__l0.5,1021,48,4,490,4,645
calibration__2600__denoise__restore__nes__l0.5,1021,47,4,402,3,556
calibration__2600__denoise__random_walk__random_walk__l0.5,1024,49,2,1023,2,1023
calibration__2600__denoise__confidence_boost__nes__l0.5,1021,49,2,456,2,603
calibration__2600__denoise__boundary_probe__nes__l0.5,1021,49,12,447,2,604
calibration__2600__denoise__counterfactual__nes__l0.5,1021,49,4,650,4,777
calibration__2600__deblur__attack__nes__l1,1021,47,18,108,18,162
calibration__2600__deblur__restore__nes__l1,1021,47,18,95,18,149
calibration__2600__deblur__random_walk__random_walk__l1,1024,49,2,1023,2,1023
calibration__2600__deblur__confidence_boost__nes__l1,1021,48,18,147,18,205
calibration__2600__deblur__boundary_probe__nes__l1,1021,48,18,95,18,131
calibration__2600__deblur__counterfactual__nes__l1,1021,47,8,89,8,117
calibration__3747__denoise__attack__nes__l0.5,1021,49,18,206,12,300
calibration__3747__denoise__restore__nes__l0.5,1021,47,15,334,5,459
calibration__3747__denoise__random_walk__random_walk__l0.5,1024,50,2,1023,2,1023
calibration__3747__denoise__confidence_boost__nes__l0.5,1021,48,4,365,3,518
calibration__3747__denoise__boundary_probe__nes__l0.5,1021,49,7,358,7,499
calibration__3747__denoise__counterfactual__nes__l0.5,1021,48,3,358,3,506
calibration__3747__deblur__attack__nes__l1,1021,49,14,427,14,549
calibration__3747__deblur__restore__nes__l1,1021,47,2,420,2,559
calibration__3747__deblur__random_walk__random_walk__l1,1024,49,2,1023,2,1023
calibration__3747__deblur__confidence_boost__nes__l1,1021,47,18,261,18,374
calibration__3747__deblur__boundary_probe__nes__l1,1021,49,12,448,12,589
calibration__3747__deblur__counterfactual__nes__l1,1021,48,18,308,18,450
calibration__8922__denoise__attack__nes__l0.5,1021,49,17,292,17,436
calibration__8922__denoise__restore__nes__l0.5,1021,48,18,180,12,280
calibration__8922__denoise__random_walk__random_walk__l0.5,1024,49,2,1023,2,1023
calibration__8922__denoise__confidence_boost__nes__l0.5,1021,47,5,223,2,339
calibration__8922__denoise__boundary_probe__nes__l0.5,1021,48,9,249,9,356
calibration__8922__denoise__counterfactual__nes__l0.5,1021,48,3,220,2,335
calibration__8922__deblur__attack__nes__l1,1021,47,3,500,3,655
calibration__8922__deblur__restore__nes__l1,1021,49,3,649,3,775
calibration__8922__deblur__random_walk__random_walk__l1,1024,49,2,1023,2,1023
calibration__8922__deblur__confidence_boost__nes__l1,1021,49,6,485,6,634
calibration__8922__deblur__boundary_probe__nes__l1,1021,49,8,340,5,462
calibration__8922__deblur__counterfactual__nes__l1,1021,48,5,385,5,492
evaluation__2264__denoise__attack__nes__l0.5,1021,48,2,360,2,487
evaluation__2264__denoise__restore__nes__l0.5,1021,48,11,332,11,459
evaluation__2264__denoise__random_walk__random_walk__l0.5,1024,49,2,1023,2,1023
evaluation__2264__denoise__confidence_boost__nes__l0.5,1021,47,18,326,18,452
evaluation__2264__denoise__boundary_probe__nes__l0.5,1021,49,15,280,15,380
evaluation__2264__denoise__counterfactual__nes__l0.5,1021,47,6,268,6,392
evaluation__2264__deblur__attack__nes__l1,1021,49,3,704,3,825
evaluation__2264__deblur__restore__nes__l1,1021,48,4,540,4,673
evaluation__2264__deblur__random_walk__random_walk__l1,1024,49,2,1023,2,1023
evaluation__2264__deblur__confidence_boost__nes__l1,1021,47,3,405,3,568
evaluation__2264__deblur__boundary_probe__nes__l1,1021,48,5,507,2,668
evaluation__2264__deblur__counterfactual__nes__l1,1021,48,3,546,2,700
evaluation__4461__denoise__attack__nes__l0.5,1021,48,18,165,11,220
evaluation__4461__denoise__restore__nes__l0.5,1021,48,18,154,18,221
evaluation__4461__denoise__random_walk__random_walk__l0.5,1024,48,2,1023,2,1023
evaluation__4461__denoise__confidence_boost__nes__l0.5,1021,48,18,168,18,232
evaluation__4461__denoise__boundary_probe__nes__l0.5,1021,49,18,153,18,223
evaluation__4461__denoise__counterfactual__nes__l0.5,1021,49,18,371,18,488
evaluation__4461__deblur__attack__nes__l1,1021,49,8,257,8,356
evaluation__4461__deblur__restore__nes__l1,1021,47,7,238,7,338
evaluation__4461__deblur__random_walk__random_walk__l1,1024,50,2,1023,2,1023
evaluation__4461__deblur__confidence_boost__nes__l1,1021,48,4,143,4,213
evaluation__4461__deblur__boundary_probe__nes__l1,1021,48,9,281,4,386
evaluation__4461__deblur__counterfactual__nes__l1,1021,47,7,256,7,373
evaluation__6476__denoise__attack__nes__l0.5,1021,48,2,381,2,519
evaluation__6476__denoise__restore__nes__l0.5,1021,48,3,451,3,597
evaluation__6476__denoise__random_walk__random_walk__l0.5,1024,49,2,1023,2,1023
evaluation__6476__denoise__confidence_boost__nes__l0.5,1021,48,7,424,7,593
evaluation__6476__denoise__boundary_probe__nes__l0.5,1021,48,3,454,3,599
evaluation__6476__denoise__counterfactual__nes__l0.5,1021,48,6,366,6,517
evaluation__6476__deblur__attack__nes__l1,1021,48,3,421,3,539
evaluation__6476__deblur__restore__nes__l1,1021,48,3,396,3,531
evaluation__6476__deblur__random_walk__random_walk__l1,1024,49,2,1023,2,1023
evaluation__6476__deblur__confidence_boost__nes__l1,1021,48,3,367,3,491
evaluation__6476__deblur__boundary_probe__nes__l1,1021,48,3,469,2,624
evaluation__6476__deblur__counterfactual__nes__l1,1021,48,5,526,2,682
evaluation__895__denoise__attack__nes__l0.5,1021,47,2,354,2,486
evaluation__895__denoise__restore__nes__l0.5,1021,48,4,420,4,564
evaluation__895__denoise__random_walk__random_walk__l0.5,1024,49,2,1023,2,1023
evaluation__895__denoise__confidence_boost__nes__l0.5,1021,49,5,462,5,612
evaluation__895__denoise__boundary_probe__nes__l0.5,1021,47,3,349,3,487
evaluation__895__denoise__counterfactual__nes__l0.5,1021,48,5,519,5,675
evaluation__895__deblur__attack__nes__l1,1021,48,2,345,2,482
evaluation__895__deblur__restore__nes__l1,1021,48,5,640,5,769
evaluation__895__deblur__random_walk__random_walk__l1,1024,49,2,1023,2,1023
evaluation__895__deblur__confidence_boost__nes__l1,1021,49,4,517,4,660
evaluation__895__deblur__boundary_probe__nes__l1,1021,49,2,440,2,569
evaluation__895__deblur__counterfactual__nes__l1,1021,49,2,482,2,629
evaluation__2620__denoise__attack__nes__l0.5,1021,48,6,677,6,798
evaluation__2620__denoise__restore__nes__l0.5,1021,48,2,729,2,834
evaluation__2620__denoise__random_walk__random_walk__l0.5,1024,50,2,1023,2,1023
evaluation__2620__denoise__confidence_boost__nes__l0.5,1021,49,4,699,4,828
evaluation__2620__denoise__boundary_probe__nes__l0.5,1021,48,5,612,5,743
evaluation__2620__denoise__counterfactual__nes__l0.5,1021,49,6,582,6,742
evaluation__2620__deblur__attack__nes__l1,1021,49,2,270,2,378
evaluation__2620__deblur__restore__nes__l1,1021,47,6,248,6,354
evaluation__2620__deblur__random_walk__random_walk__l1,1024,49,2,1023,2,1023
evaluation__2620__deblur__confidence_boost__nes__l1,1021,46,18,162,18,252
evaluation__2620__deblur__boundary_probe__nes__l1,1021,48,6,375,6,495
evaluation__2620__deblur__counterfactual__nes__l1,1021,48,18,193,11,293
evaluation__4799__denoise__attack__nes__l0.5,1021,49,5,404,5,558
evaluation__4799__denoise__restore__nes__l0.5,1021,48,4,429,4,586
evaluation__4799__denoise__random_walk__random_walk__l0.5,1024,49,2,1023,2,1023
evaluation__4799__denoise__confidence_boost__nes__l0.5,1021,48,12,371,12,496
evaluation__4799__denoise__boundary_probe__nes__l0.5,1021,48,8,398,3,556
evaluation__4799__denoise__counterfactual__nes__l0.5,1021,48,14,373,3,524
evaluation__4799__deblur__attack__nes__l1,1021,46,18,145,18,222
evaluation__4799__deblur__restore__nes__l1,1021,48,18,104,18,146
evaluation__4799__deblur__random_walk__random_walk__l1,1024,49,2,1023,2,1023
evaluation__4799__deblur__confidence_boost__nes__l1,1021,47,18,196,18,252
evaluation__4799__deblur__boundary_probe__nes__l1,1021,47,18,177,14,248
evaluation__4799__deblur__counterfactual__nes__l1,1021,49,18,106,18,153
evaluation__8155__denoise__attack__nes__l0.5,1021,48,6,430,5,585
evaluation__8155__denoise__restore__nes__l0.5,1021,48,13,404,7,555
evaluation__8155__denoise__random_walk__random_walk__l0.5,1024,49,2,1023,2,1023
evaluation__8155__denoise__confidence_boost__nes__l0.5,1021,49,18,569,9,691
evaluation__8155__denoise__boundary_probe__nes__l0.5,1021,48,11,309,2,437
evaluation__8155__denoise__counterfactual__nes__l0.5,1021,48,7,230,7,355
evaluation__8155__deblur__attack__nes__l1,1021,47,18,266,18,371
evaluation__8155__deblur__restore__nes__l1,1021,48,18,235,7,359
evaluation__8155__deblur__random_walk__random_walk__l1,1024,49,2,1023,2,1023
evaluation__8155__deblur__confidence_boost__nes__l1,1021,49,18,437,18,578
evaluation__8155__deblur__boundary_probe__nes__l1,1021,49,5,366,5,486
evaluation__8155__deblur__counterfactual__nes__l1,1021,48,10,460,6,589
evaluation__3363__denoise__attack__nes__l0.5,1021,48,2,547,2,698
evaluation__3363__denoise__restore__nes__l0.5,1021,46,9,556,5,686
evaluation__3363__denoise__random_walk__random_walk__l0.5,1024,50,2,1023,2,1023
evaluation__3363__denoise__confidence_boost__nes__l0.5,1021,49,2,505,2,670
evaluation__3363__denoise__boundary_probe__nes__l0.5,1021,49,4,568,4,713
evaluation__3363__denoise__counterfactual__nes__l0.5,1021,48,4,540,2,685
evaluation__3363__deblur__attack__nes__l1,1021,48,2,385,2,502
evaluation__3363__deblur__restore__nes__l1,1021,48,3,223,3,322
evaluation__3363__deblur__random_walk__random_walk__l1,1024,49,2,1023,2,1023
evaluation__3363__deblur__confidence_boost__nes__l1,1021,48,18,216,5,318
evaluation__3363__deblur__boundary_probe__nes__l1,1021,48,5,510,2,633
evaluation__3363__deblur__counterfactual__nes__l1,1021,48,6,318,6,419
evaluation__6248__denoise__attack__nes__l0.5,1021,48,18,298,6,437
evaluation__6248__denoise__restore__nes__l0.5,1021,47,12,435,5,597
evaluation__6248__denoise__random_walk__random_walk__l0.5,1024,50,2,1023,2,1023
evaluation__6248__denoise__confidence_boost__nes__l0.5,1021,49,6,409,4,554
evaluation__6248__denoise__boundary_probe__nes__l0.5,1021,48,18,387,18,524
evaluation__6248__denoise__counterfactual__nes__l0.5,1021,49,4,357,4,494
evaluation__6248__deblur__attack__nes__l1,1021,46,5,298,5,437
evaluation__6248__deblur__restore__nes__l1,1021,47,2,206,2,327
evaluation__6248__deblur__random_walk__random_walk__l1,1024,50,2,1023,2,1023
evaluation__6248__deblur__confidence_boost__nes__l1,1021,48,6,392,6,542
evaluation__6248__deblur__boundary_probe__nes__l1,1021,48,6,452,4,586
evaluation__6248__deblur__counterfactual__nes__l1,1021,48,18,429,9,549
evaluation__8650__denoise__attack__nes__l0.5,1021,48,18,442,5,567
evaluation__8650__denoise__restore__nes__l0.5,1021,47,5,170,2,268
evaluation__8650__denoise__random_walk__random_walk__l0.5,1024,50,2,1023,2,1023
evaluation__8650__denoise__confidence_boost__nes__l0.5,1021,48,18,237,18,369
evaluation__8650__denoise__boundary_probe__nes__l0.5,1021,49,18,369,10,472
evaluation__8650__denoise__counterfactual__nes__l0.5,1021,48,18,168,5,259
evaluation__8650__deblur__attack__nes__l1,1021,48,3,385,3,545
evaluation__8650__deblur__restore__nes__l1,1021,48,2,426,2,575
evaluation__8650__deblur__random_walk__random_walk__l1,1024,50,2,1023,2,1023
evaluation__8650__deblur__confidence_boost__nes__l1,1021,49,8,593,8,720
evaluation__8650__deblur__boundary_probe__nes__l1,1021,48,2,342,2,475
evaluation__8650__deblur__counterfactual__nes__l1,1021,48,5,352,3,490
evaluation__1861__denoise__attack__nes__l0.5,1021,48,4,715,2,837
evaluation__1861__denoise__restore__nes__l0.5,1021,49,3,729,2,848
evaluation__1861__denoise__random_walk__random_walk__l0.5,1024,49,2,1023,2,1023
evaluation__1861__denoise__confidence_boost__nes__l0.5,1021,48,5,700,2,834
evaluation__1861__denoise__boundary_probe__nes__l0.5,1021,48,7,726,6,847
evaluation__1861__denoise__counterfactual__nes__l0.5,1021,48,4,731,3,842
evaluation__1861__deblur__attack__nes__l1,1021,49,4,488,4,632
evaluation__1861__deblur__restore__nes__l1,1021,50,3,470,3,627
evaluation__1861__deblur__random_walk__random_walk__l1,1024,50,2,1023,2,1023
evaluation__1861__deblur__confidence_boost__nes__l1,1021,48,13,416,3,577
evaluation__1861__deblur__boundary_probe__nes__l1,1021,47,4,355,4,496
evaluation__1861__deblur__counterfactual__nes__l1,1021,48,4,374,4,527
evaluation__4407__denoise__attack__nes__l0.5,1021,49,2,901,2,961
evaluation__4407__denoise__restore__nes__l0.5,1021,49,2,622,2,784
evaluation__4407__denoise__random_walk__random_walk__l0.5,1024,50,2,1023,2,1023
evaluation__4407__denoise__confidence_boost__nes__l0.5,1021,48,2,745,2,860
evaluation__4407__denoise__boundary_probe__nes__l0.5,1021,49,2,779,2,885
evaluation__4407__denoise__counterfactual__nes__l0.5,1021,48,4,762,4,863
evaluation__4407__deblur__attack__nes__l1,1021,49,18,270,16,388
evaluation__4407__deblur__restore__nes__l1,1021,48,8,299,8,431
evaluation__4407__deblur__random_walk__random_walk__l1,1024,49,2,1023,2,1023
evaluation__4407__deblur__confidence_boost__nes__l1,1021,48,12,392,5,519
evaluation__4407__deblur__boundary_probe__nes__l1,1021,48,15,359,15,494
evaluation__4407__deblur__counterfactual__nes__l1,1021,46,8,318,8,432
evaluation__7349__denoise__attack__nes__l0.5,1021,47,4,225,4,324
evaluation__7349__denoise__restore__nes__l0.5,1021,48,3,366,3,480
evaluation__7349__denoise__random_walk__random_walk__l0.5,1024,49,2,1023,2,1023
evaluation__7349__denoise__confidence_boost__nes__l0.5,1021,48,3,281,3,371
evaluation__7349__denoise__boundary_probe__nes__l0.5,1021,47,8,410,8,534
evaluation__7349__denoise__counterfactual__nes__l0.5,1021,49,9,283,4,391
evaluation__7349__deblur__attack__nes__l1,1021,50,2,590,2,746
evaluation__7349__deblur__restore__nes__l1,1021,48,11,442,2,608
evaluation__7349__deblur__random_walk__random_walk__l1,1024,49,2,1023,2,1023
evaluation__7349__deblur__confidence_boost__nes__l1,1021,49,2,492,2,662
evaluation__7349__deblur__boundary_probe__nes__l1,1021,49,3,745,3,853
evaluation__7349__deblur__counterfactual__nes__l1,1021,48,2,601,2,752
evaluation__509__denoise__attack__nes__l0.5,1021,49,4,586,3,728
evaluation__509__denoise__restore__nes__l0.5,1021,48,5,388,4,526
evaluation__509__denoise__random_walk__random_walk__l0.5,1024,49,2,1023,2,1023
evaluation__509__denoise__confidence_boost__nes__l0.5,1021,48,5,359,5,490
evaluation__509__denoise__boundary_probe__nes__l0.5,1021,48,2,558,2,687
evaluation__509__denoise__counterfactual__nes__l0.5,1021,49,7,609,5,733
evaluation__509__deblur__attack__nes__l1,1021,48,3,539,3,679
evaluation__509__deblur__restore__nes__l1,1021,47,5,521,2,682
evaluation__509__deblur__random_walk__random_walk__l1,1024,49,2,1023,2,1023
evaluation__509__deblur__confidence_boost__nes__l1,1021,48,10,367,3,494
evaluation__509__deblur__boundary_probe__nes__l1,1021,48,18,516,3,661
evaluation__509__deblur__counterfactual__nes__l1,1021,49,3,589,3,717
evaluation__4268__denoise__attack__nes__l0.5,1021,48,2,478,2,639
evaluation__4268__denoise__restore__nes__l0.5,1021,47,6,549,3,704
evaluation__4268__denoise__random_walk__random_walk__l0.5,1024,49,2,1023,2,1023
evaluation__4268__denoise__confidence_boost__nes__l0.5,1021,49,5,593,5,730
evaluation__4268__denoise__boundary_probe__nes__l0.5,1021,49,3,458,3,639
evaluation__4268__denoise__counterfactual__nes__l0.5,1021,49,3,535,3,678
evaluation__4268__deblur__attack__nes__l1,1021,48,18,227,5,331
evaluation__4268__deblur__restore__nes__l1,1021,49,18,110,11,160
evaluation__4268__deblur__random_walk__random_walk__l1,1024,50,2,1023,2,1023
evaluation__4268__deblur__confidence_boost__nes__l1,1021,47,18,155,6,246
evaluation__4268__deblur__boundary_probe__nes__l1,1021,48,18,216,18,309
evaluation__4268__deblur__counterfactual__nes__l1,1021,48,18,196,18,279
evaluation__5906__denoise__attack__nes__l0.5,1021,49,4,457,4,603
evaluation__5906__denoise__restore__nes__l0.5,1021,49,7,515,6,652
evaluation__5906__denoise__random_walk__random_walk__l0.5,1024,49,2,1023,2,1023
evaluation__5906__denoise__confidence_boost__nes__l0.5,1021,48,5,489,5,659
evaluation__5906__denoise__boundary_probe__nes__l0.5,1021,48,6,420,6,572
evaluation__5906__denoise__counterfactual__nes__l0.5,1021,49,12,460,9,596
evaluation__5906__deblur__attack__nes__l1,1021,48,15,162,2,219
evaluation__5906__deblur__restore__nes__l1,1021,47,18,137,18,184
evaluation__5906__deblur__random_walk__random_walk__l1,1024,49,2,1023,2,1023
evaluation__5906__deblur__confidence_boost__nes__l1,1021,47,18,150,4,210
evaluation__5906__deblur__boundary_probe__nes__l1,1021,48,18,300,16,409
evaluation__5906__deblur__counterfactual__nes__l1,1021,49,13,201,13,293
evaluation__8912__denoise__attack__nes__l0.5,1021,47,7,478,7,604
evaluation__8912__denoise__restore__nes__l0.5,1021,48,5,405,5,556
evaluation__8912__denoise__random_walk__random_walk__l0.5,1024,48,2,1023,2,1023
evaluation__8912__denoise__confidence_boost__nes__l0.5,1021,49,2,475,2,601
evaluation__8912__denoise__boundary_probe__nes__l0.5,1021,47,10,241,2,368
evaluation__8912__denoise__counterfactual__nes__l0.5,1021,48,2,317,2,449
evaluation__8912__deblur__attack__nes__l1,1021,47,3,368,3,506
evaluation__8912__deblur__restore__nes__l1,1021,48,6,413,6,557
evaluation__8912__deblur__random_walk__random_walk__l1,1024,49,2,1023,2,1023
evaluation__8912__deblur__confidence_boost__nes__l1,1021,47,2,373,2,499
evaluation__8912__deblur__boundary_probe__nes__l1,1021,49,9,680,9,791
evaluation__8912__deblur__counterfactual__nes__l1,1021,49,4,292,4,407
evaluation__1559__denoise__attack__nes__l0.5,1021,48,12,93,12,126
evaluation__1559__denoise__restore__nes__l0.5,1021,47,9,213,2,311
evaluation__1559__denoise__random_walk__random_walk__l0.5,1024,49,2,1023,2,1023
evaluation__1559__denoise__confidence_boost__nes__l0.5,1021,50,6,288,2,401
evaluation__1559__denoise__boundary_probe__nes__l0.5,1021,47,16,117,16,158
evaluation__1559__denoise__counterfactual__nes__l0.5,1021,47,3,197,3,275
evaluation__1559__deblur__attack__nes__l1,1021,50,2,532,2,663
evaluation__1559__deblur__restore__nes__l1,1021,48,3,671,3,798
evaluation__1559__deblur__random_walk__random_walk__l1,1024,49,2,1023,2,1023
evaluation__1559__deblur__confidence_boost__nes__l1,1021,48,4,627,4,738
evaluation__1559__deblur__boundary_probe__nes__l1,1021,49,3,659,2,773
evaluation__1559__deblur__counterfactual__nes__l1,1021,49,2,688,2,793
evaluation__4232__denoise__attack__nes__l0.5,1021,48,13,324,4,453
evaluation__4232__denoise__restore__nes__l0.5,1021,49,2,283,2,385
evaluation__4232__denoise__random_walk__random_walk__l0.5,1024,49,2,1023,2,1023
evaluation__4232__denoise__confidence_boost__nes__l0.5,1021,48,14,352,14,487
evaluation__4232__denoise__boundary_probe__nes__l0.5,1021,48,10,181,9,263
evaluation__4232__denoise__counterfactual__nes__l0.5,1021,49,5,345,5,484
evaluation__4232__deblur__attack__nes__l1,1021,47,18,158,18,233
evaluation__4232__deblur__restore__nes__l1,1021,48,18,163,18,237
evaluation__4232__deblur__random_walk__random_walk__l1,1024,49,2,1023,2,1023
evaluation__4232__deblur__confidence_boost__nes__l1,1021,48,18,135,18,203
evaluation__4232__deblur__boundary_probe__nes__l1,1021,48,16,395,13,496
evaluation__4232__deblur__counterfactual__nes__l1,1021,48,18,207,6,294
evaluation__5725__denoise__attack__nes__l0.5,1021,49,7,833,3,917
evaluation__5725__denoise__restore__nes__l0.5,1021,47,4,680,4,820
evaluation__5725__denoise__random_walk__random_walk__l0.5,1024,49,2,1023,2,1023
evaluation__5725__denoise__confidence_boost__nes__l0.5,1021,48,2,746,2,877
evaluation__5725__denoise__boundary_probe__nes__l0.5,1021,49,2,796,2,894
evaluation__5725__denoise__counterfactual__nes__l0.5,1021,48,2,724,2,849
evaluation__5725__deblur__attack__nes__l1,1021,49,5,401,5,549
evaluation__5725__deblur__restore__nes__l1,1021,49,2,408,2,579
evaluation__5725__deblur__random_walk__random_walk__l1,1024,49,2,1023,2,1023
evaluation__5725__deblur__confidence_boost__nes__l1,1021,48,10,472,5,617
evaluation__5725__deblur__boundary_probe__nes__l1,1021,50,2,361,2,506
evaluation__5725__deblur__counterfactual__nes__l1,1021,48,18,347,16,492
evaluation__2313__denoise__attack__nes__l0.5,1021,48,18,438,12,603
evaluation__2313__denoise__restore__nes__l0.5,1021,47,9,354,5,494
evaluation__2313__denoise__random_walk__random_walk__l0.5,1024,49,2,1023,2,1023
evaluation__2313__denoise__confidence_boost__nes__l0.5,1021,48,6,495,5,652
evaluation__2313__denoise__boundary_probe__nes__l0.5,1021,49,5,545,5,674
evaluation__2313__denoise__counterfactual__nes__l0.5,1021,49,2,492,2,630
evaluation__2313__deblur__attack__nes__l1,1021,48,17,315,3,432
evaluation__2313__deblur__restore__nes__l1,1021,48,18,309,7,446
evaluation__2313__deblur__random_walk__random_walk__l1,1024,49,2,1023,2,1023
evaluation__2313__deblur__confidence_boost__nes__l1,1021,48,18,201,9,281
evaluation__2313__deblur__boundary_probe__nes__l1,1021,49,2,354,2,489
evaluation__2313__deblur__counterfactual__nes__l1,1021,48,18,335,7,489
evaluation__3731__denoise__attack__nes__l0.5,1021,48,11,475,4,598
evaluation__3731__denoise__restore__nes__l0.5,1021,48,7,434,7,566
evaluation__3731__denoise__random_walk__random_walk__l0.5,1024,49,2,1023,2,1023
evaluation__3731__denoise__confidence_boost__nes__l0.5,1021,49,5,385,5,543
evaluation__3731__denoise__boundary_probe__nes__l0.5,1021,48,18,419,18,579
evaluation__3731__denoise__counterfactual__nes__l0.5,1021,47,5,500,3,644
evaluation__3731__deblur__attack__nes__l1,1021,48,7,383,2,531
evaluation__3731__deblur__restore__nes__l1,1021,48,6,459,6,586
evaluation__3731__deblur__random_walk__random_walk__l1,1024,49,2,1023,2,1023
evaluation__3731__deblur__confidence_boost__nes__l1,1021,48,5,610,4,747
evaluation__3731__deblur__boundary_probe__nes__l1,1021,50,11,695,11,801
evaluation__3731__deblur__counterfactual__nes__l1,1021,48,3,461,3,604
evaluation__7025__denoise__attack__nes__l0.5,1021,49,3,635,3,768
evaluation__7025__denoise__restore__nes__l0.5,1021,48,5,447,5,613
evaluation__7025__denoise__random_walk__random_walk__l0.5,1024,50,2,1023,2,1023
evaluation__7025__denoise__confidence_boost__nes__l0.5,1021,48,5,753,5,850
evaluation__7025__denoise__boundary_probe__nes__l0.5,1021,48,7,559,7,679
evaluation__7025__denoise__counterfactual__nes__l0.5,1021,49,6,553,6,686
evaluation__7025__deblur__attack__nes__l1,1021,48,12,334,12,463
evaluation__7025__deblur__restore__nes__l1,1021,49,4,219,4,332
evaluation__7025__deblur__random_walk__random_walk__l1,1024,49,2,1023,2,1023
evaluation__7025__deblur__confidence_boost__nes__l1,1021,48,7,306,7,426
evaluation__7025__deblur__boundary_probe__nes__l1,1021,49,18,532,18,673
evaluation__7025__deblur__counterfactual__nes__l1,1021,48,6,393,2,557
evaluation__1333__denoise__attack__nes__l0.5,1021,48,9,332,9,458
evaluation__1333__denoise__restore__nes__l0.5,1021,47,10,230,7,332
evaluation__1333__denoise__random_walk__random_walk__l0.5,1024,49,2,1023,2,1023
evaluation__1333__denoise__confidence_boost__nes__l0.5,1021,48,17,264,15,347
evaluation__1333__denoise__boundary_probe__nes__l0.5,1021,47,6,226,6,328
evaluation__1333__denoise__counterfactual__nes__l0.5,1021,48,4,192,4,295
evaluation__1333__deblur__attack__nes__l1,1021,48,2,529,2,707
evaluation__1333__deblur__restore__nes__l1,1021,49,3,754,2,860
evaluation__1333__deblur__random_walk__random_walk__l1,1024,50,2,1023,2,1023
evaluation__1333__deblur__confidence_boost__nes__l1,1021,49,4,709,2,830
evaluation__1333__deblur__boundary_probe__nes__l1,1021,48,3,593,2,732
evaluation__1333__deblur__counterfactual__nes__l1,1021,47,3,578,3,695
evaluation__3096__denoise__attack__nes__l0.5,1021,48,18,191,10,285
evaluation__3096__denoise__restore__nes__l0.5,1021,48,10,283,10,406
evaluation__3096__denoise__random_walk__random_walk__l0.5,1024,49,2,1023,2,1023
evaluation__3096__denoise__confidence_boost__nes__l0.5,1021,48,3,287,3,388
evaluation__3096__denoise__boundary_probe__nes__l0.5,1021,48,4,221,4,326
evaluation__3096__denoise__counterfactual__nes__l0.5,1021,48,8,350,8,481
evaluation__3096__deblur__attack__nes__l1,1021,48,2,186,2,268
evaluation__3096__deblur__restore__nes__l1,1021,48,15,341,3,485
evaluation__3096__deblur__random_walk__random_walk__l1,1024,49,2,1023,2,1023
evaluation__3096__deblur__confidence_boost__nes__l1,1021,48,18,178,14,263
evaluation__3096__deblur__boundary_probe__nes__l1,1021,49,4,378,2,531
evaluation__3096__deblur__counterfactual__nes__l1,1021,49,18,417,18,573
evaluation__7237__denoise__attack__nes__l0.5,1021,48,7,538,4,673
evaluation__7237__denoise__restore__nes__l0.5,1021,49,8,675,4,823
evaluation__7237__denoise__random_walk__random_walk__l0.5,1024,50,2,1023,2,1023
evaluation__7237__denoise__confidence_boost__nes__l0.5,1021,49,6,516,6,668
evaluation__7237__denoise__boundary_probe__nes__l0.5,1021,49,5,588,5,725
evaluation__7237__denoise__counterfactual__nes__l0.5,1021,48,9,495,9,637
evaluation__7237__deblur__attack__nes__l1,1021,48,3,648,2,761
evaluation__7237__deblur__restore__nes__l1,1021,48,4,583,2,741
evaluation__7237__deblur__random_walk__random_walk__l1,1024,49,2,1023,2,1023
evaluation__7237__deblur__confidence_boost__nes__l1,1021,50,2,517,2,665
evaluation__7237__deblur__boundary_probe__nes__l1,1021,49,2,632,2,757
evaluation__7237__deblur__counterfactual__nes__l1,1021,49,2,758,2,861
evaluation__9252__denoise__attack__nes__l0.5,1021,48,18,386,16,540
evaluation__9252__denoise__restore__nes__l0.5,1021,48,2,501,2,626
evaluation__9252__denoise__random_walk__random_walk__l0.5,1024,49,2,1023,2,1023
evaluation__9252__denoise__confidence_boost__nes__l0.5,1021,47,5,278,5,438
evaluation__9252__denoise__boundary_probe__nes__l0.5,1021,49,14,498,14,618
evaluation__9252__denoise__counterfactual__nes__l0.5,1021,47,8,227,2,334
evaluation__9252__deblur__attack__nes__l1,1021,49,9,493,3,651
evaluation__9252__deblur__restore__nes__l1,1021,47,2,266,2,405
evaluation__9252__deblur__random_walk__random_walk__l1,1024,50,2,1023,2,1023
evaluation__9252__deblur__confidence_boost__nes__l1,1021,49,5,343,2,482
evaluation__9252__deblur__boundary_probe__nes__l1,1021,47,10,312,10,440
evaluation__9252__deblur__counterfactual__nes__l1,1021,48,17,319,17,448
evaluation__2837__denoise__attack__nes__l0.5,1021,47,9,354,7,504
evaluation__2837__denoise__restore__nes__l0.5,1021,48,17,317,17,422
evaluation__2837__denoise__random_walk__random_walk__l0.5,1024,49,2,1023,2,1023
evaluation__2837__denoise__confidence_boost__nes__l0.5,1021,47,3,267,3,379
evaluation__2837__denoise__boundary_probe__nes__l0.5,1021,47,14,280,4,416
evaluation__2837__denoise__counterfactual__nes__l0.5,1021,49,18,360,5,500
evaluation__2837__deblur__attack__nes__l1,1021,49,18,184,18,286
evaluation__2837__deblur__restore__nes__l1,1021,48,2,200,2,288
evaluation__2837__deblur__random_walk__random_walk__l1,1024,50,2,1023,2,1023
evaluation__2837__deblur__confidence_boost__nes__l1,1021,47,5,203,5,290
evaluation__2837__deblur__boundary_probe__nes__l1,1021,48,4,310,4,441
evaluation__2837__deblur__counterfactual__nes__l1,1021,48,6,240,6,331
evaluation__6947__denoise__attack__nes__l0.5,1021,48,5,389,5,538
evaluation__6947__denoise__restore__nes__l0.5,1021,48,8,388,8,550
evaluation__6947__denoise__random_walk__random_walk__l0.5,1024,50,2,1023,2,1023
evaluation__6947__denoise__confidence_boost__nes__l0.5,1021,48,15,303,2,424
evaluation__6947__denoise__boundary_probe__nes__l0.5,1021,49,9,446,5,612
evaluation__6947__denoise__counterfactual__nes__l0.5,1021,49,18,510,5,650
evaluation__6947__deblur__attack__nes__l1,1021,48,13,286,9,402
evaluation__6947__deblur__restore__nes__l1,1021,47,11,168,11,256
evaluation__6947__deblur__random_walk__random_walk__l1,1024,50,2,1023,2,1023
evaluation__6947__deblur__confidence_boost__nes__l1,1021,48,4,271,4,380
evaluation__6947__deblur__boundary_probe__nes__l1,1021,47,18,205,17,289
evaluation__6947__deblur__counterfactual__nes__l1,1021,48,11,373,3,506
evaluation__8567__denoise__attack__nes__l0.5,1021,48,11,416,11,553
evaluation__8567__denoise__restore__nes__l0.5,1021,48,18,623,6,744
evaluation__8567__denoise__random_walk__random_walk__l0.5,1024,50,2,1023,2,1023
evaluation__8567__denoise__confidence_boost__nes__l0.5,1021,48,6,519,6,661
evaluation__8567__denoise__boundary_probe__nes__l0.5,1021,48,5,439,2,582
evaluation__8567__denoise__counterfactual__nes__l0.5,1021,47,5,344,5,468
evaluation__8567__deblur__attack__nes__l1,1021,48,18,238,18,339
evaluation__8567__deblur__restore__nes__l1,1021,48,18,295,12,393
evaluation__8567__deblur__random_walk__random_walk__l1,1024,49,2,1023,2,1023
evaluation__8567__deblur__confidence_boost__nes__l1,1021,48,18,141,18,192
evaluation__8567__deblur__boundary_probe__nes__l1,1021,48,14,169,14,252
evaluation__8567__deblur__counterfactual__nes__l1,1021,47,12,166,12,230
evaluation__2493__denoise__attack__nes__l0.5,1021,48,7,714,7,836
evaluation__2493__denoise__restore__nes__l0.5,1021,48,2,629,2,771
evaluation__2493__denoise__random_walk__random_walk__l0.5,1024,49,2,1023,2,1023
evaluation__2493__denoise__confidence_boost__nes__l0.5,1021,49,2,854,2,941
evaluation__2493__denoise__boundary_probe__nes__l0.5,1021,48,2,611,2,770
evaluation__2493__denoise__counterfactual__nes__l0.5,1021,47,3,884,3,942
evaluation__2493__deblur__attack__nes__l1,1021,48,13,264,12,397
evaluation__2493__deblur__restore__nes__l1,1021,46,2,308,2,445
evaluation__2493__deblur__random_walk__random_walk__l1,1024,49,2,1023,2,1023
evaluation__2493__deblur__confidence_boost__nes__l1,1021,49,2,365,2,512
evaluation__2493__deblur__boundary_probe__nes__l1,1021,46,6,210,6,330
evaluation__2493__deblur__counterfactual__nes__l1,1021,48,18,293,10,456
evaluation__5432__denoise__attack__nes__l0.5,1021,48,4,358,4,499
evaluation__5432__denoise__restore__nes__l0.5,1021,48,5,545,5,690
evaluation__5432__denoise__random_walk__random_walk__l0.5,1024,49,2,1023,2,1023
evaluation__5432__denoise__confidence_boost__nes__l0.5,1021,48,6,479,6,646
evaluation__5432__denoise__boundary_probe__nes__l0.5,1021,47,4,292,4,451
evaluation__5432__denoise__counterfactual__nes__l0.5,1021,48,3,363,3,498
evaluation__5432__deblur__attack__nes__l1,1021,48,2,425,2,565
evaluation__5432__deblur__restore__nes__l1,1021,48,4,530,4,648
evaluation__5432__deblur__random_walk__random_walk__l1,1024,50,2,1023,2,1023
evaluation__5432__deblur__confidence_boost__nes__l1,1021,48,6,673,3,812
evaluation__5432__deblur__boundary_probe__nes__l1,1021,50,9,607,8,741
evaluation__5432__deblur__counterfactual__nes__l1,1021,48,2,430,2,551
evaluation__7694__denoise__attack__nes__l0.5,1021,49,4,283,4,405
evaluation__7694__denoise__restore__nes__l0.5,1021,49,11,446,11,592
evaluation__7694__denoise__random_walk__random_walk__l0.5,1024,49,2,1023,2,1023
evaluation__7694__denoise__confidence_boost__nes__l0.5,1021,48,8,222,8,323
evaluation__7694__denoise__boundary_probe__nes__l0.5,1021,47,18,504,6,623
evaluation__7694__denoise__counterfactual__nes__l0.5,1021,49,4,364,4,503
evaluation__7694__deblur__attack__nes__l1,1021,49,2,669,2,816
evaluation__7694__deblur__restore__nes__l1,1021,49,4,779,3,876
evaluation__7694__deblur__random_walk__random_walk__l1,1024,50,2,1023,2,1023
evaluation__7694__deblur__confidence_boost__nes__l1,1021,49,4,645,4,789
evaluation__7694__deblur__boundary_probe__nes__l1,1021,48,2,728,2,832
evaluation__7694__deblur__counterfactual__nes__l1,1021,48,2,464,2,575
fit__1949__denoise__attack__nes__l0.5,1021,48,12,252,12,349
fit__1949__denoise__restore__nes__l0.5,1021,47,13,458,13,601
fit__1949__denoise__random_walk__random_walk__l0.5,1024,50,2,1023,2,1023
fit__1949__denoise__confidence_boost__nes__l0.5,1021,46,4,440,2,612
fit__1949__denoise__boundary_probe__nes__l0.5,1021,47,2,425,2,589
fit__1949__denoise__counterfactual__nes__l0.5,1021,48,2,300,2,409
fit__1949__deblur__attack__nes__l1,1021,48,18,163,18,235
fit__1949__deblur__restore__nes__l1,1021,47,18,147,18,227
fit__1949__deblur__random_walk__random_walk__l1,1024,48,2,1023,2,1023
fit__1949__deblur__confidence_boost__nes__l1,1021,47,18,132,9,201
fit__1949__deblur__boundary_probe__nes__l1,1021,50,18,299,18,406
fit__1949__deblur__counterfactual__nes__l1,1021,48,4,119,4,176
fit__8031__denoise__attack__nes__l0.5,1021,48,2,674,2,822
fit__8031__denoise__restore__nes__l0.5,1021,49,6,560,6,710
fit__8031__denoise__random_walk__random_walk__l0.5,1024,49,2,1023,2,1023
fit__8031__denoise__confidence_boost__nes__l0.5,1021,49,5,666,4,801
fit__8031__denoise__boundary_probe__nes__l0.5,1021,49,2,483,2,624
fit__8031__denoise__counterfactual__nes__l0.5,1021,49,2,616,2,751
fit__8031__deblur__attack__nes__l1,1021,48,2,526,2,658
fit__8031__deblur__restore__nes__l1,1021,47,3,217,3,339
fit__8031__deblur__random_walk__random_walk__l1,1024,50,2,1023,2,1023
fit__8031__deblur__confidence_boost__nes__l1,1021,49,8,248,4,365
fit__8031__deblur__boundary_probe__nes__l1,1021,49,8,449,8,584
fit__8031__deblur__counterfactual__nes__l1,1021,48,4,412,4,559
fit__2142__denoise__attack__nes__l0.5,1021,49,18,269,18,366
fit__2142__denoise__restore__nes__l0.5,1021,48,18,129,18,194
fit__2142__denoise__random_walk__random_walk__l0.5,1024,50,2,1023,2,1023
fit__2142__denoise__confidence_boost__nes__l0.5,1021,48,18,262,14,375
fit__2142__denoise__boundary_probe__nes__l0.5,1021,48,18,249,18,357
fit__2142__denoise__counterfactual__nes__l0.5,1021,48,14,136,14,210
fit__2142__deblur__attack__nes__l1,1021,49,3,624,3,779
fit__2142__deblur__restore__nes__l1,1021,48,5,436,4,598
fit__2142__deblur__random_walk__random_walk__l1,1024,49,2,1023,2,1023
fit__2142__deblur__confidence_boost__nes__l1,1021,48,3,487,3,629
fit__2142__deblur__boundary_probe__nes__l1,1021,48,2,453,2,608
fit__2142__deblur__counterfactual__nes__l1,1021,49,3,566,2,734
fit__8709__denoise__attack__nes__l0.5,1021,49,2,919,2,965
fit__8709__denoise__restore__nes__l0.5,1021,49,2,933,2,978
fit__8709__denoise__random_walk__random_walk__l0.5,1024,49,2,1023,2,1023
fit__8709__denoise__confidence_boost__nes__l0.5,1021,49,5,880,5,946
fit__8709__denoise__boundary_probe__nes__l0.5,1021,49,3,805,3,901
fit__8709__denoise__counterfactual__nes__l0.5,1021,49,4,821,4,905
fit__8709__deblur__attack__nes__l1,1021,47,2,570,2,705
fit__8709__deblur__restore__nes__l1,1021,48,2,480,2,651
fit__8709__deblur__random_walk__random_walk__l1,1024,49,2,1023,2,1023
fit__8709__deblur__confidence_boost__nes__l1,1021,48,6,557,2,704
fit__8709__deblur__boundary_probe__nes__l1,1021,47,2,487,2,649
fit__8709__deblur__counterfactual__nes__l1,1021,49,11,699,10,828
fit__1963__denoise__attack__nes__l0.5,1021,48,8,326,8,462
fit__1963__denoise__restore__nes__l0.5,1021,47,15,208,13,299
fit__1963__denoise__random_walk__random_walk__l0.5,1024,49,2,1023,2,1023
fit__1963__denoise__confidence_boost__nes__l0.5,1021,48,6,286,2,411
fit__1963__denoise__boundary_probe__nes__l0.5,1021,48,7,427,7,573
fit__1963__denoise__counterfactual__nes__l0.5,1021,48,11,315,10,447
fit__1963__deblur__attack__nes__l1,1021,47,11,348,11,475
fit__1963__deblur__restore__nes__l1,1021,47,5,506,5,668
fit__1963__deblur__random_walk__random_walk__l1,1024,50,2,1023,2,1023
fit__1963__deblur__confidence_boost__nes__l1,1021,47,17,456,3,598
fit__1963__deblur__boundary_probe__nes__l1,1021,48,3,390,3,524
fit__1963__deblur__counterfactual__nes__l1,1021,48,5,367,5,535
fit__1070__denoise__attack__nes__l0.5,1021,49,4,881,4,956
fit__1070__denoise__restore__nes__l0.5,1021,49,3,795,3,903
fit__1070__denoise__random_walk__random_walk__l0.5,1024,49,2,1023,2,1023
fit__1070__denoise__confidence_boost__nes__l0.5,1021,49,3,807,3,904
fit__1070__denoise__boundary_probe__nes__l0.5,1021,49,2,769,2,889
fit__1070__denoise__counterfactual__nes__l0.5,1021,49,12,804,2,903
fit__1070__deblur__attack__nes__l1,1021,50,4,790,4,886
fit__1070__deblur__restore__nes__l1,1021,49,2,771,2,870
fit__1070__deblur__random_walk__random_walk__l1,1024,49,2,1023,2,1023
fit__1070__deblur__confidence_boost__nes__l1,1021,48,3,794,3,885
fit__1070__deblur__boundary_probe__nes__l1,1021,50,2,839,2,915
fit__1070__deblur__counterfactual__nes__l1,1021,49,5,753,3,856
fit__8033__denoise__attack__nes__l0.5,1021,48,11,225,11,334
fit__8033__denoise__restore__nes__l0.5,1021,47,18,174,18,231
fit__8033__denoise__random_walk__random_walk__l0.5,1024,49,2,1023,2,1023
fit__8033__denoise__confidence_boost__nes__l0.5,1021,48,18,236,5,343
fit__8033__denoise__boundary_probe__nes__l0.5,1021,47,18,227,16,318
fit__8033__denoise__counterfactual__nes__l0.5,1021,46,18,141,14,205
fit__8033__deblur__attack__nes__l1,1021,48,2,556,2,687
fit__8033__deblur__restore__nes__l1,1021,49,6,457,6,592
fit__8033__deblur__random_walk__random_walk__l1,1024,50,2,1023,2,1023
fit__8033__deblur__confidence_boost__nes__l1,1021,49,3,487,2,619
fit__8033__deblur__boundary_probe__nes__l1,1021,49,3,503,3,630
fit__8033__deblur__counterfactual__nes__l1,1021,48,3,516,3,669
fit__2348__denoise__attack__nes__l0.5,1021,48,18,440,12,581
fit__2348__denoise__restore__nes__l0.5,1021,48,8,418,8,565
fit__2348__denoise__random_walk__random_walk__l0.5,1024,49,2,1023,2,1023
fit__2348__denoise__confidence_boost__nes__l0.5,1021,47,2,312,2,446
fit__2348__denoise__boundary_probe__nes__l0.5,1021,48,18,302,18,429
fit__2348__denoise__counterfactual__nes__l0.5,1021,48,8,553,4,685
fit__2348__deblur__attack__nes__l1,1021,48,18,183,9,268
fit__2348__deblur__restore__nes__l1,1021,49,18,204,11,277
fit__2348__deblur__random_walk__random_walk__l1,1024,49,2,1023,2,1023
fit__2348__deblur__confidence_boost__nes__l1,1021,48,18,140,18,207
fit__2348__deblur__boundary_probe__nes__l1,1021,47,18,261,6,363
fit__2348__deblur__counterfactual__nes__l1,1021,48,13,189,13,276
fit__8381__denoise__attack__nes__l0.5,1021,49,12,447,12,575
fit__8381__denoise__restore__nes__l0.5,1021,48,2,521,2,663
fit__8381__denoise__random_walk__random_walk__l0.5,1024,49,2,1023,2,1023
fit__8381__denoise__confidence_boost__nes__l0.5,1021,50,6,445,6,584
fit__8381__denoise__boundary_probe__nes__l0.5,1021,48,3,341,3,489
fit__8381__denoise__counterfactual__nes__l0.5,1021,47,2,415,2,571
fit__8381__deblur__attack__nes__l1,1021,47,4,336,3,483
fit__8381__deblur__restore__nes__l1,1021,48,4,583,4,738
fit__8381__deblur__random_walk__random_walk__l1,1024,49,2,1023,2,1023
fit__8381__deblur__confidence_boost__nes__l1,1021,47,4,430,4,585
fit__8381__deblur__boundary_probe__nes__l1,1021,49,3,679,3,818
fit__8381__deblur__counterfactual__nes__l1,1021,48,4,603,4,740
fit__2651__denoise__attack__nes__l0.5,1021,47,5,308,5,426
fit__2651__denoise__restore__nes__l0.5,1021,48,3,230,3,328
fit__2651__denoise__random_walk__random_walk__l0.5,1024,49,2,1023,2,1023
fit__2651__denoise__confidence_boost__nes__l0.5,1021,48,18,257,18,359
fit__2651__denoise__boundary_probe__nes__l0.5,1021,48,3,207,3,320
fit__2651__denoise__counterfactual__nes__l0.5,1021,49,7,276,7,394
fit__2651__deblur__attack__nes__l1,1021,48,18,265,9,382
fit__2651__deblur__restore__nes__l1,1021,48,9,268,9,376
fit__2651__deblur__random_walk__random_walk__l1,1024,50,2,1023,2,1023
fit__2651__deblur__confidence_boost__nes__l1,1021,48,15,407,8,557
fit__2651__deblur__boundary_probe__nes__l1,1021,48,16,422,16,541
fit__2651__deblur__counterfactual__nes__l1,1021,48,14,519,4,680
fit__62__denoise__attack__nes__l0.5,1021,48,2,223,2,316
fit__62__denoise__restore__nes__l0.5,1021,47,18,124,18,180
fit__62__denoise__random_walk__random_walk__l0.5,1024,49,2,1023,2,1023
fit__62__denoise__confidence_boost__nes__l0.5,1021,47,18,90,18,113
fit__62__denoise__boundary_probe__nes__l0.5,1021,48,6,187,6,251
fit__62__denoise__counterfactual__nes__l0.5,1021,47,18,122,16,179
fit__62__deblur__attack__nes__l1,1021,48,4,281,4,398
fit__62__deblur__restore__nes__l1,1021,49,4,328,4,451
fit__62__deblur__random_walk__random_walk__l1,1024,49,2,1023,2,1023
fit__62__deblur__confidence_boost__nes__l1,1021,48,3,206,3,307
fit__62__deblur__boundary_probe__nes__l1,1021,47,11,372,11,523
fit__62__deblur__counterfactual__nes__l1,1021,48,14,396,14,529
fit__7890__denoise__attack__nes__l0.5,1021,48,2,499,2,658
fit__7890__denoise__restore__nes__l0.5,1021,48,2,633,2,768
fit__7890__denoise__random_walk__random_walk__l0.5,1024,49,2,1023,2,1023
fit__7890__denoise__confidence_boost__nes__l0.5,1021,48,13,472,13,619
fit__7890__denoise__boundary_probe__nes__l0.5,1021,49,15,697,6,806
fit__7890__denoise__counterfactual__nes__l0.5,1021,48,14,619,4,754
fit__7890__deblur__attack__nes__l1,1021,47,3,533,3,693
fit__7890__deblur__restore__nes__l1,1021,48,2,357,2,504
fit__7890__deblur__random_walk__random_walk__l1,1024,50,2,1023,2,1023
fit__7890__deblur__confidence_boost__nes__l1,1021,48,10,377,2,511
fit__7890__deblur__boundary_probe__nes__l1,1021,48,3,468,3,622
fit__7890__deblur__counterfactual__nes__l1,1021,48,2,471,2,618
fit__1473__denoise__attack__nes__l0.5,1021,50,4,434,4,574
fit__1473__denoise__restore__nes__l0.5,1021,48,18,378,12,548
fit__1473__denoise__random_walk__random_walk__l0.5,1024,49,2,1023,2,1023
fit__1473__denoise__confidence_boost__nes__l0.5,1021,48,9,282,2,419
fit__1473__denoise__boundary_probe__nes__l0.5,1021,49,16,394,12,547
fit__1473__denoise__counterfactual__nes__l0.5,1021,49,11,405,5,545
fit__1473__deblur__attack__nes__l1,1021,49,18,112,15,166
fit__1473__deblur__restore__nes__l1,1021,47,18,79,18,94
fit__1473__deblur__random_walk__random_walk__l1,1024,50,2,1023,2,1023
fit__1473__deblur__confidence_boost__nes__l1,1021,48,18,115,18,151
fit__1473__deblur__boundary_probe__nes__l1,1021,48,18,110,18,145
fit__1473__deblur__counterfactual__nes__l1,1021,47,18,82,18,109
fit__8629__denoise__attack__nes__l0.5,1021,49,14,427,14,558
fit__8629__denoise__restore__nes__l0.5,1021,48,2,691,2,826
fit__8629__denoise__random_walk__random_walk__l0.5,1024,49,2,1023,2,1023
fit__8629__denoise__confidence_boost__nes__l0.5,1021,49,7,551,7,713
fit__8629__denoise__boundary_probe__nes__l0.5,1021,49,5,459,3,637
fit__8629__denoise__counterfactual__nes__l0.5,1021,49,3,652,3,776
fit__8629__deblur__attack__nes__l1,1021,48,18,238,18,344
fit__8629__deblur__restore__nes__l1,1021,47,18,130,15,195
fit__8629__deblur__random_walk__random_walk__l1,1024,50,2,1023,2,1023
fit__8629__deblur__confidence_boost__nes__l1,1021,47,18,139,4,204
fit__8629__deblur__boundary_probe__nes__l1,1021,48,18,174,5,257
fit__8629__deblur__counterfactual__nes__l1,1021,47,18,225,18,327
fit__4348__denoise__attack__nes__l0.5,1021,48,5,590,2,724
fit__4348__denoise__restore__nes__l0.5,1021,47,3,527,2,689
fit__4348__denoise__random_walk__random_walk__l0.5,1024,49,2,1023,2,1023
fit__4348__denoise__confidence_boost__nes__l0.5,1021,49,2,379,2,503
fit__4348__denoise__boundary_probe__nes__l0.5,1021,49,5,553,5,691
fit__4348__denoise__counterfactual__nes__l0.5,1021,48,3,541,3,672
fit__4348__deblur__attack__nes__l1,1021,48,11,276,9,402
fit__4348__deblur__restore__nes__l1,1021,48,5,424,5,565
fit__4348__deblur__random_walk__random_walk__l1,1024,49,2,1023,2,1023
fit__4348__deblur__confidence_boost__nes__l1,1021,48,4,388,4,525
fit__4348__deblur__boundary_probe__nes__l1,1021,47,8,216,8,349
fit__4348__deblur__counterfactual__nes__l1,1021,47,4,234,4,361
fit__780__denoise__attack__nes__l0.5,1021,47,18,165,18,261
fit__780__denoise__restore__nes__l0.5,1021,48,12,168,12,239
fit__780__denoise__random_walk__random_walk__l0.5,1024,49,2,1023,2,1023
fit__780__denoise__confidence_boost__nes__l0.5,1021,48,18,284,18,393
fit__780__denoise__boundary_probe__nes__l0.5,1021,48,18,147,18,221
fit__780__denoise__counterfactual__nes__l0.5,1021,47,18,168,18,254
fit__780__deblur__attack__nes__l1,1021,49,4,649,4,781
fit__780__deblur__restore__nes__l1,1021,48,2,680,2,811
fit__780__deblur__random_walk__random_walk__l1,1024,50,2,1023,2,1023
fit__780__deblur__confidence_boost__nes__l1,1021,49,2,732,2,849
fit__780__deblur__boundary_probe__nes__l1,1021,48,2,737,2,856
fit__780__deblur__counterfactual__nes__l1,1021,49,3,712,3,816
fit__7547__denoise__attack__nes__l0.5,1021,48,17,205,17,298
fit__7547__denoise__restore__nes__l0.5,1021,48,18,103,18,138
fit__7547__denoise__random_walk__random_walk__l0.5,1024,50,2,1023,2,1023
fit__7547__denoise__confidence_boost__nes__l0.5,1021,47,18,126,18,174
fit__7547__denoise__boundary_probe__nes__l0.5,1021,49,18,147,18,206
fit__7547__denoise__counterfactual__nes__l0.5,1021,48,18,143,18,194
fit__7547__deblur__attack__nes__l1,1021,48,15,272,2,383
fit__7547__deblur__restore__nes__l1,1021,49,4,219,4,329
fit__7547__deblur__random_walk__random_walk__l1,1024,49,2,1023,2,1023
fit__7547__deblur__confidence_boost__nes__l1,1021,47,18,209,6,319
fit__7547__deblur__boundary_probe__nes__l1,1021,49,14,378,14,498
fit__7547__deblur__counterfactual__nes__l1,1021,47,18,278,8,398
calibration__1322__denoise__attack__nes__l0.5,1021,48,2,539,2,666
calibration__1322__denoise__restore__nes__l0.5,1021,49,5,795,5,898
calibration__1322__denoise__random_walk__random_walk__l0.5,1024,50,2,1023,2,1023
calibration__1322__denoise__confidence_boost__nes__l0.5,1021,48,3,858,3,943
calibration__1322__denoise__boundary_probe__nes__l0.5,1021,48,3,628,3,773
calibration__1322__denoise__counterfactual__nes__l0.5,1021,49,3,736,3,853
calibration__1322__deblur__attack__nes__l1,1021,47,15,304,6,433
calibration__1322__deblur__restore__nes__l1,1021,48,18,100,16,132
calibration__1322__deblur__random_walk__random_walk__l1,1024,50,2,1023,2,1023
calibration__1322__deblur__confidence_boost__nes__l1,1021,48,18,234,12,320
calibration__1322__deblur__boundary_probe__nes__l1,1021,47,18,210,5,324
calibration__1322__deblur__counterfactual__nes__l1,1021,48,11,179,11,279
calibration__4868__denoise__attack__nes__l0.5,1021,48,10,408,10,558
calibration__4868__denoise__restore__nes__l0.5,1021,48,15,408,3,542
calibration__4868__denoise__random_walk__random_walk__l0.5,1024,49,2,1023,2,1023
calibration__4868__denoise__confidence_boost__nes__l0.5,1021,48,13,251,12,362
calibration__4868__denoise__boundary_probe__nes__l0.5,1021,49,2,385,2,518
calibration__4868__denoise__counterfactual__nes__l0.5,1021,49,2,505,2,641
calibration__4868__deblur__attack__nes__l1,1021,49,6,327,6,476
calibration__4868__deblur__restore__nes__l1,1021,48,12,257,3,387
calibration__4868__deblur__random_walk__random_walk__l1,1024,49,2,1023,2,1023
calibration__4868__deblur__confidence_boost__nes__l1,1021,48,6,447,6,574
calibration__4868__deblur__boundary_probe__nes__l1,1021,49,6,468,6,602
calibration__4868__deblur__counterfactual__nes__l1,1021,47,2,226,2,336
calibration__2950__denoise__attack__nes__l0.5,1021,48,4,200,3,303
calibration__2950__denoise__restore__nes__l0.5,1021,48,7,240,6,363
calibration__2950__denoise__random_walk__random_walk__l0.5,1024,50,2,1023,2,1023
calibration__2950__denoise__confidence_boost__nes__l0.5,1021,48,8,348,8,459
calibration__2950__denoise__boundary_probe__nes__l0.5,1021,49,6,332,2,446
calibration__2950__denoise__counterfactual__nes__l0.5,1021,48,5,272,5,373
calibration__2950__deblur__attack__nes__l1,1021,49,2,546,2,679
calibration__2950__deblur__restore__nes__l1,1021,48,9,452,8,603
calibration__2950__deblur__random_walk__random_walk__l1,1024,50,2,1023,2,1023
calibration__2950__deblur__confidence_boost__nes__l1,1021,48,2,422,2,574
calibration__2950__deblur__boundary_probe__nes__l1,1021,48,3,344,3,491
calibration__2950__deblur__counterfactual__nes__l1,1021,49,4,337,4,463
calibration__9865__denoise__attack__nes__l0.5,1021,48,7,651,7,760
calibration__9865__denoise__restore__nes__l0.5,1021,47,12,434,12,590
calibration__9865__denoise__random_walk__random_walk__l0.5,1024,49,2,1023,2,1023
calibration__9865__denoise__confidence_boost__nes__l0.5,1021,49,5,282,5,435
calibration__9865__denoise__boundary_probe__nes__l0.5,1021,48,18,379,14,521
calibration__9865__denoise__counterfactual__nes__l0.5,1021,48,18,457,8,591
calibration__9865__deblur__attack__nes__l1,1021,47,10,304,5,440
calibration__9865__deblur__restore__nes__l1,1021,47,12,214,9,301
calibration__9865__deblur__random_walk__random_walk__l1,1024,49,2,1023,2,1023
calibration__9865__deblur__confidence_boost__nes__l1,1021,48,5,242,3,346
calibration__9865__deblur__boundary_probe__nes__l1,1021,48,2,349,2,478
calibration__9865__deblur__counterfactual__nes__l1,1021,48,18,407,18,537
calibration__6740__denoise__attack__nes__l0.5,1021,48,14,313,14,438
calibration__6740__denoise__restore__nes__l0.5,1021,48,14,361,6,499
calibration__6740__denoise__random_walk__random_walk__l0.5,1024,49,2,1023,2,1023
calibration__6740__denoise__confidence_boost__nes__l0.5,1021,47,7,438,7,557
calibration__6740__denoise__boundary_probe__nes__l0.5,1021,47,5,339,5,469
calibration__6740__denoise__counterfactual__nes__l0.5,1021,47,13,222,3,350
calibration__6740__deblur__attack__nes__l1,1021,49,9,291,3,408
calibration__6740__deblur__restore__nes__l1,1021,48,3,349,3,469
calibration__6740__deblur__random_walk__random_walk__l1,1024,50,2,1023,2,1023
calibration__6740__deblur__confidence_boost__nes__l1,1021,49,4,408,2,539
calibration__6740__deblur__boundary_probe__nes__l1,1021,49,9,331,9,470
calibration__6740__deblur__counterfactual__nes__l1,1021,49,2,268,2,411
calibration__2489__denoise__attack__nes__l0.5,1021,48,11,355,11,480
calibration__2489__denoise__restore__nes__l0.5,1021,48,3,400,3,520
calibration__2489__denoise__random_walk__random_walk__l0.5,1024,50,2,1023,2,1023
calibration__2489__denoise__confidence_boost__nes__l0.5,1021,47,2,356,2,485
calibration__2489__denoise__boundary_probe__nes__l0.5,1021,48,7,308,7,429
calibration__2489__denoise__counterfactual__nes__l0.5,1021,47,9,317,9,432
calibration__2489__deblur__attack__nes__l1,1021,49,4,526,4,684
calibration__2489__deblur__restore__nes__l1,1021,49,4,560,4,714
calibration__2489__deblur__random_walk__random_walk__l1,1024,49,2,1023,2,1023
calibration__2489__deblur__confidence_boost__nes__l1,1021,49,2,650,2,782
calibration__2489__deblur__boundary_probe__nes__l1,1021,50,3,603,3,732
calibration__2489__deblur__counterfactual__nes__l1,1021,49,4,587,3,733
calibration__7489__denoise__attack__nes__l0.5,1021,49,2,420,2,583
calibration__7489__denoise__restore__nes__l0.5,1021,49,2,503,2,633
calibration__7489__denoise__random_walk__random_walk__l0.5,1024,49,2,1023,2,1023
calibration__7489__denoise__confidence_boost__nes__l0.5,1021,48,2,648,2,788
calibration__7489__denoise__boundary_probe__nes__l0.5,1021,49,2,607,2,752
calibration__7489__denoise__counterfactual__nes__l0.5,1021,48,3,431,3,576
calibration__7489__deblur__attack__nes__l1,1021,48,2,547,2,675
calibration__7489__deblur__restore__nes__l1,1021,49,3,330,2,469
calibration__7489__deblur__random_walk__random_walk__l1,1024,50,2,1023,2,1023
calibration__7489__deblur__confidence_boost__nes__l1,1021,49,12,327,5,475
calibration__7489__deblur__boundary_probe__nes__l1,1021,49,8,486,2,612
calibration__7489__deblur__counterfactual__nes__l1,1021,48,5,556,5,700
calibration__3706__denoise__attack__nes__l0.5,1021,46,18,95,18,138
calibration__3706__denoise__restore__nes__l0.5,1021,47,18,192,18,292
calibration__3706__denoise__random_walk__random_walk__l0.5,1024,49,2,1023,2,1023
calibration__3706__denoise__confidence_boost__nes__l0.5,1021,49,18,113,18,172
calibration__3706__denoise__boundary_probe__nes__l0.5,1021,47,15,128,15,198
calibration__3706__denoise__counterfactual__nes__l0.5,1021,48,18,190,18,278
calibration__3706__deblur__attack__nes__l1,1021,49,18,314,3,457
calibration__3706__deblur__restore__nes__l1,1021,47,4,393,3,534
calibration__3706__deblur__random_walk__random_walk__l1,1024,50,2,1023,2,1023
calibration__3706__deblur__confidence_boost__nes__l1,1021,48,4,293,4,420
calibration__3706__deblur__boundary_probe__nes__l1,1021,48,3,390,3,536
calibration__3706__deblur__counterfactual__nes__l1,1021,49,5,382,5,508
calibration__9205__denoise__attack__nes__l0.5,1021,49,6,243,6,366
calibration__9205__denoise__restore__nes__l0.5,1021,47,3,402,3,536
calibration__9205__denoise__random_walk__random_walk__l0.5,1024,49,2,1023,2,1023
calibration__9205__denoise__confidence_boost__nes__l0.5,1021,48,8,288,2,403
calibration__9205__denoise__boundary_probe__nes__l0.5,1021,49,3,191,3,299
calibration__9205__denoise__counterfactual__nes__l0.5,1021,49,3,311,3,446
calibration__9205__deblur__attack__nes__l1,1021,48,4,279,4,405
calibration__9205__deblur__restore__nes__l1,1021,47,4,328,4,448
calibration__9205__deblur__random_walk__random_walk__l1,1024,49,2,1023,2,1023
calibration__9205__deblur__confidence_boost__nes__l1,1021,47,18,262,11,371
calibration__9205__deblur__boundary_probe__nes__l1,1021,47,11,240,4,366
calibration__9205__deblur__counterfactual__nes__l1,1021,47,11,281,6,411
calibration__6571__denoise__attack__nes__l0.5,1021,48,17,474,17,601
calibration__6571__denoise__restore__nes__l0.5,1021,47,7,399,7,534
calibration__6571__denoise__random_walk__random_walk__l0.5,1024,49,2,1023,2,1023
calibration__6571__denoise__confidence_boost__nes__l0.5,1021,48,3,272,3,392
calibration__6571__denoise__boundary_probe__nes__l0.5,1021,47,11,212,4,306
calibration__6571__denoise__counterfactual__nes__l0.5,1021,48,6,377,3,497
calibration__6571__deblur__attack__nes__l1,1021,48,18,163,18,230
calibration__6571__deblur__restore__nes__l1,1021,49,18,191,18,276
calibration__6571__deblur__random_walk__random_walk__l1,1024,50,2,1023,2,1023
calibration__6571__deblur__confidence_boost__nes__l1,1021,48,18,179,18,287
calibration__6571__deblur__boundary_probe__nes__l1,1021,49,18,260,18,372
calibration__6571__deblur__counterfactual__nes__l1,1021,49,11,273,11,392
calibration__1226__denoise__attack__nes__l0.5,1021,48,8,472,8,617
calibration__1226__denoise__restore__nes__l0.5,1021,47,18,450,18,579
calibration__1226__denoise__random_walk__random_walk__l0.5,1024,50,2,1023,2,1023
calibration__1226__denoise__confidence_boost__nes__l0.5,1021,48,2,283,2,405
calibration__1226__denoise__boundary_probe__nes__l0.5,1021,49,18,544,16,656
calibration__1226__denoise__counterfactual__nes__l0.5,1021,47,8,233,8,337
calibration__1226__deblur__attack__nes__l1,1021,48,7,454,2,615
calibration__1226__deblur__restore__nes__l1,1021,48,3,454,3,605
calibration__1226__deblur__random_walk__random_walk__l1,1024,49,2,1023,2,1023
calibration__1226__deblur__confidence_boost__nes__l1,1021,48,8,260,8,386
calibration__1226__deblur__boundary_probe__nes__l1,1021,47,4,620,4,773
calibration__1226__deblur__counterfactual__nes__l1,1021,47,7,586,6,742
calibration__6013__denoise__attack__nes__l0.5,1021,49,3,766,3,878
calibration__6013__denoise__restore__nes__l0.5,1021,48,2,739,2,862
calibration__6013__denoise__random_walk__random_walk__l0.5,1024,49,2,1023,2,1023
calibration__6013__denoise__confidence_boost__nes__l0.5,1021,48,3,894,3,958
calibration__6013__denoise__boundary_probe__nes__l0.5,1021,48,2,716,2,847
calibration__6013__denoise__counterfactual__nes__l0.5,1021,49,2,772,2,883
calibration__6013__deblur__attack__nes__l1,1021,48,3,496,3,625
calibration__6013__deblur__restore__nes__l1,1021,48,9,550,9,701
calibration__6013__deblur__random_walk__random_walk__l1,1024,49,2,1023,2,1023
calibration__6013__deblur__confidence_boost__nes__l1,1021,49,8,572,8,716
calibration__6013__deblur__boundary_probe__nes__l1,1021,48,7,477,7,637
calibration__6013__deblur__counterfactual__nes__l1,1021,48,3,483,3,652
calibration__2781__denoise__attack__nes__l0.5,1021,48,2,234,2,341
calibration__2781__denoise__restore__nes__l0.5,1021,48,2,472,2,614
calibration__2781__denoise__random_walk__random_walk__l0.5,1024,49,2,1023,2,1023
calibration__2781__denoise__confidence_boost__nes__l0.5,1021,49,3,318,3,451
calibration__2781__denoise__boundary_probe__nes__l0.5,1021,49,7,305,7,429
calibration__2781__denoise__counterfactual__nes__l0.5,1021,48,3,180,3,273
calibration__2781__deblur__attack__nes__l1,1021,47,18,290,12,408
calibration__2781__deblur__restore__nes__l1,1021,48,9,415,9,552
calibration__2781__deblur__random_walk__random_walk__l1,1024,49,2,1023,2,1023
calibration__2781__deblur__confidence_boost__nes__l1,1021,48,2,189,2,281
calibration__2781__deblur__boundary_probe__nes__l1,1021,47,3,174,3,257
calibration__2781__deblur__counterfactual__nes__l1,1021,49,14,274,12,374
calibration__7927__denoise__attack__nes__l0.5,1021,49,2,342,2,480
calibration__7927__denoise__restore__nes__l0.5,1021,49,2,691,2,838
calibration__7927__denoise__random_walk__random_walk__l0.5,1024,49,2,1023,2,1023
calibration__7927__denoise__confidence_boost__nes__l0.5,1021,49,3,587,3,732
calibration__7927__denoise__boundary_probe__nes__l0.5,1021,48,16,454,3,619
calibration__7927__denoise__counterfactual__nes__l0.5,1021,49,4,436,3,606
calibration__7927__deblur__attack__nes__l1,1021,50,3,425,3,570
calibration__7927__deblur__restore__nes__l1,1021,48,10,476,5,618
calibration__7927__deblur__random_walk__random_walk__l1,1024,49,2,1023,2,1023
calibration__7927__deblur__confidence_boost__nes__l1,1021,47,3,209,3,321
calibration__7927__deblur__boundary_probe__nes__l1,1021,47,5,451,4,611
calibration__7927__deblur__counterfactual__nes__l1,1021,48,7,290,4,425
calibration__3189__denoise__attack__nes__l0.5,1021,47,3,300,3,437
calibration__3189__denoise__restore__nes__l0.5,1021,48,12,243,12,348
calibration__3189__denoise__random_walk__random_walk__l0.5,1024,49,2,1023,2,1023
calibration__3189__denoise__confidence_boost__nes__l0.5,1021,48,5,345,3,459
calibration__3189__denoise__boundary_probe__nes__l0.5,1021,50,17,334,17,453
calibration__3189__denoise__counterfactual__nes__l0.5,1021,48,5,301,5,408
calibration__3189__deblur__attack__nes__l1,1021,47,7,210,7,316
calibration__3189__deblur__restore__nes__l1,1021,47,8,250,8,385
calibration__3189__deblur__random_walk__random_walk__l1,1024,50,2,1023,2,1023
calibration__3189__deblur__confidence_boost__nes__l1,1021,49,16,383,16,534
calibration__3189__deblur__boundary_probe__nes__l1,1021,48,16,230,12,331
calibration__3189__deblur__counterfactual__nes__l1,1021,48,8,227,8,317
calibration__4678__denoise__attack__nes__l0.5,1021,49,3,846,3,920
calibration__4678__denoise__restore__nes__l0.5,1021,49,2,800,2,888
calibration__4678__denoise__random_walk__random_walk__l0.5,1024,50,2,1023,2,1023
calibration__4678__denoise__confidence_boost__nes__l0.5,1021,48,3,895,2,953
calibration__4678__denoise__boundary_probe__nes__l0.5,1021,49,3,614,3,745
calibration__4678__denoise__counterfactual__nes__l0.5,1021,49,3,820,3,911
calibration__4678__deblur__attack__nes__l1,1021,49,11,235,2,345
calibration__4678__deblur__restore__nes__l1,1021,48,2,283,2,382
calibration__4678__deblur__random_walk__random_walk__l1,1024,50,2,1023,2,1023
calibration__4678__deblur__confidence_boost__nes__l1,1021,47,5,295,4,422
calibration__4678__deblur__boundary_probe__nes__l1,1021,50,14,486,14,607
calibration__4678__deblur__counterfactual__nes__l1,1021,48,10,177,10,269
calibration__9367__denoise__attack__nes__l0.5,1021,49,9,357,4,501
calibration__9367__denoise__restore__nes__l0.5,1021,49,18,302,8,434
calibration__9367__denoise__random_walk__random_walk__l0.5,1024,50,2,1023,2,1023
calibration__9367__denoise__confidence_boost__nes__l0.5,1021,47,11,323,6,447
calibration__9367__denoise__boundary_probe__nes__l0.5,1021,47,9,383,9,530
calibration__9367__denoise__counterfactual__nes__l0.5,1021,48,12,280,6,414
calibration__9367__deblur__attack__nes__l1,1021,49,3,475,3,606
calibration__9367__deblur__restore__nes__l1,1021,48,3,457,3,622
calibration__9367__deblur__random_walk__random_walk__l1,1024,50,2,1023,2,1023
calibration__9367__deblur__confidence_boost__nes__l1,1021,49,6,690,6,828
calibration__9367__deblur__boundary_probe__nes__l1,1021,48,5,453,5,608
calibration__9367__deblur__counterfactual__nes__l1,1021,48,8,566,4,702
evaluation__2680__denoise__attack__nes__l0.5,1021,47,4,468,4,599
evaluation__2680__denoise__restore__nes__l0.5,1021,48,8,320,8,450
evaluation__2680__denoise__random_walk__random_walk__l0.5,1024,50,2,1023,2,1023
evaluation__2680__denoise__confidence_boost__nes__l0.5,1021,49,7,317,7,460
evaluation__2680__denoise__boundary_probe__nes__l0.5,1021,48,6,309,6,435
evaluation__2680__denoise__counterfactual__nes__l0.5,1021,48,4,508,4,641
evaluation__2680__deblur__attack__nes__l1,1021,48,2,789,2,888
evaluation__2680__deblur__restore__nes__l1,1021,49,3,757,3,874
evaluation__2680__deblur__random_walk__random_walk__l1,1024,50,2,1023,2,1023
evaluation__2680__deblur__confidence_boost__nes__l1,1021,49,2,887,2,949
evaluation__2680__deblur__boundary_probe__nes__l1,1021,50,2,697,2,827
evaluation__2680__deblur__counterfactual__nes__l1,1021,49,3,811,3,902
evaluation__4667__denoise__attack__nes__l0.5,1021,49,3,789,2,900
evaluation__4667__denoise__restore__nes__l0.5,1021,49,4,797,2,910
evaluation__4667__denoise__random_walk__random_walk__l0.5,1024,49,2,1023,2,1023
evaluation__4667__denoise__confidence_boost__nes__l0.5,1021,49,4,966,3,996
evaluation__4667__denoise__boundary_probe__nes__l0.5,1021,49,2,960,2,990
evaluation__4667__denoise__counterfactual__nes__l0.5,1021,50,2,903,2,968
evaluation__4667__deblur__attack__nes__l1,1021,48,5,363,5,498
evaluation__4667__deblur__restore__nes__l1,1021,48,10,394,6,531
evaluation__4667__deblur__random_walk__random_walk__l1,1024,50,2,1023,2,1023
evaluation__4667__deblur__confidence_boost__nes__l1,1021,48,4,532,4,689
evaluation__4667__deblur__boundary_probe__nes__l1,1021,49,3,414,3,551
evaluation__4667__deblur__counterfactual__nes__l1,1021,49,8,552,8,694
evaluation__7929__denoise__attack__nes__l0.5,1021,48,3,408,3,519
evaluation__7929__denoise__restore__nes__l0.5,1021,50,6,712,6,825
evaluation__7929__denoise__random_walk__random_walk__l0.5,1024,50,2,1023,2,1023
evaluation__7929__denoise__confidence_boost__nes__l0.5,1021,49,5,501,5,625
evaluation__7929__denoise__boundary_probe__nes__l0.5,1021,48,9,499,9,636
evaluation__7929__denoise__counterfactual__nes__l0.5,1021,49,2,460,2,574
evaluation__7929__deblur__attack__nes__l1,1021,47,18,223,11,346
evaluation__7929__deblur__restore__nes__l1,1021,47,18,148,18,216
evaluation__7929__deblur__random_walk__random_walk__l1,1024,49,2,1023,2,1023
evaluation__7929__deblur__confidence_boost__nes__l1,1021,48,15,227,15,338
evaluation__7929__deblur__boundary_probe__nes__l1,1021,48,7,204,7,293
evaluation__7929__deblur__counterfactual__nes__l1,1021,48,8,194,8,289
evaluation__1134__denoise__attack__nes__l0.5,1021,48,12,234,5,348
evaluation__1134__denoise__restore__nes__l0.5,1021,48,18,360,3,489
evaluation__1134__denoise__random_walk__random_walk__l0.5,1024,49,2,1023,2,1023
evaluation__1134__denoise__confidence_boost__nes__l0.5,1021,48,18,247,18,365
evaluation__1134__denoise__boundary_probe__nes__l0.5,1021,48,18,218,11,321
evaluation__1134__denoise__counterfactual__nes__l0.5,1021,49,18,362,5,498
evaluation__1134__deblur__attack__nes__l1,1021,47,18,211,18,310
evaluation__1134__deblur__restore__nes__l1,1021,47,3,158,3,241
evaluation__1134__deblur__random_walk__random_walk__l1,1024,50,2,1023,2,1023
evaluation__1134__deblur__confidence_boost__nes__l1,1021,46,18,282,18,406
evaluation__1134__deblur__boundary_probe__nes__l1,1021,47,18,271,18,379
evaluation__1134__deblur__counterfactual__nes__l1,1021,46,3,251,3,357
evaluation__3058__denoise__attack__nes__l0.5,1021,49,6,793,6,886
evaluation__3058__denoise__restore__nes__l0.5,1021,48,8,618,7,750
evaluation__3058__denoise__random_walk__random_walk__l0.5,1024,50,2,1023,2,1023
evaluation__3058__denoise__confidence_boost__nes__l0.5,1021,48,6,632,2,786
evaluation__3058__denoise__boundary_probe__nes__l0.5,1021,47,3,601,3,734
evaluation__3058__denoise__counterfactual__nes__l0.5,1021,49,3,703,3,823
evaluation__3058__deblur__attack__nes__l1,1021,46,18,313,5,463
evaluation__3058__deblur__restore__nes__l1,1021,47,18,350,10,505
evaluation__3058__deblur__random_walk__random_walk__l1,1024,50,2,1023,2,1023
evaluation__3058__deblur__confidence_boost__nes__l1,1021,49,6,471,6,630
evaluation__3058__deblur__boundary_probe__nes__l1,1021,48,16,365,7,512
evaluation__3058__deblur__counterfactual__nes__l1,1021,48,18,306,18,446
evaluation__5201__denoise__attack__nes__l0.5,1021,47,3,371,3,522
evaluation__5201__denoise__restore__nes__l0.5,1021,48,9,241,3,339
evaluation__5201__denoise__random_walk__random_walk__l0.5,1024,50,2,1023,2,1023
evaluation__5201__denoise__confidence_boost__nes__l0.5,1021,46,8,421,7,574
evaluation__5201__denoise__boundary_probe__nes__l0.5,1021,48,18,305,4,423
evaluation__5201__denoise__counterfactual__nes__l0.5,1021,48,15,435,15,570
evaluation__5201__deblur__attack__nes__l1,1021,50,4,584,3,716
evaluation__5201__deblur__restore__nes__l1,1021,48,2,394,2,554
evaluation__5201__deblur__random_walk__random_walk__l1,1024,49,2,1023,2,1023
evaluation__5201__deblur__confidence_boost__nes__l1,1021,47,3,362,3,498
evaluation__5201__deblur__boundary_probe__nes__l1,1021,49,5,631,5,753
evaluation__5201__deblur__counterfactual__nes__l1,1021,48,4,400,4,575
evaluation__8214__denoise__attack__nes__l0.5,1021,48,10,403,10,529
evaluation__8214__denoise__restore__nes__l0.5,1021,47,5,263,5,375
evaluation__8214__denoise__random_walk__random_walk__l0.5,1024,50,2,1023,2,1023
evaluation__8214__denoise__confidence_boost__nes__l0.5,1021,48,12,274,12,377
evaluation__8214__denoise__boundary_probe__nes__l0.5,1021,47,18,325,4,441
evaluation__8214__denoise__counterfactual__nes__l0.5,1021,48,18,269,10,393
evaluation__8214__deblur__attack__nes__l1,1021,47,18,318,9,422
evaluation__8214__deblur__restore__nes__l1,1021,46,18,171,18,270
evaluation__8214__deblur__random_walk__random_walk__l1,1024,49,2,1023,2,1023
evaluation__8214__deblur__confidence_boost__nes__l1,1021,47,11,101,11,143
evaluation__8214__deblur__boundary_probe__nes__l1,1021,46,18,269,18,400
evaluation__8214__deblur__counterfactual__nes__l1,1021,47,18,212,8,315
evaluation__3541__denoise__attack__nes__l0.5,1021,48,18,352,18,475
evaluation__3541__denoise__restore__nes__l0.5,1021,48,18,357,3,504
evaluation__3541__denoise__random_walk__random_walk__l0.5,1024,49,2,1023,2,1023
evaluation__3541__denoise__confidence_boost__nes__l0.5,1021,48,9,511,9,636
evaluation__3541__denoise__boundary_probe__nes__l0.5,1021,48,5,311,5,427
evaluation__3541__denoise__counterfactual__nes__l0.5,1021,48,18,282,2,386
evaluation__3541__deblur__attack__nes__l1,1021,49,3,478,3,644
evaluation__3541__deblur__restore__nes__l1,1021,48,6,528,3,675
evaluation__3541__deblur__random_walk__random_walk__l1,1024,49,2,1023,2,1023
evaluation__3541__deblur__confidence_boost__nes__l1,1021,48,2,564,2,696
evaluation__3541__deblur__boundary_probe__nes__l1,1021,49,6,463,6,611
evaluation__3541__deblur__counterfactual__nes__l1,1021,48,13,661,5,805
evaluation__6425__denoise__attack__nes__l0.5,1021,47,12,486,2,634
evaluation__6425__denoise__restore__nes__l0.5,1021,48,3,370,3,493
evaluation__6425__denoise__random_walk__random_walk__l0.5,1024,49,2,1023,2,1023
evaluation__6425__denoise__confidence_boost__nes__l0.5,1021,48,2,535,2,676
evaluation__6425__denoise__boundary_probe__nes__l0.5,1021,48,4,381,4,525
evaluation__6425__denoise__counterfactual__nes__l0.5,1021,48,4,388,4,534
evaluation__6425__deblur__attack__nes__l1,1021,49,2,442,2,610
evaluation__6425__deblur__restore__nes__l1,1021,49,2,285,2,415
evaluation__6425__deblur__random_walk__random_walk__l1,1024,50,2,1023,2,1023
evaluation__6425__deblur__confidence_boost__nes__l1,1021,48,4,542,2,660
evaluation__6425__deblur__boundary_probe__nes__l1,1021,48,5,487,5,625
evaluation__6425__deblur__counterfactual__nes__l1,1021,47,2,501,2,647
evaluation__8982__denoise__attack__nes__l0.5,1021,48,3,455,3,610
evaluation__8982__denoise__restore__nes__l0.5,1021,48,6,448,2,611
evaluation__8982__denoise__random_walk__random_walk__l0.5,1024,50,2,1023,2,1023
evaluation__8982__denoise__confidence_boost__nes__l0.5,1021,47,2,543,2,686
evaluation__8982__denoise__boundary_probe__nes__l0.5,1021,48,9,479,6,637
evaluation__8982__denoise__counterfactual__nes__l0.5,1021,48,2,604,2,736
evaluation__8982__deblur__attack__nes__l1,1021,48,8,353,8,475
evaluation__8982__deblur__restore__nes__l1,1021,49,4,361,3,504
evaluation__8982__deblur__random_walk__random_walk__l1,1024,50,2,1023,2,1023
evaluation__8982__deblur__confidence_boost__nes__l1,1021,49,7,388,7,544
evaluation__8982__deblur__boundary_probe__nes__l1,1021,49,5,718,3,838
evaluation__8982__deblur__counterfactual__nes__l1,1021,49,6,520,6,650
evaluation__1877__denoise__attack__nes__l0.5,1021,49,3,198,2,285
evaluation__1877__denoise__restore__nes__l0.5,1021,48,18,288,18,415
evaluation__1877__denoise__random_walk__random_walk__l0.5,1024,50,2,1023,2,1023
evaluation__1877__denoise__confidence_boost__nes__l0.5,1021,49,18,398,11,544
evaluation__1877__denoise__boundary_probe__nes__l0.5,1021,49,13,245,13,374
evaluation__1877__denoise__counterfactual__nes__l0.5,1021,48,10,290,10,394
evaluation__1877__deblur__attack__nes__l1,1021,48,13,339,8,474
evaluation__1877__deblur__restore__nes__l1,1021,47,4,259,3,367
evaluation__1877__deblur__random_walk__random_walk__l1,1024,49,2,1023,2,1023
evaluation__1877__deblur__confidence_boost__nes__l1,1021,47,9,310,9,426
evaluation__1877__deblur__boundary_probe__nes__l1,1021,48,4,210,4,323
evaluation__1877__deblur__counterfactual__nes__l1,1021,48,10,554,4,698
evaluation__5733__denoise__attack__nes__l0.5,1021,49,4,404,4,540
evaluation__5733__denoise__restore__nes__l0.5,1021,47,4,570,4,731
evaluation__5733__denoise__random_walk__random_walk__l0.5,1024,50,2,1023,2,1023
evaluation__5733__denoise__confidence_boost__nes__l0.5,1021,48,2,509,2,674
evaluation__5733__denoise__boundary_probe__nes__l0.5,1021,47,6,458,3,592
evaluation__5733__denoise__counterfactual__nes__l0.5,1021,48,3,475,2,635
evaluation__5733__deblur__attack__nes__l1,1021,48,2,747,2,852
evaluation__5733__deblur__restore__nes__l1,1021,49,4,806,3,902
evaluation__5733__deblur__random_walk__random_walk__l1,1024,50,2,1023,2,1023
evaluation__5733__deblur__confidence_boost__nes__l1,1021,49,4,923,2,974
evaluation__5733__deblur__boundary_probe__nes__l1,1021,50,2,938,2,981
evaluation__5733__deblur__counterfactual__nes__l1,1021,49,2,754,2,875
evaluation__7743__denoise__attack__nes__l0.5,1021,49,18,271,7,398
evaluation__7743__denoise__restore__nes__l0.5,1021,47,18,139,18,201
evaluation__7743__denoise__random_walk__random_walk__l0.5,1024,49,2,1023,2,1023
evaluation__7743__denoise__confidence_boost__nes__l0.5,1021,48,8,329,5,474
evaluation__7743__denoise__boundary_probe__nes__l0.5,1021,48,17,274,17,419
evaluation__7743__denoise__counterfactual__nes__l0.5,1021,47,15,218,5,312
evaluation__7743__deblur__attack__nes__l1,1021,48,9,397,2,561
evaluation__7743__deblur__restore__nes__l1,1021,48,13,417,13,571
evaluation__7743__deblur__random_walk__random_walk__l1,1024,49,2,1023,2,1023
evaluation__7743__deblur__confidence_boost__nes__l1,1021,48,4,455,4,594
evaluation__7743__deblur__boundary_probe__nes__l1,1021,49,2,699,2,823
evaluation__7743__deblur__counterfactual__nes__l1,1021,48,18,440,12,619
evaluation__1303__denoise__attack__nes__l0.5,1021,48,10,316,3,443
evaluation__1303__denoise__restore__nes__l0.5,1021,48,9,434,9,574
evaluation__1303__denoise__random_walk__random_walk__l0.5,1024,49,2,1023,2,1023
evaluation__1303__denoise__confidence_boost__nes__l0.5,1021,48,7,307,7,448
evaluation__1303__denoise__boundary_probe__nes__l0.5,1021,48,10,367,10,518
evaluation__1303__denoise__counterfactual__nes__l0.5,1021,47,18,376,18,504
evaluation__1303__deblur__attack__nes__l1,1021,48,8,286,8,431
evaluation__1303__deblur__restore__nes__l1,1021,50,9,403,2,577
evaluation__1303__deblur__random_walk__random_walk__l1,1024,49,2,1023,2,1023
evaluation__1303__deblur__confidence_boost__nes__l1,1021,48,10,431,6,580
evaluation__1303__deblur__boundary_probe__nes__l1,1021,48,5,553,4,690
evaluation__1303__deblur__counterfactual__nes__l1,1021,48,4,523,4,662
evaluation__4567__denoise__attack__nes__l0.5,1021,48,4,414,4,582
evaluation__4567__denoise__restore__nes__l0.5,1021,49,4,612,4,746
evaluation__4567__denoise__random_walk__random_walk__l0.5,1024,49,2,1023,2,1023
evaluation__4567__denoise__confidence_boost__nes__l0.5,1021,49,6,404,6,558
evaluation__4567__denoise__boundary_probe__nes__l0.5,1021,47,2,443,2,592
evaluation__4567__denoise__counterfactual__nes__l0.5,1021,48,5,454,5,595
evaluation__4567__deblur__attack__nes__l1,1021,48,7,504,7,678
evaluation__4567__deblur__restore__nes__l1,1021,48,2,463,2,609
evaluation__4567__deblur__random_walk__random_walk__l1,1024,49,2,1023,2,1023
evaluation__4567__deblur__confidence_boost__nes__l1,1021,49,11,454,5,598
evaluation__4567__deblur__boundary_probe__nes__l1,1021,48,8,699,8,816
evaluation__4567__deblur__counterfactual__nes__l1,1021,48,9,478,9,622
evaluation__6148__denoise__attack__nes__l0.5,1021,48,2,696,2,818
evaluation__6148__denoise__restore__nes__l0.5,1021,48,2,767,2,872
evaluation__6148__denoise__random_walk__random_walk__l0.5,1024,49,2,1023,2,1023
evaluation__6148__denoise__confidence_boost__nes__l0.5,1021,48,4,636,3,771
evaluation__6148__denoise__boundary_probe__nes__l0.5,1021,48,2,678,2,814
evaluation__6148__denoise__counterfactual__nes__l0.5,1021,49,4,744,2,860
evaluation__6148__deblur__attack__nes__l1,1021,48,4,627,4,752
evaluation__6148__deblur__restore__nes__l1,1021,48,4,354,4,485
evaluation__6148__deblur__random_walk__random_walk__l1,1024,49,2,1023,2,1023
evaluation__6148__deblur__confidence_boost__nes__l1,1021,49,5,633,5,752
evaluation__6148__deblur__boundary_probe__nes__l1,1021,48,13,489,3,620
evaluation__6148__deblur__counterfactual__nes__l1,1021,48,6,362,4,507
evaluation__9925__denoise__attack__nes__l0.5,1021,48,2,261,2,376
evaluation__9925__denoise__restore__nes__l0.5,1021,48,13,400,13,536
evaluation__9925__denoise__random_walk__random_walk__l0.5,1024,49,2,1023,2,1023
evaluation__9925__denoise__confidence_boost__nes__l0.5,1021,49,14,349,5,504
evaluation__9925__denoise__boundary_probe__nes__l0.5,1021,48,6,290,6,414
evaluation__9925__denoise__counterfactual__nes__l0.5,1021,47,8,336,8,471
evaluation__9925__deblur__attack__nes__l1,1021,48,4,549,4,693
evaluation__9925__deblur__restore__nes__l1,1021,49,11,581,10,706
evaluation__9925__deblur__random_walk__random_walk__l1,1024,50,2,1023,2,1023
evaluation__9925__deblur__confidence_boost__nes__l1,1021,50,3,534,3,665
evaluation__9925__deblur__boundary_probe__nes__l1,1021,49,3,507,3,647
evaluation__9925__deblur__counterfactual__nes__l1,1021,49,6,533,6,671
evaluation__1698__denoise__attack__nes__l0.5,1021,48,7,443,6,587
evaluation__1698__denoise__restore__nes__l0.5,1021,48,10,579,3,725
evaluation__1698__denoise__random_walk__random_walk__l0.5,1024,50,2,1023,2,1023
evaluation__1698__denoise__confidence_boost__nes__l0.5,1021,49,6,680,6,802
evaluation__1698__denoise__boundary_probe__nes__l0.5,1021,49,6,690,2,809
evaluation__1698__denoise__counterfactual__nes__l0.5,1021,49,9,592,9,743
evaluation__1698__deblur__attack__nes__l1,1021,48,3,658,3,800
evaluation__1698__deblur__restore__nes__l1,1021,48,4,707,4,827
evaluation__1698__deblur__random_walk__random_walk__l1,1024,49,2,1023,2,1023
evaluation__1698__deblur__confidence_boost__nes__l1,1021,48,6,430,2,576
evaluation__1698__deblur__boundary_probe__nes__l1,1021,49,5,760,2,857
evaluation__1698__deblur__counterfactual__nes__l1,1021,48,4,517,4,670
evaluation__4764__denoise__attack__nes__l0.5,1021,48,7,377,5,517
evaluation__4764__denoise__restore__nes__l0.5,1021,49,6,544,6,695
evaluation__4764__denoise__random_walk__random_walk__l0.5,1024,49,2,1023,2,1023
evaluation__4764__denoise__confidence_boost__nes__l0.5,1021,49,5,483,5,627
evaluation__4764__denoise__boundary_probe__nes__l0.5,1021,47,2,358,2,485
evaluation__4764__denoise__counterfactual__nes__l0.5,1021,48,2,419,2,569
evaluation__4764__deblur__attack__nes__l1,1021,47,2,357,2,491
evaluation__4764__deblur__restore__nes__l1,1021,47,4,430,4,567
evaluation__4764__deblur__random_walk__random_walk__l1,1024,49,2,1023,2,1023
evaluation__4764__deblur__confidence_boost__nes__l1,1021,48,3,511,3,658
evaluation__4764__deblur__boundary_probe__nes__l1,1021,48,9,441,3,584
evaluation__4764__deblur__counterfactual__nes__l1,1021,48,5,294,5,404
evaluation__6711__denoise__attack__nes__l0.5,1021,48,8,241,8,342
evaluation__6711__denoise__restore__nes__l0.5,1021,48,2,280,2,400
evaluation__6711__denoise__random_walk__random_walk__l0.5,1024,49,2,1023,2,1023
evaluation__6711__denoise__confidence_boost__nes__l0.5,1021,46,15,135,15,201
evaluation__6711__denoise__boundary_probe__nes__l0.5,1021,48,18,232,18,330
evaluation__6711__denoise__counterfactual__nes__l0.5,1021,48,18,260,3,362
evaluation__6711__deblur__attack__nes__l1,1021,49,2,397,2,536
evaluation__6711__deblur__restore__nes__l1,1021,48,18,256,10,377
evaluation__6711__deblur__random_walk__random_walk__l1,1024,49,2,1023,2,1023
evaluation__6711__deblur__confidence_boost__nes__l1,1021,49,9,397,9,521
evaluation__6711__deblur__boundary_probe__nes__l1,1021,49,3,376,3,521
evaluation__6711__deblur__counterfactual__nes__l1,1021,48,12,325,2,452
evaluation__2389__denoise__attack__nes__l0.5,1021,47,6,266,6,405
evaluation__2389__denoise__restore__nes__l0.5,1021,48,6,198,6,294
evaluation__2389__denoise__random_walk__random_walk__l0.5,1024,49,2,1023,2,1023
evaluation__2389__denoise__confidence_boost__nes__l0.5,1021,47,13,178,13,253
evaluation__2389__denoise__boundary_probe__nes__l0.5,1021,48,10,442,10,579
evaluation__2389__denoise__counterfactual__nes__l0.5,1021,48,18,477,18,596
evaluation__2389__deblur__attack__nes__l1,1021,48,7,486,4,638
evaluation__2389__deblur__restore__nes__l1,1021,49,6,538,6,671
evaluation__2389__deblur__random_walk__random_walk__l1,1024,50,2,1023,2,1023
evaluation__2389__deblur__confidence_boost__nes__l1,1021,48,9,524,3,670
evaluation__2389__deblur__boundary_probe__nes__l1,1021,49,4,717,4,833
evaluation__2389__deblur__counterfactual__nes__l1,1021,47,4,480,4,612
evaluation__4714__denoise__attack__nes__l0.5,1021,49,18,183,18,262
evaluation__4714__denoise__restore__nes__l0.5,1021,48,18,251,18,367
evaluation__4714__denoise__random_walk__random_walk__l0.5,1024,49,2,1023,2,1023
evaluation__4714__denoise__confidence_boost__nes__l0.5,1021,47,6,94,6,132
evaluation__4714__denoise__boundary_probe__nes__l0.5,1021,47,18,117,18,190
evaluation__4714__denoise__counterfactual__nes__l0.5,1021,48,18,76,5,98
evaluation__4714__deblur__attack__nes__l1,1021,48,18,67,18,79
evaluation__4714__deblur__restore__nes__l1,1021,47,18,80,18,98
evaluation__4714__deblur__random_walk__random_walk__l1,1024,49,2,1023,2,1023
evaluation__4714__deblur__confidence_boost__nes__l1,1021,47,18,128,18,186
evaluation__4714__deblur__boundary_probe__nes__l1,1021,48,18,132,18,195
evaluation__4714__deblur__counterfactual__nes__l1,1021,47,18,104,18,162
evaluation__8334__denoise__attack__nes__l0.5,1021,48,4,278,4,407
evaluation__8334__denoise__restore__nes__l0.5,1021,46,3,355,3,491
evaluation__8334__denoise__random_walk__random_walk__l0.5,1024,49,2,1023,2,1023
evaluation__8334__denoise__confidence_boost__nes__l0.5,1021,49,14,633,12,754
evaluation__8334__denoise__boundary_probe__nes__l0.5,1021,48,10,419,6,565
evaluation__8334__denoise__counterfactual__nes__l0.5,1021,49,9,478,9,633
evaluation__8334__deblur__attack__nes__l1,1021,48,2,538,2,704
evaluation__8334__deblur__restore__nes__l1,1021,48,7,641,5,799
evaluation__8334__deblur__random_walk__random_walk__l1,1024,49,2,1023,2,1023
evaluation__8334__deblur__confidence_boost__nes__l1,1021,48,7,614,2,750
evaluation__8334__deblur__boundary_probe__nes__l1,1021,48,4,675,4,807
evaluation__8334__deblur__counterfactual__nes__l1,1021,48,2,586,2,744
evaluation__1520__denoise__attack__nes__l0.5,1021,49,12,596,10,734
evaluation__1520__denoise__restore__nes__l0.5,1021,47,3,248,3,360
evaluation__1520__denoise__random_walk__random_walk__l0.5,1024,49,2,1023,2,1023
evaluation__1520__denoise__confidence_boost__nes__l0.5,1021,48,17,302,8,424
evaluation__1520__denoise__boundary_probe__nes__l0.5,1021,48,5,329,5,456
evaluation__1520__denoise__counterfactual__nes__l0.5,1021,48,3,321,3,453
evaluation__1520__deblur__attack__nes__l1,1021,48,5,628,3,746
evaluation__1520__deblur__restore__nes__l1,1021,49,2,563,2,724
evaluation__1520__deblur__random_walk__random_walk__l1,1024,50,2,1023,2,1023
evaluation__1520__deblur__confidence_boost__nes__l1,1021,49,7,713,4,823
evaluation__1520__deblur__boundary_probe__nes__l1,1021,49,13,622,3,750
evaluation__1520__deblur__counterfactual__nes__l1,1021,48,4,613,4,758
evaluation__3482__denoise__attack__nes__l0.5,1021,48,18,194,16,285
evaluation__3482__denoise__restore__nes__l0.5,1021,48,3,183,3,276
evaluation__3482__denoise__random_walk__random_walk__l0.5,1024,50,2,1023,2,1023
evaluation__3482__denoise__confidence_boost__nes__l0.5,1021,47,15,270,15,393
evaluation__3482__denoise__boundary_probe__nes__l0.5,1021,48,10,101,5,151
evaluation__3482__denoise__counterfactual__nes__l0.5,1021,49,8,146,8,227
evaluation__3482__deblur__attack__nes__l1,1021,47,18,152,18,226
evaluation__3482__deblur__restore__nes__l1,1021,48,18,335,15,463
evaluation__3482__deblur__random_walk__random_walk__l1,1024,50,2,1023,2,1023
evaluation__3482__deblur__confidence_boost__nes__l1,1021,48,18,291,18,420
evaluation__3482__deblur__boundary_probe__nes__l1,1021,49,13,210,7,316
evaluation__3482__deblur__counterfactual__nes__l1,1021,48,12,204,12,294
evaluation__7625__denoise__attack__nes__l0.5,1021,48,8,577,8,713
evaluation__7625__denoise__restore__nes__l0.5,1021,48,6,377,6,508
evaluation__7625__denoise__random_walk__random_walk__l0.5,1024,50,2,1023,2,1023
evaluation__7625__denoise__confidence_boost__nes__l0.5,1021,48,12,371,6,506
evaluation__7625__denoise__boundary_probe__nes__l0.5,1021,48,18,474,3,620
evaluation__7625__denoise__counterfactual__nes__l0.5,1021,47,6,499,6,661
evaluation__7625__deblur__attack__nes__l1,1021,47,7,330,7,469
evaluation__7625__deblur__restore__nes__l1,1021,48,4,517,4,645
evaluation__7625__deblur__random_walk__random_walk__l1,1024,50,2,1023,2,1023
evaluation__7625__deblur__confidence_boost__nes__l1,1021,48,2,299,2,424
evaluation__7625__deblur__boundary_probe__nes__l1,1021,49,11,420,4,550
evaluation__7625__deblur__counterfactual__nes__l1,1021,49,8,390,3,522
evaluation__9374__denoise__attack__nes__l0.5,1021,48,13,140,3,214
evaluation__9374__denoise__restore__nes__l0.5,1021,48,12,348,12,466
evaluation__9374__denoise__random_walk__random_walk__l0.5,1024,49,2,1023,2,1023
evaluation__9374__denoise__confidence_boost__nes__l0.5,1021,49,18,324,8,450
evaluation__9374__denoise__boundary_probe__nes__l0.5,1021,49,2,166,2,245
evaluation__9374__denoise__counterfactual__nes__l0.5,1021,48,2,301,2,409
evaluation__9374__deblur__attack__nes__l1,1021,48,18,353,18,487
evaluation__9374__deblur__restore__nes__l1,1021,48,18,226,7,326
evaluation__9374__deblur__random_walk__random_walk__l1,1024,49,2,1023,2,1023
evaluation__9374__deblur__confidence_boost__nes__l1,1021,48,18,317,11,456
evaluation__9374__deblur__boundary_probe__nes__l1,1021,49,14,203,14,289
evaluation__9374__deblur__counterfactual__nes__l1,1021,48,3,245,3,355
evaluation__3226__denoise__attack__nes__l0.5,1021,48,4,382,4,503
evaluation__3226__denoise__restore__nes__l0.5,1021,49,5,484,5,618
evaluation__3226__denoise__random_walk__random_walk__l0.5,1024,49,2,1023,2,1023
evaluation__3226__denoise__confidence_boost__nes__l0.5,1021,48,4,612,4,739
evaluation__3226__denoise__boundary_probe__nes__l0.5,1021,48,2,284,2,384
evaluation__3226__denoise__counterfactual__nes__l0.5,1021,49,4,420,2,540
evaluation__3226__deblur__attack__nes__l1,1021,50,14,260,14,381
evaluation__3226__deblur__restore__nes__l1,1021,49,18,142,18,210
evaluation__3226__deblur__random_walk__random_walk__l1,1024,49,2,1023,2,1023
evaluation__3226__deblur__confidence_boost__nes__l1,1021,47,18,210,18,303
evaluation__3226__deblur__boundary_probe__nes__l1,1021,48,18,247,18,332
evaluation__3226__deblur__counterfactual__nes__l1,1021,48,18,195,18,281
evaluation__7485__denoise__attack__nes__l0.5,1021,48,6,258,6,357
evaluation__7485__denoise__restore__nes__l0.5,1021,48,2,238,2,348
evaluation__7485__denoise__random_walk__random_walk__l0.5,1024,50,2,1023,2,1023
evaluation__7485__denoise__confidence_boost__nes__l0.5,1021,49,18,294,4,418
evaluation__7485__denoise__boundary_probe__nes__l0.5,1021,49,4,232,4,323
evaluation__7485__denoise__counterfactual__nes__l0.5,1021,48,18,292,18,402
evaluation__7485__deblur__attack__nes__l1,1021,49,2,612,2,750
evaluation__7485__deblur__restore__nes__l1,1021,48,6,623,2,765
evaluation__7485__deblur__random_walk__random_walk__l1,1024,49,2,1023,2,1023
evaluation__7485__deblur__confidence_boost__nes__l1,1021,48,6,574,5,735
evaluation__7485__deblur__boundary_probe__nes__l1,1021,47,7,534,2,664
evaluation__7485__deblur__counterfactual__nes__l1,1021,48,2,587,2,720
evaluation__9000__denoise__attack__nes__l0.5,1021,48,5,364,5,491
evaluation__9000__denoise__restore__nes__l0.5,1021,48,18,277,4,410
evaluation__9000__denoise__random_walk__random_walk__l0.5,1024,49,2,1023,2,1023
evaluation__9000__denoise__confidence_boost__nes__l0.5,1021,47,8,191,8,287
evaluation__9000__denoise__boundary_probe__nes__l0.5,1021,47,2,363,2,496
evaluation__9000__denoise__counterfactual__nes__l0.5,1021,48,18,283,16,393
evaluation__9000__deblur__attack__nes__l1,1021,48,17,452,9,597
evaluation__9000__deblur__restore__nes__l1,1021,48,9,226,2,324
evaluation__9000__deblur__random_walk__random_walk__l1,1024,49,2,1023,2,1023
evaluation__9000__deblur__confidence_boost__nes__l1,1021,48,7,277,7,395
evaluation__9000__deblur__boundary_probe__nes__l1,1021,49,18,247,18,359
evaluation__9000__deblur__counterfactual__nes__l1,1021,49,18,486,17,612
evaluation__2571__denoise__attack__nes__l0.5,1021,48,18,121,18,189
evaluation__2571__denoise__restore__nes__l0.5,1021,48,18,176,18,274
evaluation__2571__denoise__random_walk__random_walk__l0.5,1024,50,2,1023,2,1023
evaluation__2571__denoise__confidence_boost__nes__l0.5,1021,47,14,140,14,228
evaluation__2571__denoise__boundary_probe__nes__l0.5,1021,47,18,140,14,198
evaluation__2571__denoise__counterfactual__nes__l0.5,1021,48,18,187,3,272
evaluation__2571__deblur__attack__nes__l1,1021,47,18,221,16,326
evaluation__2571__deblur__restore__nes__l1,1021,47,18,193,10,288
evaluation__2571__deblur__random_walk__random_walk__l1,1024,49,2,1023,2,1023
evaluation__2571__deblur__confidence_boost__nes__l1,1021,47,18,226,4,364
evaluation__2571__deblur__boundary_probe__nes__l1,1021,48,18,133,11,207
evaluation__2571__deblur__counterfactual__nes__l1,1021,48,15,207,15,315
evaluation__6193__denoise__attack__nes__l0.5,1021,48,2,646,2,783
evaluation__6193__denoise__restore__nes__l0.5,1021,47,2,729,2,846
evaluation__6193__denoise__random_walk__random_walk__l0.5,1024,49,2,1023,2,1023
evaluation__6193__denoise__confidence_boost__nes__l0.5,1021,49,17,765,4,876
evaluation__6193__denoise__boundary_probe__nes__l0.5,1021,48,3,769,2,895
evaluation__6193__denoise__counterfactual__nes__l0.5,1021,48,3,726,2,842
evaluation__6193__deblur__attack__nes__l1,1021,48,4,397,4,507
evaluation__6193__deblur__restore__nes__l1,1021,48,4,393,4,547
evaluation__6193__deblur__random_walk__random_walk__l1,1024,49,2,1023,2,1023
evaluation__6193__deblur__confidence_boost__nes__l1,1021,48,3,380,2,528
evaluation__6193__deblur__boundary_probe__nes__l1,1021,49,3,467,2,622
evaluation__6193__deblur__counterfactual__nes__l1,1021,47,2,427,2,551
evaluation__7792__denoise__attack__nes__l0.5,1021,48,10,311,10,456
evaluation__7792__denoise__restore__nes__l0.5,1021,49,7,253,4,375
evaluation__7792__denoise__random_walk__random_walk__l0.5,1024,49,2,1023,2,1023
evaluation__7792__denoise__confidence_boost__nes__l0.5,1021,48,12,219,12,345
evaluation__7792__denoise__boundary_probe__nes__l0.5,1021,48,18,361,12,518
evaluation__7792__denoise__counterfactual__nes__l0.5,1021,48,15,371,15,487
evaluation__7792__deblur__attack__nes__l1,1021,47,2,197,2,278
evaluation__7792__deblur__restore__nes__l1,1021,49,3,332,3,476
evaluation__7792__deblur__random_walk__random_walk__l1,1024,49,2,1023,2,1023
evaluation__7792__deblur__confidence_boost__nes__l1,1021,48,5,346,5,474
evaluation__7792__deblur__boundary_probe__nes__l1,1021,47,2,397,2,536
evaluation__7792__deblur__counterfactual__nes__l1,1021,47,12,315,5,449
fit__2113__denoise__attack__nes__l0.5,1021,48,18,203,18,295
fit__2113__denoise__restore__nes__l0.5,1021,48,10,202,9,291
fit__2113__denoise__random_walk__random_walk__l0.5,1024,49,2,1023,2,1023
fit__2113__denoise__confidence_boost__nes__l0.5,1021,49,2,173,2,258
fit__2113__denoise__boundary_probe__nes__l0.5,1021,48,18,166,2,245
fit__2113__denoise__counterfactual__nes__l0.5,1021,49,14,219,2,328
fit__2113__deblur__attack__nes__l1,1021,48,18,196,10,280
fit__2113__deblur__restore__nes__l1,1021,47,6,126,6,185
fit__2113__deblur__random_walk__random_walk__l1,1024,50,2,1023,2,1023
fit__2113__deblur__confidence_boost__nes__l1,1021,48,8,241,8,344
fit__2113__deblur__boundary_probe__nes__l1,1021,48,18,171,12,241
fit__2113__deblur__counterfactual__nes__l1,1021,46,12,119,5,178
fit__9045__denoise__attack__nes__l0.5,1021,50,2,956,2,987
fit__9045__denoise__restore__nes__l0.5,1021,49,3,798,2,891
fit__9045__denoise__random_walk__random_walk__l0.5,1024,49,2,1023,2,1023
fit__9045__denoise__confidence_boost__nes__l0.5,1021,50,3,943,2,985
fit__9045__denoise__boundary_probe__nes__l0.5,1021,49,2,921,2,975
fit__9045__denoise__counterfactual__nes__l0.5,1021,49,3,863,2,942
fit__9045__deblur__attack__nes__l1,1021,48,4,538,4,703
fit__9045__deblur__restore__nes__l1,1021,46,3,346,3,501
fit__9045__deblur__random_walk__random_walk__l1,1024,49,2,1023,2,1023
fit__9045__deblur__confidence_boost__nes__l1,1021,48,14,537,2,696
fit__9045__deblur__boundary_probe__nes__l1,1021,47,2,515,2,664
fit__9045__deblur__counterfactual__nes__l1,1021,48,4,459,4,617
fit__2357__denoise__attack__nes__l0.5,1021,48,8,491,3,617
fit__2357__denoise__restore__nes__l0.5,1021,49,8,442,3,588
fit__2357__denoise__random_walk__random_walk__l0.5,1024,49,2,1023,2,1023
fit__2357__denoise__confidence_boost__nes__l0.5,1021,49,3,639,3,764
fit__2357__denoise__boundary_probe__nes__l0.5,1021,49,4,559,4,679
fit__2357__denoise__counterfactual__nes__l0.5,1021,50,3,557,3,695
fit__2357__deblur__attack__nes__l1,1021,47,18,132,3,220
fit__2357__deblur__restore__nes__l1,1021,49,2,235,2,350
fit__2357__deblur__random_walk__random_walk__l1,1024,49,2,1023,2,1023
fit__2357__deblur__confidence_boost__nes__l1,1021,49,18,309,18,424
fit__2357__deblur__boundary_probe__nes__l1,1021,48,9,229,9,339
fit__2357__deblur__counterfactual__nes__l1,1021,47,18,215,16,321
fit__9042__denoise__attack__nes__l0.5,1021,47,18,196,18,281
fit__9042__denoise__restore__nes__l0.5,1021,49,14,202,14,285
fit__9042__denoise__random_walk__random_walk__l0.5,1024,49,2,1023,2,1023
fit__9042__denoise__confidence_boost__nes__l0.5,1021,49,18,264,18,395
fit__9042__denoise__boundary_probe__nes__l0.5,1021,48,18,275,18,387
fit__9042__denoise__counterfactual__nes__l0.5,1021,47,18,198,18,302
fit__9042__deblur__attack__nes__l1,1021,48,5,544,2,701
fit__9042__deblur__restore__nes__l1,1021,50,4,489,4,644
fit__9042__deblur__random_walk__random_walk__l1,1024,50,2,1023,2,1023
fit__9042__deblur__confidence_boost__nes__l1,1021,49,2,667,2,799
fit__9042__deblur__boundary_probe__nes__l1,1021,49,4,574,2,728
fit__9042__deblur__counterfactual__nes__l1,1021,48,10,693,10,812
fit__5792__denoise__attack__nes__l0.5,1021,48,7,455,7,599
fit__5792__denoise__restore__nes__l0.5,1021,49,7,633,7,752
fit__5792__denoise__random_walk__random_walk__l0.5,1024,49,2,1023,2,1023
fit__5792__denoise__confidence_boost__nes__l0.5,1021,49,3,505,3,640
fit__5792__denoise__boundary_probe__nes__l0.5,1021,49,4,514,4,653
fit__5792__denoise__counterfactual__nes__l0.5,1021,48,9,457,9,611
fit__5792__deblur__attack__nes__l1,1021,49,18,180,3,256
fit__5792__deblur__restore__nes__l1,1021,48,18,173,18,257
fit__5792__deblur__random_walk__random_walk__l1,1024,50,2,1023,2,1023
fit__5792__deblur__confidence_boost__nes__l1,1021,48,18,135,17,202
fit__5792__deblur__boundary_probe__nes__l1,1021,47,6,151,6,235
fit__5792__deblur__counterfactual__nes__l1,1021,48,18,229,8,344
fit__2565__denoise__attack__nes__l0.5,1021,48,11,406,11,560
fit__2565__denoise__restore__nes__l0.5,1021,47,2,451,2,621
fit__2565__denoise__random_walk__random_walk__l0.5,1024,49,2,1023,2,1023
fit__2565__denoise__confidence_boost__nes__l0.5,1021,48,4,516,4,667
fit__2565__denoise__boundary_probe__nes__l0.5,1021,47,2,540,2,664
fit__2565__denoise__counterfactual__nes__l0.5,1021,49,18,515,9,656
fit__2565__deblur__attack__nes__l1,1021,49,4,509,4,673
fit__2565__deblur__restore__nes__l1,1021,48,5,617,2,766
fit__2565__deblur__random_walk__random_walk__l1,1024,49,2,1023,2,1023
fit__2565__deblur__confidence_boost__nes__l1,1021,48,10,545,9,684
fit__2565__deblur__boundary_probe__nes__l1,1021,48,2,507,2,657
fit__2565__deblur__counterfactual__nes__l1,1021,49,3,500,3,672
fit__8337__denoise__attack__nes__l0.5,1021,48,7,432,2,592
fit__8337__denoise__restore__nes__l0.5,1021,48,5,374,5,524
fit__8337__denoise__random_walk__random_walk__l0.5,1024,49,2,1023,2,1023
fit__8337__denoise__confidence_boost__nes__l0.5,1021,48,2,476,2,611
fit__8337__denoise__boundary_probe__nes__l0.5,1021,50,5,548,5,676
fit__8337__denoise__counterfactual__nes__l0.5,1021,48,10,443,9,577
fit__8337__deblur__attack__nes__l1,1021,47,18,125,18,182
fit__8337__deblur__restore__nes__l1,1021,47,18,263,17,365
fit__8337__deblur__random_walk__random_walk__l1,1024,50,2,1023,2,1023
fit__8337__deblur__confidence_boost__nes__l1,1021,46,16,251,16,329
fit__8337__deblur__boundary_probe__nes__l1,1021,47,4,411,4,547
fit__8337__deblur__counterfactual__nes__l1,1021,47,10,199,10,291
fit__2785__denoise__attack__nes__l0.5,1021,48,6,555,5,680
fit__2785__denoise__restore__nes__l0.5,1021,46,5,513,5,655
fit__2785__denoise__random_walk__random_walk__l0.5,1024,49,2,1023,2,1023
fit__2785__denoise__confidence_boost__nes__l0.5,1021,49,3,628,2,742
fit__2785__denoise__boundary_probe__nes__l0.5,1021,47,2,462,2,610
fit__2785__denoise__counterfactual__nes__l0.5,1021,49,4,615,3,745
fit__2785__deblur__attack__nes__l1,1021,50,15,346,2,498
fit__2785__deblur__restore__nes__l1,1021,49,6,521,6,657
fit__2785__deblur__random_walk__random_walk__l1,1024,50,2,1023,2,1023
fit__2785__deblur__confidence_boost__nes__l1,1021,48,4,480,4,651
fit__2785__deblur__boundary_probe__nes__l1,1021,48,5,493,5,661
fit__2785__deblur__counterfactual__nes__l1,1021,48,2,424,2,586
fit__9620__denoise__attack__nes__l0.5,1021,48,8,344,8,473
fit__9620__denoise__restore__nes__l0.5,1021,48,3,254,3,372
fit__9620__denoise__random_walk__random_walk__l0.5,1024,49,2,1023,2,1023
fit__9620__denoise__confidence_boost__nes__l0.5,1021,48,6,411,6,564
fit__9620__denoise__boundary_probe__nes__l0.5,1021,48,11,389,3,551
fit__9620__denoise__counterfactual__nes__l0.5,1021,48,4,269,4,400
fit__9620__deblur__attack__nes__l1,1021,49,4,540,4,665
fit__9620__deblur__restore__nes__l1,1021,48,6,450,2,591
fit__9620__deblur__random_walk__random_walk__l1,1024,49,2,1023,2,1023
fit__9620__deblur__confidence_boost__nes__l1,1021,47,7,297,6,414
fit__9620__deblur__boundary_probe__nes__l1,1021,47,3,260,2,359
fit__9620__deblur__counterfactual__nes__l1,1021,49,7,329,7,449
fit__3666__denoise__attack__nes__l0.5,1021,49,4,327,4,478
fit__3666__denoise__restore__nes__l0.5,1021,48,2,491,2,618
fit__3666__denoise__random_walk__random_walk__l0.5,1024,50,2,1023,2,1023
fit__3666__denoise__confidence_boost__nes__l0.5,1021,48,5,588,5,736
fit__3666__denoise__boundary_probe__nes__l0.5,1021,48,8,296,2,417
fit__3666__denoise__counterfactual__nes__l0.5,1021,48,7,309,4,463
fit__3666__deblur__attack__nes__l1,1021,49,2,692,2,824
fit__3666__deblur__restore__nes__l1,1021,48,3,658,3,767
fit__3666__deblur__random_walk__random_walk__l1,1024,49,2,1023,2,1023
fit__3666__deblur__confidence_boost__nes__l1,1021,48,4,775,4,873
fit__3666__deblur__boundary_probe__nes__l1,1021,49,2,772,2,868
fit__3666__deblur__counterfactual__nes__l1,1021,48,3,779,3,872
fit__632__denoise__attack__nes__l0.5,1021,46,7,375,6,499
fit__632__denoise__restore__nes__l0.5,1021,47,14,654,13,772
fit__632__denoise__random_walk__random_walk__l0.5,1024,49,2,1023,2,1023
fit__632__denoise__confidence_boost__nes__l0.5,1021,49,2,490,2,644
fit__632__denoise__boundary_probe__nes__l0.5,1021,49,18,445,17,596
fit__632__denoise__counterfactual__nes__l0.5,1021,47,3,426,3,580
fit__632__deblur__attack__nes__l1,1021,47,8,319,8,461
fit__632__deblur__restore__nes__l1,1021,49,13,435,3,576
fit__632__deblur__random_walk__random_walk__l1,1024,49,2,1023,2,1023
fit__632__deblur__confidence_boost__nes__l1,1021,49,7,452,7,620
fit__632__deblur__boundary_probe__nes__l1,1021,48,12,302,7,432
fit__632__deblur__counterfactual__nes__l1,1021,49,2,493,2,654
fit__8167__denoise__attack__nes__l0.5,1021,48,3,509,3,638
fit__8167__denoise__restore__nes__l0.5,1021,49,18,409,18,552
fit__8167__denoise__random_walk__random_walk__l0.5,1024,50,2,1023,2,1023
fit__8167__denoise__confidence_boost__nes__l0.5,1021,48,7,476,7,601
fit__8167__denoise__boundary_probe__nes__l0.5,1021,47,18,235,7,353
fit__8167__denoise__counterfactual__nes__l0.5,1021,48,18,409,8,538
fit__8167__deblur__attack__nes__l1,1021,48,2,713,2,829
fit__8167__deblur__restore__nes__l1,1021,47,3,601,3,753
fit__8167__deblur__random_walk__random_walk__l1,1024,49,2,1023,2,1023
fit__8167__deblur__confidence_boost__nes__l1,1021,48,7,530,7,663
fit__8167__deblur__boundary_probe__nes__l1,1021,48,9,584,6,715
fit__8167__deblur__counterfactual__nes__l1,1021,49,9,633,9,778
fit__1679__denoise__attack__nes__l0.5,1021,48,3,476,3,605
fit__1679__denoise__restore__nes__l0.5,1021,49,18,271,8,424
fit__1679__denoise__random_walk__random_walk__l0.5,1024,49,2,1023,2,1023
fit__1679__denoise__confidence_boost__nes__l0.5,1021,48,9,338,9,467
fit__1679__denoise__boundary_probe__nes__l0.5,1021,49,18,290,6,402
fit__1679__denoise__counterfactual__nes__l0.5,1021,49,14,300,12,410
fit__1679__deblur__attack__nes__l1,1021,49,18,293,10,418
fit__1679__deblur__restore__nes__l1,1021,49,18,310,10,432
fit__1679__deblur__random_walk__random_walk__l1,1024,49,2,1023,2,1023
fit__1679__deblur__confidence_boost__nes__l1,1021,49,18,268,2,395
fit__1679__deblur__boundary_probe__nes__l1,1021,47,17,173,14,267
fit__1679__deblur__counterfactual__nes__l1,1021,47,18,199,18,313
fit__9478__denoise__attack__nes__l0.5,1021,48,12,356,4,485
fit__9478__denoise__restore__nes__l0.5,1021,48,3,376,3,524
fit__9478__denoise__random_walk__random_walk__l0.5,1024,50,2,1023,2,1023
fit__9478__denoise__confidence_boost__nes__l0.5,1021,48,3,518,3,665
fit__9478__denoise__boundary_probe__nes__l0.5,1021,48,15,337,15,467
fit__9478__denoise__counterfactual__nes__l0.5,1021,49,16,466,16,613
fit__9478__deblur__attack__nes__l1,1021,49,9,511,9,648
fit__9478__deblur__restore__nes__l1,1021,47,2,542,2,711
fit__9478__deblur__random_walk__random_walk__l1,1024,49,2,1023,2,1023
fit__9478__deblur__confidence_boost__nes__l1,1021,49,7,549,3,684
fit__9478__deblur__boundary_probe__nes__l1,1021,48,12,517,7,662
fit__9478__deblur__counterfactual__nes__l1,1021,49,2,477,2,607
fit__5104__denoise__attack__nes__l0.5,1021,49,15,464,15,588
fit__5104__denoise__restore__nes__l0.5,1021,48,18,312,6,452
fit__5104__denoise__random_walk__random_walk__l0.5,1024,49,2,1023,2,1023
fit__5104__denoise__confidence_boost__nes__l0.5,1021,48,18,334,6,483
fit__5104__denoise__boundary_probe__nes__l0.5,1021,49,4,255,4,363
fit__5104__denoise__counterfactual__nes__l0.5,1021,48,7,296,7,438
fit__5104__deblur__attack__nes__l1,1021,47,4,532,4,669
fit__5104__deblur__restore__nes__l1,1021,48,6,589,6,760
fit__5104__deblur__random_walk__random_walk__l1,1024,49,2,1023,2,1023
fit__5104__deblur__confidence_boost__nes__l1,1021,48,3,464,3,620
fit__5104__deblur__boundary_probe__nes__l1,1021,48,4,643,4,767
fit__5104__deblur__counterfactual__nes__l1,1021,48,3,550,3,701
fit__1222__denoise__attack__nes__l0.5,1021,48,2,477,2,634
fit__1222__denoise__restore__nes__l0.5,1021,48,2,608,2,742
fit__1222__denoise__random_walk__random_walk__l0.5,1024,49,2,1023,2,1023
fit__1222__denoise__confidence_boost__nes__l0.5,1021,49,3,537,3,695
fit__1222__denoise__boundary_probe__nes__l0.5,1021,50,4,681,4,825
fit__1222__denoise__counterfactual__nes__l0.5,1021,50,2,586,2,730
fit__1222__deblur__attack__nes__l1,1021,50,2,720,2,833
fit__1222__deblur__restore__nes__l1,1021,49,2,718,2,858
fit__1222__deblur__random_walk__random_walk__l1,1024,49,2,1023,2,1023
fit__1222__deblur__confidence_boost__nes__l1,1021,50,5,852,3,929
fit__1222__deblur__boundary_probe__nes__l1,1021,49,4,679,4,819
fit__1222__deblur__counterfactual__nes__l1,1021,48,3,800,3,901
fit__7685__denoise__attack__nes__l0.5,1021,48,3,754,2,889
fit__7685__denoise__restore__nes__l0.5,1021,49,3,842,3,929
fit__7685__denoise__random_walk__random_walk__l0.5,1024,49,2,1023,2,1023
fit__7685__denoise__confidence_boost__nes__l0.5,1021,48,2,709,2,828
fit__7685__denoise__boundary_probe__nes__l0.5,1021,49,5,681,3,807
fit__7685__denoise__counterfactual__nes__l0.5,1021,48,3,798,2,919
fit__7685__deblur__attack__nes__l1,1021,47,18,291,3,431
fit__7685__deblur__restore__nes__l1,1021,49,2,460,2,603
fit__7685__deblur__random_walk__random_walk__l1,1024,49,2,1023,2,1023
fit__7685__deblur__confidence_boost__nes__l1,1021,48,2,332,2,473
fit__7685__deblur__boundary_probe__nes__l1,1021,48,6,391,6,513
fit__7685__deblur__counterfactual__nes__l1,1021,47,18,254,12,358
calibration__1646__denoise__attack__nes__l0.5,1021,47,6,395,6,553
calibration__1646__denoise__restore__nes__l0.5,1021,48,2,320,2,437
calibration__1646__denoise__random_walk__random_walk__l0.5,1024,49,2,1023,2,1023
calibration__1646__denoise__confidence_boost__nes__l0.5,1021,48,3,355,3,475
calibration__1646__denoise__boundary_probe__nes__l0.5,1021,48,2,363,2,504
calibration__1646__denoise__counterfactual__nes__l0.5,1021,47,8,433,6,581
calibration__1646__deblur__attack__nes__l1,1021,48,18,281,18,376
calibration__1646__deblur__restore__nes__l1,1021,49,18,309,2,431
calibration__1646__deblur__random_walk__random_walk__l1,1024,49,2,1023,2,1023
calibration__1646__deblur__confidence_boost__nes__l1,1021,47,13,280,12,401
calibration__1646__deblur__boundary_probe__nes__l1,1021,48,2,233,2,318
calibration__1646__deblur__counterfactual__nes__l1,1021,48,16,287,5,379
calibration__5164__denoise__attack__nes__l0.5,1021,49,6,267,6,384
calibration__5164__denoise__restore__nes__l0.5,1021,48,18,201,18,284
calibration__5164__denoise__random_walk__random_walk__l0.5,1024,49,2,1023,2,1023
calibration__5164__denoise__confidence_boost__nes__l0.5,1021,49,9,454,9,586
calibration__5164__denoise__boundary_probe__nes__l0.5,1021,49,2,249,2,360
calibration__5164__denoise__counterfactual__nes__l0.5,1021,49,18,492,3,606
calibration__5164__deblur__attack__nes__l1,1021,49,9,375,9,543
calibration__5164__deblur__restore__nes__l1,1021,48,6,446,3,617
calibration__5164__deblur__random_walk__random_walk__l1,1024,49,2,1023,2,1023
calibration__5164__deblur__confidence_boost__nes__l1,1021,48,13,374,7,528
calibration__5164__deblur__boundary_probe__nes__l1,1021,48,9,387,9,536
calibration__5164__deblur__counterfactual__nes__l1,1021,49,13,336,7,467
calibration__4689__denoise__attack__nes__l0.5,1021,48,18,401,4,528
calibration__4689__denoise__restore__nes__l0.5,1021,49,11,309,11,450
calibration__4689__denoise__random_walk__random_walk__l0.5,1024,49,2,1023,2,1023
calibration__4689__denoise__confidence_boost__nes__l0.5,1021,48,12,188,12,282
calibration__4689__denoise__boundary_probe__nes__l0.5,1021,49,18,397,4,525
calibration__4689__denoise__counterfactual__nes__l0.5,1021,48,3,243,3,342
calibration__4689__deblur__attack__nes__l1,1021,48,2,489,2,662
calibration__4689__deblur__restore__nes__l1,1021,48,3,349,3,484
calibration__4689__deblur__random_walk__random_walk__l1,1024,49,2,1023,2,1023
calibration__4689__deblur__confidence_boost__nes__l1,1021,49,7,431,4,604
calibration__4689__deblur__boundary_probe__nes__l1,1021,46,3,393,3,541
calibration__4689__deblur__counterfactual__nes__l1,1021,49,9,553,8,727
calibration__129__denoise__attack__nes__l0.5,1021,49,18,404,18,538
calibration__129__denoise__restore__nes__l0.5,1021,47,18,216,18,316
calibration__129__denoise__random_walk__random_walk__l0.5,1024,50,2,1023,2,1023
calibration__129__denoise__confidence_boost__nes__l0.5,1021,48,18,197,10,282
calibration__129__denoise__boundary_probe__nes__l0.5,1021,49,18,333,18,437
calibration__129__denoise__counterfactual__nes__l0.5,1021,49,13,141,13,213
calibration__129__deblur__attack__nes__l1,1021,48,18,405,11,531
calibration__129__deblur__restore__nes__l1,1021,48,13,250,10,354
calibration__129__deblur__random_walk__random_walk__l1,1024,50,2,1023,2,1023
calibration__129__deblur__confidence_boost__nes__l1,1021,48,14,336,2,460
calibration__129__deblur__boundary_probe__nes__l1,1021,48,8,375,8,529
calibration__129__deblur__counterfactual__nes__l1,1021,48,3,238,3,350
calibration__7738__denoise__attack__nes__l0.5,1021,48,14,315,5,444
calibration__7738__denoise__restore__nes__l0.5,1021,48,7,177,6,260
calibration__7738__denoise__random_walk__random_walk__l0.5,1024,49,2,1023,2,1023
calibration__7738__denoise__confidence_boost__nes__l0.5,1021,47,3,282,3,414
calibration__7738__denoise__boundary_probe__nes__l0.5,1021,47,8,437,8,576
calibration__7738__denoise__counterfactual__nes__l0.5,1021,48,11,326,2,454
calibration__7738__deblur__attack__nes__l1,1021,46,3,458,3,608
calibration__7738__deblur__restore__nes__l1,1021,50,7,437,3,580
calibration__7738__deblur__random_walk__random_walk__l1,1024,49,2,1023,2,1023
calibration__7738__deblur__confidence_boost__nes__l1,1021,47,7,420,6,539
calibration__7738__deblur__boundary_probe__nes__l1,1021,49,6,565,3,705
calibration__7738__deblur__counterfactual__nes__l1,1021,48,6,348,6,483
calibration__3572__denoise__attack__nes__l0.5,1021,48,5,337,5,438
calibration__3572__denoise__restore__nes__l0.5,1021,48,18,202,18,298
calibration__3572__denoise__random_walk__random_walk__l0.5,1024,50,2,1023,2,1023
calibration__3572__denoise__confidence_boost__nes__l0.5,1021,47,4,125,4,195
calibration__3572__denoise__boundary_probe__nes__l0.5,1021,47,16,188,16,264
calibration__3572__denoise__counterfactual__nes__l0.5,1021,48,18,188,9,281
calibration__3572__deblur__attack__nes__l1,1021,47,18,162,18,232
calibration__3572__deblur__restore__nes__l1,1021,48,18,166,18,251
calibration__3572__deblur__random_walk__random_walk__l1,1024,49,2,1023,2,1023
calibration__3572__deblur__confidence_boost__nes__l1,1021,49,18,173,4,249
calibration__3572__deblur__boundary_probe__nes__l1,1021,47,18,106,6,155
calibration__3572__deblur__counterfactual__nes__l1,1021,48,18,189,8,255
calibration__7980__denoise__attack__nes__l0.5,1021,48,3,455,3,602
calibration__7980__denoise__restore__nes__l0.5,1021,50,3,598,3,730
calibration__7980__denoise__random_walk__random_walk__l0.5,1024,49,2,1023,2,1023
calibration__7980__denoise__confidence_boost__nes__l0.5,1021,49,2,567,2,731
calibration__7980__denoise__boundary_probe__nes__l0.5,1021,49,5,578,5,734
calibration__7980__denoise__counterfactual__nes__l0.5,1021,49,3,549,3,678
calibration__7980__deblur__attack__nes__l1,1021,49,6,586,6,719
calibration__7980__deblur__restore__nes__l1,1021,48,2,594,2,728
calibration__7980__deblur__random_walk__random_walk__l1,1024,49,2,1023,2,1023
calibration__7980__deblur__confidence_boost__nes__l1,1021,48,6,359,6,501
calibration__7980__deblur__boundary_probe__nes__l1,1021,47,2,444,2,591
calibration__7980__deblur__counterfactual__nes__l1,1021,48,7,489,5,640
calibration__4399__denoise__attack__nes__l0.5,1021,48,2,552,2,703
calibration__4399__denoise__restore__nes__l0.5,1021,48,3,601,3,735
calibration__4399__denoise__random_walk__random_walk__l0.5,1024,49,2,1023,2,1023
calibration__4399__denoise__confidence_boost__nes__l0.5,1021,49,2,649,2,774
calibration__4399__denoise__boundary_probe__nes__l0.5,1021,48,3,588,3,728
calibration__4399__denoise__counterfactual__nes__l0.5,1021,49,7,595,4,763
calibration__4399__deblur__attack__nes__l1,1021,48,18,135,16,207
calibration__4399__deblur__restore__nes__l1,1021,48,18,149,6,223
calibration__4399__deblur__random_walk__random_walk__l1,1024,50,2,1023,2,1023
calibration__4399__deblur__confidence_boost__nes__l1,1021,47,18,144,18,194
calibration__4399__deblur__boundary_probe__nes__l1,1021,49,18,274,7,375
calibration__4399__deblur__counterfactual__nes__l1,1021,46,18,112,18,160
calibration__178__denoise__attack__nes__l0.5,1021,47,6,195,3,276
calibration__178__denoise__restore__nes__l0.5,1021,48,9,295,9,422
calibration__178__denoise__random_walk__random_walk__l0.5,1024,49,2,1023,2,1023
calibration__178__denoise__confidence_boost__nes__l0.5,1021,48,7,262,3,362
calibration__178__denoise__boundary_probe__nes__l0.5,1021,49,11,329,11,467
calibration__178__denoise__counterfactual__nes__l0.5,1021,49,2,304,2,419
calibration__178__deblur__attack__nes__l1,1021,47,10,228,10,331
calibration__178__deblur__restore__nes__l1,1021,48,18,332,12,487
calibration__178__deblur__random_walk__random_walk__l1,1024,49,2,1023,2,1023
calibration__178__deblur__confidence_boost__nes__l1,1021,47,18,257,16,399
calibration__178__deblur__boundary_probe__nes__l1,1021,47,2,310,2,466
calibration__178__deblur__counterfactual__nes__l1,1021,49,5,420,4,554
calibration__8192__denoise__attack__nes__l0.5,1021,48,6,285,6,400
calibration__8192__denoise__restore__nes__l0.5,1021,47,7,270,5,383
calibration__8192__denoise__random_walk__random_walk__l0.5,1024,49,2,1023,2,1023
calibration__8192__denoise__confidence_boost__nes__l0.5,1021,49,14,452,10,584
calibration__8192__denoise__boundary_probe__nes__l0.5,1021,48,7,277,7,399
calibration__8192__denoise__counterfactual__nes__l0.5,1021,48,10,263,5,378
calibration__8192__deblur__attack__nes__l1,1021,48,4,425,2,608
calibration__8192__deblur__restore__nes__l1,1021,49,5,611,5,739
calibration__8192__deblur__random_walk__random_walk__l1,1024,50,2,1023,2,1023
calibration__8192__deblur__confidence_boost__nes__l1,1021,49,5,538,4,681
calibration__8192__deblur__boundary_probe__nes__l1,1021,48,2,582,2,723
calibration__8192__deblur__counterfactual__nes__l1,1021,48,5,493,3,641
calibration__2104__denoise__attack__nes__l0.5,1021,49,8,760,4,880
calibration__2104__denoise__restore__nes__l0.5,1021,48,12,720,12,835
calibration__2104__denoise__random_walk__random_walk__l0.5,1024,49,2,1023,2,1023
calibration__2104__denoise__confidence_boost__nes__l0.5,1021,49,3,827,3,914
calibration__2104__denoise__boundary_probe__nes__l0.5,1021,48,7,537,7,686
calibration__2104__denoise__counterfactual__nes__l0.5,1021,48,6,668,4,818
calibration__2104__deblur__attack__nes__l1,1021,48,5,448,5,600
calibration__2104__deblur__restore__nes__l1,1021,47,7,261,7,374
calibration__2104__deblur__random_walk__random_walk__l1,1024,49,2,1023,2,1023
calibration__2104__deblur__confidence_boost__nes__l1,1021,48,7,343,2,497
calibration__2104__deblur__boundary_probe__nes__l1,1021,48,4,299,4,430
calibration__2104__deblur__counterfactual__nes__l1,1021,49,7,526,7,672
calibration__7043__denoise__attack__nes__l0.5,1021,47,7,303,7,406
calibration__7043__denoise__restore__nes__l0.5,1021,48,2,182,2,265
calibration__7043__denoise__random_walk__random_walk__l0.5,1024,49,2,1023,2,1023
calibration__7043__denoise__confidence_boost__nes__l0.5,1021,47,18,125,2,190
calibration__7043__denoise__boundary_probe__nes__l0.5,1021,48,3,165,3,233
calibration__7043__denoise__counterfactual__nes__l0.5,1021,49,2,251,2,371
calibration__7043__deblur__attack__nes__l1,1021,49,5,508,4,663
calibration__7043__deblur__restore__nes__l1,1021,48,2,630,2,752
calibration__7043__deblur__random_walk__random_walk__l1,1024,50,2,1023,2,1023
calibration__7043__deblur__confidence_boost__nes__l1,1021,48,4,441,2,597
calibration__7043__deblur__boundary_probe__nes__l1,1021,49,2,607,2,731
calibration__7043__deblur__counterfactual__nes__l1,1021,49,3,515,3,672
calibration__2824__denoise__attack__nes__l0.5,1021,49,5,738,5,849
calibration__2824__denoise__restore__nes__l0.5,1021,49,4,749,3,860
calibration__2824__denoise__random_walk__random_walk__l0.5,1024,50,2,1023,2,1023
calibration__2824__denoise__confidence_boost__nes__l0.5,1021,48,2,731,2,839
calibration__2824__denoise__boundary_probe__nes__l0.5,1021,50,4,890,4,951
calibration__2824__denoise__counterfactual__nes__l0.5,1021,48,4,834,4,917
calibration__2824__deblur__attack__nes__l1,1021,48,13,390,10,536
calibration__2824__deblur__restore__nes__l1,1021,48,18,187,17,285
calibration__2824__deblur__random_walk__random_walk__l1,1024,50,2,1023,2,1023
calibration__2824__deblur__confidence_boost__nes__l1,1021,47,15,235,11,350
calibration__2824__deblur__boundary_probe__nes__l1,1021,47,18,332,18,453
calibration__2824__deblur__counterfactual__nes__l1,1021,49,13,331,5,441
calibration__495__denoise__attack__nes__l0.5,1021,48,2,334,2,461
calibration__495__denoise__restore__nes__l0.5,1021,48,9,246,6,381
calibration__495__denoise__random_walk__random_walk__l0.5,1024,50,2,1023,2,1023
calibration__495__denoise__confidence_boost__nes__l0.5,1021,48,18,253,3,385
calibration__495__denoise__boundary_probe__nes__l0.5,1021,48,7,492,7,632
calibration__495__denoise__counterfactual__nes__l0.5,1021,48,2,501,2,667
calibration__495__deblur__attack__nes__l1,1021,49,2,287,2,401
calibration__495__deblur__restore__nes__l1,1021,48,4,292,4,432
calibration__495__deblur__random_walk__random_walk__l1,1024,49,2,1023,2,1023
calibration__495__deblur__confidence_boost__nes__l1,1021,48,18,282,2,405
calibration__495__deblur__boundary_probe__nes__l1,1021,48,11,324,11,452
calibration__495__deblur__counterfactual__nes__l1,1021,49,10,388,10,515
calibration__3273__denoise__attack__nes__l0.5,1021,49,6,233,4,352
calibration__3273__denoise__restore__nes__l0.5,1021,49,15,278,15,371
calibration__3273__denoise__random_walk__random_walk__l0.5,1024,49,2,1023,2,1023
calibration__3273__denoise__confidence_boost__nes__l0.5,1021,47,7,218,7,334
calibration__3273__denoise__boundary_probe__nes__l0.5,1021,48,5,167,5,250
calibration__3273__denoise__counterfactual__nes__l0.5,1021,47,18,252,18,368
calibration__3273__deblur__attack__nes__l1,1021,47,3,294,3,425
calibration__3273__deblur__restore__nes__l1,1021,49,7,310,6,434
calibration__3273__deblur__random_walk__random_walk__l1,1024,50,2,1023,2,1023
calibration__3273__deblur__confidence_boost__nes__l1,1021,48,2,424,2,576
calibration__3273__deblur__boundary_probe__nes__l1,1021,49,15,472,8,619
calibration__3273__deblur__counterfactual__nes__l1,1021,49,6,404,5,554
calibration__6337__denoise__attack__nes__l0.5,1021,48,5,591,5,744
calibration__6337__denoise__restore__nes__l0.5,1021,48,2,554,2,727
calibration__6337__denoise__random_walk__random_walk__l0.5,1024,49,2,1023,2,1023
calibration__6337__denoise__confidence_boost__nes__l0.5,1021,48,7,623,7,765
calibration__6337__denoise__boundary_probe__nes__l0.5,1021,48,5,596,4,755
calibration__6337__denoise__counterfactual__nes__l0.5,1021,48,6,612,2,757
calibration__6337__deblur__attack__nes__l1,1021,48,6,637,4,777
calibration__6337__deblur__restore__nes__l1,1021,49,7,534,7,687
calibration__6337__deblur__random_walk__random_walk__l1,1024,49,2,1023,2,1023
calibration__6337__deblur__confidence_boost__nes__l1,1021,49,3,667,3,795
calibration__6337__deblur__boundary_probe__nes__l1,1021,48,4,649,4,791
calibration__6337__deblur__counterfactual__nes__l1,1021,48,3,505,3,652
calibration__9564__denoise__attack__nes__l0.5,1021,48,7,407,7,551
calibration__9564__denoise__restore__nes__l0.5,1021,48,8,328,3,450
calibration__9564__denoise__random_walk__random_walk__l0.5,1024,49,2,1023,2,1023
calibration__9564__denoise__confidence_boost__nes__l0.5,1021,48,3,256,3,365
calibration__9564__denoise__boundary_probe__nes__l0.5,1021,48,9,326,6,456
calibration__9564__denoise__counterfactual__nes__l0.5,1021,48,4,546,2,668
calibration__9564__deblur__attack__nes__l1,1021,48,2,407,2,538
calibration__9564__deblur__restore__nes__l1,1021,48,13,268,13,404
calibration__9564__deblur__random_walk__random_walk__l1,1024,49,2,1023,2,1023
calibration__9564__deblur__confidence_boost__nes__l1,1021,48,7,312,7,443
calibration__9564__deblur__boundary_probe__nes__l1,1021,48,9,263,9,371
calibration__9564__deblur__counterfactual__nes__l1,1021,48,2,408,2,532
evaluation__3601__denoise__attack__nes__l0.5,1021,49,13,326,7,477
evaluation__3601__denoise__restore__nes__l0.5,1021,48,18,326,8,464
evaluation__3601__denoise__random_walk__random_walk__l0.5,1024,49,2,1023,2,1023
evaluation__3601__denoise__confidence_boost__nes__l0.5,1021,48,6,349,6,477
evaluation__3601__denoise__boundary_probe__nes__l0.5,1021,48,16,346,2,498
evaluation__3601__denoise__counterfactual__nes__l0.5,1021,48,18,360,18,504
evaluation__3601__deblur__attack__nes__l1,1021,47,18,454,10,619
evaluation__3601__deblur__restore__nes__l1,1021,47,9,336,9,484
evaluation__3601__deblur__random_walk__random_walk__l1,1024,50,2,1023,2,1023
evaluation__3601__deblur__confidence_boost__nes__l1,1021,47,14,283,10,433
evaluation__3601__deblur__boundary_probe__nes__l1,1021,48,18,422,6,585
evaluation__3601__deblur__counterfactual__nes__l1,1021,49,6,241,6,366
evaluation__5392__denoise__attack__nes__l0.5,1021,47,6,205,6,302
evaluation__5392__denoise__restore__nes__l0.5,1021,48,6,175,6,271
evaluation__5392__denoise__random_walk__random_walk__l0.5,1024,49,2,1023,2,1023
evaluation__5392__denoise__confidence_boost__nes__l0.5,1021,47,18,222,18,322
evaluation__5392__denoise__boundary_probe__nes__l0.5,1021,48,3,236,3,352
evaluation__5392__denoise__counterfactual__nes__l0.5,1021,48,5,232,5,341
evaluation__5392__deblur__attack__nes__l1,1021,49,6,356,6,486
evaluation__5392__deblur__restore__nes__l1,1021,49,2,263,2,383
evaluation__5392__deblur__random_walk__random_walk__l1,1024,49,2,1023,2,1023
evaluation__5392__deblur__confidence_boost__nes__l1,1021,49,2,237,2,355
evaluation__5392__deblur__boundary_probe__nes__l1,1021,49,4,321,4,446
evaluation__5392__deblur__counterfactual__nes__l1,1021,49,6,206,2,298
evaluation__8447__denoise__attack__nes__l0.5,1021,48,9,262,3,376
evaluation__8447__denoise__restore__nes__l0.5,1021,49,12,379,12,531
evaluation__8447__denoise__random_walk__random_walk__l0.5,1024,49,2,1023,2,1023
evaluation__8447__denoise__confidence_boost__nes__l0.5,1021,49,3,502,3,653
evaluation__8447__denoise__boundary_probe__nes__l0.5,1021,49,3,267,3,364
evaluation__8447__denoise__counterfactual__nes__l0.5,1021,48,7,337,7,472
evaluation__8447__deblur__attack__nes__l1,1021,48,10,315,8,477
evaluation__8447__deblur__restore__nes__l1,1021,46,4,258,4,373
evaluation__8447__deblur__random_walk__random_walk__l1,1024,50,2,1023,2,1023
evaluation__8447__deblur__confidence_boost__nes__l1,1021,48,11,411,11,559
evaluation__8447__deblur__boundary_probe__nes__l1,1021,48,13,285,5,418
evaluation__8447__deblur__counterfactual__nes__l1,1021,48,18,294,6,408
evaluation__1371__denoise__attack__nes__l0.5,1021,48,4,323,4,470
evaluation__1371__denoise__restore__nes__l0.5,1021,49,6,428,3,575
evaluation__1371__denoise__random_walk__random_walk__l0.5,1024,50,2,1023,2,1023
evaluation__1371__denoise__confidence_boost__nes__l0.5,1021,49,2,425,2,558
evaluation__1371__denoise__boundary_probe__nes__l0.5,1021,48,18,360,17,502
evaluation__1371__denoise__counterfactual__nes__l0.5,1021,50,2,347,2,482
evaluation__1371__deblur__attack__nes__l1,1021,48,11,429,5,578
evaluation__1371__deblur__restore__nes__l1,1021,47,4,497,4,621
evaluation__1371__deblur__random_walk__random_walk__l1,1024,50,2,1023,2,1023
evaluation__1371__deblur__confidence_boost__nes__l1,1021,48,4,322,4,460
evaluation__1371__deblur__boundary_probe__nes__l1,1021,48,2,577,2,719
evaluation__1371__deblur__counterfactual__nes__l1,1021,48,12,506,7,650
evaluation__3544__denoise__attack__nes__l0.5,1021,49,2,463,2,601
evaluation__3544__denoise__restore__nes__l0.5,1021,49,11,519,5,661
evaluation__3544__denoise__random_walk__random_walk__l0.5,1024,50,2,1023,2,1023
evaluation__3544__denoise__confidence_boost__nes__l0.5,1021,48,2,548,2,704
evaluation__3544__denoise__boundary_probe__nes__l0.5,1021,49,2,570,2,722
evaluation__3544__denoise__counterfactual__nes__l0.5,1021,48,5,488,4,643
evaluation__3544__deblur__attack__nes__l1,1021,48,4,434,4,582
evaluation__3544__deblur__restore__nes__l1,1021,48,11,271,11,381
evaluation__3544__deblur__random_walk__random_walk__l1,1024,49,2,1023,2,1023
evaluation__3544__deblur__confidence_boost__nes__l1,1021,48,3,316,3,477
evaluation__3544__deblur__boundary_probe__nes__l1,1021,48,4,144,4,229
evaluation__3544__deblur__counterfactual__nes__l1,1021,49,11,285,11,400
evaluation__6817__denoise__attack__nes__l0.5,1021,49,2,405,2,562
evaluation__6817__denoise__restore__nes__l0.5,1021,48,18,460,12,616
evaluation__6817__denoise__random_walk__random_walk__l0.5,1024,49,2,1023,2,1023
evaluation__6817__denoise__confidence_boost__nes__l0.5,1021,47,16,376,7,518
evaluation__6817__denoise__boundary_probe__nes__l0.5,1021,48,2,313,2,448
evaluation__6817__denoise__counterfactual__nes__l0.5,1021,49,3,239,3,332
evaluation__6817__deblur__attack__nes__l1,1021,49,2,454,2,582
evaluation__6817__deblur__restore__nes__l1,1021,48,2,404,2,577
evaluation__6817__deblur__random_walk__random_walk__l1,1024,49,2,1023,2,1023
evaluation__6817__deblur__confidence_boost__nes__l1,1021,49,7,542,4,685
evaluation__6817__deblur__boundary_probe__nes__l1,1021,49,2,438,2,608
evaluation__6817__deblur__counterfactual__nes__l1,1021,47,4,461,3,600
evaluation__35__denoise__attack__nes__l0.5,1021,48,8,477,8,626
evaluation__35__denoise__restore__nes__l0.5,1021,48,4,420,4,546
evaluation__35__denoise__random_walk__random_walk__l0.5,1024,49,2,1023,2,1023
evaluation__35__denoise__confidence_boost__nes__l0.5,1021,47,8,527,2,661
evaluation__35__denoise__boundary_probe__nes__l0.5,1021,48,4,480,4,628
evaluation__35__denoise__counterfactual__nes__l0.5,1021,48,3,484,3,633
evaluation__35__deblur__attack__nes__l1,1021,49,3,535,3,690
evaluation__35__deblur__restore__nes__l1,1021,49,14,642,8,787
evaluation__35__deblur__random_walk__random_walk__l1,1024,50,2,1023,2,1023
evaluation__35__deblur__confidence_boost__nes__l1,1021,49,3,630,3,748
evaluation__35__deblur__boundary_probe__nes__l1,1021,49,3,447,3,582
evaluation__35__deblur__counterfactual__nes__l1,1021,48,12,505,3,647
evaluation__3791__denoise__attack__nes__l0.5,1021,48,5,585,5,723
evaluation__3791__denoise__restore__nes__l0.5,1021,49,5,484,5,657
evaluation__3791__denoise__random_walk__random_walk__l0.5,1024,49,2,1023,2,1023
evaluation__3791__denoise__confidence_boost__nes__l0.5,1021,48,16,565,12,720
evaluation__3791__denoise__boundary_probe__nes__l0.5,1021,48,11,598,5,738
evaluation__3791__denoise__counterfactual__nes__l0.5,1021,48,3,393,3,528
evaluation__3791__deblur__attack__nes__l1,1021,48,7,277,7,406
evaluation__3791__deblur__restore__nes__l1,1021,48,8,446,8,574
evaluation__3791__deblur__random_walk__random_walk__l1,1024,49,2,1023,2,1023
evaluation__3791__deblur__confidence_boost__nes__l1,1021,47,18,224,2,333
evaluation__3791__deblur__boundary_probe__nes__l1,1021,48,18,461,12,590
evaluation__3791__deblur__counterfactual__nes__l1,1021,49,18,288,15,419
evaluation__6519__denoise__attack__nes__l0.5,1021,47,4,242,4,357
evaluation__6519__denoise__restore__nes__l0.5,1021,49,2,495,2,649
evaluation__6519__denoise__random_walk__random_walk__l0.5,1024,50,2,1023,2,1023
evaluation__6519__denoise__confidence_boost__nes__l0.5,1021,49,8,554,7,717
evaluation__6519__denoise__boundary_probe__nes__l0.5,1021,48,8,351,3,510
evaluation__6519__denoise__counterfactual__nes__l0.5,1021,47,16,241,3,348
evaluation__6519__deblur__attack__nes__l1,1021,48,3,590,3,726
evaluation__6519__deblur__restore__nes__l1,1021,47,2,285,2,384
evaluation__6519__deblur__random_walk__random_walk__l1,1024,49,2,1023,2,1023
evaluation__6519__deblur__confidence_boost__nes__l1,1021,47,4,366,4,487
evaluation__6519__deblur__boundary_probe__nes__l1,1021,50,5,531,5,660
evaluation__6519__deblur__counterfactual__nes__l1,1021,48,5,469,2,625
evaluation__9077__denoise__attack__nes__l0.5,1021,48,6,287,6,400
evaluation__9077__denoise__restore__nes__l0.5,1021,48,8,231,8,338
evaluation__9077__denoise__random_walk__random_walk__l0.5,1024,49,2,1023,2,1023
evaluation__9077__denoise__confidence_boost__nes__l0.5,1021,47,7,135,7,215
evaluation__9077__denoise__boundary_probe__nes__l0.5,1021,47,18,142,18,199
evaluation__9077__denoise__counterfactual__nes__l0.5,1021,49,18,293,18,404
evaluation__9077__deblur__attack__nes__l1,1021,48,15,209,15,308
evaluation__9077__deblur__restore__nes__l1,1021,47,8,250,8,346
evaluation__9077__deblur__random_walk__random_walk__l1,1024,49,2,1023,2,1023
evaluation__9077__deblur__confidence_boost__nes__l1,1021,49,18,328,18,462
evaluation__9077__deblur__boundary_probe__nes__l1,1021,48,6,361,6,486
evaluation__9077__deblur__counterfactual__nes__l1,1021,49,12,290,12,415
evaluation__3038__denoise__attack__nes__l0.5,1021,48,5,331,2,459
evaluation__3038__denoise__restore__nes__l0.5,1021,49,7,336,7,459
evaluation__3038__denoise__random_walk__random_walk__l0.5,1024,49,2,1023,2,1023
evaluation__3038__denoise__confidence_boost__nes__l0.5,1021,49,2,538,2,684
evaluation__3038__denoise__boundary_probe__nes__l0.5,1021,48,2,401,2,546
evaluation__3038__denoise__counterfactual__nes__l0.5,1021,49,2,376,2,516
evaluation__3038__deblur__attack__nes__l1,1021,49,5,787,3,892
evaluation__3038__deblur__restore__nes__l1,1021,48,2,769,2,873
evaluation__3038__deblur__random_walk__random_walk__l1,1024,50,2,1023,2,1023
evaluation__3038__deblur__confidence_boost__nes__l1,1021,48,2,605,2,748
evaluation__3038__deblur__boundary_probe__nes__l1,1021,48,3,809,3,904
evaluation__3038__deblur__counterfactual__nes__l1,1021,49,4,848,4,940
evaluation__6138__denoise__attack__nes__l0.5,1021,49,2,552,2,708
evaluation__6138__denoise__restore__nes__l0.5,1021,49,3,693,3,818
evaluation__6138__denoise__random_walk__random_walk__l0.5,1024,50,2,1023,2,1023
evaluation__6138__denoise__confidence_boost__nes__l0.5,1021,49,3,759,3,866
evaluation__6138__denoise__boundary_probe__nes__l0.5,1021,47,2,787,2,900
evaluation__6138__denoise__counterfactual__nes__l0.5,1021,48,3,641,3,780
evaluation__6138__deblur__attack__nes__l1,1021,48,18,372,15,518
evaluation__6138__deblur__restore__nes__l1,1021,48,11,490,3,643
evaluation__6138__deblur__random_walk__random_walk__l1,1024,49,2,1023,2,1023
evaluation__6138__deblur__confidence_boost__nes__l1,1021,49,7,443,3,586
evaluation__6138__deblur__boundary_probe__nes__l1,1021,47,9,370,9,522
evaluation__6138__deblur__counterfactual__nes__l1,1021,49,3,446,3,589
evaluation__8203__denoise__attack__nes__l0.5,1021,46,18,230,18,339
evaluation__8203__denoise__restore__nes__l0.5,1021,47,18,140,18,200
evaluation__8203__denoise__random_walk__random_walk__l0.5,1024,49,2,1023,2,1023
evaluation__8203__denoise__confidence_boost__nes__l0.5,1021,47,18,144,18,212
evaluation__8203__denoise__boundary_probe__nes__l0.5,1021,48,18,156,18,227
evaluation__8203__denoise__counterfactual__nes__l0.5,1021,47,18,117,18,192
evaluation__8203__deblur__attack__nes__l1,1021,48,3,653,3,768
evaluation__8203__deblur__restore__nes__l1,1021,48,5,479,5,633
evaluation__8203__deblur__random_walk__random_walk__l1,1024,49,2,1023,2,1023
evaluation__8203__deblur__confidence_boost__nes__l1,1021,48,4,288,4,403
evaluation__8203__deblur__boundary_probe__nes__l1,1021,49,2,371,2,524
evaluation__8203__deblur__counterfactual__nes__l1,1021,49,5,510,5,653
evaluation__1401__denoise__attack__nes__l0.5,1021,48,4,675,4,803
evaluation__1401__denoise__restore__nes__l0.5,1021,48,2,768,2,855
evaluation__1401__denoise__random_walk__random_walk__l0.5,1024,50,2,1023,2,1023
evaluation__1401__denoise__confidence_boost__nes__l0.5,1021,48,3,788,3,901
evaluation__1401__denoise__boundary_probe__nes__l0.5,1021,49,7,817,4,911
evaluation__1401__denoise__counterfactual__nes__l0.5,1021,48,2,860,2,945
evaluation__1401__deblur__attack__nes__l1,1021,48,2,871,2,941
evaluation__1401__deblur__restore__nes__l1,1021,48,4,817,4,909
evaluation__1401__deblur__random_walk__random_walk__l1,1024,49,2,1023,2,1023
evaluation__1401__deblur__confidence_boost__nes__l1,1021,49,2,920,2,969
evaluation__1401__deblur__boundary_probe__nes__l1,1021,49,4,811,3,909
evaluation__1401__deblur__counterfactual__nes__l1,1021,49,6,847,4,930
evaluation__4608__denoise__attack__nes__l0.5,1021,48,8,152,8,228
evaluation__4608__denoise__restore__nes__l0.5,1021,47,5,179,5,289
evaluation__4608__denoise__random_walk__random_walk__l0.5,1024,49,2,1023,2,1023
evaluation__4608__denoise__confidence_boost__nes__l0.5,1021,47,11,286,5,429
evaluation__4608__denoise__boundary_probe__nes__l0.5,1021,48,7,301,7,420
evaluation__4608__denoise__counterfactual__nes__l0.5,1021,46,12,122,8,179
evaluation__4608__deblur__attack__nes__l1,1021,49,6,578,6,737
evaluation__4608__deblur__restore__nes__l1,1021,48,13,535,2,688
evaluation__4608__deblur__random_walk__random_walk__l1,1024,49,2,1023,2,1023
evaluation__4608__deblur__confidence_boost__nes__l1,1021,49,12,457,4,618
evaluation__4608__deblur__boundary_probe__nes__l1,1021,47,6,444,6,595
evaluation__4608__deblur__counterfactual__nes__l1,1021,48,10,463,2,609
evaluation__7326__denoise__attack__nes__l0.5,1021,48,3,271,3,398
evaluation__7326__denoise__restore__nes__l0.5,1021,47,7,506,2,660
evaluation__7326__denoise__random_walk__random_walk__l0.5,1024,49,2,1023,2,1023
evaluation__7326__denoise__confidence_boost__nes__l0.5,1021,47,5,382,5,543
evaluation__7326__denoise__boundary_probe__nes__l0.5,1021,47,3,407,3,535
evaluation__7326__denoise__counterfactual__nes__l0.5,1021,47,12,349,12,520
evaluation__7326__deblur__attack__nes__l1,1021,49,6,350,6,488
evaluation__7326__deblur__restore__nes__l1,1021,48,18,467,3,611
evaluation__7326__deblur__random_walk__random_walk__l1,1024,50,2,1023,2,1023
evaluation__7326__deblur__confidence_boost__nes__l1,1021,48,2,367,2,512
evaluation__7326__deblur__boundary_probe__nes__l1,1021,48,6,347,2,472
evaluation__7326__deblur__counterfactual__nes__l1,1021,48,4,351,3,501
evaluation__33__denoise__attack__nes__l0.5,1021,48,8,569,2,705
evaluation__33__denoise__restore__nes__l0.5,1021,47,8,451,6,588
evaluation__33__denoise__random_walk__random_walk__l0.5,1024,49,2,1023,2,1023
evaluation__33__denoise__confidence_boost__nes__l0.5,1021,49,8,247,2,359
evaluation__33__denoise__boundary_probe__nes__l0.5,1021,48,5,522,5,664
evaluation__33__denoise__counterfactual__nes__l0.5,1021,47,2,395,2,556
evaluation__33__deblur__attack__nes__l1,1021,47,7,520,2,673
evaluation__33__deblur__restore__nes__l1,1021,48,11,329,11,463
evaluation__33__deblur__random_walk__random_walk__l1,1024,50,2,1023,2,1023
evaluation__33__deblur__confidence_boost__nes__l1,1021,48,5,491,3,624
evaluation__33__deblur__boundary_probe__nes__l1,1021,48,18,407,10,562
evaluation__33__deblur__counterfactual__nes__l1,1021,48,3,409,2,550
evaluation__1773__denoise__attack__nes__l0.5,1021,48,5,270,5,384
evaluation__1773__denoise__restore__nes__l0.5,1021,48,2,392,2,522
evaluation__1773__denoise__random_walk__random_walk__l0.5,1024,49,2,1023,2,1023
evaluation__1773__denoise__confidence_boost__nes__l0.5,1021,48,6,447,6,597
evaluation__1773__denoise__boundary_probe__nes__l0.5,1021,47,15,367,12,525
evaluation__1773__denoise__counterfactual__nes__l0.5,1021,49,3,349,3,436
evaluation__1773__deblur__attack__nes__l1,1021,48,2,241,2,373
evaluation__1773__deblur__restore__nes__l1,1021,48,6,485,6,622
evaluation__1773__deblur__random_walk__random_walk__l1,1024,50,2,1023,2,1023
evaluation__1773__deblur__confidence_boost__nes__l1,1021,48,2,423,2,560
evaluation__1773__deblur__boundary_probe__nes__l1,1021,49,5,474,5,620
evaluation__1773__deblur__counterfactual__nes__l1,1021,49,5,558,5,703
evaluation__4797__denoise__attack__nes__l0.5,1021,48,2,210,2,309
evaluation__4797__denoise__restore__nes__l0.5,1021,47,6,324,6,460
evaluation__4797__denoise__random_walk__random_walk__l0.5,1024,49,2,1023,2,1023
evaluation__4797__denoise__confidence_boost__nes__l0.5,1021,47,8,228,6,323
evaluation__4797__denoise__boundary_probe__nes__l0.5,1021,49,12,420,12,555
evaluation__4797__denoise__counterfactual__nes__l0.5,1021,47,2,435,2,578
evaluation__4797__deblur__attack__nes__l1,1021,48,2,396,2,532
evaluation__4797__deblur__restore__nes__l1,1021,49,2,537,2,685
evaluation__4797__deblur__random_walk__random_walk__l1,1024,50,2,1023,2,1023
evaluation__4797__deblur__confidence_boost__nes__l1,1021,49,4,586,4,731
evaluation__4797__deblur__boundary_probe__nes__l1,1021,48,2,421,2,540
evaluation__4797__deblur__counterfactual__nes__l1,1021,49,3,577,3,705
evaluation__7429__denoise__attack__nes__l0.5,1021,47,3,155,3,232
evaluation__7429__denoise__restore__nes__l0.5,1021,49,7,257,7,359
evaluation__7429__denoise__random_walk__random_walk__l0.5,1024,49,2,1023,2,1023
evaluation__7429__denoise__confidence_boost__nes__l0.5,1021,48,18,287,18,405
evaluation__7429__denoise__boundary_probe__nes__l0.5,1021,49,8,309,6,431
evaluation__7429__denoise__counterfactual__nes__l0.5,1021,48,18,202,18,293
evaluation__7429__deblur__attack__nes__l1,1021,48,12,244,12,338
evaluation__7429__deblur__restore__nes__l1,1021,48,8,250,8,364
evaluation__7429__deblur__random_walk__random_walk__l1,1024,50,2,1023,2,1023
evaluation__7429__deblur__confidence_boost__nes__l1,1021,49,4,483,4,595
evaluation__7429__deblur__boundary_probe__nes__l1,1021,48,7,393,7,524
evaluation__7429__deblur__counterfactual__nes__l1,1021,49,18,416,13,541
evaluation__3047__denoise__attack__nes__l0.5,1021,48,3,560,3,697
evaluation__3047__denoise__restore__nes__l0.5,1021,49,5,584,5,712
evaluation__3047__denoise__random_walk__random_walk__l0.5,1024,50,2,1023,2,1023
evaluation__3047__denoise__confidence_boost__nes__l0.5,1021,49,5,658,5,780
evaluation__3047__denoise__boundary_probe__nes__l0.5,1021,49,3,619,3,768
evaluation__3047__denoise__counterfactual__nes__l0.5,1021,49,6,666,2,815
evaluation__3047__deblur__attack__nes__l1,1021,48,4,457,2,589
evaluation__3047__deblur__restore__nes__l1,1021,48,7,455,4,617
evaluation__3047__deblur__random_walk__random_walk__l1,1024,49,2,1023,2,1023
evaluation__3047__deblur__confidence_boost__nes__l1,1021,48,2,432,2,591
evaluation__3047__deblur__boundary_probe__nes__l1,1021,48,6,466,6,609
evaluation__3047__deblur__counterfactual__nes__l1,1021,49,4,676,2,777
evaluation__5149__denoise__attack__nes__l0.5,1021,48,2,673,2,799
evaluation__5149__denoise__restore__nes__l0.5,1021,48,2,509,2,660
evaluation__5149__denoise__random_walk__random_walk__l0.5,1024,49,2,1023,2,1023
evaluation__5149__denoise__confidence_boost__nes__l0.5,1021,49,2,696,2,822
evaluation__5149__denoise__boundary_probe__nes__l0.5,1021,47,11,483,11,641
evaluation__5149__denoise__counterfactual__nes__l0.5,1021,49,3,465,3,612
evaluation__5149__deblur__attack__nes__l1,1021,49,5,471,5,585
evaluation__5149__deblur__restore__nes__l1,1021,48,18,323,7,447
evaluation__5149__deblur__random_walk__random_walk__l1,1024,49,2,1023,2,1023
evaluation__5149__deblur__confidence_boost__nes__l1,1021,48,4,322,2,466
evaluation__5149__deblur__boundary_probe__nes__l1,1021,49,4,310,4,420
evaluation__5149__deblur__counterfactual__nes__l1,1021,49,2,397,2,520
evaluation__8408__denoise__attack__nes__l0.5,1021,48,5,585,5,731
evaluation__8408__denoise__restore__nes__l0.5,1021,48,8,677,3,825
evaluation__8408__denoise__random_walk__random_walk__l0.5,1024,49,2,1023,2,1023
evaluation__8408__denoise__confidence_boost__nes__l0.5,1021,49,16,548,11,695
evaluation__8408__denoise__boundary_probe__nes__l0.5,1021,47,9,433,9,602
evaluation__8408__denoise__counterfactual__nes__l0.5,1021,48,2,601,2,729
evaluation__8408__deblur__attack__nes__l1,1021,49,7,432,7,557
evaluation__8408__deblur__restore__nes__l1,1021,47,18,202,18,320
evaluation__8408__deblur__random_walk__random_walk__l1,1024,50,2,1023,2,1023
evaluation__8408__deblur__confidence_boost__nes__l1,1021,48,11,143,8,228
evaluation__8408__deblur__boundary_probe__nes__l1,1021,48,16,362,3,505
evaluation__8408__deblur__counterfactual__nes__l1,1021,49,2,305,2,431
evaluation__1816__denoise__attack__nes__l0.5,1021,49,6,650,2,762
evaluation__1816__denoise__restore__nes__l0.5,1021,49,3,603,3,756
evaluation__1816__denoise__random_walk__random_walk__l0.5,1024,49,2,1023,2,1023
evaluation__1816__denoise__confidence_boost__nes__l0.5,1021,48,5,676,5,782
evaluation__1816__denoise__boundary_probe__nes__l0.5,1021,49,2,568,2,708
evaluation__1816__denoise__counterfactual__nes__l0.5,1021,49,5,735,5,847
evaluation__1816__deblur__attack__nes__l1,1021,50,4,500,4,618
evaluation__1816__deblur__restore__nes__l1,1021,48,2,340,2,489
evaluation__1816__deblur__random_walk__random_walk__l1,1024,50,2,1023,2,1023
evaluation__1816__deblur__confidence_boost__nes__l1,1021,48,18,312,18,459
evaluation__1816__deblur__boundary_probe__nes__l1,1021,48,9,381,9,505
evaluation__1816__deblur__counterfactual__nes__l1,1021,48,6,341,6,482
evaluation__4332__denoise__attack__nes__l0.5,1021,49,10,672,4,789
evaluation__4332__denoise__restore__nes__l0.5,1021,49,4,572,3,731
evaluation__4332__denoise__random_walk__random_walk__l0.5,1024,50,2,1023,2,1023
evaluation__4332__denoise__confidence_boost__nes__l0.5,1021,48,4,635,4,769
evaluation__4332__denoise__boundary_probe__nes__l0.5,1021,48,2,631,2,771
evaluation__4332__denoise__counterfactual__nes__l0.5,1021,48,3,754,3,866
evaluation__4332__deblur__attack__nes__l1,1021,49,7,621,4,759
evaluation__4332__deblur__restore__nes__l1,1021,48,2,762,2,872
evaluation__4332__deblur__random_walk__random_walk__l1,1024,50,2,1023,2,1023
evaluation__4332__deblur__confidence_boost__nes__l1,1021,48,3,739,3,851
evaluation__4332__deblur__boundary_probe__nes__l1,1021,48,6,805,5,894
evaluation__4332__deblur__counterfactual__nes__l1,1021,49,3,644,3,761
evaluation__8221__denoise__attack__nes__l0.5,1021,47,4,351,4,473
evaluation__8221__denoise__restore__nes__l0.5,1021,48,11,304,11,452
evaluation__8221__denoise__random_walk__random_walk__l0.5,1024,49,2,1023,2,1023
evaluation__8221__denoise__confidence_boost__nes__l0.5,1021,49,8,346,8,468
evaluation__8221__denoise__boundary_probe__nes__l0.5,1021,49,2,411,2,554
evaluation__8221__denoise__counterfactual__nes__l0.5,1021,47,11,521,2,644
evaluation__8221__deblur__attack__nes__l1,1021,47,4,552,4,703
evaluation__8221__deblur__restore__nes__l1,1021,49,6,525,3,652
evaluation__8221__deblur__random_walk__random_walk__l1,1024,50,2,1023,2,1023
evaluation__8221__deblur__confidence_boost__nes__l1,1021,48,8,476,8,627
evaluation__8221__deblur__boundary_probe__nes__l1,1021,47,3,310,2,435
evaluation__8221__deblur__counterfactual__nes__l1,1021,48,5,407,5,548
evaluation__806__denoise__attack__nes__l0.5,1021,48,4,470,4,618
evaluation__806__denoise__restore__nes__l0.5,1021,49,8,402,6,571
evaluation__806__denoise__random_walk__random_walk__l0.5,1024,49,2,1023,2,1023
evaluation__806__denoise__confidence_boost__nes__l0.5,1021,48,8,337,8,498
evaluation__806__denoise__boundary_probe__nes__l0.5,1021,47,6,608,6,754
evaluation__806__denoise__counterfactual__nes__l0.5,1021,47,6,483,6,655
evaluation__806__deblur__attack__nes__l1,1021,48,18,361,5,513
evaluation__806__deblur__restore__nes__l1,1021,49,2,444,2,588
evaluation__806__deblur__random_walk__random_walk__l1,1024,49,2,1023,2,1023
evaluation__806__deblur__confidence_boost__nes__l1,1021,48,11,285,9,404
evaluation__806__deblur__boundary_probe__nes__l1,1021,48,8,275,8,407
evaluation__806__deblur__counterfactual__nes__l1,1021,47,3,236,3,376
evaluation__3854__denoise__attack__nes__l0.5,1021,49,5,489,5,617
evaluation__3854__denoise__restore__nes__l0.5,1021,47,7,331,7,487
evaluation__3854__denoise__random_walk__random_walk__l0.5,1024,49,2,1023,2,1023
evaluation__3854__denoise__confidence_boost__nes__l0.5,1021,49,2,501,2,641
evaluation__3854__denoise__boundary_probe__nes__l0.5,1021,48,18,470,2,596
evaluation__3854__denoise__counterfactual__nes__l0.5,1021,49,9,412,2,552
evaluation__3854__deblur__attack__nes__l1,1021,47,7,314,7,447
evaluation__3854__deblur__restore__nes__l1,1021,47,11,472,11,598
evaluation__3854__deblur__random_walk__random_walk__l1,1024,49,2,1023,2,1023
evaluation__3854__deblur__confidence_boost__nes__l1,1021,48,2,403,2,557
evaluation__3854__deblur__boundary_probe__nes__l1,1021,48,8,221,8,342
evaluation__3854__deblur__counterfactual__nes__l1,1021,48,7,496,7,646
evaluation__7580__denoise__attack__nes__l0.5,1021,48,7,714,7,832
evaluation__7580__denoise__restore__nes__l0.5,1021,48,3,630,3,777
evaluation__7580__denoise__random_walk__random_walk__l0.5,1024,49,2,1023,2,1023
evaluation__7580__denoise__confidence_boost__nes__l0.5,1021,49,2,771,2,876
evaluation__7580__denoise__boundary_probe__nes__l0.5,1021,48,2,643,2,784
evaluation__7580__denoise__counterfactual__nes__l0.5,1021,48,2,490,2,663
evaluation__7580__deblur__attack__nes__l1,1021,48,11,533,3,705
evaluation__7580__deblur__restore__nes__l1,1021,47,2,712,2,828
evaluation__7580__deblur__random_walk__random_walk__l1,1024,49,2,1023,2,1023
evaluation__7580__deblur__confidence_boost__nes__l1,1021,49,6,560,2,708
evaluation__7580__deblur__boundary_probe__nes__l1,1021,48,2,625,2,757
evaluation__7580__deblur__counterfactual__nes__l1,1021,49,3,707,3,840
evaluation__9010__denoise__attack__nes__l0.5,1021,48,18,209,2,304
evaluation__9010__denoise__restore__nes__l0.5,1021,48,11,195,7,260
evaluation__9010__denoise__random_walk__random_walk__l0.5,1024,50,2,1023,2,1023
evaluation__9010__denoise__confidence_boost__nes__l0.5,1021,48,18,200,18,310
evaluation__9010__denoise__boundary_probe__nes__l0.5,1021,47,18,223,18,315
evaluation__9010__denoise__counterfactual__nes__l0.5,1021,49,14,191,14,271
evaluation__9010__deblur__attack__nes__l1,1021,48,6,301,6,446
evaluation__9010__deblur__restore__nes__l1,1021,48,3,273,3,403
evaluation__9010__deblur__random_walk__random_walk__l1,1024,49,2,1023,2,1023
evaluation__9010__deblur__confidence_boost__nes__l1,1021,48,18,367,18,502
evaluation__9010__deblur__boundary_probe__nes__l1,1021,48,18,162,18,239
evaluation__9010__deblur__counterfactual__nes__l1,1021,47,3,326,3,457
evaluation__2656__denoise__attack__nes__l0.5,1021,48,6,334,6,450
evaluation__2656__denoise__restore__nes__l0.5,1021,48,5,282,5,398
evaluation__2656__denoise__random_walk__random_walk__l0.5,1024,50,2,1023,2,1023
evaluation__2656__denoise__confidence_boost__nes__l0.5,1021,47,8,318,8,452
evaluation__2656__denoise__boundary_probe__nes__l0.5,1021,49,18,408,7,562
evaluation__2656__denoise__counterfactual__nes__l0.5,1021,48,8,243,8,362
evaluation__2656__deblur__attack__nes__l1,1021,48,5,485,5,627
evaluation__2656__deblur__restore__nes__l1,1021,48,9,485,2,643
evaluation__2656__deblur__random_walk__random_walk__l1,1024,50,2,1023,2,1023
evaluation__2656__deblur__confidence_boost__nes__l1,1021,48,6,505,6,663
evaluation__2656__deblur__boundary_probe__nes__l1,1021,49,13,613,4,748
evaluation__2656__deblur__counterfactual__nes__l1,1021,48,2,567,2,712
evaluation__6891__denoise__attack__nes__l0.5,1021,48,2,691,2,799
evaluation__6891__denoise__restore__nes__l0.5,1021,48,7,473,2,625
evaluation__6891__denoise__random_walk__random_walk__l0.5,1024,49,2,1023,2,1023
evaluation__6891__denoise__confidence_boost__nes__l0.5,1021,49,4,658,4,783
evaluation__6891__denoise__boundary_probe__nes__l0.5,1021,48,6,516,6,670
evaluation__6891__denoise__counterfactual__nes__l0.5,1021,49,8,609,2,771
evaluation__6891__deblur__attack__nes__l1,1021,48,9,294,9,410
evaluation__6891__deblur__restore__nes__l1,1021,47,18,253,13,352
evaluation__6891__deblur__random_walk__random_walk__l1,1024,49,2,1023,2,1023
evaluation__6891__deblur__confidence_boost__nes__l1,1021,47,18,278,2,396
evaluation__6891__deblur__boundary_probe__nes__l1,1021,48,14,295,10,420
evaluation__6891__deblur__counterfactual__nes__l1,1021,47,11,164,11,245
evaluation__8178__denoise__attack__nes__l0.5,1021,49,3,596,3,734
evaluation__8178__denoise__restore__nes__l0.5,1021,47,4,438,4,585
evaluation__8178__denoise__random_walk__random_walk__l0.5,1024,50,2,1023,2,1023
evaluation__8178__denoise__confidence_boost__nes__l0.5,1021,49,5,395,5,548
evaluation__8178__denoise__boundary_probe__nes__l0.5,1021,50,5,565,2,717
evaluation__8178__denoise__counterfactual__nes__l0.5,1021,48,4,183,4,257
evaluation__8178__deblur__attack__nes__l1,1021,48,11,469,11,629
evaluation__8178__deblur__restore__nes__l1,1021,48,16,219,10,327
evaluation__8178__deblur__random_walk__random_walk__l1,1024,49,2,1023,2,1023
evaluation__8178__deblur__confidence_boost__nes__l1,1021,47,3,462,3,611
evaluation__8178__deblur__boundary_probe__nes__l1,1021,48,7,548,5,685
evaluation__8178__deblur__counterfactual__nes__l1,1021,49,11,374,10,510
fit__6081__denoise__attack__nes__l0.5,1021,49,4,378,4,521
fit__6081__denoise__restore__nes__l0.5,1021,47,3,312,3,444
fit__6081__denoise__random_walk__random_walk__l0.5,1024,50,2,1023,2,1023
fit__6081__denoise__confidence_boost__nes__l0.5,1021,48,17,398,10,528
fit__6081__denoise__boundary_probe__nes__l0.5,1021,49,9,541,9,682
fit__6081__denoise__counterfactual__nes__l0.5,1021,47,9,293,7,433
fit__6081__deblur__attack__nes__l1,1021,49,4,494,4,633
fit__6081__deblur__restore__nes__l1,1021,49,3,598,3,715
fit__6081__deblur__random_walk__random_walk__l1,1024,49,2,1023,2,1023
fit__6081__deblur__confidence_boost__nes__l1,1021,48,3,586,3,714
fit__6081__deblur__boundary_probe__nes__l1,1021,48,5,508,4,660
fit__6081__deblur__counterfactual__nes__l1,1021,50,4,504,4,647
fit__9182__denoise__attack__nes__l0.5,1021,49,3,823,2,915
fit__9182__denoise__restore__nes__l0.5,1021,49,2,866,2,932
fit__9182__denoise__random_walk__random_walk__l0.5,1024,50,2,1023,2,1023
fit__9182__denoise__confidence_boost__nes__l0.5,1021,49,3,741,3,864
fit__9182__denoise__boundary_probe__nes__l0.5,1021,50,4,885,3,955
fit__9182__denoise__counterfactual__nes__l0.5,1021,50,2,851,2,924
fit__9182__deblur__attack__nes__l1,1021,48,6,746,6,867
fit__9182__deblur__restore__nes__l1,1021,50,4,799,4,894
fit__9182__deblur__random_walk__random_walk__l1,1024,49,2,1023,2,1023
fit__9182__deblur__confidence_boost__nes__l1,1021,48,6,714,5,849
fit__9182__deblur__boundary_probe__nes__l1,1021,49,4,730,2,851
fit__9182__deblur__counterfactual__nes__l1,1021,49,2,730,2,850
fit__5347__denoise__attack__nes__l0.5,1021,48,18,263,18,357
fit__5347__denoise__restore__nes__l0.5,1021,49,18,437,18,569
fit__5347__denoise__random_walk__random_walk__l0.5,1024,49,2,1023,2,1023
fit__5347__denoise__confidence_boost__nes__l0.5,1021,46,3,241,3,352
fit__5347__denoise__boundary_probe__nes__l0.5,1021,48,4,308,4,444
fit__5347__denoise__counterfactual__nes__l0.5,1021,47,10,171,10,267
fit__5347__deblur__attack__nes__l1,1021,49,3,234,3,346
fit__5347__deblur__restore__nes__l1,1021,48,5,564,5,697
fit__5347__deblur__random_walk__random_walk__l1,1024,49,2,1023,2,1023
fit__5347__deblur__confidence_boost__nes__l1,1021,48,9,289,4,415
fit__5347__deblur__boundary_probe__nes__l1,1021,48,15,425,7,546
fit__5347__deblur__counterfactual__nes__l1,1021,48,4,375,4,524
fit__149__denoise__attack__nes__l0.5,1021,48,6,651,2,793
fit__149__denoise__restore__nes__l0.5,1021,49,2,695,2,830
fit__149__denoise__random_walk__random_walk__l0.5,1024,50,2,1023,2,1023
fit__149__denoise__confidence_boost__nes__l0.5,1021,49,2,508,2,656
fit__149__denoise__boundary_probe__nes__l0.5,1021,48,2,540,2,690
fit__149__denoise__counterfactual__nes__l0.5,1021,48,5,457,5,619
fit__149__deblur__attack__nes__l1,1021,48,2,218,2,313
fit__149__deblur__restore__nes__l1,1021,47,18,150,4,224
fit__149__deblur__random_walk__random_walk__l1,1024,49,2,1023,2,1023
fit__149__deblur__confidence_boost__nes__l1,1021,48,2,285,2,393
fit__149__deblur__boundary_probe__nes__l1,1021,48,16,119,7,167
fit__149__deblur__counterfactual__nes__l1,1021,47,13,210,13,315
fit__8558__denoise__attack__nes__l0.5,1021,49,2,667,2,802
fit__8558__denoise__restore__nes__l0.5,1021,49,2,614,2,743
fit__8558__denoise__random_walk__random_walk__l0.5,1024,49,2,1023,2,1023
fit__8558__denoise__confidence_boost__nes__l0.5,1021,48,3,564,3,725
fit__8558__denoise__boundary_probe__nes__l0.5,1021,49,3,576,3,724
fit__8558__denoise__counterfactual__nes__l0.5,1021,48,2,580,2,720
fit__8558__deblur__attack__nes__l1,1021,48,18,222,18,300
fit__8558__deblur__restore__nes__l1,1021,47,5,206,5,315
fit__8558__deblur__random_walk__random_walk__l1,1024,49,2,1023,2,1023
fit__8558__deblur__confidence_boost__nes__l1,1021,48,6,419,6,550
fit__8558__deblur__boundary_probe__nes__l1,1021,47,3,348,3,491
fit__8558__deblur__counterfactual__nes__l1,1021,49,4,213,4,335
fit__2831__denoise__attack__nes__l0.5,1021,45,18,133,8,202
fit__2831__denoise__restore__nes__l0.5,1021,47,18,142,18,203
fit__2831__denoise__random_walk__random_walk__l0.5,1024,50,2,1023,2,1023
fit__2831__denoise__confidence_boost__nes__l0.5,1021,48,18,142,18,210
fit__2831__denoise__boundary_probe__nes__l0.5,1021,47,18,230,9,339
fit__2831__denoise__counterfactual__nes__l0.5,1021,48,2,136,2,200
fit__2831__deblur__attack__nes__l1,1021,48,2,594,2,747
fit__2831__deblur__restore__nes__l1,1021,48,4,552,3,722
fit__2831__deblur__random_walk__random_walk__l1,1024,50,2,1023,2,1023
fit__2831__deblur__confidence_boost__nes__l1,1021,48,2,585,2,744
fit__2831__deblur__boundary_probe__nes__l1,1021,49,4,669,4,786
fit__2831__deblur__counterfactual__nes__l1,1021,49,4,737,3,854
fit__8996__denoise__attack__nes__l0.5,1021,48,4,505,4,658
fit__8996__denoise__restore__nes__l0.5,1021,47,3,448,3,603
fit__8996__denoise__random_walk__random_walk__l0.5,1024,50,2,1023,2,1023
fit__8996__denoise__confidence_boost__nes__l0.5,1021,48,12,524,3,667
fit__8996__denoise__boundary_probe__nes__l0.5,1021,48,5,466,5,626
fit__8996__denoise__counterfactual__nes__l0.5,1021,47,12,370,11,535
fit__8996__deblur__attack__nes__l1,1021,48,10,689,3,817
fit__8996__deblur__restore__nes__l1,1021,48,2,909,2,967
fit__8996__deblur__random_walk__random_walk__l1,1024,50,2,1023,2,1023
fit__8996__deblur__confidence_boost__nes__l1,1021,49,2,716,2,848
fit__8996__deblur__boundary_probe__nes__l1,1021,48,2,634,2,769
fit__8996__deblur__counterfactual__nes__l1,1021,49,3,832,2,931
fit__3559__denoise__attack__nes__l0.5,1021,49,2,518,2,656
fit__3559__denoise__restore__nes__l0.5,1021,49,3,516,2,669
fit__3559__denoise__random_walk__random_walk__l0.5,1024,49,2,1023,2,1023
fit__3559__denoise__confidence_boost__nes__l0.5,1021,49,3,482,3,599
fit__3559__denoise__boundary_probe__nes__l0.5,1021,50,2,519,2,638
fit__3559__denoise__counterfactual__nes__l0.5,1021,50,2,562,2,696
fit__3559__deblur__attack__nes__l1,1021,48,18,449,3,608
fit__3559__deblur__restore__nes__l1,1021,47,3,410,3,560
fit__3559__deblur__random_walk__random_walk__l1,1024,49,2,1023,2,1023
fit__3559__deblur__confidence_boost__nes__l1,1021,46,3,270,3,385
fit__3559__deblur__boundary_probe__nes__l1,1021,49,2,399,2,530
fit__3559__deblur__counterfactual__nes__l1,1021,48,18,376,11,504
fit__319__denoise__attack__nes__l0.5,1021,48,2,600,2,725
fit__319__denoise__restore__nes__l0.5,1021,48,3,627,3,760
fit__319__denoise__random_walk__random_walk__l0.5,1024,50,2,1023,2,1023
fit__319__denoise__confidence_boost__nes__l0.5,1021,48,3,558,3,713
fit__319__denoise__boundary_probe__nes__l0.5,1021,49,3,668,2,814
fit__319__denoise__counterfactual__nes__l0.5,1021,48,2,520,2,658
fit__319__deblur__attack__nes__l1,1021,47,11,254,11,350
fit__319__deblur__restore__nes__l1,1021,47,2,160,2,237
fit__319__deblur__random_walk__random_walk__l1,1024,49,2,1023,2,1023
fit__319__deblur__confidence_boost__nes__l1,1021,46,18,184,18,262
fit__319__deblur__boundary_probe__nes__l1,1021,47,8,333,2,460
fit__319__deblur__counterfactual__nes__l1,1021,47,5,324,5,438
fit__5269__denoise__attack__nes__l0.5,1021,49,2,643,2,773
fit__5269__denoise__restore__nes__l0.5,1021,47,4,566,4,713
fit__5269__denoise__random_walk__random_walk__l0.5,1024,49,2,1023,2,1023
fit__5269__denoise__confidence_boost__nes__l0.5,1021,49,8,579,4,717
fit__5269__denoise__boundary_probe__nes__l0.5,1021,49,4,584,2,731
fit__5269__denoise__counterfactual__nes__l0.5,1021,50,8,653,8,787
fit__5269__deblur__attack__nes__l1,1021,47,11,205,11,306
fit__5269__deblur__restore__nes__l1,1021,48,10,251,8,344
fit__5269__deblur__random_walk__random_walk__l1,1024,49,2,1023,2,1023
fit__5269__deblur__confidence_boost__nes__l1,1021,47,2,236,2,317
fit__5269__deblur__boundary_probe__nes__l1,1021,48,2,249,2,363
fit__5269__deblur__counterfactual__nes__l1,1021,49,3,132,3,226
fit__2862__denoise__attack__nes__l0.5,1021,48,4,489,4,629
fit__2862__denoise__restore__nes__l0.5,1021,47,3,343,2,503
fit__2862__denoise__random_walk__random_walk__l0.5,1024,49,2,1023,2,1023
fit__2862__denoise__confidence_boost__nes__l0.5,1021,49,7,468,7,635
fit__2862__denoise__boundary_probe__nes__l0.5,1021,48,8,504,8,654
fit__2862__denoise__counterfactual__nes__l0.5,1021,48,4,375,4,526
fit__2862__deblur__attack__nes__l1,1021,48,3,482,3,638
fit__2862__deblur__restore__nes__l1,1021,47,7,725,2,851
fit__2862__deblur__random_walk__random_walk__l1,1024,49,2,1023,2,1023
fit__2862__deblur__confidence_boost__nes__l1,1021,49,2,767,2,867
fit__2862__deblur__boundary_probe__nes__l1,1021,49,4,725,4,848
fit__2862__deblur__counterfactual__nes__l1,1021,48,3,676,2,790
fit__8582__denoise__attack__nes__l0.5,1021,48,18,208,15,317
fit__8582__denoise__restore__nes__l0.5,1021,47,18,101,18,154
fit__8582__denoise__random_walk__random_walk__l0.5,1024,49,2,1023,2,1023
fit__8582__denoise__confidence_boost__nes__l0.5,1021,47,12,233,12,346
fit__8582__denoise__boundary_probe__nes__l0.5,1021,47,18,114,18,158
fit__8582__denoise__counterfactual__nes__l0.5,1021,49,6,156,6,203
fit__8582__deblur__attack__nes__l1,1021,47,4,430,4,610
fit__8582__deblur__restore__nes__l1,1021,48,18,552,5,683
fit__8582__deblur__random_walk__random_walk__l1,1024,49,2,1023,2,1023
fit__8582__deblur__confidence_boost__nes__l1,1021,47,2,433,2,594
fit__8582__deblur__boundary_probe__nes__l1,1021,48,17,525,13,662
fit__8582__deblur__counterfactual__nes__l1,1021,48,2,399,2,550
fit__2234__denoise__attack__nes__l0.5,1021,48,3,314,3,453
fit__2234__denoise__restore__nes__l0.5,1021,48,2,368,2,510
fit__2234__denoise__random_walk__random_walk__l0.5,1024,50,2,1023,2,1023
fit__2234__denoise__confidence_boost__nes__l0.5,1021,48,11,361,3,507
fit__2234__denoise__boundary_probe__nes__l0.5,1021,48,6,360,5,508
fit__2234__denoise__counterfactual__nes__l0.5,1021,48,6,235,4,357
fit__2234__deblur__attack__nes__l1,1021,48,2,581,2,719
fit__2234__deblur__restore__nes__l1,1021,48,3,614,3,760
fit__2234__deblur__random_walk__random_walk__l1,1024,49,2,1023,2,1023
fit__2234__deblur__confidence_boost__nes__l1,1021,49,3,499,3,634
fit__2234__deblur__boundary_probe__nes__l1,1021,48,5,470,3,629
fit__2234__deblur__counterfactual__nes__l1,1021,48,3,582,3,717
fit__492__denoise__attack__nes__l0.5,1021,48,2,559,2,698
fit__492__denoise__restore__nes__l0.5,1021,48,6,430,6,563
fit__492__denoise__random_walk__random_walk__l0.5,1024,49,2,1023,2,1023
fit__492__denoise__confidence_boost__nes__l0.5,1021,49,3,647,3,782
fit__492__denoise__boundary_probe__nes__l0.5,1021,48,2,448,2,582
fit__492__denoise__counterfactual__nes__l0.5,1021,48,2,731,2,844
fit__492__deblur__attack__nes__l1,1021,48,2,333,2,468
fit__492__deblur__restore__nes__l1,1021,48,3,401,3,548
fit__492__deblur__random_walk__random_walk__l1,1024,49,2,1023,2,1023
fit__492__deblur__confidence_boost__nes__l1,1021,50,2,403,2,516
fit__492__deblur__boundary_probe__nes__l1,1021,48,5,282,5,387
fit__492__deblur__counterfactual__nes__l1,1021,48,9,275,9,399
fit__5793__denoise__attack__nes__l0.5,1021,47,2,361,2,488
fit__5793__denoise__restore__nes__l0.5,1021,47,18,228,7,323
fit__5793__denoise__random_walk__random_walk__l0.5,1024,49,2,1023,2,1023
fit__5793__denoise__confidence_boost__nes__l0.5,1021,48,6,297,3,424
fit__5793__denoise__boundary_probe__nes__l0.5,1021,46,2,248,2,339
fit__5793__denoise__counterfactual__nes__l0.5,1021,49,5,369,5,520
fit__5793__deblur__attack__nes__l1,1021,49,2,203,2,307
fit__5793__deblur__restore__nes__l1,1021,48,2,412,2,543
fit__5793__deblur__random_walk__random_walk__l1,1024,49,2,1023,2,1023
fit__5793__deblur__confidence_boost__nes__l1,1021,48,2,394,2,529
fit__5793__deblur__boundary_probe__nes__l1,1021,49,8,491,3,641
fit__5793__deblur__counterfactual__nes__l1,1021,48,5,383,5,526
fit__2876__denoise__attack__nes__l0.5,1021,47,18,102,9,143
fit__2876__denoise__restore__nes__l0.5,1021,48,18,299,7,430
fit__2876__denoise__random_walk__random_walk__l0.5,1024,50,2,1023,2,1023
fit__2876__denoise__confidence_boost__nes__l0.5,1021,49,14,208,14,314
fit__2876__denoise__boundary_probe__nes__l0.5,1021,48,15,198,3,285
fit__2876__denoise__counterfactual__nes__l0.5,1021,48,18,144,8,224
fit__2876__deblur__attack__nes__l1,1021,48,3,588,2,743
fit__2876__deblur__restore__nes__l1,1021,49,2,672,2,805
fit__2876__deblur__random_walk__random_walk__l1,1024,49,2,1023,2,1023
fit__2876__deblur__confidence_boost__nes__l1,1021,48,2,657,2,785
fit__2876__deblur__boundary_probe__nes__l1,1021,48,3,417,3,604
fit__2876__deblur__counterfactual__nes__l1,1021,49,2,673,2,806
fit__7752__denoise__attack__nes__l0.5,1021,48,2,929,2,978
fit__7752__denoise__restore__nes__l0.5,1021,48,2,861,2,951
fit__7752__denoise__random_walk__random_walk__l0.5,1024,49,2,1023,2,1023
fit__7752__denoise__confidence_boost__nes__l0.5,1021,48,3,917,3,971
fit__7752__denoise__boundary_probe__nes__l0.5,1021,47,2,696,2,842
fit__7752__denoise__counterfactual__nes__l0.5,1021,48,2,919,2,969
fit__7752__deblur__attack__nes__l1,1021,47,2,328,2,474
fit__7752__deblur__restore__nes__l1,1021,48,2,536,2,693
fit__7752__deblur__random_walk__random_walk__l1,1024,49,2,1023,2,1023
fit__7752__deblur__confidence_boost__nes__l1,1021,49,5,506,5,636
fit__7752__deblur__boundary_probe__nes__l1,1021,49,3,585,2,712
fit__7752__deblur__counterfactual__nes__l1,1021,48,6,479,3,657
calibration__1912__denoise__attack__nes__l0.5,1021,48,14,272,14,385
calibration__1912__denoise__restore__nes__l0.5,1021,47,15,149,13,211
calibration__1912__denoise__random_walk__random_walk__l0.5,1024,49,2,1023,2,1023
calibration__1912__denoise__confidence_boost__nes__l0.5,1021,49,14,169,7,247
calibration__1912__denoise__boundary_probe__nes__l0.5,1021,48,8,192,8,293
calibration__1912__denoise__counterfactual__nes__l0.5,1021,50,18,214,6,323
calibration__1912__deblur__attack__nes__l1,1021,49,3,334,3,477
calibration__1912__deblur__restore__nes__l1,1021,49,2,468,2,601
calibration__1912__deblur__random_walk__random_walk__l1,1024,49,2,1023,2,1023
calibration__1912__deblur__confidence_boost__nes__l1,1021,47,6,340,3,460
calibration__1912__deblur__boundary_probe__nes__l1,1021,48,9,446,9,566
calibration__1912__deblur__counterfactual__nes__l1,1021,47,4,296,4,433
calibration__8970__denoise__attack__nes__l0.5,1021,49,2,387,2,536
calibration__8970__denoise__restore__nes__l0.5,1021,49,4,452,4,597
calibration__8970__denoise__random_walk__random_walk__l0.5,1024,49,2,1023,2,1023
calibration__8970__denoise__confidence_boost__nes__l0.5,1021,48,4,461,4,587
calibration__8970__denoise__boundary_probe__nes__l0.5,1021,49,5,485,5,626
calibration__8970__denoise__counterfactual__nes__l0.5,1021,49,6,341,5,491
calibration__8970__deblur__attack__nes__l1,1021,48,18,283,18,400
calibration__8970__deblur__restore__nes__l1,1021,48,18,290,18,416
calibration__8970__deblur__random_walk__random_walk__l1,1024,49,2,1023,2,1023
calibration__8970__deblur__confidence_boost__nes__l1,1021,48,18,255,11,354
calibration__8970__deblur__boundary_probe__nes__l1,1021,48,11,244,11,355
calibration__8970__deblur__counterfactual__nes__l1,1021,47,4,125,4,188
calibration__5697__denoise__attack__nes__l0.5,1021,48,15,242,10,370
calibration__5697__denoise__restore__nes__l0.5,1021,49,4,267,4,394
calibration__5697__denoise__random_walk__random_walk__l0.5,1024,49,2,1023,2,1023
calibration__5697__denoise__confidence_boost__nes__l0.5,1021,48,18,252,5,352
calibration__5697__denoise__boundary_probe__nes__l0.5,1021,48,18,213,18,314
calibration__5697__denoise__counterfactual__nes__l0.5,1021,49,18,253,18,364
calibration__5697__deblur__attack__nes__l1,1021,47,7,139,7,224
calibration__5697__deblur__restore__nes__l1,1021,47,4,248,4,340
calibration__5697__deblur__random_walk__random_walk__l1,1024,49,2,1023,2,1023
calibration__5697__deblur__confidence_boost__nes__l1,1021,48,15,193,15,290
calibration__5697__deblur__boundary_probe__nes__l1,1021,49,16,278,16,396
calibration__5697__deblur__counterfactual__nes__l1,1021,46,11,157,11,229
calibration__936__denoise__attack__nes__l0.5,1021,47,6,178,6,265
calibration__936__denoise__restore__nes__l0.5,1021,49,10,287,10,400
calibration__936__denoise__random_walk__random_walk__l0.5,1024,50,2,1023,2,1023
calibration__936__denoise__confidence_boost__nes__l0.5,1021,48,13,387,13,543
calibration__936__denoise__boundary_probe__nes__l0.5,1021,48,18,242,2,365
calibration__936__denoise__counterfactual__nes__l0.5,1021,47,4,233,4,351
calibration__936__deblur__attack__nes__l1,1021,48,7,244,7,360
calibration__936__deblur__restore__nes__l1,1021,49,4,369,4,500
calibration__936__deblur__random_walk__random_walk__l1,1024,49,2,1023,2,1023
calibration__936__deblur__confidence_boost__nes__l1,1021,48,18,349,18,481
calibration__936__deblur__boundary_probe__nes__l1,1021,48,14,310,3,429
calibration__936__deblur__counterfactual__nes__l1,1021,48,5,425,5,569
calibration__8412__denoise__attack__nes__l0.5,1021,49,10,293,4,419
calibration__8412__denoise__restore__nes__l0.5,1021,49,2,290,2,423
calibration__8412__denoise__random_walk__random_walk__l0.5,1024,49,2,1023,2,1023
calibration__8412__denoise__confidence_boost__nes__l0.5,1021,48,2,279,2,438
calibration__8412__denoise__boundary_probe__nes__l0.5,1021,48,3,355,3,472
calibration__8412__denoise__counterfactual__nes__l0.5,1021,48,3,284,3,388
calibration__8412__deblur__attack__nes__l1,1021,49,2,525,2,658
calibration__8412__deblur__restore__nes__l1,1021,49,8,464,3,610
calibration__8412__deblur__random_walk__random_walk__l1,1024,49,2,1023,2,1023
calibration__8412__deblur__confidence_boost__nes__l1,1021,47,3,366,3,514
calibration__8412__deblur__boundary_probe__nes__l1,1021,48,2,383,2,518
calibration__8412__deblur__counterfactual__nes__l1,1021,47,8,314,8,449
calibration__5204__denoise__attack__nes__l0.5,1021,49,6,292,6,437
calibration__5204__denoise__restore__nes__l0.5,1021,48,14,552,14,698
calibration__5204__denoise__random_walk__random_walk__l0.5,1024,49,2,1023,2,1023
calibration__5204__denoise__confidence_boost__nes__l0.5,1021,48,13,364,13,482
calibration__5204__denoise__boundary_probe__nes__l0.5,1021,47,6,355,6,532
calibration__5204__denoise__counterfactual__nes__l0.5,1021,48,2,469,2,626
calibration__5204__deblur__attack__nes__l1,1021,48,5,485,5,632
calibration__5204__deblur__restore__nes__l1,1021,48,3,334,3,461
calibration__5204__deblur__random_walk__random_walk__l1,1024,49,2,1023,2,1023
calibration__5204__deblur__confidence_boost__nes__l1,1021,48,4,349,2,473
calibration__5204__deblur__boundary_probe__nes__l1,1021,49,2,468,2,607
calibration__5204__deblur__counterfactual__nes__l1,1021,48,2,398,2,513
calibration__8336__denoise__attack__nes__l0.5,1021,48,3,247,3,374
calibration__8336__denoise__restore__nes__l0.5,1021,49,2,414,2,564
calibration__8336__denoise__random_walk__random_walk__l0.5,1024,50,2,1023,2,1023
calibration__8336__denoise__confidence_boost__nes__l0.5,1021,49,2,285,2,423
calibration__8336__denoise__boundary_probe__nes__l0.5,1021,49,3,696,3,818
calibration__8336__denoise__counterfactual__nes__l0.5,1021,49,4,577,4,729
calibration__8336__deblur__attack__nes__l1,1021,48,10,614,8,730
calibration__8336__deblur__restore__nes__l1,1021,48,3,575,3,702
calibration__8336__deblur__random_walk__random_walk__l1,1024,49,2,1023,2,1023
calibration__8336__deblur__confidence_boost__nes__l1,1021,49,14,412,14,552
calibration__8336__deblur__boundary_probe__nes__l1,1021,48,13,353,4,495
calibration__8336__deblur__counterfactual__nes__l1,1021,48,6,367,2,509
calibration__5756__denoise__attack__nes__l0.5,1021,48,18,192,2,286
calibration__5756__denoise__restore__nes__l0.5,1021,49,3,189,2,279
calibration__5756__denoise__random_walk__random_walk__l0.5,1024,49,2,1023,2,1023
calibration__5756__denoise__confidence_boost__nes__l0.5,1021,49,13,200,12,292
calibration__5756__denoise__boundary_probe__nes__l0.5,1021,48,2,199,2,289
calibration__5756__denoise__counterfactual__nes__l0.5,1021,47,5,275,4,385
calibration__5756__deblur__attack__nes__l1,1021,47,18,339,18,464
calibration__5756__deblur__restore__nes__l1,1021,48,3,443,3,565
calibration__5756__deblur__random_walk__random_walk__l1,1024,49,2,1023,2,1023
calibration__5756__deblur__confidence_boost__nes__l1,1021,48,9,409,3,536
calibration__5756__deblur__boundary_probe__nes__l1,1021,49,2,239,2,341
calibration__5756__deblur__counterfactual__nes__l1,1021,49,18,351,9,504
calibration__1244__denoise__attack__nes__l0.5,1021,48,9,196,9,294
calibration__1244__denoise__restore__nes__l0.5,1021,46,17,199,2,292
calibration__1244__denoise__random_walk__random_walk__l0.5,1024,49,2,1023,2,1023
calibration__1244__denoise__confidence_boost__nes__l0.5,1021,49,8,326,8,455
calibration__1244__denoise__boundary_probe__nes__l0.5,1021,50,14,272,14,397
calibration__1244__denoise__counterfactual__nes__l0.5,1021,48,18,271,16,382
calibration__1244__deblur__attack__nes__l1,1021,48,18,426,2,583
calibration__1244__deblur__restore__nes__l1,1021,48,3,193,3,282
calibration__1244__deblur__random_walk__random_walk__l1,1024,49,2,1023,2,1023
calibration__1244__deblur__confidence_boost__nes__l1,1021,47,2,372,2,507
calibration__1244__deblur__boundary_probe__nes__l1,1021,48,5,310,2,410
calibration__1244__deblur__counterfactual__nes__l1,1021,49,5,461,5,594
calibration__8266__denoise__attack__nes__l0.5,1021,47,2,651,2,795
calibration__8266__denoise__restore__nes__l0.5,1021,47,2,767,2,867
calibration__8266__denoise__random_walk__random_walk__l0.5,1024,49,2,1023,2,1023
calibration__8266__denoise__confidence_boost__nes__l0.5,1021,49,3,844,2,934
calibration__8266__denoise__boundary_probe__nes__l0.5,1021,49,5,594,4,718
calibration__8266__denoise__counterfactual__nes__l0.5,1021,48,4,665,4,798
calibration__8266__deblur__attack__nes__l1,1021,48,2,781,2,876
calibration__8266__deblur__restore__nes__l1,1021,48,3,795,3,888
calibration__8266__deblur__random_walk__random_walk__l1,1024,50,2,1023,2,1023
calibration__8266__deblur__confidence_boost__nes__l1,1021,48,3,689,3,829
calibration__8266__deblur__boundary_probe__nes__l1,1021,49,3,876,2,940
calibration__8266__deblur__counterfactual__nes__l1,1021,49,4,839,2,911
calibration__4179__denoise__attack__nes__l0.5,1021,49,6,310,6,441
calibration__4179__denoise__restore__nes__l0.5,1021,48,4,319,2,468
calibration__4179__denoise__random_walk__random_walk__l0.5,1024,50,2,1023,2,1023
calibration__4179__denoise__confidence_boost__nes__l0.5,1021,49,7,413,7,548
calibration__4179__denoise__boundary_probe__nes__l0.5,1021,48,9,577,5,720
calibration__4179__denoise__counterfactual__nes__l0.5,1021,48,6,524,6,659
calibration__4179__deblur__attack__nes__l1,1021,49,7,503,6,641
calibration__4179__deblur__restore__nes__l1,1021,49,6,621,5,771
calibration__4179__deblur__random_walk__random_walk__l1,1024,50,2,1023,2,1023
calibration__4179__deblur__confidence_boost__nes__l1,1021,49,2,660,2,805
calibration__4179__deblur__boundary_probe__nes__l1,1021,49,12,617,5,758
calibration__4179__deblur__counterfactual__nes__l1,1021,48,7,610,7,742
calibration__8509__denoise__attack__nes__l0.5,1021,49,7,510,7,656
calibration__8509__denoise__restore__nes__l0.5,1021,47,9,281,8,396
calibration__8509__denoise__random_walk__random_walk__l0.5,1024,48,2,1023,2,1023
calibration__8509__denoise__confidence_boost__nes__l0.5,1021,49,11,384,8,523
calibration__8509__denoise__boundary_probe__nes__l0.5,1021,49,4,376,4,506
calibration__8509__denoise__counterfactual__nes__l0.5,1021,48,11,323,2,457
calibration__8509__deblur__attack__nes__l1,1021,49,12,382,12,517
calibration__8509__deblur__restore__nes__l1,1021,48,2,280,2,401
calibration__8509__deblur__random_walk__random_walk__l1,1024,49,2,1023,2,1023
calibration__8509__deblur__confidence_boost__nes__l1,1021,47,18,285,18,387
calibration__8509__deblur__boundary_probe__nes__l1,1021,48,7,173,7,275
calibration__8509__deblur__counterfactual__nes__l1,1021,47,9,213,9,306
calibration__3896__denoise__attack__nes__l0.5,1021,48,4,328,3,465
calibration__3896__denoise__restore__nes__l0.5,1021,49,7,546,7,690
calibration__3896__denoise__random_walk__random_walk__l0.5,1024,50,2,1023,2,1023
calibration__3896__denoise__confidence_boost__nes__l0.5,1021,48,8,290,8,428
calibration__3896__denoise__boundary_probe__nes__l0.5,1021,48,14,378,12,544
calibration__3896__denoise__counterfactual__nes__l0.5,1021,48,18,564,10,719
calibration__3896__deblur__attack__nes__l1,1021,48,2,523,2,696
calibration__3896__deblur__restore__nes__l1,1021,48,3,587,2,745
calibration__3896__deblur__random_walk__random_walk__l1,1024,49,2,1023,2,1023
calibration__3896__deblur__confidence_boost__nes__l1,1021,50,6,683,3,825
calibration__3896__deblur__boundary_probe__nes__l1,1021,49,2,649,2,802
calibration__3896__deblur__counterfactual__nes__l1,1021,49,2,595,2,735
calibration__1059__denoise__attack__nes__l0.5,1021,47,10,328,10,471
calibration__1059__denoise__restore__nes__l0.5,1021,48,11,424,11,580
calibration__1059__denoise__random_walk__random_walk__l0.5,1024,49,2,1023,2,1023
calibration__1059__denoise__confidence_boost__nes__l0.5,1021,48,2,455,2,607
calibration__1059__denoise__boundary_probe__nes__l0.5,1021,49,2,244,2,362
calibration__1059__denoise__counterfactual__nes__l0.5,1021,48,9,412,6,553
calibration__1059__deblur__attack__nes__l1,1021,49,18,196,18,285
calibration__1059__deblur__restore__nes__l1,1021,47,13,196,13,283
calibration__1059__deblur__random_walk__random_walk__l1,1024,49,2,1023,2,1023
calibration__1059__deblur__confidence_boost__nes__l1,1021,47,16,167,16,243
calibration__1059__deblur__boundary_probe__nes__l1,1021,48,2,186,2,266
calibration__1059__deblur__counterfactual__nes__l1,1021,49,10,186,2,274
calibration__6999__denoise__attack__nes__l0.5,1021,48,2,488,2,631
calibration__6999__denoise__restore__nes__l0.5,1021,49,2,647,2,797
calibration__6999__denoise__random_walk__random_walk__l0.5,1024,49,2,1023,2,1023
calibration__6999__denoise__confidence_boost__nes__l0.5,1021,46,2,457,2,628
calibration__6999__denoise__boundary_probe__nes__l0.5,1021,48,2,479,2,637
calibration__6999__denoise__counterfactual__nes__l0.5,1021,48,3,647,3,771
calibration__6999__deblur__attack__nes__l1,1021,47,18,182,18,268
calibration__6999__deblur__restore__nes__l1,1021,48,18,187,18,278
calibration__6999__deblur__random_walk__random_walk__l1,1024,49,2,1023,2,1023
calibration__6999__deblur__confidence_boost__nes__l1,1021,47,2,194,2,258
calibration__6999__deblur__boundary_probe__nes__l1,1021,48,15,160,15,241
calibration__6999__deblur__counterfactual__nes__l1,1021,48,18,255,14,365
calibration__6377__denoise__attack__nes__l0.5,1021,48,10,488,10,673
calibration__6377__denoise__restore__nes__l0.5,1021,49,9,590,9,721
calibration__6377__denoise__random_walk__random_walk__l0.5,1024,49,2,1023,2,1023
calibration__6377__denoise__confidence_boost__nes__l0.5,1021,49,7,657,7,795
calibration__6377__denoise__boundary_probe__nes__l0.5,1021,49,2,631,2,770
calibration__6377__denoise__counterfactual__nes__l0.5,1021,48,9,533,9,674
calibration__6377__deblur__attack__nes__l1,1021,48,10,479,10,636
calibration__6377__deblur__restore__nes__l1,1021,48,8,446,6,598
calibration__6377__deblur__random_walk__random_walk__l1,1024,50,2,1023,2,1023
calibration__6377__deblur__confidence_boost__nes__l1,1021,49,8,442,3,594
calibration__6377__deblur__boundary_probe__nes__l1,1021,48,6,452,4,593
calibration__6377__deblur__counterfactual__nes__l1,1021,47,6,416,6,575
calibration__9718__denoise__attack__nes__l0.5,1021,49,4,572,4,724
calibration__9718__denoise__restore__nes__l0.5,1021,49,8,423,3,566
calibration__9718__denoise__random_walk__random_walk__l0.5,1024,49,2,1023,2,1023
calibration__9718__denoise__confidence_boost__nes__l0.5,1021,48,4,445,4,578
calibration__9718__denoise__boundary_probe__nes__l0.5,1021,48,8,396,3,543
calibration__9718__denoise__counterfactual__nes__l0.5,1021,47,2,361,2,510
calibration__9718__deblur__attack__nes__l1,1021,48,7,272,7,391
calibration__9718__deblur__restore__nes__l1,1021,49,2,425,2,572
calibration__9718__deblur__random_walk__random_walk__l1,1024,50,2,1023,2,1023
calibration__9718__deblur__confidence_boost__nes__l1,1021,47,6,233,6,351
calibration__9718__deblur__boundary_probe__nes__l1,1021,48,4,312,4,433
calibration__9718__deblur__counterfactual__nes__l1,1021,50,3,378,3,536
evaluation__4081__denoise__attack__nes__l0.5,1021,49,18,422,18,565
evaluation__4081__denoise__restore__nes__l0.5,1021,49,3,434,2,598
evaluation__4081__denoise__random_walk__random_walk__l0.5,1024,50,2,1023,2,1023
evaluation__4081__denoise__confidence_boost__nes__l0.5,1021,49,4,602,4,739
evaluation__4081__denoise__boundary_probe__nes__l0.5,1021,48,7,374,7,529
evaluation__4081__denoise__counterfactual__nes__l0.5,1021,49,18,436,12,574
evaluation__4081__deblur__attack__nes__l1,1021,48,15,501,11,635
evaluation__4081__deblur__restore__nes__l1,1021,49,14,697,14,786
evaluation__4081__deblur__random_walk__random_walk__l1,1024,49,2,1023,2,1023
evaluation__4081__deblur__confidence_boost__nes__l1,1021,46,18,285,2,420
evaluation__4081__deblur__boundary_probe__nes__l1,1021,47,15,232,15,335
evaluation__4081__deblur__counterfactual__nes__l1,1021,49,18,327,11,459
evaluation__5679__denoise__attack__nes__l0.5,1021,48,6,434,2,574
evaluation__5679__denoise__restore__nes__l0.5,1021,47,3,365,3,497
evaluation__5679__denoise__random_walk__random_walk__l0.5,1024,49,2,1023,2,1023
evaluation__5679__denoise__confidence_boost__nes__l0.5,1021,49,18,425,18,553
evaluation__5679__denoise__boundary_probe__nes__l0.5,1021,47,16,314,9,437
evaluation__5679__denoise__counterfactual__nes__l0.5,1021,47,8,232,2,374
evaluation__5679__deblur__attack__nes__l1,1021,48,2,640,2,769
evaluation__5679__deblur__restore__nes__l1,1021,48,2,528,2,675
evaluation__5679__deblur__random_walk__random_walk__l1,1024,49,2,1023,2,1023
evaluation__5679__deblur__confidence_boost__nes__l1,1021,48,10,427,7,568
evaluation__5679__deblur__boundary_probe__nes__l1,1021,48,2,403,2,527
evaluation__5679__deblur__counterfactual__nes__l1,1021,48,2,691,2,827
evaluation__8483__denoise__attack__nes__l0.5,1021,49,3,933,2,982
evaluation__8483__denoise__restore__nes__l0.5,1021,50,2,945,2,985
evaluation__8483__denoise__random_walk__random_walk__l0.5,1024,50,2,1023,2,1023
evaluation__8483__denoise__confidence_boost__nes__l0.5,1021,49,3,876,3,946
evaluation__8483__denoise__boundary_probe__nes__l0.5,1021,48,3,789,3,886
evaluation__8483__denoise__counterfactual__nes__l0.5,1021,49,2,848,2,939
evaluation__8483__deblur__attack__nes__l1,1021,46,16,143,8,213
evaluation__8483__deblur__restore__nes__l1,1021,48,18,204,5,302
evaluation__8483__deblur__random_walk__random_walk__l1,1024,50,2,1023,2,1023
evaluation__8483__deblur__confidence_boost__nes__l1,1021,47,12,320,8,453
evaluation__8483__deblur__boundary_probe__nes__l1,1021,49,16,271,11,389
evaluation__8483__deblur__counterfactual__nes__l1,1021,49,3,244,3,341
evaluation__1504__denoise__attack__nes__l0.5,1021,48,11,440,11,579
evaluation__1504__denoise__restore__nes__l0.5,1021,47,17,297,17,402
evaluation__1504__denoise__random_walk__random_walk__l0.5,1024,49,2,1023,2,1023
evaluation__1504__denoise__confidence_boost__nes__l0.5,1021,47,10,298,10,433
evaluation__1504__denoise__boundary_probe__nes__l0.5,1021,48,18,518,6,621
evaluation__1504__denoise__counterfactual__nes__l0.5,1021,47,18,142,16,193
evaluation__1504__deblur__attack__nes__l1,1021,48,18,336,8,455
evaluation__1504__deblur__restore__nes__l1,1021,48,18,249,2,356
evaluation__1504__deblur__random_walk__random_walk__l1,1024,49,2,1023,2,1023
evaluation__1504__deblur__confidence_boost__nes__l1,1021,48,7,159,7,249
evaluation__1504__deblur__boundary_probe__nes__l1,1021,48,3,297,3,439
evaluation__1504__deblur__counterfactual__nes__l1,1021,48,9,354,9,482
evaluation__3663__denoise__attack__nes__l0.5,1021,48,2,471,2,608
evaluation__3663__denoise__restore__nes__l0.5,1021,48,6,344,6,501
evaluation__3663__denoise__random_walk__random_walk__l0.5,1024,49,2,1023,2,1023
evaluation__3663__denoise__confidence_boost__nes__l0.5,1021,48,2,468,2,626
evaluation__3663__denoise__boundary_probe__nes__l0.5,1021,48,3,686,3,815
evaluation__3663__denoise__counterfactual__nes__l0.5,1021,48,11,520,4,666
evaluation__3663__deblur__attack__nes__l1,1021,47,4,193,4,283
evaluation__3663__deblur__restore__nes__l1,1021,48,2,186,2,294
evaluation__3663__deblur__random_walk__random_walk__l1,1024,49,2,1023,2,1023
evaluation__3663__deblur__confidence_boost__nes__l1,1021,48,18,205,5,308
evaluation__3663__deblur__boundary_probe__nes__l1,1021,48,4,328,4,471
evaluation__3663__deblur__counterfactual__nes__l1,1021,48,2,333,2,465
evaluation__7840__denoise__attack__nes__l0.5,1021,47,3,462,3,598
evaluation__7840__denoise__restore__nes__l0.5,1021,49,3,395,2,553
evaluation__7840__denoise__random_walk__random_walk__l0.5,1024,50,2,1023,2,1023
evaluation__7840__denoise__confidence_boost__nes__l0.5,1021,48,8,473,8,630
evaluation__7840__denoise__boundary_probe__nes__l0.5,1021,48,3,505,3,673
evaluation__7840__denoise__counterfactual__nes__l0.5,1021,48,4,239,4,366
evaluation__7840__deblur__attack__nes__l1,1021,48,18,341,12,461
evaluation__7840__deblur__restore__nes__l1,1021,48,14,341,5,462
evaluation__7840__deblur__random_walk__random_walk__l1,1024,49,2,1023,2,1023
evaluation__7840__deblur__confidence_boost__nes__l1,1021,48,18,440,5,556
evaluation__7840__deblur__boundary_probe__nes__l1,1021,48,4,295,4,413
evaluation__7840__deblur__counterfactual__nes__l1,1021,47,11,474,11,600
evaluation__972__denoise__attack__nes__l0.5,1021,48,13,155,10,243
evaluation__972__denoise__restore__nes__l0.5,1021,48,7,211,7,312
evaluation__972__denoise__random_walk__random_walk__l0.5,1024,49,2,1023,2,1023
evaluation__972__denoise__confidence_boost__nes__l0.5,1021,47,8,179,8,261
evaluation__972__denoise__boundary_probe__nes__l0.5,1021,47,3,208,3,306
evaluation__972__denoise__counterfactual__nes__l0.5,1021,48,15,215,6,325
evaluation__972__deblur__attack__nes__l1,1021,48,7,241,7,342
evaluation__972__deblur__restore__nes__l1,1021,48,5,182,5,290
evaluation__972__deblur__random_walk__random_walk__l1,1024,49,2,1023,2,1023
evaluation__972__deblur__confidence_boost__nes__l1,1021,47,7,277,7,389
evaluation__972__deblur__boundary_probe__nes__l1,1021,47,16,241,7,350
evaluation__972__deblur__counterfactual__nes__l1,1021,48,12,262,12,353
evaluation__5547__denoise__attack__nes__l0.5,1021,49,2,387,2,545
evaluation__5547__denoise__restore__nes__l0.5,1021,49,5,518,5,675
evaluation__5547__denoise__random_walk__random_walk__l0.5,1024,49,2,1023,2,1023
evaluation__5547__denoise__confidence_boost__nes__l0.5,1021,47,4,455,4,603
evaluation__5547__denoise__boundary_probe__nes__l0.5,1021,49,4,633,4,759
evaluation__5547__denoise__counterfactual__nes__l0.5,1021,48,3,480,3,618
evaluation__5547__deblur__attack__nes__l1,1021,48,2,374,2,514
evaluation__5547__deblur__restore__nes__l1,1021,48,9,442,3,596
evaluation__5547__deblur__random_walk__random_walk__l1,1024,50,2,1023,2,1023
evaluation__5547__deblur__confidence_boost__nes__l1,1021,48,18,500,5,655
evaluation__5547__deblur__boundary_probe__nes__l1,1021,47,18,382,18,523
evaluation__5547__deblur__counterfactual__nes__l1,1021,49,18,379,5,527
evaluation__6636__denoise__attack__nes__l0.5,1021,47,16,339,12,461
evaluation__6636__denoise__restore__nes__l0.5,1021,49,2,373,2,534
evaluation__6636__denoise__random_walk__random_walk__l0.5,1024,49,2,1023,2,1023
evaluation__6636__denoise__confidence_boost__nes__l0.5,1021,48,4,423,4,572
evaluation__6636__denoise__boundary_probe__nes__l0.5,1021,48,2,440,2,581
evaluation__6636__denoise__counterfactual__nes__l0.5,1021,49,3,616,3,745
evaluation__6636__deblur__attack__nes__l1,1021,49,18,117,18,174
evaluation__6636__deblur__restore__nes__l1,1021,49,18,213,12,297
evaluation__6636__deblur__random_walk__random_walk__l1,1024,50,2,1023,2,1023
evaluation__6636__deblur__confidence_boost__nes__l1,1021,47,12,180,12,263
evaluation__6636__deblur__boundary_probe__nes__l1,1021,47,18,154,18,240
evaluation__6636__deblur__counterfactual__nes__l1,1021,48,18,172,18,250
evaluation__9728__denoise__attack__nes__l0.5,1021,49,18,521,2,654
evaluation__9728__denoise__restore__nes__l0.5,1021,48,3,508,3,662
evaluation__9728__denoise__random_walk__random_walk__l0.5,1024,49,2,1023,2,1023
evaluation__9728__denoise__confidence_boost__nes__l0.5,1021,48,6,375,6,524
evaluation__9728__denoise__boundary_probe__nes__l0.5,1021,48,5,488,5,623
evaluation__9728__denoise__counterfactual__nes__l0.5,1021,48,5,478,5,609
evaluation__9728__deblur__attack__nes__l1,1021,48,5,760,5,879
evaluation__9728__deblur__restore__nes__l1,1021,48,2,608,2,747
evaluation__9728__deblur__random_walk__random_walk__l1,1024,49,2,1023,2,1023
evaluation__9728__deblur__confidence_boost__nes__l1,1021,48,2,649,2,793
evaluation__9728__deblur__boundary_probe__nes__l1,1021,48,3,580,3,741
evaluation__9728__deblur__counterfactual__nes__l1,1021,49,3,531,3,680
evaluation__3228__denoise__attack__nes__l0.5,1021,48,3,299,3,424
evaluation__3228__denoise__restore__nes__l0.5,1021,48,12,315,12,433
evaluation__3228__denoise__random_walk__random_walk__l0.5,1024,49,2,1023,2,1023
evaluation__3228__denoise__confidence_boost__nes__l0.5,1021,49,13,243,7,362
evaluation__3228__denoise__boundary_probe__nes__l0.5,1021,48,5,402,5,554
evaluation__3228__denoise__counterfactual__nes__l0.5,1021,48,6,458,6,597
evaluation__3228__deblur__attack__nes__l1,1021,48,18,207,7,309
evaluation__3228__deblur__restore__nes__l1,1021,48,18,340,2,482
evaluation__3228__deblur__random_walk__random_walk__l1,1024,49,2,1023,2,1023
evaluation__3228__deblur__confidence_boost__nes__l1,1021,49,18,262,4,356
evaluation__3228__deblur__boundary_probe__nes__l1,1021,47,2,183,2,271
evaluation__3228__deblur__counterfactual__nes__l1,1021,48,6,236,6,356
evaluation__6175__denoise__attack__nes__l0.5,1021,48,18,152,9,223
evaluation__6175__denoise__restore__nes__l0.5,1021,48,18,161,18,226
evaluation__6175__denoise__random_walk__random_walk__l0.5,1024,50,2,1023,2,1023
evaluation__6175__denoise__confidence_boost__nes__l0.5,1021,47,5,199,5,277
evaluation__6175__denoise__boundary_probe__nes__l0.5,1021,48,18,180,18,287
evaluation__6175__denoise__counterfactual__nes__l0.5,1021,48,4,243,4,323
evaluation__6175__deblur__attack__nes__l1,1021,47,18,170,18,268
evaluation__6175__deblur__restore__nes__l1,1021,46,18,223,18,323
evaluation__6175__deblur__random_walk__random_walk__l1,1024,49,2,1023,2,1023
evaluation__6175__deblur__confidence_boost__nes__l1,1021,47,18,125,18,175
evaluation__6175__deblur__boundary_probe__nes__l1,1021,47,18,129,18,198
evaluation__6175__deblur__counterfactual__nes__l1,1021,48,18,227,18,337
evaluation__8310__denoise__attack__nes__l0.5,1021,49,6,582,2,706
evaluation__8310__denoise__restore__nes__l0.5,1021,48,11,519,11,658
evaluation__8310__denoise__random_walk__random_walk__l0.5,1024,49,2,1023,2,1023
evaluation__8310__denoise__confidence_boost__nes__l0.5,1021,49,7,607,2,752
evaluation__8310__denoise__boundary_probe__nes__l0.5,1021,48,2,410,2,550
evaluation__8310__denoise__counterfactual__nes__l0.5,1021,48,4,505,3,642
evaluation__8310__deblur__attack__nes__l1,1021,47,5,240,5,343
evaluation__8310__deblur__restore__nes__l1,1021,48,18,507,18,631
evaluation__8310__deblur__random_walk__random_walk__l1,1024,49,2,1023,2,1023
evaluation__8310__deblur__confidence_boost__nes__l1,1021,48,8,314,8,423
evaluation__8310__deblur__boundary_probe__nes__l1,1021,47,16,353,14,477
evaluation__8310__deblur__counterfactual__nes__l1,1021,48,6,410,3,551
evaluation__2180__denoise__attack__nes__l0.5,1021,50,13,329,13,440
evaluation__2180__denoise__restore__nes__l0.5,1021,48,18,492,16,623
evaluation__2180__denoise__random_walk__random_walk__l0.5,1024,49,2,1023,2,1023
evaluation__2180__denoise__confidence_boost__nes__l0.5,1021,48,8,372,8,526
evaluation__2180__denoise__boundary_probe__nes__l0.5,1021,48,4,336,4,476
evaluation__2180__denoise__counterfactual__nes__l0.5,1021,48,18,273,18,407
evaluation__2180__deblur__attack__nes__l1,1021,48,8,216,8,349
evaluation__2180__deblur__restore__nes__l1,1021,48,8,387,5,547
evaluation__2180__deblur__random_walk__random_walk__l1,1024,49,2,1023,2,1023
evaluation__2180__deblur__confidence_boost__nes__l1,1021,48,8,657,4,771
evaluation__2180__deblur__boundary_probe__nes__l1,1021,48,5,585,5,728
evaluation__2180__deblur__counterfactual__nes__l1,1021,47,2,349,2,513
evaluation__4946__denoise__attack__nes__l0.5,1021,48,3,718,2,843
evaluation__4946__denoise__restore__nes__l0.5,1021,48,2,599,2,733
evaluation__4946__denoise__random_walk__random_walk__l0.5,1024,50,2,1023,2,1023
evaluation__4946__denoise__confidence_boost__nes__l0.5,1021,49,2,830,2,911
evaluation__4946__denoise__boundary_probe__nes__l0.5,1021,48,10,702,10,812
evaluation__4946__denoise__counterfactual__nes__l0.5,1021,48,3,497,3,663
evaluation__4946__deblur__attack__nes__l1,1021,48,7,510,7,667
evaluation__4946__deblur__restore__nes__l1,1021,49,7,689,7,807
evaluation__4946__deblur__random_walk__random_walk__l1,1024,49,2,1023,2,1023
evaluation__4946__deblur__confidence_boost__nes__l1,1021,48,17,440,17,574
evaluation__4946__deblur__boundary_probe__nes__l1,1021,49,10,522,10,654
evaluation__4946__deblur__counterfactual__nes__l1,1021,49,6,486,2,621
evaluation__7481__denoise__attack__nes__l0.5,1021,49,15,268,2,386
evaluation__7481__denoise__restore__nes__l0.5,1021,48,11,186,2,262
evaluation__7481__denoise__random_walk__random_walk__l0.5,1024,49,2,1023,2,1023
evaluation__7481__denoise__confidence_boost__nes__l0.5,1021,48,3,251,3,341
evaluation__7481__denoise__boundary_probe__nes__l0.5,1021,48,2,297,2,425
evaluation__7481__denoise__counterfactual__nes__l0.5,1021,48,8,265,8,378
evaluation__7481__deblur__attack__nes__l1,1021,48,3,434,3,588
evaluation__7481__deblur__restore__nes__l1,1021,47,5,417,5,571
evaluation__7481__deblur__random_walk__random_walk__l1,1024,49,2,1023,2,1023
evaluation__7481__deblur__confidence_boost__nes__l1,1021,50,17,552,17,696
evaluation__7481__deblur__boundary_probe__nes__l1,1021,48,2,628,2,755
evaluation__7481__deblur__counterfactual__nes__l1,1021,48,8,471,3,607
evaluation__168__denoise__attack__nes__l0.5,1021,48,2,779,2,882
evaluation__168__denoise__restore__nes__l0.5,1021,48,5,640,5,774
evaluation__168__denoise__random_walk__random_walk__l0.5,1024,49,2,1023,2,1023
evaluation__168__denoise__confidence_boost__nes__l0.5,1021,49,10,623,5,771
evaluation__168__denoise__boundary_probe__nes__l0.5,1021,48,2,650,2,784
evaluation__168__denoise__counterfactual__nes__l0.5,1021,48,5,657,5,781
evaluation__168__deblur__attack__nes__l1,1021,49,2,623,2,767
evaluation__168__deblur__restore__nes__l1,1021,47,4,405,4,565
evaluation__168__deblur__random_walk__random_walk__l1,1024,50,2,1023,2,1023
evaluation__168__deblur__confidence_boost__nes__l1,1021,49,3,591,3,740
evaluation__168__deblur__boundary_probe__nes__l1,1021,47,9,328,4,473
evaluation__168__deblur__counterfactual__nes__l1,1021,48,3,425,3,550
evaluation__2397__denoise__attack__nes__l0.5,1021,48,5,333,5,468
evaluation__2397__denoise__restore__nes__l0.5,1021,49,14,347,14,483
evaluation__2397__denoise__random_walk__random_walk__l0.5,1024,49,2,1023,2,1023
evaluation__2397__denoise__confidence_boost__nes__l0.5,1021,47,8,234,6,368
evaluation__2397__denoise__boundary_probe__nes__l0.5,1021,48,3,266,3,374
evaluation__2397__denoise__counterfactual__nes__l0.5,1021,47,5,332,5,461
evaluation__2397__deblur__attack__nes__l1,1021,48,3,467,3,657
evaluation__2397__deblur__restore__nes__l1,1021,49,4,674,4,808
evaluation__2397__deblur__random_walk__random_walk__l1,1024,49,2,1023,2,1023
evaluation__2397__deblur__confidence_boost__nes__l1,1021,48,9,578,9,703
evaluation__2397__deblur__boundary_probe__nes__l1,1021,50,4,452,4,615
evaluation__2397__deblur__counterfactual__nes__l1,1021,49,18,583,10,715
evaluation__4810__denoise__attack__nes__l0.5,1021,47,18,126,18,177
evaluation__4810__denoise__restore__nes__l0.5,1021,47,18,146,18,217
evaluation__4810__denoise__random_walk__random_walk__l0.5,1024,49,2,1023,2,1023
evaluation__4810__denoise__confidence_boost__nes__l0.5,1021,48,18,173,14,240
evaluation__4810__denoise__boundary_probe__nes__l0.5,1021,49,13,184,3,290
evaluation__4810__denoise__counterfactual__nes__l0.5,1021,48,18,145,18,207
evaluation__4810__deblur__attack__nes__l1,1021,49,5,338,5,471
evaluation__4810__deblur__restore__nes__l1,1021,49,2,366,2,482
evaluation__4810__deblur__random_walk__random_walk__l1,1024,50,2,1023,2,1023
evaluation__4810__deblur__confidence_boost__nes__l1,1021,48,18,345,18,465
evaluation__4810__deblur__boundary_probe__nes__l1,1021,48,9,524,5,678
evaluation__4810__deblur__counterfactual__nes__l1,1021,48,4,460,2,599
evaluation__9364__denoise__attack__nes__l0.5,1021,49,9,506,9,648
evaluation__9364__denoise__restore__nes__l0.5,1021,49,2,487,2,631
evaluation__9364__denoise__random_walk__random_walk__l0.5,1024,50,2,1023,2,1023
evaluation__9364__denoise__confidence_boost__nes__l0.5,1021,48,2,379,2,501
evaluation__9364__denoise__boundary_probe__nes__l0.5,1021,49,6,611,2,736
evaluation__9364__denoise__counterfactual__nes__l0.5,1021,49,2,564,2,691
evaluation__9364__deblur__attack__nes__l1,1021,49,4,284,4,400
evaluation__9364__deblur__restore__nes__l1,1021,49,17,320,14,448
evaluation__9364__deblur__random_walk__random_walk__l1,1024,49,2,1023,2,1023
evaluation__9364__deblur__confidence_boost__nes__l1,1021,49,2,300,2,425
evaluation__9364__deblur__boundary_probe__nes__l1,1021,48,5,418,5,546
evaluation__9364__deblur__counterfactual__nes__l1,1021,48,6,307,6,434
evaluation__3224__denoise__attack__nes__l0.5,1021,48,2,303,2,421
evaluation__3224__denoise__restore__nes__l0.5,1021,48,2,312,2,431
evaluation__3224__denoise__random_walk__random_walk__l0.5,1024,49,2,1023,2,1023
evaluation__3224__denoise__confidence_boost__nes__l0.5,1021,49,11,449,6,597
evaluation__3224__denoise__boundary_probe__nes__l0.5,1021,47,9,386,8,523
evaluation__3224__denoise__counterfactual__nes__l0.5,1021,48,5,419,5,570
evaluation__3224__deblur__attack__nes__l1,1021,48,11,357,2,492
evaluation__3224__deblur__restore__nes__l1,1021,49,8,464,3,603
evaluation__3224__deblur__random_walk__random_walk__l1,1024,50,2,1023,2,1023
evaluation__3224__deblur__confidence_boost__nes__l1,1021,49,13,497,13,649
evaluation__3224__deblur__boundary_probe__nes__l1,1021,48,5,357,5,510
evaluation__3224__deblur__counterfactual__nes__l1,1021,47,7,337,7,473
evaluation__5581__denoise__attack__nes__l0.5,1021,49,6,588,6,734
evaluation__5581__denoise__restore__nes__l0.5,1021,48,8,719,3,836
evaluation__5581__denoise__random_walk__random_walk__l0.5,1024,49,2,1023,2,1023
evaluation__5581__denoise__confidence_boost__nes__l0.5,1021,50,6,670,6,791
evaluation__5581__denoise__boundary_probe__nes__l0.5,1021,49,13,748,12,859
evaluation__5581__denoise__counterfactual__nes__l0.5,1021,48,9,514,5,672
evaluation__5581__deblur__attack__nes__l1,1021,47,13,430,6,575
evaluation__5581__deblur__restore__nes__l1,1021,48,10,502,2,674
evaluation__5581__deblur__random_walk__random_walk__l1,1024,49,2,1023,2,1023
evaluation__5581__deblur__confidence_boost__nes__l1,1021,48,7,439,7,580
evaluation__5581__deblur__boundary_probe__nes__l1,1021,48,9,303,3,436
evaluation__5581__deblur__counterfactual__nes__l1,1021,48,5,467,5,607
evaluation__9251__denoise__attack__nes__l0.5,1021,49,18,265,7,386
evaluation__9251__denoise__restore__nes__l0.5,1021,46,18,193,6,282
evaluation__9251__denoise__random_walk__random_walk__l0.5,1024,49,2,1023,2,1023
evaluation__9251__denoise__confidence_boost__nes__l0.5,1021,48,18,162,18,224
evaluation__9251__denoise__boundary_probe__nes__l0.5,1021,48,18,186,5,273
evaluation__9251__denoise__counterfactual__nes__l0.5,1021,47,9,236,6,339
evaluation__9251__deblur__attack__nes__l1,1021,47,18,148,18,218
evaluation__9251__deblur__restore__nes__l1,1021,48,18,326,18,439
evaluation__9251__deblur__random_walk__random_walk__l1,1024,49,2,1023,2,1023
evaluation__9251__deblur__confidence_boost__nes__l1,1021,49,13,269,13,388
evaluation__9251__deblur__boundary_probe__nes__l1,1021,48,18,141,15,198
evaluation__9251__deblur__counterfactual__nes__l1,1021,48,18,250,11,349
evaluation__2084__denoise__attack__nes__l0.5,1021,48,15,120,12,179
evaluation__2084__denoise__restore__nes__l0.5,1021,48,18,205,7,294
evaluation__2084__denoise__random_walk__random_walk__l0.5,1024,50,2,1023,2,1023
evaluation__2084__denoise__confidence_boost__nes__l0.5,1021,47,11,117,8,166
evaluation__2084__denoise__boundary_probe__nes__l0.5,1021,50,3,147,3,201
evaluation__2084__denoise__counterfactual__nes__l0.5,1021,49,2,295,2,414
evaluation__2084__deblur__attack__nes__l1,1021,49,12,693,2,826
evaluation__2084__deblur__restore__nes__l1,1021,48,5,419,5,551
evaluation__2084__deblur__random_walk__random_walk__l1,1024,49,2,1023,2,1023
evaluation__2084__deblur__confidence_boost__nes__l1,1021,49,2,470,2,628
evaluation__2084__deblur__boundary_probe__nes__l1,1021,48,8,413,3,561
evaluation__2084__deblur__counterfactual__nes__l1,1021,48,3,399,3,554
evaluation__4920__denoise__attack__nes__l0.5,1021,47,18,338,11,510
evaluation__4920__denoise__restore__nes__l0.5,1021,48,3,447,3,620
evaluation__4920__denoise__random_walk__random_walk__l0.5,1024,50,2,1023,2,1023
evaluation__4920__denoise__confidence_boost__nes__l0.5,1021,49,15,402,6,557
evaluation__4920__denoise__boundary_probe__nes__l0.5,1021,48,8,575,2,722
evaluation__4920__denoise__counterfactual__nes__l0.5,1021,47,16,296,5,425
evaluation__4920__deblur__attack__nes__l1,1021,49,4,398,4,541
evaluation__4920__deblur__restore__nes__l1,1021,48,6,444,4,581
evaluation__4920__deblur__random_walk__random_walk__l1,1024,49,2,1023,2,1023
evaluation__4920__deblur__confidence_boost__nes__l1,1021,48,14,334,14,472
evaluation__4920__deblur__boundary_probe__nes__l1,1021,48,2,546,2,654
evaluation__4920__deblur__counterfactual__nes__l1,1021,49,18,407,4,514
evaluation__8320__denoise__attack__nes__l0.5,1021,48,2,259,2,371
evaluation__8320__denoise__restore__nes__l0.5,1021,47,3,460,3,590
evaluation__8320__denoise__random_walk__random_walk__l0.5,1024,49,2,1023,2,1023
evaluation__8320__denoise__confidence_boost__nes__l0.5,1021,49,2,333,2,467
evaluation__8320__denoise__boundary_probe__nes__l0.5,1021,47,4,334,3,470
evaluation__8320__denoise__counterfactual__nes__l0.5,1021,48,5,265,3,376
evaluation__8320__deblur__attack__nes__l1,1021,48,18,182,13,273
evaluation__8320__deblur__restore__nes__l1,1021,48,18,200,15,290
evaluation__8320__deblur__random_walk__random_walk__l1,1024,49,2,1023,2,1023
evaluation__8320__deblur__confidence_boost__nes__l1,1021,48,18,144,18,204
evaluation__8320__deblur__boundary_probe__nes__l1,1021,48,18,177,5,240
evaluation__8320__deblur__counterfactual__nes__l1,1021,47,11,178,10,275
evaluation__1153__denoise__attack__nes__l0.5,1021,48,18,405,3,547
evaluation__1153__denoise__restore__nes__l0.5,1021,47,8,228,8,329
evaluation__1153__denoise__random_walk__random_walk__l0.5,1024,49,2,1023,2,1023
evaluation__1153__denoise__confidence_boost__nes__l0.5,1021,48,18,350,12,496
evaluation__1153__denoise__boundary_probe__nes__l0.5,1021,48,18,291,4,408
evaluation__1153__denoise__counterfactual__nes__l0.5,1021,50,12,480,12,620
evaluation__1153__deblur__attack__nes__l1,1021,46,18,271,17,398
evaluation__1153__deblur__restore__nes__l1,1021,46,18,278,18,399
evaluation__1153__deblur__random_walk__random_walk__l1,1024,49,2,1023,2,1023
evaluation__1153__deblur__confidence_boost__nes__l1,1021,49,3,365,3,481
evaluation__1153__deblur__boundary_probe__nes__l1,1021,48,18,190,6,298
evaluation__1153__deblur__counterfactual__nes__l1,1021,47,2,267,2,382
evaluation__4006__denoise__attack__nes__l0.5,1021,46,2,197,2,297
evaluation__4006__denoise__restore__nes__l0.5,1021,48,4,204,2,296
evaluation__4006__denoise__random_walk__random_walk__l0.5,1024,49,2,1023,2,1023
evaluation__4006__denoise__confidence_boost__nes__l0.5,1021,48,10,538,4,672
evaluation__4006__denoise__boundary_probe__nes__l0.5,1021,48,12,464,5,607
evaluation__4006__denoise__counterfactual__nes__l0.5,1021,49,18,467,4,591
evaluation__4006__deblur__attack__nes__l1,1021,48,5,350,5,504
evaluation__4006__deblur__restore__nes__l1,1021,48,17,551,4,684
evaluation__4006__deblur__random_walk__random_walk__l1,1024,50,2,1023,2,1023
evaluation__4006__deblur__confidence_boost__nes__l1,1021,48,6,435,6,572
evaluation__4006__deblur__boundary_probe__nes__l1,1021,49,18,537,12,676
evaluation__4006__deblur__counterfactual__nes__l1,1021,49,10,507,3,655
evaluation__8075__denoise__attack__nes__l0.5,1021,49,2,748,2,849
evaluation__8075__denoise__restore__nes__l0.5,1021,49,3,714,3,841
evaluation__8075__denoise__random_walk__random_walk__l0.5,1024,50,2,1023,2,1023
evaluation__8075__denoise__confidence_boost__nes__l0.5,1021,48,5,649,5,786
evaluation__8075__denoise__boundary_probe__nes__l0.5,1021,48,2,543,2,688
evaluation__8075__denoise__counterfactual__nes__l0.5,1021,49,3,658,3,787
evaluation__8075__deblur__attack__nes__l1,1021,48,13,315,11,453
evaluation__8075__deblur__restore__nes__l1,1021,47,18,367,18,518
evaluation__8075__deblur__random_walk__random_walk__l1,1024,49,2,1023,2,1023
evaluation__8075__deblur__confidence_boost__nes__l1,1021,48,7,472,7,610
evaluation__8075__deblur__boundary_probe__nes__l1,1021,48,6,160,6,253
evaluation__8075__deblur__counterfactual__nes__l1,1021,49,3,281,3,404
evaluation__9604__denoise__attack__nes__l0.5,1021,49,2,530,2,650
evaluation__9604__denoise__restore__nes__l0.5,1021,49,3,473,3,640
evaluation__9604__denoise__random_walk__random_walk__l0.5,1024,50,2,1023,2,1023
evaluation__9604__denoise__confidence_boost__nes__l0.5,1021,49,2,659,2,785
evaluation__9604__denoise__boundary_probe__nes__l0.5,1021,48,10,469,10,622
evaluation__9604__denoise__counterfactual__nes__l0.5,1021,47,4,666,3,798
evaluation__9604__deblur__attack__nes__l1,1021,48,2,735,2,867
evaluation__9604__deblur__restore__nes__l1,1021,48,2,787,2,885
evaluation__9604__deblur__random_walk__random_walk__l1,1024,50,2,1023,2,1023
evaluation__9604__deblur__confidence_boost__nes__l1,1021,49,4,704,4,831
evaluation__9604__deblur__boundary_probe__nes__l1,1021,47,4,628,3,771
evaluation__9604__deblur__counterfactual__nes__l1,1021,48,2,719,2,835
evaluation__3344__denoise__attack__nes__l0.5,1021,48,2,490,2,628
evaluation__3344__denoise__restore__nes__l0.5,1021,48,2,380,2,532
evaluation__3344__denoise__random_walk__random_walk__l0.5,1024,50,2,1023,2,1023
evaluation__3344__denoise__confidence_boost__nes__l0.5,1021,48,2,506,2,660
evaluation__3344__denoise__boundary_probe__nes__l0.5,1021,49,11,500,10,619
evaluation__3344__denoise__counterfactual__nes__l0.5,1021,48,5,533,3,713
evaluation__3344__deblur__attack__nes__l1,1021,48,3,362,3,499
evaluation__3344__deblur__restore__nes__l1,1021,47,5,422,5,566
evaluation__3344__deblur__random_walk__random_walk__l1,1024,50,2,1023,2,1023
evaluation__3344__deblur__confidence_boost__nes__l1,1021,48,2,384,2,525
evaluation__3344__deblur__boundary_probe__nes__l1,1021,48,8,481,8,622
evaluation__3344__deblur__counterfactual__nes__l1,1021,48,16,472,11,635
evaluation__6903__denoise__attack__nes__l0.5,1021,47,18,107,18,159
evaluation__6903__denoise__restore__nes__l0.5,1021,49,16,383,5,508
evaluation__6903__denoise__random_walk__random_walk__l0.5,1024,50,2,1023,2,1023
evaluation__6903__denoise__confidence_boost__nes__l0.5,1021,48,18,210,12,306
evaluation__6903__denoise__boundary_probe__nes__l0.5,1021,47,18,191,18,275
evaluation__6903__denoise__counterfactual__nes__l0.5,1021,48,4,219,4,323
evaluation__6903__deblur__attack__nes__l1,1021,48,8,492,2,632
evaluation__6903__deblur__restore__nes__l1,1021,48,3,450,3,601
evaluation__6903__deblur__random_walk__random_walk__l1,1024,49,2,1023,2,1023
evaluation__6903__deblur__confidence_boost__nes__l1,1021,49,2,566,2,715
evaluation__6903__deblur__boundary_probe__nes__l1,1021,48,13,565,3,737
evaluation__6903__deblur__counterfactual__nes__l1,1021,47,5,609,5,728
evaluation__8475__denoise__attack__nes__l0.5,1021,47,18,109,18,158
evaluation__8475__denoise__restore__nes__l0.5,1021,48,18,146,18,214
evaluation__8475__denoise__random_walk__random_walk__l0.5,1024,49,2,1023,2,1023
evaluation__8475__denoise__confidence_boost__nes__l0.5,1021,48,18,173,18,258
evaluation__8475__denoise__boundary_probe__nes__l0.5,1021,47,18,148,18,227
evaluation__8475__denoise__counterfactual__nes__l0.5,1021,48,18,93,18,129
evaluation__8475__deblur__attack__nes__l1,1021,47,6,249,4,363
evaluation__8475__deblur__restore__nes__l1,1021,49,4,421,3,549
evaluation__8475__deblur__random_walk__random_walk__l1,1024,49,2,1023,2,1023
evaluation__8475__deblur__confidence_boost__nes__l1,1021,49,2,653,2,769
evaluation__8475__deblur__boundary_probe__nes__l1,1021,49,5,494,5,632
evaluation__8475__deblur__counterfactual__nes__l1,1021,48,2,445,2,574
fit__6437__denoise__attack__nes__l0.5,1021,48,2,614,2,756
fit__6437__denoise__restore__nes__l0.5,1021,48,3,733,3,847
fit__6437__denoise__random_walk__random_walk__l0.5,1024,50,2,1023,2,1023
fit__6437__denoise__confidence_boost__nes__l0.5,1021,49,7,654,4,803
fit__6437__denoise__boundary_probe__nes__l0.5,1021,49,2,688,2,818
fit__6437__denoise__counterfactual__nes__l0.5,1021,48,9,570,3,721
fit__6437__deblur__attack__nes__l1,1021,48,14,339,2,462
fit__6437__deblur__restore__nes__l1,1021,48,6,274,6,394
fit__6437__deblur__random_walk__random_walk__l1,1024,49,2,1023,2,1023
fit__6437__deblur__confidence_boost__nes__l1,1021,49,18,254,5,383
fit__6437__deblur__boundary_probe__nes__l1,1021,49,10,232,10,335
fit__6437__deblur__counterfactual__nes__l1,1021,48,8,361,8,495
fit__9608__denoise__attack__nes__l0.5,1021,48,18,533,3,686
fit__9608__denoise__restore__nes__l0.5,1021,48,16,391,16,533
fit__9608__denoise__random_walk__random_walk__l0.5,1024,49,2,1023,2,1023
fit__9608__denoise__confidence_boost__nes__l0.5,1021,47,6,444,6,604
fit__9608__denoise__boundary_probe__nes__l0.5,1021,48,3,279,3,389
fit__9608__denoise__counterfactual__nes__l0.5,1021,50,3,548,3,674
fit__9608__deblur__attack__nes__l1,1021,49,2,768,2,874
fit__9608__deblur__restore__nes__l1,1021,49,4,754,4,873
fit__9608__deblur__random_walk__random_walk__l1,1024,49,2,1023,2,1023
fit__9608__deblur__confidence_boost__nes__l1,1021,49,3,689,3,799
fit__9608__deblur__boundary_probe__nes__l1,1021,49,6,672,6,811
fit__9608__deblur__counterfactual__nes__l1,1021,49,4,783,4,885
fit__5422__denoise__attack__nes__l0.5,1021,47,14,194,4,314
fit__5422__denoise__restore__nes__l0.5,1021,48,17,159,17,217
fit__5422__denoise__random_walk__random_walk__l0.5,1024,49,2,1023,2,1023
fit__5422__denoise__confidence_boost__nes__l0.5,1021,48,18,230,17,340
fit__5422__denoise__boundary_probe__nes__l0.5,1021,48,9,275,2,387
fit__5422__denoise__counterfactual__nes__l0.5,1021,48,18,234,14,341
fit__5422__deblur__attack__nes__l1,1021,47,5,199,5,288
fit__5422__deblur__restore__nes__l1,1021,48,18,118,18,169
fit__5422__deblur__random_walk__random_walk__l1,1024,49,2,1023,2,1023
fit__5422__deblur__confidence_boost__nes__l1,1021,46,8,239,8,341
fit__5422__deblur__boundary_probe__nes__l1,1021,49,9,225,9,321
fit__5422__deblur__counterfactual__nes__l1,1021,47,15,266,15,393
fit__1108__denoise__attack__nes__l0.5,1021,48,18,115,18,156
fit__1108__denoise__restore__nes__l0.5,1021,48,18,158,18,236
fit__1108__denoise__random_walk__random_walk__l0.5,1024,49,2,1023,2,1023
fit__1108__denoise__confidence_boost__nes__l0.5,1021,48,18,171,18,243
fit__1108__denoise__boundary_probe__nes__l0.5,1021,48,18,121,3,176
fit__1108__denoise__counterfactual__nes__l0.5,1021,49,18,139,18,188
fit__1108__deblur__attack__nes__l1,1021,48,2,822,2,922
fit__1108__deblur__restore__nes__l1,1021,49,2,732,2,867
fit__1108__deblur__random_walk__random_walk__l1,1024,50,2,1023,2,1023
fit__1108__deblur__confidence_boost__nes__l1,1021,48,2,564,2,736
fit__1108__deblur__boundary_probe__nes__l1,1021,49,3,805,3,909
fit__1108__deblur__counterfactual__nes__l1,1021,48,8,670,2,813
fit__8649__denoise__attack__nes__l0.5,1021,48,7,306,7,425
fit__8649__denoise__restore__nes__l0.5,1021,49,2,493,2,646
fit__8649__denoise__random_walk__random_walk__l0.5,1024,50,2,1023,2,1023
fit__8649__denoise__confidence_boost__nes__l0.5,1021,47,2,285,2,400
fit__8649__denoise__boundary_probe__nes__l0.5,1021,48,2,415,2,548
fit__8649__denoise__counterfactual__nes__l0.5,1021,49,4,418,4,552
fit__8649__deblur__attack__nes__l1,1021,49,12,551,4,676
fit__8649__deblur__restore__nes__l1,1021,48,3,419,3,561
fit__8649__deblur__random_walk__random_walk__l1,1024,50,2,1023,2,1023
fit__8649__deblur__confidence_boost__nes__l1,1021,49,3,413,3,575
fit__8649__deblur__boundary_probe__nes__l1,1021,48,2,587,2,728
fit__8649__deblur__counterfactual__nes__l1,1021,49,8,385,6,555
fit__3614__denoise__attack__nes__l0.5,1021,48,3,711,3,823
fit__3614__denoise__restore__nes__l0.5,1021,48,5,769,5,888
fit__3614__denoise__random_walk__random_walk__l0.5,1024,49,2,1023,2,1023
fit__3614__denoise__confidence_boost__nes__l0.5,1021,48,3,676,3,815
fit__3614__denoise__boundary_probe__nes__l0.5,1021,48,3,586,3,741
fit__3614__denoise__counterfactual__nes__l0.5,1021,49,3,675,3,836
fit__3614__deblur__attack__nes__l1,1021,47,2,194,2,279
fit__3614__deblur__restore__nes__l1,1021,49,18,147,18,209
fit__3614__deblur__random_walk__random_walk__l1,1024,49,2,1023,2,1023
fit__3614__deblur__confidence_boost__nes__l1,1021,49,9,250,2,344
fit__3614__deblur__boundary_probe__nes__l1,1021,48,18,191,18,254
fit__3614__deblur__counterfactual__nes__l1,1021,48,12,212,12,291
fit__9778__denoise__attack__nes__l0.5,1021,48,18,187,18,285
fit__9778__denoise__restore__nes__l0.5,1021,46,18,103,18,158
fit__9778__denoise__random_walk__random_walk__l0.5,1024,50,2,1023,2,1023
fit__9778__denoise__confidence_boost__nes__l0.5,1021,48,18,183,6,284
fit__9778__denoise__boundary_probe__nes__l0.5,1021,48,4,195,4,284
fit__9778__denoise__counterfactual__nes__l0.5,1021,48,5,397,5,526
fit__9778__deblur__attack__nes__l1,1021,49,3,662,3,796
fit__9778__deblur__restore__nes__l1,1021,49,6,572,2,704
fit__9778__deblur__random_walk__random_walk__l1,1024,50,2,1023,2,1023
fit__9778__deblur__confidence_boost__nes__l1,1021,48,10,538,2,685
fit__9778__deblur__boundary_probe__nes__l1,1021,49,7,534,7,696
fit__9778__deblur__counterfactual__nes__l1,1021,48,2,677,2,809
fit__4573__denoise__attack__nes__l0.5,1021,48,17,106,7,146
fit__4573__denoise__restore__nes__l0.5,1021,48,18,217,18,324
fit__4573__denoise__random_walk__random_walk__l0.5,1024,49,2,1023,2,1023
fit__4573__denoise__confidence_boost__nes__l0.5,1021,47,16,207,14,303
fit__4573__denoise__boundary_probe__nes__l0.5,1021,49,18,186,5,289
fit__4573__denoise__counterfactual__nes__l0.5,1021,47,18,198,15,305
fit__4573__deblur__attack__nes__l1,1021,48,7,182,7,278
fit__4573__deblur__restore__nes__l1,1021,48,3,337,3,465
fit__4573__deblur__random_walk__random_walk__l1,1024,49,2,1023,2,1023
fit__4573__deblur__confidence_boost__nes__l1,1021,48,18,296,18,411
fit__4573__deblur__boundary_probe__nes__l1,1021,48,7,211,7,299
fit__4573__deblur__counterfactual__nes__l1,1021,47,18,189,18,278
fit__817__denoise__attack__nes__l0.5,1021,48,15,394,4,541
fit__817__denoise__restore__nes__l0.5,1021,48,18,674,7,775
fit__817__denoise__random_walk__random_walk__l0.5,1024,50,2,1023,2,1023
fit__817__denoise__confidence_boost__nes__l0.5,1021,48,5,535,5,689
fit__817__denoise__boundary_probe__nes__l0.5,1021,48,18,594,2,732
fit__817__denoise__counterfactual__nes__l0.5,1021,49,18,442,17,586
fit__817__deblur__attack__nes__l1,1021,49,18,244,18,340
fit__817__deblur__restore__nes__l1,1021,48,18,234,3,347
fit__817__deblur__random_walk__random_walk__l1,1024,49,2,1023,2,1023
fit__817__deblur__confidence_boost__nes__l1,1021,47,18,141,3,218
fit__817__deblur__boundary_probe__nes__l1,1021,47,18,165,11,244
fit__817__deblur__counterfactual__nes__l1,1021,48,18,394,18,520
fit__6782__denoise__attack__nes__l0.5,1021,48,2,704,2,818
fit__6782__denoise__restore__nes__l0.5,1021,49,14,648,3,784
fit__6782__denoise__random_walk__random_walk__l0.5,1024,49,2,1023,2,1023
fit__6782__denoise__confidence_boost__nes__l0.5,1021,48,4,522,4,671
fit__6782__denoise__boundary_probe__nes__l0.5,1021,48,13,572,13,701
fit__6782__denoise__counterfactual__nes__l0.5,1021,49,8,727,2,838
fit__6782__deblur__attack__nes__l1,1021,49,4,438,4,596
fit__6782__deblur__restore__nes__l1,1021,48,18,447,18,613
fit__6782__deblur__random_walk__random_walk__l1,1024,50,2,1023,2,1023
fit__6782__deblur__confidence_boost__nes__l1,1021,48,12,404,12,568
fit__6782__deblur__boundary_probe__nes__l1,1021,48,4,491,4,637
fit__6782__deblur__counterfactual__nes__l1,1021,49,6,423,6,554
fit__3775__denoise__attack__nes__l0.5,1021,48,10,335,10,472
fit__3775__denoise__restore__nes__l0.5,1021,49,11,486,11,629
fit__3775__denoise__random_walk__random_walk__l0.5,1024,50,2,1023,2,1023
fit__3775__denoise__confidence_boost__nes__l0.5,1021,48,18,570,6,708
fit__3775__denoise__boundary_probe__nes__l0.5,1021,47,9,403,9,566
fit__3775__denoise__counterfactual__nes__l0.5,1021,48,4,534,4,674
fit__3775__deblur__attack__nes__l1,1021,48,6,527,2,685
fit__3775__deblur__restore__nes__l1,1021,47,3,453,3,602
fit__3775__deblur__random_walk__random_walk__l1,1024,49,2,1023,2,1023
fit__3775__deblur__confidence_boost__nes__l1,1021,49,5,653,5,773
fit__3775__deblur__boundary_probe__nes__l1,1021,49,3,621,3,774
fit__3775__deblur__counterfactual__nes__l1,1021,49,4,573,4,713
fit__9450__denoise__attack__nes__l0.5,1021,48,4,443,4,598
fit__9450__denoise__restore__nes__l0.5,1021,47,3,428,2,570
fit__9450__denoise__random_walk__random_walk__l0.5,1024,49,2,1023,2,1023
fit__9450__denoise__confidence_boost__nes__l0.5,1021,48,3,635,3,776
fit__9450__denoise__boundary_probe__nes__l0.5,1021,48,2,657,2,819
fit__9450__denoise__counterfactual__nes__l0.5,1021,49,10,581,3,721
fit__9450__deblur__attack__nes__l1,1021,49,2,261,2,388
fit__9450__deblur__restore__nes__l1,1021,49,3,268,3,383
fit__9450__deblur__random_walk__random_walk__l1,1024,49,2,1023,2,1023
fit__9450__deblur__confidence_boost__nes__l1,1021,48,2,175,2,246
fit__9450__deblur__boundary_probe__nes__l1,1021,48,18,258,18,370
fit__9450__deblur__counterfactual__nes__l1,1021,48,4,171,4,249
fit__3860__denoise__attack__nes__l0.5,1021,48,4,598,4,731
fit__3860__denoise__restore__nes__l0.5,1021,48,5,469,5,613
fit__3860__denoise__random_walk__random_walk__l0.5,1024,49,2,1023,2,1023
fit__3860__denoise__confidence_boost__nes__l0.5,1021,48,7,473,7,607
fit__3860__denoise__boundary_probe__nes__l0.5,1021,48,7,350,7,525
fit__3860__denoise__counterfactual__nes__l0.5,1021,47,2,473,2,614
fit__3860__deblur__attack__nes__l1,1021,49,2,420,2,588
fit__3860__deblur__restore__nes__l1,1021,48,15,385,4,529
fit__3860__deblur__random_walk__random_walk__l1,1024,49,2,1023,2,1023
fit__3860__deblur__confidence_boost__nes__l1,1021,49,2,391,2,528
fit__3860__deblur__boundary_probe__nes__l1,1021,48,4,340,3,482
fit__3860__deblur__counterfactual__nes__l1,1021,47,6,389,4,538
fit__985__denoise__attack__nes__l0.5,1021,49,2,737,2,843
fit__985__denoise__restore__nes__l0.5,1021,49,2,721,2,818
fit__985__denoise__random_walk__random_walk__l0.5,1024,50,2,1023,2,1023
fit__985__denoise__confidence_boost__nes__l0.5,1021,49,2,758,2,847
fit__985__denoise__boundary_probe__nes__l0.5,1021,49,9,790,4,878
fit__985__denoise__counterfactual__nes__l0.5,1021,48,3,712,3,847
fit__985__deblur__attack__nes__l1,1021,48,6,539,5,677
fit__985__deblur__restore__nes__l1,1021,49,5,355,3,494
fit__985__deblur__random_walk__random_walk__l1,1024,50,2,1023,2,1023
fit__985__deblur__confidence_boost__nes__l1,1021,47,2,364,2,502
fit__985__deblur__boundary_probe__nes__l1,1021,48,9,317,2,444
fit__985__deblur__counterfactual__nes__l1,1021,47,11,453,2,595
fit__6115__denoise__attack__nes__l0.5,1021,48,4,232,4,321
fit__6115__denoise__restore__nes__l0.5,1021,49,6,345,6,452
fit__6115__denoise__random_walk__random_walk__l0.5,1024,50,2,1023,2,1023
fit__6115__denoise__confidence_boost__nes__l0.5,1021,49,12,264,12,376
fit__6115__denoise__boundary_probe__nes__l0.5,1021,49,17,248,17,366
fit__6115__denoise__counterfactual__nes__l0.5,1021,48,2,338,2,442
fit__6115__deblur__attack__nes__l1,1021,48,3,382,3,527
fit__6115__deblur__restore__nes__l1,1021,48,2,413,2,545
fit__6115__deblur__random_walk__random_walk__l1,1024,50,2,1023,2,1023
fit__6115__deblur__confidence_boost__nes__l1,1021,48,10,293,9,420
fit__6115__deblur__boundary_probe__nes__l1,1021,47,7,410,6,561
fit__6115__deblur__counterfactual__nes__l1,1021,49,4,414,4,561
fit__4852__denoise__attack__nes__l0.5,1021,49,2,664,2,795
fit__4852__denoise__restore__nes__l0.5,1021,47,6,639,6,784
fit__4852__denoise__random_walk__random_walk__l0.5,1024,50,2,1023,2,1023
fit__4852__denoise__confidence_boost__nes__l0.5,1021,48,2,784,2,888
fit__4852__denoise__boundary_probe__nes__l0.5,1021,48,3,787,3,895
fit__4852__denoise__counterfactual__nes__l0.5,1021,49,2,903,2,967
fit__4852__deblur__attack__nes__l1,1021,48,2,484,2,622
fit__4852__deblur__restore__nes__l1,1021,48,3,415,3,569
fit__4852__deblur__random_walk__random_walk__l1,1024,50,2,1023,2,1023
fit__4852__deblur__confidence_boost__nes__l1,1021,49,2,510,2,648
fit__4852__deblur__boundary_probe__nes__l1,1021,49,13,480,2,608
fit__4852__deblur__counterfactual__nes__l1,1021,48,2,433,2,581
fit__8312__denoise__attack__nes__l0.5,1021,48,5,535,2,702
fit__8312__denoise__restore__nes__l0.5,1021,48,5,438,5,571
fit__8312__denoise__random_walk__random_walk__l0.5,1024,49,2,1023,2,1023
fit__8312__denoise__confidence_boost__nes__l0.5,1021,48,5,611,5,754
fit__8312__denoise__boundary_probe__nes__l0.5,1021,48,9,548,9,682
fit__8312__denoise__counterfactual__nes__l0.5,1021,48,8,407,3,557
fit__8312__deblur__attack__nes__l1,1021,48,7,268,7,407
fit__8312__deblur__restore__nes__l1,1021,47,18,292,12,415
fit__8312__deblur__random_walk__random_walk__l1,1024,49,2,1023,2,1023
fit__8312__deblur__confidence_boost__nes__l1,1021,49,3,242,2,362
fit__8312__deblur__boundary_probe__nes__l1,1021,48,2,302,2,444
fit__8312__deblur__counterfactual__nes__l1,1021,48,10,256,10,395
calibration__3650__denoise__attack__nes__l0.5,1021,49,4,337,4,461
calibration__3650__denoise__restore__nes__l0.5,1021,49,18,313,18,453
calibration__3650__denoise__random_walk__random_walk__l0.5,1024,49,2,1023,2,1023
calibration__3650__denoise__confidence_boost__nes__l0.5,1021,48,6,369,6,517
calibration__3650__denoise__boundary_probe__nes__l0.5,1021,47,10,193,2,298
calibration__3650__denoise__counterfactual__nes__l0.5,1021,48,7,300,2,440
calibration__3650__deblur__attack__nes__l1,1021,48,4,368,4,503
calibration__3650__deblur__restore__nes__l1,1021,48,18,321,14,468
calibration__3650__deblur__random_walk__random_walk__l1,1024,49,2,1023,2,1023
calibration__3650__deblur__confidence_boost__nes__l1,1021,49,8,496,8,633
calibration__3650__deblur__boundary_probe__nes__l1,1021,48,18,298,5,437
calibration__3650__deblur__counterfactual__nes__l1,1021,47,2,245,2,342
calibration__104__denoise__attack__nes__l0.5,1021,49,9,572,3,698
calibration__104__denoise__restore__nes__l0.5,1021,48,3,352,3,501
calibration__104__denoise__random_walk__random_walk__l0.5,1024,49,2,1023,2,1023
calibration__104__denoise__confidence_boost__nes__l0.5,1021,47,5,355,2,477
calibration__104__denoise__boundary_probe__nes__l0.5,1021,48,2,324,2,453
calibration__104__denoise__counterfactual__nes__l0.5,1021,47,2,360,2,501
calibration__104__deblur__attack__nes__l1,1021,47,10,130,10,176
calibration__104__deblur__restore__nes__l1,1021,46,10,122,10,170
calibration__104__deblur__random_walk__random_walk__l1,1024,49,2,1023,2,1023
calibration__104__deblur__confidence_boost__nes__l1,1021,47,12,112,12,171
calibration__104__deblur__boundary_probe__nes__l1,1021,47,18,160,18,245
calibration__104__deblur__counterfactual__nes__l1,1021,47,18,120,18,162
calibration__7626__denoise__attack__nes__l0.5,1021,48,5,541,5,690
calibration__7626__denoise__restore__nes__l0.5,1021,49,8,775,2,878
calibration__7626__denoise__random_walk__random_walk__l0.5,1024,49,2,1023,2,1023
calibration__7626__denoise__confidence_boost__nes__l0.5,1021,48,3,674,2,806
calibration__7626__denoise__boundary_probe__nes__l0.5,1021,50,4,683,3,810
calibration__7626__denoise__counterfactual__nes__l0.5,1021,49,4,633,4,772
calibration__7626__deblur__attack__nes__l1,1021,48,2,333,2,488
calibration__7626__deblur__restore__nes__l1,1021,49,18,423,3,571
calibration__7626__deblur__random_walk__random_walk__l1,1024,49,2,1023,2,1023
calibration__7626__deblur__confidence_boost__nes__l1,1021,49,7,557,7,676
calibration__7626__deblur__boundary_probe__nes__l1,1021,49,3,487,3,620
calibration__7626__deblur__counterfactual__nes__l1,1021,49,5,619,5,768
calibration__1278__denoise__attack__nes__l0.5,1021,49,2,446,2,617
calibration__1278__denoise__restore__nes__l0.5,1021,48,6,387,6,528
calibration__1278__denoise__random_walk__random_walk__l0.5,1024,49,2,1023,2,1023
calibration__1278__denoise__confidence_boost__nes__l0.5,1021,47,4,363,4,516
calibration__1278__denoise__boundary_probe__nes__l0.5,1021,48,8,465,8,619
calibration__1278__denoise__counterfactual__nes__l0.5,1021,49,2,494,2,643
calibration__1278__deblur__attack__nes__l1,1021,48,4,538,4,686
calibration__1278__deblur__restore__nes__l1,1021,48,3,479,3,636
calibration__1278__deblur__random_walk__random_walk__l1,1024,50,2,1023,2,1023
calibration__1278__deblur__confidence_boost__nes__l1,1021,47,16,458,2,587
calibration__1278__deblur__boundary_probe__nes__l1,1021,48,6,606,5,737
calibration__1278__deblur__counterfactual__nes__l1,1021,49,2,663,2,791
calibration__9033__denoise__attack__nes__l0.5,1021,48,18,291,18,410
calibration__9033__denoise__restore__nes__l0.5,1021,47,2,180,2,265
calibration__9033__denoise__random_walk__random_walk__l0.5,1024,49,2,1023,2,1023
calibration__9033__denoise__confidence_boost__nes__l0.5,1021,47,18,153,18,209
calibration__9033__denoise__boundary_probe__nes__l0.5,1021,48,18,206,18,304
calibration__9033__denoise__counterfactual__nes__l0.5,1021,47,18,246,18,358
calibration__9033__deblur__attack__nes__l1,1021,49,13,311,9,439
calibration__9033__deblur__restore__nes__l1,1021,48,7,274,7,408
calibration__9033__deblur__random_walk__random_walk__l1,1024,50,2,1023,2,1023
calibration__9033__deblur__confidence_boost__nes__l1,1021,47,8,419,8,539
calibration__9033__deblur__boundary_probe__nes__l1,1021,48,18,212,8,297
calibration__9033__deblur__counterfactual__nes__l1,1021,48,12,309,12,427
calibration__6406__denoise__attack__nes__l0.5,1021,46,5,303,5,406
calibration__6406__denoise__restore__nes__l0.5,1021,49,5,526,5,666
calibration__6406__denoise__random_walk__random_walk__l0.5,1024,50,2,1023,2,1023
calibration__6406__denoise__confidence_boost__nes__l0.5,1021,48,11,468,2,613
calibration__6406__denoise__boundary_probe__nes__l0.5,1021,48,2,611,2,769
calibration__6406__denoise__counterfactual__nes__l0.5,1021,47,2,437,2,580
calibration__6406__deblur__attack__nes__l1,1021,49,4,569,4,701
calibration__6406__deblur__restore__nes__l1,1021,48,3,593,2,737
calibration__6406__deblur__random_walk__random_walk__l1,1024,49,2,1023,2,1023
calibration__6406__deblur__confidence_boost__nes__l1,1021,48,2,661,2,789
calibration__6406__deblur__boundary_probe__nes__l1,1021,48,2,368,2,502
calibration__6406__deblur__counterfactual__nes__l1,1021,49,2,588,2,728
calibration__943__denoise__attack__nes__l0.5,1021,48,5,552,2,716
calibration__943__denoise__restore__nes__l0.5,1021,50,4,571,3,728
calibration__943__denoise__random_walk__random_walk__l0.5,1024,50,2,1023,2,1023
calibration__943__denoise__confidence_boost__nes__l0.5,1021,47,13,336,13,451
calibration__943__denoise__boundary_probe__nes__l0.5,1021,48,11,610,4,755
calibration__943__denoise__counterfactual__nes__l0.5,1021,47,5,603,5,720
calibration__943__deblur__attack__nes__l1,1021,48,2,441,2,593
calibration__943__deblur__restore__nes__l1,1021,48,2,561,2,688
calibration__943__deblur__random_walk__random_walk__l1,1024,50,2,1023,2,1023
calibration__943__deblur__confidence_boost__nes__l1,1021,49,2,549,2,692
calibration__943__deblur__boundary_probe__nes__l1,1021,48,5,421,5,580
calibration__943__deblur__counterfactual__nes__l1,1021,49,3,303,3,432
calibration__5873__denoise__attack__nes__l0.5,1021,48,5,594,5,747
calibration__5873__denoise__restore__nes__l0.5,1021,49,4,539,4,689
calibration__5873__denoise__random_walk__random_walk__l0.5,1024,50,2,1023,2,1023
calibration__5873__denoise__confidence_boost__nes__l0.5,1021,48,5,736,3,855
calibration__5873__denoise__boundary_probe__nes__l0.5,1021,48,7,526,7,670
calibration__5873__denoise__counterfactual__nes__l0.5,1021,48,3,594,3,739
calibration__5873__deblur__attack__nes__l1,1021,48,4,822,2,924
calibration__5873__deblur__restore__nes__l1,1021,49,2,935,2,979
calibration__5873__deblur__random_walk__random_walk__l1,1024,50,2,1023,2,1023
calibration__5873__deblur__confidence_boost__nes__l1,1021,48,4,801,4,894
calibration__5873__deblur__boundary_probe__nes__l1,1021,48,2,845,2,941
calibration__5873__deblur__counterfactual__nes__l1,1021,49,3,834,3,919
calibration__3045__denoise__attack__nes__l0.5,1021,48,3,248,2,370
calibration__3045__denoise__restore__nes__l0.5,1021,47,6,397,6,537
calibration__3045__denoise__random_walk__random_walk__l0.5,1024,50,2,1023,2,1023
calibration__3045__denoise__confidence_boost__nes__l0.5,1021,47,11,401,11,566
calibration__3045__denoise__boundary_probe__nes__l0.5,1021,48,12,358,3,499
calibration__3045__denoise__counterfactual__nes__l0.5,1021,49,4,379,4,531
calibration__3045__deblur__attack__nes__l1,1021,47,4,275,4,404
calibration__3045__deblur__restore__nes__l1,1021,48,15,407,2,550
calibration__3045__deblur__random_walk__random_walk__l1,1024,49,2,1023,2,1023
calibration__3045__deblur__confidence_boost__nes__l1,1021,48,5,305,3,424
calibration__3045__deblur__boundary_probe__nes__l1,1021,47,2,370,2,489
calibration__3045__deblur__counterfactual__nes__l1,1021,48,18,448,4,596
calibration__8788__denoise__attack__nes__l0.5,1021,49,15,644,4,777
calibration__8788__denoise__restore__nes__l0.5,1021,48,12,731,8,833
calibration__8788__denoise__random_walk__random_walk__l0.5,1024,49,2,1023,2,1023
calibration__8788__denoise__confidence_boost__nes__l0.5,1021,49,4,487,4,605
calibration__8788__denoise__boundary_probe__nes__l0.5,1021,48,4,716,4,830
calibration__8788__denoise__counterfactual__nes__l0.5,1021,49,3,662,3,785
calibration__8788__deblur__attack__nes__l1,1021,48,12,270,12,427
calibration__8788__deblur__restore__nes__l1,1021,49,3,313,3,439
calibration__8788__deblur__random_walk__random_walk__l1,1024,50,2,1023,2,1023
calibration__8788__deblur__confidence_boost__nes__l1,1021,48,6,431,6,570
calibration__8788__deblur__boundary_probe__nes__l1,1021,49,2,572,2,718
calibration__8788__deblur__counterfactual__nes__l1,1021,48,4,387,4,542
calibration__5935__denoise__attack__nes__l0.5,1021,48,2,474,2,606
calibration__5935__denoise__restore__nes__l0.5,1021,48,3,485,3,639
calibration__5935__denoise__random_walk__random_walk__l0.5,1024,50,2,1023,2,1023
calibration__5935__denoise__confidence_boost__nes__l0.5,1021,48,2,540,2,672
calibration__5935__denoise__boundary_probe__nes__l0.5,1021,49,8,310,2,434
calibration__5935__denoise__counterfactual__nes__l0.5,1021,49,4,359,4,495
calibration__5935__deblur__attack__nes__l1,1021,48,4,538,4,672
calibration__5935__deblur__restore__nes__l1,1021,48,3,615,3,738
calibration__5935__deblur__random_walk__random_walk__l1,1024,50,2,1023,2,1023
calibration__5935__deblur__confidence_boost__nes__l1,1021,49,2,689,2,816
calibration__5935__deblur__boundary_probe__nes__l1,1021,48,2,509,2,653
calibration__5935__deblur__counterfactual__nes__l1,1021,49,5,475,5,620
calibration__288__denoise__attack__nes__l0.5,1021,48,5,149,5,229
calibration__288__denoise__restore__nes__l0.5,1021,48,3,339,3,471
calibration__288__denoise__random_walk__random_walk__l0.5,1024,50,2,1023,2,1023
calibration__288__denoise__confidence_boost__nes__l0.5,1021,48,18,182,18,263
calibration__288__denoise__boundary_probe__nes__l0.5,1021,48,5,229,5,361
calibration__288__denoise__counterfactual__nes__l0.5,1021,47,18,188,8,258
calibration__288__deblur__attack__nes__l1,1021,49,5,821,5,903
calibration__288__deblur__restore__nes__l1,1021,49,3,498,3,639
calibration__288__deblur__random_walk__random_walk__l1,1024,49,2,1023,2,1023
calibration__288__deblur__confidence_boost__nes__l1,1021,49,2,540,2,671
calibration__288__deblur__boundary_probe__nes__l1,1021,48,3,461,3,622
calibration__288__deblur__counterfactual__nes__l1,1021,49,4,731,2,836
calibration__5780__denoise__attack__nes__l0.5,1021,48,4,131,4,201
calibration__5780__denoise__restore__nes__l0.5,1021,47,6,188,6,289
calibration__5780__denoise__random_walk__random_walk__l0.5,1024,50,2,1023,2,1023
calibration__5780__denoise__confidence_boost__nes__l0.5,1021,46,6,158,6,228
calibration__5780__denoise__boundary_probe__nes__l0.5,1021,48,2,111,2,159
calibration__5780__denoise__counterfactual__nes__l0.5,1021,47,15,192,2,295
calibration__5780__deblur__attack__nes__l1,1021,48,18,406,5,546
calibration__5780__deblur__restore__nes__l1,1021,48,18,402,7,572
calibration__5780__deblur__random_walk__random_walk__l1,1024,49,2,1023,2,1023
calibration__5780__deblur__confidence_boost__nes__l1,1021,48,4,386,4,540
calibration__5780__deblur__boundary_probe__nes__l1,1021,48,5,582,5,739
calibration__5780__deblur__counterfactual__nes__l1,1021,49,13,363,7,534
calibration__1160__denoise__attack__nes__l0.5,1021,48,2,658,2,796
calibration__1160__denoise__restore__nes__l0.5,1021,47,4,470,4,600
calibration__1160__denoise__random_walk__random_walk__l0.5,1024,49,2,1023,2,1023
calibration__1160__denoise__confidence_boost__nes__l0.5,1021,48,2,615,2,749
calibration__1160__denoise__boundary_probe__nes__l0.5,1021,48,12,614,4,740
calibration__1160__denoise__counterfactual__nes__l0.5,1021,48,8,605,8,734
calibration__1160__deblur__attack__nes__l1,1021,47,18,124,18,176
calibration__1160__deblur__restore__nes__l1,1021,48,3,205,3,284
calibration__1160__deblur__random_walk__random_walk__l1,1024,50,2,1023,2,1023
calibration__1160__deblur__confidence_boost__nes__l1,1021,48,10,166,6,226
calibration__1160__deblur__boundary_probe__nes__l1,1021,48,18,179,18,260
calibration__1160__deblur__counterfactual__nes__l1,1021,48,13,169,2,254
calibration__9347__denoise__attack__nes__l0.5,1021,48,10,487,10,632
calibration__9347__denoise__restore__nes__l0.5,1021,49,3,458,3,598
calibration__9347__denoise__random_walk__random_walk__l0.5,1024,49,2,1023,2,1023
calibration__9347__denoise__confidence_boost__nes__l0.5,1021,48,4,282,4,404
calibration__9347__denoise__boundary_probe__nes__l0.5,1021,48,4,276,4,405
calibration__9347__denoise__counterfactual__nes__l0.5,1021,48,13,388,13,552
calibration__9347__deblur__attack__nes__l1,1021,49,18,97,18,133
calibration__9347__deblur__restore__nes__l1,1021,48,18,116,18,163
calibration__9347__deblur__random_walk__random_walk__l1,1024,50,2,1023,2,1023
calibration__9347__deblur__confidence_boost__nes__l1,1021,48,18,103,18,153
calibration__9347__deblur__boundary_probe__nes__l1,1021,47,18,176,18,242
calibration__9347__deblur__counterfactual__nes__l1,1021,48,18,82,18,105
calibration__7872__denoise__attack__nes__l0.5,1021,48,3,788,2,895
calibration__7872__denoise__restore__nes__l0.5,1021,48,2,568,2,718
calibration__7872__denoise__random_walk__random_walk__l0.5,1024,49,2,1023,2,1023
calibration__7872__denoise__confidence_boost__nes__l0.5,1021,48,5,668,3,791
calibration__7872__denoise__boundary_probe__nes__l0.5,1021,49,4,806,2,907
calibration__7872__denoise__counterfactual__nes__l0.5,1021,49,2,807,2,918
calibration__7872__deblur__attack__nes__l1,1021,48,7,545,7,685
calibration__7872__deblur__restore__nes__l1,1021,47,4,529,3,678
calibration__7872__deblur__random_walk__random_walk__l1,1024,49,2,1023,2,1023
calibration__7872__deblur__confidence_boost__nes__l1,1021,49,5,491,5,661
calibration__7872__deblur__boundary_probe__nes__l1,1021,48,9,492,9,666
calibration__7872__deblur__counterfactual__nes__l1,1021,47,2,480,2,634
evaluation__3__denoise__attack__nes__l0.5,1021,49,3,524,3,689
evaluation__3__denoise__restore__nes__l0.5,1021,48,3,702,3,830
evaluation__3__denoise__random_walk__random_walk__l0.5,1024,49,2,1023,2,1023
evaluation__3__denoise__confidence_boost__nes__l0.5,1021,48,6,607,6,769
evaluation__3__denoise__boundary_probe__nes__l0.5,1021,49,4,772,4,867
evaluation__3__denoise__counterfactual__nes__l0.5,1021,49,2,733,2,853
evaluation__3__deblur__attack__nes__l1,1021,49,2,538,2,670
evaluation__3__deblur__restore__nes__l1,1021,48,6,318,6,445
evaluation__3__deblur__random_walk__random_walk__l1,1024,49,2,1023,2,1023
evaluation__3__deblur__confidence_boost__nes__l1,1021,48,13,524,13,685
evaluation__3__deblur__boundary_probe__nes__l1,1021,47,6,379,6,530
evaluation__3__deblur__counterfactual__nes__l1,1021,48,9,421,5,544
evaluation__4104__denoise__attack__nes__l0.5,1021,47,18,222,18,327
evaluation__4104__denoise__restore__nes__l0.5,1021,48,18,231,18,338
evaluation__4104__denoise__random_walk__random_walk__l0.5,1024,50,2,1023,2,1023
evaluation__4104__denoise__confidence_boost__nes__l0.5,1021,46,7,88,7,123
evaluation__4104__denoise__boundary_probe__nes__l0.5,1021,47,18,299,18,405
evaluation__4104__denoise__counterfactual__nes__l0.5,1021,47,18,255,18,374
evaluation__4104__deblur__attack__nes__l1,1021,49,7,702,6,823
evaluation__4104__deblur__restore__nes__l1,1021,49,3,800,2,880
evaluation__4104__deblur__random_walk__random_walk__l1,1024,49,2,1023,2,1023
evaluation__4104__deblur__confidence_boost__nes__l1,1021,48,3,629,2,764
evaluation__4104__deblur__boundary_probe__nes__l1,1021,48,5,597,3,724
evaluation__4104__deblur__counterfactual__nes__l1,1021,49,4,520,2,661
evaluation__5860__denoise__attack__nes__l0.5,1021,49,5,412,5,548
evaluation__5860__denoise__restore__nes__l0.5,1021,49,4,516,4,643
evaluation__5860__denoise__random_walk__random_walk__l0.5,1024,49,2,1023,2,1023
evaluation__5860__denoise__confidence_boost__nes__l0.5,1021,48,7,444,4,576
evaluation__5860__denoise__boundary_probe__nes__l0.5,1021,49,5,260,3,381
evaluation__5860__denoise__counterfactual__nes__l0.5,1021,48,5,359,5,505
evaluation__5860__deblur__attack__nes__l1,1021,49,5,423,2,548
evaluation__5860__deblur__restore__nes__l1,1021,48,4,434,3,573
evaluation__5860__deblur__random_walk__random_walk__l1,1024,50,2,1023,2,1023
evaluation__5860__deblur__confidence_boost__nes__l1,1021,49,4,310,4,415
evaluation__5860__deblur__boundary_probe__nes__l1,1021,49,8,439,6,569
evaluation__5860__deblur__counterfactual__nes__l1,1021,49,7,336,3,470
evaluation__8876__denoise__attack__nes__l0.5,1021,49,4,374,4,487
evaluation__8876__denoise__restore__nes__l0.5,1021,49,2,786,2,852
evaluation__8876__denoise__random_walk__random_walk__l0.5,1024,50,2,1023,2,1023
evaluation__8876__denoise__confidence_boost__nes__l0.5,1021,49,2,631,2,764
evaluation__8876__denoise__boundary_probe__nes__l0.5,1021,48,7,696,3,812
evaluation__8876__denoise__counterfactual__nes__l0.5,1021,48,3,656,3,781
evaluation__8876__deblur__attack__nes__l1,1021,49,2,720,2,844
evaluation__8876__deblur__restore__nes__l1,1021,49,9,790,5,888
evaluation__8876__deblur__random_walk__random_walk__l1,1024,49,2,1023,2,1023
evaluation__8876__deblur__confidence_boost__nes__l1,1021,49,2,683,2,824
evaluation__8876__deblur__boundary_probe__nes__l1,1021,49,4,783,3,886
evaluation__8876__deblur__counterfactual__nes__l1,1021,50,3,689,3,808
evaluation__1716__denoise__attack__nes__l0.5,1021,49,3,545,3,688
evaluation__1716__denoise__restore__nes__l0.5,1021,49,5,789,2,879
evaluation__1716__denoise__random_walk__random_walk__l0.5,1024,49,2,1023,2,1023
evaluation__1716__denoise__confidence_boost__nes__l0.5,1021,49,5,822,5,916
evaluation__1716__denoise__boundary_probe__nes__l0.5,1021,49,2,608,2,734
evaluation__1716__denoise__counterfactual__nes__l0.5,1021,49,3,496,2,626
evaluation__1716__deblur__attack__nes__l1,1021,47,9,310,9,438
evaluation__1716__deblur__restore__nes__l1,1021,48,2,582,2,746
evaluation__1716__deblur__random_walk__random_walk__l1,1024,49,2,1023,2,1023
evaluation__1716__deblur__confidence_boost__nes__l1,1021,48,18,358,2,518
evaluation__1716__deblur__boundary_probe__nes__l1,1021,49,12,335,2,476
evaluation__1716__deblur__counterfactual__nes__l1,1021,48,13,488,13,627
evaluation__4237__denoise__attack__nes__l0.5,1021,47,10,305,10,416
evaluation__4237__denoise__restore__nes__l0.5,1021,47,18,209,4,317
evaluation__4237__denoise__random_walk__random_walk__l0.5,1024,49,2,1023,2,1023
evaluation__4237__denoise__confidence_boost__nes__l0.5,1021,47,18,123,3,175
evaluation__4237__denoise__boundary_probe__nes__l0.5,1021,49,4,171,4,254
evaluation__4237__denoise__counterfactual__nes__l0.5,1021,47,5,122,5,175
evaluation__4237__deblur__attack__nes__l1,1021,48,7,439,7,589
evaluation__4237__deblur__restore__nes__l1,1021,48,9,484,7,622
evaluation__4237__deblur__random_walk__random_walk__l1,1024,50,2,1023,2,1023
evaluation__4237__deblur__confidence_boost__nes__l1,1021,47,5,250,5,367
evaluation__4237__deblur__boundary_probe__nes__l1,1021,48,7,555,7,705
evaluation__4237__deblur__counterfactual__nes__l1,1021,49,2,328,2,459
evaluation__7943__denoise__attack__nes__l0.5,1021,48,14,194,5,294
evaluation__7943__denoise__restore__nes__l0.5,1021,47,18,136,11,211
evaluation__7943__denoise__random_walk__random_walk__l0.5,1024,50,2,1023,2,1023
evaluation__7943__denoise__confidence_boost__nes__l0.5,1021,48,18,216,18,322
evaluation__7943__denoise__boundary_probe__nes__l0.5,1021,46,18,151,16,246
evaluation__7943__denoise__counterfactual__nes__l0.5,1021,48,18,360,18,471
evaluation__7943__deblur__attack__nes__l1,1021,47,18,444,10,570
evaluation__7943__deblur__restore__nes__l1,1021,48,4,528,4,643
evaluation__7943__deblur__random_walk__random_walk__l1,1024,49,2,1023,2,1023
evaluation__7943__deblur__confidence_boost__nes__l1,1021,48,6,585,5,736
evaluation__7943__deblur__boundary_probe__nes__l1,1021,48,3,580,3,732
evaluation__7943__deblur__counterfactual__nes__l1,1021,48,4,545,4,678
evaluation__1852__denoise__attack__nes__l0.5,1021,49,3,555,3,712
evaluation__1852__denoise__restore__nes__l0.5,1021,48,2,465,2,604
evaluation__1852__denoise__random_walk__random_walk__l0.5,1024,50,2,1023,2,1023
evaluation__1852__denoise__confidence_boost__nes__l0.5,1021,48,2,579,2,727
evaluation__1852__denoise__boundary_probe__nes__l0.5,1021,49,5,666,5,790
evaluation__1852__denoise__counterfactual__nes__l0.5,1021,49,2,378,2,526
evaluation__1852__deblur__attack__nes__l1,1021,45,12,218,12,310
evaluation__1852__deblur__restore__nes__l1,1021,48,10,370,6,513
evaluation__1852__deblur__random_walk__random_walk__l1,1024,49,2,1023,2,1023
evaluation__1852__deblur__confidence_boost__nes__l1,1021,46,10,345,10,482
evaluation__1852__deblur__boundary_probe__nes__l1,1021,47,18,138,18,218
evaluation__1852__deblur__counterfactual__nes__l1,1021,50,3,508,3,633
evaluation__5599__denoise__attack__nes__l0.5,1021,48,10,448,4,610
evaluation__5599__denoise__restore__nes__l0.5,1021,47,2,515,2,650
evaluation__5599__denoise__random_walk__random_walk__l0.5,1024,49,2,1023,2,1023
evaluation__5599__denoise__confidence_boost__nes__l0.5,1021,48,2,494,2,639
evaluation__5599__denoise__boundary_probe__nes__l0.5,1021,48,8,632,8,751
evaluation__5599__denoise__counterfactual__nes__l0.5,1021,49,3,309,3,463
evaluation__5599__deblur__attack__nes__l1,1021,47,6,418,5,572
evaluation__5599__deblur__restore__nes__l1,1021,49,11,507,11,636
evaluation__5599__deblur__random_walk__random_walk__l1,1024,50,2,1023,2,1023
evaluation__5599__deblur__confidence_boost__nes__l1,1021,47,2,359,2,498
evaluation__5599__deblur__boundary_probe__nes__l1,1021,48,3,542,3,681
evaluation__5599__deblur__counterfactual__nes__l1,1021,49,2,433,2,587
evaluation__7858__denoise__attack__nes__l0.5,1021,48,10,570,6,724
evaluation__7858__denoise__restore__nes__l0.5,1021,49,2,451,2,601
evaluation__7858__denoise__random_walk__random_walk__l0.5,1024,49,2,1023,2,1023
evaluation__7858__denoise__confidence_boost__nes__l0.5,1021,48,2,550,2,703
evaluation__7858__denoise__boundary_probe__nes__l0.5,1021,48,4,544,4,700
evaluation__7858__denoise__counterfactual__nes__l0.5,1021,48,4,472,3,640
evaluation__7858__deblur__attack__nes__l1,1021,48,6,226,4,309
evaluation__7858__deblur__restore__nes__l1,1021,49,10,392,10,526
evaluation__7858__deblur__random_walk__random_walk__l1,1024,49,2,1023,2,1023
evaluation__7858__deblur__confidence_boost__nes__l1,1021,49,3,223,3,336
evaluation__7858__deblur__boundary_probe__nes__l1,1021,48,10,303,5,433
evaluation__7858__deblur__counterfactual__nes__l1,1021,48,10,316,10,442
evaluation__432__denoise__attack__nes__l0.5,1021,48,3,446,3,610
evaluation__432__denoise__restore__nes__l0.5,1021,48,4,405,2,542
evaluation__432__denoise__random_walk__random_walk__l0.5,1024,50,2,1023,2,1023
evaluation__432__denoise__confidence_boost__nes__l0.5,1021,48,18,468,2,630
evaluation__432__denoise__boundary_probe__nes__l0.5,1021,48,6,644,6,770
evaluation__432__denoise__counterfactual__nes__l0.5,1021,48,9,433,2,600
evaluation__432__deblur__attack__nes__l1,1021,49,3,507,3,641
evaluation__432__deblur__restore__nes__l1,1021,49,5,268,5,397
evaluation__432__deblur__random_walk__random_walk__l1,1024,50,2,1023,2,1023
evaluation__432__deblur__confidence_boost__nes__l1,1021,48,3,318,3,430
evaluation__432__deblur__boundary_probe__nes__l1,1021,47,5,461,5,621
evaluation__432__deblur__counterfactual__nes__l1,1021,50,2,592,2,707
evaluation__3864__denoise__attack__nes__l0.5,1021,48,2,353,2,483
evaluation__3864__denoise__restore__nes__l0.5,1021,49,2,475,2,619
evaluation__3864__denoise__random_walk__random_walk__l0.5,1024,49,2,1023,2,1023
evaluation__3864__denoise__confidence_boost__nes__l0.5,1021,48,9,573,4,712
evaluation__3864__denoise__boundary_probe__nes__l0.5,1021,48,3,372,3,504
evaluation__3864__denoise__counterfactual__nes__l0.5,1021,48,3,623,3,760
evaluation__3864__deblur__attack__nes__l1,1021,47,18,236,18,341
evaluation__3864__deblur__restore__nes__l1,1021,48,4,200,4,295
evaluation__3864__deblur__random_walk__random_walk__l1,1024,49,2,1023,2,1023
evaluation__3864__deblur__confidence_boost__nes__l1,1021,48,18,236,17,337
evaluation__3864__deblur__boundary_probe__nes__l1,1021,49,18,109,5,159
evaluation__3864__deblur__counterfactual__nes__l1,1021,48,18,125,10,182
evaluation__6525__denoise__attack__nes__l0.5,1021,49,18,472,12,612
evaluation__6525__denoise__restore__nes__l0.5,1021,48,8,397,3,543
evaluation__6525__denoise__random_walk__random_walk__l0.5,1024,50,2,1023,2,1023
evaluation__6525__denoise__confidence_boost__nes__l0.5,1021,48,2,413,2,541
evaluation__6525__denoise__boundary_probe__nes__l0.5,1021,46,4,569,4,719
evaluation__6525__denoise__counterfactual__nes__l0.5,1021,49,4,690,4,822
evaluation__6525__deblur__attack__nes__l1,1021,49,4,371,4,522
evaluation__6525__deblur__restore__nes__l1,1021,48,3,568,3,732
evaluation__6525__deblur__random_walk__random_walk__l1,1024,50,2,1023,2,1023
evaluation__6525__deblur__confidence_boost__nes__l1,1021,48,6,438,6,604
evaluation__6525__deblur__boundary_probe__nes__l1,1021,47,2,464,2,609
evaluation__6525__deblur__counterfactual__nes__l1,1021,48,7,565,5,719
evaluation__8736__denoise__attack__nes__l0.5,1021,48,4,374,4,493
evaluation__8736__denoise__restore__nes__l0.5,1021,49,17,579,2,745
evaluation__8736__denoise__random_walk__random_walk__l0.5,1024,50,2,1023,2,1023
evaluation__8736__denoise__confidence_boost__nes__l0.5,1021,48,4,427,4,608
evaluation__8736__denoise__boundary_probe__nes__l0.5,1021,50,2,521,2,662
evaluation__8736__denoise__counterfactual__nes__l0.5,1021,46,4,217,4,332
evaluation__8736__deblur__attack__nes__l1,1021,47,18,150,7,231
evaluation__8736__deblur__restore__nes__l1,1021,47,10,333,4,470
evaluation__8736__deblur__random_walk__random_walk__l1,1024,49,2,1023,2,1023
evaluation__8736__deblur__confidence_boost__nes__l1,1021,47,18,314,9,457
evaluation__8736__deblur__boundary_probe__nes__l1,1021,48,8,525,8,660
evaluation__8736__deblur__counterfactual__nes__l1,1021,49,4,305,4,430
evaluation__2501__denoise__attack__nes__l0.5,1021,49,3,465,2,626
evaluation__2501__denoise__restore__nes__l0.5,1021,49,2,642,2,766
evaluation__2501__denoise__random_walk__random_walk__l0.5,1024,49,2,1023,2,1023
evaluation__2501__denoise__confidence_boost__nes__l0.5,1021,48,6,618,6,751
evaluation__2501__denoise__boundary_probe__nes__l0.5,1021,48,3,540,3,660
evaluation__2501__denoise__counterfactual__nes__l0.5,1021,49,3,542,3,691
evaluation__2501__deblur__attack__nes__l1,1021,48,18,168,18,246
evaluation__2501__deblur__restore__nes__l1,1021,48,18,217,6,314
evaluation__2501__deblur__random_walk__random_walk__l1,1024,49,2,1023,2,1023
evaluation__2501__deblur__confidence_boost__nes__l1,1021,47,18,138,11,208
evaluation__2501__deblur__boundary_probe__nes__l1,1021,48,14,271,4,382
evaluation__2501__deblur__counterfactual__nes__l1,1021,47,8,235,3,324
evaluation__4957__denoise__attack__nes__l0.5,1021,48,13,332,9,457
evaluation__4957__denoise__restore__nes__l0.5,1021,49,18,167,16,262
evaluation__4957__denoise__random_walk__random_walk__l0.5,1024,49,2,1023,2,1023
evaluation__4957__denoise__confidence_boost__nes__l0.5,1021,48,6,216,6,328
evaluation__4957__denoise__boundary_probe__nes__l0.5,1021,48,18,157,18,226
evaluation__4957__denoise__counterfactual__nes__l0.5,1021,49,18,264,16,384
evaluation__4957__deblur__attack__nes__l1,1021,49,2,484,2,647
evaluation__4957__deblur__restore__nes__l1,1021,48,3,420,3,556
evaluation__4957__deblur__random_walk__random_walk__l1,1024,49,2,1023,2,1023
evaluation__4957__deblur__confidence_boost__nes__l1,1021,48,17,197,17,294
evaluation__4957__deblur__boundary_probe__nes__l1,1021,48,9,218,2,335
evaluation__4957__deblur__counterfactual__nes__l1,1021,47,17,340,15,474
evaluation__7801__denoise__attack__nes__l0.5,1021,48,3,458,3,599
evaluation__7801__denoise__restore__nes__l0.5,1021,48,12,512,12,652
evaluation__7801__denoise__random_walk__random_walk__l0.5,1024,49,2,1023,2,1023
evaluation__7801__denoise__confidence_boost__nes__l0.5,1021,47,2,555,2,688
evaluation__7801__denoise__boundary_probe__nes__l0.5,1021,49,15,417,15,529
evaluation__7801__denoise__counterfactual__nes__l0.5,1021,47,7,423,7,577
evaluation__7801__deblur__attack__nes__l1,1021,47,3,391,3,510
evaluation__7801__deblur__restore__nes__l1,1021,48,2,346,2,473
evaluation__7801__deblur__random_walk__random_walk__l1,1024,49,2,1023,2,1023
evaluation__7801__deblur__confidence_boost__nes__l1,1021,47,10,465,10,609
evaluation__7801__deblur__boundary_probe__nes__l1,1021,48,2,370,2,484
evaluation__7801__deblur__counterfactual__nes__l1,1021,48,6,434,6,556
evaluation__510__denoise__attack__nes__l0.5,1021,48,17,87,17,111
evaluation__510__denoise__restore__nes__l0.5,1021,48,18,76,18,95
evaluation__510__denoise__random_walk__random_walk__l0.5,1024,49,2,1023,2,1023
evaluation__510__denoise__confidence_boost__nes__l0.5,1021,47,18,72,18,94
evaluation__510__denoise__boundary_probe__nes__l0.5,1021,47,18,90,18,115
evaluation__510__denoise__counterfactual__nes__l0.5,1021,46,18,69,18,83
evaluation__510__deblur__attack__nes__l1,1021,49,5,430,5,580
evaluation__510__deblur__restore__nes__l1,1021,47,5,269,5,372
evaluation__510__deblur__random_walk__random_walk__l1,1024,50,2,1023,2,1023
evaluation__510__deblur__confidence_boost__nes__l1,1021,48,9,311,4,439
evaluation__510__deblur__boundary_probe__nes__l1,1021,49,8,461,5,611
evaluation__510__deblur__counterfactual__nes__l1,1021,48,2,375,2,502
evaluation__2969__denoise__attack__nes__l0.5,1021,47,16,174,16,258
evaluation__2969__denoise__restore__nes__l0.5,1021,48,4,375,4,525
evaluation__2969__denoise__random_walk__random_walk__l0.5,1024,49,2,1023,2,1023
evaluation__2969__denoise__confidence_boost__nes__l0.5,1021,47,6,229,6,367
evaluation__2969__denoise__boundary_probe__nes__l0.5,1021,47,18,116,11,171
evaluation__2969__denoise__counterfactual__nes__l0.5,1021,48,3,251,3,337
evaluation__2969__deblur__attack__nes__l1,1021,48,15,370,15,511
evaluation__2969__deblur__restore__nes__l1,1021,48,10,395,3,530
evaluation__2969__deblur__random_walk__random_walk__l1,1024,49,2,1023,2,1023
evaluation__2969__deblur__confidence_boost__nes__l1,1021,49,2,251,2,385
evaluation__2969__deblur__boundary_probe__nes__l1,1021,49,7,179,7,282
evaluation__2969__deblur__counterfactual__nes__l1,1021,50,7,238,5,353
evaluation__5044__denoise__attack__nes__l0.5,1021,48,2,540,2,695
evaluation__5044__denoise__restore__nes__l0.5,1021,49,3,495,3,651
evaluation__5044__denoise__random_walk__random_walk__l0.5,1024,49,2,1023,2,1023
evaluation__5044__denoise__confidence_boost__nes__l0.5,1021,48,2,394,2,531
evaluation__5044__denoise__boundary_probe__nes__l0.5,1021,49,6,558,4,704
evaluation__5044__denoise__counterfactual__nes__l0.5,1021,49,3,518,3,655
evaluation__5044__deblur__attack__nes__l1,1021,48,18,164,9,248
evaluation__5044__deblur__restore__nes__l1,1021,49,4,333,4,472
evaluation__5044__deblur__random_walk__random_walk__l1,1024,49,2,1023,2,1023
evaluation__5044__deblur__confidence_boost__nes__l1,1021,48,4,214,2,310
evaluation__5044__deblur__boundary_probe__nes__l1,1021,48,18,202,7,293
evaluation__5044__deblur__counterfactual__nes__l1,1021,48,18,199,18,318
evaluation__901__denoise__attack__nes__l0.5,1021,48,3,281,3,408
evaluation__901__denoise__restore__nes__l0.5,1021,49,13,320,9,454
evaluation__901__denoise__random_walk__random_walk__l0.5,1024,49,2,1023,2,1023
evaluation__901__denoise__confidence_boost__nes__l0.5,1021,47,2,317,2,462
evaluation__901__denoise__boundary_probe__nes__l0.5,1021,48,5,408,5,555
evaluation__901__denoise__counterfactual__nes__l0.5,1021,49,3,281,3,388
evaluation__901__deblur__attack__nes__l1,1021,48,8,387,8,535
evaluation__901__deblur__restore__nes__l1,1021,47,16,347,16,475
evaluation__901__deblur__random_walk__random_walk__l1,1024,50,2,1023,2,1023
evaluation__901__deblur__confidence_boost__nes__l1,1021,48,4,317,4,457
evaluation__901__deblur__boundary_probe__nes__l1,1021,48,3,248,3,351
evaluation__901__deblur__counterfactual__nes__l1,1021,49,14,245,14,376
evaluation__3455__denoise__attack__nes__l0.5,1021,47,7,205,7,301
evaluation__3455__denoise__restore__nes__l0.5,1021,48,18,347,2,493
evaluation__3455__denoise__random_walk__random_walk__l0.5,1024,49,2,1023,2,1023
evaluation__3455__denoise__confidence_boost__nes__l0.5,1021,48,5,358,5,506
evaluation__3455__denoise__boundary_probe__nes__l0.5,1021,47,3,280,3,439
evaluation__3455__denoise__counterfactual__nes__l0.5,1021,48,18,315,18,445
evaluation__3455__deblur__attack__nes__l1,1021,47,11,157,11,212
evaluation__3455__deblur__restore__nes__l1,1021,49,18,225,18,342
evaluation__3455__deblur__random_walk__random_walk__l1,1024,50,2,1023,2,1023
evaluation__3455__deblur__confidence_boost__nes__l1,1021,48,14,307,2,433
evaluation__3455__deblur__boundary_probe__nes__l1,1021,49,3,232,3,350
evaluation__3455__deblur__counterfactual__nes__l1,1021,49,18,262,9,370
evaluation__6809__denoise__attack__nes__l0.5,1021,50,7,468,7,600
evaluation__6809__denoise__restore__nes__l0.5,1021,48,10,664,10,794
evaluation__6809__denoise__random_walk__random_walk__l0.5,1024,50,2,1023,2,1023
evaluation__6809__denoise__confidence_boost__nes__l0.5,1021,48,3,483,2,629
evaluation__6809__denoise__boundary_probe__nes__l0.5,1021,49,3,620,3,757
evaluation__6809__denoise__counterfactual__nes__l0.5,1021,48,15,596,15,740
evaluation__6809__deblur__attack__nes__l1,1021,48,11,278,11,392
evaluation__6809__deblur__restore__nes__l1,1021,48,18,265,18,378
evaluation__6809__deblur__random_walk__random_walk__l1,1024,50,2,1023,2,1023
evaluation__6809__deblur__confidence_boost__nes__l1,1021,47,7,206,7,280
evaluation__6809__deblur__boundary_probe__nes__l1,1021,48,18,313,18,438
evaluation__6809__deblur__counterfactual__nes__l1,1021,49,2,269,2,372
evaluation__9314__denoise__attack__nes__l0.5,1021,48,18,206,14,309
evaluation__9314__denoise__restore__nes__l0.5,1021,47,18,159,18,235
evaluation__9314__denoise__random_walk__random_walk__l0.5,1024,49,2,1023,2,1023
evaluation__9314__denoise__confidence_boost__nes__l0.5,1021,48,18,237,18,347
evaluation__9314__denoise__boundary_probe__nes__l0.5,1021,49,16,377,16,481
evaluation__9314__denoise__counterfactual__nes__l0.5,1021,48,7,183,7,269
evaluation__9314__deblur__attack__nes__l1,1021,47,7,446,3,587
evaluation__9314__deblur__restore__nes__l1,1021,48,18,364,2,489
evaluation__9314__deblur__random_walk__random_walk__l1,1024,50,2,1023,2,1023
evaluation__9314__deblur__confidence_boost__nes__l1,1021,46,4,411,4,543
evaluation__9314__deblur__boundary_probe__nes__l1,1021,49,8,561,8,688
evaluation__9314__deblur__counterfactual__nes__l1,1021,48,6,228,6,349
evaluation__2131__denoise__attack__nes__l0.5,1021,48,3,587,3,703
evaluation__2131__denoise__restore__nes__l0.5,1021,48,2,344,2,467
evaluation__2131__denoise__random_walk__random_walk__l0.5,1024,49,2,1023,2,1023
evaluation__2131__denoise__confidence_boost__nes__l0.5,1021,48,5,392,5,541
evaluation__2131__denoise__boundary_probe__nes__l0.5,1021,49,3,267,3,381
evaluation__2131__denoise__counterfactual__nes__l0.5,1021,48,2,580,2,724
evaluation__2131__deblur__attack__nes__l1,1021,48,7,534,7,656
evaluation__2131__deblur__restore__nes__l1,1021,47,2,347,2,460
evaluation__2131__deblur__random_walk__random_walk__l1,1024,49,2,1023,2,1023
evaluation__2131__deblur__confidence_boost__nes__l1,1021,48,5,249,4,365
evaluation__2131__deblur__boundary_probe__nes__l1,1021,48,3,392,3,529
evaluation__2131__deblur__counterfactual__nes__l1,1021,48,7,250,7,358
evaluation__5768__denoise__attack__nes__l0.5,1021,48,3,224,3,321
evaluation__5768__denoise__restore__nes__l0.5,1021,48,6,366,4,473
evaluation__5768__denoise__random_walk__random_walk__l0.5,1024,50,2,1023,2,1023
evaluation__5768__denoise__confidence_boost__nes__l0.5,1021,47,14,275,14,393
evaluation__5768__denoise__boundary_probe__nes__l0.5,1021,47,18,244,15,368
evaluation__5768__denoise__counterfactual__nes__l0.5,1021,47,10,272,5,398
evaluation__5768__deblur__attack__nes__l1,1021,49,13,358,7,479
evaluation__5768__deblur__restore__nes__l1,1021,48,14,267,14,402
evaluation__5768__deblur__random_walk__random_walk__l1,1024,49,2,1023,2,1023
evaluation__5768__deblur__confidence_boost__nes__l1,1021,47,6,340,2,467
evaluation__5768__deblur__boundary_probe__nes__l1,1021,49,18,359,7,478
evaluation__5768__deblur__counterfactual__nes__l1,1021,48,8,465,3,604
evaluation__8560__denoise__attack__nes__l0.5,1021,49,4,398,3,561
evaluation__8560__denoise__restore__nes__l0.5,1021,49,2,652,2,787
evaluation__8560__denoise__random_walk__random_walk__l0.5,1024,50,2,1023,2,1023
evaluation__8560__denoise__confidence_boost__nes__l0.5,1021,49,3,570,3,707
evaluation__8560__denoise__boundary_probe__nes__l0.5,1021,49,2,720,2,827
evaluation__8560__denoise__counterfactual__nes__l0.5,1021,48,4,613,4,764
evaluation__8560__deblur__attack__nes__l1,1021,48,5,531,4,672
evaluation__8560__deblur__restore__nes__l1,1021,47,2,448,2,586
evaluation__8560__deblur__random_walk__random_walk__l1,1024,50,2,1023,2,1023
evaluation__8560__deblur__confidence_boost__nes__l1,1021,48,4,453,4,621
evaluation__8560__deblur__boundary_probe__nes__l1,1021,48,18,372,5,532
evaluation__8560__deblur__counterfactual__nes__l1,1021,49,9,428,3,561
evaluation__2374__denoise__attack__nes__l0.5,1021,47,13,456,13,611
evaluation__2374__denoise__restore__nes__l0.5,1021,47,3,206,3,298
evaluation__2374__denoise__random_walk__random_walk__l0.5,1024,49,2,1023,2,1023
evaluation__2374__denoise__confidence_boost__nes__l0.5,1021,47,4,375,4,548
evaluation__2374__denoise__boundary_probe__nes__l0.5,1021,48,17,346,6,483
evaluation__2374__denoise__counterfactual__nes__l0.5,1021,48,12,330,7,466
evaluation__2374__deblur__attack__nes__l1,1021,48,18,253,18,384
evaluation__2374__deblur__restore__nes__l1,1021,48,8,447,8,596
evaluation__2374__deblur__random_walk__random_walk__l1,1024,49,2,1023,2,1023
evaluation__2374__deblur__confidence_boost__nes__l1,1021,48,2,286,2,412
evaluation__2374__deblur__boundary_probe__nes__l1,1021,47,7,261,7,390
evaluation__2374__deblur__counterfactual__nes__l1,1021,49,13,300,2,411
evaluation__5020__denoise__attack__nes__l0.5,1021,49,4,465,4,623
evaluation__5020__denoise__restore__nes__l0.5,1021,49,2,571,2,695
evaluation__5020__denoise__random_walk__random_walk__l0.5,1024,49,2,1023,2,1023
evaluation__5020__denoise__confidence_boost__nes__l0.5,1021,49,2,584,2,719
evaluation__5020__denoise__boundary_probe__nes__l0.5,1021,49,2,596,2,726
evaluation__5020__denoise__counterfactual__nes__l0.5,1021,48,11,529,2,662
evaluation__5020__deblur__attack__nes__l1,1021,47,16,266,5,384
evaluation__5020__deblur__restore__nes__l1,1021,48,10,216,6,314
evaluation__5020__deblur__random_walk__random_walk__l1,1024,50,2,1023,2,1023
evaluation__5020__deblur__confidence_boost__nes__l1,1021,48,18,373,18,516
evaluation__5020__deblur__boundary_probe__nes__l1,1021,48,8,448,8,604
evaluation__5020__deblur__counterfactual__nes__l1,1021,48,4,236,4,340
evaluation__8287__denoise__attack__nes__l0.5,1021,48,3,348,3,467
evaluation__8287__denoise__restore__nes__l0.5,1021,48,12,499,3,642
evaluation__8287__denoise__random_walk__random_walk__l0.5,1024,49,2,1023,2,1023
evaluation__8287__denoise__confidence_boost__nes__l0.5,1021,48,11,375,9,498
evaluation__8287__denoise__boundary_probe__nes__l0.5,1021,48,4,398,4,549
evaluation__8287__denoise__counterfactual__nes__l0.5,1021,49,5,420,5,557
evaluation__8287__deblur__attack__nes__l1,1021,48,2,427,2,589
evaluation__8287__deblur__restore__nes__l1,1021,47,3,410,2,528
evaluation__8287__deblur__random_walk__random_walk__l1,1024,49,2,1023,2,1023
evaluation__8287__deblur__confidence_boost__nes__l1,1021,49,3,662,3,795
evaluation__8287__deblur__boundary_probe__nes__l1,1021,49,4,490,4,659
evaluation__8287__deblur__counterfactual__nes__l1,1021,47,5,502,5,650
evaluation__1844__denoise__attack__nes__l0.5,1021,47,8,233,6,341
evaluation__1844__denoise__restore__nes__l0.5,1021,48,2,266,2,366
evaluation__1844__denoise__random_walk__random_walk__l0.5,1024,49,2,1023,2,1023
evaluation__1844__denoise__confidence_boost__nes__l0.5,1021,48,2,151,2,242
evaluation__1844__denoise__boundary_probe__nes__l0.5,1021,48,4,249,4,378
evaluation__1844__denoise__counterfactual__nes__l0.5,1021,48,2,358,2,504
evaluation__1844__deblur__attack__nes__l1,1021,48,3,625,3,754
evaluation__1844__deblur__restore__nes__l1,1021,49,2,515,2,654
evaluation__1844__deblur__random_walk__random_walk__l1,1024,49,2,1023,2,1023
evaluation__1844__deblur__confidence_boost__nes__l1,1021,49,3,578,3,710
evaluation__1844__deblur__boundary_probe__nes__l1,1021,47,4,468,3,620
evaluation__1844__deblur__counterfactual__nes__l1,1021,49,4,708,4,837
evaluation__3638__denoise__attack__nes__l0.5,1021,48,2,528,2,667
evaluation__3638__denoise__restore__nes__l0.5,1021,48,8,388,5,539
evaluation__3638__denoise__random_walk__random_walk__l0.5,1024,49,2,1023,2,1023
evaluation__3638__denoise__confidence_boost__nes__l0.5,1021,47,18,538,6,660
evaluation__3638__denoise__boundary_probe__nes__l0.5,1021,47,16,323,14,447
evaluation__3638__denoise__counterfactual__nes__l0.5,1021,48,13,476,13,631
evaluation__3638__deblur__attack__nes__l1,1021,48,18,420,18,570
evaluation__3638__deblur__restore__nes__l1,1021,47,17,367,4,505
evaluation__3638__deblur__random_walk__random_walk__l1,1024,49,2,1023,2,1023
evaluation__3638__deblur__confidence_boost__nes__l1,1021,47,18,325,18,465
evaluation__3638__deblur__boundary_probe__nes__l1,1021,48,12,537,12,679
evaluation__3638__deblur__counterfactual__nes__l1,1021,48,9,351,9,496
evaluation__6974__denoise__attack__nes__l0.5,1021,48,18,308,10,434
evaluation__6974__denoise__restore__nes__l0.5,1021,47,12,273,10,390
evaluation__6974__denoise__random_walk__random_walk__l0.5,1024,49,2,1023,2,1023
evaluation__6974__denoise__confidence_boost__nes__l0.5,1021,48,18,319,18,430
evaluation__6974__denoise__boundary_probe__nes__l0.5,1021,47,6,228,6,350
evaluation__6974__denoise__counterfactual__nes__l0.5,1021,48,9,292,9,442
evaluation__6974__deblur__attack__nes__l1,1021,48,6,531,6,679
evaluation__6974__deblur__restore__nes__l1,1021,50,16,581,9,719
evaluation__6974__deblur__random_walk__random_walk__l1,1024,49,2,1023,2,1023
evaluation__6974__deblur__confidence_boost__nes__l1,1021,48,13,407,13,569
evaluation__6974__deblur__boundary_probe__nes__l1,1021,49,5,601,5,722
evaluation__6974__deblur__counterfactual__nes__l1,1021,48,9,583,3,718
evaluation__8763__denoise__attack__nes__l0.5,1021,48,4,792,4,892
evaluation__8763__denoise__restore__nes__l0.5,1021,48,5,491,4,642
evaluation__8763__denoise__random_walk__random_walk__l0.5,1024,49,2,1023,2,1023
evaluation__8763__denoise__confidence_boost__nes__l0.5,1021,48,2,502,2,656
evaluation__8763__denoise__boundary_probe__nes__l0.5,1021,48,8,658,8,789
evaluation__8763__denoise__counterfactual__nes__l0.5,1021,48,9,750,5,861
evaluation__8763__deblur__attack__nes__l1,1021,49,5,565,5,699
evaluation__8763__deblur__restore__nes__l1,1021,48,6,606,2,738
evaluation__8763__deblur__random_walk__random_walk__l1,1024,49,2,1023,2,1023
evaluation__8763__deblur__confidence_boost__nes__l1,1021,48,11,450,11,593
evaluation__8763__deblur__boundary_probe__nes__l1,1021,49,7,506,4,645
evaluation__8763__deblur__counterfactual__nes__l1,1021,48,8,662,3,783
fit__6494__denoise__attack__nes__l0.5,1021,48,5,162,5,265
fit__6494__denoise__restore__nes__l0.5,1021,49,6,317,6,440
fit__6494__denoise__random_walk__random_walk__l0.5,1024,50,2,1023,2,1023
fit__6494__denoise__confidence_boost__nes__l0.5,1021,48,18,386,18,538
fit__6494__denoise__boundary_probe__nes__l0.5,1021,47,8,306,8,457
fit__6494__denoise__counterfactual__nes__l0.5,1021,47,10,277,4,400
fit__6494__deblur__attack__nes__l1,1021,48,2,279,2,394
fit__6494__deblur__restore__nes__l1,1021,49,9,415,9,549
fit__6494__deblur__random_walk__random_walk__l1,1024,49,2,1023,2,1023
fit__6494__deblur__confidence_boost__nes__l1,1021,49,15,274,6,393
fit__6494__deblur__boundary_probe__nes__l1,1021,49,5,534,5,666
fit__6494__deblur__counterfactual__nes__l1,1021,48,16,290,10,412
fit__131__denoise__attack__nes__l0.5,1021,50,8,666,5,803
fit__131__denoise__restore__nes__l0.5,1021,47,2,563,2,688
fit__131__denoise__random_walk__random_walk__l0.5,1024,49,2,1023,2,1023
fit__131__denoise__confidence_boost__nes__l0.5,1021,49,3,721,3,837
fit__131__denoise__boundary_probe__nes__l0.5,1021,48,2,471,2,632
fit__131__denoise__counterfactual__nes__l0.5,1021,48,6,442,6,612
fit__131__deblur__attack__nes__l1,1021,49,16,325,4,461
fit__131__deblur__restore__nes__l1,1021,49,2,344,2,471
fit__131__deblur__random_walk__random_walk__l1,1024,49,2,1023,2,1023
fit__131__deblur__confidence_boost__nes__l1,1021,50,18,259,14,373
fit__131__deblur__boundary_probe__nes__l1,1021,48,6,249,6,356
fit__131__deblur__counterfactual__nes__l1,1021,47,10,312,10,451
fit__7243__denoise__attack__nes__l0.5,1021,48,4,631,2,749
fit__7243__denoise__restore__nes__l0.5,1021,48,9,552,3,691
fit__7243__denoise__random_walk__random_walk__l0.5,1024,49,2,1023,2,1023
fit__7243__denoise__confidence_boost__nes__l0.5,1021,47,6,391,3,523
fit__7243__denoise__boundary_probe__nes__l0.5,1021,50,5,412,5,531
fit__7243__denoise__counterfactual__nes__l0.5,1021,48,2,364,2,506
fit__7243__deblur__attack__nes__l1,1021,50,3,410,2,575
fit__7243__deblur__restore__nes__l1,1021,48,5,441,5,590
fit__7243__deblur__random_walk__random_walk__l1,1024,50,2,1023,2,1023
fit__7243__deblur__confidence_boost__nes__l1,1021,48,4,391,4,542
fit__7243__deblur__boundary_probe__nes__l1,1021,48,2,364,2,530
fit__7243__deblur__counterfactual__nes__l1,1021,48,3,297,3,423
fit__1240__denoise__attack__nes__l0.5,1021,49,8,635,2,751
fit__1240__denoise__restore__nes__l0.5,1021,49,3,714,3,828
fit__1240__denoise__random_walk__random_walk__l0.5,1024,49,2,1023,2,1023
fit__1240__denoise__confidence_boost__nes__l0.5,1021,48,8,456,3,604
fit__1240__denoise__boundary_probe__nes__l0.5,1021,48,4,527,4,694
fit__1240__denoise__counterfactual__nes__l0.5,1021,48,4,412,4,547
fit__1240__deblur__attack__nes__l1,1021,48,2,601,2,743
fit__1240__deblur__restore__nes__l1,1021,48,2,602,2,738
fit__1240__deblur__random_walk__random_walk__l1,1024,50,2,1023,2,1023
fit__1240__deblur__confidence_boost__nes__l1,1021,47,18,397,8,559
fit__1240__deblur__boundary_probe__nes__l1,1021,48,9,676,2,803
fit__1240__deblur__counterfactual__nes__l1,1021,47,4,751,3,880
fit__8768__denoise__attack__nes__l0.5,1021,48,3,768,3,859
fit__8768__denoise__restore__nes__l0.5,1021,49,2,802,2,907
fit__8768__denoise__random_walk__random_walk__l0.5,1024,50,2,1023,2,1023
fit__8768__denoise__confidence_boost__nes__l0.5,1021,49,2,852,2,931
fit__8768__denoise__boundary_probe__nes__l0.5,1021,48,5,848,2,947
fit__8768__denoise__counterfactual__nes__l0.5,1021,48,2,694,2,804
fit__8768__deblur__attack__nes__l1,1021,48,4,313,3,431
fit__8768__deblur__restore__nes__l1,1021,48,2,641,2,782
fit__8768__deblur__random_walk__random_walk__l1,1024,49,2,1023,2,1023
fit__8768__deblur__confidence_boost__nes__l1,1021,48,2,508,2,653
fit__8768__deblur__boundary_probe__nes__l1,1021,48,4,430,4,583
fit__8768__deblur__counterfactual__nes__l1,1021,48,9,517,3,663
fit__6135__denoise__attack__nes__l0.5,1021,50,18,347,8,474
fit__6135__denoise__restore__nes__l0.5,1021,47,15,450,11,592
fit__6135__denoise__random_walk__random_walk__l0.5,1024,49,2,1023,2,1023
fit__6135__denoise__confidence_boost__nes__l0.5,1021,47,2,263,2,413
fit__6135__denoise__boundary_probe__nes__l0.5,1021,48,13,324,13,474
fit__6135__denoise__counterfactual__nes__l0.5,1021,48,18,429,6,581
fit__6135__deblur__attack__nes__l1,1021,48,7,212,7,312
fit__6135__deblur__restore__nes__l1,1021,48,18,200,18,301
fit__6135__deblur__random_walk__random_walk__l1,1024,49,2,1023,2,1023
fit__6135__deblur__confidence_boost__nes__l1,1021,47,18,326,6,457
fit__6135__deblur__boundary_probe__nes__l1,1021,48,13,317,13,457
fit__6135__deblur__counterfactual__nes__l1,1021,49,18,239,5,363
fit__223__denoise__attack__nes__l0.5,1021,47,11,171,11,242
fit__223__denoise__restore__nes__l0.5,1021,47,18,114,18,164
fit__223__denoise__random_walk__random_walk__l0.5,1024,50,2,1023,2,1023
fit__223__denoise__confidence_boost__nes__l0.5,1021,47,18,159,12,227
fit__223__denoise__boundary_probe__nes__l0.5,1021,48,7,186,7,293
fit__223__denoise__counterfactual__nes__l0.5,1021,48,18,117,8,175
fit__223__deblur__attack__nes__l1,1021,49,7,397,7,533
fit__223__deblur__restore__nes__l1,1021,48,3,318,3,430
fit__223__deblur__random_walk__random_walk__l1,1024,49,2,1023,2,1023
fit__223__deblur__confidence_boost__nes__l1,1021,48,5,224,5,333
fit__223__deblur__boundary_probe__nes__l1,1021,48,6,439,6,561
fit__223__deblur__counterfactual__nes__l1,1021,48,18,309,15,429
fit__6695__denoise__attack__nes__l0.5,1021,48,6,475,2,612
fit__6695__denoise__restore__nes__l0.5,1021,48,3,432,3,569
fit__6695__denoise__random_walk__random_walk__l0.5,1024,50,2,1023,2,1023
fit__6695__denoise__confidence_boost__nes__l0.5,1021,49,6,609,2,741
fit__6695__denoise__boundary_probe__nes__l0.5,1021,49,2,729,2,830
fit__6695__denoise__counterfactual__nes__l0.5,1021,49,4,400,4,540
fit__6695__deblur__attack__nes__l1,1021,49,8,723,2,831
fit__6695__deblur__restore__nes__l1,1021,49,5,448,5,608
fit__6695__deblur__random_walk__random_walk__l1,1024,50,2,1023,2,1023
fit__6695__deblur__confidence_boost__nes__l1,1021,49,11,502,7,662
fit__6695__deblur__boundary_probe__nes__l1,1021,48,10,430,3,571
fit__6695__deblur__counterfactual__nes__l1,1021,48,4,519,3,661
fit__1193__denoise__attack__nes__l0.5,1021,49,8,522,3,677
fit__1193__denoise__restore__nes__l0.5,1021,48,8,369,8,514
fit__1193__denoise__random_walk__random_walk__l0.5,1024,49,2,1023,2,1023
fit__1193__denoise__confidence_boost__nes__l0.5,1021,48,7,356,7,502
fit__1193__denoise__boundary_probe__nes__l0.5,1021,49,2,686,2,797
fit__1193__denoise__counterfactual__nes__l0.5,1021,47,18,492,9,642
fit__1193__deblur__attack__nes__l1,1021,48,6,454,6,609
fit__1193__deblur__restore__nes__l1,1021,49,2,501,2,634
fit__1193__deblur__random_walk__random_walk__l1,1024,48,2,1023,2,1023
fit__1193__deblur__confidence_boost__nes__l1,1021,48,10,575,2,699
fit__1193__deblur__boundary_probe__nes__l1,1021,47,3,344,2,495
fit__1193__deblur__counterfactual__nes__l1,1021,47,18,515,12,662
fit__8399__denoise__attack__nes__l0.5,1021,49,5,567,5,702
fit__8399__denoise__restore__nes__l0.5,1021,48,13,664,2,788
fit__8399__denoise__random_walk__random_walk__l0.5,1024,50,2,1023,2,1023
fit__8399__denoise__confidence_boost__nes__l0.5,1021,48,10,456,3,608
fit__8399__denoise__boundary_probe__nes__l0.5,1021,47,4,386,4,527
fit__8399__denoise__counterfactual__nes__l0.5,1021,49,10,457,5,620
fit__8399__deblur__attack__nes__l1,1021,48,18,169,18,246
fit__8399__deblur__restore__nes__l1,1021,48,6,202,6,297
fit__8399__deblur__random_walk__random_walk__l1,1024,49,2,1023,2,1023
fit__8399__deblur__confidence_boost__nes__l1,1021,48,15,118,15,179
fit__8399__deblur__boundary_probe__nes__l1,1021,47,10,126,8,191
fit__8399__deblur__counterfactual__nes__l1,1021,48,3,235,3,327
fit__4265__denoise__attack__nes__l0.5,1021,49,9,543,9,670
fit__4265__denoise__restore__nes__l0.5,1021,48,15,607,3,738
fit__4265__denoise__random_walk__random_walk__l0.5,1024,50,2,1023,2,1023
fit__4265__denoise__confidence_boost__nes__l0.5,1021,48,3,407,3,578
fit__4265__denoise__boundary_probe__nes__l0.5,1021,48,7,540,7,706
fit__4265__denoise__counterfactual__nes__l0.5,1021,48,16,529,2,665
fit__4265__deblur__attack__nes__l1,1021,47,18,222,18,332
fit__4265__deblur__restore__nes__l1,1021,47,18,123,18,175
fit__4265__deblur__random_walk__random_walk__l1,1024,49,2,1023,2,1023
fit__4265__deblur__confidence_boost__nes__l1,1021,47,13,216,13,306
fit__4265__deblur__boundary_probe__nes__l1,1021,47,18,142,18,238
fit__4265__deblur__counterfactual__nes__l1,1021,48,18,195,18,284
fit__855__denoise__attack__nes__l0.5,1021,47,18,185,4,275
fit__855__denoise__restore__nes__l0.5,1021,47,17,206,5,300
fit__855__denoise__random_walk__random_walk__l0.5,1024,49,2,1023,2,1023
fit__855__denoise__confidence_boost__nes__l0.5,1021,48,18,202,7,293
fit__855__denoise__boundary_probe__nes__l0.5,1021,47,18,167,4,241
fit__855__denoise__counterfactual__nes__l0.5,1021,47,18,134,18,196
fit__855__deblur__attack__nes__l1,1021,47,3,552,3,704
fit__855__deblur__restore__nes__l1,1021,48,14,740,14,848
fit__855__deblur__random_walk__random_walk__l1,1024,49,2,1023,2,1023
fit__855__deblur__confidence_boost__nes__l1,1021,48,9,649,9,781
fit__855__deblur__boundary_probe__nes__l1,1021,48,12,541,12,701
fit__855__deblur__counterfactual__nes__l1,1021,47,2,467,2,646
fit__5301__denoise__attack__nes__l0.5,1021,48,3,485,3,634
fit__5301__denoise__restore__nes__l0.5,1021,49,3,540,2,680
fit__5301__denoise__random_walk__random_walk__l0.5,1024,49,2,1023,2,1023
fit__5301__denoise__confidence_boost__nes__l0.5,1021,47,10,255,4,375
fit__5301__denoise__boundary_probe__nes__l0.5,1021,48,2,308,2,450
fit__5301__denoise__counterfactual__nes__l0.5,1021,48,11,357,2,510
fit__5301__deblur__attack__nes__l1,1021,48,3,308,3,430
fit__5301__deblur__restore__nes__l1,1021,48,14,204,9,305
fit__5301__deblur__random_walk__random_walk__l1,1024,49,2,1023,2,1023
fit__5301__deblur__confidence_boost__nes__l1,1021,48,18,459,7,588
fit__5301__deblur__boundary_probe__nes__l1,1021,49,18,188,18,260
fit__5301__deblur__counterfactual__nes__l1,1021,48,18,273,8,397
fit__2014__denoise__attack__nes__l0.5,1021,47,2,124,2,178
fit__2014__denoise__restore__nes__l0.5,1021,48,4,187,4,275
fit__2014__denoise__random_walk__random_walk__l0.5,1024,49,2,1023,2,1023
fit__2014__denoise__confidence_boost__nes__l0.5,1021,47,8,142,8,190
fit__2014__denoise__boundary_probe__nes__l0.5,1021,49,18,201,5,289
fit__2014__denoise__counterfactual__nes__l0.5,1021,48,11,306,11,421
fit__2014__deblur__attack__nes__l1,1021,49,5,589,5,710
fit__2014__deblur__restore__nes__l1,1021,49,8,348,2,488
fit__2014__deblur__random_walk__random_walk__l1,1024,50,2,1023,2,1023
fit__2014__deblur__confidence_boost__nes__l1,1021,48,13,421,4,554
fit__2014__deblur__boundary_probe__nes__l1,1021,49,3,344,2,479
fit__2014__deblur__counterfactual__nes__l1,1021,48,3,412,3,534
fit__8418__denoise__attack__nes__l0.5,1021,47,5,412,5,565
fit__8418__denoise__restore__nes__l0.5,1021,48,3,488,2,632
fit__8418__denoise__random_walk__random_walk__l0.5,1024,50,2,1023,2,1023
fit__8418__denoise__confidence_boost__nes__l0.5,1021,49,6,438,6,584
fit__8418__denoise__boundary_probe__nes__l0.5,1021,49,7,403,7,534
fit__8418__denoise__counterfactual__nes__l0.5,1021,49,5,560,2,678
fit__8418__deblur__attack__nes__l1,1021,48,7,271,7,404
fit__8418__deblur__restore__nes__l1,1021,48,18,265,18,382
fit__8418__deblur__random_walk__random_walk__l1,1024,50,2,1023,2,1023
fit__8418__deblur__confidence_boost__nes__l1,1021,48,7,418,7,552
fit__8418__deblur__boundary_probe__nes__l1,1021,48,18,293,18,429
fit__8418__deblur__counterfactual__nes__l1,1021,47,7,313,7,444
fit__5596__denoise__attack__nes__l0.5,1021,48,2,434,2,566
fit__5596__denoise__restore__nes__l0.5,1021,47,4,432,4,591
fit__5596__denoise__random_walk__random_walk__l0.5,1024,49,2,1023,2,1023
fit__5596__denoise__confidence_boost__nes__l0.5,1021,48,12,421,7,560
fit__5596__denoise__boundary_probe__nes__l0.5,1021,48,3,522,3,654
fit__5596__denoise__counterfactual__nes__l0.5,1021,48,9,617,4,741
fit__5596__deblur__attack__nes__l1,1021,49,5,411,5,544
fit__5596__deblur__restore__nes__l1,1021,48,7,198,7,294
fit__5596__deblur__random_walk__random_walk__l1,1024,49,2,1023,2,1023
fit__5596__deblur__confidence_boost__nes__l1,1021,47,2,483,2,631
fit__5596__deblur__boundary_probe__nes__l1,1021,47,12,423,12,572
fit__5596__deblur__counterfactual__nes__l1,1021,48,12,264,6,400
calibration__4167__denoise__attack__nes__l0.5,1021,48,8,579,8,705
calibration__4167__denoise__restore__nes__l0.5,1021,49,14,422,7,577
calibration__4167__denoise__random_walk__random_walk__l0.5,1024,49,2,1023,2,1023
calibration__4167__denoise__confidence_boost__nes__l0.5,1021,49,2,409,2,522
calibration__4167__denoise__boundary_probe__nes__l0.5,1021,48,4,334,4,463
calibration__4167__denoise__counterfactual__nes__l0.5,1021,48,9,431,9,581
calibration__4167__deblur__attack__nes__l1,1021,49,4,739,4,824
calibration__4167__deblur__restore__nes__l1,1021,48,4,686,4,793
calibration__4167__deblur__random_walk__random_walk__l1,1024,49,2,1023,2,1023
calibration__4167__deblur__confidence_boost__nes__l1,1021,48,4,459,4,596
calibration__4167__deblur__boundary_probe__nes__l1,1021,48,6,473,2,624
calibration__4167__deblur__counterfactual__nes__l1,1021,48,4,602,2,741
calibration__114__denoise__attack__nes__l0.5,1021,49,18,211,3,314
calibration__114__denoise__restore__nes__l0.5,1021,48,3,209,3,295
calibration__114__denoise__random_walk__random_walk__l0.5,1024,50,2,1023,2,1023
calibration__114__denoise__confidence_boost__nes__l0.5,1021,49,9,191,3,271
calibration__114__denoise__boundary_probe__nes__l0.5,1021,47,2,305,2,406
calibration__114__denoise__counterfactual__nes__l0.5,1021,47,2,314,2,463
calibration__114__deblur__attack__nes__l1,1021,48,2,728,2,834
calibration__114__deblur__restore__nes__l1,1021,48,2,608,2,740
calibration__114__deblur__random_walk__random_walk__l1,1024,49,2,1023,2,1023
calibration__114__deblur__confidence_boost__nes__l1,1021,49,3,650,3,783
calibration__114__deblur__boundary_probe__nes__l1,1021,49,5,616,4,755
calibration__114__deblur__counterfactual__nes__l1,1021,48,2,770,2,877
calibration__8333__denoise__attack__nes__l0.5,1021,48,5,680,2,804
calibration__8333__denoise__restore__nes__l0.5,1021,48,3,655,3,802
calibration__8333__denoise__random_walk__random_walk__l0.5,1024,50,2,1023,2,1023
calibration__8333__denoise__confidence_boost__nes__l0.5,1021,48,4,608,4,730
calibration__8333__denoise__boundary_probe__nes__l0.5,1021,47,2,652,2,770
calibration__8333__denoise__counterfactual__nes__l0.5,1021,48,3,685,2,814
calibration__8333__deblur__attack__nes__l1,1021,49,5,649,5,792
calibration__8333__deblur__restore__nes__l1,1021,47,18,471,8,620
calibration__8333__deblur__random_walk__random_walk__l1,1024,50,2,1023,2,1023
calibration__8333__deblur__confidence_boost__nes__l1,1021,49,2,592,2,743
calibration__8333__deblur__boundary_probe__nes__l1,1021,48,3,577,2,733
calibration__8333__deblur__counterfactual__nes__l1,1021,48,6,502,2,659
calibration__2563__denoise__attack__nes__l0.5,1021,50,2,645,2,782
calibration__2563__denoise__restore__nes__l0.5,1021,47,4,411,4,572
calibration__2563__denoise__random_walk__random_walk__l0.5,1024,49,2,1023,2,1023
calibration__2563__denoise__confidence_boost__nes__l0.5,1021,49,4,437,4,587
calibration__2563__denoise__boundary_probe__nes__l0.5,1021,49,8,624,6,769
calibration__2563__denoise__counterfactual__nes__l0.5,1021,49,4,448,2,598
calibration__2563__deblur__attack__nes__l1,1021,49,18,205,18,284
calibration__2563__deblur__restore__nes__l1,1021,48,18,178,18,244
calibration__2563__deblur__random_walk__random_walk__l1,1024,49,2,1023,2,1023
calibration__2563__deblur__confidence_boost__nes__l1,1021,48,18,159,18,238
calibration__2563__deblur__boundary_probe__nes__l1,1021,48,18,185,18,256
calibration__2563__deblur__counterfactual__nes__l1,1021,49,18,190,18,275
calibration__9253__denoise__attack__nes__l0.5,1021,47,6,163,6,243
calibration__9253__denoise__restore__nes__l0.5,1021,47,3,178,3,262
calibration__9253__denoise__random_walk__random_walk__l0.5,1024,50,2,1023,2,1023
calibration__9253__denoise__confidence_boost__nes__l0.5,1021,48,18,352,18,486
calibration__9253__denoise__boundary_probe__nes__l0.5,1021,47,6,180,6,268
calibration__9253__denoise__counterfactual__nes__l0.5,1021,48,12,192,6,287
calibration__9253__deblur__attack__nes__l1,1021,48,2,300,2,426
calibration__9253__deblur__restore__nes__l1,1021,48,14,405,14,558
calibration__9253__deblur__random_walk__random_walk__l1,1024,50,2,1023,2,1023
calibration__9253__deblur__confidence_boost__nes__l1,1021,48,5,602,4,730
calibration__9253__deblur__boundary_probe__nes__l1,1021,49,8,440,3,590
calibration__9253__deblur__counterfactual__nes__l1,1021,48,2,626,2,762
calibration__7051__denoise__attack__nes__l0.5,1021,47,11,474,3,621
calibration__7051__denoise__restore__nes__l0.5,1021,48,10,624,5,762
calibration__7051__denoise__random_walk__random_walk__l0.5,1024,49,2,1023,2,1023
calibration__7051__denoise__confidence_boost__nes__l0.5,1021,49,3,422,3,574
calibration__7051__denoise__boundary_probe__nes__l0.5,1021,48,9,549,6,701
calibration__7051__denoise__counterfactual__nes__l0.5,1021,46,13,401,13,569
calibration__7051__deblur__attack__nes__l1,1021,49,5,508,5,623
calibration__7051__deblur__restore__nes__l1,1021,49,8,414,5,560
calibration__7051__deblur__random_walk__random_walk__l1,1024,49,2,1023,2,1023
calibration__7051__deblur__confidence_boost__nes__l1,1021,48,3,460,3,612
calibration__7051__deblur__boundary_probe__nes__l1,1021,50,6,417,4,574
calibration__7051__deblur__counterfactual__nes__l1,1021,49,17,509,6,651
calibration__1952__denoise__attack__nes__l0.5,1021,48,3,670,2,811
calibration__1952__denoise__restore__nes__l0.5,1021,49,5,847,5,931
calibration__1952__denoise__random_walk__random_walk__l0.5,1024,50,2,1023,2,1023
calibration__1952__denoise__confidence_boost__nes__l0.5,1021,49,6,783,6,908
calibration__1952__denoise__boundary_probe__nes__l0.5,1021,48,2,763,2,878
calibration__1952__denoise__counterfactual__nes__l0.5,1021,49,2,800,2,909
calibration__1952__deblur__attack__nes__l1,1021,49,3,477,3,610
calibration__1952__deblur__restore__nes__l1,1021,49,13,521,3,645
calibration__1952__deblur__random_walk__random_walk__l1,1024,49,2,1023,2,1023
calibration__1952__deblur__confidence_boost__nes__l1,1021,48,2,470,2,604
calibration__1952__deblur__boundary_probe__nes__l1,1021,48,4,325,2,475
calibration__1952__deblur__counterfactual__nes__l1,1021,49,5,593,2,745
calibration__6661__denoise__attack__nes__l0.5,1021,48,3,451,2,593
calibration__6661__denoise__restore__nes__l0.5,1021,48,11,423,11,561
calibration__6661__denoise__random_walk__random_walk__l0.5,1024,49,2,1023,2,1023
calibration__6661__denoise__confidence_boost__nes__l0.5,1021,48,13,263,7,384
calibration__6661__denoise__boundary_probe__nes__l0.5,1021,48,13,398,8,551
calibration__6661__denoise__counterfactual__nes__l0.5,1021,49,5,391,5,538
calibration__6661__deblur__attack__nes__l1,1021,48,7,191,2,291
calibration__6661__deblur__restore__nes__l1,1021,48,9,364,9,477
calibration__6661__deblur__random_walk__random_walk__l1,1024,49,2,1023,2,1023
calibration__6661__deblur__confidence_boost__nes__l1,1021,47,14,286,14,406
calibration__6661__deblur__boundary_probe__nes__l1,1021,48,18,328,3,478
calibration__6661__deblur__counterfactual__nes__l1,1021,49,13,381,11,524
calibration__4420__denoise__attack__nes__l0.5,1021,49,5,593,3,741
calibration__4420__denoise__restore__nes__l0.5,1021,48,2,512,2,660
calibration__4420__denoise__random_walk__random_walk__l0.5,1024,49,2,1023,2,1023
calibration__4420__denoise__confidence_boost__nes__l0.5,1021,49,2,660,2,786
calibration__4420__denoise__boundary_probe__nes__l0.5,1021,49,2,562,2,707
calibration__4420__denoise__counterfactual__nes__l0.5,1021,48,7,540,6,680
calibration__4420__deblur__attack__nes__l1,1021,49,2,861,2,932
calibration__4420__deblur__restore__nes__l1,1021,48,2,723,2,855
calibration__4420__deblur__random_walk__random_walk__l1,1024,50,2,1023,2,1023
calibration__4420__deblur__confidence_boost__nes__l1,1021,49,2,711,2,830
calibration__4420__deblur__boundary_probe__nes__l1,1021,49,2,860,2,950
calibration__4420__deblur__counterfactual__nes__l1,1021,49,2,832,2,920
calibration__9098__denoise__attack__nes__l0.5,1021,48,18,270,3,383
calibration__9098__denoise__restore__nes__l0.5,1021,48,18,233,18,347
calibration__9098__denoise__random_walk__random_walk__l0.5,1024,50,2,1023,2,1023
calibration__9098__denoise__confidence_boost__nes__l0.5,1021,47,18,303,18,436
calibration__9098__denoise__boundary_probe__nes__l0.5,1021,48,7,251,7,394
calibration__9098__denoise__counterfactual__nes__l0.5,1021,48,18,381,5,499
calibration__9098__deblur__attack__nes__l1,1021,48,2,336,2,472
calibration__9098__deblur__restore__nes__l1,1021,47,10,291,10,405
calibration__9098__deblur__random_walk__random_walk__l1,1024,49,2,1023,2,1023
calibration__9098__deblur__confidence_boost__nes__l1,1021,48,7,357,4,490
calibration__9098__deblur__boundary_probe__nes__l1,1021,48,4,325,4,446
calibration__9098__deblur__counterfactual__nes__l1,1021,50,11,483,4,636
calibration__5949__denoise__attack__nes__l0.5,1021,48,8,475,8,616
calibration__5949__denoise__restore__nes__l0.5,1021,47,2,520,2,685
calibration__5949__denoise__random_walk__random_walk__l0.5,1024,50,2,1023,2,1023
calibration__5949__denoise__confidence_boost__nes__l0.5,1021,48,3,424,3,557
calibration__5949__denoise__boundary_probe__nes__l0.5,1021,47,10,439,10,601
calibration__5949__denoise__counterfactual__nes__l0.5,1021,49,3,489,2,660
calibration__5949__deblur__attack__nes__l1,1021,49,5,191,5,280
calibration__5949__deblur__restore__nes__l1,1021,48,5,399,5,543
calibration__5949__deblur__random_walk__random_walk__l1,1024,49,2,1023,2,1023
calibration__5949__deblur__confidence_boost__nes__l1,1021,48,18,441,18,562
calibration__5949__deblur__boundary_probe__nes__l1,1021,48,18,246,18,366
calibration__5949__deblur__counterfactual__nes__l1,1021,47,18,316,2,434
calibration__435__denoise__attack__nes__l0.5,1021,49,8,514,3,655
calibration__435__denoise__restore__nes__l0.5,1021,49,17,316,3,465
calibration__435__denoise__random_walk__random_walk__l0.5,1024,49,2,1023,2,1023
calibration__435__denoise__confidence_boost__nes__l0.5,1021,48,7,237,4,361
calibration__435__denoise__boundary_probe__nes__l0.5,1021,48,17,333,2,478
calibration__435__denoise__counterfactual__nes__l0.5,1021,48,7,254,7,367
calibration__435__deblur__attack__nes__l1,1021,49,3,788,3,883
calibration__435__deblur__restore__nes__l1,1021,49,3,719,2,853
calibration__435__deblur__random_walk__random_walk__l1,1024,50,2,1023,2,1023
calibration__435__deblur__confidence_boost__nes__l1,1021,49,2,726,2,851
calibration__435__deblur__boundary_probe__nes__l1,1021,49,2,618,2,765
calibration__435__deblur__counterfactual__nes__l1,1021,48,4,512,2,644
calibration__6325__denoise__attack__nes__l0.5,1021,49,15,256,15,376
calibration__6325__denoise__restore__nes__l0.5,1021,48,15,139,15,192
calibration__6325__denoise__random_walk__random_walk__l0.5,1024,49,2,1023,2,1023
calibration__6325__denoise__confidence_boost__nes__l0.5,1021,48,18,213,18,307
calibration__6325__denoise__boundary_probe__nes__l0.5,1021,47,18,193,9,293
calibration__6325__denoise__counterfactual__nes__l0.5,1021,47,11,225,11,328
calibration__6325__deblur__attack__nes__l1,1021,47,7,513,7,664
calibration__6325__deblur__restore__nes__l1,1021,49,9,502,5,679
calibration__6325__deblur__random_walk__random_walk__l1,1024,49,2,1023,2,1023
calibration__6325__deblur__confidence_boost__nes__l1,1021,49,4,715,4,832
calibration__6325__deblur__boundary_probe__nes__l1,1021,47,14,507,8,665
calibration__6325__deblur__counterfactual__nes__l1,1021,48,3,530,3,689
calibration__1805__denoise__attack__nes__l0.5,1021,49,8,666,8,798
calibration__1805__denoise__restore__nes__l0.5,1021,49,2,661,2,798
calibration__1805__denoise__random_walk__random_walk__l0.5,1024,49,2,1023,2,1023
calibration__1805__denoise__confidence_boost__nes__l0.5,1021,49,5,595,3,723
calibration__1805__denoise__boundary_probe__nes__l0.5,1021,48,2,475,2,622
calibration__1805__denoise__counterfactual__nes__l0.5,1021,47,4,514,4,662
calibration__1805__deblur__attack__nes__l1,1021,48,4,309,4,445
calibration__1805__deblur__restore__nes__l1,1021,49,3,501,2,636
calibration__1805__deblur__random_walk__random_walk__l1,1024,49,2,1023,2,1023
calibration__1805__deblur__confidence_boost__nes__l1,1021,48,7,476,7,609
calibration__1805__deblur__boundary_probe__nes__l1,1021,48,2,420,2,580
calibration__1805__deblur__counterfactual__nes__l1,1021,48,7,448,4,584
calibration__9669__denoise__attack__nes__l0.5,1021,48,2,734,2,852
calibration__9669__denoise__restore__nes__l0.5,1021,48,4,715,2,852
calibration__9669__denoise__random_walk__random_walk__l0.5,1024,49,2,1023,2,1023
calibration__9669__denoise__confidence_boost__nes__l0.5,1021,48,2,786,2,897
calibration__9669__denoise__boundary_probe__nes__l0.5,1021,49,2,764,2,877
calibration__9669__denoise__counterfactual__nes__l0.5,1021,49,4,713,3,831
calibration__9669__deblur__attack__nes__l1,1021,48,18,177,18,252
calibration__9669__deblur__restore__nes__l1,1021,48,18,131,18,191
calibration__9669__deblur__random_walk__random_walk__l1,1024,49,2,1023,2,1023
calibration__9669__deblur__confidence_boost__nes__l1,1021,47,18,191,18,269
calibration__9669__deblur__boundary_probe__nes__l1,1021,48,18,269,18,356
calibration__9669__deblur__counterfactual__nes__l1,1021,47,16,144,16,200
calibration__8089__denoise__attack__nes__l0.5,1021,47,14,338,10,486
calibration__8089__denoise__restore__nes__l0.5,1021,48,15,297,14,408
calibration__8089__denoise__random_walk__random_walk__l0.5,1024,49,2,1023,2,1023
calibration__8089__denoise__confidence_boost__nes__l0.5,1021,48,3,370,3,510
calibration__8089__denoise__boundary_probe__nes__l0.5,1021,48,8,393,8,529
calibration__8089__denoise__counterfactual__nes__l0.5,1021,47,14,237,2,335
calibration__8089__deblur__attack__nes__l1,1021,49,18,333,9,461
calibration__8089__deblur__restore__nes__l1,1021,47,8,247,8,362
calibration__8089__deblur__random_walk__random_walk__l1,1024,49,2,1023,2,1023
calibration__8089__deblur__confidence_boost__nes__l1,1021,48,2,280,2,390
calibration__8089__deblur__boundary_probe__nes__l1,1021,47,11,379,4,522
calibration__8089__deblur__counterfactual__nes__l1,1021,48,6,282,6,399
evaluation__1796__denoise__attack__nes__l0.5,1021,48,2,584,2,713
evaluation__1796__denoise__restore__nes__l0.5,1021,48,3,458,2,583
evaluation__1796__denoise__random_walk__random_walk__l0.5,1024,50,2,1023,2,1023
evaluation__1796__denoise__confidence_boost__nes__l0.5,1021,47,2,386,2,509
evaluation__1796__denoise__boundary_probe__nes__l0.5,1021,48,3,548,3,674
evaluation__1796__denoise__counterfactual__nes__l0.5,1021,48,6,539,3,684
evaluation__1796__deblur__attack__nes__l1,1021,48,5,552,3,690
evaluation__1796__deblur__restore__nes__l1,1021,48,9,660,9,784
evaluation__1796__deblur__random_walk__random_walk__l1,1024,49,2,1023,2,1023
evaluation__1796__deblur__confidence_boost__nes__l1,1021,48,2,570,2,729
evaluation__1796__deblur__boundary_probe__nes__l1,1021,49,2,644,2,790
evaluation__1796__deblur__counterfactual__nes__l1,1021,49,2,740,2,864
evaluation__4180__denoise__attack__nes__l0.5,1021,48,7,229,4,316
evaluation__4180__denoise__restore__nes__l0.5,1021,47,10,207,10,324
evaluation__4180__denoise__random_walk__random_walk__l0.5,1024,50,2,1023,2,1023
evaluation__4180__denoise__confidence_boost__nes__l0.5,1021,47,18,234,18,359
evaluation__4180__denoise__boundary_probe__nes__l0.5,1021,47,10,188,10,264
evaluation__4180__denoise__counterfactual__nes__l0.5,1021,48,18,224,11,313
evaluation__4180__deblur__attack__nes__l1,1021,48,2,599,2,747
evaluation__4180__deblur__restore__nes__l1,1021,49,8,567,2,714
evaluation__4180__deblur__random_walk__random_walk__l1,1024,49,2,1023,2,1023
evaluation__4180__deblur__confidence_boost__nes__l1,1021,48,4,601,4,742
evaluation__4180__deblur__boundary_probe__nes__l1,1021,48,4,573,4,738
evaluation__4180__deblur__counterfactual__nes__l1,1021,48,7,581,6,716
evaluation__6351__denoise__attack__nes__l0.5,1021,49,3,751,3,873
evaluation__6351__denoise__restore__nes__l0.5,1021,48,3,894,3,965
evaluation__6351__denoise__random_walk__random_walk__l0.5,1024,49,2,1023,2,1023
evaluation__6351__denoise__confidence_boost__nes__l0.5,1021,49,2,892,2,944
evaluation__6351__denoise__boundary_probe__nes__l0.5,1021,48,2,804,2,904
evaluation__6351__denoise__counterfactual__nes__l0.5,1021,49,6,748,6,882
evaluation__6351__deblur__attack__nes__l1,1021,49,18,102,18,147
evaluation__6351__deblur__restore__nes__l1,1021,47,18,115,18,154
evaluation__6351__deblur__random_walk__random_walk__l1,1024,49,2,1023,2,1023
evaluation__6351__deblur__confidence_boost__nes__l1,1021,48,18,81,18,99
evaluation__6351__deblur__boundary_probe__nes__l1,1021,47,18,102,18,140
evaluation__6351__deblur__counterfactual__nes__l1,1021,48,18,161,18,217
evaluation__9747__denoise__attack__nes__l0.5,1021,49,2,813,2,900
evaluation__9747__denoise__restore__nes__l0.5,1021,49,2,814,2,909
evaluation__9747__denoise__random_walk__random_walk__l0.5,1024,50,2,1023,2,1023
evaluation__9747__denoise__confidence_boost__nes__l0.5,1021,49,4,894,4,965
evaluation__9747__denoise__boundary_probe__nes__l0.5,1021,48,2,920,2,980
evaluation__9747__denoise__counterfactual__nes__l0.5,1021,49,3,876,3,958
evaluation__9747__deblur__attack__nes__l1,1021,48,18,312,10,439
evaluation__9747__deblur__restore__nes__l1,1021,48,7,328,3,434
evaluation__9747__deblur__random_walk__random_walk__l1,1024,49,2,1023,2,1023
evaluation__9747__deblur__confidence_boost__nes__l1,1021,48,9,200,2,279
evaluation__9747__deblur__boundary_probe__nes__l1,1021,46,8,163,8,247
evaluation__9747__deblur__counterfactual__nes__l1,1021,48,15,318,15,443
evaluation__2086__denoise__attack__nes__l0.5,1021,48,4,874,3,951
evaluation__2086__denoise__restore__nes__l0.5,1021,49,2,897,2,966
evaluation__2086__denoise__random_walk__random_walk__l0.5,1024,49,2,1023,2,1023
evaluation__2086__denoise__confidence_boost__nes__l0.5,1021,50,4,722,2,855
evaluation__2086__denoise__boundary_probe__nes__l0.5,1021,49,3,716,3,827
evaluation__2086__denoise__counterfactual__nes__l0.5,1021,48,3,696,2,828
evaluation__2086__deblur__attack__nes__l1,1021,47,4,591,3,746
evaluation__2086__deblur__restore__nes__l1,1021,49,2,521,2,695
evaluation__2086__deblur__random_walk__random_walk__l1,1024,50,2,1023,2,1023
evaluation__2086__deblur__confidence_boost__nes__l1,1021,48,3,621,3,729
evaluation__2086__deblur__boundary_probe__nes__l1,1021,49,3,591,2,728
evaluation__2086__deblur__counterfactual__nes__l1,1021,49,4,510,4,641
evaluation__4549__denoise__attack__nes__l0.5,1021,48,18,551,4,694
evaluation__4549__denoise__restore__nes__l0.5,1021,49,2,524,2,668
evaluation__4549__denoise__random_walk__random_walk__l0.5,1024,49,2,1023,2,1023
evaluation__4549__denoise__confidence_boost__nes__l0.5,1021,48,3,349,3,499
evaluation__4549__denoise__boundary_probe__nes__l0.5,1021,48,2,539,2,690
evaluation__4549__denoise__counterfactual__nes__l0.5,1021,49,3,580,3,716
evaluation__4549__deblur__attack__nes__l1,1021,47,13,473,3,623
evaluation__4549__deblur__restore__nes__l1,1021,48,6,315,6,465
evaluation__4549__deblur__random_walk__random_walk__l1,1024,49,2,1023,2,1023
evaluation__4549__deblur__confidence_boost__nes__l1,1021,48,4,404,4,518
evaluation__4549__deblur__boundary_probe__nes__l1,1021,48,8,587,8,744
evaluation__4549__deblur__counterfactual__nes__l1,1021,49,4,421,4,567
evaluation__8021__denoise__attack__nes__l0.5,1021,48,2,323,2,466
evaluation__8021__denoise__restore__nes__l0.5,1021,49,7,361,7,496
evaluation__8021__denoise__random_walk__random_walk__l0.5,1024,49,2,1023,2,1023
evaluation__8021__denoise__confidence_boost__nes__l0.5,1021,49,2,294,2,413
evaluation__8021__denoise__boundary_probe__nes__l0.5,1021,49,8,407,5,540
evaluation__8021__denoise__counterfactual__nes__l0.5,1021,48,2,257,2,341
evaluation__8021__deblur__attack__nes__l1,1021,49,14,423,3,574
evaluation__8021__deblur__restore__nes__l1,1021,48,11,394,2,513
evaluation__8021__deblur__random_walk__random_walk__l1,1024,49,2,1023,2,1023
evaluation__8021__deblur__confidence_boost__nes__l1,1021,47,18,191,18,277
evaluation__8021__deblur__boundary_probe__nes__l1,1021,48,10,420,10,578
evaluation__8021__deblur__counterfactual__nes__l1,1021,46,7,199,7,325
evaluation__2544__denoise__attack__nes__l0.5,1021,47,18,259,2,372
evaluation__2544__denoise__restore__nes__l0.5,1021,48,18,105,18,153
evaluation__2544__denoise__random_walk__random_walk__l0.5,1024,49,2,1023,2,1023
evaluation__2544__denoise__confidence_boost__nes__l0.5,1021,49,18,118,18,175
evaluation__2544__denoise__boundary_probe__nes__l0.5,1021,49,2,156,2,228
evaluation__2544__denoise__counterfactual__nes__l0.5,1021,48,18,133,13,190
evaluation__2544__deblur__attack__nes__l1,1021,49,18,389,18,530
evaluation__2544__deblur__restore__nes__l1,1021,48,5,323,4,446
evaluation__2544__deblur__random_walk__random_walk__l1,1024,50,2,1023,2,1023
evaluation__2544__deblur__confidence_boost__nes__l1,1021,49,5,616,5,746
evaluation__2544__deblur__boundary_probe__nes__l1,1021,47,9,176,9,276
evaluation__2544__deblur__counterfactual__nes__l1,1021,48,5,312,5,433
evaluation__6096__denoise__attack__nes__l0.5,1021,48,2,580,2,721
evaluation__6096__denoise__restore__nes__l0.5,1021,48,3,640,3,797
evaluation__6096__denoise__random_walk__random_walk__l0.5,1024,50,2,1023,2,1023
evaluation__6096__denoise__confidence_boost__nes__l0.5,1021,48,4,532,2,683
evaluation__6096__denoise__boundary_probe__nes__l0.5,1021,49,3,642,3,794
evaluation__6096__denoise__counterfactual__nes__l0.5,1021,48,3,644,3,781
evaluation__6096__deblur__attack__nes__l1,1021,49,4,359,3,492
evaluation__6096__deblur__restore__nes__l1,1021,48,4,303,4,425
evaluation__6096__deblur__random_walk__random_walk__l1,1024,50,2,1023,2,1023
evaluation__6096__deblur__confidence_boost__nes__l1,1021,47,6,400,5,541
evaluation__6096__deblur__boundary_probe__nes__l1,1021,48,2,409,2,532
evaluation__6096__deblur__counterfactual__nes__l1,1021,48,7,219,3,330
evaluation__8454__denoise__attack__nes__l0.5,1021,48,8,322,8,456
evaluation__8454__denoise__restore__nes__l0.5,1021,47,4,266,4,375
evaluation__8454__denoise__random_walk__random_walk__l0.5,1024,49,2,1023,2,1023
evaluation__8454__denoise__confidence_boost__nes__l0.5,1021,49,14,488,14,619
evaluation__8454__denoise__boundary_probe__nes__l0.5,1021,47,18,289,5,426
evaluation__8454__denoise__counterfactual__nes__l0.5,1021,48,6,428,5,564
evaluation__8454__deblur__attack__nes__l1,1021,48,4,366,4,496
evaluation__8454__deblur__restore__nes__l1,1021,49,5,363,3,492
evaluation__8454__deblur__random_walk__random_walk__l1,1024,49,2,1023,2,1023
evaluation__8454__deblur__confidence_boost__nes__l1,1021,47,16,303,16,412
evaluation__8454__deblur__boundary_probe__nes__l1,1021,49,7,402,4,549
evaluation__8454__deblur__counterfactual__nes__l1,1021,47,2,285,2,388
evaluation__786__denoise__attack__nes__l0.5,1021,48,5,301,4,441
evaluation__786__denoise__restore__nes__l0.5,1021,48,17,244,13,377
evaluation__786__denoise__random_walk__random_walk__l0.5,1024,49,2,1023,2,1023
evaluation__786__denoise__confidence_boost__nes__l0.5,1021,48,18,339,6,500
evaluation__786__denoise__boundary_probe__nes__l0.5,1021,47,2,248,2,366
evaluation__786__denoise__counterfactual__nes__l0.5,1021,47,4,434,4,595
evaluation__786__deblur__attack__nes__l1,1021,48,5,496,5,632
evaluation__786__deblur__restore__nes__l1,1021,48,2,414,2,549
evaluation__786__deblur__random_walk__random_walk__l1,1024,49,2,1023,2,1023
evaluation__786__deblur__confidence_boost__nes__l1,1021,48,10,376,7,520
evaluation__786__deblur__boundary_probe__nes__l1,1021,49,10,413,10,560
evaluation__786__deblur__counterfactual__nes__l1,1021,47,7,415,5,558
evaluation__4306__denoise__attack__nes__l0.5,1021,47,7,178,7,265
evaluation__4306__denoise__restore__nes__l0.5,1021,48,18,303,5,438
evaluation__4306__denoise__random_walk__random_walk__l0.5,1024,49,2,1023,2,1023
evaluation__4306__denoise__confidence_boost__nes__l0.5,1021,48,18,298,9,430
evaluation__4306__denoise__boundary_probe__nes__l0.5,1021,48,18,354,4,485
evaluation__4306__denoise__counterfactual__nes__l0.5,1021,48,4,507,4,641
evaluation__4306__deblur__attack__nes__l1,1021,48,8,681,8,812
evaluation__4306__deblur__restore__nes__l1,1021,48,5,566,5,707
evaluation__4306__deblur__random_walk__random_walk__l1,1024,50,2,1023,2,1023
evaluation__4306__deblur__confidence_boost__nes__l1,1021,49,2,721,2,832
evaluation__4306__deblur__boundary_probe__nes__l1,1021,49,4,620,4,761
evaluation__4306__deblur__counterfactual__nes__l1,1021,49,4,440,4,579
evaluation__6709__denoise__attack__nes__l0.5,1021,48,2,367,2,506
evaluation__6709__denoise__restore__nes__l0.5,1021,48,12,317,12,450
evaluation__6709__denoise__random_walk__random_walk__l0.5,1024,49,2,1023,2,1023
evaluation__6709__denoise__confidence_boost__nes__l0.5,1021,48,6,349,2,493
evaluation__6709__denoise__boundary_probe__nes__l0.5,1021,48,4,271,4,399
evaluation__6709__denoise__counterfactual__nes__l0.5,1021,48,5,313,4,440
evaluation__6709__deblur__attack__nes__l1,1021,48,18,331,9,467
evaluation__6709__deblur__restore__nes__l1,1021,48,5,297,3,439
evaluation__6709__deblur__random_walk__random_walk__l1,1024,49,2,1023,2,1023
evaluation__6709__deblur__confidence_boost__nes__l1,1021,48,6,210,6,306
evaluation__6709__deblur__boundary_probe__nes__l1,1021,49,4,340,4,468
evaluation__6709__deblur__counterfactual__nes__l1,1021,48,18,276,18,426
evaluation__8930__denoise__attack__nes__l0.5,1021,48,4,265,4,373
evaluation__8930__denoise__restore__nes__l0.5,1021,48,3,290,3,417
evaluation__8930__denoise__random_walk__random_walk__l0.5,1024,48,2,1023,2,1023
evaluation__8930__denoise__confidence_boost__nes__l0.5,1021,47,18,350,11,453
evaluation__8930__denoise__boundary_probe__nes__l0.5,1021,47,2,185,2,268
evaluation__8930__denoise__counterfactual__nes__l0.5,1021,48,2,224,2,315
evaluation__8930__deblur__attack__nes__l1,1021,49,3,779,3,871
evaluation__8930__deblur__restore__nes__l1,1021,49,6,536,6,680
evaluation__8930__deblur__random_walk__random_walk__l1,1024,50,2,1023,2,1023
evaluation__8930__deblur__confidence_boost__nes__l1,1021,49,3,743,3,852
evaluation__8930__deblur__boundary_probe__nes__l1,1021,48,7,437,7,625
evaluation__8930__deblur__counterfactual__nes__l1,1021,48,2,569,2,721
evaluation__4262__denoise__attack__nes__l0.5,1021,49,13,702,9,808
evaluation__4262__denoise__restore__nes__l0.5,1021,48,5,422,2,538
evaluation__4262__denoise__random_walk__random_walk__l0.5,1024,50,2,1023,2,1023
evaluation__4262__denoise__confidence_boost__nes__l0.5,1021,48,2,510,2,658
evaluation__4262__denoise__boundary_probe__nes__l0.5,1021,46,7,479,3,641
evaluation__4262__denoise__counterfactual__nes__l0.5,1021,48,7,472,4,614
evaluation__4262__deblur__attack__nes__l1,1021,48,18,308,18,449
evaluation__4262__deblur__restore__nes__l1,1021,47,14,186,14,285
evaluation__4262__deblur__random_walk__random_walk__l1,1024,50,2,1023,2,1023
evaluation__4262__deblur__confidence_boost__nes__l1,1021,47,8,299,8,450
evaluation__4262__deblur__boundary_probe__nes__l1,1021,49,15,388,8,522
evaluation__4262__deblur__counterfactual__nes__l1,1021,47,4,322,2,461
evaluation__5379__denoise__attack__nes__l0.5,1021,48,4,262,4,393
evaluation__5379__denoise__restore__nes__l0.5,1021,50,18,216,18,327
evaluation__5379__denoise__random_walk__random_walk__l0.5,1024,49,2,1023,2,1023
evaluation__5379__denoise__confidence_boost__nes__l0.5,1021,49,8,244,8,337
evaluation__5379__denoise__boundary_probe__nes__l0.5,1021,48,7,452,7,605
evaluation__5379__denoise__counterfactual__nes__l0.5,1021,48,3,288,3,418
evaluation__5379__deblur__attack__nes__l1,1021,48,2,711,2,854
evaluation__5379__deblur__restore__nes__l1,1021,49,3,900,3,955
evaluation__5379__deblur__random_walk__random_walk__l1,1024,49,2,1023,2,1023
evaluation__5379__deblur__confidence_boost__nes__l1,1021,49,4,813,2,897
evaluation__5379__deblur__boundary_probe__nes__l1,1021,48,3,802,3,904
evaluation__5379__deblur__counterfactual__nes__l1,1021,50,4,890,4,962
evaluation__8487__denoise__attack__nes__l0.5,1021,48,15,617,4,747
evaluation__8487__denoise__restore__nes__l0.5,1021,48,5,475,5,614
evaluation__8487__denoise__random_walk__random_walk__l0.5,1024,50,2,1023,2,1023
evaluation__8487__denoise__confidence_boost__nes__l0.5,1021,48,4,519,2,640
evaluation__8487__denoise__boundary_probe__nes__l0.5,1021,49,2,431,2,586
evaluation__8487__denoise__counterfactual__nes__l0.5,1021,48,12,574,12,693
evaluation__8487__deblur__attack__nes__l1,1021,48,7,296,7,402
evaluation__8487__deblur__restore__nes__l1,1021,47,11,365,2,496
evaluation__8487__deblur__random_walk__random_walk__l1,1024,49,2,1023,2,1023
evaluation__8487__deblur__confidence_boost__nes__l1,1021,48,2,328,2,447
evaluation__8487__deblur__boundary_probe__nes__l1,1021,48,10,305,10,426
evaluation__8487__deblur__counterfactual__nes__l1,1021,48,3,267,3,375
evaluation__514__denoise__attack__nes__l0.5,1021,48,18,200,18,303
evaluation__514__denoise__restore__nes__l0.5,1021,48,15,274,15,417
evaluation__514__denoise__random_walk__random_walk__l0.5,1024,50,2,1023,2,1023
evaluation__514__denoise__confidence_boost__nes__l0.5,1021,46,13,268,3,422
evaluation__514__denoise__boundary_probe__nes__l0.5,1021,48,18,245,13,363
evaluation__514__denoise__counterfactual__nes__l0.5,1021,49,9,456,9,624
evaluation__514__deblur__attack__nes__l1,1021,49,15,414,5,536
evaluation__514__deblur__restore__nes__l1,1021,49,6,514,6,647
evaluation__514__deblur__random_walk__random_walk__l1,1024,50,2,1023,2,1023
evaluation__514__deblur__confidence_boost__nes__l1,1021,49,2,248,2,373
evaluation__514__deblur__boundary_probe__nes__l1,1021,48,7,397,3,521
evaluation__514__deblur__counterfactual__nes__l1,1021,48,8,280,6,398
evaluation__4061__denoise__attack__nes__l0.5,1021,48,18,571,18,729
evaluation__4061__denoise__restore__nes__l0.5,1021,48,18,340,18,467
evaluation__4061__denoise__random_walk__random_walk__l0.5,1024,49,2,1023,2,1023
evaluation__4061__denoise__confidence_boost__nes__l0.5,1021,48,6,482,6,642
evaluation__4061__denoise__boundary_probe__nes__l0.5,1021,48,18,420,8,580
evaluation__4061__denoise__counterfactual__nes__l0.5,1021,49,14,353,2,473
evaluation__4061__deblur__attack__nes__l1,1021,49,11,596,9,722
evaluation__4061__deblur__restore__nes__l1,1021,49,7,291,7,392
evaluation__4061__deblur__random_walk__random_walk__l1,1024,49,2,1023,2,1023
evaluation__4061__deblur__confidence_boost__nes__l1,1021,50,9,601,5,727
evaluation__4061__deblur__boundary_probe__nes__l1,1021,49,4,474,4,625
evaluation__4061__deblur__counterfactual__nes__l1,1021,49,2,464,2,606
evaluation__5550__denoise__attack__nes__l0.5,1021,49,2,560,2,723
evaluation__5550__denoise__restore__nes__l0.5,1021,48,6,571,6,730
evaluation__5550__denoise__random_walk__random_walk__l0.5,1024,50,2,1023,2,1023
evaluation__5550__denoise__confidence_boost__nes__l0.5,1021,49,4,621,4,769
evaluation__5550__denoise__boundary_probe__nes__l0.5,1021,49,2,509,2,664
evaluation__5550__denoise__counterfactual__nes__l0.5,1021,48,9,491,6,641
evaluation__5550__deblur__attack__nes__l1,1021,49,7,362,7,486
evaluation__5550__deblur__restore__nes__l1,1021,48,2,386,2,541
evaluation__5550__deblur__random_walk__random_walk__l1,1024,49,2,1023,2,1023
evaluation__5550__deblur__confidence_boost__nes__l1,1021,48,4,263,4,385
evaluation__5550__deblur__boundary_probe__nes__l1,1021,48,8,240,7,365
evaluation__5550__deblur__counterfactual__nes__l1,1021,48,9,437,2,589
evaluation__1578__denoise__attack__nes__l0.5,1021,48,5,376,5,512
evaluation__1578__denoise__restore__nes__l0.5,1021,48,2,405,2,555
evaluation__1578__denoise__random_walk__random_walk__l0.5,1024,49,2,1023,2,1023
evaluation__1578__denoise__confidence_boost__nes__l0.5,1021,49,4,213,4,313
evaluation__1578__denoise__boundary_probe__nes__l0.5,1021,49,7,390,3,508
evaluation__1578__denoise__counterfactual__nes__l0.5,1021,48,18,286,2,440
evaluation__1578__deblur__attack__nes__l1,1021,47,18,207,18,306
evaluation__1578__deblur__restore__nes__l1,1021,47,18,150,18,222
evaluation__1578__deblur__random_walk__random_walk__l1,1024,49,2,1023,2,1023
evaluation__1578__deblur__confidence_boost__nes__l1,1021,49,18,245,16,348
evaluation__1578__deblur__boundary_probe__nes__l1,1021,48,18,120,11,185
evaluation__1578__deblur__counterfactual__nes__l1,1021,47,18,156,2,215
evaluation__3693__denoise__attack__nes__l0.5,1021,49,18,240,3,357
evaluation__3693__denoise__restore__nes__l0.5,1021,48,18,406,18,533
evaluation__3693__denoise__random_walk__random_walk__l0.5,1024,50,2,1023,2,1023
evaluation__3693__denoise__confidence_boost__nes__l0.5,1021,47,13,237,13,336
evaluation__3693__denoise__boundary_probe__nes__l0.5,1021,47,15,207,2,285
evaluation__3693__denoise__counterfactual__nes__l0.5,1021,48,18,142,5,209
evaluation__3693__deblur__attack__nes__l1,1021,49,15,189,15,270
evaluation__3693__deblur__restore__nes__l1,1021,48,18,119,18,181
evaluation__3693__deblur__random_walk__random_walk__l1,1024,49,2,1023,2,1023
evaluation__3693__deblur__confidence_boost__nes__l1,1021,50,18,234,13,328
evaluation__3693__deblur__boundary_probe__nes__l1,1021,47,18,121,18,177
evaluation__3693__deblur__counterfactual__nes__l1,1021,49,2,248,2,330
evaluation__6856__denoise__attack__nes__l0.5,1021,47,18,235,11,317
evaluation__6856__denoise__restore__nes__l0.5,1021,47,18,188,18,275
evaluation__6856__denoise__random_walk__random_walk__l0.5,1024,49,2,1023,2,1023
evaluation__6856__denoise__confidence_boost__nes__l0.5,1021,47,18,205,18,290
evaluation__6856__denoise__boundary_probe__nes__l0.5,1021,47,14,178,14,265
evaluation__6856__denoise__counterfactual__nes__l0.5,1021,48,7,173,7,246
evaluation__6856__deblur__attack__nes__l1,1021,48,11,311,4,450
evaluation__6856__deblur__restore__nes__l1,1021,48,6,337,6,477
evaluation__6856__deblur__random_walk__random_walk__l1,1024,49,2,1023,2,1023
evaluation__6856__deblur__confidence_boost__nes__l1,1021,49,7,288,7,432
evaluation__6856__deblur__boundary_probe__nes__l1,1021,49,9,538,4,692
evaluation__6856__deblur__counterfactual__nes__l1,1021,47,4,420,4,559
evaluation__9513__denoise__attack__nes__l0.5,1021,48,8,500,7,670
evaluation__9513__denoise__restore__nes__l0.5,1021,49,2,447,2,619
evaluation__9513__denoise__random_walk__random_walk__l0.5,1024,50,2,1023,2,1023
evaluation__9513__denoise__confidence_boost__nes__l0.5,1021,49,2,685,2,833
evaluation__9513__denoise__boundary_probe__nes__l0.5,1021,49,3,626,2,779
evaluation__9513__denoise__counterfactual__nes__l0.5,1021,49,7,616,4,755
evaluation__9513__deblur__attack__nes__l1,1021,47,18,98,18,140
evaluation__9513__deblur__restore__nes__l1,1021,48,18,211,14,302
evaluation__9513__deblur__random_walk__random_walk__l1,1024,50,2,1023,2,1023
evaluation__9513__deblur__confidence_boost__nes__l1,1021,47,18,169,18,233
evaluation__9513__deblur__boundary_probe__nes__l1,1021,48,18,163,18,232
evaluation__9513__deblur__counterfactual__nes__l1,1021,48,18,110,18,153
evaluation__3061__denoise__attack__nes__l0.5,1021,48,4,567,4,718
evaluation__3061__denoise__restore__nes__l0.5,1021,50,5,511,5,661
evaluation__3061__denoise__random_walk__random_walk__l0.5,1024,50,2,1023,2,1023
evaluation__3061__denoise__confidence_boost__nes__l0.5,1021,47,6,613,5,748
evaluation__3061__denoise__boundary_probe__nes__l0.5,1021,49,7,613,5,753
evaluation__3061__denoise__counterfactual__nes__l0.5,1021,48,4,575,4,708
evaluation__3061__deblur__attack__nes__l1,1021,49,18,651,7,768
evaluation__3061__deblur__restore__nes__l1,1021,48,2,377,2,541
evaluation__3061__deblur__random_walk__random_walk__l1,1024,49,2,1023,2,1023
evaluation__3061__deblur__confidence_boost__nes__l1,1021,49,4,541,4,700
evaluation__3061__deblur__boundary_probe__nes__l1,1021,47,2,366,2,529
evaluation__3061__deblur__counterfactual__nes__l1,1021,48,15,637,4,749
evaluation__6607__denoise__attack__nes__l0.5,1021,49,13,431,13,575
evaluation__6607__denoise__restore__nes__l0.5,1021,48,4,280,4,411
evaluation__6607__denoise__random_walk__random_walk__l0.5,1024,50,2,1023,2,1023
evaluation__6607__denoise__confidence_boost__nes__l0.5,1021,49,10,461,10,639
evaluation__6607__denoise__boundary_probe__nes__l0.5,1021,48,2,350,2,468
evaluation__6607__denoise__counterfactual__nes__l0.5,1021,46,11,270,11,416
evaluation__6607__deblur__attack__nes__l1,1021,48,8,415,7,573
evaluation__6607__deblur__restore__nes__l1,1021,50,4,388,4,523
evaluation__6607__deblur__random_walk__random_walk__l1,1024,50,2,1023,2,1023
evaluation__6607__deblur__confidence_boost__nes__l1,1021,48,13,349,13,486
evaluation__6607__deblur__boundary_probe__nes__l1,1021,48,3,197,3,281
evaluation__6607__deblur__counterfactual__nes__l1,1021,48,6,339,6,472
evaluation__8660__denoise__attack__nes__l0.5,1021,49,7,660,7,764
evaluation__8660__denoise__restore__nes__l0.5,1021,48,8,469,8,604
evaluation__8660__denoise__random_walk__random_walk__l0.5,1024,50,2,1023,2,1023
evaluation__8660__denoise__confidence_boost__nes__l0.5,1021,49,3,555,2,691
evaluation__8660__denoise__boundary_probe__nes__l0.5,1021,48,5,276,5,391
evaluation__8660__denoise__counterfactual__nes__l0.5,1021,48,4,416,3,575
evaluation__8660__deblur__attack__nes__l1,1021,47,3,297,3,437
evaluation__8660__deblur__restore__nes__l1,1021,49,10,262,10,376
evaluation__8660__deblur__random_walk__random_walk__l1,1024,50,2,1023,2,1023
evaluation__8660__deblur__confidence_boost__nes__l1,1021,48,2,328,2,481
evaluation__8660__deblur__boundary_probe__nes__l1,1021,48,7,244,7,358
evaluation__8660__deblur__counterfactual__nes__l1,1021,48,6,421,6,558
evaluation__2553__denoise__attack__nes__l0.5,1021,48,18,329,13,470
evaluation__2553__denoise__restore__nes__l0.5,1021,49,18,237,15,364
evaluation__2553__denoise__random_walk__random_walk__l0.5,1024,49,2,1023,2,1023
evaluation__2553__denoise__confidence_boost__nes__l0.5,1021,48,17,335,17,463
evaluation__2553__denoise__boundary_probe__nes__l0.5,1021,48,13,306,13,438
evaluation__2553__denoise__counterfactual__nes__l0.5,1021,47,15,337,5,486
evaluation__2553__deblur__attack__nes__l1,1021,48,3,464,2,615
evaluation__2553__deblur__restore__nes__l1,1021,50,3,381,3,546
evaluation__2553__deblur__random_walk__random_walk__l1,1024,49,2,1023,2,1023
evaluation__2553__deblur__confidence_boost__nes__l1,1021,47,4,557,4,712
evaluation__2553__deblur__boundary_probe__nes__l1,1021,49,5,476,2,623
evaluation__2553__deblur__counterfactual__nes__l1,1021,47,5,404,5,561
evaluation__6179__denoise__attack__nes__l0.5,1021,49,10,427,3,574
evaluation__6179__denoise__restore__nes__l0.5,1021,49,5,456,5,597
evaluation__6179__denoise__random_walk__random_walk__l0.5,1024,49,2,1023,2,1023
evaluation__6179__denoise__confidence_boost__nes__l0.5,1021,48,4,474,3,617
evaluation__6179__denoise__boundary_probe__nes__l0.5,1021,48,7,390,7,534
evaluation__6179__denoise__counterfactual__nes__l0.5,1021,49,5,553,5,704
evaluation__6179__deblur__attack__nes__l1,1021,48,4,478,4,612
evaluation__6179__deblur__restore__nes__l1,1021,49,3,538,3,655
evaluation__6179__deblur__random_walk__random_walk__l1,1024,50,2,1023,2,1023
evaluation__6179__deblur__confidence_boost__nes__l1,1021,47,14,269,2,403
evaluation__6179__deblur__boundary_probe__nes__l1,1021,48,18,411,11,551
evaluation__6179__deblur__counterfactual__nes__l1,1021,48,4,372,4,501
evaluation__8551__denoise__attack__nes__l0.5,1021,49,5,678,5,805
evaluation__8551__denoise__restore__nes__l0.5,1021,48,2,540,2,706
evaluation__8551__denoise__random_walk__random_walk__l0.5,1024,49,2,1023,2,1023
evaluation__8551__denoise__confidence_boost__nes__l0.5,1021,48,5,536,5,684
evaluation__8551__denoise__boundary_probe__nes__l0.5,1021,48,2,659,2,792
evaluation__8551__denoise__counterfactual__nes__l0.5,1021,48,2,563,2,714
evaluation__8551__deblur__attack__nes__l1,1021,49,10,720,8,838
evaluation__8551__deblur__restore__nes__l1,1021,48,2,513,2,676
evaluation__8551__deblur__random_walk__random_walk__l1,1024,50,2,1023,2,1023
evaluation__8551__deblur__confidence_boost__nes__l1,1021,48,4,502,4,663
evaluation__8551__deblur__boundary_probe__nes__l1,1021,50,14,625,2,749
evaluation__8551__deblur__counterfactual__nes__l1,1021,48,4,650,4,769
evaluation__2290__denoise__attack__nes__l0.5,1021,48,4,323,4,435
evaluation__2290__denoise__restore__nes__l0.5,1021,48,9,279,9,405
evaluation__2290__denoise__random_walk__random_walk__l0.5,1024,49,2,1023,2,1023
evaluation__2290__denoise__confidence_boost__nes__l0.5,1021,49,2,364,2,494
evaluation__2290__denoise__boundary_probe__nes__l0.5,1021,50,3,284,3,403
evaluation__2290__denoise__counterfactual__nes__l0.5,1021,48,6,344,2,486
evaluation__2290__deblur__attack__nes__l1,1021,48,11,259,11,390
evaluation__2290__deblur__restore__nes__l1,1021,48,18,304,3,428
evaluation__2290__deblur__random_walk__random_walk__l1,1024,50,2,1023,2,1023
evaluation__2290__deblur__confidence_boost__nes__l1,1021,48,18,177,18,261
evaluation__2290__deblur__boundary_probe__nes__l1,1021,48,18,331,18,450
evaluation__2290__deblur__counterfactual__nes__l1,1021,48,16,299,16,449
evaluation__4338__denoise__attack__nes__l0.5,1021,47,2,630,2,776
evaluation__4338__denoise__restore__nes__l0.5,1021,47,2,538,2,702
evaluation__4338__denoise__random_walk__random_walk__l0.5,1024,50,2,1023,2,1023
evaluation__4338__denoise__confidence_boost__nes__l0.5,1021,49,6,685,4,816
evaluation__4338__denoise__boundary_probe__nes__l0.5,1021,48,2,620,2,764
evaluation__4338__denoise__counterfactual__nes__l0.5,1021,49,3,606,2,752
evaluation__4338__deblur__attack__nes__l1,1021,48,7,578,6,706
evaluation__4338__deblur__restore__nes__l1,1021,47,9,315,4,482
evaluation__4338__deblur__random_walk__random_walk__l1,1024,49,2,1023,2,1023
evaluation__4338__deblur__confidence_boost__nes__l1,1021,49,18,653,18,789
evaluation__4338__deblur__boundary_probe__nes__l1,1021,48,4,370,4,536
evaluation__4338__deblur__counterfactual__nes__l1,1021,49,7,489,5,648
evaluation__7122__denoise__attack__nes__l0.5,1021,48,6,408,6,537
evaluation__7122__denoise__restore__nes__l0.5,1021,48,4,295,4,412
evaluation__7122__denoise__random_walk__random_walk__l0.5,1024,49,2,1023,2,1023
evaluation__7122__denoise__confidence_boost__nes__l0.5,1021,48,4,273,4,398
evaluation__7122__denoise__boundary_probe__nes__l0.5,1021,49,5,278,5,381
evaluation__7122__denoise__counterfactual__nes__l0.5,1021,47,8,280,3,409
evaluation__7122__deblur__attack__nes__l1,1021,49,3,267,3,388
evaluation__7122__deblur__restore__nes__l1,1021,48,12,184,12,281
evaluation__7122__deblur__random_walk__random_walk__l1,1024,49,2,1023,2,1023
evaluation__7122__deblur__confidence_boost__nes__l1,1021,47,15,303,5,423
evaluation__7122__deblur__boundary_probe__nes__l1,1021,48,4,271,4,385
evaluation__7122__deblur__counterfactual__nes__l1,1021,49,14,257,5,367
evaluation__9517__denoise__attack__nes__l0.5,1021,48,8,542,8,676
evaluation__9517__denoise__restore__nes__l0.5,1021,49,2,470,2,605
evaluation__9517__denoise__random_walk__random_walk__l0.5,1024,49,2,1023,2,1023
evaluation__9517__denoise__confidence_boost__nes__l0.5,1021,48,2,572,2,728
evaluation__9517__denoise__boundary_probe__nes__l0.5,1021,48,5,625,5,777
evaluation__9517__denoise__counterfactual__nes__l0.5,1021,48,18,724,2,835
evaluation__9517__deblur__attack__nes__l1,1021,47,6,209,6,311
evaluation__9517__deblur__restore__nes__l1,1021,48,18,259,11,383
evaluation__9517__deblur__random_walk__random_walk__l1,1024,49,2,1023,2,1023
evaluation__9517__deblur__confidence_boost__nes__l1,1021,47,8,149,4,234
evaluation__9517__deblur__boundary_probe__nes__l1,1021,49,5,488,5,633
evaluation__9517__deblur__counterfactual__nes__l1,1021,47,18,127,18,195
fit__7315__denoise__attack__nes__l0.5,1021,47,18,165,10,238
fit__7315__denoise__restore__nes__l0.5,1021,48,18,167,6,239
fit__7315__denoise__random_walk__random_walk__l0.5,1024,49,2,1023,2,1023
fit__7315__denoise__confidence_boost__nes__l0.5,1021,47,18,252,16,366
fit__7315__denoise__boundary_probe__nes__l0.5,1021,48,18,186,5,289
fit__7315__denoise__counterfactual__nes__l0.5,1021,48,18,157,18,248
fit__7315__deblur__attack__nes__l1,1021,50,2,721,2,839
fit__7315__deblur__restore__nes__l1,1021,48,2,706,2,822
fit__7315__deblur__random_walk__random_walk__l1,1024,50,2,1023,2,1023
fit__7315__deblur__confidence_boost__nes__l1,1021,49,3,740,3,841
fit__7315__deblur__boundary_probe__nes__l1,1021,49,2,560,2,693
fit__7315__deblur__counterfactual__nes__l1,1021,48,9,396,3,546
fit__973__denoise__attack__nes__l0.5,1021,49,9,323,8,476
fit__973__denoise__restore__nes__l0.5,1021,49,6,491,6,639
fit__973__denoise__random_walk__random_walk__l0.5,1024,50,2,1023,2,1023
fit__973__denoise__confidence_boost__nes__l0.5,1021,48,12,363,2,493
fit__973__denoise__boundary_probe__nes__l0.5,1021,48,5,382,4,539
fit__973__denoise__counterfactual__nes__l0.5,1021,47,3,298,3,446
fit__973__deblur__attack__nes__l1,1021,46,4,213,2,331
fit__973__deblur__restore__nes__l1,1021,47,12,515,3,683
fit__973__deblur__random_walk__random_walk__l1,1024,49,2,1023,2,1023
fit__973__deblur__confidence_boost__nes__l1,1021,48,16,358,12,493
fit__973__deblur__boundary_probe__nes__l1,1021,48,4,530,4,667
fit__973__deblur__counterfactual__nes__l1,1021,48,15,418,7,554
fit__7997__denoise__attack__nes__l0.5,1021,49,2,482,2,638
fit__7997__denoise__restore__nes__l0.5,1021,48,2,403,2,537
fit__7997__denoise__random_walk__random_walk__l0.5,1024,49,2,1023,2,1023
fit__7997__denoise__confidence_boost__nes__l0.5,1021,47,6,383,4,542
fit__7997__denoise__boundary_probe__nes__l0.5,1021,47,2,419,2,555
fit__7997__denoise__counterfactual__nes__l0.5,1021,48,5,440,3,585
fit__7997__deblur__attack__nes__l1,1021,48,11,275,4,386
fit__7997__deblur__restore__nes__l1,1021,47,4,235,4,355
fit__7997__deblur__random_walk__random_walk__l1,1024,49,2,1023,2,1023
fit__7997__deblur__confidence_boost__nes__l1,1021,48,18,338,18,508
fit__7997__deblur__boundary_probe__nes__l1,1021,48,9,358,5,520
fit__7997__deblur__counterfactual__nes__l1,1021,47,18,405,3,561
fit__1859__denoise__attack__nes__l0.5,1021,49,2,530,2,667
fit__1859__denoise__restore__nes__l0.5,1021,47,2,427,2,574
fit__1859__denoise__random_walk__random_walk__l0.5,1024,49,2,1023,2,1023
fit__1859__denoise__confidence_boost__nes__l0.5,1021,47,2,311,2,468
fit__1859__denoise__boundary_probe__nes__l0.5,1021,48,4,442,4,594
fit__1859__denoise__counterfactual__nes__l0.5,1021,48,11,262,10,391
fit__1859__deblur__attack__nes__l1,1021,48,16,137,16,220
fit__1859__deblur__restore__nes__l1,1021,48,18,95,18,123
fit__1859__deblur__random_walk__random_walk__l1,1024,49,2,1023,2,1023
fit__1859__deblur__confidence_boost__nes__l1,1021,47,18,132,18,189
fit__1859__deblur__boundary_probe__nes__l1,1021,48,6,162,6,238
fit__1859__deblur__counterfactual__nes__l1,1021,49,18,248,18,343
fit__9044__denoise__attack__nes__l0.5,1021,48,6,431,5,550
fit__9044__denoise__restore__nes__l0.5,1021,48,6,408,5,542
fit__9044__denoise__random_walk__random_walk__l0.5,1024,50,2,1023,2,1023
fit__9044__denoise__confidence_boost__nes__l0.5,1021,49,7,393,2,543
fit__9044__denoise__boundary_probe__nes__l0.5,1021,49,7,487,7,638
fit__9044__denoise__counterfactual__nes__l0.5,1021,49,11,500,4,625
fit__9044__deblur__attack__nes__l1,1021,48,18,361,8,489
fit__9044__deblur__restore__nes__l1,1021,48,18,309,14,410
fit__9044__deblur__random_walk__random_walk__l1,1024,50,2,1023,2,1023
fit__9044__deblur__confidence_boost__nes__l1,1021,48,12,173,12,268
fit__9044__deblur__boundary_probe__nes__l1,1021,48,11,236,11,318
fit__9044__deblur__counterfactual__nes__l1,1021,49,16,241,8,342
fit__7212__denoise__attack__nes__l0.5,1021,48,3,444,3,591
fit__7212__denoise__restore__nes__l0.5,1021,48,6,662,6,779
fit__7212__denoise__random_walk__random_walk__l0.5,1024,50,2,1023,2,1023
fit__7212__denoise__confidence_boost__nes__l0.5,1021,48,2,633,2,758
fit__7212__denoise__boundary_probe__nes__l0.5,1021,48,2,773,2,867
fit__7212__denoise__counterfactual__nes__l0.5,1021,48,3,462,2,617
fit__7212__deblur__attack__nes__l1,1021,48,2,217,2,300
fit__7212__deblur__restore__nes__l1,1021,47,6,266,6,368
fit__7212__deblur__random_walk__random_walk__l1,1024,49,2,1023,2,1023
fit__7212__deblur__confidence_boost__nes__l1,1021,48,15,458,15,592
fit__7212__deblur__boundary_probe__nes__l1,1021,49,5,523,5,650
fit__7212__deblur__counterfactual__nes__l1,1021,50,4,511,4,619
fit__648__denoise__attack__nes__l0.5,1021,48,2,440,2,568
fit__648__denoise__restore__nes__l0.5,1021,49,10,511,2,683
fit__648__denoise__random_walk__random_walk__l0.5,1024,49,2,1023,2,1023
fit__648__denoise__confidence_boost__nes__l0.5,1021,48,17,404,10,547
fit__648__denoise__boundary_probe__nes__l0.5,1021,47,4,435,4,570
fit__648__denoise__counterfactual__nes__l0.5,1021,49,4,545,4,690
fit__648__deblur__attack__nes__l1,1021,48,5,521,5,670
fit__648__deblur__restore__nes__l1,1021,50,7,502,7,642
fit__648__deblur__random_walk__random_walk__l1,1024,50,2,1023,2,1023
fit__648__deblur__confidence_boost__nes__l1,1021,48,4,566,4,691
fit__648__deblur__boundary_probe__nes__l1,1021,49,6,440,6,579
fit__648__deblur__counterfactual__nes__l1,1021,49,5,498,5,628
fit__7256__denoise__attack__nes__l0.5,1021,48,5,543,3,700
fit__7256__denoise__restore__nes__l0.5,1021,49,2,609,2,738
fit__7256__denoise__random_walk__random_walk__l0.5,1024,49,2,1023,2,1023
fit__7256__denoise__confidence_boost__nes__l0.5,1021,48,11,410,11,563
fit__7256__denoise__boundary_probe__nes__l0.5,1021,47,5,497,5,638
fit__7256__denoise__counterfactual__nes__l0.5,1021,48,3,517,3,662
fit__7256__deblur__attack__nes__l1,1021,47,2,572,2,727
fit__7256__deblur__restore__nes__l1,1021,48,4,686,4,805
fit__7256__deblur__random_walk__random_walk__l1,1024,49,2,1023,2,1023
fit__7256__deblur__confidence_boost__nes__l1,1021,48,4,621,4,764
fit__7256__deblur__boundary_probe__nes__l1,1021,48,11,450,3,604
fit__7256__deblur__counterfactual__nes__l1,1021,47,3,408,2,563
fit__1362__denoise__attack__nes__l0.5,1021,48,17,364,17,504
fit__1362__denoise__restore__nes__l0.5,1021,48,5,363,4,497
fit__1362__denoise__random_walk__random_walk__l0.5,1024,49,2,1023,2,1023
fit__1362__denoise__confidence_boost__nes__l0.5,1021,50,15,376,11,541
fit__1362__denoise__boundary_probe__nes__l0.5,1021,49,4,221,4,337
fit__1362__denoise__counterfactual__nes__l0.5,1021,47,16,370,16,521
fit__1362__deblur__attack__nes__l1,1021,48,2,405,2,545
fit__1362__deblur__restore__nes__l1,1021,48,5,669,5,780
fit__1362__deblur__random_walk__random_walk__l1,1024,49,2,1023,2,1023
fit__1362__deblur__confidence_boost__nes__l1,1021,48,3,444,2,585
fit__1362__deblur__boundary_probe__nes__l1,1021,49,2,423,2,558
fit__1362__deblur__counterfactual__nes__l1,1021,48,6,594,5,723
fit__9477__denoise__attack__nes__l0.5,1021,48,2,346,2,493
fit__9477__denoise__restore__nes__l0.5,1021,49,8,531,8,667
fit__9477__denoise__random_walk__random_walk__l0.5,1024,49,2,1023,2,1023
fit__9477__denoise__confidence_boost__nes__l0.5,1021,48,3,367,3,496
fit__9477__denoise__boundary_probe__nes__l0.5,1021,48,3,309,3,444
fit__9477__denoise__counterfactual__nes__l0.5,1021,49,3,432,3,583
fit__9477__deblur__attack__nes__l1,1021,47,18,370,13,493
fit__9477__deblur__restore__nes__l1,1021,48,18,478,18,618
fit__9477__deblur__random_walk__random_walk__l1,1024,49,2,1023,2,1023
fit__9477__deblur__confidence_boost__nes__l1,1021,46,13,257,6,395
fit__9477__deblur__boundary_probe__nes__l1,1021,48,13,571,13,686
fit__9477__deblur__counterfactual__nes__l1,1021,47,18,271,12,384
fit__6042__denoise__attack__nes__l0.5,1021,49,15,339,12,494
fit__6042__denoise__restore__nes__l0.5,1021,48,18,344,15,490
fit__6042__denoise__random_walk__random_walk__l0.5,1024,49,2,1023,2,1023
fit__6042__denoise__confidence_boost__nes__l0.5,1021,48,3,229,3,331
fit__6042__denoise__boundary_probe__nes__l0.5,1021,49,2,355,2,496
fit__6042__denoise__counterfactual__nes__l0.5,1021,48,9,495,9,644
fit__6042__deblur__attack__nes__l1,1021,47,18,228,18,328
fit__6042__deblur__restore__nes__l1,1021,48,7,193,7,277
fit__6042__deblur__random_walk__random_walk__l1,1024,49,2,1023,2,1023
fit__6042__deblur__confidence_boost__nes__l1,1021,47,18,102,13,131
fit__6042__deblur__boundary_probe__nes__l1,1021,48,18,100,18,143
fit__6042__deblur__counterfactual__nes__l1,1021,49,18,133,18,184
fit__1201__denoise__attack__nes__l0.5,1021,49,2,600,2,775
fit__1201__denoise__restore__nes__l0.5,1021,49,2,710,2,819
fit__1201__denoise__random_walk__random_walk__l0.5,1024,50,2,1023,2,1023
fit__1201__denoise__confidence_boost__nes__l0.5,1021,48,3,489,3,629
fit__1201__denoise__boundary_probe__nes__l0.5,1021,48,16,686,2,828
fit__1201__denoise__counterfactual__nes__l0.5,1021,48,4,713,3,835
fit__1201__deblur__attack__nes__l1,1021,49,11,422,2,553
fit__1201__deblur__restore__nes__l1,1021,48,3,267,3,397
fit__1201__deblur__random_walk__random_walk__l1,1024,49,2,1023,2,1023
fit__1201__deblur__confidence_boost__nes__l1,1021,48,3,258,3,384
fit__1201__deblur__boundary_probe__nes__l1,1021,49,8,356,3,482
fit__1201__deblur__counterfactual__nes__l1,1021,48,3,201,3,300
fit__5606__denoise__attack__nes__l0.5,1021,48,18,267,18,376
fit__5606__denoise__restore__nes__l0.5,1021,47,13,103,13,143
fit__5606__denoise__random_walk__random_walk__l0.5,1024,50,2,1023,2,1023
fit__5606__denoise__confidence_boost__nes__l0.5,1021,48,18,168,18,252
fit__5606__denoise__boundary_probe__nes__l0.5,1021,48,2,109,2,171
fit__5606__denoise__counterfactual__nes__l0.5,1021,47,12,213,12,287
fit__5606__deblur__attack__nes__l1,1021,49,2,377,2,526
fit__5606__deblur__restore__nes__l1,1021,48,2,480,2,612
fit__5606__deblur__random_walk__random_walk__l1,1024,50,2,1023,2,1023
fit__5606__deblur__confidence_boost__nes__l1,1021,49,2,525,2,699
fit__5606__deblur__boundary_probe__nes__l1,1021,47,4,428,4,580
fit__5606__deblur__counterfactual__nes__l1,1021,49,10,393,10,557
fit__3803__denoise__attack__nes__l0.5,1021,49,3,731,3,846
fit__3803__denoise__restore__nes__l0.5,1021,49,5,784,5,880
fit__3803__denoise__random_walk__random_walk__l0.5,1024,49,2,1023,2,1023
fit__3803__denoise__confidence_boost__nes__l0.5,1021,48,3,668,3,791
fit__3803__denoise__boundary_probe__nes__l0.5,1021,49,3,643,3,771
fit__3803__denoise__counterfactual__nes__l0.5,1021,48,4,537,4,698
fit__3803__deblur__attack__nes__l1,1021,47,7,463,4,633
fit__3803__deblur__restore__nes__l1,1021,48,4,574,3,749
fit__3803__deblur__random_walk__random_walk__l1,1024,49,2,1023,2,1023
fit__3803__deblur__confidence_boost__nes__l1,1021,48,3,437,3,582
fit__3803__deblur__boundary_probe__nes__l1,1021,48,6,507,5,650
fit__3803__deblur__counterfactual__nes__l1,1021,50,2,499,2,654
fit__8875__denoise__attack__nes__l0.5,1021,49,4,489,3,629
fit__8875__denoise__restore__nes__l0.5,1021,48,3,592,3,706
fit__8875__denoise__random_walk__random_walk__l0.5,1024,50,2,1023,2,1023
fit__8875__denoise__confidence_boost__nes__l0.5,1021,48,5,357,5,496
fit__8875__denoise__boundary_probe__nes__l0.5,1021,47,2,565,2,703
fit__8875__denoise__counterfactual__nes__l0.5,1021,48,3,532,3,683
fit__8875__deblur__attack__nes__l1,1021,48,15,668,15,806
fit__8875__deblur__restore__nes__l1,1021,48,11,608,4,756
fit__8875__deblur__random_walk__random_walk__l1,1024,50,2,1023,2,1023
fit__8875__deblur__confidence_boost__nes__l1,1021,48,4,667,2,813
fit__8875__deblur__boundary_probe__nes__l1,1021,49,10,732,4,846
fit__8875__deblur__counterfactual__nes__l1,1021,48,7,601,7,758
fit__6110__denoise__attack__nes__l0.5,1021,47,2,651,2,802
fit__6110__denoise__restore__nes__l0.5,1021,48,2,662,2,780
fit__6110__denoise__random_walk__random_walk__l0.5,1024,50,2,1023,2,1023
fit__6110__denoise__confidence_boost__nes__l0.5,1021,50,2,654,2,808
fit__6110__denoise__boundary_probe__nes__l0.5,1021,48,5,598,5,737
fit__6110__denoise__counterfactual__nes__l0.5,1021,48,10,569,5,713
fit__6110__deblur__attack__nes__l1,1021,48,2,317,2,447
fit__6110__deblur__restore__nes__l1,1021,49,10,391,8,549
fit__6110__deblur__random_walk__random_walk__l1,1024,50,2,1023,2,1023
fit__6110__deblur__confidence_boost__nes__l1,1021,48,17,447,13,574
fit__6110__deblur__boundary_probe__nes__l1,1021,49,9,451,5,599
fit__6110__deblur__counterfactual__nes__l1,1021,48,12,581,5,711
