session_id,queries,max_match,first_alarm,flagged_queries,first_alarm_recorded,flagged_queries_recorded_rule
calibration__868__denoise__attack__nes__l0.5,1021,48,2,476,2,617
calibration__868__denoise__restore__nes__l0.5,1021,48,5,364,5,517
calibration__868__denoise__random_walk__random_walk__l0.5,1024,50,2,1023,2,1023
calibration__868__denoise__confidence_boost__nes__l0.5,1021,48,7,286,7,412
calibration__868__denoise__boundary_probe__nes__l0.5,1021,48,2,262,2,389
calibration__868__denoise__counterfactual__nes__l0.5,1021,48,11,231,11,341
calibration__868__deblur__attack__nes__l1,1021,48,4,248,4,355
calibration__868__deblur__restore__nes__l1,1021,49,6,329,5,452
calibration__868__deblur__random_walk__random_walk__l1,1024,50,2,1023,2,1023
calibration__868__deblur__confidence_boost__nes__l1,1021,48,7,287,7,408
calibration__868__deblur__boundary_probe__nes__l1,1021,48,11,518,3,691
calibration__868__deblur__counterfactual__nes__l1,1021,49,18,318,12,445
calibration__5144__denoise__attack__nes__l0.5,1021,48,3,296,3,422
calibration__5144__denoise__restore__nes__l0.5,1021,48,4,489,3,636
calibration__5144__denoise__random_walk__random_walk__l0.5,1024,50,2,1023,2,1023
calibration__5144__denoise__confidence_boost__nes__l0.5,1021,49,9,559,5,681
calibration__5144__denoise__boundary_probe__nes__l0.5,1021,49,9,578,2,719
calibration__5144__denoise__counterfactual__nes__l0.5,1021,48,3,484,3,630
calibration__5144__deblur__attack__nes__l1,1021,49,3,318,3,479
calibration__5144__deblur__restore__nes__l1,1021,48,8,254,7,376
calibration__5144__deblur__random_walk__random_walk__l1,1024,49,2,1023,2,1023
calibration__5144__deblur__confidence_boost__nes__l1,1021,48,16,384,16,500
calibration__5144__deblur__boundary_probe__nes__l1,1021,49,18,572,5,695
calibration__5144__deblur__counterfactual__nes__l1,1021,48,6,283,4,378
calibration__2009__denoise__attack__nes__l0.5,1021,49,4,430,3,562
calibration__2009__denoise__restore__nes__l0.5,1021,48,2,375,2,526
calibration__2009__denoise__random_walk__random_walk__l0.5,1024,49,2,1023,2,1023
calibration__2009__denoise__confidence_boost__nes__l0.5,1021,47,8,510,4,659
calibration__2009__denoise__boundary_probe__nes__l0.5,1021,47,14,398,5,567
calibration__2009__denoise__counterfactual__nes__l0.5,1021,48,4,466,2,606
calibration__2009__deblur__attack__nes__l1,1021,48,6,435,3,603
calibration__2009__deblur__restore__nes__l1,1021,48,5,341,5,480
calibration__2009__deblur__random_walk__random_walk__l1,1024,50,2,1023,2,1023
calibration__2009__deblur__confidence_boost__nes__l1,1021,48,7,493,5,646
calibration__2009__deblur__boundary_probe__nes__l1,1021,48,4,508,4,658
calibration__2009__deblur__counterfactual__nes__l1,1021,49,5,563,2,696
calibration__7013__denoise__attack__nes__l0.5,1021,49,2,887,2,964
calibration__7013__denoise__restore__nes__l0.5,1021,49,2,947,2,986
calibration__7013__denoise__random_walk__random_walk__l0.5,1024,49,2,1023,2,1023
calibration__7013__denoise__confidence_boost__nes__l0.5,1021,49,2,870,2,947
calibration__7013__denoise__boundary_probe__nes__l0.5,1021,49,3,941,3,977
calibration__7013__denoise__counterfactual__nes__l0.5,1021,50,2,953,2,996
calibration__7013__deblur__attack__nes__l1,1021,48,18,230,11,329
calibration__7013__deblur__restore__nes__l1,1021,47,15,384,11,530
calibration__7013__deblur__random_walk__random_walk__l1,1024,49,2,1023,2,1023
calibration__7013__deblur__confidence_boost__nes__l1,1021,48,17,265,16,373
calibration__7013__deblur__boundary_probe__nes__l1,1021,47,3,246,3,352
calibration__7013__deblur__counterfactual__nes__l1,1021,47,5,250,5,352
calibration__3758__denoise__attack__nes__l0.5,1021,49,4,711,2,819
calibration__3758__denoise__restore__nes__l0.5,1021,49,2,740,2,852
calibration__3758__denoise__random_walk__random_walk__l0.5,1024,49,2,1023,2,1023
calibration__3758__denoise__confidence_boost__nes__l0.5,1021,49,2,681,2,796
calibration__3758__denoise__boundary_probe__nes__l0.5,1021,49,3,614,3,745
calibration__3758__denoise__counterfactual__nes__l0.5,1021,48,2,484,2,627
calibration__3758__deblur__attack__nes__l1,1021,48,5,387,5,524
calibration__3758__deblur__restore__nes__l1,1021,48,6,423,6,567
calibration__3758__deblur__random_walk__random_walk__l1,1024,49,2,1023,2,1023
calibration__3758__deblur__confidence_boost__nes__l1,1021,49,4,604,4,732
calibration__3758__deblur__boundary_probe__nes__l1,1021,48,3,499,3,657
calibration__3758__deblur__counterfactual__nes__l1,1021,48,4,544,4,688
calibration__256__denoise__attack__nes__l0.5,1021,48,18,330,18,465
calibration__256__denoise__restore__nes__l0.5,1021,48,2,311,2,440
calibration__256__denoise__random_walk__random_walk__l0.5,1024,50,2,1023,2,1023
calibration__256__denoise__confidence_boost__nes__l0.5,1021,48,3,332,3,469
calibration__256__denoise__boundary_probe__nes__l0.5,1021,49,18,339,18,465
calibration__256__denoise__counterfactual__nes__l0.5,1021,49,18,436,18,559
calibration__256__deblur__attack__nes__l1,1021,48,4,369,4,520
calibration__256__deblur__restore__nes__l1,1021,48,10,293,5,432
calibration__256__deblur__random_walk__random_walk__l1,1024,49,2,1023,2,1023
calibration__256__deblur__confidence_boost__nes__l1,1021,47,9,375,9,539
calibration__256__deblur__boundary_probe__nes__l1,1021,48,8,533,8,670
calibration__256__deblur__counterfactual__nes__l1,1021,48,3,476,3,629
calibration__7618__denoise__attack__nes__l0.5,1021,47,5,432,2,564
calibration__7618__denoise__restore__nes__l0.5,1021,48,12,330,2,449
calibration__7618__denoise__random_walk__random_walk__l0.5,1024,50,2,1023,2,1023
calibration__7618__denoise__confidence_boost__nes__l0.5,1021,48,2,506,2,637
calibration__7618__denoise__boundary_probe__nes__l0.5,1021,49,14,522,14,667
calibration__7618__denoise__counterfactual__nes__l0.5,1021,48,2,524,2,638
calibration__7618__deblur__attack__nes__l1,1021,50,12,636,3,764
calibration__7618__deblur__restore__nes__l1,1021,49,4,381,4,512
calibration__7618__deblur__random_walk__random_walk__l1,1024,49,2,1023,2,1023
calibration__7618__deblur__confidence_boost__nes__l1,1021,48,2,358,2,477
calibration__7618__deblur__boundary_probe__nes__l1,1021,47,6,408,3,533
calibration__7618__deblur__counterfactual__nes__l1,1021,49,7,442,7,574
calibration__1003__denoise__attack__nes__l0.5,1021,48,3,383,3,528
calibration__1003__denoise__restore__nes__l0.5,1021,49,14,494,6,623
calibration__1003__denoise__random_walk__random_walk__l0.5,1024,50,2,1023,2,1023
calibration__1003__denoise__confidence_boost__nes__l0.5,1021,48,4,429,4,561
calibration__1003__denoise__boundary_probe__nes__l0.5,1021,47,13,567,3,709
calibration__1003__denoise__counterfactual__nes__l0.5,1021,49,13,453,13,593
calibration__1003__deblur__attack__nes__l1,1021,49,10,643,10,775
calibration__1003__deblur__restore__nes__l1,1021,48,2,503,2,659
calibration__1003__deblur__random_walk__random_walk__l1,1024,49,2,1023,2,1023
calibration__1003__deblur__confidence_boost__nes__l1,1021,48,6,337,6,461
calibration__1003__deblur__boundary_probe__nes__l1,1021,47,5,397,5,532
calibration__1003__deblur__counterfactual__nes__l1,1021,48,11,467,4,627
calibration__7552__denoise__attack__nes__l0.5,1021,47,18,152,18,233
calibration__7552__denoise__restore__nes__l0.5,1021,48,18,119,18,174
calibration__7552__denoise__random_walk__random_walk__l0.5,1024,49,2,1023,2,1023
calibration__7552__denoise__confidence_boost__nes__l0.5,1021,47,18,132,18,194
calibration__7552__denoise__boundary_probe__nes__l0.5,1021,49,18,115,18,173
calibration__7552__denoise__counterfactual__nes__l0.5,1021,47,18,95,18,129
calibration__7552__deblur__attack__nes__l1,1021,47,6,293,6,429
calibration__7552__deblur__restore__nes__l1,1021,47,16,277,16,378
calibration__7552__deblur__random_walk__random_walk__l1,1024,49,2,1023,2,1023
calibration__7552__deblur__confidence_boost__nes__l1,1021,48,3,281,3,420
calibration__7552__deblur__boundary_probe__nes__l1,1021,48,5,301,3,431
calibration__7552__deblur__counterfactual__nes__l1,1021,48,6,358,6,500
calibration__2885__denoise__attack__nes__l0.5,1021,48,3,529,3,675
calibration__2885__denoise__restore__nes__l0.5,1021,48,4,629,4,784
calibration__2885__denoise__random_walk__random_walk__l0.5,1024,50,2,1023,2,1023
calibration__2885__denoise__confidence_boost__nes__l0.5,1021,49,9,762,9,876
calibration__2885__denoise__boundary_probe__nes__l0.5,1021,49,4,347,4,503
calibration__2885__denoise__counterfactual__nes__l0.5,1021,49,2,579,2,715
calibration__2885__deblur__attack__nes__l1,1021,47,18,288,17,417
calibration__2885__deblur__restore__nes__l1,1021,48,6,251,2,368
calibration__2885__deblur__random_walk__random_walk__l1,1024,50,2,1023,2,1023
calibration__2885__deblur__confidence_boost__nes__l1,1021,49,9,199,9,279
calibration__2885__deblur__boundary_probe__nes__l1,1021,49,6,229,6,327
calibration__2885__deblur__counterfactual__nes__l1,1021,48,2,208,2,305
calibration__304__denoise__attack__nes__l0.5,1021,49,3,147,3,218
calibration__304__denoise__restore__nes__l0.5,1021,47,7,449,7,588
calibration__304__denoise__random_walk__random_walk__l0.5,1024,49,2,1023,2,1023
calibration__304__denoise__confidence_boost__nes__l0.5,1021,48,17,327,10,444
calibration__304__denoise__boundary_probe__nes__l0.5,1021,47,8,201,8,303
calibration__304__denoise__counterfactual__nes__l0.5,1021,48,13,237,4,333
calibration__304__deblur__attack__nes__l1,1021,48,7,497,7,653
calibration__304__deblur__restore__nes__l1,1021,49,7,568,3,704
calibration__304__deblur__random_walk__random_walk__l1,1024,49,2,1023,2,1023
calibration__304__deblur__confidence_boost__nes__l1,1021,49,2,355,2,482
calibration__304__deblur__boundary_probe__nes__l1,1021,49,3,379,2,525
calibration__304__deblur__counterfactual__nes__l1,1021,48,5,414,5,555
calibration__7333__denoise__attack__nes__l0.5,1021,47,18,213,2,296
calibration__7333__denoise__restore__nes__l0.5,1021,48,12,155,2,234
calibration__7333__denoise__random_walk__random_walk__l0.5,1024,49,2,1023,2,1023
calibration__7333__denoise__confidence_boost__nes__l0.5,1021,48,18,213,4,327
calibration__7333__denoise__boundary_probe__nes__l0.5,1021,48,18,280,2,404
calibration__7333__denoise__counterfactual__nes__l0.5,1021,46,12,127,5,191
calibration__7333__deblur__attack__nes__l1,1021,48,5,459,5,610
calibration__7333__deblur__restore__nes__l1,1021,47,13,375,13,519
calibration__7333__deblur__random_walk__random_walk__l1,1024,49,2,1023,2,1023
calibration__7333__deblur__confidence_boost__nes__l1,1021,48,9,276,9,396
calibration__7333__deblur__boundary_probe__nes__l1,1021,49,6,455,6,587
calibration__7333__deblur__counterfactual__nes__l1,1021,49,2,477,2,655
calibration__288__denoise__attack__nes__l0.5,1021,48,5,193,5,269
calibration__288__denoise__restore__nes__l0.5,1021,48,3,339,3,471
calibration__288__denoise__random_walk__random_walk__l0.5,1024,50,2,1023,2,1023
calibration__288__denoise__confidence_boost__nes__l0.5,1021,47,18,124,18,174
calibration__288__denoise__boundary_probe__nes__l0.5,1021,48,5,138,5,197
calibration__288__denoise__counterfactual__nes__l0.5,1021,47,18,197,8,285
calibration__288__deblur__attack__nes__l1,1021,49,5,650,5,786
calibration__288__deblur__restore__nes__l1,1021,49,3,498,3,639
calibration__288__deblur__random_walk__random_walk__l1,1024,49,2,1023,2,1023
calibration__288__deblur__confidence_boost__nes__l1,1021,49,2,595,2,741
calibration__288__deblur__boundary_probe__nes__l1,1021,48,3,672,3,788
calibration__288__deblur__counterfactual__nes__l1,1021,48,4,708,2,832
calibration__7505__denoise__attack__nes__l0.5,1021,49,2,442,2,590
calibration__7505__denoise__restore__nes__l0.5,1021,48,7,320,7,449
calibration__7505__denoise__random_walk__random_walk__l0.5,1024,48,2,1023,2,1023
calibration__7505__denoise__confidence_boost__nes__l0.5,1021,48,6,599,6,750
calibration__7505__denoise__boundary_probe__nes__l0.5,1021,49,3,480,3,645
calibration__7505__denoise__counterfactual__nes__l0.5,1021,49,3,459,3,602
calibration__7505__deblur__attack__nes__l1,1021,49,3,388,3,503
calibration__7505__deblur__restore__nes__l1,1021,47,11,205,11,325
calibration__7505__deblur__random_walk__random_walk__l1,1024,50,2,1023,2,1023
calibration__7505__deblur__confidence_boost__nes__l1,1021,48,11,249,11,354
calibration__7505__deblur__boundary_probe__nes__l1,1021,48,7,401,7,549
calibration__7505__deblur__counterfactual__nes__l1,1021,46,11,327,2,465
calibration__4296__denoise__attack__nes__l0.5,1021,48,2,593,2,730
calibration__4296__denoise__restore__nes__l0.5,1021,49,2,580,2,718
calibration__4296__denoise__random_walk__random_walk__l0.5,1024,50,2,1023,2,1023
calibration__4296__denoise__confidence_boost__nes__l0.5,1021,50,3,702,2,832
calibration__4296__denoise__boundary_probe__nes__l0.5,1021,50,3,853,2,928
calibration__4296__denoise__counterfactual__nes__l0.5,1021,49,2,754,2,847
calibration__4296__deblur__attack__nes__l1,1021,48,2,635,2,763
calibration__4296__deblur__restore__nes__l1,1021,49,4,458,4,602
calibration__4296__deblur__random_walk__random_walk__l1,1024,49,2,1023,2,1023
calibration__4296__deblur__confidence_boost__nes__l1,1021,49,14,478,5,618
calibration__4296__deblur__boundary_probe__nes__l1,1021,48,3,605,3,745
calibration__4296__deblur__counterfactual__nes__l1,1021,48,3,459,2,605
calibration__76__denoise__attack__nes__l0.5,1021,48,15,370,2,508
calibration__76__denoise__restore__nes__l0.5,1021,48,13,356,9,512
calibration__76__denoise__random_walk__random_walk__l0.5,1024,50,2,1023,2,1023
calibration__76__denoise__confidence_boost__nes__l0.5,1021,49,8,425,8,557
calibration__76__denoise__boundary_probe__nes__l0.5,1021,48,18,574,3,709
calibration__76__denoise__counterfactual__nes__l0.5,1021,48,5,374,2,543
calibration__76__deblur__attack__nes__l1,1021,50,2,552,2,668
calibration__76__deblur__restore__nes__l1,1021,50,3,691,2,794
calibration__76__deblur__random_walk__random_walk__l1,1024,50,2,1023,2,1023
calibration__76__deblur__confidence_boost__nes__l1,1021,50,5,739,5,851
calibration__76__deblur__boundary_probe__nes__l1,1021,48,2,679,2,792
calibration__76__deblur__counterfactual__nes__l1,1021,49,3,745,2,851
calibration__6256__denoise__attack__nes__l0.5,1021,49,18,337,7,474
calibration__6256__denoise__restore__nes__l0.5,1021,48,8,193,8,267
calibration__6256__denoise__random_walk__random_walk__l0.5,1024,49,2,1023,2,1023
calibration__6256__denoise__confidence_boost__nes__l0.5,1021,48,3,223,3,333
calibration__6256__denoise__boundary_probe__nes__l0.5,1021,49,10,315,9,449
calibration__6256__denoise__counterfactual__nes__l0.5,1021,47,11,246,5,363
calibration__6256__deblur__attack__nes__l1,1021,47,18,91,18,114
calibration__6256__deblur__restore__nes__l1,1021,48,18,110,18,156
calibration__6256__deblur__random_walk__random_walk__l1,1024,49,2,1023,2,1023
calibration__6256__deblur__confidence_boost__nes__l1,1021,47,18,111,18,168
calibration__6256__deblur__boundary_probe__nes__l1,1021,48,18,87,18,110
calibration__6256__deblur__counterfactual__nes__l1,1021,49,18,77,18,93
evaluation__1109__denoise__attack__nes__l0.5,1021,48,8,452,7,593
evaluation__1109__denoise__restore__nes__l0.5,1021,48,10,531,10,675
evaluation__1109__denoise__random_walk__random_walk__l0.5,1024,49,2,1023,2,1023
evaluation__1109__denoise__confidence_boost__nes__l0.5,1021,47,9,366,5,518
evaluation__1109__denoise__boundary_probe__nes__l0.5,1021,49,6,517,6,655
evaluation__1109__denoise__counterfactual__nes__l0.5,1021,48,14,370,14,510
evaluation__1109__deblur__attack__nes__l1,1021,47,18,137,18,194
evaluation__1109__deblur__restore__nes__l1,1021,48,18,113,18,161
evaluation__1109__deblur__random_walk__random_walk__l1,1024,49,2,1023,2,1023
evaluation__1109__deblur__confidence_boost__nes__l1,1021,47,18,157,12,226
evaluation__1109__deblur__boundary_probe__nes__l1,1021,48,18,106,18,149
evaluation__1109__deblur__counterfactual__nes__l1,1021,49,11,123,11,193
evaluation__6003__denoise__attack__nes__l0.5,1021,48,4,849,4,936
evaluation__6003__denoise__restore__nes__l0.5,1021,49,2,922,2,976
evaluation__6003__denoise__random_walk__random_walk__l0.5,1024,49,2,1023,2,1023
evaluation__6003__denoise__confidence_boost__nes__l0.5,1021,49,3,781,2,909
evaluation__6003__denoise__boundary_probe__nes__l0.5,1021,48,2,935,2,984
evaluation__6003__denoise__counterfactual__nes__l0.5,1021,48,2,933,2,988
evaluation__6003__deblur__attack__nes__l1,1021,48,9,444,9,591
evaluation__6003__deblur__restore__nes__l1,1021,47,6,384,2,561
evaluation__6003__deblur__random_walk__random_walk__l1,1024,50,2,1023,2,1023
evaluation__6003__deblur__confidence_boost__nes__l1,1021,48,4,557,4,728
evaluation__6003__deblur__boundary_probe__nes__l1,1021,47,17,440,16,634
evaluation__6003__deblur__counterfactual__nes__l1,1021,47,2,367,2,538
evaluation__8884__denoise__attack__nes__l0.5,1021,49,10,642,10,797
evaluation__8884__denoise__restore__nes__l0.5,1021,48,4,711,3,843
evaluation__8884__denoise__random_walk__random_walk__l0.5,1024,50,2,1023,2,1023
evaluation__8884__denoise__confidence_boost__nes__l0.5,1021,48,2,549,2,697
evaluation__8884__denoise__boundary_probe__nes__l0.5,1021,48,2,778,2,884
evaluation__8884__denoise__counterfactual__nes__l0.5,1021,48,5,697,4,843
evaluation__8884__deblur__attack__nes__l1,1021,48,18,174,8,264
evaluation__8884__deblur__restore__nes__l1,1021,49,4,137,4,210
evaluation__8884__deblur__random_walk__random_walk__l1,1024,50,2,1023,2,1023
evaluation__8884__deblur__confidence_boost__nes__l1,1021,47,16,204,16,317
evaluation__8884__deblur__boundary_probe__nes__l1,1021,48,7,177,7,256
evaluation__8884__deblur__counterfactual__nes__l1,1021,49,18,196,18,286
evaluation__6__denoise__attack__nes__l0.5,1021,48,2,498,2,656
evaluation__6__denoise__restore__nes__l0.5,1021,47,18,357,5,500
evaluation__6__denoise__random_walk__random_walk__l0.5,1024,50,2,1023,2,1023
evaluation__6__denoise__confidence_boost__nes__l0.5,1021,49,4,400,4,532
evaluation__6__denoise__boundary_probe__nes__l0.5,1021,49,8,478,6,634
evaluation__6__denoise__counterfactual__nes__l0.5,1021,48,5,553,5,691
evaluation__6__deblur__attack__nes__l1,1021,50,3,491,2,621
evaluation__6__deblur__restore__nes__l1,1021,48,2,742,2,849
evaluation__6__deblur__random_walk__random_walk__l1,1024,49,2,1023,2,1023
evaluation__6__deblur__confidence_boost__nes__l1,1021,49,5,826,5,917
evaluation__6__deblur__boundary_probe__nes__l1,1021,49,2,818,2,912
evaluation__6__deblur__counterfactual__nes__l1,1021,49,2,658,2,793
evaluation__1991__denoise__attack__nes__l0.5,1021,48,10,400,4,529
evaluation__1991__denoise__restore__nes__l0.5,1021,47,17,249,8,362
evaluation__1991__denoise__random_walk__random_walk__l0.5,1024,50,2,1023,2,1023
evaluation__1991__denoise__confidence_boost__nes__l0.5,1021,48,18,372,8,509
evaluation__1991__denoise__boundary_probe__nes__l0.5,1021,48,2,483,2,627
evaluation__1991__denoise__counterfactual__nes__l0.5,1021,48,2,294,2,421
evaluation__1991__deblur__attack__nes__l1,1021,48,4,560,4,715
evaluation__1991__deblur__restore__nes__l1,1021,49,5,297,5,428
evaluation__1991__deblur__random_walk__random_walk__l1,1024,50,2,1023,2,1023
evaluation__1991__deblur__confidence_boost__nes__l1,1021,48,6,458,6,579
evaluation__1991__deblur__boundary_probe__nes__l1,1021,48,4,418,4,547
evaluation__1991__deblur__counterfactual__nes__l1,1021,47,8,407,3,544
evaluation__6984__denoise__attack__nes__l0.5,1021,48,2,551,2,678
evaluation__6984__denoise__restore__nes__l0.5,1021,49,2,419,2,572
evaluation__6984__denoise__random_walk__random_walk__l0.5,1024,50,2,1023,2,1023
evaluation__6984__denoise__confidence_boost__nes__l0.5,1021,49,2,386,2,536
evaluation__6984__denoise__boundary_probe__nes__l0.5,1021,49,2,526,2,672
evaluation__6984__denoise__counterfactual__nes__l0.5,1021,48,4,402,4,565
evaluation__6984__deblur__attack__nes__l1,1021,49,14,402,8,545
evaluation__6984__deblur__restore__nes__l1,1021,49,18,348,5,499
evaluation__6984__deblur__random_walk__random_walk__l1,1024,50,2,1023,2,1023
evaluation__6984__deblur__confidence_boost__nes__l1,1021,47,12,455,2,594
evaluation__6984__deblur__boundary_probe__nes__l1,1021,49,3,391,3,549
evaluation__6984__deblur__counterfactual__nes__l1,1021,48,18,295,18,445
evaluation__8503__denoise__attack__nes__l0.5,1021,48,17,597,3,718
evaluation__8503__denoise__restore__nes__l0.5,1021,49,13,458,5,590
evaluation__8503__denoise__random_walk__random_walk__l0.5,1024,50,2,1023,2,1023
evaluation__8503__denoise__confidence_boost__nes__l0.5,1021,48,18,569,12,693
evaluation__8503__denoise__boundary_probe__nes__l0.5,1021,48,4,456,4,607
evaluation__8503__denoise__counterfactual__nes__l0.5,1021,48,6,610,2,736
evaluation__8503__deblur__attack__nes__l1,1021,48,3,641,2,773
evaluation__8503__deblur__restore__nes__l1,1021,49,2,606,2,747
evaluation__8503__deblur__random_walk__random_walk__l1,1024,50,2,1023,2,1023
evaluation__8503__deblur__confidence_boost__nes__l1,1021,48,4,645,4,801
evaluation__8503__deblur__boundary_probe__nes__l1,1021,49,3,750,3,874
evaluation__8503__deblur__counterfactual__nes__l1,1021,48,4,765,2,878
evaluation__2170__denoise__attack__nes__l0.5,1021,48,2,392,2,515
evaluation__2170__denoise__restore__nes__l0.5,1021,49,18,329,9,472
evaluation__2170__denoise__random_walk__random_walk__l0.5,1024,49,2,1023,2,1023
evaluation__2170__denoise__confidence_boost__nes__l0.5,1021,48,6,411,6,540
evaluation__2170__denoise__boundary_probe__nes__l0.5,1021,49,18,375,18,549
evaluation__2170__denoise__counterfactual__nes__l0.5,1021,47,6,199,6,318
evaluation__2170__deblur__attack__nes__l1,1021,48,18,271,5,394
evaluation__2170__deblur__restore__nes__l1,1021,48,3,322,3,454
evaluation__2170__deblur__random_walk__random_walk__l1,1024,49,2,1023,2,1023
evaluation__2170__deblur__confidence_boost__nes__l1,1021,48,13,306,13,423
evaluation__2170__deblur__boundary_probe__nes__l1,1021,48,18,462,9,613
evaluation__2170__deblur__counterfactual__nes__l1,1021,48,5,447,5,608
evaluation__4622__denoise__attack__nes__l0.5,1021,48,18,188,18,271
evaluation__4622__denoise__restore__nes__l0.5,1021,48,14,157,11,223
evaluation__4622__denoise__random_walk__random_walk__l0.5,1024,48,2,1023,2,1023
evaluation__4622__denoise__confidence_boost__nes__l0.5,1021,47,7,180,7,272
evaluation__4622__denoise__boundary_probe__nes__l0.5,1021,48,18,279,18,401
evaluation__4622__denoise__counterfactual__nes__l0.5,1021,49,13,157,13,212
evaluation__4622__deblur__attack__nes__l1,1021,48,17,474,9,609
evaluation__4622__deblur__restore__nes__l1,1021,47,14,291,2,422
evaluation__4622__deblur__random_walk__random_walk__l1,1024,49,2,1023,2,1023
evaluation__4622__deblur__confidence_boost__nes__l1,1021,48,4,318,4,474
evaluation__4622__deblur__boundary_probe__nes__l1,1021,49,13,393,13,529
evaluation__4622__deblur__counterfactual__nes__l1,1021,49,5,378,5,516
evaluation__7902__denoise__attack__nes__l0.5,1021,48,18,296,18,419
evaluation__7902__denoise__restore__nes__l0.5,1021,48,4,433,2,579
evaluation__7902__denoise__random_walk__random_walk__l0.5,1024,49,2,1023,2,1023
evaluation__7902__denoise__confidence_boost__nes__l0.5,1021,48,4,513,4,661
evaluation__7902__denoise__boundary_probe__nes__l0.5,1021,48,3,350,3,495
evaluation__7902__denoise__counterfactual__nes__l0.5,1021,48,4,321,4,467
evaluation__7902__deblur__attack__nes__l1,1021,48,3,241,3,363
evaluation__7902__deblur__restore__nes__l1,1021,48,10,348,10,484
evaluation__7902__deblur__random_walk__random_walk__l1,1024,49,2,1023,2,1023
evaluation__7902__deblur__confidence_boost__nes__l1,1021,48,9,239,9,382
evaluation__7902__deblur__boundary_probe__nes__l1,1021,49,18,329,18,457
evaluation__7902__deblur__counterfactual__nes__l1,1021,48,2,203,2,306
evaluation__1603__denoise__attack__nes__l0.5,1021,49,6,594,6,723
evaluation__1603__denoise__restore__nes__l0.5,1021,48,5,505,4,636
evaluation__1603__denoise__random_walk__random_walk__l0.5,1024,49,2,1023,2,1023
evaluation__1603__denoise__confidence_boost__nes__l0.5,1021,48,13,405,2,565
evaluation__1603__denoise__boundary_probe__nes__l0.5,1021,50,8,577,8,717
evaluation__1603__denoise__counterfactual__nes__l0.5,1021,47,3,523,3,684
evaluation__1603__deblur__attack__nes__l1,1021,47,8,374,8,515
evaluation__1603__deblur__restore__nes__l1,1021,48,4,463,4,610
evaluation__1603__deblur__random_walk__random_walk__l1,1024,49,2,1023,2,1023
evaluation__1603__deblur__confidence_boost__nes__l1,1021,48,9,394,6,562
evaluation__1603__deblur__boundary_probe__nes__l1,1021,47,18,488,15,617
evaluation__1603__deblur__counterfactual__nes__l1,1021,47,6,433,6,569
evaluation__5413__denoise__attack__nes__l0.5,1021,46,4,245,4,357
evaluation__5413__denoise__restore__nes__l0.5,1021,47,5,355,3,485
evaluation__5413__denoise__random_walk__random_walk__l0.5,1024,50,2,1023,2,1023
evaluation__5413__denoise__confidence_boost__nes__l0.5,1021,48,18,283,11,389
evaluation__5413__denoise__boundary_probe__nes__l0.5,1021,48,4,255,4,393
evaluation__5413__denoise__counterfactual__nes__l0.5,1021,47,18,169,11,240
evaluation__5413__deblur__attack__nes__l1,1021,49,4,488,4,634
evaluation__5413__deblur__restore__nes__l1,1021,47,6,223,6,340
evaluation__5413__deblur__random_walk__random_walk__l1,1024,50,2,1023,2,1023
evaluation__5413__deblur__confidence_boost__nes__l1,1021,47,12,319,7,481
evaluation__5413__deblur__boundary_probe__nes__l1,1021,49,9,299,9,449
evaluation__5413__deblur__counterfactual__nes__l1,1021,48,4,367,4,511
evaluation__6786__denoise__attack__nes__l0.5,1021,48,6,310,6,443
evaluation__6786__denoise__restore__nes__l0.5,1021,48,18,485,10,642
evaluation__6786__denoise__random_walk__random_walk__l0.5,1024,49,2,1023,2,1023
evaluation__6786__denoise__confidence_boost__nes__l0.5,1021,47,5,289,5,428
evaluation__6786__denoise__boundary_probe__nes__l0.5,1021,48,8,430,7,585
evaluation__6786__denoise__counterfactual__nes__l0.5,1021,49,5,455,2,591
evaluation__6786__deblur__attack__nes__l1,1021,48,2,237,2,371
evaluation__6786__deblur__restore__nes__l1,1021,47,8,416,8,546
evaluation__6786__deblur__random_walk__random_walk__l1,1024,49,2,1023,2,1023
evaluation__6786__deblur__confidence_boost__nes__l1,1021,48,2,409,2,554
evaluation__6786__deblur__boundary_probe__nes__l1,1021,48,18,338,2,458
evaluation__6786__deblur__counterfactual__nes__l1,1021,48,3,349,3,496
evaluation__463__denoise__attack__nes__l0.5,1021,47,9,148,8,222
evaluation__463__denoise__restore__nes__l0.5,1021,49,18,290,18,393
evaluation__463__denoise__random_walk__random_walk__l0.5,1024,49,2,1023,2,1023
evaluation__463__denoise__confidence_boost__nes__l0.5,1021,48,4,212,4,297
evaluation__463__denoise__boundary_probe__nes__l0.5,1021,47,18,115,18,183
evaluation__463__denoise__counterfactual__nes__l0.5,1021,46,16,149,16,219
evaluation__463__deblur__attack__nes__l1,1021,49,2,564,2,704
evaluation__463__deblur__restore__nes__l1,1021,50,5,834,3,929
evaluation__463__deblur__random_walk__random_walk__l1,1024,49,2,1023,2,1023
evaluation__463__deblur__confidence_boost__nes__l1,1021,48,2,814,2,922
evaluation__463__deblur__boundary_probe__nes__l1,1021,49,4,842,4,930
evaluation__463__deblur__counterfactual__nes__l1,1021,48,4,742,2,865
evaluation__3809__denoise__attack__nes__l0.5,1021,48,18,485,14,626
evaluation__3809__denoise__restore__nes__l0.5,1021,48,17,296,17,414
evaluation__3809__denoise__random_walk__random_walk__l0.5,1024,50,2,1023,2,1023
evaluation__3809__denoise__confidence_boost__nes__l0.5,1021,48,8,436,8,595
evaluation__3809__denoise__boundary_probe__nes__l0.5,1021,49,9,578,9,712
evaluation__3809__denoise__counterfactual__nes__l0.5,1021,47,4,254,4,371
evaluation__3809__deblur__attack__nes__l1,1021,50,2,642,2,761
evaluation__3809__deblur__restore__nes__l1,1021,49,10,482,10,644
evaluation__3809__deblur__random_walk__random_walk__l1,1024,50,2,1023,2,1023
evaluation__3809__deblur__confidence_boost__nes__l1,1021,49,4,505,4,643
evaluation__3809__deblur__boundary_probe__nes__l1,1021,49,15,435,2,581
evaluation__3809__deblur__counterfactual__nes__l1,1021,48,3,347,2,469
evaluation__4600__denoise__attack__nes__l0.5,1021,49,3,736,3,864
evaluation__4600__denoise__restore__nes__l0.5,1021,49,2,745,2,842
evaluation__4600__denoise__random_walk__random_walk__l0.5,1024,50,2,1023,2,1023
evaluation__4600__denoise__confidence_boost__nes__l0.5,1021,49,2,816,2,911
evaluation__4600__denoise__boundary_probe__nes__l0.5,1021,48,2,784,2,895
evaluation__4600__denoise__counterfactual__nes__l0.5,1021,49,3,821,3,927
evaluation__4600__deblur__attack__nes__l1,1021,48,5,680,5,816
evaluation__4600__deblur__restore__nes__l1,1021,48,3,568,3,697
evaluation__4600__deblur__random_walk__random_walk__l1,1024,50,2,1023,2,1023
evaluation__4600__deblur__confidence_boost__nes__l1,1021,48,6,442,6,596
evaluation__4600__deblur__boundary_probe__nes__l1,1021,47,12,494,9,656
evaluation__4600__deblur__counterfactual__nes__l1,1021,49,6,530,6,697
evaluation__9393__denoise__attack__nes__l0.5,1021,47,3,503,3,645
evaluation__9393__denoise__restore__nes__l0.5,1021,48,7,600,4,742
evaluation__9393__denoise__random_walk__random_walk__l0.5,1024,50,2,1023,2,1023
evaluation__9393__denoise__confidence_boost__nes__l0.5,1021,48,3,400,3,540
evaluation__9393__denoise__boundary_probe__nes__l0.5,1021,48,10,543,6,685
evaluation__9393__denoise__counterfactual__nes__l0.5,1021,49,4,612,2,743
evaluation__9393__deblur__attack__nes__l1,1021,49,14,321,14,475
evaluation__9393__deblur__restore__nes__l1,1021,48,11,395,4,545
evaluation__9393__deblur__random_walk__random_walk__l1,1024,49,2,1023,2,1023
evaluation__9393__deblur__confidence_boost__nes__l1,1021,48,5,507,5,680
evaluation__9393__deblur__boundary_probe__nes__l1,1021,49,3,371,3,516
evaluation__9393__deblur__counterfactual__nes__l1,1021,48,5,381,5,521
evaluation__2487__denoise__attack__nes__l0.5,1021,48,8,458,8,585
evaluation__2487__denoise__restore__nes__l0.5,1021,47,3,295,2,431
evaluation__2487__denoise__random_walk__random_walk__l0.5,1024,49,2,1023,2,1023
evaluation__2487__denoise__confidence_boost__nes__l0.5,1021,49,3,635,3,750
evaluation__2487__denoise__boundary_probe__nes__l0.5,1021,49,4,575,3,720
evaluation__2487__denoise__counterfactual__nes__l0.5,1021,48,8,494,8,676
evaluation__2487__deblur__attack__nes__l1,1021,49,12,368,3,497
evaluation__2487__deblur__restore__nes__l1,1021,49,7,360,7,543
evaluation__2487__deblur__random_walk__random_walk__l1,1024,49,2,1023,2,1023
evaluation__2487__deblur__confidence_boost__nes__l1,1021,49,18,370,13,517
evaluation__2487__deblur__boundary_probe__nes__l1,1021,49,14,397,14,532
evaluation__2487__deblur__counterfactual__nes__l1,1021,48,8,411,8,548
evaluation__5947__denoise__attack__nes__l0.5,1021,48,18,152,18,244
evaluation__5947__denoise__restore__nes__l0.5,1021,48,9,117,9,163
evaluation__5947__denoise__random_walk__random_walk__l0.5,1024,49,2,1023,2,1023
evaluation__5947__denoise__confidence_boost__nes__l0.5,1021,46,11,172,9,237
evaluation__5947__denoise__boundary_probe__nes__l0.5,1021,48,7,213,4,295
evaluation__5947__denoise__counterfactual__nes__l0.5,1021,47,13,204,4,301
evaluation__5947__deblur__attack__nes__l1,1021,49,15,345,5,466
evaluation__5947__deblur__restore__nes__l1,1021,48,2,263,2,371
evaluation__5947__deblur__random_walk__random_walk__l1,1024,50,2,1023,2,1023
evaluation__5947__deblur__confidence_boost__nes__l1,1021,48,4,261,4,369
evaluation__5947__deblur__boundary_probe__nes__l1,1021,50,3,168,2,243
evaluation__5947__deblur__counterfactual__nes__l1,1021,49,4,381,4,533
evaluation__9261__denoise__attack__nes__l0.5,1021,47,14,210,14,328
evaluation__9261__denoise__restore__nes__l0.5,1021,48,18,319,18,476
evaluation__9261__denoise__random_walk__random_walk__l0.5,1024,49,2,1023,2,1023
evaluation__9261__denoise__confidence_boost__nes__l0.5,1021,49,14,427,14,574
evaluation__9261__denoise__boundary_probe__nes__l0.5,1021,49,13,427,13,591
evaluation__9261__denoise__counterfactual__nes__l0.5,1021,49,18,370,7,511
evaluation__9261__deblur__attack__nes__l1,1021,48,4,462,4,590
evaluation__9261__deblur__restore__nes__l1,1021,48,4,473,4,608
evaluation__9261__deblur__random_walk__random_walk__l1,1024,49,2,1023,2,1023
evaluation__9261__deblur__confidence_boost__nes__l1,1021,49,7,438,7,586
evaluation__9261__deblur__boundary_probe__nes__l1,1021,48,4,398,4,526
evaluation__9261__deblur__counterfactual__nes__l1,1021,48,4,373,4,486
evaluation__1641__denoise__attack__nes__l0.5,1021,49,9,241,8,364
evaluation__1641__denoise__restore__nes__l0.5,1021,48,5,374,5,537
evaluation__1641__denoise__random_walk__random_walk__l0.5,1024,50,2,1023,2,1023
evaluation__1641__denoise__confidence_boost__nes__l0.5,1021,47,2,319,2,445
evaluation__1641__denoise__boundary_probe__nes__l0.5,1021,47,18,234,8,365
evaluation__1641__denoise__counterfactual__nes__l0.5,1021,48,13,353,3,490
evaluation__1641__deblur__attack__nes__l1,1021,49,7,291,7,439
evaluation__1641__deblur__restore__nes__l1,1021,48,18,286,13,432
evaluation__1641__deblur__random_walk__random_walk__l1,1024,49,2,1023,2,1023
evaluation__1641__deblur__confidence_boost__nes__l1,1021,49,18,234,9,369
evaluation__1641__deblur__boundary_probe__nes__l1,1021,48,3,314,3,447
evaluation__1641__deblur__counterfactual__nes__l1,1021,48,4,253,4,388
evaluation__4465__denoise__attack__nes__l0.5,1021,49,4,340,4,478
evaluation__4465__denoise__restore__nes__l0.5,1021,48,4,477,4,631
evaluation__4465__denoise__random_walk__random_walk__l0.5,1024,49,2,1023,2,1023
evaluation__4465__denoise__confidence_boost__nes__l0.5,1021,48,18,282,18,421
evaluation__4465__denoise__boundary_probe__nes__l0.5,1021,48,11,399,11,534
evaluation__4465__denoise__counterfactual__nes__l0.5,1021,48,3,424,3,584
evaluation__4465__deblur__attack__nes__l1,1021,49,7,542,7,687
evaluation__4465__deblur__restore__nes__l1,1021,48,6,573,6,727
evaluation__4465__deblur__random_walk__random_walk__l1,1024,50,2,1023,2,1023
evaluation__4465__deblur__confidence_boost__nes__l1,1021,48,9,540,6,690
evaluation__4465__deblur__boundary_probe__nes__l1,1021,49,2,711,2,826
evaluation__4465__deblur__counterfactual__nes__l1,1021,48,2,705,2,834
evaluation__7337__denoise__attack__nes__l0.5,1021,48,7,418,4,559
evaluation__7337__denoise__restore__nes__l0.5,1021,48,3,175,3,247
evaluation__7337__denoise__random_walk__random_walk__l0.5,1024,50,2,1023,2,1023
evaluation__7337__denoise__confidence_boost__nes__l0.5,1021,48,18,278,18,399
evaluation__7337__denoise__boundary_probe__nes__l0.5,1021,49,16,304,9,439
evaluation__7337__denoise__counterfactual__nes__l0.5,1021,48,2,209,2,309
evaluation__7337__deblur__attack__nes__l1,1021,48,5,424,2,556
evaluation__7337__deblur__restore__nes__l1,1021,48,4,605,4,743
evaluation__7337__deblur__random_walk__random_walk__l1,1024,49,2,1023,2,1023
evaluation__7337__deblur__confidence_boost__nes__l1,1021,49,5,609,2,739
evaluation__7337__deblur__boundary_probe__nes__l1,1021,49,8,787,6,875
evaluation__7337__deblur__counterfactual__nes__l1,1021,47,2,592,2,747
evaluation__56__denoise__attack__nes__l0.5,1021,48,2,340,2,467
evaluation__56__denoise__restore__nes__l0.5,1021,48,4,266,4,377
evaluation__56__denoise__random_walk__random_walk__l0.5,1024,50,2,1023,2,1023
evaluation__56__denoise__confidence_boost__nes__l0.5,1021,48,4,298,4,441
evaluation__56__denoise__boundary_probe__nes__l0.5,1021,48,14,168,3,254
evaluation__56__denoise__counterfactual__nes__l0.5,1021,48,10,465,8,590
evaluation__56__deblur__attack__nes__l1,1021,49,7,426,7,564
evaluation__56__deblur__restore__nes__l1,1021,49,6,705,6,823
evaluation__56__deblur__random_walk__random_walk__l1,1024,49,2,1023,2,1023
evaluation__56__deblur__confidence_boost__nes__l1,1021,49,5,537,5,663
evaluation__56__deblur__boundary_probe__nes__l1,1021,49,6,487,6,644
evaluation__56__deblur__counterfactual__nes__l1,1021,49,4,468,4,601
evaluation__3788__denoise__attack__nes__l0.5,1021,48,3,182,3,256
evaluation__3788__denoise__restore__nes__l0.5,1021,47,2,262,2,371
evaluation__3788__denoise__random_walk__random_walk__l0.5,1024,50,2,1023,2,1023
evaluation__3788__denoise__confidence_boost__nes__l0.5,1021,49,6,299,2,418
evaluation__3788__denoise__boundary_probe__nes__l0.5,1021,48,17,480,17,622
evaluation__3788__denoise__counterfactual__nes__l0.5,1021,48,3,191,3,302
evaluation__3788__deblur__attack__nes__l1,1021,48,2,411,2,546
evaluation__3788__deblur__restore__nes__l1,1021,49,2,491,2,662
evaluation__3788__deblur__random_walk__random_walk__l1,1024,50,2,1023,2,1023
evaluation__3788__deblur__confidence_boost__nes__l1,1021,48,8,620,8,773
evaluation__3788__deblur__boundary_probe__nes__l1,1021,49,13,527,2,679
evaluation__3788__deblur__counterfactual__nes__l1,1021,48,2,287,2,453
evaluation__5668__denoise__attack__nes__l0.5,1021,48,6,443,6,566
evaluation__5668__denoise__restore__nes__l0.5,1021,48,4,265,4,378
evaluation__5668__denoise__random_walk__random_walk__l0.5,1024,49,2,1023,2,1023
evaluation__5668__denoise__confidence_boost__nes__l0.5,1021,48,3,409,3,531
evaluation__5668__denoise__boundary_probe__nes__l0.5,1021,48,16,388,16,534
evaluation__5668__denoise__counterfactual__nes__l0.5,1021,48,11,196,11,298
evaluation__5668__deblur__attack__nes__l1,1021,48,14,408,2,554
evaluation__5668__deblur__restore__nes__l1,1021,47,13,550,11,678
evaluation__5668__deblur__random_walk__random_walk__l1,1024,50,2,1023,2,1023
evaluation__5668__deblur__confidence_boost__nes__l1,1021,48,16,335,2,484
evaluation__5668__deblur__boundary_probe__nes__l1,1021,48,18,288,8,404
evaluation__5668__deblur__counterfactual__nes__l1,1021,48,4,289,4,404
evaluation__8466__denoise__attack__nes__l0.5,1021,49,6,666,5,813
evaluation__8466__denoise__restore__nes__l0.5,1021,48,2,633,2,768
evaluation__8466__denoise__random_walk__random_walk__l0.5,1024,50,2,1023,2,1023
evaluation__8466__denoise__confidence_boost__nes__l0.5,1021,48,3,647,3,795
evaluation__8466__denoise__boundary_probe__nes__l0.5,1021,49,3,508,3,664
evaluation__8466__denoise__counterfactual__nes__l0.5,1021,49,4,580,4,738
evaluation__8466__deblur__attack__nes__l1,1021,48,18,191,18,277
evaluation__8466__deblur__restore__nes__l1,1021,48,18,158,18,219
evaluation__8466__deblur__random_walk__random_walk__l1,1024,49,2,1023,2,1023
evaluation__8466__deblur__confidence_boost__nes__l1,1021,48,18,165,2,244
evaluation__8466__deblur__boundary_probe__nes__l1,1021,47,18,145,18,211
evaluation__8466__deblur__counterfactual__nes__l1,1021,48,18,110,18,162
evaluation__1866__denoise__attack__nes__l0.5,1021,47,3,410,3,548
evaluation__1866__denoise__restore__nes__l0.5,1021,48,10,569,8,706
evaluation__1866__denoise__random_walk__random_walk__l0.5,1024,49,2,1023,2,1023
evaluation__1866__denoise__confidence_boost__nes__l0.5,1021,48,2,535,2,674
evaluation__1866__denoise__boundary_probe__nes__l0.5,1021,49,12,503,8,658
evaluation__1866__denoise__counterfactual__nes__l0.5,1021,48,4,358,4,487
evaluation__1866__deblur__attack__nes__l1,1021,47,12,551,11,711
evaluation__1866__deblur__restore__nes__l1,1021,48,7,511,7,662
evaluation__1866__deblur__random_walk__random_walk__l1,1024,50,2,1023,2,1023
evaluation__1866__deblur__confidence_boost__nes__l1,1021,48,8,467,5,627
evaluation__1866__deblur__boundary_probe__nes__l1,1021,48,5,422,5,565
evaluation__1866__deblur__counterfactual__nes__l1,1021,49,12,437,12,564
evaluation__4083__denoise__attack__nes__l0.5,1021,49,17,369,5,513
evaluation__4083__denoise__restore__nes__l0.5,1021,48,6,201,6,292
evaluation__4083__denoise__random_walk__random_walk__l0.5,1024,49,2,1023,2,1023
evaluation__4083__denoise__confidence_boost__nes__l0.5,1021,48,15,255,15,380
evaluation__4083__denoise__boundary_probe__nes__l0.5,1021,48,8,174,8,257
evaluation__4083__denoise__counterfactual__nes__l0.5,1021,47,3,222,3,316
evaluation__4083__deblur__attack__nes__l1,1021,47,6,343,2,509
evaluation__4083__deblur__restore__nes__l1,1021,47,10,252,10,379
evaluation__4083__deblur__random_walk__random_walk__l1,1024,50,2,1023,2,1023
evaluation__4083__deblur__confidence_boost__nes__l1,1021,47,15,386,6,536
evaluation__4083__deblur__boundary_probe__nes__l1,1021,47,18,351,18,471
evaluation__4083__deblur__counterfactual__nes__l1,1021,49,2,422,2,545
evaluation__6718__denoise__attack__nes__l0.5,1021,49,6,457,6,606
evaluation__6718__denoise__restore__nes__l0.5,1021,49,4,422,4,580
evaluation__6718__denoise__random_walk__random_walk__l0.5,1024,49,2,1023,2,1023
evaluation__6718__denoise__confidence_boost__nes__l0.5,1021,48,8,434,8,601
evaluation__6718__denoise__boundary_probe__nes__l0.5,1021,49,6,638,4,781
evaluation__6718__denoise__counterfactual__nes__l0.5,1021,48,3,459,3,625
evaluation__6718__deblur__attack__nes__l1,1021,49,2,571,2,691
evaluation__6718__deblur__restore__nes__l1,1021,48,3,323,3,466
evaluation__6718__deblur__random_walk__random_walk__l1,1024,49,2,1023,2,1023
evaluation__6718__deblur__confidence_boost__nes__l1,1021,48,3,288,3,399
evaluation__6718__deblur__boundary_probe__nes__l1,1021,50,2,470,2,599
evaluation__6718__deblur__counterfactual__nes__l1,1021,49,5,478,5,621
evaluation__1654__denoise__attack__nes__l0.5,1021,47,7,606,7,761
evaluation__1654__denoise__restore__nes__l0.5,1021,48,3,573,3,723
evaluation__1654__denoise__random_walk__random_walk__l0.5,1024,50,2,1023,2,1023
evaluation__1654__denoise__confidence_boost__nes__l0.5,1021,48,2,540,2,710
evaluation__1654__denoise__boundary_probe__nes__l0.5,1021,49,4,805,4,907
evaluation__1654__denoise__counterfactual__nes__l0.5,1021,48,2,698,2,819
evaluation__1654__deblur__attack__nes__l1,1021,48,18,235,18,348
evaluation__1654__deblur__restore__nes__l1,1021,48,18,185,3,274
evaluation__1654__deblur__random_walk__random_walk__l1,1024,49,2,1023,2,1023
evaluation__1654__deblur__confidence_boost__nes__l1,1021,48,18,172,9,256
evaluation__1654__deblur__boundary_probe__nes__l1,1021,49,18,392,5,537
evaluation__1654__deblur__counterfactual__nes__l1,1021,48,3,147,3,236
evaluation__5966__denoise__attack__nes__l0.5,1021,48,6,277,6,389
evaluation__5966__denoise__restore__nes__l0.5,1021,50,5,457,4,612
evaluation__5966__denoise__random_walk__random_walk__l0.5,1024,50,2,1023,2,1023
evaluation__5966__denoise__confidence_boost__nes__l0.5,1021,48,2,581,2,736
evaluation__5966__denoise__boundary_probe__nes__l0.5,1021,48,8,578,8,716
evaluation__5966__denoise__counterfactual__nes__l0.5,1021,47,4,582,4,733
evaluation__5966__deblur__attack__nes__l1,1021,49,4,297,4,424
evaluation__5966__deblur__restore__nes__l1,1021,48,8,409,8,542
evaluation__5966__deblur__random_walk__random_walk__l1,1024,49,2,1023,2,1023
evaluation__5966__deblur__confidence_boost__nes__l1,1021,47,13,257,3,379
evaluation__5966__deblur__boundary_probe__nes__l1,1021,48,4,356,4,487
evaluation__5966__deblur__counterfactual__nes__l1,1021,48,8,514,8,640
evaluation__8355__denoise__attack__nes__l0.5,1021,48,5,813,2,901
evaluation__8355__denoise__restore__nes__l0.5,1021,49,5,876,5,947
evaluation__8355__denoise__random_walk__random_walk__l0.5,1024,49,2,1023,2,1023
evaluation__8355__denoise__confidence_boost__nes__l0.5,1021,49,3,873,3,940
evaluation__8355__denoise__boundary_probe__nes__l0.5,1021,49,2,842,2,938
evaluation__8355__denoise__counterfactual__nes__l0.5,1021,49,2,714,2,838
evaluation__8355__deblur__attack__nes__l1,1021,50,5,293,5,416
evaluation__8355__deblur__restore__nes__l1,1021,48,2,235,2,339
evaluation__8355__deblur__random_walk__random_walk__l1,1024,49,2,1023,2,1023
evaluation__8355__deblur__confidence_boost__nes__l1,1021,48,7,312,7,421
evaluation__8355__deblur__boundary_probe__nes__l1,1021,46,2,191,2,278
evaluation__8355__deblur__counterfactual__nes__l1,1021,48,6,337,6,469
fit__90__denoise__attack__nes__l0.5,1021,48,5,325,5,466
fit__90__denoise__restore__nes__l0.5,1021,50,9,536,9,678
fit__90__denoise__random_walk__random_walk__l0.5,1024,49,2,1023,2,1023
fit__90__denoise__confidence_boost__nes__l0.5,1021,47,7,349,7,509
fit__90__denoise__boundary_probe__nes__l0.5,1021,49,7,497,4,648
fit__90__denoise__counterfactual__nes__l0.5,1021,48,2,371,2,523
fit__90__deblur__attack__nes__l1,1021,49,8,320,8,446
fit__90__deblur__restore__nes__l1,1021,48,3,259,2,376
fit__90__deblur__random_walk__random_walk__l1,1024,49,2,1023,2,1023
fit__90__deblur__confidence_boost__nes__l1,1021,47,18,278,11,416
fit__90__deblur__boundary_probe__nes__l1,1021,49,6,545,6,673
fit__90__deblur__counterfactual__nes__l1,1021,49,7,360,3,469
fit__6772__denoise__attack__nes__l0.5,1021,47,18,247,2,355
fit__6772__denoise__restore__nes__l0.5,1021,48,18,298,18,425
fit__6772__denoise__random_walk__random_walk__l0.5,1024,49,2,1023,2,1023
fit__6772__denoise__confidence_boost__nes__l0.5,1021,47,18,145,18,206
fit__6772__denoise__boundary_probe__nes__l0.5,1021,49,2,172,2,268
fit__6772__denoise__counterfactual__nes__l0.5,1021,47,9,254,9,360
fit__6772__deblur__attack__nes__l1,1021,47,6,275,6,397
fit__6772__deblur__restore__nes__l1,1021,48,11,320,11,453
fit__6772__deblur__random_walk__random_walk__l1,1024,49,2,1023,2,1023
fit__6772__deblur__confidence_boost__nes__l1,1021,47,18,282,18,402
fit__6772__deblur__boundary_probe__nes__l1,1021,47,18,189,17,294
fit__6772__deblur__counterfactual__nes__l1,1021,48,18,184,18,266
fit__3407__denoise__attack__nes__l0.5,1021,47,12,199,12,303
fit__3407__denoise__restore__nes__l0.5,1021,48,4,284,2,409
fit__3407__denoise__random_walk__random_walk__l0.5,1024,49,2,1023,2,1023
fit__3407__denoise__confidence_boost__nes__l0.5,1021,49,3,152,3,233
fit__3407__denoise__boundary_probe__nes__l0.5,1021,47,2,200,2,275
fit__3407__denoise__counterfactual__nes__l0.5,1021,47,3,381,3,523
fit__3407__deblur__attack__nes__l1,1021,47,18,355,18,493
fit__3407__deblur__restore__nes__l1,1021,47,10,281,5,407
fit__3407__deblur__random_walk__random_walk__l1,1024,49,2,1023,2,1023
fit__3407__deblur__confidence_boost__nes__l1,1021,48,8,262,7,375
fit__3407__deblur__boundary_probe__nes__l1,1021,48,10,330,10,450
fit__3407__deblur__counterfactual__nes__l1,1021,46,9,221,2,336
fit__7864__denoise__attack__nes__l0.5,1021,48,4,322,4,456
fit__7864__denoise__restore__nes__l0.5,1021,47,7,141,7,206
fit__7864__denoise__random_walk__random_walk__l0.5,1024,49,2,1023,2,1023
fit__7864__denoise__confidence_boost__nes__l0.5,1021,47,18,237,18,334
fit__7864__denoise__boundary_probe__nes__l0.5,1021,48,4,472,4,611
fit__7864__denoise__counterfactual__nes__l0.5,1021,48,12,191,12,279
fit__7864__deblur__attack__nes__l1,1021,48,4,461,4,601
fit__7864__deblur__restore__nes__l1,1021,48,5,427,5,533
fit__7864__deblur__random_walk__random_walk__l1,1024,49,2,1023,2,1023
fit__7864__deblur__confidence_boost__nes__l1,1021,49,3,506,2,655
fit__7864__deblur__boundary_probe__nes__l1,1021,48,2,543,2,699
fit__7864__deblur__counterfactual__nes__l1,1021,47,6,715,6,823
fit__3844__denoise__attack__nes__l0.5,1021,48,5,392,5,528
fit__3844__denoise__restore__nes__l0.5,1021,49,3,346,3,456
fit__3844__denoise__random_walk__random_walk__l0.5,1024,49,2,1023,2,1023
fit__3844__denoise__confidence_boost__nes__l0.5,1021,47,3,195,3,284
fit__3844__denoise__boundary_probe__nes__l0.5,1021,47,2,229,2,347
fit__3844__denoise__counterfactual__nes__l0.5,1021,48,4,343,4,476
fit__3844__deblur__attack__nes__l1,1021,48,2,490,2,638
fit__3844__deblur__restore__nes__l1,1021,48,2,491,2,642
fit__3844__deblur__random_walk__random_walk__l1,1024,49,2,1023,2,1023
fit__3844__deblur__confidence_boost__nes__l1,1021,49,2,587,2,720
fit__3844__deblur__boundary_probe__nes__l1,1021,48,3,377,3,496
fit__3844__deblur__counterfactual__nes__l1,1021,48,4,736,4,831
fit__573__denoise__attack__nes__l0.5,1021,48,4,558,4,725
fit__573__denoise__restore__nes__l0.5,1021,49,3,480,3,627
fit__573__denoise__random_walk__random_walk__l0.5,1024,49,2,1023,2,1023
fit__573__denoise__confidence_boost__nes__l0.5,1021,48,3,606,2,742
fit__573__denoise__boundary_probe__nes__l0.5,1021,48,6,521,6,648
fit__573__denoise__counterfactual__nes__l0.5,1021,49,2,558,2,696
fit__573__deblur__attack__nes__l1,1021,48,18,347,6,491
fit__573__deblur__restore__nes__l1,1021,47,3,365,3,541
fit__573__deblur__random_walk__random_walk__l1,1024,50,2,1023,2,1023
fit__573__deblur__confidence_boost__nes__l1,1021,48,5,557,5,703
fit__573__deblur__boundary_probe__nes__l1,1021,49,2,392,2,546
fit__573__deblur__counterfactual__nes__l1,1021,48,3,394,3,533
fit__6196__denoise__attack__nes__l0.5,1021,49,18,332,18,456
fit__6196__denoise__restore__nes__l0.5,1021,48,12,359,9,468
fit__6196__denoise__random_walk__random_walk__l0.5,1024,49,2,1023,2,1023
fit__6196__denoise__confidence_boost__nes__l0.5,1021,49,3,401,3,549
fit__6196__denoise__boundary_probe__nes__l0.5,1021,49,11,461,3,595
fit__6196__denoise__counterfactual__nes__l0.5,1021,48,13,260,13,366
fit__6196__deblur__attack__nes__l1,1021,48,7,197,7,295
fit__6196__deblur__restore__nes__l1,1021,48,11,221,11,328
fit__6196__deblur__random_walk__random_walk__l1,1024,49,2,1023,2,1023
fit__6196__deblur__confidence_boost__nes__l1,1021,48,18,329,17,475
fit__6196__deblur__boundary_probe__nes__l1,1021,48,11,296,11,448
fit__6196__deblur__counterfactual__nes__l1,1021,49,18,411,18,542
fit__1658__denoise__attack__nes__l0.5,1021,48,2,415,2,532
fit__1658__denoise__restore__nes__l0.5,1021,50,8,505,8,633
fit__1658__denoise__random_walk__random_walk__l0.5,1024,49,2,1023,2,1023
fit__1658__denoise__confidence_boost__nes__l0.5,1021,49,9,364,9,498
fit__1658__denoise__boundary_probe__nes__l0.5,1021,49,14,403,13,549
fit__1658__denoise__counterfactual__nes__l0.5,1021,48,2,236,2,330
fit__1658__deblur__attack__nes__l1,1021,47,18,148,10,224
fit__1658__deblur__restore__nes__l1,1021,47,18,110,18,157
fit__1658__deblur__random_walk__random_walk__l1,1024,49,2,1023,2,1023
fit__1658__deblur__confidence_boost__nes__l1,1021,49,18,155,18,221
fit__1658__deblur__boundary_probe__nes__l1,1021,47,16,152,3,217
fit__1658__deblur__counterfactual__nes__l1,1021,47,18,187,16,275
fit__6664__denoise__attack__nes__l0.5,1021,48,2,625,2,755
fit__6664__denoise__restore__nes__l0.5,1021,49,5,668,2,784
fit__6664__denoise__random_walk__random_walk__l0.5,1024,49,2,1023,2,1023
fit__6664__denoise__confidence_boost__nes__l0.5,1021,49,5,582,5,707
fit__6664__denoise__boundary_probe__nes__l0.5,1021,48,10,453,7,598
fit__6664__denoise__counterfactual__nes__l0.5,1021,48,2,507,2,633
fit__6664__deblur__attack__nes__l1,1021,48,11,365,10,508
fit__6664__deblur__restore__nes__l1,1021,47,11,414,10,561
fit__6664__deblur__random_walk__random_walk__l1,1024,49,2,1023,2,1023
fit__6664__deblur__confidence_boost__nes__l1,1021,49,3,397,3,554
fit__6664__deblur__boundary_probe__nes__l1,1021,48,5,457,5,581
fit__6664__deblur__counterfactual__nes__l1,1021,48,6,563,3,721
fit__4420__denoise__attack__nes__l0.5,1021,48,5,355,3,476
fit__4420__denoise__restore__nes__l0.5,1021,48,2,512,2,660
fit__4420__denoise__random_walk__random_walk__l0.5,1024,49,2,1023,2,1023
fit__4420__denoise__confidence_boost__nes__l0.5,1021,48,2,553,2,677
fit__4420__denoise__boundary_probe__nes__l0.5,1021,48,2,572,2,706
fit__4420__denoise__counterfactual__nes__l0.5,1021,48,7,533,6,702
fit__4420__deblur__attack__nes__l1,1021,48,2,874,2,943
fit__4420__deblur__restore__nes__l1,1021,48,2,723,2,855
fit__4420__deblur__random_walk__random_walk__l1,1024,50,2,1023,2,1023
fit__4420__deblur__confidence_boost__nes__l1,1021,48,2,671,2,786
fit__4420__deblur__boundary_probe__nes__l1,1021,48,2,759,2,858
fit__4420__deblur__counterfactual__nes__l1,1021,49,2,810,2,907
fit__1211__denoise__attack__nes__l0.5,1021,48,4,324,4,451
fit__1211__denoise__restore__nes__l0.5,1021,48,10,267,5,376
fit__1211__denoise__random_walk__random_walk__l0.5,1024,49,2,1023,2,1023
fit__1211__denoise__confidence_boost__nes__l0.5,1021,47,18,171,18,241
fit__1211__denoise__boundary_probe__nes__l0.5,1021,48,11,184,11,275
fit__1211__denoise__counterfactual__nes__l0.5,1021,47,3,213,3,318
fit__1211__deblur__attack__nes__l1,1021,48,15,315,5,422
fit__1211__deblur__restore__nes__l1,1021,48,6,215,6,329
fit__1211__deblur__random_walk__random_walk__l1,1024,50,2,1023,2,1023
fit__1211__deblur__confidence_boost__nes__l1,1021,48,6,299,6,408
fit__1211__deblur__boundary_probe__nes__l1,1021,48,15,184,2,282
fit__1211__deblur__counterfactual__nes__l1,1021,47,13,153,13,225
fit__5089__denoise__attack__nes__l0.5,1021,48,18,153,18,226
fit__5089__denoise__restore__nes__l0.5,1021,47,13,150,13,214
fit__5089__denoise__random_walk__random_walk__l0.5,1024,49,2,1023,2,1023
fit__5089__denoise__confidence_boost__nes__l0.5,1021,48,18,138,18,211
fit__5089__denoise__boundary_probe__nes__l0.5,1021,47,4,186,4,253
fit__5089__denoise__counterfactual__nes__l0.5,1021,47,18,196,2,280
fit__5089__deblur__attack__nes__l1,1021,48,7,225,7,321
fit__5089__deblur__restore__nes__l1,1021,48,5,471,5,598
fit__5089__deblur__random_walk__random_walk__l1,1024,49,2,1023,2,1023
fit__5089__deblur__confidence_boost__nes__l1,1021,49,2,333,2,462
fit__5089__deblur__boundary_probe__nes__l1,1021,50,5,634,5,755
fit__5089__deblur__counterfactual__nes__l1,1021,49,5,517,5,657
fit__2518__denoise__attack__nes__l0.5,1021,47,5,522,5,679
fit__2518__denoise__restore__nes__l0.5,1021,47,5,461,5,609
fit__2518__denoise__random_walk__random_walk__l0.5,1024,49,2,1023,2,1023
fit__2518__denoise__confidence_boost__nes__l0.5,1021,49,8,667,6,799
fit__2518__denoise__boundary_probe__nes__l0.5,1021,49,2,576,2,725
fit__2518__denoise__counterfactual__nes__l0.5,1021,48,3,514,3,651
fit__2518__deblur__attack__nes__l1,1021,48,11,218,11,323
fit__2518__deblur__restore__nes__l1,1021,47,15,183,13,269
fit__2518__deblur__random_walk__random_walk__l1,1024,50,2,1023,2,1023
fit__2518__deblur__confidence_boost__nes__l1,1021,47,18,237,18,341
fit__2518__deblur__boundary_probe__nes__l1,1021,47,11,221,11,321
fit__2518__deblur__counterfactual__nes__l1,1021,48,18,250,4,376
fit__7703__denoise__attack__nes__l0.5,1021,48,18,246,18,340
fit__7703__denoise__restore__nes__l0.5,1021,48,15,155,15,215
fit__7703__denoise__random_walk__random_walk__l0.5,1024,49,2,1023,2,1023
fit__7703__denoise__confidence_boost__nes__l0.5,1021,48,18,186,18,258
fit__7703__denoise__boundary_probe__nes__l0.5,1021,49,18,188,18,256
fit__7703__denoise__counterfactual__nes__l0.5,1021,48,18,143,18,205
fit__7703__deblur__attack__nes__l1,1021,48,15,221,15,334
fit__7703__deblur__restore__nes__l1,1021,48,11,220,7,316
fit__7703__deblur__random_walk__random_walk__l1,1024,49,2,1023,2,1023
fit__7703__deblur__confidence_boost__nes__l1,1021,49,18,170,4,252
fit__7703__deblur__boundary_probe__nes__l1,1021,46,18,87,18,130
fit__7703__deblur__counterfactual__nes__l1,1021,48,18,162,18,250
fit__2962__denoise__attack__nes__l0.5,1021,49,4,427,2,576
fit__2962__denoise__restore__nes__l0.5,1021,48,4,663,4,794
fit__2962__denoise__random_walk__random_walk__l0.5,1024,49,2,1023,2,1023
fit__2962__denoise__confidence_boost__nes__l0.5,1021,49,3,650,3,766
fit__2962__denoise__boundary_probe__nes__l0.5,1021,48,8,593,3,744
fit__2962__denoise__counterfactual__nes__l0.5,1021,49,2,484,2,651
fit__2962__deblur__attack__nes__l1,1021,47,18,225,18,308
fit__2962__deblur__restore__nes__l1,1021,48,18,300,18,422
fit__2962__deblur__random_walk__random_walk__l1,1024,49,2,1023,2,1023
fit__2962__deblur__confidence_boost__nes__l1,1021,47,15,170,15,251
fit__2962__deblur__boundary_probe__nes__l1,1021,48,18,258,11,366
fit__2962__deblur__counterfactual__nes__l1,1021,48,18,345,18,490
fit__1913__denoise__attack__nes__l0.5,1021,48,2,769,2,877
fit__1913__denoise__restore__nes__l0.5,1021,48,3,795,3,902
fit__1913__denoise__random_walk__random_walk__l0.5,1024,49,2,1023,2,1023
fit__1913__denoise__confidence_boost__nes__l0.5,1021,49,3,852,2,934
fit__1913__denoise__boundary_probe__nes__l0.5,1021,49,2,882,2,962
fit__1913__denoise__counterfactual__nes__l0.5,1021,48,5,813,4,902
fit__1913__deblur__attack__nes__l1,1021,47,3,478,3,654
fit__1913__deblur__restore__nes__l1,1021,48,6,762,3,875
fit__1913__deblur__random_walk__random_walk__l1,1024,49,2,1023,2,1023
fit__1913__deblur__confidence_boost__nes__l1,1021,46,6,316,4,450
fit__1913__deblur__boundary_probe__nes__l1,1021,50,3,712,3,854
fit__1913__deblur__counterfactual__nes__l1,1021,49,5,568,5,730
fit__5980__denoise__attack__nes__l0.5,1021,49,2,684,2,802
fit__5980__denoise__restore__nes__l0.5,1021,48,8,662,5,781
fit__5980__denoise__random_walk__random_walk__l0.5,1024,50,2,1023,2,1023
fit__5980__denoise__confidence_boost__nes__l0.5,1021,47,2,632,2,756
fit__5980__denoise__boundary_probe__nes__l0.5,1021,49,2,372,2,486
fit__5980__denoise__counterfactual__nes__l0.5,1021,49,3,560,3,691
fit__5980__deblur__attack__nes__l1,1021,48,2,450,2,614
fit__5980__deblur__restore__nes__l1,1021,48,6,552,6,698
fit__5980__deblur__random_walk__random_walk__l1,1024,50,2,1023,2,1023
fit__5980__deblur__confidence_boost__nes__l1,1021,47,18,324,18,473
fit__5980__deblur__boundary_probe__nes__l1,1021,47,17,368,14,524
fit__5980__deblur__counterfactual__nes__l1,1021,50,18,487,2,626
calibration__1617__denoise__attack__nes__l0.5,1021,49,2,868,2,945
calibration__1617__denoise__restore__nes__l0.5,1021,49,2,713,2,843
calibration__1617__denoise__random_walk__random_walk__l0.5,1024,49,2,1023,2,1023
calibration__1617__denoise__confidence_boost__nes__l0.5,1021,49,2,825,2,935
calibration__1617__denoise__boundary_probe__nes__l0.5,1021,49,5,898,5,943
calibration__1617__denoise__counterfactual__nes__l0.5,1021,49,3,775,3,863
calibration__1617__deblur__attack__nes__l1,1021,47,18,277,18,385
calibration__1617__deblur__restore__nes__l1,1021,48,18,170,18,247
calibration__1617__deblur__random_walk__random_walk__l1,1024,50,2,1023,2,1023
calibration__1617__deblur__confidence_boost__nes__l1,1021,48,18,217,18,314
calibration__1617__deblur__boundary_probe__nes__l1,1021,48,18,192,18,278
calibration__1617__deblur__counterfactual__nes__l1,1021,48,9,219,4,339
calibration__5968__denoise__attack__nes__l0.5,1021,48,18,164,18,237
calibration__5968__denoise__restore__nes__l0.5,1021,48,18,264,18,364
calibration__5968__denoise__random_walk__random_walk__l0.5,1024,49,2,1023,2,1023
calibration__5968__denoise__confidence_boost__nes__l0.5,1021,47,18,106,12,162
calibration__5968__denoise__boundary_probe__nes__l0.5,1021,48,18,191,12,287
calibration__5968__denoise__counterfactual__nes__l0.5,1021,47,18,132,18,198
calibration__5968__deblur__attack__nes__l1,1021,48,5,349,5,494
calibration__5968__deblur__restore__nes__l1,1021,48,14,281,7,395
calibration__5968__deblur__random_walk__random_walk__l1,1024,49,2,1023,2,1023
calibration__5968__deblur__confidence_boost__nes__l1,1021,49,2,300,2,434
calibration__5968__deblur__boundary_probe__nes__l1,1021,49,18,300,10,418
calibration__5968__deblur__counterfactual__nes__l1,1021,49,5,348,5,473
calibration__2712__denoise__attack__nes__l0.5,1021,46,4,214,4,328
calibration__2712__denoise__restore__nes__l0.5,1021,48,15,217,5,298
calibration__2712__denoise__random_walk__random_walk__l0.5,1024,49,2,1023,2,1023
calibration__2712__denoise__confidence_boost__nes__l0.5,1021,48,3,255,3,376
calibration__2712__denoise__boundary_probe__nes__l0.5,1021,48,17,263,17,383
calibration__2712__denoise__counterfactual__nes__l0.5,1021,49,11,216,11,329
calibration__2712__deblur__attack__nes__l1,1021,48,6,500,4,618
calibration__2712__deblur__restore__nes__l1,1021,49,4,454,4,586
calibration__2712__deblur__random_walk__random_walk__l1,1024,49,2,1023,2,1023
calibration__2712__deblur__confidence_boost__nes__l1,1021,48,2,500,2,659
calibration__2712__deblur__boundary_probe__nes__l1,1021,48,4,393,4,539
calibration__2712__deblur__counterfactual__nes__l1,1021,49,3,449,3,584
calibration__9811__denoise__attack__nes__l0.5,1021,48,5,491,3,643
calibration__9811__denoise__restore__nes__l0.5,1021,48,4,413,4,549
calibration__9811__denoise__random_walk__random_walk__l0.5,1024,50,2,1023,2,1023
calibration__9811__denoise__confidence_boost__nes__l0.5,1021,48,7,422,5,566
calibration__9811__denoise__boundary_probe__nes__l0.5,1021,49,6,559,3,709
calibration__9811__denoise__counterfactual__nes__l0.5,1021,48,9,430,2,567
calibration__9811__deblur__attack__nes__l1,1021,47,5,341,5,441
calibration__9811__deblur__restore__nes__l1,1021,48,10,278,10,398
calibration__9811__deblur__random_walk__random_walk__l1,1024,49,2,1023,2,1023
calibration__9811__deblur__confidence_boost__nes__l1,1021,48,17,346,17,451
calibration__9811__deblur__boundary_probe__nes__l1,1021,47,16,176,12,255
calibration__9811__deblur__counterfactual__nes__l1,1021,48,18,291,18,405
calibration__5385__denoise__attack__nes__l0.5,1021,48,17,302,2,417
calibration__5385__denoise__restore__nes__l0.5,1021,47,18,211,15,322
calibration__5385__denoise__random_walk__random_walk__l0.5,1024,49,2,1023,2,1023
calibration__5385__denoise__confidence_boost__nes__l0.5,1021,48,18,212,15,337
calibration__5385__denoise__boundary_probe__nes__l0.5,1021,48,6,140,6,216
calibration__5385__denoise__counterfactual__nes__l0.5,1021,47,18,154,18,228
calibration__5385__deblur__attack__nes__l1,1021,49,17,407,10,534
calibration__5385__deblur__restore__nes__l1,1021,48,2,428,2,567
calibration__5385__deblur__random_walk__random_walk__l1,1024,49,2,1023,2,1023
calibration__5385__deblur__confidence_boost__nes__l1,1021,48,5,338,4,486
calibration__5385__deblur__boundary_probe__nes__l1,1021,49,10,424,6,587
calibration__5385__deblur__counterfactual__nes__l1,1021,47,5,327,2,447
calibration__896__denoise__attack__nes__l0.5,1021,48,8,348,8,499
calibration__896__denoise__restore__nes__l0.5,1021,48,18,316,7,457
calibration__896__denoise__random_walk__random_walk__l0.5,1024,49,2,1023,2,1023
calibration__896__denoise__confidence_boost__nes__l0.5,1021,47,5,244,3,346
calibration__896__denoise__boundary_probe__nes__l0.5,1021,49,4,231,4,363
calibration__896__denoise__counterfactual__nes__l0.5,1021,48,7,216,3,349
calibration__896__deblur__attack__nes__l1,1021,49,2,554,2,690
calibration__896__deblur__restore__nes__l1,1021,49,4,495,4,660
calibration__896__deblur__random_walk__random_walk__l1,1024,49,2,1023,2,1023
calibration__896__deblur__confidence_boost__nes__l1,1021,48,2,613,2,745
calibration__896__deblur__boundary_probe__nes__l1,1021,48,5,343,2,474
calibration__896__deblur__counterfactual__nes__l1,1021,47,9,496,2,655
calibration__7825__denoise__attack__nes__l0.5,1021,48,3,249,3,372
calibration__7825__denoise__restore__nes__l0.5,1021,48,7,224,7,327
calibration__7825__denoise__random_walk__random_walk__l0.5,1024,50,2,1023,2,1023
calibration__7825__denoise__confidence_boost__nes__l0.5,1021,48,5,240,5,381
calibration__7825__denoise__boundary_probe__nes__l0.5,1021,50,11,368,11,535
calibration__7825__denoise__counterfactual__nes__l0.5,1021,48,4,303,4,453
calibration__7825__deblur__attack__nes__l1,1021,48,7,608,3,745
calibration__7825__deblur__restore__nes__l1,1021,47,15,334,6,468
calibration__7825__deblur__random_walk__random_walk__l1,1024,49,2,1023,2,1023
calibration__7825__deblur__confidence_boost__nes__l1,1021,48,9,500,9,646
calibration__7825__deblur__boundary_probe__nes__l1,1021,48,15,319,15,433
calibration__7825__deblur__counterfactual__nes__l1,1021,47,18,294,4,416
calibration__1609__denoise__attack__nes__l0.5,1021,48,4,592,4,726
calibration__1609__denoise__restore__nes__l0.5,1021,48,9,473,3,604
calibration__1609__denoise__random_walk__random_walk__l0.5,1024,50,2,1023,2,1023
calibration__1609__denoise__confidence_boost__nes__l0.5,1021,48,18,359,8,512
calibration__1609__denoise__boundary_probe__nes__l0.5,1021,49,3,540,3,690
calibration__1609__denoise__counterfactual__nes__l0.5,1021,48,7,565,7,727
calibration__1609__deblur__attack__nes__l1,1021,49,2,846,2,924
calibration__1609__deblur__restore__nes__l1,1021,48,5,718,3,836
calibration__1609__deblur__random_walk__random_walk__l1,1024,50,2,1023,2,1023
calibration__1609__deblur__confidence_boost__nes__l1,1021,48,2,755,2,865
calibration__1609__deblur__boundary_probe__nes__l1,1021,48,3,739,3,860
calibration__1609__deblur__counterfactual__nes__l1,1021,49,2,835,2,925
calibration__9837__denoise__attack__nes__l0.5,1021,48,14,322,3,487
calibration__9837__denoise__restore__nes__l0.5,1021,49,2,464,2,585
calibration__9837__denoise__random_walk__random_walk__l0.5,1024,49,2,1023,2,1023
calibration__9837__denoise__confidence_boost__nes__l0.5,1021,48,11,313,3,445
calibration__9837__denoise__boundary_probe__nes__l0.5,1021,49,3,427,3,593
calibration__9837__denoise__counterfactual__nes__l0.5,1021,49,6,595,4,720
calibration__9837__deblur__attack__nes__l1,1021,49,5,213,5,289
calibration__9837__deblur__restore__nes__l1,1021,47,18,106,9,170
calibration__9837__deblur__random_walk__random_walk__l1,1024,49,2,1023,2,1023
calibration__9837__deblur__confidence_boost__nes__l1,1021,46,10,134,10,184
calibration__9837__deblur__boundary_probe__nes__l1,1021,48,18,266,18,358
calibration__9837__deblur__counterfactual__nes__l1,1021,49,18,273,18,373
calibration__7279__denoise__attack__nes__l0.5,1021,48,4,373,4,503
calibration__7279__denoise__restore__nes__l0.5,1021,48,4,576,3,708
calibration__7279__denoise__random_walk__random_walk__l0.5,1024,50,2,1023,2,1023
calibration__7279__denoise__confidence_boost__nes__l0.5,1021,49,11,332,10,475
calibration__7279__denoise__boundary_probe__nes__l0.5,1021,50,3,447,2,598
calibration__7279__denoise__counterfactual__nes__l0.5,1021,49,2,575,2,699
calibration__7279__deblur__attack__nes__l1,1021,48,7,464,7,591
calibration__7279__deblur__restore__nes__l1,1021,47,8,444,2,583
calibration__7279__deblur__random_walk__random_walk__l1,1024,49,2,1023,2,1023
calibration__7279__deblur__confidence_boost__nes__l1,1021,48,17,362,9,517
calibration__7279__deblur__boundary_probe__nes__l1,1021,48,2,295,2,422
calibration__7279__deblur__counterfactual__nes__l1,1021,48,6,566,2,693
calibration__901__denoise__attack__nes__l0.5,1021,49,3,331,3,460
calibration__901__denoise__restore__nes__l0.5,1021,49,13,320,9,454
calibration__901__denoise__random_walk__random_walk__l0.5,1024,49,2,1023,2,1023
calibration__901__denoise__confidence_boost__nes__l0.5,1021,48,2,520,2,663
calibration__901__denoise__boundary_probe__nes__l0.5,1021,47,5,281,5,418
calibration__901__denoise__counterfactual__nes__l0.5,1021,48,3,261,3,378
calibration__901__deblur__attack__nes__l1,1021,48,8,248,8,347
calibration__901__deblur__restore__nes__l1,1021,47,16,347,16,475
calibration__901__deblur__random_walk__random_walk__l1,1024,50,2,1023,2,1023
calibration__901__deblur__confidence_boost__nes__l1,1021,49,4,321,4,452
calibration__901__deblur__boundary_probe__nes__l1,1021,48,3,509,3,666
calibration__901__deblur__counterfactual__nes__l1,1021,49,14,366,14,477
calibration__7690__denoise__attack__nes__l0.5,1021,48,4,569,4,716
calibration__7690__denoise__restore__nes__l0.5,1021,48,4,395,4,528
calibration__7690__denoise__random_walk__random_walk__l0.5,1024,49,2,1023,2,1023
calibration__7690__denoise__confidence_boost__nes__l0.5,1021,48,3,431,3,585
calibration__7690__denoise__boundary_probe__nes__l0.5,1021,48,4,513,2,669
calibration__7690__denoise__counterfactual__nes__l0.5,1021,48,5,442,5,581
calibration__7690__deblur__attack__nes__l1,1021,48,3,455,2,591
calibration__7690__deblur__restore__nes__l1,1021,48,2,419,2,558
calibration__7690__deblur__random_walk__random_walk__l1,1024,49,2,1023,2,1023
calibration__7690__deblur__confidence_boost__nes__l1,1021,48,7,474,7,641
calibration__7690__deblur__boundary_probe__nes__l1,1021,48,5,483,5,633
calibration__7690__deblur__counterfactual__nes__l1,1021,48,4,576,4,714
calibration__803__denoise__attack__nes__l0.5,1021,48,12,331,12,467
calibration__803__denoise__restore__nes__l0.5,1021,49,5,299,5,424
calibration__803__denoise__random_walk__random_walk__l0.5,1024,49,2,1023,2,1023
calibration__803__denoise__confidence_boost__nes__l0.5,1021,49,18,258,18,369
calibration__803__denoise__boundary_probe__nes__l0.5,1021,49,2,331,2,478
calibration__803__denoise__counterfactual__nes__l0.5,1021,48,10,345,10,480
calibration__803__deblur__attack__nes__l1,1021,48,10,353,3,490
calibration__803__deblur__restore__nes__l1,1021,49,15,247,6,351
calibration__803__deblur__random_walk__random_walk__l1,1024,50,2,1023,2,1023
calibration__803__deblur__confidence_boost__nes__l1,1021,49,4,245,2,349
calibration__803__deblur__boundary_probe__nes__l1,1021,48,4,420,4,548
calibration__803__deblur__counterfactual__nes__l1,1021,47,3,165,3,234
calibration__8627__denoise__attack__nes__l0.5,1021,49,12,222,12,323
calibration__8627__denoise__restore__nes__l0.5,1021,48,18,377,18,491
calibration__8627__denoise__random_walk__random_walk__l0.5,1024,49,2,1023,2,1023
calibration__8627__denoise__confidence_boost__nes__l0.5,1021,48,18,144,18,210
calibration__8627__denoise__boundary_probe__nes__l0.5,1021,49,10,259,10,357
calibration__8627__denoise__counterfactual__nes__l0.5,1021,48,6,330,6,440
calibration__8627__deblur__attack__nes__l1,1021,48,15,307,13,419
calibration__8627__deblur__restore__nes__l1,1021,47,2,293,2,420
calibration__8627__deblur__random_walk__random_walk__l1,1024,49,2,1023,2,1023
calibration__8627__deblur__confidence_boost__nes__l1,1021,48,2,524,2,670
calibration__8627__deblur__boundary_probe__nes__l1,1021,47,18,286,8,397
calibration__8627__deblur__counterfactual__nes__l1,1021,50,10,214,9,302
calibration__4720__denoise__attack__nes__l0.5,1021,49,12,300,3,383
calibration__4720__denoise__restore__nes__l0.5,1021,48,18,475,2,598
calibration__4720__denoise__random_walk__random_walk__l0.5,1024,50,2,1023,2,1023
calibration__4720__denoise__confidence_boost__nes__l0.5,1021,49,8,292,3,418
calibration__4720__denoise__boundary_probe__nes__l0.5,1021,48,2,285,2,409
calibration__4720__denoise__counterfactual__nes__l0.5,1021,48,13,401,13,553
calibration__4720__deblur__attack__nes__l1,1021,49,4,469,4,616
calibration__4720__deblur__restore__nes__l1,1021,48,3,385,3,553
calibration__4720__deblur__random_walk__random_walk__l1,1024,50,2,1023,2,1023
calibration__4720__deblur__confidence_boost__nes__l1,1021,49,15,614,2,763
calibration__4720__deblur__boundary_probe__nes__l1,1021,49,2,629,2,755
calibration__4720__deblur__counterfactual__nes__l1,1021,50,5,359,2,491
calibration__2140__denoise__attack__nes__l0.5,1021,48,5,298,5,419
calibration__2140__denoise__restore__nes__l0.5,1021,48,11,312,5,450
calibration__2140__denoise__random_walk__random_walk__l0.5,1024,50,2,1023,2,1023
calibration__2140__denoise__confidence_boost__nes__l0.5,1021,49,7,474,7,622
calibration__2140__denoise__boundary_probe__nes__l0.5,1021,48,5,471,5,611
calibration__2140__denoise__counterfactual__nes__l0.5,1021,48,4,392,4,553
calibration__2140__deblur__attack__nes__l1,1021,48,12,359,12,483
calibration__2140__deblur__restore__nes__l1,1021,49,3,272,3,391
calibration__2140__deblur__random_walk__random_walk__l1,1024,50,2,1023,2,1023
calibration__2140__deblur__confidence_boost__nes__l1,1021,49,6,186,6,260
calibration__2140__deblur__boundary_probe__nes__l1,1021,48,3,280,3,407
calibration__2140__deblur__counterfactual__nes__l1,1021,48,18,456,18,601
calibration__7270__denoise__attack__nes__l0.5,1021,50,9,282,6,389
calibration__7270__denoise__restore__nes__l0.5,1021,48,18,218,2,333
calibration__7270__denoise__random_walk__random_walk__l0.5,1024,50,2,1023,2,1023
calibration__7270__denoise__confidence_boost__nes__l0.5,1021,49,5,290,5,405
calibration__7270__denoise__boundary_probe__nes__l0.5,1021,49,6,306,6,442
calibration__7270__denoise__counterfactual__nes__l0.5,1021,48,10,204,10,308
calibration__7270__deblur__attack__nes__l1,1021,49,18,541,7,683
calibration__7270__deblur__restore__nes__l1,1021,48,6,541,6,706
calibration__7270__deblur__random_walk__random_walk__l1,1024,50,2,1023,2,1023
calibration__7270__deblur__confidence_boost__nes__l1,1021,48,14,384,2,542
calibration__7270__deblur__boundary_probe__nes__l1,1021,48,4,446,3,593
calibration__7270__deblur__counterfactual__nes__l1,1021,47,6,328,6,440
evaluation__3499__denoise__attack__nes__l0.5,1021,49,2,698,2,792
evaluation__3499__denoise__restore__nes__l0.5,1021,48,5,622,4,743
evaluation__3499__denoise__random_walk__random_walk__l0.5,1024,50,2,1023,2,1023
evaluation__3499__denoise__confidence_boost__nes__l0.5,1021,49,2,613,2,727
evaluation__3499__denoise__boundary_probe__nes__l0.5,1021,48,5,743,2,839
evaluation__3499__denoise__counterfactual__nes__l0.5,1021,49,5,675,5,786
evaluation__3499__deblur__attack__nes__l1,1021,48,4,270,4,378
evaluation__3499__deblur__restore__nes__l1,1021,48,9,310,9,428
evaluation__3499__deblur__random_walk__random_walk__l1,1024,50,2,1023,2,1023
evaluation__3499__deblur__confidence_boost__nes__l1,1021,48,18,160,18,240
evaluation__3499__deblur__boundary_probe__nes__l1,1021,48,12,297,12,397
evaluation__3499__deblur__counterfactual__nes__l1,1021,48,11,280,11,394
evaluation__6241__denoise__attack__nes__l0.5,1021,47,10,437,7,595
evaluation__6241__denoise__restore__nes__l0.5,1021,48,3,569,2,704
evaluation__6241__denoise__random_walk__random_walk__l0.5,1024,49,2,1023,2,1023
evaluation__6241__denoise__confidence_boost__nes__l0.5,1021,48,2,369,2,525
evaluation__6241__denoise__boundary_probe__nes__l0.5,1021,48,2,419,2,587
evaluation__6241__denoise__counterfactual__nes__l0.5,1021,49,4,610,4,754
evaluation__6241__deblur__attack__nes__l1,1021,48,3,443,2,574
evaluation__6241__deblur__restore__nes__l1,1021,49,2,729,2,846
evaluation__6241__deblur__random_walk__random_walk__l1,1024,50,2,1023,2,1023
evaluation__6241__deblur__confidence_boost__nes__l1,1021,49,2,628,2,757
evaluation__6241__deblur__boundary_probe__nes__l1,1021,50,2,545,2,682
evaluation__6241__deblur__counterfactual__nes__l1,1021,49,5,587,2,691
evaluation__8894__denoise__attack__nes__l0.5,1021,49,3,727,2,837
evaluation__8894__denoise__restore__nes__l0.5,1021,48,2,786,2,881
evaluation__8894__denoise__random_walk__random_walk__l0.5,1024,49,2,1023,2,1023
evaluation__8894__denoise__confidence_boost__nes__l0.5,1021,48,2,423,2,566
evaluation__8894__denoise__boundary_probe__nes__l0.5,1021,48,4,736,3,850
evaluation__8894__denoise__counterfactual__nes__l0.5,1021,48,2,537,2,681
evaluation__8894__deblur__attack__nes__l1,1021,48,5,404,5,551
evaluation__8894__deblur__restore__nes__l1,1021,48,2,290,2,391
evaluation__8894__deblur__random_walk__random_walk__l1,1024,49,2,1023,2,1023
evaluation__8894__deblur__confidence_boost__nes__l1,1021,48,3,233,2,346
evaluation__8894__deblur__boundary_probe__nes__l1,1021,48,12,364,12,485
evaluation__8894__deblur__counterfactual__nes__l1,1021,47,2,329,2,467
evaluation__81__denoise__attack__nes__l0.5,1021,47,18,211,4,294
evaluation__81__denoise__restore__nes__l0.5,1021,46,8,183,2,278
evaluation__81__denoise__random_walk__random_walk__l0.5,1024,49,2,1023,2,1023
evaluation__81__denoise__confidence_boost__nes__l0.5,1021,48,15,290,15,421
evaluation__81__denoise__boundary_probe__nes__l0.5,1021,49,6,299,2,429
evaluation__81__denoise__counterfactual__nes__l0.5,1021,47,8,217,4,340
evaluation__81__deblur__attack__nes__l1,1021,48,3,514,3,671
evaluation__81__deblur__restore__nes__l1,1021,50,2,638,2,786
evaluation__81__deblur__random_walk__random_walk__l1,1024,49,2,1023,2,1023
evaluation__81__deblur__confidence_boost__nes__l1,1021,49,3,560,2,713
evaluation__81__deblur__boundary_probe__nes__l1,1021,50,2,758,2,860
evaluation__81__deblur__counterfactual__nes__l1,1021,48,5,653,2,797
evaluation__2601__denoise__attack__nes__l0.5,1021,49,8,455,6,611
evaluation__2601__denoise__restore__nes__l0.5,1021,48,9,313,9,455
evaluation__2601__denoise__random_walk__random_walk__l0.5,1024,49,2,1023,2,1023
evaluation__2601__denoise__confidence_boost__nes__l0.5,1021,48,9,442,9,579
evaluation__2601__denoise__boundary_probe__nes__l0.5,1021,48,2,459,2,591
evaluation__2601__denoise__counterfactual__nes__l0.5,1021,49,9,373,9,500
evaluation__2601__deblur__attack__nes__l1,1021,49,3,505,2,667
evaluation__2601__deblur__restore__nes__l1,1021,48,3,778,3,882
evaluation__2601__deblur__random_walk__random_walk__l1,1024,49,2,1023,2,1023
evaluation__2601__deblur__confidence_boost__nes__l1,1021,48,4,781,4,893
evaluation__2601__deblur__boundary_probe__nes__l1,1021,48,4,813,4,898
evaluation__2601__deblur__counterfactual__nes__l1,1021,48,4,687,2,802
evaluation__7215__denoise__attack__nes__l0.5,1021,48,5,594,4,755
evaluation__7215__denoise__restore__nes__l0.5,1021,49,2,611,2,738
evaluation__7215__denoise__random_walk__random_walk__l0.5,1024,49,2,1023,2,1023
evaluation__7215__denoise__confidence_boost__nes__l0.5,1021,48,3,517,3,661
evaluation__7215__denoise__boundary_probe__nes__l0.5,1021,48,3,492,3,641
evaluation__7215__denoise__counterfactual__nes__l0.5,1021,48,2,718,2,849
evaluation__7215__deblur__attack__nes__l1,1021,48,4,464,3,622
evaluation__7215__deblur__restore__nes__l1,1021,47,3,417,3,571
evaluation__7215__deblur__random_walk__random_walk__l1,1024,49,2,1023,2,1023
evaluation__7215__deblur__confidence_boost__nes__l1,1021,47,16,369,7,534
evaluation__7215__deblur__boundary_probe__nes__l1,1021,49,12,410,6,578
evaluation__7215__deblur__counterfactual__nes__l1,1021,48,11,450,11,616
evaluation__9455__denoise__attack__nes__l0.5,1021,48,18,144,18,218
evaluation__9455__denoise__restore__nes__l0.5,1021,47,7,166,7,246
evaluation__9455__denoise__random_walk__random_walk__l0.5,1024,50,2,1023,2,1023
evaluation__9455__denoise__confidence_boost__nes__l0.5,1021,48,12,140,12,198
evaluation__9455__denoise__boundary_probe__nes__l0.5,1021,47,4,224,4,315
evaluation__9455__denoise__counterfactual__nes__l0.5,1021,48,6,219,6,331
evaluation__9455__deblur__attack__nes__l1,1021,48,3,629,3,754
evaluation__9455__deblur__restore__nes__l1,1021,47,2,860,2,945
evaluation__9455__deblur__random_walk__random_walk__l1,1024,49,2,1023,2,1023
evaluation__9455__deblur__confidence_boost__nes__l1,1021,48,4,696,4,839
evaluation__9455__deblur__boundary_probe__nes__l1,1021,47,7,636,2,784
evaluation__9455__deblur__counterfactual__nes__l1,1021,49,2,683,2,822
evaluation__2774__denoise__attack__nes__l0.5,1021,48,3,723,3,830
evaluation__2774__denoise__restore__nes__l0.5,1021,49,3,631,3,734
evaluation__2774__denoise__random_walk__random_walk__l0.5,1024,50,2,1023,2,1023
evaluation__2774__denoise__confidence_boost__nes__l0.5,1021,48,2,764,2,865
evaluation__2774__denoise__boundary_probe__nes__l0.5,1021,49,2,846,2,913
evaluation__2774__denoise__counterfactual__nes__l0.5,1021,48,2,798,2,896
evaluation__2774__deblur__attack__nes__l1,1021,49,9,288,9,426
evaluation__2774__deblur__restore__nes__l1,1021,48,2,292,2,422
evaluation__2774__deblur__random_walk__random_walk__l1,1024,49,2,1023,2,1023
evaluation__2774__deblur__confidence_boost__nes__l1,1021,48,12,469,12,591
evaluation__2774__deblur__boundary_probe__nes__l1,1021,49,3,486,3,625
evaluation__2774__deblur__counterfactual__nes__l1,1021,48,17,381,8,526
evaluation__6515__denoise__attack__nes__l0.5,1021,47,12,544,8,667
evaluation__6515__denoise__restore__nes__l0.5,1021,48,15,484,6,620
evaluation__6515__denoise__random_walk__random_walk__l0.5,1024,49,2,1023,2,1023
evaluation__6515__denoise__confidence_boost__nes__l0.5,1021,48,13,414,13,537
evaluation__6515__denoise__boundary_probe__nes__l0.5,1021,47,10,500,10,639
evaluation__6515__denoise__counterfactual__nes__l0.5,1021,47,3,193,3,306
evaluation__6515__deblur__attack__nes__l1,1021,49,13,305,7,414
evaluation__6515__deblur__restore__nes__l1,1021,49,16,352,5,464
evaluation__6515__deblur__random_walk__random_walk__l1,1024,49,2,1023,2,1023
evaluation__6515__deblur__confidence_boost__nes__l1,1021,48,10,271,10,393
evaluation__6515__deblur__boundary_probe__nes__l1,1021,48,18,272,4,383
evaluation__6515__deblur__counterfactual__nes__l1,1021,49,5,218,3,301
evaluation__8363__denoise__attack__nes__l0.5,1021,47,13,373,9,507
evaluation__8363__denoise__restore__nes__l0.5,1021,47,2,288,2,446
evaluation__8363__denoise__random_walk__random_walk__l0.5,1024,50,2,1023,2,1023
evaluation__8363__denoise__confidence_boost__nes__l0.5,1021,48,2,404,2,540
evaluation__8363__denoise__boundary_probe__nes__l0.5,1021,47,11,392,10,548
evaluation__8363__denoise__counterfactual__nes__l0.5,1021,46,18,376,5,507
evaluation__8363__deblur__attack__nes__l1,1021,47,2,401,2,540
evaluation__8363__deblur__restore__nes__l1,1021,48,6,409,6,555
evaluation__8363__deblur__random_walk__random_walk__l1,1024,49,2,1023,2,1023
evaluation__8363__deblur__confidence_boost__nes__l1,1021,49,5,310,5,427
evaluation__8363__deblur__boundary_probe__nes__l1,1021,50,15,352,15,469
evaluation__8363__deblur__counterfactual__nes__l1,1021,48,15,228,15,361
evaluation__2991__denoise__attack__nes__l0.5,1021,48,6,445,2,581
evaluation__2991__denoise__restore__nes__l0.5,1021,49,18,360,4,522
evaluation__2991__denoise__random_walk__random_walk__l0.5,1024,49,2,1023,2,1023
evaluation__2991__denoise__confidence_boost__nes__l0.5,1021,47,6,248,6,370
evaluation__2991__denoise__boundary_probe__nes__l0.5,1021,48,8,346,8,494
evaluation__2991__denoise__counterfactual__nes__l0.5,1021,49,8,401,8,545
evaluation__2991__deblur__attack__nes__l1,1021,47,18,161,18,246
evaluation__2991__deblur__restore__nes__l1,1021,49,18,154,18,250
evaluation__2991__deblur__random_walk__random_walk__l1,1024,49,2,1023,2,1023
evaluation__2991__deblur__confidence_boost__nes__l1,1021,47,9,126,9,171
evaluation__2991__deblur__boundary_probe__nes__l1,1021,48,18,179,8,267
evaluation__2991__deblur__counterfactual__nes__l1,1021,46,18,199,18,289
evaluation__5655__denoise__attack__nes__l0.5,1021,49,3,568,2,709
evaluation__5655__denoise__restore__nes__l0.5,1021,47,3,285,3,409
evaluation__5655__denoise__random_walk__random_walk__l0.5,1024,50,2,1023,2,1023
evaluation__5655__denoise__confidence_boost__nes__l0.5,1021,48,2,417,2,547
evaluation__5655__denoise__boundary_probe__nes__l0.5,1021,49,11,610,7,741
evaluation__5655__denoise__counterfactual__nes__l0.5,1021,49,18,472,8,601
evaluation__5655__deblur__attack__nes__l1,1021,49,18,453,5,576
evaluation__5655__deblur__restore__nes__l1,1021,49,10,557,4,694
evaluation__5655__deblur__random_walk__random_walk__l1,1024,49,2,1023,2,1023
evaluation__5655__deblur__confidence_boost__nes__l1,1021,49,18,326,9,486
evaluation__5655__deblur__boundary_probe__nes__l1,1021,49,18,472,12,619
evaluation__5655__deblur__counterfactual__nes__l1,1021,48,2,459,2,602
evaluation__7378__denoise__attack__nes__l0.5,1021,49,3,608,3,756
evaluation__7378__denoise__restore__nes__l0.5,1021,49,18,554,18,691
evaluation__7378__denoise__random_walk__random_walk__l0.5,1024,50,2,1023,2,1023
evaluation__7378__denoise__confidence_boost__nes__l0.5,1021,47,3,650,3,788
evaluation__7378__denoise__boundary_probe__nes__l0.5,1021,47,5,476,5,621
evaluation__7378__denoise__counterfactual__nes__l0.5,1021,48,6,484,6,655
evaluation__7378__deblur__attack__nes__l1,1021,49,10,506,7,673
evaluation__7378__deblur__restore__nes__l1,1021,48,6,378,4,513
evaluation__7378__deblur__random_walk__random_walk__l1,1024,50,2,1023,2,1023
evaluation__7378__deblur__confidence_boost__nes__l1,1021,48,2,414,2,569
evaluation__7378__deblur__boundary_probe__nes__l1,1021,48,3,358,3,489
evaluation__7378__deblur__counterfactual__nes__l1,1021,49,2,365,2,540
evaluation__1303__denoise__attack__nes__l0.5,1021,48,10,254,3,365
evaluation__1303__denoise__restore__nes__l0.5,1021,48,9,434,9,574
evaluation__1303__denoise__random_walk__random_walk__l0.5,1024,49,2,1023,2,1023
evaluation__1303__denoise__confidence_boost__nes__l0.5,1021,48,7,285,7,420
evaluation__1303__denoise__boundary_probe__nes__l0.5,1021,48,10,237,10,347
evaluation__1303__denoise__counterfactual__nes__l0.5,1021,48,18,245,18,364
evaluation__1303__deblur__attack__nes__l1,1021,48,8,598,8,750
evaluation__1303__deblur__restore__nes__l1,1021,50,9,403,2,577
evaluation__1303__deblur__random_walk__random_walk__l1,1024,49,2,1023,2,1023
evaluation__1303__deblur__confidence_boost__nes__l1,1021,48,10,286,6,433
evaluation__1303__deblur__boundary_probe__nes__l1,1021,50,5,563,4,698
evaluation__1303__deblur__counterfactual__nes__l1,1021,50,4,505,4,641
evaluation__3822__denoise__attack__nes__l0.5,1021,48,2,461,2,622
evaluation__3822__denoise__restore__nes__l0.5,1021,48,2,513,2,634
evaluation__3822__denoise__random_walk__random_walk__l0.5,1024,50,2,1023,2,1023
evaluation__3822__denoise__confidence_boost__nes__l0.5,1021,48,11,449,4,562
evaluation__3822__denoise__boundary_probe__nes__l0.5,1021,50,11,242,11,342
evaluation__3822__denoise__counterfactual__nes__l0.5,1021,49,4,420,4,573
evaluation__3822__deblur__attack__nes__l1,1021,48,18,640,4,750
evaluation__3822__deblur__restore__nes__l1,1021,48,18,478,18,643
evaluation__3822__deblur__random_walk__random_walk__l1,1024,50,2,1023,2,1023
evaluation__3822__deblur__confidence_boost__nes__l1,1021,48,7,495,7,650
evaluation__3822__deblur__boundary_probe__nes__l1,1021,48,5,391,5,547
evaluation__3822__deblur__counterfactual__nes__l1,1021,49,18,365,9,482
evaluation__6005__denoise__attack__nes__l0.5,1021,48,18,247,2,373
evaluation__6005__denoise__restore__nes__l0.5,1021,48,3,308,3,439
evaluation__6005__denoise__random_walk__random_walk__l0.5,1024,49,2,1023,2,1023
evaluation__6005__denoise__confidence_boost__nes__l0.5,1021,48,6,400,6,536
evaluation__6005__denoise__boundary_probe__nes__l0.5,1021,48,13,357,13,486
evaluation__6005__denoise__counterfactual__nes__l0.5,1021,48,2,473,2,631
evaluation__6005__deblur__attack__nes__l1,1021,48,4,464,4,593
evaluation__6005__deblur__restore__nes__l1,1021,49,5,571,5,696
evaluation__6005__deblur__random_walk__random_walk__l1,1024,50,2,1023,2,1023
evaluation__6005__deblur__confidence_boost__nes__l1,1021,48,2,738,2,843
evaluation__6005__deblur__boundary_probe__nes__l1,1021,48,2,517,2,659
evaluation__6005__deblur__counterfactual__nes__l1,1021,49,2,481,2,624
evaluation__9715__denoise__attack__nes__l0.5,1021,47,18,270,18,378
evaluation__9715__denoise__restore__nes__l0.5,1021,49,2,234,2,354
evaluation__9715__denoise__random_walk__random_walk__l0.5,1024,49,2,1023,2,1023
evaluation__9715__denoise__confidence_boost__nes__l0.5,1021,49,2,383,2,534
evaluation__9715__denoise__boundary_probe__nes__l0.5,1021,49,18,428,9,564
evaluation__9715__denoise__counterfactual__nes__l0.5,1021,47,6,435,6,566
evaluation__9715__deblur__attack__nes__l1,1021,48,3,506,3,625
evaluation__9715__deblur__restore__nes__l1,1021,49,3,446,3,596
evaluation__9715__deblur__random_walk__random_walk__l1,1024,49,2,1023,2,1023
evaluation__9715__deblur__confidence_boost__nes__l1,1021,49,3,704,3,833
evaluation__9715__deblur__boundary_probe__nes__l1,1021,48,4,638,4,749
evaluation__9715__deblur__counterfactual__nes__l1,1021,49,9,612,8,736
evaluation__2582__denoise__attack__nes__l0.5,1021,49,6,717,2,850
evaluation__2582__denoise__restore__nes__l0.5,1021,48,3,588,3,733
evaluation__2582__denoise__random_walk__random_walk__l0.5,1024,49,2,1023,2,1023
evaluation__2582__denoise__confidence_boost__nes__l0.5,1021,48,2,400,2,543
evaluation__2582__denoise__boundary_probe__nes__l0.5,1021,48,2,856,2,931
evaluation__2582__denoise__counterfactual__nes__l0.5,1021,49,4,604,3,740
evaluation__2582__deblur__attack__nes__l1,1021,49,10,331,10,459
evaluation__2582__deblur__restore__nes__l1,1021,48,8,430,2,565
evaluation__2582__deblur__random_walk__random_walk__l1,1024,49,2,1023,2,1023
evaluation__2582__deblur__confidence_boost__nes__l1,1021,48,9,356,9,460
evaluation__2582__deblur__boundary_probe__nes__l1,1021,49,5,626,5,760
evaluation__2582__deblur__counterfactual__nes__l1,1021,49,9,312,9,430
evaluation__6092__denoise__attack__nes__l0.5,1021,47,4,181,4,267
evaluation__6092__denoise__restore__nes__l0.5,1021,47,18,196,18,305
evaluation__6092__denoise__random_walk__random_walk__l0.5,1024,49,2,1023,2,1023
evaluation__6092__denoise__confidence_boost__nes__l0.5,1021,48,11,260,11,389
evaluation__6092__denoise__boundary_probe__nes__l0.5,1021,46,18,433,18,565
evaluation__6092__denoise__counterfactual__nes__l0.5,1021,48,16,380,12,519
evaluation__6092__deblur__attack__nes__l1,1021,49,4,494,4,647
evaluation__6092__deblur__restore__nes__l1,1021,48,18,393,10,540
evaluation__6092__deblur__random_walk__random_walk__l1,1024,49,2,1023,2,1023
evaluation__6092__deblur__confidence_boost__nes__l1,1021,47,3,272,2,403
evaluation__6092__deblur__boundary_probe__nes__l1,1021,49,8,494,4,647
evaluation__6092__deblur__counterfactual__nes__l1,1021,47,9,354,4,502
evaluation__9410__denoise__attack__nes__l0.5,1021,50,2,870,2,949
evaluation__9410__denoise__restore__nes__l0.5,1021,48,2,842,2,930
evaluation__9410__denoise__random_walk__random_walk__l0.5,1024,49,2,1023,2,1023
evaluation__9410__denoise__confidence_boost__nes__l0.5,1021,49,2,879,2,946
evaluation__9410__denoise__boundary_probe__nes__l0.5,1021,49,3,910,3,969
evaluation__9410__denoise__counterfactual__nes__l0.5,1021,49,2,887,2,954
evaluation__9410__deblur__attack__nes__l1,1021,46,18,240,12,341
evaluation__9410__deblur__restore__nes__l1,1021,48,18,125,10,183
evaluation__9410__deblur__random_walk__random_walk__l1,1024,49,2,1023,2,1023
evaluation__9410__deblur__confidence_boost__nes__l1,1021,47,18,184,5,270
evaluation__9410__deblur__boundary_probe__nes__l1,1021,49,5,195,5,285
evaluation__9410__deblur__counterfactual__nes__l1,1021,47,13,272,13,372
evaluation__1978__denoise__attack__nes__l0.5,1021,48,2,600,2,755
evaluation__1978__denoise__restore__nes__l0.5,1021,49,4,560,4,710
evaluation__1978__denoise__random_walk__random_walk__l0.5,1024,50,2,1023,2,1023
evaluation__1978__denoise__confidence_boost__nes__l0.5,1021,49,7,689,3,826
evaluation__1978__denoise__boundary_probe__nes__l0.5,1021,47,13,319,3,453
evaluation__1978__denoise__counterfactual__nes__l0.5,1021,49,10,378,10,537
evaluation__1978__deblur__attack__nes__l1,1021,47,13,369,12,491
evaluation__1978__deblur__restore__nes__l1,1021,49,16,394,16,550
evaluation__1978__deblur__random_walk__random_walk__l1,1024,49,2,1023,2,1023
evaluation__1978__deblur__confidence_boost__nes__l1,1021,48,11,268,11,377
evaluation__1978__deblur__boundary_probe__nes__l1,1021,49,6,305,6,424
evaluation__1978__deblur__counterfactual__nes__l1,1021,49,6,317,5,468
evaluation__4746__denoise__attack__nes__l0.5,1021,49,15,307,15,429
evaluation__4746__denoise__restore__nes__l0.5,1021,49,5,630,5,756
evaluation__4746__denoise__random_walk__random_walk__l0.5,1024,49,2,1023,2,1023
evaluation__4746__denoise__confidence_boost__nes__l0.5,1021,49,8,400,8,539
evaluation__4746__denoise__boundary_probe__nes__l0.5,1021,47,16,358,16,506
evaluation__4746__denoise__counterfactual__nes__l0.5,1021,47,15,392,5,530
evaluation__4746__deblur__attack__nes__l1,1021,49,4,357,4,471
evaluation__4746__deblur__restore__nes__l1,1021,49,10,411,10,547
evaluation__4746__deblur__random_walk__random_walk__l1,1024,49,2,1023,2,1023
evaluation__4746__deblur__confidence_boost__nes__l1,1021,48,5,275,2,398
evaluation__4746__deblur__boundary_probe__nes__l1,1021,48,4,578,4,714
evaluation__4746__deblur__counterfactual__nes__l1,1021,48,9,455,4,615
evaluation__7777__denoise__attack__nes__l0.5,1021,47,6,309,2,441
evaluation__7777__denoise__restore__nes__l0.5,1021,49,2,338,2,484
evaluation__7777__denoise__random_walk__random_walk__l0.5,1024,49,2,1023,2,1023
evaluation__7777__denoise__confidence_boost__nes__l0.5,1021,48,5,511,5,660
evaluation__7777__denoise__boundary_probe__nes__l0.5,1021,47,4,320,4,454
evaluation__7777__denoise__counterfactual__nes__l0.5,1021,49,7,602,3,738
evaluation__7777__deblur__attack__nes__l1,1021,48,10,376,4,491
evaluation__7777__deblur__restore__nes__l1,1021,48,6,262,6,372
evaluation__7777__deblur__random_walk__random_walk__l1,1024,49,2,1023,2,1023
evaluation__7777__deblur__confidence_boost__nes__l1,1021,48,17,358,17,488
evaluation__7777__deblur__boundary_probe__nes__l1,1021,49,8,308,8,433
evaluation__7777__deblur__counterfactual__nes__l1,1021,48,4,381,4,513
evaluation__808__denoise__attack__nes__l0.5,1021,48,2,208,2,323
evaluation__808__denoise__restore__nes__l0.5,1021,48,11,300,6,444
evaluation__808__denoise__random_walk__random_walk__l0.5,1024,49,2,1023,2,1023
evaluation__808__denoise__confidence_boost__nes__l0.5,1021,48,5,467,5,611
evaluation__808__denoise__boundary_probe__nes__l0.5,1021,49,15,329,13,449
evaluation__808__denoise__counterfactual__nes__l0.5,1021,48,5,352,2,492
evaluation__808__deblur__attack__nes__l1,1021,49,3,869,3,946
evaluation__808__deblur__restore__nes__l1,1021,48,2,815,2,910
evaluation__808__deblur__random_walk__random_walk__l1,1024,50,2,1023,2,1023
evaluation__808__deblur__confidence_boost__nes__l1,1021,47,2,759,2,872
evaluation__808__deblur__boundary_probe__nes__l1,1021,49,2,686,2,824
evaluation__808__deblur__counterfactual__nes__l1,1021,48,3,773,3,883
evaluation__3975__denoise__attack__nes__l0.5,1021,48,7,324,4,451
evaluation__3975__denoise__restore__nes__l0.5,1021,47,18,254,18,380
evaluation__3975__denoise__random_walk__random_walk__l0.5,1024,50,2,1023,2,1023
evaluation__3975__denoise__confidence_boost__nes__l0.5,1021,48,18,449,18,594
evaluation__3975__denoise__boundary_probe__nes__l0.5,1021,46,12,218,12,359
evaluation__3975__denoise__counterfactual__nes__l0.5,1021,48,2,259,2,395
evaluation__3975__deblur__attack__nes__l1,1021,46,5,202,5,291
evaluation__3975__deblur__restore__nes__l1,1021,47,2,333,2,456
evaluation__3975__deblur__random_walk__random_walk__l1,1024,49,2,1023,2,1023
evaluation__3975__deblur__confidence_boost__nes__l1,1021,48,17,391,17,535
evaluation__3975__deblur__boundary_probe__nes__l1,1021,49,18,130,16,195
evaluation__3975__deblur__counterfactual__nes__l1,1021,48,18,153,18,230
evaluation__5675__denoise__attack__nes__l0.5,1021,49,2,232,2,341
evaluation__5675__denoise__restore__nes__l0.5,1021,48,11,219,10,299
evaluation__5675__denoise__random_walk__random_walk__l0.5,1024,49,2,1023,2,1023
evaluation__5675__denoise__confidence_boost__nes__l0.5,1021,49,8,192,4,295
evaluation__5675__denoise__boundary_probe__nes__l0.5,1021,48,7,333,7,467
evaluation__5675__denoise__counterfactual__nes__l0.5,1021,47,8,227,2,316
evaluation__5675__deblur__attack__nes__l1,1021,48,18,220,18,307
evaluation__5675__deblur__restore__nes__l1,1021,48,18,177,9,262
evaluation__5675__deblur__random_walk__random_walk__l1,1024,49,2,1023,2,1023
evaluation__5675__deblur__confidence_boost__nes__l1,1021,49,2,338,2,444
evaluation__5675__deblur__boundary_probe__nes__l1,1021,48,15,285,15,408
evaluation__5675__deblur__counterfactual__nes__l1,1021,48,18,279,18,412
evaluation__8560__denoise__attack__nes__l0.5,1021,48,4,455,3,585
evaluation__8560__denoise__restore__nes__l0.5,1021,49,2,652,2,787
evaluation__8560__denoise__random_walk__random_walk__l0.5,1024,50,2,1023,2,1023
evaluation__8560__denoise__confidence_boost__nes__l0.5,1021,49,3,420,3,561
evaluation__8560__denoise__boundary_probe__nes__l0.5,1021,49,2,504,2,638
evaluation__8560__denoise__counterfactual__nes__l0.5,1021,48,4,349,4,476
evaluation__8560__deblur__attack__nes__l1,1021,48,5,370,4,509
evaluation__8560__deblur__restore__nes__l1,1021,47,2,448,2,586
evaluation__8560__deblur__random_walk__random_walk__l1,1024,50,2,1023,2,1023
evaluation__8560__deblur__confidence_boost__nes__l1,1021,48,4,674,4,782
evaluation__8560__deblur__boundary_probe__nes__l1,1021,50,18,451,5,629
evaluation__8560__deblur__counterfactual__nes__l1,1021,49,9,493,3,631
evaluation__1897__denoise__attack__nes__l0.5,1021,47,2,589,2,745
evaluation__1897__denoise__restore__nes__l0.5,1021,49,5,673,5,792
evaluation__1897__denoise__random_walk__random_walk__l0.5,1024,49,2,1023,2,1023
evaluation__1897__denoise__confidence_boost__nes__l0.5,1021,47,2,526,2,685
evaluation__1897__denoise__boundary_probe__nes__l0.5,1021,48,4,548,4,710
evaluation__1897__denoise__counterfactual__nes__l0.5,1021,48,4,553,2,720
evaluation__1897__deblur__attack__nes__l1,1021,49,5,692,3,822
evaluation__1897__deblur__restore__nes__l1,1021,49,3,615,3,755
evaluation__1897__deblur__random_walk__random_walk__l1,1024,49,2,1023,2,1023
evaluation__1897__deblur__confidence_boost__nes__l1,1021,48,2,628,2,770
evaluation__1897__deblur__boundary_probe__nes__l1,1021,49,2,717,2,845
evaluation__1897__deblur__counterfactual__nes__l1,1021,48,3,640,3,783
evaluation__4086__denoise__attack__nes__l0.5,1021,47,15,269,15,379
evaluation__4086__denoise__restore__nes__l0.5,1021,47,15,243,15,401
evaluation__4086__denoise__random_walk__random_walk__l0.5,1024,50,2,1023,2,1023
evaluation__4086__denoise__confidence_boost__nes__l0.5,1021,47,5,234,5,340
evaluation__4086__denoise__boundary_probe__nes__l0.5,1021,48,18,327,18,454
evaluation__4086__denoise__counterfactual__nes__l0.5,1021,47,5,374,5,531
evaluation__4086__deblur__attack__nes__l1,1021,48,18,367,18,512
evaluation__4086__deblur__restore__nes__l1,1021,48,11,262,11,378
evaluation__4086__deblur__random_walk__random_walk__l1,1024,49,2,1023,2,1023
evaluation__4086__deblur__confidence_boost__nes__l1,1021,48,12,407,12,543
evaluation__4086__deblur__boundary_probe__nes__l1,1021,49,18,448,11,596
evaluation__4086__deblur__counterfactual__nes__l1,1021,47,18,378,8,510
evaluation__7261__denoise__attack__nes__l0.5,1021,48,4,571,4,720
evaluation__7261__denoise__restore__nes__l0.5,1021,49,3,723,3,857
evaluation__7261__denoise__random_walk__random_walk__l0.5,1024,49,2,1023,2,1023
evaluation__7261__denoise__confidence_boost__nes__l0.5,1021,49,4,825,2,916
evaluation__7261__denoise__boundary_probe__nes__l0.5,1021,48,3,731,3,852
evaluation__7261__denoise__counterfactual__nes__l0.5,1021,47,2,646,2,770
evaluation__7261__deblur__attack__nes__l1,1021,48,12,520,8,681
evaluation__7261__deblur__restore__nes__l1,1021,48,2,608,2,738
evaluation__7261__deblur__random_walk__random_walk__l1,1024,49,2,1023,2,1023
evaluation__7261__deblur__confidence_boost__nes__l1,1021,49,7,342,3,473
evaluation__7261__deblur__boundary_probe__nes__l1,1021,49,8,529,8,681
evaluation__7261__deblur__counterfactual__nes__l1,1021,48,16,438,10,592
evaluation__2148__denoise__attack__nes__l0.5,1021,48,7,468,7,624
evaluation__2148__denoise__restore__nes__l0.5,1021,49,18,346,7,475
evaluation__2148__denoise__random_walk__random_walk__l0.5,1024,49,2,1023,2,1023
evaluation__2148__denoise__confidence_boost__nes__l0.5,1021,47,18,309,18,424
evaluation__2148__denoise__boundary_probe__nes__l0.5,1021,47,3,229,3,339
evaluation__2148__denoise__counterfactual__nes__l0.5,1021,49,8,443,8,567
evaluation__2148__deblur__attack__nes__l1,1021,47,5,225,5,316
evaluation__2148__deblur__restore__nes__l1,1021,47,16,203,16,314
evaluation__2148__deblur__random_walk__random_walk__l1,1024,50,2,1023,2,1023
evaluation__2148__deblur__confidence_boost__nes__l1,1021,48,18,193,18,289
evaluation__2148__deblur__boundary_probe__nes__l1,1021,48,5,160,5,248
evaluation__2148__deblur__counterfactual__nes__l1,1021,49,18,322,10,443
evaluation__6167__denoise__attack__nes__l0.5,1021,47,16,92,15,114
evaluation__6167__denoise__restore__nes__l0.5,1021,47,18,89,18,122
evaluation__6167__denoise__random_walk__random_walk__l0.5,1024,49,2,1023,2,1023
evaluation__6167__denoise__confidence_boost__nes__l0.5,1021,49,3,91,3,121
evaluation__6167__denoise__boundary_probe__nes__l0.5,1021,48,7,120,5,175
evaluation__6167__denoise__counterfactual__nes__l0.5,1021,48,18,117,18,173
evaluation__6167__deblur__attack__nes__l1,1021,47,18,280,2,417
evaluation__6167__deblur__restore__nes__l1,1021,49,11,283,2,390
evaluation__6167__deblur__random_walk__random_walk__l1,1024,50,2,1023,2,1023
evaluation__6167__deblur__confidence_boost__nes__l1,1021,48,18,207,5,305
evaluation__6167__deblur__boundary_probe__nes__l1,1021,49,3,323,3,424
evaluation__6167__deblur__counterfactual__nes__l1,1021,49,10,394,3,525
evaluation__8652__denoise__attack__nes__l0.5,1021,47,5,269,2,382
evaluation__8652__denoise__restore__nes__l0.5,1021,49,18,266,17,400
evaluation__8652__denoise__random_walk__random_walk__l0.5,1024,50,2,1023,2,1023
evaluation__8652__denoise__confidence_boost__nes__l0.5,1021,48,6,496,6,629
evaluation__8652__denoise__boundary_probe__nes__l0.5,1021,47,4,233,4,343
evaluation__8652__denoise__counterfactual__nes__l0.5,1021,48,16,423,7,553
evaluation__8652__deblur__attack__nes__l1,1021,48,5,226,2,313
evaluation__8652__deblur__restore__nes__l1,1021,49,18,211,18,311
evaluation__8652__deblur__random_walk__random_walk__l1,1024,49,2,1023,2,1023
evaluation__8652__deblur__confidence_boost__nes__l1,1021,49,15,357,3,472
evaluation__8652__deblur__boundary_probe__nes__l1,1021,48,10,248,10,352
evaluation__8652__deblur__counterfactual__nes__l1,1021,47,6,287,6,404
fit__1851__denoise__attack__nes__l0.5,1021,48,3,459,3,605
fit__1851__denoise__restore__nes__l0.5,1021,48,6,483,6,629
fit__1851__denoise__random_walk__random_walk__l0.5,1024,49,2,1023,2,1023
fit__1851__denoise__confidence_boost__nes__l0.5,1021,47,2,417,2,578
fit__1851__denoise__boundary_probe__nes__l0.5,1021,47,4,428,4,560
fit__1851__denoise__counterfactual__nes__l0.5,1021,49,2,418,2,542
fit__1851__deblur__attack__nes__l1,1021,48,2,389,2,539
fit__1851__deblur__restore__nes__l1,1021,48,2,512,2,651
fit__1851__deblur__random_walk__random_walk__l1,1024,50,2,1023,2,1023
fit__1851__deblur__confidence_boost__nes__l1,1021,47,3,449,3,613
fit__1851__deblur__boundary_probe__nes__l1,1021,48,6,554,4,679
fit__1851__deblur__counterfactual__nes__l1,1021,48,3,474,2,613
fit__7533__denoise__attack__nes__l0.5,1021,48,5,545,4,696
fit__7533__denoise__restore__nes__l0.5,1021,48,10,427,7,576
fit__7533__denoise__random_walk__random_walk__l0.5,1024,49,2,1023,2,1023
fit__7533__denoise__confidence_boost__nes__l0.5,1021,48,13,376,10,528
fit__7533__denoise__boundary_probe__nes__l0.5,1021,49,10,499,9,628
fit__7533__denoise__counterfactual__nes__l0.5,1021,48,7,575,2,740
fit__7533__deblur__attack__nes__l1,1021,48,15,370,13,523
fit__7533__deblur__restore__nes__l1,1021,48,4,444,4,582
fit__7533__deblur__random_walk__random_walk__l1,1024,49,2,1023,2,1023
fit__7533__deblur__confidence_boost__nes__l1,1021,48,4,373,4,512
fit__7533__deblur__boundary_probe__nes__l1,1021,48,3,515,3,683
fit__7533__deblur__counterfactual__nes__l1,1021,48,3,395,3,564
fit__3647__denoise__attack__nes__l0.5,1021,47,5,536,3,684
fit__3647__denoise__restore__nes__l0.5,1021,49,10,415,10,582
fit__3647__denoise__random_walk__random_walk__l0.5,1024,49,2,1023,2,1023
fit__3647__denoise__confidence_boost__nes__l0.5,1021,47,5,637,5,787
fit__3647__denoise__boundary_probe__nes__l0.5,1021,49,3,463,3,639
fit__3647__denoise__counterfactual__nes__l0.5,1021,49,2,535,2,691
fit__3647__deblur__attack__nes__l1,1021,48,4,698,3,850
fit__3647__deblur__restore__nes__l1,1021,48,7,704,2,849
fit__3647__deblur__random_walk__random_walk__l1,1024,50,2,1023,2,1023
fit__3647__deblur__confidence_boost__nes__l1,1021,49,4,795,4,887
fit__3647__deblur__boundary_probe__nes__l1,1021,50,5,813,2,906
fit__3647__deblur__counterfactual__nes__l1,1021,49,2,614,2,755
fit__7903__denoise__attack__nes__l0.5,1021,50,3,839,2,923
fit__7903__denoise__restore__nes__l0.5,1021,48,2,679,2,812
fit__7903__denoise__random_walk__random_walk__l0.5,1024,49,2,1023,2,1023
fit__7903__denoise__confidence_boost__nes__l0.5,1021,48,3,734,2,856
fit__7903__denoise__boundary_probe__nes__l0.5,1021,47,2,775,2,894
fit__7903__denoise__counterfactual__nes__l0.5,1021,49,4,814,3,911
fit__7903__deblur__attack__nes__l1,1021,47,2,294,2,424
fit__7903__deblur__restore__nes__l1,1021,50,3,247,3,341
fit__7903__deblur__random_walk__random_walk__l1,1024,49,2,1023,2,1023
fit__7903__deblur__confidence_boost__nes__l1,1021,48,18,249,18,355
fit__7903__deblur__boundary_probe__nes__l1,1021,49,18,410,9,536
fit__7903__deblur__counterfactual__nes__l1,1021,49,17,344,3,486
fit__5133__denoise__attack__nes__l0.5,1021,49,18,204,18,290
fit__5133__denoise__restore__nes__l0.5,1021,48,18,284,3,416
fit__5133__denoise__random_walk__random_walk__l0.5,1024,49,2,1023,2,1023
fit__5133__denoise__confidence_boost__nes__l0.5,1021,48,6,229,6,334
fit__5133__denoise__boundary_probe__nes__l0.5,1021,48,6,312,6,430
fit__5133__denoise__counterfactual__nes__l0.5,1021,47,5,304,2,405
fit__5133__deblur__attack__nes__l1,1021,49,18,259,11,379
fit__5133__deblur__restore__nes__l1,1021,48,18,289,5,450
fit__5133__deblur__random_walk__random_walk__l1,1024,49,2,1023,2,1023
fit__5133__deblur__confidence_boost__nes__l1,1021,50,7,417,3,552
fit__5133__deblur__boundary_probe__nes__l1,1021,47,7,300,7,429
fit__5133__deblur__counterfactual__nes__l1,1021,48,2,427,2,561
fit__2684__denoise__attack__nes__l0.5,1021,48,6,598,4,747
fit__2684__denoise__restore__nes__l0.5,1021,49,13,633,9,771
fit__2684__denoise__random_walk__random_walk__l0.5,1024,49,2,1023,2,1023
fit__2684__denoise__confidence_boost__nes__l0.5,1021,48,6,700,6,821
fit__2684__denoise__boundary_probe__nes__l0.5,1021,48,2,644,2,788
fit__2684__denoise__counterfactual__nes__l0.5,1021,48,2,581,2,720
fit__2684__deblur__attack__nes__l1,1021,49,3,401,3,598
fit__2684__deblur__restore__nes__l1,1021,48,2,446,2,615
fit__2684__deblur__random_walk__random_walk__l1,1024,50,2,1023,2,1023
fit__2684__deblur__confidence_boost__nes__l1,1021,49,4,730,3,865
fit__2684__deblur__boundary_probe__nes__l1,1021,49,2,684,2,796
fit__2684__deblur__counterfactual__nes__l1,1021,49,5,540,4,678
fit__8204__denoise__attack__nes__l0.5,1021,49,11,316,11,425
fit__8204__denoise__restore__nes__l0.5,1021,48,18,272,3,376
fit__8204__denoise__random_walk__random_walk__l0.5,1024,49,2,1023,2,1023
fit__8204__denoise__confidence_boost__nes__l0.5,1021,48,16,196,16,288
fit__8204__denoise__boundary_probe__nes__l0.5,1021,48,6,249,6,391
fit__8204__denoise__counterfactual__nes__l0.5,1021,48,18,138,11,196
fit__8204__deblur__attack__nes__l1,1021,49,4,457,4,577
fit__8204__deblur__restore__nes__l1,1021,48,2,333,2,470
fit__8204__deblur__random_walk__random_walk__l1,1024,50,2,1023,2,1023
fit__8204__deblur__confidence_boost__nes__l1,1021,48,2,398,2,525
fit__8204__deblur__boundary_probe__nes__l1,1021,48,14,256,14,410
fit__8204__deblur__counterfactual__nes__l1,1021,49,18,358,8,496
fit__1842__denoise__attack__nes__l0.5,1021,48,2,524,2,670
fit__1842__denoise__restore__nes__l0.5,1021,48,18,516,14,656
fit__1842__denoise__random_walk__random_walk__l0.5,1024,50,2,1023,2,1023
fit__1842__denoise__confidence_boost__nes__l0.5,1021,48,14,435,4,565
fit__1842__denoise__boundary_probe__nes__l0.5,1021,48,5,427,5,560
fit__1842__denoise__counterfactual__nes__l0.5,1021,49,5,492,5,645
fit__1842__deblur__attack__nes__l1,1021,48,9,516,6,655
fit__1842__deblur__restore__nes__l1,1021,48,3,354,3,491
fit__1842__deblur__random_walk__random_walk__l1,1024,49,2,1023,2,1023
fit__1842__deblur__confidence_boost__nes__l1,1021,47,2,444,2,583
fit__1842__deblur__boundary_probe__nes__l1,1021,49,7,304,6,441
fit__1842__deblur__counterfactual__nes__l1,1021,48,6,335,6,448
fit__7325__denoise__attack__nes__l0.5,1021,48,9,632,3,777
fit__7325__denoise__restore__nes__l0.5,1021,49,2,691,2,805
fit__7325__denoise__random_walk__random_walk__l0.5,1024,50,2,1023,2,1023
fit__7325__denoise__confidence_boost__nes__l0.5,1021,48,5,525,2,694
fit__7325__denoise__boundary_probe__nes__l0.5,1021,48,3,724,3,842
fit__7325__denoise__counterfactual__nes__l0.5,1021,49,4,729,4,845
fit__7325__deblur__attack__nes__l1,1021,48,12,276,7,408
fit__7325__deblur__restore__nes__l1,1021,48,8,381,3,513
fit__7325__deblur__random_walk__random_walk__l1,1024,49,2,1023,2,1023
fit__7325__deblur__confidence_boost__nes__l1,1021,49,8,296,8,392
fit__7325__deblur__boundary_probe__nes__l1,1021,49,18,316,10,445
fit__7325__deblur__counterfactual__nes__l1,1021,47,10,331,5,449
fit__4641__denoise__attack__nes__l0.5,1021,48,5,692,5,840
fit__4641__denoise__restore__nes__l0.5,1021,48,2,711,2,855
fit__4641__denoise__random_walk__random_walk__l0.5,1024,49,2,1023,2,1023
fit__4641__denoise__confidence_boost__nes__l0.5,1021,48,4,651,4,801
fit__4641__denoise__boundary_probe__nes__l0.5,1021,49,2,658,2,805
fit__4641__denoise__counterfactual__nes__l0.5,1021,49,2,682,2,810
fit__4641__deblur__attack__nes__l1,1021,47,18,183,4,263
fit__4641__deblur__restore__nes__l1,1021,48,18,285,18,409
fit__4641__deblur__random_walk__random_walk__l1,1024,50,2,1023,2,1023
fit__4641__deblur__confidence_boost__nes__l1,1021,48,8,223,8,331
fit__4641__deblur__boundary_probe__nes__l1,1021,47,10,147,10,220
fit__4641__deblur__counterfactual__nes__l1,1021,48,18,220,7,324
fit__1436__denoise__attack__nes__l0.5,1021,48,6,396,6,534
fit__1436__denoise__restore__nes__l0.5,1021,48,3,373,3,531
fit__1436__denoise__random_walk__random_walk__l0.5,1024,50,2,1023,2,1023
fit__1436__denoise__confidence_boost__nes__l0.5,1021,48,9,492,4,636
fit__1436__denoise__boundary_probe__nes__l0.5,1021,47,6,409,4,555
fit__1436__denoise__counterfactual__nes__l0.5,1021,48,2,387,2,567
fit__1436__deblur__attack__nes__l1,1021,48,2,701,2,821
fit__1436__deblur__restore__nes__l1,1021,48,7,446,7,610
fit__1436__deblur__random_walk__random_walk__l1,1024,49,2,1023,2,1023
fit__1436__deblur__confidence_boost__nes__l1,1021,48,11,379,7,529
fit__1436__deblur__boundary_probe__nes__l1,1021,49,3,608,3,744
fit__1436__deblur__counterfactual__nes__l1,1021,48,6,424,5,563
fit__8691__denoise__attack__nes__l0.5,1021,48,6,522,6,655
fit__8691__denoise__restore__nes__l0.5,1021,48,3,390,3,521
fit__8691__denoise__random_walk__random_walk__l0.5,1024,49,2,1023,2,1023
fit__8691__denoise__confidence_boost__nes__l0.5,1021,48,4,477,4,620
fit__8691__denoise__boundary_probe__nes__l0.5,1021,48,8,266,2,409
fit__8691__denoise__counterfactual__nes__l0.5,1021,48,9,270,9,393
fit__8691__deblur__attack__nes__l1,1021,48,2,254,2,377
fit__8691__deblur__restore__nes__l1,1021,49,6,432,6,567
fit__8691__deblur__random_walk__random_walk__l1,1024,50,2,1023,2,1023
fit__8691__deblur__confidence_boost__nes__l1,1021,47,3,298,3,420
fit__8691__deblur__boundary_probe__nes__l1,1021,49,5,468,5,594
fit__8691__deblur__counterfactual__nes__l1,1021,48,4,285,4,405
fit__3116__denoise__attack__nes__l0.5,1021,49,3,717,3,836
fit__3116__denoise__restore__nes__l0.5,1021,49,7,907,6,963
fit__3116__denoise__random_walk__random_walk__l0.5,1024,49,2,1023,2,1023
fit__3116__denoise__confidence_boost__nes__l0.5,1021,49,2,831,2,912
fit__3116__denoise__boundary_probe__nes__l0.5,1021,50,3,898,3,953
fit__3116__denoise__counterfactual__nes__l0.5,1021,49,2,757,2,878
fit__3116__deblur__attack__nes__l1,1021,49,3,658,3,789
fit__3116__deblur__restore__nes__l1,1021,49,3,501,2,647
fit__3116__deblur__random_walk__random_walk__l1,1024,50,2,1023,2,1023
fit__3116__deblur__confidence_boost__nes__l1,1021,49,2,426,2,536
fit__3116__deblur__boundary_probe__nes__l1,1021,49,3,512,3,633
fit__3116__deblur__counterfactual__nes__l1,1021,48,2,487,2,645
fit__9372__denoise__attack__nes__l0.5,1021,48,2,273,2,394
fit__9372__denoise__restore__nes__l0.5,1021,48,18,206,11,295
fit__9372__denoise__random_walk__random_walk__l0.5,1024,50,2,1023,2,1023
fit__9372__denoise__confidence_boost__nes__l0.5,1021,49,14,331,9,477
fit__9372__denoise__boundary_probe__nes__l0.5,1021,47,16,242,16,337
fit__9372__denoise__counterfactual__nes__l0.5,1021,49,18,372,18,517
fit__9372__deblur__attack__nes__l1,1021,49,13,184,13,295
fit__9372__deblur__restore__nes__l1,1021,49,18,239,18,344
fit__9372__deblur__random_walk__random_walk__l1,1024,49,2,1023,2,1023
fit__9372__deblur__confidence_boost__nes__l1,1021,47,18,308,18,428
fit__9372__deblur__boundary_probe__nes__l1,1021,48,3,207,3,309
fit__9372__deblur__counterfactual__nes__l1,1021,48,3,257,3,343
fit__3686__denoise__attack__nes__l0.5,1021,49,2,696,2,808
fit__3686__denoise__restore__nes__l0.5,1021,49,3,780,3,878
fit__3686__denoise__random_walk__random_walk__l0.5,1024,50,2,1023,2,1023
fit__3686__denoise__confidence_boost__nes__l0.5,1021,49,2,577,2,703
fit__3686__denoise__boundary_probe__nes__l0.5,1021,49,6,833,2,920
fit__3686__denoise__counterfactual__nes__l0.5,1021,49,2,705,2,804
fit__3686__deblur__attack__nes__l1,1021,48,11,294,11,432
fit__3686__deblur__restore__nes__l1,1021,47,4,286,4,405
fit__3686__deblur__random_walk__random_walk__l1,1024,49,2,1023,2,1023
fit__3686__deblur__confidence_boost__nes__l1,1021,49,18,248,18,368
fit__3686__deblur__boundary_probe__nes__l1,1021,48,12,309,12,425
fit__3686__deblur__counterfactual__nes__l1,1021,47,18,211,5,318
fit__2143__denoise__attack__nes__l0.5,1021,47,9,96,9,147
fit__2143__denoise__restore__nes__l0.5,1021,48,10,248,10,344
fit__2143__denoise__random_walk__random_walk__l0.5,1024,49,2,1023,2,1023
fit__2143__denoise__confidence_boost__nes__l0.5,1021,48,16,188,16,277
fit__2143__denoise__boundary_probe__nes__l0.5,1021,48,7,236,7,324
fit__2143__denoise__counterfactual__nes__l0.5,1021,47,9,188,6,273
fit__2143__deblur__attack__nes__l1,1021,48,2,527,2,690
fit__2143__deblur__restore__nes__l1,1021,49,4,708,4,828
fit__2143__deblur__random_walk__random_walk__l1,1024,49,2,1023,2,1023
fit__2143__deblur__confidence_boost__nes__l1,1021,48,6,678,2,807
fit__2143__deblur__boundary_probe__nes__l1,1021,48,7,490,4,660
fit__2143__deblur__counterfactual__nes__l1,1021,48,5,569,5,712
fit__7297__denoise__attack__nes__l0.5,1021,48,2,643,2,777
fit__7297__denoise__restore__nes__l0.5,1021,50,2,676,2,804
fit__7297__denoise__random_walk__random_walk__l0.5,1024,49,2,1023,2,1023
fit__7297__denoise__confidence_boost__nes__l0.5,1021,50,10,529,5,704
fit__7297__denoise__boundary_probe__nes__l0.5,1021,50,2,772,2,872
fit__7297__denoise__counterfactual__nes__l0.5,1021,47,2,688,2,822
fit__7297__deblur__attack__nes__l1,1021,48,14,607,7,742
fit__7297__deblur__restore__nes__l1,1021,49,4,446,4,623
fit__7297__deblur__random_walk__random_walk__l1,1024,50,2,1023,2,1023
fit__7297__deblur__confidence_boost__nes__l1,1021,49,9,547,9,695
fit__7297__deblur__boundary_probe__nes__l1,1021,48,18,461,17,617
fit__7297__deblur__counterfactual__nes__l1,1021,48,3,465,3,608
calibration__1735__denoise__attack__nes__l0.5,1021,48,11,218,11,309
calibration__1735__denoise__restore__nes__l0.5,1021,48,8,220,8,315
calibration__1735__denoise__random_walk__random_walk__l0.5,1024,50,2,1023,2,1023
calibration__1735__denoise__confidence_boost__nes__l0.5,1021,48,18,204,18,312
calibration__1735__denoise__boundary_probe__nes__l0.5,1021,48,18,205,18,298
calibration__1735__denoise__counterfactual__nes__l0.5,1021,48,8,176,7,265
calibration__1735__deblur__attack__nes__l1,1021,49,18,290,18,393
calibration__1735__deblur__restore__nes__l1,1021,48,11,416,8,543
calibration__1735__deblur__random_walk__random_walk__l1,1024,49,2,1023,2,1023
calibration__1735__deblur__confidence_boost__nes__l1,1021,48,11,223,6,313
calibration__1735__deblur__boundary_probe__nes__l1,1021,48,2,293,2,439
calibration__1735__deblur__counterfactual__nes__l1,1021,48,7,188,7,271
calibration__8197__denoise__attack__nes__l0.5,1021,49,5,606,5,751
calibration__8197__denoise__restore__nes__l0.5,1021,49,5,341,5,477
calibration__8197__denoise__random_walk__random_walk__l0.5,1024,50,2,1023,2,1023
calibration__8197__denoise__confidence_boost__nes__l0.5,1021,49,3,472,3,619
calibration__8197__denoise__boundary_probe__nes__l0.5,1021,49,2,555,2,686
calibration__8197__denoise__counterfactual__nes__l0.5,1021,48,7,559,2,703
calibration__8197__deblur__attack__nes__l1,1021,47,12,241,12,357
calibration__8197__deblur__restore__nes__l1,1021,48,9,316,9,438
calibration__8197__deblur__random_walk__random_walk__l1,1024,49,2,1023,2,1023
calibration__8197__deblur__confidence_boost__nes__l1,1021,49,2,198,2,298
calibration__8197__deblur__boundary_probe__nes__l1,1021,48,18,350,8,514
calibration__8197__deblur__counterfactual__nes__l1,1021,48,5,327,5,446
calibration__3028__denoise__attack__nes__l0.5,1021,48,4,266,2,397
calibration__3028__denoise__restore__nes__l0.5,1021,48,5,265,5,388
calibration__3028__denoise__random_walk__random_walk__l0.5,1024,49,2,1023,2,1023
calibration__3028__denoise__confidence_boost__nes__l0.5,1021,48,5,374,5,505
calibration__3028__denoise__boundary_probe__nes__l0.5,1021,49,5,402,5,553
calibration__3028__denoise__counterfactual__nes__l0.5,1021,48,18,195,15,289
calibration__3028__deblur__attack__nes__l1,1021,47,18,115,18,166
calibration__3028__deblur__restore__nes__l1,1021,49,18,109,18,158
calibration__3028__deblur__random_walk__random_walk__l1,1024,49,2,1023,2,1023
calibration__3028__deblur__confidence_boost__nes__l1,1021,48,18,145,18,208
calibration__3028__deblur__boundary_probe__nes__l1,1021,48,18,151,18,229
calibration__3028__deblur__counterfactual__nes__l1,1021,48,18,122,18,170
calibration__603__denoise__attack__nes__l0.5,1021,47,13,246,13,364
calibration__603__denoise__restore__nes__l0.5,1021,48,12,305,12,421
calibration__603__denoise__random_walk__random_walk__l0.5,1024,49,2,1023,2,1023
calibration__603__denoise__confidence_boost__nes__l0.5,1021,48,3,457,2,583
calibration__603__denoise__boundary_probe__nes__l0.5,1021,49,14,332,14,461
calibration__603__denoise__counterfactual__nes__l0.5,1021,47,2,478,2,618
calibration__603__deblur__attack__nes__l1,1021,49,5,484,4,631
calibration__603__deblur__restore__nes__l1,1021,48,2,392,2,524
calibration__603__deblur__random_walk__random_walk__l1,1024,50,2,1023,2,1023
calibration__603__deblur__confidence_boost__nes__l1,1021,48,2,429,2,593
calibration__603__deblur__boundary_probe__nes__l1,1021,49,3,412,3,565
calibration__603__deblur__counterfactual__nes__l1,1021,47,2,495,2,645
calibration__6232__denoise__attack__nes__l0.5,1021,48,18,484,18,617
calibration__6232__denoise__restore__nes__l0.5,1021,48,18,509,18,638
calibration__6232__denoise__random_walk__random_walk__l0.5,1024,49,2,1023,2,1023
calibration__6232__denoise__confidence_boost__nes__l0.5,1021,48,18,301,3,432
calibration__6232__denoise__boundary_probe__nes__l0.5,1021,48,9,478,7,607
calibration__6232__denoise__counterfactual__nes__l0.5,1021,49,6,290,6,410
calibration__6232__deblur__attack__nes__l1,1021,48,18,263,7,381
calibration__6232__deblur__restore__nes__l1,1021,48,7,224,7,327
calibration__6232__deblur__random_walk__random_walk__l1,1024,49,2,1023,2,1023
calibration__6232__deblur__confidence_boost__nes__l1,1021,49,12,400,12,529
calibration__6232__deblur__boundary_probe__nes__l1,1021,48,18,298,18,436
calibration__6232__deblur__counterfactual__nes__l1,1021,48,2,200,2,294
calibration__3234__denoise__attack__nes__l0.5,1021,48,10,321,3,482
calibration__3234__denoise__restore__nes__l0.5,1021,47,18,451,16,626
calibration__3234__denoise__random_walk__random_walk__l0.5,1024,49,2,1023,2,1023
calibration__3234__denoise__confidence_boost__nes__l0.5,1021,48,12,375,2,535
calibration__3234__denoise__boundary_probe__nes__l0.5,1021,47,2,465,2,609
calibration__3234__denoise__counterfactual__nes__l0.5,1021,48,2,507,2,668
calibration__3234__deblur__attack__nes__l1,1021,48,3,211,3,293
calibration__3234__deblur__restore__nes__l1,1021,48,5,389,4,526
calibration__3234__deblur__random_walk__random_walk__l1,1024,50,2,1023,2,1023
calibration__3234__deblur__confidence_boost__nes__l1,1021,48,13,284,3,441
calibration__3234__deblur__boundary_probe__nes__l1,1021,47,6,288,6,389
calibration__3234__deblur__counterfactual__nes__l1,1021,48,8,235,4,332
calibration__8169__denoise__attack__nes__l0.5,1021,49,5,421,5,549
calibration__8169__denoise__restore__nes__l0.5,1021,47,10,330,10,453
calibration__8169__denoise__random_walk__random_walk__l0.5,1024,49,2,1023,2,1023
calibration__8169__denoise__confidence_boost__nes__l0.5,1021,48,5,333,4,453
calibration__8169__denoise__boundary_probe__nes__l0.5,1021,48,6,466,6,618
calibration__8169__denoise__counterfactual__nes__l0.5,1021,48,18,515,3,658
calibration__8169__deblur__attack__nes__l1,1021,48,12,243,10,384
calibration__8169__deblur__restore__nes__l1,1021,48,11,295,11,422
calibration__8169__deblur__random_walk__random_walk__l1,1024,49,2,1023,2,1023
calibration__8169__deblur__confidence_boost__nes__l1,1021,48,18,256,18,380
calibration__8169__deblur__boundary_probe__nes__l1,1021,48,18,332,18,462
calibration__8169__deblur__counterfactual__nes__l1,1021,48,11,490,11,613
calibration__2208__denoise__attack__nes__l0.5,1021,49,10,422,10,567
calibration__2208__denoise__restore__nes__l0.5,1021,49,18,449,18,584
calibration__2208__denoise__random_walk__random_walk__l0.5,1024,50,2,1023,2,1023
calibration__2208__denoise__confidence_boost__nes__l0.5,1021,49,10,376,3,520
calibration__2208__denoise__boundary_probe__nes__l0.5,1021,49,3,302,3,441
calibration__2208__denoise__counterfactual__nes__l0.5,1021,49,7,424,7,542
calibration__2208__deblur__attack__nes__l1,1021,50,18,237,18,338
calibration__2208__deblur__restore__nes__l1,1021,47,15,140,9,190
calibration__2208__deblur__random_walk__random_walk__l1,1024,49,2,1023,2,1023
calibration__2208__deblur__confidence_boost__nes__l1,1021,49,17,144,17,218
calibration__2208__deblur__boundary_probe__nes__l1,1021,48,2,164,2,244
calibration__2208__deblur__counterfactual__nes__l1,1021,47,18,407,18,516
calibration__327__denoise__attack__nes__l0.5,1021,47,12,358,12,499
calibration__327__denoise__restore__nes__l0.5,1021,48,5,303,5,431
calibration__327__denoise__random_walk__random_walk__l0.5,1024,49,2,1023,2,1023
calibration__327__denoise__confidence_boost__nes__l0.5,1021,48,18,259,14,377
calibration__327__denoise__boundary_probe__nes__l0.5,1021,48,2,488,2,632
calibration__327__denoise__counterfactual__nes__l0.5,1021,49,5,387,3,552
calibration__327__deblur__attack__nes__l1,1021,47,7,203,7,311
calibration__327__deblur__restore__nes__l1,1021,47,18,264,4,380
calibration__327__deblur__random_walk__random_walk__l1,1024,50,2,1023,2,1023
calibration__327__deblur__confidence_boost__nes__l1,1021,47,17,379,17,521
calibration__327__deblur__boundary_probe__nes__l1,1021,48,8,396,6,523
calibration__327__deblur__counterfactual__nes__l1,1021,48,6,203,4,327
calibration__8025__denoise__attack__nes__l0.5,1021,48,16,267,5,381
calibration__8025__denoise__restore__nes__l0.5,1021,48,6,239,6,365
calibration__8025__denoise__random_walk__random_walk__l0.5,1024,50,2,1023,2,1023
calibration__8025__denoise__confidence_boost__nes__l0.5,1021,48,2,244,2,363
calibration__8025__denoise__boundary_probe__nes__l0.5,1021,47,2,353,2,483
calibration__8025__denoise__counterfactual__nes__l0.5,1021,49,9,384,9,502
calibration__8025__deblur__attack__nes__l1,1021,48,5,199,3,304
calibration__8025__deblur__restore__nes__l1,1021,49,10,208,10,307
calibration__8025__deblur__random_walk__random_walk__l1,1024,49,2,1023,2,1023
calibration__8025__deblur__confidence_boost__nes__l1,1021,46,2,226,2,331
calibration__8025__deblur__boundary_probe__nes__l1,1021,48,11,228,7,335
calibration__8025__deblur__counterfactual__nes__l1,1021,48,5,392,2,531
calibration__3455__denoise__attack__nes__l0.5,1021,49,7,324,7,471
calibration__3455__denoise__restore__nes__l0.5,1021,48,18,347,2,493
calibration__3455__denoise__random_walk__random_walk__l0.5,1024,49,2,1023,2,1023
calibration__3455__denoise__confidence_boost__nes__l0.5,1021,48,5,304,5,415
calibration__3455__denoise__boundary_probe__nes__l0.5,1021,48,3,391,3,535
calibration__3455__denoise__counterfactual__nes__l0.5,1021,49,18,326,18,475
calibration__3455__deblur__attack__nes__l1,1021,47,11,284,11,417
calibration__3455__deblur__restore__nes__l1,1021,49,18,225,18,342
calibration__3455__deblur__random_walk__random_walk__l1,1024,50,2,1023,2,1023
calibration__3455__deblur__confidence_boost__nes__l1,1021,49,14,260,2,395
calibration__3455__deblur__boundary_probe__nes__l1,1021,48,3,278,3,390
calibration__3455__deblur__counterfactual__nes__l1,1021,48,18,320,9,447
calibration__8724__denoise__attack__nes__l0.5,1021,48,5,585,5,730
calibration__8724__denoise__restore__nes__l0.5,1021,48,2,548,2,697
calibration__8724__denoise__random_walk__random_walk__l0.5,1024,49,2,1023,2,1023
calibration__8724__denoise__confidence_boost__nes__l0.5,1021,49,7,455,7,598
calibration__8724__denoise__boundary_probe__nes__l0.5,1021,48,4,491,4,677
calibration__8724__denoise__counterfactual__nes__l0.5,1021,49,2,275,2,401
calibration__8724__deblur__attack__nes__l1,1021,48,3,236,3,347
calibration__8724__deblur__restore__nes__l1,1021,49,16,345,7,491
calibration__8724__deblur__random_walk__random_walk__l1,1024,50,2,1023,2,1023
calibration__8724__deblur__confidence_boost__nes__l1,1021,48,4,186,4,293
calibration__8724__deblur__boundary_probe__nes__l1,1021,48,5,315,5,453
calibration__8724__deblur__counterfactual__nes__l1,1021,48,18,327,7,462
calibration__2004__denoise__attack__nes__l0.5,1021,48,4,740,4,863
calibration__2004__denoise__restore__nes__l0.5,1021,48,2,837,2,935
calibration__2004__denoise__random_walk__random_walk__l0.5,1024,50,2,1023,2,1023
calibration__2004__denoise__confidence_boost__nes__l0.5,1021,48,5,839,5,930
calibration__2004__denoise__boundary_probe__nes__l0.5,1021,48,6,921,6,975
calibration__2004__denoise__counterfactual__nes__l0.5,1021,47,2,780,2,900
calibration__2004__deblur__attack__nes__l1,1021,49,3,818,3,904
calibration__2004__deblur__restore__nes__l1,1021,47,4,794,4,878
calibration__2004__deblur__random_walk__random_walk__l1,1024,50,2,1023,2,1023
calibration__2004__deblur__confidence_boost__nes__l1,1021,49,2,838,2,925
calibration__2004__deblur__boundary_probe__nes__l1,1021,49,3,763,2,884
calibration__2004__deblur__counterfactual__nes__l1,1021,48,5,851,5,925
calibration__519__denoise__attack__nes__l0.5,1021,48,14,501,12,638
calibration__519__denoise__restore__nes__l0.5,1021,48,13,485,7,647
calibration__519__denoise__random_walk__random_walk__l0.5,1024,50,2,1023,2,1023
calibration__519__denoise__confidence_boost__nes__l0.5,1021,49,2,597,2,760
calibration__519__denoise__boundary_probe__nes__l0.5,1021,47,7,408,7,574
calibration__519__denoise__counterfactual__nes__l0.5,1021,48,11,498,2,644
calibration__519__deblur__attack__nes__l1,1021,49,2,242,2,359
calibration__519__deblur__restore__nes__l1,1021,48,12,379,12,533
calibration__519__deblur__random_walk__random_walk__l1,1024,49,2,1023,2,1023
calibration__519__deblur__confidence_boost__nes__l1,1021,49,2,265,2,374
calibration__519__deblur__boundary_probe__nes__l1,1021,49,6,318,6,440
calibration__519__deblur__counterfactual__nes__l1,1021,48,8,220,6,323
calibration__5612__denoise__attack__nes__l0.5,1021,49,9,395,7,509
calibration__5612__denoise__restore__nes__l0.5,1021,47,13,364,9,501
calibration__5612__denoise__random_walk__random_walk__l0.5,1024,50,2,1023,2,1023
calibration__5612__denoise__confidence_boost__nes__l0.5,1021,47,11,460,2,618
calibration__5612__denoise__boundary_probe__nes__l0.5,1021,49,8,498,8,647
calibration__5612__denoise__counterfactual__nes__l0.5,1021,47,4,319,2,458
calibration__5612__deblur__attack__nes__l1,1021,49,4,190,4,287
calibration__5612__deblur__restore__nes__l1,1021,48,18,268,18,389
calibration__5612__deblur__random_walk__random_walk__l1,1024,50,2,1023,2,1023
calibration__5612__deblur__confidence_boost__nes__l1,1021,48,5,243,5,337
calibration__5612__deblur__boundary_probe__nes__l1,1021,48,4,308,4,442
calibration__5612__deblur__counterfactual__nes__l1,1021,48,18,258,6,389
calibration__3213__denoise__attack__nes__l0.5,1021,48,6,262,6,378
calibration__3213__denoise__restore__nes__l0.5,1021,48,14,416,14,522
calibration__3213__denoise__random_walk__random_walk__l0.5,1024,50,2,1023,2,1023
calibration__3213__denoise__confidence_boost__nes__l0.5,1021,48,16,265,16,380
calibration__3213__denoise__boundary_probe__nes__l0.5,1021,49,18,279,15,403
calibration__3213__denoise__counterfactual__nes__l0.5,1021,48,12,417,12,539
calibration__3213__deblur__attack__nes__l1,1021,48,8,458,4,595
calibration__3213__deblur__restore__nes__l1,1021,49,3,315,3,442
calibration__3213__deblur__random_walk__random_walk__l1,1024,49,2,1023,2,1023
calibration__3213__deblur__confidence_boost__nes__l1,1021,49,2,446,2,593
calibration__3213__deblur__boundary_probe__nes__l1,1021,48,13,437,13,562
calibration__3213__deblur__counterfactual__nes__l1,1021,48,2,409,2,525
calibration__7699__denoise__attack__nes__l0.5,1021,48,2,594,2,736
calibration__7699__denoise__restore__nes__l0.5,1021,48,2,441,2,581
calibration__7699__denoise__random_walk__random_walk__l0.5,1024,49,2,1023,2,1023
calibration__7699__denoise__confidence_boost__nes__l0.5,1021,49,4,670,4,796
calibration__7699__denoise__boundary_probe__nes__l0.5,1021,50,6,748,6,843
calibration__7699__denoise__counterfactual__nes__l0.5,1021,49,2,552,2,669
calibration__7699__deblur__attack__nes__l1,1021,48,2,583,2,746
calibration__7699__deblur__restore__nes__l1,1021,47,2,401,2,583
calibration__7699__deblur__random_walk__random_walk__l1,1024,49,2,1023,2,1023
calibration__7699__deblur__confidence_boost__nes__l1,1021,49,8,529,2,680
calibration__7699__deblur__boundary_probe__nes__l1,1021,50,4,735,4,858
calibration__7699__deblur__counterfactual__nes__l1,1021,48,3,681,3,817
evaluation__3568__denoise__attack__nes__l0.5,1021,47,18,390,2,535
evaluation__3568__denoise__restore__nes__l0.5,1021,47,18,150,2,233
evaluation__3568__denoise__random_walk__random_walk__l0.5,1024,50,2,1023,2,1023
evaluation__3568__denoise__confidence_boost__nes__l0.5,1021,47,10,216,10,332
evaluation__3568__denoise__boundary_probe__nes__l0.5,1021,48,18,304,18,438
evaluation__3568__denoise__counterfactual__nes__l0.5,1021,49,18,252,18,359
evaluation__3568__deblur__attack__nes__l1,1021,47,18,140,8,201
evaluation__3568__deblur__restore__nes__l1,1021,48,3,134,3,187
evaluation__3568__deblur__random_walk__random_walk__l1,1024,50,2,1023,2,1023
evaluation__3568__deblur__confidence_boost__nes__l1,1021,48,14,200,14,314
evaluation__3568__deblur__boundary_probe__nes__l1,1021,48,4,148,4,243
evaluation__3568__deblur__counterfactual__nes__l1,1021,47,2,313,2,438
evaluation__6494__denoise__attack__nes__l0.5,1021,48,5,307,5,438
evaluation__6494__denoise__restore__nes__l0.5,1021,49,6,317,6,440
evaluation__6494__denoise__random_walk__random_walk__l0.5,1024,50,2,1023,2,1023
evaluation__6494__denoise__confidence_boost__nes__l0.5,1021,48,18,428,18,565
evaluation__6494__denoise__boundary_probe__nes__l0.5,1021,49,8,418,8,572
evaluation__6494__denoise__counterfactual__nes__l0.5,1021,48,10,204,4,302
evaluation__6494__deblur__attack__nes__l1,1021,49,2,237,2,353
evaluation__6494__deblur__restore__nes__l1,1021,49,9,415,9,549
evaluation__6494__deblur__random_walk__random_walk__l1,1024,49,2,1023,2,1023
evaluation__6494__deblur__confidence_boost__nes__l1,1021,47,15,214,6,306
evaluation__6494__deblur__boundary_probe__nes__l1,1021,50,5,308,5,430
evaluation__6494__deblur__counterfactual__nes__l1,1021,48,16,362,10,492
evaluation__9045__denoise__attack__nes__l0.5,1021,50,2,852,2,932
evaluation__9045__denoise__restore__nes__l0.5,1021,49,3,798,2,891
evaluation__9045__denoise__random_walk__random_walk__l0.5,1024,49,2,1023,2,1023
evaluation__9045__denoise__confidence_boost__nes__l0.5,1021,49,3,682,2,826
evaluation__9045__denoise__boundary_probe__nes__l0.5,1021,49,2,580,2,755
evaluation__9045__denoise__counterfactual__nes__l0.5,1021,48,3,777,2,911
evaluation__9045__deblur__attack__nes__l1,1021,49,4,560,4,709
evaluation__9045__deblur__restore__nes__l1,1021,46,3,346,3,501
evaluation__9045__deblur__random_walk__random_walk__l1,1024,49,2,1023,2,1023
evaluation__9045__deblur__confidence_boost__nes__l1,1021,48,14,430,2,578
evaluation__9045__deblur__boundary_probe__nes__l1,1021,48,2,504,2,655
evaluation__9045__deblur__counterfactual__nes__l1,1021,48,4,507,4,652
evaluation__122__denoise__attack__nes__l0.5,1021,48,14,226,4,343
evaluation__122__denoise__restore__nes__l0.5,1021,49,3,208,3,313
evaluation__122__denoise__random_walk__random_walk__l0.5,1024,49,2,1023,2,1023
evaluation__122__denoise__confidence_boost__nes__l0.5,1021,48,4,163,4,225
evaluation__122__denoise__boundary_probe__nes__l0.5,1021,49,3,261,3,356
evaluation__122__denoise__counterfactual__nes__l0.5,1021,49,2,226,2,323
evaluation__122__deblur__attack__nes__l1,1021,48,5,283,2,398
evaluation__122__deblur__restore__nes__l1,1021,48,2,343,2,492
evaluation__122__deblur__random_walk__random_walk__l1,1024,49,2,1023,2,1023
evaluation__122__deblur__confidence_boost__nes__l1,1021,47,8,270,8,397
evaluation__122__deblur__boundary_probe__nes__l1,1021,49,4,431,4,564
evaluation__122__deblur__counterfactual__nes__l1,1021,49,18,279,18,390
evaluation__3020__denoise__attack__nes__l0.5,1021,48,4,690,4,808
evaluation__3020__denoise__restore__nes__l0.5,1021,47,7,774,2,885
evaluation__3020__denoise__random_walk__random_walk__l0.5,1024,49,2,1023,2,1023
evaluation__3020__denoise__confidence_boost__nes__l0.5,1021,48,4,503,3,633
evaluation__3020__denoise__boundary_probe__nes__l0.5,1021,49,8,692,3,823
evaluation__3020__denoise__counterfactual__nes__l0.5,1021,49,6,566,4,719
evaluation__3020__deblur__attack__nes__l1,1021,48,18,251,18,362
evaluation__3020__deblur__restore__nes__l1,1021,48,5,134,5,187
evaluation__3020__deblur__random_walk__random_walk__l1,1024,49,2,1023,2,1023
evaluation__3020__deblur__confidence_boost__nes__l1,1021,47,15,206,15,313
evaluation__3020__deblur__boundary_probe__nes__l1,1021,48,6,200,6,285
evaluation__3020__deblur__counterfactual__nes__l1,1021,47,13,305,2,464
evaluation__7450__denoise__attack__nes__l0.5,1021,49,4,620,4,747
evaluation__7450__denoise__restore__nes__l0.5,1021,49,4,616,4,765
evaluation__7450__denoise__random_walk__random_walk__l0.5,1024,49,2,1023,2,1023
evaluation__7450__denoise__confidence_boost__nes__l0.5,1021,47,11,378,2,525
evaluation__7450__denoise__boundary_probe__nes__l0.5,1021,49,10,608,4,751
evaluation__7450__denoise__counterfactual__nes__l0.5,1021,47,2,430,2,588
evaluation__7450__deblur__attack__nes__l1,1021,47,5,605,5,746
evaluation__7450__deblur__restore__nes__l1,1021,48,4,489,4,620
evaluation__7450__deblur__random_walk__random_walk__l1,1024,50,2,1023,2,1023
evaluation__7450__deblur__confidence_boost__nes__l1,1021,48,7,520,3,666
evaluation__7450__deblur__boundary_probe__nes__l1,1021,49,5,479,3,648
evaluation__7450__deblur__counterfactual__nes__l1,1021,48,3,466,3,583
evaluation__988__denoise__attack__nes__l0.5,1021,47,6,519,6,657
evaluation__988__denoise__restore__nes__l0.5,1021,49,4,386,4,520
evaluation__988__denoise__random_walk__random_walk__l0.5,1024,49,2,1023,2,1023
evaluation__988__denoise__confidence_boost__nes__l0.5,1021,48,11,421,11,562
evaluation__988__denoise__boundary_probe__nes__l0.5,1021,49,7,398,4,534
evaluation__988__denoise__counterfactual__nes__l0.5,1021,49,4,464,3,612
evaluation__988__deblur__attack__nes__l1,1021,48,18,187,18,277
evaluation__988__deblur__restore__nes__l1,1021,48,11,165,11,246
evaluation__988__deblur__random_walk__random_walk__l1,1024,49,2,1023,2,1023
evaluation__988__deblur__confidence_boost__nes__l1,1021,49,5,246,5,348
evaluation__988__deblur__boundary_probe__nes__l1,1021,48,10,253,10,406
evaluation__988__deblur__counterfactual__nes__l1,1021,49,18,111,18,151
evaluation__3313__denoise__attack__nes__l0.5,1021,49,17,257,17,373
evaluation__3313__denoise__restore__nes__l0.5,1021,48,18,170,18,256
evaluation__3313__denoise__random_walk__random_walk__l0.5,1024,49,2,1023,2,1023
evaluation__3313__denoise__confidence_boost__nes__l0.5,1021,49,18,335,18,453
evaluation__3313__denoise__boundary_probe__nes__l0.5,1021,47,4,175,4,283
evaluation__3313__denoise__counterfactual__nes__l0.5,1021,48,7,186,7,271
evaluation__3313__deblur__attack__nes__l1,1021,48,18,540,4,700
evaluation__3313__deblur__restore__nes__l1,1021,48,9,644,9,781
evaluation__3313__deblur__random_walk__random_walk__l1,1024,49,2,1023,2,1023
evaluation__3313__deblur__confidence_boost__nes__l1,1021,48,2,718,2,816
evaluation__3313__deblur__boundary_probe__nes__l1,1021,47,12,528,2,690
evaluation__3313__deblur__counterfactual__nes__l1,1021,49,6,474,6,627
evaluation__6981__denoise__attack__nes__l0.5,1021,48,18,361,18,503
evaluation__6981__denoise__restore__nes__l0.5,1021,49,18,197,18,293
evaluation__6981__denoise__random_walk__random_walk__l0.5,1024,49,2,1023,2,1023
evaluation__6981__denoise__confidence_boost__nes__l0.5,1021,48,18,368,8,483
evaluation__6981__denoise__boundary_probe__nes__l0.5,1021,47,17,309,2,422
evaluation__6981__denoise__counterfactual__nes__l0.5,1021,48,18,356,18,463
evaluation__6981__deblur__attack__nes__l1,1021,47,6,532,2,668
evaluation__6981__deblur__restore__nes__l1,1021,48,6,562,3,701
evaluation__6981__deblur__random_walk__random_walk__l1,1024,49,2,1023,2,1023
evaluation__6981__deblur__confidence_boost__nes__l1,1021,48,5,440,2,579
evaluation__6981__deblur__boundary_probe__nes__l1,1021,49,3,604,3,710
evaluation__6981__deblur__counterfactual__nes__l1,1021,48,6,438,2,594
evaluation__9267__denoise__attack__nes__l0.5,1021,48,2,284,2,402
evaluation__9267__denoise__restore__nes__l0.5,1021,50,2,259,2,369
evaluation__9267__denoise__random_walk__random_walk__l0.5,1024,49,2,1023,2,1023
evaluation__9267__denoise__confidence_boost__nes__l0.5,1021,49,9,506,7,635
evaluation__9267__denoise__boundary_probe__nes__l0.5,1021,47,7,342,7,478
evaluation__9267__denoise__counterfactual__nes__l0.5,1021,47,2,427,2,564
evaluation__9267__deblur__attack__nes__l1,1021,48,3,490,3,625
evaluation__9267__deblur__restore__nes__l1,1021,47,7,415,3,576
evaluation__9267__deblur__random_walk__random_walk__l1,1024,49,2,1023,2,1023
evaluation__9267__deblur__confidence_boost__nes__l1,1021,48,2,529,2,682
evaluation__9267__deblur__boundary_probe__nes__l1,1021,49,7,506,2,666
evaluation__9267__deblur__counterfactual__nes__l1,1021,48,15,498,6,649
evaluation__3023__denoise__attack__nes__l0.5,1021,48,3,595,3,740
evaluation__3023__denoise__restore__nes__l0.5,1021,48,3,637,3,794
evaluation__3023__denoise__random_walk__random_walk__l0.5,1024,50,2,1023,2,1023
evaluation__3023__denoise__confidence_boost__nes__l0.5,1021,48,3,539,2,685
evaluation__3023__denoise__boundary_probe__nes__l0.5,1021,48,2,649,2,799
evaluation__3023__denoise__counterfactual__nes__l0.5,1021,48,4,353,4,484
evaluation__3023__deblur__attack__nes__l1,1021,48,2,691,2,834
evaluation__3023__deblur__restore__nes__l1,1021,48,3,815,3,920
evaluation__3023__deblur__random_walk__random_walk__l1,1024,49,2,1023,2,1023
evaluation__3023__deblur__confidence_boost__nes__l1,1021,49,3,712,3,850
evaluation__3023__deblur__boundary_probe__nes__l1,1021,50,2,710,2,843
evaluation__3023__deblur__counterfactual__nes__l1,1021,48,4,579,4,717
evaluation__5732__denoise__attack__nes__l0.5,1021,49,18,188,18,302
evaluation__5732__denoise__restore__nes__l0.5,1021,47,11,289,11,410
evaluation__5732__denoise__random_walk__random_walk__l0.5,1024,49,2,1023,2,1023
evaluation__5732__denoise__confidence_boost__nes__l0.5,1021,49,8,304,8,426
evaluation__5732__denoise__boundary_probe__nes__l0.5,1021,48,18,214,13,355
evaluation__5732__denoise__counterfactual__nes__l0.5,1021,48,7,162,7,241
evaluation__5732__deblur__attack__nes__l1,1021,48,6,420,6,545
evaluation__5732__deblur__restore__nes__l1,1021,49,18,308,16,430
evaluation__5732__deblur__random_walk__random_walk__l1,1024,49,2,1023,2,1023
evaluation__5732__deblur__confidence_boost__nes__l1,1021,48,14,382,11,522
evaluation__5732__deblur__boundary_probe__nes__l1,1021,47,2,155,2,235
evaluation__5732__deblur__counterfactual__nes__l1,1021,48,5,484,5,602
evaluation__7518__denoise__attack__nes__l0.5,1021,49,8,666,2,802
evaluation__7518__denoise__restore__nes__l0.5,1021,48,3,431,3,583
evaluation__7518__denoise__random_walk__random_walk__l0.5,1024,50,2,1023,2,1023
evaluation__7518__denoise__confidence_boost__nes__l0.5,1021,48,2,576,2,718
evaluation__7518__denoise__boundary_probe__nes__l0.5,1021,49,7,606,7,755
evaluation__7518__denoise__counterfactual__nes__l0.5,1021,48,9,517,9,699
evaluation__7518__deblur__attack__nes__l1,1021,48,5,342,4,474
evaluation__7518__deblur__restore__nes__l1,1021,49,17,595,2,741
evaluation__7518__deblur__random_walk__random_walk__l1,1024,49,2,1023,2,1023
evaluation__7518__deblur__confidence_boost__nes__l1,1021,48,6,509,6,653
evaluation__7518__deblur__boundary_probe__nes__l1,1021,48,9,495,2,641
evaluation__7518__deblur__counterfactual__nes__l1,1021,48,2,379,2,544
evaluation__1533__denoise__attack__nes__l0.5,1021,47,5,165,2,231
evaluation__1533__denoise__restore__nes__l0.5,1021,49,6,147,6,210
evaluation__1533__denoise__random_walk__random_walk__l0.5,1024,49,2,1023,2,1023
evaluation__1533__denoise__confidence_boost__nes__l0.5,1021,47,18,164,18,234
evaluation__1533__denoise__boundary_probe__nes__l0.5,1021,48,12,152,12,210
evaluation__1533__denoise__counterfactual__nes__l0.5,1021,48,18,157,18,232
evaluation__1533__deblur__attack__nes__l1,1021,48,17,137,5,212
evaluation__1533__deblur__restore__nes__l1,1021,47,5,273,5,394
evaluation__1533__deblur__random_walk__random_walk__l1,1024,49,2,1023,2,1023
evaluation__1533__deblur__confidence_boost__nes__l1,1021,48,11,378,11,494
evaluation__1533__deblur__boundary_probe__nes__l1,1021,47,18,313,17,436
evaluation__1533__deblur__counterfactual__nes__l1,1021,48,18,266,18,369
evaluation__4042__denoise__attack__nes__l0.5,1021,47,7,347,7,511
evaluation__4042__denoise__restore__nes__l0.5,1021,49,18,273,5,422
evaluation__4042__denoise__random_walk__random_walk__l0.5,1024,50,2,1023,2,1023
evaluation__4042__denoise__confidence_boost__nes__l0.5,1021,48,6,333,3,453
evaluation__4042__denoise__boundary_probe__nes__l0.5,1021,49,18,412,17,539
evaluation__4042__denoise__counterfactual__nes__l0.5,1021,50,18,463,18,598
evaluation__4042__deblur__attack__nes__l1,1021,48,9,399,9,517
evaluation__4042__deblur__restore__nes__l1,1021,49,8,385,8,533
evaluation__4042__deblur__random_walk__random_walk__l1,1024,49,2,1023,2,1023
evaluation__4042__deblur__confidence_boost__nes__l1,1021,50,3,373,3,500
evaluation__4042__deblur__boundary_probe__nes__l1,1021,49,5,438,2,589
evaluation__4042__deblur__counterfactual__nes__l1,1021,48,18,335,4,450
evaluation__7916__denoise__attack__nes__l0.5,1021,49,12,449,11,588
evaluation__7916__denoise__restore__nes__l0.5,1021,48,4,194,4,292
evaluation__7916__denoise__random_walk__random_walk__l0.5,1024,49,2,1023,2,1023
evaluation__7916__denoise__confidence_boost__nes__l0.5,1021,48,3,382,3,526
evaluation__7916__denoise__boundary_probe__nes__l0.5,1021,49,6,267,5,396
evaluation__7916__denoise__counterfactual__nes__l0.5,1021,48,18,315,6,475
evaluation__7916__deblur__attack__nes__l1,1021,47,18,135,18,199
evaluation__7916__deblur__restore__nes__l1,1021,48,13,285,10,389
evaluation__7916__deblur__random_walk__random_walk__l1,1024,49,2,1023,2,1023
evaluation__7916__deblur__confidence_boost__nes__l1,1021,48,3,239,3,334
evaluation__7916__deblur__boundary_probe__nes__l1,1021,48,18,138,18,214
evaluation__7916__deblur__counterfactual__nes__l1,1021,47,18,140,18,196
evaluation__1290__denoise__attack__nes__l0.5,1021,48,5,360,5,507
evaluation__1290__denoise__restore__nes__l0.5,1021,49,11,384,7,508
evaluation__1290__denoise__random_walk__random_walk__l0.5,1024,49,2,1023,2,1023
evaluation__1290__denoise__confidence_boost__nes__l0.5,1021,48,2,453,2,602
evaluation__1290__denoise__boundary_probe__nes__l0.5,1021,48,6,712,3,812
evaluation__1290__denoise__counterfactual__nes__l0.5,1021,48,2,363,2,497
evaluation__1290__deblur__attack__nes__l1,1021,47,3,266,3,394
evaluation__1290__deblur__restore__nes__l1,1021,47,4,282,2,423
evaluation__1290__deblur__random_walk__random_walk__l1,1024,49,2,1023,2,1023
evaluation__1290__deblur__confidence_boost__nes__l1,1021,47,5,261,5,383
evaluation__1290__deblur__boundary_probe__nes__l1,1021,49,2,289,2,445
evaluation__1290__deblur__counterfactual__nes__l1,1021,47,2,315,2,433
evaluation__3613__denoise__attack__nes__l0.5,1021,48,17,252,17,375
evaluation__3613__denoise__restore__nes__l0.5,1021,48,18,192,3,282
evaluation__3613__denoise__random_walk__random_walk__l0.5,1024,50,2,1023,2,1023
evaluation__3613__denoise__confidence_boost__nes__l0.5,1021,48,18,140,14,213
evaluation__3613__denoise__boundary_probe__nes__l0.5,1021,48,9,203,8,327
evaluation__3613__denoise__counterfactual__nes__l0.5,1021,49,18,303,8,407
evaluation__3613__deblur__attack__nes__l1,1021,48,18,121,18,188
evaluation__3613__deblur__restore__nes__l1,1021,48,10,200,10,279
evaluation__3613__deblur__random_walk__random_walk__l1,1024,49,2,1023,2,1023
evaluation__3613__deblur__confidence_boost__nes__l1,1021,47,18,177,18,244
evaluation__3613__deblur__boundary_probe__nes__l1,1021,48,11,171,11,241
evaluation__3613__deblur__counterfactual__nes__l1,1021,48,18,157,8,218
evaluation__6120__denoise__attack__nes__l0.5,1021,48,2,622,2,762
evaluation__6120__denoise__restore__nes__l0.5,1021,49,2,635,2,761
evaluation__6120__denoise__random_walk__random_walk__l0.5,1024,50,2,1023,2,1023
evaluation__6120__denoise__confidence_boost__nes__l0.5,1021,47,3,741,2,852
evaluation__6120__denoise__boundary_probe__nes__l0.5,1021,48,7,626,4,764
evaluation__6120__denoise__counterfactual__nes__l0.5,1021,48,4,687,4,823
evaluation__6120__deblur__attack__nes__l1,1021,48,18,138,12,200
evaluation__6120__deblur__restore__nes__l1,1021,48,18,185,18,289
evaluation__6120__deblur__random_walk__random_walk__l1,1024,50,2,1023,2,1023
evaluation__6120__deblur__confidence_boost__nes__l1,1021,47,18,143,18,214
evaluation__6120__deblur__boundary_probe__nes__l1,1021,47,18,115,18,156
evaluation__6120__deblur__counterfactual__nes__l1,1021,47,18,219,18,325
evaluation__9540__denoise__attack__nes__l0.5,1021,48,2,536,2,703
evaluation__9540__denoise__restore__nes__l0.5,1021,49,10,689,10,831
evaluation__9540__denoise__random_walk__random_walk__l0.5,1024,49,2,1023,2,1023
evaluation__9540__denoise__confidence_boost__nes__l0.5,1021,49,2,733,2,857
evaluation__9540__denoise__boundary_probe__nes__l0.5,1021,48,5,605,2,743
evaluation__9540__denoise__counterfactual__nes__l0.5,1021,48,18,502,18,666
evaluation__9540__deblur__attack__nes__l1,1021,48,5,246,5,360
evaluation__9540__deblur__restore__nes__l1,1021,49,9,302,9,422
evaluation__9540__deblur__random_walk__random_walk__l1,1024,49,2,1023,2,1023
evaluation__9540__deblur__confidence_boost__nes__l1,1021,49,12,340,3,490
evaluation__9540__deblur__boundary_probe__nes__l1,1021,48,18,349,18,473
evaluation__9540__deblur__counterfactual__nes__l1,1021,48,12,285,4,396
evaluation__2105__denoise__attack__nes__l0.5,1021,50,2,280,2,406
evaluation__2105__denoise__restore__nes__l0.5,1021,48,10,406,5,546
evaluation__2105__denoise__random_walk__random_walk__l0.5,1024,50,2,1023,2,1023
evaluation__2105__denoise__confidence_boost__nes__l0.5,1021,48,15,411,15,582
evaluation__2105__denoise__boundary_probe__nes__l0.5,1021,49,5,546,5,669
evaluation__2105__denoise__counterfactual__nes__l0.5,1021,49,2,316,2,449
evaluation__2105__deblur__attack__nes__l1,1021,49,3,219,3,329
evaluation__2105__deblur__restore__nes__l1,1021,48,3,161,2,238
evaluation__2105__deblur__random_walk__random_walk__l1,1024,49,2,1023,2,1023
evaluation__2105__deblur__confidence_boost__nes__l1,1021,48,12,223,12,329
evaluation__2105__deblur__boundary_probe__nes__l1,1021,47,5,168,4,262
evaluation__2105__deblur__counterfactual__nes__l1,1021,49,3,197,3,307
evaluation__4788__denoise__attack__nes__l0.5,1021,49,2,824,2,919
evaluation__4788__denoise__restore__nes__l0.5,1021,49,2,738,2,863
evaluation__4788__denoise__random_walk__random_walk__l0.5,1024,50,2,1023,2,1023
evaluation__4788__denoise__confidence_boost__nes__l0.5,1021,48,2,910,2,965
evaluation__4788__denoise__boundary_probe__nes__l0.5,1021,49,2,940,2,982
evaluation__4788__denoise__counterfactual__nes__l0.5,1021,49,4,920,4,968
evaluation__4788__deblur__attack__nes__l1,1021,48,2,496,2,646
evaluation__4788__deblur__restore__nes__l1,1021,49,2,563,2,728
evaluation__4788__deblur__random_walk__random_walk__l1,1024,50,2,1023,2,1023
evaluation__4788__deblur__confidence_boost__nes__l1,1021,48,5,702,3,816
evaluation__4788__deblur__boundary_probe__nes__l1,1021,48,3,733,3,845
evaluation__4788__deblur__counterfactual__nes__l1,1021,48,15,733,5,830
evaluation__8113__denoise__attack__nes__l0.5,1021,49,2,681,2,804
evaluation__8113__denoise__restore__nes__l0.5,1021,47,3,482,3,626
evaluation__8113__denoise__random_walk__random_walk__l0.5,1024,49,2,1023,2,1023
evaluation__8113__denoise__confidence_boost__nes__l0.5,1021,49,9,628,4,765
evaluation__8113__denoise__boundary_probe__nes__l0.5,1021,49,6,540,6,694
evaluation__8113__denoise__counterfactual__nes__l0.5,1021,49,18,425,14,573
evaluation__8113__deblur__attack__nes__l1,1021,48,5,320,2,449
evaluation__8113__deblur__restore__nes__l1,1021,49,12,542,12,664
evaluation__8113__deblur__random_walk__random_walk__l1,1024,50,2,1023,2,1023
evaluation__8113__deblur__confidence_boost__nes__l1,1021,48,5,413,5,519
evaluation__8113__deblur__boundary_probe__nes__l1,1021,47,3,333,2,474
evaluation__8113__deblur__counterfactual__nes__l1,1021,48,18,229,4,360
evaluation__1966__denoise__attack__nes__l0.5,1021,48,12,324,2,450
evaluation__1966__denoise__restore__nes__l0.5,1021,47,12,288,2,421
evaluation__1966__denoise__random_walk__random_walk__l0.5,1024,49,2,1023,2,1023
evaluation__1966__denoise__confidence_boost__nes__l0.5,1021,48,18,382,3,511
evaluation__1966__denoise__boundary_probe__nes__l0.5,1021,48,9,273,9,401
evaluation__1966__denoise__counterfactual__nes__l0.5,1021,48,18,231,7,364
evaluation__1966__deblur__attack__nes__l1,1021,48,13,328,13,471
evaluation__1966__deblur__restore__nes__l1,1021,49,18,280,9,393
evaluation__1966__deblur__random_walk__random_walk__l1,1024,49,2,1023,2,1023
evaluation__1966__deblur__confidence_boost__nes__l1,1021,47,18,155,18,229
evaluation__1966__deblur__boundary_probe__nes__l1,1021,48,10,222,10,337
evaluation__1966__deblur__counterfactual__nes__l1,1021,48,18,311,18,431
evaluation__4186__denoise__attack__nes__l0.5,1021,47,9,292,4,414
evaluation__4186__denoise__restore__nes__l0.5,1021,47,9,213,5,330
evaluation__4186__denoise__random_walk__random_walk__l0.5,1024,50,2,1023,2,1023
evaluation__4186__denoise__confidence_boost__nes__l0.5,1021,49,8,311,8,436
evaluation__4186__denoise__boundary_probe__nes__l0.5,1021,48,8,301,8,410
evaluation__4186__denoise__counterfactual__nes__l0.5,1021,47,18,226,10,327
evaluation__4186__deblur__attack__nes__l1,1021,48,18,245,18,374
evaluation__4186__deblur__restore__nes__l1,1021,50,18,337,8,471
evaluation__4186__deblur__random_walk__random_walk__l1,1024,49,2,1023,2,1023
evaluation__4186__deblur__confidence_boost__nes__l1,1021,47,4,224,3,331
evaluation__4186__deblur__boundary_probe__nes__l1,1021,47,4,225,4,344
evaluation__4186__deblur__counterfactual__nes__l1,1021,48,12,329,12,451
evaluation__5998__denoise__attack__nes__l0.5,1021,47,8,265,4,405
evaluation__5998__denoise__restore__nes__l0.5,1021,48,3,456,3,597
evaluation__5998__denoise__random_walk__random_walk__l0.5,1024,50,2,1023,2,1023
evaluation__5998__denoise__confidence_boost__nes__l0.5,1021,49,3,502,3,629
evaluation__5998__denoise__boundary_probe__nes__l0.5,1021,48,3,637,3,767
evaluation__5998__denoise__counterfactual__nes__l0.5,1021,49,3,535,3,675
evaluation__5998__deblur__attack__nes__l1,1021,47,2,490,2,625
evaluation__5998__deblur__restore__nes__l1,1021,49,4,496,4,652
evaluation__5998__deblur__random_walk__random_walk__l1,1024,50,2,1023,2,1023
evaluation__5998__deblur__confidence_boost__nes__l1,1021,48,2,492,2,630
evaluation__5998__deblur__boundary_probe__nes__l1,1021,50,10,554,3,710
evaluation__5998__deblur__counterfactual__nes__l1,1021,49,5,602,5,743
evaluation__582__denoise__attack__nes__l0.5,1021,47,4,315,4,458
evaluation__582__denoise__restore__nes__l0.5,1021,49,7,451,7,598
evaluation__582__denoise__random_walk__random_walk__l0.5,1024,49,2,1023,2,1023
evaluation__582__denoise__confidence_boost__nes__l0.5,1021,48,11,488,11,638
evaluation__582__denoise__boundary_probe__nes__l0.5,1021,49,3,479,3,629
evaluation__582__denoise__counterfactual__nes__l0.5,1021,48,6,340,6,491
evaluation__582__deblur__attack__nes__l1,1021,48,5,306,4,453
evaluation__582__deblur__restore__nes__l1,1021,49,3,325,3,443
evaluation__582__deblur__random_walk__random_walk__l1,1024,49,2,1023,2,1023
evaluation__582__deblur__confidence_boost__nes__l1,1021,49,10,263,10,377
evaluation__582__deblur__boundary_probe__nes__l1,1021,48,3,483,3,632
evaluation__582__deblur__counterfactual__nes__l1,1021,48,2,317,2,435
evaluation__2196__denoise__attack__nes__l0.5,1021,48,9,354,2,503
evaluation__2196__denoise__restore__nes__l0.5,1021,48,7,386,2,570
evaluation__2196__denoise__random_walk__random_walk__l0.5,1024,50,2,1023,2,1023
evaluation__2196__denoise__confidence_boost__nes__l0.5,1021,48,5,381,5,527
evaluation__2196__denoise__boundary_probe__nes__l0.5,1021,49,3,543,3,706
evaluation__2196__denoise__counterfactual__nes__l0.5,1021,48,18,321,9,482
evaluation__2196__deblur__attack__nes__l1,1021,48,12,267,6,398
evaluation__2196__deblur__restore__nes__l1,1021,48,8,305,8,411
evaluation__2196__deblur__random_walk__random_walk__l1,1024,49,2,1023,2,1023
evaluation__2196__deblur__confidence_boost__nes__l1,1021,49,3,471,3,605
evaluation__2196__deblur__boundary_probe__nes__l1,1021,48,4,372,4,502
evaluation__2196__deblur__counterfactual__nes__l1,1021,48,6,267,6,419
evaluation__4254__denoise__attack__nes__l0.5,1021,47,9,303,5,412
evaluation__4254__denoise__restore__nes__l0.5,1021,47,16,349,4,464
evaluation__4254__denoise__random_walk__random_walk__l0.5,1024,49,2,1023,2,1023
evaluation__4254__denoise__confidence_boost__nes__l0.5,1021,49,6,502,6,626
evaluation__4254__denoise__boundary_probe__nes__l0.5,1021,49,4,480,4,614
evaluation__4254__denoise__counterfactual__nes__l0.5,1021,48,4,290,4,422
evaluation__4254__deblur__attack__nes__l1,1021,49,3,456,3,622
evaluation__4254__deblur__restore__nes__l1,1021,48,8,524,8,673
evaluation__4254__deblur__random_walk__random_walk__l1,1024,50,2,1023,2,1023
evaluation__4254__deblur__confidence_boost__nes__l1,1021,48,12,538,10,683
evaluation__4254__deblur__boundary_probe__nes__l1,1021,48,2,376,2,527
evaluation__4254__deblur__counterfactual__nes__l1,1021,49,2,581,2,733
evaluation__7580__denoise__attack__nes__l0.5,1021,47,7,627,7,796
evaluation__7580__denoise__restore__nes__l0.5,1021,48,3,630,3,777
evaluation__7580__denoise__random_walk__random_walk__l0.5,1024,49,2,1023,2,1023
evaluation__7580__denoise__confidence_boost__nes__l0.5,1021,49,2,724,2,853
evaluation__7580__denoise__boundary_probe__nes__l0.5,1021,48,2,588,2,753
evaluation__7580__denoise__counterfactual__nes__l0.5,1021,49,2,532,2,702
evaluation__7580__deblur__attack__nes__l1,1021,47,11,364,3,488
evaluation__7580__deblur__restore__nes__l1,1021,47,2,712,2,828
evaluation__7580__deblur__random_walk__random_walk__l1,1024,49,2,1023,2,1023
evaluation__7580__deblur__confidence_boost__nes__l1,1021,49,6,437,2,583
evaluation__7580__deblur__boundary_probe__nes__l1,1021,48,2,495,2,660
evaluation__7580__deblur__counterfactual__nes__l1,1021,49,3,702,3,822
evaluation__3170__denoise__attack__nes__l0.5,1021,49,4,353,4,497
evaluation__3170__denoise__restore__nes__l0.5,1021,48,13,446,13,601
evaluation__3170__denoise__random_walk__random_walk__l0.5,1024,50,2,1023,2,1023
evaluation__3170__denoise__confidence_boost__nes__l0.5,1021,49,16,426,6,579
evaluation__3170__denoise__boundary_probe__nes__l0.5,1021,48,7,447,2,596
evaluation__3170__denoise__counterfactual__nes__l0.5,1021,48,11,310,4,441
evaluation__3170__deblur__attack__nes__l1,1021,47,3,379,3,507
evaluation__3170__deblur__restore__nes__l1,1021,49,9,566,9,696
evaluation__3170__deblur__random_walk__random_walk__l1,1024,50,2,1023,2,1023
evaluation__3170__deblur__confidence_boost__nes__l1,1021,49,9,430,9,550
evaluation__3170__deblur__boundary_probe__nes__l1,1021,49,5,602,5,745
evaluation__3170__deblur__counterfactual__nes__l1,1021,49,17,324,3,473
evaluation__6724__denoise__attack__nes__l0.5,1021,49,3,513,3,683
evaluation__6724__denoise__restore__nes__l0.5,1021,47,3,260,3,382
evaluation__6724__denoise__random_walk__random_walk__l0.5,1024,49,2,1023,2,1023
evaluation__6724__denoise__confidence_boost__nes__l0.5,1021,48,5,405,3,581
evaluation__6724__denoise__boundary_probe__nes__l0.5,1021,49,4,680,2,796
evaluation__6724__denoise__counterfactual__nes__l0.5,1021,49,2,405,2,554
evaluation__6724__deblur__attack__nes__l1,1021,48,6,627,6,759
evaluation__6724__deblur__restore__nes__l1,1021,48,3,515,3,652
evaluation__6724__deblur__random_walk__random_walk__l1,1024,49,2,1023,2,1023
evaluation__6724__deblur__confidence_boost__nes__l1,1021,48,3,678,2,801
evaluation__6724__deblur__boundary_probe__nes__l1,1021,49,2,476,2,611
evaluation__6724__deblur__counterfactual__nes__l1,1021,49,2,636,2,753
evaluation__8995__denoise__attack__nes__l0.5,1021,49,8,364,3,476
evaluation__8995__denoise__restore__nes__l0.5,1021,49,12,287,7,418
evaluation__8995__denoise__random_walk__random_walk__l0.5,1024,50,2,1023,2,1023
evaluation__8995__denoise__confidence_boost__nes__l0.5,1021,49,4,357,3,483
evaluation__8995__denoise__boundary_probe__nes__l0.5,1021,49,5,427,2,580
evaluation__8995__denoise__counterfactual__nes__l0.5,1021,48,11,380,5,518
evaluation__8995__deblur__attack__nes__l1,1021,48,10,428,3,576
evaluation__8995__deblur__restore__nes__l1,1021,50,4,439,4,596
evaluation__8995__deblur__random_walk__random_walk__l1,1024,49,2,1023,2,1023
evaluation__8995__deblur__confidence_boost__nes__l1,1021,49,2,428,2,562
evaluation__8995__deblur__boundary_probe__nes__l1,1021,49,17,512,4,663
evaluation__8995__deblur__counterfactual__nes__l1,1021,48,13,505,9,651
fit__2130__denoise__attack__nes__l0.5,1021,48,10,475,10,624
fit__2130__denoise__restore__nes__l0.5,1021,48,18,397,18,572
fit__2130__denoise__random_walk__random_walk__l0.5,1024,50,2,1023,2,1023
fit__2130__denoise__confidence_boost__nes__l0.5,1021,48,13,441,13,583
fit__2130__denoise__boundary_probe__nes__l0.5,1021,47,2,375,2,520
fit__2130__denoise__counterfactual__nes__l0.5,1021,48,18,367,2,513
fit__2130__deblur__attack__nes__l1,1021,48,18,142,18,201
fit__2130__deblur__restore__nes__l1,1021,47,18,297,18,411
fit__2130__deblur__random_walk__random_walk__l1,1024,49,2,1023,2,1023
fit__2130__deblur__confidence_boost__nes__l1,1021,47,18,161,18,243
fit__2130__deblur__boundary_probe__nes__l1,1021,49,18,290,18,410
fit__2130__deblur__counterfactual__nes__l1,1021,49,18,203,18,285
fit__8643__denoise__attack__nes__l0.5,1021,49,18,268,2,410
fit__8643__denoise__restore__nes__l0.5,1021,48,4,399,4,526
fit__8643__denoise__random_walk__random_walk__l0.5,1024,49,2,1023,2,1023
fit__8643__denoise__confidence_boost__nes__l0.5,1021,48,5,437,3,578
fit__8643__denoise__boundary_probe__nes__l0.5,1021,47,6,251,6,361
fit__8643__denoise__counterfactual__nes__l0.5,1021,48,16,481,14,625
fit__8643__deblur__attack__nes__l1,1021,47,12,238,2,348
fit__8643__deblur__restore__nes__l1,1021,48,18,229,18,313
fit__8643__deblur__random_walk__random_walk__l1,1024,49,2,1023,2,1023
fit__8643__deblur__confidence_boost__nes__l1,1021,49,18,224,18,340
fit__8643__deblur__boundary_probe__nes__l1,1021,47,18,232,18,336
fit__8643__deblur__counterfactual__nes__l1,1021,48,18,254,18,354
fit__4954__denoise__attack__nes__l0.5,1021,48,4,398,4,548
fit__4954__denoise__restore__nes__l0.5,1021,47,10,462,8,620
fit__4954__denoise__random_walk__random_walk__l0.5,1024,49,2,1023,2,1023
fit__4954__denoise__confidence_boost__nes__l0.5,1021,49,4,487,4,611
fit__4954__denoise__boundary_probe__nes__l0.5,1021,49,8,685,3,810
fit__4954__denoise__counterfactual__nes__l0.5,1021,49,2,370,2,506
fit__4954__deblur__attack__nes__l1,1021,49,5,248,5,358
fit__4954__deblur__restore__nes__l1,1021,49,7,268,7,390
fit__4954__deblur__random_walk__random_walk__l1,1024,49,2,1023,2,1023
fit__4954__deblur__confidence_boost__nes__l1,1021,47,7,229,7,344
fit__4954__deblur__boundary_probe__nes__l1,1021,49,18,411,18,550
fit__4954__deblur__counterfactual__nes__l1,1021,48,2,257,2,360
fit__623__denoise__attack__nes__l0.5,1021,48,2,436,2,591
fit__623__denoise__restore__nes__l0.5,1021,47,7,412,7,579
fit__623__denoise__random_walk__random_walk__l0.5,1024,49,2,1023,2,1023
fit__623__denoise__confidence_boost__nes__l0.5,1021,48,2,351,2,500
fit__623__denoise__boundary_probe__nes__l0.5,1021,48,3,401,3,518
fit__623__denoise__counterfactual__nes__l0.5,1021,48,4,545,3,671
fit__623__deblur__attack__nes__l1,1021,48,18,367,11,490
fit__623__deblur__restore__nes__l1,1021,49,6,515,6,612
fit__623__deblur__random_walk__random_walk__l1,1024,48,2,1023,2,1023
fit__623__deblur__confidence_boost__nes__l1,1021,48,2,259,2,387
fit__623__deblur__boundary_probe__nes__l1,1021,47,14,211,6,295
fit__623__deblur__counterfactual__nes__l1,1021,49,11,425,5,564
fit__7351__denoise__attack__nes__l0.5,1021,48,18,169,7,272
fit__7351__denoise__restore__nes__l0.5,1021,48,4,386,4,522
fit__7351__denoise__random_walk__random_walk__l0.5,1024,49,2,1023,2,1023
fit__7351__denoise__confidence_boost__nes__l0.5,1021,48,10,161,10,229
fit__7351__denoise__boundary_probe__nes__l0.5,1021,50,3,287,3,416
fit__7351__denoise__counterfactual__nes__l0.5,1021,48,18,259,18,366
fit__7351__deblur__attack__nes__l1,1021,47,18,120,18,158
fit__7351__deblur__restore__nes__l1,1021,49,18,119,16,179
fit__7351__deblur__random_walk__random_walk__l1,1024,49,2,1023,2,1023
fit__7351__deblur__confidence_boost__nes__l1,1021,48,18,158,3,208
fit__7351__deblur__boundary_probe__nes__l1,1021,48,18,127,18,173
fit__7351__deblur__counterfactual__nes__l1,1021,48,18,160,18,224
fit__2922__denoise__attack__nes__l0.5,1021,48,17,566,4,683
fit__2922__denoise__restore__nes__l0.5,1021,49,14,285,14,416
fit__2922__denoise__random_walk__random_walk__l0.5,1024,50,2,1023,2,1023
fit__2922__denoise__confidence_boost__nes__l0.5,1021,48,3,323,3,472
fit__2922__denoise__boundary_probe__nes__l0.5,1021,50,7,444,7,600
fit__2922__denoise__counterfactual__nes__l0.5,1021,48,11,266,11,381
fit__2922__deblur__attack__nes__l1,1021,49,18,284,14,392
fit__2922__deblur__restore__nes__l1,1021,48,2,429,2,563
fit__2922__deblur__random_walk__random_walk__l1,1024,49,2,1023,2,1023
fit__2922__deblur__confidence_boost__nes__l1,1021,48,12,308,12,435
fit__2922__deblur__boundary_probe__nes__l1,1021,49,2,247,2,342
fit__2922__deblur__counterfactual__nes__l1,1021,48,4,337,4,472
fit__9198__denoise__attack__nes__l0.5,1021,47,14,445,14,586
fit__9198__denoise__restore__nes__l0.5,1021,49,4,490,2,649
fit__9198__denoise__random_walk__random_walk__l0.5,1024,49,2,1023,2,1023
fit__9198__denoise__confidence_boost__nes__l0.5,1021,48,5,446,4,580
fit__9198__denoise__boundary_probe__nes__l0.5,1021,49,5,398,5,531
fit__9198__denoise__counterfactual__nes__l0.5,1021,48,4,515,3,658
fit__9198__deblur__attack__nes__l1,1021,48,2,638,2,785
fit__9198__deblur__restore__nes__l1,1021,49,2,554,2,708
fit__9198__deblur__random_walk__random_walk__l1,1024,50,2,1023,2,1023
fit__9198__deblur__confidence_boost__nes__l1,1021,49,5,633,2,757
fit__9198__deblur__boundary_probe__nes__l1,1021,47,3,615,3,750
fit__9198__deblur__counterfactual__nes__l1,1021,49,6,790,2,886
fit__1928__denoise__attack__nes__l0.5,1021,48,3,458,3,607
fit__1928__denoise__restore__nes__l0.5,1021,48,4,509,4,639
fit__1928__denoise__random_walk__random_walk__l0.5,1024,49,2,1023,2,1023
fit__1928__denoise__confidence_boost__nes__l0.5,1021,49,2,523,2,683
fit__1928__denoise__boundary_probe__nes__l0.5,1021,48,2,411,2,555
fit__1928__denoise__counterfactual__nes__l0.5,1021,48,5,487,5,630
fit__1928__deblur__attack__nes__l1,1021,48,6,247,6,346
fit__1928__deblur__restore__nes__l1,1021,49,18,358,18,484
fit__1928__deblur__random_walk__random_walk__l1,1024,49,2,1023,2,1023
fit__1928__deblur__confidence_boost__nes__l1,1021,48,17,150,5,230
fit__1928__deblur__boundary_probe__nes__l1,1021,48,18,251,8,355
fit__1928__deblur__counterfactual__nes__l1,1021,48,18,158,12,237
fit__1940__denoise__attack__nes__l0.5,1021,48,5,514,4,666
fit__1940__denoise__restore__nes__l0.5,1021,48,2,488,2,624
fit__1940__denoise__random_walk__random_walk__l0.5,1024,49,2,1023,2,1023
fit__1940__denoise__confidence_boost__nes__l0.5,1021,48,7,424,6,559
fit__1940__denoise__boundary_probe__nes__l0.5,1021,49,9,508,9,680
fit__1940__denoise__counterfactual__nes__l0.5,1021,47,18,455,13,593
fit__1940__deblur__attack__nes__l1,1021,48,18,514,8,677
fit__1940__deblur__restore__nes__l1,1021,49,11,416,2,553
fit__1940__deblur__random_walk__random_walk__l1,1024,50,2,1023,2,1023
fit__1940__deblur__confidence_boost__nes__l1,1021,48,14,600,6,752
fit__1940__deblur__boundary_probe__nes__l1,1021,48,3,601,3,750
fit__1940__deblur__counterfactual__nes__l1,1021,48,3,357,3,508
fit__6571__denoise__attack__nes__l0.5,1021,49,17,379,17,519
fit__6571__denoise__restore__nes__l0.5,1021,47,7,399,7,534
fit__6571__denoise__random_walk__random_walk__l0.5,1024,49,2,1023,2,1023
fit__6571__denoise__confidence_boost__nes__l0.5,1021,48,3,273,3,406
fit__6571__denoise__boundary_probe__nes__l0.5,1021,48,11,372,4,513
fit__6571__denoise__counterfactual__nes__l0.5,1021,47,6,172,3,261
fit__6571__deblur__attack__nes__l1,1021,48,18,202,18,309
fit__6571__deblur__restore__nes__l1,1021,49,18,191,18,276
fit__6571__deblur__random_walk__random_walk__l1,1024,50,2,1023,2,1023
fit__6571__deblur__confidence_boost__nes__l1,1021,47,18,193,18,282
fit__6571__deblur__boundary_probe__nes__l1,1021,48,18,235,18,329
fit__6571__deblur__counterfactual__nes__l1,1021,48,11,263,11,378
fit__1688__denoise__attack__nes__l0.5,1021,48,7,345,7,480
fit__1688__denoise__restore__nes__l0.5,1021,49,18,400,8,527
fit__1688__denoise__random_walk__random_walk__l0.5,1024,50,2,1023,2,1023
fit__1688__denoise__confidence_boost__nes__l0.5,1021,48,5,451,5,573
fit__1688__denoise__boundary_probe__nes__l0.5,1021,49,6,246,6,357
fit__1688__denoise__counterfactual__nes__l0.5,1021,47,4,393,4,522
fit__1688__deblur__attack__nes__l1,1021,48,5,487,3,635
fit__1688__deblur__restore__nes__l1,1021,48,10,270,10,420
fit__1688__deblur__random_walk__random_walk__l1,1024,49,2,1023,2,1023
fit__1688__deblur__confidence_boost__nes__l1,1021,49,9,486,9,613
fit__1688__deblur__boundary_probe__nes__l1,1021,47,4,237,4,332
fit__1688__deblur__counterfactual__nes__l1,1021,49,5,414,2,547
fit__9721__denoise__attack__nes__l0.5,1021,49,2,383,2,524
fit__9721__denoise__restore__nes__l0.5,1021,47,18,283,18,410
fit__9721__denoise__random_walk__random_walk__l0.5,1024,49,2,1023,2,1023
fit__9721__denoise__confidence_boost__nes__l0.5,1021,49,2,561,2,701
fit__9721__denoise__boundary_probe__nes__l0.5,1021,47,6,364,6,516
fit__9721__denoise__counterfactual__nes__l0.5,1021,48,3,495,3,637
fit__9721__deblur__attack__nes__l1,1021,48,18,197,18,283
fit__9721__deblur__restore__nes__l1,1021,47,18,182,18,274
fit__9721__deblur__random_walk__random_walk__l1,1024,49,2,1023,2,1023
fit__9721__deblur__confidence_boost__nes__l1,1021,49,18,220,18,318
fit__9721__deblur__boundary_probe__nes__l1,1021,47,18,183,18,272
fit__9721__deblur__counterfactual__nes__l1,1021,47,18,141,18,207
fit__4339__denoise__attack__nes__l0.5,1021,49,2,591,2,733
fit__4339__denoise__restore__nes__l0.5,1021,48,2,687,2,810
fit__4339__denoise__random_walk__random_walk__l0.5,1024,49,2,1023,2,1023
fit__4339__denoise__confidence_boost__nes__l0.5,1021,48,4,575,3,716
fit__4339__denoise__boundary_probe__nes__l0.5,1021,48,3,580,3,726
fit__4339__denoise__counterfactual__nes__l0.5,1021,50,4,765,4,874
fit__4339__deblur__attack__nes__l1,1021,47,5,377,5,541
fit__4339__deblur__restore__nes__l1,1021,48,9,510,4,676
fit__4339__deblur__random_walk__random_walk__l1,1024,49,2,1023,2,1023
fit__4339__deblur__confidence_boost__nes__l1,1021,48,8,555,8,694
fit__4339__deblur__boundary_probe__nes__l1,1021,49,3,517,3,660
fit__4339__deblur__counterfactual__nes__l1,1021,48,2,358,2,496
fit__1279__denoise__attack__nes__l0.5,1021,48,8,255,7,356
fit__1279__denoise__restore__nes__l0.5,1021,49,3,409,3,552
fit__1279__denoise__random_walk__random_walk__l0.5,1024,49,2,1023,2,1023
fit__1279__denoise__confidence_boost__nes__l0.5,1021,48,12,315,8,427
fit__1279__denoise__boundary_probe__nes__l0.5,1021,49,6,382,6,511
fit__1279__denoise__counterfactual__nes__l0.5,1021,48,8,311,3,437
fit__1279__deblur__attack__nes__l1,1021,47,18,196,12,329
fit__1279__deblur__restore__nes__l1,1021,48,18,294,2,440
fit__1279__deblur__random_walk__random_walk__l1,1024,50,2,1023,2,1023
fit__1279__deblur__confidence_boost__nes__l1,1021,48,2,408,2,547
fit__1279__deblur__boundary_probe__nes__l1,1021,48,18,572,4,692
fit__1279__deblur__counterfactual__nes__l1,1021,48,7,506,2,643
fit__4865__denoise__attack__nes__l0.5,1021,47,5,417,5,563
fit__4865__denoise__restore__nes__l0.5,1021,49,5,377,5,567
fit__4865__denoise__random_walk__random_walk__l0.5,1024,49,2,1023,2,1023
fit__4865__denoise__confidence_boost__nes__l0.5,1021,48,3,563,3,697
fit__4865__denoise__boundary_probe__nes__l0.5,1021,49,4,583,4,701
fit__4865__denoise__counterfactual__nes__l0.5,1021,48,12,457,7,597
fit__4865__deblur__attack__nes__l1,1021,48,3,606,3,752
fit__4865__deblur__restore__nes__l1,1021,49,8,639,8,767
fit__4865__deblur__random_walk__random_walk__l1,1024,49,2,1023,2,1023
fit__4865__deblur__confidence_boost__nes__l1,1021,48,3,641,3,747
fit__4865__deblur__boundary_probe__nes__l1,1021,49,2,728,2,834
fit__4865__deblur__counterfactual__nes__l1,1021,48,3,533,3,681
fit__2467__denoise__attack__nes__l0.5,1021,47,2,287,2,400
fit__2467__denoise__restore__nes__l0.5,1021,49,18,205,4,293
fit__2467__denoise__random_walk__random_walk__l0.5,1024,48,2,1023,2,1023
fit__2467__denoise__confidence_boost__nes__l0.5,1021,48,18,161,18,230
fit__2467__denoise__boundary_probe__nes__l0.5,1021,48,17,184,11,256
fit__2467__denoise__counterfactual__nes__l0.5,1021,47,13,142,13,211
fit__2467__deblur__attack__nes__l1,1021,48,3,545,2,689
fit__2467__deblur__restore__nes__l1,1021,48,4,610,4,724
fit__2467__deblur__random_walk__random_walk__l1,1024,49,2,1023,2,1023
fit__2467__deblur__confidence_boost__nes__l1,1021,49,4,388,2,552
fit__2467__deblur__boundary_probe__nes__l1,1021,48,2,486,2,630
fit__2467__deblur__counterfactual__nes__l1,1021,48,4,775,4,866
fit__7920__denoise__attack__nes__l0.5,1021,47,2,247,2,348
fit__7920__denoise__restore__nes__l0.5,1021,48,6,218,2,306
fit__7920__denoise__random_walk__random_walk__l0.5,1024,49,2,1023,2,1023
fit__7920__denoise__confidence_boost__nes__l0.5,1021,47,4,199,2,304
fit__7920__denoise__boundary_probe__nes__l0.5,1021,49,2,469,2,597
fit__7920__denoise__counterfactual__nes__l0.5,1021,47,4,269,4,377
fit__7920__deblur__attack__nes__l1,1021,48,2,500,2,653
fit__7920__deblur__restore__nes__l1,1021,47,4,488,4,638
fit__7920__deblur__random_walk__random_walk__l1,1024,50,2,1023,2,1023
fit__7920__deblur__confidence_boost__nes__l1,1021,48,2,413,2,558
fit__7920__deblur__boundary_probe__nes__l1,1021,48,3,493,3,644
fit__7920__deblur__counterfactual__nes__l1,1021,48,2,408,2,532
calibration__1819__denoise__attack__nes__l0.5,1021,49,18,411,13,544
calibration__1819__denoise__restore__nes__l0.5,1021,48,18,216,18,327
calibration__1819__denoise__random_walk__random_walk__l0.5,1024,49,2,1023,2,1023
calibration__1819__denoise__confidence_boost__nes__l0.5,1021,48,8,270,8,383
calibration__1819__denoise__boundary_probe__nes__l0.5,1021,48,18,338,18,488
calibration__1819__denoise__counterfactual__nes__l0.5,1021,49,4,314,4,432
calibration__1819__deblur__attack__nes__l1,1021,48,4,510,2,635
calibration__1819__deblur__restore__nes__l1,1021,49,3,406,3,564
calibration__1819__deblur__random_walk__random_walk__l1,1024,50,2,1023,2,1023
calibration__1819__deblur__confidence_boost__nes__l1,1021,49,3,494,2,636
calibration__1819__deblur__boundary_probe__nes__l1,1021,49,2,636,2,759
calibration__1819__deblur__counterfactual__nes__l1,1021,48,2,367,2,494
calibration__8769__denoise__attack__nes__l0.5,1021,48,15,327,6,462
calibration__8769__denoise__restore__nes__l0.5,1021,47,2,304,2,436
calibration__8769__denoise__random_walk__random_walk__l0.5,1024,49,2,1023,2,1023
calibration__8769__denoise__confidence_boost__nes__l0.5,1021,47,3,337,2,454
calibration__8769__denoise__boundary_probe__nes__l0.5,1021,47,7,329,3,459
calibration__8769__denoise__counterfactual__nes__l0.5,1021,49,6,371,6,505
calibration__8769__deblur__attack__nes__l1,1021,50,7,730,2,865
calibration__8769__deblur__restore__nes__l1,1021,48,3,802,3,912
calibration__8769__deblur__random_walk__random_walk__l1,1024,49,2,1023,2,1023
calibration__8769__deblur__confidence_boost__nes__l1,1021,48,2,899,2,960
calibration__8769__deblur__boundary_probe__nes__l1,1021,49,9,845,4,929
calibration__8769__deblur__counterfactual__nes__l1,1021,47,3,784,3,905
calibration__3029__denoise__attack__nes__l0.5,1021,49,4,508,4,655
calibration__3029__denoise__restore__nes__l0.5,1021,49,6,503,2,671
calibration__3029__denoise__random_walk__random_walk__l0.5,1024,49,2,1023,2,1023
calibration__3029__denoise__confidence_boost__nes__l0.5,1021,48,2,407,2,531
calibration__3029__denoise__boundary_probe__nes__l0.5,1021,48,2,493,2,638
calibration__3029__denoise__counterfactual__nes__l0.5,1021,49,5,535,4,686
calibration__3029__deblur__attack__nes__l1,1021,49,3,665,3,790
calibration__3029__deblur__restore__nes__l1,1021,48,3,505,3,627
calibration__3029__deblur__random_walk__random_walk__l1,1024,50,2,1023,2,1023
calibration__3029__deblur__confidence_boost__nes__l1,1021,48,3,465,3,603
calibration__3029__deblur__boundary_probe__nes__l1,1021,48,3,309,3,433
calibration__3029__deblur__counterfactual__nes__l1,1021,49,11,389,11,524
calibration__1451__denoise__attack__nes__l0.5,1021,48,6,510,2,640
calibration__1451__denoise__restore__nes__l0.5,1021,49,8,356,5,484
calibration__1451__denoise__random_walk__random_walk__l0.5,1024,49,2,1023,2,1023
calibration__1451__denoise__confidence_boost__nes__l0.5,1021,47,4,502,4,629
calibration__1451__denoise__boundary_probe__nes__l0.5,1021,47,3,320,3,457
calibration__1451__denoise__counterfactual__nes__l0.5,1021,48,2,406,2,533
calibration__1451__deblur__attack__nes__l1,1021,48,4,135,4,194
calibration__1451__deblur__restore__nes__l1,1021,48,18,122,6,163
calibration__1451__deblur__random_walk__random_walk__l1,1024,49,2,1023,2,1023
calibration__1451__deblur__confidence_boost__nes__l1,1021,48,5,197,5,274
calibration__1451__deblur__boundary_probe__nes__l1,1021,47,2,214,2,327
calibration__1451__deblur__counterfactual__nes__l1,1021,48,18,168,4,241
calibration__6679__denoise__attack__nes__l0.5,1021,48,8,658,8,793
calibration__6679__denoise__restore__nes__l0.5,1021,48,2,706,2,828
calibration__6679__denoise__random_walk__random_walk__l0.5,1024,50,2,1023,2,1023
calibration__6679__denoise__confidence_boost__nes__l0.5,1021,50,2,856,2,933
calibration__6679__denoise__boundary_probe__nes__l0.5,1021,49,2,794,2,896
calibration__6679__denoise__counterfactual__nes__l0.5,1021,49,4,708,4,832
calibration__6679__deblur__attack__nes__l1,1021,49,18,219,18,322
calibration__6679__deblur__restore__nes__l1,1021,49,4,229,3,324
calibration__6679__deblur__random_walk__random_walk__l1,1024,49,2,1023,2,1023
calibration__6679__deblur__confidence_boost__nes__l1,1021,47,18,182,18,268
calibration__6679__deblur__boundary_probe__nes__l1,1021,46,17,171,17,269
calibration__6679__deblur__counterfactual__nes__l1,1021,47,18,358,12,455
calibration__4407__denoise__attack__nes__l0.5,1021,48,2,735,2,860
calibration__4407__denoise__restore__nes__l0.5,1021,49,2,622,2,784
calibration__4407__denoise__random_walk__random_walk__l0.5,1024,50,2,1023,2,1023
calibration__4407__denoise__confidence_boost__nes__l0.5,1021,48,2,885,2,950
calibration__4407__denoise__boundary_probe__nes__l0.5,1021,49,2,824,2,919
calibration__4407__denoise__counterfactual__nes__l0.5,1021,48,4,844,4,925
calibration__4407__deblur__attack__nes__l1,1021,47,18,282,16,390
calibration__4407__deblur__restore__nes__l1,1021,48,8,299,8,431
calibration__4407__deblur__random_walk__random_walk__l1,1024,49,2,1023,2,1023
calibration__4407__deblur__confidence_boost__nes__l1,1021,48,12,333,5,484
calibration__4407__deblur__boundary_probe__nes__l1,1021,47,15,240,15,330
calibration__4407__deblur__counterfactual__nes__l1,1021,47,8,207,8,306
calibration__9089__denoise__attack__nes__l0.5,1021,48,6,298,6,464
calibration__9089__denoise__restore__nes__l0.5,1021,48,8,572,8,720
calibration__9089__denoise__random_walk__random_walk__l0.5,1024,50,2,1023,2,1023
calibration__9089__denoise__confidence_boost__nes__l0.5,1021,48,9,498,3,646
calibration__9089__denoise__boundary_probe__nes__l0.5,1021,50,4,488,4,632
calibration__9089__denoise__counterfactual__nes__l0.5,1021,49,3,448,3,590
calibration__9089__deblur__attack__nes__l1,1021,48,2,362,2,506
calibration__9089__deblur__restore__nes__l1,1021,48,18,361,2,515
calibration__9089__deblur__random_walk__random_walk__l1,1024,49,2,1023,2,1023
calibration__9089__deblur__confidence_boost__nes__l1,1021,48,18,283,11,415
calibration__9089__deblur__boundary_probe__nes__l1,1021,48,9,404,9,549
calibration__9089__deblur__counterfactual__nes__l1,1021,48,10,436,5,604
calibration__4757__denoise__attack__nes__l0.5,1021,46,4,220,4,335
calibration__4757__denoise__restore__nes__l0.5,1021,47,7,274,4,413
calibration__4757__denoise__random_walk__random_walk__l0.5,1024,49,2,1023,2,1023
calibration__4757__denoise__confidence_boost__nes__l0.5,1021,48,8,279,8,415
calibration__4757__denoise__boundary_probe__nes__l0.5,1021,49,18,189,18,284
calibration__4757__denoise__counterfactual__nes__l0.5,1021,48,18,274,18,414
calibration__4757__deblur__attack__nes__l1,1021,47,18,253,18,370
calibration__4757__deblur__restore__nes__l1,1021,48,9,400,9,547
calibration__4757__deblur__random_walk__random_walk__l1,1024,49,2,1023,2,1023
calibration__4757__deblur__confidence_boost__nes__l1,1021,48,3,494,3,634
calibration__4757__deblur__boundary_probe__nes__l1,1021,47,12,235,2,360
calibration__4757__deblur__counterfactual__nes__l1,1021,47,9,476,9,614
calibration__834__denoise__attack__nes__l0.5,1021,49,18,231,18,322
calibration__834__denoise__restore__nes__l0.5,1021,47,3,153,3,227
calibration__834__denoise__random_walk__random_walk__l0.5,1024,49,2,1023,2,1023
calibration__834__denoise__confidence_boost__nes__l0.5,1021,48,2,139,2,202
calibration__834__denoise__boundary_probe__nes__l0.5,1021,46,12,167,12,243
calibration__834__denoise__counterfactual__nes__l0.5,1021,48,8,218,7,335
calibration__834__deblur__attack__nes__l1,1021,48,4,294,4,410
calibration__834__deblur__restore__nes__l1,1021,48,5,435,4,578
calibration__834__deblur__random_walk__random_walk__l1,1024,49,2,1023,2,1023
calibration__834__deblur__confidence_boost__nes__l1,1021,48,3,227,3,332
calibration__834__deblur__boundary_probe__nes__l1,1021,48,2,536,2,664
calibration__834__deblur__counterfactual__nes__l1,1021,48,10,375,9,506
calibration__8147__denoise__attack__nes__l0.5,1021,49,3,322,3,441
calibration__8147__denoise__restore__nes__l0.5,1021,48,13,429,8,553
calibration__8147__denoise__random_walk__random_walk__l0.5,1024,49,2,1023,2,1023
calibration__8147__denoise__confidence_boost__nes__l0.5,1021,49,18,329,2,438
calibration__8147__denoise__boundary_probe__nes__l0.5,1021,48,4,354,4,483
calibration__8147__denoise__counterfactual__nes__l0.5,1021,48,11,415,10,553
calibration__8147__deblur__attack__nes__l1,1021,48,2,326,2,453
calibration__8147__deblur__restore__nes__l1,1021,47,4,192,3,267
calibration__8147__deblur__random_walk__random_walk__l1,1024,49,2,1023,2,1023
calibration__8147__deblur__confidence_boost__nes__l1,1021,48,18,449,5,571
calibration__8147__deblur__boundary_probe__nes__l1,1021,47,17,193,10,283
calibration__8147__deblur__counterfactual__nes__l1,1021,48,6,288,6,395
calibration__3936__denoise__attack__nes__l0.5,1021,48,3,528,3,666
calibration__3936__denoise__restore__nes__l0.5,1021,48,9,278,6,389
calibration__3936__denoise__random_walk__random_walk__l0.5,1024,50,2,1023,2,1023
calibration__3936__denoise__confidence_boost__nes__l0.5,1021,48,2,417,2,568
calibration__3936__denoise__boundary_probe__nes__l0.5,1021,48,8,374,8,518
calibration__3936__denoise__counterfactual__nes__l0.5,1021,48,2,361,2,507
calibration__3936__deblur__attack__nes__l1,1021,47,18,144,18,214
calibration__3936__deblur__restore__nes__l1,1021,47,18,146,18,214
calibration__3936__deblur__random_walk__random_walk__l1,1024,50,2,1023,2,1023
calibration__3936__deblur__confidence_boost__nes__l1,1021,48,18,262,18,359
calibration__3936__deblur__boundary_probe__nes__l1,1021,47,18,143,3,207
calibration__3936__deblur__counterfactual__nes__l1,1021,47,18,125,18,183
calibration__9556__denoise__attack__nes__l0.5,1021,48,6,450,6,595
calibration__9556__denoise__restore__nes__l0.5,1021,49,7,513,7,664
calibration__9556__denoise__random_walk__random_walk__l0.5,1024,50,2,1023,2,1023
calibration__9556__denoise__confidence_boost__nes__l0.5,1021,48,15,440,8,568
calibration__9556__denoise__boundary_probe__nes__l0.5,1021,48,3,465,3,616
calibration__9556__denoise__counterfactual__nes__l0.5,1021,49,7,391,7,534
calibration__9556__deblur__attack__nes__l1,1021,49,15,343,8,476
calibration__9556__deblur__restore__nes__l1,1021,48,3,420,3,544
calibration__9556__deblur__random_walk__random_walk__l1,1024,50,2,1023,2,1023
calibration__9556__deblur__confidence_boost__nes__l1,1021,48,14,255,14,368
calibration__9556__deblur__boundary_probe__nes__l1,1021,48,14,439,11,576
calibration__9556__deblur__counterfactual__nes__l1,1021,48,18,291,2,410
calibration__3330__denoise__attack__nes__l0.5,1021,49,18,390,14,525
calibration__3330__denoise__restore__nes__l0.5,1021,48,2,270,2,386
calibration__3330__denoise__random_walk__random_walk__l0.5,1024,50,2,1023,2,1023
calibration__3330__denoise__confidence_boost__nes__l0.5,1021,49,6,371,2,508
calibration__3330__denoise__boundary_probe__nes__l0.5,1021,49,4,479,3,604
calibration__3330__denoise__counterfactual__nes__l0.5,1021,48,4,401,4,527
calibration__3330__deblur__attack__nes__l1,1021,49,9,572,2,698
calibration__3330__deblur__restore__nes__l1,1021,48,6,478,2,635
calibration__3330__deblur__random_walk__random_walk__l1,1024,49,2,1023,2,1023
calibration__3330__deblur__confidence_boost__nes__l1,1021,48,14,578,5,724
calibration__3330__deblur__boundary_probe__nes__l1,1021,49,7,667,3,795
calibration__3330__deblur__counterfactual__nes__l1,1021,49,12,653,12,774
calibration__880__denoise__attack__nes__l0.5,1021,47,8,162,5,245
calibration__880__denoise__restore__nes__l0.5,1021,47,18,136,18,215
calibration__880__denoise__random_walk__random_walk__l0.5,1024,49,2,1023,2,1023
calibration__880__denoise__confidence_boost__nes__l0.5,1021,47,18,112,18,151
calibration__880__denoise__boundary_probe__nes__l0.5,1021,48,3,130,3,178
calibration__880__denoise__counterfactual__nes__l0.5,1021,48,18,190,18,271
calibration__880__deblur__attack__nes__l1,1021,48,17,161,8,245
calibration__880__deblur__restore__nes__l1,1021,47,16,203,4,308
calibration__880__deblur__random_walk__random_walk__l1,1024,49,2,1023,2,1023
calibration__880__deblur__confidence_boost__nes__l1,1021,48,18,168,7,257
calibration__880__deblur__boundary_probe__nes__l1,1021,48,18,298,10,422
calibration__880__deblur__counterfactual__nes__l1,1021,49,2,329,2,451
calibration__6155__denoise__attack__nes__l0.5,1021,48,18,362,18,485
calibration__6155__denoise__restore__nes__l0.5,1021,48,3,333,3,436
calibration__6155__denoise__random_walk__random_walk__l0.5,1024,49,2,1023,2,1023
calibration__6155__denoise__confidence_boost__nes__l0.5,1021,47,9,255,9,375
calibration__6155__denoise__boundary_probe__nes__l0.5,1021,47,6,390,6,545
calibration__6155__denoise__counterfactual__nes__l0.5,1021,48,3,250,3,341
calibration__6155__deblur__attack__nes__l1,1021,49,11,516,9,667
calibration__6155__deblur__restore__nes__l1,1021,49,6,616,6,776
calibration__6155__deblur__random_walk__random_walk__l1,1024,50,2,1023,2,1023
calibration__6155__deblur__confidence_boost__nes__l1,1021,48,5,539,5,691
calibration__6155__deblur__boundary_probe__nes__l1,1021,49,2,681,2,804
calibration__6155__deblur__counterfactual__nes__l1,1021,50,2,657,2,802
calibration__5400__denoise__attack__nes__l0.5,1021,49,4,510,4,666
calibration__5400__denoise__restore__nes__l0.5,1021,49,2,605,2,749
calibration__5400__denoise__random_walk__random_walk__l0.5,1024,50,2,1023,2,1023
calibration__5400__denoise__confidence_boost__nes__l0.5,1021,48,4,314,4,456
calibration__5400__denoise__boundary_probe__nes__l0.5,1021,48,4,509,4,645
calibration__5400__denoise__counterfactual__nes__l0.5,1021,49,2,592,2,746
calibration__5400__deblur__attack__nes__l1,1021,48,6,447,6,634
calibration__5400__deblur__restore__nes__l1,1021,48,10,494,10,639
calibration__5400__deblur__random_walk__random_walk__l1,1024,49,2,1023,2,1023
calibration__5400__deblur__confidence_boost__nes__l1,1021,48,11,510,4,666
calibration__5400__deblur__boundary_probe__nes__l1,1021,49,7,441,3,573
calibration__5400__deblur__counterfactual__nes__l1,1021,49,10,506,2,661
calibration__9312__denoise__attack__nes__l0.5,1021,48,3,427,3,559
calibration__9312__denoise__restore__nes__l0.5,1021,49,2,378,2,517
calibration__9312__denoise__random_walk__random_walk__l0.5,1024,49,2,1023,2,1023
calibration__9312__denoise__confidence_boost__nes__l0.5,1021,48,3,477,3,619
calibration__9312__denoise__boundary_probe__nes__l0.5,1021,48,3,623,3,757
calibration__9312__denoise__counterfactual__nes__l0.5,1021,48,2,534,2,682
calibration__9312__deblur__attack__nes__l1,1021,48,9,175,9,263
calibration__9312__deblur__restore__nes__l1,1021,49,18,110,6,151
calibration__9312__deblur__random_walk__random_walk__l1,1024,49,2,1023,2,1023
calibration__9312__deblur__confidence_boost__nes__l1,1021,48,18,111,18,155
calibration__9312__deblur__boundary_probe__nes__l1,1021,48,18,204,18,286
calibration__9312__deblur__counterfactual__nes__l1,1021,48,12,176,12,249
evaluation__3782__denoise__attack__nes__l0.5,1021,49,2,1016,2,1017
evaluation__3782__denoise__restore__nes__l0.5,1021,50,2,1015,2,1019
evaluation__3782__denoise__random_walk__random_walk__l0.5,1024,49,2,1023,2,1023
evaluation__3782__denoise__confidence_boost__nes__l0.5,1021,48,2,1020,2,1020
evaluation__3782__denoise__boundary_probe__nes__l0.5,1021,49,3,1019,3,1019
evaluation__3782__denoise__counterfactual__nes__l0.5,1021,48,2,1012,2,1020
evaluation__3782__deblur__attack__nes__l1,1021,48,6,637,3,777
evaluation__3782__deblur__restore__nes__l1,1021,47,2,783,2,896
evaluation__3782__deblur__random_walk__random_walk__l1,1024,50,2,1023,2,1023
evaluation__3782__deblur__confidence_boost__nes__l1,1021,48,2,796,2,894
evaluation__3782__deblur__boundary_probe__nes__l1,1021,48,2,616,2,759
evaluation__3782__deblur__counterfactual__nes__l1,1021,48,2,753,2,865
evaluation__7115__denoise__attack__nes__l0.5,1021,47,3,276,3,393
evaluation__7115__denoise__restore__nes__l0.5,1021,48,7,589,5,744
evaluation__7115__denoise__random_walk__random_walk__l0.5,1024,50,2,1023,2,1023
evaluation__7115__denoise__confidence_boost__nes__l0.5,1021,47,2,320,2,427
evaluation__7115__denoise__boundary_probe__nes__l0.5,1021,48,2,484,2,634
evaluation__7115__denoise__counterfactual__nes__l0.5,1021,47,6,260,6,390
evaluation__7115__deblur__attack__nes__l1,1021,50,7,411,7,558
evaluation__7115__deblur__restore__nes__l1,1021,49,5,447,5,582
evaluation__7115__deblur__random_walk__random_walk__l1,1024,50,2,1023,2,1023
evaluation__7115__deblur__confidence_boost__nes__l1,1021,47,3,455,2,611
evaluation__7115__deblur__boundary_probe__nes__l1,1021,49,2,475,2,605
evaluation__7115__deblur__counterfactual__nes__l1,1021,48,11,219,11,336
evaluation__9046__denoise__attack__nes__l0.5,1021,48,2,273,2,396
evaluation__9046__denoise__restore__nes__l0.5,1021,48,7,536,2,689
evaluation__9046__denoise__random_walk__random_walk__l0.5,1024,50,2,1023,2,1023
evaluation__9046__denoise__confidence_boost__nes__l0.5,1021,48,4,451,4,605
evaluation__9046__denoise__boundary_probe__nes__l0.5,1021,48,4,546,2,693
evaluation__9046__denoise__counterfactual__nes__l0.5,1021,48,2,359,2,479
evaluation__9046__deblur__attack__nes__l1,1021,48,13,281,13,387
evaluation__9046__deblur__restore__nes__l1,1021,48,13,191,13,281
evaluation__9046__deblur__random_walk__random_walk__l1,1024,50,2,1023,2,1023
evaluation__9046__deblur__confidence_boost__nes__l1,1021,48,18,296,18,433
evaluation__9046__deblur__boundary_probe__nes__l1,1021,47,3,174,3,270
evaluation__9046__deblur__counterfactual__nes__l1,1021,48,3,198,3,285
evaluation__604__denoise__attack__nes__l0.5,1021,48,6,457,6,615
evaluation__604__denoise__restore__nes__l0.5,1021,48,11,592,11,735
evaluation__604__denoise__random_walk__random_walk__l0.5,1024,50,2,1023,2,1023
evaluation__604__denoise__confidence_boost__nes__l0.5,1021,48,15,444,5,570
evaluation__604__denoise__boundary_probe__nes__l0.5,1021,47,3,417,3,557
evaluation__604__denoise__counterfactual__nes__l0.5,1021,48,4,543,4,698
evaluation__604__deblur__attack__nes__l1,1021,48,10,701,3,832
evaluation__604__deblur__restore__nes__l1,1021,49,3,772,3,883
evaluation__604__deblur__random_walk__random_walk__l1,1024,49,2,1023,2,1023
evaluation__604__deblur__confidence_boost__nes__l1,1021,49,3,722,3,836
evaluation__604__deblur__boundary_probe__nes__l1,1021,48,6,740,4,850
evaluation__604__deblur__counterfactual__nes__l1,1021,47,5,791,3,900
evaluation__5051__denoise__attack__nes__l0.5,1021,48,9,513,9,694
evaluation__5051__denoise__restore__nes__l0.5,1021,47,4,556,4,715
evaluation__5051__denoise__random_walk__random_walk__l0.5,1024,49,2,1023,2,1023
evaluation__5051__denoise__confidence_boost__nes__l0.5,1021,48,3,487,3,639
evaluation__5051__denoise__boundary_probe__nes__l0.5,1021,49,3,522,3,688
evaluation__5051__denoise__counterfactual__nes__l0.5,1021,48,5,477,5,629
evaluation__5051__deblur__attack__nes__l1,1021,47,18,237,2,327
evaluation__5051__deblur__restore__nes__l1,1021,49,18,530,17,651
evaluation__5051__deblur__random_walk__random_walk__l1,1024,50,2,1023,2,1023
evaluation__5051__deblur__confidence_boost__nes__l1,1021,47,10,293,10,426
evaluation__5051__deblur__boundary_probe__nes__l1,1021,49,5,280,5,382
evaluation__5051__deblur__counterfactual__nes__l1,1021,48,6,315,3,418
evaluation__7535__denoise__attack__nes__l0.5,1021,48,7,283,7,382
evaluation__7535__denoise__restore__nes__l0.5,1021,46,3,258,3,366
evaluation__7535__denoise__random_walk__random_walk__l0.5,1024,49,2,1023,2,1023
evaluation__7535__denoise__confidence_boost__nes__l0.5,1021,48,18,181,2,283
evaluation__7535__denoise__boundary_probe__nes__l0.5,1021,48,18,191,8,310
evaluation__7535__denoise__counterfactual__nes__l0.5,1021,48,12,350,5,489
evaluation__7535__deblur__attack__nes__l1,1021,49,18,314,10,455
evaluation__7535__deblur__restore__nes__l1,1021,49,4,263,4,370
evaluation__7535__deblur__random_walk__random_walk__l1,1024,50,2,1023,2,1023
evaluation__7535__deblur__confidence_boost__nes__l1,1021,46,7,167,3,239
evaluation__7535__deblur__boundary_probe__nes__l1,1021,48,2,218,2,313
evaluation__7535__deblur__counterfactual__nes__l1,1021,48,9,252,5,369
evaluation__1196__denoise__attack__nes__l0.5,1021,47,18,121,6,195
evaluation__1196__denoise__restore__nes__l0.5,1021,48,18,168,18,254
evaluation__1196__denoise__random_walk__random_walk__l0.5,1024,50,2,1023,2,1023
evaluation__1196__denoise__confidence_boost__nes__l0.5,1021,49,18,199,18,306
evaluation__1196__denoise__boundary_probe__nes__l0.5,1021,47,18,373,18,511
evaluation__1196__denoise__counterfactual__nes__l0.5,1021,48,5,165,5,250
evaluation__1196__deblur__attack__nes__l1,1021,47,7,260,7,385
evaluation__1196__deblur__restore__nes__l1,1021,48,8,432,6,591
evaluation__1196__deblur__random_walk__random_walk__l1,1024,49,2,1023,2,1023
evaluation__1196__deblur__confidence_boost__nes__l1,1021,48,4,438,4,591
evaluation__1196__deblur__boundary_probe__nes__l1,1021,48,4,252,4,364
evaluation__1196__deblur__counterfactual__nes__l1,1021,49,2,345,2,486
evaluation__3573__denoise__attack__nes__l0.5,1021,48,4,272,3,398
evaluation__3573__denoise__restore__nes__l0.5,1021,48,9,169,7,243
evaluation__3573__denoise__random_walk__random_walk__l0.5,1024,49,2,1023,2,1023
evaluation__3573__denoise__confidence_boost__nes__l0.5,1021,47,18,173,18,259
evaluation__3573__denoise__boundary_probe__nes__l0.5,1021,48,3,415,3,548
evaluation__3573__denoise__counterfactual__nes__l0.5,1021,49,10,322,4,439
evaluation__3573__deblur__attack__nes__l1,1021,48,10,284,5,412
evaluation__3573__deblur__restore__nes__l1,1021,48,6,407,6,563
evaluation__3573__deblur__random_walk__random_walk__l1,1024,49,2,1023,2,1023
evaluation__3573__deblur__confidence_boost__nes__l1,1021,48,12,363,6,484
evaluation__3573__deblur__boundary_probe__nes__l1,1021,48,2,383,2,535
evaluation__3573__deblur__counterfactual__nes__l1,1021,48,2,516,2,659
evaluation__7206__denoise__attack__nes__l0.5,1021,49,10,362,10,517
evaluation__7206__denoise__restore__nes__l0.5,1021,49,5,554,5,675
evaluation__7206__denoise__random_walk__random_walk__l0.5,1024,49,2,1023,2,1023
evaluation__7206__denoise__confidence_boost__nes__l0.5,1021,47,2,237,2,371
evaluation__7206__denoise__boundary_probe__nes__l0.5,1021,47,9,480,2,624
evaluation__7206__denoise__counterfactual__nes__l0.5,1021,49,9,398,9,533
evaluation__7206__deblur__attack__nes__l1,1021,48,18,190,18,262
evaluation__7206__deblur__restore__nes__l1,1021,48,18,198,11,288
evaluation__7206__deblur__random_walk__random_walk__l1,1024,49,2,1023,2,1023
evaluation__7206__deblur__confidence_boost__nes__l1,1021,47,6,196,6,302
evaluation__7206__deblur__boundary_probe__nes__l1,1021,49,7,305,7,442
evaluation__7206__deblur__counterfactual__nes__l1,1021,48,16,189,13,285
evaluation__9805__denoise__attack__nes__l0.5,1021,48,9,200,9,293
evaluation__9805__denoise__restore__nes__l0.5,1021,49,11,220,11,323
evaluation__9805__denoise__random_walk__random_walk__l0.5,1024,49,2,1023,2,1023
evaluation__9805__denoise__confidence_boost__nes__l0.5,1021,47,8,290,8,392
evaluation__9805__denoise__boundary_probe__nes__l0.5,1021,50,9,294,9,406
evaluation__9805__denoise__counterfactual__nes__l0.5,1021,48,18,233,12,331
evaluation__9805__deblur__attack__nes__l1,1021,49,7,624,7,760
evaluation__9805__deblur__restore__nes__l1,1021,47,8,675,8,807
evaluation__9805__deblur__random_walk__random_walk__l1,1024,50,2,1023,2,1023
evaluation__9805__deblur__confidence_boost__nes__l1,1021,47,4,682,3,807
evaluation__9805__deblur__boundary_probe__nes__l1,1021,49,3,678,3,817
evaluation__9805__deblur__counterfactual__nes__l1,1021,49,8,823,8,896
evaluation__3479__denoise__attack__nes__l0.5,1021,48,5,343,5,502
evaluation__3479__denoise__restore__nes__l0.5,1021,47,2,298,2,419
evaluation__3479__denoise__random_walk__random_walk__l0.5,1024,49,2,1023,2,1023
evaluation__3479__denoise__confidence_boost__nes__l0.5,1021,47,4,323,2,450
evaluation__3479__denoise__boundary_probe__nes__l0.5,1021,49,5,416,5,569
evaluation__3479__denoise__counterfactual__nes__l0.5,1021,48,7,314,4,466
evaluation__3479__deblur__attack__nes__l1,1021,47,7,266,7,395
evaluation__3479__deblur__restore__nes__l1,1021,48,4,390,4,551
evaluation__3479__deblur__random_walk__random_walk__l1,1024,49,2,1023,2,1023
evaluation__3479__deblur__confidence_boost__nes__l1,1021,48,3,426,3,561
evaluation__3479__deblur__boundary_probe__nes__l1,1021,48,18,311,18,452
evaluation__3479__deblur__counterfactual__nes__l1,1021,49,3,355,3,507
evaluation__6079__denoise__attack__nes__l0.5,1021,48,10,613,10,747
evaluation__6079__denoise__restore__nes__l0.5,1021,48,8,255,6,377
evaluation__6079__denoise__random_walk__random_walk__l0.5,1024,49,2,1023,2,1023
evaluation__6079__denoise__confidence_boost__nes__l0.5,1021,47,7,430,7,584
evaluation__6079__denoise__boundary_probe__nes__l0.5,1021,48,13,423,12,588
evaluation__6079__denoise__counterfactual__nes__l0.5,1021,48,18,416,14,557
evaluation__6079__deblur__attack__nes__l1,1021,47,5,374,5,534
evaluation__6079__deblur__restore__nes__l1,1021,47,6,353,6,526
evaluation__6079__deblur__random_walk__random_walk__l1,1024,49,2,1023,2,1023
evaluation__6079__deblur__confidence_boost__nes__l1,1021,49,6,478,6,616
evaluation__6079__deblur__boundary_probe__nes__l1,1021,49,14,433,14,593
evaluation__6079__deblur__counterfactual__nes__l1,1021,49,4,504,4,640
evaluation__8196__denoise__attack__nes__l0.5,1021,47,9,415,3,561
evaluation__8196__denoise__restore__nes__l0.5,1021,48,18,265,4,366
evaluation__8196__denoise__random_walk__random_walk__l0.5,1024,49,2,1023,2,1023
evaluation__8196__denoise__confidence_boost__nes__l0.5,1021,48,18,253,6,386
evaluation__8196__denoise__boundary_probe__nes__l0.5,1021,48,7,113,7,177
evaluation__8196__denoise__counterfactual__nes__l0.5,1021,48,8,468,8,589
evaluation__8196__deblur__attack__nes__l1,1021,47,9,186,8,262
evaluation__8196__deblur__restore__nes__l1,1021,48,18,245,10,371
evaluation__8196__deblur__random_walk__random_walk__l1,1024,50,2,1023,2,1023
evaluation__8196__deblur__confidence_boost__nes__l1,1021,48,12,199,12,309
evaluation__8196__deblur__boundary_probe__nes__l1,1021,47,18,269,14,384
evaluation__8196__deblur__counterfactual__nes__l1,1021,48,16,136,10,212
evaluation__3256__denoise__attack__nes__l0.5,1021,48,18,205,18,300
evaluation__3256__denoise__restore__nes__l0.5,1021,48,10,294,3,434
evaluation__3256__denoise__random_walk__random_walk__l0.5,1024,49,2,1023,2,1023
evaluation__3256__denoise__confidence_boost__nes__l0.5,1021,47,11,219,11,332
evaluation__3256__denoise__boundary_probe__nes__l0.5,1021,49,18,356,18,483
evaluation__3256__denoise__counterfactual__nes__l0.5,1021,47,18,211,18,315
evaluation__3256__deblur__attack__nes__l1,1021,48,18,188,18,257
evaluation__3256__deblur__restore__nes__l1,1021,47,18,178,18,283
evaluation__3256__deblur__random_walk__random_walk__l1,1024,50,2,1023,2,1023
evaluation__3256__deblur__confidence_boost__nes__l1,1021,49,14,280,14,389
evaluation__3256__deblur__boundary_probe__nes__l1,1021,48,6,179,6,272
evaluation__3256__deblur__counterfactual__nes__l1,1021,48,18,256,11,363
evaluation__4047__denoise__attack__nes__l0.5,1021,49,2,413,2,548
evaluation__4047__denoise__restore__nes__l0.5,1021,48,10,512,10,650
evaluation__4047__denoise__random_walk__random_walk__l0.5,1024,49,2,1023,2,1023
evaluation__4047__denoise__confidence_boost__nes__l0.5,1021,48,2,420,2,567
evaluation__4047__denoise__boundary_probe__nes__l0.5,1021,48,3,480,3,625
evaluation__4047__denoise__counterfactual__nes__l0.5,1021,49,4,532,4,697
evaluation__4047__deblur__attack__nes__l1,1021,49,14,272,14,377
evaluation__4047__deblur__restore__nes__l1,1021,48,3,199,3,287
evaluation__4047__deblur__random_walk__random_walk__l1,1024,49,2,1023,2,1023
evaluation__4047__deblur__confidence_boost__nes__l1,1021,48,18,199,6,294
evaluation__4047__deblur__boundary_probe__nes__l1,1021,48,16,228,16,341
evaluation__4047__deblur__counterfactual__nes__l1,1021,48,5,289,5,393
evaluation__8354__denoise__attack__nes__l0.5,1021,47,9,492,2,641
evaluation__8354__denoise__restore__nes__l0.5,1021,49,3,407,3,566
evaluation__8354__denoise__random_walk__random_walk__l0.5,1024,50,2,1023,2,1023
evaluation__8354__denoise__confidence_boost__nes__l0.5,1021,48,5,376,5,521
evaluation__8354__denoise__boundary_probe__nes__l0.5,1021,48,2,697,2,827
evaluation__8354__denoise__counterfactual__nes__l0.5,1021,48,5,495,3,660
evaluation__8354__deblur__attack__nes__l1,1021,48,18,136,18,217
evaluation__8354__deblur__restore__nes__l1,1021,47,18,134,18,185
evaluation__8354__deblur__random_walk__random_walk__l1,1024,50,2,1023,2,1023
evaluation__8354__deblur__confidence_boost__nes__l1,1021,47,14,143,14,193
evaluation__8354__deblur__boundary_probe__nes__l1,1021,48,18,217,5,301
evaluation__8354__deblur__counterfactual__nes__l1,1021,49,17,199,17,268
evaluation__1599__denoise__attack__nes__l0.5,1021,48,4,420,4,550
evaluation__1599__denoise__restore__nes__l0.5,1021,48,5,473,5,628
evaluation__1599__denoise__random_walk__random_walk__l0.5,1024,50,2,1023,2,1023
evaluation__1599__denoise__confidence_boost__nes__l0.5,1021,49,2,524,2,649
evaluation__1599__denoise__boundary_probe__nes__l0.5,1021,48,6,581,6,717
evaluation__1599__denoise__counterfactual__nes__l0.5,1021,49,13,394,2,512
evaluation__1599__deblur__attack__nes__l1,1021,48,18,142,18,216
evaluation__1599__deblur__restore__nes__l1,1021,48,18,214,18,315
evaluation__1599__deblur__random_walk__random_walk__l1,1024,50,2,1023,2,1023
evaluation__1599__deblur__confidence_boost__nes__l1,1021,45,2,128,2,183
evaluation__1599__deblur__boundary_probe__nes__l1,1021,48,18,156,18,244
evaluation__1599__deblur__counterfactual__nes__l1,1021,48,18,126,18,184
evaluation__4246__denoise__attack__nes__l0.5,1021,48,18,138,18,207
evaluation__4246__denoise__restore__nes__l0.5,1021,48,2,100,2,146
evaluation__4246__denoise__random_walk__random_walk__l0.5,1024,49,2,1023,2,1023
evaluation__4246__denoise__confidence_boost__nes__l0.5,1021,49,18,147,15,207
evaluation__4246__denoise__boundary_probe__nes__l0.5,1021,48,16,188,16,255
evaluation__4246__denoise__counterfactual__nes__l0.5,1021,47,18,109,11,162
evaluation__4246__deblur__attack__nes__l1,1021,48,18,118,18,181
evaluation__4246__deblur__restore__nes__l1,1021,47,18,113,18,183
evaluation__4246__deblur__random_walk__random_walk__l1,1024,49,2,1023,2,1023
evaluation__4246__deblur__confidence_boost__nes__l1,1021,46,18,110,13,173
evaluation__4246__deblur__boundary_probe__nes__l1,1021,47,18,121,18,183
evaluation__4246__deblur__counterfactual__nes__l1,1021,48,5,207,3,305
evaluation__6835__denoise__attack__nes__l0.5,1021,48,2,492,2,653
evaluation__6835__denoise__restore__nes__l0.5,1021,49,18,420,18,572
evaluation__6835__denoise__random_walk__random_walk__l0.5,1024,50,2,1023,2,1023
evaluation__6835__denoise__confidence_boost__nes__l0.5,1021,48,3,331,3,467
evaluation__6835__denoise__boundary_probe__nes__l0.5,1021,48,8,378,8,548
evaluation__6835__denoise__counterfactual__nes__l0.5,1021,47,18,327,18,486
evaluation__6835__deblur__attack__nes__l1,1021,49,18,172,18,264
evaluation__6835__deblur__restore__nes__l1,1021,47,18,155,18,242
evaluation__6835__deblur__random_walk__random_walk__l1,1024,49,2,1023,2,1023
evaluation__6835__deblur__confidence_boost__nes__l1,1021,48,18,151,18,230
evaluation__6835__deblur__boundary_probe__nes__l1,1021,48,18,180,18,247
evaluation__6835__deblur__counterfactual__nes__l1,1021,47,18,200,18,301
evaluation__9759__denoise__attack__nes__l0.5,1021,48,2,236,2,342
evaluation__9759__denoise__restore__nes__l0.5,1021,48,7,356,7,490
evaluation__9759__denoise__random_walk__random_walk__l0.5,1024,49,2,1023,2,1023
evaluation__9759__denoise__confidence_boost__nes__l0.5,1021,48,7,275,7,399
evaluation__9759__denoise__boundary_probe__nes__l0.5,1021,49,6,275,4,409
evaluation__9759__denoise__counterfactual__nes__l0.5,1021,48,14,283,11,406
evaluation__9759__deblur__attack__nes__l1,1021,49,15,565,7,719
evaluation__9759__deblur__restore__nes__l1,1021,48,2,647,2,791
evaluation__9759__deblur__random_walk__random_walk__l1,1024,49,2,1023,2,1023
evaluation__9759__deblur__confidence_boost__nes__l1,1021,49,4,696,4,821
evaluation__9759__deblur__boundary_probe__nes__l1,1021,48,2,602,2,745
evaluation__9759__deblur__counterfactual__nes__l1,1021,48,2,411,2,556
evaluation__2488__denoise__attack__nes__l0.5,1021,49,4,425,3,592
evaluation__2488__denoise__restore__nes__l0.5,1021,50,11,530,5,685
evaluation__2488__denoise__random_walk__random_walk__l0.5,1024,49,2,1023,2,1023
evaluation__2488__denoise__confidence_boost__nes__l0.5,1021,49,8,643,4,754
evaluation__2488__denoise__boundary_probe__nes__l0.5,1021,49,4,495,4,646
evaluation__2488__denoise__counterfactual__nes__l0.5,1021,48,11,343,2,486
evaluation__2488__deblur__attack__nes__l1,1021,48,7,536,3,678
evaluation__2488__deblur__restore__nes__l1,1021,48,2,572,2,727
evaluation__2488__deblur__random_walk__random_walk__l1,1024,49,2,1023,2,1023
evaluation__2488__deblur__confidence_boost__nes__l1,1021,49,11,437,11,604
evaluation__2488__deblur__boundary_probe__nes__l1,1021,48,2,317,2,448
evaluation__2488__deblur__counterfactual__nes__l1,1021,49,14,638,14,771
evaluation__4989__denoise__attack__nes__l0.5,1021,49,4,573,4,718
evaluation__4989__denoise__restore__nes__l0.5,1021,49,14,517,3,666
evaluation__4989__denoise__random_walk__random_walk__l0.5,1024,49,2,1023,2,1023
evaluation__4989__denoise__confidence_boost__nes__l0.5,1021,48,2,581,2,723
evaluation__4989__denoise__boundary_probe__nes__l0.5,1021,47,9,605,6,749
evaluation__4989__denoise__counterfactual__nes__l0.5,1021,48,4,451,4,577
evaluation__4989__deblur__attack__nes__l1,1021,50,3,543,3,681
evaluation__4989__deblur__restore__nes__l1,1021,48,2,398,2,535
evaluation__4989__deblur__random_walk__random_walk__l1,1024,50,2,1023,2,1023
evaluation__4989__deblur__confidence_boost__nes__l1,1021,48,5,528,3,657
evaluation__4989__deblur__boundary_probe__nes__l1,1021,47,2,207,2,305
evaluation__4989__deblur__counterfactual__nes__l1,1021,49,2,371,2,519
evaluation__8184__denoise__attack__nes__l0.5,1021,47,18,243,18,343
evaluation__8184__denoise__restore__nes__l0.5,1021,48,18,205,18,298
evaluation__8184__denoise__random_walk__random_walk__l0.5,1024,50,2,1023,2,1023
evaluation__8184__denoise__confidence_boost__nes__l0.5,1021,48,18,84,18,120
evaluation__8184__denoise__boundary_probe__nes__l0.5,1021,49,18,144,18,217
evaluation__8184__denoise__counterfactual__nes__l0.5,1021,47,18,257,18,374
evaluation__8184__deblur__attack__nes__l1,1021,47,12,333,7,474
evaluation__8184__deblur__restore__nes__l1,1021,47,8,248,5,339
evaluation__8184__deblur__random_walk__random_walk__l1,1024,49,2,1023,2,1023
evaluation__8184__deblur__confidence_boost__nes__l1,1021,49,8,407,8,558
evaluation__8184__deblur__boundary_probe__nes__l1,1021,48,11,410,4,547
evaluation__8184__deblur__counterfactual__nes__l1,1021,49,6,223,6,304
evaluation__3317__denoise__attack__nes__l0.5,1021,48,5,615,2,776
evaluation__3317__denoise__restore__nes__l0.5,1021,47,7,584,7,741
evaluation__3317__denoise__random_walk__random_walk__l0.5,1024,50,2,1023,2,1023
evaluation__3317__denoise__confidence_boost__nes__l0.5,1021,49,5,721,2,849
evaluation__3317__denoise__boundary_probe__nes__l0.5,1021,49,2,425,2,577
evaluation__3317__denoise__counterfactual__nes__l0.5,1021,47,11,685,2,824
evaluation__3317__deblur__attack__nes__l1,1021,49,5,230,5,331
evaluation__3317__deblur__restore__nes__l1,1021,47,2,299,2,433
evaluation__3317__deblur__random_walk__random_walk__l1,1024,49,2,1023,2,1023
evaluation__3317__deblur__confidence_boost__nes__l1,1021,48,6,339,4,459
evaluation__3317__deblur__boundary_probe__nes__l1,1021,48,5,205,2,305
evaluation__3317__deblur__counterfactual__nes__l1,1021,48,16,243,3,350
evaluation__5153__denoise__attack__nes__l0.5,1021,49,18,415,2,556
evaluation__5153__denoise__restore__nes__l0.5,1021,48,6,286,6,410
evaluation__5153__denoise__random_walk__random_walk__l0.5,1024,50,2,1023,2,1023
evaluation__5153__denoise__confidence_boost__nes__l0.5,1021,49,18,419,10,547
evaluation__5153__denoise__boundary_probe__nes__l0.5,1021,47,18,177,10,271
evaluation__5153__denoise__counterfactual__nes__l0.5,1021,49,18,319,3,416
evaluation__5153__deblur__attack__nes__l1,1021,48,8,423,4,603
evaluation__5153__deblur__restore__nes__l1,1021,48,14,391,14,528
evaluation__5153__deblur__random_walk__random_walk__l1,1024,50,2,1023,2,1023
evaluation__5153__deblur__confidence_boost__nes__l1,1021,47,9,417,9,584
evaluation__5153__deblur__boundary_probe__nes__l1,1021,48,4,664,4,787
evaluation__5153__deblur__counterfactual__nes__l1,1021,48,5,688,5,808
evaluation__6234__denoise__attack__nes__l0.5,1021,48,5,735,5,851
evaluation__6234__denoise__restore__nes__l0.5,1021,48,2,728,2,869
evaluation__6234__denoise__random_walk__random_walk__l0.5,1024,50,2,1023,2,1023
evaluation__6234__denoise__confidence_boost__nes__l0.5,1021,48,3,747,3,871
evaluation__6234__denoise__boundary_probe__nes__l0.5,1021,49,2,829,2,911
evaluation__6234__denoise__counterfactual__nes__l0.5,1021,48,3,687,3,817
evaluation__6234__deblur__attack__nes__l1,1021,48,3,948,3,990
evaluation__6234__deblur__restore__nes__l1,1021,48,2,839,2,929
evaluation__6234__deblur__random_walk__random_walk__l1,1024,49,2,1023,2,1023
evaluation__6234__deblur__confidence_boost__nes__l1,1021,47,6,824,2,931
evaluation__6234__deblur__boundary_probe__nes__l1,1021,49,5,924,3,978
evaluation__6234__deblur__counterfactual__nes__l1,1021,49,2,906,2,966
evaluation__939__denoise__attack__nes__l0.5,1021,48,2,350,2,505
evaluation__939__denoise__restore__nes__l0.5,1021,48,7,390,2,525
evaluation__939__denoise__random_walk__random_walk__l0.5,1024,50,2,1023,2,1023
evaluation__939__denoise__confidence_boost__nes__l0.5,1021,49,6,507,6,666
evaluation__939__denoise__boundary_probe__nes__l0.5,1021,50,3,569,3,702
evaluation__939__denoise__counterfactual__nes__l0.5,1021,48,2,552,2,701
evaluation__939__deblur__attack__nes__l1,1021,49,5,465,5,610
evaluation__939__deblur__restore__nes__l1,1021,47,6,303,6,435
evaluation__939__deblur__random_walk__random_walk__l1,1024,50,2,1023,2,1023
evaluation__939__deblur__confidence_boost__nes__l1,1021,47,11,326,4,469
evaluation__939__deblur__boundary_probe__nes__l1,1021,48,7,289,5,415
evaluation__939__deblur__counterfactual__nes__l1,1021,48,18,414,18,537
evaluation__3138__denoise__attack__nes__l0.5,1021,48,3,233,3,326
evaluation__3138__denoise__restore__nes__l0.5,1021,48,15,442,7,567
evaluation__3138__denoise__random_walk__random_walk__l0.5,1024,49,2,1023,2,1023
evaluation__3138__denoise__confidence_boost__nes__l0.5,1021,48,8,349,3,499
evaluation__3138__denoise__boundary_probe__nes__l0.5,1021,49,2,396,2,546
evaluation__3138__denoise__counterfactual__nes__l0.5,1021,47,3,263,3,378
evaluation__3138__deblur__attack__nes__l1,1021,49,2,848,2,926
evaluation__3138__deblur__restore__nes__l1,1021,49,3,847,2,935
evaluation__3138__deblur__random_walk__random_walk__l1,1024,50,2,1023,2,1023
evaluation__3138__deblur__confidence_boost__nes__l1,1021,49,5,923,5,966
evaluation__3138__deblur__boundary_probe__nes__l1,1021,49,5,757,4,874
evaluation__3138__deblur__counterfactual__nes__l1,1021,49,3,954,2,986
evaluation__4539__denoise__attack__nes__l0.5,1021,48,18,180,18,265
evaluation__4539__denoise__restore__nes__l0.5,1021,47,6,172,6,265
evaluation__4539__denoise__random_walk__random_walk__l0.5,1024,50,2,1023,2,1023
evaluation__4539__denoise__confidence_boost__nes__l0.5,1021,47,12,213,12,286
evaluation__4539__denoise__boundary_probe__nes__l0.5,1021,48,5,209,5,319
evaluation__4539__denoise__counterfactual__nes__l0.5,1021,48,3,170,3,262
evaluation__4539__deblur__attack__nes__l1,1021,47,5,193,5,283
evaluation__4539__deblur__restore__nes__l1,1021,47,6,348,6,481
evaluation__4539__deblur__random_walk__random_walk__l1,1024,49,2,1023,2,1023
evaluation__4539__deblur__confidence_boost__nes__l1,1021,46,9,316,9,450
evaluation__4539__deblur__boundary_probe__nes__l1,1021,49,9,464,3,604
evaluation__4539__deblur__counterfactual__nes__l1,1021,48,18,326,18,451
evaluation__9955__denoise__attack__nes__l0.5,1021,48,13,330,2,491
evaluation__9955__denoise__restore__nes__l0.5,1021,48,7,169,7,259
evaluation__9955__denoise__random_walk__random_walk__l0.5,1024,49,2,1023,2,1023
evaluation__9955__denoise__confidence_boost__nes__l0.5,1021,47,16,381,2,534
evaluation__9955__denoise__boundary_probe__nes__l0.5,1021,49,3,383,3,518
evaluation__9955__denoise__counterfactual__nes__l0.5,1021,48,8,278,8,400
evaluation__9955__deblur__attack__nes__l1,1021,48,18,415,18,569
evaluation__9955__deblur__restore__nes__l1,1021,49,6,290,4,396
evaluation__9955__deblur__random_walk__random_walk__l1,1024,49,2,1023,2,1023
evaluation__9955__deblur__confidence_boost__nes__l1,1021,48,3,439,3,593
evaluation__9955__deblur__boundary_probe__nes__l1,1021,49,6,379,6,521
evaluation__9955__deblur__counterfactual__nes__l1,1021,47,5,296,5,416
evaluation__3368__denoise__attack__nes__l0.5,1021,49,2,542,2,710
evaluation__3368__denoise__restore__nes__l0.5,1021,49,2,688,2,818
evaluation__3368__denoise__random_walk__random_walk__l0.5,1024,49,2,1023,2,1023
evaluation__3368__denoise__confidence_boost__nes__l0.5,1021,49,10,555,4,701
evaluation__3368__denoise__boundary_probe__nes__l0.5,1021,49,4,715,4,818
evaluation__3368__denoise__counterfactual__nes__l0.5,1021,48,4,724,4,858
evaluation__3368__deblur__attack__nes__l1,1021,49,4,214,4,318
evaluation__3368__deblur__restore__nes__l1,1021,49,16,516,16,648
evaluation__3368__deblur__random_walk__random_walk__l1,1024,49,2,1023,2,1023
evaluation__3368__deblur__confidence_boost__nes__l1,1021,48,4,466,4,596
evaluation__3368__deblur__boundary_probe__nes__l1,1021,48,4,245,4,361
evaluation__3368__deblur__counterfactual__nes__l1,1021,49,12,436,5,578
evaluation__6749__denoise__attack__nes__l0.5,1021,48,2,919,2,966
evaluation__6749__denoise__restore__nes__l0.5,1021,48,2,901,2,966
evaluation__6749__denoise__random_walk__random_walk__l0.5,1024,49,2,1023,2,1023
evaluation__6749__denoise__confidence_boost__nes__l0.5,1021,49,3,823,3,925
evaluation__6749__denoise__boundary_probe__nes__l0.5,1021,48,2,967,2,998
evaluation__6749__denoise__counterfactual__nes__l0.5,1021,48,2,923,2,964
evaluation__6749__deblur__attack__nes__l1,1021,49,2,830,2,921
evaluation__6749__deblur__restore__nes__l1,1021,49,3,679,3,833
evaluation__6749__deblur__random_walk__random_walk__l1,1024,49,2,1023,2,1023
evaluation__6749__deblur__confidence_boost__nes__l1,1021,47,3,730,3,854
evaluation__6749__deblur__boundary_probe__nes__l1,1021,49,2,880,2,938
evaluation__6749__deblur__counterfactual__nes__l1,1021,50,3,823,3,922
evaluation__9060__denoise__attack__nes__l0.5,1021,47,3,772,3,877
evaluation__9060__denoise__restore__nes__l0.5,1021,49,4,860,2,929
evaluation__9060__denoise__random_walk__random_walk__l0.5,1024,49,2,1023,2,1023
evaluation__9060__denoise__confidence_boost__nes__l0.5,1021,49,3,599,3,740
evaluation__9060__denoise__boundary_probe__nes__l0.5,1021,48,2,859,2,936
evaluation__9060__denoise__counterfactual__nes__l0.5,1021,49,6,872,6,935
evaluation__9060__deblur__attack__nes__l1,1021,47,16,386,6,508
evaluation__9060__deblur__restore__nes__l1,1021,48,7,464,7,614
evaluation__9060__deblur__random_walk__random_walk__l1,1024,49,2,1023,2,1023
evaluation__9060__deblur__confidence_boost__nes__l1,1021,49,3,307,3,427
evaluation__9060__deblur__boundary_probe__nes__l1,1021,49,14,398,7,521
evaluation__9060__deblur__counterfactual__nes__l1,1021,49,3,453,3,590
fit__4040__denoise__attack__nes__l0.5,1021,49,3,496,3,651
fit__4040__denoise__restore__nes__l0.5,1021,48,4,353,2,483
fit__4040__denoise__random_walk__random_walk__l0.5,1024,49,2,1023,2,1023
fit__4040__denoise__confidence_boost__nes__l0.5,1021,48,11,354,6,482
fit__4040__denoise__boundary_probe__nes__l0.5,1021,49,6,353,5,480
fit__4040__denoise__counterfactual__nes__l0.5,1021,49,9,410,9,533
fit__4040__deblur__attack__nes__l1,1021,47,11,209,11,303
fit__4040__deblur__restore__nes__l1,1021,48,18,246,18,340
fit__4040__deblur__random_walk__random_walk__l1,1024,50,2,1023,2,1023
fit__4040__deblur__confidence_boost__nes__l1,1021,48,5,212,5,295
fit__4040__deblur__boundary_probe__nes__l1,1021,47,17,219,5,331
fit__4040__deblur__counterfactual__nes__l1,1021,48,12,216,12,306
fit__9749__denoise__attack__nes__l0.5,1021,47,18,254,18,357
fit__9749__denoise__restore__nes__l0.5,1021,48,4,304,4,422
fit__9749__denoise__random_walk__random_walk__l0.5,1024,49,2,1023,2,1023
fit__9749__denoise__confidence_boost__nes__l0.5,1021,48,18,275,11,401
fit__9749__denoise__boundary_probe__nes__l0.5,1021,48,2,244,2,358
fit__9749__denoise__counterfactual__nes__l0.5,1021,48,18,305,18,429
fit__9749__deblur__attack__nes__l1,1021,49,2,536,2,660
fit__9749__deblur__restore__nes__l1,1021,48,2,524,2,652
fit__9749__deblur__random_walk__random_walk__l1,1024,50,2,1023,2,1023
fit__9749__deblur__confidence_boost__nes__l1,1021,48,5,543,5,688
fit__9749__deblur__boundary_probe__nes__l1,1021,48,6,353,3,504
fit__9749__deblur__counterfactual__nes__l1,1021,49,7,405,7,553
fit__6117__denoise__attack__nes__l0.5,1021,47,5,433,4,587
fit__6117__denoise__restore__nes__l0.5,1021,48,5,508,2,667
fit__6117__denoise__random_walk__random_walk__l0.5,1024,50,2,1023,2,1023
fit__6117__denoise__confidence_boost__nes__l0.5,1021,48,15,286,5,437
fit__6117__denoise__boundary_probe__nes__l0.5,1021,48,3,683,3,794
fit__6117__denoise__counterfactual__nes__l0.5,1021,48,13,524,8,661
fit__6117__deblur__attack__nes__l1,1021,48,4,684,4,802
fit__6117__deblur__restore__nes__l1,1021,49,2,584,2,724
fit__6117__deblur__random_walk__random_walk__l1,1024,50,2,1023,2,1023
fit__6117__deblur__confidence_boost__nes__l1,1021,49,4,533,4,681
fit__6117__deblur__boundary_probe__nes__l1,1021,49,3,675,3,802
fit__6117__deblur__counterfactual__nes__l1,1021,49,2,573,2,692
fit__1852__denoise__attack__nes__l0.5,1021,49,3,640,3,762
fit__1852__denoise__restore__nes__l0.5,1021,48,2,465,2,604
fit__1852__denoise__random_walk__random_walk__l0.5,1024,50,2,1023,2,1023
fit__1852__denoise__confidence_boost__nes__l0.5,1021,48,2,414,2,552
fit__1852__denoise__boundary_probe__nes__l0.5,1021,48,5,533,5,666
fit__1852__denoise__counterfactual__nes__l0.5,1021,48,2,526,2,658
fit__1852__deblur__attack__nes__l1,1021,47,12,217,12,332
fit__1852__deblur__restore__nes__l1,1021,48,10,370,6,513
fit__1852__deblur__random_walk__random_walk__l1,1024,49,2,1023,2,1023
fit__1852__deblur__confidence_boost__nes__l1,1021,48,10,215,10,307
fit__1852__deblur__boundary_probe__nes__l1,1021,48,18,305,18,420
fit__1852__deblur__counterfactual__nes__l1,1021,48,3,175,3,267
fit__8493__denoise__attack__nes__l0.5,1021,48,4,469,4,597
fit__8493__denoise__restore__nes__l0.5,1021,48,2,372,2,510
fit__8493__denoise__random_walk__random_walk__l0.5,1024,49,2,1023,2,1023
fit__8493__denoise__confidence_boost__nes__l0.5,1021,48,16,421,16,555
fit__8493__denoise__boundary_probe__nes__l0.5,1021,49,9,497,9,617
fit__8493__denoise__counterfactual__nes__l0.5,1021,48,5,305,5,443
fit__8493__deblur__attack__nes__l1,1021,48,7,406,7,559
fit__8493__deblur__restore__nes__l1,1021,48,13,259,13,362
fit__8493__deblur__random_walk__random_walk__l1,1024,50,2,1023,2,1023
fit__8493__deblur__confidence_boost__nes__l1,1021,48,7,291,7,398
fit__8493__deblur__boundary_probe__nes__l1,1021,49,17,439,17,563
fit__8493__deblur__counterfactual__nes__l1,1021,49,6,392,6,541
fit__2963__denoise__attack__nes__l0.5,1021,48,6,682,6,815
fit__2963__denoise__restore__nes__l0.5,1021,49,10,667,3,802
fit__2963__denoise__random_walk__random_walk__l0.5,1024,49,2,1023,2,1023
fit__2963__denoise__confidence_boost__nes__l0.5,1021,47,2,459,2,603
fit__2963__denoise__boundary_probe__nes__l0.5,1021,49,4,670,4,799
fit__2963__denoise__counterfactual__nes__l0.5,1021,48,8,506,8,638
fit__2963__deblur__attack__nes__l1,1021,49,2,398,2,555
fit__2963__deblur__restore__nes__l1,1021,47,3,464,3,596
fit__2963__deblur__random_walk__random_walk__l1,1024,50,2,1023,2,1023
fit__2963__deblur__confidence_boost__nes__l1,1021,49,2,351,2,487
fit__2963__deblur__boundary_probe__nes__l1,1021,49,2,385,2,545
fit__2963__deblur__counterfactual__nes__l1,1021,49,5,427,5,566
fit__9226__denoise__attack__nes__l0.5,1021,48,13,308,13,441
fit__9226__denoise__restore__nes__l0.5,1021,48,3,434,3,588
fit__9226__denoise__random_walk__random_walk__l0.5,1024,49,2,1023,2,1023
fit__9226__denoise__confidence_boost__nes__l0.5,1021,48,18,376,17,511
fit__9226__denoise__boundary_probe__nes__l0.5,1021,50,18,326,18,474
fit__9226__denoise__counterfactual__nes__l0.5,1021,49,16,383,12,544
fit__9226__deblur__attack__nes__l1,1021,48,11,258,11,364
fit__9226__deblur__restore__nes__l1,1021,49,15,251,9,359
fit__9226__deblur__random_walk__random_walk__l1,1024,49,2,1023,2,1023
fit__9226__deblur__confidence_boost__nes__l1,1021,48,9,346,9,486
fit__9226__deblur__boundary_probe__nes__l1,1021,49,7,581,7,701
fit__9226__deblur__counterfactual__nes__l1,1021,49,18,448,5,582
fit__3498__denoise__attack__nes__l0.5,1021,49,8,536,2,680
fit__3498__denoise__restore__nes__l0.5,1021,49,4,488,3,640
fit__3498__denoise__random_walk__random_walk__l0.5,1024,49,2,1023,2,1023
fit__3498__denoise__confidence_boost__nes__l0.5,1021,46,8,475,8,638
fit__3498__denoise__boundary_probe__nes__l0.5,1021,49,6,645,6,776
fit__3498__denoise__counterfactual__nes__l0.5,1021,47,2,596,2,741
fit__3498__deblur__attack__nes__l1,1021,48,2,435,2,578
fit__3498__deblur__restore__nes__l1,1021,48,9,438,2,585
fit__3498__deblur__random_walk__random_walk__l1,1024,49,2,1023,2,1023
fit__3498__deblur__confidence_boost__nes__l1,1021,49,3,283,3,398
fit__3498__deblur__boundary_probe__nes__l1,1021,48,18,276,15,372
fit__3498__deblur__counterfactual__nes__l1,1021,49,18,283,18,416
fit__2915__denoise__attack__nes__l0.5,1021,49,4,227,4,310
fit__2915__denoise__restore__nes__l0.5,1021,48,5,407,5,533
fit__2915__denoise__random_walk__random_walk__l0.5,1024,49,2,1023,2,1023
fit__2915__denoise__confidence_boost__nes__l0.5,1021,48,2,392,2,501
fit__2915__denoise__boundary_probe__nes__l0.5,1021,48,18,311,18,418
fit__2915__denoise__counterfactual__nes__l0.5,1021,48,8,310,8,432
fit__2915__deblur__attack__nes__l1,1021,48,5,493,4,612
fit__2915__deblur__restore__nes__l1,1021,48,7,492,7,643
fit__2915__deblur__random_walk__random_walk__l1,1024,49,2,1023,2,1023
fit__2915__deblur__confidence_boost__nes__l1,1021,48,15,412,8,558
fit__2915__deblur__boundary_probe__nes__l1,1021,49,2,526,2,674
fit__2915__deblur__counterfactual__nes__l1,1021,49,15,654,5,782
fit__6690__denoise__attack__nes__l0.5,1021,48,2,467,2,642
fit__6690__denoise__restore__nes__l0.5,1021,48,7,461,7,638
fit__6690__denoise__random_walk__random_walk__l0.5,1024,50,2,1023,2,1023
fit__6690__denoise__confidence_boost__nes__l0.5,1021,48,4,647,3,789
fit__6690__denoise__boundary_probe__nes__l0.5,1021,50,4,720,2,844
fit__6690__denoise__counterfactual__nes__l0.5,1021,49,2,496,2,655
fit__6690__deblur__attack__nes__l1,1021,49,5,366,5,501
fit__6690__deblur__restore__nes__l1,1021,48,5,353,5,493
fit__6690__deblur__random_walk__random_walk__l1,1024,49,2,1023,2,1023
fit__6690__deblur__confidence_boost__nes__l1,1021,48,12,380,12,526
fit__6690__deblur__boundary_probe__nes__l1,1021,47,10,361,10,492
fit__6690__deblur__counterfactual__nes__l1,1021,48,12,462,9,606
fit__4150__denoise__attack__nes__l0.5,1021,50,12,481,10,627
fit__4150__denoise__restore__nes__l0.5,1021,49,6,237,6,362
fit__4150__denoise__random_walk__random_walk__l0.5,1024,49,2,1023,2,1023
fit__4150__denoise__confidence_boost__nes__l0.5,1021,48,17,207,17,303
fit__4150__denoise__boundary_probe__nes__l0.5,1021,50,18,364,3,492
fit__4150__denoise__counterfactual__nes__l0.5,1021,48,8,186,8,286
fit__4150__deblur__attack__nes__l1,1021,49,6,399,5,519
fit__4150__deblur__restore__nes__l1,1021,49,3,674,3,794
fit__4150__deblur__random_walk__random_walk__l1,1024,50,2,1023,2,1023
fit__4150__deblur__confidence_boost__nes__l1,1021,49,2,457,2,625
fit__4150__deblur__boundary_probe__nes__l1,1021,49,2,398,2,545
fit__4150__deblur__counterfactual__nes__l1,1021,48,4,543,4,683
fit__9789__denoise__attack__nes__l0.5,1021,47,18,157,18,224
fit__9789__denoise__restore__nes__l0.5,1021,49,18,237,2,347
fit__9789__denoise__random_walk__random_walk__l0.5,1024,49,2,1023,2,1023
fit__9789__denoise__confidence_boost__nes__l0.5,1021,47,10,228,10,342
fit__9789__denoise__boundary_probe__nes__l0.5,1021,49,5,213,5,299
fit__9789__denoise__counterfactual__nes__l0.5,1021,47,18,177,18,274
fit__9789__deblur__attack__nes__l1,1021,47,18,173,2,272
fit__9789__deblur__restore__nes__l1,1021,47,2,200,2,303
fit__9789__deblur__random_walk__random_walk__l1,1024,49,2,1023,2,1023
fit__9789__deblur__confidence_boost__nes__l1,1021,48,11,388,11,524
fit__9789__deblur__boundary_probe__nes__l1,1021,48,3,241,3,371
fit__9789__deblur__counterfactual__nes__l1,1021,48,18,232,6,345
fit__5818__denoise__attack__nes__l0.5,1021,48,18,231,18,316
fit__5818__denoise__restore__nes__l0.5,1021,48,18,137,18,208
fit__5818__denoise__random_walk__random_walk__l0.5,1024,49,2,1023,2,1023
fit__5818__denoise__confidence_boost__nes__l0.5,1021,48,10,199,10,268
fit__5818__denoise__boundary_probe__nes__l0.5,1021,48,15,259,15,385
fit__5818__denoise__counterfactual__nes__l0.5,1021,47,4,213,4,295
fit__5818__deblur__attack__nes__l1,1021,48,6,189,6,274
fit__5818__deblur__restore__nes__l1,1021,48,15,230,6,338
fit__5818__deblur__random_walk__random_walk__l1,1024,50,2,1023,2,1023
fit__5818__deblur__confidence_boost__nes__l1,1021,48,2,328,2,435
fit__5818__deblur__boundary_probe__nes__l1,1021,49,5,308,5,433
fit__5818__deblur__counterfactual__nes__l1,1021,48,6,406,6,536
fit__1358__denoise__attack__nes__l0.5,1021,48,2,376,2,509
fit__1358__denoise__restore__nes__l0.5,1021,49,5,415,5,572
fit__1358__denoise__random_walk__random_walk__l0.5,1024,49,2,1023,2,1023
fit__1358__denoise__confidence_boost__nes__l0.5,1021,48,7,520,7,670
fit__1358__denoise__boundary_probe__nes__l0.5,1021,47,18,338,6,482
fit__1358__denoise__counterfactual__nes__l0.5,1021,48,6,288,6,415
fit__1358__deblur__attack__nes__l1,1021,48,5,596,3,755
fit__1358__deblur__restore__nes__l1,1021,48,3,787,3,880
fit__1358__deblur__random_walk__random_walk__l1,1024,49,2,1023,2,1023
fit__1358__deblur__confidence_boost__nes__l1,1021,49,4,501,3,657
fit__1358__deblur__boundary_probe__nes__l1,1021,49,2,679,2,823
fit__1358__deblur__counterfactual__nes__l1,1021,49,2,707,2,827
fit__6684__denoise__attack__nes__l0.5,1021,48,4,411,4,556
fit__6684__denoise__restore__nes__l0.5,1021,49,2,349,2,502
fit__6684__denoise__random_walk__random_walk__l0.5,1024,50,2,1023,2,1023
fit__6684__denoise__confidence_boost__nes__l0.5,1021,47,5,360,2,495
fit__6684__denoise__boundary_probe__nes__l0.5,1021,49,14,466,14,617
fit__6684__denoise__counterfactual__nes__l0.5,1021,49,18,420,5,558
fit__6684__deblur__attack__nes__l1,1021,48,7,324,7,450
fit__6684__deblur__restore__nes__l1,1021,48,5,386,4,503
fit__6684__deblur__random_walk__random_walk__l1,1024,49,2,1023,2,1023
fit__6684__deblur__confidence_boost__nes__l1,1021,48,2,430,2,574
fit__6684__deblur__boundary_probe__nes__l1,1021,48,3,388,3,538
fit__6684__deblur__counterfactual__nes__l1,1021,48,2,450,2,590
fit__3732__denoise__attack__nes__l0.5,1021,47,12,362,12,507
fit__3732__denoise__restore__nes__l0.5,1021,48,2,314,2,444
fit__3732__denoise__random_walk__random_walk__l0.5,1024,49,2,1023,2,1023
fit__3732__denoise__confidence_boost__nes__l0.5,1021,48,2,397,2,525
fit__3732__denoise__boundary_probe__nes__l0.5,1021,49,5,393,5,542
fit__3732__denoise__counterfactual__nes__l0.5,1021,47,2,344,2,486
fit__3732__deblur__attack__nes__l1,1021,49,17,361,2,515
fit__3732__deblur__restore__nes__l1,1021,48,7,352,7,485
fit__3732__deblur__random_walk__random_walk__l1,1024,49,2,1023,2,1023
fit__3732__deblur__confidence_boost__nes__l1,1021,48,2,347,2,491
fit__3732__deblur__boundary_probe__nes__l1,1021,48,3,236,3,379
fit__3732__deblur__counterfactual__nes__l1,1021,48,5,330,5,441
fit__8575__denoise__attack__nes__l0.5,1021,47,18,123,4,188
fit__8575__denoise__restore__nes__l0.5,1021,46,18,92,18,129
fit__8575__denoise__random_walk__random_walk__l0.5,1024,50,2,1023,2,1023
fit__8575__denoise__confidence_boost__nes__l0.5,1021,47,18,235,18,330
fit__8575__denoise__boundary_probe__nes__l0.5,1021,49,12,193,12,279
fit__8575__denoise__counterfactual__nes__l0.5,1021,46,18,117,18,177
fit__8575__deblur__attack__nes__l1,1021,48,11,227,11,352
fit__8575__deblur__restore__nes__l1,1021,49,6,569,3,702
fit__8575__deblur__random_walk__random_walk__l1,1024,50,2,1023,2,1023
fit__8575__deblur__confidence_boost__nes__l1,1021,47,3,441,3,592
fit__8575__deblur__boundary_probe__nes__l1,1021,49,9,590,2,731
fit__8575__deblur__counterfactual__nes__l1,1021,47,2,534,2,661
calibration__3302__denoise__attack__nes__l0.5,1021,48,3,681,3,832
calibration__3302__denoise__restore__nes__l0.5,1021,47,4,850,3,917
calibration__3302__denoise__random_walk__random_walk__l0.5,1024,50,2,1023,2,1023
calibration__3302__denoise__confidence_boost__nes__l0.5,1021,50,2,731,2,854
calibration__3302__denoise__boundary_probe__nes__l0.5,1021,48,3,701,3,826
calibration__3302__denoise__counterfactual__nes__l0.5,1021,48,7,562,5,713
calibration__3302__deblur__attack__nes__l1,1021,48,4,765,4,883
calibration__3302__deblur__restore__nes__l1,1021,47,6,691,6,819
calibration__3302__deblur__random_walk__random_walk__l1,1024,49,2,1023,2,1023
calibration__3302__deblur__confidence_boost__nes__l1,1021,48,2,705,2,838
calibration__3302__deblur__boundary_probe__nes__l1,1021,49,3,764,3,877
calibration__3302__deblur__counterfactual__nes__l1,1021,48,7,659,7,807
calibration__231__denoise__attack__nes__l0.5,1021,48,3,213,3,342
calibration__231__denoise__restore__nes__l0.5,1021,47,9,236,6,341
calibration__231__denoise__random_walk__random_walk__l0.5,1024,49,2,1023,2,1023
calibration__231__denoise__confidence_boost__nes__l0.5,1021,46,3,299,3,436
calibration__231__denoise__boundary_probe__nes__l0.5,1021,47,18,241,2,356
calibration__231__denoise__counterfactual__nes__l0.5,1021,47,11,296,11,431
calibration__231__deblur__attack__nes__l1,1021,48,7,330,3,474
calibration__231__deblur__restore__nes__l1,1021,48,8,294,3,437
calibration__231__deblur__random_walk__random_walk__l1,1024,49,2,1023,2,1023
calibration__231__deblur__confidence_boost__nes__l1,1021,47,14,239,3,363
calibration__231__deblur__boundary_probe__nes__l1,1021,49,18,231,3,353
calibration__231__deblur__counterfactual__nes__l1,1021,47,18,293,16,414
calibration__3033__denoise__attack__nes__l0.5,1021,48,18,440,8,576
calibration__3033__denoise__restore__nes__l0.5,1021,48,6,288,4,395
calibration__3033__denoise__random_walk__random_walk__l0.5,1024,49,2,1023,2,1023
calibration__3033__denoise__confidence_boost__nes__l0.5,1021,47,3,155,3,237
calibration__3033__denoise__boundary_probe__nes__l0.5,1021,49,13,376,13,489
calibration__3033__denoise__counterfactual__nes__l0.5,1021,48,13,215,9,317
calibration__3033__deblur__attack__nes__l1,1021,47,18,108,18,156
calibration__3033__deblur__restore__nes__l1,1021,46,3,136,3,197
calibration__3033__deblur__random_walk__random_walk__l1,1024,48,2,1023,2,1023
calibration__3033__deblur__confidence_boost__nes__l1,1021,47,18,303,18,415
calibration__3033__deblur__boundary_probe__nes__l1,1021,46,18,124,16,199
calibration__3033__deblur__counterfactual__nes__l1,1021,47,18,136,18,213
calibration__2073__denoise__attack__nes__l0.5,1021,48,9,412,9,565
calibration__2073__denoise__restore__nes__l0.5,1021,48,9,581,7,716
calibration__2073__denoise__random_walk__random_walk__l0.5,1024,49,2,1023,2,1023
calibration__2073__denoise__confidence_boost__nes__l0.5,1021,47,8,488,6,672
calibration__2073__denoise__boundary_probe__nes__l0.5,1021,50,5,675,5,797
calibration__2073__denoise__counterfactual__nes__l0.5,1021,48,6,597,6,755
calibration__2073__deblur__attack__nes__l1,1021,49,2,534,2,684
calibration__2073__deblur__restore__nes__l1,1021,47,8,453,5,615
calibration__2073__deblur__random_walk__random_walk__l1,1024,50,2,1023,2,1023
calibration__2073__deblur__confidence_boost__nes__l1,1021,49,3,471,3,602
calibration__2073__deblur__boundary_probe__nes__l1,1021,48,12,414,4,563
calibration__2073__deblur__counterfactual__nes__l1,1021,49,3,484,3,645
calibration__8730__denoise__attack__nes__l0.5,1021,48,4,418,4,556
calibration__8730__denoise__restore__nes__l0.5,1021,49,3,511,3,650
calibration__8730__denoise__random_walk__random_walk__l0.5,1024,49,2,1023,2,1023
calibration__8730__denoise__confidence_boost__nes__l0.5,1021,48,5,593,5,725
calibration__8730__denoise__boundary_probe__nes__l0.5,1021,48,10,415,4,576
calibration__8730__denoise__counterfactual__nes__l0.5,1021,48,7,467,7,623
calibration__8730__deblur__attack__nes__l1,1021,48,5,420,4,599
calibration__8730__deblur__restore__nes__l1,1021,48,3,452,3,613
calibration__8730__deblur__random_walk__random_walk__l1,1024,49,2,1023,2,1023
calibration__8730__deblur__confidence_boost__nes__l1,1021,48,4,484,4,642
calibration__8730__deblur__boundary_probe__nes__l1,1021,49,4,647,4,773
calibration__8730__deblur__counterfactual__nes__l1,1021,48,3,507,3,641
calibration__6587__denoise__attack__nes__l0.5,1021,48,3,510,2,675
calibration__6587__denoise__restore__nes__l0.5,1021,48,3,469,3,612
calibration__6587__denoise__random_walk__random_walk__l0.5,1024,50,2,1023,2,1023
calibration__6587__denoise__confidence_boost__nes__l0.5,1021,48,2,494,2,634
calibration__6587__denoise__boundary_probe__nes__l0.5,1021,50,7,694,4,818
calibration__6587__denoise__counterfactual__nes__l0.5,1021,48,5,532,3,666
calibration__6587__deblur__attack__nes__l1,1021,49,5,405,5,544
calibration__6587__deblur__restore__nes__l1,1021,48,7,475,6,631
calibration__6587__deblur__random_walk__random_walk__l1,1024,50,2,1023,2,1023
calibration__6587__deblur__confidence_boost__nes__l1,1021,47,10,339,4,485
calibration__6587__deblur__boundary_probe__nes__l1,1021,47,2,423,2,576
calibration__6587__deblur__counterfactual__nes__l1,1021,47,18,417,7,556
calibration__328__denoise__attack__nes__l0.5,1021,48,7,489,5,661
calibration__328__denoise__restore__nes__l0.5,1021,49,3,756,3,858
calibration__328__denoise__random_walk__random_walk__l0.5,1024,49,2,1023,2,1023
calibration__328__denoise__confidence_boost__nes__l0.5,1021,48,3,533,3,709
calibration__328__denoise__boundary_probe__nes__l0.5,1021,49,2,619,2,770
calibration__328__denoise__counterfactual__nes__l0.5,1021,48,2,608,2,733
calibration__328__deblur__attack__nes__l1,1021,47,2,632,2,769
calibration__328__deblur__restore__nes__l1,1021,47,7,659,2,779
calibration__328__deblur__random_walk__random_walk__l1,1024,49,2,1023,2,1023
calibration__328__deblur__confidence_boost__nes__l1,1021,49,4,783,4,876
calibration__328__deblur__boundary_probe__nes__l1,1021,48,3,620,2,750
calibration__328__deblur__counterfactual__nes__l1,1021,48,2,506,2,679
calibration__5638__denoise__attack__nes__l0.5,1021,48,3,406,3,548
calibration__5638__denoise__restore__nes__l0.5,1021,48,6,536,4,697
calibration__5638__denoise__random_walk__random_walk__l0.5,1024,49,2,1023,2,1023
calibration__5638__denoise__confidence_boost__nes__l0.5,1021,48,6,537,6,675
calibration__5638__denoise__boundary_probe__nes__l0.5,1021,48,3,562,3,709
calibration__5638__denoise__counterfactual__nes__l0.5,1021,49,4,554,4,690
calibration__5638__deblur__attack__nes__l1,1021,47,18,217,9,321
calibration__5638__deblur__restore__nes__l1,1021,47,18,117,7,172
calibration__5638__deblur__random_walk__random_walk__l1,1024,49,2,1023,2,1023
calibration__5638__deblur__confidence_boost__nes__l1,1021,49,18,151,18,221
calibration__5638__deblur__boundary_probe__nes__l1,1021,47,14,156,14,234
calibration__5638__deblur__counterfactual__nes__l1,1021,48,18,164,18,254
calibration__1561__denoise__attack__nes__l0.5,1021,47,10,309,7,433
calibration__1561__denoise__restore__nes__l0.5,1021,48,4,234,2,344
calibration__1561__denoise__random_walk__random_walk__l0.5,1024,50,2,1023,2,1023
calibration__1561__denoise__confidence_boost__nes__l0.5,1021,47,18,291,6,407
calibration__1561__denoise__boundary_probe__nes__l0.5,1021,47,5,440,4,582
calibration__1561__denoise__counterfactual__nes__l0.5,1021,47,18,256,18,377
calibration__1561__deblur__attack__nes__l1,1021,48,18,461,8,618
calibration__1561__deblur__restore__nes__l1,1021,48,18,420,2,570
calibration__1561__deblur__random_walk__random_walk__l1,1024,49,2,1023,2,1023
calibration__1561__deblur__confidence_boost__nes__l1,1021,49,9,465,8,615
calibration__1561__deblur__boundary_probe__nes__l1,1021,48,11,589,11,744
calibration__1561__deblur__counterfactual__nes__l1,1021,49,12,473,12,656
calibration__9353__denoise__attack__nes__l0.5,1021,50,2,824,2,914
calibration__9353__denoise__restore__nes__l0.5,1021,49,2,932,2,969
calibration__9353__denoise__random_walk__random_walk__l0.5,1024,50,2,1023,2,1023
calibration__9353__denoise__confidence_boost__nes__l0.5,1021,48,2,917,2,979
calibration__9353__denoise__boundary_probe__nes__l0.5,1021,49,2,952,2,993
calibration__9353__denoise__counterfactual__nes__l0.5,1021,49,2,889,2,956
calibration__9353__deblur__attack__nes__l1,1021,49,5,324,4,468
calibration__9353__deblur__restore__nes__l1,1021,48,2,420,2,556
calibration__9353__deblur__random_walk__random_walk__l1,1024,49,2,1023,2,1023
calibration__9353__deblur__confidence_boost__nes__l1,1021,48,3,576,3,726
calibration__9353__deblur__boundary_probe__nes__l1,1021,48,3,604,3,749
calibration__9353__deblur__counterfactual__nes__l1,1021,48,3,401,2,553
calibration__5423__denoise__attack__nes__l0.5,1021,48,2,605,2,757
calibration__5423__denoise__restore__nes__l0.5,1021,48,2,680,2,828
calibration__5423__denoise__random_walk__random_walk__l0.5,1024,49,2,1023,2,1023
calibration__5423__denoise__confidence_boost__nes__l0.5,1021,49,2,649,2,798
calibration__5423__denoise__boundary_probe__nes__l0.5,1021,49,4,601,4,745
calibration__5423__denoise__counterfactual__nes__l0.5,1021,48,2,595,2,736
calibration__5423__deblur__attack__nes__l1,1021,48,4,620,4,749
calibration__5423__deblur__restore__nes__l1,1021,48,2,430,2,595
calibration__5423__deblur__random_walk__random_walk__l1,1024,50,2,1023,2,1023
calibration__5423__deblur__confidence_boost__nes__l1,1021,50,2,578,2,718
calibration__5423__deblur__boundary_probe__nes__l1,1021,49,7,478,7,626
calibration__5423__deblur__counterfactual__nes__l1,1021,48,2,360,2,495
calibration__13__denoise__attack__nes__l0.5,1021,49,3,478,3,612
calibration__13__denoise__restore__nes__l0.5,1021,49,4,407,4,563
calibration__13__denoise__random_walk__random_walk__l0.5,1024,50,2,1023,2,1023
calibration__13__denoise__confidence_boost__nes__l0.5,1021,50,3,403,3,553
calibration__13__denoise__boundary_probe__nes__l0.5,1021,47,2,601,2,754
calibration__13__denoise__counterfactual__nes__l0.5,1021,49,9,470,9,622
calibration__13__deblur__attack__nes__l1,1021,48,17,567,2,697
calibration__13__deblur__restore__nes__l1,1021,49,2,513,2,660
calibration__13__deblur__random_walk__random_walk__l1,1024,50,2,1023,2,1023
calibration__13__deblur__confidence_boost__nes__l1,1021,48,7,609,2,736
calibration__13__deblur__boundary_probe__nes__l1,1021,49,2,633,2,777
calibration__13__deblur__counterfactual__nes__l1,1021,47,2,646,2,775
calibration__5045__denoise__attack__nes__l0.5,1021,48,6,308,6,428
calibration__5045__denoise__restore__nes__l0.5,1021,49,3,237,3,342
calibration__5045__denoise__random_walk__random_walk__l0.5,1024,49,2,1023,2,1023
calibration__5045__denoise__confidence_boost__nes__l0.5,1021,49,3,519,3,646
calibration__5045__denoise__boundary_probe__nes__l0.5,1021,48,9,215,4,312
calibration__5045__denoise__counterfactual__nes__l0.5,1021,48,12,246,5,369
calibration__5045__deblur__attack__nes__l1,1021,49,3,532,3,680
calibration__5045__deblur__restore__nes__l1,1021,49,8,510,2,655
calibration__5045__deblur__random_walk__random_walk__l1,1024,49,2,1023,2,1023
calibration__5045__deblur__confidence_boost__nes__l1,1021,48,2,296,2,391
calibration__5045__deblur__boundary_probe__nes__l1,1021,48,6,601,6,756
calibration__5045__deblur__counterfactual__nes__l1,1021,48,3,521,3,674
calibration__2503__denoise__attack__nes__l0.5,1021,48,18,262,18,333
calibration__2503__denoise__restore__nes__l0.5,1021,48,18,190,18,270
calibration__2503__denoise__random_walk__random_walk__l0.5,1024,49,2,1023,2,1023
calibration__2503__denoise__confidence_boost__nes__l0.5,1021,46,18,147,18,215
calibration__2503__denoise__boundary_probe__nes__l0.5,1021,50,5,196,5,300
calibration__2503__denoise__counterfactual__nes__l0.5,1021,49,18,148,18,232
calibration__2503__deblur__attack__nes__l1,1021,48,7,302,7,436
calibration__2503__deblur__restore__nes__l1,1021,48,2,376,2,494
calibration__2503__deblur__random_walk__random_walk__l1,1024,49,2,1023,2,1023
calibration__2503__deblur__confidence_boost__nes__l1,1021,48,3,294,3,423
calibration__2503__deblur__boundary_probe__nes__l1,1021,48,8,321,4,466
calibration__2503__deblur__counterfactual__nes__l1,1021,48,3,318,3,444
calibration__6691__denoise__attack__nes__l0.5,1021,49,3,503,3,661
calibration__6691__denoise__restore__nes__l0.5,1021,49,2,471,2,612
calibration__6691__denoise__random_walk__random_walk__l0.5,1024,50,2,1023,2,1023
calibration__6691__denoise__confidence_boost__nes__l0.5,1021,49,3,758,3,868
calibration__6691__denoise__boundary_probe__nes__l0.5,1021,49,3,657,3,797
calibration__6691__denoise__counterfactual__nes__l0.5,1021,48,2,636,2,773
calibration__6691__deblur__attack__nes__l1,1021,47,18,323,6,442
calibration__6691__deblur__restore__nes__l1,1021,47,7,176,7,270
calibration__6691__deblur__random_walk__random_walk__l1,1024,49,2,1023,2,1023
calibration__6691__deblur__confidence_boost__nes__l1,1021,49,18,369,18,493
calibration__6691__deblur__boundary_probe__nes__l1,1021,47,18,418,4,575
calibration__6691__deblur__counterfactual__nes__l1,1021,47,18,296,11,422
calibration__5494__denoise__attack__nes__l0.5,1021,48,6,338,6,450
calibration__5494__denoise__restore__nes__l0.5,1021,48,18,276,10,402
calibration__5494__denoise__random_walk__random_walk__l0.5,1024,49,2,1023,2,1023
calibration__5494__denoise__confidence_boost__nes__l0.5,1021,48,6,495,6,641
calibration__5494__denoise__boundary_probe__nes__l0.5,1021,49,14,493,9,632
calibration__5494__denoise__counterfactual__nes__l0.5,1021,48,15,486,7,643
calibration__5494__deblur__attack__nes__l1,1021,48,11,394,5,551
calibration__5494__deblur__restore__nes__l1,1021,49,18,294,11,416
calibration__5494__deblur__random_walk__random_walk__l1,1024,49,2,1023,2,1023
calibration__5494__deblur__confidence_boost__nes__l1,1021,48,7,374,7,511
calibration__5494__deblur__boundary_probe__nes__l1,1021,48,5,411,3,562
calibration__5494__deblur__counterfactual__nes__l1,1021,48,11,511,11,683
evaluation__539__denoise__attack__nes__l0.5,1021,48,2,578,2,697
evaluation__539__denoise__restore__nes__l0.5,1021,49,3,863,3,931
evaluation__539__denoise__random_walk__random_walk__l0.5,1024,49,2,1023,2,1023
evaluation__539__denoise__confidence_boost__nes__l0.5,1021,49,3,884,2,944
evaluation__539__denoise__boundary_probe__nes__l0.5,1021,49,2,820,2,915
evaluation__539__denoise__counterfactual__nes__l0.5,1021,49,2,833,2,920
evaluation__539__deblur__attack__nes__l1,1021,48,2,325,2,466
evaluation__539__deblur__restore__nes__l1,1021,47,8,299,8,417
evaluation__539__deblur__random_walk__random_walk__l1,1024,49,2,1023,2,1023
evaluation__539__deblur__confidence_boost__nes__l1,1021,48,2,267,2,382
evaluation__539__deblur__boundary_probe__nes__l1,1021,48,10,333,6,467
evaluation__539__deblur__counterfactual__nes__l1,1021,49,5,385,5,515
evaluation__4126__denoise__attack__nes__l0.5,1021,48,18,192,2,283
evaluation__4126__denoise__restore__nes__l0.5,1021,48,3,427,3,557
evaluation__4126__denoise__random_walk__random_walk__l0.5,1024,49,2,1023,2,1023
evaluation__4126__denoise__confidence_boost__nes__l0.5,1021,47,4,224,4,346
evaluation__4126__denoise__boundary_probe__nes__l0.5,1021,49,3,345,3,498
evaluation__4126__denoise__counterfactual__nes__l0.5,1021,46,4,239,4,342
evaluation__4126__deblur__attack__nes__l1,1021,48,9,459,9,612
evaluation__4126__deblur__restore__nes__l1,1021,48,4,506,4,662
evaluation__4126__deblur__random_walk__random_walk__l1,1024,50,2,1023,2,1023
evaluation__4126__deblur__confidence_boost__nes__l1,1021,48,7,313,7,450
evaluation__4126__deblur__boundary_probe__nes__l1,1021,48,11,539,11,695
evaluation__4126__deblur__counterfactual__nes__l1,1021,48,7,553,7,699
evaluation__7748__denoise__attack__nes__l0.5,1021,48,4,574,4,718
evaluation__7748__denoise__restore__nes__l0.5,1021,49,7,521,3,667
evaluation__7748__denoise__random_walk__random_walk__l0.5,1024,49,2,1023,2,1023
evaluation__7748__denoise__confidence_boost__nes__l0.5,1021,48,2,615,2,751
evaluation__7748__denoise__boundary_probe__nes__l0.5,1021,49,3,673,3,795
evaluation__7748__denoise__counterfactual__nes__l0.5,1021,48,3,566,2,721
evaluation__7748__deblur__attack__nes__l1,1021,48,4,500,4,636
evaluation__7748__deblur__restore__nes__l1,1021,47,11,312,10,449
evaluation__7748__deblur__random_walk__random_walk__l1,1024,49,2,1023,2,1023
evaluation__7748__deblur__confidence_boost__nes__l1,1021,48,2,375,2,519
evaluation__7748__deblur__boundary_probe__nes__l1,1021,48,7,369,7,498
evaluation__7748__deblur__counterfactual__nes__l1,1021,48,3,523,3,657
evaluation__9973__denoise__attack__nes__l0.5,1021,48,5,226,5,331
evaluation__9973__denoise__restore__nes__l0.5,1021,48,18,426,18,554
evaluation__9973__denoise__random_walk__random_walk__l0.5,1024,49,2,1023,2,1023
evaluation__9973__denoise__confidence_boost__nes__l0.5,1021,48,7,270,7,381
evaluation__9973__denoise__boundary_probe__nes__l0.5,1021,47,18,240,10,327
evaluation__9973__denoise__counterfactual__nes__l0.5,1021,48,18,323,12,432
evaluation__9973__deblur__attack__nes__l1,1021,49,3,435,3,581
evaluation__9973__deblur__restore__nes__l1,1021,50,2,528,2,665
evaluation__9973__deblur__random_walk__random_walk__l1,1024,49,2,1023,2,1023
evaluation__9973__deblur__confidence_boost__nes__l1,1021,48,17,347,7,506
evaluation__9973__deblur__boundary_probe__nes__l1,1021,47,14,635,3,790
evaluation__9973__deblur__counterfactual__nes__l1,1021,48,11,526,8,683
evaluation__1751__denoise__attack__nes__l0.5,1021,47,6,347,6,479
evaluation__1751__denoise__restore__nes__l0.5,1021,47,7,298,4,420
evaluation__1751__denoise__random_walk__random_walk__l0.5,1024,49,2,1023,2,1023
evaluation__1751__denoise__confidence_boost__nes__l0.5,1021,48,7,490,7,630
evaluation__1751__denoise__boundary_probe__nes__l0.5,1021,48,6,375,6,529
evaluation__1751__denoise__counterfactual__nes__l0.5,1021,48,3,447,3,610
evaluation__1751__deblur__attack__nes__l1,1021,49,13,557,6,682
evaluation__1751__deblur__restore__nes__l1,1021,48,7,371,7,519
evaluation__1751__deblur__random_walk__random_walk__l1,1024,49,2,1023,2,1023
evaluation__1751__deblur__confidence_boost__nes__l1,1021,49,5,449,5,573
evaluation__1751__deblur__boundary_probe__nes__l1,1021,49,5,556,3,692
evaluation__1751__deblur__counterfactual__nes__l1,1021,47,10,399,10,521
evaluation__5245__denoise__attack__nes__l0.5,1021,48,5,614,5,758
evaluation__5245__denoise__restore__nes__l0.5,1021,49,4,521,4,668
evaluation__5245__denoise__random_walk__random_walk__l0.5,1024,50,2,1023,2,1023
evaluation__5245__denoise__confidence_boost__nes__l0.5,1021,48,3,690,3,820
evaluation__5245__denoise__boundary_probe__nes__l0.5,1021,49,3,549,2,697
evaluation__5245__denoise__counterfactual__nes__l0.5,1021,49,3,618,3,755
evaluation__5245__deblur__attack__nes__l1,1021,48,3,796,3,911
evaluation__5245__deblur__restore__nes__l1,1021,49,2,695,2,851
evaluation__5245__deblur__random_walk__random_walk__l1,1024,50,2,1023,2,1023
evaluation__5245__deblur__confidence_boost__nes__l1,1021,48,2,644,2,805
evaluation__5245__deblur__boundary_probe__nes__l1,1021,49,2,704,2,869
evaluation__5245__deblur__counterfactual__nes__l1,1021,48,2,638,2,805
evaluation__8123__denoise__attack__nes__l0.5,1021,50,7,619,7,740
evaluation__8123__denoise__restore__nes__l0.5,1021,48,9,391,9,542
evaluation__8123__denoise__random_walk__random_walk__l0.5,1024,50,2,1023,2,1023
evaluation__8123__denoise__confidence_boost__nes__l0.5,1021,48,2,441,2,584
evaluation__8123__denoise__boundary_probe__nes__l0.5,1021,48,9,577,2,716
evaluation__8123__denoise__counterfactual__nes__l0.5,1021,48,10,338,6,459
evaluation__8123__deblur__attack__nes__l1,1021,48,3,508,3,659
evaluation__8123__deblur__restore__nes__l1,1021,47,12,390,12,544
evaluation__8123__deblur__random_walk__random_walk__l1,1024,50,2,1023,2,1023
evaluation__8123__deblur__confidence_boost__nes__l1,1021,48,3,539,3,683
evaluation__8123__deblur__boundary_probe__nes__l1,1021,48,2,469,2,622
evaluation__8123__deblur__counterfactual__nes__l1,1021,49,2,598,2,756
evaluation__1202__denoise__attack__nes__l0.5,1021,49,9,428,3,569
evaluation__1202__denoise__restore__nes__l0.5,1021,48,5,414,2,562
evaluation__1202__denoise__random_walk__random_walk__l0.5,1024,50,2,1023,2,1023
evaluation__1202__denoise__confidence_boost__nes__l0.5,1021,48,7,326,7,449
evaluation__1202__denoise__boundary_probe__nes__l0.5,1021,48,8,404,8,534
evaluation__1202__denoise__counterfactual__nes__l0.5,1021,48,2,419,2,542
evaluation__1202__deblur__attack__nes__l1,1021,48,18,301,9,433
evaluation__1202__deblur__restore__nes__l1,1021,49,14,231,5,320
evaluation__1202__deblur__random_walk__random_walk__l1,1024,50,2,1023,2,1023
evaluation__1202__deblur__confidence_boost__nes__l1,1021,47,17,233,17,324
evaluation__1202__deblur__boundary_probe__nes__l1,1021,48,11,279,5,407
evaluation__1202__deblur__counterfactual__nes__l1,1021,48,10,273,3,390
evaluation__3713__denoise__attack__nes__l0.5,1021,48,2,755,2,872
evaluation__3713__denoise__restore__nes__l0.5,1021,49,3,782,3,873
evaluation__3713__denoise__random_walk__random_walk__l0.5,1024,50,2,1023,2,1023
evaluation__3713__denoise__confidence_boost__nes__l0.5,1021,49,2,770,2,889
evaluation__3713__denoise__boundary_probe__nes__l0.5,1021,48,3,652,3,790
evaluation__3713__denoise__counterfactual__nes__l0.5,1021,49,4,724,2,843
evaluation__3713__deblur__attack__nes__l1,1021,48,2,827,2,927
evaluation__3713__deblur__restore__nes__l1,1021,48,3,809,3,918
evaluation__3713__deblur__random_walk__random_walk__l1,1024,49,2,1023,2,1023
evaluation__3713__deblur__confidence_boost__nes__l1,1021,50,2,752,2,884
evaluation__3713__deblur__boundary_probe__nes__l1,1021,49,2,877,2,950
evaluation__3713__deblur__counterfactual__nes__l1,1021,49,4,859,3,931
evaluation__7340__denoise__attack__nes__l0.5,1021,48,16,249,5,359
evaluation__7340__denoise__restore__nes__l0.5,1021,47,18,288,18,421
evaluation__7340__denoise__random_walk__random_walk__l0.5,1024,50,2,1023,2,1023
evaluation__7340__denoise__confidence_boost__nes__l0.5,1021,47,14,318,8,455
evaluation__7340__denoise__boundary_probe__nes__l0.5,1021,49,3,379,3,517
evaluation__7340__denoise__counterfactual__nes__l0.5,1021,47,3,283,3,434
evaluation__7340__deblur__attack__nes__l1,1021,49,17,315,6,451
evaluation__7340__deblur__restore__nes__l1,1021,49,12,326,8,464
evaluation__7340__deblur__random_walk__random_walk__l1,1024,49,2,1023,2,1023
evaluation__7340__deblur__confidence_boost__nes__l1,1021,48,15,233,15,345
evaluation__7340__deblur__boundary_probe__nes__l1,1021,50,18,378,18,498
evaluation__7340__deblur__counterfactual__nes__l1,1021,49,16,356,7,497
evaluation__294__denoise__attack__nes__l0.5,1021,49,18,446,11,595
evaluation__294__denoise__restore__nes__l0.5,1021,48,2,456,2,630
evaluation__294__denoise__random_walk__random_walk__l0.5,1024,49,2,1023,2,1023
evaluation__294__denoise__confidence_boost__nes__l0.5,1021,48,3,447,3,606
evaluation__294__denoise__boundary_probe__nes__l0.5,1021,48,2,467,2,620
evaluation__294__denoise__counterfactual__nes__l0.5,1021,47,18,320,3,460
evaluation__294__deblur__attack__nes__l1,1021,49,2,809,2,895
evaluation__294__deblur__restore__nes__l1,1021,47,5,591,4,729
evaluation__294__deblur__random_walk__random_walk__l1,1024,50,2,1023,2,1023
evaluation__294__deblur__confidence_boost__nes__l1,1021,48,2,571,2,690
evaluation__294__deblur__boundary_probe__nes__l1,1021,48,4,717,4,831
evaluation__294__deblur__counterfactual__nes__l1,1021,48,2,753,2,864
evaluation__4155__denoise__attack__nes__l0.5,1021,49,2,916,2,975
evaluation__4155__denoise__restore__nes__l0.5,1021,48,2,951,2,985
evaluation__4155__denoise__random_walk__random_walk__l0.5,1024,49,2,1023,2,1023
evaluation__4155__denoise__confidence_boost__nes__l0.5,1021,50,2,867,2,933
evaluation__4155__denoise__boundary_probe__nes__l0.5,1021,49,3,818,3,921
evaluation__4155__denoise__counterfactual__nes__l0.5,1021,49,3,918,2,981
evaluation__4155__deblur__attack__nes__l1,1021,47,18,224,9,317
evaluation__4155__deblur__restore__nes__l1,1021,46,6,207,6,294
evaluation__4155__deblur__random_walk__random_walk__l1,1024,50,2,1023,2,1023
evaluation__4155__deblur__confidence_boost__nes__l1,1021,49,12,229,12,337
evaluation__4155__deblur__boundary_probe__nes__l1,1021,47,18,282,12,402
evaluation__4155__deblur__counterfactual__nes__l1,1021,47,4,232,4,336
evaluation__6237__denoise__attack__nes__l0.5,1021,48,3,206,3,328
evaluation__6237__denoise__restore__nes__l0.5,1021,48,2,229,2,323
evaluation__6237__denoise__random_walk__random_walk__l0.5,1024,49,2,1023,2,1023
evaluation__6237__denoise__confidence_boost__nes__l0.5,1021,48,18,270,18,372
evaluation__6237__denoise__boundary_probe__nes__l0.5,1021,47,18,175,16,266
evaluation__6237__denoise__counterfactual__nes__l0.5,1021,48,7,370,7,522
evaluation__6237__deblur__attack__nes__l1,1021,48,3,143,2,220
evaluation__6237__deblur__restore__nes__l1,1021,48,4,355,4,476
evaluation__6237__deblur__random_walk__random_walk__l1,1024,50,2,1023,2,1023
evaluation__6237__deblur__confidence_boost__nes__l1,1021,47,6,282,4,409
evaluation__6237__deblur__boundary_probe__nes__l1,1021,50,7,438,5,593
evaluation__6237__deblur__counterfactual__nes__l1,1021,48,4,386,2,544
evaluation__8739__denoise__attack__nes__l0.5,1021,48,15,407,15,522
evaluation__8739__denoise__restore__nes__l0.5,1021,47,18,103,7,147
evaluation__8739__denoise__random_walk__random_walk__l0.5,1024,49,2,1023,2,1023
evaluation__8739__denoise__confidence_boost__nes__l0.5,1021,48,18,262,9,366
evaluation__8739__denoise__boundary_probe__nes__l0.5,1021,48,18,520,18,644
evaluation__8739__denoise__counterfactual__nes__l0.5,1021,47,17,169,17,247
evaluation__8739__deblur__attack__nes__l1,1021,48,5,242,5,338
evaluation__8739__deblur__restore__nes__l1,1021,48,11,283,11,395
evaluation__8739__deblur__random_walk__random_walk__l1,1024,49,2,1023,2,1023
evaluation__8739__deblur__confidence_boost__nes__l1,1021,48,12,295,12,423
evaluation__8739__deblur__boundary_probe__nes__l1,1021,48,8,150,8,222
evaluation__8739__deblur__counterfactual__nes__l1,1021,47,18,149,18,224
evaluation__3671__denoise__attack__nes__l0.5,1021,48,5,454,5,568
evaluation__3671__denoise__restore__nes__l0.5,1021,50,9,479,7,629
evaluation__3671__denoise__random_walk__random_walk__l0.5,1024,50,2,1023,2,1023
evaluation__3671__denoise__confidence_boost__nes__l0.5,1021,49,5,398,5,515
evaluation__3671__denoise__boundary_probe__nes__l0.5,1021,49,6,392,6,552
evaluation__3671__denoise__counterfactual__nes__l0.5,1021,48,3,405,3,555
evaluation__3671__deblur__attack__nes__l1,1021,48,3,362,3,506
evaluation__3671__deblur__restore__nes__l1,1021,48,6,545,3,684
evaluation__3671__deblur__random_walk__random_walk__l1,1024,50,2,1023,2,1023
evaluation__3671__deblur__confidence_boost__nes__l1,1021,47,6,478,6,610
evaluation__3671__deblur__boundary_probe__nes__l1,1021,48,3,441,2,584
evaluation__3671__deblur__counterfactual__nes__l1,1021,48,17,422,4,572
evaluation__4173__denoise__attack__nes__l0.5,1021,49,6,231,6,322
evaluation__4173__denoise__restore__nes__l0.5,1021,48,18,182,4,270
evaluation__4173__denoise__random_walk__random_walk__l0.5,1024,50,2,1023,2,1023
evaluation__4173__denoise__confidence_boost__nes__l0.5,1021,47,18,208,8,304
evaluation__4173__denoise__boundary_probe__nes__l0.5,1021,48,18,123,16,198
evaluation__4173__denoise__counterfactual__nes__l0.5,1021,47,18,174,18,236
evaluation__4173__deblur__attack__nes__l1,1021,49,11,741,11,855
evaluation__4173__deblur__restore__nes__l1,1021,48,2,643,2,800
evaluation__4173__deblur__random_walk__random_walk__l1,1024,50,2,1023,2,1023
evaluation__4173__deblur__confidence_boost__nes__l1,1021,48,8,496,5,673
evaluation__4173__deblur__boundary_probe__nes__l1,1021,49,3,652,3,800
evaluation__4173__deblur__counterfactual__nes__l1,1021,48,2,714,2,856
evaluation__8500__denoise__attack__nes__l0.5,1021,48,12,372,2,516
evaluation__8500__denoise__restore__nes__l0.5,1021,47,11,306,9,450
evaluation__8500__denoise__random_walk__random_walk__l0.5,1024,50,2,1023,2,1023
evaluation__8500__denoise__confidence_boost__nes__l0.5,1021,48,8,387,8,515
evaluation__8500__denoise__boundary_probe__nes__l0.5,1021,48,5,415,3,559
evaluation__8500__denoise__counterfactual__nes__l0.5,1021,48,3,369,2,512
evaluation__8500__deblur__attack__nes__l1,1021,48,2,355,2,497
evaluation__8500__deblur__restore__nes__l1,1021,48,16,366,16,475
evaluation__8500__deblur__random_walk__random_walk__l1,1024,49,2,1023,2,1023
evaluation__8500__deblur__confidence_boost__nes__l1,1021,47,4,324,4,455
evaluation__8500__deblur__boundary_probe__nes__l1,1021,48,12,279,12,393
evaluation__8500__deblur__counterfactual__nes__l1,1021,48,9,366,9,508
evaluation__1745__denoise__attack__nes__l0.5,1021,48,2,312,2,453
evaluation__1745__denoise__restore__nes__l0.5,1021,49,3,478,3,630
evaluation__1745__denoise__random_walk__random_walk__l0.5,1024,49,2,1023,2,1023
evaluation__1745__denoise__confidence_boost__nes__l0.5,1021,48,5,612,5,744
evaluation__1745__denoise__boundary_probe__nes__l0.5,1021,48,6,536,4,667
evaluation__1745__denoise__counterfactual__nes__l0.5,1021,49,3,345,2,491
evaluation__1745__deblur__attack__nes__l1,1021,48,3,230,3,331
evaluation__1745__deblur__restore__nes__l1,1021,47,13,222,4,337
evaluation__1745__deblur__random_walk__random_walk__l1,1024,49,2,1023,2,1023
evaluation__1745__deblur__confidence_boost__nes__l1,1021,47,10,260,5,379
evaluation__1745__deblur__boundary_probe__nes__l1,1021,48,18,259,16,372
evaluation__1745__deblur__counterfactual__nes__l1,1021,48,12,391,2,534
evaluation__4860__denoise__attack__nes__l0.5,1021,48,9,361,9,499
evaluation__4860__denoise__restore__nes__l0.5,1021,48,17,384,7,520
evaluation__4860__denoise__random_walk__random_walk__l0.5,1024,49,2,1023,2,1023
evaluation__4860__denoise__confidence_boost__nes__l0.5,1021,49,2,429,2,581
evaluation__4860__denoise__boundary_probe__nes__l0.5,1021,48,2,405,2,531
evaluation__4860__denoise__counterfactual__nes__l0.5,1021,49,10,331,8,456
evaluation__4860__deblur__attack__nes__l1,1021,47,7,132,7,190
evaluation__4860__deblur__restore__nes__l1,1021,48,3,192,3,289
evaluation__4860__deblur__random_walk__random_walk__l1,1024,49,2,1023,2,1023
evaluation__4860__deblur__confidence_boost__nes__l1,1021,47,18,151,18,220
evaluation__4860__deblur__boundary_probe__nes__l1,1021,48,14,206,14,283
evaluation__4860__deblur__counterfactual__nes__l1,1021,48,10,221,10,314
evaluation__7720__denoise__attack__nes__l0.5,1021,48,2,357,2,511
evaluation__7720__denoise__restore__nes__l0.5,1021,48,5,428,5,575
evaluation__7720__denoise__random_walk__random_walk__l0.5,1024,50,2,1023,2,1023
evaluation__7720__denoise__confidence_boost__nes__l0.5,1021,48,8,314,2,449
evaluation__7720__denoise__boundary_probe__nes__l0.5,1021,48,11,412,8,569
evaluation__7720__denoise__counterfactual__nes__l0.5,1021,48,4,528,4,665
evaluation__7720__deblur__attack__nes__l1,1021,49,2,568,2,715
evaluation__7720__deblur__restore__nes__l1,1021,49,5,338,4,472
evaluation__7720__deblur__random_walk__random_walk__l1,1024,49,2,1023,2,1023
evaluation__7720__deblur__confidence_boost__nes__l1,1021,48,4,436,4,584
evaluation__7720__deblur__boundary_probe__nes__l1,1021,48,5,537,2,670
evaluation__7720__deblur__counterfactual__nes__l1,1021,50,2,440,2,579
evaluation__920__denoise__attack__nes__l0.5,1021,48,5,246,3,345
evaluation__920__denoise__restore__nes__l0.5,1021,47,2,396,2,519
evaluation__920__denoise__random_walk__random_walk__l0.5,1024,49,2,1023,2,1023
evaluation__920__denoise__confidence_boost__nes__l0.5,1021,48,2,380,2,515
evaluation__920__denoise__boundary_probe__nes__l0.5,1021,49,5,377,5,515
evaluation__920__denoise__counterfactual__nes__l0.5,1021,49,2,368,2,505
evaluation__920__deblur__attack__nes__l1,1021,48,3,536,3,688
evaluation__920__deblur__restore__nes__l1,1021,48,2,380,2,526
evaluation__920__deblur__random_walk__random_walk__l1,1024,49,2,1023,2,1023
evaluation__920__deblur__confidence_boost__nes__l1,1021,49,2,512,2,658
evaluation__920__deblur__boundary_probe__nes__l1,1021,49,10,562,10,726
evaluation__920__deblur__counterfactual__nes__l1,1021,49,8,413,8,554
evaluation__4127__denoise__attack__nes__l0.5,1021,48,18,174,14,258
evaluation__4127__denoise__restore__nes__l0.5,1021,47,5,190,5,276
evaluation__4127__denoise__random_walk__random_walk__l0.5,1024,49,2,1023,2,1023
evaluation__4127__denoise__confidence_boost__nes__l0.5,1021,47,10,302,10,442
evaluation__4127__denoise__boundary_probe__nes__l0.5,1021,49,8,190,8,290
evaluation__4127__denoise__counterfactual__nes__l0.5,1021,47,8,232,8,336
evaluation__4127__deblur__attack__nes__l1,1021,49,17,179,7,263
evaluation__4127__deblur__restore__nes__l1,1021,47,14,229,10,330
evaluation__4127__deblur__random_walk__random_walk__l1,1024,49,2,1023,2,1023
evaluation__4127__deblur__confidence_boost__nes__l1,1021,47,14,97,7,139
evaluation__4127__deblur__boundary_probe__nes__l1,1021,48,18,216,18,317
evaluation__4127__deblur__counterfactual__nes__l1,1021,50,18,209,18,309
evaluation__6192__denoise__attack__nes__l0.5,1021,49,2,388,2,533
evaluation__6192__denoise__restore__nes__l0.5,1021,49,2,469,2,594
evaluation__6192__denoise__random_walk__random_walk__l0.5,1024,49,2,1023,2,1023
evaluation__6192__denoise__confidence_boost__nes__l0.5,1021,48,3,473,3,597
evaluation__6192__denoise__boundary_probe__nes__l0.5,1021,50,4,586,4,733
evaluation__6192__denoise__counterfactual__nes__l0.5,1021,48,2,564,2,706
evaluation__6192__deblur__attack__nes__l1,1021,48,2,776,2,868
evaluation__6192__deblur__restore__nes__l1,1021,49,4,723,4,850
evaluation__6192__deblur__random_walk__random_walk__l1,1024,49,2,1023,2,1023
evaluation__6192__deblur__confidence_boost__nes__l1,1021,48,3,757,3,866
evaluation__6192__deblur__boundary_probe__nes__l1,1021,48,2,719,2,841
evaluation__6192__deblur__counterfactual__nes__l1,1021,49,2,742,2,864
evaluation__8534__denoise__attack__nes__l0.5,1021,49,2,566,2,705
evaluation__8534__denoise__restore__nes__l0.5,1021,48,4,508,4,661
evaluation__8534__denoise__random_walk__random_walk__l0.5,1024,50,2,1023,2,1023
evaluation__8534__denoise__confidence_boost__nes__l0.5,1021,49,9,747,7,865
evaluation__8534__denoise__boundary_probe__nes__l0.5,1021,50,4,752,2,879
evaluation__8534__denoise__counterfactual__nes__l0.5,1021,49,5,622,2,761
evaluation__8534__deblur__attack__nes__l1,1021,47,4,444,2,604
evaluation__8534__deblur__restore__nes__l1,1021,49,4,570,4,716
evaluation__8534__deblur__random_walk__random_walk__l1,1024,49,2,1023,2,1023
evaluation__8534__deblur__confidence_boost__nes__l1,1021,49,6,737,2,834
evaluation__8534__deblur__boundary_probe__nes__l1,1021,48,4,387,4,538
evaluation__8534__deblur__counterfactual__nes__l1,1021,48,11,514,2,659
evaluation__3437__denoise__attack__nes__l0.5,1021,49,4,800,3,900
evaluation__3437__denoise__restore__nes__l0.5,1021,49,8,669,8,820
evaluation__3437__denoise__random_walk__random_walk__l0.5,1024,50,2,1023,2,1023
evaluation__3437__denoise__confidence_boost__nes__l0.5,1021,49,2,575,2,719
evaluation__3437__denoise__boundary_probe__nes__l0.5,1021,49,3,825,3,902
evaluation__3437__denoise__counterfactual__nes__l0.5,1021,49,2,680,2,803
evaluation__3437__deblur__attack__nes__l1,1021,48,5,383,5,507
evaluation__3437__deblur__restore__nes__l1,1021,48,16,138,14,202
evaluation__3437__deblur__random_walk__random_walk__l1,1024,49,2,1023,2,1023
evaluation__3437__deblur__confidence_boost__nes__l1,1021,49,18,339,17,488
evaluation__3437__deblur__boundary_probe__nes__l1,1021,48,18,256,7,349
evaluation__3437__deblur__counterfactual__nes__l1,1021,48,18,306,3,438
evaluation__5246__denoise__attack__nes__l0.5,1021,48,15,100,15,125
evaluation__5246__denoise__restore__nes__l0.5,1021,47,18,106,18,139
evaluation__5246__denoise__random_walk__random_walk__l0.5,1024,49,2,1023,2,1023
evaluation__5246__denoise__confidence_boost__nes__l0.5,1021,49,18,94,18,121
evaluation__5246__denoise__boundary_probe__nes__l0.5,1021,47,18,121,14,169
evaluation__5246__denoise__counterfactual__nes__l0.5,1021,48,18,92,18,119
evaluation__5246__deblur__attack__nes__l1,1021,49,3,869,3,939
evaluation__5246__deblur__restore__nes__l1,1021,49,2,859,2,949
evaluation__5246__deblur__random_walk__random_walk__l1,1024,49,2,1023,2,1023
evaluation__5246__deblur__confidence_boost__nes__l1,1021,49,2,927,2,978
evaluation__5246__deblur__boundary_probe__nes__l1,1021,49,2,870,2,944
evaluation__5246__deblur__counterfactual__nes__l1,1021,49,2,759,2,877
evaluation__7762__denoise__attack__nes__l0.5,1021,48,5,547,3,701
evaluation__7762__denoise__restore__nes__l0.5,1021,48,5,254,5,344
evaluation__7762__denoise__random_walk__random_walk__l0.5,1024,49,2,1023,2,1023
evaluation__7762__denoise__confidence_boost__nes__l0.5,1021,48,2,449,2,586
evaluation__7762__denoise__boundary_probe__nes__l0.5,1021,49,4,404,4,549
evaluation__7762__denoise__counterfactual__nes__l0.5,1021,49,2,485,2,642
evaluation__7762__deblur__attack__nes__l1,1021,48,6,314,6,419
evaluation__7762__deblur__restore__nes__l1,1021,47,4,247,4,360
evaluation__7762__deblur__random_walk__random_walk__l1,1024,50,2,1023,2,1023
evaluation__7762__deblur__confidence_boost__nes__l1,1021,49,6,338,6,474
evaluation__7762__deblur__boundary_probe__nes__l1,1021,47,13,400,13,531
evaluation__7762__deblur__counterfactual__nes__l1,1021,48,3,383,3,517
evaluation__1011__denoise__attack__nes__l0.5,1021,48,2,151,2,230
evaluation__1011__denoise__restore__nes__l0.5,1021,47,8,123,8,181
evaluation__1011__denoise__random_walk__random_walk__l0.5,1024,50,2,1023,2,1023
evaluation__1011__denoise__confidence_boost__nes__l0.5,1021,47,18,206,18,320
evaluation__1011__denoise__boundary_probe__nes__l0.5,1021,48,6,237,6,326
evaluation__1011__denoise__counterfactual__nes__l0.5,1021,47,4,134,4,205
evaluation__1011__deblur__attack__nes__l1,1021,48,18,137,18,221
evaluation__1011__deblur__restore__nes__l1,1021,46,18,140,11,212
evaluation__1011__deblur__random_walk__random_walk__l1,1024,49,2,1023,2,1023
evaluation__1011__deblur__confidence_boost__nes__l1,1021,48,18,217,18,320
evaluation__1011__deblur__boundary_probe__nes__l1,1021,48,10,240,4,325
evaluation__1011__deblur__counterfactual__nes__l1,1021,47,18,115,18,177
evaluation__3270__denoise__attack__nes__l0.5,1021,48,9,627,3,771
evaluation__3270__denoise__restore__nes__l0.5,1021,49,2,629,2,729
evaluation__3270__denoise__random_walk__random_walk__l0.5,1024,49,2,1023,2,1023
evaluation__3270__denoise__confidence_boost__nes__l0.5,1021,48,7,587,3,728
evaluation__3270__denoise__boundary_probe__nes__l0.5,1021,49,3,600,3,761
evaluation__3270__denoise__counterfactual__nes__l0.5,1021,48,2,619,2,765
evaluation__3270__deblur__attack__nes__l1,1021,48,2,438,2,578
evaluation__3270__deblur__restore__nes__l1,1021,48,5,404,5,538
evaluation__3270__deblur__random_walk__random_walk__l1,1024,50,2,1023,2,1023
evaluation__3270__deblur__confidence_boost__nes__l1,1021,49,6,381,6,512
evaluation__3270__deblur__boundary_probe__nes__l1,1021,49,9,376,9,501
evaluation__3270__deblur__counterfactual__nes__l1,1021,48,5,371,5,508
evaluation__5383__denoise__attack__nes__l0.5,1021,48,3,373,3,503
evaluation__5383__denoise__restore__nes__l0.5,1021,50,7,332,7,473
evaluation__5383__denoise__random_walk__random_walk__l0.5,1024,49,2,1023,2,1023
evaluation__5383__denoise__confidence_boost__nes__l0.5,1021,47,2,395,2,550
evaluation__5383__denoise__boundary_probe__nes__l0.5,1021,48,12,401,3,570
evaluation__5383__denoise__counterfactual__nes__l0.5,1021,48,6,366,6,508
evaluation__5383__deblur__attack__nes__l1,1021,48,18,204,17,299
evaluation__5383__deblur__restore__nes__l1,1021,47,9,270,9,384
evaluation__5383__deblur__random_walk__random_walk__l1,1024,50,2,1023,2,1023
evaluation__5383__deblur__confidence_boost__nes__l1,1021,48,9,194,9,302
evaluation__5383__deblur__boundary_probe__nes__l1,1021,47,18,221,18,306
evaluation__5383__deblur__counterfactual__nes__l1,1021,48,4,183,4,270
evaluation__425__denoise__attack__nes__l0.5,1021,47,3,210,3,317
evaluation__425__denoise__restore__nes__l0.5,1021,48,5,298,5,431
evaluation__425__denoise__random_walk__random_walk__l0.5,1024,50,2,1023,2,1023
evaluation__425__denoise__confidence_boost__nes__l0.5,1021,49,2,349,2,487
evaluation__425__denoise__boundary_probe__nes__l0.5,1021,48,3,399,3,539
evaluation__425__denoise__counterfactual__nes__l0.5,1021,47,6,268,6,403
evaluation__425__deblur__attack__nes__l1,1021,48,7,593,7,746
evaluation__425__deblur__restore__nes__l1,1021,48,6,419,2,589
evaluation__425__deblur__random_walk__random_walk__l1,1024,50,2,1023,2,1023
evaluation__425__deblur__confidence_boost__nes__l1,1021,48,2,451,2,602
evaluation__425__deblur__boundary_probe__nes__l1,1021,49,4,595,2,727
evaluation__425__deblur__counterfactual__nes__l1,1021,48,2,641,2,798
evaluation__5315__denoise__attack__nes__l0.5,1021,48,6,526,5,667
evaluation__5315__denoise__restore__nes__l0.5,1021,48,7,482,7,648
evaluation__5315__denoise__random_walk__random_walk__l0.5,1024,50,2,1023,2,1023
evaluation__5315__denoise__confidence_boost__nes__l0.5,1021,48,6,526,2,695
evaluation__5315__denoise__boundary_probe__nes__l0.5,1021,49,3,679,3,823
evaluation__5315__denoise__counterfactual__nes__l0.5,1021,48,6,578,6,746
evaluation__5315__deblur__attack__nes__l1,1021,48,3,454,3,617
evaluation__5315__deblur__restore__nes__l1,1021,48,3,574,3,703
evaluation__5315__deblur__random_walk__random_walk__l1,1024,49,2,1023,2,1023
evaluation__5315__deblur__confidence_boost__nes__l1,1021,47,5,449,5,616
evaluation__5315__deblur__boundary_probe__nes__l1,1021,49,2,430,2,583
evaluation__5315__deblur__counterfactual__nes__l1,1021,47,2,503,2,659
evaluation__7642__denoise__attack__nes__l0.5,1021,48,11,443,8,580
evaluation__7642__denoise__restore__nes__l0.5,1021,49,7,507,7,656
evaluation__7642__denoise__random_walk__random_walk__l0.5,1024,49,2,1023,2,1023
evaluation__7642__denoise__confidence_boost__nes__l0.5,1021,48,4,539,4,711
evaluation__7642__denoise__boundary_probe__nes__l0.5,1021,49,8,526,5,686
evaluation__7642__denoise__counterfactual__nes__l0.5,1021,48,18,516,6,657
evaluation__7642__deblur__attack__nes__l1,1021,48,2,643,2,776
evaluation__7642__deblur__restore__nes__l1,1021,47,2,381,2,530
evaluation__7642__deblur__random_walk__random_walk__l1,1024,49,2,1023,2,1023
evaluation__7642__deblur__confidence_boost__nes__l1,1021,47,4,457,4,602
evaluation__7642__deblur__boundary_probe__nes__l1,1021,49,5,425,3,572
evaluation__7642__deblur__counterfactual__nes__l1,1021,49,2,690,2,820
evaluation__9247__denoise__attack__nes__l0.5,1021,48,13,492,4,618
evaluation__9247__denoise__restore__nes__l0.5,1021,49,5,456,4,619
evaluation__9247__denoise__random_walk__random_walk__l0.5,1024,49,2,1023,2,1023
evaluation__9247__denoise__confidence_boost__nes__l0.5,1021,48,10,275,10,389
evaluation__9247__denoise__boundary_probe__nes__l0.5,1021,49,9,309,7,416
evaluation__9247__denoise__counterfactual__nes__l0.5,1021,48,3,340,3,470
evaluation__9247__deblur__attack__nes__l1,1021,48,7,556,4,698
evaluation__9247__deblur__restore__nes__l1,1021,48,5,426,5,566
evaluation__9247__deblur__random_walk__random_walk__l1,1024,49,2,1023,2,1023
evaluation__9247__deblur__confidence_boost__nes__l1,1021,48,2,653,2,765
evaluation__9247__deblur__boundary_probe__nes__l1,1021,49,4,497,4,626
evaluation__9247__deblur__counterfactual__nes__l1,1021,49,5,377,5,525
fit__4123__denoise__attack__nes__l0.5,1021,49,5,189,5,292
fit__4123__denoise__restore__nes__l0.5,1021,47,6,267,4,389
fit__4123__denoise__random_walk__random_walk__l0.5,1024,49,2,1023,2,1023
fit__4123__denoise__confidence_boost__nes__l0.5,1021,49,5,260,5,369
fit__4123__denoise__boundary_probe__nes__l0.5,1021,48,2,299,2,420
fit__4123__denoise__counterfactual__nes__l0.5,1021,48,2,421,2,564
fit__4123__deblur__attack__nes__l1,1021,47,18,300,8,438
fit__4123__deblur__restore__nes__l1,1021,50,18,276,18,408
fit__4123__deblur__random_walk__random_walk__l1,1024,49,2,1023,2,1023
fit__4123__deblur__confidence_boost__nes__l1,1021,48,18,457,18,600
fit__4123__deblur__boundary_probe__nes__l1,1021,48,18,382,18,506
fit__4123__deblur__counterfactual__nes__l1,1021,47,18,263,18,397
fit__1187__denoise__attack__nes__l0.5,1021,48,6,413,6,531
fit__1187__denoise__restore__nes__l0.5,1021,48,18,182,2,304
fit__1187__denoise__random_walk__random_walk__l0.5,1024,49,2,1023,2,1023
fit__1187__denoise__confidence_boost__nes__l0.5,1021,49,15,353,15,490
fit__1187__denoise__boundary_probe__nes__l0.5,1021,48,16,233,16,351
fit__1187__denoise__counterfactual__nes__l0.5,1021,49,18,330,18,447
fit__1187__deblur__attack__nes__l1,1021,48,2,448,2,591
fit__1187__deblur__restore__nes__l1,1021,47,2,446,2,588
fit__1187__deblur__random_walk__random_walk__l1,1024,50,2,1023,2,1023
fit__1187__deblur__confidence_boost__nes__l1,1021,48,4,542,2,695
fit__1187__deblur__boundary_probe__nes__l1,1021,48,2,487,2,648
fit__1187__deblur__counterfactual__nes__l1,1021,47,2,368,2,527
fit__7166__denoise__attack__nes__l0.5,1021,49,7,391,6,552
fit__7166__denoise__restore__nes__l0.5,1021,48,18,360,2,491
fit__7166__denoise__random_walk__random_walk__l0.5,1024,49,2,1023,2,1023
fit__7166__denoise__confidence_boost__nes__l0.5,1021,48,15,404,8,548
fit__7166__denoise__boundary_probe__nes__l0.5,1021,48,8,366,8,515
fit__7166__denoise__counterfactual__nes__l0.5,1021,49,2,298,2,429
fit__7166__deblur__attack__nes__l1,1021,49,18,108,18,170
fit__7166__deblur__restore__nes__l1,1021,48,18,116,18,168
fit__7166__deblur__random_walk__random_walk__l1,1024,50,2,1023,2,1023
fit__7166__deblur__confidence_boost__nes__l1,1021,47,18,100,18,131
fit__7166__deblur__boundary_probe__nes__l1,1021,48,18,147,18,221
fit__7166__deblur__counterfactual__nes__l1,1021,48,18,113,18,162
fit__2695__denoise__attack__nes__l0.5,1021,48,4,336,4,482
fit__2695__denoise__restore__nes__l0.5,1021,49,18,388,10,526
fit__2695__denoise__random_walk__random_walk__l0.5,1024,49,2,1023,2,1023
fit__2695__denoise__confidence_boost__nes__l0.5,1021,48,18,480,4,637
fit__2695__denoise__boundary_probe__nes__l0.5,1021,50,2,459,2,613
fit__2695__denoise__counterfactual__nes__l0.5,1021,48,18,313,18,456
fit__2695__deblur__attack__nes__l1,1021,49,10,840,3,923
fit__2695__deblur__restore__nes__l1,1021,48,2,667,2,804
fit__2695__deblur__random_walk__random_walk__l1,1024,49,2,1023,2,1023
fit__2695__deblur__confidence_boost__nes__l1,1021,49,5,844,3,932
fit__2695__deblur__boundary_probe__nes__l1,1021,49,3,826,3,918
fit__2695__deblur__counterfactual__nes__l1,1021,48,2,731,2,851
fit__9171__denoise__attack__nes__l0.5,1021,48,2,694,2,834
fit__9171__denoise__restore__nes__l0.5,1021,49,10,656,10,788
fit__9171__denoise__random_walk__random_walk__l0.5,1024,50,2,1023,2,1023
fit__9171__denoise__confidence_boost__nes__l0.5,1021,48,14,684,10,806
fit__9171__denoise__boundary_probe__nes__l0.5,1021,49,4,696,4,820
fit__9171__denoise__counterfactual__nes__l0.5,1021,48,2,729,2,848
fit__9171__deblur__attack__nes__l1,1021,48,18,397,3,541
fit__9171__deblur__restore__nes__l1,1021,49,9,540,9,667
fit__9171__deblur__random_walk__random_walk__l1,1024,49,2,1023,2,1023
fit__9171__deblur__confidence_boost__nes__l1,1021,48,2,491,2,644
fit__9171__deblur__boundary_probe__nes__l1,1021,48,12,395,12,506
fit__9171__deblur__counterfactual__nes__l1,1021,48,18,461,5,612
fit__3628__denoise__attack__nes__l0.5,1021,47,18,226,18,370
fit__3628__denoise__restore__nes__l0.5,1021,48,16,349,15,520
fit__3628__denoise__random_walk__random_walk__l0.5,1024,49,2,1023,2,1023
fit__3628__denoise__confidence_boost__nes__l0.5,1021,48,11,398,11,535
fit__3628__denoise__boundary_probe__nes__l0.5,1021,47,3,351,3,493
fit__3628__denoise__counterfactual__nes__l0.5,1021,48,18,307,10,443
fit__3628__deblur__attack__nes__l1,1021,49,5,440,5,570
fit__3628__deblur__restore__nes__l1,1021,49,9,373,9,515
fit__3628__deblur__random_walk__random_walk__l1,1024,50,2,1023,2,1023
fit__3628__deblur__confidence_boost__nes__l1,1021,47,5,432,5,569
fit__3628__deblur__boundary_probe__nes__l1,1021,47,3,440,3,583
fit__3628__deblur__counterfactual__nes__l1,1021,49,3,241,3,337
fit__1526__denoise__attack__nes__l0.5,1021,48,4,526,4,683
fit__1526__denoise__restore__nes__l0.5,1021,47,2,619,2,781
fit__1526__denoise__random_walk__random_walk__l0.5,1024,49,2,1023,2,1023
fit__1526__denoise__confidence_boost__nes__l0.5,1021,49,5,644,5,777
fit__1526__denoise__boundary_probe__nes__l0.5,1021,49,2,468,2,628
fit__1526__denoise__counterfactual__nes__l0.5,1021,47,5,474,2,638
fit__1526__deblur__attack__nes__l1,1021,48,7,410,6,576
fit__1526__deblur__restore__nes__l1,1021,48,12,349,4,493
fit__1526__deblur__random_walk__random_walk__l1,1024,49,2,1023,2,1023
fit__1526__deblur__confidence_boost__nes__l1,1021,49,8,361,8,505
fit__1526__deblur__boundary_probe__nes__l1,1021,47,3,470,3,638
fit__1526__deblur__counterfactual__nes__l1,1021,47,11,492,11,632
fit__3507__denoise__attack__nes__l0.5,1021,49,2,432,2,566
fit__3507__denoise__restore__nes__l0.5,1021,49,2,547,2,674
fit__3507__denoise__random_walk__random_walk__l0.5,1024,49,2,1023,2,1023
fit__3507__denoise__confidence_boost__nes__l0.5,1021,47,3,453,3,613
fit__3507__denoise__boundary_probe__nes__l0.5,1021,49,2,612,2,761
fit__3507__denoise__counterfactual__nes__l0.5,1021,49,4,502,4,653
fit__3507__deblur__attack__nes__l1,1021,48,4,455,4,600
fit__3507__deblur__restore__nes__l1,1021,48,8,381,7,526
fit__3507__deblur__random_walk__random_walk__l1,1024,50,2,1023,2,1023
fit__3507__deblur__confidence_boost__nes__l1,1021,48,6,266,2,394
fit__3507__deblur__boundary_probe__nes__l1,1021,49,10,461,10,609
fit__3507__deblur__counterfactual__nes__l1,1021,49,2,463,2,623
fit__4259__denoise__attack__nes__l0.5,1021,48,4,312,4,449
fit__4259__denoise__restore__nes__l0.5,1021,48,8,343,8,485
fit__4259__denoise__random_walk__random_walk__l0.5,1024,49,2,1023,2,1023
fit__4259__denoise__confidence_boost__nes__l0.5,1021,48,5,274,5,388
fit__4259__denoise__boundary_probe__nes__l0.5,1021,48,4,405,4,545
fit__4259__denoise__counterfactual__nes__l0.5,1021,47,3,474,3,611
fit__4259__deblur__attack__nes__l1,1021,49,3,795,3,875
fit__4259__deblur__restore__nes__l1,1021,49,2,557,2,708
fit__4259__deblur__random_walk__random_walk__l1,1024,49,2,1023,2,1023
fit__4259__deblur__confidence_boost__nes__l1,1021,48,2,690,2,803
fit__4259__deblur__boundary_probe__nes__l1,1021,49,4,625,2,765
fit__4259__deblur__counterfactual__nes__l1,1021,49,7,657,2,790
fit__9146__denoise__attack__nes__l0.5,1021,48,2,801,2,912
fit__9146__denoise__restore__nes__l0.5,1021,49,4,698,3,813
fit__9146__denoise__random_walk__random_walk__l0.5,1024,50,2,1023,2,1023
fit__9146__denoise__confidence_boost__nes__l0.5,1021,48,2,844,2,928
fit__9146__denoise__boundary_probe__nes__l0.5,1021,49,9,652,3,802
fit__9146__denoise__counterfactual__nes__l0.5,1021,49,2,843,2,918
fit__9146__deblur__attack__nes__l1,1021,48,18,118,18,171
fit__9146__deblur__restore__nes__l1,1021,48,14,167,14,245
fit__9146__deblur__random_walk__random_walk__l1,1024,49,2,1023,2,1023
fit__9146__deblur__confidence_boost__nes__l1,1021,47,18,182,2,280
fit__9146__deblur__boundary_probe__nes__l1,1021,48,18,443,6,580
fit__9146__deblur__counterfactual__nes__l1,1021,47,18,149,6,221
fit__4668__denoise__attack__nes__l0.5,1021,48,3,223,3,326
fit__4668__denoise__restore__nes__l0.5,1021,48,13,322,13,437
fit__4668__denoise__random_walk__random_walk__l0.5,1024,49,2,1023,2,1023
fit__4668__denoise__confidence_boost__nes__l0.5,1021,48,2,265,2,387
fit__4668__denoise__boundary_probe__nes__l0.5,1021,49,5,332,5,451
fit__4668__denoise__counterfactual__nes__l0.5,1021,49,6,249,6,368
fit__4668__deblur__attack__nes__l1,1021,48,15,492,15,620
fit__4668__deblur__restore__nes__l1,1021,48,14,454,14,602
fit__4668__deblur__random_walk__random_walk__l1,1024,49,2,1023,2,1023
fit__4668__deblur__confidence_boost__nes__l1,1021,48,18,203,10,323
fit__4668__deblur__boundary_probe__nes__l1,1021,49,4,318,4,461
fit__4668__deblur__counterfactual__nes__l1,1021,47,18,394,3,520
fit__743__denoise__attack__nes__l0.5,1021,47,10,296,10,399
fit__743__denoise__restore__nes__l0.5,1021,48,18,151,18,210
fit__743__denoise__random_walk__random_walk__l0.5,1024,49,2,1023,2,1023
fit__743__denoise__confidence_boost__nes__l0.5,1021,47,18,136,18,213
fit__743__denoise__boundary_probe__nes__l0.5,1021,48,4,246,4,345
fit__743__denoise__counterfactual__nes__l0.5,1021,47,7,160,7,228
fit__743__deblur__attack__nes__l1,1021,48,13,474,9,596
fit__743__deblur__restore__nes__l1,1021,48,3,412,3,557
fit__743__deblur__random_walk__random_walk__l1,1024,49,2,1023,2,1023
fit__743__deblur__confidence_boost__nes__l1,1021,49,2,564,2,720
fit__743__deblur__boundary_probe__nes__l1,1021,47,7,545,4,670
fit__743__deblur__counterfactual__nes__l1,1021,48,2,597,2,746
fit__5929__denoise__attack__nes__l0.5,1021,49,8,423,3,594
fit__5929__denoise__restore__nes__l0.5,1021,48,9,202,9,307
fit__5929__denoise__random_walk__random_walk__l0.5,1024,49,2,1023,2,1023
fit__5929__denoise__confidence_boost__nes__l0.5,1021,49,5,362,5,484
fit__5929__denoise__boundary_probe__nes__l0.5,1021,47,4,401,4,547
fit__5929__denoise__counterfactual__nes__l0.5,1021,48,7,371,5,517
fit__5929__deblur__attack__nes__l1,1021,48,7,397,7,554
fit__5929__deblur__restore__nes__l1,1021,48,4,234,4,351
fit__5929__deblur__random_walk__random_walk__l1,1024,50,2,1023,2,1023
fit__5929__deblur__confidence_boost__nes__l1,1021,47,4,278,4,394
fit__5929__deblur__boundary_probe__nes__l1,1021,48,7,295,7,439
fit__5929__deblur__counterfactual__nes__l1,1021,50,3,311,3,446
fit__2021__denoise__attack__nes__l0.5,1021,48,4,344,2,470
fit__2021__denoise__restore__nes__l0.5,1021,48,15,391,15,515
fit__2021__denoise__random_walk__random_walk__l0.5,1024,49,2,1023,2,1023
fit__2021__denoise__confidence_boost__nes__l0.5,1021,47,7,257,5,354
fit__2021__denoise__boundary_probe__nes__l0.5,1021,49,6,294,6,419
fit__2021__denoise__counterfactual__nes__l0.5,1021,48,11,455,11,613
fit__2021__deblur__attack__nes__l1,1021,48,12,354,6,471
fit__2021__deblur__restore__nes__l1,1021,47,7,313,7,461
fit__2021__deblur__random_walk__random_walk__l1,1024,49,2,1023,2,1023
fit__2021__deblur__confidence_boost__nes__l1,1021,49,4,607,4,735
fit__2021__deblur__boundary_probe__nes__l1,1021,47,5,457,5,621
fit__2021__deblur__counterfactual__nes__l1,1021,47,2,413,2,553
fit__8256__denoise__attack__nes__l0.5,1021,48,7,600,7,736
fit__8256__denoise__restore__nes__l0.5,1021,49,2,614,2,765
fit__8256__denoise__random_walk__random_walk__l0.5,1024,50,2,1023,2,1023
fit__8256__denoise__confidence_boost__nes__l0.5,1021,49,3,647,2,776
fit__8256__denoise__boundary_probe__nes__l0.5,1021,48,5,682,5,813
fit__8256__denoise__counterfactual__nes__l0.5,1021,49,2,723,2,839
fit__8256__deblur__attack__nes__l1,1021,49,6,709,3,813
fit__8256__deblur__restore__nes__l1,1021,48,8,538,4,711
fit__8256__deblur__random_walk__random_walk__l1,1024,50,2,1023,2,1023
fit__8256__deblur__confidence_boost__nes__l1,1021,49,5,591,5,750
fit__8256__deblur__boundary_probe__nes__l1,1021,49,4,538,4,685
fit__8256__deblur__counterfactual__nes__l1,1021,49,11,664,2,794
fit__4336__denoise__attack__nes__l0.5,1021,48,13,359,13,501
fit__4336__denoise__restore__nes__l0.5,1021,47,12,316,12,471
fit__4336__denoise__random_walk__random_walk__l0.5,1024,50,2,1023,2,1023
fit__4336__denoise__confidence_boost__nes__l0.5,1021,48,6,415,6,544
fit__4336__denoise__boundary_probe__nes__l0.5,1021,48,6,427,2,576
fit__4336__denoise__counterfactual__nes__l0.5,1021,47,4,309,4,437
fit__4336__deblur__attack__nes__l1,1021,48,2,479,2,607
fit__4336__deblur__restore__nes__l1,1021,49,3,646,2,783
fit__4336__deblur__random_walk__random_walk__l1,1024,50,2,1023,2,1023
fit__4336__deblur__confidence_boost__nes__l1,1021,48,4,704,3,844
fit__4336__deblur__boundary_probe__nes__l1,1021,48,4,585,4,734
fit__4336__deblur__counterfactual__nes__l1,1021,48,3,554,3,728
calibration__3421__denoise__attack__nes__l0.5,1021,48,3,927,3,974
calibration__3421__denoise__restore__nes__l0.5,1021,49,2,813,2,909
calibration__3421__denoise__random_walk__random_walk__l0.5,1024,50,2,1023,2,1023
calibration__3421__denoise__confidence_boost__nes__l0.5,1021,48,2,932,2,973
calibration__3421__denoise__boundary_probe__nes__l0.5,1021,49,2,929,2,977
calibration__3421__denoise__counterfactual__nes__l0.5,1021,49,2,892,2,961
calibration__3421__deblur__attack__nes__l1,1021,48,3,358,3,503
calibration__3421__deblur__restore__nes__l1,1021,49,12,346,12,488
calibration__3421__deblur__random_walk__random_walk__l1,1024,49,2,1023,2,1023
calibration__3421__deblur__confidence_boost__nes__l1,1021,48,8,364,8,493
calibration__3421__deblur__boundary_probe__nes__l1,1021,50,8,316,8,440
calibration__3421__deblur__counterfactual__nes__l1,1021,47,13,187,13,266
calibration__738__denoise__attack__nes__l0.5,1021,48,18,311,4,434
calibration__738__denoise__restore__nes__l0.5,1021,48,4,341,4,481
calibration__738__denoise__random_walk__random_walk__l0.5,1024,49,2,1023,2,1023
calibration__738__denoise__confidence_boost__nes__l0.5,1021,48,4,387,4,519
calibration__738__denoise__boundary_probe__nes__l0.5,1021,49,2,376,2,526
calibration__738__denoise__counterfactual__nes__l0.5,1021,48,5,422,5,564
calibration__738__deblur__attack__nes__l1,1021,49,18,174,18,252
calibration__738__deblur__restore__nes__l1,1021,47,18,228,18,330
calibration__738__deblur__random_walk__random_walk__l1,1024,50,2,1023,2,1023
calibration__738__deblur__confidence_boost__nes__l1,1021,48,18,394,18,532
calibration__738__deblur__boundary_probe__nes__l1,1021,48,18,296,14,411
calibration__738__deblur__counterfactual__nes__l1,1021,47,18,222,18,342
calibration__6417__denoise__attack__nes__l0.5,1021,48,11,218,11,327
calibration__6417__denoise__restore__nes__l0.5,1021,49,7,219,4,330
calibration__6417__denoise__random_walk__random_walk__l0.5,1024,49,2,1023,2,1023
calibration__6417__denoise__confidence_boost__nes__l0.5,1021,48,3,292,3,421
calibration__6417__denoise__boundary_probe__nes__l0.5,1021,47,16,280,3,409
calibration__6417__denoise__counterfactual__nes__l0.5,1021,47,6,199,2,291
calibration__6417__deblur__attack__nes__l1,1021,49,7,492,7,638
calibration__6417__deblur__restore__nes__l1,1021,47,3,380,3,526
calibration__6417__deblur__random_walk__random_walk__l1,1024,49,2,1023,2,1023
calibration__6417__deblur__confidence_boost__nes__l1,1021,48,9,382,9,520
calibration__6417__deblur__boundary_probe__nes__l1,1021,49,2,407,2,555
calibration__6417__deblur__counterfactual__nes__l1,1021,48,9,312,8,453
calibration__2985__denoise__attack__nes__l0.5,1021,49,5,441,4,582
calibration__2985__denoise__restore__nes__l0.5,1021,48,3,509,2,669
calibration__2985__denoise__random_walk__random_walk__l0.5,1024,49,2,1023,2,1023
calibration__2985__denoise__confidence_boost__nes__l0.5,1021,48,2,609,2,743
calibration__2985__denoise__boundary_probe__nes__l0.5,1021,49,2,353,2,483
calibration__2985__denoise__counterfactual__nes__l0.5,1021,48,10,409,10,533
calibration__2985__deblur__attack__nes__l1,1021,47,4,613,4,770
calibration__2985__deblur__restore__nes__l1,1021,49,3,494,3,633
calibration__2985__deblur__random_walk__random_walk__l1,1024,49,2,1023,2,1023
calibration__2985__deblur__confidence_boost__nes__l1,1021,48,3,378,3,516
calibration__2985__deblur__boundary_probe__nes__l1,1021,48,6,476,2,636
calibration__2985__deblur__counterfactual__nes__l1,1021,48,6,552,5,697
calibration__9917__denoise__attack__nes__l0.5,1021,48,18,561,18,695
calibration__9917__denoise__restore__nes__l0.5,1021,48,13,402,13,535
calibration__9917__denoise__random_walk__random_walk__l0.5,1024,50,2,1023,2,1023
calibration__9917__denoise__confidence_boost__nes__l0.5,1021,47,4,287,4,419
calibration__9917__denoise__boundary_probe__nes__l0.5,1021,48,18,320,4,429
calibration__9917__denoise__counterfactual__nes__l0.5,1021,48,3,481,3,638
calibration__9917__deblur__attack__nes__l1,1021,49,7,336,7,431
calibration__9917__deblur__restore__nes__l1,1021,48,5,304,5,414
calibration__9917__deblur__random_walk__random_walk__l1,1024,50,2,1023,2,1023
calibration__9917__deblur__confidence_boost__nes__l1,1021,48,5,313,5,419
calibration__9917__deblur__boundary_probe__nes__l1,1021,49,8,486,5,627
calibration__9917__deblur__counterfactual__nes__l1,1021,48,2,395,2,521
calibration__6769__denoise__attack__nes__l0.5,1021,49,4,708,4,820
calibration__6769__denoise__restore__nes__l0.5,1021,49,2,668,2,789
calibration__6769__denoise__random_walk__random_walk__l0.5,1024,49,2,1023,2,1023
calibration__6769__denoise__confidence_boost__nes__l0.5,1021,48,3,767,3,863
calibration__6769__denoise__boundary_probe__nes__l0.5,1021,49,2,695,2,832
calibration__6769__denoise__counterfactual__nes__l0.5,1021,48,4,710,4,824
calibration__6769__deblur__attack__nes__l1,1021,47,18,370,10,494
calibration__6769__deblur__restore__nes__l1,1021,48,18,462,3,624
calibration__6769__deblur__random_walk__random_walk__l1,1024,49,2,1023,2,1023
calibration__6769__deblur__confidence_boost__nes__l1,1021,48,3,347,3,485
calibration__6769__deblur__boundary_probe__nes__l1,1021,50,12,352,6,490
calibration__6769__deblur__counterfactual__nes__l1,1021,48,11,267,11,396
calibration__807__denoise__attack__nes__l0.5,1021,47,8,796,8,893
calibration__807__denoise__restore__nes__l0.5,1021,48,3,767,3,871
calibration__807__denoise__random_walk__random_walk__l0.5,1024,50,2,1023,2,1023
calibration__807__denoise__confidence_boost__nes__l0.5,1021,48,3,680,3,822
calibration__807__denoise__boundary_probe__nes__l0.5,1021,49,3,824,3,902
calibration__807__denoise__counterfactual__nes__l0.5,1021,49,9,855,6,926
calibration__807__deblur__attack__nes__l1,1021,47,6,252,6,366
calibration__807__deblur__restore__nes__l1,1021,49,18,280,11,376
calibration__807__deblur__random_walk__random_walk__l1,1024,49,2,1023,2,1023
calibration__807__deblur__confidence_boost__nes__l1,1021,49,2,195,2,275
calibration__807__deblur__boundary_probe__nes__l1,1021,49,7,391,7,520
calibration__807__deblur__counterfactual__nes__l1,1021,48,3,371,3,520
calibration__7422__denoise__attack__nes__l0.5,1021,49,2,530,2,684
calibration__7422__denoise__restore__nes__l0.5,1021,49,4,604,4,761
calibration__7422__denoise__random_walk__random_walk__l0.5,1024,49,2,1023,2,1023
calibration__7422__denoise__confidence_boost__nes__l0.5,1021,48,10,597,4,735
calibration__7422__denoise__boundary_probe__nes__l0.5,1021,48,2,665,2,800
calibration__7422__denoise__counterfactual__nes__l0.5,1021,49,2,489,2,650
calibration__7422__deblur__attack__nes__l1,1021,49,18,217,18,308
calibration__7422__deblur__restore__nes__l1,1021,48,11,225,11,314
calibration__7422__deblur__random_walk__random_walk__l1,1024,49,2,1023,2,1023
calibration__7422__deblur__confidence_boost__nes__l1,1021,49,18,322,18,440
calibration__7422__deblur__boundary_probe__nes__l1,1021,47,18,171,18,285
calibration__7422__deblur__counterfactual__nes__l1,1021,47,8,251,8,377
calibration__1908__denoise__attack__nes__l0.5,1021,47,9,389,8,530
calibration__1908__denoise__restore__nes__l0.5,1021,49,4,434,4,584
calibration__1908__denoise__random_walk__random_walk__l0.5,1024,50,2,1023,2,1023
calibration__1908__denoise__confidence_boost__nes__l0.5,1021,49,8,553,5,711
calibration__1908__denoise__boundary_probe__nes__l0.5,1021,49,5,598,3,735
calibration__1908__denoise__counterfactual__nes__l0.5,1021,48,3,651,3,770
calibration__1908__deblur__attack__nes__l1,1021,48,4,178,4,260
calibration__1908__deblur__restore__nes__l1,1021,48,18,365,10,492
calibration__1908__deblur__random_walk__random_walk__l1,1024,50,2,1023,2,1023
calibration__1908__deblur__confidence_boost__nes__l1,1021,47,6,203,6,292
calibration__1908__deblur__boundary_probe__nes__l1,1021,48,18,487,18,615
calibration__1908__deblur__counterfactual__nes__l1,1021,48,4,326,4,443
calibration__9640__denoise__attack__nes__l0.5,1021,49,9,357,5,484
calibration__9640__denoise__restore__nes__l0.5,1021,49,3,403,3,532
calibration__9640__denoise__random_walk__random_walk__l0.5,1024,49,2,1023,2,1023
calibration__9640__denoise__confidence_boost__nes__l0.5,1021,47,18,478,18,611
calibration__9640__denoise__boundary_probe__nes__l0.5,1021,49,10,288,3,413
calibration__9640__denoise__counterfactual__nes__l0.5,1021,47,8,329,4,445
calibration__9640__deblur__attack__nes__l1,1021,48,3,478,2,615
calibration__9640__deblur__restore__nes__l1,1021,48,16,518,14,650
calibration__9640__deblur__random_walk__random_walk__l1,1024,49,2,1023,2,1023
calibration__9640__deblur__confidence_boost__nes__l1,1021,48,7,487,4,650
calibration__9640__deblur__boundary_probe__nes__l1,1021,48,3,453,3,605
calibration__9640__deblur__counterfactual__nes__l1,1021,48,11,352,8,522
calibration__6803__denoise__attack__nes__l0.5,1021,48,9,326,9,463
calibration__6803__denoise__restore__nes__l0.5,1021,48,3,469,3,618
calibration__6803__denoise__random_walk__random_walk__l0.5,1024,49,2,1023,2,1023
calibration__6803__denoise__confidence_boost__nes__l0.5,1021,49,5,404,5,563
calibration__6803__denoise__boundary_probe__nes__l0.5,1021,48,7,208,7,325
calibration__6803__denoise__counterfactual__nes__l0.5,1021,48,2,275,2,381
calibration__6803__deblur__attack__nes__l1,1021,47,18,282,18,407
calibration__6803__deblur__restore__nes__l1,1021,48,16,168,12,250
calibration__6803__deblur__random_walk__random_walk__l1,1024,49,2,1023,2,1023
calibration__6803__deblur__confidence_boost__nes__l1,1021,48,17,423,10,582
calibration__6803__deblur__boundary_probe__nes__l1,1021,47,18,265,18,390
calibration__6803__deblur__counterfactual__nes__l1,1021,47,18,151,11,225
calibration__99__denoise__attack__nes__l0.5,1021,48,7,205,7,291
calibration__99__denoise__restore__nes__l0.5,1021,47,8,217,8,333
calibration__99__denoise__random_walk__random_walk__l0.5,1024,50,2,1023,2,1023
calibration__99__denoise__confidence_boost__nes__l0.5,1021,48,14,296,5,430
calibration__99__denoise__boundary_probe__nes__l0.5,1021,48,9,384,8,506
calibration__99__denoise__counterfactual__nes__l0.5,1021,47,18,374,13,496
calibration__99__deblur__attack__nes__l1,1021,46,3,419,3,558
calibration__99__deblur__restore__nes__l1,1021,48,2,379,2,536
calibration__99__deblur__random_walk__random_walk__l1,1024,49,2,1023,2,1023
calibration__99__deblur__confidence_boost__nes__l1,1021,47,4,599,4,759
calibration__99__deblur__boundary_probe__nes__l1,1021,47,14,355,9,511
calibration__99__deblur__counterfactual__nes__l1,1021,49,7,408,4,558
calibration__5811__denoise__attack__nes__l0.5,1021,48,3,694,3,813
calibration__5811__denoise__restore__nes__l0.5,1021,49,6,621,3,779
calibration__5811__denoise__random_walk__random_walk__l0.5,1024,49,2,1023,2,1023
calibration__5811__denoise__confidence_boost__nes__l0.5,1021,49,3,641,3,786
calibration__5811__denoise__boundary_probe__nes__l0.5,1021,49,2,690,2,824
calibration__5811__denoise__counterfactual__nes__l0.5,1021,49,3,651,2,780
calibration__5811__deblur__attack__nes__l1,1021,50,2,619,2,761
calibration__5811__deblur__restore__nes__l1,1021,49,2,669,2,792
calibration__5811__deblur__random_walk__random_walk__l1,1024,49,2,1023,2,1023
calibration__5811__deblur__confidence_boost__nes__l1,1021,48,3,627,3,741
calibration__5811__deblur__boundary_probe__nes__l1,1021,49,2,614,2,738
calibration__5811__deblur__counterfactual__nes__l1,1021,49,3,600,2,750
calibration__3803__denoise__attack__nes__l0.5,1021,48,3,737,3,842
calibration__3803__denoise__restore__nes__l0.5,1021,49,5,784,5,880
calibration__3803__denoise__random_walk__random_walk__l0.5,1024,49,2,1023,2,1023
calibration__3803__denoise__confidence_boost__nes__l0.5,1021,48,3,786,3,896
calibration__3803__denoise__boundary_probe__nes__l0.5,1021,49,3,626,3,774
calibration__3803__denoise__counterfactual__nes__l0.5,1021,49,4,515,4,673
calibration__3803__deblur__attack__nes__l1,1021,48,7,517,4,676
calibration__3803__deblur__restore__nes__l1,1021,48,4,574,3,749
calibration__3803__deblur__random_walk__random_walk__l1,1024,49,2,1023,2,1023
calibration__3803__deblur__confidence_boost__nes__l1,1021,49,3,538,3,704
calibration__3803__deblur__boundary_probe__nes__l1,1021,49,6,405,5,532
calibration__3803__deblur__counterfactual__nes__l1,1021,49,2,561,2,704
calibration__7030__denoise__attack__nes__l0.5,1021,47,18,181,2,270
calibration__7030__denoise__restore__nes__l0.5,1021,47,13,193,13,289
calibration__7030__denoise__random_walk__random_walk__l0.5,1024,49,2,1023,2,1023
calibration__7030__denoise__confidence_boost__nes__l0.5,1021,48,2,146,2,209
calibration__7030__denoise__boundary_probe__nes__l0.5,1021,49,18,160,18,256
calibration__7030__denoise__counterfactual__nes__l0.5,1021,48,18,217,18,318
calibration__7030__deblur__attack__nes__l1,1021,49,11,559,4,720
calibration__7030__deblur__restore__nes__l1,1021,48,3,477,3,617
calibration__7030__deblur__random_walk__random_walk__l1,1024,49,2,1023,2,1023
calibration__7030__deblur__confidence_boost__nes__l1,1021,48,6,357,6,507
calibration__7030__deblur__boundary_probe__nes__l1,1021,49,5,642,4,788
calibration__7030__deblur__counterfactual__nes__l1,1021,46,2,314,2,454
calibration__5945__denoise__attack__nes__l0.5,1021,49,5,579,4,705
calibration__5945__denoise__restore__nes__l0.5,1021,50,2,409,2,545
calibration__5945__denoise__random_walk__random_walk__l0.5,1024,49,2,1023,2,1023
calibration__5945__denoise__confidence_boost__nes__l0.5,1021,48,18,364,4,490
calibration__5945__denoise__boundary_probe__nes__l0.5,1021,47,6,327,4,452
calibration__5945__denoise__counterfactual__nes__l0.5,1021,49,2,474,2,620
calibration__5945__deblur__attack__nes__l1,1021,48,3,581,2,731
calibration__5945__deblur__restore__nes__l1,1021,48,11,495,11,613
calibration__5945__deblur__random_walk__random_walk__l1,1024,49,2,1023,2,1023
calibration__5945__deblur__confidence_boost__nes__l1,1021,48,3,658,3,778
calibration__5945__deblur__boundary_probe__nes__l1,1021,48,2,619,2,767
calibration__5945__deblur__counterfactual__nes__l1,1021,49,3,443,2,607
evaluation__791__denoise__attack__nes__l0.5,1021,48,9,401,9,565
evaluation__791__denoise__restore__nes__l0.5,1021,49,9,387,9,536
evaluation__791__denoise__random_walk__random_walk__l0.5,1024,49,2,1023,2,1023
evaluation__791__denoise__confidence_boost__nes__l0.5,1021,47,8,336,8,464
evaluation__791__denoise__boundary_probe__nes__l0.5,1021,48,18,389,17,521
evaluation__791__denoise__counterfactual__nes__l0.5,1021,48,12,436,4,566
evaluation__791__deblur__attack__nes__l1,1021,48,6,334,6,465
evaluation__791__deblur__restore__nes__l1,1021,47,4,315,4,434
evaluation__791__deblur__random_walk__random_walk__l1,1024,49,2,1023,2,1023
evaluation__791__deblur__confidence_boost__nes__l1,1021,49,2,310,2,432
evaluation__791__deblur__boundary_probe__nes__l1,1021,48,5,424,5,564
evaluation__791__deblur__counterfactual__nes__l1,1021,48,3,301,3,403
evaluation__5857__denoise__attack__nes__l0.5,1021,48,7,509,7,655
evaluation__5857__denoise__restore__nes__l0.5,1021,48,3,553,2,681
evaluation__5857__denoise__random_walk__random_walk__l0.5,1024,49,2,1023,2,1023
evaluation__5857__denoise__confidence_boost__nes__l0.5,1021,48,2,483,2,617
evaluation__5857__denoise__boundary_probe__nes__l0.5,1021,47,2,352,2,511
evaluation__5857__denoise__counterfactual__nes__l0.5,1021,48,2,597,2,727
evaluation__5857__deblur__attack__nes__l1,1021,49,10,423,8,547
evaluation__5857__deblur__restore__nes__l1,1021,49,14,346,2,463
evaluation__5857__deblur__random_walk__random_walk__l1,1024,50,2,1023,2,1023
evaluation__5857__deblur__confidence_boost__nes__l1,1021,48,18,323,8,451
evaluation__5857__deblur__boundary_probe__nes__l1,1021,47,4,423,4,555
evaluation__5857__deblur__counterfactual__nes__l1,1021,49,2,422,2,551
evaluation__8031__denoise__attack__nes__l0.5,1021,47,2,490,2,643
evaluation__8031__denoise__restore__nes__l0.5,1021,49,6,560,6,710
evaluation__8031__denoise__random_walk__random_walk__l0.5,1024,49,2,1023,2,1023
evaluation__8031__denoise__confidence_boost__nes__l0.5,1021,49,5,627,4,744
evaluation__8031__denoise__boundary_probe__nes__l0.5,1021,49,2,657,2,796
evaluation__8031__denoise__counterfactual__nes__l0.5,1021,49,2,655,2,789
evaluation__8031__deblur__attack__nes__l1,1021,48,2,380,2,524
evaluation__8031__deblur__restore__nes__l1,1021,47,3,217,3,339
evaluation__8031__deblur__random_walk__random_walk__l1,1024,50,2,1023,2,1023
evaluation__8031__deblur__confidence_boost__nes__l1,1021,49,8,337,4,442
evaluation__8031__deblur__boundary_probe__nes__l1,1021,49,8,419,8,537
evaluation__8031__deblur__counterfactual__nes__l1,1021,48,4,350,4,460
evaluation__9991__denoise__attack__nes__l0.5,1021,48,6,338,6,508
evaluation__9991__denoise__restore__nes__l0.5,1021,49,2,415,2,544
evaluation__9991__denoise__random_walk__random_walk__l0.5,1024,50,2,1023,2,1023
evaluation__9991__denoise__confidence_boost__nes__l0.5,1021,49,4,603,2,726
evaluation__9991__denoise__boundary_probe__nes__l0.5,1021,48,4,294,4,448
evaluation__9991__denoise__counterfactual__nes__l0.5,1021,48,3,458,3,629
evaluation__9991__deblur__attack__nes__l1,1021,49,10,185,10,254
evaluation__9991__deblur__restore__nes__l1,1021,49,18,215,18,325
evaluation__9991__deblur__random_walk__random_walk__l1,1024,49,2,1023,2,1023
evaluation__9991__deblur__confidence_boost__nes__l1,1021,48,8,167,6,250
evaluation__9991__deblur__boundary_probe__nes__l1,1021,48,18,232,18,362
evaluation__9991__deblur__counterfactual__nes__l1,1021,48,4,157,4,211
evaluation__1882__denoise__attack__nes__l0.5,1021,48,6,232,2,331
evaluation__1882__denoise__restore__nes__l0.5,1021,48,14,500,6,631
evaluation__1882__denoise__random_walk__random_walk__l0.5,1024,49,2,1023,2,1023
evaluation__1882__denoise__confidence_boost__nes__l0.5,1021,48,11,251,4,342
evaluation__1882__denoise__boundary_probe__nes__l0.5,1021,49,5,339,5,455
evaluation__1882__denoise__counterfactual__nes__l0.5,1021,48,7,385,7,519
evaluation__1882__deblur__attack__nes__l1,1021,49,12,274,12,387
evaluation__1882__deblur__restore__nes__l1,1021,48,18,374,18,514
evaluation__1882__deblur__random_walk__random_walk__l1,1024,50,2,1023,2,1023
evaluation__1882__deblur__confidence_boost__nes__l1,1021,49,18,381,12,518
evaluation__1882__deblur__boundary_probe__nes__l1,1021,48,18,350,7,481
evaluation__1882__deblur__counterfactual__nes__l1,1021,48,2,204,2,297
evaluation__6789__denoise__attack__nes__l0.5,1021,48,18,210,18,303
evaluation__6789__denoise__restore__nes__l0.5,1021,48,8,163,8,237
evaluation__6789__denoise__random_walk__random_walk__l0.5,1024,49,2,1023,2,1023
evaluation__6789__denoise__confidence_boost__nes__l0.5,1021,47,8,173,8,260
evaluation__6789__denoise__boundary_probe__nes__l0.5,1021,49,3,207,3,301
evaluation__6789__denoise__counterfactual__nes__l0.5,1021,48,18,257,18,371
evaluation__6789__deblur__attack__nes__l1,1021,47,18,187,14,268
evaluation__6789__deblur__restore__nes__l1,1021,48,3,283,2,408
evaluation__6789__deblur__random_walk__random_walk__l1,1024,49,2,1023,2,1023
evaluation__6789__deblur__confidence_boost__nes__l1,1021,48,6,208,6,286
evaluation__6789__deblur__boundary_probe__nes__l1,1021,49,4,220,2,335
evaluation__6789__deblur__counterfactual__nes__l1,1021,47,18,452,2,591
evaluation__8366__denoise__attack__nes__l0.5,1021,49,2,401,2,543
evaluation__8366__denoise__restore__nes__l0.5,1021,48,2,274,2,422
evaluation__8366__denoise__random_walk__random_walk__l0.5,1024,49,2,1023,2,1023
evaluation__8366__denoise__confidence_boost__nes__l0.5,1021,48,2,362,2,492
evaluation__8366__denoise__boundary_probe__nes__l0.5,1021,49,2,355,2,498
evaluation__8366__denoise__counterfactual__nes__l0.5,1021,49,2,615,2,746
evaluation__8366__deblur__attack__nes__l1,1021,49,4,344,4,457
evaluation__8366__deblur__restore__nes__l1,1021,48,4,298,4,425
evaluation__8366__deblur__random_walk__random_walk__l1,1024,49,2,1023,2,1023
evaluation__8366__deblur__confidence_boost__nes__l1,1021,47,2,271,2,386
evaluation__8366__deblur__boundary_probe__nes__l1,1021,48,4,557,4,674
evaluation__8366__deblur__counterfactual__nes__l1,1021,49,13,311,11,444
evaluation__1709__denoise__attack__nes__l0.5,1021,49,18,269,17,373
evaluation__1709__denoise__restore__nes__l0.5,1021,49,10,295,3,402
evaluation__1709__denoise__random_walk__random_walk__l0.5,1024,49,2,1023,2,1023
evaluation__1709__denoise__confidence_boost__nes__l0.5,1021,48,18,181,18,275
evaluation__1709__denoise__boundary_probe__nes__l0.5,1021,49,8,320,8,429
evaluation__1709__denoise__counterfactual__nes__l0.5,1021,48,8,208,8,295
evaluation__1709__deblur__attack__nes__l1,1021,48,5,490,5,639
evaluation__1709__deblur__restore__nes__l1,1021,49,3,317,3,424
evaluation__1709__deblur__random_walk__random_walk__l1,1024,49,2,1023,2,1023
evaluation__1709__deblur__confidence_boost__nes__l1,1021,48,6,365,6,488
evaluation__1709__deblur__boundary_probe__nes__l1,1021,48,3,458,3,588
evaluation__1709__deblur__counterfactual__nes__l1,1021,48,2,537,2,674
evaluation__4035__denoise__attack__nes__l0.5,1021,49,2,875,2,953
evaluation__4035__denoise__restore__nes__l0.5,1021,49,3,856,3,947
evaluation__4035__denoise__random_walk__random_walk__l0.5,1024,50,2,1023,2,1023
evaluation__4035__denoise__confidence_boost__nes__l0.5,1021,48,4,884,4,960
evaluation__4035__denoise__boundary_probe__nes__l0.5,1021,49,2,930,2,979
evaluation__4035__denoise__counterfactual__nes__l0.5,1021,49,2,912,2,982
evaluation__4035__deblur__attack__nes__l1,1021,48,11,202,11,279
evaluation__4035__deblur__restore__nes__l1,1021,48,3,296,3,403
evaluation__4035__deblur__random_walk__random_walk__l1,1024,49,2,1023,2,1023
evaluation__4035__deblur__confidence_boost__nes__l1,1021,47,13,262,9,369
evaluation__4035__deblur__boundary_probe__nes__l1,1021,49,18,259,4,388
evaluation__4035__deblur__counterfactual__nes__l1,1021,48,9,225,9,330
evaluation__7855__denoise__attack__nes__l0.5,1021,48,4,353,4,485
evaluation__7855__denoise__restore__nes__l0.5,1021,48,4,442,4,582
evaluation__7855__denoise__random_walk__random_walk__l0.5,1024,49,2,1023,2,1023
evaluation__7855__denoise__confidence_boost__nes__l0.5,1021,48,2,620,2,776
evaluation__7855__denoise__boundary_probe__nes__l0.5,1021,48,2,523,2,707
evaluation__7855__denoise__counterfactual__nes__l0.5,1021,49,3,475,3,629
evaluation__7855__deblur__attack__nes__l1,1021,47,3,592,2,719
evaluation__7855__deblur__restore__nes__l1,1021,48,8,607,8,763
evaluation__7855__deblur__random_walk__random_walk__l1,1024,50,2,1023,2,1023
evaluation__7855__deblur__confidence_boost__nes__l1,1021,49,6,674,3,777
evaluation__7855__deblur__boundary_probe__nes__l1,1021,49,7,835,6,916
evaluation__7855__deblur__counterfactual__nes__l1,1021,49,3,718,3,832
evaluation__1518__denoise__attack__nes__l0.5,1021,49,3,625,3,761
evaluation__1518__denoise__restore__nes__l0.5,1021,48,3,758,2,873
evaluation__1518__denoise__random_walk__random_walk__l0.5,1024,50,2,1023,2,1023
evaluation__1518__denoise__confidence_boost__nes__l0.5,1021,49,2,784,2,884
evaluation__1518__denoise__boundary_probe__nes__l0.5,1021,49,7,879,7,949
evaluation__1518__denoise__counterfactual__nes__l0.5,1021,48,2,873,2,950
evaluation__1518__deblur__attack__nes__l1,1021,49,4,502,3,614
evaluation__1518__deblur__restore__nes__l1,1021,49,17,555,3,679
evaluation__1518__deblur__random_walk__random_walk__l1,1024,49,2,1023,2,1023
evaluation__1518__deblur__confidence_boost__nes__l1,1021,48,6,461,6,604
evaluation__1518__deblur__boundary_probe__nes__l1,1021,48,2,451,2,597
evaluation__1518__deblur__counterfactual__nes__l1,1021,49,5,624,5,730
evaluation__4785__denoise__attack__nes__l0.5,1021,48,18,110,18,165
evaluation__4785__denoise__restore__nes__l0.5,1021,47,18,135,18,193
evaluation__4785__denoise__random_walk__random_walk__l0.5,1024,50,2,1023,2,1023
evaluation__4785__denoise__confidence_boost__nes__l0.5,1021,49,18,232,18,345
evaluation__4785__denoise__boundary_probe__nes__l0.5,1021,47,18,132,18,209
evaluation__4785__denoise__counterfactual__nes__l0.5,1021,48,18,130,18,191
evaluation__4785__deblur__attack__nes__l1,1021,48,5,459,4,616
evaluation__4785__deblur__restore__nes__l1,1021,50,2,588,2,718
evaluation__4785__deblur__random_walk__random_walk__l1,1024,50,2,1023,2,1023
evaluation__4785__deblur__confidence_boost__nes__l1,1021,48,3,469,3,638
evaluation__4785__deblur__boundary_probe__nes__l1,1021,48,7,495,2,631
evaluation__4785__deblur__counterfactual__nes__l1,1021,48,2,493,2,633
evaluation__6340__denoise__attack__nes__l0.5,1021,50,2,468,2,626
evaluation__6340__denoise__restore__nes__l0.5,1021,47,3,365,3,505
evaluation__6340__denoise__random_walk__random_walk__l0.5,1024,49,2,1023,2,1023
evaluation__6340__denoise__confidence_boost__nes__l0.5,1021,49,2,637,2,774
evaluation__6340__denoise__boundary_probe__nes__l0.5,1021,49,7,535,4,714
evaluation__6340__denoise__counterfactual__nes__l0.5,1021,49,11,502,2,647
evaluation__6340__deblur__attack__nes__l1,1021,49,3,732,3,842
evaluation__6340__deblur__restore__nes__l1,1021,48,5,754,3,862
evaluation__6340__deblur__random_walk__random_walk__l1,1024,50,2,1023,2,1023
evaluation__6340__deblur__confidence_boost__nes__l1,1021,49,2,739,2,846
evaluation__6340__deblur__boundary_probe__nes__l1,1021,48,2,750,2,857
evaluation__6340__deblur__counterfactual__nes__l1,1021,48,7,706,4,842
evaluation__9839__denoise__attack__nes__l0.5,1021,48,2,534,2,694
evaluation__9839__denoise__restore__nes__l0.5,1021,48,3,452,3,618
evaluation__9839__denoise__random_walk__random_walk__l0.5,1024,49,2,1023,2,1023
evaluation__9839__denoise__confidence_boost__nes__l0.5,1021,48,2,539,2,687
evaluation__9839__denoise__boundary_probe__nes__l0.5,1021,49,2,688,2,814
evaluation__9839__denoise__counterfactual__nes__l0.5,1021,49,4,534,4,673
evaluation__9839__deblur__attack__nes__l1,1021,49,4,448,4,591
evaluation__9839__deblur__restore__nes__l1,1021,48,13,271,6,379
evaluation__9839__deblur__random_walk__random_walk__l1,1024,50,2,1023,2,1023
evaluation__9839__deblur__confidence_boost__nes__l1,1021,49,8,331,8,463
evaluation__9839__deblur__boundary_probe__nes__l1,1021,49,5,379,4,483
evaluation__9839__deblur__counterfactual__nes__l1,1021,48,3,370,3,505
evaluation__3692__denoise__attack__nes__l0.5,1021,48,3,282,3,413
evaluation__3692__denoise__restore__nes__l0.5,1021,47,2,472,2,620
evaluation__3692__denoise__random_walk__random_walk__l0.5,1024,50,2,1023,2,1023
evaluation__3692__denoise__confidence_boost__nes__l0.5,1021,48,7,425,7,570
evaluation__3692__denoise__boundary_probe__nes__l0.5,1021,48,7,449,4,597
evaluation__3692__denoise__counterfactual__nes__l0.5,1021,48,6,447,6,579
evaluation__3692__deblur__attack__nes__l1,1021,46,18,141,18,208
evaluation__3692__deblur__restore__nes__l1,1021,48,5,125,5,187
evaluation__3692__deblur__random_walk__random_walk__l1,1024,50,2,1023,2,1023
evaluation__3692__deblur__confidence_boost__nes__l1,1021,49,18,385,5,506
evaluation__3692__deblur__boundary_probe__nes__l1,1021,47,18,166,18,272
evaluation__3692__deblur__counterfactual__nes__l1,1021,48,10,260,6,372
evaluation__4362__denoise__attack__nes__l0.5,1021,49,6,745,6,859
evaluation__4362__denoise__restore__nes__l0.5,1021,49,6,640,6,771
evaluation__4362__denoise__random_walk__random_walk__l0.5,1024,49,2,1023,2,1023
evaluation__4362__denoise__confidence_boost__nes__l0.5,1021,48,4,609,3,779
evaluation__4362__denoise__boundary_probe__nes__l0.5,1021,49,3,718,2,842
evaluation__4362__denoise__counterfactual__nes__l0.5,1021,49,3,703,3,832
evaluation__4362__deblur__attack__nes__l1,1021,49,15,668,4,784
evaluation__4362__deblur__restore__nes__l1,1021,48,15,455,15,606
evaluation__4362__deblur__random_walk__random_walk__l1,1024,50,2,1023,2,1023
evaluation__4362__deblur__confidence_boost__nes__l1,1021,47,2,454,2,603
evaluation__4362__deblur__boundary_probe__nes__l1,1021,50,4,533,4,657
evaluation__4362__deblur__counterfactual__nes__l1,1021,48,5,529,5,673
evaluation__8540__denoise__attack__nes__l0.5,1021,49,7,342,7,483
evaluation__8540__denoise__restore__nes__l0.5,1021,48,11,354,11,494
evaluation__8540__denoise__random_walk__random_walk__l0.5,1024,49,2,1023,2,1023
evaluation__8540__denoise__confidence_boost__nes__l0.5,1021,48,17,297,17,451
evaluation__8540__denoise__boundary_probe__nes__l0.5,1021,50,10,546,10,689
evaluation__8540__denoise__counterfactual__nes__l0.5,1021,46,14,302,14,422
evaluation__8540__deblur__attack__nes__l1,1021,48,18,396,2,542
evaluation__8540__deblur__restore__nes__l1,1021,47,5,345,5,492
evaluation__8540__deblur__random_walk__random_walk__l1,1024,49,2,1023,2,1023
evaluation__8540__deblur__confidence_boost__nes__l1,1021,46,18,306,15,453
evaluation__8540__deblur__boundary_probe__nes__l1,1021,49,3,475,3,610
evaluation__8540__deblur__counterfactual__nes__l1,1021,47,4,368,4,519
evaluation__2281__denoise__attack__nes__l0.5,1021,47,18,251,9,357
evaluation__2281__denoise__restore__nes__l0.5,1021,48,18,200,18,278
evaluation__2281__denoise__random_walk__random_walk__l0.5,1024,49,2,1023,2,1023
evaluation__2281__denoise__confidence_boost__nes__l0.5,1021,47,18,149,18,215
evaluation__2281__denoise__boundary_probe__nes__l0.5,1021,48,18,269,18,366
evaluation__2281__denoise__counterfactual__nes__l0.5,1021,48,5,152,5,224
evaluation__2281__deblur__attack__nes__l1,1021,48,18,150,18,230
evaluation__2281__deblur__restore__nes__l1,1021,48,18,229,3,325
evaluation__2281__deblur__random_walk__random_walk__l1,1024,49,2,1023,2,1023
evaluation__2281__deblur__confidence_boost__nes__l1,1021,48,18,254,18,392
evaluation__2281__deblur__boundary_probe__nes__l1,1021,48,18,364,18,505
evaluation__2281__deblur__counterfactual__nes__l1,1021,48,18,124,18,192
evaluation__5615__denoise__attack__nes__l0.5,1021,48,4,236,4,365
evaluation__5615__denoise__restore__nes__l0.5,1021,47,9,208,9,311
evaluation__5615__denoise__random_walk__random_walk__l0.5,1024,49,2,1023,2,1023
evaluation__5615__denoise__confidence_boost__nes__l0.5,1021,48,5,225,5,343
evaluation__5615__denoise__boundary_probe__nes__l0.5,1021,49,12,416,11,546
evaluation__5615__denoise__counterfactual__nes__l0.5,1021,46,2,210,2,323
evaluation__5615__deblur__attack__nes__l1,1021,48,3,337,3,482
evaluation__5615__deblur__restore__nes__l1,1021,48,3,202,3,285
evaluation__5615__deblur__random_walk__random_walk__l1,1024,49,2,1023,2,1023
evaluation__5615__deblur__confidence_boost__nes__l1,1021,48,2,252,2,347
evaluation__5615__deblur__boundary_probe__nes__l1,1021,49,5,333,5,454
evaluation__5615__deblur__counterfactual__nes__l1,1021,48,11,369,11,516
evaluation__8789__denoise__attack__nes__l0.5,1021,48,9,229,6,336
evaluation__8789__denoise__restore__nes__l0.5,1021,49,3,568,3,681
evaluation__8789__denoise__random_walk__random_walk__l0.5,1024,50,2,1023,2,1023
evaluation__8789__denoise__confidence_boost__nes__l0.5,1021,48,2,255,2,360
evaluation__8789__denoise__boundary_probe__nes__l0.5,1021,49,10,478,3,611
evaluation__8789__denoise__counterfactual__nes__l0.5,1021,47,5,189,5,289
evaluation__8789__deblur__attack__nes__l1,1021,48,4,372,4,511
evaluation__8789__deblur__restore__nes__l1,1021,49,9,397,5,547
evaluation__8789__deblur__random_walk__random_walk__l1,1024,49,2,1023,2,1023
evaluation__8789__deblur__confidence_boost__nes__l1,1021,49,3,313,3,437
evaluation__8789__deblur__boundary_probe__nes__l1,1021,49,14,442,3,585
evaluation__8789__deblur__counterfactual__nes__l1,1021,48,7,380,7,515
evaluation__1147__denoise__attack__nes__l0.5,1021,47,17,211,17,286
evaluation__1147__denoise__restore__nes__l0.5,1021,47,18,171,7,243
evaluation__1147__denoise__random_walk__random_walk__l0.5,1024,49,2,1023,2,1023
evaluation__1147__denoise__confidence_boost__nes__l0.5,1021,49,5,247,5,350
evaluation__1147__denoise__boundary_probe__nes__l0.5,1021,48,17,361,11,487
evaluation__1147__denoise__counterfactual__nes__l0.5,1021,47,2,156,2,231
evaluation__1147__deblur__attack__nes__l1,1021,49,6,313,6,454
evaluation__1147__deblur__restore__nes__l1,1021,49,2,556,2,718
evaluation__1147__deblur__random_walk__random_walk__l1,1024,49,2,1023,2,1023
evaluation__1147__deblur__confidence_boost__nes__l1,1021,47,7,275,7,381
evaluation__1147__deblur__boundary_probe__nes__l1,1021,49,18,593,18,715
evaluation__1147__deblur__counterfactual__nes__l1,1021,48,16,351,4,478
evaluation__4291__denoise__attack__nes__l0.5,1021,47,3,893,2,959
evaluation__4291__denoise__restore__nes__l0.5,1021,49,3,884,3,964
evaluation__4291__denoise__random_walk__random_walk__l0.5,1024,49,2,1023,2,1023
evaluation__4291__denoise__confidence_boost__nes__l0.5,1021,49,2,816,2,917
evaluation__4291__denoise__boundary_probe__nes__l0.5,1021,48,5,857,2,946
evaluation__4291__denoise__counterfactual__nes__l0.5,1021,49,2,852,2,941
evaluation__4291__deblur__attack__nes__l1,1021,47,4,566,4,722
evaluation__4291__deblur__restore__nes__l1,1021,48,2,659,2,795
evaluation__4291__deblur__random_walk__random_walk__l1,1024,50,2,1023,2,1023
evaluation__4291__deblur__confidence_boost__nes__l1,1021,47,3,397,2,547
evaluation__4291__deblur__boundary_probe__nes__l1,1021,48,5,782,5,880
evaluation__4291__deblur__counterfactual__nes__l1,1021,49,5,588,3,766
evaluation__6894__denoise__attack__nes__l0.5,1021,49,6,410,3,540
evaluation__6894__denoise__restore__nes__l0.5,1021,49,2,490,2,642
evaluation__6894__denoise__random_walk__random_walk__l0.5,1024,50,2,1023,2,1023
evaluation__6894__denoise__confidence_boost__nes__l0.5,1021,47,7,522,7,684
evaluation__6894__denoise__boundary_probe__nes__l0.5,1021,48,2,547,2,710
evaluation__6894__denoise__counterfactual__nes__l0.5,1021,48,4,526,4,676
evaluation__6894__deblur__attack__nes__l1,1021,48,12,156,12,217
evaluation__6894__deblur__restore__nes__l1,1021,47,18,180,12,256
evaluation__6894__deblur__random_walk__random_walk__l1,1024,50,2,1023,2,1023
evaluation__6894__deblur__confidence_boost__nes__l1,1021,49,3,188,3,275
evaluation__6894__deblur__boundary_probe__nes__l1,1021,47,13,185,8,294
evaluation__6894__deblur__counterfactual__nes__l1,1021,48,4,320,4,447
evaluation__9762__denoise__attack__nes__l0.5,1021,48,3,615,3,744
evaluation__9762__denoise__restore__nes__l0.5,1021,48,3,760,3,847
evaluation__9762__denoise__random_walk__random_walk__l0.5,1024,49,2,1023,2,1023
evaluation__9762__denoise__confidence_boost__nes__l0.5,1021,48,2,753,2,858
evaluation__9762__denoise__boundary_probe__nes__l0.5,1021,49,12,724,3,835
evaluation__9762__denoise__counterfactual__nes__l0.5,1021,49,3,803,3,881
evaluation__9762__deblur__attack__nes__l1,1021,48,5,396,5,539
evaluation__9762__deblur__restore__nes__l1,1021,46,4,297,4,416
evaluation__9762__deblur__random_walk__random_walk__l1,1024,49,2,1023,2,1023
evaluation__9762__deblur__confidence_boost__nes__l1,1021,48,12,376,12,505
evaluation__9762__deblur__boundary_probe__nes__l1,1021,48,9,363,7,493
evaluation__9762__deblur__counterfactual__nes__l1,1021,47,9,176,2,270
evaluation__3482__denoise__attack__nes__l0.5,1021,49,18,379,16,509
evaluation__3482__denoise__restore__nes__l0.5,1021,48,3,183,3,276
evaluation__3482__denoise__random_walk__random_walk__l0.5,1024,50,2,1023,2,1023
evaluation__3482__denoise__confidence_boost__nes__l0.5,1021,47,15,165,15,246
evaluation__3482__denoise__boundary_probe__nes__l0.5,1021,48,10,318,5,433
evaluation__3482__denoise__counterfactual__nes__l0.5,1021,49,8,363,8,510
evaluation__3482__deblur__attack__nes__l1,1021,49,18,274,18,380
evaluation__3482__deblur__restore__nes__l1,1021,48,18,335,15,463
evaluation__3482__deblur__random_walk__random_walk__l1,1024,50,2,1023,2,1023
evaluation__3482__deblur__confidence_boost__nes__l1,1021,48,18,362,18,462
evaluation__3482__deblur__boundary_probe__nes__l1,1021,48,13,250,7,366
evaluation__3482__deblur__counterfactual__nes__l1,1021,48,12,216,12,307
evaluation__5606__denoise__attack__nes__l0.5,1021,48,18,127,18,193
evaluation__5606__denoise__restore__nes__l0.5,1021,47,13,103,13,143
evaluation__5606__denoise__random_walk__random_walk__l0.5,1024,50,2,1023,2,1023
evaluation__5606__denoise__confidence_boost__nes__l0.5,1021,48,18,126,18,194
evaluation__5606__denoise__boundary_probe__nes__l0.5,1021,48,2,204,2,296
evaluation__5606__denoise__counterfactual__nes__l0.5,1021,48,12,228,12,340
evaluation__5606__deblur__attack__nes__l1,1021,46,2,401,2,570
evaluation__5606__deblur__restore__nes__l1,1021,48,2,480,2,612
evaluation__5606__deblur__random_walk__random_walk__l1,1024,50,2,1023,2,1023
evaluation__5606__deblur__confidence_boost__nes__l1,1021,47,2,545,2,701
evaluation__5606__deblur__boundary_probe__nes__l1,1021,48,4,471,4,618
evaluation__5606__deblur__counterfactual__nes__l1,1021,48,10,554,10,717
evaluation__8327__denoise__attack__nes__l0.5,1021,50,3,517,3,646
evaluation__8327__denoise__restore__nes__l0.5,1021,49,2,576,2,716
evaluation__8327__denoise__random_walk__random_walk__l0.5,1024,49,2,1023,2,1023
evaluation__8327__denoise__confidence_boost__nes__l0.5,1021,49,2,606,2,720
evaluation__8327__denoise__boundary_probe__nes__l0.5,1021,50,2,653,2,768
evaluation__8327__denoise__counterfactual__nes__l0.5,1021,48,2,497,2,633
evaluation__8327__deblur__attack__nes__l1,1021,49,2,713,2,825
evaluation__8327__deblur__restore__nes__l1,1021,49,3,513,3,648
evaluation__8327__deblur__random_walk__random_walk__l1,1024,50,2,1023,2,1023
evaluation__8327__deblur__confidence_boost__nes__l1,1021,47,9,527,2,696
evaluation__8327__deblur__boundary_probe__nes__l1,1021,48,10,536,10,695
evaluation__8327__deblur__counterfactual__nes__l1,1021,48,2,676,2,788
evaluation__1142__denoise__attack__nes__l0.5,1021,46,5,176,5,265
evaluation__1142__denoise__restore__nes__l0.5,1021,47,2,242,2,359
evaluation__1142__denoise__random_walk__random_walk__l0.5,1024,49,2,1023,2,1023
evaluation__1142__denoise__confidence_boost__nes__l0.5,1021,48,18,258,5,373
evaluation__1142__denoise__boundary_probe__nes__l0.5,1021,48,16,486,16,622
evaluation__1142__denoise__counterfactual__nes__l0.5,1021,48,10,320,10,450
evaluation__1142__deblur__attack__nes__l1,1021,47,5,398,5,556
evaluation__1142__deblur__restore__nes__l1,1021,48,3,679,3,803
evaluation__1142__deblur__random_walk__random_walk__l1,1024,50,2,1023,2,1023
evaluation__1142__deblur__confidence_boost__nes__l1,1021,49,2,911,2,954
evaluation__1142__deblur__boundary_probe__nes__l1,1021,49,3,823,2,911
evaluation__1142__deblur__counterfactual__nes__l1,1021,47,2,660,2,789
evaluation__3817__denoise__attack__nes__l0.5,1021,48,18,429,18,574
evaluation__3817__denoise__restore__nes__l0.5,1021,48,3,271,3,384
evaluation__3817__denoise__random_walk__random_walk__l0.5,1024,49,2,1023,2,1023
evaluation__3817__denoise__confidence_boost__nes__l0.5,1021,48,18,362,3,474
evaluation__3817__denoise__boundary_probe__nes__l0.5,1021,48,6,254,6,365
evaluation__3817__denoise__counterfactual__nes__l0.5,1021,48,3,426,3,572
evaluation__3817__deblur__attack__nes__l1,1021,48,3,373,3,521
evaluation__3817__deblur__restore__nes__l1,1021,49,5,329,2,445
evaluation__3817__deblur__random_walk__random_walk__l1,1024,49,2,1023,2,1023
evaluation__3817__deblur__confidence_boost__nes__l1,1021,48,9,223,9,346
evaluation__3817__deblur__boundary_probe__nes__l1,1021,48,18,353,9,491
evaluation__3817__deblur__counterfactual__nes__l1,1021,48,7,279,7,410
evaluation__6395__denoise__attack__nes__l0.5,1021,50,6,313,2,445
evaluation__6395__denoise__restore__nes__l0.5,1021,47,3,499,3,643
evaluation__6395__denoise__random_walk__random_walk__l0.5,1024,50,2,1023,2,1023
evaluation__6395__denoise__confidence_boost__nes__l0.5,1021,48,2,559,2,728
evaluation__6395__denoise__boundary_probe__nes__l0.5,1021,48,3,466,3,634
evaluation__6395__denoise__counterfactual__nes__l0.5,1021,49,3,536,3,683
evaluation__6395__deblur__attack__nes__l1,1021,48,15,413,8,547
evaluation__6395__deblur__restore__nes__l1,1021,48,3,388,3,501
evaluation__6395__deblur__random_walk__random_walk__l1,1024,49,2,1023,2,1023
evaluation__6395__deblur__confidence_boost__nes__l1,1021,49,4,247,4,339
evaluation__6395__deblur__boundary_probe__nes__l1,1021,49,7,418,7,554
evaluation__6395__deblur__counterfactual__nes__l1,1021,47,5,373,3,522
evaluation__609__denoise__attack__nes__l0.5,1021,47,3,238,3,362
evaluation__609__denoise__restore__nes__l0.5,1021,47,2,467,2,605
evaluation__609__denoise__random_walk__random_walk__l0.5,1024,49,2,1023,2,1023
evaluation__609__denoise__confidence_boost__nes__l0.5,1021,47,7,514,6,635
evaluation__609__denoise__boundary_probe__nes__l0.5,1021,49,8,381,2,525
evaluation__609__denoise__counterfactual__nes__l0.5,1021,47,3,513,3,652
evaluation__609__deblur__attack__nes__l1,1021,48,4,317,4,432
evaluation__609__deblur__restore__nes__l1,1021,46,7,232,7,343
evaluation__609__deblur__random_walk__random_walk__l1,1024,50,2,1023,2,1023
evaluation__609__deblur__confidence_boost__nes__l1,1021,47,3,353,3,515
evaluation__609__deblur__boundary_probe__nes__l1,1021,47,5,220,5,333
evaluation__609__deblur__counterfactual__nes__l1,1021,49,2,315,2,445
evaluation__5397__denoise__attack__nes__l0.5,1021,49,2,495,2,648
evaluation__5397__denoise__restore__nes__l0.5,1021,48,4,815,4,902
evaluation__5397__denoise__random_walk__random_walk__l0.5,1024,50,2,1023,2,1023
evaluation__5397__denoise__confidence_boost__nes__l0.5,1021,49,3,617,3,754
evaluation__5397__denoise__boundary_probe__nes__l0.5,1021,48,7,675,7,805
evaluation__5397__denoise__counterfactual__nes__l0.5,1021,48,3,684,3,807
evaluation__5397__deblur__attack__nes__l1,1021,48,10,286,10,407
evaluation__5397__deblur__restore__nes__l1,1021,49,14,355,4,508
evaluation__5397__deblur__random_walk__random_walk__l1,1024,49,2,1023,2,1023
evaluation__5397__deblur__confidence_boost__nes__l1,1021,47,9,289,2,407
evaluation__5397__deblur__boundary_probe__nes__l1,1021,48,4,221,4,349
evaluation__5397__deblur__counterfactual__nes__l1,1021,48,18,248,18,362
evaluation__8312__denoise__attack__nes__l0.5,1021,49,5,730,2,857
evaluation__8312__denoise__restore__nes__l0.5,1021,48,5,438,5,571
evaluation__8312__denoise__random_walk__random_walk__l0.5,1024,49,2,1023,2,1023
evaluation__8312__denoise__confidence_boost__nes__l0.5,1021,48,5,466,5,646
evaluation__8312__denoise__boundary_probe__nes__l0.5,1021,49,9,763,9,863
evaluation__8312__denoise__counterfactual__nes__l0.5,1021,49,8,491,3,658
evaluation__8312__deblur__attack__nes__l1,1021,49,7,292,7,442
evaluation__8312__deblur__restore__nes__l1,1021,47,18,292,12,415
evaluation__8312__deblur__random_walk__random_walk__l1,1024,49,2,1023,2,1023
evaluation__8312__deblur__confidence_boost__nes__l1,1021,48,3,348,2,478
evaluation__8312__deblur__boundary_probe__nes__l1,1021,48,2,342,2,487
evaluation__8312__deblur__counterfactual__nes__l1,1021,49,10,176,10,262
evaluation__9362__denoise__attack__nes__l0.5,1021,48,5,374,5,515
evaluation__9362__denoise__restore__nes__l0.5,1021,49,4,681,4,801
evaluation__9362__denoise__random_walk__random_walk__l0.5,1024,49,2,1023,2,1023
evaluation__9362__denoise__confidence_boost__nes__l0.5,1021,48,4,627,4,779
evaluation__9362__denoise__boundary_probe__nes__l0.5,1021,50,2,631,2,772
evaluation__9362__denoise__counterfactual__nes__l0.5,1021,48,6,480,6,654
evaluation__9362__deblur__attack__nes__l1,1021,48,18,126,13,194
evaluation__9362__deblur__restore__nes__l1,1021,47,2,192,2,273
evaluation__9362__deblur__random_walk__random_walk__l1,1024,49,2,1023,2,1023
evaluation__9362__deblur__confidence_boost__nes__l1,1021,49,11,331,11,434
evaluation__9362__deblur__boundary_probe__nes__l1,1021,48,15,207,15,314
evaluation__9362__deblur__counterfactual__nes__l1,1021,48,18,204,6,298
fit__5256__denoise__attack__nes__l0.5,1021,49,4,481,4,618
fit__5256__denoise__restore__nes__l0.5,1021,48,3,539,3,683
fit__5256__denoise__random_walk__random_walk__l0.5,1024,49,2,1023,2,1023
fit__5256__denoise__confidence_boost__nes__l0.5,1021,47,11,437,2,607
fit__5256__denoise__boundary_probe__nes__l0.5,1021,49,2,779,2,866
fit__5256__denoise__counterfactual__nes__l0.5,1021,49,2,578,2,707
fit__5256__deblur__attack__nes__l1,1021,47,3,319,3,456
fit__5256__deblur__restore__nes__l1,1021,48,2,371,2,515
fit__5256__deblur__random_walk__random_walk__l1,1024,49,2,1023,2,1023
fit__5256__deblur__confidence_boost__nes__l1,1021,48,6,238,6,344
fit__5256__deblur__boundary_probe__nes__l1,1021,49,8,386,8,533
fit__5256__deblur__counterfactual__nes__l1,1021,48,15,314,15,454
fit__1810__denoise__attack__nes__l0.5,1021,49,2,753,2,871
fit__1810__denoise__restore__nes__l0.5,1021,49,4,677,3,830
fit__1810__denoise__random_walk__random_walk__l0.5,1024,50,2,1023,2,1023
fit__1810__denoise__confidence_boost__nes__l0.5,1021,49,2,770,2,878
fit__1810__denoise__boundary_probe__nes__l0.5,1021,48,2,806,2,904
fit__1810__denoise__counterfactual__nes__l0.5,1021,49,2,732,2,870
fit__1810__deblur__attack__nes__l1,1021,48,6,554,6,691
fit__1810__deblur__restore__nes__l1,1021,48,3,494,2,648
fit__1810__deblur__random_walk__random_walk__l1,1024,49,2,1023,2,1023
fit__1810__deblur__confidence_boost__nes__l1,1021,49,10,622,3,777
fit__1810__deblur__boundary_probe__nes__l1,1021,48,4,646,3,784
fit__1810__deblur__counterfactual__nes__l1,1021,48,4,685,3,785
fit__7329__denoise__attack__nes__l0.5,1021,48,2,591,2,743
fit__7329__denoise__restore__nes__l0.5,1021,48,3,713,3,847
fit__7329__denoise__random_walk__random_walk__l0.5,1024,49,2,1023,2,1023
fit__7329__denoise__confidence_boost__nes__l0.5,1021,48,3,731,3,855
fit__7329__denoise__boundary_probe__nes__l0.5,1021,49,2,807,2,910
fit__7329__denoise__counterfactual__nes__l0.5,1021,47,4,775,4,886
fit__7329__deblur__attack__nes__l1,1021,49,4,558,4,713
fit__7329__deblur__restore__nes__l1,1021,48,2,693,2,828
fit__7329__deblur__random_walk__random_walk__l1,1024,49,2,1023,2,1023
fit__7329__deblur__confidence_boost__nes__l1,1021,48,3,443,3,594
fit__7329__deblur__boundary_probe__nes__l1,1021,48,2,716,2,837
fit__7329__deblur__counterfactual__nes__l1,1021,48,2,458,2,651
fit__3480__denoise__attack__nes__l0.5,1021,49,18,103,18,149
fit__3480__denoise__restore__nes__l0.5,1021,48,9,163,6,253
fit__3480__denoise__random_walk__random_walk__l0.5,1024,50,2,1023,2,1023
fit__3480__denoise__confidence_boost__nes__l0.5,1021,49,15,216,15,324
fit__3480__denoise__boundary_probe__nes__l0.5,1021,48,2,159,2,233
fit__3480__denoise__counterfactual__nes__l0.5,1021,47,12,174,12,254
fit__3480__deblur__attack__nes__l1,1021,47,16,242,10,353
fit__3480__deblur__restore__nes__l1,1021,47,18,362,4,504
fit__3480__deblur__random_walk__random_walk__l1,1024,49,2,1023,2,1023
fit__3480__deblur__confidence_boost__nes__l1,1021,49,7,249,7,349
fit__3480__deblur__boundary_probe__nes__l1,1021,48,18,278,18,378
fit__3480__deblur__counterfactual__nes__l1,1021,47,7,233,2,359
fit__9423__denoise__attack__nes__l0.5,1021,49,18,264,18,385
fit__9423__denoise__restore__nes__l0.5,1021,49,2,287,2,411
fit__9423__denoise__random_walk__random_walk__l0.5,1024,50,2,1023,2,1023
fit__9423__denoise__confidence_boost__nes__l0.5,1021,48,3,221,3,329
fit__9423__denoise__boundary_probe__nes__l0.5,1021,48,11,294,5,416
fit__9423__denoise__counterfactual__nes__l0.5,1021,47,3,143,3,235
fit__9423__deblur__attack__nes__l1,1021,48,18,260,3,365
fit__9423__deblur__restore__nes__l1,1021,48,11,343,8,472
fit__9423__deblur__random_walk__random_walk__l1,1024,49,2,1023,2,1023
fit__9423__deblur__confidence_boost__nes__l1,1021,48,12,117,12,167
fit__9423__deblur__boundary_probe__nes__l1,1021,49,18,300,18,426
fit__9423__deblur__counterfactual__nes__l1,1021,48,2,308,2,439
fit__5817__denoise__attack__nes__l0.5,1021,48,17,422,4,554
fit__5817__denoise__restore__nes__l0.5,1021,48,2,471,2,616
fit__5817__denoise__random_walk__random_walk__l0.5,1024,50,2,1023,2,1023
fit__5817__denoise__confidence_boost__nes__l0.5,1021,47,2,290,2,409
fit__5817__denoise__boundary_probe__nes__l0.5,1021,48,6,430,6,574
fit__5817__denoise__counterfactual__nes__l0.5,1021,48,3,570,3,691
fit__5817__deblur__attack__nes__l1,1021,49,8,247,8,329
fit__5817__deblur__restore__nes__l1,1021,47,4,202,4,306
fit__5817__deblur__random_walk__random_walk__l1,1024,49,2,1023,2,1023
fit__5817__deblur__confidence_boost__nes__l1,1021,47,6,123,6,173
fit__5817__deblur__boundary_probe__nes__l1,1021,48,18,120,2,167
fit__5817__deblur__counterfactual__nes__l1,1021,48,9,161,9,237
fit__1544__denoise__attack__nes__l0.5,1021,47,13,191,13,282
fit__1544__denoise__restore__nes__l0.5,1021,48,4,187,4,273
fit__1544__denoise__random_walk__random_walk__l0.5,1024,50,2,1023,2,1023
fit__1544__denoise__confidence_boost__nes__l0.5,1021,47,18,169,18,254
fit__1544__denoise__boundary_probe__nes__l0.5,1021,49,18,271,16,392
fit__1544__denoise__counterfactual__nes__l0.5,1021,48,11,145,11,232
fit__1544__deblur__attack__nes__l1,1021,49,2,481,2,625
fit__1544__deblur__restore__nes__l1,1021,48,8,540,8,673
fit__1544__deblur__random_walk__random_walk__l1,1024,49,2,1023,2,1023
fit__1544__deblur__confidence_boost__nes__l1,1021,49,9,406,7,503
fit__1544__deblur__boundary_probe__nes__l1,1021,49,2,550,2,687
fit__1544__deblur__counterfactual__nes__l1,1021,49,7,552,2,688
fit__5329__denoise__attack__nes__l0.5,1021,49,7,380,3,530
fit__5329__denoise__restore__nes__l0.5,1021,49,3,276,3,382
fit__5329__denoise__random_walk__random_walk__l0.5,1024,49,2,1023,2,1023
fit__5329__denoise__confidence_boost__nes__l0.5,1021,48,16,315,10,421
fit__5329__denoise__boundary_probe__nes__l0.5,1021,49,9,569,2,695
fit__5329__denoise__counterfactual__nes__l0.5,1021,48,4,529,4,669
fit__5329__deblur__attack__nes__l1,1021,48,2,459,2,586
fit__5329__deblur__restore__nes__l1,1021,48,3,267,3,370
fit__5329__deblur__random_walk__random_walk__l1,1024,50,2,1023,2,1023
fit__5329__deblur__confidence_boost__nes__l1,1021,48,9,486,3,635
fit__5329__deblur__boundary_probe__nes__l1,1021,48,7,445,4,589
fit__5329__deblur__counterfactual__nes__l1,1021,48,3,455,3,605
fit__4406__denoise__attack__nes__l0.5,1021,47,15,183,15,265
fit__4406__denoise__restore__nes__l0.5,1021,48,17,170,17,257
fit__4406__denoise__random_walk__random_walk__l0.5,1024,49,2,1023,2,1023
fit__4406__denoise__confidence_boost__nes__l0.5,1021,47,18,210,2,323
fit__4406__denoise__boundary_probe__nes__l0.5,1021,46,18,223,10,323
fit__4406__denoise__counterfactual__nes__l0.5,1021,47,2,179,2,264
fit__4406__deblur__attack__nes__l1,1021,49,12,240,12,348
fit__4406__deblur__restore__nes__l1,1021,47,7,237,7,340
fit__4406__deblur__random_walk__random_walk__l1,1024,50,2,1023,2,1023
fit__4406__deblur__confidence_boost__nes__l1,1021,49,7,300,7,429
fit__4406__deblur__boundary_probe__nes__l1,1021,48,17,281,17,408
fit__4406__deblur__counterfactual__nes__l1,1021,48,18,211,9,302
fit__9712__denoise__attack__nes__l0.5,1021,48,2,738,2,844
fit__9712__denoise__restore__nes__l0.5,1021,48,3,554,3,711
fit__9712__denoise__random_walk__random_walk__l0.5,1024,49,2,1023,2,1023
fit__9712__denoise__confidence_boost__nes__l0.5,1021,48,4,588,4,727
fit__9712__denoise__boundary_probe__nes__l0.5,1021,47,3,757,3,863
fit__9712__denoise__counterfactual__nes__l0.5,1021,48,6,655,6,783
fit__9712__deblur__attack__nes__l1,1021,48,2,655,2,798
fit__9712__deblur__restore__nes__l1,1021,48,4,625,4,773
fit__9712__deblur__random_walk__random_walk__l1,1024,49,2,1023,2,1023
fit__9712__deblur__confidence_boost__nes__l1,1021,49,3,504,3,656
fit__9712__deblur__boundary_probe__nes__l1,1021,49,10,682,3,819
fit__9712__deblur__counterfactual__nes__l1,1021,50,4,749,4,871
fit__4702__denoise__attack__nes__l0.5,1021,49,3,480,3,650
fit__4702__denoise__restore__nes__l0.5,1021,49,3,791,3,868
fit__4702__denoise__random_walk__random_walk__l0.5,1024,50,2,1023,2,1023
fit__4702__denoise__confidence_boost__nes__l0.5,1021,48,2,771,2,877
fit__4702__denoise__boundary_probe__nes__l0.5,1021,47,4,464,4,616
fit__4702__denoise__counterfactual__nes__l0.5,1021,47,2,318,2,483
fit__4702__deblur__attack__nes__l1,1021,49,18,186,18,283
fit__4702__deblur__restore__nes__l1,1021,48,16,206,14,317
fit__4702__deblur__random_walk__random_walk__l1,1024,49,2,1023,2,1023
fit__4702__deblur__confidence_boost__nes__l1,1021,48,15,199,15,306
fit__4702__deblur__boundary_probe__nes__l1,1021,49,15,256,15,376
fit__4702__deblur__counterfactual__nes__l1,1021,48,3,187,3,283
fit__955__denoise__attack__nes__l0.5,1021,48,8,325,8,439
fit__955__denoise__restore__nes__l0.5,1021,48,3,379,3,525
fit__955__denoise__random_walk__random_walk__l0.5,1024,49,2,1023,2,1023
fit__955__denoise__confidence_boost__nes__l0.5,1021,48,4,225,4,338
fit__955__denoise__boundary_probe__nes__l0.5,1021,48,10,297,10,445
fit__955__denoise__counterfactual__nes__l0.5,1021,48,3,376,3,504
fit__955__deblur__attack__nes__l1,1021,48,11,216,4,302
fit__955__deblur__restore__nes__l1,1021,48,11,522,4,631
fit__955__deblur__random_walk__random_walk__l1,1024,50,2,1023,2,1023
fit__955__deblur__confidence_boost__nes__l1,1021,49,15,235,7,336
fit__955__deblur__boundary_probe__nes__l1,1021,48,6,320,6,437
fit__955__deblur__counterfactual__nes__l1,1021,48,14,306,14,409
fit__6955__denoise__attack__nes__l0.5,1021,48,18,240,16,329
fit__6955__denoise__restore__nes__l0.5,1021,48,7,266,7,377
fit__6955__denoise__random_walk__random_walk__l0.5,1024,50,2,1023,2,1023
fit__6955__denoise__confidence_boost__nes__l0.5,1021,48,11,243,4,344
fit__6955__denoise__boundary_probe__nes__l0.5,1021,47,18,202,10,301
fit__6955__denoise__counterfactual__nes__l0.5,1021,48,12,194,12,275
fit__6955__deblur__attack__nes__l1,1021,49,7,287,7,424
fit__6955__deblur__restore__nes__l1,1021,50,4,514,4,666
fit__6955__deblur__random_walk__random_walk__l1,1024,49,2,1023,2,1023
fit__6955__deblur__confidence_boost__nes__l1,1021,49,2,589,2,715
fit__6955__deblur__boundary_probe__nes__l1,1021,48,3,274,2,402
fit__6955__deblur__counterfactual__nes__l1,1021,48,18,548,2,673
fit__2052__denoise__attack__nes__l0.5,1021,49,10,492,9,635
fit__2052__denoise__restore__nes__l0.5,1021,48,5,400,5,527
fit__2052__denoise__random_walk__random_walk__l0.5,1024,49,2,1023,2,1023
fit__2052__denoise__confidence_boost__nes__l0.5,1021,49,4,313,4,427
fit__2052__denoise__boundary_probe__nes__l0.5,1021,47,6,535,6,650
fit__2052__denoise__counterfactual__nes__l0.5,1021,49,4,445,4,574
fit__2052__deblur__attack__nes__l1,1021,48,3,317,3,447
fit__2052__deblur__restore__nes__l1,1021,47,3,375,3,501
fit__2052__deblur__random_walk__random_walk__l1,1024,50,2,1023,2,1023
fit__2052__deblur__confidence_boost__nes__l1,1021,49,5,440,5,568
fit__2052__deblur__boundary_probe__nes__l1,1021,48,7,366,7,494
fit__2052__deblur__counterfactual__nes__l1,1021,47,9,364,9,531
fit__9101__denoise__attack__nes__l0.5,1021,47,18,372,5,512
fit__9101__denoise__restore__nes__l0.5,1021,48,18,418,18,552
fit__9101__denoise__random_walk__random_walk__l0.5,1024,49,2,1023,2,1023
fit__9101__denoise__confidence_boost__nes__l0.5,1021,48,5,344,5,496
fit__9101__denoise__boundary_probe__nes__l0.5,1021,48,8,330,7,462
fit__9101__denoise__counterfactual__nes__l0.5,1021,48,9,363,9,503
fit__9101__deblur__attack__nes__l1,1021,47,12,322,9,450
fit__9101__deblur__restore__nes__l1,1021,47,3,327,3,459
fit__9101__deblur__random_walk__random_walk__l1,1024,50,2,1023,2,1023
fit__9101__deblur__confidence_boost__nes__l1,1021,47,4,377,3,528
fit__9101__deblur__boundary_probe__nes__l1,1021,48,2,479,2,615
fit__9101__deblur__counterfactual__nes__l1,1021,47,13,406,7,579
fit__5137__denoise__attack__nes__l0.5,1021,48,9,366,4,497
fit__5137__denoise__restore__nes__l0.5,1021,49,2,339,2,485
fit__5137__denoise__random_walk__random_walk__l0.5,1024,50,2,1023,2,1023
fit__5137__denoise__confidence_boost__nes__l0.5,1021,48,6,347,2,488
fit__5137__denoise__boundary_probe__nes__l0.5,1021,48,4,676,3,804
fit__5137__denoise__counterfactual__nes__l0.5,1021,48,10,394,10,527
fit__5137__deblur__attack__nes__l1,1021,49,4,674,4,795
fit__5137__deblur__restore__nes__l1,1021,48,2,682,2,818
fit__5137__deblur__random_walk__random_walk__l1,1024,50,2,1023,2,1023
fit__5137__deblur__confidence_boost__nes__l1,1021,49,11,752,9,867
fit__5137__deblur__boundary_probe__nes__l1,1021,48,13,716,12,837
fit__5137__deblur__counterfactual__nes__l1,1021,47,2,591,2,731
