session_id,queries,max_match,first_alarm,flagged_queries,first_alarm_recorded,flagged_queries_recorded_rule
calibration__4512__denoise__attack__nes__l0.5,1021,48,7,261,4,386
calibration__4512__denoise__restore__nes__l0.5,1021,49,10,338,10,482
calibration__4512__denoise__random_walk__random_walk__l0.5,1024,50,2,1023,2,1023
calibration__4512__denoise__confidence_boost__nes__l0.5,1021,47,13,222,6,340
calibration__4512__denoise__boundary_probe__nes__l0.5,1021,47,9,412,5,542
calibration__4512__denoise__counterfactual__nes__l0.5,1021,48,2,207,2,292
calibration__4512__deblur__attack__nes__l1,1021,48,5,230,5,336
calibration__4512__deblur__restore__nes__l1,1021,49,3,304,3,448
calibration__4512__deblur__random_walk__random_walk__l1,1024,49,2,1023,2,1023
calibration__4512__deblur__confidence_boost__nes__l1,1021,48,2,397,2,530
calibration__4512__deblur__boundary_probe__nes__l1,1021,49,3,350,3,482
calibration__4512__deblur__counterfactual__nes__l1,1021,48,13,386,3,537
calibration__516__denoise__attack__nes__l0.5,1021,48,10,480,6,649
calibration__516__denoise__restore__nes__l0.5,1021,49,7,423,4,587
calibration__516__denoise__random_walk__random_walk__l0.5,1024,49,2,1023,2,1023
calibration__516__denoise__confidence_boost__nes__l0.5,1021,47,5,602,5,748
calibration__516__denoise__boundary_probe__nes__l0.5,1021,48,3,389,2,521
calibration__516__denoise__counterfactual__nes__l0.5,1021,48,12,323,4,448
calibration__516__deblur__attack__nes__l1,1021,48,3,319,3,426
calibration__516__deblur__restore__nes__l1,1021,49,18,381,13,515
calibration__516__deblur__random_walk__random_walk__l1,1024,49,2,1023,2,1023
calibration__516__deblur__confidence_boost__nes__l1,1021,48,12,361,5,493
calibration__516__deblur__boundary_probe__nes__l1,1021,48,7,377,4,503
calibration__516__deblur__counterfactual__nes__l1,1021,49,2,412,2,543
calibration__142__denoise__attack__nes__l0.5,1021,48,10,404,4,564
calibration__142__denoise__restore__nes__l0.5,1021,49,2,523,2,680
calibration__142__denoise__random_walk__random_walk__l0.5,1024,50,2,1023,2,1023
calibration__142__denoise__confidence_boost__nes__l0.5,1021,47,6,647,2,771
calibration__142__denoise__boundary_probe__nes__l0.5,1021,48,17,539,3,693
calibration__142__denoise__counterfactual__nes__l0.5,1021,48,6,591,6,748
calibration__142__deblur__attack__nes__l1,1021,49,2,446,2,594
calibration__142__deblur__restore__nes__l1,1021,47,4,393,4,517
calibration__142__deblur__random_walk__random_walk__l1,1024,50,2,1023,2,1023
calibration__142__deblur__confidence_boost__nes__l1,1021,48,2,404,2,553
calibration__142__deblur__boundary_probe__nes__l1,1021,48,4,329,3,444
calibration__142__deblur__counterfactual__nes__l1,1021,48,12,426,11,574
calibration__11287__denoise__attack__nes__l0.5,1021,49,2,590,2,754
calibration__11287__denoise__restore__nes__l0.5,1021,49,4,747,2,867
calibration__11287__denoise__random_walk__random_walk__l0.5,1024,50,2,1023,2,1023
calibration__11287__denoise__confidence_boost__nes__l0.5,1021,49,2,760,2,867
calibration__11287__denoise__boundary_probe__nes__l0.5,1021,49,3,909,3,959
calibration__11287__denoise__counterfactual__nes__l0.5,1021,48,5,709,3,828
calibration__11287__deblur__attack__nes__l1,1021,48,4,577,4,704
calibration__11287__deblur__restore__nes__l1,1021,48,5,505,5,663
calibration__11287__deblur__random_walk__random_walk__l1,1024,49,2,1023,2,1023
calibration__11287__deblur__confidence_boost__nes__l1,1021,49,7,501,2,662
calibration__11287__deblur__boundary_probe__nes__l1,1021,48,2,513,2,651
calibration__11287__deblur__counterfactual__nes__l1,1021,49,8,361,3,474
calibration__2401__denoise__attack__nes__l0.5,1021,47,18,286,5,395
calibration__2401__denoise__restore__nes__l0.5,1021,48,18,195,18,294
calibration__2401__denoise__random_walk__random_walk__l0.5,1024,50,2,1023,2,1023
calibration__2401__denoise__confidence_boost__nes__l0.5,1021,47,8,259,8,378
calibration__2401__denoise__boundary_probe__nes__l0.5,1021,48,18,234,12,342
calibration__2401__denoise__counterfactual__nes__l0.5,1021,48,18,161,6,258
calibration__2401__deblur__attack__nes__l1,1021,49,4,253,4,366
calibration__2401__deblur__restore__nes__l1,1021,49,5,285,5,410
calibration__2401__deblur__random_walk__random_walk__l1,1024,50,2,1023,2,1023
calibration__2401__deblur__confidence_boost__nes__l1,1021,49,14,240,14,350
calibration__2401__deblur__boundary_probe__nes__l1,1021,48,8,436,8,553
calibration__2401__deblur__counterfactual__nes__l1,1021,47,18,405,3,554
calibration__797__denoise__attack__nes__l0.5,1021,46,18,124,18,186
calibration__797__denoise__restore__nes__l0.5,1021,48,18,138,18,192
calibration__797__denoise__random_walk__random_walk__l0.5,1024,49,2,1023,2,1023
calibration__797__denoise__confidence_boost__nes__l0.5,1021,48,18,145,18,208
calibration__797__denoise__boundary_probe__nes__l0.5,1021,47,18,132,7,179
calibration__797__denoise__counterfactual__nes__l0.5,1021,47,18,123,18,168
calibration__797__deblur__attack__nes__l1,1021,49,16,332,13,462
calibration__797__deblur__restore__nes__l1,1021,47,18,232,18,325
calibration__797__deblur__random_walk__random_walk__l1,1024,48,2,1023,2,1023
calibration__797__deblur__confidence_boost__nes__l1,1021,47,10,259,10,388
calibration__797__deblur__boundary_probe__nes__l1,1021,49,14,187,14,266
calibration__797__deblur__counterfactual__nes__l1,1021,48,13,297,13,426
calibration__6266__denoise__attack__nes__l0.5,1021,49,3,414,3,579
calibration__6266__denoise__restore__nes__l0.5,1021,48,5,491,5,629
calibration__6266__denoise__random_walk__random_walk__l0.5,1024,50,2,1023,2,1023
calibration__6266__denoise__confidence_boost__nes__l0.5,1021,48,3,430,3,604
calibration__6266__denoise__boundary_probe__nes__l0.5,1021,47,5,318,5,463
calibration__6266__denoise__counterfactual__nes__l0.5,1021,47,7,359,2,502
calibration__6266__deblur__attack__nes__l1,1021,47,3,474,3,622
calibration__6266__deblur__restore__nes__l1,1021,48,3,396,3,533
calibration__6266__deblur__random_walk__random_walk__l1,1024,49,2,1023,2,1023
calibration__6266__deblur__confidence_boost__nes__l1,1021,49,2,367,2,505
calibration__6266__deblur__boundary_probe__nes__l1,1021,49,3,524,3,666
calibration__6266__deblur__counterfactual__nes__l1,1021,48,5,661,5,796
calibration__149__denoise__attack__nes__l0.5,1021,47,18,455,17,592
calibration__149__denoise__restore__nes__l0.5,1021,48,4,624,4,753
calibration__149__denoise__random_walk__random_walk__l0.5,1024,50,2,1023,2,1023
calibration__149__denoise__confidence_boost__nes__l0.5,1021,49,2,314,2,440
calibration__149__denoise__boundary_probe__nes__l0.5,1021,48,4,341,4,465
calibration__149__denoise__counterfactual__nes__l0.5,1021,46,2,261,2,398
calibration__149__deblur__attack__nes__l1,1021,49,2,558,2,684
calibration__149__deblur__restore__nes__l1,1021,48,3,555,3,693
calibration__149__deblur__random_walk__random_walk__l1,1024,49,2,1023,2,1023
calibration__149__deblur__confidence_boost__nes__l1,1021,50,3,352,3,484
calibration__149__deblur__boundary_probe__nes__l1,1021,47,3,255,3,355
calibration__149__deblur__counterfactual__nes__l1,1021,47,5,197,5,283
calibration__5342__denoise__attack__nes__l0.5,1021,47,4,622,3,788
calibration__5342__denoise__restore__nes__l0.5,1021,48,3,734,3,858
calibration__5342__denoise__random_walk__random_walk__l0.5,1024,49,2,1023,2,1023
calibration__5342__denoise__confidence_boost__nes__l0.5,1021,48,6,547,6,701
calibration__5342__denoise__boundary_probe__nes__l0.5,1021,48,4,791,4,894
calibration__5342__denoise__counterfactual__nes__l0.5,1021,48,2,616,2,771
calibration__5342__deblur__attack__nes__l1,1021,48,2,442,2,589
calibration__5342__deblur__restore__nes__l1,1021,48,6,420,6,573
calibration__5342__deblur__random_walk__random_walk__l1,1024,49,2,1023,2,1023
calibration__5342__deblur__confidence_boost__nes__l1,1021,48,2,394,2,527
calibration__5342__deblur__boundary_probe__nes__l1,1021,48,18,481,18,632
calibration__5342__deblur__counterfactual__nes__l1,1021,48,8,462,4,590
calibration__4456__denoise__attack__nes__l0.5,1021,48,2,455,2,614
calibration__4456__denoise__restore__nes__l0.5,1021,48,13,528,2,681
calibration__4456__denoise__random_walk__random_walk__l0.5,1024,50,2,1023,2,1023
calibration__4456__denoise__confidence_boost__nes__l0.5,1021,48,2,653,2,797
calibration__4456__denoise__boundary_probe__nes__l0.5,1021,47,3,412,3,591
calibration__4456__denoise__counterfactual__nes__l0.5,1021,47,3,484,3,642
calibration__4456__deblur__attack__nes__l1,1021,48,4,346,3,452
calibration__4456__deblur__restore__nes__l1,1021,48,18,305,2,438
calibration__4456__deblur__random_walk__random_walk__l1,1024,49,2,1023,2,1023
calibration__4456__deblur__confidence_boost__nes__l1,1021,47,4,296,4,415
calibration__4456__deblur__boundary_probe__nes__l1,1021,48,6,318,6,434
calibration__4456__deblur__counterfactual__nes__l1,1021,47,2,207,2,293
calibration__7652__denoise__attack__nes__l0.5,1021,48,4,606,4,762
calibration__7652__denoise__restore__nes__l0.5,1021,48,9,536,3,686
calibration__7652__denoise__random_walk__random_walk__l0.5,1024,50,2,1023,2,1023
calibration__7652__denoise__confidence_boost__nes__l0.5,1021,48,3,528,3,685
calibration__7652__denoise__boundary_probe__nes__l0.5,1021,47,8,551,8,690
calibration__7652__denoise__counterfactual__nes__l0.5,1021,49,2,802,2,892
calibration__7652__deblur__attack__nes__l1,1021,49,3,484,3,627
calibration__7652__deblur__restore__nes__l1,1021,49,7,573,4,729
calibration__7652__deblur__random_walk__random_walk__l1,1024,50,2,1023,2,1023
calibration__7652__deblur__confidence_boost__nes__l1,1021,49,3,540,3,706
calibration__7652__deblur__boundary_probe__nes__l1,1021,49,18,644,17,770
calibration__7652__deblur__counterfactual__nes__l1,1021,48,3,582,3,724
calibration__2901__denoise__attack__nes__l0.5,1021,48,2,701,2,805
calibration__2901__denoise__restore__nes__l0.5,1021,49,8,603,2,752
calibration__2901__denoise__random_walk__random_walk__l0.5,1024,49,2,1023,2,1023
calibration__2901__denoise__confidence_boost__nes__l0.5,1021,48,3,693,2,836
calibration__2901__denoise__boundary_probe__nes__l0.5,1021,48,2,792,2,889
calibration__2901__denoise__counterfactual__nes__l0.5,1021,48,4,467,4,618
calibration__2901__deblur__attack__nes__l1,1021,47,2,290,2,425
calibration__2901__deblur__restore__nes__l1,1021,49,16,387,12,542
calibration__2901__deblur__random_walk__random_walk__l1,1024,49,2,1023,2,1023
calibration__2901__deblur__confidence_boost__nes__l1,1021,48,16,556,14,689
calibration__2901__deblur__boundary_probe__nes__l1,1021,48,5,404,2,548
calibration__2901__deblur__counterfactual__nes__l1,1021,48,18,502,18,645
calibration__2906__denoise__attack__nes__l0.5,1021,48,10,526,4,682
calibration__2906__denoise__restore__nes__l0.5,1021,48,7,394,2,546
calibration__2906__denoise__random_walk__random_walk__l0.5,1024,49,2,1023,2,1023
calibration__2906__denoise__confidence_boost__nes__l0.5,1021,48,7,466,7,592
calibration__2906__denoise__boundary_probe__nes__l0.5,1021,49,3,578,3,724
calibration__2906__denoise__counterfactual__nes__l0.5,1021,49,3,588,3,744
calibration__2906__deblur__attack__nes__l1,1021,49,2,221,2,311
calibration__2906__deblur__restore__nes__l1,1021,48,5,404,5,522
calibration__2906__deblur__random_walk__random_walk__l1,1024,50,2,1023,2,1023
calibration__2906__deblur__confidence_boost__nes__l1,1021,48,6,369,6,495
calibration__2906__deblur__boundary_probe__nes__l1,1021,49,12,214,12,297
calibration__2906__deblur__counterfactual__nes__l1,1021,47,9,217,9,307
calibration__3141__denoise__attack__nes__l0.5,1021,48,18,350,6,504
calibration__3141__denoise__restore__nes__l0.5,1021,49,9,495,9,626
calibration__3141__denoise__random_walk__random_walk__l0.5,1024,49,2,1023,2,1023
calibration__3141__denoise__confidence_boost__nes__l0.5,1021,47,18,198,18,305
calibration__3141__denoise__boundary_probe__nes__l0.5,1021,49,17,351,17,485
calibration__3141__denoise__counterfactual__nes__l0.5,1021,50,8,340,8,465
calibration__3141__deblur__attack__nes__l1,1021,49,3,642,3,758
calibration__3141__deblur__restore__nes__l1,1021,48,5,720,5,837
calibration__3141__deblur__random_walk__random_walk__l1,1024,50,2,1023,2,1023
calibration__3141__deblur__confidence_boost__nes__l1,1021,50,3,463,3,608
calibration__3141__deblur__boundary_probe__nes__l1,1021,47,4,785,4,889
calibration__3141__deblur__counterfactual__nes__l1,1021,49,6,663,4,806
evaluation__1279__denoise__attack__nes__l0.5,1021,48,2,448,2,590
evaluation__1279__denoise__restore__nes__l0.5,1021,49,8,613,8,735
evaluation__1279__denoise__random_walk__random_walk__l0.5,1024,49,2,1023,2,1023
evaluation__1279__denoise__confidence_boost__nes__l0.5,1021,47,2,529,2,699
evaluation__1279__denoise__boundary_probe__nes__l0.5,1021,49,9,413,4,589
evaluation__1279__denoise__counterfactual__nes__l0.5,1021,50,8,433,6,571
evaluation__1279__deblur__attack__nes__l1,1021,49,2,563,2,737
evaluation__1279__deblur__restore__nes__l1,1021,49,3,703,3,821
evaluation__1279__deblur__random_walk__random_walk__l1,1024,49,2,1023,2,1023
evaluation__1279__deblur__confidence_boost__nes__l1,1021,48,7,722,2,843
evaluation__1279__deblur__boundary_probe__nes__l1,1021,49,3,670,3,795
evaluation__1279__deblur__counterfactual__nes__l1,1021,49,5,696,5,835
evaluation__7247__denoise__attack__nes__l0.5,1021,49,18,273,7,379
evaluation__7247__denoise__restore__nes__l0.5,1021,48,18,257,18,380
evaluation__7247__denoise__random_walk__random_walk__l0.5,1024,49,2,1023,2,1023
evaluation__7247__denoise__confidence_boost__nes__l0.5,1021,48,11,167,8,256
evaluation__7247__denoise__boundary_probe__nes__l0.5,1021,48,13,299,8,426
evaluation__7247__denoise__counterfactual__nes__l0.5,1021,49,3,295,3,423
evaluation__7247__deblur__attack__nes__l1,1021,48,9,294,9,429
evaluation__7247__deblur__restore__nes__l1,1021,48,4,363,4,499
evaluation__7247__deblur__random_walk__random_walk__l1,1024,50,2,1023,2,1023
evaluation__7247__deblur__confidence_boost__nes__l1,1021,49,2,521,2,670
evaluation__7247__deblur__boundary_probe__nes__l1,1021,49,7,414,4,556
evaluation__7247__deblur__counterfactual__nes__l1,1021,49,2,468,2,620
evaluation__6060__denoise__attack__nes__l0.5,1021,48,18,267,18,403
evaluation__6060__denoise__restore__nes__l0.5,1021,49,13,159,2,218
evaluation__6060__denoise__random_walk__random_walk__l0.5,1024,50,2,1023,2,1023
evaluation__6060__denoise__confidence_boost__nes__l0.5,1021,49,18,214,5,303
evaluation__6060__denoise__boundary_probe__nes__l0.5,1021,47,18,242,2,356
evaluation__6060__denoise__counterfactual__nes__l0.5,1021,49,7,280,7,397
evaluation__6060__deblur__attack__nes__l1,1021,47,5,375,3,519
evaluation__6060__deblur__restore__nes__l1,1021,48,11,234,11,352
evaluation__6060__deblur__random_walk__random_walk__l1,1024,50,2,1023,2,1023
evaluation__6060__deblur__confidence_boost__nes__l1,1021,47,4,271,4,400
evaluation__6060__deblur__boundary_probe__nes__l1,1021,48,13,228,9,338
evaluation__6060__deblur__counterfactual__nes__l1,1021,48,11,397,11,542
evaluation__10508__denoise__attack__nes__l0.5,1021,50,4,652,4,788
evaluation__10508__denoise__restore__nes__l0.5,1021,48,8,513,8,659
evaluation__10508__denoise__random_walk__random_walk__l0.5,1024,49,2,1023,2,1023
evaluation__10508__denoise__confidence_boost__nes__l0.5,1021,50,4,666,4,785
evaluation__10508__denoise__boundary_probe__nes__l0.5,1021,48,9,568,9,724
evaluation__10508__denoise__counterfactual__nes__l0.5,1021,47,2,548,2,693
evaluation__10508__deblur__attack__nes__l1,1021,48,18,181,10,256
evaluation__10508__deblur__restore__nes__l1,1021,46,18,197,18,313
evaluation__10508__deblur__random_walk__random_walk__l1,1024,49,2,1023,2,1023
evaluation__10508__deblur__confidence_boost__nes__l1,1021,48,6,170,4,274
evaluation__10508__deblur__boundary_probe__nes__l1,1021,48,18,321,10,443
evaluation__10508__deblur__counterfactual__nes__l1,1021,48,8,208,8,318
evaluation__9763__denoise__attack__nes__l0.5,1021,47,4,487,3,631
evaluation__9763__denoise__restore__nes__l0.5,1021,48,3,716,3,824
evaluation__9763__denoise__random_walk__random_walk__l0.5,1024,49,2,1023,2,1023
evaluation__9763__denoise__confidence_boost__nes__l0.5,1021,48,2,754,2,884
evaluation__9763__denoise__boundary_probe__nes__l0.5,1021,49,3,711,3,835
evaluation__9763__denoise__counterfactual__nes__l0.5,1021,48,12,582,2,741
evaluation__9763__deblur__attack__nes__l1,1021,49,4,446,4,585
evaluation__9763__deblur__restore__nes__l1,1021,49,5,367,5,523
evaluation__9763__deblur__random_walk__random_walk__l1,1024,50,2,1023,2,1023
evaluation__9763__deblur__confidence_boost__nes__l1,1021,47,7,230,7,343
evaluation__9763__deblur__boundary_probe__nes__l1,1021,49,6,396,3,521
evaluation__9763__deblur__counterfactual__nes__l1,1021,49,3,443,3,585
evaluation__2236__denoise__attack__nes__l0.5,1021,47,4,496,3,668
evaluation__2236__denoise__restore__nes__l0.5,1021,48,8,468,5,620
evaluation__2236__denoise__random_walk__random_walk__l0.5,1024,50,2,1023,2,1023
evaluation__2236__denoise__confidence_boost__nes__l0.5,1021,48,5,531,5,696
evaluation__2236__denoise__boundary_probe__nes__l0.5,1021,49,4,624,4,754
evaluation__2236__denoise__counterfactual__nes__l0.5,1021,48,4,585,4,726
evaluation__2236__deblur__attack__nes__l1,1021,48,2,732,2,844
evaluation__2236__deblur__restore__nes__l1,1021,50,2,690,2,829
evaluation__2236__deblur__random_walk__random_walk__l1,1024,49,2,1023,2,1023
evaluation__2236__deblur__confidence_boost__nes__l1,1021,49,3,523,3,681
evaluation__2236__deblur__boundary_probe__nes__l1,1021,48,4,516,2,647
evaluation__2236__deblur__counterfactual__nes__l1,1021,48,2,616,2,760
evaluation__5573__denoise__attack__nes__l0.5,1021,48,4,449,4,575
evaluation__5573__denoise__restore__nes__l0.5,1021,47,2,345,2,483
evaluation__5573__denoise__random_walk__random_walk__l0.5,1024,49,2,1023,2,1023
evaluation__5573__denoise__confidence_boost__nes__l0.5,1021,47,4,134,4,200
evaluation__5573__denoise__boundary_probe__nes__l0.5,1021,48,4,250,4,390
evaluation__5573__denoise__counterfactual__nes__l0.5,1021,48,12,269,12,398
evaluation__5573__deblur__attack__nes__l1,1021,48,10,401,10,522
evaluation__5573__deblur__restore__nes__l1,1021,49,18,331,16,459
evaluation__5573__deblur__random_walk__random_walk__l1,1024,49,2,1023,2,1023
evaluation__5573__deblur__confidence_boost__nes__l1,1021,48,18,187,2,270
evaluation__5573__deblur__boundary_probe__nes__l1,1021,48,6,257,6,361
evaluation__5573__deblur__counterfactual__nes__l1,1021,48,18,315,18,415
evaluation__4385__denoise__attack__nes__l0.5,1021,48,18,137,18,194
evaluation__4385__denoise__restore__nes__l0.5,1021,48,14,178,14,272
evaluation__4385__denoise__random_walk__random_walk__l0.5,1024,49,2,1023,2,1023
evaluation__4385__denoise__confidence_boost__nes__l0.5,1021,47,18,155,18,229
evaluation__4385__denoise__boundary_probe__nes__l0.5,1021,48,6,118,6,181
evaluation__4385__denoise__counterfactual__nes__l0.5,1021,48,6,254,6,355
evaluation__4385__deblur__attack__nes__l1,1021,48,2,937,2,981
evaluation__4385__deblur__restore__nes__l1,1021,49,2,963,2,998
evaluation__4385__deblur__random_walk__random_walk__l1,1024,50,2,1023,2,1023
evaluation__4385__deblur__confidence_boost__nes__l1,1021,49,4,852,4,928
evaluation__4385__deblur__boundary_probe__nes__l1,1021,49,2,938,2,981
evaluation__4385__deblur__counterfactual__nes__l1,1021,49,3,978,3,1000
evaluation__6882__denoise__attack__nes__l0.5,1021,47,4,529,3,683
evaluation__6882__denoise__restore__nes__l0.5,1021,48,2,550,2,703
evaluation__6882__denoise__random_walk__random_walk__l0.5,1024,50,2,1023,2,1023
evaluation__6882__denoise__confidence_boost__nes__l0.5,1021,49,3,816,3,907
evaluation__6882__denoise__boundary_probe__nes__l0.5,1021,49,5,644,4,797
evaluation__6882__denoise__counterfactual__nes__l0.5,1021,48,7,684,5,812
evaluation__6882__deblur__attack__nes__l1,1021,47,18,272,11,402
evaluation__6882__deblur__restore__nes__l1,1021,49,7,303,5,407
evaluation__6882__deblur__random_walk__random_walk__l1,1024,49,2,1023,2,1023
evaluation__6882__deblur__confidence_boost__nes__l1,1021,49,14,489,14,615
evaluation__6882__deblur__boundary_probe__nes__l1,1021,48,6,376,4,508
evaluation__6882__deblur__counterfactual__nes__l1,1021,47,18,239,7,366
evaluation__9785__denoise__attack__nes__l0.5,1021,48,3,476,3,611
evaluation__9785__denoise__restore__nes__l0.5,1021,49,18,344,7,507
evaluation__9785__denoise__random_walk__random_walk__l0.5,1024,50,2,1023,2,1023
evaluation__9785__denoise__confidence_boost__nes__l0.5,1021,49,12,389,6,532
evaluation__9785__denoise__boundary_probe__nes__l0.5,1021,48,8,458,8,601
evaluation__9785__denoise__counterfactual__nes__l0.5,1021,48,5,303,4,457
evaluation__9785__deblur__attack__nes__l1,1021,49,4,325,4,462
evaluation__9785__deblur__restore__nes__l1,1021,48,8,399,8,540
evaluation__9785__deblur__random_walk__random_walk__l1,1024,49,2,1023,2,1023
evaluation__9785__deblur__confidence_boost__nes__l1,1021,48,6,240,6,359
evaluation__9785__deblur__boundary_probe__nes__l1,1021,47,15,176,11,238
evaluation__9785__deblur__counterfactual__nes__l1,1021,48,7,253,7,373
evaluation__4533__denoise__attack__nes__l0.5,1021,48,18,260,18,343
evaluation__4533__denoise__restore__nes__l0.5,1021,48,7,162,7,263
evaluation__4533__denoise__random_walk__random_walk__l0.5,1024,50,2,1023,2,1023
evaluation__4533__denoise__confidence_boost__nes__l0.5,1021,47,18,182,14,288
evaluation__4533__denoise__boundary_probe__nes__l0.5,1021,47,2,280,2,403
evaluation__4533__denoise__counterfactual__nes__l0.5,1021,47,12,213,3,319
evaluation__4533__deblur__attack__nes__l1,1021,48,18,176,12,265
evaluation__4533__deblur__restore__nes__l1,1021,48,18,149,18,236
evaluation__4533__deblur__random_walk__random_walk__l1,1024,49,2,1023,2,1023
evaluation__4533__deblur__confidence_boost__nes__l1,1021,48,18,129,18,179
evaluation__4533__deblur__boundary_probe__nes__l1,1021,48,18,110,15,181
evaluation__4533__deblur__counterfactual__nes__l1,1021,48,8,152,8,238
evaluation__3041__denoise__attack__nes__l0.5,1021,48,6,432,6,566
evaluation__3041__denoise__restore__nes__l0.5,1021,48,2,192,2,294
evaluation__3041__denoise__random_walk__random_walk__l0.5,1024,49,2,1023,2,1023
evaluation__3041__denoise__confidence_boost__nes__l0.5,1021,48,6,273,6,389
evaluation__3041__denoise__boundary_probe__nes__l0.5,1021,48,2,259,2,382
evaluation__3041__denoise__counterfactual__nes__l0.5,1021,47,4,300,4,436
evaluation__3041__deblur__attack__nes__l1,1021,48,11,406,2,546
evaluation__3041__deblur__restore__nes__l1,1021,48,3,483,3,639
evaluation__3041__deblur__random_walk__random_walk__l1,1024,49,2,1023,2,1023
evaluation__3041__deblur__confidence_boost__nes__l1,1021,47,10,381,4,508
evaluation__3041__deblur__boundary_probe__nes__l1,1021,48,2,340,2,478
evaluation__3041__deblur__counterfactual__nes__l1,1021,46,5,181,5,265
evaluation__732__denoise__attack__nes__l0.5,1021,47,2,240,2,332
evaluation__732__denoise__restore__nes__l0.5,1021,49,3,622,3,735
evaluation__732__denoise__random_walk__random_walk__l0.5,1024,49,2,1023,2,1023
evaluation__732__denoise__confidence_boost__nes__l0.5,1021,49,7,461,7,594
evaluation__732__denoise__boundary_probe__nes__l0.5,1021,48,5,312,5,449
evaluation__732__denoise__counterfactual__nes__l0.5,1021,49,2,344,2,484
evaluation__732__deblur__attack__nes__l1,1021,48,12,585,12,725
evaluation__732__deblur__restore__nes__l1,1021,48,16,510,2,639
evaluation__732__deblur__random_walk__random_walk__l1,1024,50,2,1023,2,1023
evaluation__732__deblur__confidence_boost__nes__l1,1021,49,11,387,4,548
evaluation__732__deblur__boundary_probe__nes__l1,1021,48,6,667,6,799
evaluation__732__deblur__counterfactual__nes__l1,1021,48,8,361,8,483
evaluation__10260__denoise__attack__nes__l0.5,1021,49,2,709,2,827
evaluation__10260__denoise__restore__nes__l0.5,1021,49,2,620,2,770
evaluation__10260__denoise__random_walk__random_walk__l0.5,1024,50,2,1023,2,1023
evaluation__10260__denoise__confidence_boost__nes__l0.5,1021,48,8,709,8,820
evaluation__10260__denoise__boundary_probe__nes__l0.5,1021,49,4,721,3,835
evaluation__10260__denoise__counterfactual__nes__l0.5,1021,48,3,694,3,831
evaluation__10260__deblur__attack__nes__l1,1021,48,8,462,3,593
evaluation__10260__deblur__restore__nes__l1,1021,49,6,509,6,635
evaluation__10260__deblur__random_walk__random_walk__l1,1024,49,2,1023,2,1023
evaluation__10260__deblur__confidence_boost__nes__l1,1021,48,2,306,2,452
evaluation__10260__deblur__boundary_probe__nes__l1,1021,48,3,341,3,495
evaluation__10260__deblur__counterfactual__nes__l1,1021,49,2,561,2,699
evaluation__11723__denoise__attack__nes__l0.5,1021,48,3,522,3,680
evaluation__11723__denoise__restore__nes__l0.5,1021,49,3,424,3,565
evaluation__11723__denoise__random_walk__random_walk__l0.5,1024,50,2,1023,2,1023
evaluation__11723__denoise__confidence_boost__nes__l0.5,1021,48,12,484,12,638
evaluation__11723__denoise__boundary_probe__nes__l0.5,1021,48,13,435,7,556
evaluation__11723__denoise__counterfactual__nes__l0.5,1021,48,10,313,10,440
evaluation__11723__deblur__attack__nes__l1,1021,48,18,420,13,544
evaluation__11723__deblur__restore__nes__l1,1021,49,2,433,2,576
evaluation__11723__deblur__random_walk__random_walk__l1,1024,49,2,1023,2,1023
evaluation__11723__deblur__confidence_boost__nes__l1,1021,49,9,403,5,531
evaluation__11723__deblur__boundary_probe__nes__l1,1021,48,13,386,6,512
evaluation__11723__deblur__counterfactual__nes__l1,1021,49,17,317,17,460
evaluation__3586__denoise__attack__nes__l0.5,1021,48,3,173,3,266
evaluation__3586__denoise__restore__nes__l0.5,1021,48,17,318,17,445
evaluation__3586__denoise__random_walk__random_walk__l0.5,1024,49,2,1023,2,1023
evaluation__3586__denoise__confidence_boost__nes__l0.5,1021,47,18,199,18,299
evaluation__3586__denoise__boundary_probe__nes__l0.5,1021,48,18,307,6,436
evaluation__3586__denoise__counterfactual__nes__l0.5,1021,47,12,133,12,200
evaluation__3586__deblur__attack__nes__l1,1021,49,4,485,4,631
evaluation__3586__deblur__restore__nes__l1,1021,48,6,462,5,609
evaluation__3586__deblur__random_walk__random_walk__l1,1024,49,2,1023,2,1023
evaluation__3586__deblur__confidence_boost__nes__l1,1021,49,3,472,3,634
evaluation__3586__deblur__boundary_probe__nes__l1,1021,48,12,458,11,592
evaluation__3586__deblur__counterfactual__nes__l1,1021,48,11,337,4,453
evaluation__2584__denoise__attack__nes__l0.5,1021,47,6,433,3,580
evaluation__2584__denoise__restore__nes__l0.5,1021,48,17,290,10,437
evaluation__2584__denoise__random_walk__random_walk__l0.5,1024,50,2,1023,2,1023
evaluation__2584__denoise__confidence_boost__nes__l0.5,1021,47,18,492,11,657
evaluation__2584__denoise__boundary_probe__nes__l0.5,1021,47,2,372,2,512
evaluation__2584__denoise__counterfactual__nes__l0.5,1021,48,8,482,8,640
evaluation__2584__deblur__attack__nes__l1,1021,47,6,208,6,300
evaluation__2584__deblur__restore__nes__l1,1021,47,18,93,4,132
evaluation__2584__deblur__random_walk__random_walk__l1,1024,49,2,1023,2,1023
evaluation__2584__deblur__confidence_boost__nes__l1,1021,46,18,80,18,96
evaluation__2584__deblur__boundary_probe__nes__l1,1021,48,18,91,18,127
evaluation__2584__deblur__counterfactual__nes__l1,1021,48,6,94,6,127
evaluation__3143__denoise__attack__nes__l0.5,1021,48,6,326,6,469
evaluation__3143__denoise__restore__nes__l0.5,1021,48,18,264,18,402
evaluation__3143__denoise__random_walk__random_walk__l0.5,1024,49,2,1023,2,1023
evaluation__3143__denoise__confidence_boost__nes__l0.5,1021,49,10,296,10,397
evaluation__3143__denoise__boundary_probe__nes__l0.5,1021,48,18,126,13,205
evaluation__3143__denoise__counterfactual__nes__l0.5,1021,48,18,173,12,263
evaluation__3143__deblur__attack__nes__l1,1021,48,2,707,2,843
evaluation__3143__deblur__restore__nes__l1,1021,48,4,772,4,886
evaluation__3143__deblur__random_walk__random_walk__l1,1024,49,2,1023,2,1023
evaluation__3143__deblur__confidence_boost__nes__l1,1021,48,4,825,4,899
evaluation__3143__deblur__boundary_probe__nes__l1,1021,49,4,889,4,950
evaluation__3143__deblur__counterfactual__nes__l1,1021,48,2,827,2,907
evaluation__8299__denoise__attack__nes__l0.5,1021,49,6,321,4,451
evaluation__8299__denoise__restore__nes__l0.5,1021,48,18,490,10,632
evaluation__8299__denoise__random_walk__random_walk__l0.5,1024,49,2,1023,2,1023
evaluation__8299__denoise__confidence_boost__nes__l0.5,1021,49,4,570,4,694
evaluation__8299__denoise__boundary_probe__nes__l0.5,1021,48,12,242,11,366
evaluation__8299__denoise__counterfactual__nes__l0.5,1021,48,18,257,6,383
evaluation__8299__deblur__attack__nes__l1,1021,48,4,431,4,585
evaluation__8299__deblur__restore__nes__l1,1021,48,2,387,2,526
evaluation__8299__deblur__random_walk__random_walk__l1,1024,49,2,1023,2,1023
evaluation__8299__deblur__confidence_boost__nes__l1,1021,48,2,303,2,435
evaluation__8299__deblur__boundary_probe__nes__l1,1021,49,3,207,3,306
evaluation__8299__deblur__counterfactual__nes__l1,1021,48,14,278,8,394
evaluation__7346__denoise__attack__nes__l0.5,1021,48,2,206,2,320
evaluation__7346__denoise__restore__nes__l0.5,1021,47,4,198,2,285
evaluation__7346__denoise__random_walk__random_walk__l0.5,1024,50,2,1023,2,1023
evaluation__7346__denoise__confidence_boost__nes__l0.5,1021,46,18,242,11,354
evaluation__7346__denoise__boundary_probe__nes__l0.5,1021,47,3,195,3,308
evaluation__7346__denoise__counterfactual__nes__l0.5,1021,47,8,228,8,358
evaluation__7346__deblur__attack__nes__l1,1021,48,3,563,3,719
evaluation__7346__deblur__restore__nes__l1,1021,47,18,502,6,651
evaluation__7346__deblur__random_walk__random_walk__l1,1024,49,2,1023,2,1023
evaluation__7346__deblur__confidence_boost__nes__l1,1021,48,8,521,8,694
evaluation__7346__deblur__boundary_probe__nes__l1,1021,47,8,573,2,715
evaluation__7346__deblur__counterfactual__nes__l1,1021,48,2,538,2,682
evaluation__2611__denoise__attack__nes__l0.5,1021,49,3,382,3,513
evaluation__2611__denoise__restore__nes__l0.5,1021,48,2,258,2,376
evaluation__2611__denoise__random_walk__random_walk__l0.5,1024,49,2,1023,2,1023
evaluation__2611__denoise__confidence_boost__nes__l0.5,1021,48,8,562,8,682
evaluation__2611__denoise__boundary_probe__nes__l0.5,1021,49,4,463,4,597
evaluation__2611__denoise__counterfactual__nes__l0.5,1021,49,3,595,2,714
evaluation__2611__deblur__attack__nes__l1,1021,50,5,668,3,782
evaluation__2611__deblur__restore__nes__l1,1021,49,3,744,3,852
evaluation__2611__deblur__random_walk__random_walk__l1,1024,49,2,1023,2,1023
evaluation__2611__deblur__confidence_boost__nes__l1,1021,48,9,526,2,665
evaluation__2611__deblur__boundary_probe__nes__l1,1021,49,6,705,6,818
evaluation__2611__deblur__counterfactual__nes__l1,1021,48,2,436,2,561
evaluation__3487__denoise__attack__nes__l0.5,1021,47,9,342,9,493
evaluation__3487__denoise__restore__nes__l0.5,1021,48,18,402,3,563
evaluation__3487__denoise__random_walk__random_walk__l0.5,1024,50,2,1023,2,1023
evaluation__3487__denoise__confidence_boost__nes__l0.5,1021,48,12,442,5,592
evaluation__3487__denoise__boundary_probe__nes__l0.5,1021,48,2,316,2,479
evaluation__3487__denoise__counterfactual__nes__l0.5,1021,47,18,416,3,556
evaluation__3487__deblur__attack__nes__l1,1021,48,3,511,3,642
evaluation__3487__deblur__restore__nes__l1,1021,49,5,435,3,561
evaluation__3487__deblur__random_walk__random_walk__l1,1024,49,2,1023,2,1023
evaluation__3487__deblur__confidence_boost__nes__l1,1021,48,3,481,3,625
evaluation__3487__deblur__boundary_probe__nes__l1,1021,48,3,613,3,748
evaluation__3487__deblur__counterfactual__nes__l1,1021,48,5,687,5,807
evaluation__6028__denoise__attack__nes__l0.5,1021,48,9,500,9,620
evaluation__6028__denoise__restore__nes__l0.5,1021,49,4,271,4,402
evaluation__6028__denoise__random_walk__random_walk__l0.5,1024,49,2,1023,2,1023
evaluation__6028__denoise__confidence_boost__nes__l0.5,1021,49,2,398,2,547
evaluation__6028__denoise__boundary_probe__nes__l0.5,1021,47,8,496,8,616
evaluation__6028__denoise__counterfactual__nes__l0.5,1021,49,7,346,4,486
evaluation__6028__deblur__attack__nes__l1,1021,49,2,637,2,755
evaluation__6028__deblur__restore__nes__l1,1021,50,2,854,2,938
evaluation__6028__deblur__random_walk__random_walk__l1,1024,50,2,1023,2,1023
evaluation__6028__deblur__confidence_boost__nes__l1,1021,50,2,728,2,846
evaluation__6028__deblur__boundary_probe__nes__l1,1021,50,4,855,4,943
evaluation__6028__deblur__counterfactual__nes__l1,1021,50,2,877,2,947
evaluation__6108__denoise__attack__nes__l0.5,1021,48,4,349,4,468
evaluation__6108__denoise__restore__nes__l0.5,1021,47,15,237,15,354
evaluation__6108__denoise__random_walk__random_walk__l0.5,1024,50,2,1023,2,1023
evaluation__6108__denoise__confidence_boost__nes__l0.5,1021,50,3,555,2,682
evaluation__6108__denoise__boundary_probe__nes__l0.5,1021,48,12,384,6,525
evaluation__6108__denoise__counterfactual__nes__l0.5,1021,48,3,389,3,524
evaluation__6108__deblur__attack__nes__l1,1021,50,9,514,9,676
evaluation__6108__deblur__restore__nes__l1,1021,49,7,285,7,402
evaluation__6108__deblur__random_walk__random_walk__l1,1024,50,2,1023,2,1023
evaluation__6108__deblur__confidence_boost__nes__l1,1021,48,7,388,6,535
evaluation__6108__deblur__boundary_probe__nes__l1,1021,49,9,444,2,593
evaluation__6108__deblur__counterfactual__nes__l1,1021,48,18,326,11,468
evaluation__11375__denoise__attack__nes__l0.5,1021,48,2,148,2,211
evaluation__11375__denoise__restore__nes__l0.5,1021,48,18,246,4,348
evaluation__11375__denoise__random_walk__random_walk__l0.5,1024,49,2,1023,2,1023
evaluation__11375__denoise__confidence_boost__nes__l0.5,1021,48,18,255,4,380
evaluation__11375__denoise__boundary_probe__nes__l0.5,1021,46,9,172,9,257
evaluation__11375__denoise__counterfactual__nes__l0.5,1021,46,4,400,4,573
evaluation__11375__deblur__attack__nes__l1,1021,48,2,509,2,659
evaluation__11375__deblur__restore__nes__l1,1021,48,3,515,3,683
evaluation__11375__deblur__random_walk__random_walk__l1,1024,49,2,1023,2,1023
evaluation__11375__deblur__confidence_boost__nes__l1,1021,49,5,417,5,568
evaluation__11375__deblur__boundary_probe__nes__l1,1021,49,4,350,4,484
evaluation__11375__deblur__counterfactual__nes__l1,1021,47,2,457,2,602
evaluation__4208__denoise__attack__nes__l0.5,1021,49,2,765,2,876
evaluation__4208__denoise__restore__nes__l0.5,1021,49,2,886,2,956
evaluation__4208__denoise__random_walk__random_walk__l0.5,1024,50,2,1023,2,1023
evaluation__4208__denoise__confidence_boost__nes__l0.5,1021,48,2,876,2,950
evaluation__4208__denoise__boundary_probe__nes__l0.5,1021,50,2,921,2,977
evaluation__4208__denoise__counterfactual__nes__l0.5,1021,48,2,891,2,960
evaluation__4208__deblur__attack__nes__l1,1021,48,17,528,7,669
evaluation__4208__deblur__restore__nes__l1,1021,47,4,494,4,641
evaluation__4208__deblur__random_walk__random_walk__l1,1024,49,2,1023,2,1023
evaluation__4208__deblur__confidence_boost__nes__l1,1021,48,2,460,2,603
evaluation__4208__deblur__boundary_probe__nes__l1,1021,48,4,411,4,535
evaluation__4208__deblur__counterfactual__nes__l1,1021,50,9,460,4,597
evaluation__1150__denoise__attack__nes__l0.5,1021,49,7,509,7,662
evaluation__1150__denoise__restore__nes__l0.5,1021,48,9,524,9,650
evaluation__1150__denoise__random_walk__random_walk__l0.5,1024,49,2,1023,2,1023
evaluation__1150__denoise__confidence_boost__nes__l0.5,1021,47,10,347,10,503
evaluation__1150__denoise__boundary_probe__nes__l0.5,1021,47,13,335,12,492
evaluation__1150__denoise__counterfactual__nes__l0.5,1021,47,14,513,3,664
evaluation__1150__deblur__attack__nes__l1,1021,47,18,140,6,204
evaluation__1150__deblur__restore__nes__l1,1021,47,18,143,18,215
evaluation__1150__deblur__random_walk__random_walk__l1,1024,49,2,1023,2,1023
evaluation__1150__deblur__confidence_boost__nes__l1,1021,47,17,223,17,334
evaluation__1150__deblur__boundary_probe__nes__l1,1021,47,18,208,18,316
evaluation__1150__deblur__counterfactual__nes__l1,1021,47,18,256,18,369
evaluation__7070__denoise__attack__nes__l0.5,1021,48,16,250,13,362
evaluation__7070__denoise__restore__nes__l0.5,1021,48,6,173,6,254
evaluation__7070__denoise__random_walk__random_walk__l0.5,1024,50,2,1023,2,1023
evaluation__7070__denoise__confidence_boost__nes__l0.5,1021,48,17,253,5,352
evaluation__7070__denoise__boundary_probe__nes__l0.5,1021,49,8,336,8,465
evaluation__7070__denoise__counterfactual__nes__l0.5,1021,47,18,215,3,324
evaluation__7070__deblur__attack__nes__l1,1021,49,16,376,16,503
evaluation__7070__deblur__restore__nes__l1,1021,49,3,383,3,524
evaluation__7070__deblur__random_walk__random_walk__l1,1024,49,2,1023,2,1023
evaluation__7070__deblur__confidence_boost__nes__l1,1021,48,7,219,7,337
evaluation__7070__deblur__boundary_probe__nes__l1,1021,47,14,315,14,460
evaluation__7070__deblur__counterfactual__nes__l1,1021,47,18,264,18,392
evaluation__6027__denoise__attack__nes__l0.5,1021,47,17,249,17,336
evaluation__6027__denoise__restore__nes__l0.5,1021,48,18,210,7,297
evaluation__6027__denoise__random_walk__random_walk__l0.5,1024,49,2,1023,2,1023
evaluation__6027__denoise__confidence_boost__nes__l0.5,1021,48,14,238,8,334
evaluation__6027__denoise__boundary_probe__nes__l0.5,1021,48,18,281,18,385
evaluation__6027__denoise__counterfactual__nes__l0.5,1021,47,18,273,18,397
evaluation__6027__deblur__attack__nes__l1,1021,48,3,300,2,444
evaluation__6027__deblur__restore__nes__l1,1021,48,5,377,5,514
evaluation__6027__deblur__random_walk__random_walk__l1,1024,50,2,1023,2,1023
evaluation__6027__deblur__confidence_boost__nes__l1,1021,49,3,566,3,722
evaluation__6027__deblur__boundary_probe__nes__l1,1021,49,14,399,14,560
evaluation__6027__deblur__counterfactual__nes__l1,1021,49,3,420,3,594
evaluation__6562__denoise__attack__nes__l0.5,1021,49,4,515,3,642
evaluation__6562__denoise__restore__nes__l0.5,1021,47,2,455,2,599
evaluation__6562__denoise__random_walk__random_walk__l0.5,1024,49,2,1023,2,1023
evaluation__6562__denoise__confidence_boost__nes__l0.5,1021,48,3,552,3,690
evaluation__6562__denoise__boundary_probe__nes__l0.5,1021,47,2,259,2,360
evaluation__6562__denoise__counterfactual__nes__l0.5,1021,49,9,604,9,749
evaluation__6562__deblur__attack__nes__l1,1021,49,4,439,3,584
evaluation__6562__deblur__restore__nes__l1,1021,49,10,718,4,826
evaluation__6562__deblur__random_walk__random_walk__l1,1024,50,2,1023,2,1023
evaluation__6562__deblur__confidence_boost__nes__l1,1021,49,4,529,4,664
evaluation__6562__deblur__boundary_probe__nes__l1,1021,50,3,549,2,704
evaluation__6562__deblur__counterfactual__nes__l1,1021,48,4,587,4,712
evaluation__3789__denoise__attack__nes__l0.5,1021,48,6,350,3,518
evaluation__3789__denoise__restore__nes__l0.5,1021,48,9,523,9,686
evaluation__3789__denoise__random_walk__random_walk__l0.5,1024,50,2,1023,2,1023
evaluation__3789__denoise__confidence_boost__nes__l0.5,1021,48,18,420,5,582
evaluation__3789__denoise__boundary_probe__nes__l0.5,1021,50,8,547,8,693
evaluation__3789__denoise__counterfactual__nes__l0.5,1021,49,15,376,8,493
evaluation__3789__deblur__attack__nes__l1,1021,48,3,826,2,912
evaluation__3789__deblur__restore__nes__l1,1021,47,2,857,2,936
evaluation__3789__deblur__random_walk__random_walk__l1,1024,50,2,1023,2,1023
evaluation__3789__deblur__confidence_boost__nes__l1,1021,49,4,858,4,939
evaluation__3789__deblur__boundary_probe__nes__l1,1021,49,3,762,3,870
evaluation__3789__deblur__counterfactual__nes__l1,1021,49,2,842,2,920
evaluation__4785__denoise__attack__nes__l0.5,1021,49,4,883,4,941
evaluation__4785__denoise__restore__nes__l0.5,1021,48,2,672,2,788
evaluation__4785__denoise__random_walk__random_walk__l0.5,1024,50,2,1023,2,1023
evaluation__4785__denoise__confidence_boost__nes__l0.5,1021,48,2,605,2,740
evaluation__4785__denoise__boundary_probe__nes__l0.5,1021,49,12,567,4,708
evaluation__4785__denoise__counterfactual__nes__l0.5,1021,48,4,615,3,753
evaluation__4785__deblur__attack__nes__l1,1021,48,10,394,10,538
evaluation__4785__deblur__restore__nes__l1,1021,48,17,287,10,418
evaluation__4785__deblur__random_walk__random_walk__l1,1024,49,2,1023,2,1023
evaluation__4785__deblur__confidence_boost__nes__l1,1021,47,14,373,4,521
evaluation__4785__deblur__boundary_probe__nes__l1,1021,47,8,216,8,331
evaluation__4785__deblur__counterfactual__nes__l1,1021,48,4,217,4,328
evaluation__2544__denoise__attack__nes__l0.5,1021,47,3,406,3,542
evaluation__2544__denoise__restore__nes__l0.5,1021,49,12,308,6,435
evaluation__2544__denoise__random_walk__random_walk__l0.5,1024,49,2,1023,2,1023
evaluation__2544__denoise__confidence_boost__nes__l0.5,1021,49,8,400,2,548
evaluation__2544__denoise__boundary_probe__nes__l0.5,1021,49,12,418,12,560
evaluation__2544__denoise__counterfactual__nes__l0.5,1021,49,3,441,3,601
evaluation__2544__deblur__attack__nes__l1,1021,48,18,352,18,509
evaluation__2544__deblur__restore__nes__l1,1021,50,18,325,18,477
evaluation__2544__deblur__random_walk__random_walk__l1,1024,49,2,1023,2,1023
evaluation__2544__deblur__confidence_boost__nes__l1,1021,48,15,469,15,590
evaluation__2544__deblur__boundary_probe__nes__l1,1021,48,18,242,18,367
evaluation__2544__deblur__counterfactual__nes__l1,1021,49,18,334,18,476
evaluation__7267__denoise__attack__nes__l0.5,1021,49,3,488,3,606
evaluation__7267__denoise__restore__nes__l0.5,1021,47,15,264,5,400
evaluation__7267__denoise__random_walk__random_walk__l0.5,1024,49,2,1023,2,1023
evaluation__7267__denoise__confidence_boost__nes__l0.5,1021,49,4,568,3,688
evaluation__7267__denoise__boundary_probe__nes__l0.5,1021,48,8,422,4,555
evaluation__7267__denoise__counterfactual__nes__l0.5,1021,47,4,494,4,622
evaluation__7267__deblur__attack__nes__l1,1021,48,12,303,12,418
evaluation__7267__deblur__restore__nes__l1,1021,47,7,225,7,362
evaluation__7267__deblur__random_walk__random_walk__l1,1024,50,2,1023,2,1023
evaluation__7267__deblur__confidence_boost__nes__l1,1021,49,12,396,2,532
evaluation__7267__deblur__boundary_probe__nes__l1,1021,49,3,468,3,591
evaluation__7267__deblur__counterfactual__nes__l1,1021,48,3,403,3,563
evaluation__11889__denoise__attack__nes__l0.5,1021,48,3,315,3,435
evaluation__11889__denoise__restore__nes__l0.5,1021,49,2,587,2,729
evaluation__11889__denoise__random_walk__random_walk__l0.5,1024,50,2,1023,2,1023
evaluation__11889__denoise__confidence_boost__nes__l0.5,1021,47,4,288,4,423
evaluation__11889__denoise__boundary_probe__nes__l0.5,1021,48,4,441,3,593
evaluation__11889__denoise__counterfactual__nes__l0.5,1021,48,3,360,3,522
evaluation__11889__deblur__attack__nes__l1,1021,48,4,337,3,473
evaluation__11889__deblur__restore__nes__l1,1021,49,3,393,3,532
evaluation__11889__deblur__random_walk__random_walk__l1,1024,49,2,1023,2,1023
evaluation__11889__deblur__confidence_boost__nes__l1,1021,50,3,423,3,554
evaluation__11889__deblur__boundary_probe__nes__l1,1021,48,10,560,10,714
evaluation__11889__deblur__counterfactual__nes__l1,1021,49,2,553,2,695
fit__6333__denoise__attack__nes__l0.5,1021,49,2,371,2,499
fit__6333__denoise__restore__nes__l0.5,1021,48,9,348,9,470
fit__6333__denoise__random_walk__random_walk__l0.5,1024,50,2,1023,2,1023
fit__6333__denoise__confidence_boost__nes__l0.5,1021,49,3,279,2,388
fit__6333__denoise__boundary_probe__nes__l0.5,1021,47,4,300,4,425
fit__6333__denoise__counterfactual__nes__l0.5,1021,49,3,338,3,447
fit__6333__deblur__attack__nes__l1,1021,48,2,656,2,791
fit__6333__deblur__restore__nes__l1,1021,47,6,692,3,812
fit__6333__deblur__random_walk__random_walk__l1,1024,49,2,1023,2,1023
fit__6333__deblur__confidence_boost__nes__l1,1021,49,3,776,3,871
fit__6333__deblur__boundary_probe__nes__l1,1021,47,5,711,4,839
fit__6333__deblur__counterfactual__nes__l1,1021,49,2,673,2,814
fit__7729__denoise__attack__nes__l0.5,1021,47,18,226,18,324
fit__7729__denoise__restore__nes__l0.5,1021,48,18,276,18,385
fit__7729__denoise__random_walk__random_walk__l0.5,1024,49,2,1023,2,1023
fit__7729__denoise__confidence_boost__nes__l0.5,1021,48,18,329,18,466
fit__7729__denoise__boundary_probe__nes__l0.5,1021,47,12,229,5,330
fit__7729__denoise__counterfactual__nes__l0.5,1021,47,18,353,18,479
fit__7729__deblur__attack__nes__l1,1021,49,11,370,6,499
fit__7729__deblur__restore__nes__l1,1021,49,2,647,2,756
fit__7729__deblur__random_walk__random_walk__l1,1024,50,2,1023,2,1023
fit__7729__deblur__confidence_boost__nes__l1,1021,49,4,452,2,592
fit__7729__deblur__boundary_probe__nes__l1,1021,49,6,706,6,837
fit__7729__deblur__counterfactual__nes__l1,1021,49,11,666,3,794
fit__3952__denoise__attack__nes__l0.5,1021,48,3,217,3,327
fit__3952__denoise__restore__nes__l0.5,1021,48,10,149,10,207
fit__3952__denoise__random_walk__random_walk__l0.5,1024,49,2,1023,2,1023
fit__3952__denoise__confidence_boost__nes__l0.5,1021,47,10,189,10,260
fit__3952__denoise__boundary_probe__nes__l0.5,1021,49,18,337,5,481
fit__3952__denoise__counterfactual__nes__l0.5,1021,47,18,271,18,368
fit__3952__deblur__attack__nes__l1,1021,47,14,197,14,288
fit__3952__deblur__restore__nes__l1,1021,47,18,153,7,249
fit__3952__deblur__random_walk__random_walk__l1,1024,49,2,1023,2,1023
fit__3952__deblur__confidence_boost__nes__l1,1021,48,18,181,4,255
fit__3952__deblur__boundary_probe__nes__l1,1021,48,7,193,7,268
fit__3952__deblur__counterfactual__nes__l1,1021,48,5,144,5,214
fit__1756__denoise__attack__nes__l0.5,1021,49,2,704,2,830
fit__1756__denoise__restore__nes__l0.5,1021,48,4,629,4,770
fit__1756__denoise__random_walk__random_walk__l0.5,1024,49,2,1023,2,1023
fit__1756__denoise__confidence_boost__nes__l0.5,1021,48,2,829,2,927
fit__1756__denoise__boundary_probe__nes__l0.5,1021,50,2,690,2,828
fit__1756__denoise__counterfactual__nes__l0.5,1021,48,4,390,2,527
fit__1756__deblur__attack__nes__l1,1021,48,5,333,5,471
fit__1756__deblur__restore__nes__l1,1021,49,13,479,8,608
fit__1756__deblur__random_walk__random_walk__l1,1024,50,2,1023,2,1023
fit__1756__deblur__confidence_boost__nes__l1,1021,48,18,304,4,456
fit__1756__deblur__boundary_probe__nes__l1,1021,48,6,411,6,556
fit__1756__deblur__counterfactual__nes__l1,1021,47,2,195,2,280
fit__6201__denoise__attack__nes__l0.5,1021,48,18,423,3,587
fit__6201__denoise__restore__nes__l0.5,1021,48,14,401,12,555
fit__6201__denoise__random_walk__random_walk__l0.5,1024,49,2,1023,2,1023
fit__6201__denoise__confidence_boost__nes__l0.5,1021,49,4,455,4,580
fit__6201__denoise__boundary_probe__nes__l0.5,1021,47,2,494,2,631
fit__6201__denoise__counterfactual__nes__l0.5,1021,50,9,360,6,508
fit__6201__deblur__attack__nes__l1,1021,49,7,434,7,565
fit__6201__deblur__restore__nes__l1,1021,48,2,519,2,667
fit__6201__deblur__random_walk__random_walk__l1,1024,49,2,1023,2,1023
fit__6201__deblur__confidence_boost__nes__l1,1021,48,6,478,6,607
fit__6201__deblur__boundary_probe__nes__l1,1021,48,2,574,2,722
fit__6201__deblur__counterfactual__nes__l1,1021,48,5,494,4,658
fit__5451__denoise__attack__nes__l0.5,1021,48,10,352,5,506
fit__5451__denoise__restore__nes__l0.5,1021,48,7,372,7,514
fit__5451__denoise__random_walk__random_walk__l0.5,1024,50,2,1023,2,1023
fit__5451__denoise__confidence_boost__nes__l0.5,1021,48,2,325,2,466
fit__5451__denoise__boundary_probe__nes__l0.5,1021,47,3,480,2,656
fit__5451__denoise__counterfactual__nes__l0.5,1021,49,10,400,5,529
fit__5451__deblur__attack__nes__l1,1021,47,3,352,3,482
fit__5451__deblur__restore__nes__l1,1021,49,15,421,13,559
fit__5451__deblur__random_walk__random_walk__l1,1024,50,2,1023,2,1023
fit__5451__deblur__confidence_boost__nes__l1,1021,48,3,468,3,595
fit__5451__deblur__boundary_probe__nes__l1,1021,49,13,479,13,643
fit__5451__deblur__counterfactual__nes__l1,1021,49,3,547,2,682
fit__2777__denoise__attack__nes__l0.5,1021,49,3,439,3,576
fit__2777__denoise__restore__nes__l0.5,1021,49,12,383,6,517
fit__2777__denoise__random_walk__random_walk__l0.5,1024,49,2,1023,2,1023
fit__2777__denoise__confidence_boost__nes__l0.5,1021,48,15,259,10,396
fit__2777__denoise__boundary_probe__nes__l0.5,1021,48,9,263,9,396
fit__2777__denoise__counterfactual__nes__l0.5,1021,49,8,467,8,611
fit__2777__deblur__attack__nes__l1,1021,48,2,603,2,735
fit__2777__deblur__restore__nes__l1,1021,49,3,744,3,861
fit__2777__deblur__random_walk__random_walk__l1,1024,50,2,1023,2,1023
fit__2777__deblur__confidence_boost__nes__l1,1021,50,2,799,2,908
fit__2777__deblur__boundary_probe__nes__l1,1021,49,4,627,4,767
fit__2777__deblur__counterfactual__nes__l1,1021,48,5,746,5,856
fit__4191__denoise__attack__nes__l0.5,1021,47,8,238,8,343
fit__4191__denoise__restore__nes__l0.5,1021,48,9,320,4,446
fit__4191__denoise__random_walk__random_walk__l0.5,1024,49,2,1023,2,1023
fit__4191__denoise__confidence_boost__nes__l0.5,1021,48,2,200,2,291
fit__4191__denoise__boundary_probe__nes__l0.5,1021,47,10,291,9,421
fit__4191__denoise__counterfactual__nes__l0.5,1021,48,9,283,9,419
fit__4191__deblur__attack__nes__l1,1021,48,18,196,18,293
fit__4191__deblur__restore__nes__l1,1021,47,18,84,18,108
fit__4191__deblur__random_walk__random_walk__l1,1024,50,2,1023,2,1023
fit__4191__deblur__confidence_boost__nes__l1,1021,47,16,242,16,333
fit__4191__deblur__boundary_probe__nes__l1,1021,48,18,233,18,324
fit__4191__deblur__counterfactual__nes__l1,1021,47,18,127,18,195
fit__10921__denoise__attack__nes__l0.5,1021,49,14,431,3,605
fit__10921__denoise__restore__nes__l0.5,1021,48,4,586,4,734
fit__10921__denoise__random_walk__random_walk__l0.5,1024,50,2,1023,2,1023
fit__10921__denoise__confidence_boost__nes__l0.5,1021,47,3,409,3,556
fit__10921__denoise__boundary_probe__nes__l0.5,1021,48,12,632,3,784
fit__10921__denoise__counterfactual__nes__l0.5,1021,49,2,372,2,532
fit__10921__deblur__attack__nes__l1,1021,47,12,305,12,430
fit__10921__deblur__restore__nes__l1,1021,47,2,368,2,484
fit__10921__deblur__random_walk__random_walk__l1,1024,49,2,1023,2,1023
fit__10921__deblur__confidence_boost__nes__l1,1021,48,15,310,15,407
fit__10921__deblur__boundary_probe__nes__l1,1021,47,8,216,8,331
fit__10921__deblur__counterfactual__nes__l1,1021,48,5,143,5,215
fit__2847__denoise__attack__nes__l0.5,1021,48,5,572,3,724
fit__2847__denoise__restore__nes__l0.5,1021,48,5,616,5,735
fit__2847__denoise__random_walk__random_walk__l0.5,1024,50,2,1023,2,1023
fit__2847__denoise__confidence_boost__nes__l0.5,1021,48,2,576,2,711
fit__2847__denoise__boundary_probe__nes__l0.5,1021,49,2,747,2,843
fit__2847__denoise__counterfactual__nes__l0.5,1021,49,2,727,2,818
fit__2847__deblur__attack__nes__l1,1021,48,15,365,15,518
fit__2847__deblur__restore__nes__l1,1021,49,2,590,2,728
fit__2847__deblur__random_walk__random_walk__l1,1024,49,2,1023,2,1023
fit__2847__deblur__confidence_boost__nes__l1,1021,48,7,242,7,377
fit__2847__deblur__boundary_probe__nes__l1,1021,48,2,421,2,566
fit__2847__deblur__counterfactual__nes__l1,1021,49,18,456,2,601
fit__1149__denoise__attack__nes__l0.5,1021,47,11,209,11,327
fit__1149__denoise__restore__nes__l0.5,1021,48,7,164,7,261
fit__1149__denoise__random_walk__random_walk__l0.5,1024,49,2,1023,2,1023
fit__1149__denoise__confidence_boost__nes__l0.5,1021,49,8,337,8,464
fit__1149__denoise__boundary_probe__nes__l0.5,1021,47,16,176,16,265
fit__1149__denoise__counterfactual__nes__l0.5,1021,48,16,121,16,167
fit__1149__deblur__attack__nes__l1,1021,47,4,302,4,414
fit__1149__deblur__restore__nes__l1,1021,49,3,361,3,495
fit__1149__deblur__random_walk__random_walk__l1,1024,49,2,1023,2,1023
fit__1149__deblur__confidence_boost__nes__l1,1021,48,3,228,3,315
fit__1149__deblur__boundary_probe__nes__l1,1021,47,10,366,10,505
fit__1149__deblur__counterfactual__nes__l1,1021,47,4,339,3,484
fit__3006__denoise__attack__nes__l0.5,1021,48,4,550,4,707
fit__3006__denoise__restore__nes__l0.5,1021,49,2,415,2,562
fit__3006__denoise__random_walk__random_walk__l0.5,1024,50,2,1023,2,1023
fit__3006__denoise__confidence_boost__nes__l0.5,1021,48,3,501,3,637
fit__3006__denoise__boundary_probe__nes__l0.5,1021,49,2,339,2,498
fit__3006__denoise__counterfactual__nes__l0.5,1021,48,7,407,2,561
fit__3006__deblur__attack__nes__l1,1021,49,15,414,9,570
fit__3006__deblur__restore__nes__l1,1021,48,7,308,7,443
fit__3006__deblur__random_walk__random_walk__l1,1024,49,2,1023,2,1023
fit__3006__deblur__confidence_boost__nes__l1,1021,47,5,447,2,580
fit__3006__deblur__boundary_probe__nes__l1,1021,48,7,247,7,375
fit__3006__deblur__counterfactual__nes__l1,1021,47,3,258,3,381
fit__7498__denoise__attack__nes__l0.5,1021,49,2,650,2,783
fit__7498__denoise__restore__nes__l0.5,1021,48,2,603,2,735
fit__7498__denoise__random_walk__random_walk__l0.5,1024,50,2,1023,2,1023
fit__7498__denoise__confidence_boost__nes__l0.5,1021,48,8,532,8,677
fit__7498__denoise__boundary_probe__nes__l0.5,1021,48,16,670,3,802
fit__7498__denoise__counterfactual__nes__l0.5,1021,49,4,587,4,733
fit__7498__deblur__attack__nes__l1,1021,50,11,516,6,648
fit__7498__deblur__restore__nes__l1,1021,48,4,476,3,621
fit__7498__deblur__random_walk__random_walk__l1,1024,50,2,1023,2,1023
fit__7498__deblur__confidence_boost__nes__l1,1021,47,5,373,5,520
fit__7498__deblur__boundary_probe__nes__l1,1021,49,3,313,3,468
fit__7498__deblur__counterfactual__nes__l1,1021,48,14,413,11,539
fit__5992__denoise__attack__nes__l0.5,1021,48,3,655,2,796
fit__5992__denoise__restore__nes__l0.5,1021,48,2,619,2,766
fit__5992__denoise__random_walk__random_walk__l0.5,1024,49,2,1023,2,1023
fit__5992__denoise__confidence_boost__nes__l0.5,1021,48,4,593,4,750
fit__5992__denoise__boundary_probe__nes__l0.5,1021,49,3,723,3,858
fit__5992__denoise__counterfactual__nes__l0.5,1021,48,2,701,2,830
fit__5992__deblur__attack__nes__l1,1021,48,3,798,3,884
fit__5992__deblur__restore__nes__l1,1021,48,7,578,7,742
fit__5992__deblur__random_walk__random_walk__l1,1024,50,2,1023,2,1023
fit__5992__deblur__confidence_boost__nes__l1,1021,48,3,616,3,799
fit__5992__deblur__boundary_probe__nes__l1,1021,48,6,542,6,722
fit__5992__deblur__counterfactual__nes__l1,1021,49,5,774,3,884
calibration__6639__denoise__attack__nes__l0.5,1021,47,5,709,3,854
calibration__6639__denoise__restore__nes__l0.5,1021,48,2,817,2,902
calibration__6639__denoise__random_walk__random_walk__l0.5,1024,50,2,1023,2,1023
calibration__6639__denoise__confidence_boost__nes__l0.5,1021,48,4,821,3,934
calibration__6639__denoise__boundary_probe__nes__l0.5,1021,48,6,807,2,911
calibration__6639__denoise__counterfactual__nes__l0.5,1021,48,10,748,6,864
calibration__6639__deblur__attack__nes__l1,1021,48,7,307,7,425
calibration__6639__deblur__restore__nes__l1,1021,48,13,258,13,367
calibration__6639__deblur__random_walk__random_walk__l1,1024,49,2,1023,2,1023
calibration__6639__deblur__confidence_boost__nes__l1,1021,49,18,245,10,349
calibration__6639__deblur__boundary_probe__nes__l1,1021,49,8,380,8,511
calibration__6639__deblur__counterfactual__nes__l1,1021,47,7,278,7,409
calibration__5362__denoise__attack__nes__l0.5,1021,47,18,121,18,178
calibration__5362__denoise__restore__nes__l0.5,1021,47,18,93,18,126
calibration__5362__denoise__random_walk__random_walk__l0.5,1024,49,2,1023,2,1023
calibration__5362__denoise__confidence_boost__nes__l0.5,1021,47,18,108,18,171
calibration__5362__denoise__boundary_probe__nes__l0.5,1021,46,18,156,18,228
calibration__5362__denoise__counterfactual__nes__l0.5,1021,47,18,86,18,115
calibration__5362__deblur__attack__nes__l1,1021,47,3,623,3,758
calibration__5362__deblur__restore__nes__l1,1021,49,2,594,2,711
calibration__5362__deblur__random_walk__random_walk__l1,1024,49,2,1023,2,1023
calibration__5362__deblur__confidence_boost__nes__l1,1021,49,8,469,2,594
calibration__5362__deblur__boundary_probe__nes__l1,1021,48,6,458,6,600
calibration__5362__deblur__counterfactual__nes__l1,1021,48,7,551,7,693
calibration__2447__denoise__attack__nes__l0.5,1021,47,4,268,4,385
calibration__2447__denoise__restore__nes__l0.5,1021,49,8,206,4,292
calibration__2447__denoise__random_walk__random_walk__l0.5,1024,50,2,1023,2,1023
calibration__2447__denoise__confidence_boost__nes__l0.5,1021,48,5,404,5,541
calibration__2447__denoise__boundary_probe__nes__l0.5,1021,48,18,250,5,359
calibration__2447__denoise__counterfactual__nes__l0.5,1021,48,4,390,4,507
calibration__2447__deblur__attack__nes__l1,1021,48,3,634,3,782
calibration__2447__deblur__restore__nes__l1,1021,48,4,705,4,817
calibration__2447__deblur__random_walk__random_walk__l1,1024,49,2,1023,2,1023
calibration__2447__deblur__confidence_boost__nes__l1,1021,48,2,470,2,615
calibration__2447__deblur__boundary_probe__nes__l1,1021,48,18,474,10,642
calibration__2447__deblur__counterfactual__nes__l1,1021,48,6,399,5,550
calibration__12414__denoise__attack__nes__l0.5,1021,49,7,379,7,520
calibration__12414__denoise__restore__nes__l0.5,1021,49,15,396,2,561
calibration__12414__denoise__random_walk__random_walk__l0.5,1024,50,2,1023,2,1023
calibration__12414__denoise__confidence_boost__nes__l0.5,1021,47,2,306,2,453
calibration__12414__denoise__boundary_probe__nes__l0.5,1021,48,4,351,4,487
calibration__12414__denoise__counterfactual__nes__l0.5,1021,48,6,410,6,554
calibration__12414__deblur__attack__nes__l1,1021,48,11,428,7,590
calibration__12414__deblur__restore__nes__l1,1021,48,5,537,5,706
calibration__12414__deblur__random_walk__random_walk__l1,1024,50,2,1023,2,1023
calibration__12414__deblur__confidence_boost__nes__l1,1021,48,14,737,5,840
calibration__12414__deblur__boundary_probe__nes__l1,1021,47,5,458,5,621
calibration__12414__deblur__counterfactual__nes__l1,1021,49,5,535,5,681
calibration__7655__denoise__attack__nes__l0.5,1021,47,8,388,7,546
calibration__7655__denoise__restore__nes__l0.5,1021,48,6,315,5,409
calibration__7655__denoise__random_walk__random_walk__l0.5,1024,50,2,1023,2,1023
calibration__7655__denoise__confidence_boost__nes__l0.5,1021,48,9,390,3,505
calibration__7655__denoise__boundary_probe__nes__l0.5,1021,48,9,346,8,482
calibration__7655__denoise__counterfactual__nes__l0.5,1021,49,2,539,2,668
calibration__7655__deblur__attack__nes__l1,1021,48,6,703,3,817
calibration__7655__deblur__restore__nes__l1,1021,48,11,758,3,861
calibration__7655__deblur__random_walk__random_walk__l1,1024,49,2,1023,2,1023
calibration__7655__deblur__confidence_boost__nes__l1,1021,47,3,525,3,726
calibration__7655__deblur__boundary_probe__nes__l1,1021,47,8,594,4,743
calibration__7655__deblur__counterfactual__nes__l1,1021,47,4,612,4,762
calibration__7392__denoise__attack__nes__l0.5,1021,48,2,276,2,385
calibration__7392__denoise__restore__nes__l0.5,1021,47,14,356,14,493
calibration__7392__denoise__random_walk__random_walk__l0.5,1024,49,2,1023,2,1023
calibration__7392__denoise__confidence_boost__nes__l0.5,1021,48,2,522,2,646
calibration__7392__denoise__boundary_probe__nes__l0.5,1021,49,3,288,3,408
calibration__7392__denoise__counterfactual__nes__l0.5,1021,48,16,116,16,178
calibration__7392__deblur__attack__nes__l1,1021,48,2,307,2,426
calibration__7392__deblur__restore__nes__l1,1021,48,18,358,4,501
calibration__7392__deblur__random_walk__random_walk__l1,1024,49,2,1023,2,1023
calibration__7392__deblur__confidence_boost__nes__l1,1021,48,4,307,4,449
calibration__7392__deblur__boundary_probe__nes__l1,1021,48,2,379,2,514
calibration__7392__deblur__counterfactual__nes__l1,1021,48,5,488,5,618
calibration__6630__denoise__attack__nes__l0.5,1021,49,2,457,2,593
calibration__6630__denoise__restore__nes__l0.5,1021,48,10,267,10,374
calibration__6630__denoise__random_walk__random_walk__l0.5,1024,50,2,1023,2,1023
calibration__6630__denoise__confidence_boost__nes__l0.5,1021,48,7,243,7,354
calibration__6630__denoise__boundary_probe__nes__l0.5,1021,48,2,219,2,323
calibration__6630__denoise__counterfactual__nes__l0.5,1021,47,11,358,10,492
calibration__6630__deblur__attack__nes__l1,1021,50,4,594,4,740
calibration__6630__deblur__restore__nes__l1,1021,48,4,719,3,827
calibration__6630__deblur__random_walk__random_walk__l1,1024,50,2,1023,2,1023
calibration__6630__deblur__confidence_boost__nes__l1,1021,48,3,561,3,690
calibration__6630__deblur__boundary_probe__nes__l1,1021,48,3,613,3,728
calibration__6630__deblur__counterfactual__nes__l1,1021,48,6,442,6,549
calibration__6285__denoise__attack__nes__l0.5,1021,48,5,346,2,506
calibration__6285__denoise__restore__nes__l0.5,1021,50,3,419,3,572
calibration__6285__denoise__random_walk__random_walk__l0.5,1024,49,2,1023,2,1023
calibration__6285__denoise__confidence_boost__nes__l0.5,1021,49,6,498,6,633
calibration__6285__denoise__boundary_probe__nes__l0.5,1021,48,2,315,2,456
calibration__6285__denoise__counterfactual__nes__l0.5,1021,48,7,532,5,681
calibration__6285__deblur__attack__nes__l1,1021,48,12,385,8,525
calibration__6285__deblur__restore__nes__l1,1021,48,18,421,4,561
calibration__6285__deblur__random_walk__random_walk__l1,1024,49,2,1023,2,1023
calibration__6285__deblur__confidence_boost__nes__l1,1021,48,18,227,18,315
calibration__6285__deblur__boundary_probe__nes__l1,1021,48,11,335,9,464
calibration__6285__deblur__counterfactual__nes__l1,1021,48,18,457,2,596
calibration__7027__denoise__attack__nes__l0.5,1021,48,2,752,2,870
calibration__7027__denoise__restore__nes__l0.5,1021,48,12,503,5,663
calibration__7027__denoise__random_walk__random_walk__l0.5,1024,49,2,1023,2,1023
calibration__7027__denoise__confidence_boost__nes__l0.5,1021,49,8,542,2,695
calibration__7027__denoise__boundary_probe__nes__l0.5,1021,49,7,617,5,761
calibration__7027__denoise__counterfactual__nes__l0.5,1021,48,6,594,4,741
calibration__7027__deblur__attack__nes__l1,1021,50,3,522,2,678
calibration__7027__deblur__restore__nes__l1,1021,48,2,712,2,826
calibration__7027__deblur__random_walk__random_walk__l1,1024,49,2,1023,2,1023
calibration__7027__deblur__confidence_boost__nes__l1,1021,48,5,634,5,766
calibration__7027__deblur__boundary_probe__nes__l1,1021,48,5,706,4,817
calibration__7027__deblur__counterfactual__nes__l1,1021,49,2,597,2,739
calibration__5057__denoise__attack__nes__l0.5,1021,48,4,535,4,676
calibration__5057__denoise__restore__nes__l0.5,1021,49,13,325,2,478
calibration__5057__denoise__random_walk__random_walk__l0.5,1024,49,2,1023,2,1023
calibration__5057__denoise__confidence_boost__nes__l0.5,1021,49,7,298,7,429
calibration__5057__denoise__boundary_probe__nes__l0.5,1021,49,2,451,2,642
calibration__5057__denoise__counterfactual__nes__l0.5,1021,48,14,380,9,528
calibration__5057__deblur__attack__nes__l1,1021,48,9,295,9,456
calibration__5057__deblur__restore__nes__l1,1021,48,2,367,2,492
calibration__5057__deblur__random_walk__random_walk__l1,1024,49,2,1023,2,1023
calibration__5057__deblur__confidence_boost__nes__l1,1021,48,5,310,5,464
calibration__5057__deblur__boundary_probe__nes__l1,1021,48,14,334,14,475
calibration__5057__deblur__counterfactual__nes__l1,1021,48,16,313,16,414
calibration__10964__denoise__attack__nes__l0.5,1021,49,5,445,5,582
calibration__10964__denoise__restore__nes__l0.5,1021,49,18,383,6,510
calibration__10964__denoise__random_walk__random_walk__l0.5,1024,49,2,1023,2,1023
calibration__10964__denoise__confidence_boost__nes__l0.5,1021,48,10,234,10,337
calibration__10964__denoise__boundary_probe__nes__l0.5,1021,49,15,434,10,555
calibration__10964__denoise__counterfactual__nes__l0.5,1021,50,8,278,2,402
calibration__10964__deblur__attack__nes__l1,1021,47,2,697,2,835
calibration__10964__deblur__restore__nes__l1,1021,50,4,882,3,948
calibration__10964__deblur__random_walk__random_walk__l1,1024,49,2,1023,2,1023
calibration__10964__deblur__confidence_boost__nes__l1,1021,49,4,880,3,948
calibration__10964__deblur__boundary_probe__nes__l1,1021,49,5,832,5,923
calibration__10964__deblur__counterfactual__nes__l1,1021,50,2,818,2,923
calibration__3971__denoise__attack__nes__l0.5,1021,49,2,538,2,693
calibration__3971__denoise__restore__nes__l0.5,1021,48,10,502,8,653
calibration__3971__denoise__random_walk__random_walk__l0.5,1024,49,2,1023,2,1023
calibration__3971__denoise__confidence_boost__nes__l0.5,1021,48,6,388,6,531
calibration__3971__denoise__boundary_probe__nes__l0.5,1021,49,4,523,4,679
calibration__3971__denoise__counterfactual__nes__l0.5,1021,47,3,503,3,660
calibration__3971__deblur__attack__nes__l1,1021,49,7,461,7,627
calibration__3971__deblur__restore__nes__l1,1021,48,6,345,4,481
calibration__3971__deblur__random_walk__random_walk__l1,1024,49,2,1023,2,1023
calibration__3971__deblur__confidence_boost__nes__l1,1021,49,6,375,6,503
calibration__3971__deblur__boundary_probe__nes__l1,1021,48,10,567,9,696
calibration__3971__deblur__counterfactual__nes__l1,1021,47,4,334,4,473
calibration__8505__denoise__attack__nes__l0.5,1021,49,2,514,2,665
calibration__8505__denoise__restore__nes__l0.5,1021,49,9,582,8,749
calibration__8505__denoise__random_walk__random_walk__l0.5,1024,50,2,1023,2,1023
calibration__8505__denoise__confidence_boost__nes__l0.5,1021,48,2,676,2,807
calibration__8505__denoise__boundary_probe__nes__l0.5,1021,49,4,654,4,789
calibration__8505__denoise__counterfactual__nes__l0.5,1021,50,6,667,6,793
calibration__8505__deblur__attack__nes__l1,1021,48,3,281,3,408
calibration__8505__deblur__restore__nes__l1,1021,48,4,422,4,559
calibration__8505__deblur__random_walk__random_walk__l1,1024,49,2,1023,2,1023
calibration__8505__deblur__confidence_boost__nes__l1,1021,48,6,507,2,652
calibration__8505__deblur__boundary_probe__nes__l1,1021,48,8,451,5,596
calibration__8505__deblur__counterfactual__nes__l1,1021,49,3,252,3,372
calibration__5336__denoise__attack__nes__l0.5,1021,48,10,485,8,643
calibration__5336__denoise__restore__nes__l0.5,1021,47,4,388,4,517
calibration__5336__denoise__random_walk__random_walk__l0.5,1024,50,2,1023,2,1023
calibration__5336__denoise__confidence_boost__nes__l0.5,1021,48,14,304,14,452
calibration__5336__denoise__boundary_probe__nes__l0.5,1021,47,4,341,4,487
calibration__5336__denoise__counterfactual__nes__l0.5,1021,47,6,258,5,400
calibration__5336__deblur__attack__nes__l1,1021,49,2,894,2,954
calibration__5336__deblur__restore__nes__l1,1021,49,9,806,9,899
calibration__5336__deblur__random_walk__random_walk__l1,1024,50,2,1023,2,1023
calibration__5336__deblur__confidence_boost__nes__l1,1021,50,4,819,3,904
calibration__5336__deblur__boundary_probe__nes__l1,1021,49,5,789,2,881
calibration__5336__deblur__counterfactual__nes__l1,1021,48,2,792,2,888
evaluation__3281__denoise__attack__nes__l0.5,1021,49,2,244,2,338
evaluation__3281__denoise__restore__nes__l0.5,1021,49,3,502,3,621
evaluation__3281__denoise__random_walk__random_walk__l0.5,1024,49,2,1023,2,1023
evaluation__3281__denoise__confidence_boost__nes__l0.5,1021,48,2,561,2,686
evaluation__3281__denoise__boundary_probe__nes__l0.5,1021,48,3,485,3,627
evaluation__3281__denoise__counterfactual__nes__l0.5,1021,50,5,550,3,677
evaluation__3281__deblur__attack__nes__l1,1021,48,18,302,5,454
evaluation__3281__deblur__restore__nes__l1,1021,48,6,318,6,470
evaluation__3281__deblur__random_walk__random_walk__l1,1024,50,2,1023,2,1023
evaluation__3281__deblur__confidence_boost__nes__l1,1021,48,10,372,6,492
evaluation__3281__deblur__boundary_probe__nes__l1,1021,50,5,390,5,515
evaluation__3281__deblur__counterfactual__nes__l1,1021,49,11,349,10,467
evaluation__7309__denoise__attack__nes__l0.5,1021,48,13,283,13,423
evaluation__7309__denoise__restore__nes__l0.5,1021,47,9,225,7,345
evaluation__7309__denoise__random_walk__random_walk__l0.5,1024,50,2,1023,2,1023
evaluation__7309__denoise__confidence_boost__nes__l0.5,1021,47,6,334,6,459
evaluation__7309__denoise__boundary_probe__nes__l0.5,1021,48,18,412,15,557
evaluation__7309__denoise__counterfactual__nes__l0.5,1021,47,15,255,15,385
evaluation__7309__deblur__attack__nes__l1,1021,48,4,534,3,699
evaluation__7309__deblur__restore__nes__l1,1021,49,2,470,2,613
evaluation__7309__deblur__random_walk__random_walk__l1,1024,49,2,1023,2,1023
evaluation__7309__deblur__confidence_boost__nes__l1,1021,48,5,408,4,560
evaluation__7309__deblur__boundary_probe__nes__l1,1021,49,9,645,7,774
evaluation__7309__deblur__counterfactual__nes__l1,1021,48,7,390,5,548
evaluation__8970__denoise__attack__nes__l0.5,1021,48,8,259,8,373
evaluation__8970__denoise__restore__nes__l0.5,1021,48,2,428,2,603
evaluation__8970__denoise__random_walk__random_walk__l0.5,1024,50,2,1023,2,1023
evaluation__8970__denoise__confidence_boost__nes__l0.5,1021,47,2,447,2,577
evaluation__8970__denoise__boundary_probe__nes__l0.5,1021,49,14,397,2,564
evaluation__8970__denoise__counterfactual__nes__l0.5,1021,48,2,367,2,502
evaluation__8970__deblur__attack__nes__l1,1021,48,9,436,9,574
evaluation__8970__deblur__restore__nes__l1,1021,48,9,235,6,356
evaluation__8970__deblur__random_walk__random_walk__l1,1024,50,2,1023,2,1023
evaluation__8970__deblur__confidence_boost__nes__l1,1021,48,10,228,10,311
evaluation__8970__deblur__boundary_probe__nes__l1,1021,48,5,396,5,553
evaluation__8970__deblur__counterfactual__nes__l1,1021,49,3,403,3,520
evaluation__10629__denoise__attack__nes__l0.5,1021,48,6,481,2,613
evaluation__10629__denoise__restore__nes__l0.5,1021,48,10,441,3,618
evaluation__10629__denoise__random_walk__random_walk__l0.5,1024,49,2,1023,2,1023
evaluation__10629__denoise__confidence_boost__nes__l0.5,1021,49,3,484,3,640
evaluation__10629__denoise__boundary_probe__nes__l0.5,1021,47,5,647,5,779
evaluation__10629__denoise__counterfactual__nes__l0.5,1021,49,12,543,5,706
evaluation__10629__deblur__attack__nes__l1,1021,48,12,378,11,472
evaluation__10629__deblur__restore__nes__l1,1021,49,18,262,13,381
evaluation__10629__deblur__random_walk__random_walk__l1,1024,49,2,1023,2,1023
evaluation__10629__deblur__confidence_boost__nes__l1,1021,47,14,305,7,434
evaluation__10629__deblur__boundary_probe__nes__l1,1021,49,15,384,15,514
evaluation__10629__deblur__counterfactual__nes__l1,1021,47,11,212,11,313
evaluation__1278__denoise__attack__nes__l0.5,1021,49,2,403,2,564
evaluation__1278__denoise__restore__nes__l0.5,1021,48,4,632,4,777
evaluation__1278__denoise__random_walk__random_walk__l0.5,1024,49,2,1023,2,1023
evaluation__1278__denoise__confidence_boost__nes__l0.5,1021,48,4,728,4,857
evaluation__1278__denoise__boundary_probe__nes__l0.5,1021,47,2,521,2,703
evaluation__1278__denoise__counterfactual__nes__l0.5,1021,47,4,670,4,802
evaluation__1278__deblur__attack__nes__l1,1021,47,2,425,2,577
evaluation__1278__deblur__restore__nes__l1,1021,49,2,647,2,786
evaluation__1278__deblur__random_walk__random_walk__l1,1024,49,2,1023,2,1023
evaluation__1278__deblur__confidence_boost__nes__l1,1021,48,4,420,4,575
evaluation__1278__deblur__boundary_probe__nes__l1,1021,49,2,562,2,706
evaluation__1278__deblur__counterfactual__nes__l1,1021,49,2,459,2,613
evaluation__5985__denoise__attack__nes__l0.5,1021,47,18,209,18,314
evaluation__5985__denoise__restore__nes__l0.5,1021,49,4,295,4,400
evaluation__5985__denoise__random_walk__random_walk__l0.5,1024,50,2,1023,2,1023
evaluation__5985__denoise__confidence_boost__nes__l0.5,1021,49,18,167,13,247
evaluation__5985__denoise__boundary_probe__nes__l0.5,1021,48,18,204,7,296
evaluation__5985__denoise__counterfactual__nes__l0.5,1021,47,18,183,7,253
evaluation__5985__deblur__attack__nes__l1,1021,47,2,489,2,643
evaluation__5985__deblur__restore__nes__l1,1021,48,2,371,2,512
evaluation__5985__deblur__random_walk__random_walk__l1,1024,49,2,1023,2,1023
evaluation__5985__deblur__confidence_boost__nes__l1,1021,48,5,536,5,676
evaluation__5985__deblur__boundary_probe__nes__l1,1021,49,2,398,2,539
evaluation__5985__deblur__counterfactual__nes__l1,1021,48,13,322,13,480
evaluation__6763__denoise__attack__nes__l0.5,1021,49,2,471,2,638
evaluation__6763__denoise__restore__nes__l0.5,1021,49,10,434,6,578
evaluation__6763__denoise__random_walk__random_walk__l0.5,1024,49,2,1023,2,1023
evaluation__6763__denoise__confidence_boost__nes__l0.5,1021,48,2,425,2,578
evaluation__6763__denoise__boundary_probe__nes__l0.5,1021,49,7,482,7,625
evaluation__6763__denoise__counterfactual__nes__l0.5,1021,47,9,373,3,522
evaluation__6763__deblur__attack__nes__l1,1021,48,6,352,6,474
evaluation__6763__deblur__restore__nes__l1,1021,47,4,407,4,577
evaluation__6763__deblur__random_walk__random_walk__l1,1024,49,2,1023,2,1023
evaluation__6763__deblur__confidence_boost__nes__l1,1021,48,7,163,7,226
evaluation__6763__deblur__boundary_probe__nes__l1,1021,48,2,313,2,429
evaluation__6763__deblur__counterfactual__nes__l1,1021,48,5,403,4,551
evaluation__10693__denoise__attack__nes__l0.5,1021,48,10,408,2,558
evaluation__10693__denoise__restore__nes__l0.5,1021,48,4,335,2,467
evaluation__10693__denoise__random_walk__random_walk__l0.5,1024,50,2,1023,2,1023
evaluation__10693__denoise__confidence_boost__nes__l0.5,1021,49,3,457,2,624
evaluation__10693__denoise__boundary_probe__nes__l0.5,1021,49,2,535,2,684
evaluation__10693__denoise__counterfactual__nes__l0.5,1021,49,6,494,6,622
evaluation__10693__deblur__attack__nes__l1,1021,49,3,689,3,814
evaluation__10693__deblur__restore__nes__l1,1021,49,7,668,7,790
evaluation__10693__deblur__random_walk__random_walk__l1,1024,50,2,1023,2,1023
evaluation__10693__deblur__confidence_boost__nes__l1,1021,49,4,738,4,865
evaluation__10693__deblur__boundary_probe__nes__l1,1021,49,3,719,3,839
evaluation__10693__deblur__counterfactual__nes__l1,1021,48,2,871,2,940
evaluation__10031__denoise__attack__nes__l0.5,1021,49,18,255,3,379
evaluation__10031__denoise__restore__nes__l0.5,1021,49,18,229,18,334
evaluation__10031__denoise__random_walk__random_walk__l0.5,1024,49,2,1023,2,1023
evaluation__10031__denoise__confidence_boost__nes__l0.5,1021,49,8,247,2,358
evaluation__10031__denoise__boundary_probe__nes__l0.5,1021,48,3,232,3,341
evaluation__10031__denoise__counterfactual__nes__l0.5,1021,48,2,322,2,461
evaluation__10031__deblur__attack__nes__l1,1021,48,10,299,10,438
evaluation__10031__deblur__restore__nes__l1,1021,49,3,286,3,408
evaluation__10031__deblur__random_walk__random_walk__l1,1024,49,2,1023,2,1023
evaluation__10031__deblur__confidence_boost__nes__l1,1021,47,12,390,12,503
evaluation__10031__deblur__boundary_probe__nes__l1,1021,47,6,188,6,279
evaluation__10031__deblur__counterfactual__nes__l1,1021,48,16,377,16,507
evaluation__134__denoise__attack__nes__l0.5,1021,49,5,670,4,792
evaluation__134__denoise__restore__nes__l0.5,1021,47,4,542,3,701
evaluation__134__denoise__random_walk__random_walk__l0.5,1024,50,2,1023,2,1023
evaluation__134__denoise__confidence_boost__nes__l0.5,1021,47,2,601,2,746
evaluation__134__denoise__boundary_probe__nes__l0.5,1021,47,2,392,2,530
evaluation__134__denoise__counterfactual__nes__l0.5,1021,48,2,581,2,716
evaluation__134__deblur__attack__nes__l1,1021,50,2,700,2,833
evaluation__134__deblur__restore__nes__l1,1021,48,2,720,2,832
evaluation__134__deblur__random_walk__random_walk__l1,1024,50,2,1023,2,1023
evaluation__134__deblur__confidence_boost__nes__l1,1021,48,2,754,2,854
evaluation__134__deblur__boundary_probe__nes__l1,1021,49,3,698,3,832
evaluation__134__deblur__counterfactual__nes__l1,1021,49,2,549,2,726
evaluation__5078__denoise__attack__nes__l0.5,1021,49,2,428,2,579
evaluation__5078__denoise__restore__nes__l0.5,1021,48,3,626,3,751
evaluation__5078__denoise__random_walk__random_walk__l0.5,1024,50,2,1023,2,1023
evaluation__5078__denoise__confidence_boost__nes__l0.5,1021,49,5,625,5,755
evaluation__5078__denoise__boundary_probe__nes__l0.5,1021,48,5,474,5,629
evaluation__5078__denoise__counterfactual__nes__l0.5,1021,47,2,452,2,594
evaluation__5078__deblur__attack__nes__l1,1021,47,17,219,17,334
evaluation__5078__deblur__restore__nes__l1,1021,48,18,156,18,238
evaluation__5078__deblur__random_walk__random_walk__l1,1024,50,2,1023,2,1023
evaluation__5078__deblur__confidence_boost__nes__l1,1021,47,16,155,16,230
evaluation__5078__deblur__boundary_probe__nes__l1,1021,48,18,97,18,128
evaluation__5078__deblur__counterfactual__nes__l1,1021,48,18,135,17,208
evaluation__3682__denoise__attack__nes__l0.5,1021,49,4,732,4,866
evaluation__3682__denoise__restore__nes__l0.5,1021,48,4,571,4,696
evaluation__3682__denoise__random_walk__random_walk__l0.5,1024,49,2,1023,2,1023
evaluation__3682__denoise__confidence_boost__nes__l0.5,1021,48,5,578,5,740
evaluation__3682__denoise__boundary_probe__nes__l0.5,1021,48,5,640,4,778
evaluation__3682__denoise__counterfactual__nes__l0.5,1021,49,3,551,3,680
evaluation__3682__deblur__attack__nes__l1,1021,47,6,403,6,547
evaluation__3682__deblur__restore__nes__l1,1021,49,13,466,10,605
evaluation__3682__deblur__random_walk__random_walk__l1,1024,49,2,1023,2,1023
evaluation__3682__deblur__confidence_boost__nes__l1,1021,49,8,368,8,507
evaluation__3682__deblur__boundary_probe__nes__l1,1021,48,11,253,11,364
evaluation__3682__deblur__counterfactual__nes__l1,1021,48,5,385,3,534
evaluation__2774__denoise__attack__nes__l0.5,1021,49,2,694,2,825
evaluation__2774__denoise__restore__nes__l0.5,1021,49,4,649,4,808
evaluation__2774__denoise__random_walk__random_walk__l0.5,1024,49,2,1023,2,1023
evaluation__2774__denoise__confidence_boost__nes__l0.5,1021,49,3,678,2,817
evaluation__2774__denoise__boundary_probe__nes__l0.5,1021,49,3,550,3,694
evaluation__2774__denoise__counterfactual__nes__l0.5,1021,48,2,759,2,861
evaluation__2774__deblur__attack__nes__l1,1021,48,5,277,2,410
evaluation__2774__deblur__restore__nes__l1,1021,47,4,190,4,284
evaluation__2774__deblur__random_walk__random_walk__l1,1024,50,2,1023,2,1023
evaluation__2774__deblur__confidence_boost__nes__l1,1021,49,10,299,3,425
evaluation__2774__deblur__boundary_probe__nes__l1,1021,48,17,276,4,386
evaluation__2774__deblur__counterfactual__nes__l1,1021,48,11,339,5,482
evaluation__10755__denoise__attack__nes__l0.5,1021,48,2,574,2,705
evaluation__10755__denoise__restore__nes__l0.5,1021,49,3,497,3,625
evaluation__10755__denoise__random_walk__random_walk__l0.5,1024,50,2,1023,2,1023
evaluation__10755__denoise__confidence_boost__nes__l0.5,1021,48,2,515,2,638
evaluation__10755__denoise__boundary_probe__nes__l0.5,1021,47,7,508,3,661
evaluation__10755__denoise__counterfactual__nes__l0.5,1021,49,4,355,4,494
evaluation__10755__deblur__attack__nes__l1,1021,48,2,858,2,939
evaluation__10755__deblur__restore__nes__l1,1021,48,3,794,2,911
evaluation__10755__deblur__random_walk__random_walk__l1,1024,50,2,1023,2,1023
evaluation__10755__deblur__confidence_boost__nes__l1,1021,49,5,731,5,847
evaluation__10755__deblur__boundary_probe__nes__l1,1021,50,3,751,3,857
evaluation__10755__deblur__counterfactual__nes__l1,1021,49,2,747,2,868
evaluation__490__denoise__attack__nes__l0.5,1021,48,18,280,2,417
evaluation__490__denoise__restore__nes__l0.5,1021,47,5,373,5,506
evaluation__490__denoise__random_walk__random_walk__l0.5,1024,49,2,1023,2,1023
evaluation__490__denoise__confidence_boost__nes__l0.5,1021,49,11,424,5,602
evaluation__490__denoise__boundary_probe__nes__l0.5,1021,49,10,394,6,529
evaluation__490__denoise__counterfactual__nes__l0.5,1021,47,18,451,18,589
evaluation__490__deblur__attack__nes__l1,1021,49,4,680,4,794
evaluation__490__deblur__restore__nes__l1,1021,49,2,476,2,621
evaluation__490__deblur__random_walk__random_walk__l1,1024,50,2,1023,2,1023
evaluation__490__deblur__confidence_boost__nes__l1,1021,48,2,623,2,752
evaluation__490__deblur__boundary_probe__nes__l1,1021,48,10,721,4,820
evaluation__490__deblur__counterfactual__nes__l1,1021,48,8,558,3,695
evaluation__9743__denoise__attack__nes__l0.5,1021,48,18,317,18,434
evaluation__9743__denoise__restore__nes__l0.5,1021,47,11,179,11,256
evaluation__9743__denoise__random_walk__random_walk__l0.5,1024,49,2,1023,2,1023
evaluation__9743__denoise__confidence_boost__nes__l0.5,1021,46,18,177,18,271
evaluation__9743__denoise__boundary_probe__nes__l0.5,1021,48,18,149,18,218
evaluation__9743__denoise__counterfactual__nes__l0.5,1021,48,18,332,18,467
evaluation__9743__deblur__attack__nes__l1,1021,47,18,213,18,286
evaluation__9743__deblur__restore__nes__l1,1021,48,5,124,5,196
evaluation__9743__deblur__random_walk__random_walk__l1,1024,49,2,1023,2,1023
evaluation__9743__deblur__confidence_boost__nes__l1,1021,47,10,179,5,250
evaluation__9743__deblur__boundary_probe__nes__l1,1021,49,18,209,6,320
evaluation__9743__deblur__counterfactual__nes__l1,1021,48,18,192,8,278
evaluation__3405__denoise__attack__nes__l0.5,1021,48,12,466,9,596
evaluation__3405__denoise__restore__nes__l0.5,1021,48,3,365,3,489
evaluation__3405__denoise__random_walk__random_walk__l0.5,1024,50,2,1023,2,1023
evaluation__3405__denoise__confidence_boost__nes__l0.5,1021,47,11,293,11,418
evaluation__3405__denoise__boundary_probe__nes__l0.5,1021,49,5,338,5,476
evaluation__3405__denoise__counterfactual__nes__l0.5,1021,48,6,416,6,543
evaluation__3405__deblur__attack__nes__l1,1021,48,2,342,2,468
evaluation__3405__deblur__restore__nes__l1,1021,48,5,239,5,351
evaluation__3405__deblur__random_walk__random_walk__l1,1024,50,2,1023,2,1023
evaluation__3405__deblur__confidence_boost__nes__l1,1021,47,18,275,18,395
evaluation__3405__deblur__boundary_probe__nes__l1,1021,49,8,429,2,561
evaluation__3405__deblur__counterfactual__nes__l1,1021,49,17,424,17,545
evaluation__3598__denoise__attack__nes__l0.5,1021,48,8,505,4,656
evaluation__3598__denoise__restore__nes__l0.5,1021,47,6,281,6,409
evaluation__3598__denoise__random_walk__random_walk__l0.5,1024,49,2,1023,2,1023
evaluation__3598__denoise__confidence_boost__nes__l0.5,1021,47,9,271,8,417
evaluation__3598__denoise__boundary_probe__nes__l0.5,1021,48,5,390,5,524
evaluation__3598__denoise__counterfactual__nes__l0.5,1021,49,4,449,4,579
evaluation__3598__deblur__attack__nes__l1,1021,48,2,294,2,428
evaluation__3598__deblur__restore__nes__l1,1021,49,4,442,4,602
evaluation__3598__deblur__random_walk__random_walk__l1,1024,49,2,1023,2,1023
evaluation__3598__deblur__confidence_boost__nes__l1,1021,48,4,602,2,746
evaluation__3598__deblur__boundary_probe__nes__l1,1021,49,2,468,2,617
evaluation__3598__deblur__counterfactual__nes__l1,1021,49,2,469,2,635
evaluation__8447__denoise__attack__nes__l0.5,1021,49,3,653,3,793
evaluation__8447__denoise__restore__nes__l0.5,1021,48,4,754,4,867
evaluation__8447__denoise__random_walk__random_walk__l0.5,1024,50,2,1023,2,1023
evaluation__8447__denoise__confidence_boost__nes__l0.5,1021,48,2,744,2,859
evaluation__8447__denoise__boundary_probe__nes__l0.5,1021,49,7,558,2,714
evaluation__8447__denoise__counterfactual__nes__l0.5,1021,48,2,654,2,783
evaluation__8447__deblur__attack__nes__l1,1021,49,2,620,2,775
evaluation__8447__deblur__restore__nes__l1,1021,49,11,586,11,737
evaluation__8447__deblur__random_walk__random_walk__l1,1024,49,2,1023,2,1023
evaluation__8447__deblur__confidence_boost__nes__l1,1021,48,7,476,7,610
evaluation__8447__deblur__boundary_probe__nes__l1,1021,47,2,643,2,777
evaluation__8447__deblur__counterfactual__nes__l1,1021,49,5,655,5,790
evaluation__976__denoise__attack__nes__l0.5,1021,47,11,163,5,245
evaluation__976__denoise__restore__nes__l0.5,1021,47,5,104,5,157
evaluation__976__denoise__random_walk__random_walk__l0.5,1024,49,2,1023,2,1023
evaluation__976__denoise__confidence_boost__nes__l0.5,1021,48,18,229,9,325
evaluation__976__denoise__boundary_probe__nes__l0.5,1021,49,18,190,5,308
evaluation__976__denoise__counterfactual__nes__l0.5,1021,47,18,144,18,206
evaluation__976__deblur__attack__nes__l1,1021,50,3,739,3,853
evaluation__976__deblur__restore__nes__l1,1021,49,4,706,2,824
evaluation__976__deblur__random_walk__random_walk__l1,1024,49,2,1023,2,1023
evaluation__976__deblur__confidence_boost__nes__l1,1021,49,5,623,3,779
evaluation__976__deblur__boundary_probe__nes__l1,1021,48,2,762,2,879
evaluation__976__deblur__counterfactual__nes__l1,1021,49,2,778,2,887
evaluation__3493__denoise__attack__nes__l0.5,1021,49,18,187,18,255
evaluation__3493__denoise__restore__nes__l0.5,1021,47,18,96,18,120
evaluation__3493__denoise__random_walk__random_walk__l0.5,1024,48,2,1023,2,1023
evaluation__3493__denoise__confidence_boost__nes__l0.5,1021,48,18,182,18,262
evaluation__3493__denoise__boundary_probe__nes__l0.5,1021,47,18,216,10,320
evaluation__3493__denoise__counterfactual__nes__l0.5,1021,47,18,136,18,190
evaluation__3493__deblur__attack__nes__l1,1021,49,2,566,2,705
evaluation__3493__deblur__restore__nes__l1,1021,49,12,450,9,623
evaluation__3493__deblur__random_walk__random_walk__l1,1024,50,2,1023,2,1023
evaluation__3493__deblur__confidence_boost__nes__l1,1021,48,10,534,3,663
evaluation__3493__deblur__boundary_probe__nes__l1,1021,48,8,533,2,678
evaluation__3493__deblur__counterfactual__nes__l1,1021,48,2,513,2,656
evaluation__6770__denoise__attack__nes__l0.5,1021,47,4,391,4,555
evaluation__6770__denoise__restore__nes__l0.5,1021,49,6,508,6,681
evaluation__6770__denoise__random_walk__random_walk__l0.5,1024,49,2,1023,2,1023
evaluation__6770__denoise__confidence_boost__nes__l0.5,1021,48,6,510,6,677
evaluation__6770__denoise__boundary_probe__nes__l0.5,1021,49,6,331,6,468
evaluation__6770__denoise__counterfactual__nes__l0.5,1021,49,4,483,4,645
evaluation__6770__deblur__attack__nes__l1,1021,48,2,360,2,519
evaluation__6770__deblur__restore__nes__l1,1021,48,2,452,2,615
evaluation__6770__deblur__random_walk__random_walk__l1,1024,49,2,1023,2,1023
evaluation__6770__deblur__confidence_boost__nes__l1,1021,49,8,665,8,784
evaluation__6770__deblur__boundary_probe__nes__l1,1021,48,12,389,4,534
evaluation__6770__deblur__counterfactual__nes__l1,1021,49,18,398,18,534
evaluation__7608__denoise__attack__nes__l0.5,1021,48,3,393,2,532
evaluation__7608__denoise__restore__nes__l0.5,1021,48,3,729,3,844
evaluation__7608__denoise__random_walk__random_walk__l0.5,1024,50,2,1023,2,1023
evaluation__7608__denoise__confidence_boost__nes__l0.5,1021,48,4,519,4,664
evaluation__7608__denoise__boundary_probe__nes__l0.5,1021,49,3,626,3,744
evaluation__7608__denoise__counterfactual__nes__l0.5,1021,48,5,623,3,771
evaluation__7608__deblur__attack__nes__l1,1021,48,2,694,2,832
evaluation__7608__deblur__restore__nes__l1,1021,48,8,657,3,779
evaluation__7608__deblur__random_walk__random_walk__l1,1024,50,2,1023,2,1023
evaluation__7608__deblur__confidence_boost__nes__l1,1021,48,2,412,2,551
evaluation__7608__deblur__boundary_probe__nes__l1,1021,49,7,615,7,757
evaluation__7608__deblur__counterfactual__nes__l1,1021,48,2,544,2,708
evaluation__8773__denoise__attack__nes__l0.5,1021,48,3,492,3,646
evaluation__8773__denoise__restore__nes__l0.5,1021,48,3,418,3,571
evaluation__8773__denoise__random_walk__random_walk__l0.5,1024,49,2,1023,2,1023
evaluation__8773__denoise__confidence_boost__nes__l0.5,1021,48,6,483,6,620
evaluation__8773__denoise__boundary_probe__nes__l0.5,1021,48,15,541,2,697
evaluation__8773__denoise__counterfactual__nes__l0.5,1021,49,5,483,4,638
evaluation__8773__deblur__attack__nes__l1,1021,48,4,353,4,492
evaluation__8773__deblur__restore__nes__l1,1021,48,7,538,5,654
evaluation__8773__deblur__random_walk__random_walk__l1,1024,49,2,1023,2,1023
evaluation__8773__deblur__confidence_boost__nes__l1,1021,46,3,428,3,575
evaluation__8773__deblur__boundary_probe__nes__l1,1021,48,5,584,5,737
evaluation__8773__deblur__counterfactual__nes__l1,1021,48,3,444,2,600
evaluation__191__denoise__attack__nes__l0.5,1021,48,3,331,3,481
evaluation__191__denoise__restore__nes__l0.5,1021,48,2,165,2,239
evaluation__191__denoise__random_walk__random_walk__l0.5,1024,49,2,1023,2,1023
evaluation__191__denoise__confidence_boost__nes__l0.5,1021,48,6,393,6,518
evaluation__191__denoise__boundary_probe__nes__l0.5,1021,49,5,331,5,492
evaluation__191__denoise__counterfactual__nes__l0.5,1021,47,5,474,5,618
evaluation__191__deblur__attack__nes__l1,1021,49,3,435,3,586
evaluation__191__deblur__restore__nes__l1,1021,49,3,250,3,373
evaluation__191__deblur__random_walk__random_walk__l1,1024,50,2,1023,2,1023
evaluation__191__deblur__confidence_boost__nes__l1,1021,47,13,258,13,403
evaluation__191__deblur__boundary_probe__nes__l1,1021,50,6,354,6,480
evaluation__191__deblur__counterfactual__nes__l1,1021,48,18,412,17,551
evaluation__5816__denoise__attack__nes__l0.5,1021,49,5,396,3,525
evaluation__5816__denoise__restore__nes__l0.5,1021,48,2,532,2,676
evaluation__5816__denoise__random_walk__random_walk__l0.5,1024,50,2,1023,2,1023
evaluation__5816__denoise__confidence_boost__nes__l0.5,1021,47,3,364,3,526
evaluation__5816__denoise__boundary_probe__nes__l0.5,1021,50,2,737,2,877
evaluation__5816__denoise__counterfactual__nes__l0.5,1021,49,4,613,2,770
evaluation__5816__deblur__attack__nes__l1,1021,48,10,227,7,335
evaluation__5816__deblur__restore__nes__l1,1021,49,10,346,4,458
evaluation__5816__deblur__random_walk__random_walk__l1,1024,49,2,1023,2,1023
evaluation__5816__deblur__confidence_boost__nes__l1,1021,48,2,382,2,500
evaluation__5816__deblur__boundary_probe__nes__l1,1021,49,5,443,5,588
evaluation__5816__deblur__counterfactual__nes__l1,1021,48,4,239,4,353
evaluation__6288__denoise__attack__nes__l0.5,1021,48,2,648,2,783
evaluation__6288__denoise__restore__nes__l0.5,1021,48,5,675,5,789
evaluation__6288__denoise__random_walk__random_walk__l0.5,1024,50,2,1023,2,1023
evaluation__6288__denoise__confidence_boost__nes__l0.5,1021,50,2,665,2,776
evaluation__6288__denoise__boundary_probe__nes__l0.5,1021,49,2,602,2,730
evaluation__6288__denoise__counterfactual__nes__l0.5,1021,49,3,583,3,705
evaluation__6288__deblur__attack__nes__l1,1021,48,3,560,3,713
evaluation__6288__deblur__restore__nes__l1,1021,48,8,559,2,709
evaluation__6288__deblur__random_walk__random_walk__l1,1024,49,2,1023,2,1023
evaluation__6288__deblur__confidence_boost__nes__l1,1021,48,8,524,4,686
evaluation__6288__deblur__boundary_probe__nes__l1,1021,50,3,614,3,733
evaluation__6288__deblur__counterfactual__nes__l1,1021,47,4,351,4,486
evaluation__7378__denoise__attack__nes__l0.5,1021,48,18,343,18,500
evaluation__7378__denoise__restore__nes__l0.5,1021,49,6,327,6,455
evaluation__7378__denoise__random_walk__random_walk__l0.5,1024,49,2,1023,2,1023
evaluation__7378__denoise__confidence_boost__nes__l0.5,1021,49,6,456,6,587
evaluation__7378__denoise__boundary_probe__nes__l0.5,1021,49,18,340,10,463
evaluation__7378__denoise__counterfactual__nes__l0.5,1021,48,18,293,18,431
evaluation__7378__deblur__attack__nes__l1,1021,48,15,191,10,274
evaluation__7378__deblur__restore__nes__l1,1021,48,2,291,2,423
evaluation__7378__deblur__random_walk__random_walk__l1,1024,50,2,1023,2,1023
evaluation__7378__deblur__confidence_boost__nes__l1,1021,49,18,231,18,346
evaluation__7378__deblur__boundary_probe__nes__l1,1021,47,17,166,17,230
evaluation__7378__deblur__counterfactual__nes__l1,1021,48,18,207,10,301
evaluation__12506__denoise__attack__nes__l0.5,1021,48,3,393,3,547
evaluation__12506__denoise__restore__nes__l0.5,1021,48,4,470,4,627
evaluation__12506__denoise__random_walk__random_walk__l0.5,1024,50,2,1023,2,1023
evaluation__12506__denoise__confidence_boost__nes__l0.5,1021,48,2,313,2,449
evaluation__12506__denoise__boundary_probe__nes__l0.5,1021,50,3,514,3,662
evaluation__12506__denoise__counterfactual__nes__l0.5,1021,48,3,440,3,608
evaluation__12506__deblur__attack__nes__l1,1021,49,3,770,2,871
evaluation__12506__deblur__restore__nes__l1,1021,48,6,763,3,875
evaluation__12506__deblur__random_walk__random_walk__l1,1024,50,2,1023,2,1023
evaluation__12506__deblur__confidence_boost__nes__l1,1021,48,6,599,3,743
evaluation__12506__deblur__boundary_probe__nes__l1,1021,49,2,766,2,872
evaluation__12506__deblur__counterfactual__nes__l1,1021,49,2,803,2,887
evaluation__1904__denoise__attack__nes__l0.5,1021,49,6,353,6,499
evaluation__1904__denoise__restore__nes__l0.5,1021,47,2,512,2,669
evaluation__1904__denoise__random_walk__random_walk__l0.5,1024,50,2,1023,2,1023
evaluation__1904__denoise__confidence_boost__nes__l0.5,1021,48,10,658,7,776
evaluation__1904__denoise__boundary_probe__nes__l0.5,1021,48,7,583,5,737
evaluation__1904__denoise__counterfactual__nes__l0.5,1021,48,4,448,4,605
evaluation__1904__deblur__attack__nes__l1,1021,48,11,339,10,493
evaluation__1904__deblur__restore__nes__l1,1021,49,2,522,2,656
evaluation__1904__deblur__random_walk__random_walk__l1,1024,49,2,1023,2,1023
evaluation__1904__deblur__confidence_boost__nes__l1,1021,48,5,544,5,668
evaluation__1904__deblur__boundary_probe__nes__l1,1021,48,2,494,2,625
evaluation__1904__deblur__counterfactual__nes__l1,1021,50,4,442,2,569
evaluation__5805__denoise__attack__nes__l0.5,1021,50,3,535,3,687
evaluation__5805__denoise__restore__nes__l0.5,1021,49,3,721,3,829
evaluation__5805__denoise__random_walk__random_walk__l0.5,1024,50,2,1023,2,1023
evaluation__5805__denoise__confidence_boost__nes__l0.5,1021,47,2,394,2,537
evaluation__5805__denoise__boundary_probe__nes__l0.5,1021,48,5,361,5,512
evaluation__5805__denoise__counterfactual__nes__l0.5,1021,48,2,472,2,619
evaluation__5805__deblur__attack__nes__l1,1021,49,2,674,2,795
evaluation__5805__deblur__restore__nes__l1,1021,49,2,459,2,595
evaluation__5805__deblur__random_walk__random_walk__l1,1024,50,2,1023,2,1023
evaluation__5805__deblur__confidence_boost__nes__l1,1021,49,3,653,2,783
evaluation__5805__deblur__boundary_probe__nes__l1,1021,49,7,680,7,800
evaluation__5805__deblur__counterfactual__nes__l1,1021,49,2,707,2,823
evaluation__4921__denoise__attack__nes__l0.5,1021,49,6,453,2,600
evaluation__4921__denoise__restore__nes__l0.5,1021,48,2,524,2,673
evaluation__4921__denoise__random_walk__random_walk__l0.5,1024,49,2,1023,2,1023
evaluation__4921__denoise__confidence_boost__nes__l0.5,1021,49,12,563,3,714
evaluation__4921__denoise__boundary_probe__nes__l0.5,1021,48,3,357,3,489
evaluation__4921__denoise__counterfactual__nes__l0.5,1021,49,2,506,2,646
evaluation__4921__deblur__attack__nes__l1,1021,47,3,559,3,716
evaluation__4921__deblur__restore__nes__l1,1021,48,12,604,4,766
evaluation__4921__deblur__random_walk__random_walk__l1,1024,50,2,1023,2,1023
evaluation__4921__deblur__confidence_boost__nes__l1,1021,48,6,523,3,679
evaluation__4921__deblur__boundary_probe__nes__l1,1021,49,9,578,3,748
evaluation__4921__deblur__counterfactual__nes__l1,1021,48,2,442,2,609
evaluation__4706__denoise__attack__nes__l0.5,1021,48,6,385,6,518
evaluation__4706__denoise__restore__nes__l0.5,1021,48,12,455,10,607
evaluation__4706__denoise__random_walk__random_walk__l0.5,1024,49,2,1023,2,1023
evaluation__4706__denoise__confidence_boost__nes__l0.5,1021,48,4,605,4,736
evaluation__4706__denoise__boundary_probe__nes__l0.5,1021,47,13,322,12,464
evaluation__4706__denoise__counterfactual__nes__l0.5,1021,48,5,461,4,622
evaluation__4706__deblur__attack__nes__l1,1021,49,6,521,3,662
evaluation__4706__deblur__restore__nes__l1,1021,49,3,579,3,740
evaluation__4706__deblur__random_walk__random_walk__l1,1024,49,2,1023,2,1023
evaluation__4706__deblur__confidence_boost__nes__l1,1021,48,2,654,2,788
evaluation__4706__deblur__boundary_probe__nes__l1,1021,48,2,715,2,850
evaluation__4706__deblur__counterfactual__nes__l1,1021,47,11,514,5,667
evaluation__10169__denoise__attack__nes__l0.5,1021,48,7,314,7,452
evaluation__10169__denoise__restore__nes__l0.5,1021,47,11,377,11,526
evaluation__10169__denoise__random_walk__random_walk__l0.5,1024,50,2,1023,2,1023
evaluation__10169__denoise__confidence_boost__nes__l0.5,1021,48,2,340,2,450
evaluation__10169__denoise__boundary_probe__nes__l0.5,1021,49,13,263,13,386
evaluation__10169__denoise__counterfactual__nes__l0.5,1021,47,11,415,2,542
evaluation__10169__deblur__attack__nes__l1,1021,49,3,159,3,243
evaluation__10169__deblur__restore__nes__l1,1021,48,5,141,5,206
evaluation__10169__deblur__random_walk__random_walk__l1,1024,50,2,1023,2,1023
evaluation__10169__deblur__confidence_boost__nes__l1,1021,48,18,201,18,286
evaluation__10169__deblur__boundary_probe__nes__l1,1021,49,2,300,2,424
evaluation__10169__deblur__counterfactual__nes__l1,1021,48,6,134,6,184
evaluation__315__denoise__attack__nes__l0.5,1021,48,14,359,14,499
evaluation__315__denoise__restore__nes__l0.5,1021,48,2,237,2,353
evaluation__315__denoise__random_walk__random_walk__l0.5,1024,49,2,1023,2,1023
evaluation__315__denoise__confidence_boost__nes__l0.5,1021,48,18,210,9,304
evaluation__315__denoise__boundary_probe__nes__l0.5,1021,47,4,195,4,268
evaluation__315__denoise__counterfactual__nes__l0.5,1021,48,5,298,2,419
evaluation__315__deblur__attack__nes__l1,1021,48,18,150,18,228
evaluation__315__deblur__restore__nes__l1,1021,48,18,115,18,160
evaluation__315__deblur__random_walk__random_walk__l1,1024,49,2,1023,2,1023
evaluation__315__deblur__confidence_boost__nes__l1,1021,48,15,320,15,452
evaluation__315__deblur__boundary_probe__nes__l1,1021,48,18,353,18,474
evaluation__315__deblur__counterfactual__nes__l1,1021,48,8,290,8,420
fit__9117__denoise__attack__nes__l0.5,1021,48,2,538,2,697
fit__9117__denoise__restore__nes__l0.5,1021,49,3,613,3,739
fit__9117__denoise__random_walk__random_walk__l0.5,1024,50,2,1023,2,1023
fit__9117__denoise__confidence_boost__nes__l0.5,1021,48,5,657,4,773
fit__9117__denoise__boundary_probe__nes__l0.5,1021,49,3,489,3,621
fit__9117__denoise__counterfactual__nes__l0.5,1021,47,3,591,2,735
fit__9117__deblur__attack__nes__l1,1021,48,3,314,3,482
fit__9117__deblur__restore__nes__l1,1021,49,2,387,2,548
fit__9117__deblur__random_walk__random_walk__l1,1024,50,2,1023,2,1023
fit__9117__deblur__confidence_boost__nes__l1,1021,48,8,417,4,562
fit__9117__deblur__boundary_probe__nes__l1,1021,49,10,376,10,524
fit__9117__deblur__counterfactual__nes__l1,1021,47,15,320,5,474
fit__9708__denoise__attack__nes__l0.5,1021,47,2,300,2,409
fit__9708__denoise__restore__nes__l0.5,1021,48,4,359,4,486
fit__9708__denoise__random_walk__random_walk__l0.5,1024,49,2,1023,2,1023
fit__9708__denoise__confidence_boost__nes__l0.5,1021,49,2,290,2,404
fit__9708__denoise__boundary_probe__nes__l0.5,1021,47,3,324,3,457
fit__9708__denoise__counterfactual__nes__l0.5,1021,46,7,293,7,422
fit__9708__deblur__attack__nes__l1,1021,48,9,412,9,571
fit__9708__deblur__restore__nes__l1,1021,50,7,566,6,700
fit__9708__deblur__random_walk__random_walk__l1,1024,49,2,1023,2,1023
fit__9708__deblur__confidence_boost__nes__l1,1021,49,2,513,2,657
fit__9708__deblur__boundary_probe__nes__l1,1021,48,2,491,2,668
fit__9708__deblur__counterfactual__nes__l1,1021,48,3,421,3,556
fit__11745__denoise__attack__nes__l0.5,1021,48,3,484,3,637
fit__11745__denoise__restore__nes__l0.5,1021,48,6,452,6,601
fit__11745__denoise__random_walk__random_walk__l0.5,1024,50,2,1023,2,1023
fit__11745__denoise__confidence_boost__nes__l0.5,1021,48,4,459,3,607
fit__11745__denoise__boundary_probe__nes__l0.5,1021,49,7,347,2,487
fit__11745__denoise__counterfactual__nes__l0.5,1021,49,5,557,5,675
fit__11745__deblur__attack__nes__l1,1021,49,4,489,4,640
fit__11745__deblur__restore__nes__l1,1021,48,10,377,2,499
fit__11745__deblur__random_walk__random_walk__l1,1024,50,2,1023,2,1023
fit__11745__deblur__confidence_boost__nes__l1,1021,48,3,470,2,644
fit__11745__deblur__boundary_probe__nes__l1,1021,48,10,385,2,529
fit__11745__deblur__counterfactual__nes__l1,1021,49,8,632,3,751
fit__9662__denoise__attack__nes__l0.5,1021,48,2,451,2,587
fit__9662__denoise__restore__nes__l0.5,1021,47,10,180,8,291
fit__9662__denoise__random_walk__random_walk__l0.5,1024,49,2,1023,2,1023
fit__9662__denoise__confidence_boost__nes__l0.5,1021,48,3,357,3,487
fit__9662__denoise__boundary_probe__nes__l0.5,1021,48,2,318,2,442
fit__9662__denoise__counterfactual__nes__l0.5,1021,48,11,351,11,476
fit__9662__deblur__attack__nes__l1,1021,48,18,239,4,342
fit__9662__deblur__restore__nes__l1,1021,49,6,317,5,461
fit__9662__deblur__random_walk__random_walk__l1,1024,50,2,1023,2,1023
fit__9662__deblur__confidence_boost__nes__l1,1021,49,12,338,12,462
fit__9662__deblur__boundary_probe__nes__l1,1021,47,13,264,13,383
fit__9662__deblur__counterfactual__nes__l1,1021,48,18,245,16,363
fit__7324__denoise__attack__nes__l0.5,1021,48,5,526,5,671
fit__7324__denoise__restore__nes__l0.5,1021,48,3,612,3,750
fit__7324__denoise__random_walk__random_walk__l0.5,1024,50,2,1023,2,1023
fit__7324__denoise__confidence_boost__nes__l0.5,1021,48,4,561,4,695
fit__7324__denoise__boundary_probe__nes__l0.5,1021,49,8,556,4,706
fit__7324__denoise__counterfactual__nes__l0.5,1021,48,4,601,4,708
fit__7324__deblur__attack__nes__l1,1021,48,2,537,2,681
fit__7324__deblur__restore__nes__l1,1021,48,8,645,6,779
fit__7324__deblur__random_walk__random_walk__l1,1024,50,2,1023,2,1023
fit__7324__deblur__confidence_boost__nes__l1,1021,49,9,691,9,827
fit__7324__deblur__boundary_probe__nes__l1,1021,48,2,682,2,809
fit__7324__deblur__counterfactual__nes__l1,1021,49,6,646,6,766
fit__7462__denoise__attack__nes__l0.5,1021,48,2,652,2,791
fit__7462__denoise__restore__nes__l0.5,1021,49,3,582,2,763
fit__7462__denoise__random_walk__random_walk__l0.5,1024,49,2,1023,2,1023
fit__7462__denoise__confidence_boost__nes__l0.5,1021,48,3,698,3,816
fit__7462__denoise__boundary_probe__nes__l0.5,1021,48,3,690,2,831
fit__7462__denoise__counterfactual__nes__l0.5,1021,49,3,803,3,915
fit__7462__deblur__attack__nes__l1,1021,48,4,325,4,495
fit__7462__deblur__restore__nes__l1,1021,48,3,388,3,552
fit__7462__deblur__random_walk__random_walk__l1,1024,49,2,1023,2,1023
fit__7462__deblur__confidence_boost__nes__l1,1021,47,3,340,3,495
fit__7462__deblur__boundary_probe__nes__l1,1021,48,4,541,4,684
fit__7462__deblur__counterfactual__nes__l1,1021,48,2,225,2,361
fit__10645__denoise__attack__nes__l0.5,1021,47,18,312,10,426
fit__10645__denoise__restore__nes__l0.5,1021,49,8,297,8,419
fit__10645__denoise__random_walk__random_walk__l0.5,1024,50,2,1023,2,1023
fit__10645__denoise__confidence_boost__nes__l0.5,1021,48,17,242,17,358
fit__10645__denoise__boundary_probe__nes__l0.5,1021,48,18,213,7,307
fit__10645__denoise__counterfactual__nes__l0.5,1021,46,2,234,2,363
fit__10645__deblur__attack__nes__l1,1021,48,5,277,2,412
fit__10645__deblur__restore__nes__l1,1021,48,2,359,2,516
fit__10645__deblur__random_walk__random_walk__l1,1024,49,2,1023,2,1023
fit__10645__deblur__confidence_boost__nes__l1,1021,49,2,401,2,520
fit__10645__deblur__boundary_probe__nes__l1,1021,48,5,293,2,422
fit__10645__deblur__counterfactual__nes__l1,1021,47,2,327,2,462
fit__12459__denoise__attack__nes__l0.5,1021,48,11,440,2,586
fit__12459__denoise__restore__nes__l0.5,1021,47,6,430,6,570
fit__12459__denoise__random_walk__random_walk__l0.5,1024,49,2,1023,2,1023
fit__12459__denoise__confidence_boost__nes__l0.5,1021,47,15,545,3,692
fit__12459__denoise__boundary_probe__nes__l0.5,1021,49,18,363,18,490
fit__12459__denoise__counterfactual__nes__l0.5,1021,49,10,410,10,547
fit__12459__deblur__attack__nes__l1,1021,49,4,481,4,634
fit__12459__deblur__restore__nes__l1,1021,49,11,527,9,705
fit__12459__deblur__random_walk__random_walk__l1,1024,50,2,1023,2,1023
fit__12459__deblur__confidence_boost__nes__l1,1021,48,5,585,4,740
fit__12459__deblur__boundary_probe__nes__l1,1021,48,2,666,2,822
fit__12459__deblur__counterfactual__nes__l1,1021,48,3,594,3,740
fit__12369__denoise__attack__nes__l0.5,1021,46,18,219,5,323
fit__12369__denoise__restore__nes__l0.5,1021,48,8,238,3,362
fit__12369__denoise__random_walk__random_walk__l0.5,1024,50,2,1023,2,1023
fit__12369__denoise__confidence_boost__nes__l0.5,1021,49,13,290,13,427
fit__12369__denoise__boundary_probe__nes__l0.5,1021,48,18,223,11,352
fit__12369__denoise__counterfactual__nes__l0.5,1021,48,18,159,7,236
fit__12369__deblur__attack__nes__l1,1021,49,3,441,3,585
fit__12369__deblur__restore__nes__l1,1021,48,7,546,6,701
fit__12369__deblur__random_walk__random_walk__l1,1024,49,2,1023,2,1023
fit__12369__deblur__confidence_boost__nes__l1,1021,48,5,476,5,619
fit__12369__deblur__boundary_probe__nes__l1,1021,47,4,351,2,485
fit__12369__deblur__counterfactual__nes__l1,1021,49,4,467,4,599
fit__7073__denoise__attack__nes__l0.5,1021,48,2,874,2,946
fit__7073__denoise__restore__nes__l0.5,1021,49,2,991,2,1012
fit__7073__denoise__random_walk__random_walk__l0.5,1024,50,2,1023,2,1023
fit__7073__denoise__confidence_boost__nes__l0.5,1021,50,2,935,2,987
fit__7073__denoise__boundary_probe__nes__l0.5,1021,50,2,1006,2,1015
fit__7073__denoise__counterfactual__nes__l0.5,1021,48,2,985,2,1005
fit__7073__deblur__attack__nes__l1,1021,49,8,591,8,718
fit__7073__deblur__restore__nes__l1,1021,49,11,326,11,462
fit__7073__deblur__random_walk__random_walk__l1,1024,49,2,1023,2,1023
fit__7073__deblur__confidence_boost__nes__l1,1021,48,9,472,2,625
fit__7073__deblur__boundary_probe__nes__l1,1021,47,3,341,3,484
fit__7073__deblur__counterfactual__nes__l1,1021,47,5,301,5,426
fit__6786__denoise__attack__nes__l0.5,1021,49,2,778,2,882
fit__6786__denoise__restore__nes__l0.5,1021,49,3,860,3,928
fit__6786__denoise__random_walk__random_walk__l0.5,1024,49,2,1023,2,1023
fit__6786__denoise__confidence_boost__nes__l0.5,1021,48,3,847,2,913
fit__6786__denoise__boundary_probe__nes__l0.5,1021,49,2,847,2,934
fit__6786__denoise__counterfactual__nes__l0.5,1021,49,3,794,3,894
fit__6786__deblur__attack__nes__l1,1021,47,18,264,18,401
fit__6786__deblur__restore__nes__l1,1021,49,13,398,13,527
fit__6786__deblur__random_walk__random_walk__l1,1024,49,2,1023,2,1023
fit__6786__deblur__confidence_boost__nes__l1,1021,47,2,162,2,225
fit__6786__deblur__boundary_probe__nes__l1,1021,48,10,288,10,400
fit__6786__deblur__counterfactual__nes__l1,1021,50,4,490,4,616
fit__9428__denoise__attack__nes__l0.5,1021,49,2,884,2,958
fit__9428__denoise__restore__nes__l0.5,1021,48,3,869,3,949
fit__9428__denoise__random_walk__random_walk__l0.5,1024,50,2,1023,2,1023
fit__9428__denoise__confidence_boost__nes__l0.5,1021,48,2,757,2,880
fit__9428__denoise__boundary_probe__nes__l0.5,1021,49,2,960,2,1001
fit__9428__denoise__counterfactual__nes__l0.5,1021,49,2,966,2,999
fit__9428__deblur__attack__nes__l1,1021,48,18,391,3,526
fit__9428__deblur__restore__nes__l1,1021,48,3,193,3,283
fit__9428__deblur__random_walk__random_walk__l1,1024,49,2,1023,2,1023
fit__9428__deblur__confidence_boost__nes__l1,1021,49,18,378,2,512
fit__9428__deblur__boundary_probe__nes__l1,1021,47,6,242,4,354
fit__9428__deblur__counterfactual__nes__l1,1021,47,8,218,3,320
fit__9164__denoise__attack__nes__l0.5,1021,48,5,709,2,846
fit__9164__denoise__restore__nes__l0.5,1021,49,3,424,3,554
fit__9164__denoise__random_walk__random_walk__l0.5,1024,50,2,1023,2,1023
fit__9164__denoise__confidence_boost__nes__l0.5,1021,50,3,635,3,774
fit__9164__denoise__boundary_probe__nes__l0.5,1021,49,10,531,10,674
fit__9164__denoise__counterfactual__nes__l0.5,1021,49,4,707,4,832
fit__9164__deblur__attack__nes__l1,1021,48,18,440,13,599
fit__9164__deblur__restore__nes__l1,1021,48,3,312,3,462
fit__9164__deblur__random_walk__random_walk__l1,1024,49,2,1023,2,1023
fit__9164__deblur__confidence_boost__nes__l1,1021,48,18,449,3,615
fit__9164__deblur__boundary_probe__nes__l1,1021,49,4,376,3,531
fit__9164__deblur__counterfactual__nes__l1,1021,48,14,555,9,672
fit__10835__denoise__attack__nes__l0.5,1021,47,17,295,8,432
fit__10835__denoise__restore__nes__l0.5,1021,47,13,345,13,453
fit__10835__denoise__random_walk__random_walk__l0.5,1024,50,2,1023,2,1023
fit__10835__denoise__confidence_boost__nes__l0.5,1021,47,17,429,4,576
fit__10835__denoise__boundary_probe__nes__l0.5,1021,49,5,633,2,744
fit__10835__denoise__counterfactual__nes__l0.5,1021,49,6,564,6,708
fit__10835__deblur__attack__nes__l1,1021,48,4,517,4,658
fit__10835__deblur__restore__nes__l1,1021,47,3,478,3,626
fit__10835__deblur__random_walk__random_walk__l1,1024,49,2,1023,2,1023
fit__10835__deblur__confidence_boost__nes__l1,1021,48,2,386,2,523
fit__10835__deblur__boundary_probe__nes__l1,1021,49,2,565,2,717
fit__10835__deblur__counterfactual__nes__l1,1021,48,3,541,3,692
calibration__5350__denoise__attack__nes__l0.5,1021,48,7,353,7,486
calibration__5350__denoise__restore__nes__l0.5,1021,47,11,288,6,397
calibration__5350__denoise__random_walk__random_walk__l0.5,1024,49,2,1023,2,1023
calibration__5350__denoise__confidence_boost__nes__l0.5,1021,48,9,430,9,579
calibration__5350__denoise__boundary_probe__nes__l0.5,1021,48,8,462,2,587
calibration__5350__denoise__counterfactual__nes__l0.5,1021,47,2,342,2,489
calibration__5350__deblur__attack__nes__l1,1021,47,8,260,6,389
calibration__5350__deblur__restore__nes__l1,1021,48,4,453,4,581
calibration__5350__deblur__random_walk__random_walk__l1,1024,49,2,1023,2,1023
calibration__5350__deblur__confidence_boost__nes__l1,1021,49,11,327,6,444
calibration__5350__deblur__boundary_probe__nes__l1,1021,48,6,507,6,655
calibration__5350__deblur__counterfactual__nes__l1,1021,49,4,356,4,489
calibration__6381__denoise__attack__nes__l0.5,1021,49,7,846,4,926
calibration__6381__denoise__restore__nes__l0.5,1021,49,2,920,2,974
calibration__6381__denoise__random_walk__random_walk__l0.5,1024,50,2,1023,2,1023
calibration__6381__denoise__confidence_boost__nes__l0.5,1021,48,2,810,2,911
calibration__6381__denoise__boundary_probe__nes__l0.5,1021,49,2,913,2,974
calibration__6381__denoise__counterfactual__nes__l0.5,1021,50,2,697,2,843
calibration__6381__deblur__attack__nes__l1,1021,48,18,232,15,342
calibration__6381__deblur__restore__nes__l1,1021,48,17,203,3,312
calibration__6381__deblur__random_walk__random_walk__l1,1024,49,2,1023,2,1023
calibration__6381__deblur__confidence_boost__nes__l1,1021,48,18,161,18,240
calibration__6381__deblur__boundary_probe__nes__l1,1021,48,18,149,18,218
calibration__6381__deblur__counterfactual__nes__l1,1021,48,14,284,11,409
calibration__7398__denoise__attack__nes__l0.5,1021,48,11,198,11,291
calibration__7398__denoise__restore__nes__l0.5,1021,48,3,318,3,453
calibration__7398__denoise__random_walk__random_walk__l0.5,1024,50,2,1023,2,1023
calibration__7398__denoise__confidence_boost__nes__l0.5,1021,49,18,260,18,373
calibration__7398__denoise__boundary_probe__nes__l0.5,1021,47,13,433,13,554
calibration__7398__denoise__counterfactual__nes__l0.5,1021,49,6,368,6,491
calibration__7398__deblur__attack__nes__l1,1021,49,4,525,4,687
calibration__7398__deblur__restore__nes__l1,1021,47,3,490,3,652
calibration__7398__deblur__random_walk__random_walk__l1,1024,49,2,1023,2,1023
calibration__7398__deblur__confidence_boost__nes__l1,1021,48,5,582,5,730
calibration__7398__deblur__boundary_probe__nes__l1,1021,48,3,438,3,585
calibration__7398__deblur__counterfactual__nes__l1,1021,48,2,580,2,706
calibration__8893__denoise__attack__nes__l0.5,1021,48,18,248,11,343
calibration__8893__denoise__restore__nes__l0.5,1021,49,5,220,5,316
calibration__8893__denoise__random_walk__random_walk__l0.5,1024,49,2,1023,2,1023
calibration__8893__denoise__confidence_boost__nes__l0.5,1021,48,4,318,4,442
calibration__8893__denoise__boundary_probe__nes__l0.5,1021,49,10,185,10,272
calibration__8893__denoise__counterfactual__nes__l0.5,1021,48,12,215,12,332
calibration__8893__deblur__attack__nes__l1,1021,47,5,118,5,152
calibration__8893__deblur__restore__nes__l1,1021,49,18,195,7,282
calibration__8893__deblur__random_walk__random_walk__l1,1024,49,2,1023,2,1023
calibration__8893__deblur__confidence_boost__nes__l1,1021,49,18,133,15,196
calibration__8893__deblur__boundary_probe__nes__l1,1021,47,18,134,18,200
calibration__8893__deblur__counterfactual__nes__l1,1021,48,18,219,8,317
calibration__1513__denoise__attack__nes__l0.5,1021,47,14,330,14,466
calibration__1513__denoise__restore__nes__l0.5,1021,49,18,255,5,348
calibration__1513__denoise__random_walk__random_walk__l0.5,1024,50,2,1023,2,1023
calibration__1513__denoise__confidence_boost__nes__l0.5,1021,48,3,186,3,277
calibration__1513__denoise__boundary_probe__nes__l0.5,1021,48,9,256,2,385
calibration__1513__denoise__counterfactual__nes__l0.5,1021,47,18,183,3,260
calibration__1513__deblur__attack__nes__l1,1021,48,3,804,3,905
calibration__1513__deblur__restore__nes__l1,1021,49,2,850,2,934
calibration__1513__deblur__random_walk__random_walk__l1,1024,49,2,1023,2,1023
calibration__1513__deblur__confidence_boost__nes__l1,1021,49,2,861,2,930
calibration__1513__deblur__boundary_probe__nes__l1,1021,49,3,861,3,942
calibration__1513__deblur__counterfactual__nes__l1,1021,48,2,898,2,961
calibration__3397__denoise__attack__nes__l0.5,1021,50,2,489,2,640
calibration__3397__denoise__restore__nes__l0.5,1021,48,10,467,5,616
calibration__3397__denoise__random_walk__random_walk__l0.5,1024,49,2,1023,2,1023
calibration__3397__denoise__confidence_boost__nes__l0.5,1021,48,4,396,4,554
calibration__3397__denoise__boundary_probe__nes__l0.5,1021,47,9,433,2,571
calibration__3397__denoise__counterfactual__nes__l0.5,1021,49,4,388,4,515
calibration__3397__deblur__attack__nes__l1,1021,48,18,295,5,412
calibration__3397__deblur__restore__nes__l1,1021,48,18,364,7,493
calibration__3397__deblur__random_walk__random_walk__l1,1024,50,2,1023,2,1023
calibration__3397__deblur__confidence_boost__nes__l1,1021,48,16,207,16,297
calibration__3397__deblur__boundary_probe__nes__l1,1021,48,18,264,18,357
calibration__3397__deblur__counterfactual__nes__l1,1021,48,18,231,4,351
calibration__5068__denoise__attack__nes__l0.5,1021,48,7,373,7,513
calibration__5068__denoise__restore__nes__l0.5,1021,49,6,419,4,580
calibration__5068__denoise__random_walk__random_walk__l0.5,1024,49,2,1023,2,1023
calibration__5068__denoise__confidence_boost__nes__l0.5,1021,47,2,378,2,515
calibration__5068__denoise__boundary_probe__nes__l0.5,1021,49,3,313,3,453
calibration__5068__denoise__counterfactual__nes__l0.5,1021,47,11,291,11,403
calibration__5068__deblur__attack__nes__l1,1021,48,4,402,4,531
calibration__5068__deblur__restore__nes__l1,1021,49,2,376,2,526
calibration__5068__deblur__random_walk__random_walk__l1,1024,49,2,1023,2,1023
calibration__5068__deblur__confidence_boost__nes__l1,1021,48,5,403,5,537
calibration__5068__deblur__boundary_probe__nes__l1,1021,49,12,341,12,472
calibration__5068__deblur__counterfactual__nes__l1,1021,48,18,480,3,626
calibration__6490__denoise__attack__nes__l0.5,1021,48,2,180,2,259
calibration__6490__denoise__restore__nes__l0.5,1021,49,6,326,6,459
calibration__6490__denoise__random_walk__random_walk__l0.5,1024,49,2,1023,2,1023
calibration__6490__denoise__confidence_boost__nes__l0.5,1021,49,11,278,11,379
calibration__6490__denoise__boundary_probe__nes__l0.5,1021,49,2,248,2,362
calibration__6490__denoise__counterfactual__nes__l0.5,1021,48,18,246,12,361
calibration__6490__deblur__attack__nes__l1,1021,48,5,456,3,622
calibration__6490__deblur__restore__nes__l1,1021,48,4,350,4,489
calibration__6490__deblur__random_walk__random_walk__l1,1024,49,2,1023,2,1023
calibration__6490__deblur__confidence_boost__nes__l1,1021,48,18,398,8,546
calibration__6490__deblur__boundary_probe__nes__l1,1021,48,5,383,5,506
calibration__6490__deblur__counterfactual__nes__l1,1021,48,16,343,10,484
calibration__7284__denoise__attack__nes__l0.5,1021,48,5,624,5,741
calibration__7284__denoise__restore__nes__l0.5,1021,48,2,346,2,489
calibration__7284__denoise__random_walk__random_walk__l0.5,1024,50,2,1023,2,1023
calibration__7284__denoise__confidence_boost__nes__l0.5,1021,47,4,523,4,664
calibration__7284__denoise__boundary_probe__nes__l0.5,1021,48,4,474,4,620
calibration__7284__denoise__counterfactual__nes__l0.5,1021,50,2,523,2,661
calibration__7284__deblur__attack__nes__l1,1021,48,2,732,2,837
calibration__7284__deblur__restore__nes__l1,1021,49,2,559,2,702
calibration__7284__deblur__random_walk__random_walk__l1,1024,50,2,1023,2,1023
calibration__7284__deblur__confidence_boost__nes__l1,1021,48,2,779,2,888
calibration__7284__deblur__boundary_probe__nes__l1,1021,48,2,548,2,691
calibration__7284__deblur__counterfactual__nes__l1,1021,50,4,807,4,894
calibration__5883__denoise__attack__nes__l0.5,1021,49,18,303,18,426
calibration__5883__denoise__restore__nes__l0.5,1021,47,18,225,18,353
calibration__5883__denoise__random_walk__random_walk__l0.5,1024,50,2,1023,2,1023
calibration__5883__denoise__confidence_boost__nes__l0.5,1021,47,10,218,10,325
calibration__5883__denoise__boundary_probe__nes__l0.5,1021,47,4,159,4,252
calibration__5883__denoise__counterfactual__nes__l0.5,1021,48,18,272,18,387
calibration__5883__deblur__attack__nes__l1,1021,48,2,661,2,799
calibration__5883__deblur__restore__nes__l1,1021,49,2,595,2,750
calibration__5883__deblur__random_walk__random_walk__l1,1024,49,2,1023,2,1023
calibration__5883__deblur__confidence_boost__nes__l1,1021,48,2,535,2,709
calibration__5883__deblur__boundary_probe__nes__l1,1021,47,3,386,3,532
calibration__5883__deblur__counterfactual__nes__l1,1021,47,2,669,2,812
calibration__2500__denoise__attack__nes__l0.5,1021,50,3,560,3,694
calibration__2500__denoise__restore__nes__l0.5,1021,48,5,500,5,634
calibration__2500__denoise__random_walk__random_walk__l0.5,1024,49,2,1023,2,1023
calibration__2500__denoise__confidence_boost__nes__l0.5,1021,48,7,536,7,696
calibration__2500__denoise__boundary_probe__nes__l0.5,1021,48,7,347,7,495
calibration__2500__denoise__counterfactual__nes__l0.5,1021,48,5,451,5,624
calibration__2500__deblur__attack__nes__l1,1021,48,8,335,2,484
calibration__2500__deblur__restore__nes__l1,1021,48,8,544,8,692
calibration__2500__deblur__random_walk__random_walk__l1,1024,50,2,1023,2,1023
calibration__2500__deblur__confidence_boost__nes__l1,1021,48,8,771,8,879
calibration__2500__deblur__boundary_probe__nes__l1,1021,49,4,506,4,642
calibration__2500__deblur__counterfactual__nes__l1,1021,48,4,442,4,613
calibration__3706__denoise__attack__nes__l0.5,1021,47,5,279,3,420
calibration__3706__denoise__restore__nes__l0.5,1021,48,3,459,3,608
calibration__3706__denoise__random_walk__random_walk__l0.5,1024,49,2,1023,2,1023
calibration__3706__denoise__confidence_boost__nes__l0.5,1021,50,2,518,2,669
calibration__3706__denoise__boundary_probe__nes__l0.5,1021,47,18,463,18,618
calibration__3706__denoise__counterfactual__nes__l0.5,1021,48,12,383,6,521
calibration__3706__deblur__attack__nes__l1,1021,49,8,479,8,622
calibration__3706__deblur__restore__nes__l1,1021,49,3,701,3,811
calibration__3706__deblur__random_walk__random_walk__l1,1024,49,2,1023,2,1023
calibration__3706__deblur__confidence_boost__nes__l1,1021,48,7,642,2,778
calibration__3706__deblur__boundary_probe__nes__l1,1021,49,3,674,3,806
calibration__3706__deblur__counterfactual__nes__l1,1021,49,2,613,2,760
calibration__10843__denoise__attack__nes__l0.5,1021,48,3,575,3,714
calibration__10843__denoise__restore__nes__l0.5,1021,49,18,516,4,643
calibration__10843__denoise__random_walk__random_walk__l0.5,1024,50,2,1023,2,1023
calibration__10843__denoise__confidence_boost__nes__l0.5,1021,49,2,387,2,549
calibration__10843__denoise__boundary_probe__nes__l0.5,1021,48,2,487,2,646
calibration__10843__denoise__counterfactual__nes__l0.5,1021,48,2,623,2,782
calibration__10843__deblur__attack__nes__l1,1021,49,6,440,6,563
calibration__10843__deblur__restore__nes__l1,1021,49,6,333,2,464
calibration__10843__deblur__random_walk__random_walk__l1,1024,49,2,1023,2,1023
calibration__10843__deblur__confidence_boost__nes__l1,1021,48,8,360,7,484
calibration__10843__deblur__boundary_probe__nes__l1,1021,47,2,321,2,454
calibration__10843__deblur__counterfactual__nes__l1,1021,48,3,282,3,405
calibration__4184__denoise__attack__nes__l0.5,1021,48,2,332,2,459
calibration__4184__denoise__restore__nes__l0.5,1021,48,4,400,3,513
calibration__4184__denoise__random_walk__random_walk__l0.5,1024,50,2,1023,2,1023
calibration__4184__denoise__confidence_boost__nes__l0.5,1021,49,2,411,2,559
calibration__4184__denoise__boundary_probe__nes__l0.5,1021,48,2,374,2,509
calibration__4184__denoise__counterfactual__nes__l0.5,1021,48,2,316,2,436
calibration__4184__deblur__attack__nes__l1,1021,47,18,243,18,345
calibration__4184__deblur__restore__nes__l1,1021,48,11,324,11,427
calibration__4184__deblur__random_walk__random_walk__l1,1024,49,2,1023,2,1023
calibration__4184__deblur__confidence_boost__nes__l1,1021,48,12,340,12,475
calibration__4184__deblur__boundary_probe__nes__l1,1021,49,6,182,6,269
calibration__4184__deblur__counterfactual__nes__l1,1021,48,18,263,18,369
evaluation__3340__denoise__attack__nes__l0.5,1021,48,18,164,18,240
evaluation__3340__denoise__restore__nes__l0.5,1021,48,18,369,2,512
evaluation__3340__denoise__random_walk__random_walk__l0.5,1024,49,2,1023,2,1023
evaluation__3340__denoise__confidence_boost__nes__l0.5,1021,48,11,420,2,571
evaluation__3340__denoise__boundary_probe__nes__l0.5,1021,49,3,503,3,647
evaluation__3340__denoise__counterfactual__nes__l0.5,1021,48,5,378,5,502
evaluation__3340__deblur__attack__nes__l1,1021,48,4,464,4,598
evaluation__3340__deblur__restore__nes__l1,1021,47,3,355,3,497
evaluation__3340__deblur__random_walk__random_walk__l1,1024,49,2,1023,2,1023
evaluation__3340__deblur__confidence_boost__nes__l1,1021,48,3,362,3,507
evaluation__3340__deblur__boundary_probe__nes__l1,1021,49,8,487,8,641
evaluation__3340__deblur__counterfactual__nes__l1,1021,48,3,466,3,609
evaluation__10642__denoise__attack__nes__l0.5,1021,47,6,383,6,531
evaluation__10642__denoise__restore__nes__l0.5,1021,49,7,558,4,724
evaluation__10642__denoise__random_walk__random_walk__l0.5,1024,50,2,1023,2,1023
evaluation__10642__denoise__confidence_boost__nes__l0.5,1021,48,5,464,5,606
evaluation__10642__denoise__boundary_probe__nes__l0.5,1021,49,3,461,3,607
evaluation__10642__denoise__counterfactual__nes__l0.5,1021,48,6,366,6,523
evaluation__10642__deblur__attack__nes__l1,1021,47,18,284,10,418
evaluation__10642__deblur__restore__nes__l1,1021,48,15,257,15,384
evaluation__10642__deblur__random_walk__random_walk__l1,1024,49,2,1023,2,1023
evaluation__10642__deblur__confidence_boost__nes__l1,1021,49,8,226,8,352
evaluation__10642__deblur__boundary_probe__nes__l1,1021,48,17,300,17,438
evaluation__10642__deblur__counterfactual__nes__l1,1021,49,4,212,4,297
evaluation__11467__denoise__attack__nes__l0.5,1021,48,2,178,2,263
evaluation__11467__denoise__restore__nes__l0.5,1021,48,13,174,6,261
evaluation__11467__denoise__random_walk__random_walk__l0.5,1024,49,2,1023,2,1023
evaluation__11467__denoise__confidence_boost__nes__l0.5,1021,48,18,204,2,294
evaluation__11467__denoise__boundary_probe__nes__l0.5,1021,49,16,340,14,460
evaluation__11467__denoise__counterfactual__nes__l0.5,1021,49,7,197,2,288
evaluation__11467__deblur__attack__nes__l1,1021,49,3,793,3,890
evaluation__11467__deblur__restore__nes__l1,1021,50,6,677,6,815
evaluation__11467__deblur__random_walk__random_walk__l1,1024,50,2,1023,2,1023
evaluation__11467__deblur__confidence_boost__nes__l1,1021,47,4,513,4,676
evaluation__11467__deblur__boundary_probe__nes__l1,1021,49,5,800,2,911
evaluation__11467__deblur__counterfactual__nes__l1,1021,48,4,778,3,889
evaluation__5353__denoise__attack__nes__l0.5,1021,48,8,711,8,832
evaluation__5353__denoise__restore__nes__l0.5,1021,47,5,514,5,657
evaluation__5353__denoise__random_walk__random_walk__l0.5,1024,49,2,1023,2,1023
evaluation__5353__denoise__confidence_boost__nes__l0.5,1021,47,2,744,2,848
evaluation__5353__denoise__boundary_probe__nes__l0.5,1021,49,10,757,10,855
evaluation__5353__denoise__counterfactual__nes__l0.5,1021,49,2,641,2,767
evaluation__5353__deblur__attack__nes__l1,1021,48,4,832,3,921
evaluation__5353__deblur__restore__nes__l1,1021,49,2,841,2,912
evaluation__5353__deblur__random_walk__random_walk__l1,1024,49,2,1023,2,1023
evaluation__5353__deblur__confidence_boost__nes__l1,1021,49,2,695,2,805
evaluation__5353__deblur__boundary_probe__nes__l1,1021,48,2,899,2,964
evaluation__5353__deblur__counterfactual__nes__l1,1021,47,3,692,2,825
evaluation__1350__denoise__attack__nes__l0.5,1021,49,2,920,2,980
evaluation__1350__denoise__restore__nes__l0.5,1021,49,4,851,4,948
evaluation__1350__denoise__random_walk__random_walk__l0.5,1024,50,2,1023,2,1023
evaluation__1350__denoise__confidence_boost__nes__l0.5,1021,47,2,629,2,768
evaluation__1350__denoise__boundary_probe__nes__l0.5,1021,49,3,924,3,968
evaluation__1350__denoise__counterfactual__nes__l0.5,1021,48,2,832,2,924
evaluation__1350__deblur__attack__nes__l1,1021,47,2,476,2,625
evaluation__1350__deblur__restore__nes__l1,1021,48,2,333,2,484
evaluation__1350__deblur__random_walk__random_walk__l1,1024,49,2,1023,2,1023
evaluation__1350__deblur__confidence_boost__nes__l1,1021,48,18,429,14,583
evaluation__1350__deblur__boundary_probe__nes__l1,1021,49,2,453,2,592
evaluation__1350__deblur__counterfactual__nes__l1,1021,49,6,428,4,563
evaluation__8431__denoise__attack__nes__l0.5,1021,49,5,535,3,686
evaluation__8431__denoise__restore__nes__l0.5,1021,48,5,569,5,707
evaluation__8431__denoise__random_walk__random_walk__l0.5,1024,49,2,1023,2,1023
evaluation__8431__denoise__confidence_boost__nes__l0.5,1021,48,7,559,7,698
evaluation__8431__denoise__boundary_probe__nes__l0.5,1021,49,4,635,4,759
evaluation__8431__denoise__counterfactual__nes__l0.5,1021,48,6,684,5,814
evaluation__8431__deblur__attack__nes__l1,1021,49,2,675,2,818
evaluation__8431__deblur__restore__nes__l1,1021,50,2,668,2,800
evaluation__8431__deblur__random_walk__random_walk__l1,1024,49,2,1023,2,1023
evaluation__8431__deblur__confidence_boost__nes__l1,1021,49,3,699,3,836
evaluation__8431__deblur__boundary_probe__nes__l1,1021,48,6,882,2,949
evaluation__8431__deblur__counterfactual__nes__l1,1021,49,2,658,2,801
evaluation__10317__denoise__attack__nes__l0.5,1021,47,18,270,18,374
evaluation__10317__denoise__restore__nes__l0.5,1021,48,18,291,18,409
evaluation__10317__denoise__random_walk__random_walk__l0.5,1024,49,2,1023,2,1023
evaluation__10317__denoise__confidence_boost__nes__l0.5,1021,47,12,256,12,339
evaluation__10317__denoise__boundary_probe__nes__l0.5,1021,47,18,181,6,284
evaluation__10317__denoise__counterfactual__nes__l0.5,1021,46,18,235,18,357
evaluation__10317__deblur__attack__nes__l1,1021,48,2,485,2,631
evaluation__10317__deblur__restore__nes__l1,1021,49,4,486,4,625
evaluation__10317__deblur__random_walk__random_walk__l1,1024,49,2,1023,2,1023
evaluation__10317__deblur__confidence_boost__nes__l1,1021,48,18,425,3,559
evaluation__10317__deblur__boundary_probe__nes__l1,1021,49,2,497,2,640
evaluation__10317__deblur__counterfactual__nes__l1,1021,48,15,373,5,525
evaluation__11444__denoise__attack__nes__l0.5,1021,49,5,388,5,535
evaluation__11444__denoise__restore__nes__l0.5,1021,48,6,694,6,826
evaluation__11444__denoise__random_walk__random_walk__l0.5,1024,49,2,1023,2,1023
evaluation__11444__denoise__confidence_boost__nes__l0.5,1021,48,2,531,2,690
evaluation__11444__denoise__boundary_probe__nes__l0.5,1021,48,10,619,4,766
evaluation__11444__denoise__counterfactual__nes__l0.5,1021,48,18,519,18,669
evaluation__11444__deblur__attack__nes__l1,1021,48,3,568,3,716
evaluation__11444__deblur__restore__nes__l1,1021,49,2,537,2,687
evaluation__11444__deblur__random_walk__random_walk__l1,1024,50,2,1023,2,1023
evaluation__11444__deblur__confidence_boost__nes__l1,1021,48,8,551,2,711
evaluation__11444__deblur__boundary_probe__nes__l1,1021,49,4,512,4,657
evaluation__11444__deblur__counterfactual__nes__l1,1021,48,8,482,8,640
evaluation__3089__denoise__attack__nes__l0.5,1021,46,18,212,5,305
evaluation__3089__denoise__restore__nes__l0.5,1021,48,3,196,3,285
evaluation__3089__denoise__random_walk__random_walk__l0.5,1024,49,2,1023,2,1023
evaluation__3089__denoise__confidence_boost__nes__l0.5,1021,47,10,222,10,325
evaluation__3089__denoise__boundary_probe__nes__l0.5,1021,48,12,297,12,425
evaluation__3089__denoise__counterfactual__nes__l0.5,1021,48,15,241,15,328
evaluation__3089__deblur__attack__nes__l1,1021,48,16,221,16,296
evaluation__3089__deblur__restore__nes__l1,1021,48,16,180,16,276
evaluation__3089__deblur__random_walk__random_walk__l1,1024,49,2,1023,2,1023
evaluation__3089__deblur__confidence_boost__nes__l1,1021,49,18,211,18,302
evaluation__3089__deblur__boundary_probe__nes__l1,1021,48,18,317,18,427
evaluation__3089__deblur__counterfactual__nes__l1,1021,47,18,154,2,218
evaluation__2641__denoise__attack__nes__l0.5,1021,47,5,413,5,586
evaluation__2641__denoise__restore__nes__l0.5,1021,49,4,557,4,688
evaluation__2641__denoise__random_walk__random_walk__l0.5,1024,49,2,1023,2,1023
evaluation__2641__denoise__confidence_boost__nes__l0.5,1021,49,3,614,2,743
evaluation__2641__denoise__boundary_probe__nes__l0.5,1021,48,5,431,2,575
evaluation__2641__denoise__counterfactual__nes__l0.5,1021,48,6,656,3,786
evaluation__2641__deblur__attack__nes__l1,1021,48,8,402,8,541
evaluation__2641__deblur__restore__nes__l1,1021,48,4,346,4,453
evaluation__2641__deblur__random_walk__random_walk__l1,1024,50,2,1023,2,1023
evaluation__2641__deblur__confidence_boost__nes__l1,1021,48,4,321,4,435
evaluation__2641__deblur__boundary_probe__nes__l1,1021,47,18,251,18,357
evaluation__2641__deblur__counterfactual__nes__l1,1021,49,5,428,5,571
evaluation__5872__denoise__attack__nes__l0.5,1021,46,18,100,18,133
evaluation__5872__denoise__restore__nes__l0.5,1021,48,18,127,2,184
evaluation__5872__denoise__random_walk__random_walk__l0.5,1024,49,2,1023,2,1023
evaluation__5872__denoise__confidence_boost__nes__l0.5,1021,48,18,238,17,323
evaluation__5872__denoise__boundary_probe__nes__l0.5,1021,48,18,237,18,329
evaluation__5872__denoise__counterfactual__nes__l0.5,1021,47,18,149,18,230
evaluation__5872__deblur__attack__nes__l1,1021,49,4,529,4,655
evaluation__5872__deblur__restore__nes__l1,1021,49,5,349,5,504
evaluation__5872__deblur__random_walk__random_walk__l1,1024,49,2,1023,2,1023
evaluation__5872__deblur__confidence_boost__nes__l1,1021,49,7,420,6,561
evaluation__5872__deblur__boundary_probe__nes__l1,1021,48,8,533,2,696
evaluation__5872__deblur__counterfactual__nes__l1,1021,49,2,315,2,456
evaluation__7515__denoise__attack__nes__l0.5,1021,50,4,423,4,591
evaluation__7515__denoise__restore__nes__l0.5,1021,48,8,258,7,377
evaluation__7515__denoise__random_walk__random_walk__l0.5,1024,49,2,1023,2,1023
evaluation__7515__denoise__confidence_boost__nes__l0.5,1021,49,2,479,2,636
evaluation__7515__denoise__boundary_probe__nes__l0.5,1021,48,5,246,3,375
evaluation__7515__denoise__counterfactual__nes__l0.5,1021,48,2,510,2,666
evaluation__7515__deblur__attack__nes__l1,1021,47,9,535,6,674
evaluation__7515__deblur__restore__nes__l1,1021,49,3,428,3,588
evaluation__7515__deblur__random_walk__random_walk__l1,1024,49,2,1023,2,1023
evaluation__7515__deblur__confidence_boost__nes__l1,1021,48,2,553,2,692
evaluation__7515__deblur__boundary_probe__nes__l1,1021,47,4,626,4,780
evaluation__7515__deblur__counterfactual__nes__l1,1021,48,6,543,6,680
evaluation__9742__denoise__attack__nes__l0.5,1021,48,8,323,8,454
evaluation__9742__denoise__restore__nes__l0.5,1021,49,6,201,6,316
evaluation__9742__denoise__random_walk__random_walk__l0.5,1024,49,2,1023,2,1023
evaluation__9742__denoise__confidence_boost__nes__l0.5,1021,48,17,348,17,483
evaluation__9742__denoise__boundary_probe__nes__l0.5,1021,49,18,281,18,406
evaluation__9742__denoise__counterfactual__nes__l0.5,1021,48,12,306,12,423
evaluation__9742__deblur__attack__nes__l1,1021,48,2,590,2,757
evaluation__9742__deblur__restore__nes__l1,1021,49,13,635,2,752
evaluation__9742__deblur__random_walk__random_walk__l1,1024,49,2,1023,2,1023
evaluation__9742__deblur__confidence_boost__nes__l1,1021,50,2,571,2,745
evaluation__9742__deblur__boundary_probe__nes__l1,1021,49,6,523,6,678
evaluation__9742__deblur__counterfactual__nes__l1,1021,48,3,382,3,555
evaluation__869__denoise__attack__nes__l0.5,1021,47,15,145,6,218
evaluation__869__denoise__restore__nes__l0.5,1021,48,18,230,18,327
evaluation__869__denoise__random_walk__random_walk__l0.5,1024,49,2,1023,2,1023
evaluation__869__denoise__confidence_boost__nes__l0.5,1021,48,18,219,14,305
evaluation__869__denoise__boundary_probe__nes__l0.5,1021,48,6,161,6,229
evaluation__869__denoise__counterfactual__nes__l0.5,1021,48,18,229,18,318
evaluation__869__deblur__attack__nes__l1,1021,49,5,516,4,670
evaluation__869__deblur__restore__nes__l1,1021,49,16,379,13,520
evaluation__869__deblur__random_walk__random_walk__l1,1024,49,2,1023,2,1023
evaluation__869__deblur__confidence_boost__nes__l1,1021,48,3,481,3,656
evaluation__869__deblur__boundary_probe__nes__l1,1021,48,9,271,9,408
evaluation__869__deblur__counterfactual__nes__l1,1021,49,4,486,4,645
evaluation__3652__denoise__attack__nes__l0.5,1021,48,15,426,6,560
evaluation__3652__denoise__restore__nes__l0.5,1021,48,18,460,7,612
evaluation__3652__denoise__random_walk__random_walk__l0.5,1024,49,2,1023,2,1023
evaluation__3652__denoise__confidence_boost__nes__l0.5,1021,48,18,558,18,702
evaluation__3652__denoise__boundary_probe__nes__l0.5,1021,46,2,386,2,529
evaluation__3652__denoise__counterfactual__nes__l0.5,1021,46,6,386,5,533
evaluation__3652__deblur__attack__nes__l1,1021,48,5,617,5,761
evaluation__3652__deblur__restore__nes__l1,1021,48,3,627,3,753
evaluation__3652__deblur__random_walk__random_walk__l1,1024,49,2,1023,2,1023
evaluation__3652__deblur__confidence_boost__nes__l1,1021,49,3,891,3,945
evaluation__3652__deblur__boundary_probe__nes__l1,1021,49,2,614,2,745
evaluation__3652__deblur__counterfactual__nes__l1,1021,48,3,584,2,733
evaluation__10028__denoise__attack__nes__l0.5,1021,48,2,723,2,855
evaluation__10028__denoise__restore__nes__l0.5,1021,48,3,768,2,887
evaluation__10028__denoise__random_walk__random_walk__l0.5,1024,49,2,1023,2,1023
evaluation__10028__denoise__confidence_boost__nes__l0.5,1021,49,3,834,3,925
evaluation__10028__denoise__boundary_probe__nes__l0.5,1021,49,5,807,2,905
evaluation__10028__denoise__counterfactual__nes__l0.5,1021,50,3,622,3,758
evaluation__10028__deblur__attack__nes__l1,1021,49,5,302,5,421
evaluation__10028__deblur__restore__nes__l1,1021,47,9,303,3,416
evaluation__10028__deblur__random_walk__random_walk__l1,1024,49,2,1023,2,1023
evaluation__10028__deblur__confidence_boost__nes__l1,1021,48,7,352,6,473
evaluation__10028__deblur__boundary_probe__nes__l1,1021,47,15,193,12,293
evaluation__10028__deblur__counterfactual__nes__l1,1021,47,13,303,13,429
evaluation__7987__denoise__attack__nes__l0.5,1021,48,13,240,2,357
evaluation__7987__denoise__restore__nes__l0.5,1021,46,18,274,18,400
evaluation__7987__denoise__random_walk__random_walk__l0.5,1024,49,2,1023,2,1023
evaluation__7987__denoise__confidence_boost__nes__l0.5,1021,49,14,283,9,417
evaluation__7987__denoise__boundary_probe__nes__l0.5,1021,47,5,279,5,410
evaluation__7987__denoise__counterfactual__nes__l0.5,1021,47,18,352,18,480
evaluation__7987__deblur__attack__nes__l1,1021,48,2,356,2,494
evaluation__7987__deblur__restore__nes__l1,1021,48,4,516,4,655
evaluation__7987__deblur__random_walk__random_walk__l1,1024,50,2,1023,2,1023
evaluation__7987__deblur__confidence_boost__nes__l1,1021,48,14,307,10,439
evaluation__7987__deblur__boundary_probe__nes__l1,1021,48,3,493,3,656
evaluation__7987__deblur__counterfactual__nes__l1,1021,48,15,412,2,539
evaluation__5246__denoise__attack__nes__l0.5,1021,49,5,756,4,870
evaluation__5246__denoise__restore__nes__l0.5,1021,48,5,799,4,909
evaluation__5246__denoise__random_walk__random_walk__l0.5,1024,50,2,1023,2,1023
evaluation__5246__denoise__confidence_boost__nes__l0.5,1021,48,3,816,3,919
evaluation__5246__denoise__boundary_probe__nes__l0.5,1021,48,3,751,3,871
evaluation__5246__denoise__counterfactual__nes__l0.5,1021,48,2,860,2,940
evaluation__5246__deblur__attack__nes__l1,1021,47,5,612,3,765
evaluation__5246__deblur__restore__nes__l1,1021,47,5,359,5,539
evaluation__5246__deblur__random_walk__random_walk__l1,1024,49,2,1023,2,1023
evaluation__5246__deblur__confidence_boost__nes__l1,1021,48,6,446,6,628
evaluation__5246__deblur__boundary_probe__nes__l1,1021,48,2,576,2,733
evaluation__5246__deblur__counterfactual__nes__l1,1021,48,12,510,3,679
evaluation__88__denoise__attack__nes__l0.5,1021,48,5,445,5,602
evaluation__88__denoise__restore__nes__l0.5,1021,48,4,500,4,661
evaluation__88__denoise__random_walk__random_walk__l0.5,1024,49,2,1023,2,1023
evaluation__88__denoise__confidence_boost__nes__l0.5,1021,48,2,611,2,753
evaluation__88__denoise__boundary_probe__nes__l0.5,1021,49,4,663,2,794
evaluation__88__denoise__counterfactual__nes__l0.5,1021,49,6,607,6,750
evaluation__88__deblur__attack__nes__l1,1021,47,11,320,8,454
evaluation__88__deblur__restore__nes__l1,1021,49,5,408,2,558
evaluation__88__deblur__random_walk__random_walk__l1,1024,50,2,1023,2,1023
evaluation__88__deblur__confidence_boost__nes__l1,1021,48,6,548,6,701
evaluation__88__deblur__boundary_probe__nes__l1,1021,48,4,420,4,557
evaluation__88__deblur__counterfactual__nes__l1,1021,48,3,407,2,548
evaluation__1611__denoise__attack__nes__l0.5,1021,47,18,89,18,117
evaluation__1611__denoise__restore__nes__l0.5,1021,46,18,101,18,130
evaluation__1611__denoise__random_walk__random_walk__l0.5,1024,50,2,1023,2,1023
evaluation__1611__denoise__confidence_boost__nes__l0.5,1021,49,5,156,5,235
evaluation__1611__denoise__boundary_probe__nes__l0.5,1021,47,16,110,16,152
evaluation__1611__denoise__counterfactual__nes__l0.5,1021,47,18,173,18,246
evaluation__1611__deblur__attack__nes__l1,1021,48,8,397,4,537
evaluation__1611__deblur__restore__nes__l1,1021,47,18,390,18,522
evaluation__1611__deblur__random_walk__random_walk__l1,1024,49,2,1023,2,1023
evaluation__1611__deblur__confidence_boost__nes__l1,1021,48,8,552,3,696
evaluation__1611__deblur__boundary_probe__nes__l1,1021,47,13,243,4,374
evaluation__1611__deblur__counterfactual__nes__l1,1021,49,5,377,5,534
evaluation__5379__denoise__attack__nes__l0.5,1021,49,14,597,2,726
evaluation__5379__denoise__restore__nes__l0.5,1021,48,7,338,5,474
evaluation__5379__denoise__random_walk__random_walk__l0.5,1024,49,2,1023,2,1023
evaluation__5379__denoise__confidence_boost__nes__l0.5,1021,49,2,226,2,344
evaluation__5379__denoise__boundary_probe__nes__l0.5,1021,49,3,399,3,553
evaluation__5379__denoise__counterfactual__nes__l0.5,1021,47,10,226,10,347
evaluation__5379__deblur__attack__nes__l1,1021,47,3,690,2,810
evaluation__5379__deblur__restore__nes__l1,1021,48,3,775,3,878
evaluation__5379__deblur__random_walk__random_walk__l1,1024,49,2,1023,2,1023
evaluation__5379__deblur__confidence_boost__nes__l1,1021,48,3,552,2,703
evaluation__5379__deblur__boundary_probe__nes__l1,1021,48,5,810,4,910
evaluation__5379__deblur__counterfactual__nes__l1,1021,48,4,711,4,845
evaluation__11036__denoise__attack__nes__l0.5,1021,48,4,513,2,646
evaluation__11036__denoise__restore__nes__l0.5,1021,48,4,510,3,679
evaluation__11036__denoise__random_walk__random_walk__l0.5,1024,49,2,1023,2,1023
evaluation__11036__denoise__confidence_boost__nes__l0.5,1021,48,5,386,5,537
evaluation__11036__denoise__boundary_probe__nes__l0.5,1021,49,8,459,8,614
evaluation__11036__denoise__counterfactual__nes__l0.5,1021,49,2,566,2,722
evaluation__11036__deblur__attack__nes__l1,1021,48,3,786,2,897
evaluation__11036__deblur__restore__nes__l1,1021,48,2,885,2,947
evaluation__11036__deblur__random_walk__random_walk__l1,1024,50,2,1023,2,1023
evaluation__11036__deblur__confidence_boost__nes__l1,1021,49,2,662,2,820
evaluation__11036__deblur__boundary_probe__nes__l1,1021,48,2,847,2,939
evaluation__11036__deblur__counterfactual__nes__l1,1021,47,2,883,2,954
evaluation__9630__denoise__attack__nes__l0.5,1021,49,5,385,5,516
evaluation__9630__denoise__restore__nes__l0.5,1021,48,2,428,2,570
evaluation__9630__denoise__random_walk__random_walk__l0.5,1024,49,2,1023,2,1023
evaluation__9630__denoise__confidence_boost__nes__l0.5,1021,47,16,174,11,255
evaluation__9630__denoise__boundary_probe__nes__l0.5,1021,48,17,387,17,524
evaluation__9630__denoise__counterfactual__nes__l0.5,1021,48,2,418,2,546
evaluation__9630__deblur__attack__nes__l1,1021,48,18,154,3,243
evaluation__9630__deblur__restore__nes__l1,1021,48,18,272,18,386
evaluation__9630__deblur__random_walk__random_walk__l1,1024,49,2,1023,2,1023
evaluation__9630__deblur__confidence_boost__nes__l1,1021,48,18,223,11,343
evaluation__9630__deblur__boundary_probe__nes__l1,1021,48,18,158,18,249
evaluation__9630__deblur__counterfactual__nes__l1,1021,49,6,239,6,331
evaluation__1356__denoise__attack__nes__l0.5,1021,48,4,299,4,428
evaluation__1356__denoise__restore__nes__l0.5,1021,48,10,448,9,590
evaluation__1356__denoise__random_walk__random_walk__l0.5,1024,50,2,1023,2,1023
evaluation__1356__denoise__confidence_boost__nes__l0.5,1021,48,4,538,4,683
evaluation__1356__denoise__boundary_probe__nes__l0.5,1021,48,18,249,18,354
evaluation__1356__denoise__counterfactual__nes__l0.5,1021,49,4,268,4,384
evaluation__1356__deblur__attack__nes__l1,1021,49,2,435,2,573
evaluation__1356__deblur__restore__nes__l1,1021,48,4,512,4,661
evaluation__1356__deblur__random_walk__random_walk__l1,1024,49,2,1023,2,1023
evaluation__1356__deblur__confidence_boost__nes__l1,1021,49,6,736,6,859
evaluation__1356__deblur__boundary_probe__nes__l1,1021,48,4,519,4,647
evaluation__1356__deblur__counterfactual__nes__l1,1021,49,2,654,2,780
evaluation__3753__denoise__attack__nes__l0.5,1021,49,3,650,3,790
evaluation__3753__denoise__restore__nes__l0.5,1021,49,5,582,2,726
evaluation__3753__denoise__random_walk__random_walk__l0.5,1024,49,2,1023,2,1023
evaluation__3753__denoise__confidence_boost__nes__l0.5,1021,49,6,618,6,759
evaluation__3753__denoise__boundary_probe__nes__l0.5,1021,48,6,485,6,629
evaluation__3753__denoise__counterfactual__nes__l0.5,1021,50,5,638,5,783
evaluation__3753__deblur__attack__nes__l1,1021,48,13,353,13,508
evaluation__3753__deblur__restore__nes__l1,1021,49,6,446,2,606
evaluation__3753__deblur__random_walk__random_walk__l1,1024,50,2,1023,2,1023
evaluation__3753__deblur__confidence_boost__nes__l1,1021,49,3,567,2,710
evaluation__3753__deblur__boundary_probe__nes__l1,1021,49,14,582,14,715
evaluation__3753__deblur__counterfactual__nes__l1,1021,48,3,467,3,630
evaluation__6327__denoise__attack__nes__l0.5,1021,48,2,472,2,603
evaluation__6327__denoise__restore__nes__l0.5,1021,48,6,416,6,563
evaluation__6327__denoise__random_walk__random_walk__l0.5,1024,50,2,1023,2,1023
evaluation__6327__denoise__confidence_boost__nes__l0.5,1021,47,7,358,7,493
evaluation__6327__denoise__boundary_probe__nes__l0.5,1021,49,2,730,2,861
evaluation__6327__denoise__counterfactual__nes__l0.5,1021,49,3,657,2,775
evaluation__6327__deblur__attack__nes__l1,1021,47,4,453,4,606
evaluation__6327__deblur__restore__nes__l1,1021,50,2,641,2,770
evaluation__6327__deblur__random_walk__random_walk__l1,1024,49,2,1023,2,1023
evaluation__6327__deblur__confidence_boost__nes__l1,1021,49,3,671,3,788
evaluation__6327__deblur__boundary_probe__nes__l1,1021,48,2,662,2,785
evaluation__6327__deblur__counterfactual__nes__l1,1021,49,6,653,6,764
evaluation__9160__denoise__attack__nes__l0.5,1021,48,6,462,5,608
evaluation__9160__denoise__restore__nes__l0.5,1021,47,10,368,10,517
evaluation__9160__denoise__random_walk__random_walk__l0.5,1024,49,2,1023,2,1023
evaluation__9160__denoise__confidence_boost__nes__l0.5,1021,47,9,407,7,546
evaluation__9160__denoise__boundary_probe__nes__l0.5,1021,50,6,369,2,524
evaluation__9160__denoise__counterfactual__nes__l0.5,1021,49,2,599,2,736
evaluation__9160__deblur__attack__nes__l1,1021,49,2,601,2,727
evaluation__9160__deblur__restore__nes__l1,1021,48,2,552,2,707
evaluation__9160__deblur__random_walk__random_walk__l1,1024,49,2,1023,2,1023
evaluation__9160__deblur__confidence_boost__nes__l1,1021,50,4,431,4,578
evaluation__9160__deblur__boundary_probe__nes__l1,1021,49,2,646,2,779
evaluation__9160__deblur__counterfactual__nes__l1,1021,48,7,597,7,712
evaluation__12432__denoise__attack__nes__l0.5,1021,47,18,159,18,221
evaluation__12432__denoise__restore__nes__l0.5,1021,47,18,187,18,262
evaluation__12432__denoise__random_walk__random_walk__l0.5,1024,49,2,1023,2,1023
evaluation__12432__denoise__confidence_boost__nes__l0.5,1021,47,6,117,6,158
evaluation__12432__denoise__boundary_probe__nes__l0.5,1021,47,18,217,14,304
evaluation__12432__denoise__counterfactual__nes__l0.5,1021,48,18,204,18,302
evaluation__12432__deblur__attack__nes__l1,1021,49,3,550,3,708
evaluation__12432__deblur__restore__nes__l1,1021,48,5,487,2,622
evaluation__12432__deblur__random_walk__random_walk__l1,1024,49,2,1023,2,1023
evaluation__12432__deblur__confidence_boost__nes__l1,1021,48,5,657,2,792
evaluation__12432__deblur__boundary_probe__nes__l1,1021,49,3,613,3,738
evaluation__12432__deblur__counterfactual__nes__l1,1021,49,4,485,4,651
evaluation__2690__denoise__attack__nes__l0.5,1021,48,5,562,5,710
evaluation__2690__denoise__restore__nes__l0.5,1021,48,6,692,4,804
evaluation__2690__denoise__random_walk__random_walk__l0.5,1024,49,2,1023,2,1023
evaluation__2690__denoise__confidence_boost__nes__l0.5,1021,49,6,797,6,895
evaluation__2690__denoise__boundary_probe__nes__l0.5,1021,49,6,769,6,879
evaluation__2690__denoise__counterfactual__nes__l0.5,1021,47,4,564,4,721
evaluation__2690__deblur__attack__nes__l1,1021,48,8,538,8,666
evaluation__2690__deblur__restore__nes__l1,1021,49,3,673,2,790
evaluation__2690__deblur__random_walk__random_walk__l1,1024,49,2,1023,2,1023
evaluation__2690__deblur__confidence_boost__nes__l1,1021,49,2,388,2,514
evaluation__2690__deblur__boundary_probe__nes__l1,1021,49,2,476,2,632
evaluation__2690__deblur__counterfactual__nes__l1,1021,48,4,475,4,617
evaluation__7106__denoise__attack__nes__l0.5,1021,49,2,772,2,880
evaluation__7106__denoise__restore__nes__l0.5,1021,49,2,791,2,896
evaluation__7106__denoise__random_walk__random_walk__l0.5,1024,49,2,1023,2,1023
evaluation__7106__denoise__confidence_boost__nes__l0.5,1021,49,2,779,2,875
evaluation__7106__denoise__boundary_probe__nes__l0.5,1021,49,2,764,2,886
evaluation__7106__denoise__counterfactual__nes__l0.5,1021,49,3,824,3,911
evaluation__7106__deblur__attack__nes__l1,1021,49,18,142,10,214
evaluation__7106__deblur__restore__nes__l1,1021,48,5,261,5,375
evaluation__7106__deblur__random_walk__random_walk__l1,1024,49,2,1023,2,1023
evaluation__7106__deblur__confidence_boost__nes__l1,1021,48,18,118,18,175
evaluation__7106__deblur__boundary_probe__nes__l1,1021,48,18,351,18,465
evaluation__7106__deblur__counterfactual__nes__l1,1021,48,18,140,18,202
evaluation__7925__denoise__attack__nes__l0.5,1021,48,2,539,2,717
evaluation__7925__denoise__restore__nes__l0.5,1021,48,6,642,4,767
evaluation__7925__denoise__random_walk__random_walk__l0.5,1024,49,2,1023,2,1023
evaluation__7925__denoise__confidence_boost__nes__l0.5,1021,49,6,526,4,692
evaluation__7925__denoise__boundary_probe__nes__l0.5,1021,49,4,574,3,721
evaluation__7925__denoise__counterfactual__nes__l0.5,1021,49,14,586,8,714
evaluation__7925__deblur__attack__nes__l1,1021,47,4,255,4,346
evaluation__7925__deblur__restore__nes__l1,1021,48,18,253,11,357
evaluation__7925__deblur__random_walk__random_walk__l1,1024,50,2,1023,2,1023
evaluation__7925__deblur__confidence_boost__nes__l1,1021,48,18,307,18,444
evaluation__7925__deblur__boundary_probe__nes__l1,1021,47,4,192,4,282
evaluation__7925__deblur__counterfactual__nes__l1,1021,48,13,297,13,399
evaluation__7503__denoise__attack__nes__l0.5,1021,48,4,435,4,576
evaluation__7503__denoise__restore__nes__l0.5,1021,47,7,419,7,558
evaluation__7503__denoise__random_walk__random_walk__l0.5,1024,49,2,1023,2,1023
evaluation__7503__denoise__confidence_boost__nes__l0.5,1021,47,7,286,3,433
evaluation__7503__denoise__boundary_probe__nes__l0.5,1021,49,4,354,4,471
evaluation__7503__denoise__counterfactual__nes__l0.5,1021,48,5,499,5,639
evaluation__7503__deblur__attack__nes__l1,1021,48,18,355,18,485
evaluation__7503__deblur__restore__nes__l1,1021,48,10,205,10,310
evaluation__7503__deblur__random_walk__random_walk__l1,1024,49,2,1023,2,1023
evaluation__7503__deblur__confidence_boost__nes__l1,1021,48,18,244,5,342
evaluation__7503__deblur__boundary_probe__nes__l1,1021,48,11,227,11,320
evaluation__7503__deblur__counterfactual__nes__l1,1021,48,7,185,7,243
evaluation__12167__denoise__attack__nes__l0.5,1021,49,7,631,3,774
evaluation__12167__denoise__restore__nes__l0.5,1021,48,2,441,2,597
evaluation__12167__denoise__random_walk__random_walk__l0.5,1024,50,2,1023,2,1023
evaluation__12167__denoise__confidence_boost__nes__l0.5,1021,49,6,642,6,762
evaluation__12167__denoise__boundary_probe__nes__l0.5,1021,48,2,463,2,596
evaluation__12167__denoise__counterfactual__nes__l0.5,1021,47,6,535,6,682
evaluation__12167__deblur__attack__nes__l1,1021,48,7,249,7,381
evaluation__12167__deblur__restore__nes__l1,1021,48,2,331,2,458
evaluation__12167__deblur__random_walk__random_walk__l1,1024,50,2,1023,2,1023
evaluation__12167__deblur__confidence_boost__nes__l1,1021,47,15,245,15,357
evaluation__12167__deblur__boundary_probe__nes__l1,1021,48,3,364,3,498
evaluation__12167__deblur__counterfactual__nes__l1,1021,48,15,305,15,436
evaluation__2998__denoise__attack__nes__l0.5,1021,48,2,378,2,522
evaluation__2998__denoise__restore__nes__l0.5,1021,48,14,433,5,579
evaluation__2998__denoise__random_walk__random_walk__l0.5,1024,50,2,1023,2,1023
evaluation__2998__denoise__confidence_boost__nes__l0.5,1021,48,9,459,9,599
evaluation__2998__denoise__boundary_probe__nes__l0.5,1021,49,18,443,8,594
evaluation__2998__denoise__counterfactual__nes__l0.5,1021,48,7,354,4,465
evaluation__2998__deblur__attack__nes__l1,1021,48,5,548,5,687
evaluation__2998__deblur__restore__nes__l1,1021,48,18,532,17,695
evaluation__2998__deblur__random_walk__random_walk__l1,1024,50,2,1023,2,1023
evaluation__2998__deblur__confidence_boost__nes__l1,1021,48,5,626,5,754
evaluation__2998__deblur__boundary_probe__nes__l1,1021,47,2,618,2,750
evaluation__2998__deblur__counterfactual__nes__l1,1021,48,2,494,2,648
evaluation__3473__denoise__attack__nes__l0.5,1021,48,18,224,6,337
evaluation__3473__denoise__restore__nes__l0.5,1021,48,2,370,2,524
evaluation__3473__denoise__random_walk__random_walk__l0.5,1024,50,2,1023,2,1023
evaluation__3473__denoise__confidence_boost__nes__l0.5,1021,47,4,309,4,455
evaluation__3473__denoise__boundary_probe__nes__l0.5,1021,47,11,315,11,438
evaluation__3473__denoise__counterfactual__nes__l0.5,1021,48,5,220,5,325
evaluation__3473__deblur__attack__nes__l1,1021,48,16,532,13,661
evaluation__3473__deblur__restore__nes__l1,1021,48,3,543,3,699
evaluation__3473__deblur__random_walk__random_walk__l1,1024,50,2,1023,2,1023
evaluation__3473__deblur__confidence_boost__nes__l1,1021,48,12,525,10,673
evaluation__3473__deblur__boundary_probe__nes__l1,1021,47,12,347,12,492
evaluation__3473__deblur__counterfactual__nes__l1,1021,48,2,508,2,656
fit__2313__denoise__attack__nes__l0.5,1021,48,16,403,14,574
fit__2313__denoise__restore__nes__l0.5,1021,49,7,623,2,737
fit__2313__denoise__random_walk__random_walk__l0.5,1024,50,2,1023,2,1023
fit__2313__denoise__confidence_boost__nes__l0.5,1021,48,11,382,11,500
fit__2313__denoise__boundary_probe__nes__l0.5,1021,48,5,594,2,750
fit__2313__denoise__counterfactual__nes__l0.5,1021,48,5,525,2,674
fit__2313__deblur__attack__nes__l1,1021,49,9,468,3,632
fit__2313__deblur__restore__nes__l1,1021,48,2,546,2,704
fit__2313__deblur__random_walk__random_walk__l1,1024,49,2,1023,2,1023
fit__2313__deblur__confidence_boost__nes__l1,1021,48,2,410,2,570
fit__2313__deblur__boundary_probe__nes__l1,1021,49,8,407,4,575
fit__2313__deblur__counterfactual__nes__l1,1021,48,5,397,5,538
fit__4274__denoise__attack__nes__l0.5,1021,48,16,508,5,658
fit__4274__denoise__restore__nes__l0.5,1021,48,2,510,2,658
fit__4274__denoise__random_walk__random_walk__l0.5,1024,49,2,1023,2,1023
fit__4274__denoise__confidence_boost__nes__l0.5,1021,48,4,545,4,679
fit__4274__denoise__boundary_probe__nes__l0.5,1021,48,6,555,3,703
fit__4274__denoise__counterfactual__nes__l0.5,1021,47,2,356,2,508
fit__4274__deblur__attack__nes__l1,1021,48,5,240,5,360
fit__4274__deblur__restore__nes__l1,1021,49,3,371,3,548
fit__4274__deblur__random_walk__random_walk__l1,1024,50,2,1023,2,1023
fit__4274__deblur__confidence_boost__nes__l1,1021,47,12,290,12,424
fit__4274__deblur__boundary_probe__nes__l1,1021,48,2,258,2,415
fit__4274__deblur__counterfactual__nes__l1,1021,48,9,378,5,538
fit__2892__denoise__attack__nes__l0.5,1021,49,2,517,2,661
fit__2892__denoise__restore__nes__l0.5,1021,48,6,441,6,582
fit__2892__denoise__random_walk__random_walk__l0.5,1024,50,2,1023,2,1023
fit__2892__denoise__confidence_boost__nes__l0.5,1021,48,4,540,3,678
fit__2892__denoise__boundary_probe__nes__l0.5,1021,49,4,476,2,618
fit__2892__denoise__counterfactual__nes__l0.5,1021,49,3,426,3,559
fit__2892__deblur__attack__nes__l1,1021,49,4,857,2,934
fit__2892__deblur__restore__nes__l1,1021,49,2,784,2,884
fit__2892__deblur__random_walk__random_walk__l1,1024,49,2,1023,2,1023
fit__2892__deblur__confidence_boost__nes__l1,1021,48,3,799,3,903
fit__2892__deblur__boundary_probe__nes__l1,1021,50,2,892,2,959
fit__2892__deblur__counterfactual__nes__l1,1021,49,5,849,2,945
fit__415__denoise__attack__nes__l0.5,1021,49,2,267,2,374
fit__415__denoise__restore__nes__l0.5,1021,49,4,406,4,549
fit__415__denoise__random_walk__random_walk__l0.5,1024,49,2,1023,2,1023
fit__415__denoise__confidence_boost__nes__l0.5,1021,49,7,363,5,510
fit__415__denoise__boundary_probe__nes__l0.5,1021,48,6,575,6,712
fit__415__denoise__counterfactual__nes__l0.5,1021,49,4,376,4,524
fit__415__deblur__attack__nes__l1,1021,48,5,654,5,781
fit__415__deblur__restore__nes__l1,1021,48,6,753,3,852
fit__415__deblur__random_walk__random_walk__l1,1024,49,2,1023,2,1023
fit__415__deblur__confidence_boost__nes__l1,1021,49,2,748,2,851
fit__415__deblur__boundary_probe__nes__l1,1021,49,5,819,4,907
fit__415__deblur__counterfactual__nes__l1,1021,49,2,692,2,819
fit__7382__denoise__attack__nes__l0.5,1021,49,2,956,2,996
fit__7382__denoise__restore__nes__l0.5,1021,48,3,965,3,997
fit__7382__denoise__random_walk__random_walk__l0.5,1024,50,2,1023,2,1023
fit__7382__denoise__confidence_boost__nes__l0.5,1021,48,2,952,2,994
fit__7382__denoise__boundary_probe__nes__l0.5,1021,49,2,926,2,969
fit__7382__denoise__counterfactual__nes__l0.5,1021,50,2,959,2,993
fit__7382__deblur__attack__nes__l1,1021,49,5,700,5,829
fit__7382__deblur__restore__nes__l1,1021,49,4,498,3,649
fit__7382__deblur__random_walk__random_walk__l1,1024,50,2,1023,2,1023
fit__7382__deblur__confidence_boost__nes__l1,1021,50,3,647,3,794
fit__7382__deblur__boundary_probe__nes__l1,1021,50,6,580,6,735
fit__7382__deblur__counterfactual__nes__l1,1021,48,3,502,3,657
fit__1613__denoise__attack__nes__l0.5,1021,47,18,176,18,269
fit__1613__denoise__restore__nes__l0.5,1021,47,18,105,18,156
fit__1613__denoise__random_walk__random_walk__l0.5,1024,49,2,1023,2,1023
fit__1613__denoise__confidence_boost__nes__l0.5,1021,47,18,127,18,188
fit__1613__denoise__boundary_probe__nes__l0.5,1021,48,6,110,6,143
fit__1613__denoise__counterfactual__nes__l0.5,1021,48,18,140,18,195
fit__1613__deblur__attack__nes__l1,1021,49,6,754,2,865
fit__1613__deblur__restore__nes__l1,1021,49,4,618,4,781
fit__1613__deblur__random_walk__random_walk__l1,1024,50,2,1023,2,1023
fit__1613__deblur__confidence_boost__nes__l1,1021,48,6,652,6,790
fit__1613__deblur__boundary_probe__nes__l1,1021,49,5,641,4,775
fit__1613__deblur__counterfactual__nes__l1,1021,49,5,703,5,827
fit__7582__denoise__attack__nes__l0.5,1021,48,2,349,2,507
fit__7582__denoise__restore__nes__l0.5,1021,48,10,228,10,329
fit__7582__denoise__random_walk__random_walk__l0.5,1024,50,2,1023,2,1023
fit__7582__denoise__confidence_boost__nes__l0.5,1021,48,5,334,5,467
fit__7582__denoise__boundary_probe__nes__l0.5,1021,48,12,470,11,635
fit__7582__denoise__counterfactual__nes__l0.5,1021,48,3,318,3,473
fit__7582__deblur__attack__nes__l1,1021,48,4,480,4,617
fit__7582__deblur__restore__nes__l1,1021,49,6,477,3,622
fit__7582__deblur__random_walk__random_walk__l1,1024,49,2,1023,2,1023
fit__7582__deblur__confidence_boost__nes__l1,1021,49,5,458,5,604
fit__7582__deblur__boundary_probe__nes__l1,1021,48,2,488,2,623
fit__7582__deblur__counterfactual__nes__l1,1021,48,14,470,14,624
fit__2384__denoise__attack__nes__l0.5,1021,46,7,220,7,338
fit__2384__denoise__restore__nes__l0.5,1021,48,15,285,15,414
fit__2384__denoise__random_walk__random_walk__l0.5,1024,49,2,1023,2,1023
fit__2384__denoise__confidence_boost__nes__l0.5,1021,47,18,321,18,462
fit__2384__denoise__boundary_probe__nes__l0.5,1021,47,18,201,10,308
fit__2384__denoise__counterfactual__nes__l0.5,1021,48,17,185,14,279
fit__2384__deblur__attack__nes__l1,1021,48,3,485,3,633
fit__2384__deblur__restore__nes__l1,1021,48,2,506,2,663
fit__2384__deblur__random_walk__random_walk__l1,1024,49,2,1023,2,1023
fit__2384__deblur__confidence_boost__nes__l1,1021,47,6,564,3,692
fit__2384__deblur__boundary_probe__nes__l1,1021,49,5,348,5,486
fit__2384__deblur__counterfactual__nes__l1,1021,49,9,378,9,504
fit__6353__denoise__attack__nes__l0.5,1021,48,7,581,2,743
fit__6353__denoise__restore__nes__l0.5,1021,48,4,491,4,625
fit__6353__denoise__random_walk__random_walk__l0.5,1024,50,2,1023,2,1023
fit__6353__denoise__confidence_boost__nes__l0.5,1021,48,2,439,2,589
fit__6353__denoise__boundary_probe__nes__l0.5,1021,47,4,492,3,661
fit__6353__denoise__counterfactual__nes__l0.5,1021,49,2,573,2,729
fit__6353__deblur__attack__nes__l1,1021,49,4,721,4,846
fit__6353__deblur__restore__nes__l1,1021,48,4,594,4,739
fit__6353__deblur__random_walk__random_walk__l1,1024,50,2,1023,2,1023
fit__6353__deblur__confidence_boost__nes__l1,1021,48,2,589,2,730
fit__6353__deblur__boundary_probe__nes__l1,1021,49,3,670,3,812
fit__6353__deblur__counterfactual__nes__l1,1021,49,2,708,2,831
fit__3904__denoise__attack__nes__l0.5,1021,48,3,668,3,784
fit__3904__denoise__restore__nes__l0.5,1021,48,2,452,2,603
fit__3904__denoise__random_walk__random_walk__l0.5,1024,49,2,1023,2,1023
fit__3904__denoise__confidence_boost__nes__l0.5,1021,49,2,646,2,767
fit__3904__denoise__boundary_probe__nes__l0.5,1021,49,4,687,4,827
fit__3904__denoise__counterfactual__nes__l0.5,1021,49,2,586,2,731
fit__3904__deblur__attack__nes__l1,1021,47,12,182,2,259
fit__3904__deblur__restore__nes__l1,1021,47,4,193,4,277
fit__3904__deblur__random_walk__random_walk__l1,1024,50,2,1023,2,1023
fit__3904__deblur__confidence_boost__nes__l1,1021,47,5,406,5,524
fit__3904__deblur__boundary_probe__nes__l1,1021,48,8,224,8,324
fit__3904__deblur__counterfactual__nes__l1,1021,48,6,270,3,394
fit__2345__denoise__attack__nes__l0.5,1021,49,3,820,3,899
fit__2345__denoise__restore__nes__l0.5,1021,50,3,735,3,849
fit__2345__denoise__random_walk__random_walk__l0.5,1024,50,2,1023,2,1023
fit__2345__denoise__confidence_boost__nes__l0.5,1021,49,3,700,3,808
fit__2345__denoise__boundary_probe__nes__l0.5,1021,48,5,658,5,799
fit__2345__denoise__counterfactual__nes__l0.5,1021,49,4,794,4,871
fit__2345__deblur__attack__nes__l1,1021,48,3,676,2,821
fit__2345__deblur__restore__nes__l1,1021,49,2,779,2,896
fit__2345__deblur__random_walk__random_walk__l1,1024,49,2,1023,2,1023
fit__2345__deblur__confidence_boost__nes__l1,1021,49,2,722,2,854
fit__2345__deblur__boundary_probe__nes__l1,1021,49,3,591,3,732
fit__2345__deblur__counterfactual__nes__l1,1021,48,3,561,2,716
fit__729__denoise__attack__nes__l0.5,1021,48,18,218,18,314
fit__729__denoise__restore__nes__l0.5,1021,48,7,162,7,225
fit__729__denoise__random_walk__random_walk__l0.5,1024,50,2,1023,2,1023
fit__729__denoise__confidence_boost__nes__l0.5,1021,47,17,172,17,242
fit__729__denoise__boundary_probe__nes__l0.5,1021,47,18,111,18,171
fit__729__denoise__counterfactual__nes__l0.5,1021,47,18,138,18,219
fit__729__deblur__attack__nes__l1,1021,47,18,270,7,398
fit__729__deblur__restore__nes__l1,1021,48,16,179,16,270
fit__729__deblur__random_walk__random_walk__l1,1024,50,2,1023,2,1023
fit__729__deblur__confidence_boost__nes__l1,1021,48,18,212,13,302
fit__729__deblur__boundary_probe__nes__l1,1021,47,18,188,18,310
fit__729__deblur__counterfactual__nes__l1,1021,48,18,248,14,365
fit__7703__denoise__attack__nes__l0.5,1021,49,3,674,3,808
fit__7703__denoise__restore__nes__l0.5,1021,49,3,521,3,675
fit__7703__denoise__random_walk__random_walk__l0.5,1024,49,2,1023,2,1023
fit__7703__denoise__confidence_boost__nes__l0.5,1021,48,3,706,3,845
fit__7703__denoise__boundary_probe__nes__l0.5,1021,48,2,517,2,636
fit__7703__denoise__counterfactual__nes__l0.5,1021,48,3,629,3,769
fit__7703__deblur__attack__nes__l1,1021,48,5,521,4,676
fit__7703__deblur__restore__nes__l1,1021,48,3,591,3,729
fit__7703__deblur__random_walk__random_walk__l1,1024,49,2,1023,2,1023
fit__7703__deblur__confidence_boost__nes__l1,1021,48,4,556,4,685
fit__7703__deblur__boundary_probe__nes__l1,1021,48,16,554,4,704
fit__7703__deblur__counterfactual__nes__l1,1021,48,3,414,3,572
fit__7243__denoise__attack__nes__l0.5,1021,47,5,291,5,439
fit__7243__denoise__restore__nes__l0.5,1021,48,6,503,6,650
fit__7243__denoise__random_walk__random_walk__l0.5,1024,50,2,1023,2,1023
fit__7243__denoise__confidence_boost__nes__l0.5,1021,47,6,451,6,590
fit__7243__denoise__boundary_probe__nes__l0.5,1021,48,18,206,4,302
fit__7243__denoise__counterfactual__nes__l0.5,1021,46,18,196,17,308
fit__7243__deblur__attack__nes__l1,1021,48,7,451,7,592
fit__7243__deblur__restore__nes__l1,1021,49,8,267,8,400
fit__7243__deblur__random_walk__random_walk__l1,1024,50,2,1023,2,1023
fit__7243__deblur__confidence_boost__nes__l1,1021,48,2,259,2,355
fit__7243__deblur__boundary_probe__nes__l1,1021,48,18,310,10,443
fit__7243__deblur__counterfactual__nes__l1,1021,49,2,353,2,501
calibration__6316__denoise__attack__nes__l0.5,1021,49,5,194,5,305
calibration__6316__denoise__restore__nes__l0.5,1021,49,18,199,6,306
calibration__6316__denoise__random_walk__random_walk__l0.5,1024,49,2,1023,2,1023
calibration__6316__denoise__confidence_boost__nes__l0.5,1021,48,18,220,9,322
calibration__6316__denoise__boundary_probe__nes__l0.5,1021,49,4,337,4,454
calibration__6316__denoise__counterfactual__nes__l0.5,1021,47,4,288,4,421
calibration__6316__deblur__attack__nes__l1,1021,47,18,324,18,462
calibration__6316__deblur__restore__nes__l1,1021,49,18,447,5,557
calibration__6316__deblur__random_walk__random_walk__l1,1024,49,2,1023,2,1023
calibration__6316__deblur__confidence_boost__nes__l1,1021,47,7,283,7,430
calibration__6316__deblur__boundary_probe__nes__l1,1021,47,18,302,8,434
calibration__6316__deblur__counterfactual__nes__l1,1021,48,8,356,8,501
calibration__6777__denoise__attack__nes__l0.5,1021,49,2,411,2,542
calibration__6777__denoise__restore__nes__l0.5,1021,48,2,522,2,656
calibration__6777__denoise__random_walk__random_walk__l0.5,1024,49,2,1023,2,1023
calibration__6777__denoise__confidence_boost__nes__l0.5,1021,49,3,366,2,485
calibration__6777__denoise__boundary_probe__nes__l0.5,1021,48,2,405,2,536
calibration__6777__denoise__counterfactual__nes__l0.5,1021,49,10,638,6,743
calibration__6777__deblur__attack__nes__l1,1021,49,17,348,17,484
calibration__6777__deblur__restore__nes__l1,1021,48,8,275,8,375
calibration__6777__deblur__random_walk__random_walk__l1,1024,49,2,1023,2,1023
calibration__6777__deblur__confidence_boost__nes__l1,1021,48,4,250,4,361
calibration__6777__deblur__boundary_probe__nes__l1,1021,48,18,489,18,616
calibration__6777__deblur__counterfactual__nes__l1,1021,48,18,194,4,303
calibration__7813__denoise__attack__nes__l0.5,1021,48,2,330,2,486
calibration__7813__denoise__restore__nes__l0.5,1021,49,2,496,2,650
calibration__7813__denoise__random_walk__random_walk__l0.5,1024,49,2,1023,2,1023
calibration__7813__denoise__confidence_boost__nes__l0.5,1021,47,10,330,2,466
calibration__7813__denoise__boundary_probe__nes__l0.5,1021,48,5,523,2,693
calibration__7813__denoise__counterfactual__nes__l0.5,1021,49,3,533,3,666
calibration__7813__deblur__attack__nes__l1,1021,49,8,584,8,736
calibration__7813__deblur__restore__nes__l1,1021,48,7,556,7,705
calibration__7813__deblur__random_walk__random_walk__l1,1024,49,2,1023,2,1023
calibration__7813__deblur__confidence_boost__nes__l1,1021,49,4,577,4,708
calibration__7813__deblur__boundary_probe__nes__l1,1021,48,8,323,8,468
calibration__7813__deblur__counterfactual__nes__l1,1021,48,7,440,7,587
calibration__8988__denoise__attack__nes__l0.5,1021,48,18,180,18,295
calibration__8988__denoise__restore__nes__l0.5,1021,47,18,193,18,295
calibration__8988__denoise__random_walk__random_walk__l0.5,1024,50,2,1023,2,1023
calibration__8988__denoise__confidence_boost__nes__l0.5,1021,47,18,106,8,152
calibration__8988__denoise__boundary_probe__nes__l0.5,1021,47,2,165,2,230
calibration__8988__denoise__counterfactual__nes__l0.5,1021,48,18,209,18,296
calibration__8988__deblur__attack__nes__l1,1021,48,2,169,2,272
calibration__8988__deblur__restore__nes__l1,1021,48,13,342,13,482
calibration__8988__deblur__random_walk__random_walk__l1,1024,49,2,1023,2,1023
calibration__8988__deblur__confidence_boost__nes__l1,1021,48,14,260,14,382
calibration__8988__deblur__boundary_probe__nes__l1,1021,48,3,552,3,693
calibration__8988__deblur__counterfactual__nes__l1,1021,48,13,377,3,526
calibration__10005__denoise__attack__nes__l0.5,1021,48,2,726,2,865
calibration__10005__denoise__restore__nes__l0.5,1021,48,2,706,2,832
calibration__10005__denoise__random_walk__random_walk__l0.5,1024,50,2,1023,2,1023
calibration__10005__denoise__confidence_boost__nes__l0.5,1021,49,2,693,2,823
calibration__10005__denoise__boundary_probe__nes__l0.5,1021,47,5,538,3,699
calibration__10005__denoise__counterfactual__nes__l0.5,1021,49,2,690,2,828
calibration__10005__deblur__attack__nes__l1,1021,48,2,509,2,660
calibration__10005__deblur__restore__nes__l1,1021,49,3,591,3,735
calibration__10005__deblur__random_walk__random_walk__l1,1024,49,2,1023,2,1023
calibration__10005__deblur__confidence_boost__nes__l1,1021,49,13,449,7,593
calibration__10005__deblur__boundary_probe__nes__l1,1021,48,4,386,4,535
calibration__10005__deblur__counterfactual__nes__l1,1021,49,11,305,2,455
calibration__9020__denoise__attack__nes__l0.5,1021,47,14,344,4,467
calibration__9020__denoise__restore__nes__l0.5,1021,48,3,343,2,482
calibration__9020__denoise__random_walk__random_walk__l0.5,1024,49,2,1023,2,1023
calibration__9020__denoise__confidence_boost__nes__l0.5,1021,47,4,357,3,520
calibration__9020__denoise__boundary_probe__nes__l0.5,1021,47,5,576,5,726
calibration__9020__denoise__counterfactual__nes__l0.5,1021,48,8,463,8,602
calibration__9020__deblur__attack__nes__l1,1021,48,9,460,2,610
calibration__9020__deblur__restore__nes__l1,1021,48,7,328,4,478
calibration__9020__deblur__random_walk__random_walk__l1,1024,49,2,1023,2,1023
calibration__9020__deblur__confidence_boost__nes__l1,1021,47,10,262,10,365
calibration__9020__deblur__boundary_probe__nes__l1,1021,47,18,334,6,451
calibration__9020__deblur__counterfactual__nes__l1,1021,48,2,389,2,529
calibration__9548__denoise__attack__nes__l0.5,1021,48,18,150,18,200
calibration__9548__denoise__restore__nes__l0.5,1021,47,6,220,6,313
calibration__9548__denoise__random_walk__random_walk__l0.5,1024,50,2,1023,2,1023
calibration__9548__denoise__confidence_boost__nes__l0.5,1021,49,12,99,10,144
calibration__9548__denoise__boundary_probe__nes__l0.5,1021,48,7,164,7,230
calibration__9548__denoise__counterfactual__nes__l0.5,1021,49,18,197,18,276
calibration__9548__deblur__attack__nes__l1,1021,48,2,600,2,753
calibration__9548__deblur__restore__nes__l1,1021,48,5,579,5,732
calibration__9548__deblur__random_walk__random_walk__l1,1024,49,2,1023,2,1023
calibration__9548__deblur__confidence_boost__nes__l1,1021,49,7,829,4,927
calibration__9548__deblur__boundary_probe__nes__l1,1021,49,5,762,5,857
calibration__9548__deblur__counterfactual__nes__l1,1021,49,2,622,2,770
calibration__11971__denoise__attack__nes__l0.5,1021,48,6,450,2,570
calibration__11971__denoise__restore__nes__l0.5,1021,48,3,317,3,466
calibration__11971__denoise__random_walk__random_walk__l0.5,1024,50,2,1023,2,1023
calibration__11971__denoise__confidence_boost__nes__l0.5,1021,47,7,303,7,429
calibration__11971__denoise__boundary_probe__nes__l0.5,1021,48,4,365,4,490
calibration__11971__denoise__counterfactual__nes__l0.5,1021,49,4,244,4,375
calibration__11971__deblur__attack__nes__l1,1021,47,2,345,2,479
calibration__11971__deblur__restore__nes__l1,1021,48,9,595,5,744
calibration__11971__deblur__random_walk__random_walk__l1,1024,49,2,1023,2,1023
calibration__11971__deblur__confidence_boost__nes__l1,1021,48,4,455,2,614
calibration__11971__deblur__boundary_probe__nes__l1,1021,49,4,508,4,648
calibration__11971__deblur__counterfactual__nes__l1,1021,48,8,602,8,733
calibration__9856__denoise__attack__nes__l0.5,1021,48,9,393,3,528
calibration__9856__denoise__restore__nes__l0.5,1021,49,5,470,3,615
calibration__9856__denoise__random_walk__random_walk__l0.5,1024,50,2,1023,2,1023
calibration__9856__denoise__confidence_boost__nes__l0.5,1021,48,9,382,5,534
calibration__9856__denoise__boundary_probe__nes__l0.5,1021,48,2,254,2,343
calibration__9856__denoise__counterfactual__nes__l0.5,1021,48,2,328,2,446
calibration__9856__deblur__attack__nes__l1,1021,48,13,498,13,622
calibration__9856__deblur__restore__nes__l1,1021,48,2,370,2,510
calibration__9856__deblur__random_walk__random_walk__l1,1024,50,2,1023,2,1023
calibration__9856__deblur__confidence_boost__nes__l1,1021,48,2,290,2,416
calibration__9856__deblur__boundary_probe__nes__l1,1021,48,7,369,7,511
calibration__9856__deblur__counterfactual__nes__l1,1021,47,11,304,5,400
calibration__6932__denoise__attack__nes__l0.5,1021,49,4,625,3,765
calibration__6932__denoise__restore__nes__l0.5,1021,50,2,474,2,638
calibration__6932__denoise__random_walk__random_walk__l0.5,1024,50,2,1023,2,1023
calibration__6932__denoise__confidence_boost__nes__l0.5,1021,47,9,556,9,715
calibration__6932__denoise__boundary_probe__nes__l0.5,1021,48,11,469,4,627
calibration__6932__denoise__counterfactual__nes__l0.5,1021,48,4,477,4,605
calibration__6932__deblur__attack__nes__l1,1021,49,7,298,7,430
calibration__6932__deblur__restore__nes__l1,1021,48,2,368,2,510
calibration__6932__deblur__random_walk__random_walk__l1,1024,50,2,1023,2,1023
calibration__6932__deblur__confidence_boost__nes__l1,1021,48,15,402,5,542
calibration__6932__deblur__boundary_probe__nes__l1,1021,47,2,244,2,372
calibration__6932__deblur__counterfactual__nes__l1,1021,49,18,294,9,415
calibration__5527__denoise__attack__nes__l0.5,1021,47,18,314,18,451
calibration__5527__denoise__restore__nes__l0.5,1021,48,18,234,18,352
calibration__5527__denoise__random_walk__random_walk__l0.5,1024,50,2,1023,2,1023
calibration__5527__denoise__confidence_boost__nes__l0.5,1021,49,5,368,5,495
calibration__5527__denoise__boundary_probe__nes__l0.5,1021,48,18,257,5,405
calibration__5527__denoise__counterfactual__nes__l0.5,1021,48,18,274,2,387
calibration__5527__deblur__attack__nes__l1,1021,48,4,351,4,476
calibration__5527__deblur__restore__nes__l1,1021,49,12,202,7,286
calibration__5527__deblur__random_walk__random_walk__l1,1024,49,2,1023,2,1023
calibration__5527__deblur__confidence_boost__nes__l1,1021,47,7,206,7,304
calibration__5527__deblur__boundary_probe__nes__l1,1021,48,18,271,15,382
calibration__5527__deblur__counterfactual__nes__l1,1021,48,18,291,5,417
calibration__5108__denoise__attack__nes__l0.5,1021,48,2,707,2,812
calibration__5108__denoise__restore__nes__l0.5,1021,49,3,550,3,686
calibration__5108__denoise__random_walk__random_walk__l0.5,1024,50,2,1023,2,1023
calibration__5108__denoise__confidence_boost__nes__l0.5,1021,49,3,745,3,849
calibration__5108__denoise__boundary_probe__nes__l0.5,1021,49,2,693,2,803
calibration__5108__denoise__counterfactual__nes__l0.5,1021,49,3,334,3,462
calibration__5108__deblur__attack__nes__l1,1021,48,9,224,9,355
calibration__5108__deblur__restore__nes__l1,1021,48,10,398,8,534
calibration__5108__deblur__random_walk__random_walk__l1,1024,49,2,1023,2,1023
calibration__5108__deblur__confidence_boost__nes__l1,1021,49,5,326,5,467
calibration__5108__deblur__boundary_probe__nes__l1,1021,48,6,398,6,541
calibration__5108__deblur__counterfactual__nes__l1,1021,48,2,264,2,386
calibration__11981__denoise__attack__nes__l0.5,1021,48,4,456,4,633
calibration__11981__denoise__restore__nes__l0.5,1021,49,7,378,7,505
calibration__11981__denoise__random_walk__random_walk__l0.5,1024,49,2,1023,2,1023
calibration__11981__denoise__confidence_boost__nes__l0.5,1021,47,2,432,2,594
calibration__11981__denoise__boundary_probe__nes__l0.5,1021,49,3,558,3,717
calibration__11981__denoise__counterfactual__nes__l0.5,1021,47,15,423,5,570
calibration__11981__deblur__attack__nes__l1,1021,48,18,254,18,364
calibration__11981__deblur__restore__nes__l1,1021,48,4,324,4,449
calibration__11981__deblur__random_walk__random_walk__l1,1024,49,2,1023,2,1023
calibration__11981__deblur__confidence_boost__nes__l1,1021,48,18,163,7,249
calibration__11981__deblur__boundary_probe__nes__l1,1021,48,18,276,9,403
calibration__11981__deblur__counterfactual__nes__l1,1021,47,6,293,6,416
calibration__8711__denoise__attack__nes__l0.5,1021,48,18,221,7,332
calibration__8711__denoise__restore__nes__l0.5,1021,48,15,224,15,315
calibration__8711__denoise__random_walk__random_walk__l0.5,1024,50,2,1023,2,1023
calibration__8711__denoise__confidence_boost__nes__l0.5,1021,48,4,196,4,301
calibration__8711__denoise__boundary_probe__nes__l0.5,1021,46,7,249,7,380
calibration__8711__denoise__counterfactual__nes__l0.5,1021,49,18,182,3,268
calibration__8711__deblur__attack__nes__l1,1021,48,6,442,2,594
calibration__8711__deblur__restore__nes__l1,1021,48,7,566,7,705
calibration__8711__deblur__random_walk__random_walk__l1,1024,49,2,1023,2,1023
calibration__8711__deblur__confidence_boost__nes__l1,1021,48,6,447,4,614
calibration__8711__deblur__boundary_probe__nes__l1,1021,49,3,662,2,783
calibration__8711__deblur__counterfactual__nes__l1,1021,48,9,312,5,452
evaluation__3474__denoise__attack__nes__l0.5,1021,49,9,496,9,628
evaluation__3474__denoise__restore__nes__l0.5,1021,49,8,495,7,623
evaluation__3474__denoise__random_walk__random_walk__l0.5,1024,50,2,1023,2,1023
evaluation__3474__denoise__confidence_boost__nes__l0.5,1021,47,2,307,2,411
evaluation__3474__denoise__boundary_probe__nes__l0.5,1021,48,15,541,15,681
evaluation__3474__denoise__counterfactual__nes__l0.5,1021,48,12,446,8,595
evaluation__3474__deblur__attack__nes__l1,1021,48,5,635,3,787
evaluation__3474__deblur__restore__nes__l1,1021,48,2,598,2,736
evaluation__3474__deblur__random_walk__random_walk__l1,1024,49,2,1023,2,1023
evaluation__3474__deblur__confidence_boost__nes__l1,1021,48,2,654,2,814
evaluation__3474__deblur__boundary_probe__nes__l1,1021,49,2,556,2,719
evaluation__3474__deblur__counterfactual__nes__l1,1021,49,3,678,3,827
evaluation__10652__denoise__attack__nes__l0.5,1021,49,2,602,2,743
evaluation__10652__denoise__restore__nes__l0.5,1021,48,10,449,4,583
evaluation__10652__denoise__random_walk__random_walk__l0.5,1024,50,2,1023,2,1023
evaluation__10652__denoise__confidence_boost__nes__l0.5,1021,47,7,292,5,445
evaluation__10652__denoise__boundary_probe__nes__l0.5,1021,48,9,481,9,618
evaluation__10652__denoise__counterfactual__nes__l0.5,1021,49,10,425,2,567
evaluation__10652__deblur__attack__nes__l1,1021,49,2,725,2,853
evaluation__10652__deblur__restore__nes__l1,1021,48,2,806,2,892
evaluation__10652__deblur__random_walk__random_walk__l1,1024,49,2,1023,2,1023
evaluation__10652__deblur__confidence_boost__nes__l1,1021,48,3,795,3,887
evaluation__10652__deblur__boundary_probe__nes__l1,1021,48,2,771,2,878
evaluation__10652__deblur__counterfactual__nes__l1,1021,48,2,671,2,800
evaluation__3263__denoise__attack__nes__l0.5,1021,49,6,521,6,658
evaluation__3263__denoise__restore__nes__l0.5,1021,48,2,383,2,541
evaluation__3263__denoise__random_walk__random_walk__l0.5,1024,49,2,1023,2,1023
evaluation__3263__denoise__confidence_boost__nes__l0.5,1021,49,5,613,5,753
evaluation__3263__denoise__boundary_probe__nes__l0.5,1021,47,3,375,3,487
evaluation__3263__denoise__counterfactual__nes__l0.5,1021,49,2,670,2,794
evaluation__3263__deblur__attack__nes__l1,1021,48,18,144,18,207
evaluation__3263__deblur__restore__nes__l1,1021,47,18,199,6,285
evaluation__3263__deblur__random_walk__random_walk__l1,1024,50,2,1023,2,1023
evaluation__3263__deblur__confidence_boost__nes__l1,1021,48,18,306,7,415
evaluation__3263__deblur__boundary_probe__nes__l1,1021,48,16,191,7,290
evaluation__3263__deblur__counterfactual__nes__l1,1021,48,18,251,6,364
evaluation__8280__denoise__attack__nes__l0.5,1021,48,4,206,2,330
evaluation__8280__denoise__restore__nes__l0.5,1021,47,5,281,5,399
evaluation__8280__denoise__random_walk__random_walk__l0.5,1024,49,2,1023,2,1023
evaluation__8280__denoise__confidence_boost__nes__l0.5,1021,48,5,357,5,502
evaluation__8280__denoise__boundary_probe__nes__l0.5,1021,48,17,522,17,647
evaluation__8280__denoise__counterfactual__nes__l0.5,1021,49,6,295,6,436
evaluation__8280__deblur__attack__nes__l1,1021,49,7,396,7,509
evaluation__8280__deblur__restore__nes__l1,1021,48,7,397,7,537
evaluation__8280__deblur__random_walk__random_walk__l1,1024,50,2,1023,2,1023
evaluation__8280__deblur__confidence_boost__nes__l1,1021,49,5,342,3,502
evaluation__8280__deblur__boundary_probe__nes__l1,1021,47,11,272,6,408
evaluation__8280__deblur__counterfactual__nes__l1,1021,48,18,239,2,365
evaluation__4164__denoise__attack__nes__l0.5,1021,49,3,155,3,224
evaluation__4164__denoise__restore__nes__l0.5,1021,48,12,207,3,291
evaluation__4164__denoise__random_walk__random_walk__l0.5,1024,49,2,1023,2,1023
evaluation__4164__denoise__confidence_boost__nes__l0.5,1021,47,18,195,18,284
evaluation__4164__denoise__boundary_probe__nes__l0.5,1021,47,10,142,8,224
evaluation__4164__denoise__counterfactual__nes__l0.5,1021,49,18,222,17,315
evaluation__4164__deblur__attack__nes__l1,1021,47,6,444,5,576
evaluation__4164__deblur__restore__nes__l1,1021,48,2,543,2,671
evaluation__4164__deblur__random_walk__random_walk__l1,1024,49,2,1023,2,1023
evaluation__4164__deblur__confidence_boost__nes__l1,1021,48,6,380,6,507
evaluation__4164__deblur__boundary_probe__nes__l1,1021,48,4,311,4,426
evaluation__4164__deblur__counterfactual__nes__l1,1021,48,11,444,7,562
evaluation__10734__denoise__attack__nes__l0.5,1021,49,6,848,6,924
evaluation__10734__denoise__restore__nes__l0.5,1021,49,2,794,2,902
evaluation__10734__denoise__random_walk__random_walk__l0.5,1024,50,2,1023,2,1023
evaluation__10734__denoise__confidence_boost__nes__l0.5,1021,48,2,764,2,874
evaluation__10734__denoise__boundary_probe__nes__l0.5,1021,49,2,915,2,966
evaluation__10734__denoise__counterfactual__nes__l0.5,1021,48,2,845,2,927
evaluation__10734__deblur__attack__nes__l1,1021,49,2,304,2,423
evaluation__10734__deblur__restore__nes__l1,1021,47,2,409,2,558
evaluation__10734__deblur__random_walk__random_walk__l1,1024,49,2,1023,2,1023
evaluation__10734__deblur__confidence_boost__nes__l1,1021,49,5,315,5,459
evaluation__10734__deblur__boundary_probe__nes__l1,1021,48,6,506,3,664
evaluation__10734__deblur__counterfactual__nes__l1,1021,47,8,337,8,497
evaluation__11163__denoise__attack__nes__l0.5,1021,49,3,654,3,787
evaluation__11163__denoise__restore__nes__l0.5,1021,50,2,633,2,771
evaluation__11163__denoise__random_walk__random_walk__l0.5,1024,50,2,1023,2,1023
evaluation__11163__denoise__confidence_boost__nes__l0.5,1021,49,3,634,3,776
evaluation__11163__denoise__boundary_probe__nes__l0.5,1021,47,3,382,3,536
evaluation__11163__denoise__counterfactual__nes__l0.5,1021,48,2,753,2,864
evaluation__11163__deblur__attack__nes__l1,1021,48,4,541,4,691
evaluation__11163__deblur__restore__nes__l1,1021,49,2,642,2,771
evaluation__11163__deblur__random_walk__random_walk__l1,1024,48,2,1023,2,1023
evaluation__11163__deblur__confidence_boost__nes__l1,1021,48,4,605,4,729
evaluation__11163__deblur__boundary_probe__nes__l1,1021,49,2,478,2,605
evaluation__11163__deblur__counterfactual__nes__l1,1021,48,10,445,9,597
evaluation__2162__denoise__attack__nes__l0.5,1021,49,7,632,7,775
evaluation__2162__denoise__restore__nes__l0.5,1021,48,11,722,2,863
evaluation__2162__denoise__random_walk__random_walk__l0.5,1024,49,2,1023,2,1023
evaluation__2162__denoise__confidence_boost__nes__l0.5,1021,49,2,769,2,876
evaluation__2162__denoise__boundary_probe__nes__l0.5,1021,48,2,546,2,697
evaluation__2162__denoise__counterfactual__nes__l0.5,1021,50,3,696,3,826
evaluation__2162__deblur__attack__nes__l1,1021,47,8,375,2,512
evaluation__2162__deblur__restore__nes__l1,1021,48,18,339,14,488
evaluation__2162__deblur__random_walk__random_walk__l1,1024,50,2,1023,2,1023
evaluation__2162__deblur__confidence_boost__nes__l1,1021,48,11,488,11,639
evaluation__2162__deblur__boundary_probe__nes__l1,1021,49,10,308,5,441
evaluation__2162__deblur__counterfactual__nes__l1,1021,48,6,411,6,557
evaluation__5305__denoise__attack__nes__l0.5,1021,50,2,333,2,465
evaluation__5305__denoise__restore__nes__l0.5,1021,48,3,354,3,512
evaluation__5305__denoise__random_walk__random_walk__l0.5,1024,49,2,1023,2,1023
evaluation__5305__denoise__confidence_boost__nes__l0.5,1021,48,7,269,7,401
evaluation__5305__denoise__boundary_probe__nes__l0.5,1021,47,3,295,3,421
evaluation__5305__denoise__counterfactual__nes__l0.5,1021,48,5,317,3,453
evaluation__5305__deblur__attack__nes__l1,1021,49,14,333,14,456
evaluation__5305__deblur__restore__nes__l1,1021,49,7,376,7,505
evaluation__5305__deblur__random_walk__random_walk__l1,1024,50,2,1023,2,1023
evaluation__5305__deblur__confidence_boost__nes__l1,1021,48,4,392,4,519
evaluation__5305__deblur__boundary_probe__nes__l1,1021,48,12,320,12,431
evaluation__5305__deblur__counterfactual__nes__l1,1021,48,9,394,2,522
evaluation__3471__denoise__attack__nes__l0.5,1021,49,15,735,2,865
evaluation__3471__denoise__restore__nes__l0.5,1021,49,6,589,4,739
evaluation__3471__denoise__random_walk__random_walk__l0.5,1024,49,2,1023,2,1023
evaluation__3471__denoise__confidence_boost__nes__l0.5,1021,48,2,561,2,707
evaluation__3471__denoise__boundary_probe__nes__l0.5,1021,49,2,737,2,839
evaluation__3471__denoise__counterfactual__nes__l0.5,1021,48,12,632,7,769
evaluation__3471__deblur__attack__nes__l1,1021,48,3,745,3,878
evaluation__3471__deblur__restore__nes__l1,1021,49,2,751,2,870
evaluation__3471__deblur__random_walk__random_walk__l1,1024,50,2,1023,2,1023
evaluation__3471__deblur__confidence_boost__nes__l1,1021,50,3,499,3,661
evaluation__3471__deblur__boundary_probe__nes__l1,1021,49,3,854,3,922
evaluation__3471__deblur__counterfactual__nes__l1,1021,47,3,659,2,812
evaluation__8020__denoise__attack__nes__l0.5,1021,49,18,718,18,815
evaluation__8020__denoise__restore__nes__l0.5,1021,48,5,286,3,423
evaluation__8020__denoise__random_walk__random_walk__l0.5,1024,49,2,1023,2,1023
evaluation__8020__denoise__confidence_boost__nes__l0.5,1021,48,14,402,14,556
evaluation__8020__denoise__boundary_probe__nes__l0.5,1021,48,18,293,3,414
evaluation__8020__denoise__counterfactual__nes__l0.5,1021,49,13,352,10,504
evaluation__8020__deblur__attack__nes__l1,1021,48,18,185,18,267
evaluation__8020__deblur__restore__nes__l1,1021,48,18,270,6,402
evaluation__8020__deblur__random_walk__random_walk__l1,1024,49,2,1023,2,1023
evaluation__8020__deblur__confidence_boost__nes__l1,1021,48,9,288,9,415
evaluation__8020__deblur__boundary_probe__nes__l1,1021,46,14,205,2,313
evaluation__8020__deblur__counterfactual__nes__l1,1021,47,3,271,3,406
evaluation__7740__denoise__attack__nes__l0.5,1021,48,4,371,4,517
evaluation__7740__denoise__restore__nes__l0.5,1021,47,3,488,3,623
evaluation__7740__denoise__random_walk__random_walk__l0.5,1024,50,2,1023,2,1023
evaluation__7740__denoise__confidence_boost__nes__l0.5,1021,48,17,493,17,632
evaluation__7740__denoise__boundary_probe__nes__l0.5,1021,48,3,598,3,724
evaluation__7740__denoise__counterfactual__nes__l0.5,1021,48,10,230,8,358
evaluation__7740__deblur__attack__nes__l1,1021,49,3,409,2,535
evaluation__7740__deblur__restore__nes__l1,1021,50,2,509,2,627
evaluation__7740__deblur__random_walk__random_walk__l1,1024,49,2,1023,2,1023
evaluation__7740__deblur__confidence_boost__nes__l1,1021,48,2,497,2,617
evaluation__7740__deblur__boundary_probe__nes__l1,1021,49,4,666,4,775
evaluation__7740__deblur__counterfactual__nes__l1,1021,47,4,476,2,612
evaluation__838__denoise__attack__nes__l0.5,1021,48,4,499,4,644
evaluation__838__denoise__restore__nes__l0.5,1021,48,5,417,5,569
evaluation__838__denoise__random_walk__random_walk__l0.5,1024,50,2,1023,2,1023
evaluation__838__denoise__confidence_boost__nes__l0.5,1021,47,3,593,2,740
evaluation__838__denoise__boundary_probe__nes__l0.5,1021,48,3,541,2,707
evaluation__838__denoise__counterfactual__nes__l0.5,1021,47,3,514,3,688
evaluation__838__deblur__attack__nes__l1,1021,47,6,142,6,220
evaluation__838__deblur__restore__nes__l1,1021,47,18,193,11,296
evaluation__838__deblur__random_walk__random_walk__l1,1024,49,2,1023,2,1023
evaluation__838__deblur__confidence_boost__nes__l1,1021,47,18,146,18,215
evaluation__838__deblur__boundary_probe__nes__l1,1021,47,18,162,9,256
evaluation__838__deblur__counterfactual__nes__l1,1021,48,17,189,9,273
evaluation__1610__denoise__attack__nes__l0.5,1021,49,2,497,2,628
evaluation__1610__denoise__restore__nes__l0.5,1021,48,7,592,7,735
evaluation__1610__denoise__random_walk__random_walk__l0.5,1024,49,2,1023,2,1023
evaluation__1610__denoise__confidence_boost__nes__l0.5,1021,49,7,528,2,683
evaluation__1610__denoise__boundary_probe__nes__l0.5,1021,48,3,575,3,716
evaluation__1610__denoise__counterfactual__nes__l0.5,1021,49,10,468,3,618
evaluation__1610__deblur__attack__nes__l1,1021,48,18,275,12,384
evaluation__1610__deblur__restore__nes__l1,1021,47,18,227,18,341
evaluation__1610__deblur__random_walk__random_walk__l1,1024,49,2,1023,2,1023
evaluation__1610__deblur__confidence_boost__nes__l1,1021,48,18,222,18,324
evaluation__1610__deblur__boundary_probe__nes__l1,1021,46,18,116,7,176
evaluation__1610__deblur__counterfactual__nes__l1,1021,47,18,188,3,269
evaluation__5656__denoise__attack__nes__l0.5,1021,49,8,658,8,777
evaluation__5656__denoise__restore__nes__l0.5,1021,49,3,648,2,782
evaluation__5656__denoise__random_walk__random_walk__l0.5,1024,49,2,1023,2,1023
evaluation__5656__denoise__confidence_boost__nes__l0.5,1021,49,6,705,2,820
evaluation__5656__denoise__boundary_probe__nes__l0.5,1021,48,2,417,2,555
evaluation__5656__denoise__counterfactual__nes__l0.5,1021,48,6,670,4,817
evaluation__5656__deblur__attack__nes__l1,1021,49,14,496,14,656
evaluation__5656__deblur__restore__nes__l1,1021,47,12,433,12,586
evaluation__5656__deblur__random_walk__random_walk__l1,1024,49,2,1023,2,1023
evaluation__5656__deblur__confidence_boost__nes__l1,1021,48,3,617,2,758
evaluation__5656__deblur__boundary_probe__nes__l1,1021,48,16,614,16,767
evaluation__5656__deblur__counterfactual__nes__l1,1021,48,3,529,3,695
evaluation__10065__denoise__attack__nes__l0.5,1021,50,18,470,10,651
evaluation__10065__denoise__restore__nes__l0.5,1021,48,3,365,3,507
evaluation__10065__denoise__random_walk__random_walk__l0.5,1024,50,2,1023,2,1023
evaluation__10065__denoise__confidence_boost__nes__l0.5,1021,47,18,180,18,283
evaluation__10065__denoise__boundary_probe__nes__l0.5,1021,48,17,466,3,637
evaluation__10065__denoise__counterfactual__nes__l0.5,1021,47,8,172,8,259
evaluation__10065__deblur__attack__nes__l1,1021,50,5,528,5,661
evaluation__10065__deblur__restore__nes__l1,1021,49,6,456,5,605
evaluation__10065__deblur__random_walk__random_walk__l1,1024,49,2,1023,2,1023
evaluation__10065__deblur__confidence_boost__nes__l1,1021,48,8,503,8,644
evaluation__10065__deblur__boundary_probe__nes__l1,1021,49,3,567,3,700
evaluation__10065__deblur__counterfactual__nes__l1,1021,48,5,547,5,692
evaluation__12223__denoise__attack__nes__l0.5,1021,49,12,505,3,670
evaluation__12223__denoise__restore__nes__l0.5,1021,48,2,648,2,792
evaluation__12223__denoise__random_walk__random_walk__l0.5,1024,50,2,1023,2,1023
evaluation__12223__denoise__confidence_boost__nes__l0.5,1021,48,3,738,3,850
evaluation__12223__denoise__boundary_probe__nes__l0.5,1021,48,9,735,5,864
evaluation__12223__denoise__counterfactual__nes__l0.5,1021,49,5,724,4,857
evaluation__12223__deblur__attack__nes__l1,1021,48,3,238,3,369
evaluation__12223__deblur__restore__nes__l1,1021,49,6,419,6,565
evaluation__12223__deblur__random_walk__random_walk__l1,1024,50,2,1023,2,1023
evaluation__12223__deblur__confidence_boost__nes__l1,1021,49,15,478,3,627
evaluation__12223__deblur__boundary_probe__nes__l1,1021,49,4,299,4,441
evaluation__12223__deblur__counterfactual__nes__l1,1021,48,11,317,6,453
evaluation__907__denoise__attack__nes__l0.5,1021,48,3,154,3,244
evaluation__907__denoise__restore__nes__l0.5,1021,48,8,146,8,212
evaluation__907__denoise__random_walk__random_walk__l0.5,1024,49,2,1023,2,1023
evaluation__907__denoise__confidence_boost__nes__l0.5,1021,48,5,194,5,275
evaluation__907__denoise__boundary_probe__nes__l0.5,1021,48,18,226,2,338
evaluation__907__denoise__counterfactual__nes__l0.5,1021,49,3,225,3,338
evaluation__907__deblur__attack__nes__l1,1021,48,18,481,9,639
evaluation__907__deblur__restore__nes__l1,1021,47,3,319,3,445
evaluation__907__deblur__random_walk__random_walk__l1,1024,50,2,1023,2,1023
evaluation__907__deblur__confidence_boost__nes__l1,1021,48,3,563,3,694
evaluation__907__deblur__boundary_probe__nes__l1,1021,48,18,430,4,582
evaluation__907__deblur__counterfactual__nes__l1,1021,48,18,471,12,611
evaluation__1910__denoise__attack__nes__l0.5,1021,48,2,299,2,407
evaluation__1910__denoise__restore__nes__l0.5,1021,48,3,363,3,514
evaluation__1910__denoise__random_walk__random_walk__l0.5,1024,49,2,1023,2,1023
evaluation__1910__denoise__confidence_boost__nes__l0.5,1021,49,2,477,2,592
evaluation__1910__denoise__boundary_probe__nes__l0.5,1021,49,5,571,5,686
evaluation__1910__denoise__counterfactual__nes__l0.5,1021,48,9,329,9,456
evaluation__1910__deblur__attack__nes__l1,1021,48,18,200,14,310
evaluation__1910__deblur__restore__nes__l1,1021,47,18,165,11,248
evaluation__1910__deblur__random_walk__random_walk__l1,1024,50,2,1023,2,1023
evaluation__1910__deblur__confidence_boost__nes__l1,1021,49,18,280,18,420
evaluation__1910__deblur__boundary_probe__nes__l1,1021,47,18,274,18,404
evaluation__1910__deblur__counterfactual__nes__l1,1021,49,18,223,13,316
evaluation__3416__denoise__attack__nes__l0.5,1021,48,2,643,2,796
evaluation__3416__denoise__restore__nes__l0.5,1021,48,6,655,4,819
evaluation__3416__denoise__random_walk__random_walk__l0.5,1024,49,2,1023,2,1023
evaluation__3416__denoise__confidence_boost__nes__l0.5,1021,49,2,564,2,729
evaluation__3416__denoise__boundary_probe__nes__l0.5,1021,48,2,585,2,761
evaluation__3416__denoise__counterfactual__nes__l0.5,1021,49,2,507,2,665
evaluation__3416__deblur__attack__nes__l1,1021,49,2,741,2,825
evaluation__3416__deblur__restore__nes__l1,1021,48,5,604,5,748
evaluation__3416__deblur__random_walk__random_walk__l1,1024,49,2,1023,2,1023
evaluation__3416__deblur__confidence_boost__nes__l1,1021,48,3,413,3,563
evaluation__3416__deblur__boundary_probe__nes__l1,1021,49,2,296,2,426
evaluation__3416__deblur__counterfactual__nes__l1,1021,49,2,682,2,803
evaluation__6791__denoise__attack__nes__l0.5,1021,47,18,185,3,253
evaluation__6791__denoise__restore__nes__l0.5,1021,47,11,193,2,293
evaluation__6791__denoise__random_walk__random_walk__l0.5,1024,49,2,1023,2,1023
evaluation__6791__denoise__confidence_boost__nes__l0.5,1021,48,15,157,2,240
evaluation__6791__denoise__boundary_probe__nes__l0.5,1021,48,3,209,3,302
evaluation__6791__denoise__counterfactual__nes__l0.5,1021,47,18,159,7,233
evaluation__6791__deblur__attack__nes__l1,1021,48,3,678,3,799
evaluation__6791__deblur__restore__nes__l1,1021,49,2,576,2,725
evaluation__6791__deblur__random_walk__random_walk__l1,1024,49,2,1023,2,1023
evaluation__6791__deblur__confidence_boost__nes__l1,1021,48,2,401,2,548
evaluation__6791__deblur__boundary_probe__nes__l1,1021,48,2,672,2,805
evaluation__6791__deblur__counterfactual__nes__l1,1021,48,3,654,2,803
evaluation__11666__denoise__attack__nes__l0.5,1021,48,2,321,2,440
evaluation__11666__denoise__restore__nes__l0.5,1021,48,2,468,2,611
evaluation__11666__denoise__random_walk__random_walk__l0.5,1024,49,2,1023,2,1023
evaluation__11666__denoise__confidence_boost__nes__l0.5,1021,47,17,325,15,449
evaluation__11666__denoise__boundary_probe__nes__l0.5,1021,47,4,269,4,402
evaluation__11666__denoise__counterfactual__nes__l0.5,1021,49,2,375,2,528
evaluation__11666__deblur__attack__nes__l1,1021,47,6,285,6,403
evaluation__11666__deblur__restore__nes__l1,1021,48,10,192,10,284
evaluation__11666__deblur__random_walk__random_walk__l1,1024,49,2,1023,2,1023
evaluation__11666__deblur__confidence_boost__nes__l1,1021,48,7,193,7,278
evaluation__11666__deblur__boundary_probe__nes__l1,1021,48,16,180,16,281
evaluation__11666__deblur__counterfactual__nes__l1,1021,48,18,184,13,273
evaluation__3235__denoise__attack__nes__l0.5,1021,49,7,422,7,541
evaluation__3235__denoise__restore__nes__l0.5,1021,49,18,402,3,574
evaluation__3235__denoise__random_walk__random_walk__l0.5,1024,50,2,1023,2,1023
evaluation__3235__denoise__confidence_boost__nes__l0.5,1021,48,18,329,2,455
evaluation__3235__denoise__boundary_probe__nes__l0.5,1021,48,12,355,12,503
evaluation__3235__denoise__counterfactual__nes__l0.5,1021,50,18,374,18,501
evaluation__3235__deblur__attack__nes__l1,1021,49,3,824,3,923
evaluation__3235__deblur__restore__nes__l1,1021,47,3,808,3,901
evaluation__3235__deblur__random_walk__random_walk__l1,1024,49,2,1023,2,1023
evaluation__3235__deblur__confidence_boost__nes__l1,1021,49,2,827,2,925
evaluation__3235__deblur__boundary_probe__nes__l1,1021,49,4,765,4,878
evaluation__3235__deblur__counterfactual__nes__l1,1021,49,3,748,3,868
evaluation__3821__denoise__attack__nes__l0.5,1021,49,18,388,18,522
evaluation__3821__denoise__restore__nes__l0.5,1021,49,12,350,11,484
evaluation__3821__denoise__random_walk__random_walk__l0.5,1024,49,2,1023,2,1023
evaluation__3821__denoise__confidence_boost__nes__l0.5,1021,48,8,257,3,396
evaluation__3821__denoise__boundary_probe__nes__l0.5,1021,48,18,305,10,406
evaluation__3821__denoise__counterfactual__nes__l0.5,1021,48,5,347,5,476
evaluation__3821__deblur__attack__nes__l1,1021,47,18,195,18,266
evaluation__3821__deblur__restore__nes__l1,1021,48,9,225,9,329
evaluation__3821__deblur__random_walk__random_walk__l1,1024,49,2,1023,2,1023
evaluation__3821__deblur__confidence_boost__nes__l1,1021,47,18,96,18,129
evaluation__3821__deblur__boundary_probe__nes__l1,1021,47,2,178,2,261
evaluation__3821__deblur__counterfactual__nes__l1,1021,48,16,113,16,166
evaluation__4849__denoise__attack__nes__l0.5,1021,48,18,217,18,317
evaluation__4849__denoise__restore__nes__l0.5,1021,48,11,337,11,444
evaluation__4849__denoise__random_walk__random_walk__l0.5,1024,49,2,1023,2,1023
evaluation__4849__denoise__confidence_boost__nes__l0.5,1021,48,18,422,11,543
evaluation__4849__denoise__boundary_probe__nes__l0.5,1021,48,13,328,9,462
evaluation__4849__denoise__counterfactual__nes__l0.5,1021,49,18,467,18,597
evaluation__4849__deblur__attack__nes__l1,1021,49,4,515,3,664
evaluation__4849__deblur__restore__nes__l1,1021,47,4,544,4,681
evaluation__4849__deblur__random_walk__random_walk__l1,1024,49,2,1023,2,1023
evaluation__4849__deblur__confidence_boost__nes__l1,1021,48,3,471,3,608
evaluation__4849__deblur__boundary_probe__nes__l1,1021,49,7,515,3,650
evaluation__4849__deblur__counterfactual__nes__l1,1021,49,3,540,3,674
evaluation__12297__denoise__attack__nes__l0.5,1021,48,3,374,3,512
evaluation__12297__denoise__restore__nes__l0.5,1021,48,2,443,2,573
evaluation__12297__denoise__random_walk__random_walk__l0.5,1024,49,2,1023,2,1023
evaluation__12297__denoise__confidence_boost__nes__l0.5,1021,48,11,365,11,486
evaluation__12297__denoise__boundary_probe__nes__l0.5,1021,48,11,409,11,551
evaluation__12297__denoise__counterfactual__nes__l0.5,1021,48,9,427,9,569
evaluation__12297__deblur__attack__nes__l1,1021,49,3,674,3,798
evaluation__12297__deblur__restore__nes__l1,1021,50,2,830,2,918
evaluation__12297__deblur__random_walk__random_walk__l1,1024,49,2,1023,2,1023
evaluation__12297__deblur__confidence_boost__nes__l1,1021,49,2,504,2,666
evaluation__12297__deblur__boundary_probe__nes__l1,1021,49,2,493,2,655
evaluation__12297__deblur__counterfactual__nes__l1,1021,49,2,879,2,940
evaluation__9543__denoise__attack__nes__l0.5,1021,48,11,585,6,729
evaluation__9543__denoise__restore__nes__l0.5,1021,47,4,475,4,632
evaluation__9543__denoise__random_walk__random_walk__l0.5,1024,50,2,1023,2,1023
evaluation__9543__denoise__confidence_boost__nes__l0.5,1021,48,3,538,3,682
evaluation__9543__denoise__boundary_probe__nes__l0.5,1021,48,11,446,10,621
evaluation__9543__denoise__counterfactual__nes__l0.5,1021,47,4,533,4,691
evaluation__9543__deblur__attack__nes__l1,1021,48,3,211,3,314
evaluation__9543__deblur__restore__nes__l1,1021,49,18,282,6,390
evaluation__9543__deblur__random_walk__random_walk__l1,1024,49,2,1023,2,1023
evaluation__9543__deblur__confidence_boost__nes__l1,1021,49,3,309,3,436
evaluation__9543__deblur__boundary_probe__nes__l1,1021,48,2,327,2,470
evaluation__9543__deblur__counterfactual__nes__l1,1021,48,9,344,9,441
evaluation__32__denoise__attack__nes__l0.5,1021,46,4,473,2,636
evaluation__32__denoise__restore__nes__l0.5,1021,48,4,354,4,503
evaluation__32__denoise__random_walk__random_walk__l0.5,1024,50,2,1023,2,1023
evaluation__32__denoise__confidence_boost__nes__l0.5,1021,48,2,384,2,544
evaluation__32__denoise__boundary_probe__nes__l0.5,1021,48,2,420,2,562
evaluation__32__denoise__counterfactual__nes__l0.5,1021,50,11,634,11,753
evaluation__32__deblur__attack__nes__l1,1021,47,18,231,12,348
evaluation__32__deblur__restore__nes__l1,1021,47,18,227,18,341
evaluation__32__deblur__random_walk__random_walk__l1,1024,49,2,1023,2,1023
evaluation__32__deblur__confidence_boost__nes__l1,1021,47,5,230,5,326
evaluation__32__deblur__boundary_probe__nes__l1,1021,48,9,252,9,376
evaluation__32__deblur__counterfactual__nes__l1,1021,47,18,248,7,347
evaluation__3826__denoise__attack__nes__l0.5,1021,48,8,636,2,778
evaluation__3826__denoise__restore__nes__l0.5,1021,48,3,684,2,816
evaluation__3826__denoise__random_walk__random_walk__l0.5,1024,49,2,1023,2,1023
evaluation__3826__denoise__confidence_boost__nes__l0.5,1021,48,3,654,3,779
evaluation__3826__denoise__boundary_probe__nes__l0.5,1021,49,4,605,3,740
evaluation__3826__denoise__counterfactual__nes__l0.5,1021,49,4,775,4,878
evaluation__3826__deblur__attack__nes__l1,1021,48,3,597,3,746
evaluation__3826__deblur__restore__nes__l1,1021,49,5,671,3,809
evaluation__3826__deblur__random_walk__random_walk__l1,1024,49,2,1023,2,1023
evaluation__3826__deblur__confidence_boost__nes__l1,1021,48,2,501,2,648
evaluation__3826__deblur__boundary_probe__nes__l1,1021,49,3,612,3,736
evaluation__3826__deblur__counterfactual__nes__l1,1021,48,4,601,4,748
evaluation__7271__denoise__attack__nes__l0.5,1021,48,18,181,14,258
evaluation__7271__denoise__restore__nes__l0.5,1021,47,10,214,10,297
evaluation__7271__denoise__random_walk__random_walk__l0.5,1024,50,2,1023,2,1023
evaluation__7271__denoise__confidence_boost__nes__l0.5,1021,48,4,166,4,250
evaluation__7271__denoise__boundary_probe__nes__l0.5,1021,48,4,168,4,238
evaluation__7271__denoise__counterfactual__nes__l0.5,1021,48,18,294,18,392
evaluation__7271__deblur__attack__nes__l1,1021,50,2,580,2,736
evaluation__7271__deblur__restore__nes__l1,1021,48,4,532,3,682
evaluation__7271__deblur__random_walk__random_walk__l1,1024,50,2,1023,2,1023
evaluation__7271__deblur__confidence_boost__nes__l1,1021,49,6,799,6,880
evaluation__7271__deblur__boundary_probe__nes__l1,1021,47,2,515,2,666
evaluation__7271__deblur__counterfactual__nes__l1,1021,49,2,733,2,850
evaluation__9310__denoise__attack__nes__l0.5,1021,49,2,600,2,753
evaluation__9310__denoise__restore__nes__l0.5,1021,48,2,406,2,561
evaluation__9310__denoise__random_walk__random_walk__l0.5,1024,50,2,1023,2,1023
evaluation__9310__denoise__confidence_boost__nes__l0.5,1021,48,3,451,3,591
evaluation__9310__denoise__boundary_probe__nes__l0.5,1021,49,2,465,2,608
evaluation__9310__denoise__counterfactual__nes__l0.5,1021,48,7,393,7,551
evaluation__9310__deblur__attack__nes__l1,1021,49,11,291,11,410
evaluation__9310__deblur__restore__nes__l1,1021,48,3,351,3,485
evaluation__9310__deblur__random_walk__random_walk__l1,1024,49,2,1023,2,1023
evaluation__9310__deblur__confidence_boost__nes__l1,1021,48,7,297,7,436
evaluation__9310__deblur__boundary_probe__nes__l1,1021,49,11,332,5,468
evaluation__9310__deblur__counterfactual__nes__l1,1021,49,4,282,2,400
evaluation__9879__denoise__attack__nes__l0.5,1021,47,18,240,18,352
evaluation__9879__denoise__restore__nes__l0.5,1021,47,18,195,18,303
evaluation__9879__denoise__random_walk__random_walk__l0.5,1024,49,2,1023,2,1023
evaluation__9879__denoise__confidence_boost__nes__l0.5,1021,48,18,195,18,279
evaluation__9879__denoise__boundary_probe__nes__l0.5,1021,47,18,280,18,417
evaluation__9879__denoise__counterfactual__nes__l0.5,1021,47,18,263,18,383
evaluation__9879__deblur__attack__nes__l1,1021,48,6,683,3,844
evaluation__9879__deblur__restore__nes__l1,1021,49,2,753,2,878
evaluation__9879__deblur__random_walk__random_walk__l1,1024,50,2,1023,2,1023
evaluation__9879__deblur__confidence_boost__nes__l1,1021,48,3,723,3,870
evaluation__9879__deblur__boundary_probe__nes__l1,1021,48,2,783,2,916
evaluation__9879__deblur__counterfactual__nes__l1,1021,48,2,745,2,891
evaluation__453__denoise__attack__nes__l0.5,1021,48,2,462,2,629
evaluation__453__denoise__restore__nes__l0.5,1021,47,3,415,3,585
evaluation__453__denoise__random_walk__random_walk__l0.5,1024,50,2,1023,2,1023
evaluation__453__denoise__confidence_boost__nes__l0.5,1021,49,9,705,2,828
evaluation__453__denoise__boundary_probe__nes__l0.5,1021,49,3,738,2,847
evaluation__453__denoise__counterfactual__nes__l0.5,1021,47,3,352,3,498
evaluation__453__deblur__attack__nes__l1,1021,48,9,359,7,496
evaluation__453__deblur__restore__nes__l1,1021,48,18,334,8,468
evaluation__453__deblur__random_walk__random_walk__l1,1024,49,2,1023,2,1023
evaluation__453__deblur__confidence_boost__nes__l1,1021,47,7,409,7,540
evaluation__453__deblur__boundary_probe__nes__l1,1021,47,18,384,17,552
evaluation__453__deblur__counterfactual__nes__l1,1021,48,18,271,13,387
evaluation__3867__denoise__attack__nes__l0.5,1021,48,3,312,3,457
evaluation__3867__denoise__restore__nes__l0.5,1021,49,2,457,2,608
evaluation__3867__denoise__random_walk__random_walk__l0.5,1024,49,2,1023,2,1023
evaluation__3867__denoise__confidence_boost__nes__l0.5,1021,49,5,639,5,765
evaluation__3867__denoise__boundary_probe__nes__l0.5,1021,48,10,350,10,495
evaluation__3867__denoise__counterfactual__nes__l0.5,1021,47,3,438,3,597
evaluation__3867__deblur__attack__nes__l1,1021,49,2,629,2,790
evaluation__3867__deblur__restore__nes__l1,1021,49,2,715,2,850
evaluation__3867__deblur__random_walk__random_walk__l1,1024,50,2,1023,2,1023
evaluation__3867__deblur__confidence_boost__nes__l1,1021,48,2,715,2,836
evaluation__3867__deblur__boundary_probe__nes__l1,1021,49,2,710,2,840
evaluation__3867__deblur__counterfactual__nes__l1,1021,48,3,746,3,863
evaluation__7454__denoise__attack__nes__l0.5,1021,49,5,620,5,738
evaluation__7454__denoise__restore__nes__l0.5,1021,48,3,558,2,719
evaluation__7454__denoise__random_walk__random_walk__l0.5,1024,49,2,1023,2,1023
evaluation__7454__denoise__confidence_boost__nes__l0.5,1021,49,3,603,3,751
evaluation__7454__denoise__boundary_probe__nes__l0.5,1021,49,2,677,2,801
evaluation__7454__denoise__counterfactual__nes__l0.5,1021,48,3,485,3,652
evaluation__7454__deblur__attack__nes__l1,1021,47,4,285,4,417
evaluation__7454__deblur__restore__nes__l1,1021,49,5,332,5,478
evaluation__7454__deblur__random_walk__random_walk__l1,1024,49,2,1023,2,1023
evaluation__7454__deblur__confidence_boost__nes__l1,1021,48,3,379,2,518
evaluation__7454__deblur__boundary_probe__nes__l1,1021,48,10,281,10,412
evaluation__7454__deblur__counterfactual__nes__l1,1021,48,3,324,3,449
fit__3475__denoise__attack__nes__l0.5,1021,49,3,340,2,489
fit__3475__denoise__restore__nes__l0.5,1021,48,13,319,3,470
fit__3475__denoise__random_walk__random_walk__l0.5,1024,50,2,1023,2,1023
fit__3475__denoise__confidence_boost__nes__l0.5,1021,48,5,616,5,751
fit__3475__denoise__boundary_probe__nes__l0.5,1021,49,2,461,2,621
fit__3475__denoise__counterfactual__nes__l0.5,1021,48,5,361,5,500
fit__3475__deblur__attack__nes__l1,1021,49,5,562,2,684
fit__3475__deblur__restore__nes__l1,1021,48,8,539,2,674
fit__3475__deblur__random_walk__random_walk__l1,1024,49,2,1023,2,1023
fit__3475__deblur__confidence_boost__nes__l1,1021,49,2,561,2,711
fit__3475__deblur__boundary_probe__nes__l1,1021,49,8,489,8,634
fit__3475__deblur__counterfactual__nes__l1,1021,49,6,543,6,684
fit__9294__denoise__attack__nes__l0.5,1021,49,6,561,3,699
fit__9294__denoise__restore__nes__l0.5,1021,49,8,554,8,687
fit__9294__denoise__random_walk__random_walk__l0.5,1024,50,2,1023,2,1023
fit__9294__denoise__confidence_boost__nes__l0.5,1021,49,2,761,2,856
fit__9294__denoise__boundary_probe__nes__l0.5,1021,49,9,697,3,819
fit__9294__denoise__counterfactual__nes__l0.5,1021,49,6,671,6,800
fit__9294__deblur__attack__nes__l1,1021,48,18,471,18,606
fit__9294__deblur__restore__nes__l1,1021,47,7,419,7,592
fit__9294__deblur__random_walk__random_walk__l1,1024,49,2,1023,2,1023
fit__9294__deblur__confidence_boost__nes__l1,1021,48,2,439,2,592
fit__9294__deblur__boundary_probe__nes__l1,1021,48,18,473,12,642
fit__9294__deblur__counterfactual__nes__l1,1021,47,8,494,2,623
fit__6230__denoise__attack__nes__l0.5,1021,48,4,319,4,442
fit__6230__denoise__restore__nes__l0.5,1021,48,15,454,5,612
fit__6230__denoise__random_walk__random_walk__l0.5,1024,50,2,1023,2,1023
fit__6230__denoise__confidence_boost__nes__l0.5,1021,47,14,297,14,409
fit__6230__denoise__boundary_probe__nes__l0.5,1021,46,18,335,18,467
fit__6230__denoise__counterfactual__nes__l0.5,1021,48,2,296,2,418
fit__6230__deblur__attack__nes__l1,1021,48,18,274,9,372
fit__6230__deblur__restore__nes__l1,1021,48,2,208,2,296
fit__6230__deblur__random_walk__random_walk__l1,1024,49,2,1023,2,1023
fit__6230__deblur__confidence_boost__nes__l1,1021,49,3,373,3,489
fit__6230__deblur__boundary_probe__nes__l1,1021,48,18,183,18,284
fit__6230__deblur__counterfactual__nes__l1,1021,49,16,274,15,397
fit__4092__denoise__attack__nes__l0.5,1021,47,2,270,2,408
fit__4092__denoise__restore__nes__l0.5,1021,47,4,282,4,419
fit__4092__denoise__random_walk__random_walk__l0.5,1024,49,2,1023,2,1023
fit__4092__denoise__confidence_boost__nes__l0.5,1021,48,8,306,5,440
fit__4092__denoise__boundary_probe__nes__l0.5,1021,49,7,361,7,481
fit__4092__denoise__counterfactual__nes__l0.5,1021,48,8,258,5,390
fit__4092__deblur__attack__nes__l1,1021,48,4,413,3,557
fit__4092__deblur__restore__nes__l1,1021,47,2,336,2,481
fit__4092__deblur__random_walk__random_walk__l1,1024,49,2,1023,2,1023
fit__4092__deblur__confidence_boost__nes__l1,1021,48,18,547,14,673
fit__4092__deblur__boundary_probe__nes__l1,1021,48,10,250,10,393
fit__4092__deblur__counterfactual__nes__l1,1021,48,14,304,8,429
fit__8594__denoise__attack__nes__l0.5,1021,48,3,361,3,492
fit__8594__denoise__restore__nes__l0.5,1021,48,2,547,2,683
fit__8594__denoise__random_walk__random_walk__l0.5,1024,50,2,1023,2,1023
fit__8594__denoise__confidence_boost__nes__l0.5,1021,48,4,603,4,747
fit__8594__denoise__boundary_probe__nes__l0.5,1021,48,2,567,2,735
fit__8594__denoise__counterfactual__nes__l0.5,1021,49,3,510,2,655
fit__8594__deblur__attack__nes__l1,1021,48,6,527,2,726
fit__8594__deblur__restore__nes__l1,1021,49,5,760,4,865
fit__8594__deblur__random_walk__random_walk__l1,1024,49,2,1023,2,1023
fit__8594__deblur__confidence_boost__nes__l1,1021,49,3,660,3,782
fit__8594__deblur__boundary_probe__nes__l1,1021,48,4,816,4,887
fit__8594__deblur__counterfactual__nes__l1,1021,49,3,717,2,855
fit__11432__denoise__attack__nes__l0.5,1021,48,7,251,7,367
fit__11432__denoise__restore__nes__l0.5,1021,49,6,226,5,338
fit__11432__denoise__random_walk__random_walk__l0.5,1024,49,2,1023,2,1023
fit__11432__denoise__confidence_boost__nes__l0.5,1021,48,6,330,6,449
fit__11432__denoise__boundary_probe__nes__l0.5,1021,48,8,278,4,419
fit__11432__denoise__counterfactual__nes__l0.5,1021,48,5,314,5,425
fit__11432__deblur__attack__nes__l1,1021,49,18,400,11,536
fit__11432__deblur__restore__nes__l1,1021,47,9,186,9,281
fit__11432__deblur__random_walk__random_walk__l1,1024,49,2,1023,2,1023
fit__11432__deblur__confidence_boost__nes__l1,1021,48,6,267,6,402
fit__11432__deblur__boundary_probe__nes__l1,1021,49,3,407,3,545
fit__11432__deblur__counterfactual__nes__l1,1021,48,2,439,2,587
fit__9936__denoise__attack__nes__l0.5,1021,49,5,414,4,538
fit__9936__denoise__restore__nes__l0.5,1021,48,10,393,4,543
fit__9936__denoise__random_walk__random_walk__l0.5,1024,50,2,1023,2,1023
fit__9936__denoise__confidence_boost__nes__l0.5,1021,47,2,424,2,585
fit__9936__denoise__boundary_probe__nes__l0.5,1021,48,2,444,2,592
fit__9936__denoise__counterfactual__nes__l0.5,1021,48,3,513,3,670
fit__9936__deblur__attack__nes__l1,1021,48,18,146,3,217
fit__9936__deblur__restore__nes__l1,1021,47,3,104,2,164
fit__9936__deblur__random_walk__random_walk__l1,1024,50,2,1023,2,1023
fit__9936__deblur__confidence_boost__nes__l1,1021,49,13,174,13,269
fit__9936__deblur__boundary_probe__nes__l1,1021,47,18,192,9,277
fit__9936__deblur__counterfactual__nes__l1,1021,48,18,175,9,264
fit__10593__denoise__attack__nes__l0.5,1021,48,3,646,2,784
fit__10593__denoise__restore__nes__l0.5,1021,49,3,478,2,617
fit__10593__denoise__random_walk__random_walk__l0.5,1024,49,2,1023,2,1023
fit__10593__denoise__confidence_boost__nes__l0.5,1021,49,7,679,6,805
fit__10593__denoise__boundary_probe__nes__l0.5,1021,48,7,600,4,739
fit__10593__denoise__counterfactual__nes__l0.5,1021,49,3,412,3,550
fit__10593__deblur__attack__nes__l1,1021,49,18,266,6,369
fit__10593__deblur__restore__nes__l1,1021,48,18,174,14,255
fit__10593__deblur__random_walk__random_walk__l1,1024,50,2,1023,2,1023
fit__10593__deblur__confidence_boost__nes__l1,1021,47,18,195,13,281
fit__10593__deblur__boundary_probe__nes__l1,1021,49,12,260,7,359
fit__10593__deblur__counterfactual__nes__l1,1021,48,18,246,18,367
fit__8998__denoise__attack__nes__l0.5,1021,47,17,183,17,256
fit__8998__denoise__restore__nes__l0.5,1021,47,7,201,5,291
fit__8998__denoise__random_walk__random_walk__l0.5,1024,49,2,1023,2,1023
fit__8998__denoise__confidence_boost__nes__l0.5,1021,48,18,142,18,198
fit__8998__denoise__boundary_probe__nes__l0.5,1021,48,18,192,18,265
fit__8998__denoise__counterfactual__nes__l0.5,1021,48,17,114,13,155
fit__8998__deblur__attack__nes__l1,1021,47,18,271,7,422
fit__8998__deblur__restore__nes__l1,1021,49,16,350,16,480
fit__8998__deblur__random_walk__random_walk__l1,1024,50,2,1023,2,1023
fit__8998__deblur__confidence_boost__nes__l1,1021,48,3,254,2,355
fit__8998__deblur__boundary_probe__nes__l1,1021,48,2,377,2,499
fit__8998__deblur__counterfactual__nes__l1,1021,48,2,459,2,591
fit__5355__denoise__attack__nes__l0.5,1021,48,3,745,3,860
fit__5355__denoise__restore__nes__l0.5,1021,48,2,696,2,826
fit__5355__denoise__random_walk__random_walk__l0.5,1024,49,2,1023,2,1023
fit__5355__denoise__confidence_boost__nes__l0.5,1021,48,2,784,2,884
fit__5355__denoise__boundary_probe__nes__l0.5,1021,48,2,589,2,738
fit__5355__denoise__counterfactual__nes__l0.5,1021,48,5,631,4,768
fit__5355__deblur__attack__nes__l1,1021,50,4,722,3,847
fit__5355__deblur__restore__nes__l1,1021,48,9,572,5,709
fit__5355__deblur__random_walk__random_walk__l1,1024,49,2,1023,2,1023
fit__5355__deblur__confidence_boost__nes__l1,1021,49,2,653,2,786
fit__5355__deblur__boundary_probe__nes__l1,1021,48,12,597,12,757
fit__5355__deblur__counterfactual__nes__l1,1021,48,2,536,2,707
fit__12454__denoise__attack__nes__l0.5,1021,48,3,603,3,734
fit__12454__denoise__restore__nes__l0.5,1021,47,4,636,4,775
fit__12454__denoise__random_walk__random_walk__l0.5,1024,50,2,1023,2,1023
fit__12454__denoise__confidence_boost__nes__l0.5,1021,47,3,626,3,761
fit__12454__denoise__boundary_probe__nes__l0.5,1021,49,5,507,2,675
fit__12454__denoise__counterfactual__nes__l0.5,1021,50,4,649,4,803
fit__12454__deblur__attack__nes__l1,1021,48,3,701,3,821
fit__12454__deblur__restore__nes__l1,1021,48,2,763,2,885
fit__12454__deblur__random_walk__random_walk__l1,1024,49,2,1023,2,1023
fit__12454__deblur__confidence_boost__nes__l1,1021,49,3,540,3,666
fit__12454__deblur__boundary_probe__nes__l1,1021,48,9,660,3,803
fit__12454__deblur__counterfactual__nes__l1,1021,49,3,592,2,749
fit__11609__denoise__attack__nes__l0.5,1021,48,7,337,7,476
fit__11609__denoise__restore__nes__l0.5,1021,47,18,281,10,378
fit__11609__denoise__random_walk__random_walk__l0.5,1024,49,2,1023,2,1023
fit__11609__denoise__confidence_boost__nes__l0.5,1021,49,3,343,3,478
fit__11609__denoise__boundary_probe__nes__l0.5,1021,47,18,399,18,549
fit__11609__denoise__counterfactual__nes__l0.5,1021,49,9,378,9,532
fit__11609__deblur__attack__nes__l1,1021,48,5,559,4,709
fit__11609__deblur__restore__nes__l1,1021,48,4,670,4,812
fit__11609__deblur__random_walk__random_walk__l1,1024,50,2,1023,2,1023
fit__11609__deblur__confidence_boost__nes__l1,1021,47,4,564,2,706
fit__11609__deblur__boundary_probe__nes__l1,1021,49,2,738,2,848
fit__11609__deblur__counterfactual__nes__l1,1021,49,2,777,2,887
fit__8765__denoise__attack__nes__l0.5,1021,48,5,598,2,745
fit__8765__denoise__restore__nes__l0.5,1021,48,2,859,2,939
fit__8765__denoise__random_walk__random_walk__l0.5,1024,49,2,1023,2,1023
fit__8765__denoise__confidence_boost__nes__l0.5,1021,50,6,696,6,825
fit__8765__denoise__boundary_probe__nes__l0.5,1021,49,2,804,2,891
fit__8765__denoise__counterfactual__nes__l0.5,1021,48,2,642,2,800
fit__8765__deblur__attack__nes__l1,1021,48,4,801,3,890
fit__8765__deblur__restore__nes__l1,1021,50,5,736,5,846
fit__8765__deblur__random_walk__random_walk__l1,1024,49,2,1023,2,1023
fit__8765__deblur__confidence_boost__nes__l1,1021,47,4,693,4,820
fit__8765__deblur__boundary_probe__nes__l1,1021,47,2,716,2,840
fit__8765__deblur__counterfactual__nes__l1,1021,48,2,861,2,936
fit__8684__denoise__attack__nes__l0.5,1021,49,3,692,2,817
fit__8684__denoise__restore__nes__l0.5,1021,49,3,707,3,826
fit__8684__denoise__random_walk__random_walk__l0.5,1024,50,2,1023,2,1023
fit__8684__denoise__confidence_boost__nes__l0.5,1021,49,2,625,2,768
fit__8684__denoise__boundary_probe__nes__l0.5,1021,48,3,763,3,884
fit__8684__denoise__counterfactual__nes__l0.5,1021,47,4,510,3,665
fit__8684__deblur__attack__nes__l1,1021,49,4,371,4,512
fit__8684__deblur__restore__nes__l1,1021,48,13,314,13,446
fit__8684__deblur__random_walk__random_walk__l1,1024,50,2,1023,2,1023
fit__8684__deblur__confidence_boost__nes__l1,1021,48,9,297,9,411
fit__8684__deblur__boundary_probe__nes__l1,1021,48,4,296,4,429
fit__8684__deblur__counterfactual__nes__l1,1021,48,9,239,7,359
calibration__4852__denoise__attack__nes__l0.5,1021,49,12,544,6,690
calibration__4852__denoise__restore__nes__l0.5,1021,48,13,449,11,587
calibration__4852__denoise__random_walk__random_walk__l0.5,1024,49,2,1023,2,1023
calibration__4852__denoise__confidence_boost__nes__l0.5,1021,48,18,229,11,360
calibration__4852__denoise__boundary_probe__nes__l0.5,1021,48,3,428,3,600
calibration__4852__denoise__counterfactual__nes__l0.5,1021,48,8,289,8,431
calibration__4852__deblur__attack__nes__l1,1021,48,4,396,4,530
calibration__4852__deblur__restore__nes__l1,1021,48,3,369,3,508
calibration__4852__deblur__random_walk__random_walk__l1,1024,49,2,1023,2,1023
calibration__4852__deblur__confidence_boost__nes__l1,1021,49,6,463,6,608
calibration__4852__deblur__boundary_probe__nes__l1,1021,49,6,321,6,448
calibration__4852__deblur__counterfactual__nes__l1,1021,49,4,401,3,540
calibration__3432__denoise__attack__nes__l0.5,1021,49,3,719,3,829
calibration__3432__denoise__restore__nes__l0.5,1021,49,8,596,3,730
calibration__3432__denoise__random_walk__random_walk__l0.5,1024,49,2,1023,2,1023
calibration__3432__denoise__confidence_boost__nes__l0.5,1021,48,3,413,3,551
calibration__3432__denoise__boundary_probe__nes__l0.5,1021,49,2,492,2,633
calibration__3432__denoise__counterfactual__nes__l0.5,1021,49,2,551,2,722
calibration__3432__deblur__attack__nes__l1,1021,48,3,509,2,659
calibration__3432__deblur__restore__nes__l1,1021,49,5,587,5,728
calibration__3432__deblur__random_walk__random_walk__l1,1024,49,2,1023,2,1023
calibration__3432__deblur__confidence_boost__nes__l1,1021,48,4,504,4,646
calibration__3432__deblur__boundary_probe__nes__l1,1021,47,2,453,2,594
calibration__3432__deblur__counterfactual__nes__l1,1021,47,5,486,2,645
calibration__8082__denoise__attack__nes__l0.5,1021,48,5,424,2,566
calibration__8082__denoise__restore__nes__l0.5,1021,48,4,498,2,646
calibration__8082__denoise__random_walk__random_walk__l0.5,1024,50,2,1023,2,1023
calibration__8082__denoise__confidence_boost__nes__l0.5,1021,49,2,400,2,539
calibration__8082__denoise__boundary_probe__nes__l0.5,1021,47,2,404,2,558
calibration__8082__denoise__counterfactual__nes__l0.5,1021,50,10,315,10,470
calibration__8082__deblur__attack__nes__l1,1021,48,7,463,7,636
calibration__8082__deblur__restore__nes__l1,1021,48,17,366,3,507
calibration__8082__deblur__random_walk__random_walk__l1,1024,49,2,1023,2,1023
calibration__8082__deblur__confidence_boost__nes__l1,1021,48,6,675,3,803
calibration__8082__deblur__boundary_probe__nes__l1,1021,48,18,468,8,644
calibration__8082__deblur__counterfactual__nes__l1,1021,49,14,501,3,653
calibration__4078__denoise__attack__nes__l0.5,1021,48,12,510,10,654
calibration__4078__denoise__restore__nes__l0.5,1021,49,9,442,4,576
calibration__4078__denoise__random_walk__random_walk__l0.5,1024,49,2,1023,2,1023
calibration__4078__denoise__confidence_boost__nes__l0.5,1021,48,2,420,2,564
calibration__4078__denoise__boundary_probe__nes__l0.5,1021,49,7,384,4,543
calibration__4078__denoise__counterfactual__nes__l0.5,1021,48,17,377,8,529
calibration__4078__deblur__attack__nes__l1,1021,49,18,313,13,432
calibration__4078__deblur__restore__nes__l1,1021,48,18,269,15,394
calibration__4078__deblur__random_walk__random_walk__l1,1024,50,2,1023,2,1023
calibration__4078__deblur__confidence_boost__nes__l1,1021,48,6,292,6,414
calibration__4078__deblur__boundary_probe__nes__l1,1021,48,18,405,18,518
calibration__4078__deblur__counterfactual__nes__l1,1021,48,18,403,3,541
calibration__3651__denoise__attack__nes__l0.5,1021,48,6,176,6,253
calibration__3651__denoise__restore__nes__l0.5,1021,48,6,272,3,379
calibration__3651__denoise__random_walk__random_walk__l0.5,1024,49,2,1023,2,1023
calibration__3651__denoise__confidence_boost__nes__l0.5,1021,48,18,330,2,454
calibration__3651__denoise__boundary_probe__nes__l0.5,1021,48,18,257,2,372
calibration__3651__denoise__counterfactual__nes__l0.5,1021,49,18,291,10,422
calibration__3651__deblur__attack__nes__l1,1021,48,18,281,15,393
calibration__3651__deblur__restore__nes__l1,1021,48,18,126,18,195
calibration__3651__deblur__random_walk__random_walk__l1,1024,49,2,1023,2,1023
calibration__3651__deblur__confidence_boost__nes__l1,1021,46,18,147,18,223
calibration__3651__deblur__boundary_probe__nes__l1,1021,48,18,227,18,341
calibration__3651__deblur__counterfactual__nes__l1,1021,48,2,242,2,348
calibration__3079__denoise__attack__nes__l0.5,1021,49,3,768,2,891
calibration__3079__denoise__restore__nes__l0.5,1021,47,2,642,2,799
calibration__3079__denoise__random_walk__random_walk__l0.5,1024,49,2,1023,2,1023
calibration__3079__denoise__confidence_boost__nes__l0.5,1021,48,2,786,2,912
calibration__3079__denoise__boundary_probe__nes__l0.5,1021,47,2,834,2,925
calibration__3079__denoise__counterfactual__nes__l0.5,1021,48,3,620,3,771
calibration__3079__deblur__attack__nes__l1,1021,48,3,361,3,523
calibration__3079__deblur__restore__nes__l1,1021,47,16,275,10,378
calibration__3079__deblur__random_walk__random_walk__l1,1024,49,2,1023,2,1023
calibration__3079__deblur__confidence_boost__nes__l1,1021,48,18,284,16,408
calibration__3079__deblur__boundary_probe__nes__l1,1021,48,5,309,5,444
calibration__3079__deblur__counterfactual__nes__l1,1021,47,4,275,4,422
calibration__3481__denoise__attack__nes__l0.5,1021,49,4,611,4,774
calibration__3481__denoise__restore__nes__l0.5,1021,49,8,631,6,756
calibration__3481__denoise__random_walk__random_walk__l0.5,1024,49,2,1023,2,1023
calibration__3481__denoise__confidence_boost__nes__l0.5,1021,47,8,460,8,643
calibration__3481__denoise__boundary_probe__nes__l0.5,1021,49,2,624,2,765
calibration__3481__denoise__counterfactual__nes__l0.5,1021,48,3,687,3,797
calibration__3481__deblur__attack__nes__l1,1021,47,14,392,12,550
calibration__3481__deblur__restore__nes__l1,1021,48,2,426,2,589
calibration__3481__deblur__random_walk__random_walk__l1,1024,49,2,1023,2,1023
calibration__3481__deblur__confidence_boost__nes__l1,1021,48,3,588,3,722
calibration__3481__deblur__boundary_probe__nes__l1,1021,49,14,585,14,726
calibration__3481__deblur__counterfactual__nes__l1,1021,47,7,383,7,529
calibration__569__denoise__attack__nes__l0.5,1021,48,4,448,4,563
calibration__569__denoise__restore__nes__l0.5,1021,48,4,338,4,470
calibration__569__denoise__random_walk__random_walk__l0.5,1024,50,2,1023,2,1023
calibration__569__denoise__confidence_boost__nes__l0.5,1021,48,11,228,8,350
calibration__569__denoise__boundary_probe__nes__l0.5,1021,47,3,219,3,314
calibration__569__denoise__counterfactual__nes__l0.5,1021,48,4,293,4,416
calibration__569__deblur__attack__nes__l1,1021,48,7,491,7,616
calibration__569__deblur__restore__nes__l1,1021,48,5,376,5,535
calibration__569__deblur__random_walk__random_walk__l1,1024,49,2,1023,2,1023
calibration__569__deblur__confidence_boost__nes__l1,1021,48,18,413,3,555
calibration__569__deblur__boundary_probe__nes__l1,1021,48,10,424,7,541
calibration__569__deblur__counterfactual__nes__l1,1021,48,18,259,3,370
calibration__8469__denoise__attack__nes__l0.5,1021,49,2,488,2,633
calibration__8469__denoise__restore__nes__l0.5,1021,49,2,491,2,633
calibration__8469__denoise__random_walk__random_walk__l0.5,1024,49,2,1023,2,1023
calibration__8469__denoise__confidence_boost__nes__l0.5,1021,49,3,656,3,774
calibration__8469__denoise__boundary_probe__nes__l0.5,1021,48,2,602,2,756
calibration__8469__denoise__counterfactual__nes__l0.5,1021,48,2,532,2,661
calibration__8469__deblur__attack__nes__l1,1021,49,2,471,2,659
calibration__8469__deblur__restore__nes__l1,1021,48,2,731,2,850
calibration__8469__deblur__random_walk__random_walk__l1,1024,50,2,1023,2,1023
calibration__8469__deblur__confidence_boost__nes__l1,1021,48,2,558,2,710
calibration__8469__deblur__boundary_probe__nes__l1,1021,48,2,619,2,785
calibration__8469__deblur__counterfactual__nes__l1,1021,49,9,802,7,897
calibration__8059__denoise__attack__nes__l0.5,1021,48,2,542,2,687
calibration__8059__denoise__restore__nes__l0.5,1021,47,6,339,6,493
calibration__8059__denoise__random_walk__random_walk__l0.5,1024,49,2,1023,2,1023
calibration__8059__denoise__confidence_boost__nes__l0.5,1021,47,8,488,8,621
calibration__8059__denoise__boundary_probe__nes__l0.5,1021,48,2,491,2,659
calibration__8059__denoise__counterfactual__nes__l0.5,1021,49,6,331,6,463
calibration__8059__deblur__attack__nes__l1,1021,49,14,453,9,597
calibration__8059__deblur__restore__nes__l1,1021,48,5,394,5,559
calibration__8059__deblur__random_walk__random_walk__l1,1024,49,2,1023,2,1023
calibration__8059__deblur__confidence_boost__nes__l1,1021,48,18,366,17,515
calibration__8059__deblur__boundary_probe__nes__l1,1021,48,16,553,3,699
calibration__8059__deblur__counterfactual__nes__l1,1021,48,6,441,4,592
calibration__7785__denoise__attack__nes__l0.5,1021,48,8,494,8,652
calibration__7785__denoise__restore__nes__l0.5,1021,48,8,681,8,812
calibration__7785__denoise__random_walk__random_walk__l0.5,1024,49,2,1023,2,1023
calibration__7785__denoise__confidence_boost__nes__l0.5,1021,49,2,655,2,775
calibration__7785__denoise__boundary_probe__nes__l0.5,1021,48,2,618,2,757
calibration__7785__denoise__counterfactual__nes__l0.5,1021,48,2,627,2,772
calibration__7785__deblur__attack__nes__l1,1021,48,7,484,7,624
calibration__7785__deblur__restore__nes__l1,1021,48,3,350,3,468
calibration__7785__deblur__random_walk__random_walk__l1,1024,50,2,1023,2,1023
calibration__7785__deblur__confidence_boost__nes__l1,1021,48,4,448,3,598
calibration__7785__deblur__boundary_probe__nes__l1,1021,49,4,568,4,701
calibration__7785__deblur__counterfactual__nes__l1,1021,48,2,643,2,755
calibration__7256__denoise__attack__nes__l0.5,1021,49,4,886,2,948
calibration__7256__denoise__restore__nes__l0.5,1021,49,3,776,3,877
calibration__7256__denoise__random_walk__random_walk__l0.5,1024,49,2,1023,2,1023
calibration__7256__denoise__confidence_boost__nes__l0.5,1021,48,6,702,6,856
calibration__7256__denoise__boundary_probe__nes__l0.5,1021,50,2,760,2,876
calibration__7256__denoise__counterfactual__nes__l0.5,1021,49,4,772,3,884
calibration__7256__deblur__attack__nes__l1,1021,49,2,827,2,919
calibration__7256__deblur__restore__nes__l1,1021,48,4,812,3,922
calibration__7256__deblur__random_walk__random_walk__l1,1024,50,2,1023,2,1023
calibration__7256__deblur__confidence_boost__nes__l1,1021,47,2,798,2,894
calibration__7256__deblur__boundary_probe__nes__l1,1021,48,4,569,4,733
calibration__7256__deblur__counterfactual__nes__l1,1021,48,3,789,2,906
calibration__5125__denoise__attack__nes__l0.5,1021,48,7,419,3,538
calibration__5125__denoise__restore__nes__l0.5,1021,47,5,260,5,377
calibration__5125__denoise__random_walk__random_walk__l0.5,1024,49,2,1023,2,1023
calibration__5125__denoise__confidence_boost__nes__l0.5,1021,48,13,299,13,446
calibration__5125__denoise__boundary_probe__nes__l0.5,1021,47,18,255,5,367
calibration__5125__denoise__counterfactual__nes__l0.5,1021,48,7,256,7,369
calibration__5125__deblur__attack__nes__l1,1021,47,18,395,18,533
calibration__5125__deblur__restore__nes__l1,1021,48,2,252,2,383
calibration__5125__deblur__random_walk__random_walk__l1,1024,49,2,1023,2,1023
calibration__5125__deblur__confidence_boost__nes__l1,1021,49,18,314,11,435
calibration__5125__deblur__boundary_probe__nes__l1,1021,48,13,215,12,323
calibration__5125__deblur__counterfactual__nes__l1,1021,47,10,222,10,345
calibration__795__denoise__attack__nes__l0.5,1021,46,18,91,18,136
calibration__795__denoise__restore__nes__l0.5,1021,47,18,125,18,206
calibration__795__denoise__random_walk__random_walk__l0.5,1024,49,2,1023,2,1023
calibration__795__denoise__confidence_boost__nes__l0.5,1021,48,18,124,18,173
calibration__795__denoise__boundary_probe__nes__l0.5,1021,48,18,118,18,185
calibration__795__denoise__counterfactual__nes__l0.5,1021,48,18,214,18,312
calibration__795__deblur__attack__nes__l1,1021,47,18,500,18,643
calibration__795__deblur__restore__nes__l1,1021,49,4,615,4,738
calibration__795__deblur__random_walk__random_walk__l1,1024,49,2,1023,2,1023
calibration__795__deblur__confidence_boost__nes__l1,1021,48,8,409,8,560
calibration__795__deblur__boundary_probe__nes__l1,1021,48,4,464,2,600
calibration__795__deblur__counterfactual__nes__l1,1021,48,5,405,5,538
evaluation__10049__denoise__attack__nes__l0.5,1021,48,5,647,2,816
evaluation__10049__denoise__restore__nes__l0.5,1021,48,2,677,2,812
evaluation__10049__denoise__random_walk__random_walk__l0.5,1024,50,2,1023,2,1023
evaluation__10049__denoise__confidence_boost__nes__l0.5,1021,48,2,568,2,707
evaluation__10049__denoise__boundary_probe__nes__l0.5,1021,49,3,652,3,785
evaluation__10049__denoise__counterfactual__nes__l0.5,1021,48,2,547,2,696
evaluation__10049__deblur__attack__nes__l1,1021,48,17,384,3,516
evaluation__10049__deblur__restore__nes__l1,1021,48,5,441,5,567
evaluation__10049__deblur__random_walk__random_walk__l1,1024,50,2,1023,2,1023
evaluation__10049__deblur__confidence_boost__nes__l1,1021,47,18,234,2,358
evaluation__10049__deblur__boundary_probe__nes__l1,1021,48,18,360,18,490
evaluation__10049__deblur__counterfactual__nes__l1,1021,48,4,415,3,574
evaluation__4200__denoise__attack__nes__l0.5,1021,48,2,452,2,611
evaluation__4200__denoise__restore__nes__l0.5,1021,47,5,486,5,643
evaluation__4200__denoise__random_walk__random_walk__l0.5,1024,50,2,1023,2,1023
evaluation__4200__denoise__confidence_boost__nes__l0.5,1021,49,10,512,10,661
evaluation__4200__denoise__boundary_probe__nes__l0.5,1021,48,3,336,2,468
evaluation__4200__denoise__counterfactual__nes__l0.5,1021,47,8,413,3,567
evaluation__4200__deblur__attack__nes__l1,1021,48,2,455,2,597
evaluation__4200__deblur__restore__nes__l1,1021,49,2,560,2,696
evaluation__4200__deblur__random_walk__random_walk__l1,1024,50,2,1023,2,1023
evaluation__4200__deblur__confidence_boost__nes__l1,1021,48,3,464,3,615
evaluation__4200__deblur__boundary_probe__nes__l1,1021,48,3,534,3,670
evaluation__4200__deblur__counterfactual__nes__l1,1021,47,6,444,3,583
evaluation__4588__denoise__attack__nes__l0.5,1021,48,3,332,3,471
evaluation__4588__denoise__restore__nes__l0.5,1021,48,7,421,3,556
evaluation__4588__denoise__random_walk__random_walk__l0.5,1024,50,2,1023,2,1023
evaluation__4588__denoise__confidence_boost__nes__l0.5,1021,49,9,558,6,679
evaluation__4588__denoise__boundary_probe__nes__l0.5,1021,48,2,453,2,597
evaluation__4588__denoise__counterfactual__nes__l0.5,1021,48,4,351,4,499
evaluation__4588__deblur__attack__nes__l1,1021,48,3,629,3,770
evaluation__4588__deblur__restore__nes__l1,1021,48,4,579,4,723
evaluation__4588__deblur__random_walk__random_walk__l1,1024,50,2,1023,2,1023
evaluation__4588__deblur__confidence_boost__nes__l1,1021,48,3,645,3,769
evaluation__4588__deblur__boundary_probe__nes__l1,1021,48,8,748,2,849
evaluation__4588__deblur__counterfactual__nes__l1,1021,49,4,587,4,735
evaluation__8451__denoise__attack__nes__l0.5,1021,48,4,661,4,764
evaluation__8451__denoise__restore__nes__l0.5,1021,49,2,842,2,928
evaluation__8451__denoise__random_walk__random_walk__l0.5,1024,50,2,1023,2,1023
evaluation__8451__denoise__confidence_boost__nes__l0.5,1021,48,3,680,2,823
evaluation__8451__denoise__boundary_probe__nes__l0.5,1021,48,3,475,2,618
evaluation__8451__denoise__counterfactual__nes__l0.5,1021,48,2,628,2,753
evaluation__8451__deblur__attack__nes__l1,1021,48,4,230,4,345
evaluation__8451__deblur__restore__nes__l1,1021,49,7,359,7,494
evaluation__8451__deblur__random_walk__random_walk__l1,1024,50,2,1023,2,1023
evaluation__8451__deblur__confidence_boost__nes__l1,1021,48,18,305,4,426
evaluation__8451__deblur__boundary_probe__nes__l1,1021,47,4,190,4,286
evaluation__8451__deblur__counterfactual__nes__l1,1021,47,17,318,17,460
evaluation__4523__denoise__attack__nes__l0.5,1021,49,5,661,5,801
evaluation__4523__denoise__restore__nes__l0.5,1021,49,2,617,2,737
evaluation__4523__denoise__random_walk__random_walk__l0.5,1024,49,2,1023,2,1023
evaluation__4523__denoise__confidence_boost__nes__l0.5,1021,48,4,434,4,588
evaluation__4523__denoise__boundary_probe__nes__l0.5,1021,49,3,432,3,586
evaluation__4523__denoise__counterfactual__nes__l0.5,1021,48,9,305,9,447
evaluation__4523__deblur__attack__nes__l1,1021,47,2,548,2,688
evaluation__4523__deblur__restore__nes__l1,1021,49,2,458,2,615
evaluation__4523__deblur__random_walk__random_walk__l1,1024,50,2,1023,2,1023
evaluation__4523__deblur__confidence_boost__nes__l1,1021,49,8,514,8,669
evaluation__4523__deblur__boundary_probe__nes__l1,1021,49,13,577,2,710
evaluation__4523__deblur__counterfactual__nes__l1,1021,47,3,370,3,521
evaluation__11773__denoise__attack__nes__l0.5,1021,47,8,305,8,429
evaluation__11773__denoise__restore__nes__l0.5,1021,48,4,452,3,626
evaluation__11773__denoise__random_walk__random_walk__l0.5,1024,50,2,1023,2,1023
evaluation__11773__denoise__confidence_boost__nes__l0.5,1021,47,3,362,3,533
evaluation__11773__denoise__boundary_probe__nes__l0.5,1021,49,18,485,16,621
evaluation__11773__denoise__counterfactual__nes__l0.5,1021,47,3,411,3,556
evaluation__11773__deblur__attack__nes__l1,1021,48,2,465,2,615
evaluation__11773__deblur__restore__nes__l1,1021,49,3,756,3,862
evaluation__11773__deblur__random_walk__random_walk__l1,1024,50,2,1023,2,1023
evaluation__11773__deblur__confidence_boost__nes__l1,1021,49,2,711,2,826
evaluation__11773__deblur__boundary_probe__nes__l1,1021,48,6,744,4,846
evaluation__11773__deblur__counterfactual__nes__l1,1021,49,4,737,2,848
evaluation__1070__denoise__attack__nes__l0.5,1021,47,5,239,5,333
evaluation__1070__denoise__restore__nes__l0.5,1021,48,18,305,18,425
evaluation__1070__denoise__random_walk__random_walk__l0.5,1024,49,2,1023,2,1023
evaluation__1070__denoise__confidence_boost__nes__l0.5,1021,48,7,288,7,403
evaluation__1070__denoise__boundary_probe__nes__l0.5,1021,47,4,219,4,302
evaluation__1070__denoise__counterfactual__nes__l0.5,1021,48,10,149,10,218
evaluation__1070__deblur__attack__nes__l1,1021,48,9,277,2,399
evaluation__1070__deblur__restore__nes__l1,1021,47,2,343,2,484
evaluation__1070__deblur__random_walk__random_walk__l1,1024,50,2,1023,2,1023
evaluation__1070__deblur__confidence_boost__nes__l1,1021,49,3,397,3,533
evaluation__1070__deblur__boundary_probe__nes__l1,1021,48,16,279,4,408
evaluation__1070__deblur__counterfactual__nes__l1,1021,48,6,378,6,513
evaluation__2513__denoise__attack__nes__l0.5,1021,49,4,361,2,508
evaluation__2513__denoise__restore__nes__l0.5,1021,50,4,545,4,696
evaluation__2513__denoise__random_walk__random_walk__l0.5,1024,50,2,1023,2,1023
evaluation__2513__denoise__confidence_boost__nes__l0.5,1021,48,2,381,2,507
evaluation__2513__denoise__boundary_probe__nes__l0.5,1021,49,7,404,6,536
evaluation__2513__denoise__counterfactual__nes__l0.5,1021,50,2,494,2,628
evaluation__2513__deblur__attack__nes__l1,1021,50,4,774,3,881
evaluation__2513__deblur__restore__nes__l1,1021,48,3,643,3,789
evaluation__2513__deblur__random_walk__random_walk__l1,1024,50,2,1023,2,1023
evaluation__2513__deblur__confidence_boost__nes__l1,1021,48,6,625,6,766
evaluation__2513__deblur__boundary_probe__nes__l1,1021,48,6,449,6,620
evaluation__2513__deblur__counterfactual__nes__l1,1021,48,3,401,3,569
evaluation__6416__denoise__attack__nes__l0.5,1021,48,2,668,2,822
evaluation__6416__denoise__restore__nes__l0.5,1021,48,7,733,4,836
evaluation__6416__denoise__random_walk__random_walk__l0.5,1024,50,2,1023,2,1023
evaluation__6416__denoise__confidence_boost__nes__l0.5,1021,49,2,902,2,965
evaluation__6416__denoise__boundary_probe__nes__l0.5,1021,50,2,896,2,954
evaluation__6416__denoise__counterfactual__nes__l0.5,1021,49,2,584,2,722
evaluation__6416__deblur__attack__nes__l1,1021,48,4,613,4,778
evaluation__6416__deblur__restore__nes__l1,1021,48,5,648,2,787
evaluation__6416__deblur__random_walk__random_walk__l1,1024,49,2,1023,2,1023
evaluation__6416__deblur__confidence_boost__nes__l1,1021,48,17,596,3,749
evaluation__6416__deblur__boundary_probe__nes__l1,1021,48,4,505,4,679
evaluation__6416__deblur__counterfactual__nes__l1,1021,47,2,669,2,809
evaluation__4692__denoise__attack__nes__l0.5,1021,47,5,313,5,433
evaluation__4692__denoise__restore__nes__l0.5,1021,48,4,405,4,559
evaluation__4692__denoise__random_walk__random_walk__l0.5,1024,49,2,1023,2,1023
evaluation__4692__denoise__confidence_boost__nes__l0.5,1021,49,2,347,2,475
evaluation__4692__denoise__boundary_probe__nes__l0.5,1021,48,2,421,2,549
evaluation__4692__denoise__counterfactual__nes__l0.5,1021,48,16,546,12,678
evaluation__4692__deblur__attack__nes__l1,1021,47,12,410,12,564
evaluation__4692__deblur__restore__nes__l1,1021,49,4,448,3,603
evaluation__4692__deblur__random_walk__random_walk__l1,1024,50,2,1023,2,1023
evaluation__4692__deblur__confidence_boost__nes__l1,1021,48,9,467,5,620
evaluation__4692__deblur__boundary_probe__nes__l1,1021,47,7,420,2,580
evaluation__4692__deblur__counterfactual__nes__l1,1021,47,3,378,3,528
evaluation__8430__denoise__attack__nes__l0.5,1021,48,3,412,3,560
evaluation__8430__denoise__restore__nes__l0.5,1021,48,5,398,5,549
evaluation__8430__denoise__random_walk__random_walk__l0.5,1024,49,2,1023,2,1023
evaluation__8430__denoise__confidence_boost__nes__l0.5,1021,49,4,477,4,621
evaluation__8430__denoise__boundary_probe__nes__l0.5,1021,47,3,533,2,682
evaluation__8430__denoise__counterfactual__nes__l0.5,1021,49,9,295,9,444
evaluation__8430__deblur__attack__nes__l1,1021,47,6,173,6,243
evaluation__8430__deblur__restore__nes__l1,1021,50,18,269,18,381
evaluation__8430__deblur__random_walk__random_walk__l1,1024,49,2,1023,2,1023
evaluation__8430__deblur__confidence_boost__nes__l1,1021,49,18,185,18,273
evaluation__8430__deblur__boundary_probe__nes__l1,1021,48,18,191,15,280
evaluation__8430__deblur__counterfactual__nes__l1,1021,49,18,299,18,407
evaluation__261__denoise__attack__nes__l0.5,1021,48,6,403,6,539
evaluation__261__denoise__restore__nes__l0.5,1021,47,12,294,5,420
evaluation__261__denoise__random_walk__random_walk__l0.5,1024,49,2,1023,2,1023
evaluation__261__denoise__confidence_boost__nes__l0.5,1021,48,18,345,16,499
evaluation__261__denoise__boundary_probe__nes__l0.5,1021,48,3,311,3,449
evaluation__261__denoise__counterfactual__nes__l0.5,1021,49,3,234,2,339
evaluation__261__deblur__attack__nes__l1,1021,48,3,669,2,798
evaluation__261__deblur__restore__nes__l1,1021,49,3,725,2,820
evaluation__261__deblur__random_walk__random_walk__l1,1024,50,2,1023,2,1023
evaluation__261__deblur__confidence_boost__nes__l1,1021,49,2,562,2,703
evaluation__261__deblur__boundary_probe__nes__l1,1021,48,6,603,6,732
evaluation__261__deblur__counterfactual__nes__l1,1021,48,2,686,2,807
evaluation__1470__denoise__attack__nes__l0.5,1021,48,10,238,10,345
evaluation__1470__denoise__restore__nes__l0.5,1021,47,2,167,2,241
evaluation__1470__denoise__random_walk__random_walk__l0.5,1024,49,2,1023,2,1023
evaluation__1470__denoise__confidence_boost__nes__l0.5,1021,49,4,181,4,246
evaluation__1470__denoise__boundary_probe__nes__l0.5,1021,48,10,273,6,384
evaluation__1470__denoise__counterfactual__nes__l0.5,1021,47,6,198,6,275
evaluation__1470__deblur__attack__nes__l1,1021,49,18,243,15,342
evaluation__1470__deblur__restore__nes__l1,1021,48,6,168,6,246
evaluation__1470__deblur__random_walk__random_walk__l1,1024,49,2,1023,2,1023
evaluation__1470__deblur__confidence_boost__nes__l1,1021,46,5,120,3,179
evaluation__1470__deblur__boundary_probe__nes__l1,1021,48,18,201,18,282
evaluation__1470__deblur__counterfactual__nes__l1,1021,48,5,217,5,295
evaluation__6981__denoise__attack__nes__l0.5,1021,48,18,356,18,508
evaluation__6981__denoise__restore__nes__l0.5,1021,48,5,289,5,398
evaluation__6981__denoise__random_walk__random_walk__l0.5,1024,50,2,1023,2,1023
evaluation__6981__denoise__confidence_boost__nes__l0.5,1021,49,9,474,4,620
evaluation__6981__denoise__boundary_probe__nes__l0.5,1021,49,18,581,7,712
evaluation__6981__denoise__counterfactual__nes__l0.5,1021,49,2,438,2,568
evaluation__6981__deblur__attack__nes__l1,1021,48,10,454,9,604
evaluation__6981__deblur__restore__nes__l1,1021,49,2,546,2,677
evaluation__6981__deblur__random_walk__random_walk__l1,1024,50,2,1023,2,1023
evaluation__6981__deblur__confidence_boost__nes__l1,1021,48,11,584,11,718
evaluation__6981__deblur__boundary_probe__nes__l1,1021,47,9,329,2,461
evaluation__6981__deblur__counterfactual__nes__l1,1021,47,3,376,3,555
evaluation__6084__denoise__attack__nes__l0.5,1021,49,7,429,4,561
evaluation__6084__denoise__restore__nes__l0.5,1021,48,3,577,3,719
evaluation__6084__denoise__random_walk__random_walk__l0.5,1024,50,2,1023,2,1023
evaluation__6084__denoise__confidence_boost__nes__l0.5,1021,47,5,497,5,646
evaluation__6084__denoise__boundary_probe__nes__l0.5,1021,50,2,552,2,673
evaluation__6084__denoise__counterfactual__nes__l0.5,1021,49,3,602,3,737
evaluation__6084__deblur__attack__nes__l1,1021,50,2,281,2,398
evaluation__6084__deblur__restore__nes__l1,1021,49,4,371,4,512
evaluation__6084__deblur__random_walk__random_walk__l1,1024,50,2,1023,2,1023
evaluation__6084__deblur__confidence_boost__nes__l1,1021,48,8,500,8,632
evaluation__6084__deblur__boundary_probe__nes__l1,1021,50,5,340,5,468
evaluation__6084__deblur__counterfactual__nes__l1,1021,47,4,265,4,375
evaluation__10782__denoise__attack__nes__l0.5,1021,48,4,337,4,473
evaluation__10782__denoise__restore__nes__l0.5,1021,49,9,380,9,536
evaluation__10782__denoise__random_walk__random_walk__l0.5,1024,49,2,1023,2,1023
evaluation__10782__denoise__confidence_boost__nes__l0.5,1021,48,6,452,6,584
evaluation__10782__denoise__boundary_probe__nes__l0.5,1021,49,2,643,2,775
evaluation__10782__denoise__counterfactual__nes__l0.5,1021,48,2,407,2,568
evaluation__10782__deblur__attack__nes__l1,1021,48,2,610,2,768
evaluation__10782__deblur__restore__nes__l1,1021,48,7,699,4,820
evaluation__10782__deblur__random_walk__random_walk__l1,1024,49,2,1023,2,1023
evaluation__10782__deblur__confidence_boost__nes__l1,1021,49,5,867,5,937
evaluation__10782__deblur__boundary_probe__nes__l1,1021,48,2,823,2,921
evaluation__10782__deblur__counterfactual__nes__l1,1021,48,3,783,2,884
evaluation__1103__denoise__attack__nes__l0.5,1021,47,4,520,4,673
evaluation__1103__denoise__restore__nes__l0.5,1021,48,2,761,2,889
evaluation__1103__denoise__random_walk__random_walk__l0.5,1024,49,2,1023,2,1023
evaluation__1103__denoise__confidence_boost__nes__l0.5,1021,49,2,866,2,949
evaluation__1103__denoise__boundary_probe__nes__l0.5,1021,48,2,770,2,893
evaluation__1103__denoise__counterfactual__nes__l0.5,1021,48,3,518,3,703
evaluation__1103__deblur__attack__nes__l1,1021,47,3,263,3,400
evaluation__1103__deblur__restore__nes__l1,1021,49,4,391,4,537
evaluation__1103__deblur__random_walk__random_walk__l1,1024,50,2,1023,2,1023
evaluation__1103__deblur__confidence_boost__nes__l1,1021,48,4,363,4,507
evaluation__1103__deblur__boundary_probe__nes__l1,1021,48,15,491,15,647
evaluation__1103__deblur__counterfactual__nes__l1,1021,48,8,262,3,380
evaluation__3058__denoise__attack__nes__l0.5,1021,49,2,787,2,892
evaluation__3058__denoise__restore__nes__l0.5,1021,49,2,850,2,946
evaluation__3058__denoise__random_walk__random_walk__l0.5,1024,50,2,1023,2,1023
evaluation__3058__denoise__confidence_boost__nes__l0.5,1021,48,11,671,5,809
evaluation__3058__denoise__boundary_probe__nes__l0.5,1021,48,2,722,2,856
evaluation__3058__denoise__counterfactual__nes__l0.5,1021,48,2,791,2,903
evaluation__3058__deblur__attack__nes__l1,1021,50,7,702,7,828
evaluation__3058__deblur__restore__nes__l1,1021,48,6,594,3,733
evaluation__3058__deblur__random_walk__random_walk__l1,1024,49,2,1023,2,1023
evaluation__3058__deblur__confidence_boost__nes__l1,1021,49,5,726,5,850
evaluation__3058__deblur__boundary_probe__nes__l1,1021,49,10,622,2,763
evaluation__3058__deblur__counterfactual__nes__l1,1021,48,4,562,4,719
evaluation__4827__denoise__attack__nes__l0.5,1021,49,2,588,2,739
evaluation__4827__denoise__restore__nes__l0.5,1021,49,6,772,2,885
evaluation__4827__denoise__random_walk__random_walk__l0.5,1024,50,2,1023,2,1023
evaluation__4827__denoise__confidence_boost__nes__l0.5,1021,49,4,802,2,891
evaluation__4827__denoise__boundary_probe__nes__l0.5,1021,48,6,524,6,673
evaluation__4827__denoise__counterfactual__nes__l0.5,1021,49,4,757,4,865
evaluation__4827__deblur__attack__nes__l1,1021,47,3,426,3,561
evaluation__4827__deblur__restore__nes__l1,1021,48,2,591,2,731
evaluation__4827__deblur__random_walk__random_walk__l1,1024,49,2,1023,2,1023
evaluation__4827__deblur__confidence_boost__nes__l1,1021,49,3,505,3,663
evaluation__4827__deblur__boundary_probe__nes__l1,1021,47,2,468,2,641
evaluation__4827__deblur__counterfactual__nes__l1,1021,48,2,696,2,819
evaluation__6819__denoise__attack__nes__l0.5,1021,47,7,392,7,537
evaluation__6819__denoise__restore__nes__l0.5,1021,48,2,391,2,549
evaluation__6819__denoise__random_walk__random_walk__l0.5,1024,50,2,1023,2,1023
evaluation__6819__denoise__confidence_boost__nes__l0.5,1021,49,6,545,6,698
evaluation__6819__denoise__boundary_probe__nes__l0.5,1021,47,7,451,7,590
evaluation__6819__denoise__counterfactual__nes__l0.5,1021,48,8,418,8,562
evaluation__6819__deblur__attack__nes__l1,1021,49,9,351,7,473
evaluation__6819__deblur__restore__nes__l1,1021,47,18,162,18,229
evaluation__6819__deblur__random_walk__random_walk__l1,1024,49,2,1023,2,1023
evaluation__6819__deblur__confidence_boost__nes__l1,1021,47,2,278,2,387
evaluation__6819__deblur__boundary_probe__nes__l1,1021,48,5,339,3,475
evaluation__6819__deblur__counterfactual__nes__l1,1021,48,5,214,5,305
evaluation__11702__denoise__attack__nes__l0.5,1021,48,18,137,5,207
evaluation__11702__denoise__restore__nes__l0.5,1021,48,6,153,6,226
evaluation__11702__denoise__random_walk__random_walk__l0.5,1024,49,2,1023,2,1023
evaluation__11702__denoise__confidence_boost__nes__l0.5,1021,46,18,138,18,197
evaluation__11702__denoise__boundary_probe__nes__l0.5,1021,49,18,271,18,391
evaluation__11702__denoise__counterfactual__nes__l0.5,1021,49,18,188,18,280
evaluation__11702__deblur__attack__nes__l1,1021,48,8,271,8,384
evaluation__11702__deblur__restore__nes__l1,1021,48,5,287,5,393
evaluation__11702__deblur__random_walk__random_walk__l1,1024,49,2,1023,2,1023
evaluation__11702__deblur__confidence_boost__nes__l1,1021,49,2,221,2,328
evaluation__11702__deblur__boundary_probe__nes__l1,1021,49,11,304,6,436
evaluation__11702__deblur__counterfactual__nes__l1,1021,48,4,447,4,586
evaluation__2036__denoise__attack__nes__l0.5,1021,49,2,314,2,442
evaluation__2036__denoise__restore__nes__l0.5,1021,49,11,609,11,743
evaluation__2036__denoise__random_walk__random_walk__l0.5,1024,50,2,1023,2,1023
evaluation__2036__denoise__confidence_boost__nes__l0.5,1021,49,10,466,3,636
evaluation__2036__denoise__boundary_probe__nes__l0.5,1021,49,4,458,2,607
evaluation__2036__denoise__counterfactual__nes__l0.5,1021,48,3,450,3,599
evaluation__2036__deblur__attack__nes__l1,1021,48,10,208,10,303
evaluation__2036__deblur__restore__nes__l1,1021,48,7,251,7,370
evaluation__2036__deblur__random_walk__random_walk__l1,1024,50,2,1023,2,1023
evaluation__2036__deblur__confidence_boost__nes__l1,1021,49,12,212,2,318
evaluation__2036__deblur__boundary_probe__nes__l1,1021,48,18,325,18,425
evaluation__2036__deblur__counterfactual__nes__l1,1021,48,10,471,10,592
evaluation__4048__denoise__attack__nes__l0.5,1021,48,9,396,3,545
evaluation__4048__denoise__restore__nes__l0.5,1021,48,2,309,2,423
evaluation__4048__denoise__random_walk__random_walk__l0.5,1024,49,2,1023,2,1023
evaluation__4048__denoise__confidence_boost__nes__l0.5,1021,48,4,375,2,528
evaluation__4048__denoise__boundary_probe__nes__l0.5,1021,49,5,224,2,319
evaluation__4048__denoise__counterfactual__nes__l0.5,1021,48,3,349,3,492
evaluation__4048__deblur__attack__nes__l1,1021,47,8,349,8,484
evaluation__4048__deblur__restore__nes__l1,1021,47,2,331,2,464
evaluation__4048__deblur__random_walk__random_walk__l1,1024,49,2,1023,2,1023
evaluation__4048__deblur__confidence_boost__nes__l1,1021,49,6,455,6,610
evaluation__4048__deblur__boundary_probe__nes__l1,1021,47,9,417,9,550
evaluation__4048__deblur__counterfactual__nes__l1,1021,47,2,424,2,575
evaluation__5020__denoise__attack__nes__l0.5,1021,49,4,730,3,867
evaluation__5020__denoise__restore__nes__l0.5,1021,49,3,699,3,841
evaluation__5020__denoise__random_walk__random_walk__l0.5,1024,49,2,1023,2,1023
evaluation__5020__denoise__confidence_boost__nes__l0.5,1021,48,3,684,3,814
evaluation__5020__denoise__boundary_probe__nes__l0.5,1021,49,3,680,2,816
evaluation__5020__denoise__counterfactual__nes__l0.5,1021,49,2,648,2,783
evaluation__5020__deblur__attack__nes__l1,1021,48,2,809,2,904
evaluation__5020__deblur__restore__nes__l1,1021,49,3,651,3,803
evaluation__5020__deblur__random_walk__random_walk__l1,1024,50,2,1023,2,1023
evaluation__5020__deblur__confidence_boost__nes__l1,1021,48,4,654,4,783
evaluation__5020__deblur__boundary_probe__nes__l1,1021,49,2,645,2,788
evaluation__5020__deblur__counterfactual__nes__l1,1021,49,4,546,4,705
evaluation__6223__denoise__attack__nes__l0.5,1021,48,7,552,7,710
evaluation__6223__denoise__restore__nes__l0.5,1021,49,3,385,3,528
evaluation__6223__denoise__random_walk__random_walk__l0.5,1024,49,2,1023,2,1023
evaluation__6223__denoise__confidence_boost__nes__l0.5,1021,49,5,448,3,590
evaluation__6223__denoise__boundary_probe__nes__l0.5,1021,49,3,455,2,611
evaluation__6223__denoise__counterfactual__nes__l0.5,1021,48,5,453,3,625
evaluation__6223__deblur__attack__nes__l1,1021,49,3,630,3,766
evaluation__6223__deblur__restore__nes__l1,1021,49,4,647,4,801
evaluation__6223__deblur__random_walk__random_walk__l1,1024,50,2,1023,2,1023
evaluation__6223__deblur__confidence_boost__nes__l1,1021,48,2,658,2,790
evaluation__6223__deblur__boundary_probe__nes__l1,1021,49,5,691,5,813
evaluation__6223__deblur__counterfactual__nes__l1,1021,49,3,659,3,785
evaluation__12433__denoise__attack__nes__l0.5,1021,49,3,753,3,858
evaluation__12433__denoise__restore__nes__l0.5,1021,48,2,761,2,893
evaluation__12433__denoise__random_walk__random_walk__l0.5,1024,49,2,1023,2,1023
evaluation__12433__denoise__confidence_boost__nes__l0.5,1021,47,2,613,2,763
evaluation__12433__denoise__boundary_probe__nes__l0.5,1021,49,3,913,3,970
evaluation__12433__denoise__counterfactual__nes__l0.5,1021,49,2,884,2,960
evaluation__12433__deblur__attack__nes__l1,1021,50,8,443,5,616
evaluation__12433__deblur__restore__nes__l1,1021,47,3,436,3,560
evaluation__12433__deblur__random_walk__random_walk__l1,1024,49,2,1023,2,1023
evaluation__12433__deblur__confidence_boost__nes__l1,1021,48,12,232,3,358
evaluation__12433__deblur__boundary_probe__nes__l1,1021,48,10,345,10,467
evaluation__12433__deblur__counterfactual__nes__l1,1021,48,5,357,5,514
evaluation__4153__denoise__attack__nes__l0.5,1021,48,18,445,8,571
evaluation__4153__denoise__restore__nes__l0.5,1021,48,12,392,12,518
evaluation__4153__denoise__random_walk__random_walk__l0.5,1024,49,2,1023,2,1023
evaluation__4153__denoise__confidence_boost__nes__l0.5,1021,49,18,494,13,617
evaluation__4153__denoise__boundary_probe__nes__l0.5,1021,48,15,356,10,493
evaluation__4153__denoise__counterfactual__nes__l0.5,1021,49,12,297,12,421
evaluation__4153__deblur__attack__nes__l1,1021,49,2,371,2,506
evaluation__4153__deblur__restore__nes__l1,1021,48,2,377,2,516
evaluation__4153__deblur__random_walk__random_walk__l1,1024,49,2,1023,2,1023
evaluation__4153__deblur__confidence_boost__nes__l1,1021,49,2,532,2,664
evaluation__4153__deblur__boundary_probe__nes__l1,1021,48,6,289,3,390
evaluation__4153__deblur__counterfactual__nes__l1,1021,49,2,444,2,573
evaluation__1053__denoise__attack__nes__l0.5,1021,48,3,713,3,836
evaluation__1053__denoise__restore__nes__l0.5,1021,48,2,555,2,704
evaluation__1053__denoise__random_walk__random_walk__l0.5,1024,49,2,1023,2,1023
evaluation__1053__denoise__confidence_boost__nes__l0.5,1021,50,9,753,3,847
evaluation__1053__denoise__boundary_probe__nes__l0.5,1021,48,8,773,7,875
evaluation__1053__denoise__counterfactual__nes__l0.5,1021,47,4,537,4,688
evaluation__1053__deblur__attack__nes__l1,1021,47,2,415,2,537
evaluation__1053__deblur__restore__nes__l1,1021,48,10,378,3,531
evaluation__1053__deblur__random_walk__random_walk__l1,1024,49,2,1023,2,1023
evaluation__1053__deblur__confidence_boost__nes__l1,1021,48,16,390,4,521
evaluation__1053__deblur__boundary_probe__nes__l1,1021,49,2,654,2,774
evaluation__1053__deblur__counterfactual__nes__l1,1021,47,2,462,2,603
evaluation__6070__denoise__attack__nes__l0.5,1021,49,6,566,5,716
evaluation__6070__denoise__restore__nes__l0.5,1021,49,4,632,2,744
evaluation__6070__denoise__random_walk__random_walk__l0.5,1024,49,2,1023,2,1023
evaluation__6070__denoise__confidence_boost__nes__l0.5,1021,49,8,770,2,878
evaluation__6070__denoise__boundary_probe__nes__l0.5,1021,48,8,550,8,715
evaluation__6070__denoise__counterfactual__nes__l0.5,1021,49,4,543,4,673
evaluation__6070__deblur__attack__nes__l1,1021,48,9,389,7,506
evaluation__6070__deblur__restore__nes__l1,1021,49,18,330,18,463
evaluation__6070__deblur__random_walk__random_walk__l1,1024,49,2,1023,2,1023
evaluation__6070__deblur__confidence_boost__nes__l1,1021,46,10,242,10,358
evaluation__6070__deblur__boundary_probe__nes__l1,1021,47,4,233,4,338
evaluation__6070__deblur__counterfactual__nes__l1,1021,46,18,186,7,277
evaluation__9231__denoise__attack__nes__l0.5,1021,47,2,337,2,452
evaluation__9231__denoise__restore__nes__l0.5,1021,48,2,457,2,607
evaluation__9231__denoise__random_walk__random_walk__l0.5,1024,50,2,1023,2,1023
evaluation__9231__denoise__confidence_boost__nes__l0.5,1021,48,11,269,4,416
evaluation__9231__denoise__boundary_probe__nes__l0.5,1021,47,7,463,3,618
evaluation__9231__denoise__counterfactual__nes__l0.5,1021,47,14,492,5,634
evaluation__9231__deblur__attack__nes__l1,1021,49,10,572,5,721
evaluation__9231__deblur__restore__nes__l1,1021,48,9,587,5,738
evaluation__9231__deblur__random_walk__random_walk__l1,1024,50,2,1023,2,1023
evaluation__9231__deblur__confidence_boost__nes__l1,1021,50,5,315,5,453
evaluation__9231__deblur__boundary_probe__nes__l1,1021,48,3,481,3,647
evaluation__9231__deblur__counterfactual__nes__l1,1021,48,7,530,6,689
evaluation__11086__denoise__attack__nes__l0.5,1021,48,4,369,3,495
evaluation__11086__denoise__restore__nes__l0.5,1021,48,4,532,4,678
evaluation__11086__denoise__random_walk__random_walk__l0.5,1024,50,2,1023,2,1023
evaluation__11086__denoise__confidence_boost__nes__l0.5,1021,48,8,377,3,528
evaluation__11086__denoise__boundary_probe__nes__l0.5,1021,48,15,268,5,393
evaluation__11086__denoise__counterfactual__nes__l0.5,1021,49,4,383,4,519
evaluation__11086__deblur__attack__nes__l1,1021,48,13,334,9,495
evaluation__11086__deblur__restore__nes__l1,1021,48,2,340,2,482
evaluation__11086__deblur__random_walk__random_walk__l1,1024,49,2,1023,2,1023
evaluation__11086__deblur__confidence_boost__nes__l1,1021,47,18,176,18,247
evaluation__11086__deblur__boundary_probe__nes__l1,1021,48,18,322,3,456
evaluation__11086__deblur__counterfactual__nes__l1,1021,48,2,192,2,293
evaluation__713__denoise__attack__nes__l0.5,1021,49,3,787,3,886
evaluation__713__denoise__restore__nes__l0.5,1021,49,5,771,5,886
evaluation__713__denoise__random_walk__random_walk__l0.5,1024,49,2,1023,2,1023
evaluation__713__denoise__confidence_boost__nes__l0.5,1021,49,3,835,3,928
evaluation__713__denoise__boundary_probe__nes__l0.5,1021,49,10,809,7,897
evaluation__713__denoise__counterfactual__nes__l0.5,1021,48,6,529,6,716
evaluation__713__deblur__attack__nes__l1,1021,48,10,385,10,528
evaluation__713__deblur__restore__nes__l1,1021,48,9,252,4,385
evaluation__713__deblur__random_walk__random_walk__l1,1024,49,2,1023,2,1023
evaluation__713__deblur__confidence_boost__nes__l1,1021,48,3,380,3,535
evaluation__713__deblur__boundary_probe__nes__l1,1021,49,5,331,5,460
evaluation__713__deblur__counterfactual__nes__l1,1021,48,3,557,3,701
evaluation__3964__denoise__attack__nes__l0.5,1021,48,2,292,2,417
evaluation__3964__denoise__restore__nes__l0.5,1021,49,3,414,3,556
evaluation__3964__denoise__random_walk__random_walk__l0.5,1024,49,2,1023,2,1023
evaluation__3964__denoise__confidence_boost__nes__l0.5,1021,48,18,348,7,490
evaluation__3964__denoise__boundary_probe__nes__l0.5,1021,48,5,247,5,371
evaluation__3964__denoise__counterfactual__nes__l0.5,1021,48,11,377,11,520
evaluation__3964__deblur__attack__nes__l1,1021,48,5,210,5,330
evaluation__3964__deblur__restore__nes__l1,1021,48,7,322,3,452
evaluation__3964__deblur__random_walk__random_walk__l1,1024,49,2,1023,2,1023
evaluation__3964__deblur__confidence_boost__nes__l1,1021,48,18,209,4,318
evaluation__3964__deblur__boundary_probe__nes__l1,1021,48,18,240,18,349
evaluation__3964__deblur__counterfactual__nes__l1,1021,49,4,198,4,290
evaluation__8727__denoise__attack__nes__l0.5,1021,49,2,718,2,834
evaluation__8727__denoise__restore__nes__l0.5,1021,49,6,529,6,667
evaluation__8727__denoise__random_walk__random_walk__l0.5,1024,49,2,1023,2,1023
evaluation__8727__denoise__confidence_boost__nes__l0.5,1021,49,3,460,2,603
evaluation__8727__denoise__boundary_probe__nes__l0.5,1021,49,7,671,5,797
evaluation__8727__denoise__counterfactual__nes__l0.5,1021,50,2,610,2,747
evaluation__8727__deblur__attack__nes__l1,1021,48,10,197,9,287
evaluation__8727__deblur__restore__nes__l1,1021,48,10,266,2,372
evaluation__8727__deblur__random_walk__random_walk__l1,1024,49,2,1023,2,1023
evaluation__8727__deblur__confidence_boost__nes__l1,1021,47,13,242,2,340
evaluation__8727__deblur__boundary_probe__nes__l1,1021,48,17,213,6,307
evaluation__8727__deblur__counterfactual__nes__l1,1021,47,16,161,2,230
evaluation__10078__denoise__attack__nes__l0.5,1021,48,4,532,4,688
evaluation__10078__denoise__restore__nes__l0.5,1021,47,11,599,4,720
evaluation__10078__denoise__random_walk__random_walk__l0.5,1024,49,2,1023,2,1023
evaluation__10078__denoise__confidence_boost__nes__l0.5,1021,48,6,615,4,759
evaluation__10078__denoise__boundary_probe__nes__l0.5,1021,48,3,622,3,754
evaluation__10078__denoise__counterfactual__nes__l0.5,1021,49,5,527,3,650
evaluation__10078__deblur__attack__nes__l1,1021,49,6,472,4,596
evaluation__10078__deblur__restore__nes__l1,1021,48,4,564,4,705
evaluation__10078__deblur__random_walk__random_walk__l1,1024,49,2,1023,2,1023
evaluation__10078__deblur__confidence_boost__nes__l1,1021,47,4,568,4,713
evaluation__10078__deblur__boundary_probe__nes__l1,1021,48,5,654,4,783
evaluation__10078__deblur__counterfactual__nes__l1,1021,49,2,835,2,913
fit__6926__denoise__attack__nes__l0.5,1021,47,18,85,18,104
fit__6926__denoise__restore__nes__l0.5,1021,48,18,101,18,135
fit__6926__denoise__random_walk__random_walk__l0.5,1024,49,2,1023,2,1023
fit__6926__denoise__confidence_boost__nes__l0.5,1021,47,18,95,18,126
fit__6926__denoise__boundary_probe__nes__l0.5,1021,48,18,104,18,144
fit__6926__denoise__counterfactual__nes__l0.5,1021,47,18,102,18,151
fit__6926__deblur__attack__nes__l1,1021,48,2,679,2,825
fit__6926__deblur__restore__nes__l1,1021,49,9,807,2,908
fit__6926__deblur__random_walk__random_walk__l1,1024,49,2,1023,2,1023
fit__6926__deblur__confidence_boost__nes__l1,1021,48,3,797,2,899
fit__6926__deblur__boundary_probe__nes__l1,1021,48,7,839,7,915
fit__6926__deblur__counterfactual__nes__l1,1021,48,2,648,2,800
fit__5041__denoise__attack__nes__l0.5,1021,48,18,498,6,644
fit__5041__denoise__restore__nes__l0.5,1021,48,13,296,13,431
fit__5041__denoise__random_walk__random_walk__l0.5,1024,49,2,1023,2,1023
fit__5041__denoise__confidence_boost__nes__l0.5,1021,48,15,305,10,459
fit__5041__denoise__boundary_probe__nes__l0.5,1021,47,6,336,6,470
fit__5041__denoise__counterfactual__nes__l0.5,1021,49,18,468,14,593
fit__5041__deblur__attack__nes__l1,1021,48,2,691,2,828
fit__5041__deblur__restore__nes__l1,1021,48,2,613,2,732
fit__5041__deblur__random_walk__random_walk__l1,1024,50,2,1023,2,1023
fit__5041__deblur__confidence_boost__nes__l1,1021,49,3,605,3,738
fit__5041__deblur__boundary_probe__nes__l1,1021,48,10,488,5,658
fit__5041__deblur__counterfactual__nes__l1,1021,48,2,519,2,651
fit__180__denoise__attack__nes__l0.5,1021,49,12,287,11,392
fit__180__denoise__restore__nes__l0.5,1021,48,5,226,5,317
fit__180__denoise__random_walk__random_walk__l0.5,1024,49,2,1023,2,1023
fit__180__denoise__confidence_boost__nes__l0.5,1021,48,3,278,3,405
fit__180__denoise__boundary_probe__nes__l0.5,1021,48,12,297,12,415
fit__180__denoise__counterfactual__nes__l0.5,1021,48,7,203,5,324
fit__180__deblur__attack__nes__l1,1021,49,6,502,6,661
fit__180__deblur__restore__nes__l1,1021,46,8,292,8,428
fit__180__deblur__random_walk__random_walk__l1,1024,49,2,1023,2,1023
fit__180__deblur__confidence_boost__nes__l1,1021,48,16,480,13,622
fit__180__deblur__boundary_probe__nes__l1,1021,49,13,679,2,812
fit__180__deblur__counterfactual__nes__l1,1021,48,6,520,6,692
fit__7557__denoise__attack__nes__l0.5,1021,48,3,283,3,421
fit__7557__denoise__restore__nes__l0.5,1021,48,3,275,3,418
fit__7557__denoise__random_walk__random_walk__l0.5,1024,49,2,1023,2,1023
fit__7557__denoise__confidence_boost__nes__l0.5,1021,48,18,302,3,422
fit__7557__denoise__boundary_probe__nes__l0.5,1021,48,12,378,3,520
fit__7557__denoise__counterfactual__nes__l0.5,1021,48,8,366,8,513
fit__7557__deblur__attack__nes__l1,1021,48,18,300,5,419
fit__7557__deblur__restore__nes__l1,1021,48,3,479,3,621
fit__7557__deblur__random_walk__random_walk__l1,1024,50,2,1023,2,1023
fit__7557__deblur__confidence_boost__nes__l1,1021,50,10,356,4,492
fit__7557__deblur__boundary_probe__nes__l1,1021,48,6,419,3,576
fit__7557__deblur__counterfactual__nes__l1,1021,47,11,348,11,478
fit__5311__denoise__attack__nes__l0.5,1021,48,3,230,3,342
fit__5311__denoise__restore__nes__l0.5,1021,48,5,450,3,590
fit__5311__denoise__random_walk__random_walk__l0.5,1024,49,2,1023,2,1023
fit__5311__denoise__confidence_boost__nes__l0.5,1021,48,9,453,2,578
fit__5311__denoise__boundary_probe__nes__l0.5,1021,48,2,504,2,632
fit__5311__denoise__counterfactual__nes__l0.5,1021,48,11,488,6,655
fit__5311__deblur__attack__nes__l1,1021,48,11,234,2,355
fit__5311__deblur__restore__nes__l1,1021,48,18,244,18,367
fit__5311__deblur__random_walk__random_walk__l1,1024,49,2,1023,2,1023
fit__5311__deblur__confidence_boost__nes__l1,1021,48,18,266,2,398
fit__5311__deblur__boundary_probe__nes__l1,1021,47,2,318,2,448
fit__5311__deblur__counterfactual__nes__l1,1021,47,4,196,4,292
fit__1509__denoise__attack__nes__l0.5,1021,48,6,452,4,604
fit__1509__denoise__restore__nes__l0.5,1021,49,6,539,2,691
fit__1509__denoise__random_walk__random_walk__l0.5,1024,49,2,1023,2,1023
fit__1509__denoise__confidence_boost__nes__l0.5,1021,48,2,518,2,647
fit__1509__denoise__boundary_probe__nes__l0.5,1021,49,3,605,3,737
fit__1509__denoise__counterfactual__nes__l0.5,1021,49,5,443,3,571
fit__1509__deblur__attack__nes__l1,1021,47,4,312,4,448
fit__1509__deblur__restore__nes__l1,1021,48,18,366,6,540
fit__1509__deblur__random_walk__random_walk__l1,1024,49,2,1023,2,1023
fit__1509__deblur__confidence_boost__nes__l1,1021,47,3,267,3,388
fit__1509__deblur__boundary_probe__nes__l1,1021,47,9,258,9,375
fit__1509__deblur__counterfactual__nes__l1,1021,48,14,399,11,532
fit__1559__denoise__attack__nes__l0.5,1021,48,4,680,4,820
fit__1559__denoise__restore__nes__l0.5,1021,49,5,676,3,804
fit__1559__denoise__random_walk__random_walk__l0.5,1024,49,2,1023,2,1023
fit__1559__denoise__confidence_boost__nes__l0.5,1021,49,2,766,2,864
fit__1559__denoise__boundary_probe__nes__l0.5,1021,48,4,807,4,907
fit__1559__denoise__counterfactual__nes__l0.5,1021,48,3,768,2,879
fit__1559__deblur__attack__nes__l1,1021,48,8,774,2,896
fit__1559__deblur__restore__nes__l1,1021,48,2,648,2,802
fit__1559__deblur__random_walk__random_walk__l1,1024,49,2,1023,2,1023
fit__1559__deblur__confidence_boost__nes__l1,1021,48,5,768,5,887
fit__1559__deblur__boundary_probe__nes__l1,1021,48,4,763,4,876
fit__1559__deblur__counterfactual__nes__l1,1021,48,3,648,3,804
fit__1236__denoise__attack__nes__l0.5,1021,48,3,696,3,826
fit__1236__denoise__restore__nes__l0.5,1021,49,3,671,3,805
fit__1236__denoise__random_walk__random_walk__l0.5,1024,49,2,1023,2,1023
fit__1236__denoise__confidence_boost__nes__l0.5,1021,49,3,674,3,789
fit__1236__denoise__boundary_probe__nes__l0.5,1021,49,8,689,7,817
fit__1236__denoise__counterfactual__nes__l0.5,1021,49,5,692,5,803
fit__1236__deblur__attack__nes__l1,1021,49,6,411,6,569
fit__1236__deblur__restore__nes__l1,1021,48,2,440,2,586
fit__1236__deblur__random_walk__random_walk__l1,1024,49,2,1023,2,1023
fit__1236__deblur__confidence_boost__nes__l1,1021,48,2,412,2,590
fit__1236__deblur__boundary_probe__nes__l1,1021,49,8,470,6,612
fit__1236__deblur__counterfactual__nes__l1,1021,47,2,491,2,632
fit__66__denoise__attack__nes__l0.5,1021,49,4,288,4,424
fit__66__denoise__restore__nes__l0.5,1021,48,18,244,18,374
fit__66__denoise__random_walk__random_walk__l0.5,1024,49,2,1023,2,1023
fit__66__denoise__confidence_boost__nes__l0.5,1021,47,7,185,7,266
fit__66__denoise__boundary_probe__nes__l0.5,1021,49,3,427,3,564
fit__66__denoise__counterfactual__nes__l0.5,1021,49,10,276,10,392
fit__66__deblur__attack__nes__l1,1021,49,4,475,4,627
fit__66__deblur__restore__nes__l1,1021,49,17,197,2,288
fit__66__deblur__random_walk__random_walk__l1,1024,49,2,1023,2,1023
fit__66__deblur__confidence_boost__nes__l1,1021,47,5,246,5,352
fit__66__deblur__boundary_probe__nes__l1,1021,49,18,279,18,403
fit__66__deblur__counterfactual__nes__l1,1021,49,11,471,11,620
fit__117__denoise__attack__nes__l0.5,1021,47,18,269,6,413
fit__117__denoise__restore__nes__l0.5,1021,49,3,396,3,563
fit__117__denoise__random_walk__random_walk__l0.5,1024,49,2,1023,2,1023
fit__117__denoise__confidence_boost__nes__l0.5,1021,47,3,259,3,389
fit__117__denoise__boundary_probe__nes__l0.5,1021,48,2,311,2,438
fit__117__denoise__counterfactual__nes__l0.5,1021,48,18,274,18,411
fit__117__deblur__attack__nes__l1,1021,48,12,222,2,333
fit__117__deblur__restore__nes__l1,1021,48,18,357,18,475
fit__117__deblur__random_walk__random_walk__l1,1024,49,2,1023,2,1023
fit__117__deblur__confidence_boost__nes__l1,1021,47,18,300,18,429
fit__117__deblur__boundary_probe__nes__l1,1021,49,18,259,7,382
fit__117__deblur__counterfactual__nes__l1,1021,48,11,216,11,318
fit__9702__denoise__attack__nes__l0.5,1021,47,12,549,2,679
fit__9702__denoise__restore__nes__l0.5,1021,48,2,439,2,589
fit__9702__denoise__random_walk__random_walk__l0.5,1024,49,2,1023,2,1023
fit__9702__denoise__confidence_boost__nes__l0.5,1021,49,7,437,7,570
fit__9702__denoise__boundary_probe__nes__l0.5,1021,48,11,595,7,719
fit__9702__denoise__counterfactual__nes__l0.5,1021,48,16,579,6,708
fit__9702__deblur__attack__nes__l1,1021,49,4,602,4,760
fit__9702__deblur__restore__nes__l1,1021,49,3,627,3,777
fit__9702__deblur__random_walk__random_walk__l1,1024,49,2,1023,2,1023
fit__9702__deblur__confidence_boost__nes__l1,1021,48,12,579,2,720
fit__9702__deblur__boundary_probe__nes__l1,1021,48,2,415,2,591
fit__9702__deblur__counterfactual__nes__l1,1021,48,18,594,4,747
fit__957__denoise__attack__nes__l0.5,1021,48,2,510,2,651
fit__957__denoise__restore__nes__l0.5,1021,48,4,399,4,563
fit__957__denoise__random_walk__random_walk__l0.5,1024,49,2,1023,2,1023
fit__957__denoise__confidence_boost__nes__l0.5,1021,48,8,476,8,612
fit__957__denoise__boundary_probe__nes__l0.5,1021,48,8,436,8,588
fit__957__denoise__counterfactual__nes__l0.5,1021,48,3,665,2,787
fit__957__deblur__attack__nes__l1,1021,49,6,603,6,759
fit__957__deblur__restore__nes__l1,1021,49,2,599,2,752
fit__957__deblur__random_walk__random_walk__l1,1024,50,2,1023,2,1023
fit__957__deblur__confidence_boost__nes__l1,1021,48,6,433,5,576
fit__957__deblur__boundary_probe__nes__l1,1021,48,3,457,3,623
fit__957__deblur__counterfactual__nes__l1,1021,48,3,643,2,800
fit__9093__denoise__attack__nes__l0.5,1021,50,3,939,3,977
fit__9093__denoise__restore__nes__l0.5,1021,50,2,958,2,994
fit__9093__denoise__random_walk__random_walk__l0.5,1024,49,2,1023,2,1023
fit__9093__denoise__confidence_boost__nes__l0.5,1021,49,4,953,2,989
fit__9093__denoise__boundary_probe__nes__l0.5,1021,49,2,894,2,957
fit__9093__denoise__counterfactual__nes__l0.5,1021,50,3,823,3,902
fit__9093__deblur__attack__nes__l1,1021,48,8,606,8,751
fit__9093__deblur__restore__nes__l1,1021,49,2,459,2,609
fit__9093__deblur__random_walk__random_walk__l1,1024,49,2,1023,2,1023
fit__9093__deblur__confidence_boost__nes__l1,1021,48,7,399,3,577
fit__9093__deblur__boundary_probe__nes__l1,1021,49,9,572,9,699
fit__9093__deblur__counterfactual__nes__l1,1021,48,3,480,3,638
fit__1462__denoise__attack__nes__l0.5,1021,47,17,351,17,481
fit__1462__denoise__restore__nes__l0.5,1021,47,13,242,13,373
fit__1462__denoise__random_walk__random_walk__l0.5,1024,49,2,1023,2,1023
fit__1462__denoise__confidence_boost__nes__l0.5,1021,48,4,188,4,289
fit__1462__denoise__boundary_probe__nes__l0.5,1021,49,17,228,17,345
fit__1462__denoise__counterfactual__nes__l0.5,1021,47,18,165,18,236
fit__1462__deblur__attack__nes__l1,1021,49,18,257,18,375
fit__1462__deblur__restore__nes__l1,1021,49,6,284,6,392
fit__1462__deblur__random_walk__random_walk__l1,1024,50,2,1023,2,1023
fit__1462__deblur__confidence_boost__nes__l1,1021,48,2,195,2,292
fit__1462__deblur__boundary_probe__nes__l1,1021,48,3,172,3,247
fit__1462__deblur__counterfactual__nes__l1,1021,47,5,301,5,418
calibration__7979__denoise__attack__nes__l0.5,1021,49,8,377,8,499
calibration__7979__denoise__restore__nes__l0.5,1021,47,2,408,2,570
calibration__7979__denoise__random_walk__random_walk__l0.5,1024,49,2,1023,2,1023
calibration__7979__denoise__confidence_boost__nes__l0.5,1021,48,2,445,2,597
calibration__7979__denoise__boundary_probe__nes__l0.5,1021,48,4,412,3,558
calibration__7979__denoise__counterfactual__nes__l0.5,1021,48,3,409,3,543
calibration__7979__deblur__attack__nes__l1,1021,50,2,647,2,792
calibration__7979__deblur__restore__nes__l1,1021,48,3,549,3,723
calibration__7979__deblur__random_walk__random_walk__l1,1024,50,2,1023,2,1023
calibration__7979__deblur__confidence_boost__nes__l1,1021,48,2,635,2,793
calibration__7979__deblur__boundary_probe__nes__l1,1021,49,3,781,3,879
calibration__7979__deblur__counterfactual__nes__l1,1021,49,3,633,3,779
calibration__4249__denoise__attack__nes__l0.5,1021,48,18,237,11,351
calibration__4249__denoise__restore__nes__l0.5,1021,46,10,120,10,175
calibration__4249__denoise__random_walk__random_walk__l0.5,1024,49,2,1023,2,1023
calibration__4249__denoise__confidence_boost__nes__l0.5,1021,48,4,294,2,429
calibration__4249__denoise__boundary_probe__nes__l0.5,1021,47,4,211,4,301
calibration__4249__denoise__counterfactual__nes__l0.5,1021,47,14,122,6,194
calibration__4249__deblur__attack__nes__l1,1021,48,3,665,2,791
calibration__4249__deblur__restore__nes__l1,1021,49,2,630,2,771
calibration__4249__deblur__random_walk__random_walk__l1,1024,49,2,1023,2,1023
calibration__4249__deblur__confidence_boost__nes__l1,1021,49,7,803,7,901
calibration__4249__deblur__boundary_probe__nes__l1,1021,50,3,762,3,857
calibration__4249__deblur__counterfactual__nes__l1,1021,49,4,684,2,799
calibration__10966__denoise__attack__nes__l0.5,1021,48,5,211,5,315
calibration__10966__denoise__restore__nes__l0.5,1021,48,2,200,2,297
calibration__10966__denoise__random_walk__random_walk__l0.5,1024,49,2,1023,2,1023
calibration__10966__denoise__confidence_boost__nes__l0.5,1021,49,17,423,14,574
calibration__10966__denoise__boundary_probe__nes__l0.5,1021,49,3,260,3,376
calibration__10966__denoise__counterfactual__nes__l0.5,1021,48,10,335,10,454
calibration__10966__deblur__attack__nes__l1,1021,48,12,163,12,242
calibration__10966__deblur__restore__nes__l1,1021,48,18,101,11,146
calibration__10966__deblur__random_walk__random_walk__l1,1024,48,2,1023,2,1023
calibration__10966__deblur__confidence_boost__nes__l1,1021,48,9,163,9,253
calibration__10966__deblur__boundary_probe__nes__l1,1021,48,18,208,7,312
calibration__10966__deblur__counterfactual__nes__l1,1021,47,18,196,15,286
calibration__9463__denoise__attack__nes__l0.5,1021,49,4,132,4,179
calibration__9463__denoise__restore__nes__l0.5,1021,47,18,119,5,158
calibration__9463__denoise__random_walk__random_walk__l0.5,1024,50,2,1023,2,1023
calibration__9463__denoise__confidence_boost__nes__l0.5,1021,47,13,157,13,218
calibration__9463__denoise__boundary_probe__nes__l0.5,1021,47,18,245,9,356
calibration__9463__denoise__counterfactual__nes__l0.5,1021,47,18,145,6,231
calibration__9463__deblur__attack__nes__l1,1021,48,4,532,4,669
calibration__9463__deblur__restore__nes__l1,1021,50,3,702,3,821
calibration__9463__deblur__random_walk__random_walk__l1,1024,49,2,1023,2,1023
calibration__9463__deblur__confidence_boost__nes__l1,1021,49,6,691,6,812
calibration__9463__deblur__boundary_probe__nes__l1,1021,49,10,458,10,613
calibration__9463__deblur__counterfactual__nes__l1,1021,48,6,759,6,861
calibration__4875__denoise__attack__nes__l0.5,1021,49,2,848,2,937
calibration__4875__denoise__restore__nes__l0.5,1021,49,2,819,2,927
calibration__4875__denoise__random_walk__random_walk__l0.5,1024,49,2,1023,2,1023
calibration__4875__denoise__confidence_boost__nes__l0.5,1021,49,5,808,4,917
calibration__4875__denoise__boundary_probe__nes__l0.5,1021,49,2,756,2,885
calibration__4875__denoise__counterfactual__nes__l0.5,1021,48,3,793,2,905
calibration__4875__deblur__attack__nes__l1,1021,48,13,231,13,323
calibration__4875__deblur__restore__nes__l1,1021,49,18,173,9,246
calibration__4875__deblur__random_walk__random_walk__l1,1024,49,2,1023,2,1023
calibration__4875__deblur__confidence_boost__nes__l1,1021,47,18,123,18,177
calibration__4875__deblur__boundary_probe__nes__l1,1021,49,18,190,3,279
calibration__4875__deblur__counterfactual__nes__l1,1021,47,18,192,18,258
calibration__9227__denoise__attack__nes__l0.5,1021,48,4,500,4,641
calibration__9227__denoise__restore__nes__l0.5,1021,48,10,313,4,434
calibration__9227__denoise__random_walk__random_walk__l0.5,1024,49,2,1023,2,1023
calibration__9227__denoise__confidence_boost__nes__l0.5,1021,49,10,364,3,482
calibration__9227__denoise__boundary_probe__nes__l0.5,1021,48,11,306,9,427
calibration__9227__denoise__counterfactual__nes__l0.5,1021,47,9,305,9,420
calibration__9227__deblur__attack__nes__l1,1021,48,6,504,3,647
calibration__9227__deblur__restore__nes__l1,1021,49,2,659,2,793
calibration__9227__deblur__random_walk__random_walk__l1,1024,50,2,1023,2,1023
calibration__9227__deblur__confidence_boost__nes__l1,1021,47,3,479,3,596
calibration__9227__deblur__boundary_probe__nes__l1,1021,48,6,640,3,761
calibration__9227__deblur__counterfactual__nes__l1,1021,48,5,489,2,649
calibration__10119__denoise__attack__nes__l0.5,1021,48,2,899,2,973
calibration__10119__denoise__restore__nes__l0.5,1021,49,2,980,2,1001
calibration__10119__denoise__random_walk__random_walk__l0.5,1024,50,2,1023,2,1023
calibration__10119__denoise__confidence_boost__nes__l0.5,1021,49,2,939,2,983
calibration__10119__denoise__boundary_probe__nes__l0.5,1021,48,2,961,2,995
calibration__10119__denoise__counterfactual__nes__l0.5,1021,48,4,937,4,984
calibration__10119__deblur__attack__nes__l1,1021,47,2,817,2,914
calibration__10119__deblur__restore__nes__l1,1021,47,7,677,5,808
calibration__10119__deblur__random_walk__random_walk__l1,1024,49,2,1023,2,1023
calibration__10119__deblur__confidence_boost__nes__l1,1021,48,2,539,2,704
calibration__10119__deblur__boundary_probe__nes__l1,1021,47,6,623,6,776
calibration__10119__deblur__counterfactual__nes__l1,1021,48,2,679,2,834
calibration__6303__denoise__attack__nes__l0.5,1021,47,7,279,7,396
calibration__6303__denoise__restore__nes__l0.5,1021,49,11,464,11,618
calibration__6303__denoise__random_walk__random_walk__l0.5,1024,50,2,1023,2,1023
calibration__6303__denoise__confidence_boost__nes__l0.5,1021,47,2,348,2,507
calibration__6303__denoise__boundary_probe__nes__l0.5,1021,48,13,203,7,290
calibration__6303__denoise__counterfactual__nes__l0.5,1021,48,18,400,18,530
calibration__6303__deblur__attack__nes__l1,1021,49,7,294,6,410
calibration__6303__deblur__restore__nes__l1,1021,48,10,461,10,616
calibration__6303__deblur__random_walk__random_walk__l1,1024,50,2,1023,2,1023
calibration__6303__deblur__confidence_boost__nes__l1,1021,48,3,309,3,429
calibration__6303__deblur__boundary_probe__nes__l1,1021,49,18,460,4,621
calibration__6303__deblur__counterfactual__nes__l1,1021,48,6,337,6,457
calibration__12507__denoise__attack__nes__l0.5,1021,49,2,732,2,866
calibration__12507__denoise__restore__nes__l0.5,1021,48,2,786,2,894
calibration__12507__denoise__random_walk__random_walk__l0.5,1024,50,2,1023,2,1023
calibration__12507__denoise__confidence_boost__nes__l0.5,1021,49,3,603,3,754
calibration__12507__denoise__boundary_probe__nes__l0.5,1021,50,4,627,2,757
calibration__12507__denoise__counterfactual__nes__l0.5,1021,48,3,656,2,804
calibration__12507__deblur__attack__nes__l1,1021,50,2,467,2,610
calibration__12507__deblur__restore__nes__l1,1021,48,7,368,7,524
calibration__12507__deblur__random_walk__random_walk__l1,1024,50,2,1023,2,1023
calibration__12507__deblur__confidence_boost__nes__l1,1021,47,18,466,18,606
calibration__12507__deblur__boundary_probe__nes__l1,1021,50,18,363,6,518
calibration__12507__deblur__counterfactual__nes__l1,1021,48,18,413,10,547
calibration__8798__denoise__attack__nes__l0.5,1021,48,18,245,5,347
calibration__8798__denoise__restore__nes__l0.5,1021,49,3,193,3,280
calibration__8798__denoise__random_walk__random_walk__l0.5,1024,49,2,1023,2,1023
calibration__8798__denoise__confidence_boost__nes__l0.5,1021,49,9,282,8,397
calibration__8798__denoise__boundary_probe__nes__l0.5,1021,47,18,208,11,303
calibration__8798__denoise__counterfactual__nes__l0.5,1021,48,9,328,9,459
calibration__8798__deblur__attack__nes__l1,1021,48,3,386,3,499
calibration__8798__deblur__restore__nes__l1,1021,48,5,333,5,461
calibration__8798__deblur__random_walk__random_walk__l1,1024,50,2,1023,2,1023
calibration__8798__deblur__confidence_boost__nes__l1,1021,48,4,333,3,459
calibration__8798__deblur__boundary_probe__nes__l1,1021,48,9,282,5,407
calibration__8798__deblur__counterfactual__nes__l1,1021,48,2,414,2,565
calibration__9379__denoise__attack__nes__l0.5,1021,47,18,164,18,241
calibration__9379__denoise__restore__nes__l0.5,1021,48,10,190,10,275
calibration__9379__denoise__random_walk__random_walk__l0.5,1024,49,2,1023,2,1023
calibration__9379__denoise__confidence_boost__nes__l0.5,1021,48,13,180,13,260
calibration__9379__denoise__boundary_probe__nes__l0.5,1021,48,18,128,15,177
calibration__9379__denoise__counterfactual__nes__l0.5,1021,48,18,215,18,328
calibration__9379__deblur__attack__nes__l1,1021,47,10,244,10,374
calibration__9379__deblur__restore__nes__l1,1021,48,8,274,3,416
calibration__9379__deblur__random_walk__random_walk__l1,1024,49,2,1023,2,1023
calibration__9379__deblur__confidence_boost__nes__l1,1021,48,5,420,5,536
calibration__9379__deblur__boundary_probe__nes__l1,1021,48,7,271,2,383
calibration__9379__deblur__counterfactual__nes__l1,1021,48,7,355,7,502
calibration__10875__denoise__attack__nes__l0.5,1021,49,4,884,4,949
calibration__10875__denoise__restore__nes__l0.5,1021,49,2,866,2,936
calibration__10875__denoise__random_walk__random_walk__l0.5,1024,50,2,1023,2,1023
calibration__10875__denoise__confidence_boost__nes__l0.5,1021,49,2,876,2,933
calibration__10875__denoise__boundary_probe__nes__l0.5,1021,48,2,765,2,880
calibration__10875__denoise__counterfactual__nes__l0.5,1021,48,2,792,2,888
calibration__10875__deblur__attack__nes__l1,1021,48,17,385,10,510
calibration__10875__deblur__restore__nes__l1,1021,48,9,300,9,403
calibration__10875__deblur__random_walk__random_walk__l1,1024,50,2,1023,2,1023
calibration__10875__deblur__confidence_boost__nes__l1,1021,48,7,357,5,485
calibration__10875__deblur__boundary_probe__nes__l1,1021,48,8,432,6,574
calibration__10875__deblur__counterfactual__nes__l1,1021,47,2,458,2,601
calibration__12399__denoise__attack__nes__l0.5,1021,47,11,356,10,494
calibration__12399__denoise__restore__nes__l0.5,1021,48,2,468,2,602
calibration__12399__denoise__random_walk__random_walk__l0.5,1024,49,2,1023,2,1023
calibration__12399__denoise__confidence_boost__nes__l0.5,1021,49,7,456,6,604
calibration__12399__denoise__boundary_probe__nes__l0.5,1021,48,2,402,2,540
calibration__12399__denoise__counterfactual__nes__l0.5,1021,48,2,276,2,387
calibration__12399__deblur__attack__nes__l1,1021,47,7,277,7,425
calibration__12399__deblur__restore__nes__l1,1021,48,11,327,11,478
calibration__12399__deblur__random_walk__random_walk__l1,1024,50,2,1023,2,1023
calibration__12399__deblur__confidence_boost__nes__l1,1021,48,12,208,12,298
calibration__12399__deblur__boundary_probe__nes__l1,1021,48,10,294,10,429
calibration__12399__deblur__counterfactual__nes__l1,1021,48,4,283,4,400
calibration__11658__denoise__attack__nes__l0.5,1021,48,8,305,3,414
calibration__11658__denoise__restore__nes__l0.5,1021,48,18,217,4,309
calibration__11658__denoise__random_walk__random_walk__l0.5,1024,49,2,1023,2,1023
calibration__11658__denoise__confidence_boost__nes__l0.5,1021,49,5,238,5,338
calibration__11658__denoise__boundary_probe__nes__l0.5,1021,48,16,200,2,283
calibration__11658__denoise__counterfactual__nes__l0.5,1021,49,6,255,6,388
calibration__11658__deblur__attack__nes__l1,1021,47,18,219,18,338
calibration__11658__deblur__restore__nes__l1,1021,49,10,404,8,566
calibration__11658__deblur__random_walk__random_walk__l1,1024,49,2,1023,2,1023
calibration__11658__deblur__confidence_boost__nes__l1,1021,48,14,209,5,330
calibration__11658__deblur__boundary_probe__nes__l1,1021,48,7,326,6,451
calibration__11658__deblur__counterfactual__nes__l1,1021,49,5,376,5,488
evaluation__2928__denoise__attack__nes__l0.5,1021,47,2,550,2,715
evaluation__2928__denoise__restore__nes__l0.5,1021,49,2,776,2,876
evaluation__2928__denoise__random_walk__random_walk__l0.5,1024,50,2,1023,2,1023
evaluation__2928__denoise__confidence_boost__nes__l0.5,1021,48,3,623,3,745
evaluation__2928__denoise__boundary_probe__nes__l0.5,1021,49,2,728,2,829
evaluation__2928__denoise__counterfactual__nes__l0.5,1021,50,2,539,2,697
evaluation__2928__deblur__attack__nes__l1,1021,48,3,366,3,497
evaluation__2928__deblur__restore__nes__l1,1021,47,3,360,2,495
evaluation__2928__deblur__random_walk__random_walk__l1,1024,49,2,1023,2,1023
evaluation__2928__deblur__confidence_boost__nes__l1,1021,49,7,483,6,621
evaluation__2928__deblur__boundary_probe__nes__l1,1021,49,8,280,8,404
evaluation__2928__deblur__counterfactual__nes__l1,1021,47,2,387,2,532
evaluation__5711__denoise__attack__nes__l0.5,1021,48,3,235,2,340
evaluation__5711__denoise__restore__nes__l0.5,1021,48,18,158,4,236
evaluation__5711__denoise__random_walk__random_walk__l0.5,1024,49,2,1023,2,1023
evaluation__5711__denoise__confidence_boost__nes__l0.5,1021,48,14,312,4,433
evaluation__5711__denoise__boundary_probe__nes__l0.5,1021,48,12,262,10,366
evaluation__5711__denoise__counterfactual__nes__l0.5,1021,47,11,325,11,454
evaluation__5711__deblur__attack__nes__l1,1021,48,18,172,17,251
evaluation__5711__deblur__restore__nes__l1,1021,48,2,192,2,275
evaluation__5711__deblur__random_walk__random_walk__l1,1024,49,2,1023,2,1023
evaluation__5711__deblur__confidence_boost__nes__l1,1021,47,11,140,11,203
evaluation__5711__deblur__boundary_probe__nes__l1,1021,49,3,188,3,279
evaluation__5711__deblur__counterfactual__nes__l1,1021,48,2,287,2,419
evaluation__6394__denoise__attack__nes__l0.5,1021,48,2,264,2,394
evaluation__6394__denoise__restore__nes__l0.5,1021,48,15,376,3,521
evaluation__6394__denoise__random_walk__random_walk__l0.5,1024,49,2,1023,2,1023
evaluation__6394__denoise__confidence_boost__nes__l0.5,1021,49,7,443,7,593
evaluation__6394__denoise__boundary_probe__nes__l0.5,1021,49,2,374,2,536
evaluation__6394__denoise__counterfactual__nes__l0.5,1021,48,4,323,4,426
evaluation__6394__deblur__attack__nes__l1,1021,49,3,492,3,633
evaluation__6394__deblur__restore__nes__l1,1021,49,2,646,2,780
evaluation__6394__deblur__random_walk__random_walk__l1,1024,50,2,1023,2,1023
evaluation__6394__deblur__confidence_boost__nes__l1,1021,49,10,515,10,649
evaluation__6394__deblur__boundary_probe__nes__l1,1021,48,2,644,2,776
evaluation__6394__deblur__counterfactual__nes__l1,1021,48,11,781,11,870
evaluation__9186__denoise__attack__nes__l0.5,1021,48,2,356,2,500
evaluation__9186__denoise__restore__nes__l0.5,1021,49,18,217,18,324
evaluation__9186__denoise__random_walk__random_walk__l0.5,1024,50,2,1023,2,1023
evaluation__9186__denoise__confidence_boost__nes__l0.5,1021,46,6,205,2,292
evaluation__9186__denoise__boundary_probe__nes__l0.5,1021,48,18,409,10,553
evaluation__9186__denoise__counterfactual__nes__l0.5,1021,48,9,205,9,281
evaluation__9186__deblur__attack__nes__l1,1021,48,3,570,3,748
evaluation__9186__deblur__restore__nes__l1,1021,48,2,594,2,742
evaluation__9186__deblur__random_walk__random_walk__l1,1024,49,2,1023,2,1023
evaluation__9186__deblur__confidence_boost__nes__l1,1021,46,2,349,2,512
evaluation__9186__deblur__boundary_probe__nes__l1,1021,49,4,370,4,509
evaluation__9186__deblur__counterfactual__nes__l1,1021,49,6,678,6,818
evaluation__10955__denoise__attack__nes__l0.5,1021,49,3,530,3,661
evaluation__10955__denoise__restore__nes__l0.5,1021,48,2,604,2,743
evaluation__10955__denoise__random_walk__random_walk__l0.5,1024,49,2,1023,2,1023
evaluation__10955__denoise__confidence_boost__nes__l0.5,1021,47,5,330,5,471
evaluation__10955__denoise__boundary_probe__nes__l0.5,1021,47,12,441,12,583
evaluation__10955__denoise__counterfactual__nes__l0.5,1021,47,13,369,13,508
evaluation__10955__deblur__attack__nes__l1,1021,48,17,255,2,396
evaluation__10955__deblur__restore__nes__l1,1021,47,18,209,6,325
evaluation__10955__deblur__random_walk__random_walk__l1,1024,49,2,1023,2,1023
evaluation__10955__deblur__confidence_boost__nes__l1,1021,49,18,224,3,322
evaluation__10955__deblur__boundary_probe__nes__l1,1021,47,18,153,18,235
evaluation__10955__deblur__counterfactual__nes__l1,1021,47,18,152,18,234
evaluation__366__denoise__attack__nes__l0.5,1021,47,18,165,12,240
evaluation__366__denoise__restore__nes__l0.5,1021,48,13,148,8,223
evaluation__366__denoise__random_walk__random_walk__l0.5,1024,49,2,1023,2,1023
evaluation__366__denoise__confidence_boost__nes__l0.5,1021,48,2,200,2,296
evaluation__366__denoise__boundary_probe__nes__l0.5,1021,49,15,297,15,384
evaluation__366__denoise__counterfactual__nes__l0.5,1021,49,18,261,6,392
evaluation__366__deblur__attack__nes__l1,1021,47,12,407,12,560
evaluation__366__deblur__restore__nes__l1,1021,48,13,224,2,328
evaluation__366__deblur__random_walk__random_walk__l1,1024,50,2,1023,2,1023
evaluation__366__deblur__confidence_boost__nes__l1,1021,48,6,302,6,462
evaluation__366__deblur__boundary_probe__nes__l1,1021,47,2,212,2,306
evaluation__366__deblur__counterfactual__nes__l1,1021,49,3,336,3,504
evaluation__1945__denoise__attack__nes__l0.5,1021,49,2,585,2,721
evaluation__1945__denoise__restore__nes__l0.5,1021,49,3,496,3,641
evaluation__1945__denoise__random_walk__random_walk__l0.5,1024,49,2,1023,2,1023
evaluation__1945__denoise__confidence_boost__nes__l0.5,1021,48,2,548,2,685
evaluation__1945__denoise__boundary_probe__nes__l0.5,1021,49,5,490,5,647
evaluation__1945__denoise__counterfactual__nes__l0.5,1021,48,5,480,3,620
evaluation__1945__deblur__attack__nes__l1,1021,49,6,666,2,807
evaluation__1945__deblur__restore__nes__l1,1021,48,4,708,4,833
evaluation__1945__deblur__random_walk__random_walk__l1,1024,49,2,1023,2,1023
evaluation__1945__deblur__confidence_boost__nes__l1,1021,48,2,716,2,805
evaluation__1945__deblur__boundary_probe__nes__l1,1021,47,3,642,2,766
evaluation__1945__deblur__counterfactual__nes__l1,1021,48,2,440,2,572
evaluation__5058__denoise__attack__nes__l0.5,1021,49,2,413,2,567
evaluation__5058__denoise__restore__nes__l0.5,1021,50,4,418,4,557
evaluation__5058__denoise__random_walk__random_walk__l0.5,1024,50,2,1023,2,1023
evaluation__5058__denoise__confidence_boost__nes__l0.5,1021,49,6,439,5,603
evaluation__5058__denoise__boundary_probe__nes__l0.5,1021,48,3,358,3,506
evaluation__5058__denoise__counterfactual__nes__l0.5,1021,49,4,354,4,482
evaluation__5058__deblur__attack__nes__l1,1021,49,2,352,2,498
evaluation__5058__deblur__restore__nes__l1,1021,49,4,504,4,624
evaluation__5058__deblur__random_walk__random_walk__l1,1024,48,2,1023,2,1023
evaluation__5058__deblur__confidence_boost__nes__l1,1021,48,6,542,6,699
evaluation__5058__deblur__boundary_probe__nes__l1,1021,49,3,350,2,479
evaluation__5058__deblur__counterfactual__nes__l1,1021,49,3,498,3,626
evaluation__8596__denoise__attack__nes__l0.5,1021,48,5,614,5,779
evaluation__8596__denoise__restore__nes__l0.5,1021,48,5,556,5,696
evaluation__8596__denoise__random_walk__random_walk__l0.5,1024,49,2,1023,2,1023
evaluation__8596__denoise__confidence_boost__nes__l0.5,1021,48,18,397,17,553
evaluation__8596__denoise__boundary_probe__nes__l0.5,1021,48,3,350,3,488
evaluation__8596__denoise__counterfactual__nes__l0.5,1021,48,8,535,2,688
evaluation__8596__deblur__attack__nes__l1,1021,48,3,363,3,482
evaluation__8596__deblur__restore__nes__l1,1021,48,5,612,5,760
evaluation__8596__deblur__random_walk__random_walk__l1,1024,50,2,1023,2,1023
evaluation__8596__deblur__confidence_boost__nes__l1,1021,49,8,616,3,752
evaluation__8596__deblur__boundary_probe__nes__l1,1021,49,3,533,3,672
evaluation__8596__deblur__counterfactual__nes__l1,1021,48,10,524,10,684
evaluation__6579__denoise__attack__nes__l0.5,1021,48,14,228,14,359
evaluation__6579__denoise__restore__nes__l0.5,1021,48,3,235,3,346
evaluation__6579__denoise__random_walk__random_walk__l0.5,1024,50,2,1023,2,1023
evaluation__6579__denoise__confidence_boost__nes__l0.5,1021,48,9,341,9,460
evaluation__6579__denoise__boundary_probe__nes__l0.5,1021,48,18,310,2,438
evaluation__6579__denoise__counterfactual__nes__l0.5,1021,48,3,210,3,314
evaluation__6579__deblur__attack__nes__l1,1021,49,3,615,3,754
evaluation__6579__deblur__restore__nes__l1,1021,48,4,612,4,738
evaluation__6579__deblur__random_walk__random_walk__l1,1024,50,2,1023,2,1023
evaluation__6579__deblur__confidence_boost__nes__l1,1021,49,4,783,4,873
evaluation__6579__deblur__boundary_probe__nes__l1,1021,47,2,396,2,545
evaluation__6579__deblur__counterfactual__nes__l1,1021,48,2,660,2,790
evaluation__2241__denoise__attack__nes__l0.5,1021,48,4,622,4,784
evaluation__2241__denoise__restore__nes__l0.5,1021,48,7,833,2,910
evaluation__2241__denoise__random_walk__random_walk__l0.5,1024,50,2,1023,2,1023
evaluation__2241__denoise__confidence_boost__nes__l0.5,1021,49,4,814,4,901
evaluation__2241__denoise__boundary_probe__nes__l0.5,1021,49,2,811,2,898
evaluation__2241__denoise__counterfactual__nes__l0.5,1021,48,2,770,2,879
evaluation__2241__deblur__attack__nes__l1,1021,48,4,321,4,428
evaluation__2241__deblur__restore__nes__l1,1021,47,12,413,2,567
evaluation__2241__deblur__random_walk__random_walk__l1,1024,49,2,1023,2,1023
evaluation__2241__deblur__confidence_boost__nes__l1,1021,49,8,257,8,372
evaluation__2241__deblur__boundary_probe__nes__l1,1021,48,5,478,5,613
evaluation__2241__deblur__counterfactual__nes__l1,1021,47,11,249,11,351
evaluation__468__denoise__attack__nes__l0.5,1021,49,3,532,2,666
evaluation__468__denoise__restore__nes__l0.5,1021,49,2,619,2,740
evaluation__468__denoise__random_walk__random_walk__l0.5,1024,49,2,1023,2,1023
evaluation__468__denoise__confidence_boost__nes__l0.5,1021,47,3,338,3,507
evaluation__468__denoise__boundary_probe__nes__l0.5,1021,48,4,407,2,524
evaluation__468__denoise__counterfactual__nes__l0.5,1021,47,6,432,6,606
evaluation__468__deblur__attack__nes__l1,1021,48,16,475,16,602
evaluation__468__deblur__restore__nes__l1,1021,47,18,201,18,300
evaluation__468__deblur__random_walk__random_walk__l1,1024,50,2,1023,2,1023
evaluation__468__deblur__confidence_boost__nes__l1,1021,48,18,192,15,266
evaluation__468__deblur__boundary_probe__nes__l1,1021,49,18,241,18,338
evaluation__468__deblur__counterfactual__nes__l1,1021,48,10,368,10,523
evaluation__3253__denoise__attack__nes__l0.5,1021,48,2,533,2,679
evaluation__3253__denoise__restore__nes__l0.5,1021,49,3,734,3,851
evaluation__3253__denoise__random_walk__random_walk__l0.5,1024,49,2,1023,2,1023
evaluation__3253__denoise__confidence_boost__nes__l0.5,1021,49,3,636,3,803
evaluation__3253__denoise__boundary_probe__nes__l0.5,1021,48,3,632,3,778
evaluation__3253__denoise__counterfactual__nes__l0.5,1021,48,9,519,5,688
evaluation__3253__deblur__attack__nes__l1,1021,48,2,427,2,555
evaluation__3253__deblur__restore__nes__l1,1021,49,3,268,3,375
evaluation__3253__deblur__random_walk__random_walk__l1,1024,49,2,1023,2,1023
evaluation__3253__deblur__confidence_boost__nes__l1,1021,48,9,471,9,619
evaluation__3253__deblur__boundary_probe__nes__l1,1021,48,3,476,3,613
evaluation__3253__deblur__counterfactual__nes__l1,1021,49,8,387,8,525
evaluation__10061__denoise__attack__nes__l0.5,1021,48,3,438,3,595
evaluation__10061__denoise__restore__nes__l0.5,1021,48,9,623,4,771
evaluation__10061__denoise__random_walk__random_walk__l0.5,1024,50,2,1023,2,1023
evaluation__10061__denoise__confidence_boost__nes__l0.5,1021,48,3,462,3,606
evaluation__10061__denoise__boundary_probe__nes__l0.5,1021,48,2,477,2,632
evaluation__10061__denoise__counterfactual__nes__l0.5,1021,49,3,521,2,670
evaluation__10061__deblur__attack__nes__l1,1021,47,18,193,18,284
evaluation__10061__deblur__restore__nes__l1,1021,49,2,209,2,302
evaluation__10061__deblur__random_walk__random_walk__l1,1024,49,2,1023,2,1023
evaluation__10061__deblur__confidence_boost__nes__l1,1021,48,18,253,13,364
evaluation__10061__deblur__boundary_probe__nes__l1,1021,48,7,196,7,295
evaluation__10061__deblur__counterfactual__nes__l1,1021,46,18,216,8,289
evaluation__10213__denoise__attack__nes__l0.5,1021,47,4,369,4,519
evaluation__10213__denoise__restore__nes__l0.5,1021,47,14,264,14,390
evaluation__10213__denoise__random_walk__random_walk__l0.5,1024,49,2,1023,2,1023
evaluation__10213__denoise__confidence_boost__nes__l0.5,1021,50,5,508,5,642
evaluation__10213__denoise__boundary_probe__nes__l0.5,1021,48,3,467,3,587
evaluation__10213__denoise__counterfactual__nes__l0.5,1021,48,11,314,11,437
evaluation__10213__deblur__attack__nes__l1,1021,49,9,166,9,239
evaluation__10213__deblur__restore__nes__l1,1021,46,4,340,4,483
evaluation__10213__deblur__random_walk__random_walk__l1,1024,50,2,1023,2,1023
evaluation__10213__deblur__confidence_boost__nes__l1,1021,48,10,417,10,564
evaluation__10213__deblur__boundary_probe__nes__l1,1021,48,2,447,2,598
evaluation__10213__deblur__counterfactual__nes__l1,1021,48,5,442,2,582
evaluation__2448__denoise__attack__nes__l0.5,1021,50,2,869,2,942
evaluation__2448__denoise__restore__nes__l0.5,1021,49,2,760,2,871
evaluation__2448__denoise__random_walk__random_walk__l0.5,1024,49,2,1023,2,1023
evaluation__2448__denoise__confidence_boost__nes__l0.5,1021,48,2,658,2,795
evaluation__2448__denoise__boundary_probe__nes__l0.5,1021,48,2,826,2,916
evaluation__2448__denoise__counterfactual__nes__l0.5,1021,49,2,855,2,934
evaluation__2448__deblur__attack__nes__l1,1021,47,4,320,3,471
evaluation__2448__deblur__restore__nes__l1,1021,49,4,602,4,750
evaluation__2448__deblur__random_walk__random_walk__l1,1024,49,2,1023,2,1023
evaluation__2448__deblur__confidence_boost__nes__l1,1021,48,3,396,3,541
evaluation__2448__deblur__boundary_probe__nes__l1,1021,50,2,472,2,609
evaluation__2448__deblur__counterfactual__nes__l1,1021,48,3,523,3,666
evaluation__3059__denoise__attack__nes__l0.5,1021,47,6,483,6,660
evaluation__3059__denoise__restore__nes__l0.5,1021,47,2,530,2,675
evaluation__3059__denoise__random_walk__random_walk__l0.5,1024,49,2,1023,2,1023
evaluation__3059__denoise__confidence_boost__nes__l0.5,1021,48,5,510,5,681
evaluation__3059__denoise__boundary_probe__nes__l0.5,1021,48,9,519,8,666
evaluation__3059__denoise__counterfactual__nes__l0.5,1021,48,6,337,6,482
evaluation__3059__deblur__attack__nes__l1,1021,48,2,889,2,969
evaluation__3059__deblur__restore__nes__l1,1021,49,2,932,2,980
evaluation__3059__deblur__random_walk__random_walk__l1,1024,50,2,1023,2,1023
evaluation__3059__deblur__confidence_boost__nes__l1,1021,48,2,954,2,993
evaluation__3059__deblur__boundary_probe__nes__l1,1021,48,2,831,2,923
evaluation__3059__deblur__counterfactual__nes__l1,1021,49,3,923,2,989
evaluation__6645__denoise__attack__nes__l0.5,1021,47,2,348,2,461
evaluation__6645__denoise__restore__nes__l0.5,1021,48,3,427,3,577
evaluation__6645__denoise__random_walk__random_walk__l0.5,1024,50,2,1023,2,1023
evaluation__6645__denoise__confidence_boost__nes__l0.5,1021,47,15,311,9,435
evaluation__6645__denoise__boundary_probe__nes__l0.5,1021,48,11,320,2,460
evaluation__6645__denoise__counterfactual__nes__l0.5,1021,49,2,502,2,642
evaluation__6645__deblur__attack__nes__l1,1021,48,7,519,6,667
evaluation__6645__deblur__restore__nes__l1,1021,49,2,796,2,888
evaluation__6645__deblur__random_walk__random_walk__l1,1024,50,2,1023,2,1023
evaluation__6645__deblur__confidence_boost__nes__l1,1021,48,2,724,2,824
evaluation__6645__deblur__boundary_probe__nes__l1,1021,49,2,824,2,908
evaluation__6645__deblur__counterfactual__nes__l1,1021,49,5,788,5,891
evaluation__6102__denoise__attack__nes__l0.5,1021,47,5,336,5,476
evaluation__6102__denoise__restore__nes__l0.5,1021,48,15,484,4,623
evaluation__6102__denoise__random_walk__random_walk__l0.5,1024,49,2,1023,2,1023
evaluation__6102__denoise__confidence_boost__nes__l0.5,1021,47,6,315,6,449
evaluation__6102__denoise__boundary_probe__nes__l0.5,1021,48,2,360,2,499
evaluation__6102__denoise__counterfactual__nes__l0.5,1021,48,14,421,11,553
evaluation__6102__deblur__attack__nes__l1,1021,47,16,176,6,255
evaluation__6102__deblur__restore__nes__l1,1021,48,6,223,2,315
evaluation__6102__deblur__random_walk__random_walk__l1,1024,49,2,1023,2,1023
evaluation__6102__deblur__confidence_boost__nes__l1,1021,47,15,214,15,301
evaluation__6102__deblur__boundary_probe__nes__l1,1021,49,5,146,5,211
evaluation__6102__deblur__counterfactual__nes__l1,1021,47,4,170,4,268
evaluation__8410__denoise__attack__nes__l0.5,1021,48,2,575,2,740
evaluation__8410__denoise__restore__nes__l0.5,1021,49,2,382,2,555
evaluation__8410__denoise__random_walk__random_walk__l0.5,1024,49,2,1023,2,1023
evaluation__8410__denoise__confidence_boost__nes__l0.5,1021,48,6,732,3,859
evaluation__8410__denoise__boundary_probe__nes__l0.5,1021,49,5,678,5,820
evaluation__8410__denoise__counterfactual__nes__l0.5,1021,48,3,511,3,671
evaluation__8410__deblur__attack__nes__l1,1021,48,18,137,6,227
evaluation__8410__deblur__restore__nes__l1,1021,49,15,238,15,340
evaluation__8410__deblur__random_walk__random_walk__l1,1024,49,2,1023,2,1023
evaluation__8410__deblur__confidence_boost__nes__l1,1021,48,18,193,18,274
evaluation__8410__deblur__boundary_probe__nes__l1,1021,48,18,94,12,151
evaluation__8410__deblur__counterfactual__nes__l1,1021,48,18,255,12,358
evaluation__2656__denoise__attack__nes__l0.5,1021,48,4,592,4,771
evaluation__2656__denoise__restore__nes__l0.5,1021,48,2,657,2,780
evaluation__2656__denoise__random_walk__random_walk__l0.5,1024,50,2,1023,2,1023
evaluation__2656__denoise__confidence_boost__nes__l0.5,1021,49,4,620,3,784
evaluation__2656__denoise__boundary_probe__nes__l0.5,1021,48,4,665,3,804
evaluation__2656__denoise__counterfactual__nes__l0.5,1021,47,3,535,3,718
evaluation__2656__deblur__attack__nes__l1,1021,49,18,459,10,592
evaluation__2656__deblur__restore__nes__l1,1021,48,17,279,10,414
evaluation__2656__deblur__random_walk__random_walk__l1,1024,50,2,1023,2,1023
evaluation__2656__deblur__confidence_boost__nes__l1,1021,46,3,315,3,461
evaluation__2656__deblur__boundary_probe__nes__l1,1021,47,5,329,5,486
evaluation__2656__deblur__counterfactual__nes__l1,1021,48,4,339,4,487
evaluation__3820__denoise__attack__nes__l0.5,1021,48,3,724,3,851
evaluation__3820__denoise__restore__nes__l0.5,1021,48,3,301,3,429
evaluation__3820__denoise__random_walk__random_walk__l0.5,1024,49,2,1023,2,1023
evaluation__3820__denoise__confidence_boost__nes__l0.5,1021,48,2,490,2,657
evaluation__3820__denoise__boundary_probe__nes__l0.5,1021,49,3,661,3,803
evaluation__3820__denoise__counterfactual__nes__l0.5,1021,49,3,503,3,677
evaluation__3820__deblur__attack__nes__l1,1021,48,16,88,16,119
evaluation__3820__deblur__restore__nes__l1,1021,49,18,169,18,250
evaluation__3820__deblur__random_walk__random_walk__l1,1024,49,2,1023,2,1023
evaluation__3820__deblur__confidence_boost__nes__l1,1021,49,5,110,5,158
evaluation__3820__deblur__boundary_probe__nes__l1,1021,46,12,99,12,134
evaluation__3820__deblur__counterfactual__nes__l1,1021,48,18,115,18,159
evaluation__4697__denoise__attack__nes__l0.5,1021,48,10,430,3,560
evaluation__4697__denoise__restore__nes__l0.5,1021,48,3,754,3,850
evaluation__4697__denoise__random_walk__random_walk__l0.5,1024,50,2,1023,2,1023
evaluation__4697__denoise__confidence_boost__nes__l0.5,1021,48,3,682,3,812
evaluation__4697__denoise__boundary_probe__nes__l0.5,1021,49,2,769,2,887
evaluation__4697__denoise__counterfactual__nes__l0.5,1021,48,2,628,2,771
evaluation__4697__deblur__attack__nes__l1,1021,49,2,657,2,769
evaluation__4697__deblur__restore__nes__l1,1021,49,2,555,2,699
evaluation__4697__deblur__random_walk__random_walk__l1,1024,49,2,1023,2,1023
evaluation__4697__deblur__confidence_boost__nes__l1,1021,48,3,668,3,803
evaluation__4697__deblur__boundary_probe__nes__l1,1021,49,3,501,3,629
evaluation__4697__deblur__counterfactual__nes__l1,1021,49,6,355,2,492
evaluation__9289__denoise__attack__nes__l0.5,1021,48,10,431,2,575
evaluation__9289__denoise__restore__nes__l0.5,1021,48,16,660,2,780
evaluation__9289__denoise__random_walk__random_walk__l0.5,1024,49,2,1023,2,1023
evaluation__9289__denoise__confidence_boost__nes__l0.5,1021,46,6,426,3,582
evaluation__9289__denoise__boundary_probe__nes__l0.5,1021,47,3,466,3,626
evaluation__9289__denoise__counterfactual__nes__l0.5,1021,47,3,282,3,404
evaluation__9289__deblur__attack__nes__l1,1021,49,2,580,2,749
evaluation__9289__deblur__restore__nes__l1,1021,48,11,617,9,760
evaluation__9289__deblur__random_walk__random_walk__l1,1024,49,2,1023,2,1023
evaluation__9289__deblur__confidence_boost__nes__l1,1021,48,3,599,2,709
evaluation__9289__deblur__boundary_probe__nes__l1,1021,50,2,661,2,791
evaluation__9289__deblur__counterfactual__nes__l1,1021,49,2,644,2,775
evaluation__12437__denoise__attack__nes__l0.5,1021,49,2,445,2,582
evaluation__12437__denoise__restore__nes__l0.5,1021,49,6,406,6,538
evaluation__12437__denoise__random_walk__random_walk__l0.5,1024,50,2,1023,2,1023
evaluation__12437__denoise__confidence_boost__nes__l0.5,1021,49,2,661,2,775
evaluation__12437__denoise__boundary_probe__nes__l0.5,1021,48,2,510,2,664
evaluation__12437__denoise__counterfactual__nes__l0.5,1021,49,9,616,4,742
evaluation__12437__deblur__attack__nes__l1,1021,48,2,287,2,424
evaluation__12437__deblur__restore__nes__l1,1021,48,2,474,2,640
evaluation__12437__deblur__random_walk__random_walk__l1,1024,50,2,1023,2,1023
evaluation__12437__deblur__confidence_boost__nes__l1,1021,48,5,327,5,444
evaluation__12437__deblur__boundary_probe__nes__l1,1021,48,3,373,3,510
evaluation__12437__deblur__counterfactual__nes__l1,1021,49,4,625,4,763
evaluation__95__denoise__attack__nes__l0.5,1021,49,6,723,4,846
evaluation__95__denoise__restore__nes__l0.5,1021,48,6,608,6,752
evaluation__95__denoise__random_walk__random_walk__l0.5,1024,50,2,1023,2,1023
evaluation__95__denoise__confidence_boost__nes__l0.5,1021,49,2,663,2,794
evaluation__95__denoise__boundary_probe__nes__l0.5,1021,48,6,635,6,777
evaluation__95__denoise__counterfactual__nes__l0.5,1021,49,2,607,2,775
evaluation__95__deblur__attack__nes__l1,1021,49,5,723,5,846
evaluation__95__deblur__restore__nes__l1,1021,49,8,624,4,764
evaluation__95__deblur__random_walk__random_walk__l1,1024,50,2,1023,2,1023
evaluation__95__deblur__confidence_boost__nes__l1,1021,49,3,489,3,641
evaluation__95__deblur__boundary_probe__nes__l1,1021,49,5,532,5,662
evaluation__95__deblur__counterfactual__nes__l1,1021,48,3,543,3,691
evaluation__6392__denoise__attack__nes__l0.5,1021,48,4,626,3,753
evaluation__6392__denoise__restore__nes__l0.5,1021,48,8,491,3,646
evaluation__6392__denoise__random_walk__random_walk__l0.5,1024,50,2,1023,2,1023
evaluation__6392__denoise__confidence_boost__nes__l0.5,1021,49,2,754,2,856
evaluation__6392__denoise__boundary_probe__nes__l0.5,1021,49,8,738,3,861
evaluation__6392__denoise__counterfactual__nes__l0.5,1021,48,2,477,2,627
evaluation__6392__deblur__attack__nes__l1,1021,47,9,201,9,313
evaluation__6392__deblur__restore__nes__l1,1021,47,16,241,16,354
evaluation__6392__deblur__random_walk__random_walk__l1,1024,49,2,1023,2,1023
evaluation__6392__deblur__confidence_boost__nes__l1,1021,47,18,363,10,512
evaluation__6392__deblur__boundary_probe__nes__l1,1021,47,18,188,3,266
evaluation__6392__deblur__counterfactual__nes__l1,1021,48,13,286,13,406
evaluation__2618__denoise__attack__nes__l0.5,1021,48,8,469,8,613
evaluation__2618__denoise__restore__nes__l0.5,1021,49,7,367,6,497
evaluation__2618__denoise__random_walk__random_walk__l0.5,1024,49,2,1023,2,1023
evaluation__2618__denoise__confidence_boost__nes__l0.5,1021,46,4,267,4,411
evaluation__2618__denoise__boundary_probe__nes__l0.5,1021,48,2,250,2,370
evaluation__2618__denoise__counterfactual__nes__l0.5,1021,48,15,344,5,462
evaluation__2618__deblur__attack__nes__l1,1021,46,9,474,9,635
evaluation__2618__deblur__restore__nes__l1,1021,49,2,549,2,706
evaluation__2618__deblur__random_walk__random_walk__l1,1024,49,2,1023,2,1023
evaluation__2618__deblur__confidence_boost__nes__l1,1021,48,9,387,9,538
evaluation__2618__deblur__boundary_probe__nes__l1,1021,49,11,510,6,649
evaluation__2618__deblur__counterfactual__nes__l1,1021,47,10,361,5,529
evaluation__6302__denoise__attack__nes__l0.5,1021,48,2,767,2,871
evaluation__6302__denoise__restore__nes__l0.5,1021,49,2,863,2,937
evaluation__6302__denoise__random_walk__random_walk__l0.5,1024,49,2,1023,2,1023
evaluation__6302__denoise__confidence_boost__nes__l0.5,1021,48,3,851,2,932
evaluation__6302__denoise__boundary_probe__nes__l0.5,1021,48,5,672,5,815
evaluation__6302__denoise__counterfactual__nes__l0.5,1021,49,3,830,2,926
evaluation__6302__deblur__attack__nes__l1,1021,48,2,489,2,670
evaluation__6302__deblur__restore__nes__l1,1021,47,2,412,2,574
evaluation__6302__deblur__random_walk__random_walk__l1,1024,49,2,1023,2,1023
evaluation__6302__deblur__confidence_boost__nes__l1,1021,48,3,373,3,524
evaluation__6302__deblur__boundary_probe__nes__l1,1021,49,6,520,3,673
evaluation__6302__deblur__counterfactual__nes__l1,1021,49,2,563,2,701
evaluation__10316__denoise__attack__nes__l0.5,1021,48,2,483,2,648
evaluation__10316__denoise__restore__nes__l0.5,1021,49,4,358,4,494
evaluation__10316__denoise__random_walk__random_walk__l0.5,1024,49,2,1023,2,1023
evaluation__10316__denoise__confidence_boost__nes__l0.5,1021,48,7,433,7,583
evaluation__10316__denoise__boundary_probe__nes__l0.5,1021,49,2,292,2,430
evaluation__10316__denoise__counterfactual__nes__l0.5,1021,47,4,415,4,570
evaluation__10316__deblur__attack__nes__l1,1021,48,18,253,7,371
evaluation__10316__deblur__restore__nes__l1,1021,47,18,204,18,287
evaluation__10316__deblur__random_walk__random_walk__l1,1024,49,2,1023,2,1023
evaluation__10316__deblur__confidence_boost__nes__l1,1021,47,18,161,2,259
evaluation__10316__deblur__boundary_probe__nes__l1,1021,47,18,133,18,201
evaluation__10316__deblur__counterfactual__nes__l1,1021,49,18,258,18,372
evaluation__4778__denoise__attack__nes__l0.5,1021,49,6,535,6,690
evaluation__4778__denoise__restore__nes__l0.5,1021,48,5,574,4,724
evaluation__4778__denoise__random_walk__random_walk__l0.5,1024,49,2,1023,2,1023
evaluation__4778__denoise__confidence_boost__nes__l0.5,1021,48,3,624,3,770
evaluation__4778__denoise__boundary_probe__nes__l0.5,1021,48,5,587,5,714
evaluation__4778__denoise__counterfactual__nes__l0.5,1021,50,6,597,3,750
evaluation__4778__deblur__attack__nes__l1,1021,47,8,237,8,347
evaluation__4778__deblur__restore__nes__l1,1021,48,3,296,3,383
evaluation__4778__deblur__random_walk__random_walk__l1,1024,49,2,1023,2,1023
evaluation__4778__deblur__confidence_boost__nes__l1,1021,48,18,295,8,410
evaluation__4778__deblur__boundary_probe__nes__l1,1021,48,3,306,2,427
evaluation__4778__deblur__counterfactual__nes__l1,1021,48,18,406,18,542
evaluation__978__denoise__attack__nes__l0.5,1021,48,5,907,2,963
evaluation__978__denoise__restore__nes__l0.5,1021,49,2,890,2,954
evaluation__978__denoise__random_walk__random_walk__l0.5,1024,50,2,1023,2,1023
evaluation__978__denoise__confidence_boost__nes__l0.5,1021,49,2,910,2,977
evaluation__978__denoise__boundary_probe__nes__l0.5,1021,48,3,725,3,861
evaluation__978__denoise__counterfactual__nes__l0.5,1021,49,2,829,2,921
evaluation__978__deblur__attack__nes__l1,1021,49,2,741,2,850
evaluation__978__deblur__restore__nes__l1,1021,48,4,724,4,849
evaluation__978__deblur__random_walk__random_walk__l1,1024,50,2,1023,2,1023
evaluation__978__deblur__confidence_boost__nes__l1,1021,48,3,531,3,681
evaluation__978__deblur__boundary_probe__nes__l1,1021,48,2,738,2,859
evaluation__978__deblur__counterfactual__nes__l1,1021,48,11,609,9,747
evaluation__3975__denoise__attack__nes__l0.5,1021,48,2,466,2,607
evaluation__3975__denoise__restore__nes__l0.5,1021,48,2,643,2,779
evaluation__3975__denoise__random_walk__random_walk__l0.5,1024,49,2,1023,2,1023
evaluation__3975__denoise__confidence_boost__nes__l0.5,1021,48,2,518,2,666
evaluation__3975__denoise__boundary_probe__nes__l0.5,1021,48,8,434,2,605
evaluation__3975__denoise__counterfactual__nes__l0.5,1021,50,3,455,3,597
evaluation__3975__deblur__attack__nes__l1,1021,48,2,843,2,915
evaluation__3975__deblur__restore__nes__l1,1021,49,2,733,2,836
evaluation__3975__deblur__random_walk__random_walk__l1,1024,50,2,1023,2,1023
evaluation__3975__deblur__confidence_boost__nes__l1,1021,48,2,744,2,862
evaluation__3975__deblur__boundary_probe__nes__l1,1021,49,2,838,2,939
evaluation__3975__deblur__counterfactual__nes__l1,1021,49,3,728,3,844
evaluation__10419__denoise__attack__nes__l0.5,1021,48,12,361,12,473
evaluation__10419__denoise__restore__nes__l0.5,1021,48,5,298,2,417
evaluation__10419__denoise__random_walk__random_walk__l0.5,1024,50,2,1023,2,1023
evaluation__10419__denoise__confidence_boost__nes__l0.5,1021,47,5,356,5,488
evaluation__10419__denoise__boundary_probe__nes__l0.5,1021,49,4,444,4,588
evaluation__10419__denoise__counterfactual__nes__l0.5,1021,48,3,334,3,486
evaluation__10419__deblur__attack__nes__l1,1021,48,4,207,3,329
evaluation__10419__deblur__restore__nes__l1,1021,48,13,281,11,426
evaluation__10419__deblur__random_walk__random_walk__l1,1024,49,2,1023,2,1023
evaluation__10419__deblur__confidence_boost__nes__l1,1021,47,18,283,14,412
evaluation__10419__deblur__boundary_probe__nes__l1,1021,48,18,178,2,277
evaluation__10419__deblur__counterfactual__nes__l1,1021,47,12,237,12,331
evaluation__10713__denoise__attack__nes__l0.5,1021,48,18,255,8,382
evaluation__10713__denoise__restore__nes__l0.5,1021,48,18,417,15,547
evaluation__10713__denoise__random_walk__random_walk__l0.5,1024,49,2,1023,2,1023
evaluation__10713__denoise__confidence_boost__nes__l0.5,1021,47,18,384,18,555
evaluation__10713__denoise__boundary_probe__nes__l0.5,1021,49,9,365,9,499
evaluation__10713__denoise__counterfactual__nes__l0.5,1021,49,18,437,5,578
evaluation__10713__deblur__attack__nes__l1,1021,47,3,355,3,487
evaluation__10713__deblur__restore__nes__l1,1021,49,5,618,2,770
evaluation__10713__deblur__random_walk__random_walk__l1,1024,49,2,1023,2,1023
evaluation__10713__deblur__confidence_boost__nes__l1,1021,49,6,517,6,667
evaluation__10713__deblur__boundary_probe__nes__l1,1021,48,3,688,3,814
evaluation__10713__deblur__counterfactual__nes__l1,1021,49,7,536,5,698
fit__12288__denoise__attack__nes__l0.5,1021,49,2,647,2,774
fit__12288__denoise__restore__nes__l0.5,1021,49,2,689,2,807
fit__12288__denoise__random_walk__random_walk__l0.5,1024,49,2,1023,2,1023
fit__12288__denoise__confidence_boost__nes__l0.5,1021,48,5,549,2,692
fit__12288__denoise__boundary_probe__nes__l0.5,1021,49,4,591,3,731
fit__12288__denoise__counterfactual__nes__l0.5,1021,49,6,627,6,768
fit__12288__deblur__attack__nes__l1,1021,48,5,240,5,370
fit__12288__deblur__restore__nes__l1,1021,48,13,201,13,287
fit__12288__deblur__random_walk__random_walk__l1,1024,50,2,1023,2,1023
fit__12288__deblur__confidence_boost__nes__l1,1021,48,18,218,4,325
fit__12288__deblur__boundary_probe__nes__l1,1021,49,18,360,5,460
fit__12288__deblur__counterfactual__nes__l1,1021,48,5,230,5,338
fit__9651__denoise__attack__nes__l0.5,1021,48,3,450,3,600
fit__9651__denoise__restore__nes__l0.5,1021,48,11,229,9,341
fit__9651__denoise__random_walk__random_walk__l0.5,1024,49,2,1023,2,1023
fit__9651__denoise__confidence_boost__nes__l0.5,1021,47,3,447,3,588
fit__9651__denoise__boundary_probe__nes__l0.5,1021,49,2,556,2,700
fit__9651__denoise__counterfactual__nes__l0.5,1021,47,3,438,3,584
fit__9651__deblur__attack__nes__l1,1021,50,12,303,12,445
fit__9651__deblur__restore__nes__l1,1021,47,4,444,4,586
fit__9651__deblur__random_walk__random_walk__l1,1024,49,2,1023,2,1023
fit__9651__deblur__confidence_boost__nes__l1,1021,49,5,556,2,721
fit__9651__deblur__boundary_probe__nes__l1,1021,49,14,404,2,561
fit__9651__deblur__counterfactual__nes__l1,1021,48,5,358,5,515
fit__1521__denoise__attack__nes__l0.5,1021,48,15,212,7,331
fit__1521__denoise__restore__nes__l0.5,1021,48,4,217,4,340
fit__1521__denoise__random_walk__random_walk__l0.5,1024,50,2,1023,2,1023
fit__1521__denoise__confidence_boost__nes__l0.5,1021,48,8,260,2,378
fit__1521__denoise__boundary_probe__nes__l0.5,1021,48,18,323,18,447
fit__1521__denoise__counterfactual__nes__l0.5,1021,47,8,222,8,342
fit__1521__deblur__attack__nes__l1,1021,48,5,461,3,610
fit__1521__deblur__restore__nes__l1,1021,48,2,580,2,731
fit__1521__deblur__random_walk__random_walk__l1,1024,50,2,1023,2,1023
fit__1521__deblur__confidence_boost__nes__l1,1021,48,3,782,2,892
fit__1521__deblur__boundary_probe__nes__l1,1021,48,2,699,2,825
fit__1521__deblur__counterfactual__nes__l1,1021,49,2,718,2,837
fit__10190__denoise__attack__nes__l0.5,1021,48,18,312,18,440
fit__10190__denoise__restore__nes__l0.5,1021,48,18,288,18,404
fit__10190__denoise__random_walk__random_walk__l0.5,1024,49,2,1023,2,1023
fit__10190__denoise__confidence_boost__nes__l0.5,1021,47,18,163,18,221
fit__10190__denoise__boundary_probe__nes__l0.5,1021,48,8,146,8,213
fit__10190__denoise__counterfactual__nes__l0.5,1021,48,18,362,18,498
fit__10190__deblur__attack__nes__l1,1021,47,5,321,3,451
fit__10190__deblur__restore__nes__l1,1021,48,3,470,3,611
fit__10190__deblur__random_walk__random_walk__l1,1024,49,2,1023,2,1023
fit__10190__deblur__confidence_boost__nes__l1,1021,48,4,428,4,558
fit__10190__deblur__boundary_probe__nes__l1,1021,47,3,499,3,641
fit__10190__deblur__counterfactual__nes__l1,1021,47,2,464,2,612
fit__5826__denoise__attack__nes__l0.5,1021,48,4,357,4,482
fit__5826__denoise__restore__nes__l0.5,1021,48,11,418,11,561
fit__5826__denoise__random_walk__random_walk__l0.5,1024,49,2,1023,2,1023
fit__5826__denoise__confidence_boost__nes__l0.5,1021,48,3,411,3,561
fit__5826__denoise__boundary_probe__nes__l0.5,1021,48,4,402,4,549
fit__5826__denoise__counterfactual__nes__l0.5,1021,47,18,273,10,400
fit__5826__deblur__attack__nes__l1,1021,47,18,109,18,178
fit__5826__deblur__restore__nes__l1,1021,46,18,127,18,174
fit__5826__deblur__random_walk__random_walk__l1,1024,49,2,1023,2,1023
fit__5826__deblur__confidence_boost__nes__l1,1021,48,18,177,18,248
fit__5826__deblur__boundary_probe__nes__l1,1021,48,18,173,18,243
fit__5826__deblur__counterfactual__nes__l1,1021,47,18,138,18,206
fit__5549__denoise__attack__nes__l0.5,1021,50,16,510,3,686
fit__5549__denoise__restore__nes__l0.5,1021,48,8,491,8,629
fit__5549__denoise__random_walk__random_walk__l0.5,1024,49,2,1023,2,1023
fit__5549__denoise__confidence_boost__nes__l0.5,1021,49,3,498,3,664
fit__5549__denoise__boundary_probe__nes__l0.5,1021,49,8,459,5,590
fit__5549__denoise__counterfactual__nes__l0.5,1021,47,3,558,3,703
fit__5549__deblur__attack__nes__l1,1021,49,3,262,3,397
fit__5549__deblur__restore__nes__l1,1021,48,4,397,4,540
fit__5549__deblur__random_walk__random_walk__l1,1024,50,2,1023,2,1023
fit__5549__deblur__confidence_boost__nes__l1,1021,48,11,368,11,485
fit__5549__deblur__boundary_probe__nes__l1,1021,48,7,439,5,564
fit__5549__deblur__counterfactual__nes__l1,1021,47,18,357,2,495
fit__4437__denoise__attack__nes__l0.5,1021,48,3,892,3,968
fit__4437__denoise__restore__nes__l0.5,1021,48,2,863,2,933
fit__4437__denoise__random_walk__random_walk__l0.5,1024,49,2,1023,2,1023
fit__4437__denoise__confidence_boost__nes__l0.5,1021,48,2,698,2,825
fit__4437__denoise__boundary_probe__nes__l0.5,1021,49,2,921,2,981
fit__4437__denoise__counterfactual__nes__l0.5,1021,48,3,893,3,969
fit__4437__deblur__attack__nes__l1,1021,48,4,407,2,561
fit__4437__deblur__restore__nes__l1,1021,48,3,513,3,688
fit__4437__deblur__random_walk__random_walk__l1,1024,50,2,1023,2,1023
fit__4437__deblur__confidence_boost__nes__l1,1021,48,2,535,2,707
fit__4437__deblur__boundary_probe__nes__l1,1021,49,2,442,2,602
fit__4437__deblur__counterfactual__nes__l1,1021,48,4,436,4,591
fit__8480__denoise__attack__nes__l0.5,1021,48,10,159,10,243
fit__8480__denoise__restore__nes__l0.5,1021,49,8,415,8,558
fit__8480__denoise__random_walk__random_walk__l0.5,1024,49,2,1023,2,1023
fit__8480__denoise__confidence_boost__nes__l0.5,1021,48,3,298,3,413
fit__8480__denoise__boundary_probe__nes__l0.5,1021,49,2,429,2,564
fit__8480__denoise__counterfactual__nes__l0.5,1021,48,4,160,4,239
fit__8480__deblur__attack__nes__l1,1021,48,9,609,3,751
fit__8480__deblur__restore__nes__l1,1021,47,7,580,7,721
fit__8480__deblur__random_walk__random_walk__l1,1024,49,2,1023,2,1023
fit__8480__deblur__confidence_boost__nes__l1,1021,49,12,314,12,434
fit__8480__deblur__boundary_probe__nes__l1,1021,48,13,475,3,632
fit__8480__deblur__counterfactual__nes__l1,1021,47,18,371,4,523
fit__5498__denoise__attack__nes__l0.5,1021,48,9,241,9,319
fit__5498__denoise__restore__nes__l0.5,1021,47,5,363,5,497
fit__5498__denoise__random_walk__random_walk__l0.5,1024,49,2,1023,2,1023
fit__5498__denoise__confidence_boost__nes__l0.5,1021,48,11,402,6,547
fit__5498__denoise__boundary_probe__nes__l0.5,1021,50,9,380,9,509
fit__5498__denoise__counterfactual__nes__l0.5,1021,48,5,395,5,527
fit__5498__deblur__attack__nes__l1,1021,48,12,390,7,563
fit__5498__deblur__restore__nes__l1,1021,48,10,391,4,512
fit__5498__deblur__random_walk__random_walk__l1,1024,50,2,1023,2,1023
fit__5498__deblur__confidence_boost__nes__l1,1021,49,4,285,3,392
fit__5498__deblur__boundary_probe__nes__l1,1021,48,9,346,5,488
fit__5498__deblur__counterfactual__nes__l1,1021,48,12,228,12,347
fit__5620__denoise__attack__nes__l0.5,1021,49,2,720,2,832
fit__5620__denoise__restore__nes__l0.5,1021,47,2,577,2,709
fit__5620__denoise__random_walk__random_walk__l0.5,1024,50,2,1023,2,1023
fit__5620__denoise__confidence_boost__nes__l0.5,1021,48,5,579,2,728
fit__5620__denoise__boundary_probe__nes__l0.5,1021,48,7,752,2,867
fit__5620__denoise__counterfactual__nes__l0.5,1021,50,3,797,3,890
fit__5620__deblur__attack__nes__l1,1021,48,7,273,7,395
fit__5620__deblur__restore__nes__l1,1021,49,18,375,18,516
fit__5620__deblur__random_walk__random_walk__l1,1024,49,2,1023,2,1023
fit__5620__deblur__confidence_boost__nes__l1,1021,47,18,322,8,473
fit__5620__deblur__boundary_probe__nes__l1,1021,49,9,344,3,460
fit__5620__deblur__counterfactual__nes__l1,1021,48,2,407,2,539
fit__12626__denoise__attack__nes__l0.5,1021,47,18,437,3,596
fit__12626__denoise__restore__nes__l0.5,1021,49,17,506,7,649
fit__12626__denoise__random_walk__random_walk__l0.5,1024,49,2,1023,2,1023
fit__12626__denoise__confidence_boost__nes__l0.5,1021,49,3,406,3,546
fit__12626__denoise__boundary_probe__nes__l0.5,1021,49,3,751,3,862
fit__12626__denoise__counterfactual__nes__l0.5,1021,47,3,394,3,548
fit__12626__deblur__attack__nes__l1,1021,50,4,604,4,726
fit__12626__deblur__restore__nes__l1,1021,47,11,452,11,602
fit__12626__deblur__random_walk__random_walk__l1,1024,49,2,1023,2,1023
fit__12626__deblur__confidence_boost__nes__l1,1021,48,3,338,3,460
fit__12626__deblur__boundary_probe__nes__l1,1021,48,14,348,7,472
fit__12626__deblur__counterfactual__nes__l1,1021,49,9,368,8,506
fit__2299__denoise__attack__nes__l0.5,1021,47,12,467,4,628
fit__2299__denoise__restore__nes__l0.5,1021,47,9,638,9,778
fit__2299__denoise__random_walk__random_walk__l0.5,1024,50,2,1023,2,1023
fit__2299__denoise__confidence_boost__nes__l0.5,1021,48,6,488,2,644
fit__2299__denoise__boundary_probe__nes__l0.5,1021,48,6,421,5,565
fit__2299__denoise__counterfactual__nes__l0.5,1021,48,9,501,9,627
fit__2299__deblur__attack__nes__l1,1021,49,5,217,5,337
fit__2299__deblur__restore__nes__l1,1021,49,3,321,3,448
fit__2299__deblur__random_walk__random_walk__l1,1024,49,2,1023,2,1023
fit__2299__deblur__confidence_boost__nes__l1,1021,48,2,231,2,329
fit__2299__deblur__boundary_probe__nes__l1,1021,49,5,350,5,479
fit__2299__deblur__counterfactual__nes__l1,1021,48,18,176,6,283
fit__12612__denoise__attack__nes__l0.5,1021,49,2,625,2,770
fit__12612__denoise__restore__nes__l0.5,1021,49,5,586,5,720
fit__12612__denoise__random_walk__random_walk__l0.5,1024,50,2,1023,2,1023
fit__12612__denoise__confidence_boost__nes__l0.5,1021,49,6,534,6,677
fit__12612__denoise__boundary_probe__nes__l0.5,1021,48,3,411,2,547
fit__12612__denoise__counterfactual__nes__l0.5,1021,48,2,370,2,531
fit__12612__deblur__attack__nes__l1,1021,48,18,268,18,385
fit__12612__deblur__restore__nes__l1,1021,48,18,156,2,239
fit__12612__deblur__random_walk__random_walk__l1,1024,49,2,1023,2,1023
fit__12612__deblur__confidence_boost__nes__l1,1021,47,18,182,13,263
fit__12612__deblur__boundary_probe__nes__l1,1021,48,11,210,11,310
fit__12612__deblur__counterfactual__nes__l1,1021,47,16,174,13,266
fit__7949__denoise__attack__nes__l0.5,1021,49,18,359,5,497
fit__7949__denoise__restore__nes__l0.5,1021,48,4,505,4,632
fit__7949__denoise__random_walk__random_walk__l0.5,1024,50,2,1023,2,1023
fit__7949__denoise__confidence_boost__nes__l0.5,1021,48,12,380,11,522
fit__7949__denoise__boundary_probe__nes__l0.5,1021,48,9,286,7,428
fit__7949__denoise__counterfactual__nes__l0.5,1021,48,5,317,5,462
fit__7949__deblur__attack__nes__l1,1021,48,2,437,2,562
fit__7949__deblur__restore__nes__l1,1021,48,3,323,3,433
fit__7949__deblur__random_walk__random_walk__l1,1024,49,2,1023,2,1023
fit__7949__deblur__confidence_boost__nes__l1,1021,48,18,365,18,478
fit__7949__deblur__boundary_probe__nes__l1,1021,48,18,405,3,564
fit__7949__deblur__counterfactual__nes__l1,1021,49,15,541,5,674
