part,image,stream,variant,first_alarm,largest,largest_in_first_50,seq50_flag,seq50_flag_lag5,start,query_sha256
A,868,simba,frozen,15,1023,50,True,True,,
A,868,simba,salt_unit,15,1023,50,True,True,,
A,868,simba,literal_fixed,15,1023,50,True,True,,
A,868,simba,literal_fresh,-1,2,1,False,False,,
A,868,square,frozen,15,1024,50,True,True,,
A,868,square,salt_unit,15,1024,50,True,True,,
A,868,square,literal_fixed,15,1024,50,True,True,,
A,868,square,literal_fresh,-1,1,1,False,False,,
A,868,shuffled,frozen,-1,1,1,False,False,,
A,868,shuffled,salt_unit,-1,1,1,False,False,,
A,868,shuffled,literal_fixed,-1,1,1,False,False,,
A,868,shuffled,literal_fresh,-1,1,1,False,False,,
A,868,noise,frozen,-1,1,1,False,False,,
A,868,noise,salt_unit,-1,1,1,False,False,,
A,868,noise,literal_fixed,-1,1,1,False,False,,
A,868,noise,literal_fresh,-1,1,1,False,False,,
A,868,sweep,frozen,144,197,6,False,False,,
A,868,sweep,salt_unit,150,166,5,False,False,,
A,868,sweep,literal_fixed,150,250,4,False,False,,
A,868,sweep,literal_fresh,-1,1,1,False,False,,
A,868,noise_small,frozen,701,1024,50,False,False,,
A,868,noise_small,salt_unit,701,1024,50,False,False,,
A,868,noise_small,literal_fixed,701,1024,50,False,False,,
A,868,noise_small,literal_fresh,-1,14,1,False,False,,
A,1617,simba,frozen,23,1023,50,True,True,,
A,1617,simba,salt_unit,23,1023,50,True,True,,
A,1617,simba,literal_fixed,23,1023,50,True,True,,
A,1617,simba,literal_fresh,196,828,1,False,False,,
A,1617,square,frozen,21,1024,50,True,True,,
A,1617,square,salt_unit,21,1024,50,True,True,,
A,1617,square,literal_fixed,21,1024,50,True,True,,
A,1617,square,literal_fresh,725,288,1,False,False,,
A,1617,shuffled,frozen,-1,1,1,False,False,,
A,1617,shuffled,salt_unit,-1,1,1,False,False,,
A,1617,shuffled,literal_fixed,-1,1,1,False,False,,
A,1617,shuffled,literal_fresh,-1,1,1,False,False,,
A,1617,noise,frozen,-1,1,1,False,False,,
A,1617,noise,salt_unit,-1,1,1,False,False,,
A,1617,noise,literal_fixed,-1,1,1,False,False,,
A,1617,noise,literal_fresh,-1,1,1,False,False,,
A,1617,sweep,frozen,90,308,10,False,False,,
A,1617,sweep,salt_unit,171,123,5,False,False,,
A,1617,sweep,literal_fixed,171,139,6,False,False,,
A,1617,sweep,literal_fresh,-1,1,1,False,False,,
A,1617,noise_small,frozen,45,1024,50,True,False,,
A,1617,noise_small,salt_unit,45,1024,50,True,False,,
A,1617,noise_small,literal_fixed,45,1024,50,True,False,,
A,1617,noise_small,literal_fresh,-1,811,1,False,False,,
A,1735,simba,frozen,20,1023,50,True,True,,
A,1735,simba,salt_unit,20,1023,50,True,True,,
A,1735,simba,literal_fixed,20,1023,50,True,True,,
A,1735,simba,literal_fresh,-1,1,1,False,False,,
A,1735,square,frozen,15,1024,50,True,True,,
A,1735,square,salt_unit,15,1024,50,True,True,,
A,1735,square,literal_fixed,15,1024,50,True,True,,
A,1735,square,literal_fresh,-1,1,1,False,False,,
A,1735,shuffled,frozen,-1,2,1,False,False,,
A,1735,shuffled,salt_unit,-1,1,1,False,False,,
A,1735,shuffled,literal_fixed,-1,1,1,False,False,,
A,1735,shuffled,literal_fresh,-1,1,1,False,False,,
A,1735,noise,frozen,-1,1,1,False,False,,
A,1735,noise,salt_unit,-1,1,1,False,False,,
A,1735,noise,literal_fixed,-1,1,1,False,False,,
A,1735,noise,literal_fresh,-1,1,1,False,False,,
A,1735,sweep,frozen,58,351,8,False,False,,
A,1735,sweep,salt_unit,45,378,16,True,True,,
A,1735,sweep,literal_fixed,45,331,16,True,True,,
A,1735,sweep,literal_fresh,-1,1,1,False,False,,
A,1735,noise_small,frozen,-1,1024,50,False,False,,
A,1735,noise_small,salt_unit,-1,1024,50,False,False,,
A,1735,noise_small,literal_fixed,-1,1024,50,False,False,,
A,1735,noise_small,literal_fresh,-1,1,1,False,False,,
A,1819,simba,frozen,15,1023,50,True,True,,
A,1819,simba,salt_unit,15,1023,50,True,True,,
A,1819,simba,literal_fixed,15,1023,50,True,True,,
A,1819,simba,literal_fresh,81,954,1,False,False,,
A,1819,square,frozen,15,1024,50,True,True,,
A,1819,square,salt_unit,15,1024,50,True,True,,
A,1819,square,literal_fixed,15,1024,50,True,True,,
A,1819,square,literal_fresh,633,444,1,False,False,,
A,1819,shuffled,frozen,-1,1,1,False,False,,
A,1819,shuffled,salt_unit,-1,1,1,False,False,,
A,1819,shuffled,literal_fixed,-1,1,1,False,False,,
A,1819,shuffled,literal_fresh,-1,1,1,False,False,,
A,1819,noise,frozen,-1,1,1,False,False,,
A,1819,noise,salt_unit,-1,1,1,False,False,,
A,1819,noise,literal_fixed,-1,1,1,False,False,,
A,1819,noise,literal_fresh,-1,1,1,False,False,,
A,1819,sweep,frozen,-1,3,2,False,False,,
A,1819,sweep,salt_unit,73,191,10,False,False,,
A,1819,sweep,literal_fixed,72,189,11,False,False,,
A,1819,sweep,literal_fresh,-1,1,1,False,False,,
A,1819,noise_small,frozen,-1,1024,50,False,False,,
A,1819,noise_small,salt_unit,-1,1024,50,False,False,,
A,1819,noise_small,literal_fixed,-1,1024,50,False,False,,
A,1819,noise_small,literal_fresh,-1,934,1,False,False,,
A,3302,simba,frozen,15,1023,50,True,True,,
A,3302,simba,salt_unit,15,1023,50,True,True,,
A,3302,simba,literal_fixed,15,1023,50,True,True,,
A,3302,simba,literal_fresh,146,883,1,False,False,,
A,3302,square,frozen,21,1024,50,True,True,,
A,3302,square,salt_unit,21,1024,50,True,True,,
A,3302,square,literal_fixed,21,1024,50,True,True,,
A,3302,square,literal_fresh,290,743,1,False,False,,
A,3302,shuffled,frozen,-1,1,1,False,False,,
A,3302,shuffled,salt_unit,-1,1,1,False,False,,
A,3302,shuffled,literal_fixed,-1,1,1,False,False,,
A,3302,shuffled,literal_fresh,-1,1,1,False,False,,
A,3302,noise,frozen,-1,1,1,False,False,,
A,3302,noise,salt_unit,-1,1,1,False,False,,
A,3302,noise,literal_fixed,-1,1,1,False,False,,
A,3302,noise,literal_fresh,-1,1,1,False,False,,
A,3302,sweep,frozen,154,162,3,False,False,,
A,3302,sweep,salt_unit,165,181,4,False,False,,
A,3302,sweep,literal_fixed,195,123,4,False,False,,
A,3302,sweep,literal_fresh,-1,1,1,False,False,,
A,3302,noise_small,frozen,-1,1024,50,False,False,,
A,3302,noise_small,salt_unit,-1,1024,50,False,False,,
A,3302,noise_small,literal_fixed,-1,1024,50,False,False,,
A,3302,noise_small,literal_fresh,-1,879,1,False,False,,
A,231,simba,frozen,18,1023,50,True,True,,
A,231,simba,salt_unit,18,1023,50,True,True,,
A,231,simba,literal_fixed,18,1023,50,True,True,,
A,231,simba,literal_fresh,127,908,1,False,False,,
A,231,square,frozen,16,1024,50,True,True,,
A,231,square,salt_unit,16,1024,50,True,True,,
A,231,square,literal_fixed,16,1024,50,True,True,,
A,231,square,literal_fresh,550,494,1,False,False,,
A,231,shuffled,frozen,-1,2,1,False,False,,
A,231,shuffled,salt_unit,-1,2,1,False,False,,
A,231,shuffled,literal_fixed,-1,1,1,False,False,,
A,231,shuffled,literal_fresh,-1,1,1,False,False,,
A,231,noise,frozen,-1,1,1,False,False,,
A,231,noise,salt_unit,-1,1,1,False,False,,
A,231,noise,literal_fixed,-1,1,1,False,False,,
A,231,noise,literal_fresh,-1,1,1,False,False,,
A,231,sweep,frozen,382,66,2,False,False,,
A,231,sweep,salt_unit,133,153,6,False,False,,
A,231,sweep,literal_fixed,134,196,6,False,False,,
A,231,sweep,literal_fresh,-1,1,1,False,False,,
A,231,noise_small,frozen,23,1024,50,False,False,,
A,231,noise_small,salt_unit,23,1024,50,False,False,,
A,231,noise_small,literal_fixed,23,1024,50,False,False,,
A,231,noise_small,literal_fresh,-1,818,1,False,False,,
A,738,simba,frozen,15,1023,50,True,True,,
A,738,simba,salt_unit,15,1023,50,True,True,,
A,738,simba,literal_fixed,15,1023,50,True,True,,
A,738,simba,literal_fresh,64,956,8,False,False,,
A,738,square,frozen,23,1024,50,True,True,,
A,738,square,salt_unit,23,1024,50,True,True,,
A,738,square,literal_fixed,23,1024,50,True,True,,
A,738,square,literal_fresh,296,752,1,False,False,,
A,738,shuffled,frozen,-1,1,1,False,False,,
A,738,shuffled,salt_unit,-1,1,1,False,False,,
A,738,shuffled,literal_fixed,-1,1,1,False,False,,
A,738,shuffled,literal_fresh,-1,1,1,False,False,,
A,738,noise,frozen,-1,1,1,False,False,,
A,738,noise,salt_unit,-1,1,1,False,False,,
A,738,noise,literal_fixed,-1,1,1,False,False,,
A,738,noise,literal_fresh,-1,1,1,False,False,,
A,738,sweep,frozen,158,100,4,False,False,,
A,738,sweep,salt_unit,149,195,8,False,False,,
A,738,sweep,literal_fixed,148,188,7,False,False,,
A,738,sweep,literal_fresh,-1,2,1,False,False,,
A,738,noise_small,frozen,-1,1024,50,False,False,,
A,738,noise_small,salt_unit,-1,1024,50,False,False,,
A,738,noise_small,literal_fixed,-1,1024,50,False,False,,
A,738,noise_small,literal_fresh,-1,957,8,False,False,,
A,2009,simba,frozen,17,1023,50,True,True,,
A,2009,simba,salt_unit,17,1023,50,True,True,,
A,2009,simba,literal_fixed,17,1023,50,True,True,,
A,2009,simba,literal_fresh,457,562,1,False,False,,
A,2009,square,frozen,29,1024,50,True,True,,
A,2009,square,salt_unit,29,1024,50,True,True,,
A,2009,square,literal_fixed,29,1024,50,True,True,,
A,2009,square,literal_fresh,421,605,1,False,False,,
A,2009,shuffled,frozen,-1,1,1,False,False,,
A,2009,shuffled,salt_unit,-1,1,1,False,False,,
A,2009,shuffled,literal_fixed,-1,1,1,False,False,,
A,2009,shuffled,literal_fresh,-1,1,1,False,False,,
A,2009,noise,frozen,-1,1,1,False,False,,
A,2009,noise,salt_unit,-1,1,1,False,False,,
A,2009,noise,literal_fixed,-1,1,1,False,False,,
A,2009,noise,literal_fresh,-1,1,1,False,False,,
A,2009,sweep,frozen,148,168,5,False,False,,
A,2009,sweep,salt_unit,136,165,6,False,False,,
A,2009,sweep,literal_fixed,136,168,6,False,False,,
A,2009,sweep,literal_fresh,-1,1,1,False,False,,
A,2009,noise_small,frozen,-1,1024,50,False,False,,
A,2009,noise_small,salt_unit,-1,1024,50,False,False,,
A,2009,noise_small,literal_fixed,-1,1024,50,False,False,,
A,2009,noise_small,literal_fresh,379,691,1,False,False,,
A,2712,simba,frozen,17,1023,50,True,True,,
A,2712,simba,salt_unit,17,1023,50,True,True,,
A,2712,simba,literal_fixed,17,1023,50,True,True,,
A,2712,simba,literal_fresh,429,564,1,False,False,,
A,2712,square,frozen,32,1024,50,True,True,,
A,2712,square,salt_unit,32,1024,50,True,True,,
A,2712,square,literal_fixed,32,1024,50,True,True,,
A,2712,square,literal_fresh,-1,1,1,False,False,,
A,2712,shuffled,frozen,-1,1,1,False,False,,
A,2712,shuffled,salt_unit,-1,2,1,False,False,,
A,2712,shuffled,literal_fixed,-1,1,1,False,False,,
A,2712,shuffled,literal_fresh,-1,1,1,False,False,,
A,2712,noise,frozen,-1,1,1,False,False,,
A,2712,noise,salt_unit,-1,1,1,False,False,,
A,2712,noise,literal_fixed,-1,1,1,False,False,,
A,2712,noise,literal_fresh,-1,1,1,False,False,,
A,2712,sweep,frozen,-1,3,1,False,False,,
A,2712,sweep,salt_unit,100,194,8,False,False,,
A,2712,sweep,literal_fixed,165,148,6,False,False,,
A,2712,sweep,literal_fresh,-1,1,1,False,False,,
A,2712,noise_small,frozen,-1,1024,50,False,False,,
A,2712,noise_small,salt_unit,-1,1024,50,False,False,,
A,2712,noise_small,literal_fixed,-1,1024,50,False,False,,
A,2712,noise_small,literal_fresh,-1,639,1,False,False,,
A,3028,simba,frozen,15,1023,50,True,True,,
A,3028,simba,salt_unit,15,1023,50,True,True,,
A,3028,simba,literal_fixed,15,1023,50,True,True,,
A,3028,simba,literal_fresh,-1,2,1,False,False,,
A,3028,square,frozen,19,1024,50,True,True,,
A,3028,square,salt_unit,19,1024,50,True,True,,
A,3028,square,literal_fixed,19,1024,50,True,True,,
A,3028,square,literal_fresh,-1,1,1,False,False,,
A,3028,shuffled,frozen,-1,1,1,False,False,,
A,3028,shuffled,salt_unit,-1,1,1,False,False,,
A,3028,shuffled,literal_fixed,-1,1,1,False,False,,
A,3028,shuffled,literal_fresh,-1,1,1,False,False,,
A,3028,noise,frozen,-1,1,1,False,False,,
A,3028,noise,salt_unit,-1,1,1,False,False,,
A,3028,noise,literal_fixed,-1,1,1,False,False,,
A,3028,noise,literal_fresh,-1,1,1,False,False,,
A,3028,sweep,frozen,190,138,2,False,False,,
A,3028,sweep,salt_unit,173,208,5,False,False,,
A,3028,sweep,literal_fixed,171,175,6,False,False,,
A,3028,sweep,literal_fresh,-1,1,1,False,False,,
A,3028,noise_small,frozen,-1,1024,50,False,False,,
A,3028,noise_small,salt_unit,-1,1024,50,False,False,,
A,3028,noise_small,literal_fixed,-1,1024,50,False,False,,
A,3028,noise_small,literal_fresh,-1,308,1,False,False,,
A,603,simba,frozen,17,1023,50,True,True,,
A,603,simba,salt_unit,17,1023,50,True,True,,
A,603,simba,literal_fixed,17,1023,50,True,True,,
A,603,simba,literal_fresh,523,425,1,False,False,,
A,603,square,frozen,15,1024,50,True,True,,
A,603,square,salt_unit,15,1024,50,True,True,,
A,603,square,literal_fixed,15,1024,50,True,True,,
A,603,square,literal_fresh,-1,1,1,False,False,,
A,603,shuffled,frozen,-1,1,1,False,False,,
A,603,shuffled,salt_unit,-1,1,1,False,False,,
A,603,shuffled,literal_fixed,-1,1,1,False,False,,
A,603,shuffled,literal_fresh,-1,1,1,False,False,,
A,603,noise,frozen,-1,1,1,False,False,,
A,603,noise,salt_unit,-1,1,1,False,False,,
A,603,noise,literal_fixed,-1,1,1,False,False,,
A,603,noise,literal_fresh,-1,1,1,False,False,,
A,603,sweep,frozen,124,282,5,False,False,,
A,603,sweep,salt_unit,110,327,9,False,False,,
A,603,sweep,literal_fixed,208,189,2,False,False,,
A,603,sweep,literal_fresh,-1,1,1,False,False,,
A,603,noise_small,frozen,-1,1024,50,False,False,,
A,603,noise_small,salt_unit,-1,1024,50,False,False,,
A,603,noise_small,literal_fixed,-1,1024,50,False,False,,
A,603,noise_small,literal_fresh,-1,423,1,False,False,,
A,1451,simba,frozen,17,1023,50,True,True,,
A,1451,simba,salt_unit,17,1023,50,True,True,,
A,1451,simba,literal_fixed,17,1023,50,True,True,,
A,1451,simba,literal_fresh,552,439,1,False,False,,
A,1451,square,frozen,15,1024,50,True,True,,
A,1451,square,salt_unit,15,1024,50,True,True,,
A,1451,square,literal_fixed,15,1024,50,True,True,,
A,1451,square,literal_fresh,-1,1,1,False,False,,
A,1451,shuffled,frozen,-1,1,1,False,False,,
A,1451,shuffled,salt_unit,-1,2,1,False,False,,
A,1451,shuffled,literal_fixed,-1,1,1,False,False,,
A,1451,shuffled,literal_fresh,-1,1,1,False,False,,
A,1451,noise,frozen,-1,1,1,False,False,,
A,1451,noise,salt_unit,-1,1,1,False,False,,
A,1451,noise,literal_fixed,-1,1,1,False,False,,
A,1451,noise,literal_fresh,-1,1,1,False,False,,
A,1451,sweep,frozen,-1,2,1,False,False,,
A,1451,sweep,salt_unit,-1,3,2,False,False,,
A,1451,sweep,literal_fixed,-1,3,1,False,False,,
A,1451,sweep,literal_fresh,-1,1,1,False,False,,
A,1451,noise_small,frozen,258,1024,50,False,False,,
A,1451,noise_small,salt_unit,258,1024,50,False,False,,
A,1451,noise_small,literal_fixed,258,1024,50,False,False,,
A,1451,noise_small,literal_fresh,-1,410,1,False,False,,
A,2073,simba,frozen,17,1023,50,True,True,,
A,2073,simba,salt_unit,17,1023,50,True,True,,
A,2073,simba,literal_fixed,17,1023,50,True,True,,
A,2073,simba,literal_fresh,-1,1,1,False,False,,
A,2073,square,frozen,15,1024,50,True,True,,
A,2073,square,salt_unit,15,1024,50,True,True,,
A,2073,square,literal_fixed,15,1024,50,True,True,,
A,2073,square,literal_fresh,-1,1,1,False,False,,
A,2073,shuffled,frozen,-1,1,1,False,False,,
A,2073,shuffled,salt_unit,-1,1,1,False,False,,
A,2073,shuffled,literal_fixed,-1,1,1,False,False,,
A,2073,shuffled,literal_fresh,-1,1,1,False,False,,
A,2073,noise,frozen,-1,1,1,False,False,,
A,2073,noise,salt_unit,-1,1,1,False,False,,
A,2073,noise,literal_fixed,-1,1,1,False,False,,
A,2073,noise,literal_fresh,-1,1,1,False,False,,
A,2073,sweep,frozen,132,203,6,False,False,,
A,2073,sweep,salt_unit,142,160,6,False,False,,
A,2073,sweep,literal_fixed,142,120,6,False,False,,
A,2073,sweep,literal_fresh,-1,1,1,False,False,,
A,2073,noise_small,frozen,18,1024,50,False,False,,
A,2073,noise_small,salt_unit,18,1024,50,False,False,,
A,2073,noise_small,literal_fixed,18,1024,50,False,False,,
A,2073,noise_small,literal_fresh,-1,1,1,False,False,,
A,2985,simba,frozen,15,1023,50,True,True,,
A,2985,simba,salt_unit,15,1023,50,True,True,,
A,2985,simba,literal_fixed,15,1023,50,True,True,,
A,2985,simba,literal_fresh,-1,1,1,False,False,,
A,2985,square,frozen,21,1024,50,True,True,,
A,2985,square,salt_unit,21,1024,50,True,True,,
A,2985,square,literal_fixed,21,1024,50,True,True,,
A,2985,square,literal_fresh,-1,1,1,False,False,,
A,2985,shuffled,frozen,-1,3,1,False,False,,
A,2985,shuffled,salt_unit,-1,1,1,False,False,,
A,2985,shuffled,literal_fixed,-1,1,1,False,False,,
A,2985,shuffled,literal_fresh,-1,1,1,False,False,,
A,2985,noise,frozen,-1,1,1,False,False,,
A,2985,noise,salt_unit,-1,1,1,False,False,,
A,2985,noise,literal_fixed,-1,1,1,False,False,,
A,2985,noise,literal_fresh,-1,1,1,False,False,,
A,2985,sweep,frozen,-1,2,1,False,False,,
A,2985,sweep,salt_unit,133,212,6,False,False,,
A,2985,sweep,literal_fixed,132,225,8,False,False,,
A,2985,sweep,literal_fresh,-1,1,1,False,False,,
A,2985,noise_small,frozen,-1,1024,50,False,False,,
A,2985,noise_small,salt_unit,-1,1024,50,False,False,,
A,2985,noise_small,literal_fixed,-1,1024,50,False,False,,
A,2985,noise_small,literal_fresh,-1,1,1,False,False,,
A,3758,simba,frozen,17,1023,50,True,True,,
A,3758,simba,salt_unit,17,1023,50,True,True,,
A,3758,simba,literal_fixed,17,1023,50,True,True,,
A,3758,simba,literal_fresh,21,1017,44,True,True,,
A,3758,square,frozen,18,1024,50,True,True,,
A,3758,square,salt_unit,18,1024,50,True,True,,
A,3758,square,literal_fixed,18,1024,50,True,True,,
A,3758,square,literal_fresh,29,1010,36,True,True,,
A,3758,shuffled,frozen,-1,1,1,False,False,,
A,3758,shuffled,salt_unit,-1,1,1,False,False,,
A,3758,shuffled,literal_fixed,-1,1,1,False,False,,
A,3758,shuffled,literal_fresh,-1,1,1,False,False,,
A,3758,noise,frozen,-1,1,1,False,False,,
A,3758,noise,salt_unit,-1,1,1,False,False,,
A,3758,noise,literal_fixed,-1,1,1,False,False,,
A,3758,noise,literal_fresh,-1,1,1,False,False,,
A,3758,sweep,frozen,131,270,12,False,False,,
A,3758,sweep,salt_unit,15,923,44,True,True,,
A,3758,sweep,literal_fixed,15,919,44,True,True,,
A,3758,sweep,literal_fresh,42,438,21,True,True,,
A,3758,noise_small,frozen,67,1024,50,False,False,,
A,3758,noise_small,salt_unit,67,1024,50,False,False,,
A,3758,noise_small,literal_fixed,67,1024,50,False,False,,
A,3758,noise_small,literal_fresh,55,1017,43,False,False,,
A,256,simba,frozen,23,1023,50,True,True,,
A,256,simba,salt_unit,23,1023,50,True,True,,
A,256,simba,literal_fixed,23,1023,50,True,True,,
A,256,simba,literal_fresh,-1,1,1,False,False,,
A,256,square,frozen,15,1024,50,True,True,,
A,256,square,salt_unit,15,1024,50,True,True,,
A,256,square,literal_fixed,15,1024,50,True,True,,
A,256,square,literal_fresh,-1,1,1,False,False,,
A,256,shuffled,frozen,-1,1,1,False,False,,
A,256,shuffled,salt_unit,-1,1,1,False,False,,
A,256,shuffled,literal_fixed,-1,1,1,False,False,,
A,256,shuffled,literal_fresh,-1,1,1,False,False,,
A,256,noise,frozen,-1,1,1,False,False,,
A,256,noise,salt_unit,-1,1,1,False,False,,
A,256,noise,literal_fixed,-1,1,1,False,False,,
A,256,noise,literal_fresh,-1,1,1,False,False,,
A,256,sweep,frozen,-1,2,1,False,False,,
A,256,sweep,salt_unit,420,218,4,False,False,,
A,256,sweep,literal_fixed,199,144,4,False,False,,
A,256,sweep,literal_fresh,-1,1,1,False,False,,
A,256,noise_small,frozen,-1,1024,50,False,False,,
A,256,noise_small,salt_unit,-1,1024,50,False,False,,
A,256,noise_small,literal_fixed,-1,1024,50,False,False,,
A,256,noise_small,literal_fresh,-1,1,1,False,False,,
A,896,simba,frozen,20,1023,50,True,True,,
A,896,simba,salt_unit,20,1023,50,True,True,,
A,896,simba,literal_fixed,20,1023,50,True,True,,
A,896,simba,literal_fresh,548,420,1,False,False,,
A,896,square,frozen,15,1024,50,True,True,,
A,896,square,salt_unit,15,1024,50,True,True,,
A,896,square,literal_fixed,15,1024,50,True,True,,
A,896,square,literal_fresh,-1,1,1,False,False,,
A,896,shuffled,frozen,-1,1,1,False,False,,
A,896,shuffled,salt_unit,-1,1,1,False,False,,
A,896,shuffled,literal_fixed,-1,1,1,False,False,,
A,896,shuffled,literal_fresh,-1,1,1,False,False,,
A,896,noise,frozen,-1,1,1,False,False,,
A,896,noise,salt_unit,-1,1,1,False,False,,
A,896,noise,literal_fixed,-1,1,1,False,False,,
A,896,noise,literal_fresh,-1,1,1,False,False,,
A,896,sweep,frozen,-1,2,1,False,False,,
A,896,sweep,salt_unit,-1,3,3,False,False,,
A,896,sweep,literal_fixed,-1,5,3,False,False,,
A,896,sweep,literal_fresh,-1,1,1,False,False,,
A,896,noise_small,frozen,45,1024,50,False,False,,
A,896,noise_small,salt_unit,45,1024,50,False,False,,
A,896,noise_small,literal_fixed,45,1024,50,False,False,,
A,896,noise_small,literal_fresh,690,372,1,False,False,,
A,3234,simba,frozen,16,1023,50,True,True,,
A,3234,simba,salt_unit,16,1023,50,True,True,,
A,3234,simba,literal_fixed,16,1023,50,True,True,,
A,3234,simba,literal_fresh,463,558,1,False,False,,
A,3234,square,frozen,17,1024,50,True,True,,
A,3234,square,salt_unit,17,1024,50,True,True,,
A,3234,square,literal_fixed,17,1024,50,True,True,,
A,3234,square,literal_fresh,753,263,1,False,False,,
A,3234,shuffled,frozen,-1,1,1,False,False,,
A,3234,shuffled,salt_unit,-1,2,1,False,False,,
A,3234,shuffled,literal_fixed,-1,1,1,False,False,,
A,3234,shuffled,literal_fresh,-1,1,1,False,False,,
A,3234,noise,frozen,-1,1,1,False,False,,
A,3234,noise,salt_unit,-1,1,1,False,False,,
A,3234,noise,literal_fixed,-1,1,1,False,False,,
A,3234,noise,literal_fresh,-1,1,1,False,False,,
A,3234,sweep,frozen,-1,2,1,False,False,,
A,3234,sweep,salt_unit,197,240,3,False,False,,
A,3234,sweep,literal_fixed,199,199,3,False,False,,
A,3234,sweep,literal_fresh,-1,1,1,False,False,,
A,3234,noise_small,frozen,-1,1024,50,False,False,,
A,3234,noise_small,salt_unit,-1,1024,50,False,False,,
A,3234,noise_small,literal_fixed,-1,1024,50,False,False,,
A,3234,noise_small,literal_fresh,510,518,1,False,False,,
A,4407,simba,frozen,17,1023,50,True,True,,
A,4407,simba,salt_unit,17,1023,50,True,True,,
A,4407,simba,literal_fixed,17,1023,50,True,True,,
A,4407,simba,literal_fresh,252,752,1,False,False,,
A,4407,square,frozen,15,1024,50,True,True,,
A,4407,square,salt_unit,15,1024,50,True,True,,
A,4407,square,literal_fixed,15,1024,50,True,True,,
A,4407,square,literal_fresh,-1,1,1,False,False,,
A,4407,shuffled,frozen,-1,1,1,False,False,,
A,4407,shuffled,salt_unit,-1,1,1,False,False,,
A,4407,shuffled,literal_fixed,-1,1,1,False,False,,
A,4407,shuffled,literal_fresh,-1,1,1,False,False,,
A,4407,noise,frozen,-1,1,1,False,False,,
A,4407,noise,salt_unit,-1,1,1,False,False,,
A,4407,noise,literal_fixed,-1,1,1,False,False,,
A,4407,noise,literal_fresh,-1,1,1,False,False,,
A,4407,sweep,frozen,255,120,1,False,False,,
A,4407,sweep,salt_unit,107,173,7,False,False,,
A,4407,sweep,literal_fixed,141,196,8,False,False,,
A,4407,sweep,literal_fresh,-1,5,1,False,False,,
A,4407,noise_small,frozen,-1,1024,50,False,False,,
A,4407,noise_small,salt_unit,-1,1024,50,False,False,,
A,4407,noise_small,literal_fixed,-1,1024,50,False,False,,
A,4407,noise_small,literal_fresh,-1,737,1,False,False,,
A,6587,simba,frozen,21,1023,50,True,True,,
A,6587,simba,salt_unit,21,1023,50,True,True,,
A,6587,simba,literal_fixed,21,1023,50,True,True,,
A,6587,simba,literal_fresh,251,766,1,False,False,,
A,6587,square,frozen,16,1024,50,True,True,,
A,6587,square,salt_unit,16,1024,50,True,True,,
A,6587,square,literal_fixed,16,1024,50,True,True,,
A,6587,square,literal_fresh,-1,1,1,False,False,,
A,6587,shuffled,frozen,-1,1,1,False,False,,
A,6587,shuffled,salt_unit,-1,1,1,False,False,,
A,6587,shuffled,literal_fixed,-1,1,1,False,False,,
A,6587,shuffled,literal_fresh,-1,1,1,False,False,,
A,6587,noise,frozen,-1,1,1,False,False,,
A,6587,noise,salt_unit,-1,1,1,False,False,,
A,6587,noise,literal_fixed,-1,1,1,False,False,,
A,6587,noise,literal_fresh,-1,1,1,False,False,,
A,6587,sweep,frozen,-1,2,1,False,False,,
A,6587,sweep,salt_unit,130,210,5,False,False,,
A,6587,sweep,literal_fixed,129,216,5,False,False,,
A,6587,sweep,literal_fresh,-1,1,1,False,False,,
A,6587,noise_small,frozen,381,1024,50,False,False,,
A,6587,noise_small,salt_unit,381,1024,50,False,False,,
A,6587,noise_small,literal_fixed,381,1024,50,False,False,,
A,6587,noise_small,literal_fresh,-1,747,1,False,False,,
A,328,simba,frozen,15,1023,50,True,True,,
A,328,simba,salt_unit,15,1023,50,True,True,,
A,328,simba,literal_fixed,15,1023,50,True,True,,
A,328,simba,literal_fresh,-1,1,1,False,False,,
A,328,square,frozen,15,1024,50,True,True,,
A,328,square,salt_unit,15,1024,50,True,True,,
A,328,square,literal_fixed,15,1024,50,True,True,,
A,328,square,literal_fresh,-1,1,1,False,False,,
A,328,shuffled,frozen,-1,1,1,False,False,,
A,328,shuffled,salt_unit,-1,1,1,False,False,,
A,328,shuffled,literal_fixed,-1,1,1,False,False,,
A,328,shuffled,literal_fresh,-1,1,1,False,False,,
A,328,noise,frozen,-1,1,1,False,False,,
A,328,noise,salt_unit,-1,1,1,False,False,,
A,328,noise,literal_fixed,-1,1,1,False,False,,
A,328,noise,literal_fresh,-1,1,1,False,False,,
A,328,sweep,frozen,-1,3,2,False,False,,
A,328,sweep,salt_unit,165,240,4,False,False,,
A,328,sweep,literal_fixed,549,98,4,False,False,,
A,328,sweep,literal_fresh,-1,1,1,False,False,,
A,328,noise_small,frozen,-1,1024,50,False,False,,
A,328,noise_small,salt_unit,-1,1024,50,False,False,,
A,328,noise_small,literal_fixed,-1,1024,50,False,False,,
A,328,noise_small,literal_fresh,-1,3,1,False,False,,
A,807,simba,frozen,17,1023,50,True,True,,
A,807,simba,salt_unit,17,1023,50,True,True,,
A,807,simba,literal_fixed,17,1023,50,True,True,,
A,807,simba,literal_fresh,-1,1,1,False,False,,
A,807,square,frozen,16,1024,50,True,True,,
A,807,square,salt_unit,16,1024,50,True,True,,
A,807,square,literal_fixed,16,1024,50,True,True,,
A,807,square,literal_fresh,-1,1,1,False,False,,
A,807,shuffled,frozen,-1,2,1,False,False,,
A,807,shuffled,salt_unit,-1,2,1,False,False,,
A,807,shuffled,literal_fixed,-1,1,1,False,False,,
A,807,shuffled,literal_fresh,-1,1,1,False,False,,
A,807,noise,frozen,-1,1,1,False,False,,
A,807,noise,salt_unit,-1,1,1,False,False,,
A,807,noise,literal_fixed,-1,1,1,False,False,,
A,807,noise,literal_fresh,-1,1,1,False,False,,
A,807,sweep,frozen,537,102,1,False,False,,
A,807,sweep,salt_unit,267,139,5,False,False,,
A,807,sweep,literal_fixed,292,154,5,False,False,,
A,807,sweep,literal_fresh,-1,1,1,False,False,,
A,807,noise_small,frozen,-1,1024,50,False,False,,
A,807,noise_small,salt_unit,-1,1024,50,False,False,,
A,807,noise_small,literal_fixed,-1,1024,50,False,False,,
A,807,noise_small,literal_fresh,-1,1,1,False,False,,
A,1003,simba,frozen,15,1023,50,True,True,,
A,1003,simba,salt_unit,15,1023,50,True,True,,
A,1003,simba,literal_fixed,15,1023,50,True,True,,
A,1003,simba,literal_fresh,917,105,1,False,False,,
A,1003,square,frozen,15,1024,50,True,True,,
A,1003,square,salt_unit,15,1024,50,True,True,,
A,1003,square,literal_fixed,15,1024,50,True,True,,
A,1003,square,literal_fresh,-1,1,1,False,False,,
A,1003,shuffled,frozen,-1,2,1,False,False,,
A,1003,shuffled,salt_unit,-1,1,1,False,False,,
A,1003,shuffled,literal_fixed,-1,1,1,False,False,,
A,1003,shuffled,literal_fresh,-1,1,1,False,False,,
A,1003,noise,frozen,-1,1,1,False,False,,
A,1003,noise,salt_unit,-1,1,1,False,False,,
A,1003,noise,literal_fixed,-1,1,1,False,False,,
A,1003,noise,literal_fresh,-1,1,1,False,False,,
A,1003,sweep,frozen,736,51,1,False,False,,
A,1003,sweep,salt_unit,435,124,1,False,False,,
A,1003,sweep,literal_fixed,598,93,1,False,False,,
A,1003,sweep,literal_fresh,-1,1,1,False,False,,
A,1003,noise_small,frozen,-1,1024,50,False,False,,
A,1003,noise_small,salt_unit,-1,1024,50,False,False,,
A,1003,noise_small,literal_fixed,-1,1024,50,False,False,,
A,1003,noise_small,literal_fresh,892,246,1,False,False,,
A,1609,simba,frozen,19,1023,50,True,True,,
A,1609,simba,salt_unit,19,1023,50,True,True,,
A,1609,simba,literal_fixed,19,1023,50,True,True,,
A,1609,simba,literal_fresh,-1,1,1,False,False,,
A,1609,square,frozen,15,1024,50,True,True,,
A,1609,square,salt_unit,15,1024,50,True,True,,
A,1609,square,literal_fixed,15,1024,50,True,True,,
A,1609,square,literal_fresh,-1,1,1,False,False,,
A,1609,shuffled,frozen,-1,1,1,False,False,,
A,1609,shuffled,salt_unit,-1,1,1,False,False,,
A,1609,shuffled,literal_fixed,-1,1,1,False,False,,
A,1609,shuffled,literal_fresh,-1,1,1,False,False,,
A,1609,noise,frozen,-1,1,1,False,False,,
A,1609,noise,salt_unit,-1,1,1,False,False,,
A,1609,noise,literal_fixed,-1,1,1,False,False,,
A,1609,noise,literal_fresh,-1,1,1,False,False,,
A,1609,sweep,frozen,123,195,4,False,False,,
A,1609,sweep,salt_unit,33,519,28,True,True,,
A,1609,sweep,literal_fixed,36,424,23,True,True,,
A,1609,sweep,literal_fresh,450,209,1,False,False,,
A,1609,noise_small,frozen,30,1024,50,False,False,,
A,1609,noise_small,salt_unit,30,1024,50,False,False,,
A,1609,noise_small,literal_fixed,30,1024,50,False,False,,
A,1609,noise_small,literal_fresh,-1,2,1,False,False,,
A,2208,simba,frozen,18,1023,50,True,True,,
A,2208,simba,salt_unit,18,1023,50,True,True,,
A,2208,simba,literal_fixed,18,1023,50,True,True,,
A,2208,simba,literal_fresh,-1,1,1,False,False,,
A,2208,square,frozen,15,1024,50,True,True,,
A,2208,square,salt_unit,15,1024,50,True,True,,
A,2208,square,literal_fixed,15,1024,50,True,True,,
A,2208,square,literal_fresh,-1,1,1,False,False,,
A,2208,shuffled,frozen,-1,1,1,False,False,,
A,2208,shuffled,salt_unit,-1,1,1,False,False,,
A,2208,shuffled,literal_fixed,-1,1,1,False,False,,
A,2208,shuffled,literal_fresh,-1,1,1,False,False,,
A,2208,noise,frozen,-1,1,1,False,False,,
A,2208,noise,salt_unit,-1,1,1,False,False,,
A,2208,noise,literal_fixed,-1,1,1,False,False,,
A,2208,noise,literal_fresh,-1,1,1,False,False,,
A,2208,sweep,frozen,278,106,2,False,False,,
A,2208,sweep,salt_unit,105,159,7,False,False,,
A,2208,sweep,literal_fixed,103,172,9,False,False,,
A,2208,sweep,literal_fresh,-1,1,1,False,False,,
A,2208,noise_small,frozen,-1,1024,50,False,False,,
A,2208,noise_small,salt_unit,-1,1024,50,False,False,,
A,2208,noise_small,literal_fixed,-1,1024,50,False,False,,
A,2208,noise_small,literal_fresh,-1,1,1,False,False,,
A,327,simba,frozen,15,1023,50,True,True,,
A,327,simba,salt_unit,15,1023,50,True,True,,
A,327,simba,literal_fixed,15,1023,50,True,True,,
A,327,simba,literal_fresh,-1,1,1,False,False,,
A,327,square,frozen,15,1024,50,True,True,,
A,327,square,salt_unit,15,1024,50,True,True,,
A,327,square,literal_fixed,15,1024,50,True,True,,
A,327,square,literal_fresh,-1,1,1,False,False,,
A,327,shuffled,frozen,-1,1,1,False,False,,
A,327,shuffled,salt_unit,-1,1,1,False,False,,
A,327,shuffled,literal_fixed,-1,1,1,False,False,,
A,327,shuffled,literal_fresh,-1,1,1,False,False,,
A,327,noise,frozen,-1,1,1,False,False,,
A,327,noise,salt_unit,-1,1,1,False,False,,
A,327,noise,literal_fixed,-1,1,1,False,False,,
A,327,noise,literal_fresh,-1,1,1,False,False,,
A,327,sweep,frozen,-1,2,2,False,False,,
A,327,sweep,salt_unit,164,178,4,False,False,,
A,327,sweep,literal_fixed,164,185,4,False,False,,
A,327,sweep,literal_fresh,-1,1,1,False,False,,
A,327,noise_small,frozen,-1,1024,50,False,False,,
A,327,noise_small,salt_unit,-1,1024,50,False,False,,
A,327,noise_small,literal_fixed,-1,1024,50,False,False,,
A,327,noise_small,literal_fresh,-1,1,1,False,False,,
A,834,simba,frozen,17,1023,50,True,True,,
A,834,simba,salt_unit,17,1023,50,True,True,,
A,834,simba,literal_fixed,17,1023,50,True,True,,
A,834,simba,literal_fresh,369,643,1,False,False,,
A,834,square,frozen,27,1024,50,True,True,,
A,834,square,salt_unit,27,1024,50,True,True,,
A,834,square,literal_fixed,27,1024,50,True,True,,
A,834,square,literal_fresh,-1,1,1,False,False,,
A,834,shuffled,frozen,-1,1,1,False,False,,
A,834,shuffled,salt_unit,-1,2,1,False,False,,
A,834,shuffled,literal_fixed,-1,1,1,False,False,,
A,834,shuffled,literal_fresh,-1,1,1,False,False,,
A,834,noise,frozen,-1,1,1,False,False,,
A,834,noise,salt_unit,-1,1,1,False,False,,
A,834,noise,literal_fixed,-1,1,1,False,False,,
A,834,noise,literal_fresh,-1,1,1,False,False,,
A,834,sweep,frozen,-1,3,1,False,False,,
A,834,sweep,salt_unit,166,258,12,False,False,,
A,834,sweep,literal_fixed,193,249,11,False,False,,
A,834,sweep,literal_fresh,-1,1,1,False,False,,
A,834,noise_small,frozen,-1,1024,50,False,False,,
A,834,noise_small,salt_unit,-1,1024,50,False,False,,
A,834,noise_small,literal_fixed,-1,1024,50,False,False,,
A,834,noise_small,literal_fresh,-1,541,1,False,False,,
A,1561,simba,frozen,16,1023,50,True,True,,
A,1561,simba,salt_unit,16,1023,50,True,True,,
A,1561,simba,literal_fixed,16,1023,50,True,True,,
A,1561,simba,literal_fresh,499,517,1,False,False,,
A,1561,square,frozen,19,1024,50,True,True,,
A,1561,square,salt_unit,19,1024,50,True,True,,
A,1561,square,literal_fixed,19,1024,50,True,True,,
A,1561,square,literal_fresh,656,353,1,False,False,,
A,1561,shuffled,frozen,-1,1,1,False,False,,
A,1561,shuffled,salt_unit,-1,1,1,False,False,,
A,1561,shuffled,literal_fixed,-1,1,1,False,False,,
A,1561,shuffled,literal_fresh,-1,1,1,False,False,,
A,1561,noise,frozen,-1,1,1,False,False,,
A,1561,noise,salt_unit,-1,1,1,False,False,,
A,1561,noise,literal_fixed,-1,1,1,False,False,,
A,1561,noise,literal_fresh,-1,1,1,False,False,,
A,1561,sweep,frozen,-1,2,1,False,False,,
A,1561,sweep,salt_unit,-1,3,3,False,False,,
A,1561,sweep,literal_fixed,-1,3,3,False,False,,
A,1561,sweep,literal_fresh,-1,1,1,False,False,,
A,1561,noise_small,frozen,-1,1024,50,False,False,,
A,1561,noise_small,salt_unit,-1,1024,50,False,False,,
A,1561,noise_small,literal_fixed,-1,1024,50,False,False,,
A,1561,noise_small,literal_fresh,-1,730,1,False,False,,
A,1908,simba,frozen,20,1023,50,True,True,,
A,1908,simba,salt_unit,20,1023,50,True,True,,
A,1908,simba,literal_fixed,20,1023,50,True,True,,
A,1908,simba,literal_fresh,665,290,1,False,False,,
A,1908,square,frozen,15,1024,50,True,True,,
A,1908,square,salt_unit,15,1024,50,True,True,,
A,1908,square,literal_fixed,15,1024,50,True,True,,
A,1908,square,literal_fresh,-1,1,1,False,False,,
A,1908,shuffled,frozen,-1,1,1,False,False,,
A,1908,shuffled,salt_unit,-1,1,1,False,False,,
A,1908,shuffled,literal_fixed,-1,1,1,False,False,,
A,1908,shuffled,literal_fresh,-1,1,1,False,False,,
A,1908,noise,frozen,-1,1,1,False,False,,
A,1908,noise,salt_unit,-1,1,1,False,False,,
A,1908,noise,literal_fixed,-1,1,1,False,False,,
A,1908,noise,literal_fresh,-1,1,1,False,False,,
A,1908,sweep,frozen,121,180,4,False,False,,
A,1908,sweep,salt_unit,164,159,6,False,False,,
A,1908,sweep,literal_fixed,197,216,4,False,False,,
A,1908,sweep,literal_fresh,-1,1,1,False,False,,
A,1908,noise_small,frozen,214,1024,50,False,False,,
A,1908,noise_small,salt_unit,214,1024,50,False,False,,
A,1908,noise_small,literal_fixed,214,1024,50,False,False,,
A,1908,noise_small,literal_fresh,-1,2,1,False,False,,
A,2885,simba,frozen,15,1023,50,True,True,,
A,2885,simba,salt_unit,15,1023,50,True,True,,
A,2885,simba,literal_fixed,15,1023,50,True,True,,
A,2885,simba,literal_fresh,291,727,1,False,False,,
A,2885,square,frozen,15,1024,50,True,True,,
A,2885,square,salt_unit,15,1024,50,True,True,,
A,2885,square,literal_fixed,15,1024,50,True,True,,
A,2885,square,literal_fresh,-1,2,1,False,False,,
A,2885,shuffled,frozen,-1,1,1,False,False,,
A,2885,shuffled,salt_unit,-1,3,1,False,False,,
A,2885,shuffled,literal_fixed,-1,1,1,False,False,,
A,2885,shuffled,literal_fresh,-1,1,1,False,False,,
A,2885,noise,frozen,-1,1,1,False,False,,
A,2885,noise,salt_unit,-1,1,1,False,False,,
A,2885,noise,literal_fixed,-1,1,1,False,False,,
A,2885,noise,literal_fresh,-1,1,1,False,False,,
A,2885,sweep,frozen,160,150,2,False,False,,
A,2885,sweep,salt_unit,101,246,9,False,False,,
A,2885,sweep,literal_fixed,139,314,9,False,False,,
A,2885,sweep,literal_fresh,-1,1,1,False,False,,
A,2885,noise_small,frozen,-1,1024,50,False,False,,
A,2885,noise_small,salt_unit,-1,1024,50,False,False,,
A,2885,noise_small,literal_fixed,-1,1024,50,False,False,,
A,2885,noise_small,literal_fresh,-1,733,1,False,False,,
A,304,simba,frozen,15,1023,50,True,True,,
A,304,simba,salt_unit,15,1023,50,True,True,,
A,304,simba,literal_fixed,15,1023,50,True,True,,
A,304,simba,literal_fresh,183,838,1,False,False,,
A,304,square,frozen,17,1024,50,True,True,,
A,304,square,salt_unit,17,1024,50,True,True,,
A,304,square,literal_fixed,17,1024,50,True,True,,
A,304,square,literal_fresh,323,690,1,False,False,,
A,304,shuffled,frozen,-1,1,1,False,False,,
A,304,shuffled,salt_unit,-1,2,1,False,False,,
A,304,shuffled,literal_fixed,-1,1,1,False,False,,
A,304,shuffled,literal_fresh,-1,1,1,False,False,,
A,304,noise,frozen,-1,1,1,False,False,,
A,304,noise,salt_unit,-1,1,1,False,False,,
A,304,noise,literal_fixed,-1,1,1,False,False,,
A,304,noise,literal_fresh,-1,1,1,False,False,,
A,304,sweep,frozen,141,176,5,False,False,,
A,304,sweep,salt_unit,114,203,6,False,False,,
A,304,sweep,literal_fixed,147,190,3,False,False,,
A,304,sweep,literal_fresh,-1,1,1,False,False,,
A,304,noise_small,frozen,-1,1024,50,False,False,,
A,304,noise_small,salt_unit,-1,1024,50,False,False,,
A,304,noise_small,literal_fixed,-1,1024,50,False,False,,
A,304,noise_small,literal_fresh,-1,825,1,False,False,,
A,901,simba,frozen,20,1023,50,True,True,,
A,901,simba,salt_unit,20,1023,50,True,True,,
A,901,simba,literal_fixed,20,1023,50,True,True,,
A,901,simba,literal_fresh,782,419,1,False,False,,
A,901,square,frozen,25,1024,50,True,True,,
A,901,square,salt_unit,25,1024,50,True,True,,
A,901,square,literal_fixed,25,1024,50,True,True,,
A,901,square,literal_fresh,-1,1,1,False,False,,
A,901,shuffled,frozen,-1,1,1,False,False,,
A,901,shuffled,salt_unit,-1,1,1,False,False,,
A,901,shuffled,literal_fixed,-1,1,1,False,False,,
A,901,shuffled,literal_fresh,-1,1,1,False,False,,
A,901,noise,frozen,-1,1,1,False,False,,
A,901,noise,salt_unit,-1,1,1,False,False,,
A,901,noise,literal_fixed,-1,1,1,False,False,,
A,901,noise,literal_fresh,-1,1,1,False,False,,
A,901,sweep,frozen,111,172,8,False,False,,
A,901,sweep,salt_unit,186,151,4,False,False,,
A,901,sweep,literal_fixed,185,155,5,False,False,,
A,901,sweep,literal_fresh,-1,1,1,False,False,,
A,901,noise_small,frozen,89,1024,50,False,False,,
A,901,noise_small,salt_unit,89,1024,50,False,False,,
A,901,noise_small,literal_fixed,89,1024,50,False,False,,
A,901,noise_small,literal_fresh,-1,218,1,False,False,,
A,3455,simba,frozen,15,1023,50,True,True,,
A,3455,simba,salt_unit,15,1023,50,True,True,,
A,3455,simba,literal_fixed,15,1023,50,True,True,,
A,3455,simba,literal_fresh,261,751,1,False,False,,
A,3455,square,frozen,25,1024,50,True,True,,
A,3455,square,salt_unit,25,1024,50,True,True,,
A,3455,square,literal_fixed,25,1024,50,True,True,,
A,3455,square,literal_fresh,-1,1,1,False,False,,
A,3455,shuffled,frozen,-1,1,1,False,False,,
A,3455,shuffled,salt_unit,-1,1,1,False,False,,
A,3455,shuffled,literal_fixed,-1,1,1,False,False,,
A,3455,shuffled,literal_fresh,-1,1,1,False,False,,
A,3455,noise,frozen,-1,1,1,False,False,,
A,3455,noise,salt_unit,-1,1,1,False,False,,
A,3455,noise,literal_fixed,-1,1,1,False,False,,
A,3455,noise,literal_fresh,-1,1,1,False,False,,
A,3455,sweep,frozen,282,224,2,False,False,,
A,3455,sweep,salt_unit,227,108,6,False,False,,
A,3455,sweep,literal_fixed,197,117,5,False,False,,
A,3455,sweep,literal_fresh,-1,1,1,False,False,,
A,3455,noise_small,frozen,-1,1024,50,False,False,,
A,3455,noise_small,salt_unit,-1,1024,50,False,False,,
A,3455,noise_small,literal_fixed,-1,1024,50,False,False,,
A,3455,noise_small,literal_fresh,-1,486,1,False,False,,
A,3936,simba,frozen,22,1023,50,True,True,,
A,3936,simba,salt_unit,22,1023,50,True,True,,
A,3936,simba,literal_fixed,22,1023,50,True,True,,
A,3936,simba,literal_fresh,965,42,1,False,False,,
A,3936,square,frozen,21,1024,50,True,True,,
A,3936,square,salt_unit,21,1024,50,True,True,,
A,3936,square,literal_fixed,21,1024,50,True,True,,
A,3936,square,literal_fresh,-1,1,1,False,False,,
A,3936,shuffled,frozen,-1,1,1,False,False,,
A,3936,shuffled,salt_unit,-1,1,1,False,False,,
A,3936,shuffled,literal_fixed,-1,1,1,False,False,,
A,3936,shuffled,literal_fresh,-1,1,1,False,False,,
A,3936,noise,frozen,-1,1,1,False,False,,
A,3936,noise,salt_unit,-1,1,1,False,False,,
A,3936,noise,literal_fixed,-1,1,1,False,False,,
A,3936,noise,literal_fresh,-1,1,1,False,False,,
A,3936,sweep,frozen,-1,2,1,False,False,,
A,3936,sweep,salt_unit,133,282,11,False,False,,
A,3936,sweep,literal_fixed,132,253,10,False,False,,
A,3936,sweep,literal_fresh,932,23,1,False,False,,
A,3936,noise_small,frozen,-1,1024,50,False,False,,
A,3936,noise_small,salt_unit,-1,1024,50,False,False,,
A,3936,noise_small,literal_fixed,-1,1024,50,False,False,,
A,3936,noise_small,literal_fresh,-1,534,1,False,False,,
A,5423,simba,frozen,15,1023,50,True,True,,
A,5423,simba,salt_unit,15,1023,50,True,True,,
A,5423,simba,literal_fixed,15,1023,50,True,True,,
A,5423,simba,literal_fresh,261,754,1,False,False,,
A,5423,square,frozen,19,1024,50,True,True,,
A,5423,square,salt_unit,19,1024,50,True,True,,
A,5423,square,literal_fixed,19,1024,50,True,True,,
A,5423,square,literal_fresh,-1,1,1,False,False,,
A,5423,shuffled,frozen,-1,1,1,False,False,,
A,5423,shuffled,salt_unit,-1,1,1,False,False,,
A,5423,shuffled,literal_fixed,-1,1,1,False,False,,
A,5423,shuffled,literal_fresh,-1,1,1,False,False,,
A,5423,noise,frozen,-1,1,1,False,False,,
A,5423,noise,salt_unit,-1,1,1,False,False,,
A,5423,noise,literal_fixed,-1,1,1,False,False,,
A,5423,noise,literal_fresh,-1,1,1,False,False,,
A,5423,sweep,frozen,-1,2,1,False,False,,
A,5423,sweep,salt_unit,-1,5,2,False,False,,
A,5423,sweep,literal_fixed,-1,11,2,False,False,,
A,5423,sweep,literal_fresh,-1,1,1,False,False,,
A,5423,noise_small,frozen,19,1024,50,False,False,,
A,5423,noise_small,salt_unit,19,1024,50,False,False,,
A,5423,noise_small,literal_fixed,19,1024,50,False,False,,
A,5423,noise_small,literal_fresh,601,446,1,False,False,,
A,13,simba,frozen,17,1023,50,True,True,,
A,13,simba,salt_unit,17,1023,50,True,True,,
A,13,simba,literal_fixed,17,1023,50,True,True,,
A,13,simba,literal_fresh,108,924,2,False,False,,
A,13,square,frozen,19,1024,50,True,True,,
A,13,square,salt_unit,19,1024,50,True,True,,
A,13,square,literal_fixed,19,1024,50,True,True,,
A,13,square,literal_fresh,115,898,1,False,False,,
A,13,shuffled,frozen,-1,1,1,False,False,,
A,13,shuffled,salt_unit,-1,1,1,False,False,,
A,13,shuffled,literal_fixed,-1,1,1,False,False,,
A,13,shuffled,literal_fresh,-1,1,1,False,False,,
A,13,noise,frozen,-1,1,1,False,False,,
A,13,noise,salt_unit,-1,1,1,False,False,,
A,13,noise,literal_fixed,-1,1,1,False,False,,
A,13,noise,literal_fresh,-1,1,1,False,False,,
A,13,sweep,frozen,543,92,2,False,False,,
A,13,sweep,salt_unit,101,251,12,False,False,,
A,13,sweep,literal_fixed,101,143,12,False,False,,
A,13,sweep,literal_fresh,-1,3,1,False,False,,
A,13,noise_small,frozen,-1,1024,50,False,False,,
A,13,noise_small,salt_unit,-1,1024,50,False,False,,
A,13,noise_small,literal_fixed,-1,1024,50,False,False,,
A,13,noise_small,literal_fresh,237,890,1,False,False,,
A,99,simba,frozen,18,1023,50,True,True,,
A,99,simba,salt_unit,18,1023,50,True,True,,
A,99,simba,literal_fixed,18,1023,50,True,True,,
A,99,simba,literal_fresh,-1,1,1,False,False,,
A,99,square,frozen,15,1024,50,True,True,,
A,99,square,salt_unit,15,1024,50,True,True,,
A,99,square,literal_fixed,15,1024,50,True,True,,
A,99,square,literal_fresh,-1,1,1,False,False,,
A,99,shuffled,frozen,-1,1,1,False,False,,
A,99,shuffled,salt_unit,-1,1,1,False,False,,
A,99,shuffled,literal_fixed,-1,1,1,False,False,,
A,99,shuffled,literal_fresh,-1,1,1,False,False,,
A,99,noise,frozen,-1,1,1,False,False,,
A,99,noise,salt_unit,-1,1,1,False,False,,
A,99,noise,literal_fixed,-1,1,1,False,False,,
A,99,noise,literal_fresh,-1,1,1,False,False,,
A,99,sweep,frozen,222,134,2,False,False,,
A,99,sweep,salt_unit,361,119,4,False,False,,
A,99,sweep,literal_fixed,200,164,3,False,False,,
A,99,sweep,literal_fresh,-1,1,1,False,False,,
A,99,noise_small,frozen,17,1024,50,False,False,,
A,99,noise_small,salt_unit,17,1024,50,False,False,,
A,99,noise_small,literal_fixed,17,1024,50,False,False,,
A,99,noise_small,literal_fresh,-1,1,1,False,False,,
A,288,simba,frozen,19,1023,50,True,True,,
A,288,simba,salt_unit,19,1023,50,True,True,,
A,288,simba,literal_fixed,19,1023,50,True,True,,
A,288,simba,literal_fresh,80,946,1,False,False,,
A,288,square,frozen,21,1024,50,True,True,,
A,288,square,salt_unit,21,1024,50,True,True,,
A,288,square,literal_fixed,21,1024,50,True,True,,
A,288,square,literal_fresh,313,710,1,False,False,,
A,288,shuffled,frozen,-1,1,1,False,False,,
A,288,shuffled,salt_unit,-1,1,1,False,False,,
A,288,shuffled,literal_fixed,-1,1,1,False,False,,
A,288,shuffled,literal_fresh,-1,1,1,False,False,,
A,288,noise,frozen,-1,1,1,False,False,,
A,288,noise,salt_unit,-1,1,1,False,False,,
A,288,noise,literal_fixed,-1,1,1,False,False,,
A,288,noise,literal_fresh,-1,1,1,False,False,,
A,288,sweep,frozen,-1,3,2,False,False,,
A,288,sweep,salt_unit,70,295,16,False,True,,
A,288,sweep,literal_fixed,70,283,16,False,True,,
A,288,sweep,literal_fresh,-1,1,1,False,False,,
A,288,noise_small,frozen,103,1024,50,False,False,,
A,288,noise_small,salt_unit,103,1024,50,False,False,,
A,288,noise_small,literal_fixed,103,1024,50,False,False,,
A,288,noise_small,literal_fresh,-1,870,1,False,False,,
A,803,simba,frozen,15,1023,50,True,True,,
A,803,simba,salt_unit,15,1023,50,True,True,,
A,803,simba,literal_fixed,15,1023,50,True,True,,
A,803,simba,literal_fresh,-1,1,1,False,False,,
A,803,square,frozen,22,1024,50,True,True,,
A,803,square,salt_unit,22,1024,50,True,True,,
A,803,square,literal_fixed,22,1024,50,True,True,,
A,803,square,literal_fresh,-1,1,1,False,False,,
A,803,shuffled,frozen,-1,1,1,False,False,,
A,803,shuffled,salt_unit,-1,1,1,False,False,,
A,803,shuffled,literal_fixed,-1,1,1,False,False,,
A,803,shuffled,literal_fresh,-1,1,1,False,False,,
A,803,noise,frozen,-1,1,1,False,False,,
A,803,noise,salt_unit,-1,1,1,False,False,,
A,803,noise,literal_fixed,-1,1,1,False,False,,
A,803,noise,literal_fresh,-1,1,1,False,False,,
A,803,sweep,frozen,-1,3,2,False,False,,
A,803,sweep,salt_unit,71,223,11,False,False,,
A,803,sweep,literal_fixed,101,255,10,False,False,,
A,803,sweep,literal_fresh,-1,1,1,False,False,,
A,803,noise_small,frozen,100,1024,50,False,False,,
A,803,noise_small,salt_unit,100,1024,50,False,False,,
A,803,noise_small,literal_fixed,100,1024,50,False,False,,
A,803,noise_small,literal_fresh,-1,1,1,False,False,,
A,2004,simba,frozen,15,1023,50,True,True,,
A,2004,simba,salt_unit,15,1023,50,True,True,,
A,2004,simba,literal_fixed,15,1023,50,True,True,,
A,2004,simba,literal_fresh,33,1003,30,True,True,,
A,2004,square,frozen,15,1024,50,True,True,,
A,2004,square,salt_unit,15,1024,50,True,True,,
A,2004,square,literal_fixed,15,1024,50,True,True,,
A,2004,square,literal_fresh,79,970,3,False,False,,
A,2004,shuffled,frozen,-1,1,1,False,False,,
A,2004,shuffled,salt_unit,-1,1,1,False,False,,
A,2004,shuffled,literal_fixed,-1,1,1,False,False,,
A,2004,shuffled,literal_fresh,-1,1,1,False,False,,
A,2004,noise,frozen,-1,1,1,False,False,,
A,2004,noise,salt_unit,-1,1,1,False,False,,
A,2004,noise,literal_fixed,-1,1,1,False,False,,
A,2004,noise,literal_fresh,-1,1,1,False,False,,
A,2004,sweep,frozen,155,149,3,False,False,,
A,2004,sweep,salt_unit,41,177,17,True,True,,
A,2004,sweep,literal_fixed,134,184,6,False,False,,
A,2004,sweep,literal_fresh,-1,1,1,False,False,,
A,2004,noise_small,frozen,705,1024,50,False,False,,
A,2004,noise_small,salt_unit,705,1024,50,False,False,,
A,2004,noise_small,literal_fixed,705,1024,50,False,False,,
A,2004,noise_small,literal_fresh,50,1002,29,True,True,,
A,519,simba,frozen,25,1023,50,True,True,,
A,519,simba,salt_unit,25,1023,50,True,True,,
A,519,simba,literal_fixed,25,1023,50,True,True,,
A,519,simba,literal_fresh,518,492,1,False,False,,
A,519,square,frozen,19,1024,50,True,True,,
A,519,square,salt_unit,19,1024,50,True,True,,
A,519,square,literal_fixed,19,1024,50,True,True,,
A,519,square,literal_fresh,-1,1,1,False,False,,
A,519,shuffled,frozen,-1,1,1,False,False,,
A,519,shuffled,salt_unit,-1,1,1,False,False,,
A,519,shuffled,literal_fixed,-1,1,1,False,False,,
A,519,shuffled,literal_fresh,-1,1,1,False,False,,
A,519,noise,frozen,-1,1,1,False,False,,
A,519,noise,salt_unit,-1,1,1,False,False,,
A,519,noise,literal_fixed,-1,1,1,False,False,,
A,519,noise,literal_fresh,-1,1,1,False,False,,
A,519,sweep,frozen,154,223,4,False,False,,
A,519,sweep,salt_unit,265,104,3,False,False,,
A,519,sweep,literal_fixed,303,115,3,False,False,,
A,519,sweep,literal_fresh,-1,1,1,False,False,,
A,519,noise_small,frozen,-1,1024,50,False,False,,
A,519,noise_small,salt_unit,-1,1024,50,False,False,,
A,519,noise_small,literal_fixed,-1,1024,50,False,False,,
A,519,noise_small,literal_fresh,-1,16,1,False,False,,
A,880,simba,frozen,15,1023,50,True,True,,
A,880,simba,salt_unit,15,1023,50,True,True,,
A,880,simba,literal_fixed,15,1023,50,True,True,,
A,880,simba,literal_fresh,885,78,1,False,False,,
A,880,square,frozen,56,1024,50,False,False,,
A,880,square,salt_unit,56,1024,50,False,False,,
A,880,square,literal_fixed,56,1024,50,False,False,,
A,880,square,literal_fresh,-1,1,1,False,False,,
A,880,shuffled,frozen,-1,2,1,False,False,,
A,880,shuffled,salt_unit,-1,1,1,False,False,,
A,880,shuffled,literal_fixed,-1,1,1,False,False,,
A,880,shuffled,literal_fresh,-1,1,1,False,False,,
A,880,noise,frozen,-1,1,1,False,False,,
A,880,noise,salt_unit,-1,1,1,False,False,,
A,880,noise,literal_fixed,-1,1,1,False,False,,
A,880,noise,literal_fresh,-1,1,1,False,False,,
A,880,sweep,frozen,172,144,5,False,False,,
A,880,sweep,salt_unit,100,236,8,False,False,,
A,880,sweep,literal_fixed,100,276,8,False,False,,
A,880,sweep,literal_fresh,-1,1,1,False,False,,
A,880,noise_small,frozen,-1,1024,50,False,False,,
A,880,noise_small,salt_unit,-1,1024,50,False,False,,
A,880,noise_small,literal_fixed,-1,1024,50,False,False,,
A,880,noise_small,literal_fresh,595,393,1,False,False,,
A,2503,simba,frozen,15,1023,50,True,True,,
A,2503,simba,salt_unit,15,1023,50,True,True,,
A,2503,simba,literal_fixed,15,1023,50,True,True,,
A,2503,simba,literal_fresh,-1,1,1,False,False,,
A,2503,square,frozen,23,1024,50,True,True,,
A,2503,square,salt_unit,23,1024,50,True,True,,
A,2503,square,literal_fixed,23,1024,50,True,True,,
A,2503,square,literal_fresh,-1,1,1,False,False,,
A,2503,shuffled,frozen,-1,1,1,False,False,,
A,2503,shuffled,salt_unit,-1,1,1,False,False,,
A,2503,shuffled,literal_fixed,-1,1,1,False,False,,
A,2503,shuffled,literal_fresh,-1,1,1,False,False,,
A,2503,noise,frozen,-1,1,1,False,False,,
A,2503,noise,salt_unit,-1,1,1,False,False,,
A,2503,noise,literal_fixed,-1,1,1,False,False,,
A,2503,noise,literal_fresh,-1,1,1,False,False,,
A,2503,sweep,frozen,123,242,4,False,False,,
A,2503,sweep,salt_unit,198,211,5,False,False,,
A,2503,sweep,literal_fixed,169,124,5,False,False,,
A,2503,sweep,literal_fresh,-1,1,1,False,False,,
A,2503,noise_small,frozen,-1,1024,50,False,False,,
A,2503,noise_small,salt_unit,-1,1024,50,False,False,,
A,2503,noise_small,literal_fixed,-1,1024,50,False,False,,
A,2503,noise_small,literal_fresh,-1,1,1,False,False,,
A,3803,simba,frozen,23,1023,50,True,True,,
A,3803,simba,salt_unit,23,1023,50,True,True,,
A,3803,simba,literal_fixed,23,1023,50,True,True,,
A,3803,simba,literal_fresh,238,773,1,False,False,,
A,3803,square,frozen,23,1024,50,True,True,,
A,3803,square,salt_unit,23,1024,50,True,True,,
A,3803,square,literal_fixed,23,1024,50,True,True,,
A,3803,square,literal_fresh,521,471,1,False,False,,
A,3803,shuffled,frozen,-1,1,1,False,False,,
A,3803,shuffled,salt_unit,-1,1,1,False,False,,
A,3803,shuffled,literal_fixed,-1,1,1,False,False,,
A,3803,shuffled,literal_fresh,-1,1,1,False,False,,
A,3803,noise,frozen,-1,1,1,False,False,,
A,3803,noise,salt_unit,-1,1,1,False,False,,
A,3803,noise,literal_fixed,-1,1,1,False,False,,
A,3803,noise,literal_fresh,-1,1,1,False,False,,
A,3803,sweep,frozen,256,112,2,False,False,,
A,3803,sweep,salt_unit,131,339,18,False,False,,
A,3803,sweep,literal_fixed,102,257,11,False,False,,
A,3803,sweep,literal_fresh,-1,1,1,False,False,,
A,3803,noise_small,frozen,42,1024,50,True,True,,
A,3803,noise_small,salt_unit,42,1024,50,True,True,,
A,3803,noise_small,literal_fixed,42,1024,50,True,True,,
A,3803,noise_small,literal_fresh,-1,721,1,False,False,,
A,4296,simba,frozen,16,1023,50,True,True,,
A,4296,simba,salt_unit,16,1023,50,True,True,,
A,4296,simba,literal_fixed,16,1023,50,True,True,,
A,4296,simba,literal_fresh,-1,1,1,False,False,,
A,4296,square,frozen,15,1024,50,True,True,,
A,4296,square,salt_unit,15,1024,50,True,True,,
A,4296,square,literal_fixed,15,1024,50,True,True,,
A,4296,square,literal_fresh,-1,1,1,False,False,,
A,4296,shuffled,frozen,-1,1,1,False,False,,
A,4296,shuffled,salt_unit,-1,1,1,False,False,,
A,4296,shuffled,literal_fixed,-1,1,1,False,False,,
A,4296,shuffled,literal_fresh,-1,1,1,False,False,,
A,4296,noise,frozen,-1,1,1,False,False,,
A,4296,noise,salt_unit,-1,1,1,False,False,,
A,4296,noise,literal_fixed,-1,1,1,False,False,,
A,4296,noise,literal_fresh,-1,1,1,False,False,,
A,4296,sweep,frozen,278,172,1,False,False,,
A,4296,sweep,salt_unit,201,186,6,False,False,,
A,4296,sweep,literal_fixed,200,204,5,False,False,,
A,4296,sweep,literal_fresh,-1,1,1,False,False,,
A,4296,noise_small,frozen,20,1024,50,False,False,,
A,4296,noise_small,salt_unit,20,1024,50,False,False,,
A,4296,noise_small,literal_fixed,20,1024,50,False,False,,
A,4296,noise_small,literal_fresh,-1,1,1,False,False,,
A,76,simba,frozen,22,1023,50,True,True,,
A,76,simba,salt_unit,22,1023,50,True,True,,
A,76,simba,literal_fixed,22,1023,50,True,True,,
A,76,simba,literal_fresh,-1,1,1,False,False,,
A,76,square,frozen,15,1024,50,True,True,,
A,76,square,salt_unit,15,1024,50,True,True,,
A,76,square,literal_fixed,15,1024,50,True,True,,
A,76,square,literal_fresh,-1,1,1,False,False,,
A,76,shuffled,frozen,-1,1,1,False,False,,
A,76,shuffled,salt_unit,-1,1,1,False,False,,
A,76,shuffled,literal_fixed,-1,1,1,False,False,,
A,76,shuffled,literal_fresh,-1,1,1,False,False,,
A,76,noise,frozen,-1,1,1,False,False,,
A,76,noise,salt_unit,-1,1,1,False,False,,
A,76,noise,literal_fixed,-1,1,1,False,False,,
A,76,noise,literal_fresh,-1,1,1,False,False,,
A,76,sweep,frozen,-1,2,2,False,False,,
A,76,sweep,salt_unit,162,115,4,False,False,,
A,76,sweep,literal_fixed,162,178,4,False,False,,
A,76,sweep,literal_fresh,-1,1,1,False,False,,
A,76,noise_small,frozen,-1,1024,50,False,False,,
A,76,noise_small,salt_unit,-1,1024,50,False,False,,
A,76,noise_small,literal_fixed,-1,1024,50,False,False,,
A,76,noise_small,literal_fresh,-1,16,1,False,False,,
A,2140,simba,frozen,15,1023,50,True,True,,
A,2140,simba,salt_unit,15,1023,50,True,True,,
A,2140,simba,literal_fixed,15,1023,50,True,True,,
A,2140,simba,literal_fresh,-1,1,1,False,False,,
A,2140,square,frozen,37,1024,50,True,True,,
A,2140,square,salt_unit,37,1024,50,True,True,,
A,2140,square,literal_fixed,37,1024,50,True,True,,
A,2140,square,literal_fresh,-1,1,1,False,False,,
A,2140,shuffled,frozen,-1,2,1,False,False,,
A,2140,shuffled,salt_unit,-1,1,1,False,False,,
A,2140,shuffled,literal_fixed,-1,1,1,False,False,,
A,2140,shuffled,literal_fresh,-1,1,1,False,False,,
A,2140,noise,frozen,-1,1,1,False,False,,
A,2140,noise,salt_unit,-1,1,1,False,False,,
A,2140,noise,literal_fixed,-1,1,1,False,False,,
A,2140,noise,literal_fresh,-1,1,1,False,False,,
A,2140,sweep,frozen,-1,2,1,False,False,,
A,2140,sweep,salt_unit,164,264,5,False,False,,
A,2140,sweep,literal_fixed,164,267,5,False,False,,
A,2140,sweep,literal_fresh,-1,1,1,False,False,,
A,2140,noise_small,frozen,-1,1024,50,False,False,,
A,2140,noise_small,salt_unit,-1,1024,50,False,False,,
A,2140,noise_small,literal_fixed,-1,1024,50,False,False,,
A,2140,noise_small,literal_fresh,-1,2,1,False,False,,
A,3213,simba,frozen,15,1023,50,True,True,,
A,3213,simba,salt_unit,15,1023,50,True,True,,
A,3213,simba,literal_fixed,15,1023,50,True,True,,
A,3213,simba,literal_fresh,505,492,1,False,False,,
A,3213,square,frozen,19,1024,50,True,True,,
A,3213,square,salt_unit,19,1024,50,True,True,,
A,3213,square,literal_fixed,19,1024,50,True,True,,
A,3213,square,literal_fresh,-1,1,1,False,False,,
A,3213,shuffled,frozen,-1,1,1,False,False,,
A,3213,shuffled,salt_unit,-1,1,1,False,False,,
A,3213,shuffled,literal_fixed,-1,1,1,False,False,,
A,3213,shuffled,literal_fresh,-1,1,1,False,False,,
A,3213,noise,frozen,-1,1,1,False,False,,
A,3213,noise,salt_unit,-1,1,1,False,False,,
A,3213,noise,literal_fixed,-1,1,1,False,False,,
A,3213,noise,literal_fresh,-1,1,1,False,False,,
A,3213,sweep,frozen,-1,2,1,False,False,,
A,3213,sweep,salt_unit,164,195,4,False,False,,
A,3213,sweep,literal_fixed,164,169,4,False,False,,
A,3213,sweep,literal_fresh,-1,1,1,False,False,,
A,3213,noise_small,frozen,-1,1024,50,False,False,,
A,3213,noise_small,salt_unit,-1,1024,50,False,False,,
A,3213,noise_small,literal_fixed,-1,1024,50,False,False,,
A,3213,noise_small,literal_fresh,-1,261,1,False,False,,
A,5400,simba,frozen,18,1023,50,True,True,,
A,5400,simba,salt_unit,18,1023,50,True,True,,
A,5400,simba,literal_fixed,18,1023,50,True,True,,
A,5400,simba,literal_fresh,-1,1,1,False,False,,
A,5400,square,frozen,20,1024,50,True,True,,
A,5400,square,salt_unit,20,1024,50,True,True,,
A,5400,square,literal_fixed,20,1024,50,True,True,,
A,5400,square,literal_fresh,-1,1,1,False,False,,
A,5400,shuffled,frozen,-1,1,1,False,False,,
A,5400,shuffled,salt_unit,-1,1,1,False,False,,
A,5400,shuffled,literal_fixed,-1,1,1,False,False,,
A,5400,shuffled,literal_fresh,-1,1,1,False,False,,
A,5400,noise,frozen,-1,1,1,False,False,,
A,5400,noise,salt_unit,-1,1,1,False,False,,
A,5400,noise,literal_fixed,-1,1,1,False,False,,
A,5400,noise,literal_fresh,-1,1,1,False,False,,
A,5400,sweep,frozen,-1,4,2,False,False,,
A,5400,sweep,salt_unit,106,314,10,False,False,,
A,5400,sweep,literal_fixed,133,316,6,False,False,,
A,5400,sweep,literal_fresh,-1,1,1,False,False,,
A,5400,noise_small,frozen,-1,1024,50,False,False,,
A,5400,noise_small,salt_unit,-1,1024,50,False,False,,
A,5400,noise_small,literal_fixed,-1,1024,50,False,False,,
A,5400,noise_small,literal_fresh,-1,1,1,False,False,,
A,5494,simba,frozen,15,1023,50,True,True,,
A,5494,simba,salt_unit,15,1023,50,True,True,,
A,5494,simba,literal_fixed,15,1023,50,True,True,,
A,5494,simba,literal_fresh,685,268,1,False,False,,
A,5494,square,frozen,18,1024,50,True,True,,
A,5494,square,salt_unit,18,1024,50,True,True,,
A,5494,square,literal_fixed,18,1024,50,True,True,,
A,5494,square,literal_fresh,-1,1,1,False,False,,
A,5494,shuffled,frozen,-1,2,1,False,False,,
A,5494,shuffled,salt_unit,-1,1,1,False,False,,
A,5494,shuffled,literal_fixed,-1,1,1,False,False,,
A,5494,shuffled,literal_fresh,-1,1,1,False,False,,
A,5494,noise,frozen,-1,1,1,False,False,,
A,5494,noise,salt_unit,-1,1,1,False,False,,
A,5494,noise,literal_fixed,-1,1,1,False,False,,
A,5494,noise,literal_fresh,-1,1,1,False,False,,
A,5494,sweep,frozen,830,45,1,False,False,,
A,5494,sweep,salt_unit,200,109,6,False,False,,
A,5494,sweep,literal_fixed,171,132,6,False,False,,
A,5494,sweep,literal_fresh,-1,1,1,False,False,,
A,5494,noise_small,frozen,-1,1024,50,False,False,,
A,5494,noise_small,salt_unit,-1,1024,50,False,False,,
A,5494,noise_small,literal_fixed,-1,1024,50,False,False,,
A,5494,noise_small,literal_fresh,868,52,1,False,False,,
B,539,attack,frozen,55,1021,50,False,False,denoise,6b97bfd5b1e0bb90794cb1b352d101a1b621996072fc7c662583628acb93f193
B,539,attack,salt_unit,55,1021,50,False,False,denoise,6b97bfd5b1e0bb90794cb1b352d101a1b621996072fc7c662583628acb93f193
B,539,attack,literal_fixed,55,1021,50,False,False,denoise,6b97bfd5b1e0bb90794cb1b352d101a1b621996072fc7c662583628acb93f193
B,539,attack,literal_fresh,-1,1,1,False,False,denoise,6b97bfd5b1e0bb90794cb1b352d101a1b621996072fc7c662583628acb93f193
B,539,restore,frozen,70,1018,47,False,False,denoise,6fc4d3650219e046f369a25a2444a59bac4ea10c03311d6a1129f7a6b6b72227
B,539,restore,salt_unit,47,1020,49,True,False,denoise,6fc4d3650219e046f369a25a2444a59bac4ea10c03311d6a1129f7a6b6b72227
B,539,restore,literal_fixed,47,1020,49,True,False,denoise,6fc4d3650219e046f369a25a2444a59bac4ea10c03311d6a1129f7a6b6b72227
B,539,restore,literal_fresh,-1,1,1,False,False,denoise,6fc4d3650219e046f369a25a2444a59bac4ea10c03311d6a1129f7a6b6b72227
B,539,confidence_boost,frozen,41,1020,49,True,True,denoise,061c81ac3ca9b23d4156241aef215df463fd3df01b7965d0d828e86274e6e53e
B,539,confidence_boost,salt_unit,40,1021,50,True,True,denoise,061c81ac3ca9b23d4156241aef215df463fd3df01b7965d0d828e86274e6e53e
B,539,confidence_boost,literal_fixed,40,1021,50,True,True,denoise,061c81ac3ca9b23d4156241aef215df463fd3df01b7965d0d828e86274e6e53e
B,539,confidence_boost,literal_fresh,-1,1,1,False,False,denoise,061c81ac3ca9b23d4156241aef215df463fd3df01b7965d0d828e86274e6e53e
B,539,attack,frozen,99,1019,48,False,False,deblur,37b440d4885ba8a4b3b5385f334c1dba2735f18b955317e532fbbf47b6de2457
B,539,attack,salt_unit,99,1016,45,False,False,deblur,37b440d4885ba8a4b3b5385f334c1dba2735f18b955317e532fbbf47b6de2457
B,539,attack,literal_fixed,99,1016,45,False,False,deblur,37b440d4885ba8a4b3b5385f334c1dba2735f18b955317e532fbbf47b6de2457
B,539,attack,literal_fresh,-1,1,1,False,False,deblur,37b440d4885ba8a4b3b5385f334c1dba2735f18b955317e532fbbf47b6de2457
B,539,restore,frozen,100,1020,49,False,False,deblur,a5bd069b975e79d67837e8233f40e956c974521b776ef9d47a344ba535f782b9
B,539,restore,salt_unit,175,1013,42,False,False,deblur,a5bd069b975e79d67837e8233f40e956c974521b776ef9d47a344ba535f782b9
B,539,restore,literal_fixed,175,1013,42,False,False,deblur,a5bd069b975e79d67837e8233f40e956c974521b776ef9d47a344ba535f782b9
B,539,restore,literal_fresh,-1,1,1,False,False,deblur,a5bd069b975e79d67837e8233f40e956c974521b776ef9d47a344ba535f782b9
B,539,confidence_boost,frozen,131,1021,50,False,False,deblur,f439497ac65d344159c2ce15c833a5614292e792c4c0586f73c598097da4555f
B,539,confidence_boost,salt_unit,133,1014,43,False,False,deblur,f439497ac65d344159c2ce15c833a5614292e792c4c0586f73c598097da4555f
B,539,confidence_boost,literal_fixed,133,1014,43,False,False,deblur,f439497ac65d344159c2ce15c833a5614292e792c4c0586f73c598097da4555f
B,539,confidence_boost,literal_fresh,-1,1,1,False,False,deblur,f439497ac65d344159c2ce15c833a5614292e792c4c0586f73c598097da4555f
B,791,attack,frozen,99,1006,35,False,False,denoise,fd69b173c0ef7f106ddd5deef2f0611157f824b0a1208165e424d88df5acff6a
B,791,attack,salt_unit,34,1014,43,True,False,denoise,fd69b173c0ef7f106ddd5deef2f0611157f824b0a1208165e424d88df5acff6a
B,791,attack,literal_fixed,34,1014,43,True,False,denoise,fd69b173c0ef7f106ddd5deef2f0611157f824b0a1208165e424d88df5acff6a
B,791,attack,literal_fresh,-1,1,1,False,False,denoise,fd69b173c0ef7f106ddd5deef2f0611157f824b0a1208165e424d88df5acff6a
B,791,restore,frozen,134,999,28,False,False,denoise,57c863481cfd461fc0cd48096cd277ba1cea609ab8a6a8e7745410b45d302e58
B,791,restore,salt_unit,112,989,18,False,False,denoise,57c863481cfd461fc0cd48096cd277ba1cea609ab8a6a8e7745410b45d302e58
B,791,restore,literal_fixed,112,989,18,False,False,denoise,57c863481cfd461fc0cd48096cd277ba1cea609ab8a6a8e7745410b45d302e58
B,791,restore,literal_fresh,-1,1,1,False,False,denoise,57c863481cfd461fc0cd48096cd277ba1cea609ab8a6a8e7745410b45d302e58
B,791,confidence_boost,frozen,71,1015,44,False,False,denoise,81f8482b4bbd17a69f8b17c0a2e051461f2f11acf4d77163e046041e05aef2a8
B,791,confidence_boost,salt_unit,57,1001,30,False,False,denoise,81f8482b4bbd17a69f8b17c0a2e051461f2f11acf4d77163e046041e05aef2a8
B,791,confidence_boost,literal_fixed,57,1001,30,False,False,denoise,81f8482b4bbd17a69f8b17c0a2e051461f2f11acf4d77163e046041e05aef2a8
B,791,confidence_boost,literal_fresh,-1,1,1,False,False,denoise,81f8482b4bbd17a69f8b17c0a2e051461f2f11acf4d77163e046041e05aef2a8
B,791,attack,frozen,116,1019,48,False,False,deblur,61db5f0c80c98fc4a7b2ee8e31444920dd5df13d90638656e4893c02259fb083
B,791,attack,salt_unit,119,1017,46,False,False,deblur,61db5f0c80c98fc4a7b2ee8e31444920dd5df13d90638656e4893c02259fb083
B,791,attack,literal_fixed,119,1017,46,False,False,deblur,61db5f0c80c98fc4a7b2ee8e31444920dd5df13d90638656e4893c02259fb083
B,791,attack,literal_fresh,-1,1,1,False,False,deblur,61db5f0c80c98fc4a7b2ee8e31444920dd5df13d90638656e4893c02259fb083
B,791,restore,frozen,625,1020,49,False,False,deblur,f233181d08074fd5238d8717c98863c66f09eb81f6c50c51e310dfe9e10efa8d
B,791,restore,salt_unit,625,1020,49,False,False,deblur,f233181d08074fd5238d8717c98863c66f09eb81f6c50c51e310dfe9e10efa8d
B,791,restore,literal_fixed,625,1020,49,False,False,deblur,f233181d08074fd5238d8717c98863c66f09eb81f6c50c51e310dfe9e10efa8d
B,791,restore,literal_fresh,-1,1,1,False,False,deblur,f233181d08074fd5238d8717c98863c66f09eb81f6c50c51e310dfe9e10efa8d
B,791,confidence_boost,frozen,122,1016,45,False,False,deblur,0a24355572e0090dfd6e5422d0637cee00b14d1ca5b987c7283c1dd56afa8b34
B,791,confidence_boost,salt_unit,121,1016,45,False,False,deblur,0a24355572e0090dfd6e5422d0637cee00b14d1ca5b987c7283c1dd56afa8b34
B,791,confidence_boost,literal_fixed,126,1015,44,False,False,deblur,0a24355572e0090dfd6e5422d0637cee00b14d1ca5b987c7283c1dd56afa8b34
B,791,confidence_boost,literal_fresh,-1,1,1,False,False,deblur,0a24355572e0090dfd6e5422d0637cee00b14d1ca5b987c7283c1dd56afa8b34
B,1109,attack,frozen,40,1021,50,False,False,denoise,9aa1996ac4be334a9c3b1e16141b2931edd661004dceb2d9433d99f4236d83c9
B,1109,attack,salt_unit,102,1001,30,False,False,denoise,9aa1996ac4be334a9c3b1e16141b2931edd661004dceb2d9433d99f4236d83c9
B,1109,attack,literal_fixed,102,1001,30,False,False,denoise,9aa1996ac4be334a9c3b1e16141b2931edd661004dceb2d9433d99f4236d83c9
B,1109,attack,literal_fresh,-1,1,1,False,False,denoise,9aa1996ac4be334a9c3b1e16141b2931edd661004dceb2d9433d99f4236d83c9
B,1109,restore,frozen,41,1020,49,True,False,denoise,da7ddf88c997a9ce7d8581dc930a48e0c038224edc023b17c5063abfc9bcb57a
B,1109,restore,salt_unit,66,1007,36,False,False,denoise,da7ddf88c997a9ce7d8581dc930a48e0c038224edc023b17c5063abfc9bcb57a
B,1109,restore,literal_fixed,114,997,26,False,False,denoise,da7ddf88c997a9ce7d8581dc930a48e0c038224edc023b17c5063abfc9bcb57a
B,1109,restore,literal_fresh,-1,1,1,False,False,denoise,da7ddf88c997a9ce7d8581dc930a48e0c038224edc023b17c5063abfc9bcb57a
B,1109,confidence_boost,frozen,41,1021,50,False,False,denoise,aa89dc495851c37006d8a93e20a2141c864708c53e4b7cdc226782f7dd05ade1
B,1109,confidence_boost,salt_unit,81,1002,31,False,False,denoise,aa89dc495851c37006d8a93e20a2141c864708c53e4b7cdc226782f7dd05ade1
B,1109,confidence_boost,literal_fixed,127,982,11,False,False,denoise,aa89dc495851c37006d8a93e20a2141c864708c53e4b7cdc226782f7dd05ade1
B,1109,confidence_boost,literal_fresh,-1,1,1,False,False,denoise,aa89dc495851c37006d8a93e20a2141c864708c53e4b7cdc226782f7dd05ade1
B,1109,attack,frozen,97,1019,48,False,False,deblur,ca289f771f18b963bc61b7af3c642ad4a19177ea3c38951bee6d3861579faf27
B,1109,attack,salt_unit,97,1018,47,False,False,deblur,ca289f771f18b963bc61b7af3c642ad4a19177ea3c38951bee6d3861579faf27
B,1109,attack,literal_fixed,101,1006,35,False,False,deblur,ca289f771f18b963bc61b7af3c642ad4a19177ea3c38951bee6d3861579faf27
B,1109,attack,literal_fresh,-1,1,1,False,False,deblur,ca289f771f18b963bc61b7af3c642ad4a19177ea3c38951bee6d3861579faf27
B,1109,restore,frozen,83,1021,50,False,False,deblur,d52611db98514ff056f56ef46d107186759ce79eaad30e3f969c7ba17b451a45
B,1109,restore,salt_unit,72,1020,49,False,False,deblur,d52611db98514ff056f56ef46d107186759ce79eaad30e3f969c7ba17b451a45
B,1109,restore,literal_fixed,72,1019,48,False,False,deblur,d52611db98514ff056f56ef46d107186759ce79eaad30e3f969c7ba17b451a45
B,1109,restore,literal_fresh,-1,1,1,False,False,deblur,d52611db98514ff056f56ef46d107186759ce79eaad30e3f969c7ba17b451a45
B,1109,confidence_boost,frozen,203,1021,50,False,False,deblur,aca13fa65ea1a9f82c624cd75b3f89e67157cc5c47b3d38740059e8986974b30
B,1109,confidence_boost,salt_unit,203,1019,48,False,False,deblur,aca13fa65ea1a9f82c624cd75b3f89e67157cc5c47b3d38740059e8986974b30
B,1109,confidence_boost,literal_fixed,203,1019,48,False,False,deblur,aca13fa65ea1a9f82c624cd75b3f89e67157cc5c47b3d38740059e8986974b30
B,1109,confidence_boost,literal_fresh,-1,1,1,False,False,deblur,aca13fa65ea1a9f82c624cd75b3f89e67157cc5c47b3d38740059e8986974b30
B,3499,attack,frozen,108,1014,43,False,False,denoise,e5eb059f3372cdd6c044b62c13773a78a533f3b3cccbb83f581a90ad54b6d560
B,3499,attack,salt_unit,84,1002,31,False,False,denoise,e5eb059f3372cdd6c044b62c13773a78a533f3b3cccbb83f581a90ad54b6d560
B,3499,attack,literal_fixed,121,971,4,False,False,denoise,e5eb059f3372cdd6c044b62c13773a78a533f3b3cccbb83f581a90ad54b6d560
B,3499,attack,literal_fresh,-1,1,1,False,False,denoise,e5eb059f3372cdd6c044b62c13773a78a533f3b3cccbb83f581a90ad54b6d560
B,3499,restore,frozen,116,1009,38,False,False,denoise,54a1115f54eab5ce8577a87f69bd38d9482efa775a50e417b7dbc7981e20b89c
B,3499,restore,salt_unit,217,983,12,False,False,denoise,54a1115f54eab5ce8577a87f69bd38d9482efa775a50e417b7dbc7981e20b89c
B,3499,restore,literal_fixed,192,972,3,False,False,denoise,54a1115f54eab5ce8577a87f69bd38d9482efa775a50e417b7dbc7981e20b89c
B,3499,restore,literal_fresh,-1,1,1,False,False,denoise,54a1115f54eab5ce8577a87f69bd38d9482efa775a50e417b7dbc7981e20b89c
B,3499,confidence_boost,frozen,26,1015,44,False,False,denoise,6373b888448c8dd18514f8ebc0296d79d9a5f9b1c6e75b15a4b43cd25d012bb9
B,3499,confidence_boost,salt_unit,53,1008,37,False,False,denoise,6373b888448c8dd18514f8ebc0296d79d9a5f9b1c6e75b15a4b43cd25d012bb9
B,3499,confidence_boost,literal_fixed,65,991,20,False,False,denoise,6373b888448c8dd18514f8ebc0296d79d9a5f9b1c6e75b15a4b43cd25d012bb9
B,3499,confidence_boost,literal_fresh,-1,1,1,False,False,denoise,6373b888448c8dd18514f8ebc0296d79d9a5f9b1c6e75b15a4b43cd25d012bb9
B,3499,attack,frozen,144,1020,49,False,False,deblur,171e1282e2bcf68a027176a09b9d5ec54c571ecf78b7b2f7c9d34602bc399419
B,3499,attack,salt_unit,160,1015,44,False,False,deblur,171e1282e2bcf68a027176a09b9d5ec54c571ecf78b7b2f7c9d34602bc399419
B,3499,attack,literal_fixed,160,1015,44,False,False,deblur,171e1282e2bcf68a027176a09b9d5ec54c571ecf78b7b2f7c9d34602bc399419
B,3499,attack,literal_fresh,-1,1,1,False,False,deblur,171e1282e2bcf68a027176a09b9d5ec54c571ecf78b7b2f7c9d34602bc399419
B,3499,restore,frozen,366,1021,50,False,False,deblur,64e28b7c81a0a2b613e11341ff7e89cbe93329a71a416979e68362cd99af0d89
B,3499,restore,salt_unit,367,1020,49,False,False,deblur,64e28b7c81a0a2b613e11341ff7e89cbe93329a71a416979e68362cd99af0d89
B,3499,restore,literal_fixed,234,1017,46,False,False,deblur,64e28b7c81a0a2b613e11341ff7e89cbe93329a71a416979e68362cd99af0d89
B,3499,restore,literal_fresh,-1,1,1,False,False,deblur,64e28b7c81a0a2b613e11341ff7e89cbe93329a71a416979e68362cd99af0d89
B,3499,confidence_boost,frozen,116,1018,47,False,False,deblur,9590ca0644ce2cf1effb97c4cdc624f4ff320d5f97c6be9e9b269dc8437acb5a
B,3499,confidence_boost,salt_unit,116,1018,47,False,False,deblur,9590ca0644ce2cf1effb97c4cdc624f4ff320d5f97c6be9e9b269dc8437acb5a
B,3499,confidence_boost,literal_fixed,116,1019,48,False,False,deblur,9590ca0644ce2cf1effb97c4cdc624f4ff320d5f97c6be9e9b269dc8437acb5a
B,3499,confidence_boost,literal_fresh,-1,1,1,False,False,deblur,9590ca0644ce2cf1effb97c4cdc624f4ff320d5f97c6be9e9b269dc8437acb5a
B,3568,attack,frozen,33,1019,48,False,False,denoise,085376b690737d959848b9878aaf2c5377cf354fe964c348be91b57ca9cb7e0d
B,3568,attack,salt_unit,34,1021,50,False,False,denoise,085376b690737d959848b9878aaf2c5377cf354fe964c348be91b57ca9cb7e0d
B,3568,attack,literal_fixed,34,1021,50,False,False,denoise,085376b690737d959848b9878aaf2c5377cf354fe964c348be91b57ca9cb7e0d
B,3568,attack,literal_fresh,-1,1,1,False,False,denoise,085376b690737d959848b9878aaf2c5377cf354fe964c348be91b57ca9cb7e0d
B,3568,restore,frozen,74,1020,49,False,False,denoise,162e64c6885068b5d9e9487d4847bcc81ae61596876fbff0db902e2fd0ab6ab1
B,3568,restore,salt_unit,72,1021,50,False,False,denoise,162e64c6885068b5d9e9487d4847bcc81ae61596876fbff0db902e2fd0ab6ab1
B,3568,restore,literal_fixed,72,1021,50,False,False,denoise,162e64c6885068b5d9e9487d4847bcc81ae61596876fbff0db902e2fd0ab6ab1
B,3568,restore,literal_fresh,-1,1,1,False,False,denoise,162e64c6885068b5d9e9487d4847bcc81ae61596876fbff0db902e2fd0ab6ab1
B,3568,confidence_boost,frozen,94,1013,42,False,False,denoise,7100617b1e3b629c4e825c638e0b18ad9cc74d161bd5424f3a74cbbeea06d1ba
B,3568,confidence_boost,salt_unit,91,1020,49,False,False,denoise,7100617b1e3b629c4e825c638e0b18ad9cc74d161bd5424f3a74cbbeea06d1ba
B,3568,confidence_boost,literal_fixed,91,1020,49,False,False,denoise,7100617b1e3b629c4e825c638e0b18ad9cc74d161bd5424f3a74cbbeea06d1ba
B,3568,confidence_boost,literal_fresh,-1,1,1,False,False,denoise,7100617b1e3b629c4e825c638e0b18ad9cc74d161bd5424f3a74cbbeea06d1ba
B,3568,attack,frozen,97,1016,45,False,False,deblur,4d2dabc26057fc4bd95e3e293c726ea170c2c9abe8b29f61058b727828272ab1
B,3568,attack,salt_unit,97,1020,49,False,False,deblur,4d2dabc26057fc4bd95e3e293c726ea170c2c9abe8b29f61058b727828272ab1
B,3568,attack,literal_fixed,97,1020,49,False,False,deblur,4d2dabc26057fc4bd95e3e293c726ea170c2c9abe8b29f61058b727828272ab1
B,3568,attack,literal_fresh,-1,1,1,False,False,deblur,4d2dabc26057fc4bd95e3e293c726ea170c2c9abe8b29f61058b727828272ab1
B,3568,restore,frozen,68,1013,42,False,False,deblur,ef7b97c4f43a3e62a9f9e38d41cac8ebd4aa9552849cf69305c62bc7f9679c1f
B,3568,restore,salt_unit,142,1021,50,False,False,deblur,ef7b97c4f43a3e62a9f9e38d41cac8ebd4aa9552849cf69305c62bc7f9679c1f
B,3568,restore,literal_fixed,142,1021,50,False,False,deblur,ef7b97c4f43a3e62a9f9e38d41cac8ebd4aa9552849cf69305c62bc7f9679c1f
B,3568,restore,literal_fresh,-1,1,1,False,False,deblur,ef7b97c4f43a3e62a9f9e38d41cac8ebd4aa9552849cf69305c62bc7f9679c1f
B,3568,confidence_boost,frozen,52,1019,48,False,False,deblur,b9513dbe624dfbaec1a2e4d68a1cd6d9fec80a130177ff3861d28b46745c2c3f
B,3568,confidence_boost,salt_unit,50,1021,50,True,False,deblur,b9513dbe624dfbaec1a2e4d68a1cd6d9fec80a130177ff3861d28b46745c2c3f
B,3568,confidence_boost,literal_fixed,50,1021,50,True,False,deblur,b9513dbe624dfbaec1a2e4d68a1cd6d9fec80a130177ff3861d28b46745c2c3f
B,3568,confidence_boost,literal_fresh,-1,1,1,False,False,deblur,b9513dbe624dfbaec1a2e4d68a1cd6d9fec80a130177ff3861d28b46745c2c3f
B,6,attack,frozen,172,863,3,False,False,denoise,5a674953dd80cc7b7bf32d480adb96b373b18721b30c4bb225e5c20b7aa8d5a6
B,6,attack,salt_unit,40,1021,50,False,False,denoise,5a674953dd80cc7b7bf32d480adb96b373b18721b30c4bb225e5c20b7aa8d5a6
B,6,attack,literal_fixed,40,1021,50,False,False,denoise,5a674953dd80cc7b7bf32d480adb96b373b18721b30c4bb225e5c20b7aa8d5a6
B,6,attack,literal_fresh,-1,1,1,False,False,denoise,5a674953dd80cc7b7bf32d480adb96b373b18721b30c4bb225e5c20b7aa8d5a6
B,6,restore,frozen,168,899,3,False,False,denoise,37e0b234398a31e7666b5408c8901915391344371efdd227b0774450f3afa8e3
B,6,restore,salt_unit,46,1021,50,False,False,denoise,37e0b234398a31e7666b5408c8901915391344371efdd227b0774450f3afa8e3
B,6,restore,literal_fixed,46,1021,50,False,False,denoise,37e0b234398a31e7666b5408c8901915391344371efdd227b0774450f3afa8e3
B,6,restore,literal_fresh,-1,1,1,False,False,denoise,37e0b234398a31e7666b5408c8901915391344371efdd227b0774450f3afa8e3
B,6,confidence_boost,frozen,154,950,5,False,False,denoise,95a9695372e48cae303fa520a49169f9cfac47c9c2bc6b370964fc8097bd9b95
B,6,confidence_boost,salt_unit,80,1021,50,False,False,denoise,95a9695372e48cae303fa520a49169f9cfac47c9c2bc6b370964fc8097bd9b95
B,6,confidence_boost,literal_fixed,80,1021,50,False,False,denoise,95a9695372e48cae303fa520a49169f9cfac47c9c2bc6b370964fc8097bd9b95
B,6,confidence_boost,literal_fresh,-1,1,1,False,False,denoise,95a9695372e48cae303fa520a49169f9cfac47c9c2bc6b370964fc8097bd9b95
B,6,attack,frozen,222,646,3,False,False,deblur,d8f63c14b10583a11436709c1801ba212035cec6089411d8d011990a7e02f37f
B,6,attack,salt_unit,41,1021,50,True,False,deblur,d8f63c14b10583a11436709c1801ba212035cec6089411d8d011990a7e02f37f
B,6,attack,literal_fixed,41,1021,50,True,False,deblur,d8f63c14b10583a11436709c1801ba212035cec6089411d8d011990a7e02f37f
B,6,attack,literal_fresh,-1,1,1,False,False,deblur,d8f63c14b10583a11436709c1801ba212035cec6089411d8d011990a7e02f37f
B,6,restore,frozen,523,696,3,False,False,deblur,7a87ff468e6d015c23f9b26cdb62a71d9242d79b28ab50f1e0b867d0fbfc6275
B,6,restore,salt_unit,81,1021,50,False,False,deblur,7a87ff468e6d015c23f9b26cdb62a71d9242d79b28ab50f1e0b867d0fbfc6275
B,6,restore,literal_fixed,81,1021,50,False,False,deblur,7a87ff468e6d015c23f9b26cdb62a71d9242d79b28ab50f1e0b867d0fbfc6275
B,6,restore,literal_fresh,-1,1,1,False,False,deblur,7a87ff468e6d015c23f9b26cdb62a71d9242d79b28ab50f1e0b867d0fbfc6275
B,6,confidence_boost,frozen,273,867,3,False,False,deblur,f4cfd73354e772fe8803dc9dc78b3ce8918c31cca8afed183154cbae2e272262
B,6,confidence_boost,salt_unit,89,1021,50,False,False,deblur,f4cfd73354e772fe8803dc9dc78b3ce8918c31cca8afed183154cbae2e272262
B,6,confidence_boost,literal_fixed,89,1021,50,False,False,deblur,f4cfd73354e772fe8803dc9dc78b3ce8918c31cca8afed183154cbae2e272262
B,6,confidence_boost,literal_fresh,-1,1,1,False,False,deblur,f4cfd73354e772fe8803dc9dc78b3ce8918c31cca8afed183154cbae2e272262
B,81,attack,frozen,139,893,3,False,False,denoise,95a867ff2b79e755759ddc766da79ceb83462638cca4270491b5537566399058
B,81,attack,salt_unit,16,1021,50,True,False,denoise,95a867ff2b79e755759ddc766da79ceb83462638cca4270491b5537566399058
B,81,attack,literal_fixed,16,1021,50,True,False,denoise,95a867ff2b79e755759ddc766da79ceb83462638cca4270491b5537566399058
B,81,attack,literal_fresh,413,693,1,False,False,denoise,95a867ff2b79e755759ddc766da79ceb83462638cca4270491b5537566399058
B,81,restore,frozen,227,816,3,False,False,denoise,c8fce4e172813a039a988592e30d96a8edca3afd22a2f4a1b5ce6291bb81234a
B,81,restore,salt_unit,34,1021,50,True,True,denoise,c8fce4e172813a039a988592e30d96a8edca3afd22a2f4a1b5ce6291bb81234a
B,81,restore,literal_fixed,34,1021,50,True,True,denoise,c8fce4e172813a039a988592e30d96a8edca3afd22a2f4a1b5ce6291bb81234a
B,81,restore,literal_fresh,667,612,1,False,False,denoise,c8fce4e172813a039a988592e30d96a8edca3afd22a2f4a1b5ce6291bb81234a
B,81,confidence_boost,frozen,179,891,3,False,False,denoise,1959c9be7268f888eceb7953bcbf7728f4392cb82ff6b09ecb86171e8200892f
B,81,confidence_boost,salt_unit,40,1021,50,False,False,denoise,1959c9be7268f888eceb7953bcbf7728f4392cb82ff6b09ecb86171e8200892f
B,81,confidence_boost,literal_fixed,40,1021,50,False,False,denoise,1959c9be7268f888eceb7953bcbf7728f4392cb82ff6b09ecb86171e8200892f
B,81,confidence_boost,literal_fresh,-1,170,1,False,False,denoise,1959c9be7268f888eceb7953bcbf7728f4392cb82ff6b09ecb86171e8200892f
B,81,attack,frozen,51,986,15,False,False,deblur,d5dc95a06f0f2ecde0b7b5a72795296c8b0b59d21d9cd715e486bc016043501f
B,81,attack,salt_unit,105,1021,50,False,False,deblur,d5dc95a06f0f2ecde0b7b5a72795296c8b0b59d21d9cd715e486bc016043501f
B,81,attack,literal_fixed,105,1021,50,False,False,deblur,d5dc95a06f0f2ecde0b7b5a72795296c8b0b59d21d9cd715e486bc016043501f
B,81,attack,literal_fresh,189,839,1,False,False,deblur,d5dc95a06f0f2ecde0b7b5a72795296c8b0b59d21d9cd715e486bc016043501f
B,81,restore,frozen,259,971,5,False,False,deblur,32953b5886cc014a2cc28b1d5220326862ae3c094f76f2d7384a8867802e1710
B,81,restore,salt_unit,252,1021,50,False,False,deblur,32953b5886cc014a2cc28b1d5220326862ae3c094f76f2d7384a8867802e1710
B,81,restore,literal_fixed,252,1021,50,False,False,deblur,32953b5886cc014a2cc28b1d5220326862ae3c094f76f2d7384a8867802e1710
B,81,restore,literal_fresh,320,941,3,False,False,deblur,32953b5886cc014a2cc28b1d5220326862ae3c094f76f2d7384a8867802e1710
B,81,confidence_boost,frozen,89,994,23,False,False,deblur,7ddad5889cfc5ac49e1156aaa52805d5ecdeb9feea655cd0e2319746cc32dcbe
B,81,confidence_boost,salt_unit,73,1021,50,False,False,deblur,7ddad5889cfc5ac49e1156aaa52805d5ecdeb9feea655cd0e2319746cc32dcbe
B,81,confidence_boost,literal_fixed,73,1021,50,False,False,deblur,7ddad5889cfc5ac49e1156aaa52805d5ecdeb9feea655cd0e2319746cc32dcbe
B,81,confidence_boost,literal_fresh,313,798,1,False,False,deblur,7ddad5889cfc5ac49e1156aaa52805d5ecdeb9feea655cd0e2319746cc32dcbe
B,122,attack,frozen,57,990,19,False,False,denoise,47e221e9e86cd91b5bc7bb72252942720831fb164dccee0db244b2b219c7edcc
B,122,attack,salt_unit,99,1020,49,False,False,denoise,47e221e9e86cd91b5bc7bb72252942720831fb164dccee0db244b2b219c7edcc
B,122,attack,literal_fixed,99,1020,49,False,False,denoise,47e221e9e86cd91b5bc7bb72252942720831fb164dccee0db244b2b219c7edcc
B,122,attack,literal_fresh,-1,1,1,False,False,denoise,47e221e9e86cd91b5bc7bb72252942720831fb164dccee0db244b2b219c7edcc
B,122,restore,frozen,214,978,8,False,False,denoise,9174eefdc84b839c61c75fdcb9f1eb8ddc53434045b194d29fb81a4b567b4bb8
B,122,restore,salt_unit,42,1019,48,True,False,denoise,9174eefdc84b839c61c75fdcb9f1eb8ddc53434045b194d29fb81a4b567b4bb8
B,122,restore,literal_fixed,42,1019,48,True,False,denoise,9174eefdc84b839c61c75fdcb9f1eb8ddc53434045b194d29fb81a4b567b4bb8
B,122,restore,literal_fresh,-1,1,1,False,False,denoise,9174eefdc84b839c61c75fdcb9f1eb8ddc53434045b194d29fb81a4b567b4bb8
B,122,confidence_boost,frozen,198,901,3,False,False,denoise,ff35901dc360f1062ca9a694c7fc3a9c9d9c22432b72468959f8888a3eca9ba0
B,122,confidence_boost,salt_unit,106,1021,50,False,False,denoise,ff35901dc360f1062ca9a694c7fc3a9c9d9c22432b72468959f8888a3eca9ba0
B,122,confidence_boost,literal_fixed,106,1021,50,False,False,denoise,ff35901dc360f1062ca9a694c7fc3a9c9d9c22432b72468959f8888a3eca9ba0
B,122,confidence_boost,literal_fresh,-1,1,1,False,False,denoise,ff35901dc360f1062ca9a694c7fc3a9c9d9c22432b72468959f8888a3eca9ba0
B,122,attack,frozen,124,1013,42,False,False,deblur,cad9c40759022e0a55655b0549acb6267b6f0675354cf867bc8a7058c6d14710
B,122,attack,salt_unit,124,1019,48,False,False,deblur,cad9c40759022e0a55655b0549acb6267b6f0675354cf867bc8a7058c6d14710
B,122,attack,literal_fixed,124,1021,50,False,False,deblur,cad9c40759022e0a55655b0549acb6267b6f0675354cf867bc8a7058c6d14710
B,122,attack,literal_fresh,-1,1,1,False,False,deblur,cad9c40759022e0a55655b0549acb6267b6f0675354cf867bc8a7058c6d14710
B,122,restore,frozen,121,1008,37,False,False,deblur,aa81e1235da18477512b5916c69717eac8da3f09de5e7fd51b0594443aea76bb
B,122,restore,salt_unit,132,1020,49,False,False,deblur,aa81e1235da18477512b5916c69717eac8da3f09de5e7fd51b0594443aea76bb
B,122,restore,literal_fixed,132,1017,46,False,False,deblur,aa81e1235da18477512b5916c69717eac8da3f09de5e7fd51b0594443aea76bb
B,122,restore,literal_fresh,-1,1,1,False,False,deblur,aa81e1235da18477512b5916c69717eac8da3f09de5e7fd51b0594443aea76bb
B,122,confidence_boost,frozen,112,1010,39,False,False,deblur,566227ffae4d52e77e54acc04760ce113d2f00f7a9c8c515aeaeb00ba9fca863
B,122,confidence_boost,salt_unit,110,1020,49,False,False,deblur,566227ffae4d52e77e54acc04760ce113d2f00f7a9c8c515aeaeb00ba9fca863
B,122,confidence_boost,literal_fixed,110,1020,49,False,False,deblur,566227ffae4d52e77e54acc04760ce113d2f00f7a9c8c515aeaeb00ba9fca863
B,122,confidence_boost,literal_fresh,-1,1,1,False,False,deblur,566227ffae4d52e77e54acc04760ce113d2f00f7a9c8c515aeaeb00ba9fca863
B,604,attack,frozen,93,1007,36,False,False,denoise,7e15b34ccb48d2cbbd0e79c43c3f1399b46eab9f3028ac41d1156a9c239b942a
B,604,attack,salt_unit,56,1021,50,False,False,denoise,7e15b34ccb48d2cbbd0e79c43c3f1399b46eab9f3028ac41d1156a9c239b942a
B,604,attack,literal_fixed,82,1018,47,False,False,denoise,7e15b34ccb48d2cbbd0e79c43c3f1399b46eab9f3028ac41d1156a9c239b942a
B,604,attack,literal_fresh,-1,1,1,False,False,denoise,7e15b34ccb48d2cbbd0e79c43c3f1399b46eab9f3028ac41d1156a9c239b942a
B,604,restore,frozen,148,1004,33,False,False,denoise,6b5fe8cfaf58ecbb8baf99923b062a286c5b08de217939221264eff9e54196dc
B,604,restore,salt_unit,42,1021,50,False,False,denoise,6b5fe8cfaf58ecbb8baf99923b062a286c5b08de217939221264eff9e54196dc
B,604,restore,literal_fixed,42,1021,50,False,False,denoise,6b5fe8cfaf58ecbb8baf99923b062a286c5b08de217939221264eff9e54196dc
B,604,restore,literal_fresh,-1,1,1,False,False,denoise,6b5fe8cfaf58ecbb8baf99923b062a286c5b08de217939221264eff9e54196dc
B,604,confidence_boost,frozen,148,944,3,False,False,denoise,6392e6b55371ce59858d73429d0def60491a87952ad8fd3a71116c6aaab78a53
B,604,confidence_boost,salt_unit,117,1021,50,False,False,denoise,6392e6b55371ce59858d73429d0def60491a87952ad8fd3a71116c6aaab78a53
B,604,confidence_boost,literal_fixed,117,1021,50,False,False,denoise,6392e6b55371ce59858d73429d0def60491a87952ad8fd3a71116c6aaab78a53
B,604,confidence_boost,literal_fresh,-1,1,1,False,False,denoise,6392e6b55371ce59858d73429d0def60491a87952ad8fd3a71116c6aaab78a53
B,604,attack,frozen,117,961,3,False,False,deblur,60e3d8c4afc72a2e6fb1da3bfdf81441c124e8d63502f53b62123f4781b01edc
B,604,attack,salt_unit,106,1021,50,False,False,deblur,60e3d8c4afc72a2e6fb1da3bfdf81441c124e8d63502f53b62123f4781b01edc
B,604,attack,literal_fixed,106,1021,50,False,False,deblur,60e3d8c4afc72a2e6fb1da3bfdf81441c124e8d63502f53b62123f4781b01edc
B,604,attack,literal_fresh,-1,1,1,False,False,deblur,60e3d8c4afc72a2e6fb1da3bfdf81441c124e8d63502f53b62123f4781b01edc
B,604,restore,frozen,119,942,3,False,False,deblur,9261366512f636775e70c2bf4eabb0bc6c2ee17fc8df9f1b5f6ca4f384954838
B,604,restore,salt_unit,16,1020,49,False,False,deblur,9261366512f636775e70c2bf4eabb0bc6c2ee17fc8df9f1b5f6ca4f384954838
B,604,restore,literal_fixed,16,1020,49,False,False,deblur,9261366512f636775e70c2bf4eabb0bc6c2ee17fc8df9f1b5f6ca4f384954838
B,604,restore,literal_fresh,-1,1,1,False,False,deblur,9261366512f636775e70c2bf4eabb0bc6c2ee17fc8df9f1b5f6ca4f384954838
B,604,confidence_boost,frozen,132,960,6,False,False,deblur,a1df851cc8883d071877296006e999f8263ee4620ab7125685ce67d969c59e2f
B,604,confidence_boost,salt_unit,61,1021,50,False,False,deblur,a1df851cc8883d071877296006e999f8263ee4620ab7125685ce67d969c59e2f
B,604,confidence_boost,literal_fixed,61,1021,50,False,False,deblur,a1df851cc8883d071877296006e999f8263ee4620ab7125685ce67d969c59e2f
B,604,confidence_boost,literal_fresh,-1,1,1,False,False,deblur,a1df851cc8883d071877296006e999f8263ee4620ab7125685ce67d969c59e2f
B,1751,attack,frozen,176,930,4,False,False,denoise,921db56aa76ec9e4d4b7acc2c0b76baeece8cff9de0a1c289111d8ef2b763b18
B,1751,attack,salt_unit,40,1021,50,True,False,denoise,921db56aa76ec9e4d4b7acc2c0b76baeece8cff9de0a1c289111d8ef2b763b18
B,1751,attack,literal_fixed,40,1021,50,True,False,denoise,921db56aa76ec9e4d4b7acc2c0b76baeece8cff9de0a1c289111d8ef2b763b18
B,1751,attack,literal_fresh,-1,1,1,False,False,denoise,921db56aa76ec9e4d4b7acc2c0b76baeece8cff9de0a1c289111d8ef2b763b18
B,1751,restore,frozen,133,952,3,False,False,denoise,09b716acfc2b8c17c8d645010354958dfeccfb4e6dea608095d61c925578ef0f
B,1751,restore,salt_unit,76,1021,50,False,False,denoise,09b716acfc2b8c17c8d645010354958dfeccfb4e6dea608095d61c925578ef0f
B,1751,restore,literal_fixed,76,1021,50,False,False,denoise,09b716acfc2b8c17c8d645010354958dfeccfb4e6dea608095d61c925578ef0f
B,1751,restore,literal_fresh,-1,2,1,False,False,denoise,09b716acfc2b8c17c8d645010354958dfeccfb4e6dea608095d61c925578ef0f
B,1751,confidence_boost,frozen,202,831,3,False,False,denoise,8a0188c6e016da2bec89ce637b54a83ab5af6059528911cfec0708d86d4cc269
B,1751,confidence_boost,salt_unit,40,1021,50,True,False,denoise,8a0188c6e016da2bec89ce637b54a83ab5af6059528911cfec0708d86d4cc269
B,1751,confidence_boost,literal_fixed,40,1021,50,True,False,denoise,8a0188c6e016da2bec89ce637b54a83ab5af6059528911cfec0708d86d4cc269
B,1751,confidence_boost,literal_fresh,-1,1,1,False,False,denoise,8a0188c6e016da2bec89ce637b54a83ab5af6059528911cfec0708d86d4cc269
B,1751,attack,frozen,148,888,3,False,False,deblur,31e911ca2c20ba64e5e4b7ee5c65498c20e6a93d747f93022f386de78e85f96e
B,1751,attack,salt_unit,77,1021,50,False,False,deblur,31e911ca2c20ba64e5e4b7ee5c65498c20e6a93d747f93022f386de78e85f96e
B,1751,attack,literal_fixed,77,1021,50,False,False,deblur,31e911ca2c20ba64e5e4b7ee5c65498c20e6a93d747f93022f386de78e85f96e
B,1751,attack,literal_fresh,-1,1,1,False,False,deblur,31e911ca2c20ba64e5e4b7ee5c65498c20e6a93d747f93022f386de78e85f96e
B,1751,restore,frozen,178,913,3,False,False,deblur,70ce4024055fa78537b3d6897c7ef177f46749a92b9ed2d8693614179ab99438
B,1751,restore,salt_unit,132,1021,50,False,False,deblur,70ce4024055fa78537b3d6897c7ef177f46749a92b9ed2d8693614179ab99438
B,1751,restore,literal_fixed,132,1021,50,False,False,deblur,70ce4024055fa78537b3d6897c7ef177f46749a92b9ed2d8693614179ab99438
B,1751,restore,literal_fresh,588,555,1,False,False,deblur,70ce4024055fa78537b3d6897c7ef177f46749a92b9ed2d8693614179ab99438
B,1751,confidence_boost,frozen,237,874,3,False,False,deblur,06d63c6f31bdf21b6a7a56445aa443793cfdb963db2a14eeb92abbf0830a6a30
B,1751,confidence_boost,salt_unit,93,1021,50,False,False,deblur,06d63c6f31bdf21b6a7a56445aa443793cfdb963db2a14eeb92abbf0830a6a30
B,1751,confidence_boost,literal_fixed,93,1021,50,False,False,deblur,06d63c6f31bdf21b6a7a56445aa443793cfdb963db2a14eeb92abbf0830a6a30
B,1751,confidence_boost,literal_fresh,874,181,1,False,False,deblur,06d63c6f31bdf21b6a7a56445aa443793cfdb963db2a14eeb92abbf0830a6a30
B,988,attack,frozen,84,1019,48,False,False,denoise,6cc9c387d3500eb3f22fd847f6e062f9e2fe0a1b7302900bd30946c035f85010
B,988,attack,salt_unit,84,1018,47,False,False,denoise,6cc9c387d3500eb3f22fd847f6e062f9e2fe0a1b7302900bd30946c035f85010
B,988,attack,literal_fixed,23,1015,44,False,False,denoise,6cc9c387d3500eb3f22fd847f6e062f9e2fe0a1b7302900bd30946c035f85010
B,988,attack,literal_fresh,-1,1,1,False,False,denoise,6cc9c387d3500eb3f22fd847f6e062f9e2fe0a1b7302900bd30946c035f85010
B,988,restore,frozen,68,1018,47,False,False,denoise,48ca17c7c88de0bd962c91bdcad72dd1860d843102b6c2e396fcccb75350b74f
B,988,restore,salt_unit,117,1013,42,False,False,denoise,48ca17c7c88de0bd962c91bdcad72dd1860d843102b6c2e396fcccb75350b74f
B,988,restore,literal_fixed,117,1013,42,False,False,denoise,48ca17c7c88de0bd962c91bdcad72dd1860d843102b6c2e396fcccb75350b74f
B,988,restore,literal_fresh,-1,1,1,False,False,denoise,48ca17c7c88de0bd962c91bdcad72dd1860d843102b6c2e396fcccb75350b74f
B,988,confidence_boost,frozen,42,1019,48,True,False,denoise,0cc12d595821f561baf2b31895a70e86ac59433918f7a0aad12359b5388f554b
B,988,confidence_boost,salt_unit,41,1020,49,True,False,denoise,0cc12d595821f561baf2b31895a70e86ac59433918f7a0aad12359b5388f554b
B,988,confidence_boost,literal_fixed,41,1020,49,True,False,denoise,0cc12d595821f561baf2b31895a70e86ac59433918f7a0aad12359b5388f554b
B,988,confidence_boost,literal_fresh,-1,1,1,False,False,denoise,0cc12d595821f561baf2b31895a70e86ac59433918f7a0aad12359b5388f554b
B,988,attack,frozen,138,1017,46,False,False,deblur,24c67fc00f5029d17223e6347dcc32d13fa87d685110a9253791e3267205743f
B,988,attack,salt_unit,57,1013,42,False,False,deblur,24c67fc00f5029d17223e6347dcc32d13fa87d685110a9253791e3267205743f
B,988,attack,literal_fixed,57,1013,42,False,False,deblur,24c67fc00f5029d17223e6347dcc32d13fa87d685110a9253791e3267205743f
B,988,attack,literal_fresh,-1,1,1,False,False,deblur,24c67fc00f5029d17223e6347dcc32d13fa87d685110a9253791e3267205743f
B,988,restore,frozen,102,1019,48,False,False,deblur,7ec93655ca5f66465e828ab356be08bdf21404deeee1518c026cb01fa515886e
B,988,restore,salt_unit,100,1010,39,False,False,deblur,7ec93655ca5f66465e828ab356be08bdf21404deeee1518c026cb01fa515886e
B,988,restore,literal_fixed,94,1005,34,False,False,deblur,7ec93655ca5f66465e828ab356be08bdf21404deeee1518c026cb01fa515886e
B,988,restore,literal_fresh,-1,1,1,False,False,deblur,7ec93655ca5f66465e828ab356be08bdf21404deeee1518c026cb01fa515886e
B,988,confidence_boost,frozen,17,1019,48,False,False,deblur,e65b1e91e1dc6bfd48e98936b2867d630839a29ab3452275f5b5a567f9c09767
B,988,confidence_boost,salt_unit,23,1013,42,False,False,deblur,e65b1e91e1dc6bfd48e98936b2867d630839a29ab3452275f5b5a567f9c09767
B,988,confidence_boost,literal_fixed,108,1006,35,False,False,deblur,e65b1e91e1dc6bfd48e98936b2867d630839a29ab3452275f5b5a567f9c09767
B,988,confidence_boost,literal_fresh,-1,1,1,False,False,deblur,e65b1e91e1dc6bfd48e98936b2867d630839a29ab3452275f5b5a567f9c09767
B,1196,attack,frozen,142,944,3,False,False,denoise,cffa328e5df26761392ee2dd594bfca4b45ea0d5f79b9fad686976d8f66ea62c
B,1196,attack,salt_unit,62,1021,50,False,False,denoise,cffa328e5df26761392ee2dd594bfca4b45ea0d5f79b9fad686976d8f66ea62c
B,1196,attack,literal_fixed,62,1021,50,False,False,denoise,cffa328e5df26761392ee2dd594bfca4b45ea0d5f79b9fad686976d8f66ea62c
B,1196,attack,literal_fresh,-1,1,1,False,False,denoise,cffa328e5df26761392ee2dd594bfca4b45ea0d5f79b9fad686976d8f66ea62c
B,1196,restore,frozen,272,966,5,False,False,denoise,91f676621349b6a91298b50807c77bb340f1b2c0be8c94ef9ad7cb18b1ccd84a
B,1196,restore,salt_unit,70,1021,50,False,False,denoise,91f676621349b6a91298b50807c77bb340f1b2c0be8c94ef9ad7cb18b1ccd84a
B,1196,restore,literal_fixed,70,1021,50,False,False,denoise,91f676621349b6a91298b50807c77bb340f1b2c0be8c94ef9ad7cb18b1ccd84a
B,1196,restore,literal_fresh,-1,1,1,False,False,denoise,91f676621349b6a91298b50807c77bb340f1b2c0be8c94ef9ad7cb18b1ccd84a
B,1196,confidence_boost,frozen,166,933,3,False,False,denoise,537736850213ff1b71406992ba698f272574e5bb038b162f76e70f4a50ca1f64
B,1196,confidence_boost,salt_unit,23,1021,50,True,True,denoise,537736850213ff1b71406992ba698f272574e5bb038b162f76e70f4a50ca1f64
B,1196,confidence_boost,literal_fixed,23,1021,50,True,True,denoise,537736850213ff1b71406992ba698f272574e5bb038b162f76e70f4a50ca1f64
B,1196,confidence_boost,literal_fresh,-1,1,1,False,False,denoise,537736850213ff1b71406992ba698f272574e5bb038b162f76e70f4a50ca1f64
B,1196,attack,frozen,135,901,3,False,False,deblur,968cca3c72343e4fd20f4424e5b3068cf4b6255abfcb0f5247eade89d32f6d0b
B,1196,attack,salt_unit,64,1021,50,False,False,deblur,968cca3c72343e4fd20f4424e5b3068cf4b6255abfcb0f5247eade89d32f6d0b
B,1196,attack,literal_fixed,64,1021,50,False,False,deblur,968cca3c72343e4fd20f4424e5b3068cf4b6255abfcb0f5247eade89d32f6d0b
B,1196,attack,literal_fresh,-1,1,1,False,False,deblur,968cca3c72343e4fd20f4424e5b3068cf4b6255abfcb0f5247eade89d32f6d0b
B,1196,restore,frozen,219,980,10,False,False,deblur,c027b1e521106778323c6812fe6ea962ffb63326673a4c51de65a74e2b81c34b
B,1196,restore,salt_unit,219,1021,50,False,False,deblur,c027b1e521106778323c6812fe6ea962ffb63326673a4c51de65a74e2b81c34b
B,1196,restore,literal_fixed,219,1021,50,False,False,deblur,c027b1e521106778323c6812fe6ea962ffb63326673a4c51de65a74e2b81c34b
B,1196,restore,literal_fresh,-1,1,1,False,False,deblur,c027b1e521106778323c6812fe6ea962ffb63326673a4c51de65a74e2b81c34b
B,1196,confidence_boost,frozen,161,929,3,False,False,deblur,02d3cf22acbe09822509223c6719b81bfb77e9137ea05118c5e555d2e5f12121
B,1196,confidence_boost,salt_unit,140,1020,49,False,False,deblur,02d3cf22acbe09822509223c6719b81bfb77e9137ea05118c5e555d2e5f12121
B,1196,confidence_boost,literal_fixed,140,1020,49,False,False,deblur,02d3cf22acbe09822509223c6719b81bfb77e9137ea05118c5e555d2e5f12121
B,1196,confidence_boost,literal_fresh,-1,1,1,False,False,deblur,02d3cf22acbe09822509223c6719b81bfb77e9137ea05118c5e555d2e5f12121
B,1202,attack,frozen,64,991,20,False,False,denoise,e4e920d917f90fd2fef5a31ac3200b8c7b383ac764eabc4cc4be3123ec122324
B,1202,attack,salt_unit,64,1019,48,False,False,denoise,e4e920d917f90fd2fef5a31ac3200b8c7b383ac764eabc4cc4be3123ec122324
B,1202,attack,literal_fixed,64,1019,48,False,False,denoise,e4e920d917f90fd2fef5a31ac3200b8c7b383ac764eabc4cc4be3123ec122324
B,1202,attack,literal_fresh,-1,1,1,False,False,denoise,e4e920d917f90fd2fef5a31ac3200b8c7b383ac764eabc4cc4be3123ec122324
B,1202,restore,frozen,184,927,3,False,False,denoise,ca7227ceb82c5e24283311118857d42f45e2bd31c223e07b482b92b050a14176
B,1202,restore,salt_unit,40,1012,41,False,False,denoise,ca7227ceb82c5e24283311118857d42f45e2bd31c223e07b482b92b050a14176
B,1202,restore,literal_fixed,40,1005,34,False,False,denoise,ca7227ceb82c5e24283311118857d42f45e2bd31c223e07b482b92b050a14176
B,1202,restore,literal_fresh,-1,1,1,False,False,denoise,ca7227ceb82c5e24283311118857d42f45e2bd31c223e07b482b92b050a14176
B,1202,confidence_boost,frozen,78,973,5,False,False,denoise,c54264820ed8d1c424ffa9582bbe71af2b2364842ab1c0deb6581df8c0954807
B,1202,confidence_boost,salt_unit,45,1016,45,True,False,denoise,c54264820ed8d1c424ffa9582bbe71af2b2364842ab1c0deb6581df8c0954807
B,1202,confidence_boost,literal_fixed,45,1016,45,True,False,denoise,c54264820ed8d1c424ffa9582bbe71af2b2364842ab1c0deb6581df8c0954807
B,1202,confidence_boost,literal_fresh,-1,1,1,False,False,denoise,c54264820ed8d1c424ffa9582bbe71af2b2364842ab1c0deb6581df8c0954807
B,1202,attack,frozen,132,1016,45,False,False,deblur,321b9e4312ee25c273bb053828f9e231a7f1183469d21402885ae880b4c3e72d
B,1202,attack,salt_unit,132,1017,46,False,False,deblur,321b9e4312ee25c273bb053828f9e231a7f1183469d21402885ae880b4c3e72d
B,1202,attack,literal_fixed,132,1017,46,False,False,deblur,321b9e4312ee25c273bb053828f9e231a7f1183469d21402885ae880b4c3e72d
B,1202,attack,literal_fresh,-1,1,1,False,False,deblur,321b9e4312ee25c273bb053828f9e231a7f1183469d21402885ae880b4c3e72d
B,1202,restore,frozen,32,1004,33,False,True,deblur,62b02e455433a2f6a5980662d815a4e6b798321a9bc9987effb2e84cc1b8d3fa
B,1202,restore,salt_unit,576,1021,50,False,False,deblur,62b02e455433a2f6a5980662d815a4e6b798321a9bc9987effb2e84cc1b8d3fa
B,1202,restore,literal_fixed,576,1021,50,False,False,deblur,62b02e455433a2f6a5980662d815a4e6b798321a9bc9987effb2e84cc1b8d3fa
B,1202,restore,literal_fresh,-1,1,1,False,False,deblur,62b02e455433a2f6a5980662d815a4e6b798321a9bc9987effb2e84cc1b8d3fa
B,1202,confidence_boost,frozen,139,1013,42,False,False,deblur,f8ac213ff1c80f6914a850fb49b27c00b0337e4b69ffcd11697d18d076d56391
B,1202,confidence_boost,salt_unit,138,1019,48,False,False,deblur,f8ac213ff1c80f6914a850fb49b27c00b0337e4b69ffcd11697d18d076d56391
B,1202,confidence_boost,literal_fixed,138,1019,48,False,False,deblur,f8ac213ff1c80f6914a850fb49b27c00b0337e4b69ffcd11697d18d076d56391
B,1202,confidence_boost,literal_fresh,-1,1,1,False,False,deblur,f8ac213ff1c80f6914a850fb49b27c00b0337e4b69ffcd11697d18d076d56391
B,1709,attack,frozen,61,1016,45,False,False,denoise,d7bc2b693d2326cf406279af1138c80c641609ba51212aaacd3d83e9eb12cc1c
B,1709,attack,salt_unit,61,1017,46,False,False,denoise,d7bc2b693d2326cf406279af1138c80c641609ba51212aaacd3d83e9eb12cc1c
B,1709,attack,literal_fixed,58,1018,47,False,False,denoise,d7bc2b693d2326cf406279af1138c80c641609ba51212aaacd3d83e9eb12cc1c
B,1709,attack,literal_fresh,-1,1,1,False,False,denoise,d7bc2b693d2326cf406279af1138c80c641609ba51212aaacd3d83e9eb12cc1c
B,1709,restore,frozen,123,1019,48,False,False,denoise,c204d36af36bfd0830190d962931867a2cb6ab027831fcab3ddf95ea38a96135
B,1709,restore,salt_unit,123,1020,49,False,False,denoise,c204d36af36bfd0830190d962931867a2cb6ab027831fcab3ddf95ea38a96135
B,1709,restore,literal_fixed,123,1020,49,False,False,denoise,c204d36af36bfd0830190d962931867a2cb6ab027831fcab3ddf95ea38a96135
B,1709,restore,literal_fresh,-1,1,1,False,False,denoise,c204d36af36bfd0830190d962931867a2cb6ab027831fcab3ddf95ea38a96135
B,1709,confidence_boost,frozen,32,1017,46,True,True,denoise,b575d674ec8befb6b0f3e9b294dc4ea28643fde65d4e2cbfa6e6345f05e70f2a
B,1709,confidence_boost,salt_unit,32,1018,47,True,True,denoise,b575d674ec8befb6b0f3e9b294dc4ea28643fde65d4e2cbfa6e6345f05e70f2a
B,1709,confidence_boost,literal_fixed,32,1017,46,True,True,denoise,b575d674ec8befb6b0f3e9b294dc4ea28643fde65d4e2cbfa6e6345f05e70f2a
B,1709,confidence_boost,literal_fresh,-1,1,1,False,False,denoise,b575d674ec8befb6b0f3e9b294dc4ea28643fde65d4e2cbfa6e6345f05e70f2a
B,1709,attack,frozen,142,1005,34,False,False,deblur,d507dd9f43adb5e842546f1204c723659f804d4b3856746982f0e92e572b8478
B,1709,attack,salt_unit,119,1021,50,False,False,deblur,d507dd9f43adb5e842546f1204c723659f804d4b3856746982f0e92e572b8478
B,1709,attack,literal_fixed,119,1021,50,False,False,deblur,d507dd9f43adb5e842546f1204c723659f804d4b3856746982f0e92e572b8478
B,1709,attack,literal_fresh,-1,1,1,False,False,deblur,d507dd9f43adb5e842546f1204c723659f804d4b3856746982f0e92e572b8478
B,1709,restore,frozen,62,1019,48,False,False,deblur,4e143aa937ec72d87c001b08cad11e4e0ad4e22b170c99bec02bff1ab77b39a4
B,1709,restore,salt_unit,62,1017,46,False,False,deblur,4e143aa937ec72d87c001b08cad11e4e0ad4e22b170c99bec02bff1ab77b39a4
B,1709,restore,literal_fixed,62,1017,46,False,False,deblur,4e143aa937ec72d87c001b08cad11e4e0ad4e22b170c99bec02bff1ab77b39a4
B,1709,restore,literal_fresh,-1,1,1,False,False,deblur,4e143aa937ec72d87c001b08cad11e4e0ad4e22b170c99bec02bff1ab77b39a4
B,1709,confidence_boost,frozen,119,1015,44,False,False,deblur,95feda76af156921af87b90718e1f0497e4be389f9612bd0409993fc37547969
B,1709,confidence_boost,salt_unit,115,1021,50,False,False,deblur,95feda76af156921af87b90718e1f0497e4be389f9612bd0409993fc37547969
B,1709,confidence_boost,literal_fixed,115,1021,50,False,False,deblur,95feda76af156921af87b90718e1f0497e4be389f9612bd0409993fc37547969
B,1709,confidence_boost,literal_fresh,-1,1,1,False,False,deblur,95feda76af156921af87b90718e1f0497e4be389f9612bd0409993fc37547969
B,2170,attack,frozen,48,1013,42,True,False,denoise,d5ba81cf5813c804edadcf5febdbaac960177410a97e690484b95403ee4249ee
B,2170,attack,salt_unit,41,1020,49,True,False,denoise,d5ba81cf5813c804edadcf5febdbaac960177410a97e690484b95403ee4249ee
B,2170,attack,literal_fixed,41,1020,49,True,False,denoise,d5ba81cf5813c804edadcf5febdbaac960177410a97e690484b95403ee4249ee
B,2170,attack,literal_fresh,-1,1,1,False,False,denoise,d5ba81cf5813c804edadcf5febdbaac960177410a97e690484b95403ee4249ee
B,2170,restore,frozen,46,1015,44,True,False,denoise,292787826669a4450481c11333c3b927f5743f10b632b2e0a96ed6ab84866202
B,2170,restore,salt_unit,40,1021,50,True,False,denoise,292787826669a4450481c11333c3b927f5743f10b632b2e0a96ed6ab84866202
B,2170,restore,literal_fixed,40,1021,50,True,False,denoise,292787826669a4450481c11333c3b927f5743f10b632b2e0a96ed6ab84866202
B,2170,restore,literal_fresh,-1,1,1,False,False,denoise,292787826669a4450481c11333c3b927f5743f10b632b2e0a96ed6ab84866202
B,2170,confidence_boost,frozen,81,1008,37,False,False,denoise,cf212764aa666e5b2c5618be48def612f0cf4fdb2d17846cb33096ab556ffb3a
B,2170,confidence_boost,salt_unit,17,1020,49,True,True,denoise,cf212764aa666e5b2c5618be48def612f0cf4fdb2d17846cb33096ab556ffb3a
B,2170,confidence_boost,literal_fixed,17,1020,49,True,True,denoise,cf212764aa666e5b2c5618be48def612f0cf4fdb2d17846cb33096ab556ffb3a
B,2170,confidence_boost,literal_fresh,-1,1,1,False,False,denoise,cf212764aa666e5b2c5618be48def612f0cf4fdb2d17846cb33096ab556ffb3a
B,2170,attack,frozen,145,964,7,False,False,deblur,19370ee577818c2ba288d0afc19e475f751cb6a3f96f300a8a4f64657743f4c9
B,2170,attack,salt_unit,28,1021,50,False,False,deblur,19370ee577818c2ba288d0afc19e475f751cb6a3f96f300a8a4f64657743f4c9
B,2170,attack,literal_fixed,28,1021,50,False,False,deblur,19370ee577818c2ba288d0afc19e475f751cb6a3f96f300a8a4f64657743f4c9
B,2170,attack,literal_fresh,-1,1,1,False,False,deblur,19370ee577818c2ba288d0afc19e475f751cb6a3f96f300a8a4f64657743f4c9
B,2170,restore,frozen,857,980,13,False,False,deblur,a8a0f991df46c2706af0b1e49b20d5be84d9acaf350c379a2a788bc6fe14a106
B,2170,restore,salt_unit,857,1021,50,False,False,deblur,a8a0f991df46c2706af0b1e49b20d5be84d9acaf350c379a2a788bc6fe14a106
B,2170,restore,literal_fixed,857,1021,50,False,False,deblur,a8a0f991df46c2706af0b1e49b20d5be84d9acaf350c379a2a788bc6fe14a106
B,2170,restore,literal_fresh,-1,1,1,False,False,deblur,a8a0f991df46c2706af0b1e49b20d5be84d9acaf350c379a2a788bc6fe14a106
B,2170,confidence_boost,frozen,234,938,3,False,False,deblur,e1f9cce77eb25cfdb81437d9fe8cfb321cbf26b73953760812e7a193ec232a49
B,2170,confidence_boost,salt_unit,176,1021,50,False,False,deblur,e1f9cce77eb25cfdb81437d9fe8cfb321cbf26b73953760812e7a193ec232a49
B,2170,confidence_boost,literal_fixed,176,1021,50,False,False,deblur,e1f9cce77eb25cfdb81437d9fe8cfb321cbf26b73953760812e7a193ec232a49
B,2170,confidence_boost,literal_fresh,-1,1,1,False,False,deblur,e1f9cce77eb25cfdb81437d9fe8cfb321cbf26b73953760812e7a193ec232a49
B,294,attack,frozen,148,965,3,False,False,denoise,8047f796edf5d2a167943c6ac64b32d446de25a43120a670abe0a12485245af4
B,294,attack,salt_unit,102,1020,49,False,False,denoise,8047f796edf5d2a167943c6ac64b32d446de25a43120a670abe0a12485245af4
B,294,attack,literal_fixed,102,1020,49,False,False,denoise,8047f796edf5d2a167943c6ac64b32d446de25a43120a670abe0a12485245af4
B,294,attack,literal_fresh,-1,1,1,False,False,denoise,8047f796edf5d2a167943c6ac64b32d446de25a43120a670abe0a12485245af4
B,294,restore,frozen,51,1013,42,False,False,denoise,f5d7228d388a60f17a6b63cf0ce671843c04eb8fe7481d485ff050fb8fe5e2ec
B,294,restore,salt_unit,51,1021,50,False,False,denoise,f5d7228d388a60f17a6b63cf0ce671843c04eb8fe7481d485ff050fb8fe5e2ec
B,294,restore,literal_fixed,51,1021,50,False,False,denoise,f5d7228d388a60f17a6b63cf0ce671843c04eb8fe7481d485ff050fb8fe5e2ec
B,294,restore,literal_fresh,-1,1,1,False,False,denoise,f5d7228d388a60f17a6b63cf0ce671843c04eb8fe7481d485ff050fb8fe5e2ec
B,294,confidence_boost,frozen,120,1003,32,False,False,denoise,58f851afd5cd8794f1e40e1d00d2702a6e262043b5089c158948fb3444cf27f8
B,294,confidence_boost,salt_unit,91,1018,47,False,False,denoise,58f851afd5cd8794f1e40e1d00d2702a6e262043b5089c158948fb3444cf27f8
B,294,confidence_boost,literal_fixed,91,1018,47,False,False,denoise,58f851afd5cd8794f1e40e1d00d2702a6e262043b5089c158948fb3444cf27f8
B,294,confidence_boost,literal_fresh,-1,1,1,False,False,denoise,58f851afd5cd8794f1e40e1d00d2702a6e262043b5089c158948fb3444cf27f8
B,294,attack,frozen,109,1011,40,False,False,deblur,f54592f671f2b073d3fa4ecf5bdcfd14ccad2c4dc46ea0f26af90f456ecdb896
B,294,attack,salt_unit,98,1021,50,False,False,deblur,f54592f671f2b073d3fa4ecf5bdcfd14ccad2c4dc46ea0f26af90f456ecdb896
B,294,attack,literal_fixed,98,1020,49,False,False,deblur,f54592f671f2b073d3fa4ecf5bdcfd14ccad2c4dc46ea0f26af90f456ecdb896
B,294,attack,literal_fresh,-1,1,1,False,False,deblur,f54592f671f2b073d3fa4ecf5bdcfd14ccad2c4dc46ea0f26af90f456ecdb896
B,294,restore,frozen,102,1018,47,False,False,deblur,64b0f0c37734327d99a3ce935fc9dddfaa8126b00bb0c340b29e03809cfb840b
B,294,restore,salt_unit,105,1020,49,False,False,deblur,64b0f0c37734327d99a3ce935fc9dddfaa8126b00bb0c340b29e03809cfb840b
B,294,restore,literal_fixed,105,1020,49,False,False,deblur,64b0f0c37734327d99a3ce935fc9dddfaa8126b00bb0c340b29e03809cfb840b
B,294,restore,literal_fresh,-1,1,1,False,False,deblur,64b0f0c37734327d99a3ce935fc9dddfaa8126b00bb0c340b29e03809cfb840b
B,294,confidence_boost,frozen,47,1017,46,True,False,deblur,7f420baf341bfb1099c09a26af1d85191d1c74d8294cfc2e53e16e810180c6f5
B,294,confidence_boost,salt_unit,47,1018,47,True,False,deblur,7f420baf341bfb1099c09a26af1d85191d1c74d8294cfc2e53e16e810180c6f5
B,294,confidence_boost,literal_fixed,47,1018,47,True,False,deblur,7f420baf341bfb1099c09a26af1d85191d1c74d8294cfc2e53e16e810180c6f5
B,294,confidence_boost,literal_fresh,-1,1,1,False,False,deblur,7f420baf341bfb1099c09a26af1d85191d1c74d8294cfc2e53e16e810180c6f5
B,1518,attack,frozen,110,1003,32,False,False,denoise,ba45d66549e078a4966e461a8b82310e479eef378c03e7cf91b242c1a0d50753
B,1518,attack,salt_unit,95,1017,46,False,False,denoise,ba45d66549e078a4966e461a8b82310e479eef378c03e7cf91b242c1a0d50753
B,1518,attack,literal_fixed,95,1017,46,False,False,denoise,ba45d66549e078a4966e461a8b82310e479eef378c03e7cf91b242c1a0d50753
B,1518,attack,literal_fresh,-1,1,1,False,False,denoise,ba45d66549e078a4966e461a8b82310e479eef378c03e7cf91b242c1a0d50753
B,1518,restore,frozen,99,999,28,False,False,denoise,0e37dd36ccf8b7dd9bee511235f6e5a702e18c80c81f13082dac28dfcf7c0261
B,1518,restore,salt_unit,42,1019,48,True,False,denoise,0e37dd36ccf8b7dd9bee511235f6e5a702e18c80c81f13082dac28dfcf7c0261
B,1518,restore,literal_fixed,119,1006,35,False,False,denoise,0e37dd36ccf8b7dd9bee511235f6e5a702e18c80c81f13082dac28dfcf7c0261
B,1518,restore,literal_fresh,-1,1,1,False,False,denoise,0e37dd36ccf8b7dd9bee511235f6e5a702e18c80c81f13082dac28dfcf7c0261
B,1518,confidence_boost,frozen,69,992,21,False,False,denoise,16bb2399f80bc2a528bddd02f06b691b766bb83e3eee0cab68066aead791a2b7
B,1518,confidence_boost,salt_unit,31,1020,49,True,True,denoise,16bb2399f80bc2a528bddd02f06b691b766bb83e3eee0cab68066aead791a2b7
B,1518,confidence_boost,literal_fixed,31,1020,49,True,True,denoise,16bb2399f80bc2a528bddd02f06b691b766bb83e3eee0cab68066aead791a2b7
B,1518,confidence_boost,literal_fresh,-1,1,1,False,False,denoise,16bb2399f80bc2a528bddd02f06b691b766bb83e3eee0cab68066aead791a2b7
B,1518,attack,frozen,130,1015,44,False,False,deblur,8358679e7f0eda565fb205c560c8a0d6727a15e160c521efcfe7c1b53244d4a2
B,1518,attack,salt_unit,127,1016,45,False,False,deblur,8358679e7f0eda565fb205c560c8a0d6727a15e160c521efcfe7c1b53244d4a2
B,1518,attack,literal_fixed,127,1016,45,False,False,deblur,8358679e7f0eda565fb205c560c8a0d6727a15e160c521efcfe7c1b53244d4a2
B,1518,attack,literal_fresh,-1,1,1,False,False,deblur,8358679e7f0eda565fb205c560c8a0d6727a15e160c521efcfe7c1b53244d4a2
B,1518,restore,frozen,335,1018,47,False,False,deblur,05c443f49768e75376b79f700c875682e9347bb0501eec9046ff22c0c896697e
B,1518,restore,salt_unit,265,1012,41,False,False,deblur,05c443f49768e75376b79f700c875682e9347bb0501eec9046ff22c0c896697e
B,1518,restore,literal_fixed,290,1011,40,False,False,deblur,05c443f49768e75376b79f700c875682e9347bb0501eec9046ff22c0c896697e
B,1518,restore,literal_fresh,-1,1,1,False,False,deblur,05c443f49768e75376b79f700c875682e9347bb0501eec9046ff22c0c896697e
B,1518,confidence_boost,frozen,93,1019,48,False,False,deblur,29ae6313873c1c4d50f6ae089dd99ee245ff9a7531cecf34fa9ea73ee5fa0ef9
B,1518,confidence_boost,salt_unit,90,1009,38,False,False,deblur,29ae6313873c1c4d50f6ae089dd99ee245ff9a7531cecf34fa9ea73ee5fa0ef9
B,1518,confidence_boost,literal_fixed,90,1009,38,False,False,deblur,29ae6313873c1c4d50f6ae089dd99ee245ff9a7531cecf34fa9ea73ee5fa0ef9
B,1518,confidence_boost,literal_fresh,-1,1,1,False,False,deblur,29ae6313873c1c4d50f6ae089dd99ee245ff9a7531cecf34fa9ea73ee5fa0ef9
B,1603,attack,frozen,113,996,25,False,False,denoise,e2022678f4d73320c0e6d36505f55b2b4237f59ac39319a22bc75984f856be60
B,1603,attack,salt_unit,71,1020,49,False,False,denoise,e2022678f4d73320c0e6d36505f55b2b4237f59ac39319a22bc75984f856be60
B,1603,attack,literal_fixed,71,1020,49,False,False,denoise,e2022678f4d73320c0e6d36505f55b2b4237f59ac39319a22bc75984f856be60
B,1603,attack,literal_fresh,-1,1,1,False,False,denoise,e2022678f4d73320c0e6d36505f55b2b4237f59ac39319a22bc75984f856be60
B,1603,restore,frozen,165,926,3,False,False,denoise,81baed1436efb25ab7613193c64c447df33838a19854b27939cae4602d906c0d
B,1603,restore,salt_unit,56,1021,50,False,False,denoise,81baed1436efb25ab7613193c64c447df33838a19854b27939cae4602d906c0d
B,1603,restore,literal_fixed,59,1018,47,False,False,denoise,81baed1436efb25ab7613193c64c447df33838a19854b27939cae4602d906c0d
B,1603,restore,literal_fresh,-1,1,1,False,False,denoise,81baed1436efb25ab7613193c64c447df33838a19854b27939cae4602d906c0d
B,1603,confidence_boost,frozen,94,947,4,False,False,denoise,cec0c34a42f250bcd74c0af6c580a4be9001fbcc6575df8ec487a615138cf162
B,1603,confidence_boost,salt_unit,94,1020,49,False,False,denoise,cec0c34a42f250bcd74c0af6c580a4be9001fbcc6575df8ec487a615138cf162
B,1603,confidence_boost,literal_fixed,94,1020,49,False,False,denoise,cec0c34a42f250bcd74c0af6c580a4be9001fbcc6575df8ec487a615138cf162
B,1603,confidence_boost,literal_fresh,-1,1,1,False,False,denoise,cec0c34a42f250bcd74c0af6c580a4be9001fbcc6575df8ec487a615138cf162
B,1603,attack,frozen,137,986,15,False,False,deblur,dae1b5e80c5597268cedc1650d4047d8e03793fdb0ad77fdf5d0274b6234b178
B,1603,attack,salt_unit,136,1021,50,False,False,deblur,dae1b5e80c5597268cedc1650d4047d8e03793fdb0ad77fdf5d0274b6234b178
B,1603,attack,literal_fixed,136,1021,50,False,False,deblur,dae1b5e80c5597268cedc1650d4047d8e03793fdb0ad77fdf5d0274b6234b178
B,1603,attack,literal_fresh,-1,1,1,False,False,deblur,dae1b5e80c5597268cedc1650d4047d8e03793fdb0ad77fdf5d0274b6234b178
B,1603,restore,frozen,463,1001,30,False,False,deblur,a0e5d602132c74a5549dc23d7b3320585a47f2aaf4c4be2c88e230a4f5c0075c
B,1603,restore,salt_unit,455,1021,50,False,False,deblur,a0e5d602132c74a5549dc23d7b3320585a47f2aaf4c4be2c88e230a4f5c0075c
B,1603,restore,literal_fixed,455,1021,50,False,False,deblur,a0e5d602132c74a5549dc23d7b3320585a47f2aaf4c4be2c88e230a4f5c0075c
B,1603,restore,literal_fresh,-1,1,1,False,False,deblur,a0e5d602132c74a5549dc23d7b3320585a47f2aaf4c4be2c88e230a4f5c0075c
B,1603,confidence_boost,frozen,152,1001,30,False,False,deblur,13023b15bd9c5eae8aa563bd0a26648643c7ea1bbb86e7deeb006beec1ecf37d
B,1603,confidence_boost,salt_unit,56,1021,50,False,True,deblur,13023b15bd9c5eae8aa563bd0a26648643c7ea1bbb86e7deeb006beec1ecf37d
B,1603,confidence_boost,literal_fixed,56,1021,50,False,True,deblur,13023b15bd9c5eae8aa563bd0a26648643c7ea1bbb86e7deeb006beec1ecf37d
B,1603,confidence_boost,literal_fresh,-1,1,1,False,False,deblur,13023b15bd9c5eae8aa563bd0a26648643c7ea1bbb86e7deeb006beec1ecf37d
B,2991,attack,frozen,99,1012,41,False,False,denoise,5e0b8cec84d74decabe260332223de6cd518950d2d9c31b17bcc3332bd4a6668
B,2991,attack,salt_unit,94,1014,43,False,False,denoise,5e0b8cec84d74decabe260332223de6cd518950d2d9c31b17bcc3332bd4a6668
B,2991,attack,literal_fixed,94,1016,45,False,False,denoise,5e0b8cec84d74decabe260332223de6cd518950d2d9c31b17bcc3332bd4a6668
B,2991,attack,literal_fresh,-1,1,1,False,False,denoise,5e0b8cec84d74decabe260332223de6cd518950d2d9c31b17bcc3332bd4a6668
B,2991,restore,frozen,85,1007,36,False,False,denoise,900a1bea23ce1c8c9d06027d3eb362b653da4ca3ee8e8cff617b2e7665275754
B,2991,restore,salt_unit,61,1018,47,False,False,denoise,900a1bea23ce1c8c9d06027d3eb362b653da4ca3ee8e8cff617b2e7665275754
B,2991,restore,literal_fixed,88,1001,30,False,False,denoise,900a1bea23ce1c8c9d06027d3eb362b653da4ca3ee8e8cff617b2e7665275754
B,2991,restore,literal_fresh,-1,1,1,False,False,denoise,900a1bea23ce1c8c9d06027d3eb362b653da4ca3ee8e8cff617b2e7665275754
B,2991,confidence_boost,frozen,129,1004,33,False,False,denoise,97df5e59ac4ab0de462ccc980c2aad5c7cf3813cba60d77d42b9e67e26fa8774
B,2991,confidence_boost,salt_unit,124,1015,44,False,False,denoise,97df5e59ac4ab0de462ccc980c2aad5c7cf3813cba60d77d42b9e67e26fa8774
B,2991,confidence_boost,literal_fixed,64,1000,29,False,False,denoise,97df5e59ac4ab0de462ccc980c2aad5c7cf3813cba60d77d42b9e67e26fa8774
B,2991,confidence_boost,literal_fresh,-1,1,1,False,False,denoise,97df5e59ac4ab0de462ccc980c2aad5c7cf3813cba60d77d42b9e67e26fa8774
B,2991,attack,frozen,121,1019,48,False,False,deblur,507174379f69f7eb62d90ebf7e75fa22d1475fa1f0debc5e0bd87c387ade2f85
B,2991,attack,salt_unit,17,1019,48,False,False,deblur,507174379f69f7eb62d90ebf7e75fa22d1475fa1f0debc5e0bd87c387ade2f85
B,2991,attack,literal_fixed,17,1019,48,False,False,deblur,507174379f69f7eb62d90ebf7e75fa22d1475fa1f0debc5e0bd87c387ade2f85
B,2991,attack,literal_fresh,-1,1,1,False,False,deblur,507174379f69f7eb62d90ebf7e75fa22d1475fa1f0debc5e0bd87c387ade2f85
B,2991,restore,frozen,379,1014,43,False,False,deblur,441b60c625dfe684931bb5a3cfd9e466a112c201b3f7beaf18b4165e6266bebc
B,2991,restore,salt_unit,369,1019,48,False,False,deblur,441b60c625dfe684931bb5a3cfd9e466a112c201b3f7beaf18b4165e6266bebc
B,2991,restore,literal_fixed,369,1019,48,False,False,deblur,441b60c625dfe684931bb5a3cfd9e466a112c201b3f7beaf18b4165e6266bebc
B,2991,restore,literal_fresh,-1,1,1,False,False,deblur,441b60c625dfe684931bb5a3cfd9e466a112c201b3f7beaf18b4165e6266bebc
B,2991,confidence_boost,frozen,66,1005,34,False,False,deblur,68148dc2313ddc57280f67787bed14e3aaab40f4f2b1604dc5acea67aa778ed9
B,2991,confidence_boost,salt_unit,66,1021,50,False,False,deblur,68148dc2313ddc57280f67787bed14e3aaab40f4f2b1604dc5acea67aa778ed9
B,2991,confidence_boost,literal_fixed,66,1021,50,False,False,deblur,68148dc2313ddc57280f67787bed14e3aaab40f4f2b1604dc5acea67aa778ed9
B,2991,confidence_boost,literal_fresh,-1,1,1,False,False,deblur,68148dc2313ddc57280f67787bed14e3aaab40f4f2b1604dc5acea67aa778ed9
B,3023,attack,frozen,19,1019,48,True,False,denoise,4ce5b824bea95578394319b399dbb75301cb777144ae7b1a676b734d8741c98d
B,3023,attack,salt_unit,49,1014,43,True,False,denoise,4ce5b824bea95578394319b399dbb75301cb777144ae7b1a676b734d8741c98d
B,3023,attack,literal_fixed,49,1014,43,True,False,denoise,4ce5b824bea95578394319b399dbb75301cb777144ae7b1a676b734d8741c98d
B,3023,attack,literal_fresh,-1,1,1,False,False,denoise,4ce5b824bea95578394319b399dbb75301cb777144ae7b1a676b734d8741c98d
B,3023,restore,frozen,17,1019,48,True,True,denoise,42f63fd88c3d2bae76ba9fd300815e4242cbba18919e137ef540e2775fccfd32
B,3023,restore,salt_unit,30,1013,42,False,False,denoise,42f63fd88c3d2bae76ba9fd300815e4242cbba18919e137ef540e2775fccfd32
B,3023,restore,literal_fixed,100,1003,32,False,False,denoise,42f63fd88c3d2bae76ba9fd300815e4242cbba18919e137ef540e2775fccfd32
B,3023,restore,literal_fresh,-1,1,1,False,False,denoise,42f63fd88c3d2bae76ba9fd300815e4242cbba18919e137ef540e2775fccfd32
B,3023,confidence_boost,frozen,83,1018,47,False,False,denoise,2f7727ba009e7f66c0a37dd6714098030feba6a7632db3d3d9e180e3af191aff
B,3023,confidence_boost,salt_unit,83,1010,39,False,False,denoise,2f7727ba009e7f66c0a37dd6714098030feba6a7632db3d3d9e180e3af191aff
B,3023,confidence_boost,literal_fixed,105,976,5,False,False,denoise,2f7727ba009e7f66c0a37dd6714098030feba6a7632db3d3d9e180e3af191aff
B,3023,confidence_boost,literal_fresh,-1,1,1,False,False,denoise,2f7727ba009e7f66c0a37dd6714098030feba6a7632db3d3d9e180e3af191aff
B,3023,attack,frozen,30,1021,50,False,False,deblur,24e3d712dd1934c923c8eb0adc6c73b18b5b49d9280b3a448311c6b029cf8cbe
B,3023,attack,salt_unit,70,1001,30,False,False,deblur,24e3d712dd1934c923c8eb0adc6c73b18b5b49d9280b3a448311c6b029cf8cbe
B,3023,attack,literal_fixed,68,1003,32,False,False,deblur,24e3d712dd1934c923c8eb0adc6c73b18b5b49d9280b3a448311c6b029cf8cbe
B,3023,attack,literal_fresh,-1,1,1,False,False,deblur,24e3d712dd1934c923c8eb0adc6c73b18b5b49d9280b3a448311c6b029cf8cbe
B,3023,restore,frozen,641,1021,50,False,False,deblur,37a3fd93b8b1f8ad7401d1eb4ca3b016803e77c10cb17cf9b98ab06d7b632068
B,3023,restore,salt_unit,26,1014,43,False,False,deblur,37a3fd93b8b1f8ad7401d1eb4ca3b016803e77c10cb17cf9b98ab06d7b632068
B,3023,restore,literal_fixed,642,1015,44,False,False,deblur,37a3fd93b8b1f8ad7401d1eb4ca3b016803e77c10cb17cf9b98ab06d7b632068
B,3023,restore,literal_fresh,-1,1,1,False,False,deblur,37a3fd93b8b1f8ad7401d1eb4ca3b016803e77c10cb17cf9b98ab06d7b632068
B,3023,confidence_boost,frozen,21,1021,50,True,False,deblur,05466b0e519814be5ccfa7e7e3a8fc667fd1ae0bfe342137d9360f5ea524192f
B,3023,confidence_boost,salt_unit,45,991,20,False,False,deblur,05466b0e519814be5ccfa7e7e3a8fc667fd1ae0bfe342137d9360f5ea524192f
B,3023,confidence_boost,literal_fixed,196,979,8,False,False,deblur,05466b0e519814be5ccfa7e7e3a8fc667fd1ae0bfe342137d9360f5ea524192f
B,3023,confidence_boost,literal_fresh,-1,1,1,False,False,deblur,05466b0e519814be5ccfa7e7e3a8fc667fd1ae0bfe342137d9360f5ea524192f
B,463,attack,frozen,69,1002,31,False,False,denoise,3b3121ee60c844cd463477b2488384f3a360feecd370812d4dfe218c46f6297c
B,463,attack,salt_unit,69,1019,48,False,False,denoise,3b3121ee60c844cd463477b2488384f3a360feecd370812d4dfe218c46f6297c
B,463,attack,literal_fixed,69,1019,48,False,False,denoise,3b3121ee60c844cd463477b2488384f3a360feecd370812d4dfe218c46f6297c
B,463,attack,literal_fresh,-1,1,1,False,False,denoise,3b3121ee60c844cd463477b2488384f3a360feecd370812d4dfe218c46f6297c
B,463,restore,frozen,69,1002,31,False,False,denoise,875a49dd96b92f08845ab07fe61a80446c305261e2aa17ad258e6f7e60d1f9fd
B,463,restore,salt_unit,67,1020,49,False,False,denoise,875a49dd96b92f08845ab07fe61a80446c305261e2aa17ad258e6f7e60d1f9fd
B,463,restore,literal_fixed,67,1020,49,False,False,denoise,875a49dd96b92f08845ab07fe61a80446c305261e2aa17ad258e6f7e60d1f9fd
B,463,restore,literal_fresh,-1,1,1,False,False,denoise,875a49dd96b92f08845ab07fe61a80446c305261e2aa17ad258e6f7e60d1f9fd
B,463,confidence_boost,frozen,66,1015,44,False,False,denoise,87e224430063becb79bf733e68d27a24b0f6372e1be1e6f8720ff058d6b11417
B,463,confidence_boost,salt_unit,18,1018,47,True,True,denoise,87e224430063becb79bf733e68d27a24b0f6372e1be1e6f8720ff058d6b11417
B,463,confidence_boost,literal_fixed,20,1016,45,True,True,denoise,87e224430063becb79bf733e68d27a24b0f6372e1be1e6f8720ff058d6b11417
B,463,confidence_boost,literal_fresh,-1,1,1,False,False,denoise,87e224430063becb79bf733e68d27a24b0f6372e1be1e6f8720ff058d6b11417
B,463,attack,frozen,213,1017,46,False,False,deblur,94e85647ed181b1b407576adaa6dacb10df9f6729348e2e627c890adcc0309c4
B,463,attack,salt_unit,40,1021,50,True,False,deblur,94e85647ed181b1b407576adaa6dacb10df9f6729348e2e627c890adcc0309c4
B,463,attack,literal_fixed,40,1021,50,True,False,deblur,94e85647ed181b1b407576adaa6dacb10df9f6729348e2e627c890adcc0309c4
B,463,attack,literal_fresh,-1,1,1,False,False,deblur,94e85647ed181b1b407576adaa6dacb10df9f6729348e2e627c890adcc0309c4
B,463,restore,frozen,547,1015,44,False,False,deblur,e74d50174539b51284a4e4e797495ebb89d157b279909f2dea7e479c0c51547f
B,463,restore,salt_unit,546,1020,49,False,False,deblur,e74d50174539b51284a4e4e797495ebb89d157b279909f2dea7e479c0c51547f
B,463,restore,literal_fixed,505,1021,50,False,False,deblur,e74d50174539b51284a4e4e797495ebb89d157b279909f2dea7e479c0c51547f
B,463,restore,literal_fresh,-1,1,1,False,False,deblur,e74d50174539b51284a4e4e797495ebb89d157b279909f2dea7e479c0c51547f
B,463,confidence_boost,frozen,130,1016,45,False,False,deblur,297335053ab2d203ebb3c4e13883ec7b38a9c4ca3e29e9008d5146ed3b9f579a
B,463,confidence_boost,salt_unit,118,1021,50,False,False,deblur,297335053ab2d203ebb3c4e13883ec7b38a9c4ca3e29e9008d5146ed3b9f579a
B,463,confidence_boost,literal_fixed,118,1021,50,False,False,deblur,297335053ab2d203ebb3c4e13883ec7b38a9c4ca3e29e9008d5146ed3b9f579a
B,463,confidence_boost,literal_fresh,-1,1,1,False,False,deblur,297335053ab2d203ebb3c4e13883ec7b38a9c4ca3e29e9008d5146ed3b9f579a
B,1303,attack,frozen,126,949,4,False,False,denoise,9498ce9dbc56476ba1215abbb29b367424757914c9910556c9c2c5553c41f0e0
B,1303,attack,salt_unit,88,1020,49,False,False,denoise,9498ce9dbc56476ba1215abbb29b367424757914c9910556c9c2c5553c41f0e0
B,1303,attack,literal_fixed,88,1020,49,False,False,denoise,9498ce9dbc56476ba1215abbb29b367424757914c9910556c9c2c5553c41f0e0
B,1303,attack,literal_fresh,-1,1,1,False,False,denoise,9498ce9dbc56476ba1215abbb29b367424757914c9910556c9c2c5553c41f0e0
B,1303,restore,frozen,334,849,3,False,False,denoise,65a072a21e9e6448c854617dcedbd8a9749634355f4a32e4581b2dc60c7d8845
B,1303,restore,salt_unit,15,1021,50,True,False,denoise,65a072a21e9e6448c854617dcedbd8a9749634355f4a32e4581b2dc60c7d8845
B,1303,restore,literal_fixed,15,1021,50,True,False,denoise,65a072a21e9e6448c854617dcedbd8a9749634355f4a32e4581b2dc60c7d8845
B,1303,restore,literal_fresh,-1,1,1,False,False,denoise,65a072a21e9e6448c854617dcedbd8a9749634355f4a32e4581b2dc60c7d8845
B,1303,confidence_boost,frozen,164,874,3,False,False,denoise,80f3c7bf358f22bc4adf0a04d062cd9f632f4374edeba9a14f412b8cedfeef52
B,1303,confidence_boost,salt_unit,79,1020,49,False,False,denoise,80f3c7bf358f22bc4adf0a04d062cd9f632f4374edeba9a14f412b8cedfeef52
B,1303,confidence_boost,literal_fixed,79,1020,49,False,False,denoise,80f3c7bf358f22bc4adf0a04d062cd9f632f4374edeba9a14f412b8cedfeef52
B,1303,confidence_boost,literal_fresh,-1,1,1,False,False,denoise,80f3c7bf358f22bc4adf0a04d062cd9f632f4374edeba9a14f412b8cedfeef52
B,1303,attack,frozen,205,735,3,False,False,deblur,2beb860cc8cf9d4f51c33498319b7667044e919e6abf296f3124e90267cca662
B,1303,attack,salt_unit,15,1021,50,True,False,deblur,2beb860cc8cf9d4f51c33498319b7667044e919e6abf296f3124e90267cca662
B,1303,attack,literal_fixed,15,1021,50,True,False,deblur,2beb860cc8cf9d4f51c33498319b7667044e919e6abf296f3124e90267cca662
B,1303,attack,literal_fresh,-1,1,1,False,False,deblur,2beb860cc8cf9d4f51c33498319b7667044e919e6abf296f3124e90267cca662
B,1303,restore,frozen,405,707,3,False,False,deblur,0c48d735e7a858bdc1eed4878132a2799e45f88e6fdabc24b9f5cec6ad98ea77
B,1303,restore,salt_unit,40,1021,50,True,False,deblur,0c48d735e7a858bdc1eed4878132a2799e45f88e6fdabc24b9f5cec6ad98ea77
B,1303,restore,literal_fixed,40,1021,50,True,False,deblur,0c48d735e7a858bdc1eed4878132a2799e45f88e6fdabc24b9f5cec6ad98ea77
B,1303,restore,literal_fresh,-1,1,1,False,False,deblur,0c48d735e7a858bdc1eed4878132a2799e45f88e6fdabc24b9f5cec6ad98ea77
B,1303,confidence_boost,frozen,143,878,3,False,False,deblur,dc1aa7bda94bc4e0eaef7449f49487b726aa4725f5189f5acc27c778d6de58bc
B,1303,confidence_boost,salt_unit,86,1021,50,False,False,deblur,dc1aa7bda94bc4e0eaef7449f49487b726aa4725f5189f5acc27c778d6de58bc
B,1303,confidence_boost,literal_fixed,86,1021,50,False,False,deblur,dc1aa7bda94bc4e0eaef7449f49487b726aa4725f5189f5acc27c778d6de58bc
B,1303,confidence_boost,literal_fresh,-1,1,1,False,False,deblur,dc1aa7bda94bc4e0eaef7449f49487b726aa4725f5189f5acc27c778d6de58bc
B,1533,attack,frozen,181,896,3,False,False,denoise,dd7730c28340af02acdceac2e686f07911457f210e05d0c2ff50455db430ee67
B,1533,attack,salt_unit,78,1021,50,False,False,denoise,dd7730c28340af02acdceac2e686f07911457f210e05d0c2ff50455db430ee67
B,1533,attack,literal_fixed,78,1021,50,False,False,denoise,dd7730c28340af02acdceac2e686f07911457f210e05d0c2ff50455db430ee67
B,1533,attack,literal_fresh,-1,1,1,False,False,denoise,dd7730c28340af02acdceac2e686f07911457f210e05d0c2ff50455db430ee67
B,1533,restore,frozen,86,950,4,False,False,denoise,74316fc58db04bb3c7ca622689fef13bea7227dc514bfa5a677992284fe0d03c
B,1533,restore,salt_unit,19,1021,50,True,False,denoise,74316fc58db04bb3c7ca622689fef13bea7227dc514bfa5a677992284fe0d03c
B,1533,restore,literal_fixed,19,1021,50,True,False,denoise,74316fc58db04bb3c7ca622689fef13bea7227dc514bfa5a677992284fe0d03c
B,1533,restore,literal_fresh,-1,1,1,False,False,denoise,74316fc58db04bb3c7ca622689fef13bea7227dc514bfa5a677992284fe0d03c
B,1533,confidence_boost,frozen,165,870,3,False,False,denoise,d94ca90036b42c2b1ee1d38da26b1745b3be41a33e3dc2dbf07007a9295f9048
B,1533,confidence_boost,salt_unit,76,1021,50,False,False,denoise,d94ca90036b42c2b1ee1d38da26b1745b3be41a33e3dc2dbf07007a9295f9048
B,1533,confidence_boost,literal_fixed,76,1021,50,False,False,denoise,d94ca90036b42c2b1ee1d38da26b1745b3be41a33e3dc2dbf07007a9295f9048
B,1533,confidence_boost,literal_fresh,-1,1,1,False,False,denoise,d94ca90036b42c2b1ee1d38da26b1745b3be41a33e3dc2dbf07007a9295f9048
B,1533,attack,frozen,239,778,3,False,False,deblur,2069849513eb5efc413af138c6b6e8289fe015605d6a14d8ef52e31ffe74c18e
B,1533,attack,salt_unit,95,1021,50,False,False,deblur,2069849513eb5efc413af138c6b6e8289fe015605d6a14d8ef52e31ffe74c18e
B,1533,attack,literal_fixed,95,1021,50,False,False,deblur,2069849513eb5efc413af138c6b6e8289fe015605d6a14d8ef52e31ffe74c18e
B,1533,attack,literal_fresh,-1,1,1,False,False,deblur,2069849513eb5efc413af138c6b6e8289fe015605d6a14d8ef52e31ffe74c18e
B,1533,restore,frozen,182,937,3,False,False,deblur,81cec21d0828cc559faa63ec40c248fa517a9f950f4f89176ac87e7a17227ab0
B,1533,restore,salt_unit,51,1021,50,False,False,deblur,81cec21d0828cc559faa63ec40c248fa517a9f950f4f89176ac87e7a17227ab0
B,1533,restore,literal_fixed,51,1021,50,False,False,deblur,81cec21d0828cc559faa63ec40c248fa517a9f950f4f89176ac87e7a17227ab0
B,1533,restore,literal_fresh,-1,1,1,False,False,deblur,81cec21d0828cc559faa63ec40c248fa517a9f950f4f89176ac87e7a17227ab0
B,1533,confidence_boost,frozen,192,937,5,False,False,deblur,bcb16187743aa97bc8b919208ef07464dc4f01606874d8d5b53995d67fc3aecd
B,1533,confidence_boost,salt_unit,130,1021,50,False,False,deblur,bcb16187743aa97bc8b919208ef07464dc4f01606874d8d5b53995d67fc3aecd
B,1533,confidence_boost,literal_fixed,130,1021,50,False,False,deblur,bcb16187743aa97bc8b919208ef07464dc4f01606874d8d5b53995d67fc3aecd
B,1533,confidence_boost,literal_fresh,-1,1,1,False,False,deblur,bcb16187743aa97bc8b919208ef07464dc4f01606874d8d5b53995d67fc3aecd
B,3256,attack,frozen,74,1018,47,False,False,denoise,de71c1516329115e107729d080a5840106f1a3be1c6a85ddb54fddbe3305ab68
B,3256,attack,salt_unit,101,1006,35,False,False,denoise,de71c1516329115e107729d080a5840106f1a3be1c6a85ddb54fddbe3305ab68
B,3256,attack,literal_fixed,101,1006,35,False,False,denoise,de71c1516329115e107729d080a5840106f1a3be1c6a85ddb54fddbe3305ab68
B,3256,attack,literal_fresh,-1,1,1,False,False,denoise,de71c1516329115e107729d080a5840106f1a3be1c6a85ddb54fddbe3305ab68
B,3256,restore,frozen,138,1009,38,False,False,denoise,caf4ae925fce5e978ae7336992e3a4d6aef17a3f657d9cc88ffdcdaab259b127
B,3256,restore,salt_unit,68,1006,35,False,False,denoise,caf4ae925fce5e978ae7336992e3a4d6aef17a3f657d9cc88ffdcdaab259b127
B,3256,restore,literal_fixed,63,1000,29,False,False,denoise,caf4ae925fce5e978ae7336992e3a4d6aef17a3f657d9cc88ffdcdaab259b127
B,3256,restore,literal_fresh,-1,1,1,False,False,denoise,caf4ae925fce5e978ae7336992e3a4d6aef17a3f657d9cc88ffdcdaab259b127
B,3256,confidence_boost,frozen,32,1021,50,True,False,denoise,9c0977069913b0b2753943efa85e5f01f731ed8302be145acb1e3e110e1960b7
B,3256,confidence_boost,salt_unit,46,1004,33,True,False,denoise,9c0977069913b0b2753943efa85e5f01f731ed8302be145acb1e3e110e1960b7
B,3256,confidence_boost,literal_fixed,46,1004,33,True,False,denoise,9c0977069913b0b2753943efa85e5f01f731ed8302be145acb1e3e110e1960b7
B,3256,confidence_boost,literal_fresh,-1,1,1,False,False,denoise,9c0977069913b0b2753943efa85e5f01f731ed8302be145acb1e3e110e1960b7
B,3256,attack,frozen,88,1018,47,False,False,deblur,e777e7762bef88ef7f28e2ca0a00f44bccf2bb1efaac51ebdfcc8bc796d56cdf
B,3256,attack,salt_unit,103,1013,42,False,False,deblur,e777e7762bef88ef7f28e2ca0a00f44bccf2bb1efaac51ebdfcc8bc796d56cdf
B,3256,attack,literal_fixed,103,1013,42,False,False,deblur,e777e7762bef88ef7f28e2ca0a00f44bccf2bb1efaac51ebdfcc8bc796d56cdf
B,3256,attack,literal_fresh,-1,1,1,False,False,deblur,e777e7762bef88ef7f28e2ca0a00f44bccf2bb1efaac51ebdfcc8bc796d56cdf
B,3256,restore,frozen,40,1021,50,True,False,deblur,c8da068d3dff14d04aaeb1adb2748238aaf8bbc59465c2a04191c5f0b1c5a68c
B,3256,restore,salt_unit,48,1013,42,True,False,deblur,c8da068d3dff14d04aaeb1adb2748238aaf8bbc59465c2a04191c5f0b1c5a68c
B,3256,restore,literal_fixed,50,1011,40,True,False,deblur,c8da068d3dff14d04aaeb1adb2748238aaf8bbc59465c2a04191c5f0b1c5a68c
B,3256,restore,literal_fresh,-1,1,1,False,False,deblur,c8da068d3dff14d04aaeb1adb2748238aaf8bbc59465c2a04191c5f0b1c5a68c
B,3256,confidence_boost,frozen,103,1020,49,False,False,deblur,17e7600719dbbabce281d3e8ab1e707062c26db6a5381c497dc74cb002cbdb2a
B,3256,confidence_boost,salt_unit,104,1012,41,False,False,deblur,17e7600719dbbabce281d3e8ab1e707062c26db6a5381c497dc74cb002cbdb2a
B,3256,confidence_boost,literal_fixed,104,1012,41,False,False,deblur,17e7600719dbbabce281d3e8ab1e707062c26db6a5381c497dc74cb002cbdb2a
B,3256,confidence_boost,literal_fresh,-1,1,1,False,False,deblur,17e7600719dbbabce281d3e8ab1e707062c26db6a5381c497dc74cb002cbdb2a
B,3671,attack,frozen,55,1020,49,False,False,denoise,7c24620d42e4dc3665a78258bff68afd0e6203df0af8ab3b049eb5acefb14669
B,3671,attack,salt_unit,47,998,27,True,True,denoise,7c24620d42e4dc3665a78258bff68afd0e6203df0af8ab3b049eb5acefb14669
B,3671,attack,literal_fixed,51,999,28,False,False,denoise,7c24620d42e4dc3665a78258bff68afd0e6203df0af8ab3b049eb5acefb14669
B,3671,attack,literal_fresh,-1,1,1,False,False,denoise,7c24620d42e4dc3665a78258bff68afd0e6203df0af8ab3b049eb5acefb14669
B,3671,restore,frozen,132,1008,37,False,False,denoise,5f1d74e5af6507447bb2753eb683a875c7a4af5d68ec3f96f3efc3011829ecb6
B,3671,restore,salt_unit,85,976,7,False,False,denoise,5f1d74e5af6507447bb2753eb683a875c7a4af5d68ec3f96f3efc3011829ecb6
B,3671,restore,literal_fixed,144,971,5,False,False,denoise,5f1d74e5af6507447bb2753eb683a875c7a4af5d68ec3f96f3efc3011829ecb6
B,3671,restore,literal_fresh,-1,1,1,False,False,denoise,5f1d74e5af6507447bb2753eb683a875c7a4af5d68ec3f96f3efc3011829ecb6
B,3671,confidence_boost,frozen,67,1019,48,False,False,denoise,fca724a05363a1611f4f1eb7be7a53426bf57ae26e3254d373e6aa48ad8fb4be
B,3671,confidence_boost,salt_unit,74,992,21,False,False,denoise,fca724a05363a1611f4f1eb7be7a53426bf57ae26e3254d373e6aa48ad8fb4be
B,3671,confidence_boost,literal_fixed,142,999,28,False,False,denoise,fca724a05363a1611f4f1eb7be7a53426bf57ae26e3254d373e6aa48ad8fb4be
B,3671,confidence_boost,literal_fresh,-1,1,1,False,False,denoise,fca724a05363a1611f4f1eb7be7a53426bf57ae26e3254d373e6aa48ad8fb4be
B,3671,attack,frozen,277,1021,50,False,False,deblur,d84fe1a6a8eebc6a905d57286ffefbf1a14e139b8ad252fe65bfabe4e71c53b4
B,3671,attack,salt_unit,316,1016,45,False,False,deblur,d84fe1a6a8eebc6a905d57286ffefbf1a14e139b8ad252fe65bfabe4e71c53b4
B,3671,attack,literal_fixed,316,1016,45,False,False,deblur,d84fe1a6a8eebc6a905d57286ffefbf1a14e139b8ad252fe65bfabe4e71c53b4
B,3671,attack,literal_fresh,-1,1,1,False,False,deblur,d84fe1a6a8eebc6a905d57286ffefbf1a14e139b8ad252fe65bfabe4e71c53b4
B,3671,restore,frozen,770,1021,50,False,False,deblur,1bf22660eb6dacdb8c91b7a45b5dfc1f13daad6e0b1553c18f70c4f6ac76a489
B,3671,restore,salt_unit,765,1010,39,False,False,deblur,1bf22660eb6dacdb8c91b7a45b5dfc1f13daad6e0b1553c18f70c4f6ac76a489
B,3671,restore,literal_fixed,764,1009,38,False,False,deblur,1bf22660eb6dacdb8c91b7a45b5dfc1f13daad6e0b1553c18f70c4f6ac76a489
B,3671,restore,literal_fresh,-1,1,1,False,False,deblur,1bf22660eb6dacdb8c91b7a45b5dfc1f13daad6e0b1553c18f70c4f6ac76a489
B,3671,confidence_boost,frozen,158,1020,49,False,False,deblur,4f62320533236eda544d7bcd4a0514c41dd6eab7344b226556dbccd06d3cc690
B,3671,confidence_boost,salt_unit,180,1016,45,False,False,deblur,4f62320533236eda544d7bcd4a0514c41dd6eab7344b226556dbccd06d3cc690
B,3671,confidence_boost,literal_fixed,180,1016,45,False,False,deblur,4f62320533236eda544d7bcd4a0514c41dd6eab7344b226556dbccd06d3cc690
B,3671,confidence_boost,literal_fresh,-1,1,1,False,False,deblur,4f62320533236eda544d7bcd4a0514c41dd6eab7344b226556dbccd06d3cc690
B,1290,attack,frozen,113,930,4,False,False,denoise,bb8b8393f58b9ffade45376ad0be71bd4d22f124d9c76305100ede82005e665f
B,1290,attack,salt_unit,29,1021,50,False,False,denoise,bb8b8393f58b9ffade45376ad0be71bd4d22f124d9c76305100ede82005e665f
B,1290,attack,literal_fixed,29,1021,50,False,False,denoise,bb8b8393f58b9ffade45376ad0be71bd4d22f124d9c76305100ede82005e665f
B,1290,attack,literal_fresh,-1,1,1,False,False,denoise,bb8b8393f58b9ffade45376ad0be71bd4d22f124d9c76305100ede82005e665f
B,1290,restore,frozen,134,927,3,False,False,denoise,30ae8c5e4e44c2ad1fce38435f95451f86e5e596d743d39a61d54f89c42432c6
B,1290,restore,salt_unit,130,1016,45,False,False,denoise,30ae8c5e4e44c2ad1fce38435f95451f86e5e596d743d39a61d54f89c42432c6
B,1290,restore,literal_fixed,130,1016,45,False,False,denoise,30ae8c5e4e44c2ad1fce38435f95451f86e5e596d743d39a61d54f89c42432c6
B,1290,restore,literal_fresh,-1,1,1,False,False,denoise,30ae8c5e4e44c2ad1fce38435f95451f86e5e596d743d39a61d54f89c42432c6
B,1290,confidence_boost,frozen,208,912,3,False,False,denoise,cc918c120f30f095a05acb831c472045298bc20eac5f44f1f55111c633d5dfdf
B,1290,confidence_boost,salt_unit,103,1021,50,False,False,denoise,cc918c120f30f095a05acb831c472045298bc20eac5f44f1f55111c633d5dfdf
B,1290,confidence_boost,literal_fixed,108,1019,48,False,False,denoise,cc918c120f30f095a05acb831c472045298bc20eac5f44f1f55111c633d5dfdf
B,1290,confidence_boost,literal_fresh,-1,1,1,False,False,denoise,cc918c120f30f095a05acb831c472045298bc20eac5f44f1f55111c633d5dfdf
B,1290,attack,frozen,200,904,3,False,False,deblur,f4e67c3eaad870f62a9041853bc2b21477d16927780fd61805c2b0a381d15710
B,1290,attack,salt_unit,99,1019,48,False,False,deblur,f4e67c3eaad870f62a9041853bc2b21477d16927780fd61805c2b0a381d15710
B,1290,attack,literal_fixed,99,1020,49,False,False,deblur,f4e67c3eaad870f62a9041853bc2b21477d16927780fd61805c2b0a381d15710
B,1290,attack,literal_fresh,-1,1,1,False,False,deblur,f4e67c3eaad870f62a9041853bc2b21477d16927780fd61805c2b0a381d15710
B,1290,restore,frozen,250,887,4,False,False,deblur,25f7ff59c73b49d6b0035a967dbd005c6539219a67b26ed62431a87abdcbb500
B,1290,restore,salt_unit,29,1021,50,True,False,deblur,25f7ff59c73b49d6b0035a967dbd005c6539219a67b26ed62431a87abdcbb500
B,1290,restore,literal_fixed,29,1021,50,True,False,deblur,25f7ff59c73b49d6b0035a967dbd005c6539219a67b26ed62431a87abdcbb500
B,1290,restore,literal_fresh,-1,1,1,False,False,deblur,25f7ff59c73b49d6b0035a967dbd005c6539219a67b26ed62431a87abdcbb500
B,1290,confidence_boost,frozen,222,797,3,False,False,deblur,12a64b2760251462dac1c6d7fedb4b8192d634d12ded9a7529ad6d03929ff047
B,1290,confidence_boost,salt_unit,89,1021,50,False,False,deblur,12a64b2760251462dac1c6d7fedb4b8192d634d12ded9a7529ad6d03929ff047
B,1290,confidence_boost,literal_fixed,89,1021,50,False,False,deblur,12a64b2760251462dac1c6d7fedb4b8192d634d12ded9a7529ad6d03929ff047
B,1290,confidence_boost,literal_fresh,-1,1,1,False,False,deblur,12a64b2760251462dac1c6d7fedb4b8192d634d12ded9a7529ad6d03929ff047
B,1599,attack,frozen,90,1014,43,False,False,denoise,fa5a32dd85845188f0132a6cffca34349e858c53a6061fc40fe2269d0e387b76
B,1599,attack,salt_unit,66,1021,50,False,False,denoise,fa5a32dd85845188f0132a6cffca34349e858c53a6061fc40fe2269d0e387b76
B,1599,attack,literal_fixed,66,1021,50,False,False,denoise,fa5a32dd85845188f0132a6cffca34349e858c53a6061fc40fe2269d0e387b76
B,1599,attack,literal_fresh,-1,1,1,False,False,denoise,fa5a32dd85845188f0132a6cffca34349e858c53a6061fc40fe2269d0e387b76
B,1599,restore,frozen,66,1008,37,False,False,denoise,a97bb374786e24177b866d250f6c013a02b4cdaae7b9b36023a2a4155fa59335
B,1599,restore,salt_unit,49,1019,48,True,False,denoise,a97bb374786e24177b866d250f6c013a02b4cdaae7b9b36023a2a4155fa59335
B,1599,restore,literal_fixed,48,1013,42,True,False,denoise,a97bb374786e24177b866d250f6c013a02b4cdaae7b9b36023a2a4155fa59335
B,1599,restore,literal_fresh,-1,1,1,False,False,denoise,a97bb374786e24177b866d250f6c013a02b4cdaae7b9b36023a2a4155fa59335
B,1599,confidence_boost,frozen,65,1002,31,False,False,denoise,0dfd96d64264fae0ae622e2f7a2db743fa29f43082a2bd33d15d24f6e889917a
B,1599,confidence_boost,salt_unit,34,1019,48,True,False,denoise,0dfd96d64264fae0ae622e2f7a2db743fa29f43082a2bd33d15d24f6e889917a
B,1599,confidence_boost,literal_fixed,34,1019,48,True,False,denoise,0dfd96d64264fae0ae622e2f7a2db743fa29f43082a2bd33d15d24f6e889917a
B,1599,confidence_boost,literal_fresh,-1,1,1,False,False,denoise,0dfd96d64264fae0ae622e2f7a2db743fa29f43082a2bd33d15d24f6e889917a
B,1599,attack,frozen,150,997,26,False,False,deblur,a819b78586eab8fbc458fa99b1df427f5ecc3e63c6eb5b8db5a646cec0bc3e6a
B,1599,attack,salt_unit,118,1019,48,False,False,deblur,a819b78586eab8fbc458fa99b1df427f5ecc3e63c6eb5b8db5a646cec0bc3e6a
B,1599,attack,literal_fixed,63,1021,50,False,False,deblur,a819b78586eab8fbc458fa99b1df427f5ecc3e63c6eb5b8db5a646cec0bc3e6a
B,1599,attack,literal_fresh,-1,1,1,False,False,deblur,a819b78586eab8fbc458fa99b1df427f5ecc3e63c6eb5b8db5a646cec0bc3e6a
B,1599,restore,frozen,254,1014,43,False,False,deblur,fca3bef84c07a2267d5ac75995305425a4423cc7aacb6f9f314ecc10f9c1a62c
B,1599,restore,salt_unit,253,1020,49,False,False,deblur,fca3bef84c07a2267d5ac75995305425a4423cc7aacb6f9f314ecc10f9c1a62c
B,1599,restore,literal_fixed,253,1020,49,False,False,deblur,fca3bef84c07a2267d5ac75995305425a4423cc7aacb6f9f314ecc10f9c1a62c
B,1599,restore,literal_fresh,-1,1,1,False,False,deblur,fca3bef84c07a2267d5ac75995305425a4423cc7aacb6f9f314ecc10f9c1a62c
B,1599,confidence_boost,frozen,23,1013,42,True,False,deblur,76e8dfa2d460cedba1d9a1db07a0f773cc46cc416eb894a1306bef6d5c0fc683
B,1599,confidence_boost,salt_unit,43,1018,47,True,False,deblur,76e8dfa2d460cedba1d9a1db07a0f773cc46cc416eb894a1306bef6d5c0fc683
B,1599,confidence_boost,literal_fixed,43,1018,47,True,False,deblur,76e8dfa2d460cedba1d9a1db07a0f773cc46cc416eb894a1306bef6d5c0fc683
B,1599,confidence_boost,literal_fresh,-1,1,1,False,False,deblur,76e8dfa2d460cedba1d9a1db07a0f773cc46cc416eb894a1306bef6d5c0fc683
B,1745,attack,frozen,124,973,4,False,False,denoise,0a86711789bbe666ba5516e821c696da0ee0385d5fdbf4753bdd40a92dd0cf8e
B,1745,attack,salt_unit,49,1020,49,True,True,denoise,0a86711789bbe666ba5516e821c696da0ee0385d5fdbf4753bdd40a92dd0cf8e
B,1745,attack,literal_fixed,49,1019,48,True,True,denoise,0a86711789bbe666ba5516e821c696da0ee0385d5fdbf4753bdd40a92dd0cf8e
B,1745,attack,literal_fresh,-1,1,1,False,False,denoise,0a86711789bbe666ba5516e821c696da0ee0385d5fdbf4753bdd40a92dd0cf8e
B,1745,restore,frozen,112,991,20,False,False,denoise,f34392437ed8f0afafc8dc0a0da4e5795e472dae1140211b3eb5565918082e52
B,1745,restore,salt_unit,18,1018,47,False,False,denoise,f34392437ed8f0afafc8dc0a0da4e5795e472dae1140211b3eb5565918082e52
B,1745,restore,literal_fixed,18,1018,47,False,False,denoise,f34392437ed8f0afafc8dc0a0da4e5795e472dae1140211b3eb5565918082e52
B,1745,restore,literal_fresh,-1,1,1,False,False,denoise,f34392437ed8f0afafc8dc0a0da4e5795e472dae1140211b3eb5565918082e52
B,1745,confidence_boost,frozen,139,996,25,False,False,denoise,0820aecc18eb11adb044b19a302c272e4833ff506af0e1a909efb0b2ac6af63d
B,1745,confidence_boost,salt_unit,127,1014,43,False,False,denoise,0820aecc18eb11adb044b19a302c272e4833ff506af0e1a909efb0b2ac6af63d
B,1745,confidence_boost,literal_fixed,55,1006,35,False,False,denoise,0820aecc18eb11adb044b19a302c272e4833ff506af0e1a909efb0b2ac6af63d
B,1745,confidence_boost,literal_fresh,-1,1,1,False,False,denoise,0820aecc18eb11adb044b19a302c272e4833ff506af0e1a909efb0b2ac6af63d
B,1745,attack,frozen,127,998,27,False,False,deblur,c973698313916a2c05d331c1f0f5440f475c065bd9a3e722ce0e7dbbe957dde6
B,1745,attack,salt_unit,92,1016,45,False,False,deblur,c973698313916a2c05d331c1f0f5440f475c065bd9a3e722ce0e7dbbe957dde6
B,1745,attack,literal_fixed,98,1015,44,False,False,deblur,c973698313916a2c05d331c1f0f5440f475c065bd9a3e722ce0e7dbbe957dde6
B,1745,attack,literal_fresh,-1,1,1,False,False,deblur,c973698313916a2c05d331c1f0f5440f475c065bd9a3e722ce0e7dbbe957dde6
B,1745,restore,frozen,29,1007,36,False,False,deblur,222896127e9f6d0b52e5fc0483cff0576bcadd893bfd67232a628eb9a352e9be
B,1745,restore,salt_unit,195,1015,44,False,False,deblur,222896127e9f6d0b52e5fc0483cff0576bcadd893bfd67232a628eb9a352e9be
B,1745,restore,literal_fixed,193,1014,43,False,False,deblur,222896127e9f6d0b52e5fc0483cff0576bcadd893bfd67232a628eb9a352e9be
B,1745,restore,literal_fresh,-1,1,1,False,False,deblur,222896127e9f6d0b52e5fc0483cff0576bcadd893bfd67232a628eb9a352e9be
B,1745,confidence_boost,frozen,108,991,20,False,False,deblur,a47ce9f41f109c23e6b814e37e0a560fd31902f4fb4f2183651e4e323b2c748f
B,1745,confidence_boost,salt_unit,111,1018,47,False,False,deblur,a47ce9f41f109c23e6b814e37e0a560fd31902f4fb4f2183651e4e323b2c748f
B,1745,confidence_boost,literal_fixed,111,1018,47,False,False,deblur,a47ce9f41f109c23e6b814e37e0a560fd31902f4fb4f2183651e4e323b2c748f
B,1745,confidence_boost,literal_fresh,-1,1,1,False,False,deblur,a47ce9f41f109c23e6b814e37e0a560fd31902f4fb4f2183651e4e323b2c748f
B,2281,attack,frozen,17,1020,49,False,False,denoise,c7afbf2dd70409b9e0202b2e33a337b1faa3b29770873f55d8bdf34b3d2bbb98
B,2281,attack,salt_unit,87,1009,38,False,False,denoise,c7afbf2dd70409b9e0202b2e33a337b1faa3b29770873f55d8bdf34b3d2bbb98
B,2281,attack,literal_fixed,85,1008,37,False,False,denoise,c7afbf2dd70409b9e0202b2e33a337b1faa3b29770873f55d8bdf34b3d2bbb98
B,2281,attack,literal_fresh,-1,1,1,False,False,denoise,c7afbf2dd70409b9e0202b2e33a337b1faa3b29770873f55d8bdf34b3d2bbb98
B,2281,restore,frozen,53,1021,50,False,False,denoise,6776ccb7e63f37e567afb23d90e003004879fc2c7fff42cb16ec6b4e49be728e
B,2281,restore,salt_unit,55,1014,43,False,False,denoise,6776ccb7e63f37e567afb23d90e003004879fc2c7fff42cb16ec6b4e49be728e
B,2281,restore,literal_fixed,54,1007,36,False,False,denoise,6776ccb7e63f37e567afb23d90e003004879fc2c7fff42cb16ec6b4e49be728e
B,2281,restore,literal_fresh,-1,1,1,False,False,denoise,6776ccb7e63f37e567afb23d90e003004879fc2c7fff42cb16ec6b4e49be728e
B,2281,confidence_boost,frozen,30,1021,50,True,True,denoise,1ff52e15910a1fa312b6786118a7aa3be55227ec67282f63a8b739acaade5ab6
B,2281,confidence_boost,salt_unit,34,1012,41,True,True,denoise,1ff52e15910a1fa312b6786118a7aa3be55227ec67282f63a8b739acaade5ab6
B,2281,confidence_boost,literal_fixed,34,1012,41,True,True,denoise,1ff52e15910a1fa312b6786118a7aa3be55227ec67282f63a8b739acaade5ab6
B,2281,confidence_boost,literal_fresh,-1,1,1,False,False,denoise,1ff52e15910a1fa312b6786118a7aa3be55227ec67282f63a8b739acaade5ab6
B,2281,attack,frozen,78,1021,50,False,False,deblur,2d5ffc5ef469131bb326af3e17a3863f9e00a8743efb3278a4ccd41526121a29
B,2281,attack,salt_unit,78,1021,50,False,False,deblur,2d5ffc5ef469131bb326af3e17a3863f9e00a8743efb3278a4ccd41526121a29
B,2281,attack,literal_fixed,78,1021,50,False,False,deblur,2d5ffc5ef469131bb326af3e17a3863f9e00a8743efb3278a4ccd41526121a29
B,2281,attack,literal_fresh,-1,1,1,False,False,deblur,2d5ffc5ef469131bb326af3e17a3863f9e00a8743efb3278a4ccd41526121a29
B,2281,restore,frozen,96,1021,50,False,False,deblur,373ef5f383afcd1f134e03d6be8600e5600211630900020accad6b88ef5a0184
B,2281,restore,salt_unit,96,1021,50,False,False,deblur,373ef5f383afcd1f134e03d6be8600e5600211630900020accad6b88ef5a0184
B,2281,restore,literal_fixed,96,1021,50,False,False,deblur,373ef5f383afcd1f134e03d6be8600e5600211630900020accad6b88ef5a0184
B,2281,restore,literal_fresh,-1,1,1,False,False,deblur,373ef5f383afcd1f134e03d6be8600e5600211630900020accad6b88ef5a0184
B,2281,confidence_boost,frozen,133,1021,50,False,False,deblur,0d22b7ce97743c29e3d4674aa60d53367573433dc8a13cedc6a0a1e49699f5e1
B,2281,confidence_boost,salt_unit,133,1019,48,False,False,deblur,0d22b7ce97743c29e3d4674aa60d53367573433dc8a13cedc6a0a1e49699f5e1
B,2281,confidence_boost,literal_fixed,133,1019,48,False,False,deblur,0d22b7ce97743c29e3d4674aa60d53367573433dc8a13cedc6a0a1e49699f5e1
B,2281,confidence_boost,literal_fresh,-1,1,1,False,False,deblur,0d22b7ce97743c29e3d4674aa60d53367573433dc8a13cedc6a0a1e49699f5e1
B,2487,attack,frozen,53,1008,37,False,False,denoise,03fbdcc8c648063ffdaf41cad1776e271f94aa982f2a52915210f0f325b4d0a7
B,2487,attack,salt_unit,43,1018,47,True,False,denoise,03fbdcc8c648063ffdaf41cad1776e271f94aa982f2a52915210f0f325b4d0a7
B,2487,attack,literal_fixed,51,1010,39,False,False,denoise,03fbdcc8c648063ffdaf41cad1776e271f94aa982f2a52915210f0f325b4d0a7
B,2487,attack,literal_fresh,-1,1,1,False,False,denoise,03fbdcc8c648063ffdaf41cad1776e271f94aa982f2a52915210f0f325b4d0a7
B,2487,restore,frozen,56,1004,33,False,False,denoise,69b3710e005f8dd2b33c74815510351a527894619ca33961cded1ae0e736cafa
B,2487,restore,salt_unit,47,1016,45,True,False,denoise,69b3710e005f8dd2b33c74815510351a527894619ca33961cded1ae0e736cafa
B,2487,restore,literal_fixed,52,1009,38,False,False,denoise,69b3710e005f8dd2b33c74815510351a527894619ca33961cded1ae0e736cafa
B,2487,restore,literal_fresh,-1,1,1,False,False,denoise,69b3710e005f8dd2b33c74815510351a527894619ca33961cded1ae0e736cafa
B,2487,confidence_boost,frozen,90,1013,42,False,False,denoise,42f7cf8d17b92da5e91e03a3fb5b8d8c9cf02c92173bc27079203fa63f92da4b
B,2487,confidence_boost,salt_unit,92,1013,42,False,False,denoise,42f7cf8d17b92da5e91e03a3fb5b8d8c9cf02c92173bc27079203fa63f92da4b
B,2487,confidence_boost,literal_fixed,23,1015,44,False,False,denoise,42f7cf8d17b92da5e91e03a3fb5b8d8c9cf02c92173bc27079203fa63f92da4b
B,2487,confidence_boost,literal_fresh,-1,1,1,False,False,denoise,42f7cf8d17b92da5e91e03a3fb5b8d8c9cf02c92173bc27079203fa63f92da4b
B,2487,attack,frozen,103,1019,48,False,False,deblur,d8df36a481eb17432a9fa309c6c4cea660338b4df4d7152308a4708b81f877ad
B,2487,attack,salt_unit,101,1020,49,False,False,deblur,d8df36a481eb17432a9fa309c6c4cea660338b4df4d7152308a4708b81f877ad
B,2487,attack,literal_fixed,103,1019,48,False,False,deblur,d8df36a481eb17432a9fa309c6c4cea660338b4df4d7152308a4708b81f877ad
B,2487,attack,literal_fresh,-1,1,1,False,False,deblur,d8df36a481eb17432a9fa309c6c4cea660338b4df4d7152308a4708b81f877ad
B,2487,restore,frozen,218,1018,47,False,False,deblur,cdb93c241f4a6b1dbef95fad6316b8f3bf4dd5bf567da2858b3622a462c2830c
B,2487,restore,salt_unit,173,1021,50,False,False,deblur,cdb93c241f4a6b1dbef95fad6316b8f3bf4dd5bf567da2858b3622a462c2830c
B,2487,restore,literal_fixed,173,1021,50,False,False,deblur,cdb93c241f4a6b1dbef95fad6316b8f3bf4dd5bf567da2858b3622a462c2830c
B,2487,restore,literal_fresh,-1,1,1,False,False,deblur,cdb93c241f4a6b1dbef95fad6316b8f3bf4dd5bf567da2858b3622a462c2830c
B,2487,confidence_boost,frozen,49,1017,46,True,False,deblur,d1ef7ce4fcadd5d8af09decf339f9a5a0ba0365b8b00da8b5f14f95e146a182e
B,2487,confidence_boost,salt_unit,51,1021,50,False,False,deblur,d1ef7ce4fcadd5d8af09decf339f9a5a0ba0365b8b00da8b5f14f95e146a182e
B,2487,confidence_boost,literal_fixed,51,1021,50,False,False,deblur,d1ef7ce4fcadd5d8af09decf339f9a5a0ba0365b8b00da8b5f14f95e146a182e
B,2487,confidence_boost,literal_fresh,-1,1,1,False,False,deblur,d1ef7ce4fcadd5d8af09decf339f9a5a0ba0365b8b00da8b5f14f95e146a182e
B,920,attack,frozen,85,1018,47,False,False,denoise,c2acbc7e972f45e840ef55039845a8cbda28d7d8cb5f7e3ce9ed0dc0f586ffb8
B,920,attack,salt_unit,73,1019,48,False,False,denoise,c2acbc7e972f45e840ef55039845a8cbda28d7d8cb5f7e3ce9ed0dc0f586ffb8
B,920,attack,literal_fixed,79,1005,34,False,False,denoise,c2acbc7e972f45e840ef55039845a8cbda28d7d8cb5f7e3ce9ed0dc0f586ffb8
B,920,attack,literal_fresh,-1,1,1,False,False,denoise,c2acbc7e972f45e840ef55039845a8cbda28d7d8cb5f7e3ce9ed0dc0f586ffb8
B,920,restore,frozen,99,1020,49,False,False,denoise,adb0953e98ba5c483edb19b1bd2fc74f0f5c4af6709f66f01cf1982d4d9e4a05
B,920,restore,salt_unit,100,1018,47,False,False,denoise,adb0953e98ba5c483edb19b1bd2fc74f0f5c4af6709f66f01cf1982d4d9e4a05
B,920,restore,literal_fixed,100,1018,47,False,False,denoise,adb0953e98ba5c483edb19b1bd2fc74f0f5c4af6709f66f01cf1982d4d9e4a05
B,920,restore,literal_fresh,-1,1,1,False,False,denoise,adb0953e98ba5c483edb19b1bd2fc74f0f5c4af6709f66f01cf1982d4d9e4a05
B,920,confidence_boost,frozen,91,1020,49,False,False,denoise,9fbf5939d1c88487cf048f6191e521a80fcd5407f4acc344b10060cd511142a2
B,920,confidence_boost,salt_unit,97,1016,45,False,False,denoise,9fbf5939d1c88487cf048f6191e521a80fcd5407f4acc344b10060cd511142a2
B,920,confidence_boost,literal_fixed,97,1015,44,False,False,denoise,9fbf5939d1c88487cf048f6191e521a80fcd5407f4acc344b10060cd511142a2
B,920,confidence_boost,literal_fresh,-1,1,1,False,False,denoise,9fbf5939d1c88487cf048f6191e521a80fcd5407f4acc344b10060cd511142a2
B,920,attack,frozen,78,1015,44,False,False,deblur,ce34d36ee4d08fef19978abc692391e5577e122d7667e62b458f07dd8c23b203
B,920,attack,salt_unit,130,978,7,False,False,deblur,ce34d36ee4d08fef19978abc692391e5577e122d7667e62b458f07dd8c23b203
B,920,attack,literal_fixed,130,978,7,False,False,deblur,ce34d36ee4d08fef19978abc692391e5577e122d7667e62b458f07dd8c23b203
B,920,attack,literal_fresh,-1,1,1,False,False,deblur,ce34d36ee4d08fef19978abc692391e5577e122d7667e62b458f07dd8c23b203
B,920,restore,frozen,42,1020,49,False,False,deblur,d8cd45e0cba7d35db07fe1a986da4c37996ef59483d7b783063dd88f499f5d6d
B,920,restore,salt_unit,365,990,19,False,False,deblur,d8cd45e0cba7d35db07fe1a986da4c37996ef59483d7b783063dd88f499f5d6d
B,920,restore,literal_fixed,365,992,21,False,False,deblur,d8cd45e0cba7d35db07fe1a986da4c37996ef59483d7b783063dd88f499f5d6d
B,920,restore,literal_fresh,-1,1,1,False,False,deblur,d8cd45e0cba7d35db07fe1a986da4c37996ef59483d7b783063dd88f499f5d6d
B,920,confidence_boost,frozen,112,1012,41,False,False,deblur,95d45c1d1742a1ecee49683372fd7aec97922790e989025951679c7cdde38d94
B,920,confidence_boost,salt_unit,100,1017,46,False,False,deblur,95d45c1d1742a1ecee49683372fd7aec97922790e989025951679c7cdde38d94
B,920,confidence_boost,literal_fixed,100,1017,46,False,False,deblur,95d45c1d1742a1ecee49683372fd7aec97922790e989025951679c7cdde38d94
B,920,confidence_boost,literal_fresh,-1,1,1,False,False,deblur,95d45c1d1742a1ecee49683372fd7aec97922790e989025951679c7cdde38d94
B,1147,attack,frozen,100,1021,50,False,False,denoise,40fa934956e0e5a54684c05f434e1f73e25e9ebf7d401c2d7f554a2317bbd369
B,1147,attack,salt_unit,100,1021,50,False,False,denoise,40fa934956e0e5a54684c05f434e1f73e25e9ebf7d401c2d7f554a2317bbd369
B,1147,attack,literal_fixed,106,993,22,False,False,denoise,40fa934956e0e5a54684c05f434e1f73e25e9ebf7d401c2d7f554a2317bbd369
B,1147,attack,literal_fresh,-1,1,1,False,False,denoise,40fa934956e0e5a54684c05f434e1f73e25e9ebf7d401c2d7f554a2317bbd369
B,1147,restore,frozen,40,1021,50,True,False,denoise,e85bcdfe486d823f1237968bf075d8aae16507518c8857ad78a28974f0b441be
B,1147,restore,salt_unit,45,1014,43,True,False,denoise,e85bcdfe486d823f1237968bf075d8aae16507518c8857ad78a28974f0b441be
B,1147,restore,literal_fixed,119,968,4,False,False,denoise,e85bcdfe486d823f1237968bf075d8aae16507518c8857ad78a28974f0b441be
B,1147,restore,literal_fresh,-1,1,1,False,False,denoise,e85bcdfe486d823f1237968bf075d8aae16507518c8857ad78a28974f0b441be
B,1147,confidence_boost,frozen,15,1021,50,True,False,denoise,bb21b775f1134caf694b4a18e3abe322835ef80b32ebdf07012cc219aaa81164
B,1147,confidence_boost,salt_unit,117,993,22,False,False,denoise,bb21b775f1134caf694b4a18e3abe322835ef80b32ebdf07012cc219aaa81164
B,1147,confidence_boost,literal_fixed,98,990,19,False,False,denoise,bb21b775f1134caf694b4a18e3abe322835ef80b32ebdf07012cc219aaa81164
B,1147,confidence_boost,literal_fresh,-1,1,1,False,False,denoise,bb21b775f1134caf694b4a18e3abe322835ef80b32ebdf07012cc219aaa81164
B,1147,attack,frozen,192,1021,50,False,False,deblur,278951a12c933683082b72740deb83d45833921f0178a8065e7e6acfd396e839
B,1147,attack,salt_unit,194,1017,46,False,False,deblur,278951a12c933683082b72740deb83d45833921f0178a8065e7e6acfd396e839
B,1147,attack,literal_fixed,194,1017,46,False,False,deblur,278951a12c933683082b72740deb83d45833921f0178a8065e7e6acfd396e839
B,1147,attack,literal_fresh,-1,1,1,False,False,deblur,278951a12c933683082b72740deb83d45833921f0178a8065e7e6acfd396e839
B,1147,restore,frozen,524,1012,41,False,False,deblur,85b2c72e7b30f30fa5b76686106d566d4e52b5b65c506b6542c713f4c06e08df
B,1147,restore,salt_unit,513,1021,50,False,False,deblur,85b2c72e7b30f30fa5b76686106d566d4e52b5b65c506b6542c713f4c06e08df
B,1147,restore,literal_fixed,513,1021,50,False,False,deblur,85b2c72e7b30f30fa5b76686106d566d4e52b5b65c506b6542c713f4c06e08df
B,1147,restore,literal_fresh,-1,1,1,False,False,deblur,85b2c72e7b30f30fa5b76686106d566d4e52b5b65c506b6542c713f4c06e08df
B,1147,confidence_boost,frozen,180,1019,48,False,False,deblur,16fd120a8676e9042cd80f870454563387ae3469f59058322fbf5917c2215c7e
B,1147,confidence_boost,salt_unit,185,1020,49,False,False,deblur,16fd120a8676e9042cd80f870454563387ae3469f59058322fbf5917c2215c7e
B,1147,confidence_boost,literal_fixed,177,1018,47,False,False,deblur,16fd120a8676e9042cd80f870454563387ae3469f59058322fbf5917c2215c7e
B,1147,confidence_boost,literal_fresh,-1,1,1,False,False,deblur,16fd120a8676e9042cd80f870454563387ae3469f59058322fbf5917c2215c7e
B,1641,attack,frozen,226,802,3,False,False,denoise,cf02de9bdac4f18602301ff4f1c661e05859ecd9488f938f46cb7a6f1a05d3cd
B,1641,attack,salt_unit,41,1020,49,False,False,denoise,cf02de9bdac4f18602301ff4f1c661e05859ecd9488f938f46cb7a6f1a05d3cd
B,1641,attack,literal_fixed,41,1020,49,False,False,denoise,cf02de9bdac4f18602301ff4f1c661e05859ecd9488f938f46cb7a6f1a05d3cd
B,1641,attack,literal_fresh,-1,1,1,False,False,denoise,cf02de9bdac4f18602301ff4f1c661e05859ecd9488f938f46cb7a6f1a05d3cd
B,1641,restore,frozen,195,866,3,False,False,denoise,b71962ef8cc8a3b33d57ae317dcdb02ce3b11b90a77cf5e8aa0f72f02f1bbec2
B,1641,restore,salt_unit,96,1021,50,False,False,denoise,b71962ef8cc8a3b33d57ae317dcdb02ce3b11b90a77cf5e8aa0f72f02f1bbec2
B,1641,restore,literal_fixed,96,1021,50,False,False,denoise,b71962ef8cc8a3b33d57ae317dcdb02ce3b11b90a77cf5e8aa0f72f02f1bbec2
B,1641,restore,literal_fresh,-1,1,1,False,False,denoise,b71962ef8cc8a3b33d57ae317dcdb02ce3b11b90a77cf5e8aa0f72f02f1bbec2
B,1641,confidence_boost,frozen,166,936,3,False,False,denoise,48117261e50ddf4420ebc0009058907bacb709ad399fd053ced3bf3ed29763cf
B,1641,confidence_boost,salt_unit,15,1021,50,False,False,denoise,48117261e50ddf4420ebc0009058907bacb709ad399fd053ced3bf3ed29763cf
B,1641,confidence_boost,literal_fixed,15,1021,50,False,False,denoise,48117261e50ddf4420ebc0009058907bacb709ad399fd053ced3bf3ed29763cf
B,1641,confidence_boost,literal_fresh,-1,1,1,False,False,denoise,48117261e50ddf4420ebc0009058907bacb709ad399fd053ced3bf3ed29763cf
B,1641,attack,frozen,198,951,3,False,False,deblur,b3f7f147c02fa35482bf8317e295ea480b35a1cdcd34009d258b92c7866be524
B,1641,attack,salt_unit,91,1021,50,False,False,deblur,b3f7f147c02fa35482bf8317e295ea480b35a1cdcd34009d258b92c7866be524
B,1641,attack,literal_fixed,91,1021,50,False,False,deblur,b3f7f147c02fa35482bf8317e295ea480b35a1cdcd34009d258b92c7866be524
B,1641,attack,literal_fresh,-1,1,1,False,False,deblur,b3f7f147c02fa35482bf8317e295ea480b35a1cdcd34009d258b92c7866be524
B,1641,restore,frozen,103,992,21,False,False,deblur,2a25b8d66fb08481c377cb753b2e58fa300a012e4821bb53e8188ca3885b081e
B,1641,restore,salt_unit,405,1020,49,False,False,deblur,2a25b8d66fb08481c377cb753b2e58fa300a012e4821bb53e8188ca3885b081e
B,1641,restore,literal_fixed,423,1018,47,False,False,deblur,2a25b8d66fb08481c377cb753b2e58fa300a012e4821bb53e8188ca3885b081e
B,1641,restore,literal_fresh,-1,1,1,False,False,deblur,2a25b8d66fb08481c377cb753b2e58fa300a012e4821bb53e8188ca3885b081e
B,1641,confidence_boost,frozen,166,970,5,False,False,deblur,6999fc85c78a6cb1fb7bf1a61e14480b345144e20765f3aa88a2c00c1169a76b
B,1641,confidence_boost,salt_unit,106,1021,50,False,False,deblur,6999fc85c78a6cb1fb7bf1a61e14480b345144e20765f3aa88a2c00c1169a76b
B,1641,confidence_boost,literal_fixed,106,1021,50,False,False,deblur,6999fc85c78a6cb1fb7bf1a61e14480b345144e20765f3aa88a2c00c1169a76b
B,1641,confidence_boost,literal_fresh,-1,1,1,False,False,deblur,6999fc85c78a6cb1fb7bf1a61e14480b345144e20765f3aa88a2c00c1169a76b
B,1978,attack,frozen,109,990,19,False,False,denoise,c76728b1da95d9f23dbdeee2d386fb676a5bd3d5314d1f354081485623497d86
B,1978,attack,salt_unit,90,1019,48,False,False,denoise,c76728b1da95d9f23dbdeee2d386fb676a5bd3d5314d1f354081485623497d86
B,1978,attack,literal_fixed,97,1018,47,False,False,denoise,c76728b1da95d9f23dbdeee2d386fb676a5bd3d5314d1f354081485623497d86
B,1978,attack,literal_fresh,-1,1,1,False,False,denoise,c76728b1da95d9f23dbdeee2d386fb676a5bd3d5314d1f354081485623497d86
B,1978,restore,frozen,34,1006,35,True,True,denoise,b732677e487755340779da581f27e4c057fe416269c18e73fcb3ff8bf0917819
B,1978,restore,salt_unit,130,1015,44,False,False,denoise,b732677e487755340779da581f27e4c057fe416269c18e73fcb3ff8bf0917819
B,1978,restore,literal_fixed,130,1015,44,False,False,denoise,b732677e487755340779da581f27e4c057fe416269c18e73fcb3ff8bf0917819
B,1978,restore,literal_fresh,-1,1,1,False,False,denoise,b732677e487755340779da581f27e4c057fe416269c18e73fcb3ff8bf0917819
B,1978,confidence_boost,frozen,82,993,22,False,False,denoise,3ac85398f9bf0d3b654f206c5cd5928ca69ed8f88fca0e3f276d60345772f09d
B,1978,confidence_boost,salt_unit,41,1020,49,True,False,denoise,3ac85398f9bf0d3b654f206c5cd5928ca69ed8f88fca0e3f276d60345772f09d
B,1978,confidence_boost,literal_fixed,41,1020,49,True,False,denoise,3ac85398f9bf0d3b654f206c5cd5928ca69ed8f88fca0e3f276d60345772f09d
B,1978,confidence_boost,literal_fresh,-1,1,1,False,False,denoise,3ac85398f9bf0d3b654f206c5cd5928ca69ed8f88fca0e3f276d60345772f09d
B,1978,attack,frozen,85,1021,50,False,False,deblur,a867f513f72fb01856cdea32c4ca35b6691b529ae2c39a3f597e30224047c4f6
B,1978,attack,salt_unit,85,1021,50,False,False,deblur,a867f513f72fb01856cdea32c4ca35b6691b529ae2c39a3f597e30224047c4f6
B,1978,attack,literal_fixed,85,1021,50,False,False,deblur,a867f513f72fb01856cdea32c4ca35b6691b529ae2c39a3f597e30224047c4f6
B,1978,attack,literal_fresh,-1,1,1,False,False,deblur,a867f513f72fb01856cdea32c4ca35b6691b529ae2c39a3f597e30224047c4f6
B,1978,restore,frozen,88,1021,50,False,False,deblur,3db60122f7082b6e737117fd71098440ebfd319cfaf6b383791ad9c939a74002
B,1978,restore,salt_unit,88,1021,50,False,False,deblur,3db60122f7082b6e737117fd71098440ebfd319cfaf6b383791ad9c939a74002
B,1978,restore,literal_fixed,321,1020,49,False,False,deblur,3db60122f7082b6e737117fd71098440ebfd319cfaf6b383791ad9c939a74002
B,1978,restore,literal_fresh,-1,1,1,False,False,deblur,3db60122f7082b6e737117fd71098440ebfd319cfaf6b383791ad9c939a74002
B,1978,confidence_boost,frozen,128,1021,50,False,False,deblur,117b520d1b8187537d6a78da78a2840ad09c44e5fbc7daa45a5508e00903b617
B,1978,confidence_boost,salt_unit,124,1020,49,False,False,deblur,117b520d1b8187537d6a78da78a2840ad09c44e5fbc7daa45a5508e00903b617
B,1978,confidence_boost,literal_fixed,124,1020,49,False,False,deblur,117b520d1b8187537d6a78da78a2840ad09c44e5fbc7daa45a5508e00903b617
B,1978,confidence_boost,literal_fresh,-1,1,1,False,False,deblur,117b520d1b8187537d6a78da78a2840ad09c44e5fbc7daa45a5508e00903b617
B,2105,attack,frozen,113,988,17,False,False,denoise,ba9a312d97d6acf3c05dfa375c8e73f2775ae4f8682bf6ecec5315b995921164
B,2105,attack,salt_unit,63,1018,47,False,False,denoise,ba9a312d97d6acf3c05dfa375c8e73f2775ae4f8682bf6ecec5315b995921164
B,2105,attack,literal_fixed,63,1018,47,False,False,denoise,ba9a312d97d6acf3c05dfa375c8e73f2775ae4f8682bf6ecec5315b995921164
B,2105,attack,literal_fresh,-1,1,1,False,False,denoise,ba9a312d97d6acf3c05dfa375c8e73f2775ae4f8682bf6ecec5315b995921164
B,2105,restore,frozen,199,999,28,False,False,denoise,88dbbd202ed82f25ebe6cd9d55992318ea3089f0ef20ba01a970a46b0923c376
B,2105,restore,salt_unit,16,1020,49,True,False,denoise,88dbbd202ed82f25ebe6cd9d55992318ea3089f0ef20ba01a970a46b0923c376
B,2105,restore,literal_fixed,16,1020,49,True,False,denoise,88dbbd202ed82f25ebe6cd9d55992318ea3089f0ef20ba01a970a46b0923c376
B,2105,restore,literal_fresh,-1,1,1,False,False,denoise,88dbbd202ed82f25ebe6cd9d55992318ea3089f0ef20ba01a970a46b0923c376
B,2105,confidence_boost,frozen,60,986,15,False,False,denoise,4c08b57180dbc25622bc0efd567ab6271ec1648fd90b2c479e521bd45db86c4b
B,2105,confidence_boost,salt_unit,85,1021,50,False,False,denoise,4c08b57180dbc25622bc0efd567ab6271ec1648fd90b2c479e521bd45db86c4b
B,2105,confidence_boost,literal_fixed,85,1021,50,False,False,denoise,4c08b57180dbc25622bc0efd567ab6271ec1648fd90b2c479e521bd45db86c4b
B,2105,confidence_boost,literal_fresh,-1,1,1,False,False,denoise,4c08b57180dbc25622bc0efd567ab6271ec1648fd90b2c479e521bd45db86c4b
B,2105,attack,frozen,148,998,27,False,False,deblur,c2200ce496ab941877dfed0b5a6d5169e14fde009462b23d83fcf1e631a16e9d
B,2105,attack,salt_unit,147,1011,40,False,False,deblur,c2200ce496ab941877dfed0b5a6d5169e14fde009462b23d83fcf1e631a16e9d
B,2105,attack,literal_fixed,147,1011,40,False,False,deblur,c2200ce496ab941877dfed0b5a6d5169e14fde009462b23d83fcf1e631a16e9d
B,2105,attack,literal_fresh,-1,1,1,False,False,deblur,c2200ce496ab941877dfed0b5a6d5169e14fde009462b23d83fcf1e631a16e9d
B,2105,restore,frozen,23,1015,44,False,False,deblur,f9380e4c36b601712173c844df7967619bdd6344a31fae592e82421325bf8a82
B,2105,restore,salt_unit,642,1019,48,False,False,deblur,f9380e4c36b601712173c844df7967619bdd6344a31fae592e82421325bf8a82
B,2105,restore,literal_fixed,23,1016,45,False,False,deblur,f9380e4c36b601712173c844df7967619bdd6344a31fae592e82421325bf8a82
B,2105,restore,literal_fresh,-1,1,1,False,False,deblur,f9380e4c36b601712173c844df7967619bdd6344a31fae592e82421325bf8a82
B,2105,confidence_boost,frozen,268,1002,31,False,False,deblur,934140b1b274cd5a0360a235f8b12eb79d16462955ef4efb9ac5331c94d27cb8
B,2105,confidence_boost,salt_unit,257,1013,42,False,False,deblur,934140b1b274cd5a0360a235f8b12eb79d16462955ef4efb9ac5331c94d27cb8
B,2105,confidence_boost,literal_fixed,253,1017,46,False,False,deblur,934140b1b274cd5a0360a235f8b12eb79d16462955ef4efb9ac5331c94d27cb8
B,2105,confidence_boost,literal_fresh,-1,1,1,False,False,deblur,934140b1b274cd5a0360a235f8b12eb79d16462955ef4efb9ac5331c94d27cb8
B,56,attack,frozen,107,1004,33,False,False,denoise,5818a5fcb6662f42e6fca0f35f83d1286737dcc6e0358e416d6587b2b6904e87
B,56,attack,salt_unit,17,1019,48,True,False,denoise,5818a5fcb6662f42e6fca0f35f83d1286737dcc6e0358e416d6587b2b6904e87
B,56,attack,literal_fixed,107,1007,36,False,False,denoise,5818a5fcb6662f42e6fca0f35f83d1286737dcc6e0358e416d6587b2b6904e87
B,56,attack,literal_fresh,-1,1,1,False,False,denoise,5818a5fcb6662f42e6fca0f35f83d1286737dcc6e0358e416d6587b2b6904e87
B,56,restore,frozen,137,999,28,False,False,denoise,09fa65f6e272cf8dc683747dad135e365ddf79c889dc4e474123d16c7f3f3222
B,56,restore,salt_unit,66,1019,48,False,False,denoise,09fa65f6e272cf8dc683747dad135e365ddf79c889dc4e474123d16c7f3f3222
B,56,restore,literal_fixed,19,1017,46,False,False,denoise,09fa65f6e272cf8dc683747dad135e365ddf79c889dc4e474123d16c7f3f3222
B,56,restore,literal_fresh,-1,1,1,False,False,denoise,09fa65f6e272cf8dc683747dad135e365ddf79c889dc4e474123d16c7f3f3222
B,56,confidence_boost,frozen,83,998,27,False,False,denoise,e3eebe08b2ba05da7bcb7b7359f2782da78b8a00dab4297b37ce913fdad6c7e0
B,56,confidence_boost,salt_unit,69,1016,45,False,False,denoise,e3eebe08b2ba05da7bcb7b7359f2782da78b8a00dab4297b37ce913fdad6c7e0
B,56,confidence_boost,literal_fixed,69,1016,45,False,False,denoise,e3eebe08b2ba05da7bcb7b7359f2782da78b8a00dab4297b37ce913fdad6c7e0
B,56,confidence_boost,literal_fresh,-1,1,1,False,False,denoise,e3eebe08b2ba05da7bcb7b7359f2782da78b8a00dab4297b37ce913fdad6c7e0
B,56,attack,frozen,111,995,24,False,False,deblur,780b25a24d787a2e37dd064988b0915cecf9aad9ebae293ea24cf94ee445a362
B,56,attack,salt_unit,106,1021,50,False,False,deblur,780b25a24d787a2e37dd064988b0915cecf9aad9ebae293ea24cf94ee445a362
B,56,attack,literal_fixed,106,1021,50,False,False,deblur,780b25a24d787a2e37dd064988b0915cecf9aad9ebae293ea24cf94ee445a362
B,56,attack,literal_fresh,-1,1,1,False,False,deblur,780b25a24d787a2e37dd064988b0915cecf9aad9ebae293ea24cf94ee445a362
B,56,restore,frozen,209,1005,34,False,False,deblur,ba35a6de76ebe000b2ccf97dd8cc814f838e71217e86e5d25d1871be9ad075f2
B,56,restore,salt_unit,19,1021,50,False,False,deblur,ba35a6de76ebe000b2ccf97dd8cc814f838e71217e86e5d25d1871be9ad075f2
B,56,restore,literal_fixed,17,1020,49,False,False,deblur,ba35a6de76ebe000b2ccf97dd8cc814f838e71217e86e5d25d1871be9ad075f2
B,56,restore,literal_fresh,-1,1,1,False,False,deblur,ba35a6de76ebe000b2ccf97dd8cc814f838e71217e86e5d25d1871be9ad075f2
B,56,confidence_boost,frozen,109,1007,36,False,False,deblur,66a7136c4efbf77a2f93a0c313d9f18bdc5f835c294fa57c7b70aa63a81b3c2e
B,56,confidence_boost,salt_unit,105,1021,50,False,False,deblur,66a7136c4efbf77a2f93a0c313d9f18bdc5f835c294fa57c7b70aa63a81b3c2e
B,56,confidence_boost,literal_fixed,105,1020,49,False,False,deblur,66a7136c4efbf77a2f93a0c313d9f18bdc5f835c294fa57c7b70aa63a81b3c2e
B,56,confidence_boost,literal_fresh,-1,1,1,False,False,deblur,66a7136c4efbf77a2f93a0c313d9f18bdc5f835c294fa57c7b70aa63a81b3c2e
B,808,attack,frozen,49,1021,50,True,False,denoise,8f4f7087f7ecca33a6e23988033c2f8013249874f27edf560c70e21c957aaa81
B,808,attack,salt_unit,66,1012,41,False,False,denoise,8f4f7087f7ecca33a6e23988033c2f8013249874f27edf560c70e21c957aaa81
B,808,attack,literal_fixed,67,1009,38,False,False,denoise,8f4f7087f7ecca33a6e23988033c2f8013249874f27edf560c70e21c957aaa81
B,808,attack,literal_fresh,-1,1,1,False,False,denoise,8f4f7087f7ecca33a6e23988033c2f8013249874f27edf560c70e21c957aaa81
B,808,restore,frozen,45,1020,49,True,False,denoise,56b9ca520fe199ee83785cec61223174f9d564bac94b1e9dea9996b0f5d108c5
B,808,restore,salt_unit,51,1010,39,False,False,denoise,56b9ca520fe199ee83785cec61223174f9d564bac94b1e9dea9996b0f5d108c5
B,808,restore,literal_fixed,51,1010,39,False,False,denoise,56b9ca520fe199ee83785cec61223174f9d564bac94b1e9dea9996b0f5d108c5
B,808,restore,literal_fresh,-1,1,1,False,False,denoise,56b9ca520fe199ee83785cec61223174f9d564bac94b1e9dea9996b0f5d108c5
B,808,confidence_boost,frozen,72,1021,50,False,False,denoise,64604dc7b57433032725fa734f5d889d599a9d3d37b7fd45cc2032e0b5013826
B,808,confidence_boost,salt_unit,82,1006,35,False,False,denoise,64604dc7b57433032725fa734f5d889d599a9d3d37b7fd45cc2032e0b5013826
B,808,confidence_boost,literal_fixed,81,1005,34,False,False,denoise,64604dc7b57433032725fa734f5d889d599a9d3d37b7fd45cc2032e0b5013826
B,808,confidence_boost,literal_fresh,-1,1,1,False,False,denoise,64604dc7b57433032725fa734f5d889d599a9d3d37b7fd45cc2032e0b5013826
B,808,attack,frozen,151,949,3,False,False,deblur,81ac5800760e18b27d27d765386235e1556ecde77fdbe1f8619c732fe26617f6
B,808,attack,salt_unit,74,1021,50,False,False,deblur,81ac5800760e18b27d27d765386235e1556ecde77fdbe1f8619c732fe26617f6
B,808,attack,literal_fixed,74,1020,49,False,False,deblur,81ac5800760e18b27d27d765386235e1556ecde77fdbe1f8619c732fe26617f6
B,808,attack,literal_fresh,-1,1,1,False,False,deblur,81ac5800760e18b27d27d765386235e1556ecde77fdbe1f8619c732fe26617f6
B,808,restore,frozen,203,993,22,False,False,deblur,f9b2941b5f6d132c5241b9b697d73daff5b204e57f8368aa9ec3907a5be9f690
B,808,restore,salt_unit,121,1021,50,False,False,deblur,f9b2941b5f6d132c5241b9b697d73daff5b204e57f8368aa9ec3907a5be9f690
B,808,restore,literal_fixed,121,1019,48,False,False,deblur,f9b2941b5f6d132c5241b9b697d73daff5b204e57f8368aa9ec3907a5be9f690
B,808,restore,literal_fresh,-1,1,1,False,False,deblur,f9b2941b5f6d132c5241b9b697d73daff5b204e57f8368aa9ec3907a5be9f690
B,808,confidence_boost,frozen,61,974,8,False,False,deblur,07366bf23c14504fff2756ed097137751bc47570f2230ab015e5c2ea0244d435
B,808,confidence_boost,salt_unit,79,1021,50,False,False,deblur,07366bf23c14504fff2756ed097137751bc47570f2230ab015e5c2ea0244d435
B,808,confidence_boost,literal_fixed,79,1021,50,False,False,deblur,07366bf23c14504fff2756ed097137751bc47570f2230ab015e5c2ea0244d435
B,808,confidence_boost,literal_fresh,-1,1,1,False,False,deblur,07366bf23c14504fff2756ed097137751bc47570f2230ab015e5c2ea0244d435
B,1966,attack,frozen,35,1017,46,False,False,denoise,49724ddb84248af9609ec74694f5ce5a37f8ff41b8ef13e82aac18ee7dd4e3c2
B,1966,attack,salt_unit,38,1020,49,False,False,denoise,49724ddb84248af9609ec74694f5ce5a37f8ff41b8ef13e82aac18ee7dd4e3c2
B,1966,attack,literal_fixed,36,1018,47,False,False,denoise,49724ddb84248af9609ec74694f5ce5a37f8ff41b8ef13e82aac18ee7dd4e3c2
B,1966,attack,literal_fresh,-1,1,1,False,False,denoise,49724ddb84248af9609ec74694f5ce5a37f8ff41b8ef13e82aac18ee7dd4e3c2
B,1966,restore,frozen,148,1015,44,False,False,denoise,c938b13d07db17f039fe3156ddb3647462d7b13ee0a4c97c7137cfa06491d035
B,1966,restore,salt_unit,57,1020,49,False,False,denoise,c938b13d07db17f039fe3156ddb3647462d7b13ee0a4c97c7137cfa06491d035
B,1966,restore,literal_fixed,56,1015,44,False,False,denoise,c938b13d07db17f039fe3156ddb3647462d7b13ee0a4c97c7137cfa06491d035
B,1966,restore,literal_fresh,-1,1,1,False,False,denoise,c938b13d07db17f039fe3156ddb3647462d7b13ee0a4c97c7137cfa06491d035
B,1966,confidence_boost,frozen,64,999,28,False,False,denoise,5a73632cd77230ae28aabd2a83d6b13084ee1b3714ebedc0e0b5fbcde966d81a
B,1966,confidence_boost,salt_unit,91,1016,45,False,False,denoise,5a73632cd77230ae28aabd2a83d6b13084ee1b3714ebedc0e0b5fbcde966d81a
B,1966,confidence_boost,literal_fixed,92,1010,39,False,False,denoise,5a73632cd77230ae28aabd2a83d6b13084ee1b3714ebedc0e0b5fbcde966d81a
B,1966,confidence_boost,literal_fresh,-1,1,1,False,False,denoise,5a73632cd77230ae28aabd2a83d6b13084ee1b3714ebedc0e0b5fbcde966d81a
B,1966,attack,frozen,82,1021,50,False,False,deblur,0fe4e020c34e53b1c22d99211e9aafc38894a1f447e3f83f7be6c9ecaa14fdf8
B,1966,attack,salt_unit,89,999,28,False,False,deblur,0fe4e020c34e53b1c22d99211e9aafc38894a1f447e3f83f7be6c9ecaa14fdf8
B,1966,attack,literal_fixed,83,996,25,False,False,deblur,0fe4e020c34e53b1c22d99211e9aafc38894a1f447e3f83f7be6c9ecaa14fdf8
B,1966,attack,literal_fresh,-1,1,1,False,False,deblur,0fe4e020c34e53b1c22d99211e9aafc38894a1f447e3f83f7be6c9ecaa14fdf8
B,1966,restore,frozen,257,1021,50,False,False,deblur,8e4dd55b525bff396b56321a71f6508ba8097ea0b7167a69a19870eee5a82738
B,1966,restore,salt_unit,270,1016,45,False,False,deblur,8e4dd55b525bff396b56321a71f6508ba8097ea0b7167a69a19870eee5a82738
B,1966,restore,literal_fixed,270,1016,45,False,False,deblur,8e4dd55b525bff396b56321a71f6508ba8097ea0b7167a69a19870eee5a82738
B,1966,restore,literal_fresh,-1,1,1,False,False,deblur,8e4dd55b525bff396b56321a71f6508ba8097ea0b7167a69a19870eee5a82738
B,1966,confidence_boost,frozen,112,1019,48,False,False,deblur,2ba4c1a8fb0aadccc842ece665b3ec9d7c4af6f914c9d8fdf00cf53d1de5bc87
B,1966,confidence_boost,salt_unit,154,1007,36,False,False,deblur,2ba4c1a8fb0aadccc842ece665b3ec9d7c4af6f914c9d8fdf00cf53d1de5bc87
B,1966,confidence_boost,literal_fixed,153,1004,33,False,False,deblur,2ba4c1a8fb0aadccc842ece665b3ec9d7c4af6f914c9d8fdf00cf53d1de5bc87
B,1966,confidence_boost,literal_fresh,-1,1,1,False,False,deblur,2ba4c1a8fb0aadccc842ece665b3ec9d7c4af6f914c9d8fdf00cf53d1de5bc87
B,3317,attack,frozen,129,996,25,False,False,denoise,3bfd8fbd9fe57152011475952f18faaa5daeb7b25fd68ade5cc4df08b76db0df
B,3317,attack,salt_unit,87,1020,49,False,False,denoise,3bfd8fbd9fe57152011475952f18faaa5daeb7b25fd68ade5cc4df08b76db0df
B,3317,attack,literal_fixed,87,1020,49,False,False,denoise,3bfd8fbd9fe57152011475952f18faaa5daeb7b25fd68ade5cc4df08b76db0df
B,3317,attack,literal_fresh,-1,1,1,False,False,denoise,3bfd8fbd9fe57152011475952f18faaa5daeb7b25fd68ade5cc4df08b76db0df
B,3317,restore,frozen,130,1001,30,False,False,denoise,499dab1f7226717b2ed27b97235c201d89e37309acabcad6073530f37f1154e7
B,3317,restore,salt_unit,116,1020,49,False,False,denoise,499dab1f7226717b2ed27b97235c201d89e37309acabcad6073530f37f1154e7
B,3317,restore,literal_fixed,116,1019,48,False,False,denoise,499dab1f7226717b2ed27b97235c201d89e37309acabcad6073530f37f1154e7
B,3317,restore,literal_fresh,-1,1,1,False,False,denoise,499dab1f7226717b2ed27b97235c201d89e37309acabcad6073530f37f1154e7
B,3317,confidence_boost,frozen,83,1014,43,False,False,denoise,df76725fa0399876ee07abe152146ea69ce578af6fbafdbab659ce218d2b9b82
B,3317,confidence_boost,salt_unit,59,1021,50,False,False,denoise,df76725fa0399876ee07abe152146ea69ce578af6fbafdbab659ce218d2b9b82
B,3317,confidence_boost,literal_fixed,83,1011,40,False,False,denoise,df76725fa0399876ee07abe152146ea69ce578af6fbafdbab659ce218d2b9b82
B,3317,confidence_boost,literal_fresh,-1,1,1,False,False,denoise,df76725fa0399876ee07abe152146ea69ce578af6fbafdbab659ce218d2b9b82
B,3317,attack,frozen,107,1017,46,False,False,deblur,f8eac17e5ae8cdf2fb2ceddffe50da2dec7296406ea8a5c20fecebb390444e7e
B,3317,attack,salt_unit,52,1019,48,False,False,deblur,f8eac17e5ae8cdf2fb2ceddffe50da2dec7296406ea8a5c20fecebb390444e7e
B,3317,attack,literal_fixed,53,1018,47,False,False,deblur,f8eac17e5ae8cdf2fb2ceddffe50da2dec7296406ea8a5c20fecebb390444e7e
B,3317,attack,literal_fresh,-1,1,1,False,False,deblur,f8eac17e5ae8cdf2fb2ceddffe50da2dec7296406ea8a5c20fecebb390444e7e
B,3317,restore,frozen,165,1020,49,False,False,deblur,972e238f38415efde666a00fd1c9d9847ac1bc7f560a7fb099ab27c8b59a65a4
B,3317,restore,salt_unit,188,1020,49,False,False,deblur,972e238f38415efde666a00fd1c9d9847ac1bc7f560a7fb099ab27c8b59a65a4
B,3317,restore,literal_fixed,188,1020,49,False,False,deblur,972e238f38415efde666a00fd1c9d9847ac1bc7f560a7fb099ab27c8b59a65a4
B,3317,restore,literal_fresh,-1,1,1,False,False,deblur,972e238f38415efde666a00fd1c9d9847ac1bc7f560a7fb099ab27c8b59a65a4
B,3317,confidence_boost,frozen,128,1018,47,False,False,deblur,0d17fea9e04bef95fd6a2357e980acde645834af809d62cb7d998a32e4ec72f4
B,3317,confidence_boost,salt_unit,18,1019,48,False,False,deblur,0d17fea9e04bef95fd6a2357e980acde645834af809d62cb7d998a32e4ec72f4
B,3317,confidence_boost,literal_fixed,130,1017,46,False,False,deblur,0d17fea9e04bef95fd6a2357e980acde645834af809d62cb7d998a32e4ec72f4
B,3317,confidence_boost,literal_fresh,-1,1,1,False,False,deblur,0d17fea9e04bef95fd6a2357e980acde645834af809d62cb7d998a32e4ec72f4
B,3437,attack,frozen,75,1019,48,False,False,denoise,c254233ac36a84654ea4678cfca4081350c19ccd94cba81bd9353ec5bc7c0705
B,3437,attack,salt_unit,75,1020,49,False,False,denoise,c254233ac36a84654ea4678cfca4081350c19ccd94cba81bd9353ec5bc7c0705
B,3437,attack,literal_fixed,75,1020,49,False,False,denoise,c254233ac36a84654ea4678cfca4081350c19ccd94cba81bd9353ec5bc7c0705
B,3437,attack,literal_fresh,-1,1,1,False,False,denoise,c254233ac36a84654ea4678cfca4081350c19ccd94cba81bd9353ec5bc7c0705
B,3437,restore,frozen,134,1019,48,False,False,denoise,af56735a5782b458aec813e7fd128342929a12770dd8658f0382b61d5b35d8c8
B,3437,restore,salt_unit,117,1021,50,False,False,denoise,af56735a5782b458aec813e7fd128342929a12770dd8658f0382b61d5b35d8c8
B,3437,restore,literal_fixed,117,1021,50,False,False,denoise,af56735a5782b458aec813e7fd128342929a12770dd8658f0382b61d5b35d8c8
B,3437,restore,literal_fresh,-1,1,1,False,False,denoise,af56735a5782b458aec813e7fd128342929a12770dd8658f0382b61d5b35d8c8
B,3437,confidence_boost,frozen,95,1008,37,False,False,denoise,f17bca4b5c87073020368e7d9562c34b369334aa1821c363d78f9d3d2b42d3f2
B,3437,confidence_boost,salt_unit,80,1021,50,False,False,denoise,f17bca4b5c87073020368e7d9562c34b369334aa1821c363d78f9d3d2b42d3f2
B,3437,confidence_boost,literal_fixed,80,1021,50,False,False,denoise,f17bca4b5c87073020368e7d9562c34b369334aa1821c363d78f9d3d2b42d3f2
B,3437,confidence_boost,literal_fresh,-1,1,1,False,False,denoise,f17bca4b5c87073020368e7d9562c34b369334aa1821c363d78f9d3d2b42d3f2
B,3437,attack,frozen,126,1021,50,False,False,deblur,861e31ff7bc11002c708a773c4b8479bf556b9c6d04219ec4461d6dba9b4ddd6
B,3437,attack,salt_unit,124,1020,49,False,False,deblur,861e31ff7bc11002c708a773c4b8479bf556b9c6d04219ec4461d6dba9b4ddd6
B,3437,attack,literal_fixed,124,1020,49,False,False,deblur,861e31ff7bc11002c708a773c4b8479bf556b9c6d04219ec4461d6dba9b4ddd6
B,3437,attack,literal_fresh,-1,1,1,False,False,deblur,861e31ff7bc11002c708a773c4b8479bf556b9c6d04219ec4461d6dba9b4ddd6
B,3437,restore,frozen,299,1020,49,False,False,deblur,79704800ba18b2b54952602a12ec485755c37da19d071fc42600a25872f49d75
B,3437,restore,salt_unit,101,1021,50,False,False,deblur,79704800ba18b2b54952602a12ec485755c37da19d071fc42600a25872f49d75
B,3437,restore,literal_fixed,101,1021,50,False,False,deblur,79704800ba18b2b54952602a12ec485755c37da19d071fc42600a25872f49d75
B,3437,restore,literal_fresh,-1,1,1,False,False,deblur,79704800ba18b2b54952602a12ec485755c37da19d071fc42600a25872f49d75
B,3437,confidence_boost,frozen,107,1020,49,False,False,deblur,17d2f484aedbd50df7a948abb0bd1198c584bb6408c7d6f00ede01bb36ed0a0b
B,3437,confidence_boost,salt_unit,109,1019,48,False,False,deblur,17d2f484aedbd50df7a948abb0bd1198c584bb6408c7d6f00ede01bb36ed0a0b
B,3437,confidence_boost,literal_fixed,122,1016,45,False,False,deblur,17d2f484aedbd50df7a948abb0bd1198c584bb6408c7d6f00ede01bb36ed0a0b
B,3437,confidence_boost,literal_fresh,-1,1,1,False,False,deblur,17d2f484aedbd50df7a948abb0bd1198c584bb6408c7d6f00ede01bb36ed0a0b
B,582,attack,frozen,85,1011,40,False,False,denoise,c0bc178dedd1fc8f38fdefe1157894512da80932fa8afe12faae1ab575d1b43c
B,582,attack,salt_unit,85,1009,38,False,False,denoise,c0bc178dedd1fc8f38fdefe1157894512da80932fa8afe12faae1ab575d1b43c
B,582,attack,literal_fixed,94,1003,32,False,False,denoise,c0bc178dedd1fc8f38fdefe1157894512da80932fa8afe12faae1ab575d1b43c
B,582,attack,literal_fresh,-1,1,1,False,False,denoise,c0bc178dedd1fc8f38fdefe1157894512da80932fa8afe12faae1ab575d1b43c
B,582,restore,frozen,40,1017,46,True,True,denoise,2409704dcb08ba6411c20217b6995340d336324cca99622567bd01f1d78023ae
B,582,restore,salt_unit,34,1009,38,True,True,denoise,2409704dcb08ba6411c20217b6995340d336324cca99622567bd01f1d78023ae
B,582,restore,literal_fixed,31,1005,34,True,True,denoise,2409704dcb08ba6411c20217b6995340d336324cca99622567bd01f1d78023ae
B,582,restore,literal_fresh,-1,1,1,False,False,denoise,2409704dcb08ba6411c20217b6995340d336324cca99622567bd01f1d78023ae
B,582,confidence_boost,frozen,81,1018,47,False,False,denoise,40fab4d67986ac8647cbb16dcdb111522d861eba18c2312818de3efd880f2e78
B,582,confidence_boost,salt_unit,104,1008,37,False,False,denoise,40fab4d67986ac8647cbb16dcdb111522d861eba18c2312818de3efd880f2e78
B,582,confidence_boost,literal_fixed,144,998,27,False,False,denoise,40fab4d67986ac8647cbb16dcdb111522d861eba18c2312818de3efd880f2e78
B,582,confidence_boost,literal_fresh,-1,1,1,False,False,denoise,40fab4d67986ac8647cbb16dcdb111522d861eba18c2312818de3efd880f2e78
B,582,attack,frozen,77,1019,48,False,False,deblur,74d63e082d83fb33986ed8824d09de1a63d1c0fd5c23e57f45f52dcdde45a890
B,582,attack,salt_unit,70,1021,50,False,False,deblur,74d63e082d83fb33986ed8824d09de1a63d1c0fd5c23e57f45f52dcdde45a890
B,582,attack,literal_fixed,70,1020,49,False,False,deblur,74d63e082d83fb33986ed8824d09de1a63d1c0fd5c23e57f45f52dcdde45a890
B,582,attack,literal_fresh,-1,1,1,False,False,deblur,74d63e082d83fb33986ed8824d09de1a63d1c0fd5c23e57f45f52dcdde45a890
B,582,restore,frozen,136,1018,47,False,False,deblur,1b677f233affe6fc8d194e24fd0662c95ae845d03e16a4f83b6fcdcdc98d7174
B,582,restore,salt_unit,161,1020,49,False,False,deblur,1b677f233affe6fc8d194e24fd0662c95ae845d03e16a4f83b6fcdcdc98d7174
B,582,restore,literal_fixed,161,1020,49,False,False,deblur,1b677f233affe6fc8d194e24fd0662c95ae845d03e16a4f83b6fcdcdc98d7174
B,582,restore,literal_fresh,-1,1,1,False,False,deblur,1b677f233affe6fc8d194e24fd0662c95ae845d03e16a4f83b6fcdcdc98d7174
B,582,confidence_boost,frozen,55,1016,45,False,False,deblur,86cae43fde03716bacd37b1e340e0079508dc2d3fac9d684fce90c2c28e9dfdc
B,582,confidence_boost,salt_unit,55,1021,50,False,False,deblur,86cae43fde03716bacd37b1e340e0079508dc2d3fac9d684fce90c2c28e9dfdc
B,582,confidence_boost,literal_fixed,55,1021,50,False,False,deblur,86cae43fde03716bacd37b1e340e0079508dc2d3fac9d684fce90c2c28e9dfdc
B,582,confidence_boost,literal_fresh,-1,1,1,False,False,deblur,86cae43fde03716bacd37b1e340e0079508dc2d3fac9d684fce90c2c28e9dfdc
B,939,attack,frozen,188,829,3,False,False,denoise,bd01c1f234d86003ffa8110b66deb8a0a68cd1a6ccba7698077ab47521d47ccc
B,939,attack,salt_unit,72,1021,50,False,False,denoise,bd01c1f234d86003ffa8110b66deb8a0a68cd1a6ccba7698077ab47521d47ccc
B,939,attack,literal_fixed,72,1021,50,False,False,denoise,bd01c1f234d86003ffa8110b66deb8a0a68cd1a6ccba7698077ab47521d47ccc
B,939,attack,literal_fresh,679,307,1,False,False,denoise,bd01c1f234d86003ffa8110b66deb8a0a68cd1a6ccba7698077ab47521d47ccc
B,939,restore,frozen,284,767,3,False,False,denoise,9fe40142a3885dd66815df1106434721ffd99040a6777ec2013dbcf4907b0443
B,939,restore,salt_unit,84,1021,50,False,False,denoise,9fe40142a3885dd66815df1106434721ffd99040a6777ec2013dbcf4907b0443
B,939,restore,literal_fixed,84,1021,50,False,False,denoise,9fe40142a3885dd66815df1106434721ffd99040a6777ec2013dbcf4907b0443
B,939,restore,literal_fresh,-1,1,1,False,False,denoise,9fe40142a3885dd66815df1106434721ffd99040a6777ec2013dbcf4907b0443
B,939,confidence_boost,frozen,205,738,3,False,False,denoise,344498b5d3511ecf0add1a9b2737ff19fc413cf24aa5009066bfd3225cd5291d
B,939,confidence_boost,salt_unit,55,1021,50,False,False,denoise,344498b5d3511ecf0add1a9b2737ff19fc413cf24aa5009066bfd3225cd5291d
B,939,confidence_boost,literal_fixed,55,1021,50,False,False,denoise,344498b5d3511ecf0add1a9b2737ff19fc413cf24aa5009066bfd3225cd5291d
B,939,confidence_boost,literal_fresh,-1,2,1,False,False,denoise,344498b5d3511ecf0add1a9b2737ff19fc413cf24aa5009066bfd3225cd5291d
B,939,attack,frozen,239,716,3,False,False,deblur,7a7b5d585c1c8d680eb081abe87065aa638faeaf96a579e89030f3df126a24f3
B,939,attack,salt_unit,124,1021,50,False,False,deblur,7a7b5d585c1c8d680eb081abe87065aa638faeaf96a579e89030f3df126a24f3
B,939,attack,literal_fixed,124,1021,50,False,False,deblur,7a7b5d585c1c8d680eb081abe87065aa638faeaf96a579e89030f3df126a24f3
B,939,attack,literal_fresh,377,731,1,False,False,deblur,7a7b5d585c1c8d680eb081abe87065aa638faeaf96a579e89030f3df126a24f3
B,939,restore,frozen,315,739,3,False,False,deblur,9b925bbbe7c0e56b115c347a7f9a89183fdaa2a0ea242c451262aef9c3409ff8
B,939,restore,salt_unit,16,1021,50,False,False,deblur,9b925bbbe7c0e56b115c347a7f9a89183fdaa2a0ea242c451262aef9c3409ff8
B,939,restore,literal_fixed,16,1021,50,False,False,deblur,9b925bbbe7c0e56b115c347a7f9a89183fdaa2a0ea242c451262aef9c3409ff8
B,939,restore,literal_fresh,590,722,1,False,False,deblur,9b925bbbe7c0e56b115c347a7f9a89183fdaa2a0ea242c451262aef9c3409ff8
B,939,confidence_boost,frozen,239,574,3,False,False,deblur,0c6f90336bad617abb7aff1c858f5604d1f1d69bb6dd349b824e5b7dacb249f3
B,939,confidence_boost,salt_unit,15,1021,50,True,False,deblur,0c6f90336bad617abb7aff1c858f5604d1f1d69bb6dd349b824e5b7dacb249f3
B,939,confidence_boost,literal_fixed,15,1021,50,True,False,deblur,0c6f90336bad617abb7aff1c858f5604d1f1d69bb6dd349b824e5b7dacb249f3
B,939,confidence_boost,literal_fresh,485,614,1,False,False,deblur,0c6f90336bad617abb7aff1c858f5604d1f1d69bb6dd349b824e5b7dacb249f3
B,1011,attack,frozen,96,1011,40,False,False,denoise,007b53b325d2fe2ac7b068c9bc9f87dea9d990b84b8a9b30f5108ab769b75f9c
B,1011,attack,salt_unit,16,1021,50,True,True,denoise,007b53b325d2fe2ac7b068c9bc9f87dea9d990b84b8a9b30f5108ab769b75f9c
B,1011,attack,literal_fixed,16,1021,50,True,True,denoise,007b53b325d2fe2ac7b068c9bc9f87dea9d990b84b8a9b30f5108ab769b75f9c
B,1011,attack,literal_fresh,-1,1,1,False,False,denoise,007b53b325d2fe2ac7b068c9bc9f87dea9d990b84b8a9b30f5108ab769b75f9c
B,1011,restore,frozen,74,1007,36,False,False,denoise,de37d995910c23865f332734d6806a5a81e4f6771c96a0f30c9333d229257620
B,1011,restore,salt_unit,75,1021,50,False,False,denoise,de37d995910c23865f332734d6806a5a81e4f6771c96a0f30c9333d229257620
B,1011,restore,literal_fixed,75,1020,49,False,False,denoise,de37d995910c23865f332734d6806a5a81e4f6771c96a0f30c9333d229257620
B,1011,restore,literal_fresh,-1,1,1,False,False,denoise,de37d995910c23865f332734d6806a5a81e4f6771c96a0f30c9333d229257620
B,1011,confidence_boost,frozen,89,997,26,False,False,denoise,552d16a99566d05d24ad24c08dd6b1677cd3ca4a2d299b066c39cd0087e6bc89
B,1011,confidence_boost,salt_unit,40,1021,50,True,False,denoise,552d16a99566d05d24ad24c08dd6b1677cd3ca4a2d299b066c39cd0087e6bc89
B,1011,confidence_boost,literal_fixed,40,1021,50,True,False,denoise,552d16a99566d05d24ad24c08dd6b1677cd3ca4a2d299b066c39cd0087e6bc89
B,1011,confidence_boost,literal_fresh,-1,1,1,False,False,denoise,552d16a99566d05d24ad24c08dd6b1677cd3ca4a2d299b066c39cd0087e6bc89
B,1011,attack,frozen,282,918,6,False,False,deblur,cfa69cb5cc8bebbaea648bab39ee7e297caaddc54e5fcf9062af7715dec93eb1
B,1011,attack,salt_unit,239,1021,50,False,False,deblur,cfa69cb5cc8bebbaea648bab39ee7e297caaddc54e5fcf9062af7715dec93eb1
B,1011,attack,literal_fixed,239,1021,50,False,False,deblur,cfa69cb5cc8bebbaea648bab39ee7e297caaddc54e5fcf9062af7715dec93eb1
B,1011,attack,literal_fresh,-1,1,1,False,False,deblur,cfa69cb5cc8bebbaea648bab39ee7e297caaddc54e5fcf9062af7715dec93eb1
B,1011,restore,frozen,194,865,4,False,False,deblur,e07883524985838422c9051010fda4559e9113acc1741eb3047184f1e2be5c36
B,1011,restore,salt_unit,-1,1021,50,False,False,deblur,e07883524985838422c9051010fda4559e9113acc1741eb3047184f1e2be5c36
B,1011,restore,literal_fixed,-1,1021,50,False,False,deblur,e07883524985838422c9051010fda4559e9113acc1741eb3047184f1e2be5c36
B,1011,restore,literal_fresh,-1,260,1,False,False,deblur,e07883524985838422c9051010fda4559e9113acc1741eb3047184f1e2be5c36
B,1011,confidence_boost,frozen,154,882,3,False,False,deblur,412282d3c7a3daf96d5ac296d216af5c8b91eb59c4991924abe86a178acc239f
B,1011,confidence_boost,salt_unit,145,1021,50,False,False,deblur,412282d3c7a3daf96d5ac296d216af5c8b91eb59c4991924abe86a178acc239f
B,1011,confidence_boost,literal_fixed,145,1021,50,False,False,deblur,412282d3c7a3daf96d5ac296d216af5c8b91eb59c4991924abe86a178acc239f
B,1011,confidence_boost,literal_fresh,-1,39,1,False,False,deblur,412282d3c7a3daf96d5ac296d216af5c8b91eb59c4991924abe86a178acc239f
B,1142,attack,frozen,128,968,4,False,False,denoise,679ca298ab70f4841c56cfc8574cd8a228560b831da387ae161fb5940e7dac4c
B,1142,attack,salt_unit,59,1020,49,False,False,denoise,679ca298ab70f4841c56cfc8574cd8a228560b831da387ae161fb5940e7dac4c
B,1142,attack,literal_fixed,71,1013,42,False,False,denoise,679ca298ab70f4841c56cfc8574cd8a228560b831da387ae161fb5940e7dac4c
B,1142,attack,literal_fresh,-1,1,1,False,False,denoise,679ca298ab70f4841c56cfc8574cd8a228560b831da387ae161fb5940e7dac4c
B,1142,restore,frozen,114,981,10,False,False,denoise,06ec8ad9ebe279434334eb3864384afe6cd653f65755a1dcf8947bbc8dc89644
B,1142,restore,salt_unit,52,1020,49,False,False,denoise,06ec8ad9ebe279434334eb3864384afe6cd653f65755a1dcf8947bbc8dc89644
B,1142,restore,literal_fixed,52,1020,49,False,False,denoise,06ec8ad9ebe279434334eb3864384afe6cd653f65755a1dcf8947bbc8dc89644
B,1142,restore,literal_fresh,-1,1,1,False,False,denoise,06ec8ad9ebe279434334eb3864384afe6cd653f65755a1dcf8947bbc8dc89644
B,1142,confidence_boost,frozen,39,1000,29,False,False,denoise,85c0206bbbbac1e8c16e3fcb8d102e6e142cb998cd236c0b26f4dd5b6cfc9cb7
B,1142,confidence_boost,salt_unit,35,1021,50,True,False,denoise,85c0206bbbbac1e8c16e3fcb8d102e6e142cb998cd236c0b26f4dd5b6cfc9cb7
B,1142,confidence_boost,literal_fixed,35,1021,50,True,False,denoise,85c0206bbbbac1e8c16e3fcb8d102e6e142cb998cd236c0b26f4dd5b6cfc9cb7
B,1142,confidence_boost,literal_fresh,-1,1,1,False,False,denoise,85c0206bbbbac1e8c16e3fcb8d102e6e142cb998cd236c0b26f4dd5b6cfc9cb7
B,1142,attack,frozen,208,1012,41,False,False,deblur,757ebc7b0e99e1bf558a942695927616eb071a8774179e73503016bb138f8c45
B,1142,attack,salt_unit,207,1017,46,False,False,deblur,757ebc7b0e99e1bf558a942695927616eb071a8774179e73503016bb138f8c45
B,1142,attack,literal_fixed,207,1017,46,False,False,deblur,757ebc7b0e99e1bf558a942695927616eb071a8774179e73503016bb138f8c45
B,1142,attack,literal_fresh,-1,1,1,False,False,deblur,757ebc7b0e99e1bf558a942695927616eb071a8774179e73503016bb138f8c45
B,1142,restore,frozen,626,1009,38,False,False,deblur,2cf1e8efad12f6f0398a6efe2357c958debc893d7d2300dc3e8033df5e982f68
B,1142,restore,salt_unit,627,1017,46,False,False,deblur,2cf1e8efad12f6f0398a6efe2357c958debc893d7d2300dc3e8033df5e982f68
B,1142,restore,literal_fixed,627,1017,46,False,False,deblur,2cf1e8efad12f6f0398a6efe2357c958debc893d7d2300dc3e8033df5e982f68
B,1142,restore,literal_fresh,-1,1,1,False,False,deblur,2cf1e8efad12f6f0398a6efe2357c958debc893d7d2300dc3e8033df5e982f68
B,1142,confidence_boost,frozen,144,1021,50,False,False,deblur,796d09f0785ef2af1096ebe46a625bed3109da64c8b539cafcaadc8523450dae
B,1142,confidence_boost,salt_unit,135,1017,46,False,False,deblur,796d09f0785ef2af1096ebe46a625bed3109da64c8b539cafcaadc8523450dae
B,1142,confidence_boost,literal_fixed,135,1017,46,False,False,deblur,796d09f0785ef2af1096ebe46a625bed3109da64c8b539cafcaadc8523450dae
B,1142,confidence_boost,literal_fresh,-1,1,1,False,False,deblur,796d09f0785ef2af1096ebe46a625bed3109da64c8b539cafcaadc8523450dae
B,1866,attack,frozen,58,1013,42,False,False,denoise,1768f4048b26e73908ec5ff728ac55d982cc461322d895618bc6ebdb4704355a
B,1866,attack,salt_unit,69,997,26,False,False,denoise,1768f4048b26e73908ec5ff728ac55d982cc461322d895618bc6ebdb4704355a
B,1866,attack,literal_fixed,67,984,13,False,False,denoise,1768f4048b26e73908ec5ff728ac55d982cc461322d895618bc6ebdb4704355a
B,1866,attack,literal_fresh,-1,1,1,False,False,denoise,1768f4048b26e73908ec5ff728ac55d982cc461322d895618bc6ebdb4704355a
B,1866,restore,frozen,52,1019,48,False,False,denoise,1adeb49601c0b0a25b538a72c47fae5b89ee99f7a74aafddcc1d6108886b427e
B,1866,restore,salt_unit,79,1004,33,False,False,denoise,1adeb49601c0b0a25b538a72c47fae5b89ee99f7a74aafddcc1d6108886b427e
B,1866,restore,literal_fixed,78,1003,32,False,False,denoise,1adeb49601c0b0a25b538a72c47fae5b89ee99f7a74aafddcc1d6108886b427e
B,1866,restore,literal_fresh,-1,1,1,False,False,denoise,1adeb49601c0b0a25b538a72c47fae5b89ee99f7a74aafddcc1d6108886b427e
B,1866,confidence_boost,frozen,51,1020,49,False,False,denoise,b6168baadbacbb7f592caed676ab473fc5de2a098db6877b8be362c9456dbdd7
B,1866,confidence_boost,salt_unit,93,993,22,False,False,denoise,b6168baadbacbb7f592caed676ab473fc5de2a098db6877b8be362c9456dbdd7
B,1866,confidence_boost,literal_fixed,93,993,22,False,False,denoise,b6168baadbacbb7f592caed676ab473fc5de2a098db6877b8be362c9456dbdd7
B,1866,confidence_boost,literal_fresh,-1,1,1,False,False,denoise,b6168baadbacbb7f592caed676ab473fc5de2a098db6877b8be362c9456dbdd7
B,1866,attack,frozen,124,1021,50,False,False,deblur,94c8b5359ff12c0e300b2d03a01cd8a2b996f102dfbacee87c16b48b8989e624
B,1866,attack,salt_unit,124,1021,50,False,False,deblur,94c8b5359ff12c0e300b2d03a01cd8a2b996f102dfbacee87c16b48b8989e624
B,1866,attack,literal_fixed,124,1021,50,False,False,deblur,94c8b5359ff12c0e300b2d03a01cd8a2b996f102dfbacee87c16b48b8989e624
B,1866,attack,literal_fresh,-1,1,1,False,False,deblur,94c8b5359ff12c0e300b2d03a01cd8a2b996f102dfbacee87c16b48b8989e624
B,1866,restore,frozen,462,1017,46,False,False,deblur,bb3d14e05ded018dc91dd6afb1d62ba820f86c610464eda462768f788bd11d72
B,1866,restore,salt_unit,463,1021,50,False,False,deblur,bb3d14e05ded018dc91dd6afb1d62ba820f86c610464eda462768f788bd11d72
B,1866,restore,literal_fixed,463,1021,50,False,False,deblur,bb3d14e05ded018dc91dd6afb1d62ba820f86c610464eda462768f788bd11d72
B,1866,restore,literal_fresh,-1,1,1,False,False,deblur,bb3d14e05ded018dc91dd6afb1d62ba820f86c610464eda462768f788bd11d72
B,1866,confidence_boost,frozen,23,1017,46,True,True,deblur,154ac81b67ff072ccd655ceadf994f6c74ce0d1fc9b78cd4083435a6f101db47
B,1866,confidence_boost,salt_unit,108,1021,50,False,False,deblur,154ac81b67ff072ccd655ceadf994f6c74ce0d1fc9b78cd4083435a6f101db47
B,1866,confidence_boost,literal_fixed,108,1020,49,False,False,deblur,154ac81b67ff072ccd655ceadf994f6c74ce0d1fc9b78cd4083435a6f101db47
B,1866,confidence_boost,literal_fresh,-1,1,1,False,False,deblur,154ac81b67ff072ccd655ceadf994f6c74ce0d1fc9b78cd4083435a6f101db47
B,425,attack,frozen,133,973,4,False,False,denoise,368c074dd4f810e6ab9331345113e27323d5a26eee410947b1b36423d56fa163
B,425,attack,salt_unit,63,1018,47,False,False,denoise,368c074dd4f810e6ab9331345113e27323d5a26eee410947b1b36423d56fa163
B,425,attack,literal_fixed,62,1019,48,False,False,denoise,368c074dd4f810e6ab9331345113e27323d5a26eee410947b1b36423d56fa163
B,425,attack,literal_fresh,-1,1,1,False,False,denoise,368c074dd4f810e6ab9331345113e27323d5a26eee410947b1b36423d56fa163
B,425,restore,frozen,76,985,14,False,False,denoise,f63de3a2c4591f11b2fa5dc5a36821e3c4e4aba6f5338d0748dbf28d50be6b8a
B,425,restore,salt_unit,72,1014,43,False,False,denoise,f63de3a2c4591f11b2fa5dc5a36821e3c4e4aba6f5338d0748dbf28d50be6b8a
B,425,restore,literal_fixed,72,1014,43,False,False,denoise,f63de3a2c4591f11b2fa5dc5a36821e3c4e4aba6f5338d0748dbf28d50be6b8a
B,425,restore,literal_fresh,-1,1,1,False,False,denoise,f63de3a2c4591f11b2fa5dc5a36821e3c4e4aba6f5338d0748dbf28d50be6b8a
B,425,confidence_boost,frozen,112,986,15,False,False,denoise,2b0588e308ff0d403204c9709b42424bea8e32a8d8e2d6f631778acd9423ce1a
B,425,confidence_boost,salt_unit,97,1015,44,False,False,denoise,2b0588e308ff0d403204c9709b42424bea8e32a8d8e2d6f631778acd9423ce1a
B,425,confidence_boost,literal_fixed,98,1014,43,False,False,denoise,2b0588e308ff0d403204c9709b42424bea8e32a8d8e2d6f631778acd9423ce1a
B,425,confidence_boost,literal_fresh,-1,1,1,False,False,denoise,2b0588e308ff0d403204c9709b42424bea8e32a8d8e2d6f631778acd9423ce1a
B,425,attack,frozen,45,1006,35,False,False,deblur,b0512b59af8650b7088cc4a49ba54ff048d986822d6eb92b3f204c1acbee287e
B,425,attack,salt_unit,18,1018,47,True,False,deblur,b0512b59af8650b7088cc4a49ba54ff048d986822d6eb92b3f204c1acbee287e
B,425,attack,literal_fixed,19,1017,46,True,True,deblur,b0512b59af8650b7088cc4a49ba54ff048d986822d6eb92b3f204c1acbee287e
B,425,attack,literal_fresh,-1,1,1,False,False,deblur,b0512b59af8650b7088cc4a49ba54ff048d986822d6eb92b3f204c1acbee287e
B,425,restore,frozen,305,1010,39,False,False,deblur,2489ace83c246e51b170295496978ace12506915b1c47763ba15012584ae6e79
B,425,restore,salt_unit,19,1020,49,False,False,deblur,2489ace83c246e51b170295496978ace12506915b1c47763ba15012584ae6e79
B,425,restore,literal_fixed,19,1019,48,False,False,deblur,2489ace83c246e51b170295496978ace12506915b1c47763ba15012584ae6e79
B,425,restore,literal_fresh,-1,1,1,False,False,deblur,2489ace83c246e51b170295496978ace12506915b1c47763ba15012584ae6e79
B,425,confidence_boost,frozen,48,1008,37,True,False,deblur,d523f538d81b1ea850e006b358745856c294431ee494953c8e6e0e42aea20a8b
B,425,confidence_boost,salt_unit,25,1016,45,True,False,deblur,d523f538d81b1ea850e006b358745856c294431ee494953c8e6e0e42aea20a8b
B,425,confidence_boost,literal_fixed,33,1015,44,True,False,deblur,d523f538d81b1ea850e006b358745856c294431ee494953c8e6e0e42aea20a8b
B,425,confidence_boost,literal_fresh,-1,1,1,False,False,deblur,d523f538d81b1ea850e006b358745856c294431ee494953c8e6e0e42aea20a8b
B,609,attack,frozen,98,1003,32,False,False,denoise,e8bd7388cb78a322f862bdf721cf669a8170d64f3f1ad08530433cd1d58962c4
B,609,attack,salt_unit,45,1021,50,True,False,denoise,e8bd7388cb78a322f862bdf721cf669a8170d64f3f1ad08530433cd1d58962c4
B,609,attack,literal_fixed,45,1020,49,True,False,denoise,e8bd7388cb78a322f862bdf721cf669a8170d64f3f1ad08530433cd1d58962c4
B,609,attack,literal_fresh,-1,1,1,False,False,denoise,e8bd7388cb78a322f862bdf721cf669a8170d64f3f1ad08530433cd1d58962c4
B,609,restore,frozen,70,991,20,False,False,denoise,aa15ab0c21c2e1490f4f5fcebd8dc99d9cbd29ae0358d6f10a97d3e24f1c6443
B,609,restore,salt_unit,79,1020,49,False,False,denoise,aa15ab0c21c2e1490f4f5fcebd8dc99d9cbd29ae0358d6f10a97d3e24f1c6443
B,609,restore,literal_fixed,79,1020,49,False,False,denoise,aa15ab0c21c2e1490f4f5fcebd8dc99d9cbd29ae0358d6f10a97d3e24f1c6443
B,609,restore,literal_fresh,-1,1,1,False,False,denoise,aa15ab0c21c2e1490f4f5fcebd8dc99d9cbd29ae0358d6f10a97d3e24f1c6443
B,609,confidence_boost,frozen,98,994,23,False,False,denoise,000ceae423327345a51db0258d8893aabf35c05efa297481da5dd5ce5c3b9c88
B,609,confidence_boost,salt_unit,50,1020,49,True,False,denoise,000ceae423327345a51db0258d8893aabf35c05efa297481da5dd5ce5c3b9c88
B,609,confidence_boost,literal_fixed,50,1020,49,True,False,denoise,000ceae423327345a51db0258d8893aabf35c05efa297481da5dd5ce5c3b9c88
B,609,confidence_boost,literal_fresh,-1,1,1,False,False,denoise,000ceae423327345a51db0258d8893aabf35c05efa297481da5dd5ce5c3b9c88
B,609,attack,frozen,105,1016,45,False,False,deblur,99419b815780e903000bd721ef64ce42095204a6c3c8836999569f1e18bf1c2f
B,609,attack,salt_unit,96,1021,50,False,False,deblur,99419b815780e903000bd721ef64ce42095204a6c3c8836999569f1e18bf1c2f
B,609,attack,literal_fixed,96,1021,50,False,False,deblur,99419b815780e903000bd721ef64ce42095204a6c3c8836999569f1e18bf1c2f
B,609,attack,literal_fresh,-1,1,1,False,False,deblur,99419b815780e903000bd721ef64ce42095204a6c3c8836999569f1e18bf1c2f
B,609,restore,frozen,149,1018,47,False,False,deblur,b4f6d14ca45de6c5a6ce8ddb4cdaf7fd6a035c913307b408c2990c281af15c8e
B,609,restore,salt_unit,150,1021,50,False,False,deblur,b4f6d14ca45de6c5a6ce8ddb4cdaf7fd6a035c913307b408c2990c281af15c8e
B,609,restore,literal_fixed,150,1021,50,False,False,deblur,b4f6d14ca45de6c5a6ce8ddb4cdaf7fd6a035c913307b408c2990c281af15c8e
B,609,restore,literal_fresh,-1,1,1,False,False,deblur,b4f6d14ca45de6c5a6ce8ddb4cdaf7fd6a035c913307b408c2990c281af15c8e
B,609,confidence_boost,frozen,91,1018,47,False,False,deblur,53b91562d1fbb4ac92e7bc45a34f1e48db45867c59ab8b09929f1001a4428b4c
B,609,confidence_boost,salt_unit,95,1021,50,False,False,deblur,53b91562d1fbb4ac92e7bc45a34f1e48db45867c59ab8b09929f1001a4428b4c
B,609,confidence_boost,literal_fixed,95,1021,50,False,False,deblur,53b91562d1fbb4ac92e7bc45a34f1e48db45867c59ab8b09929f1001a4428b4c
B,609,confidence_boost,literal_fresh,-1,1,1,False,False,deblur,53b91562d1fbb4ac92e7bc45a34f1e48db45867c59ab8b09929f1001a4428b4c
B,1654,attack,frozen,64,1018,47,False,False,denoise,fc26d89ca8ae7c0ddc093f5477c1920e3805aa90ad78236b141c309915d52a5b
B,1654,attack,salt_unit,64,1007,36,False,False,denoise,fc26d89ca8ae7c0ddc093f5477c1920e3805aa90ad78236b141c309915d52a5b
B,1654,attack,literal_fixed,64,1001,30,False,False,denoise,fc26d89ca8ae7c0ddc093f5477c1920e3805aa90ad78236b141c309915d52a5b
B,1654,attack,literal_fresh,-1,1,1,False,False,denoise,fc26d89ca8ae7c0ddc093f5477c1920e3805aa90ad78236b141c309915d52a5b
B,1654,restore,frozen,35,1009,38,True,True,denoise,6aa112a26323df6aecc6e5bc1260ebe2da438a247a2ccea52cbf962fb9dfa56a
B,1654,restore,salt_unit,50,999,28,True,True,denoise,6aa112a26323df6aecc6e5bc1260ebe2da438a247a2ccea52cbf962fb9dfa56a
B,1654,restore,literal_fixed,50,999,28,True,True,denoise,6aa112a26323df6aecc6e5bc1260ebe2da438a247a2ccea52cbf962fb9dfa56a
B,1654,restore,literal_fresh,-1,1,1,False,False,denoise,6aa112a26323df6aecc6e5bc1260ebe2da438a247a2ccea52cbf962fb9dfa56a
B,1654,confidence_boost,frozen,16,1021,50,True,False,denoise,7e5d20f0eac6f66b92fb3931d2d5eac72c6731423dd8b333f05ad4b17e658cd1
B,1654,confidence_boost,salt_unit,100,992,21,False,False,denoise,7e5d20f0eac6f66b92fb3931d2d5eac72c6731423dd8b333f05ad4b17e658cd1
B,1654,confidence_boost,literal_fixed,100,992,21,False,False,denoise,7e5d20f0eac6f66b92fb3931d2d5eac72c6731423dd8b333f05ad4b17e658cd1
B,1654,confidence_boost,literal_fresh,-1,1,1,False,False,denoise,7e5d20f0eac6f66b92fb3931d2d5eac72c6731423dd8b333f05ad4b17e658cd1
B,1654,attack,frozen,67,1019,48,False,False,deblur,d9976738a1f9c41d0a0d12f857f27ff58f5dda81b3d5e8818faab7a610756866
B,1654,attack,salt_unit,68,1017,46,False,False,deblur,d9976738a1f9c41d0a0d12f857f27ff58f5dda81b3d5e8818faab7a610756866
B,1654,attack,literal_fixed,68,1017,46,False,False,deblur,d9976738a1f9c41d0a0d12f857f27ff58f5dda81b3d5e8818faab7a610756866
B,1654,attack,literal_fresh,-1,1,1,False,False,deblur,d9976738a1f9c41d0a0d12f857f27ff58f5dda81b3d5e8818faab7a610756866
B,1654,restore,frozen,235,1018,47,False,False,deblur,a5622884fae0ee55618b9ba150de6641203f13dfde6dda4b262fee2109150fbd
B,1654,restore,salt_unit,238,1014,43,False,False,deblur,a5622884fae0ee55618b9ba150de6641203f13dfde6dda4b262fee2109150fbd
B,1654,restore,literal_fixed,238,1014,43,False,False,deblur,a5622884fae0ee55618b9ba150de6641203f13dfde6dda4b262fee2109150fbd
B,1654,restore,literal_fresh,-1,1,1,False,False,deblur,a5622884fae0ee55618b9ba150de6641203f13dfde6dda4b262fee2109150fbd
B,1654,confidence_boost,frozen,141,1020,49,False,False,deblur,ff8f9b773da067c8c289f4145af111d53ccd5500df74388fea149a42de5d5be4
B,1654,confidence_boost,salt_unit,145,1018,47,False,False,deblur,ff8f9b773da067c8c289f4145af111d53ccd5500df74388fea149a42de5d5be4
B,1654,confidence_boost,literal_fixed,145,1018,47,False,False,deblur,ff8f9b773da067c8c289f4145af111d53ccd5500df74388fea149a42de5d5be4
B,1654,confidence_boost,literal_fresh,-1,1,1,False,False,deblur,ff8f9b773da067c8c289f4145af111d53ccd5500df74388fea149a42de5d5be4
B,2148,attack,frozen,134,929,3,False,False,denoise,8268312f79ab534f2afb41cf5b6d2ac7870244558e4f66166530b1355770ee5a
B,2148,attack,salt_unit,29,1021,50,True,True,denoise,8268312f79ab534f2afb41cf5b6d2ac7870244558e4f66166530b1355770ee5a
B,2148,attack,literal_fixed,31,1020,49,True,True,denoise,8268312f79ab534f2afb41cf5b6d2ac7870244558e4f66166530b1355770ee5a
B,2148,attack,literal_fresh,-1,1,1,False,False,denoise,8268312f79ab534f2afb41cf5b6d2ac7870244558e4f66166530b1355770ee5a
B,2148,restore,frozen,99,939,3,False,False,denoise,00ad5838e367399c8b709d0e0f533e857061e9e119269122bcabeca000b25b49
B,2148,restore,salt_unit,15,1021,50,False,False,denoise,00ad5838e367399c8b709d0e0f533e857061e9e119269122bcabeca000b25b49
B,2148,restore,literal_fixed,15,1021,50,False,False,denoise,00ad5838e367399c8b709d0e0f533e857061e9e119269122bcabeca000b25b49
B,2148,restore,literal_fresh,-1,1,1,False,False,denoise,00ad5838e367399c8b709d0e0f533e857061e9e119269122bcabeca000b25b49
B,2148,confidence_boost,frozen,164,870,3,False,False,denoise,63c6a0efbd1853ad3d0cab25bafb247038765cbea0efa742268718ba05a845a2
B,2148,confidence_boost,salt_unit,30,1021,50,True,False,denoise,63c6a0efbd1853ad3d0cab25bafb247038765cbea0efa742268718ba05a845a2
B,2148,confidence_boost,literal_fixed,30,1021,50,True,False,denoise,63c6a0efbd1853ad3d0cab25bafb247038765cbea0efa742268718ba05a845a2
B,2148,confidence_boost,literal_fresh,-1,1,1,False,False,denoise,63c6a0efbd1853ad3d0cab25bafb247038765cbea0efa742268718ba05a845a2
B,2148,attack,frozen,95,957,3,False,False,deblur,60cc1ed419d77e781d35c741b56f0513d33ffacea7586271ffb7576932dd0d5f
B,2148,attack,salt_unit,51,1021,50,False,False,deblur,60cc1ed419d77e781d35c741b56f0513d33ffacea7586271ffb7576932dd0d5f
B,2148,attack,literal_fixed,53,1020,49,False,False,deblur,60cc1ed419d77e781d35c741b56f0513d33ffacea7586271ffb7576932dd0d5f
B,2148,attack,literal_fresh,-1,1,1,False,False,deblur,60cc1ed419d77e781d35c741b56f0513d33ffacea7586271ffb7576932dd0d5f
B,2148,restore,frozen,266,952,4,False,False,deblur,1cc0abbaf28b413fe508a489d009819ef511f03bbb43613fa18bdaea35bf928f
B,2148,restore,salt_unit,160,1020,49,False,False,deblur,1cc0abbaf28b413fe508a489d009819ef511f03bbb43613fa18bdaea35bf928f
B,2148,restore,literal_fixed,160,1020,49,False,False,deblur,1cc0abbaf28b413fe508a489d009819ef511f03bbb43613fa18bdaea35bf928f
B,2148,restore,literal_fresh,-1,1,1,False,False,deblur,1cc0abbaf28b413fe508a489d009819ef511f03bbb43613fa18bdaea35bf928f
B,2148,confidence_boost,frozen,101,973,5,False,False,deblur,a08326982b0811e2043c924a59bcf828a3f38d652d6ea7298fd69a00aac40ce4
B,2148,confidence_boost,salt_unit,39,1019,48,True,False,deblur,a08326982b0811e2043c924a59bcf828a3f38d652d6ea7298fd69a00aac40ce4
B,2148,confidence_boost,literal_fixed,39,1019,48,True,False,deblur,a08326982b0811e2043c924a59bcf828a3f38d652d6ea7298fd69a00aac40ce4
B,2148,confidence_boost,literal_fresh,-1,1,1,False,False,deblur,a08326982b0811e2043c924a59bcf828a3f38d652d6ea7298fd69a00aac40ce4
B,3170,attack,frozen,236,795,3,False,False,denoise,5f3c7084de36f45cb6ec2eea27d21172635adc90338ea737390b4b6855173cb3
B,3170,attack,salt_unit,103,1021,50,False,False,denoise,5f3c7084de36f45cb6ec2eea27d21172635adc90338ea737390b4b6855173cb3
B,3170,attack,literal_fixed,103,1021,50,False,False,denoise,5f3c7084de36f45cb6ec2eea27d21172635adc90338ea737390b4b6855173cb3
B,3170,attack,literal_fresh,-1,1,1,False,False,denoise,5f3c7084de36f45cb6ec2eea27d21172635adc90338ea737390b4b6855173cb3
B,3170,restore,frozen,260,868,3,False,False,denoise,4b4a56b748faa03dcebc7797b61cd7b71bad4a9de3a6b3841a008bf9fc8c644c
B,3170,restore,salt_unit,40,1021,50,True,False,denoise,4b4a56b748faa03dcebc7797b61cd7b71bad4a9de3a6b3841a008bf9fc8c644c
B,3170,restore,literal_fixed,40,1021,50,True,False,denoise,4b4a56b748faa03dcebc7797b61cd7b71bad4a9de3a6b3841a008bf9fc8c644c
B,3170,restore,literal_fresh,-1,1,1,False,False,denoise,4b4a56b748faa03dcebc7797b61cd7b71bad4a9de3a6b3841a008bf9fc8c644c
B,3170,confidence_boost,frozen,168,938,3,False,False,denoise,9763c7c49a64af9f9f41f6bc71d2371214a91fd6e23843c02bf03188968c163e
B,3170,confidence_boost,salt_unit,107,1021,50,False,False,denoise,9763c7c49a64af9f9f41f6bc71d2371214a91fd6e23843c02bf03188968c163e
B,3170,confidence_boost,literal_fixed,107,1021,50,False,False,denoise,9763c7c49a64af9f9f41f6bc71d2371214a91fd6e23843c02bf03188968c163e
B,3170,confidence_boost,literal_fresh,-1,1,1,False,False,denoise,9763c7c49a64af9f9f41f6bc71d2371214a91fd6e23843c02bf03188968c163e
B,3170,attack,frozen,157,948,3,False,False,deblur,b1e280063050d53c57765d3d947d136bda7dcec5aa40b2d91c9dc15bde43f3bf
B,3170,attack,salt_unit,91,1021,50,False,False,deblur,b1e280063050d53c57765d3d947d136bda7dcec5aa40b2d91c9dc15bde43f3bf
B,3170,attack,literal_fixed,91,1021,50,False,False,deblur,b1e280063050d53c57765d3d947d136bda7dcec5aa40b2d91c9dc15bde43f3bf
B,3170,attack,literal_fresh,-1,1,1,False,False,deblur,b1e280063050d53c57765d3d947d136bda7dcec5aa40b2d91c9dc15bde43f3bf
B,3170,restore,frozen,171,894,3,False,False,deblur,0a44ec08836d655b31f01d106219eff01e1ff882f924fb6c0448aeaf5183f783
B,3170,restore,salt_unit,78,1021,50,False,False,deblur,0a44ec08836d655b31f01d106219eff01e1ff882f924fb6c0448aeaf5183f783
B,3170,restore,literal_fixed,78,1021,50,False,False,deblur,0a44ec08836d655b31f01d106219eff01e1ff882f924fb6c0448aeaf5183f783
B,3170,restore,literal_fresh,-1,1,1,False,False,deblur,0a44ec08836d655b31f01d106219eff01e1ff882f924fb6c0448aeaf5183f783
B,3170,confidence_boost,frozen,127,906,4,False,False,deblur,af69d71385e8f10d8366e80f9097bc71969321865fb3a92ce31b3fb277422841
B,3170,confidence_boost,salt_unit,40,1021,50,True,False,deblur,af69d71385e8f10d8366e80f9097bc71969321865fb3a92ce31b3fb277422841
B,3170,confidence_boost,literal_fixed,40,1021,50,True,False,deblur,af69d71385e8f10d8366e80f9097bc71969321865fb3a92ce31b3fb277422841
B,3170,confidence_boost,literal_fresh,-1,1,1,False,False,deblur,af69d71385e8f10d8366e80f9097bc71969321865fb3a92ce31b3fb277422841
