session_id,queries,max_match,first_alarm,flagged_queries,first_alarm_recorded,flagged_queries_recorded_rule
evaluation__539__denoise__attack__nes__l0.5,1021,40,2,416,2,539
evaluation__539__denoise__restore__nes__l0.5,1021,42,3,670,3,789
evaluation__539__denoise__confidence_boost__nes__l0.5,1021,41,3,649,2,772
evaluation__539__deblur__attack__nes__l1,1021,39,2,540,2,649
evaluation__539__deblur__restore__nes__l1,1021,39,8,304,8,421
evaluation__539__deblur__confidence_boost__nes__l1,1021,37,2,412,2,554
evaluation__6003__denoise__attack__nes__l0.5,1021,38,4,438,4,563
evaluation__6003__denoise__restore__nes__l0.5,1021,39,2,758,2,881
evaluation__6003__denoise__confidence_boost__nes__l0.5,1021,38,3,493,2,646
evaluation__6003__deblur__attack__nes__l1,1021,39,9,650,9,777
evaluation__6003__deblur__restore__nes__l1,1021,38,6,459,2,600
evaluation__6003__deblur__confidence_boost__nes__l1,1021,39,4,630,4,773
evaluation__9045__denoise__attack__nes__l0.5,1021,39,2,581,2,703
evaluation__9045__denoise__restore__nes__l0.5,1021,37,3,542,2,672
evaluation__9045__denoise__confidence_boost__nes__l0.5,1021,38,3,510,2,635
evaluation__9045__deblur__attack__nes__l1,1021,38,4,354,4,455
evaluation__9045__deblur__restore__nes__l1,1021,40,3,361,3,496
evaluation__9045__deblur__confidence_boost__nes__l1,1021,42,14,677,2,778
evaluation__1751__denoise__attack__nes__l0.5,1021,39,6,322,6,431
evaluation__1751__denoise__restore__nes__l0.5,1021,38,7,324,4,457
evaluation__1751__denoise__confidence_boost__nes__l0.5,1021,40,7,445,7,585
evaluation__1751__deblur__attack__nes__l1,1021,38,13,301,6,426
evaluation__1751__deblur__restore__nes__l1,1021,37,7,362,7,474
evaluation__1751__deblur__confidence_boost__nes__l1,1021,37,5,244,5,360
evaluation__6984__denoise__attack__nes__l0.5,1021,38,2,413,2,563
evaluation__6984__denoise__restore__nes__l0.5,1021,37,2,296,2,417
evaluation__6984__denoise__confidence_boost__nes__l0.5,1021,38,2,439,2,582
evaluation__6984__deblur__attack__nes__l1,1021,39,14,644,8,759
evaluation__6984__deblur__restore__nes__l1,1021,40,18,402,5,539
evaluation__6984__deblur__confidence_boost__nes__l1,1021,36,12,408,2,535
evaluation__988__denoise__attack__nes__l0.5,1021,37,6,476,6,592
evaluation__988__denoise__restore__nes__l0.5,1021,41,4,507,4,634
evaluation__988__denoise__confidence_boost__nes__l0.5,1021,37,11,221,11,318
evaluation__988__deblur__attack__nes__l1,1021,38,18,337,18,446
evaluation__988__deblur__restore__nes__l1,1021,38,11,168,11,242
evaluation__988__deblur__confidence_boost__nes__l1,1021,42,5,508,5,591
evaluation__3713__denoise__attack__nes__l0.5,1021,40,2,715,2,822
evaluation__3713__denoise__restore__nes__l0.5,1021,41,3,624,3,757
evaluation__3713__denoise__confidence_boost__nes__l0.5,1021,39,2,444,2,588
evaluation__3713__deblur__attack__nes__l1,1021,38,2,504,2,645
evaluation__3713__deblur__restore__nes__l1,1021,39,3,839,3,932
evaluation__3713__deblur__confidence_boost__nes__l1,1021,39,2,534,2,665
evaluation__7902__denoise__attack__nes__l0.5,1021,38,35,360,18,486
evaluation__7902__denoise__restore__nes__l0.5,1021,35,4,260,2,358
evaluation__7902__denoise__confidence_boost__nes__l0.5,1021,39,4,456,4,559
evaluation__7902__deblur__attack__nes__l1,1021,38,3,293,3,427
evaluation__7902__deblur__restore__nes__l1,1021,39,10,309,10,427
evaluation__7902__deblur__confidence_boost__nes__l1,1021,40,9,290,9,418
evaluation__3023__denoise__attack__nes__l0.5,1021,39,3,541,3,673
evaluation__3023__denoise__restore__nes__l0.5,1021,39,3,391,3,558
evaluation__3023__denoise__confidence_boost__nes__l0.5,1021,38,3,479,2,618
evaluation__3023__deblur__attack__nes__l1,1021,38,2,661,2,799
evaluation__3023__deblur__restore__nes__l1,1021,41,3,834,3,928
evaluation__3023__deblur__confidence_boost__nes__l1,1021,43,3,539,3,658
evaluation__6237__denoise__attack__nes__l0.5,1021,37,3,316,3,453
evaluation__6237__denoise__restore__nes__l0.5,1021,37,2,161,2,238
evaluation__6237__denoise__confidence_boost__nes__l0.5,1021,37,18,357,18,482
evaluation__6237__deblur__attack__nes__l1,1021,37,3,309,2,423
evaluation__6237__deblur__restore__nes__l1,1021,39,4,400,4,538
evaluation__6237__deblur__confidence_boost__nes__l1,1021,39,6,503,4,655
evaluation__463__denoise__attack__nes__l0.5,1021,38,9,273,8,379
evaluation__463__denoise__restore__nes__l0.5,1021,37,18,117,18,189
evaluation__463__denoise__confidence_boost__nes__l0.5,1021,41,4,285,4,403
evaluation__463__deblur__attack__nes__l1,1021,39,2,663,2,780
evaluation__463__deblur__restore__nes__l1,1021,41,5,898,3,964
evaluation__463__deblur__confidence_boost__nes__l1,1021,39,2,494,2,634
evaluation__4042__denoise__attack__nes__l0.5,1021,38,7,325,7,452
evaluation__4042__denoise__restore__nes__l0.5,1021,39,18,593,5,728
evaluation__4042__denoise__confidence_boost__nes__l0.5,1021,37,6,309,3,435
evaluation__4042__deblur__attack__nes__l1,1021,37,9,292,9,393
evaluation__4042__deblur__restore__nes__l1,1021,37,8,333,8,485
evaluation__4042__deblur__confidence_boost__nes__l1,1021,39,3,423,3,556
evaluation__8500__denoise__attack__nes__l0.5,1021,38,12,298,2,399
evaluation__8500__denoise__restore__nes__l0.5,1021,38,11,208,9,310
evaluation__8500__denoise__confidence_boost__nes__l0.5,1021,38,8,245,8,356
evaluation__8500__deblur__attack__nes__l1,1021,36,2,287,2,414
evaluation__8500__deblur__restore__nes__l1,1021,39,16,376,16,518
evaluation__8500__deblur__confidence_boost__nes__l1,1021,37,4,252,4,392
evaluation__2487__denoise__attack__nes__l0.5,1021,36,8,338,8,494
evaluation__2487__denoise__restore__nes__l0.5,1021,36,3,257,2,362
evaluation__2487__denoise__confidence_boost__nes__l0.5,1021,38,3,285,3,377
evaluation__2487__deblur__attack__nes__l1,1021,39,12,410,3,533
evaluation__2487__deblur__restore__nes__l1,1021,39,7,655,7,783
evaluation__2487__deblur__confidence_boost__nes__l1,1021,36,18,278,13,409
evaluation__6120__denoise__attack__nes__l0.5,1021,37,2,430,2,573
evaluation__6120__denoise__restore__nes__l0.5,1021,39,2,357,2,476
evaluation__6120__denoise__confidence_boost__nes__l0.5,1021,39,3,597,2,725
evaluation__6120__deblur__attack__nes__l1,1021,39,18,360,12,454
evaluation__6120__deblur__restore__nes__l1,1021,35,35,187,35,303
evaluation__6120__deblur__confidence_boost__nes__l1,1021,37,18,373,18,495
evaluation__920__denoise__attack__nes__l0.5,1021,40,5,513,3,619
evaluation__920__denoise__restore__nes__l0.5,1021,37,2,330,2,450
evaluation__920__denoise__confidence_boost__nes__l0.5,1021,39,2,269,2,356
evaluation__920__deblur__attack__nes__l1,1021,39,3,690,3,792
evaluation__920__deblur__restore__nes__l1,1021,39,2,671,2,785
evaluation__920__deblur__confidence_boost__nes__l1,1021,38,2,326,2,457
evaluation__4465__denoise__attack__nes__l0.5,1021,36,4,236,4,323
evaluation__4465__denoise__restore__nes__l0.5,1021,41,4,732,4,835
evaluation__4465__denoise__confidence_boost__nes__l0.5,1021,38,18,315,18,441
evaluation__4465__deblur__attack__nes__l1,1021,39,7,533,7,649
evaluation__4465__deblur__restore__nes__l1,1021,40,6,662,6,804
evaluation__4465__deblur__confidence_boost__nes__l1,1021,38,9,392,6,518
evaluation__8113__denoise__attack__nes__l0.5,1021,38,2,502,2,662
evaluation__8113__denoise__restore__nes__l0.5,1021,39,3,514,3,668
evaluation__8113__denoise__confidence_boost__nes__l0.5,1021,38,9,481,4,584
evaluation__8113__deblur__attack__nes__l1,1021,37,5,429,2,544
evaluation__8113__deblur__restore__nes__l1,1021,39,12,402,12,550
evaluation__8113__deblur__confidence_boost__nes__l1,1021,41,5,567,5,646
evaluation__3437__denoise__attack__nes__l0.5,1021,40,4,663,3,798
evaluation__3437__denoise__restore__nes__l0.5,1021,39,8,598,8,735
evaluation__3437__denoise__confidence_boost__nes__l0.5,1021,37,2,431,2,558
evaluation__3437__deblur__attack__nes__l1,1021,38,5,323,5,419
evaluation__3437__deblur__restore__nes__l1,1021,38,16,262,14,351
evaluation__3437__deblur__confidence_boost__nes__l1,1021,39,18,326,17,458
evaluation__5668__denoise__attack__nes__l0.5,1021,39,6,352,6,464
evaluation__5668__denoise__restore__nes__l0.5,1021,39,4,459,4,592
evaluation__5668__denoise__confidence_boost__nes__l0.5,1021,37,3,329,3,452
evaluation__5668__deblur__attack__nes__l1,1021,38,14,464,2,584
evaluation__5668__deblur__restore__nes__l1,1021,39,13,435,11,578
evaluation__5668__deblur__confidence_boost__nes__l1,1021,39,16,610,2,726
evaluation__582__denoise__attack__nes__l0.5,1021,40,4,445,4,577
evaluation__582__denoise__restore__nes__l0.5,1021,39,7,387,7,518
evaluation__582__denoise__confidence_boost__nes__l0.5,1021,38,11,291,11,400
evaluation__582__deblur__attack__nes__l1,1021,37,5,295,4,405
evaluation__582__deblur__restore__nes__l1,1021,38,3,439,3,572
evaluation__582__deblur__confidence_boost__nes__l1,1021,38,10,404,10,531
evaluation__3270__denoise__attack__nes__l0.5,1021,37,9,334,3,448
evaluation__3270__denoise__restore__nes__l0.5,1021,38,2,493,2,648
evaluation__3270__denoise__confidence_boost__nes__l0.5,1021,39,7,383,3,527
evaluation__3270__deblur__attack__nes__l1,1021,39,2,398,2,533
evaluation__3270__deblur__restore__nes__l1,1021,37,5,453,5,613
evaluation__3270__deblur__confidence_boost__nes__l1,1021,37,6,351,6,489
evaluation__6718__denoise__attack__nes__l0.5,1021,38,6,267,6,366
evaluation__6718__denoise__restore__nes__l0.5,1021,37,4,387,4,527
evaluation__6718__denoise__confidence_boost__nes__l0.5,1021,39,8,493,8,630
evaluation__6718__deblur__attack__nes__l1,1021,38,2,392,2,529
evaluation__6718__deblur__restore__nes__l1,1021,36,3,160,3,235
evaluation__6718__deblur__confidence_boost__nes__l1,1021,40,3,326,3,466
evaluation__3170__denoise__attack__nes__l0.5,1021,39,4,341,4,489
evaluation__3170__denoise__restore__nes__l0.5,1021,38,13,499,13,613
evaluation__3170__denoise__confidence_boost__nes__l0.5,1021,39,16,645,6,766
evaluation__3170__deblur__attack__nes__l1,1021,38,3,230,3,339
evaluation__3170__deblur__restore__nes__l1,1021,38,9,444,9,584
evaluation__3170__deblur__confidence_boost__nes__l1,1021,40,9,525,9,631
evaluation__7642__denoise__attack__nes__l0.5,1021,37,11,408,8,536
evaluation__7642__denoise__restore__nes__l0.5,1021,39,7,513,7,635
evaluation__7642__denoise__confidence_boost__nes__l0.5,1021,37,4,248,4,370
evaluation__7642__deblur__attack__nes__l1,1021,39,2,469,2,594
evaluation__7642__deblur__restore__nes__l1,1021,39,2,401,2,553
evaluation__7642__deblur__confidence_boost__nes__l1,1021,38,4,420,4,562
fit__90__denoise__attack__nes__l0.5,1021,37,5,488,5,628
fit__90__denoise__restore__nes__l0.5,1021,38,9,403,9,555
fit__90__denoise__confidence_boost__nes__l0.5,1021,36,7,264,7,370
fit__90__deblur__attack__nes__l1,1021,37,8,449,8,603
fit__90__deblur__restore__nes__l1,1021,38,3,211,2,322
fit__90__deblur__confidence_boost__nes__l1,1021,41,18,351,11,494
fit__8643__denoise__attack__nes__l0.5,1021,42,18,380,2,516
fit__8643__denoise__restore__nes__l0.5,1021,38,4,426,4,575
fit__8643__denoise__confidence_boost__nes__l0.5,1021,40,5,594,3,697
fit__8643__deblur__attack__nes__l1,1021,41,12,347,2,476
fit__8643__deblur__restore__nes__l1,1021,35,18,208,18,340
fit__8643__deblur__confidence_boost__nes__l1,1021,39,18,283,18,413
fit__7166__denoise__attack__nes__l0.5,1021,40,7,178,6,250
fit__7166__denoise__restore__nes__l0.5,1021,35,18,236,2,326
fit__7166__denoise__confidence_boost__nes__l0.5,1021,38,15,568,8,695
fit__7166__deblur__attack__nes__l1,1021,38,18,180,18,261
fit__7166__deblur__restore__nes__l1,1021,38,18,173,18,252
fit__7166__deblur__confidence_boost__nes__l1,1021,37,18,193,18,273
fit__3844__denoise__attack__nes__l0.5,1021,39,5,288,5,406
fit__3844__denoise__restore__nes__l0.5,1021,37,3,208,3,309
fit__3844__denoise__confidence_boost__nes__l0.5,1021,39,3,405,3,560
fit__3844__deblur__attack__nes__l1,1021,38,2,301,2,430
fit__3844__deblur__restore__nes__l1,1021,39,2,283,2,406
fit__3844__deblur__confidence_boost__nes__l1,1021,39,2,607,2,733
fit__2922__denoise__attack__nes__l0.5,1021,38,17,570,4,694
fit__2922__denoise__restore__nes__l0.5,1021,34,14,141,14,222
fit__2922__denoise__confidence_boost__nes__l0.5,1021,37,3,566,3,659
fit__2922__deblur__attack__nes__l1,1021,38,18,234,14,306
fit__2922__deblur__restore__nes__l1,1021,41,2,337,2,475
fit__2922__deblur__confidence_boost__nes__l1,1021,39,12,354,12,509
fit__1526__denoise__attack__nes__l0.5,1021,41,4,693,4,793
fit__1526__denoise__restore__nes__l0.5,1021,38,2,472,2,608
fit__1526__denoise__confidence_boost__nes__l0.5,1021,40,5,511,5,630
fit__1526__deblur__attack__nes__l1,1021,40,7,501,6,636
fit__1526__deblur__restore__nes__l1,1021,37,12,272,4,395
fit__1526__deblur__confidence_boost__nes__l1,1021,39,8,320,8,449
fit__6664__denoise__attack__nes__l0.5,1021,38,2,512,2,642
fit__6664__denoise__restore__nes__l0.5,1021,40,5,477,2,616
fit__6664__denoise__confidence_boost__nes__l0.5,1021,39,5,594,5,718
fit__6664__deblur__attack__nes__l1,1021,37,11,351,10,479
fit__6664__deblur__restore__nes__l1,1021,41,11,573,10,717
fit__6664__deblur__confidence_boost__nes__l1,1021,41,3,652,3,749
fit__6571__denoise__attack__nes__l0.5,1021,35,17,245,17,345
fit__6571__denoise__restore__nes__l0.5,1021,36,7,212,7,322
fit__6571__denoise__confidence_boost__nes__l0.5,1021,38,3,360,3,512
fit__6571__deblur__attack__nes__l1,1021,37,18,187,18,260
fit__6571__deblur__restore__nes__l1,1021,38,18,239,18,341
fit__6571__deblur__confidence_boost__nes__l1,1021,39,18,406,18,494
fit__4668__denoise__attack__nes__l0.5,1021,37,3,245,3,350
fit__4668__denoise__restore__nes__l0.5,1021,38,13,157,13,228
fit__4668__denoise__confidence_boost__nes__l0.5,1021,37,2,359,2,509
fit__4668__deblur__attack__nes__l1,1021,38,15,308,15,425
fit__4668__deblur__restore__nes__l1,1021,41,14,548,14,684
fit__4668__deblur__confidence_boost__nes__l1,1021,37,18,485,10,600
fit__2518__denoise__attack__nes__l0.5,1021,36,5,427,5,568
fit__2518__denoise__restore__nes__l0.5,1021,38,5,464,5,602
fit__2518__denoise__confidence_boost__nes__l0.5,1021,39,8,423,6,555
fit__2518__deblur__attack__nes__l1,1021,39,11,260,11,366
fit__2518__deblur__restore__nes__l1,1021,38,15,213,13,311
fit__2518__deblur__confidence_boost__nes__l1,1021,41,18,491,18,626
fit__1279__denoise__attack__nes__l0.5,1021,38,8,177,7,239
fit__1279__denoise__restore__nes__l0.5,1021,39,3,264,3,346
fit__1279__denoise__confidence_boost__nes__l0.5,1021,39,12,375,8,459
fit__1279__deblur__attack__nes__l1,1021,39,18,558,12,672
fit__1279__deblur__restore__nes__l1,1021,40,18,376,2,500
fit__1279__deblur__confidence_boost__nes__l1,1021,40,2,573,2,692
fit__8256__denoise__attack__nes__l0.5,1021,38,7,359,7,490
fit__8256__denoise__restore__nes__l0.5,1021,38,2,486,2,636
fit__8256__denoise__confidence_boost__nes__l0.5,1021,38,3,513,2,640
fit__8256__deblur__attack__nes__l1,1021,38,6,450,3,576
fit__8256__deblur__restore__nes__l1,1021,39,8,476,4,626
fit__8256__deblur__confidence_boost__nes__l1,1021,42,5,741,5,850
fit__5980__denoise__attack__nes__l0.5,1021,40,2,591,2,730
fit__5980__denoise__restore__nes__l0.5,1021,38,8,509,5,645
fit__5980__denoise__confidence_boost__nes__l0.5,1021,43,2,622,2,730
fit__5980__deblur__attack__nes__l1,1021,39,2,557,2,688
fit__5980__deblur__restore__nes__l1,1021,39,6,288,6,392
fit__5980__deblur__confidence_boost__nes__l1,1021,40,18,551,18,697
evaluation__791__denoise__attack__nes__l0.5,1021,39,9,328,9,448
evaluation__791__denoise__restore__nes__l0.5,1021,39,9,391,9,503
evaluation__791__denoise__confidence_boost__nes__l0.5,1021,39,8,334,8,436
evaluation__791__deblur__attack__nes__l1,1021,36,6,237,6,339
evaluation__791__deblur__restore__nes__l1,1021,37,4,309,4,427
evaluation__791__deblur__confidence_boost__nes__l1,1021,37,2,204,2,284
evaluation__6241__denoise__attack__nes__l0.5,1021,43,10,485,7,606
evaluation__6241__denoise__restore__nes__l0.5,1021,40,3,628,2,781
evaluation__6241__denoise__confidence_boost__nes__l0.5,1021,40,2,489,2,603
evaluation__6241__deblur__attack__nes__l1,1021,39,3,473,2,609
evaluation__6241__deblur__restore__nes__l1,1021,42,2,739,2,842
evaluation__6241__deblur__confidence_boost__nes__l1,1021,39,2,326,2,442
evaluation__9046__denoise__attack__nes__l0.5,1021,36,2,275,2,384
evaluation__9046__denoise__restore__nes__l0.5,1021,40,7,463,2,606
evaluation__9046__denoise__confidence_boost__nes__l0.5,1021,38,4,317,4,431
evaluation__9046__deblur__attack__nes__l1,1021,39,13,289,13,397
evaluation__9046__deblur__restore__nes__l1,1021,38,13,219,13,329
evaluation__9046__deblur__confidence_boost__nes__l1,1021,40,18,503,18,631
evaluation__1882__denoise__attack__nes__l0.5,1021,37,6,215,2,333
evaluation__1882__denoise__restore__nes__l0.5,1021,41,14,216,6,318
evaluation__1882__denoise__confidence_boost__nes__l0.5,1021,36,11,336,4,448
evaluation__1882__deblur__attack__nes__l1,1021,38,12,314,12,437
evaluation__1882__deblur__restore__nes__l1,1021,38,18,343,18,500
evaluation__1882__deblur__confidence_boost__nes__l1,1021,38,18,380,12,507
evaluation__7215__denoise__attack__nes__l0.5,1021,40,5,749,4,860
evaluation__7215__denoise__restore__nes__l0.5,1021,39,2,481,2,614
evaluation__7215__denoise__confidence_boost__nes__l0.5,1021,40,3,431,3,583
evaluation__7215__deblur__attack__nes__l1,1021,38,4,343,3,475
evaluation__7215__deblur__restore__nes__l1,1021,37,3,196,3,310
evaluation__7215__deblur__confidence_boost__nes__l1,1021,37,16,125,7,183
evaluation__1196__denoise__attack__nes__l0.5,1021,39,18,423,6,523
evaluation__1196__denoise__restore__nes__l0.5,1021,36,18,194,18,294
evaluation__1196__denoise__confidence_boost__nes__l0.5,1021,38,18,499,18,614
evaluation__1196__deblur__attack__nes__l1,1021,39,7,706,7,809
evaluation__1196__deblur__restore__nes__l1,1021,38,8,276,6,401
evaluation__1196__deblur__confidence_boost__nes__l1,1021,39,4,415,4,548
evaluation__4035__denoise__attack__nes__l0.5,1021,39,2,512,2,641
evaluation__4035__denoise__restore__nes__l0.5,1021,39,3,676,3,810
evaluation__4035__denoise__confidence_boost__nes__l0.5,1021,38,4,638,4,760
evaluation__4035__deblur__attack__nes__l1,1021,39,11,411,11,544
evaluation__4035__deblur__restore__nes__l1,1021,36,3,191,3,335
evaluation__4035__deblur__confidence_boost__nes__l1,1021,39,13,408,9,542
evaluation__8363__denoise__attack__nes__l0.5,1021,38,13,321,9,429
evaluation__8363__denoise__restore__nes__l0.5,1021,39,2,356,2,468
evaluation__8363__denoise__confidence_boost__nes__l0.5,1021,38,2,322,2,430
evaluation__8363__deblur__attack__nes__l1,1021,38,2,456,2,592
evaluation__8363__deblur__restore__nes__l1,1021,38,6,397,6,525
evaluation__8363__deblur__confidence_boost__nes__l1,1021,38,5,367,5,486
evaluation__3479__denoise__attack__nes__l0.5,1021,40,5,184,5,254
evaluation__3479__denoise__restore__nes__l0.5,1021,37,2,211,2,313
evaluation__3479__denoise__confidence_boost__nes__l0.5,1021,38,4,329,2,446
evaluation__3479__deblur__attack__nes__l1,1021,39,7,289,7,379
evaluation__3479__deblur__restore__nes__l1,1021,37,4,400,4,538
evaluation__3479__deblur__confidence_boost__nes__l1,1021,38,3,329,3,444
evaluation__6340__denoise__attack__nes__l0.5,1021,39,2,521,2,654
evaluation__6340__denoise__restore__nes__l0.5,1021,36,3,223,3,326
evaluation__6340__denoise__confidence_boost__nes__l0.5,1021,38,2,347,2,465
evaluation__6340__deblur__attack__nes__l1,1021,40,3,772,3,874
evaluation__6340__deblur__restore__nes__l1,1021,42,5,799,3,886
evaluation__6340__deblur__confidence_boost__nes__l1,1021,41,2,538,2,676
evaluation__1303__denoise__attack__nes__l0.5,1021,39,10,492,3,618
evaluation__1303__denoise__restore__nes__l0.5,1021,41,9,631,9,727
evaluation__1303__denoise__confidence_boost__nes__l0.5,1021,39,7,302,7,413
evaluation__1303__deblur__attack__nes__l1,1021,44,8,455,8,597
evaluation__1303__deblur__restore__nes__l1,1021,41,9,645,2,800
evaluation__1303__deblur__confidence_boost__nes__l1,1021,42,10,429,6,538
evaluation__4047__denoise__attack__nes__l0.5,1021,39,2,372,2,509
evaluation__4047__denoise__restore__nes__l0.5,1021,36,10,217,10,343
evaluation__4047__denoise__confidence_boost__nes__l0.5,1021,37,2,268,2,397
evaluation__4047__deblur__attack__nes__l1,1021,39,14,560,14,666
evaluation__4047__deblur__restore__nes__l1,1021,39,3,293,3,435
evaluation__4047__deblur__confidence_boost__nes__l1,1021,37,18,223,6,366
evaluation__8540__denoise__attack__nes__l0.5,1021,38,7,419,7,534
evaluation__8540__denoise__restore__nes__l0.5,1021,36,11,378,11,526
evaluation__8540__denoise__confidence_boost__nes__l0.5,1021,37,17,478,17,598
evaluation__8540__deblur__attack__nes__l1,1021,39,18,300,2,421
evaluation__8540__deblur__restore__nes__l1,1021,39,5,406,5,571
evaluation__8540__deblur__confidence_boost__nes__l1,1021,38,18,483,15,628
evaluation__2582__denoise__attack__nes__l0.5,1021,37,6,393,2,519
evaluation__2582__denoise__restore__nes__l0.5,1021,41,3,362,3,502
evaluation__2582__denoise__confidence_boost__nes__l0.5,1021,37,2,401,2,530
evaluation__2582__deblur__attack__nes__l1,1021,38,10,383,10,506
evaluation__2582__deblur__restore__nes__l1,1021,39,8,437,2,602
evaluation__2582__deblur__confidence_boost__nes__l1,1021,41,9,478,9,635
evaluation__6835__denoise__attack__nes__l0.5,1021,39,2,482,2,621
evaluation__6835__denoise__restore__nes__l0.5,1021,37,18,287,18,370
evaluation__6835__denoise__confidence_boost__nes__l0.5,1021,36,3,233,3,344
evaluation__6835__deblur__attack__nes__l1,1021,38,30,308,30,413
evaluation__6835__deblur__restore__nes__l1,1021,39,18,172,18,274
evaluation__6835__deblur__confidence_boost__nes__l1,1021,38,18,314,18,438
evaluation__1147__denoise__attack__nes__l0.5,1021,40,17,343,17,471
evaluation__1147__denoise__restore__nes__l0.5,1021,37,18,198,7,289
evaluation__1147__denoise__confidence_boost__nes__l0.5,1021,37,5,339,5,438
evaluation__1147__deblur__attack__nes__l1,1021,39,6,532,6,665
evaluation__1147__deblur__restore__nes__l1,1021,39,2,551,2,672
evaluation__1147__deblur__confidence_boost__nes__l1,1021,37,7,382,7,487
evaluation__4746__denoise__attack__nes__l0.5,1021,36,15,227,15,314
evaluation__4746__denoise__restore__nes__l0.5,1021,39,5,287,5,432
evaluation__4746__denoise__confidence_boost__nes__l0.5,1021,38,8,286,8,430
evaluation__4746__deblur__attack__nes__l1,1021,39,4,373,4,476
evaluation__4746__deblur__restore__nes__l1,1021,41,10,465,10,608
evaluation__4746__deblur__confidence_boost__nes__l1,1021,41,5,634,2,715
evaluation__8184__denoise__attack__nes__l0.5,1021,41,18,580,18,679
evaluation__8184__denoise__restore__nes__l0.5,1021,38,18,197,18,286
evaluation__8184__denoise__confidence_boost__nes__l0.5,1021,37,35,310,18,434
evaluation__8184__deblur__attack__nes__l1,1021,38,12,416,7,532
evaluation__8184__deblur__restore__nes__l1,1021,38,8,346,5,498
evaluation__8184__deblur__confidence_boost__nes__l1,1021,39,8,400,8,523
evaluation__3482__denoise__attack__nes__l0.5,1021,40,18,403,16,522
evaluation__3482__denoise__restore__nes__l0.5,1021,40,3,505,3,626
evaluation__3482__denoise__confidence_boost__nes__l0.5,1021,37,15,330,15,438
evaluation__3482__deblur__attack__nes__l1,1021,40,18,411,18,543
evaluation__3482__deblur__restore__nes__l1,1021,37,18,156,15,226
evaluation__3482__deblur__confidence_boost__nes__l1,1021,38,18,299,18,401
evaluation__5675__denoise__attack__nes__l0.5,1021,39,2,246,2,336
evaluation__5675__denoise__restore__nes__l0.5,1021,35,11,100,10,153
evaluation__5675__denoise__confidence_boost__nes__l0.5,1021,39,8,465,4,586
evaluation__5675__deblur__attack__nes__l1,1021,36,18,209,18,317
evaluation__5675__deblur__restore__nes__l1,1021,36,35,107,9,158
evaluation__5675__deblur__confidence_boost__nes__l1,1021,37,2,572,2,675
evaluation__939__denoise__attack__nes__l0.5,1021,35,2,176,2,245
evaluation__939__denoise__restore__nes__l0.5,1021,38,7,353,2,484
evaluation__939__denoise__confidence_boost__nes__l0.5,1021,37,6,384,6,473
evaluation__939__deblur__attack__nes__l1,1021,39,5,495,5,639
evaluation__939__deblur__restore__nes__l1,1021,40,6,369,6,494
evaluation__939__deblur__confidence_boost__nes__l1,1021,36,11,243,4,356
evaluation__3817__denoise__attack__nes__l0.5,1021,38,18,337,18,450
evaluation__3817__denoise__restore__nes__l0.5,1021,37,3,194,3,265
evaluation__3817__denoise__confidence_boost__nes__l0.5,1021,41,18,507,3,624
evaluation__3817__deblur__attack__nes__l1,1021,40,3,385,3,512
evaluation__3817__deblur__restore__nes__l1,1021,40,5,374,2,531
evaluation__3817__deblur__confidence_boost__nes__l1,1021,37,9,394,9,518
evaluation__7261__denoise__attack__nes__l0.5,1021,39,4,329,4,464
evaluation__7261__denoise__restore__nes__l0.5,1021,40,3,384,3,522
evaluation__7261__denoise__confidence_boost__nes__l0.5,1021,38,4,480,2,615
evaluation__7261__deblur__attack__nes__l1,1021,37,12,430,8,566
evaluation__7261__deblur__restore__nes__l1,1021,36,2,475,2,628
evaluation__7261__deblur__confidence_boost__nes__l1,1021,41,7,322,3,452
evaluation__3368__denoise__attack__nes__l0.5,1021,39,2,397,2,546
evaluation__3368__denoise__restore__nes__l0.5,1021,37,2,509,2,657
evaluation__3368__denoise__confidence_boost__nes__l0.5,1021,40,10,599,4,742
evaluation__3368__deblur__attack__nes__l1,1021,38,4,328,4,442
evaluation__3368__deblur__restore__nes__l1,1021,39,16,393,16,538
evaluation__3368__deblur__confidence_boost__nes__l1,1021,38,4,370,4,498
evaluation__8312__denoise__attack__nes__l0.5,1021,38,5,575,2,736
evaluation__8312__denoise__restore__nes__l0.5,1021,39,5,372,5,500
evaluation__8312__denoise__confidence_boost__nes__l0.5,1021,38,5,614,5,736
evaluation__8312__deblur__attack__nes__l1,1021,38,7,442,7,582
evaluation__8312__deblur__restore__nes__l1,1021,38,18,281,12,397
evaluation__8312__deblur__confidence_boost__nes__l1,1021,38,3,354,2,454
fit__1851__denoise__attack__nes__l0.5,1021,42,3,643,3,761
fit__1851__denoise__restore__nes__l0.5,1021,38,6,522,6,665
fit__1851__denoise__confidence_boost__nes__l0.5,1021,38,2,568,2,693
fit__1851__deblur__attack__nes__l1,1021,37,2,306,2,434
fit__1851__deblur__restore__nes__l1,1021,40,2,405,2,548
fit__1851__deblur__confidence_boost__nes__l1,1021,41,3,604,3,719
fit__9749__denoise__attack__nes__l0.5,1021,37,18,396,18,529
fit__9749__denoise__restore__nes__l0.5,1021,39,4,320,4,458
fit__9749__denoise__confidence_boost__nes__l0.5,1021,38,18,259,11,376
fit__9749__deblur__attack__nes__l1,1021,38,2,352,2,457
fit__9749__deblur__restore__nes__l1,1021,39,2,380,2,526
fit__9749__deblur__confidence_boost__nes__l1,1021,41,5,629,5,771
fit__7329__denoise__attack__nes__l0.5,1021,37,2,471,2,601
fit__7329__denoise__restore__nes__l0.5,1021,39,3,736,3,854
fit__7329__denoise__confidence_boost__nes__l0.5,1021,39,3,682,3,803
fit__7329__deblur__attack__nes__l1,1021,37,4,282,4,396
fit__7329__deblur__restore__nes__l1,1021,41,2,479,2,618
fit__7329__deblur__confidence_boost__nes__l1,1021,39,3,674,3,789
fit__5133__denoise__attack__nes__l0.5,1021,39,24,383,18,481
fit__5133__denoise__restore__nes__l0.5,1021,38,18,225,3,352
fit__5133__denoise__confidence_boost__nes__l0.5,1021,38,6,336,6,458
fit__5133__deblur__attack__nes__l1,1021,39,18,402,11,530
fit__5133__deblur__restore__nes__l1,1021,40,18,342,5,495
fit__5133__deblur__confidence_boost__nes__l1,1021,40,7,561,3,673
fit__2963__denoise__attack__nes__l0.5,1021,40,6,411,6,542
fit__2963__denoise__restore__nes__l0.5,1021,40,10,644,3,774
fit__2963__denoise__confidence_boost__nes__l0.5,1021,38,2,443,2,566
fit__2963__deblur__attack__nes__l1,1021,38,2,418,2,525
fit__2963__deblur__restore__nes__l1,1021,38,3,492,3,627
fit__2963__deblur__confidence_boost__nes__l1,1021,40,2,552,2,701
fit__1544__denoise__attack__nes__l0.5,1021,38,13,364,13,473
fit__1544__denoise__restore__nes__l0.5,1021,39,4,179,4,269
fit__1544__denoise__confidence_boost__nes__l0.5,1021,38,18,287,18,368
fit__1544__deblur__attack__nes__l1,1021,38,2,343,2,492
fit__1544__deblur__restore__nes__l1,1021,39,8,542,8,670
fit__1544__deblur__confidence_boost__nes__l1,1021,36,9,269,7,403
fit__7325__denoise__attack__nes__l0.5,1021,38,9,498,3,627
fit__7325__denoise__restore__nes__l0.5,1021,41,2,661,2,797
fit__7325__denoise__confidence_boost__nes__l0.5,1021,41,5,625,2,742
fit__7325__deblur__attack__nes__l1,1021,37,12,233,7,338
fit__7325__deblur__restore__nes__l1,1021,42,8,488,3,636
fit__7325__deblur__confidence_boost__nes__l1,1021,38,8,222,8,320
fit__6690__denoise__attack__nes__l0.5,1021,38,2,491,2,622
fit__6690__denoise__restore__nes__l0.5,1021,41,7,403,7,562
fit__6690__denoise__confidence_boost__nes__l0.5,1021,39,4,555,3,683
fit__6690__deblur__attack__nes__l1,1021,36,5,272,5,374
fit__6690__deblur__restore__nes__l1,1021,40,5,539,5,699
fit__6690__deblur__confidence_boost__nes__l1,1021,40,12,536,12,659
fit__4702__denoise__attack__nes__l0.5,1021,40,3,394,3,511
fit__4702__denoise__restore__nes__l0.5,1021,40,3,553,3,692
fit__4702__denoise__confidence_boost__nes__l0.5,1021,39,2,428,2,583
fit__4702__deblur__attack__nes__l1,1021,38,18,244,18,352
fit__4702__deblur__restore__nes__l1,1021,40,16,274,14,381
fit__4702__deblur__confidence_boost__nes__l1,1021,37,15,229,15,334
fit__3116__denoise__attack__nes__l0.5,1021,39,3,524,3,680
fit__3116__denoise__restore__nes__l0.5,1021,39,7,710,6,813
fit__3116__denoise__confidence_boost__nes__l0.5,1021,41,2,541,2,678
fit__3116__deblur__attack__nes__l1,1021,37,3,265,3,367
fit__3116__deblur__restore__nes__l1,1021,38,3,367,2,495
fit__3116__deblur__confidence_boost__nes__l1,1021,38,2,264,2,383
fit__1358__denoise__attack__nes__l0.5,1021,40,2,443,2,572
fit__1358__denoise__restore__nes__l0.5,1021,36,5,250,5,381
fit__1358__denoise__confidence_boost__nes__l0.5,1021,38,7,497,7,633
fit__1358__deblur__attack__nes__l1,1021,37,5,423,3,560
fit__1358__deblur__restore__nes__l1,1021,39,3,794,3,902
fit__1358__deblur__confidence_boost__nes__l1,1021,41,4,662,3,790
fit__9101__denoise__attack__nes__l0.5,1021,38,23,376,5,524
fit__9101__denoise__restore__nes__l0.5,1021,38,18,285,18,409
fit__9101__denoise__confidence_boost__nes__l0.5,1021,41,5,433,5,555
fit__9101__deblur__attack__nes__l1,1021,39,12,592,9,712
fit__9101__deblur__restore__nes__l1,1021,37,3,348,3,513
fit__9101__deblur__confidence_boost__nes__l1,1021,38,4,514,3,665
fit__7297__denoise__attack__nes__l0.5,1021,40,2,505,2,657
fit__7297__denoise__restore__nes__l0.5,1021,40,2,525,2,650
fit__7297__denoise__confidence_boost__nes__l0.5,1021,38,10,343,5,477
fit__7297__deblur__attack__nes__l1,1021,40,14,780,7,871
fit__7297__deblur__restore__nes__l1,1021,36,4,274,4,392
fit__7297__deblur__confidence_boost__nes__l1,1021,37,9,550,9,681
evaluation__1109__denoise__attack__nes__l0.5,1021,37,8,361,7,493
evaluation__1109__denoise__restore__nes__l0.5,1021,38,10,292,10,427
evaluation__1109__denoise__confidence_boost__nes__l0.5,1021,38,9,510,5,653
evaluation__1109__deblur__attack__nes__l1,1021,38,18,167,18,228
evaluation__1109__deblur__restore__nes__l1,1021,37,18,87,18,121
evaluation__1109__deblur__confidence_boost__nes__l1,1021,35,18,141,12,223
evaluation__6494__denoise__attack__nes__l0.5,1021,40,5,303,5,416
evaluation__6494__denoise__restore__nes__l0.5,1021,37,6,306,6,456
evaluation__6494__denoise__confidence_boost__nes__l0.5,1021,40,18,502,18,625
evaluation__6494__deblur__attack__nes__l1,1021,38,2,511,2,639
evaluation__6494__deblur__restore__nes__l1,1021,37,9,361,9,502
evaluation__6494__deblur__confidence_boost__nes__l1,1021,37,15,282,6,381
evaluation__9973__denoise__attack__nes__l0.5,1021,39,5,466,5,575
evaluation__9973__denoise__restore__nes__l0.5,1021,37,35,288,30,425
evaluation__9973__denoise__confidence_boost__nes__l0.5,1021,38,7,295,7,403
evaluation__9973__deblur__attack__nes__l1,1021,38,3,395,3,520
evaluation__9973__deblur__restore__nes__l1,1021,37,2,537,2,671
evaluation__9973__deblur__confidence_boost__nes__l1,1021,38,17,339,7,480
evaluation__1991__denoise__attack__nes__l0.5,1021,39,10,235,4,323
evaluation__1991__denoise__restore__nes__l0.5,1021,37,17,267,8,378
evaluation__1991__denoise__confidence_boost__nes__l0.5,1021,38,18,316,8,432
evaluation__1991__deblur__attack__nes__l1,1021,37,4,370,4,502
evaluation__1991__deblur__restore__nes__l1,1021,40,5,551,5,684
evaluation__1991__deblur__confidence_boost__nes__l1,1021,37,6,425,6,584
evaluation__7450__denoise__attack__nes__l0.5,1021,36,4,348,4,483
evaluation__7450__denoise__restore__nes__l0.5,1021,36,4,383,4,529
evaluation__7450__denoise__confidence_boost__nes__l0.5,1021,39,11,459,2,596
evaluation__7450__deblur__attack__nes__l1,1021,38,5,527,5,661
evaluation__7450__deblur__restore__nes__l1,1021,37,4,454,4,599
evaluation__7450__deblur__confidence_boost__nes__l1,1021,39,7,664,3,796
evaluation__1202__denoise__attack__nes__l0.5,1021,36,9,308,3,418
evaluation__1202__denoise__restore__nes__l0.5,1021,37,5,283,2,410
evaluation__1202__denoise__confidence_boost__nes__l0.5,1021,39,7,456,7,589
evaluation__1202__deblur__attack__nes__l1,1021,38,18,466,9,599
evaluation__1202__deblur__restore__nes__l1,1021,36,14,373,5,520
evaluation__1202__deblur__confidence_boost__nes__l1,1021,40,17,509,17,629
evaluation__4622__denoise__attack__nes__l0.5,1021,38,18,267,18,362
evaluation__4622__denoise__restore__nes__l0.5,1021,39,14,343,11,440
evaluation__4622__denoise__confidence_boost__nes__l0.5,1021,40,7,367,7,465
evaluation__4622__deblur__attack__nes__l1,1021,38,17,479,9,633
evaluation__4622__deblur__restore__nes__l1,1021,40,14,417,2,599
evaluation__4622__deblur__confidence_boost__nes__l1,1021,39,4,275,4,393
evaluation__9267__denoise__attack__nes__l0.5,1021,39,2,489,2,615
evaluation__9267__denoise__restore__nes__l0.5,1021,37,2,293,2,415
evaluation__9267__denoise__confidence_boost__nes__l0.5,1021,39,9,520,7,654
evaluation__9267__deblur__attack__nes__l1,1021,38,3,513,3,632
evaluation__9267__deblur__restore__nes__l1,1021,39,7,386,3,519
evaluation__9267__deblur__confidence_boost__nes__l1,1021,39,2,526,2,649
evaluation__4155__denoise__attack__nes__l0.5,1021,38,2,732,2,858
evaluation__4155__denoise__restore__nes__l0.5,1021,41,2,797,2,885
evaluation__4155__denoise__confidence_boost__nes__l0.5,1021,41,2,751,2,857
evaluation__4155__deblur__attack__nes__l1,1021,39,18,448,9,593
evaluation__4155__deblur__restore__nes__l1,1021,35,6,254,6,353
evaluation__4155__deblur__confidence_boost__nes__l1,1021,39,12,672,12,763
evaluation__6786__denoise__attack__nes__l0.5,1021,39,6,650,6,789
evaluation__6786__denoise__restore__nes__l0.5,1021,38,18,428,10,582
evaluation__6786__denoise__confidence_boost__nes__l0.5,1021,36,5,436,5,576
evaluation__6786__deblur__attack__nes__l1,1021,38,2,577,2,685
evaluation__6786__deblur__restore__nes__l1,1021,37,8,434,8,590
evaluation__6786__deblur__confidence_boost__nes__l1,1021,43,2,680,2,791
evaluation__1533__denoise__attack__nes__l0.5,1021,34,5,157,2,228
evaluation__1533__denoise__restore__nes__l0.5,1021,36,6,156,6,233
evaluation__1533__denoise__confidence_boost__nes__l0.5,1021,38,18,253,18,344
evaluation__1533__deblur__attack__nes__l1,1021,42,17,447,5,532
evaluation__1533__deblur__restore__nes__l1,1021,38,5,174,5,269
evaluation__1533__deblur__confidence_boost__nes__l1,1021,39,11,582,11,679
evaluation__4173__denoise__attack__nes__l0.5,1021,38,6,487,6,601
evaluation__4173__denoise__restore__nes__l0.5,1021,38,18,271,4,380
evaluation__4173__denoise__confidence_boost__nes__l0.5,1021,37,18,449,8,569
evaluation__4173__deblur__attack__nes__l1,1021,38,11,405,11,536
evaluation__4173__deblur__restore__nes__l1,1021,41,2,696,2,813
evaluation__4173__deblur__confidence_boost__nes__l1,1021,39,8,489,5,612
evaluation__9393__denoise__attack__nes__l0.5,1021,39,3,526,3,637
evaluation__9393__denoise__restore__nes__l0.5,1021,38,7,521,4,672
evaluation__9393__denoise__confidence_boost__nes__l0.5,1021,37,3,322,3,434
evaluation__9393__deblur__attack__nes__l1,1021,39,14,582,14,697
evaluation__9393__deblur__restore__nes__l1,1021,39,11,450,4,621
evaluation__9393__deblur__confidence_boost__nes__l1,1021,39,5,685,5,791
evaluation__3613__denoise__attack__nes__l0.5,1021,37,17,350,17,449
evaluation__3613__denoise__restore__nes__l0.5,1021,40,18,323,3,459
evaluation__3613__denoise__confidence_boost__nes__l0.5,1021,37,18,218,14,311
evaluation__3613__deblur__attack__nes__l1,1021,35,18,136,18,227
evaluation__3613__deblur__restore__nes__l1,1021,40,10,319,10,422
evaluation__3613__deblur__confidence_boost__nes__l1,1021,40,18,518,18,637
evaluation__7720__denoise__attack__nes__l0.5,1021,39,2,410,2,511
evaluation__7720__denoise__restore__nes__l0.5,1021,38,5,203,5,304
evaluation__7720__denoise__confidence_boost__nes__l0.5,1021,36,8,225,2,340
evaluation__7720__deblur__attack__nes__l1,1021,38,2,509,2,649
evaluation__7720__deblur__restore__nes__l1,1021,40,5,556,4,706
evaluation__7720__deblur__confidence_boost__nes__l1,1021,41,4,619,4,709
evaluation__1641__denoise__attack__nes__l0.5,1021,38,9,496,8,637
evaluation__1641__denoise__restore__nes__l0.5,1021,38,5,405,5,534
evaluation__1641__denoise__confidence_boost__nes__l0.5,1021,38,2,408,2,529
evaluation__1641__deblur__attack__nes__l1,1021,36,7,327,7,436
evaluation__1641__deblur__restore__nes__l1,1021,38,18,408,13,557
evaluation__1641__deblur__confidence_boost__nes__l1,1021,41,18,598,9,716
evaluation__4788__denoise__attack__nes__l0.5,1021,40,2,585,2,714
evaluation__4788__denoise__restore__nes__l0.5,1021,40,2,793,2,864
evaluation__4788__denoise__confidence_boost__nes__l0.5,1021,40,2,777,2,863
evaluation__4788__deblur__attack__nes__l1,1021,40,2,391,2,529
evaluation__4788__deblur__restore__nes__l1,1021,42,2,633,2,773
evaluation__4788__deblur__confidence_boost__nes__l1,1021,40,5,833,3,905
evaluation__8534__denoise__attack__nes__l0.5,1021,38,2,514,2,648
evaluation__8534__denoise__restore__nes__l0.5,1021,39,4,553,4,712
evaluation__8534__denoise__confidence_boost__nes__l0.5,1021,39,9,673,7,773
evaluation__8534__deblur__attack__nes__l1,1021,40,4,678,2,794
evaluation__8534__deblur__restore__nes__l1,1021,41,4,566,4,700
evaluation__8534__deblur__confidence_boost__nes__l1,1021,39,6,796,2,880
evaluation__3788__denoise__attack__nes__l0.5,1021,37,3,312,3,433
evaluation__3788__denoise__restore__nes__l0.5,1021,37,2,242,2,340
evaluation__3788__denoise__confidence_boost__nes__l0.5,1021,41,6,378,2,480
evaluation__3788__deblur__attack__nes__l1,1021,39,2,495,2,625
evaluation__3788__deblur__restore__nes__l1,1021,39,2,432,2,591
evaluation__3788__deblur__confidence_boost__nes__l1,1021,43,8,597,8,702
evaluation__5998__denoise__attack__nes__l0.5,1021,39,8,333,4,454
evaluation__5998__denoise__restore__nes__l0.5,1021,39,3,421,3,550
evaluation__5998__denoise__confidence_boost__nes__l0.5,1021,36,3,258,3,358
evaluation__5998__deblur__attack__nes__l1,1021,37,2,462,2,584
evaluation__5998__deblur__restore__nes__l1,1021,40,4,630,4,760
evaluation__5998__deblur__confidence_boost__nes__l1,1021,36,2,156,2,222
evaluation__1011__denoise__attack__nes__l0.5,1021,38,2,306,2,424
evaluation__1011__denoise__restore__nes__l0.5,1021,40,8,284,8,382
evaluation__1011__denoise__confidence_boost__nes__l0.5,1021,40,18,240,18,347
evaluation__1011__deblur__attack__nes__l1,1021,37,35,224,19,300
evaluation__1011__deblur__restore__nes__l1,1021,33,35,92,11,173
evaluation__1011__deblur__confidence_boost__nes__l1,1021,36,41,156,18,234
evaluation__4083__denoise__attack__nes__l0.5,1021,38,17,231,5,351
evaluation__4083__denoise__restore__nes__l0.5,1021,38,6,258,6,367
evaluation__4083__denoise__confidence_boost__nes__l0.5,1021,37,15,396,15,528
evaluation__4083__deblur__attack__nes__l1,1021,41,6,557,2,697
evaluation__4083__deblur__restore__nes__l1,1021,40,10,212,10,306
evaluation__4083__deblur__confidence_boost__nes__l1,1021,38,15,734,6,828
evaluation__7580__denoise__attack__nes__l0.5,1021,39,7,633,7,759
evaluation__7580__denoise__restore__nes__l0.5,1021,38,3,462,3,602
evaluation__7580__denoise__confidence_boost__nes__l0.5,1021,40,2,585,2,706
evaluation__7580__deblur__attack__nes__l1,1021,40,11,244,3,337
evaluation__7580__deblur__restore__nes__l1,1021,39,2,546,2,706
evaluation__7580__deblur__confidence_boost__nes__l1,1021,41,6,668,2,763
evaluation__5315__denoise__attack__nes__l0.5,1021,39,6,414,5,541
evaluation__5315__denoise__restore__nes__l0.5,1021,39,7,506,7,649
evaluation__5315__denoise__confidence_boost__nes__l0.5,1021,40,6,488,2,607
evaluation__5315__deblur__attack__nes__l1,1021,37,3,340,3,458
evaluation__5315__deblur__restore__nes__l1,1021,37,3,368,3,501
evaluation__5315__deblur__confidence_boost__nes__l1,1021,36,5,334,5,450
evaluation__8355__denoise__attack__nes__l0.5,1021,39,5,566,2,708
evaluation__8355__denoise__restore__nes__l0.5,1021,40,5,557,5,700
evaluation__8355__denoise__confidence_boost__nes__l0.5,1021,39,3,618,3,747
evaluation__8355__deblur__attack__nes__l1,1021,37,5,295,5,426
evaluation__8355__deblur__restore__nes__l1,1021,38,2,234,2,335
evaluation__8355__deblur__confidence_boost__nes__l1,1021,37,7,320,7,446
fit__2130__denoise__attack__nes__l0.5,1021,40,10,434,10,577
fit__2130__denoise__restore__nes__l0.5,1021,36,18,356,18,449
fit__2130__denoise__confidence_boost__nes__l0.5,1021,40,13,641,13,749
fit__2130__deblur__attack__nes__l1,1021,39,18,418,18,521
fit__2130__deblur__restore__nes__l1,1021,36,18,199,18,294
fit__2130__deblur__confidence_boost__nes__l1,1021,39,18,329,18,459
fit__1187__denoise__attack__nes__l0.5,1021,37,6,489,6,626
fit__1187__denoise__restore__nes__l0.5,1021,38,18,305,2,450
fit__1187__denoise__confidence_boost__nes__l0.5,1021,37,15,568,15,685
fit__1187__deblur__attack__nes__l1,1021,40,2,519,2,626
fit__1187__deblur__restore__nes__l1,1021,37,2,389,2,516
fit__1187__deblur__confidence_boost__nes__l1,1021,39,4,566,2,703
fit__7864__denoise__attack__nes__l0.5,1021,37,4,280,4,394
fit__7864__denoise__restore__nes__l0.5,1021,40,7,287,7,388
fit__7864__denoise__confidence_boost__nes__l0.5,1021,37,18,375,18,486
fit__7864__deblur__attack__nes__l1,1021,37,4,425,4,570
fit__7864__deblur__restore__nes__l1,1021,36,5,269,5,351
fit__7864__deblur__confidence_boost__nes__l1,1021,38,3,386,2,513
fit__7351__denoise__attack__nes__l0.5,1021,39,18,241,7,334
fit__7351__denoise__restore__nes__l0.5,1021,40,4,523,4,678
fit__7351__denoise__confidence_boost__nes__l0.5,1021,38,10,249,10,351
fit__7351__deblur__attack__nes__l1,1021,38,33,369,33,504
fit__7351__deblur__restore__nes__l1,1021,37,35,183,16,259
fit__7351__deblur__confidence_boost__nes__l1,1021,38,18,301,3,435
fit__3628__denoise__attack__nes__l0.5,1021,38,18,304,18,423
fit__3628__denoise__restore__nes__l0.5,1021,37,16,255,15,385
fit__3628__denoise__confidence_boost__nes__l0.5,1021,39,11,403,11,524
fit__3628__deblur__attack__nes__l1,1021,38,5,269,5,367
fit__3628__deblur__restore__nes__l1,1021,39,9,474,9,637
fit__3628__deblur__confidence_boost__nes__l1,1021,39,5,320,5,431
fit__1658__denoise__attack__nes__l0.5,1021,39,2,464,2,582
fit__1658__denoise__restore__nes__l0.5,1021,39,8,343,8,475
fit__1658__denoise__confidence_boost__nes__l0.5,1021,39,9,472,9,564
fit__1658__deblur__attack__nes__l1,1021,40,24,508,10,636
fit__1658__deblur__restore__nes__l1,1021,35,18,123,18,207
fit__1658__deblur__confidence_boost__nes__l1,1021,39,18,460,18,582
fit__1940__denoise__attack__nes__l0.5,1021,37,5,258,4,359
fit__1940__denoise__restore__nes__l0.5,1021,39,2,341,2,462
fit__1940__denoise__confidence_boost__nes__l0.5,1021,39,7,631,6,737
fit__1940__deblur__attack__nes__l1,1021,42,18,581,8,703
fit__1940__deblur__restore__nes__l1,1021,41,11,538,2,686
fit__1940__deblur__confidence_boost__nes__l1,1021,39,14,762,6,884
fit__9146__denoise__attack__nes__l0.5,1021,39,2,511,2,644
fit__9146__denoise__restore__nes__l0.5,1021,39,4,716,3,838
fit__9146__denoise__confidence_boost__nes__l0.5,1021,39,2,577,2,707
fit__9146__deblur__attack__nes__l1,1021,39,35,543,27,633
fit__9146__deblur__restore__nes__l1,1021,35,14,138,14,227
fit__9146__deblur__confidence_boost__nes__l1,1021,43,18,542,2,667
fit__5089__denoise__attack__nes__l0.5,1021,37,35,338,18,455
fit__5089__denoise__restore__nes__l0.5,1021,38,13,184,13,274
fit__5089__denoise__confidence_boost__nes__l0.5,1021,38,35,219,30,326
fit__5089__deblur__attack__nes__l1,1021,37,7,385,7,475
fit__5089__deblur__restore__nes__l1,1021,41,5,566,5,736
fit__5089__deblur__confidence_boost__nes__l1,1021,37,2,420,2,546
fit__4339__denoise__attack__nes__l0.5,1021,37,2,551,2,680
fit__4339__denoise__restore__nes__l0.5,1021,41,2,608,2,736
fit__4339__denoise__confidence_boost__nes__l0.5,1021,38,4,417,3,556
fit__4339__deblur__attack__nes__l1,1021,38,5,344,5,487
fit__4339__deblur__restore__nes__l1,1021,40,9,588,4,735
fit__4339__deblur__confidence_boost__nes__l1,1021,39,8,466,8,601
fit__2021__denoise__attack__nes__l0.5,1021,37,4,479,2,624
fit__2021__denoise__restore__nes__l0.5,1021,36,15,252,15,351
fit__2021__denoise__confidence_boost__nes__l0.5,1021,40,7,370,5,468
fit__2021__deblur__attack__nes__l1,1021,36,12,346,6,482
fit__2021__deblur__restore__nes__l1,1021,41,7,408,7,562
fit__2021__deblur__confidence_boost__nes__l1,1021,40,4,517,4,657
fit__1913__denoise__attack__nes__l0.5,1021,38,2,445,2,575
fit__1913__denoise__restore__nes__l0.5,1021,38,3,582,3,734
fit__1913__denoise__confidence_boost__nes__l0.5,1021,41,3,542,2,678
fit__1913__deblur__attack__nes__l1,1021,38,3,664,3,773
fit__1913__deblur__restore__nes__l1,1021,39,6,651,3,768
fit__1913__deblur__confidence_boost__nes__l1,1021,37,6,414,4,526
fit__7920__denoise__attack__nes__l0.5,1021,37,2,359,2,501
fit__7920__denoise__restore__nes__l0.5,1021,36,6,273,2,403
fit__7920__denoise__confidence_boost__nes__l0.5,1021,39,4,370,2,486
fit__7920__deblur__attack__nes__l1,1021,35,2,347,2,480
fit__7920__deblur__restore__nes__l1,1021,41,4,491,4,625
fit__7920__deblur__confidence_boost__nes__l1,1021,36,2,403,2,539
evaluation__3499__denoise__attack__nes__l0.5,1021,39,2,666,2,777
evaluation__3499__denoise__restore__nes__l0.5,1021,43,5,592,4,711
evaluation__3499__denoise__confidence_boost__nes__l0.5,1021,40,2,414,2,562
evaluation__3499__deblur__attack__nes__l1,1021,36,4,177,4,255
evaluation__3499__deblur__restore__nes__l1,1021,36,9,241,9,380
evaluation__3499__deblur__confidence_boost__nes__l1,1021,37,18,180,18,271
evaluation__7115__denoise__attack__nes__l0.5,1021,44,3,430,3,539
evaluation__7115__denoise__restore__nes__l0.5,1021,37,7,459,5,597
evaluation__7115__denoise__confidence_boost__nes__l0.5,1021,38,2,498,2,644
evaluation__7115__deblur__attack__nes__l1,1021,39,7,483,7,615
evaluation__7115__deblur__restore__nes__l1,1021,38,5,279,5,402
evaluation__7115__deblur__confidence_boost__nes__l1,1021,37,3,374,2,500
evaluation__9991__denoise__attack__nes__l0.5,1021,39,6,325,6,458
evaluation__9991__denoise__restore__nes__l0.5,1021,36,2,265,2,393
evaluation__9991__denoise__confidence_boost__nes__l0.5,1021,37,4,295,2,431
evaluation__9991__deblur__attack__nes__l1,1021,38,10,365,10,484
evaluation__9991__deblur__restore__nes__l1,1021,38,18,346,18,462
evaluation__9991__deblur__confidence_boost__nes__l1,1021,36,8,166,6,238
evaluation__2601__denoise__attack__nes__l0.5,1021,40,8,445,6,556
evaluation__2601__denoise__restore__nes__l0.5,1021,37,9,294,9,417
evaluation__2601__denoise__confidence_boost__nes__l0.5,1021,38,9,620,9,714
evaluation__2601__deblur__attack__nes__l1,1021,40,3,493,2,622
evaluation__2601__deblur__restore__nes__l1,1021,41,3,476,3,615
evaluation__2601__deblur__confidence_boost__nes__l1,1021,38,4,571,4,684
evaluation__7535__denoise__attack__nes__l0.5,1021,38,7,436,7,592
evaluation__7535__denoise__restore__nes__l0.5,1021,41,3,579,3,715
evaluation__7535__denoise__confidence_boost__nes__l0.5,1021,39,18,439,2,549
evaluation__7535__deblur__attack__nes__l1,1021,39,18,561,10,660
evaluation__7535__deblur__restore__nes__l1,1021,37,4,231,4,334
evaluation__7535__deblur__confidence_boost__nes__l1,1021,36,7,244,3,335
evaluation__1709__denoise__attack__nes__l0.5,1021,38,18,257,17,369
evaluation__1709__denoise__restore__nes__l0.5,1021,40,10,380,3,523
evaluation__1709__denoise__confidence_boost__nes__l0.5,1021,37,18,175,18,279
evaluation__1709__deblur__attack__nes__l1,1021,39,5,285,5,411
evaluation__1709__deblur__restore__nes__l1,1021,40,3,376,3,530
evaluation__1709__deblur__confidence_boost__nes__l1,1021,39,6,405,6,552
evaluation__6515__denoise__attack__nes__l0.5,1021,39,12,541,8,671
evaluation__6515__denoise__restore__nes__l0.5,1021,38,15,277,6,407
evaluation__6515__denoise__confidence_boost__nes__l0.5,1021,39,13,307,13,451
evaluation__6515__deblur__attack__nes__l1,1021,40,13,322,7,442
evaluation__6515__deblur__restore__nes__l1,1021,43,16,337,5,479
evaluation__6515__deblur__confidence_boost__nes__l1,1021,38,10,626,10,738
evaluation__9805__denoise__attack__nes__l0.5,1021,37,9,221,9,305
evaluation__9805__denoise__restore__nes__l0.5,1021,35,11,203,11,295
evaluation__9805__denoise__confidence_boost__nes__l0.5,1021,37,8,326,8,423
evaluation__9805__deblur__attack__nes__l1,1021,40,7,555,7,703
evaluation__9805__deblur__restore__nes__l1,1021,40,8,769,8,878
evaluation__9805__deblur__confidence_boost__nes__l1,1021,39,4,567,3,716
evaluation__4785__denoise__attack__nes__l0.5,1021,37,35,323,18,434
evaluation__4785__denoise__restore__nes__l0.5,1021,38,18,271,18,368
evaluation__4785__denoise__confidence_boost__nes__l0.5,1021,41,18,610,18,684
evaluation__4785__deblur__attack__nes__l1,1021,37,5,299,4,418
evaluation__4785__deblur__restore__nes__l1,1021,40,2,390,2,537
evaluation__4785__deblur__confidence_boost__nes__l1,1021,41,3,463,3,606
evaluation__7378__denoise__attack__nes__l0.5,1021,39,3,491,3,623
evaluation__7378__denoise__restore__nes__l0.5,1021,35,18,240,18,358
evaluation__7378__denoise__confidence_boost__nes__l0.5,1021,39,3,474,3,603
evaluation__7378__deblur__attack__nes__l1,1021,37,10,210,7,290
evaluation__7378__deblur__restore__nes__l1,1021,39,6,321,4,440
evaluation__7378__deblur__confidence_boost__nes__l1,1021,37,2,296,2,393
evaluation__3256__denoise__attack__nes__l0.5,1021,37,18,314,18,419
evaluation__3256__denoise__restore__nes__l0.5,1021,38,10,188,3,292
evaluation__3256__denoise__confidence_boost__nes__l0.5,1021,38,11,365,11,489
evaluation__3256__deblur__attack__nes__l1,1021,40,18,297,18,403
evaluation__3256__deblur__restore__nes__l1,1021,37,18,156,18,239
evaluation__3256__deblur__confidence_boost__nes__l1,1021,37,14,251,14,364
evaluation__4362__denoise__attack__nes__l0.5,1021,38,6,449,6,588
evaluation__4362__denoise__restore__nes__l0.5,1021,41,6,500,6,639
evaluation__4362__denoise__confidence_boost__nes__l0.5,1021,43,4,548,3,650
evaluation__4362__deblur__attack__nes__l1,1021,39,15,509,4,653
evaluation__4362__deblur__restore__nes__l1,1021,39,15,543,15,695
evaluation__4362__deblur__confidence_boost__nes__l1,1021,38,2,601,2,726
evaluation__9715__denoise__attack__nes__l0.5,1021,39,18,499,18,635
evaluation__9715__denoise__restore__nes__l0.5,1021,37,2,253,2,374
evaluation__9715__denoise__confidence_boost__nes__l0.5,1021,40,2,602,2,729
evaluation__9715__deblur__attack__nes__l1,1021,37,3,287,3,381
evaluation__9715__deblur__restore__nes__l1,1021,41,3,442,3,602
evaluation__9715__deblur__confidence_boost__nes__l1,1021,39,3,596,3,743
evaluation__4246__denoise__attack__nes__l0.5,1021,36,18,242,18,329
evaluation__4246__denoise__restore__nes__l0.5,1021,36,2,127,2,186
evaluation__4246__denoise__confidence_boost__nes__l0.5,1021,37,18,184,15,253
evaluation__4246__deblur__attack__nes__l1,1021,41,35,255,18,358
evaluation__4246__deblur__restore__nes__l1,1021,37,35,142,18,212
evaluation__4246__deblur__confidence_boost__nes__l1,1021,39,18,479,13,610
evaluation__8789__denoise__attack__nes__l0.5,1021,38,9,437,6,576
evaluation__8789__denoise__restore__nes__l0.5,1021,37,3,372,3,500
evaluation__8789__denoise__confidence_boost__nes__l0.5,1021,38,2,302,2,408
evaluation__8789__deblur__attack__nes__l1,1021,37,4,495,4,621
evaluation__8789__deblur__restore__nes__l1,1021,40,9,376,5,512
evaluation__8789__deblur__confidence_boost__nes__l1,1021,37,3,314,3,421
evaluation__1978__denoise__attack__nes__l0.5,1021,39,2,530,2,684
evaluation__1978__denoise__restore__nes__l0.5,1021,39,4,483,4,626
evaluation__1978__denoise__confidence_boost__nes__l0.5,1021,38,7,478,3,616
evaluation__1978__deblur__attack__nes__l1,1021,39,13,214,12,302
evaluation__1978__deblur__restore__nes__l1,1021,37,16,323,16,471
evaluation__1978__deblur__confidence_boost__nes__l1,1021,40,11,622,11,742
evaluation__4989__denoise__attack__nes__l0.5,1021,39,4,547,4,689
evaluation__4989__denoise__restore__nes__l0.5,1021,38,14,378,3,513
evaluation__4989__denoise__confidence_boost__nes__l0.5,1021,38,2,634,2,759
evaluation__4989__deblur__attack__nes__l1,1021,38,3,380,3,514
evaluation__4989__deblur__restore__nes__l1,1021,41,2,497,2,647
evaluation__4989__deblur__confidence_boost__nes__l1,1021,40,5,741,3,852
evaluation__9762__denoise__attack__nes__l0.5,1021,39,3,380,3,482
evaluation__9762__denoise__restore__nes__l0.5,1021,39,3,590,3,722
evaluation__9762__denoise__confidence_boost__nes__l0.5,1021,40,2,557,2,683
evaluation__9762__deblur__attack__nes__l1,1021,42,5,629,5,742
evaluation__9762__deblur__restore__nes__l1,1021,38,4,349,4,511
evaluation__9762__deblur__confidence_boost__nes__l1,1021,38,12,357,12,490
evaluation__3975__denoise__attack__nes__l0.5,1021,37,7,351,4,489
evaluation__3975__denoise__restore__nes__l0.5,1021,39,18,380,18,522
evaluation__3975__denoise__confidence_boost__nes__l0.5,1021,37,18,394,18,507
evaluation__3975__deblur__attack__nes__l1,1021,42,5,597,5,720
evaluation__3975__deblur__restore__nes__l1,1021,40,2,482,2,608
evaluation__3975__deblur__confidence_boost__nes__l1,1021,39,17,724,17,812
evaluation__6234__denoise__attack__nes__l0.5,1021,39,5,484,5,612
evaluation__6234__denoise__restore__nes__l0.5,1021,37,2,530,2,667
evaluation__6234__denoise__confidence_boost__nes__l0.5,1021,39,3,383,3,517
evaluation__6234__deblur__attack__nes__l1,1021,39,3,822,3,926
evaluation__6234__deblur__restore__nes__l1,1021,40,2,576,2,698
evaluation__6234__deblur__confidence_boost__nes__l1,1021,38,6,727,2,849
evaluation__1142__denoise__attack__nes__l0.5,1021,37,5,284,5,393
evaluation__1142__denoise__restore__nes__l0.5,1021,41,2,359,2,473
evaluation__1142__denoise__confidence_boost__nes__l0.5,1021,38,18,303,5,395
evaluation__1142__deblur__attack__nes__l1,1021,37,5,549,5,658
evaluation__1142__deblur__restore__nes__l1,1021,43,3,876,3,943
evaluation__1142__deblur__confidence_boost__nes__l1,1021,40,2,725,2,832
evaluation__4086__denoise__attack__nes__l0.5,1021,36,15,283,15,394
evaluation__4086__denoise__restore__nes__l0.5,1021,36,15,176,15,261
evaluation__4086__denoise__confidence_boost__nes__l0.5,1021,40,5,383,5,498
evaluation__4086__deblur__attack__nes__l1,1021,37,32,400,32,512
evaluation__4086__deblur__restore__nes__l1,1021,39,11,371,11,507
evaluation__4086__deblur__confidence_boost__nes__l1,1021,39,12,425,12,564
evaluation__9955__denoise__attack__nes__l0.5,1021,39,13,369,2,465
evaluation__9955__denoise__restore__nes__l0.5,1021,37,7,152,7,244
evaluation__9955__denoise__confidence_boost__nes__l0.5,1021,41,16,406,2,540
evaluation__9955__deblur__attack__nes__l1,1021,40,18,538,18,659
evaluation__9955__deblur__restore__nes__l1,1021,37,6,331,4,488
evaluation__9955__deblur__confidence_boost__nes__l1,1021,39,3,428,3,567
evaluation__5397__denoise__attack__nes__l0.5,1021,40,2,504,2,667
evaluation__5397__denoise__restore__nes__l0.5,1021,38,4,518,4,645
evaluation__5397__denoise__confidence_boost__nes__l0.5,1021,41,3,540,3,665
evaluation__5397__deblur__attack__nes__l1,1021,38,10,432,10,553
evaluation__5397__deblur__restore__nes__l1,1021,39,14,342,4,500
evaluation__5397__deblur__confidence_boost__nes__l1,1021,37,9,172,2,239
evaluation__8652__denoise__attack__nes__l0.5,1021,35,5,145,2,221
evaluation__8652__denoise__restore__nes__l0.5,1021,37,18,237,17,307
evaluation__8652__denoise__confidence_boost__nes__l0.5,1021,38,6,481,6,614
evaluation__8652__deblur__attack__nes__l1,1021,40,5,329,2,443
evaluation__8652__deblur__restore__nes__l1,1021,37,18,177,18,255
evaluation__8652__deblur__confidence_boost__nes__l1,1021,35,15,177,3,261
fit__4040__denoise__attack__nes__l0.5,1021,36,3,298,3,403
fit__4040__denoise__restore__nes__l0.5,1021,39,4,326,2,439
fit__4040__denoise__confidence_boost__nes__l0.5,1021,36,11,204,6,297
fit__4040__deblur__attack__nes__l1,1021,38,11,284,11,373
fit__4040__deblur__restore__nes__l1,1021,37,18,174,18,300
fit__4040__deblur__confidence_boost__nes__l1,1021,38,5,282,5,395
fit__1810__denoise__attack__nes__l0.5,1021,40,2,498,2,640
fit__1810__denoise__restore__nes__l0.5,1021,39,4,652,3,793
fit__1810__denoise__confidence_boost__nes__l0.5,1021,42,2,643,2,785
fit__1810__deblur__attack__nes__l1,1021,37,6,445,6,569
fit__1810__deblur__restore__nes__l1,1021,40,3,646,2,762
fit__1810__deblur__confidence_boost__nes__l1,1021,40,10,396,3,529
fit__7903__denoise__attack__nes__l0.5,1021,36,3,414,2,541
fit__7903__denoise__restore__nes__l0.5,1021,36,2,318,2,425
fit__7903__denoise__confidence_boost__nes__l0.5,1021,39,3,413,2,550
fit__7903__deblur__attack__nes__l1,1021,36,2,324,2,436
fit__7903__deblur__restore__nes__l1,1021,36,3,218,3,321
fit__7903__deblur__confidence_boost__nes__l1,1021,38,18,438,18,583
fit__8493__denoise__attack__nes__l0.5,1021,39,4,533,4,673
fit__8493__denoise__restore__nes__l0.5,1021,36,2,393,2,553
fit__8493__denoise__confidence_boost__nes__l0.5,1021,37,16,255,16,373
fit__8493__deblur__attack__nes__l1,1021,38,7,255,7,329
fit__8493__deblur__restore__nes__l1,1021,39,13,410,13,570
fit__8493__deblur__confidence_boost__nes__l1,1021,39,7,311,7,400
fit__5817__denoise__attack__nes__l0.5,1021,38,17,268,4,371
fit__5817__denoise__restore__nes__l0.5,1021,37,2,367,2,477
fit__5817__denoise__confidence_boost__nes__l0.5,1021,39,2,391,2,537
fit__5817__deblur__attack__nes__l1,1021,38,8,403,8,524
fit__5817__deblur__restore__nes__l1,1021,38,4,184,4,265
fit__5817__deblur__confidence_boost__nes__l1,1021,35,6,116,6,168
fit__1842__denoise__attack__nes__l0.5,1021,39,2,388,2,512
fit__1842__denoise__restore__nes__l0.5,1021,39,18,275,14,393
fit__1842__denoise__confidence_boost__nes__l0.5,1021,38,14,251,4,352
fit__1842__deblur__attack__nes__l1,1021,36,9,291,6,398
fit__1842__deblur__restore__nes__l1,1021,40,3,513,3,653
fit__1842__deblur__confidence_boost__nes__l1,1021,39,2,509,2,630
fit__2915__denoise__attack__nes__l0.5,1021,39,4,274,4,370
fit__2915__denoise__restore__nes__l0.5,1021,39,5,414,5,527
fit__2915__denoise__confidence_boost__nes__l0.5,1021,38,2,371,2,486
fit__2915__deblur__attack__nes__l1,1021,35,5,238,4,312
fit__2915__deblur__restore__nes__l1,1021,39,7,264,7,370
fit__2915__deblur__confidence_boost__nes__l1,1021,38,15,318,8,441
fit__9712__denoise__attack__nes__l0.5,1021,39,2,592,2,715
fit__9712__denoise__restore__nes__l0.5,1021,40,3,350,3,500
fit__9712__denoise__confidence_boost__nes__l0.5,1021,39,4,686,4,798
fit__9712__deblur__attack__nes__l1,1021,39,2,550,2,668
fit__9712__deblur__restore__nes__l1,1021,39,4,539,4,703
fit__9712__deblur__confidence_boost__nes__l1,1021,38,3,519,3,665
fit__8691__denoise__attack__nes__l0.5,1021,39,6,611,6,692
fit__8691__denoise__restore__nes__l0.5,1021,37,3,323,3,453
fit__8691__denoise__confidence_boost__nes__l0.5,1021,40,4,657,4,759
fit__8691__deblur__attack__nes__l1,1021,39,2,344,2,480
fit__8691__deblur__restore__nes__l1,1021,38,6,272,6,379
fit__8691__deblur__confidence_boost__nes__l1,1021,39,3,379,3,546
fit__5818__denoise__attack__nes__l0.5,1021,42,18,439,18,558
fit__5818__denoise__restore__nes__l0.5,1021,38,18,335,18,469
fit__5818__denoise__confidence_boost__nes__l0.5,1021,38,10,299,10,416
fit__5818__deblur__attack__nes__l1,1021,41,6,476,6,607
fit__5818__deblur__restore__nes__l1,1021,38,15,220,6,336
fit__5818__deblur__confidence_boost__nes__l1,1021,38,2,371,2,504
fit__2052__denoise__attack__nes__l0.5,1021,36,10,352,9,487
fit__2052__denoise__restore__nes__l0.5,1021,37,5,270,5,399
fit__2052__denoise__confidence_boost__nes__l0.5,1021,38,4,322,4,458
fit__2052__deblur__attack__nes__l1,1021,38,3,454,3,549
fit__2052__deblur__restore__nes__l1,1021,39,3,380,3,523
fit__2052__deblur__confidence_boost__nes__l1,1021,37,5,326,5,466
fit__2143__denoise__attack__nes__l0.5,1021,37,9,182,9,238
fit__2143__denoise__restore__nes__l0.5,1021,35,10,158,10,233
fit__2143__denoise__confidence_boost__nes__l0.5,1021,38,16,264,16,367
fit__2143__deblur__attack__nes__l1,1021,38,2,443,2,557
fit__2143__deblur__restore__nes__l1,1021,40,4,444,4,596
fit__2143__deblur__confidence_boost__nes__l1,1021,41,6,713,2,818
fit__8575__denoise__attack__nes__l0.5,1021,35,24,285,4,385
fit__8575__denoise__restore__nes__l0.5,1021,38,18,287,18,400
fit__8575__denoise__confidence_boost__nes__l0.5,1021,38,18,448,18,583
fit__8575__deblur__attack__nes__l1,1021,38,11,467,11,581
fit__8575__deblur__restore__nes__l1,1021,40,6,546,3,672
fit__8575__deblur__confidence_boost__nes__l1,1021,38,3,473,3,614
evaluation__3568__denoise__attack__nes__l0.5,1021,38,18,575,2,699
evaluation__3568__denoise__restore__nes__l0.5,1021,37,23,330,2,472
evaluation__3568__denoise__confidence_boost__nes__l0.5,1021,40,10,504,10,628
evaluation__3568__deblur__attack__nes__l1,1021,37,18,206,8,289
evaluation__3568__deblur__restore__nes__l1,1021,35,3,147,3,216
evaluation__3568__deblur__confidence_boost__nes__l1,1021,40,14,396,14,508
evaluation__7748__denoise__attack__nes__l0.5,1021,37,4,262,4,371
evaluation__7748__denoise__restore__nes__l0.5,1021,36,7,329,3,477
evaluation__7748__denoise__confidence_boost__nes__l0.5,1021,41,2,508,2,652
evaluation__7748__deblur__attack__nes__l1,1021,39,4,432,4,548
evaluation__7748__deblur__restore__nes__l1,1021,39,11,506,10,637
evaluation__7748__deblur__confidence_boost__nes__l1,1021,41,2,555,2,658
evaluation__6__denoise__attack__nes__l0.5,1021,37,2,491,2,625
evaluation__6__denoise__restore__nes__l0.5,1021,38,18,322,5,462
evaluation__6__denoise__confidence_boost__nes__l0.5,1021,37,4,391,4,524
evaluation__6__deblur__attack__nes__l1,1021,38,3,428,2,571
evaluation__6__deblur__restore__nes__l1,1021,38,2,693,2,848
evaluation__6__deblur__confidence_boost__nes__l1,1021,38,5,595,5,714
evaluation__3020__denoise__attack__nes__l0.5,1021,38,4,368,4,501
evaluation__3020__denoise__restore__nes__l0.5,1021,40,7,493,2,646
evaluation__3020__denoise__confidence_boost__nes__l0.5,1021,38,4,519,3,666
evaluation__3020__deblur__attack__nes__l1,1021,39,18,468,18,578
evaluation__3020__deblur__restore__nes__l1,1021,36,5,114,5,187
evaluation__3020__deblur__confidence_boost__nes__l1,1021,39,15,355,15,482
evaluation__8123__denoise__attack__nes__l0.5,1021,36,7,310,7,435
evaluation__8123__denoise__restore__nes__l0.5,1021,38,9,317,9,442
evaluation__8123__denoise__confidence_boost__nes__l0.5,1021,35,2,212,2,284
evaluation__8123__deblur__attack__nes__l1,1021,39,3,437,3,567
evaluation__8123__deblur__restore__nes__l1,1021,39,12,451,12,581
evaluation__8123__deblur__confidence_boost__nes__l1,1021,39,3,528,3,638
evaluation__2170__denoise__attack__nes__l0.5,1021,39,2,320,2,453
evaluation__2170__denoise__restore__nes__l0.5,1021,37,18,358,9,516
evaluation__2170__denoise__confidence_boost__nes__l0.5,1021,38,6,387,6,503
evaluation__2170__deblur__attack__nes__l1,1021,38,18,376,5,501
evaluation__2170__deblur__restore__nes__l1,1021,35,3,263,3,435
evaluation__2170__deblur__confidence_boost__nes__l1,1021,39,13,628,13,703
evaluation__6981__denoise__attack__nes__l0.5,1021,39,18,562,18,644
evaluation__6981__denoise__restore__nes__l0.5,1021,37,21,110,18,166
evaluation__6981__denoise__confidence_boost__nes__l0.5,1021,39,18,504,8,610
evaluation__6981__deblur__attack__nes__l1,1021,37,6,283,2,387
evaluation__6981__deblur__restore__nes__l1,1021,43,6,579,3,734
evaluation__6981__deblur__confidence_boost__nes__l1,1021,41,5,639,2,741
evaluation__294__denoise__attack__nes__l0.5,1021,41,18,667,11,761
evaluation__294__denoise__restore__nes__l0.5,1021,38,2,469,2,591
evaluation__294__denoise__confidence_boost__nes__l0.5,1021,39,3,433,3,537
evaluation__294__deblur__attack__nes__l1,1021,40,2,580,2,699
evaluation__294__deblur__restore__nes__l1,1021,39,5,308,4,426
evaluation__294__deblur__confidence_boost__nes__l1,1021,38,2,298,2,423
evaluation__5413__denoise__attack__nes__l0.5,1021,35,4,233,4,334
evaluation__5413__denoise__restore__nes__l0.5,1021,37,5,310,3,428
evaluation__5413__denoise__confidence_boost__nes__l0.5,1021,39,23,402,11,524
evaluation__5413__deblur__attack__nes__l1,1021,39,4,429,4,559
evaluation__5413__deblur__restore__nes__l1,1021,38,6,146,6,219
evaluation__5413__deblur__confidence_boost__nes__l1,1021,40,12,473,7,589
evaluation__7518__denoise__attack__nes__l0.5,1021,38,8,470,2,610
evaluation__7518__denoise__restore__nes__l0.5,1021,39,3,410,3,546
evaluation__7518__denoise__confidence_boost__nes__l0.5,1021,37,2,495,2,643
evaluation__7518__deblur__attack__nes__l1,1021,37,5,272,4,372
evaluation__7518__deblur__restore__nes__l1,1021,38,17,517,2,679
evaluation__7518__deblur__confidence_boost__nes__l1,1021,40,6,281,6,379
evaluation__3671__denoise__attack__nes__l0.5,1021,37,5,335,5,438
evaluation__3671__denoise__restore__nes__l0.5,1021,41,9,596,7,715
evaluation__3671__denoise__confidence_boost__nes__l0.5,1021,38,5,342,5,470
evaluation__3671__deblur__attack__nes__l1,1021,40,3,597,3,711
evaluation__3671__deblur__restore__nes__l1,1021,38,6,525,3,682
evaluation__3671__deblur__confidence_boost__nes__l1,1021,41,6,387,6,511
evaluation__4600__denoise__attack__nes__l0.5,1021,37,3,386,3,507
evaluation__4600__denoise__restore__nes__l0.5,1021,39,2,424,2,577
evaluation__4600__denoise__confidence_boost__nes__l0.5,1021,38,2,417,2,548
evaluation__4600__deblur__attack__nes__l1,1021,43,5,783,5,881
evaluation__4600__deblur__restore__nes__l1,1021,41,3,704,3,818
evaluation__4600__deblur__confidence_boost__nes__l1,1021,38,6,650,6,763
evaluation__1290__denoise__attack__nes__l0.5,1021,39,5,434,5,557
evaluation__1290__denoise__restore__nes__l0.5,1021,38,11,270,7,368
evaluation__1290__denoise__confidence_boost__nes__l0.5,1021,37,2,403,2,520
evaluation__1290__deblur__attack__nes__l1,1021,37,3,302,3,432
evaluation__1290__deblur__restore__nes__l1,1021,40,4,486,2,634
evaluation__1290__deblur__confidence_boost__nes__l1,1021,40,5,472,5,574
evaluation__4860__denoise__attack__nes__l0.5,1021,39,9,474,9,590
evaluation__4860__denoise__restore__nes__l0.5,1021,40,17,322,7,447
evaluation__4860__denoise__confidence_boost__nes__l0.5,1021,41,2,655,2,773
evaluation__4860__deblur__attack__nes__l1,1021,39,7,217,7,317
evaluation__4860__deblur__restore__nes__l1,1021,39,3,213,3,339
evaluation__4860__deblur__confidence_boost__nes__l1,1021,35,18,178,18,268
evaluation__9261__denoise__attack__nes__l0.5,1021,40,14,416,14,535
evaluation__9261__denoise__restore__nes__l0.5,1021,39,18,362,18,511
evaluation__9261__denoise__confidence_boost__nes__l0.5,1021,40,14,678,14,780
evaluation__9261__deblur__attack__nes__l1,1021,38,4,414,4,553
evaluation__9261__deblur__restore__nes__l1,1021,38,4,416,4,566
evaluation__9261__deblur__confidence_boost__nes__l1,1021,36,7,310,7,428
evaluation__2105__denoise__attack__nes__l0.5,1021,39,2,553,2,677
evaluation__2105__denoise__restore__nes__l0.5,1021,39,10,229,5,346
evaluation__2105__denoise__confidence_boost__nes__l0.5,1021,41,15,507,15,612
evaluation__2105__deblur__attack__nes__l1,1021,40,3,350,3,467
evaluation__2105__deblur__restore__nes__l1,1021,37,3,239,2,362
evaluation__2105__deblur__confidence_boost__nes__l1,1021,36,12,149,12,235
evaluation__6192__denoise__attack__nes__l0.5,1021,38,2,280,2,404
evaluation__6192__denoise__restore__nes__l0.5,1021,38,2,261,2,377
evaluation__6192__denoise__confidence_boost__nes__l0.5,1021,36,3,339,3,470
evaluation__6192__deblur__attack__nes__l1,1021,41,2,430,2,557
evaluation__6192__deblur__restore__nes__l1,1021,38,4,618,4,733
evaluation__6192__deblur__confidence_boost__nes__l1,1021,40,3,610,3,758
evaluation__56__denoise__attack__nes__l0.5,1021,38,2,517,2,623
evaluation__56__denoise__restore__nes__l0.5,1021,38,4,193,4,268
evaluation__56__denoise__confidence_boost__nes__l0.5,1021,37,4,234,4,335
evaluation__56__deblur__attack__nes__l1,1021,40,7,484,7,599
evaluation__56__deblur__restore__nes__l1,1021,37,6,451,6,595
evaluation__56__deblur__confidence_boost__nes__l1,1021,39,5,400,5,519
evaluation__4186__denoise__attack__nes__l0.5,1021,39,9,399,4,519
evaluation__4186__denoise__restore__nes__l0.5,1021,35,9,127,5,185
evaluation__4186__denoise__confidence_boost__nes__l0.5,1021,37,8,399,8,525
evaluation__4186__deblur__attack__nes__l1,1021,37,18,302,18,408
evaluation__4186__deblur__restore__nes__l1,1021,35,18,199,8,319
evaluation__4186__deblur__confidence_boost__nes__l1,1021,35,4,245,3,376
evaluation__7762__denoise__attack__nes__l0.5,1021,38,5,492,3,631
evaluation__7762__denoise__restore__nes__l0.5,1021,39,5,260,5,378
evaluation__7762__denoise__confidence_boost__nes__l0.5,1021,39,2,265,2,373
evaluation__7762__deblur__attack__nes__l1,1021,39,6,345,6,451
evaluation__7762__deblur__restore__nes__l1,1021,38,4,237,4,350
evaluation__7762__deblur__confidence_boost__nes__l1,1021,39,6,352,6,474
evaluation__1866__denoise__attack__nes__l0.5,1021,38,3,312,3,435
evaluation__1866__denoise__restore__nes__l0.5,1021,40,10,473,8,622
evaluation__1866__denoise__confidence_boost__nes__l0.5,1021,39,2,490,2,619
evaluation__1866__deblur__attack__nes__l1,1021,38,12,372,11,493
evaluation__1866__deblur__restore__nes__l1,1021,40,7,465,7,641
evaluation__1866__deblur__confidence_boost__nes__l1,1021,38,8,496,5,647
evaluation__4254__denoise__attack__nes__l0.5,1021,37,9,237,5,310
evaluation__4254__denoise__restore__nes__l0.5,1021,39,16,382,4,514
evaluation__4254__denoise__confidence_boost__nes__l0.5,1021,37,6,387,6,520
evaluation__4254__deblur__attack__nes__l1,1021,36,3,404,3,533
evaluation__4254__deblur__restore__nes__l1,1021,38,8,547,8,704
evaluation__4254__deblur__confidence_boost__nes__l1,1021,39,12,453,10,619
evaluation__425__denoise__attack__nes__l0.5,1021,41,3,364,3,491
evaluation__425__denoise__restore__nes__l0.5,1021,37,5,320,5,457
evaluation__425__denoise__confidence_boost__nes__l0.5,1021,36,2,359,2,488
evaluation__425__deblur__attack__nes__l1,1021,39,7,468,7,616
evaluation__425__deblur__restore__nes__l1,1021,40,6,408,2,558
evaluation__425__deblur__confidence_boost__nes__l1,1021,40,2,387,2,511
evaluation__5966__denoise__attack__nes__l0.5,1021,40,6,540,6,668
evaluation__5966__denoise__restore__nes__l0.5,1021,37,5,405,4,555
evaluation__5966__denoise__confidence_boost__nes__l0.5,1021,40,2,691,2,806
evaluation__5966__deblur__attack__nes__l1,1021,38,4,316,4,430
evaluation__5966__deblur__restore__nes__l1,1021,37,8,246,8,358
evaluation__5966__deblur__confidence_boost__nes__l1,1021,37,13,196,3,291
evaluation__8995__denoise__attack__nes__l0.5,1021,39,8,290,3,388
evaluation__8995__denoise__restore__nes__l0.5,1021,37,12,258,7,372
evaluation__8995__denoise__confidence_boost__nes__l0.5,1021,35,4,251,3,356
evaluation__8995__deblur__attack__nes__l1,1021,38,10,521,3,675
evaluation__8995__deblur__restore__nes__l1,1021,39,4,414,4,548
evaluation__8995__deblur__confidence_boost__nes__l1,1021,37,2,399,2,531
fit__4123__denoise__attack__nes__l0.5,1021,38,5,428,5,548
fit__4123__denoise__restore__nes__l0.5,1021,38,6,315,4,425
fit__4123__denoise__confidence_boost__nes__l0.5,1021,38,5,337,5,473
fit__4123__deblur__attack__nes__l1,1021,39,18,464,8,581
fit__4123__deblur__restore__nes__l1,1021,38,18,277,18,403
fit__4123__deblur__confidence_boost__nes__l1,1021,38,18,412,18,550
fit__3407__denoise__attack__nes__l0.5,1021,39,12,255,12,371
fit__3407__denoise__restore__nes__l0.5,1021,39,4,287,2,381
fit__3407__denoise__confidence_boost__nes__l0.5,1021,35,3,223,3,321
fit__3407__deblur__attack__nes__l1,1021,38,18,462,18,592
fit__3407__deblur__restore__nes__l1,1021,40,10,406,5,526
fit__3407__deblur__confidence_boost__nes__l1,1021,36,8,135,7,198
fit__623__denoise__attack__nes__l0.5,1021,40,2,648,2,763
fit__623__denoise__restore__nes__l0.5,1021,41,7,600,7,732
fit__623__denoise__confidence_boost__nes__l0.5,1021,38,2,453,2,577
fit__623__deblur__attack__nes__l1,1021,39,18,232,11,322
fit__623__deblur__restore__nes__l1,1021,41,6,362,6,491
fit__623__deblur__confidence_boost__nes__l1,1021,38,2,331,2,439
fit__9171__denoise__attack__nes__l0.5,1021,40,2,558,2,693
fit__9171__denoise__restore__nes__l0.5,1021,42,10,699,10,810
fit__9171__denoise__confidence_boost__nes__l0.5,1021,38,14,513,10,646
fit__9171__deblur__attack__nes__l1,1021,38,18,298,3,437
fit__9171__deblur__restore__nes__l1,1021,36,9,459,9,614
fit__9171__deblur__confidence_boost__nes__l1,1021,42,2,538,2,679
fit__6196__denoise__attack__nes__l0.5,1021,38,18,443,18,576
fit__6196__denoise__restore__nes__l0.5,1021,37,12,177,9,258
fit__6196__denoise__confidence_boost__nes__l0.5,1021,40,3,334,3,449
fit__6196__deblur__attack__nes__l1,1021,38,7,450,7,583
fit__6196__deblur__restore__nes__l1,1021,39,11,329,11,452
fit__6196__deblur__confidence_boost__nes__l1,1021,40,18,566,17,673
fit__1928__denoise__attack__nes__l0.5,1021,37,3,377,3,486
fit__1928__denoise__restore__nes__l0.5,1021,39,4,406,4,553
fit__1928__denoise__confidence_boost__nes__l0.5,1021,36,2,289,2,384
fit__1928__deblur__attack__nes__l1,1021,38,6,478,6,610
fit__1928__deblur__restore__nes__l1,1021,39,18,164,18,260
fit__1928__deblur__confidence_boost__nes__l1,1021,39,17,471,5,620
fit__4259__denoise__attack__nes__l0.5,1021,37,4,319,4,425
fit__4259__denoise__restore__nes__l0.5,1021,40,8,262,8,387
fit__4259__denoise__confidence_boost__nes__l0.5,1021,37,5,177,5,252
fit__4259__deblur__attack__nes__l1,1021,39,3,581,3,715
fit__4259__deblur__restore__nes__l1,1021,41,2,542,2,686
fit__4259__deblur__confidence_boost__nes__l1,1021,42,2,740,2,844
fit__1211__denoise__attack__nes__l0.5,1021,38,4,456,4,571
fit__1211__denoise__restore__nes__l0.5,1021,40,10,440,5,548
fit__1211__denoise__confidence_boost__nes__l0.5,1021,39,18,501,18,578
fit__1211__deblur__attack__nes__l1,1021,37,15,219,5,293
fit__1211__deblur__restore__nes__l1,1021,40,6,225,6,343
fit__1211__deblur__confidence_boost__nes__l1,1021,41,6,397,6,515
fit__9721__denoise__attack__nes__l0.5,1021,41,2,577,2,685
fit__9721__denoise__restore__nes__l0.5,1021,39,18,390,18,531
fit__9721__denoise__confidence_boost__nes__l0.5,1021,39,2,592,2,708
fit__9721__deblur__attack__nes__l1,1021,37,18,276,18,380
fit__9721__deblur__restore__nes__l1,1021,34,18,130,18,204
fit__9721__deblur__confidence_boost__nes__l1,1021,39,18,225,18,319
fit__5929__denoise__attack__nes__l0.5,1021,40,8,552,3,687
fit__5929__denoise__restore__nes__l0.5,1021,39,9,299,9,402
fit__5929__denoise__confidence_boost__nes__l0.5,1021,38,5,483,5,611
fit__5929__deblur__attack__nes__l1,1021,40,7,356,7,466
fit__5929__deblur__restore__nes__l1,1021,41,4,287,4,389
fit__5929__deblur__confidence_boost__nes__l1,1021,37,4,237,4,365
fit__2962__denoise__attack__nes__l0.5,1021,40,4,508,2,642
fit__2962__denoise__restore__nes__l0.5,1021,43,4,619,4,713
fit__2962__denoise__confidence_boost__nes__l0.5,1021,38,3,449,3,547
fit__2962__deblur__attack__nes__l1,1021,37,27,285,27,370
fit__2962__deblur__restore__nes__l1,1021,38,18,241,18,368
fit__2962__deblur__confidence_boost__nes__l1,1021,37,15,224,15,327
fit__2467__denoise__attack__nes__l0.5,1021,40,2,318,2,414
fit__2467__denoise__restore__nes__l0.5,1021,37,18,255,4,366
fit__2467__denoise__confidence_boost__nes__l0.5,1021,36,18,191,18,289
fit__2467__deblur__attack__nes__l1,1021,38,3,309,2,427
fit__2467__deblur__restore__nes__l1,1021,38,4,450,4,593
fit__2467__deblur__confidence_boost__nes__l1,1021,37,4,366,2,483
evaluation__3782__denoise__attack__nes__l0.5,1021,39,2,916,2,971
evaluation__3782__denoise__restore__nes__l0.5,1021,41,2,927,2,987
evaluation__3782__denoise__confidence_boost__nes__l0.5,1021,43,2,985,2,1008
evaluation__3782__deblur__attack__nes__l1,1021,39,6,667,3,768
evaluation__3782__deblur__restore__nes__l1,1021,41,2,859,2,936
evaluation__3782__deblur__confidence_boost__nes__l1,1021,42,2,803,2,899
evaluation__8031__denoise__attack__nes__l0.5,1021,39,2,383,2,509
evaluation__8031__denoise__restore__nes__l0.5,1021,43,6,458,6,602
evaluation__8031__denoise__confidence_boost__nes__l0.5,1021,39,5,479,4,615
evaluation__8031__deblur__attack__nes__l1,1021,39,2,389,2,523
evaluation__8031__deblur__restore__nes__l1,1021,38,3,219,3,318
evaluation__8031__deblur__confidence_boost__nes__l1,1021,39,8,274,4,391
evaluation__81__denoise__attack__nes__l0.5,1021,38,18,509,4,637
evaluation__81__denoise__restore__nes__l0.5,1021,40,8,501,2,614
evaluation__81__denoise__confidence_boost__nes__l0.5,1021,38,15,494,15,615
evaluation__81__deblur__attack__nes__l1,1021,39,3,360,3,478
evaluation__81__deblur__restore__nes__l1,1021,40,2,655,2,781
evaluation__81__deblur__confidence_boost__nes__l1,1021,39,3,509,2,651
evaluation__5051__denoise__attack__nes__l0.5,1021,38,9,572,9,709
evaluation__5051__denoise__restore__nes__l0.5,1021,40,4,593,4,731
evaluation__5051__denoise__confidence_boost__nes__l0.5,1021,43,3,633,3,764
evaluation__5051__deblur__attack__nes__l1,1021,39,18,412,2,520
evaluation__5051__deblur__restore__nes__l1,1021,36,18,252,17,355
evaluation__5051__deblur__confidence_boost__nes__l1,1021,38,10,479,10,615
evaluation__8366__denoise__attack__nes__l0.5,1021,39,2,515,2,643
evaluation__8366__denoise__restore__nes__l0.5,1021,41,2,498,2,622
evaluation__8366__denoise__confidence_boost__nes__l0.5,1021,39,2,352,2,472
evaluation__8366__deblur__attack__nes__l1,1021,39,4,266,4,396
evaluation__8366__deblur__restore__nes__l1,1021,39,4,344,4,470
evaluation__8366__deblur__confidence_boost__nes__l1,1021,41,2,371,2,511
evaluation__2774__denoise__attack__nes__l0.5,1021,38,3,305,3,422
evaluation__2774__denoise__restore__nes__l0.5,1021,40,3,668,3,782
evaluation__2774__denoise__confidence_boost__nes__l0.5,1021,39,2,413,2,529
evaluation__2774__deblur__attack__nes__l1,1021,38,9,306,9,422
evaluation__2774__deblur__restore__nes__l1,1021,37,2,243,2,353
evaluation__2774__deblur__confidence_boost__nes__l1,1021,43,12,359,12,474
evaluation__7206__denoise__attack__nes__l0.5,1021,41,10,426,10,540
evaluation__7206__denoise__restore__nes__l0.5,1021,38,5,528,5,678
evaluation__7206__denoise__confidence_boost__nes__l0.5,1021,37,2,368,2,495
evaluation__7206__deblur__attack__nes__l1,1021,37,18,204,18,312
evaluation__7206__deblur__restore__nes__l1,1021,37,18,269,11,376
evaluation__7206__deblur__confidence_boost__nes__l1,1021,40,6,414,6,546
evaluation__1518__denoise__attack__nes__l0.5,1021,40,3,505,3,627
evaluation__1518__denoise__restore__nes__l0.5,1021,41,3,576,2,718
evaluation__1518__denoise__confidence_boost__nes__l0.5,1021,39,2,438,2,586
evaluation__1518__deblur__attack__nes__l1,1021,38,4,422,3,560
evaluation__1518__deblur__restore__nes__l1,1021,41,17,468,3,602
evaluation__1518__deblur__confidence_boost__nes__l1,1021,39,6,440,6,562
evaluation__5655__denoise__attack__nes__l0.5,1021,38,3,446,2,582
evaluation__5655__denoise__restore__nes__l0.5,1021,38,3,299,3,397
evaluation__5655__denoise__confidence_boost__nes__l0.5,1021,41,2,456,2,589
evaluation__5655__deblur__attack__nes__l1,1021,37,18,333,5,445
evaluation__5655__deblur__restore__nes__l1,1021,37,10,416,4,535
evaluation__5655__deblur__confidence_boost__nes__l1,1021,40,18,444,9,599
evaluation__8196__denoise__attack__nes__l0.5,1021,39,9,532,3,647
evaluation__8196__denoise__restore__nes__l0.5,1021,38,18,335,4,466
evaluation__8196__denoise__confidence_boost__nes__l0.5,1021,39,18,358,6,458
evaluation__8196__deblur__attack__nes__l1,1021,37,9,288,8,394
evaluation__8196__deblur__restore__nes__l1,1021,38,18,341,10,462
evaluation__8196__deblur__confidence_boost__nes__l1,1021,37,12,273,12,370
evaluation__3692__denoise__attack__nes__l0.5,1021,38,3,313,3,442
evaluation__3692__denoise__restore__nes__l0.5,1021,37,2,283,2,403
evaluation__3692__denoise__confidence_boost__nes__l0.5,1021,39,7,573,7,682
evaluation__3692__deblur__attack__nes__l1,1021,35,18,157,18,230
evaluation__3692__deblur__restore__nes__l1,1021,38,5,210,5,313
evaluation__3692__deblur__confidence_boost__nes__l1,1021,40,18,529,5,668
evaluation__6005__denoise__attack__nes__l0.5,1021,40,18,415,2,535
evaluation__6005__denoise__restore__nes__l0.5,1021,36,3,313,3,428
evaluation__6005__denoise__confidence_boost__nes__l0.5,1021,37,6,274,6,402
evaluation__6005__deblur__attack__nes__l1,1021,38,4,530,4,647
evaluation__6005__deblur__restore__nes__l1,1021,38,5,390,5,500
evaluation__6005__deblur__confidence_boost__nes__l1,1021,42,2,808,2,895
evaluation__1599__denoise__attack__nes__l0.5,1021,36,4,140,4,200
evaluation__1599__denoise__restore__nes__l0.5,1021,40,5,723,5,832
evaluation__1599__denoise__confidence_boost__nes__l0.5,1021,42,2,426,2,551
evaluation__1599__deblur__attack__nes__l1,1021,41,35,309,18,418
evaluation__1599__deblur__restore__nes__l1,1021,40,20,222,20,299
evaluation__1599__deblur__confidence_boost__nes__l1,1021,36,2,91,2,132
evaluation__5615__denoise__attack__nes__l0.5,1021,40,4,363,4,471
evaluation__5615__denoise__restore__nes__l0.5,1021,40,9,367,9,507
evaluation__5615__denoise__confidence_boost__nes__l0.5,1021,36,5,353,5,441
evaluation__5615__deblur__attack__nes__l1,1021,41,3,442,3,572
evaluation__5615__deblur__restore__nes__l1,1021,37,3,343,3,480
evaluation__5615__deblur__confidence_boost__nes__l1,1021,40,2,515,2,624
evaluation__9410__denoise__attack__nes__l0.5,1021,39,2,767,2,867
evaluation__9410__denoise__restore__nes__l0.5,1021,41,2,779,2,864
evaluation__9410__denoise__confidence_boost__nes__l0.5,1021,44,2,627,2,730
evaluation__9410__deblur__attack__nes__l1,1021,39,18,465,12,588
evaluation__9410__deblur__restore__nes__l1,1021,36,32,150,10,249
evaluation__9410__deblur__confidence_boost__nes__l1,1021,37,18,231,5,334
evaluation__2488__denoise__attack__nes__l0.5,1021,39,4,522,3,661
evaluation__2488__denoise__restore__nes__l0.5,1021,38,11,365,5,508
evaluation__2488__denoise__confidence_boost__nes__l0.5,1021,50,8,769,4,833
evaluation__2488__deblur__attack__nes__l1,1021,41,7,408,3,546
evaluation__2488__deblur__restore__nes__l1,1021,39,2,438,2,566
evaluation__2488__deblur__confidence_boost__nes__l1,1021,40,11,673,11,796
evaluation__6894__denoise__attack__nes__l0.5,1021,38,6,303,3,438
evaluation__6894__denoise__restore__nes__l0.5,1021,41,2,508,2,665
evaluation__6894__denoise__confidence_boost__nes__l0.5,1021,40,7,448,7,597
evaluation__6894__deblur__attack__nes__l1,1021,36,12,248,12,340
evaluation__6894__deblur__restore__nes__l1,1021,37,18,170,12,272
evaluation__6894__deblur__confidence_boost__nes__l1,1021,38,3,217,3,309
evaluation__808__denoise__attack__nes__l0.5,1021,40,2,437,2,562
evaluation__808__denoise__restore__nes__l0.5,1021,38,11,357,6,489
evaluation__808__denoise__confidence_boost__nes__l0.5,1021,39,5,466,5,590
evaluation__808__deblur__attack__nes__l1,1021,41,3,563,3,669
evaluation__808__deblur__restore__nes__l1,1021,39,2,557,2,693
evaluation__808__deblur__confidence_boost__nes__l1,1021,38,2,344,2,460
evaluation__5153__denoise__attack__nes__l0.5,1021,39,18,437,2,574
evaluation__5153__denoise__restore__nes__l0.5,1021,38,6,323,6,447
evaluation__5153__denoise__confidence_boost__nes__l0.5,1021,39,18,547,10,656
evaluation__5153__deblur__attack__nes__l1,1021,38,8,528,4,693
evaluation__5153__deblur__restore__nes__l1,1021,40,14,639,14,756
evaluation__5153__deblur__confidence_boost__nes__l1,1021,40,9,785,9,860
evaluation__8327__denoise__attack__nes__l0.5,1021,43,3,726,3,836
evaluation__8327__denoise__restore__nes__l0.5,1021,36,2,287,2,411
evaluation__8327__denoise__confidence_boost__nes__l0.5,1021,37,2,407,2,524
evaluation__8327__deblur__attack__nes__l1,1021,39,2,632,2,766
evaluation__8327__deblur__restore__nes__l1,1021,41,3,729,3,857
evaluation__8327__deblur__confidence_boost__nes__l1,1021,39,9,442,2,571
evaluation__1897__denoise__attack__nes__l0.5,1021,40,2,673,2,793
evaluation__1897__denoise__restore__nes__l0.5,1021,39,5,427,5,582
evaluation__1897__denoise__confidence_boost__nes__l0.5,1021,39,2,564,2,705
evaluation__1897__deblur__attack__nes__l1,1021,38,5,431,3,581
evaluation__1897__deblur__restore__nes__l1,1021,41,3,548,3,686
evaluation__1897__deblur__confidence_boost__nes__l1,1021,38,2,609,2,737
evaluation__4539__denoise__attack__nes__l0.5,1021,36,18,290,18,397
evaluation__4539__denoise__restore__nes__l0.5,1021,36,6,214,6,311
evaluation__4539__denoise__confidence_boost__nes__l0.5,1021,38,12,360,12,468
evaluation__4539__deblur__attack__nes__l1,1021,36,5,230,5,338
evaluation__4539__deblur__restore__nes__l1,1021,36,6,411,6,557
evaluation__4539__deblur__confidence_boost__nes__l1,1021,39,9,353,9,462
evaluation__609__denoise__attack__nes__l0.5,1021,39,3,468,3,596
evaluation__609__denoise__restore__nes__l0.5,1021,38,2,355,2,479
evaluation__609__denoise__confidence_boost__nes__l0.5,1021,37,7,401,6,517
evaluation__609__deblur__attack__nes__l1,1021,39,4,577,4,710
evaluation__609__deblur__restore__nes__l1,1021,37,7,411,7,555
evaluation__609__deblur__confidence_boost__nes__l1,1021,39,3,647,3,782
evaluation__6167__denoise__attack__nes__l0.5,1021,36,16,218,15,302
evaluation__6167__denoise__restore__nes__l0.5,1021,35,32,151,32,206
evaluation__6167__denoise__confidence_boost__nes__l0.5,1021,36,3,197,3,277
evaluation__6167__deblur__attack__nes__l1,1021,40,18,499,2,629
evaluation__6167__deblur__restore__nes__l1,1021,38,11,242,2,353
evaluation__6167__deblur__confidence_boost__nes__l1,1021,40,18,502,5,617
evaluation__9060__denoise__attack__nes__l0.5,1021,39,3,571,3,680
evaluation__9060__denoise__restore__nes__l0.5,1021,37,4,332,2,463
evaluation__9060__denoise__confidence_boost__nes__l0.5,1021,37,3,572,3,701
evaluation__9060__deblur__attack__nes__l1,1021,37,16,333,6,433
evaluation__9060__deblur__restore__nes__l1,1021,37,7,307,7,435
evaluation__9060__deblur__confidence_boost__nes__l1,1021,41,3,608,3,725
fit__5256__denoise__attack__nes__l0.5,1021,37,4,380,4,513
fit__5256__denoise__restore__nes__l0.5,1021,42,3,400,3,538
fit__5256__denoise__confidence_boost__nes__l0.5,1021,39,11,472,2,600
fit__5256__deblur__attack__nes__l1,1021,40,3,618,3,740
fit__5256__deblur__restore__nes__l1,1021,40,2,281,2,403
fit__5256__deblur__confidence_boost__nes__l1,1021,40,6,431,6,555
fit__3647__denoise__attack__nes__l0.5,1021,37,5,474,3,616
fit__3647__denoise__restore__nes__l0.5,1021,37,10,349,10,466
fit__3647__denoise__confidence_boost__nes__l0.5,1021,38,5,433,5,570
fit__3647__deblur__attack__nes__l1,1021,39,4,474,3,617
fit__3647__deblur__restore__nes__l1,1021,40,7,360,2,477
fit__3647__deblur__confidence_boost__nes__l1,1021,40,4,508,4,647
fit__1852__denoise__attack__nes__l0.5,1021,39,3,623,3,752
fit__1852__denoise__restore__nes__l0.5,1021,38,2,442,2,581
fit__1852__denoise__confidence_boost__nes__l0.5,1021,39,2,476,2,616
fit__1852__deblur__attack__nes__l1,1021,37,12,327,12,471
fit__1852__deblur__restore__nes__l1,1021,37,10,305,6,429
fit__1852__deblur__confidence_boost__nes__l1,1021,34,10,239,10,336
fit__9423__denoise__attack__nes__l0.5,1021,38,18,439,18,543
fit__9423__denoise__restore__nes__l0.5,1021,37,2,345,2,485
fit__9423__denoise__confidence_boost__nes__l0.5,1021,39,3,423,3,548
fit__9423__deblur__attack__nes__l1,1021,39,18,406,3,542
fit__9423__deblur__restore__nes__l1,1021,36,11,271,8,419
fit__9423__deblur__confidence_boost__nes__l1,1021,39,12,314,12,413
fit__8204__denoise__attack__nes__l0.5,1021,35,11,238,11,340
fit__8204__denoise__restore__nes__l0.5,1021,38,18,314,3,444
fit__8204__denoise__confidence_boost__nes__l0.5,1021,37,16,302,16,411
fit__8204__deblur__attack__nes__l1,1021,38,4,545,4,674
fit__8204__deblur__restore__nes__l1,1021,40,2,471,2,604
fit__8204__deblur__confidence_boost__nes__l1,1021,42,2,572,2,701
fit__3498__denoise__attack__nes__l0.5,1021,38,8,420,2,569
fit__3498__denoise__restore__nes__l0.5,1021,40,4,451,3,601
fit__3498__denoise__confidence_boost__nes__l0.5,1021,37,8,298,8,407
fit__3498__deblur__attack__nes__l1,1021,37,2,448,2,568
fit__3498__deblur__restore__nes__l1,1021,36,9,250,2,367
fit__3498__deblur__confidence_boost__nes__l1,1021,36,3,209,3,307
fit__4406__denoise__attack__nes__l0.5,1021,38,15,314,15,421
fit__4406__denoise__restore__nes__l0.5,1021,38,17,289,17,407
fit__4406__denoise__confidence_boost__nes__l0.5,1021,39,18,508,2,619
fit__4406__deblur__attack__nes__l1,1021,36,12,333,12,456
fit__4406__deblur__restore__nes__l1,1021,36,7,182,7,305
fit__4406__deblur__confidence_boost__nes__l1,1021,38,7,284,7,401
fit__1436__denoise__attack__nes__l0.5,1021,37,6,446,6,586
fit__1436__denoise__restore__nes__l0.5,1021,36,3,375,3,514
fit__1436__denoise__confidence_boost__nes__l0.5,1021,38,9,352,4,507
fit__1436__deblur__attack__nes__l1,1021,38,2,664,2,798
fit__1436__deblur__restore__nes__l1,1021,41,7,469,7,603
fit__1436__deblur__confidence_boost__nes__l1,1021,40,11,718,7,805
fit__9789__denoise__attack__nes__l0.5,1021,36,18,391,18,539
fit__9789__denoise__restore__nes__l0.5,1021,34,18,117,2,169
fit__9789__denoise__confidence_boost__nes__l0.5,1021,36,10,378,10,529
fit__9789__deblur__attack__nes__l1,1021,42,35,430,2,564
fit__9789__deblur__restore__nes__l1,1021,39,2,423,2,548
fit__9789__deblur__confidence_boost__nes__l1,1021,41,11,624,11,727
fit__6955__denoise__attack__nes__l0.5,1021,37,18,269,16,366
fit__6955__denoise__restore__nes__l0.5,1021,40,7,270,7,366
fit__6955__denoise__confidence_boost__nes__l0.5,1021,37,11,488,4,598
fit__6955__deblur__attack__nes__l1,1021,39,7,415,7,550
fit__6955__deblur__restore__nes__l1,1021,37,4,344,4,460
fit__6955__deblur__confidence_boost__nes__l1,1021,42,2,615,2,745
fit__3686__denoise__attack__nes__l0.5,1021,40,2,633,2,742
fit__3686__denoise__restore__nes__l0.5,1021,41,3,617,3,748
fit__3686__denoise__confidence_boost__nes__l0.5,1021,41,2,468,2,600
fit__3686__deblur__attack__nes__l1,1021,40,11,371,11,480
fit__3686__deblur__restore__nes__l1,1021,36,4,222,4,334
fit__3686__deblur__confidence_boost__nes__l1,1021,38,18,403,18,552
fit__3732__denoise__attack__nes__l0.5,1021,36,12,268,12,367
fit__3732__denoise__restore__nes__l0.5,1021,37,2,232,2,337
fit__3732__denoise__confidence_boost__nes__l0.5,1021,38,2,254,2,361
fit__3732__deblur__attack__nes__l1,1021,39,17,317,2,432
fit__3732__deblur__restore__nes__l1,1021,36,7,153,7,237
fit__3732__deblur__confidence_boost__nes__l1,1021,38,2,347,2,475
evaluation__4126__denoise__attack__nes__l0.5,1021,37,29,287,2,409
evaluation__4126__denoise__restore__nes__l0.5,1021,36,3,256,3,404
evaluation__4126__denoise__confidence_boost__nes__l0.5,1021,37,4,267,4,379
evaluation__4126__deblur__attack__nes__l1,1021,39,9,353,9,485
evaluation__4126__deblur__restore__nes__l1,1021,37,4,489,4,652
evaluation__4126__deblur__confidence_boost__nes__l1,1021,38,7,428,7,543
evaluation__8884__denoise__attack__nes__l0.5,1021,38,10,568,10,690
evaluation__8884__denoise__restore__nes__l0.5,1021,38,4,673,3,815
evaluation__8884__denoise__confidence_boost__nes__l0.5,1021,40,2,691,2,812
evaluation__8884__deblur__attack__nes__l1,1021,39,18,320,8,432
evaluation__8884__deblur__restore__nes__l1,1021,36,4,167,4,252
evaluation__8884__deblur__confidence_boost__nes__l1,1021,41,16,521,16,635
evaluation__122__denoise__attack__nes__l0.5,1021,37,14,333,4,437
evaluation__122__denoise__restore__nes__l0.5,1021,38,3,290,3,377
evaluation__122__denoise__confidence_boost__nes__l0.5,1021,38,4,277,4,349
evaluation__122__deblur__attack__nes__l1,1021,37,5,342,2,449
evaluation__122__deblur__restore__nes__l1,1021,37,2,262,2,406
evaluation__122__deblur__confidence_boost__nes__l1,1021,37,8,399,8,494
evaluation__5245__denoise__attack__nes__l0.5,1021,40,5,428,5,566
evaluation__5245__denoise__restore__nes__l0.5,1021,36,4,250,4,363
evaluation__5245__denoise__confidence_boost__nes__l0.5,1021,37,3,375,3,507
evaluation__5245__deblur__attack__nes__l1,1021,38,3,632,3,744
evaluation__5245__deblur__restore__nes__l1,1021,39,2,516,2,642
evaluation__5245__deblur__confidence_boost__nes__l1,1021,40,2,472,2,633
evaluation__8503__denoise__attack__nes__l0.5,1021,39,17,599,3,715
evaluation__8503__denoise__restore__nes__l0.5,1021,39,13,383,5,511
evaluation__8503__denoise__confidence_boost__nes__l0.5,1021,37,18,582,12,709
evaluation__8503__deblur__attack__nes__l1,1021,39,3,358,2,480
evaluation__8503__deblur__restore__nes__l1,1021,41,2,758,2,887
evaluation__8503__deblur__confidence_boost__nes__l1,1021,39,4,586,4,721
evaluation__3313__denoise__attack__nes__l0.5,1021,36,17,488,17,571
evaluation__3313__denoise__restore__nes__l0.5,1021,37,18,108,18,151
evaluation__3313__denoise__confidence_boost__nes__l0.5,1021,39,18,563,18,675
evaluation__3313__deblur__attack__nes__l1,1021,38,18,353,4,491
evaluation__3313__deblur__restore__nes__l1,1021,38,9,669,9,809
evaluation__3313__deblur__confidence_boost__nes__l1,1021,43,2,801,2,874
evaluation__7340__denoise__attack__nes__l0.5,1021,39,16,413,5,554
evaluation__7340__denoise__restore__nes__l0.5,1021,37,18,277,18,412
evaluation__7340__denoise__confidence_boost__nes__l0.5,1021,38,14,410,8,538
evaluation__7340__deblur__attack__nes__l1,1021,36,17,231,6,322
evaluation__7340__deblur__restore__nes__l1,1021,39,12,398,8,556
evaluation__7340__deblur__confidence_boost__nes__l1,1021,42,15,583,15,652
evaluation__1603__denoise__attack__nes__l0.5,1021,39,6,504,6,629
evaluation__1603__denoise__restore__nes__l0.5,1021,39,5,552,4,700
evaluation__1603__denoise__confidence_boost__nes__l0.5,1021,42,13,393,2,500
evaluation__1603__deblur__attack__nes__l1,1021,38,8,370,8,489
evaluation__1603__deblur__restore__nes__l1,1021,37,4,317,4,479
evaluation__1603__deblur__confidence_boost__nes__l1,1021,37,9,398,6,543
evaluation__5732__denoise__attack__nes__l0.5,1021,42,18,481,18,614
evaluation__5732__denoise__restore__nes__l0.5,1021,37,11,353,11,500
evaluation__5732__denoise__confidence_boost__nes__l0.5,1021,37,8,315,8,437
evaluation__5732__deblur__attack__nes__l1,1021,37,6,311,6,436
evaluation__5732__deblur__restore__nes__l1,1021,37,18,286,16,416
evaluation__5732__deblur__confidence_boost__nes__l1,1021,36,14,222,11,340
evaluation__8739__denoise__attack__nes__l0.5,1021,38,15,358,15,470
evaluation__8739__denoise__restore__nes__l0.5,1021,37,52,221,7,312
evaluation__8739__denoise__confidence_boost__nes__l0.5,1021,39,18,355,9,451
evaluation__8739__deblur__attack__nes__l1,1021,36,5,377,5,505
evaluation__8739__deblur__restore__nes__l1,1021,38,11,236,11,335
evaluation__8739__deblur__confidence_boost__nes__l1,1021,41,12,518,12,626
evaluation__3809__denoise__attack__nes__l0.5,1021,41,18,451,14,590
evaluation__3809__denoise__restore__nes__l0.5,1021,37,17,297,17,428
evaluation__3809__denoise__confidence_boost__nes__l0.5,1021,38,8,594,8,729
evaluation__3809__deblur__attack__nes__l1,1021,40,2,768,2,870
evaluation__3809__deblur__restore__nes__l1,1021,40,10,508,10,657
evaluation__3809__deblur__confidence_boost__nes__l1,1021,40,4,757,4,823
evaluation__7916__denoise__attack__nes__l0.5,1021,40,12,728,11,826
evaluation__7916__denoise__restore__nes__l0.5,1021,36,4,247,4,366
evaluation__7916__denoise__confidence_boost__nes__l0.5,1021,39,3,464,3,590
evaluation__7916__deblur__attack__nes__l1,1021,36,22,179,22,266
evaluation__7916__deblur__restore__nes__l1,1021,40,13,258,10,384
evaluation__7916__deblur__confidence_boost__nes__l1,1021,39,3,327,3,461
evaluation__1745__denoise__attack__nes__l0.5,1021,37,2,349,2,462
evaluation__1745__denoise__restore__nes__l0.5,1021,36,3,142,3,229
evaluation__1745__denoise__confidence_boost__nes__l0.5,1021,38,5,660,5,767
evaluation__1745__deblur__attack__nes__l1,1021,38,3,405,3,536
evaluation__1745__deblur__restore__nes__l1,1021,37,13,250,4,364
evaluation__1745__deblur__confidence_boost__nes__l1,1021,37,10,328,5,456
evaluation__5947__denoise__attack__nes__l0.5,1021,39,18,241,18,336
evaluation__5947__denoise__restore__nes__l0.5,1021,36,9,116,9,165
evaluation__5947__denoise__confidence_boost__nes__l0.5,1021,38,11,291,9,419
evaluation__5947__deblur__attack__nes__l1,1021,37,15,305,5,429
evaluation__5947__deblur__restore__nes__l1,1021,40,2,355,2,534
evaluation__5947__deblur__confidence_boost__nes__l1,1021,37,4,136,4,195
evaluation__9540__denoise__attack__nes__l0.5,1021,39,2,289,2,392
evaluation__9540__denoise__restore__nes__l0.5,1021,37,10,326,10,468
evaluation__9540__denoise__confidence_boost__nes__l0.5,1021,40,2,503,2,639
evaluation__9540__deblur__attack__nes__l1,1021,40,5,581,5,708
evaluation__9540__deblur__restore__nes__l1,1021,36,9,290,9,427
evaluation__9540__deblur__confidence_boost__nes__l1,1021,41,12,767,3,833
evaluation__4127__denoise__attack__nes__l0.5,1021,42,18,459,14,585
evaluation__4127__denoise__restore__nes__l0.5,1021,39,5,318,5,421
evaluation__4127__denoise__confidence_boost__nes__l0.5,1021,36,10,280,10,382
evaluation__4127__deblur__attack__nes__l1,1021,37,17,257,7,356
evaluation__4127__deblur__restore__nes__l1,1021,35,14,113,10,157
evaluation__4127__deblur__confidence_boost__nes__l1,1021,38,14,287,7,396
evaluation__7337__denoise__attack__nes__l0.5,1021,38,7,432,4,537
evaluation__7337__denoise__restore__nes__l0.5,1021,37,3,216,3,328
evaluation__7337__denoise__confidence_boost__nes__l0.5,1021,38,18,355,18,473
evaluation__7337__deblur__attack__nes__l1,1021,40,5,318,2,427
evaluation__7337__deblur__restore__nes__l1,1021,43,4,705,4,822
evaluation__7337__deblur__confidence_boost__nes__l1,1021,36,5,301,2,403
evaluation__1966__denoise__attack__nes__l0.5,1021,39,12,412,2,534
evaluation__1966__denoise__restore__nes__l0.5,1021,38,12,348,2,495
evaluation__1966__denoise__confidence_boost__nes__l0.5,1021,38,18,304,3,418
evaluation__1966__deblur__attack__nes__l1,1021,40,13,672,13,744
evaluation__1966__deblur__restore__nes__l1,1021,38,18,373,9,509
evaluation__1966__deblur__confidence_boost__nes__l1,1021,38,18,432,18,547
evaluation__5246__denoise__attack__nes__l0.5,1021,36,15,225,15,306
evaluation__5246__denoise__restore__nes__l0.5,1021,36,18,245,18,330
evaluation__5246__denoise__confidence_boost__nes__l0.5,1021,37,52,200,52,276
evaluation__5246__deblur__attack__nes__l1,1021,40,3,546,3,701
evaluation__5246__deblur__restore__nes__l1,1021,38,2,638,2,780
evaluation__5246__deblur__confidence_boost__nes__l1,1021,42,2,816,2,883
evaluation__8466__denoise__attack__nes__l0.5,1021,38,6,420,5,555
evaluation__8466__denoise__restore__nes__l0.5,1021,40,2,785,2,881
evaluation__8466__denoise__confidence_boost__nes__l0.5,1021,39,3,659,3,790
evaluation__8466__deblur__attack__nes__l1,1021,37,35,196,35,276
evaluation__8466__deblur__restore__nes__l1,1021,37,18,189,18,260
evaluation__8466__deblur__confidence_boost__nes__l1,1021,37,18,203,2,284
evaluation__2196__denoise__attack__nes__l0.5,1021,35,9,233,2,333
evaluation__2196__denoise__restore__nes__l0.5,1021,39,7,286,2,421
evaluation__2196__denoise__confidence_boost__nes__l0.5,1021,37,5,443,5,574
evaluation__2196__deblur__attack__nes__l1,1021,39,12,626,6,742
evaluation__2196__deblur__restore__nes__l1,1021,36,8,227,8,330
evaluation__2196__deblur__confidence_boost__nes__l1,1021,40,3,702,3,800
evaluation__5383__denoise__attack__nes__l0.5,1021,38,3,304,3,420
evaluation__5383__denoise__restore__nes__l0.5,1021,37,7,208,7,310
evaluation__5383__denoise__confidence_boost__nes__l0.5,1021,39,2,609,2,736
evaluation__5383__deblur__attack__nes__l1,1021,36,18,236,17,342
evaluation__5383__deblur__restore__nes__l1,1021,38,9,512,9,626
evaluation__5383__deblur__confidence_boost__nes__l1,1021,41,9,562,9,676
evaluation__1654__denoise__attack__nes__l0.5,1021,40,7,557,7,646
evaluation__1654__denoise__restore__nes__l0.5,1021,41,3,454,3,576
evaluation__1654__denoise__confidence_boost__nes__l0.5,1021,38,2,580,2,709
evaluation__1654__deblur__attack__nes__l1,1021,37,18,274,18,390
evaluation__1654__deblur__restore__nes__l1,1021,40,18,379,3,475
evaluation__1654__deblur__confidence_boost__nes__l1,1021,36,18,353,9,473
evaluation__6724__denoise__attack__nes__l0.5,1021,38,3,418,3,536
evaluation__6724__denoise__restore__nes__l0.5,1021,39,3,345,3,485
evaluation__6724__denoise__confidence_boost__nes__l0.5,1021,36,5,495,3,659
evaluation__6724__deblur__attack__nes__l1,1021,40,6,548,6,671
evaluation__6724__deblur__restore__nes__l1,1021,40,3,625,3,743
evaluation__6724__deblur__confidence_boost__nes__l1,1021,39,3,448,2,603
evaluation__9247__denoise__attack__nes__l0.5,1021,41,13,549,4,665
evaluation__9247__denoise__restore__nes__l0.5,1021,41,5,612,4,710
evaluation__9247__denoise__confidence_boost__nes__l0.5,1021,39,10,530,10,657
evaluation__9247__deblur__attack__nes__l1,1021,37,7,190,4,261
evaluation__9247__deblur__restore__nes__l1,1021,39,5,334,5,471
evaluation__9247__deblur__confidence_boost__nes__l1,1021,38,2,589,2,732
fit__6772__denoise__attack__nes__l0.5,1021,36,35,206,2,306
fit__6772__denoise__restore__nes__l0.5,1021,39,18,253,18,346
fit__6772__denoise__confidence_boost__nes__l0.5,1021,38,35,243,35,321
fit__6772__deblur__attack__nes__l1,1021,39,6,410,6,526
fit__6772__deblur__restore__nes__l1,1021,38,11,390,11,511
fit__6772__deblur__confidence_boost__nes__l1,1021,40,18,457,18,605
fit__4954__denoise__attack__nes__l0.5,1021,40,4,317,4,459
fit__4954__denoise__restore__nes__l0.5,1021,39,10,548,8,671
fit__4954__denoise__confidence_boost__nes__l0.5,1021,37,4,365,4,503
fit__4954__deblur__attack__nes__l1,1021,38,5,244,5,343
fit__4954__deblur__restore__nes__l1,1021,36,7,247,7,379
fit__4954__deblur__confidence_boost__nes__l1,1021,38,7,372,7,499
fit__2695__denoise__attack__nes__l0.5,1021,40,4,506,4,607
fit__2695__denoise__restore__nes__l0.5,1021,39,18,252,10,353
fit__2695__denoise__confidence_boost__nes__l0.5,1021,40,18,418,4,536
fit__2695__deblur__attack__nes__l1,1021,42,10,719,3,851
fit__2695__deblur__restore__nes__l1,1021,40,2,626,2,758
fit__2695__deblur__confidence_boost__nes__l1,1021,38,5,353,3,479
fit__573__denoise__attack__nes__l0.5,1021,39,4,620,4,724
fit__573__denoise__restore__nes__l0.5,1021,38,3,200,3,291
fit__573__denoise__confidence_boost__nes__l0.5,1021,38,3,334,2,430
fit__573__deblur__attack__nes__l1,1021,39,18,393,6,520
fit__573__deblur__restore__nes__l1,1021,41,3,448,3,596
fit__573__deblur__confidence_boost__nes__l1,1021,37,5,247,5,339
fit__9198__denoise__attack__nes__l0.5,1021,37,14,391,14,523
fit__9198__denoise__restore__nes__l0.5,1021,38,4,349,2,481
fit__9198__denoise__confidence_boost__nes__l0.5,1021,39,5,446,4,560
fit__9198__deblur__attack__nes__l1,1021,38,2,562,2,693
fit__9198__deblur__restore__nes__l1,1021,42,2,678,2,776
fit__9198__deblur__confidence_boost__nes__l1,1021,41,5,650,2,758
fit__3507__denoise__attack__nes__l0.5,1021,41,2,528,2,669
fit__3507__denoise__restore__nes__l0.5,1021,39,2,441,2,592
fit__3507__denoise__confidence_boost__nes__l0.5,1021,39,3,552,3,693
fit__3507__deblur__attack__nes__l1,1021,38,4,397,4,512
fit__3507__deblur__restore__nes__l1,1021,41,8,405,7,555
fit__3507__deblur__confidence_boost__nes__l1,1021,38,6,335,2,470
fit__4420__denoise__attack__nes__l0.5,1021,41,5,336,3,441
fit__4420__denoise__restore__nes__l0.5,1021,40,2,433,2,585
fit__4420__denoise__confidence_boost__nes__l0.5,1021,39,2,462,2,583
fit__4420__deblur__attack__nes__l1,1021,39,2,648,2,754
fit__4420__deblur__restore__nes__l1,1021,41,2,662,2,801
fit__4420__deblur__confidence_boost__nes__l1,1021,38,2,520,2,645
fit__1688__denoise__attack__nes__l0.5,1021,37,7,382,7,502
fit__1688__denoise__restore__nes__l0.5,1021,37,18,299,8,425
fit__1688__denoise__confidence_boost__nes__l0.5,1021,37,5,246,5,399
fit__1688__deblur__attack__nes__l1,1021,37,5,329,3,465
fit__1688__deblur__restore__nes__l1,1021,39,10,517,10,646
fit__1688__deblur__confidence_boost__nes__l1,1021,42,9,510,9,624
fit__743__denoise__attack__nes__l0.5,1021,42,10,425,10,551
fit__743__denoise__restore__nes__l0.5,1021,38,18,343,18,467
fit__743__denoise__confidence_boost__nes__l0.5,1021,38,18,462,18,582
fit__743__deblur__attack__nes__l1,1021,37,13,353,9,487
fit__743__deblur__restore__nes__l1,1021,41,3,381,3,511
fit__743__deblur__confidence_boost__nes__l1,1021,38,2,508,2,650
fit__7703__denoise__attack__nes__l0.5,1021,39,18,500,18,655
fit__7703__denoise__restore__nes__l0.5,1021,40,15,203,15,297
fit__7703__denoise__confidence_boost__nes__l0.5,1021,37,18,283,18,377
fit__7703__deblur__attack__nes__l1,1021,38,15,246,15,351
fit__7703__deblur__restore__nes__l1,1021,38,11,231,7,321
fit__7703__deblur__confidence_boost__nes__l1,1021,36,18,270,4,381
fit__4865__denoise__attack__nes__l0.5,1021,39,5,347,5,459
fit__4865__denoise__restore__nes__l0.5,1021,38,5,467,5,603
fit__4865__denoise__confidence_boost__nes__l0.5,1021,39,3,477,3,600
fit__4865__deblur__attack__nes__l1,1021,39,3,772,3,847
fit__4865__deblur__restore__nes__l1,1021,40,8,602,8,720
fit__4865__deblur__confidence_boost__nes__l1,1021,36,3,379,3,515
fit__4336__denoise__attack__nes__l0.5,1021,41,13,598,13,701
fit__4336__denoise__restore__nes__l0.5,1021,39,12,567,12,673
fit__4336__denoise__confidence_boost__nes__l0.5,1021,37,6,458,6,613
fit__4336__deblur__attack__nes__l1,1021,40,2,487,2,649
fit__4336__deblur__restore__nes__l1,1021,38,3,461,2,582
fit__4336__deblur__confidence_boost__nes__l1,1021,41,4,766,3,873
evaluation__5857__denoise__attack__nes__l0.5,1021,38,7,465,7,602
evaluation__5857__denoise__restore__nes__l0.5,1021,37,3,302,2,444
evaluation__5857__denoise__confidence_boost__nes__l0.5,1021,39,2,606,2,752
evaluation__5857__deblur__attack__nes__l1,1021,38,10,318,8,440
evaluation__5857__deblur__restore__nes__l1,1021,39,14,515,2,634
evaluation__5857__deblur__confidence_boost__nes__l1,1021,37,18,394,8,505
evaluation__8894__denoise__attack__nes__l0.5,1021,40,3,462,2,592
evaluation__8894__denoise__restore__nes__l0.5,1021,37,2,465,2,605
evaluation__8894__denoise__confidence_boost__nes__l0.5,1021,39,2,396,2,478
evaluation__8894__deblur__attack__nes__l1,1021,39,5,482,5,603
evaluation__8894__deblur__restore__nes__l1,1021,41,2,425,2,543
evaluation__8894__deblur__confidence_boost__nes__l1,1021,36,3,254,2,363
evaluation__604__denoise__attack__nes__l0.5,1021,39,6,477,6,595
evaluation__604__denoise__restore__nes__l0.5,1021,41,11,525,11,680
evaluation__604__denoise__confidence_boost__nes__l0.5,1021,37,15,360,5,472
evaluation__604__deblur__attack__nes__l1,1021,38,10,368,3,505
evaluation__604__deblur__restore__nes__l1,1021,38,3,452,3,623
evaluation__604__deblur__confidence_boost__nes__l1,1021,40,3,697,3,838
evaluation__6789__denoise__attack__nes__l0.5,1021,38,18,299,18,402
evaluation__6789__denoise__restore__nes__l0.5,1021,39,8,212,8,302
evaluation__6789__denoise__confidence_boost__nes__l0.5,1021,37,8,303,8,400
evaluation__6789__deblur__attack__nes__l1,1021,39,18,299,14,404
evaluation__6789__deblur__restore__nes__l1,1021,37,3,302,2,422
evaluation__6789__deblur__confidence_boost__nes__l1,1021,38,6,195,6,286
evaluation__9455__denoise__attack__nes__l0.5,1021,40,18,375,18,477
evaluation__9455__denoise__restore__nes__l0.5,1021,37,7,176,7,261
evaluation__9455__denoise__confidence_boost__nes__l0.5,1021,37,12,340,12,440
evaluation__9455__deblur__attack__nes__l1,1021,40,3,565,3,696
evaluation__9455__deblur__restore__nes__l1,1021,40,2,659,2,795
evaluation__9455__deblur__confidence_boost__nes__l1,1021,39,4,674,4,765
evaluation__3573__denoise__attack__nes__l0.5,1021,39,4,434,3,555
evaluation__3573__denoise__restore__nes__l0.5,1021,37,9,205,7,301
evaluation__3573__denoise__confidence_boost__nes__l0.5,1021,37,18,442,18,564
evaluation__3573__deblur__attack__nes__l1,1021,40,10,565,5,681
evaluation__3573__deblur__restore__nes__l1,1021,39,6,650,6,806
evaluation__3573__deblur__confidence_boost__nes__l1,1021,37,12,324,6,461
evaluation__7855__denoise__attack__nes__l0.5,1021,38,4,245,4,375
evaluation__7855__denoise__restore__nes__l0.5,1021,37,4,387,4,513
evaluation__7855__denoise__confidence_boost__nes__l0.5,1021,38,2,367,2,482
evaluation__7855__deblur__attack__nes__l1,1021,39,3,664,2,762
evaluation__7855__deblur__restore__nes__l1,1021,41,8,527,8,653
evaluation__7855__deblur__confidence_boost__nes__l1,1021,38,6,373,3,484
evaluation__2991__denoise__attack__nes__l0.5,1021,40,6,546,2,657
evaluation__2991__denoise__restore__nes__l0.5,1021,38,18,234,4,351
evaluation__2991__denoise__confidence_boost__nes__l0.5,1021,39,6,495,6,602
evaluation__2991__deblur__attack__nes__l1,1021,35,35,165,35,243
evaluation__2991__deblur__restore__nes__l1,1021,38,18,150,18,224
evaluation__2991__deblur__confidence_boost__nes__l1,1021,37,9,386,9,526
evaluation__6079__denoise__attack__nes__l0.5,1021,38,10,524,10,663
evaluation__6079__denoise__restore__nes__l0.5,1021,35,8,170,6,261
evaluation__6079__denoise__confidence_boost__nes__l0.5,1021,37,7,450,7,557
evaluation__6079__deblur__attack__nes__l1,1021,39,5,289,5,424
evaluation__6079__deblur__restore__nes__l1,1021,38,6,423,6,574
evaluation__6079__deblur__confidence_boost__nes__l1,1021,39,6,227,6,327
evaluation__9839__denoise__attack__nes__l0.5,1021,38,2,428,2,578
evaluation__9839__denoise__restore__nes__l0.5,1021,40,3,341,3,459
evaluation__9839__denoise__confidence_boost__nes__l0.5,1021,39,2,388,2,512
evaluation__9839__deblur__attack__nes__l1,1021,37,4,314,4,449
evaluation__9839__deblur__restore__nes__l1,1021,40,13,281,6,440
evaluation__9839__deblur__confidence_boost__nes__l1,1021,36,8,191,8,273
evaluation__3822__denoise__attack__nes__l0.5,1021,39,2,582,2,698
evaluation__3822__denoise__restore__nes__l0.5,1021,41,2,471,2,578
evaluation__3822__denoise__confidence_boost__nes__l0.5,1021,36,11,387,4,519
evaluation__3822__deblur__attack__nes__l1,1021,37,18,398,4,527
evaluation__3822__deblur__restore__nes__l1,1021,39,18,381,18,517
evaluation__3822__deblur__confidence_boost__nes__l1,1021,40,7,578,7,711
evaluation__8354__denoise__attack__nes__l0.5,1021,39,9,588,2,718
evaluation__8354__denoise__restore__nes__l0.5,1021,40,3,421,3,573
evaluation__8354__denoise__confidence_boost__nes__l0.5,1021,40,5,450,5,561
evaluation__8354__deblur__attack__nes__l1,1021,41,35,362,35,500
evaluation__8354__deblur__restore__nes__l1,1021,37,35,198,21,286
evaluation__8354__deblur__confidence_boost__nes__l1,1021,38,14,573,14,693
evaluation__2281__denoise__attack__nes__l0.5,1021,41,18,448,9,545
evaluation__2281__denoise__restore__nes__l0.5,1021,36,35,232,35,339
evaluation__2281__denoise__confidence_boost__nes__l0.5,1021,39,18,381,18,487
evaluation__2281__deblur__attack__nes__l1,1021,40,18,503,18,595
evaluation__2281__deblur__restore__nes__l1,1021,36,35,119,3,201
evaluation__2281__deblur__confidence_boost__nes__l1,1021,39,18,374,18,501
evaluation__6092__denoise__attack__nes__l0.5,1021,39,4,374,4,488
evaluation__6092__denoise__restore__nes__l0.5,1021,35,35,140,35,197
evaluation__6092__denoise__confidence_boost__nes__l0.5,1021,39,11,385,11,524
evaluation__6092__deblur__attack__nes__l1,1021,41,4,399,4,528
evaluation__6092__deblur__restore__nes__l1,1021,39,18,363,10,502
evaluation__6092__deblur__confidence_boost__nes__l1,1021,41,3,479,2,607
evaluation__9759__denoise__attack__nes__l0.5,1021,37,2,223,2,315
evaluation__9759__denoise__restore__nes__l0.5,1021,39,7,260,7,378
evaluation__9759__denoise__confidence_boost__nes__l0.5,1021,40,7,372,7,498
evaluation__9759__deblur__attack__nes__l1,1021,37,15,444,7,573
evaluation__9759__deblur__restore__nes__l1,1021,39,2,651,2,787
evaluation__9759__deblur__confidence_boost__nes__l1,1021,40,4,429,4,553
evaluation__4291__denoise__attack__nes__l0.5,1021,40,3,558,2,684
evaluation__4291__denoise__restore__nes__l0.5,1021,39,3,602,3,725
evaluation__4291__denoise__confidence_boost__nes__l0.5,1021,38,2,678,2,814
evaluation__4291__deblur__attack__nes__l1,1021,38,4,575,4,702
evaluation__4291__deblur__restore__nes__l1,1021,39,2,614,2,749
evaluation__4291__deblur__confidence_boost__nes__l1,1021,37,3,381,2,511
evaluation__7777__denoise__attack__nes__l0.5,1021,42,6,290,2,413
evaluation__7777__denoise__restore__nes__l0.5,1021,38,2,357,2,491
evaluation__7777__denoise__confidence_boost__nes__l0.5,1021,41,5,398,5,550
evaluation__7777__deblur__attack__nes__l1,1021,41,10,520,4,632
evaluation__7777__deblur__restore__nes__l1,1021,40,6,252,6,351
evaluation__7777__deblur__confidence_boost__nes__l1,1021,37,17,401,17,533
evaluation__3317__denoise__attack__nes__l0.5,1021,38,5,513,2,651
evaluation__3317__denoise__restore__nes__l0.5,1021,39,7,533,7,673
evaluation__3317__denoise__confidence_boost__nes__l0.5,1021,39,5,436,2,585
evaluation__3317__deblur__attack__nes__l1,1021,38,5,205,5,300
evaluation__3317__deblur__restore__nes__l1,1021,36,2,220,2,335
evaluation__3317__deblur__confidence_boost__nes__l1,1021,38,6,420,4,563
evaluation__5606__denoise__attack__nes__l0.5,1021,37,18,249,18,335
evaluation__5606__denoise__restore__nes__l0.5,1021,38,13,174,13,241
evaluation__5606__denoise__confidence_boost__nes__l0.5,1021,38,18,431,18,538
evaluation__5606__deblur__attack__nes__l1,1021,41,2,575,2,691
evaluation__5606__deblur__restore__nes__l1,1021,38,2,386,2,525
evaluation__5606__deblur__confidence_boost__nes__l1,1021,38,2,525,2,675
evaluation__8560__denoise__attack__nes__l0.5,1021,41,4,447,3,571
evaluation__8560__denoise__restore__nes__l0.5,1021,40,2,367,2,495
evaluation__8560__denoise__confidence_boost__nes__l0.5,1021,36,3,295,3,388
evaluation__8560__deblur__attack__nes__l1,1021,39,5,342,4,477
evaluation__8560__deblur__restore__nes__l1,1021,37,2,300,2,445
evaluation__8560__deblur__confidence_boost__nes__l1,1021,37,4,437,4,587
evaluation__3138__denoise__attack__nes__l0.5,1021,37,3,378,3,501
evaluation__3138__denoise__restore__nes__l0.5,1021,36,15,254,7,356
evaluation__3138__denoise__confidence_boost__nes__l0.5,1021,38,8,301,3,431
evaluation__3138__deblur__attack__nes__l1,1021,39,2,687,2,812
evaluation__3138__deblur__restore__nes__l1,1021,41,3,898,2,957
evaluation__3138__deblur__confidence_boost__nes__l1,1021,39,5,799,5,883
evaluation__6395__denoise__attack__nes__l0.5,1021,38,6,387,2,507
evaluation__6395__denoise__restore__nes__l0.5,1021,41,3,358,3,477
evaluation__6395__denoise__confidence_boost__nes__l0.5,1021,38,2,521,2,670
evaluation__6395__deblur__attack__nes__l1,1021,40,15,310,8,420
evaluation__6395__deblur__restore__nes__l1,1021,41,3,504,3,631
evaluation__6395__deblur__confidence_boost__nes__l1,1021,38,4,667,4,761
evaluation__2148__denoise__attack__nes__l0.5,1021,38,7,467,7,608
evaluation__2148__denoise__restore__nes__l0.5,1021,38,18,252,7,354
evaluation__2148__denoise__confidence_boost__nes__l0.5,1021,37,18,473,18,599
evaluation__2148__deblur__attack__nes__l1,1021,41,5,327,5,465
evaluation__2148__deblur__restore__nes__l1,1021,40,16,218,16,314
evaluation__2148__deblur__confidence_boost__nes__l1,1021,37,35,212,18,286
evaluation__6749__denoise__attack__nes__l0.5,1021,42,2,688,2,805
evaluation__6749__denoise__restore__nes__l0.5,1021,39,2,459,2,572
evaluation__6749__denoise__confidence_boost__nes__l0.5,1021,38,3,604,3,757
evaluation__6749__deblur__attack__nes__l1,1021,39,2,815,2,900
evaluation__6749__deblur__restore__nes__l1,1021,39,3,490,3,632
evaluation__6749__deblur__confidence_boost__nes__l1,1021,39,3,462,3,610
evaluation__9362__denoise__attack__nes__l0.5,1021,39,5,312,5,413
evaluation__9362__denoise__restore__nes__l0.5,1021,40,4,440,4,579
evaluation__9362__denoise__confidence_boost__nes__l0.5,1021,37,4,396,4,520
evaluation__9362__deblur__attack__nes__l1,1021,37,18,287,13,386
evaluation__9362__deblur__restore__nes__l1,1021,36,2,148,2,216
evaluation__9362__deblur__confidence_boost__nes__l1,1021,36,11,459,11,591
fit__7533__denoise__attack__nes__l0.5,1021,39,5,467,4,632
fit__7533__denoise__restore__nes__l0.5,1021,39,10,435,7,577
fit__7533__denoise__confidence_boost__nes__l0.5,1021,38,13,428,10,548
fit__7533__deblur__attack__nes__l1,1021,37,15,519,13,655
fit__7533__deblur__restore__nes__l1,1021,38,4,454,4,609
fit__7533__deblur__confidence_boost__nes__l1,1021,37,4,611,4,736
fit__6117__denoise__attack__nes__l0.5,1021,39,5,341,4,476
fit__6117__denoise__restore__nes__l0.5,1021,38,5,496,2,627
fit__6117__denoise__confidence_boost__nes__l0.5,1021,39,15,438,5,566
fit__6117__deblur__attack__nes__l1,1021,38,4,230,4,318
fit__6117__deblur__restore__nes__l1,1021,38,2,434,2,601
fit__6117__deblur__confidence_boost__nes__l1,1021,41,4,336,4,453
fit__3480__denoise__attack__nes__l0.5,1021,39,18,289,18,425
fit__3480__denoise__restore__nes__l0.5,1021,35,9,87,6,129
fit__3480__denoise__confidence_boost__nes__l0.5,1021,38,15,431,15,566
fit__3480__deblur__attack__nes__l1,1021,37,16,301,10,420
fit__3480__deblur__restore__nes__l1,1021,38,18,272,4,414
fit__3480__deblur__confidence_boost__nes__l1,1021,37,7,300,7,426
fit__2684__denoise__attack__nes__l0.5,1021,38,6,518,4,641
fit__2684__denoise__restore__nes__l0.5,1021,40,13,581,9,718
fit__2684__denoise__confidence_boost__nes__l0.5,1021,37,6,491,6,632
fit__2684__deblur__attack__nes__l1,1021,38,3,481,3,611
fit__2684__deblur__restore__nes__l1,1021,40,2,687,2,832
fit__2684__deblur__confidence_boost__nes__l1,1021,40,4,661,3,747
fit__9226__denoise__attack__nes__l0.5,1021,38,13,426,13,572
fit__9226__denoise__restore__nes__l0.5,1021,37,3,406,3,536
fit__9226__denoise__confidence_boost__nes__l0.5,1021,39,18,313,17,450
fit__9226__deblur__attack__nes__l1,1021,39,11,383,11,512
fit__9226__deblur__restore__nes__l1,1021,37,15,250,9,358
fit__9226__deblur__confidence_boost__nes__l1,1021,40,9,307,9,445
fit__5329__denoise__attack__nes__l0.5,1021,39,7,355,3,474
fit__5329__denoise__restore__nes__l0.5,1021,38,3,401,3,529
fit__5329__denoise__confidence_boost__nes__l0.5,1021,39,16,497,10,623
fit__5329__deblur__attack__nes__l1,1021,37,2,336,2,452
fit__5329__deblur__restore__nes__l1,1021,39,3,322,3,470
fit__5329__deblur__confidence_boost__nes__l1,1021,38,9,581,3,708
fit__4641__denoise__attack__nes__l0.5,1021,38,5,697,5,807
fit__4641__denoise__restore__nes__l0.5,1021,39,2,712,2,858
fit__4641__denoise__confidence_boost__nes__l0.5,1021,39,4,546,4,674
fit__4641__deblur__attack__nes__l1,1021,36,35,259,4,353
fit__4641__deblur__restore__nes__l1,1021,37,35,179,18,274
fit__4641__deblur__confidence_boost__nes__l1,1021,41,8,466,8,571
fit__4150__denoise__attack__nes__l0.5,1021,42,12,667,10,763
fit__4150__denoise__restore__nes__l0.5,1021,39,6,269,6,390
fit__4150__denoise__confidence_boost__nes__l0.5,1021,40,17,499,17,607
fit__4150__deblur__attack__nes__l1,1021,36,6,229,5,327
fit__4150__deblur__restore__nes__l1,1021,40,3,645,3,776
fit__4150__deblur__confidence_boost__nes__l1,1021,37,2,445,2,581
fit__955__denoise__attack__nes__l0.5,1021,37,8,272,8,389
fit__955__denoise__restore__nes__l0.5,1021,37,3,360,3,491
fit__955__denoise__confidence_boost__nes__l0.5,1021,37,4,191,4,277
fit__955__deblur__attack__nes__l1,1021,37,11,218,4,325
fit__955__deblur__restore__nes__l1,1021,42,11,294,4,434
fit__955__deblur__confidence_boost__nes__l1,1021,37,15,279,7,395
fit__9372__denoise__attack__nes__l0.5,1021,39,2,433,2,555
fit__9372__denoise__restore__nes__l0.5,1021,38,48,201,11,319
fit__9372__denoise__confidence_boost__nes__l0.5,1021,39,14,466,9,589
fit__9372__deblur__attack__nes__l1,1021,39,13,271,13,388
fit__9372__deblur__restore__nes__l1,1021,36,18,196,18,318
fit__9372__deblur__confidence_boost__nes__l1,1021,37,18,475,18,617
fit__6684__denoise__attack__nes__l0.5,1021,40,4,349,4,477
fit__6684__denoise__restore__nes__l0.5,1021,35,2,205,2,289
fit__6684__denoise__confidence_boost__nes__l0.5,1021,40,5,399,2,536
fit__6684__deblur__attack__nes__l1,1021,37,7,455,7,583
fit__6684__deblur__restore__nes__l1,1021,40,5,551,4,696
fit__6684__deblur__confidence_boost__nes__l1,1021,40,2,358,2,508
fit__5137__denoise__attack__nes__l0.5,1021,38,9,510,4,627
fit__5137__denoise__restore__nes__l0.5,1021,39,2,405,2,545
fit__5137__denoise__confidence_boost__nes__l0.5,1021,42,6,414,2,535
fit__5137__deblur__attack__nes__l1,1021,40,4,845,4,916
fit__5137__deblur__restore__nes__l1,1021,40,2,633,2,776
fit__5137__deblur__confidence_boost__nes__l1,1021,41,11,408,9,568
