session_id,queries,max_match,first_alarm,flagged_queries,first_alarm_recorded,flagged_queries_recorded_rule
calibration__864__denoise__attack__nes__l0.5,1021,50,9,348,2,480
calibration__864__denoise__restore__nes__l0.5,1021,48,6,230,6,320
calibration__864__denoise__random_walk__random_walk__l0.5,1024,50,2,1023,2,1023
calibration__864__denoise__confidence_boost__nes__l0.5,1021,48,9,311,6,418
calibration__864__denoise__boundary_probe__nes__l0.5,1021,49,6,447,6,584
calibration__864__denoise__counterfactual__nes__l0.5,1021,49,7,355,7,504
calibration__864__deblur__attack__nes__l1,1021,50,4,473,4,611
calibration__864__deblur__restore__nes__l1,1021,48,6,424,2,557
calibration__864__deblur__random_walk__random_walk__l1,1024,49,2,1023,2,1023
calibration__864__deblur__confidence_boost__nes__l1,1021,47,14,225,14,312
calibration__864__deblur__boundary_probe__nes__l1,1021,48,2,383,2,497
calibration__864__deblur__counterfactual__nes__l1,1021,48,4,395,2,545
calibration__5339__denoise__attack__nes__l0.5,1021,47,5,411,5,554
calibration__5339__denoise__restore__nes__l0.5,1021,48,6,396,6,543
calibration__5339__denoise__random_walk__random_walk__l0.5,1024,49,2,1023,2,1023
calibration__5339__denoise__confidence_boost__nes__l0.5,1021,49,5,422,5,566
calibration__5339__denoise__boundary_probe__nes__l0.5,1021,49,12,359,12,501
calibration__5339__denoise__counterfactual__nes__l0.5,1021,49,6,291,6,410
calibration__5339__deblur__attack__nes__l1,1021,48,5,442,5,578
calibration__5339__deblur__restore__nes__l1,1021,48,13,436,6,596
calibration__5339__deblur__random_walk__random_walk__l1,1024,49,2,1023,2,1023
calibration__5339__deblur__confidence_boost__nes__l1,1021,49,2,324,2,459
calibration__5339__deblur__boundary_probe__nes__l1,1021,48,8,476,8,626
calibration__5339__deblur__counterfactual__nes__l1,1021,48,18,356,11,506
calibration__3930__denoise__attack__nes__l0.5,1021,48,18,192,18,262
calibration__3930__denoise__restore__nes__l0.5,1021,48,18,223,11,335
calibration__3930__denoise__random_walk__random_walk__l0.5,1024,50,2,1023,2,1023
calibration__3930__denoise__confidence_boost__nes__l0.5,1021,48,18,202,4,296
calibration__3930__denoise__boundary_probe__nes__l0.5,1021,48,18,135,10,218
calibration__3930__denoise__counterfactual__nes__l0.5,1021,47,10,186,3,271
calibration__3930__deblur__attack__nes__l1,1021,49,6,497,6,643
calibration__3930__deblur__restore__nes__l1,1021,49,2,638,2,760
calibration__3930__deblur__random_walk__random_walk__l1,1024,50,2,1023,2,1023
calibration__3930__deblur__confidence_boost__nes__l1,1021,49,3,533,2,695
calibration__3930__deblur__boundary_probe__nes__l1,1021,49,2,797,2,906
calibration__3930__deblur__counterfactual__nes__l1,1021,49,2,555,2,715
calibration__9145__denoise__attack__nes__l0.5,1021,49,7,268,7,377
calibration__9145__denoise__restore__nes__l0.5,1021,49,3,577,3,694
calibration__9145__denoise__random_walk__random_walk__l0.5,1024,49,2,1023,2,1023
calibration__9145__denoise__confidence_boost__nes__l0.5,1021,48,5,544,5,650
calibration__9145__denoise__boundary_probe__nes__l0.5,1021,49,18,363,3,494
calibration__9145__denoise__counterfactual__nes__l0.5,1021,48,5,471,5,611
calibration__9145__deblur__attack__nes__l1,1021,48,5,594,5,729
calibration__9145__deblur__restore__nes__l1,1021,48,10,367,10,524
calibration__9145__deblur__random_walk__random_walk__l1,1024,50,2,1023,2,1023
calibration__9145__deblur__confidence_boost__nes__l1,1021,48,10,328,3,466
calibration__9145__deblur__boundary_probe__nes__l1,1021,47,4,517,4,695
calibration__9145__deblur__counterfactual__nes__l1,1021,47,3,337,3,471
calibration__6407__denoise__attack__nes__l0.5,1021,48,5,701,3,843
calibration__6407__denoise__restore__nes__l0.5,1021,50,2,537,2,675
calibration__6407__denoise__random_walk__random_walk__l0.5,1024,49,2,1023,2,1023
calibration__6407__denoise__confidence_boost__nes__l0.5,1021,48,6,748,5,850
calibration__6407__denoise__boundary_probe__nes__l0.5,1021,47,2,616,2,753
calibration__6407__denoise__counterfactual__nes__l0.5,1021,49,2,632,2,765
calibration__6407__deblur__attack__nes__l1,1021,47,14,215,12,327
calibration__6407__deblur__restore__nes__l1,1021,48,15,311,8,439
calibration__6407__deblur__random_walk__random_walk__l1,1024,49,2,1023,2,1023
calibration__6407__deblur__confidence_boost__nes__l1,1021,48,5,406,5,532
calibration__6407__deblur__boundary_probe__nes__l1,1021,49,7,493,7,633
calibration__6407__deblur__counterfactual__nes__l1,1021,47,5,444,5,577
calibration__1597__denoise__attack__nes__l0.5,1021,47,9,598,5,730
calibration__1597__denoise__restore__nes__l0.5,1021,49,2,674,2,797
calibration__1597__denoise__random_walk__random_walk__l0.5,1024,49,2,1023,2,1023
calibration__1597__denoise__confidence_boost__nes__l0.5,1021,50,2,499,2,642
calibration__1597__denoise__boundary_probe__nes__l0.5,1021,49,4,641,4,784
calibration__1597__denoise__counterfactual__nes__l0.5,1021,49,3,619,2,765
calibration__1597__deblur__attack__nes__l1,1021,48,3,248,3,351
calibration__1597__deblur__restore__nes__l1,1021,47,18,284,18,422
calibration__1597__deblur__random_walk__random_walk__l1,1024,49,2,1023,2,1023
calibration__1597__deblur__confidence_boost__nes__l1,1021,48,8,160,8,223
calibration__1597__deblur__boundary_probe__nes__l1,1021,48,3,215,3,320
calibration__1597__deblur__counterfactual__nes__l1,1021,48,2,117,2,169
calibration__6364__denoise__attack__nes__l0.5,1021,49,3,610,3,751
calibration__6364__denoise__restore__nes__l0.5,1021,50,2,727,2,836
calibration__6364__denoise__random_walk__random_walk__l0.5,1024,50,2,1023,2,1023
calibration__6364__denoise__confidence_boost__nes__l0.5,1021,47,5,682,2,826
calibration__6364__denoise__boundary_probe__nes__l0.5,1021,49,2,782,2,900
calibration__6364__denoise__counterfactual__nes__l0.5,1021,49,2,843,2,918
calibration__6364__deblur__attack__nes__l1,1021,47,18,369,5,507
calibration__6364__deblur__restore__nes__l1,1021,49,18,483,8,618
calibration__6364__deblur__random_walk__random_walk__l1,1024,50,2,1023,2,1023
calibration__6364__deblur__confidence_boost__nes__l1,1021,48,5,343,5,485
calibration__6364__deblur__boundary_probe__nes__l1,1021,48,5,590,5,720
calibration__6364__deblur__counterfactual__nes__l1,1021,48,3,212,3,309
calibration__1624__denoise__attack__nes__l0.5,1021,47,2,174,2,247
calibration__1624__denoise__restore__nes__l0.5,1021,48,6,251,6,371
calibration__1624__denoise__random_walk__random_walk__l0.5,1024,50,2,1023,2,1023
calibration__1624__denoise__confidence_boost__nes__l0.5,1021,47,5,275,5,383
calibration__1624__denoise__boundary_probe__nes__l0.5,1021,46,7,159,2,251
calibration__1624__denoise__counterfactual__nes__l0.5,1021,49,2,306,2,420
calibration__1624__deblur__attack__nes__l1,1021,46,18,276,14,410
calibration__1624__deblur__restore__nes__l1,1021,48,18,142,18,203
calibration__1624__deblur__random_walk__random_walk__l1,1024,49,2,1023,2,1023
calibration__1624__deblur__confidence_boost__nes__l1,1021,49,18,254,18,374
calibration__1624__deblur__boundary_probe__nes__l1,1021,48,18,197,18,332
calibration__1624__deblur__counterfactual__nes__l1,1021,48,18,242,13,371
calibration__9116__denoise__attack__nes__l0.5,1021,49,2,686,2,806
calibration__9116__denoise__restore__nes__l0.5,1021,48,2,643,2,775
calibration__9116__denoise__random_walk__random_walk__l0.5,1024,50,2,1023,2,1023
calibration__9116__denoise__confidence_boost__nes__l0.5,1021,48,2,483,2,620
calibration__9116__denoise__boundary_probe__nes__l0.5,1021,49,2,628,2,765
calibration__9116__denoise__counterfactual__nes__l0.5,1021,48,3,573,3,729
calibration__9116__deblur__attack__nes__l1,1021,48,17,223,17,303
calibration__9116__deblur__restore__nes__l1,1021,48,4,247,4,353
calibration__9116__deblur__random_walk__random_walk__l1,1024,49,2,1023,2,1023
calibration__9116__deblur__confidence_boost__nes__l1,1021,49,13,159,3,249
calibration__9116__deblur__boundary_probe__nes__l1,1021,48,18,431,18,567
calibration__9116__deblur__counterfactual__nes__l1,1021,49,18,261,18,372
calibration__3688__denoise__attack__nes__l0.5,1021,48,4,688,2,813
calibration__3688__denoise__restore__nes__l0.5,1021,50,6,662,6,786
calibration__3688__denoise__random_walk__random_walk__l0.5,1024,50,2,1023,2,1023
calibration__3688__denoise__confidence_boost__nes__l0.5,1021,48,4,463,3,618
calibration__3688__denoise__boundary_probe__nes__l0.5,1021,48,2,667,2,804
calibration__3688__denoise__counterfactual__nes__l0.5,1021,48,3,687,3,813
calibration__3688__deblur__attack__nes__l1,1021,49,15,403,13,546
calibration__3688__deblur__restore__nes__l1,1021,49,12,281,5,387
calibration__3688__deblur__random_walk__random_walk__l1,1024,49,2,1023,2,1023
calibration__3688__deblur__confidence_boost__nes__l1,1021,47,3,284,3,433
calibration__3688__deblur__boundary_probe__nes__l1,1021,49,8,359,6,502
calibration__3688__deblur__counterfactual__nes__l1,1021,48,14,413,14,558
calibration__501__denoise__attack__nes__l0.5,1021,48,4,414,4,577
calibration__501__denoise__restore__nes__l0.5,1021,49,8,554,3,671
calibration__501__denoise__random_walk__random_walk__l0.5,1024,49,2,1023,2,1023
calibration__501__denoise__confidence_boost__nes__l0.5,1021,48,2,591,2,720
calibration__501__denoise__boundary_probe__nes__l0.5,1021,47,3,229,3,351
calibration__501__denoise__counterfactual__nes__l0.5,1021,48,4,422,4,572
calibration__501__deblur__attack__nes__l1,1021,48,18,564,3,711
calibration__501__deblur__restore__nes__l1,1021,49,2,583,2,717
calibration__501__deblur__random_walk__random_walk__l1,1024,49,2,1023,2,1023
calibration__501__deblur__confidence_boost__nes__l1,1021,49,5,387,4,528
calibration__501__deblur__boundary_probe__nes__l1,1021,49,7,521,3,673
calibration__501__deblur__counterfactual__nes__l1,1021,48,5,515,2,682
calibration__7874__denoise__attack__nes__l0.5,1021,48,9,548,3,696
calibration__7874__denoise__restore__nes__l0.5,1021,48,5,612,5,753
calibration__7874__denoise__random_walk__random_walk__l0.5,1024,49,2,1023,2,1023
calibration__7874__denoise__confidence_boost__nes__l0.5,1021,48,5,580,3,726
calibration__7874__denoise__boundary_probe__nes__l0.5,1021,48,5,663,3,796
calibration__7874__denoise__counterfactual__nes__l0.5,1021,48,4,469,4,616
calibration__7874__deblur__attack__nes__l1,1021,47,18,156,18,212
calibration__7874__deblur__restore__nes__l1,1021,47,9,217,9,320
calibration__7874__deblur__random_walk__random_walk__l1,1024,50,2,1023,2,1023
calibration__7874__deblur__confidence_boost__nes__l1,1021,48,5,225,5,334
calibration__7874__deblur__boundary_probe__nes__l1,1021,48,14,294,14,396
calibration__7874__deblur__counterfactual__nes__l1,1021,48,9,274,9,373
calibration__3377__denoise__attack__nes__l0.5,1021,48,2,396,2,543
calibration__3377__denoise__restore__nes__l0.5,1021,48,18,277,18,409
calibration__3377__denoise__random_walk__random_walk__l0.5,1024,49,2,1023,2,1023
calibration__3377__denoise__confidence_boost__nes__l0.5,1021,49,6,531,3,667
calibration__3377__denoise__boundary_probe__nes__l0.5,1021,49,18,502,3,650
calibration__3377__denoise__counterfactual__nes__l0.5,1021,48,6,401,3,554
calibration__3377__deblur__attack__nes__l1,1021,48,8,425,8,564
calibration__3377__deblur__restore__nes__l1,1021,48,3,369,3,534
calibration__3377__deblur__random_walk__random_walk__l1,1024,50,2,1023,2,1023
calibration__3377__deblur__confidence_boost__nes__l1,1021,49,18,439,18,604
calibration__3377__deblur__boundary_probe__nes__l1,1021,48,18,397,2,547
calibration__3377__deblur__counterfactual__nes__l1,1021,47,18,289,2,438
calibration__8568__denoise__attack__nes__l0.5,1021,49,12,199,7,274
calibration__8568__denoise__restore__nes__l0.5,1021,49,3,400,3,519
calibration__8568__denoise__random_walk__random_walk__l0.5,1024,49,2,1023,2,1023
calibration__8568__denoise__confidence_boost__nes__l0.5,1021,49,11,204,11,322
calibration__8568__denoise__boundary_probe__nes__l0.5,1021,47,5,283,5,390
calibration__8568__denoise__counterfactual__nes__l0.5,1021,47,9,207,9,325
calibration__8568__deblur__attack__nes__l1,1021,49,3,778,2,888
calibration__8568__deblur__restore__nes__l1,1021,49,3,781,3,881
calibration__8568__deblur__random_walk__random_walk__l1,1024,49,2,1023,2,1023
calibration__8568__deblur__confidence_boost__nes__l1,1021,49,3,650,3,793
calibration__8568__deblur__boundary_probe__nes__l1,1021,48,2,634,2,760
calibration__8568__deblur__counterfactual__nes__l1,1021,49,4,772,4,854
calibration__3803__denoise__attack__nes__l0.5,1021,48,3,745,3,868
calibration__3803__denoise__restore__nes__l0.5,1021,49,5,784,5,880
calibration__3803__denoise__random_walk__random_walk__l0.5,1024,49,2,1023,2,1023
calibration__3803__denoise__confidence_boost__nes__l0.5,1021,50,3,819,3,922
calibration__3803__denoise__boundary_probe__nes__l0.5,1021,49,3,779,3,881
calibration__3803__denoise__counterfactual__nes__l0.5,1021,49,4,515,4,674
calibration__3803__deblur__attack__nes__l1,1021,49,7,644,4,771
calibration__3803__deblur__restore__nes__l1,1021,48,4,574,3,749
calibration__3803__deblur__random_walk__random_walk__l1,1024,49,2,1023,2,1023
calibration__3803__deblur__confidence_boost__nes__l1,1021,47,3,586,3,737
calibration__3803__deblur__boundary_probe__nes__l1,1021,48,6,602,5,749
calibration__3803__deblur__counterfactual__nes__l1,1021,48,2,649,2,759
calibration__157__denoise__attack__nes__l0.5,1021,47,18,192,18,290
calibration__157__denoise__restore__nes__l0.5,1021,48,18,306,18,439
calibration__157__denoise__random_walk__random_walk__l0.5,1024,50,2,1023,2,1023
calibration__157__denoise__confidence_boost__nes__l0.5,1021,49,17,138,17,190
calibration__157__denoise__boundary_probe__nes__l0.5,1021,47,18,193,18,321
calibration__157__denoise__counterfactual__nes__l0.5,1021,48,18,224,18,319
calibration__157__deblur__attack__nes__l1,1021,48,8,395,8,533
calibration__157__deblur__restore__nes__l1,1021,48,18,349,18,472
calibration__157__deblur__random_walk__random_walk__l1,1024,49,2,1023,2,1023
calibration__157__deblur__confidence_boost__nes__l1,1021,47,18,404,13,545
calibration__157__deblur__boundary_probe__nes__l1,1021,48,2,151,2,234
calibration__157__deblur__counterfactual__nes__l1,1021,48,14,395,4,524
calibration__5608__denoise__attack__nes__l0.5,1021,48,8,444,8,608
calibration__5608__denoise__restore__nes__l0.5,1021,50,5,448,4,613
calibration__5608__denoise__random_walk__random_walk__l0.5,1024,50,2,1023,2,1023
calibration__5608__denoise__confidence_boost__nes__l0.5,1021,49,2,559,2,708
calibration__5608__denoise__boundary_probe__nes__l0.5,1021,49,5,578,5,744
calibration__5608__denoise__counterfactual__nes__l0.5,1021,48,3,449,3,616
calibration__5608__deblur__attack__nes__l1,1021,47,2,291,2,426
calibration__5608__deblur__restore__nes__l1,1021,49,2,515,2,652
calibration__5608__deblur__random_walk__random_walk__l1,1024,50,2,1023,2,1023
calibration__5608__deblur__confidence_boost__nes__l1,1021,49,3,539,2,678
calibration__5608__deblur__boundary_probe__nes__l1,1021,49,4,252,4,361
calibration__5608__deblur__counterfactual__nes__l1,1021,48,3,423,3,567
evaluation__2993__denoise__attack__nes__l0.5,1021,47,2,353,2,477
evaluation__2993__denoise__restore__nes__l0.5,1021,48,3,449,3,583
evaluation__2993__denoise__random_walk__random_walk__l0.5,1024,49,2,1023,2,1023
evaluation__2993__denoise__confidence_boost__nes__l0.5,1021,49,4,456,2,589
evaluation__2993__denoise__boundary_probe__nes__l0.5,1021,48,5,489,2,646
evaluation__2993__denoise__counterfactual__nes__l0.5,1021,48,4,589,2,709
evaluation__2993__deblur__attack__nes__l1,1021,47,6,438,6,605
evaluation__2993__deblur__restore__nes__l1,1021,49,5,547,5,686
evaluation__2993__deblur__random_walk__random_walk__l1,1024,49,2,1023,2,1023
evaluation__2993__deblur__confidence_boost__nes__l1,1021,48,3,430,3,572
evaluation__2993__deblur__boundary_probe__nes__l1,1021,48,6,384,6,542
evaluation__2993__deblur__counterfactual__nes__l1,1021,48,8,517,6,653
evaluation__5951__denoise__attack__nes__l0.5,1021,47,16,339,16,454
evaluation__5951__denoise__restore__nes__l0.5,1021,47,18,116,2,179
evaluation__5951__denoise__random_walk__random_walk__l0.5,1024,49,2,1023,2,1023
evaluation__5951__denoise__confidence_boost__nes__l0.5,1021,47,8,115,8,173
evaluation__5951__denoise__boundary_probe__nes__l0.5,1021,47,18,246,5,358
evaluation__5951__denoise__counterfactual__nes__l0.5,1021,49,18,184,11,273
evaluation__5951__deblur__attack__nes__l1,1021,49,2,302,2,425
evaluation__5951__deblur__restore__nes__l1,1021,47,11,215,3,306
evaluation__5951__deblur__random_walk__random_walk__l1,1024,49,2,1023,2,1023
evaluation__5951__deblur__confidence_boost__nes__l1,1021,48,18,326,16,457
evaluation__5951__deblur__boundary_probe__nes__l1,1021,48,14,240,13,356
evaluation__5951__deblur__counterfactual__nes__l1,1021,49,3,322,3,438
evaluation__8970__denoise__attack__nes__l0.5,1021,48,2,400,2,534
evaluation__8970__denoise__restore__nes__l0.5,1021,49,4,452,4,597
evaluation__8970__denoise__random_walk__random_walk__l0.5,1024,49,2,1023,2,1023
evaluation__8970__denoise__confidence_boost__nes__l0.5,1021,48,4,369,4,510
evaluation__8970__denoise__boundary_probe__nes__l0.5,1021,48,5,545,5,675
evaluation__8970__denoise__counterfactual__nes__l0.5,1021,48,6,333,5,467
evaluation__8970__deblur__attack__nes__l1,1021,46,18,149,18,242
evaluation__8970__deblur__restore__nes__l1,1021,48,18,290,18,416
evaluation__8970__deblur__random_walk__random_walk__l1,1024,49,2,1023,2,1023
evaluation__8970__deblur__confidence_boost__nes__l1,1021,47,18,287,11,390
evaluation__8970__deblur__boundary_probe__nes__l1,1021,46,11,197,11,293
evaluation__8970__deblur__counterfactual__nes__l1,1021,49,4,302,4,442
evaluation__1158__denoise__attack__nes__l0.5,1021,47,9,185,3,283
evaluation__1158__denoise__restore__nes__l0.5,1021,49,4,228,4,335
evaluation__1158__denoise__random_walk__random_walk__l0.5,1024,49,2,1023,2,1023
evaluation__1158__denoise__confidence_boost__nes__l0.5,1021,47,11,112,2,167
evaluation__1158__denoise__boundary_probe__nes__l0.5,1021,49,4,295,4,421
evaluation__1158__denoise__counterfactual__nes__l0.5,1021,48,7,166,7,243
evaluation__1158__deblur__attack__nes__l1,1021,48,14,438,14,549
evaluation__1158__deblur__restore__nes__l1,1021,48,13,247,13,334
evaluation__1158__deblur__random_walk__random_walk__l1,1024,49,2,1023,2,1023
evaluation__1158__deblur__confidence_boost__nes__l1,1021,47,5,227,5,326
evaluation__1158__deblur__boundary_probe__nes__l1,1021,47,18,134,2,194
evaluation__1158__deblur__counterfactual__nes__l1,1021,47,18,273,11,408
evaluation__2748__denoise__attack__nes__l0.5,1021,48,5,699,5,808
evaluation__2748__denoise__restore__nes__l0.5,1021,50,2,755,2,872
evaluation__2748__denoise__random_walk__random_walk__l0.5,1024,50,2,1023,2,1023
evaluation__2748__denoise__confidence_boost__nes__l0.5,1021,48,3,822,3,910
evaluation__2748__denoise__boundary_probe__nes__l0.5,1021,48,3,512,2,642
evaluation__2748__denoise__counterfactual__nes__l0.5,1021,49,3,623,3,755
evaluation__2748__deblur__attack__nes__l1,1021,49,2,868,2,933
evaluation__2748__deblur__restore__nes__l1,1021,47,2,791,2,886
evaluation__2748__deblur__random_walk__random_walk__l1,1024,49,2,1023,2,1023
evaluation__2748__deblur__confidence_boost__nes__l1,1021,49,3,814,3,897
evaluation__2748__deblur__boundary_probe__nes__l1,1021,48,2,534,2,687
evaluation__2748__deblur__counterfactual__nes__l1,1021,49,2,866,2,935
evaluation__4025__denoise__attack__nes__l0.5,1021,49,6,525,6,645
evaluation__4025__denoise__restore__nes__l0.5,1021,48,3,576,3,710
evaluation__4025__denoise__random_walk__random_walk__l0.5,1024,50,2,1023,2,1023
evaluation__4025__denoise__confidence_boost__nes__l0.5,1021,49,3,632,3,767
evaluation__4025__denoise__boundary_probe__nes__l0.5,1021,47,6,540,6,675
evaluation__4025__denoise__counterfactual__nes__l0.5,1021,48,9,243,9,384
evaluation__4025__deblur__attack__nes__l1,1021,48,18,298,18,430
evaluation__4025__deblur__restore__nes__l1,1021,47,18,133,18,185
evaluation__4025__deblur__random_walk__random_walk__l1,1024,50,2,1023,2,1023
evaluation__4025__deblur__confidence_boost__nes__l1,1021,46,18,122,18,160
evaluation__4025__deblur__boundary_probe__nes__l1,1021,50,18,193,18,283
evaluation__4025__deblur__counterfactual__nes__l1,1021,48,18,171,18,265
evaluation__8880__denoise__attack__nes__l0.5,1021,48,6,371,6,514
evaluation__8880__denoise__restore__nes__l0.5,1021,48,2,335,2,461
evaluation__8880__denoise__random_walk__random_walk__l0.5,1024,49,2,1023,2,1023
evaluation__8880__denoise__confidence_boost__nes__l0.5,1021,49,15,368,3,492
evaluation__8880__denoise__boundary_probe__nes__l0.5,1021,48,16,258,2,373
evaluation__8880__denoise__counterfactual__nes__l0.5,1021,48,18,266,18,374
evaluation__8880__deblur__attack__nes__l1,1021,48,8,363,8,482
evaluation__8880__deblur__restore__nes__l1,1021,48,4,336,4,485
evaluation__8880__deblur__random_walk__random_walk__l1,1024,49,2,1023,2,1023
evaluation__8880__deblur__confidence_boost__nes__l1,1021,47,18,290,3,407
evaluation__8880__deblur__boundary_probe__nes__l1,1021,47,6,272,6,385
evaluation__8880__deblur__counterfactual__nes__l1,1021,49,15,300,13,423
evaluation__1038__denoise__attack__nes__l0.5,1021,49,2,645,2,791
evaluation__1038__denoise__restore__nes__l0.5,1021,49,8,753,8,860
evaluation__1038__denoise__random_walk__random_walk__l0.5,1024,49,2,1023,2,1023
evaluation__1038__denoise__confidence_boost__nes__l0.5,1021,48,3,800,2,914
evaluation__1038__denoise__boundary_probe__nes__l0.5,1021,49,3,736,2,862
evaluation__1038__denoise__counterfactual__nes__l0.5,1021,48,2,569,2,713
evaluation__1038__deblur__attack__nes__l1,1021,48,2,245,2,370
evaluation__1038__deblur__restore__nes__l1,1021,48,4,402,4,528
evaluation__1038__deblur__random_walk__random_walk__l1,1024,49,2,1023,2,1023
evaluation__1038__deblur__confidence_boost__nes__l1,1021,48,5,246,5,351
evaluation__1038__deblur__boundary_probe__nes__l1,1021,49,14,306,14,416
evaluation__1038__deblur__counterfactual__nes__l1,1021,48,2,189,2,290
evaluation__4546__denoise__attack__nes__l0.5,1021,48,8,559,3,709
evaluation__4546__denoise__restore__nes__l0.5,1021,49,2,540,2,683
evaluation__4546__denoise__random_walk__random_walk__l0.5,1024,49,2,1023,2,1023
evaluation__4546__denoise__confidence_boost__nes__l0.5,1021,49,3,531,3,688
evaluation__4546__denoise__boundary_probe__nes__l0.5,1021,50,4,712,2,831
evaluation__4546__denoise__counterfactual__nes__l0.5,1021,48,3,382,3,529
evaluation__4546__deblur__attack__nes__l1,1021,48,2,683,2,817
evaluation__4546__deblur__restore__nes__l1,1021,48,3,884,3,950
evaluation__4546__deblur__random_walk__random_walk__l1,1024,49,2,1023,2,1023
evaluation__4546__deblur__confidence_boost__nes__l1,1021,49,4,890,4,951
evaluation__4546__deblur__boundary_probe__nes__l1,1021,48,2,712,2,832
evaluation__4546__deblur__counterfactual__nes__l1,1021,48,3,877,2,947
evaluation__8284__denoise__attack__nes__l0.5,1021,48,10,456,10,592
evaluation__8284__denoise__restore__nes__l0.5,1021,48,13,393,11,519
evaluation__8284__denoise__random_walk__random_walk__l0.5,1024,50,2,1023,2,1023
evaluation__8284__denoise__confidence_boost__nes__l0.5,1021,49,3,479,3,615
evaluation__8284__denoise__boundary_probe__nes__l0.5,1021,48,7,454,3,593
evaluation__8284__denoise__counterfactual__nes__l0.5,1021,48,3,425,3,571
evaluation__8284__deblur__attack__nes__l1,1021,48,2,662,2,790
evaluation__8284__deblur__restore__nes__l1,1021,49,2,784,2,900
evaluation__8284__deblur__random_walk__random_walk__l1,1024,49,2,1023,2,1023
evaluation__8284__deblur__confidence_boost__nes__l1,1021,49,3,821,3,921
evaluation__8284__deblur__boundary_probe__nes__l1,1021,49,2,782,2,895
evaluation__8284__deblur__counterfactual__nes__l1,1021,49,4,864,2,945
evaluation__3329__denoise__attack__nes__l0.5,1021,48,14,255,14,365
evaluation__3329__denoise__restore__nes__l0.5,1021,48,14,258,12,346
evaluation__3329__denoise__random_walk__random_walk__l0.5,1024,49,2,1023,2,1023
evaluation__3329__denoise__confidence_boost__nes__l0.5,1021,48,18,162,8,240
evaluation__3329__denoise__boundary_probe__nes__l0.5,1021,49,18,250,18,364
evaluation__3329__denoise__counterfactual__nes__l0.5,1021,48,7,285,5,428
evaluation__3329__deblur__attack__nes__l1,1021,49,4,656,4,777
evaluation__3329__deblur__restore__nes__l1,1021,47,10,452,3,594
evaluation__3329__deblur__random_walk__random_walk__l1,1024,49,2,1023,2,1023
evaluation__3329__deblur__confidence_boost__nes__l1,1021,48,7,509,7,657
evaluation__3329__deblur__boundary_probe__nes__l1,1021,49,5,589,5,740
evaluation__3329__deblur__counterfactual__nes__l1,1021,48,5,607,5,735
evaluation__5815__denoise__attack__nes__l0.5,1021,48,18,128,9,181
evaluation__5815__denoise__restore__nes__l0.5,1021,47,18,175,18,265
evaluation__5815__denoise__random_walk__random_walk__l0.5,1024,49,2,1023,2,1023
evaluation__5815__denoise__confidence_boost__nes__l0.5,1021,48,3,159,3,229
evaluation__5815__denoise__boundary_probe__nes__l0.5,1021,47,18,138,18,211
evaluation__5815__denoise__counterfactual__nes__l0.5,1021,47,18,136,18,205
evaluation__5815__deblur__attack__nes__l1,1021,49,17,361,3,509
evaluation__5815__deblur__restore__nes__l1,1021,48,3,332,3,458
evaluation__5815__deblur__random_walk__random_walk__l1,1024,50,2,1023,2,1023
evaluation__5815__deblur__confidence_boost__nes__l1,1021,48,3,408,3,564
evaluation__5815__deblur__boundary_probe__nes__l1,1021,49,4,330,4,475
evaluation__5815__deblur__counterfactual__nes__l1,1021,48,18,524,18,676
evaluation__7854__denoise__attack__nes__l0.5,1021,47,12,378,9,515
evaluation__7854__denoise__restore__nes__l0.5,1021,48,3,444,3,601
evaluation__7854__denoise__random_walk__random_walk__l0.5,1024,50,2,1023,2,1023
evaluation__7854__denoise__confidence_boost__nes__l0.5,1021,48,3,376,3,539
evaluation__7854__denoise__boundary_probe__nes__l0.5,1021,48,3,498,3,672
evaluation__7854__denoise__counterfactual__nes__l0.5,1021,48,18,308,18,455
evaluation__7854__deblur__attack__nes__l1,1021,47,16,141,9,216
evaluation__7854__deblur__restore__nes__l1,1021,48,9,128,9,197
evaluation__7854__deblur__random_walk__random_walk__l1,1024,49,2,1023,2,1023
evaluation__7854__deblur__confidence_boost__nes__l1,1021,48,18,230,6,341
evaluation__7854__deblur__boundary_probe__nes__l1,1021,47,18,154,18,229
evaluation__7854__deblur__counterfactual__nes__l1,1021,47,18,174,5,252
evaluation__236__denoise__attack__nes__l0.5,1021,49,3,744,3,863
evaluation__236__denoise__restore__nes__l0.5,1021,49,2,836,2,908
evaluation__236__denoise__random_walk__random_walk__l0.5,1024,49,2,1023,2,1023
evaluation__236__denoise__confidence_boost__nes__l0.5,1021,48,3,464,3,617
evaluation__236__denoise__boundary_probe__nes__l0.5,1021,48,2,674,2,828
evaluation__236__denoise__counterfactual__nes__l0.5,1021,49,2,513,2,678
evaluation__236__deblur__attack__nes__l1,1021,48,10,208,10,309
evaluation__236__deblur__restore__nes__l1,1021,49,18,294,6,438
evaluation__236__deblur__random_walk__random_walk__l1,1024,49,2,1023,2,1023
evaluation__236__deblur__confidence_boost__nes__l1,1021,48,2,406,2,544
evaluation__236__deblur__boundary_probe__nes__l1,1021,48,18,472,9,643
evaluation__236__deblur__counterfactual__nes__l1,1021,49,18,288,12,412
evaluation__4578__denoise__attack__nes__l0.5,1021,48,5,368,4,554
evaluation__4578__denoise__restore__nes__l0.5,1021,48,13,611,9,756
evaluation__4578__denoise__random_walk__random_walk__l0.5,1024,50,2,1023,2,1023
evaluation__4578__denoise__confidence_boost__nes__l0.5,1021,48,8,653,8,780
evaluation__4578__denoise__boundary_probe__nes__l0.5,1021,49,5,448,5,614
evaluation__4578__denoise__counterfactual__nes__l0.5,1021,48,2,359,2,513
evaluation__4578__deblur__attack__nes__l1,1021,48,18,432,7,568
evaluation__4578__deblur__restore__nes__l1,1021,49,5,447,2,616
evaluation__4578__deblur__random_walk__random_walk__l1,1024,50,2,1023,2,1023
evaluation__4578__deblur__confidence_boost__nes__l1,1021,48,4,297,4,424
evaluation__4578__deblur__boundary_probe__nes__l1,1021,49,2,431,2,590
evaluation__4578__deblur__counterfactual__nes__l1,1021,48,3,523,3,642
evaluation__6582__denoise__attack__nes__l0.5,1021,48,18,364,3,502
evaluation__6582__denoise__restore__nes__l0.5,1021,48,15,258,4,362
evaluation__6582__denoise__random_walk__random_walk__l0.5,1024,50,2,1023,2,1023
evaluation__6582__denoise__confidence_boost__nes__l0.5,1021,49,13,313,4,443
evaluation__6582__denoise__boundary_probe__nes__l0.5,1021,49,18,297,18,425
evaluation__6582__denoise__counterfactual__nes__l0.5,1021,49,10,328,3,448
evaluation__6582__deblur__attack__nes__l1,1021,48,8,384,6,531
evaluation__6582__deblur__restore__nes__l1,1021,48,6,454,6,587
evaluation__6582__deblur__random_walk__random_walk__l1,1024,49,2,1023,2,1023
evaluation__6582__deblur__confidence_boost__nes__l1,1021,49,17,408,17,563
evaluation__6582__deblur__boundary_probe__nes__l1,1021,49,5,324,2,477
evaluation__6582__deblur__counterfactual__nes__l1,1021,46,4,251,4,370
evaluation__8497__denoise__attack__nes__l0.5,1021,49,2,430,2,581
evaluation__8497__denoise__restore__nes__l0.5,1021,48,2,493,2,633
evaluation__8497__denoise__random_walk__random_walk__l0.5,1024,49,2,1023,2,1023
evaluation__8497__denoise__confidence_boost__nes__l0.5,1021,48,6,582,3,733
evaluation__8497__denoise__boundary_probe__nes__l0.5,1021,49,3,554,3,690
evaluation__8497__denoise__counterfactual__nes__l0.5,1021,48,3,453,3,615
evaluation__8497__deblur__attack__nes__l1,1021,48,18,260,16,394
evaluation__8497__deblur__restore__nes__l1,1021,48,3,332,3,478
evaluation__8497__deblur__random_walk__random_walk__l1,1024,49,2,1023,2,1023
evaluation__8497__deblur__confidence_boost__nes__l1,1021,49,18,304,18,449
evaluation__8497__deblur__boundary_probe__nes__l1,1021,48,18,253,8,371
evaluation__8497__deblur__counterfactual__nes__l1,1021,47,18,372,18,519
evaluation__4259__denoise__attack__nes__l0.5,1021,50,4,346,4,484
evaluation__4259__denoise__restore__nes__l0.5,1021,48,8,343,8,485
evaluation__4259__denoise__random_walk__random_walk__l0.5,1024,49,2,1023,2,1023
evaluation__4259__denoise__confidence_boost__nes__l0.5,1021,47,5,273,5,399
evaluation__4259__denoise__boundary_probe__nes__l0.5,1021,49,4,428,4,579
evaluation__4259__denoise__counterfactual__nes__l0.5,1021,48,3,439,3,583
evaluation__4259__deblur__attack__nes__l1,1021,49,3,630,3,789
evaluation__4259__deblur__restore__nes__l1,1021,49,2,557,2,708
evaluation__4259__deblur__random_walk__random_walk__l1,1024,49,2,1023,2,1023
evaluation__4259__deblur__confidence_boost__nes__l1,1021,49,2,801,2,902
evaluation__4259__deblur__boundary_probe__nes__l1,1021,49,4,686,2,831
evaluation__4259__deblur__counterfactual__nes__l1,1021,49,7,721,2,824
evaluation__5269__denoise__attack__nes__l0.5,1021,48,2,572,2,732
evaluation__5269__denoise__restore__nes__l0.5,1021,47,4,566,4,713
evaluation__5269__denoise__random_walk__random_walk__l0.5,1024,49,2,1023,2,1023
evaluation__5269__denoise__confidence_boost__nes__l0.5,1021,49,8,612,4,738
evaluation__5269__denoise__boundary_probe__nes__l0.5,1021,48,4,485,2,651
evaluation__5269__denoise__counterfactual__nes__l0.5,1021,49,8,565,8,694
evaluation__5269__deblur__attack__nes__l1,1021,46,11,186,11,276
evaluation__5269__deblur__restore__nes__l1,1021,48,10,251,8,344
evaluation__5269__deblur__random_walk__random_walk__l1,1024,49,2,1023,2,1023
evaluation__5269__deblur__confidence_boost__nes__l1,1021,48,2,290,2,410
evaluation__5269__deblur__boundary_probe__nes__l1,1021,48,2,206,2,306
evaluation__5269__deblur__counterfactual__nes__l1,1021,48,3,120,3,171
evaluation__8904__denoise__attack__nes__l0.5,1021,48,3,690,3,814
evaluation__8904__denoise__restore__nes__l0.5,1021,50,3,759,3,867
evaluation__8904__denoise__random_walk__random_walk__l0.5,1024,49,2,1023,2,1023
evaluation__8904__denoise__confidence_boost__nes__l0.5,1021,48,4,822,4,917
evaluation__8904__denoise__boundary_probe__nes__l0.5,1021,49,4,944,3,982
evaluation__8904__denoise__counterfactual__nes__l0.5,1021,48,3,742,3,863
evaluation__8904__deblur__attack__nes__l1,1021,48,3,538,3,676
evaluation__8904__deblur__restore__nes__l1,1021,47,5,505,5,652
evaluation__8904__deblur__random_walk__random_walk__l1,1024,50,2,1023,2,1023
evaluation__8904__deblur__confidence_boost__nes__l1,1021,50,2,602,2,760
evaluation__8904__deblur__boundary_probe__nes__l1,1021,49,5,427,3,575
evaluation__8904__deblur__counterfactual__nes__l1,1021,49,2,667,2,803
evaluation__610__denoise__attack__nes__l0.5,1021,49,2,708,2,829
evaluation__610__denoise__restore__nes__l0.5,1021,49,3,443,3,604
evaluation__610__denoise__random_walk__random_walk__l0.5,1024,49,2,1023,2,1023
evaluation__610__denoise__confidence_boost__nes__l0.5,1021,48,14,474,11,640
evaluation__610__denoise__boundary_probe__nes__l0.5,1021,49,3,520,2,675
evaluation__610__denoise__counterfactual__nes__l0.5,1021,47,7,568,6,723
evaluation__610__deblur__attack__nes__l1,1021,49,4,877,4,939
evaluation__610__deblur__restore__nes__l1,1021,49,2,622,2,767
evaluation__610__deblur__random_walk__random_walk__l1,1024,50,2,1023,2,1023
evaluation__610__deblur__confidence_boost__nes__l1,1021,49,2,843,2,910
evaluation__610__deblur__boundary_probe__nes__l1,1021,49,2,815,2,885
evaluation__610__deblur__counterfactual__nes__l1,1021,47,2,824,2,911
evaluation__2865__denoise__attack__nes__l0.5,1021,49,2,375,2,518
evaluation__2865__denoise__restore__nes__l0.5,1021,48,11,303,6,422
evaluation__2865__denoise__random_walk__random_walk__l0.5,1024,49,2,1023,2,1023
evaluation__2865__denoise__confidence_boost__nes__l0.5,1021,49,15,431,5,573
evaluation__2865__denoise__boundary_probe__nes__l0.5,1021,48,2,498,2,635
evaluation__2865__denoise__counterfactual__nes__l0.5,1021,47,7,242,7,338
evaluation__2865__deblur__attack__nes__l1,1021,48,4,564,4,697
evaluation__2865__deblur__restore__nes__l1,1021,48,5,386,5,507
evaluation__2865__deblur__random_walk__random_walk__l1,1024,50,2,1023,2,1023
evaluation__2865__deblur__confidence_boost__nes__l1,1021,48,2,682,2,782
evaluation__2865__deblur__boundary_probe__nes__l1,1021,47,3,452,2,570
evaluation__2865__deblur__counterfactual__nes__l1,1021,48,5,364,5,470
evaluation__6645__denoise__attack__nes__l0.5,1021,48,18,189,18,283
evaluation__6645__denoise__restore__nes__l0.5,1021,48,18,218,18,321
evaluation__6645__denoise__random_walk__random_walk__l0.5,1024,49,2,1023,2,1023
evaluation__6645__denoise__confidence_boost__nes__l0.5,1021,45,18,143,18,206
evaluation__6645__denoise__boundary_probe__nes__l0.5,1021,45,18,144,17,217
evaluation__6645__denoise__counterfactual__nes__l0.5,1021,48,18,175,18,244
evaluation__6645__deblur__attack__nes__l1,1021,46,6,301,6,454
evaluation__6645__deblur__restore__nes__l1,1021,47,18,353,15,480
evaluation__6645__deblur__random_walk__random_walk__l1,1024,49,2,1023,2,1023
evaluation__6645__deblur__confidence_boost__nes__l1,1021,48,18,359,6,488
evaluation__6645__deblur__boundary_probe__nes__l1,1021,49,5,322,5,470
evaluation__6645__deblur__counterfactual__nes__l1,1021,47,18,348,2,492
evaluation__1476__denoise__attack__nes__l0.5,1021,48,18,243,18,348
evaluation__1476__denoise__restore__nes__l0.5,1021,49,18,185,18,281
evaluation__1476__denoise__random_walk__random_walk__l0.5,1024,49,2,1023,2,1023
evaluation__1476__denoise__confidence_boost__nes__l0.5,1021,48,18,108,18,158
evaluation__1476__denoise__boundary_probe__nes__l0.5,1021,47,12,180,12,268
evaluation__1476__denoise__counterfactual__nes__l0.5,1021,47,18,203,18,307
evaluation__1476__deblur__attack__nes__l1,1021,49,2,452,2,600
evaluation__1476__deblur__restore__nes__l1,1021,49,3,769,3,847
evaluation__1476__deblur__random_walk__random_walk__l1,1024,49,2,1023,2,1023
evaluation__1476__deblur__confidence_boost__nes__l1,1021,49,13,620,13,750
evaluation__1476__deblur__boundary_probe__nes__l1,1021,48,4,581,2,728
evaluation__1476__deblur__counterfactual__nes__l1,1021,49,3,578,3,714
evaluation__3876__denoise__attack__nes__l0.5,1021,48,3,345,3,506
evaluation__3876__denoise__restore__nes__l0.5,1021,49,7,436,7,579
evaluation__3876__denoise__random_walk__random_walk__l0.5,1024,50,2,1023,2,1023
evaluation__3876__denoise__confidence_boost__nes__l0.5,1021,48,12,434,12,589
evaluation__3876__denoise__boundary_probe__nes__l0.5,1021,48,5,462,5,597
evaluation__3876__denoise__counterfactual__nes__l0.5,1021,47,9,425,9,565
evaluation__3876__deblur__attack__nes__l1,1021,48,2,798,2,891
evaluation__3876__deblur__restore__nes__l1,1021,48,5,834,2,917
evaluation__3876__deblur__random_walk__random_walk__l1,1024,49,2,1023,2,1023
evaluation__3876__deblur__confidence_boost__nes__l1,1021,49,2,400,2,584
evaluation__3876__deblur__boundary_probe__nes__l1,1021,49,2,650,2,797
evaluation__3876__deblur__counterfactual__nes__l1,1021,49,3,699,2,826
evaluation__6099__denoise__attack__nes__l0.5,1021,49,2,490,2,637
evaluation__6099__denoise__restore__nes__l0.5,1021,48,6,337,4,461
evaluation__6099__denoise__random_walk__random_walk__l0.5,1024,49,2,1023,2,1023
evaluation__6099__denoise__confidence_boost__nes__l0.5,1021,49,7,452,7,600
evaluation__6099__denoise__boundary_probe__nes__l0.5,1021,49,5,513,5,670
evaluation__6099__denoise__counterfactual__nes__l0.5,1021,47,6,238,6,342
evaluation__6099__deblur__attack__nes__l1,1021,48,18,112,18,157
evaluation__6099__deblur__restore__nes__l1,1021,47,18,123,18,182
evaluation__6099__deblur__random_walk__random_walk__l1,1024,49,2,1023,2,1023
evaluation__6099__deblur__confidence_boost__nes__l1,1021,48,18,158,18,224
evaluation__6099__deblur__boundary_probe__nes__l1,1021,48,18,200,18,297
evaluation__6099__deblur__counterfactual__nes__l1,1021,48,18,241,18,334
evaluation__9478__denoise__attack__nes__l0.5,1021,50,12,461,4,608
evaluation__9478__denoise__restore__nes__l0.5,1021,48,3,376,3,524
evaluation__9478__denoise__random_walk__random_walk__l0.5,1024,50,2,1023,2,1023
evaluation__9478__denoise__confidence_boost__nes__l0.5,1021,49,3,356,3,482
evaluation__9478__denoise__boundary_probe__nes__l0.5,1021,49,15,466,15,624
evaluation__9478__denoise__counterfactual__nes__l0.5,1021,49,16,484,16,621
evaluation__9478__deblur__attack__nes__l1,1021,47,9,479,9,620
evaluation__9478__deblur__restore__nes__l1,1021,47,2,542,2,711
evaluation__9478__deblur__random_walk__random_walk__l1,1024,49,2,1023,2,1023
evaluation__9478__deblur__confidence_boost__nes__l1,1021,48,7,341,3,507
evaluation__9478__deblur__boundary_probe__nes__l1,1021,48,12,604,7,746
evaluation__9478__deblur__counterfactual__nes__l1,1021,49,2,433,2,585
evaluation__1826__denoise__attack__nes__l0.5,1021,48,8,265,5,379
evaluation__1826__denoise__restore__nes__l0.5,1021,47,2,198,2,294
evaluation__1826__denoise__random_walk__random_walk__l0.5,1024,49,2,1023,2,1023
evaluation__1826__denoise__confidence_boost__nes__l0.5,1021,50,4,427,4,542
evaluation__1826__denoise__boundary_probe__nes__l0.5,1021,47,10,290,2,399
evaluation__1826__denoise__counterfactual__nes__l0.5,1021,47,3,210,3,324
evaluation__1826__deblur__attack__nes__l1,1021,47,8,392,5,525
evaluation__1826__deblur__restore__nes__l1,1021,48,3,626,3,767
evaluation__1826__deblur__random_walk__random_walk__l1,1024,49,2,1023,2,1023
evaluation__1826__deblur__confidence_boost__nes__l1,1021,49,5,407,3,593
evaluation__1826__deblur__boundary_probe__nes__l1,1021,49,4,418,4,552
evaluation__1826__deblur__counterfactual__nes__l1,1021,48,9,485,3,620
evaluation__5188__denoise__attack__nes__l0.5,1021,48,2,736,2,848
evaluation__5188__denoise__restore__nes__l0.5,1021,48,2,599,2,732
evaluation__5188__denoise__random_walk__random_walk__l0.5,1024,50,2,1023,2,1023
evaluation__5188__denoise__confidence_boost__nes__l0.5,1021,48,3,490,2,659
evaluation__5188__denoise__boundary_probe__nes__l0.5,1021,48,2,786,2,891
evaluation__5188__denoise__counterfactual__nes__l0.5,1021,48,2,777,2,891
evaluation__5188__deblur__attack__nes__l1,1021,47,8,157,8,232
evaluation__5188__deblur__restore__nes__l1,1021,49,18,161,18,260
evaluation__5188__deblur__random_walk__random_walk__l1,1024,49,2,1023,2,1023
evaluation__5188__deblur__confidence_boost__nes__l1,1021,49,5,344,5,484
evaluation__5188__deblur__boundary_probe__nes__l1,1021,48,5,252,5,352
evaluation__5188__deblur__counterfactual__nes__l1,1021,48,10,219,10,328
evaluation__9018__denoise__attack__nes__l0.5,1021,49,18,328,7,444
evaluation__9018__denoise__restore__nes__l0.5,1021,48,4,383,4,521
evaluation__9018__denoise__random_walk__random_walk__l0.5,1024,50,2,1023,2,1023
evaluation__9018__denoise__confidence_boost__nes__l0.5,1021,48,14,237,3,342
evaluation__9018__denoise__boundary_probe__nes__l0.5,1021,47,8,340,8,474
evaluation__9018__denoise__counterfactual__nes__l0.5,1021,47,18,226,18,341
evaluation__9018__deblur__attack__nes__l1,1021,48,18,284,18,410
evaluation__9018__deblur__restore__nes__l1,1021,48,13,478,13,620
evaluation__9018__deblur__random_walk__random_walk__l1,1024,49,2,1023,2,1023
evaluation__9018__deblur__confidence_boost__nes__l1,1021,47,18,250,16,376
evaluation__9018__deblur__boundary_probe__nes__l1,1021,48,9,383,9,515
evaluation__9018__deblur__counterfactual__nes__l1,1021,48,8,305,8,436
evaluation__1387__denoise__attack__nes__l0.5,1021,48,3,679,3,817
evaluation__1387__denoise__restore__nes__l0.5,1021,48,3,528,3,671
evaluation__1387__denoise__random_walk__random_walk__l0.5,1024,50,2,1023,2,1023
evaluation__1387__denoise__confidence_boost__nes__l0.5,1021,49,17,374,3,526
evaluation__1387__denoise__boundary_probe__nes__l0.5,1021,48,2,505,2,652
evaluation__1387__denoise__counterfactual__nes__l0.5,1021,48,4,541,4,687
evaluation__1387__deblur__attack__nes__l1,1021,47,6,294,6,410
evaluation__1387__deblur__restore__nes__l1,1021,47,15,179,15,272
evaluation__1387__deblur__random_walk__random_walk__l1,1024,49,2,1023,2,1023
evaluation__1387__deblur__confidence_boost__nes__l1,1021,48,3,345,3,510
evaluation__1387__deblur__boundary_probe__nes__l1,1021,48,11,438,11,574
evaluation__1387__deblur__counterfactual__nes__l1,1021,48,8,383,7,524
evaluation__3727__denoise__attack__nes__l0.5,1021,48,6,321,2,464
evaluation__3727__denoise__restore__nes__l0.5,1021,49,3,342,3,502
evaluation__3727__denoise__random_walk__random_walk__l0.5,1024,49,2,1023,2,1023
evaluation__3727__denoise__confidence_boost__nes__l0.5,1021,48,2,354,2,487
evaluation__3727__denoise__boundary_probe__nes__l0.5,1021,48,7,382,7,514
evaluation__3727__denoise__counterfactual__nes__l0.5,1021,48,2,393,2,531
evaluation__3727__deblur__attack__nes__l1,1021,48,2,565,2,701
evaluation__3727__deblur__restore__nes__l1,1021,48,3,535,3,692
evaluation__3727__deblur__random_walk__random_walk__l1,1024,49,2,1023,2,1023
evaluation__3727__deblur__confidence_boost__nes__l1,1021,49,7,693,2,799
evaluation__3727__deblur__boundary_probe__nes__l1,1021,48,4,598,2,733
evaluation__3727__deblur__counterfactual__nes__l1,1021,48,3,558,3,699
evaluation__6435__denoise__attack__nes__l0.5,1021,47,4,764,4,887
evaluation__6435__denoise__restore__nes__l0.5,1021,47,3,715,2,841
evaluation__6435__denoise__random_walk__random_walk__l0.5,1024,50,2,1023,2,1023
evaluation__6435__denoise__confidence_boost__nes__l0.5,1021,48,2,779,2,886
evaluation__6435__denoise__boundary_probe__nes__l0.5,1021,48,5,710,5,846
evaluation__6435__denoise__counterfactual__nes__l0.5,1021,49,2,647,2,793
evaluation__6435__deblur__attack__nes__l1,1021,48,6,431,6,598
evaluation__6435__deblur__restore__nes__l1,1021,49,10,434,10,565
evaluation__6435__deblur__random_walk__random_walk__l1,1024,50,2,1023,2,1023
evaluation__6435__deblur__confidence_boost__nes__l1,1021,49,4,537,4,720
evaluation__6435__deblur__boundary_probe__nes__l1,1021,48,8,473,8,622
evaluation__6435__deblur__counterfactual__nes__l1,1021,49,6,486,6,642
fit__90__denoise__attack__nes__l0.5,1021,48,5,411,5,563
fit__90__denoise__restore__nes__l0.5,1021,50,9,536,9,678
fit__90__denoise__random_walk__random_walk__l0.5,1024,49,2,1023,2,1023
fit__90__denoise__confidence_boost__nes__l0.5,1021,47,7,392,7,543
fit__90__denoise__boundary_probe__nes__l0.5,1021,48,7,372,4,530
fit__90__denoise__counterfactual__nes__l0.5,1021,48,2,492,2,662
fit__90__deblur__attack__nes__l1,1021,48,8,423,8,552
fit__90__deblur__restore__nes__l1,1021,48,3,259,2,376
fit__90__deblur__random_walk__random_walk__l1,1024,49,2,1023,2,1023
fit__90__deblur__confidence_boost__nes__l1,1021,49,18,459,11,587
fit__90__deblur__boundary_probe__nes__l1,1021,49,6,274,6,389
fit__90__deblur__counterfactual__nes__l1,1021,49,7,374,3,526
fit__7069__denoise__attack__nes__l0.5,1021,49,9,366,9,520
fit__7069__denoise__restore__nes__l0.5,1021,48,15,321,2,461
fit__7069__denoise__random_walk__random_walk__l0.5,1024,49,2,1023,2,1023
fit__7069__denoise__confidence_boost__nes__l0.5,1021,47,18,343,18,474
fit__7069__denoise__boundary_probe__nes__l0.5,1021,49,2,460,2,609
fit__7069__denoise__counterfactual__nes__l0.5,1021,49,13,297,13,406
fit__7069__deblur__attack__nes__l1,1021,49,4,652,4,788
fit__7069__deblur__restore__nes__l1,1021,48,4,588,2,729
fit__7069__deblur__random_walk__random_walk__l1,1024,49,2,1023,2,1023
fit__7069__deblur__confidence_boost__nes__l1,1021,49,2,669,2,791
fit__7069__deblur__boundary_probe__nes__l1,1021,49,3,744,3,862
fit__7069__deblur__counterfactual__nes__l1,1021,48,9,688,9,812
fit__2620__denoise__attack__nes__l0.5,1021,48,6,545,6,695
fit__2620__denoise__restore__nes__l0.5,1021,48,2,729,2,834
fit__2620__denoise__random_walk__random_walk__l0.5,1024,50,2,1023,2,1023
fit__2620__denoise__confidence_boost__nes__l0.5,1021,48,4,539,4,691
fit__2620__denoise__boundary_probe__nes__l0.5,1021,48,5,779,5,884
fit__2620__denoise__counterfactual__nes__l0.5,1021,48,6,619,6,773
fit__2620__deblur__attack__nes__l1,1021,49,2,257,2,369
fit__2620__deblur__restore__nes__l1,1021,47,6,248,6,354
fit__2620__deblur__random_walk__random_walk__l1,1024,49,2,1023,2,1023
fit__2620__deblur__confidence_boost__nes__l1,1021,48,18,371,18,510
fit__2620__deblur__boundary_probe__nes__l1,1021,48,6,349,6,491
fit__2620__deblur__counterfactual__nes__l1,1021,48,18,336,11,460
fit__9496__denoise__attack__nes__l0.5,1021,49,13,445,10,572
fit__9496__denoise__restore__nes__l0.5,1021,48,4,456,4,602
fit__9496__denoise__random_walk__random_walk__l0.5,1024,49,2,1023,2,1023
fit__9496__denoise__confidence_boost__nes__l0.5,1021,49,2,460,2,613
fit__9496__denoise__boundary_probe__nes__l0.5,1021,48,16,399,16,521
fit__9496__denoise__counterfactual__nes__l0.5,1021,48,12,351,12,479
fit__9496__deblur__attack__nes__l1,1021,48,2,370,2,515
fit__9496__deblur__restore__nes__l1,1021,48,11,437,9,560
fit__9496__deblur__random_walk__random_walk__l1,1024,49,2,1023,2,1023
fit__9496__deblur__confidence_boost__nes__l1,1021,49,5,368,5,521
fit__9496__deblur__boundary_probe__nes__l1,1021,48,7,333,6,465
fit__9496__deblur__counterfactual__nes__l1,1021,48,6,359,6,485
fit__3720__denoise__attack__nes__l0.5,1021,48,18,143,18,217
fit__3720__denoise__restore__nes__l0.5,1021,48,18,257,5,349
fit__3720__denoise__random_walk__random_walk__l0.5,1024,49,2,1023,2,1023
fit__3720__denoise__confidence_boost__nes__l0.5,1021,48,13,213,6,314
fit__3720__denoise__boundary_probe__nes__l0.5,1021,46,18,140,18,208
fit__3720__denoise__counterfactual__nes__l0.5,1021,48,10,179,10,269
fit__3720__deblur__attack__nes__l1,1021,48,18,195,18,292
fit__3720__deblur__restore__nes__l1,1021,48,4,187,4,263
fit__3720__deblur__random_walk__random_walk__l1,1024,49,2,1023,2,1023
fit__3720__deblur__confidence_boost__nes__l1,1021,47,18,232,18,338
fit__3720__deblur__boundary_probe__nes__l1,1021,48,18,231,18,323
fit__3720__deblur__counterfactual__nes__l1,1021,49,18,292,18,393
fit__294__denoise__attack__nes__l0.5,1021,47,18,399,11,560
fit__294__denoise__restore__nes__l0.5,1021,48,2,456,2,630
fit__294__denoise__random_walk__random_walk__l0.5,1024,49,2,1023,2,1023
fit__294__denoise__confidence_boost__nes__l0.5,1021,48,3,255,3,402
fit__294__denoise__boundary_probe__nes__l0.5,1021,48,2,410,2,533
fit__294__denoise__counterfactual__nes__l0.5,1021,48,18,434,3,565
fit__294__deblur__attack__nes__l1,1021,48,2,624,2,743
fit__294__deblur__restore__nes__l1,1021,47,5,591,4,729
fit__294__deblur__random_walk__random_walk__l1,1024,50,2,1023,2,1023
fit__294__deblur__confidence_boost__nes__l1,1021,48,2,654,2,774
fit__294__deblur__boundary_probe__nes__l1,1021,49,4,746,4,858
fit__294__deblur__counterfactual__nes__l1,1021,49,2,618,2,754
fit__5825__denoise__attack__nes__l0.5,1021,48,10,527,10,675
fit__5825__denoise__restore__nes__l0.5,1021,48,6,457,6,632
fit__5825__denoise__random_walk__random_walk__l0.5,1024,49,2,1023,2,1023
fit__5825__denoise__confidence_boost__nes__l0.5,1021,49,2,501,2,646
fit__5825__denoise__boundary_probe__nes__l0.5,1021,49,2,481,2,628
fit__5825__denoise__counterfactual__nes__l0.5,1021,50,5,365,3,489
fit__5825__deblur__attack__nes__l1,1021,49,3,335,3,447
fit__5825__deblur__restore__nes__l1,1021,49,11,504,3,657
fit__5825__deblur__random_walk__random_walk__l1,1024,49,2,1023,2,1023
fit__5825__deblur__confidence_boost__nes__l1,1021,48,12,523,3,661
fit__5825__deblur__boundary_probe__nes__l1,1021,49,8,448,8,618
fit__5825__deblur__counterfactual__nes__l1,1021,48,7,414,2,553
fit__1336__denoise__attack__nes__l0.5,1021,48,4,534,4,670
fit__1336__denoise__restore__nes__l0.5,1021,48,2,501,2,654
fit__1336__denoise__random_walk__random_walk__l0.5,1024,49,2,1023,2,1023
fit__1336__denoise__confidence_boost__nes__l0.5,1021,48,3,606,3,761
fit__1336__denoise__boundary_probe__nes__l0.5,1021,48,6,487,6,629
fit__1336__denoise__counterfactual__nes__l0.5,1021,48,4,479,4,636
fit__1336__deblur__attack__nes__l1,1021,47,16,218,5,322
fit__1336__deblur__restore__nes__l1,1021,47,11,338,11,464
fit__1336__deblur__random_walk__random_walk__l1,1024,49,2,1023,2,1023
fit__1336__deblur__confidence_boost__nes__l1,1021,48,5,241,5,336
fit__1336__deblur__boundary_probe__nes__l1,1021,48,18,296,5,429
fit__1336__deblur__counterfactual__nes__l1,1021,47,18,143,3,213
fit__7094__denoise__attack__nes__l0.5,1021,46,11,128,11,180
fit__7094__denoise__restore__nes__l0.5,1021,48,18,124,18,189
fit__7094__denoise__random_walk__random_walk__l0.5,1024,50,2,1023,2,1023
fit__7094__denoise__confidence_boost__nes__l0.5,1021,47,18,270,18,369
fit__7094__denoise__boundary_probe__nes__l0.5,1021,48,18,234,11,339
fit__7094__denoise__counterfactual__nes__l0.5,1021,48,18,257,18,375
fit__7094__deblur__attack__nes__l1,1021,50,4,471,4,607
fit__7094__deblur__restore__nes__l1,1021,48,2,428,2,589
fit__7094__deblur__random_walk__random_walk__l1,1024,49,2,1023,2,1023
fit__7094__deblur__confidence_boost__nes__l1,1021,48,2,240,2,359
fit__7094__deblur__boundary_probe__nes__l1,1021,48,8,327,6,467
fit__7094__deblur__counterfactual__nes__l1,1021,49,3,338,3,455
fit__4587__denoise__attack__nes__l0.5,1021,48,2,478,2,626
fit__4587__denoise__restore__nes__l0.5,1021,49,9,579,4,702
fit__4587__denoise__random_walk__random_walk__l0.5,1024,49,2,1023,2,1023
fit__4587__denoise__confidence_boost__nes__l0.5,1021,49,6,457,6,597
fit__4587__denoise__boundary_probe__nes__l0.5,1021,48,6,536,6,688
fit__4587__denoise__counterfactual__nes__l0.5,1021,49,3,499,2,659
fit__4587__deblur__attack__nes__l1,1021,48,5,530,3,673
fit__4587__deblur__restore__nes__l1,1021,48,10,392,7,514
fit__4587__deblur__random_walk__random_walk__l1,1024,50,2,1023,2,1023
fit__4587__deblur__confidence_boost__nes__l1,1021,48,3,325,3,473
fit__4587__deblur__boundary_probe__nes__l1,1021,48,7,445,2,597
fit__4587__deblur__counterfactual__nes__l1,1021,48,18,394,5,517
fit__347__denoise__attack__nes__l0.5,1021,48,4,582,2,737
fit__347__denoise__restore__nes__l0.5,1021,48,4,377,2,503
fit__347__denoise__random_walk__random_walk__l0.5,1024,49,2,1023,2,1023
fit__347__denoise__confidence_boost__nes__l0.5,1021,49,5,576,5,722
fit__347__denoise__boundary_probe__nes__l0.5,1021,48,2,412,2,555
fit__347__denoise__counterfactual__nes__l0.5,1021,48,5,358,5,493
fit__347__deblur__attack__nes__l1,1021,48,18,192,18,283
fit__347__deblur__restore__nes__l1,1021,49,18,273,18,427
fit__347__deblur__random_walk__random_walk__l1,1024,49,2,1023,2,1023
fit__347__deblur__confidence_boost__nes__l1,1021,47,6,240,6,328
fit__347__deblur__boundary_probe__nes__l1,1021,47,18,227,18,331
fit__347__deblur__counterfactual__nes__l1,1021,48,18,240,13,357
fit__6578__denoise__attack__nes__l0.5,1021,47,9,547,2,686
fit__6578__denoise__restore__nes__l0.5,1021,49,12,704,9,829
fit__6578__denoise__random_walk__random_walk__l0.5,1024,49,2,1023,2,1023
fit__6578__denoise__confidence_boost__nes__l0.5,1021,47,18,479,3,626
fit__6578__denoise__boundary_probe__nes__l0.5,1021,47,14,456,14,594
fit__6578__denoise__counterfactual__nes__l0.5,1021,47,15,552,2,703
fit__6578__deblur__attack__nes__l1,1021,48,2,352,2,462
fit__6578__deblur__restore__nes__l1,1021,49,4,616,4,742
fit__6578__deblur__random_walk__random_walk__l1,1024,49,2,1023,2,1023
fit__6578__deblur__confidence_boost__nes__l1,1021,48,9,622,4,738
fit__6578__deblur__boundary_probe__nes__l1,1021,48,10,453,10,619
fit__6578__deblur__counterfactual__nes__l1,1021,48,4,601,4,734
fit__620__denoise__attack__nes__l0.5,1021,48,3,444,3,586
fit__620__denoise__restore__nes__l0.5,1021,48,18,458,18,606
fit__620__denoise__random_walk__random_walk__l0.5,1024,49,2,1023,2,1023
fit__620__denoise__confidence_boost__nes__l0.5,1021,47,8,541,8,689
fit__620__denoise__boundary_probe__nes__l0.5,1021,48,3,482,3,626
fit__620__denoise__counterfactual__nes__l0.5,1021,48,5,346,5,477
fit__620__deblur__attack__nes__l1,1021,47,3,220,3,335
fit__620__deblur__restore__nes__l1,1021,47,18,199,18,295
fit__620__deblur__random_walk__random_walk__l1,1024,49,2,1023,2,1023
fit__620__deblur__confidence_boost__nes__l1,1021,47,18,237,11,352
fit__620__deblur__boundary_probe__nes__l1,1021,48,4,305,4,422
fit__620__deblur__counterfactual__nes__l1,1021,48,4,303,4,418
fit__6657__denoise__attack__nes__l0.5,1021,49,2,671,2,809
fit__6657__denoise__restore__nes__l0.5,1021,49,2,793,2,882
fit__6657__denoise__random_walk__random_walk__l0.5,1024,49,2,1023,2,1023
fit__6657__denoise__confidence_boost__nes__l0.5,1021,48,3,874,2,954
fit__6657__denoise__boundary_probe__nes__l0.5,1021,49,3,908,2,960
fit__6657__denoise__counterfactual__nes__l0.5,1021,49,2,912,2,978
fit__6657__deblur__attack__nes__l1,1021,48,2,358,2,497
fit__6657__deblur__restore__nes__l1,1021,48,7,630,2,776
fit__6657__deblur__random_walk__random_walk__l1,1024,50,2,1023,2,1023
fit__6657__deblur__confidence_boost__nes__l1,1021,49,2,702,2,825
fit__6657__deblur__boundary_probe__nes__l1,1021,49,3,808,3,897
fit__6657__deblur__counterfactual__nes__l1,1021,49,2,656,2,791
fit__3630__denoise__attack__nes__l0.5,1021,47,18,279,18,398
fit__3630__denoise__restore__nes__l0.5,1021,48,18,216,7,345
fit__3630__denoise__random_walk__random_walk__l0.5,1024,50,2,1023,2,1023
fit__3630__denoise__confidence_boost__nes__l0.5,1021,48,18,333,18,457
fit__3630__denoise__boundary_probe__nes__l0.5,1021,47,3,199,3,314
fit__3630__denoise__counterfactual__nes__l0.5,1021,49,18,480,18,627
fit__3630__deblur__attack__nes__l1,1021,50,18,347,8,479
fit__3630__deblur__restore__nes__l1,1021,49,4,322,4,444
fit__3630__deblur__random_walk__random_walk__l1,1024,50,2,1023,2,1023
fit__3630__deblur__confidence_boost__nes__l1,1021,48,7,360,7,479
fit__3630__deblur__boundary_probe__nes__l1,1021,49,3,272,3,372
fit__3630__deblur__counterfactual__nes__l1,1021,47,4,399,2,525
fit__225__denoise__attack__nes__l0.5,1021,48,7,402,7,548
fit__225__denoise__restore__nes__l0.5,1021,49,3,594,2,723
fit__225__denoise__random_walk__random_walk__l0.5,1024,50,2,1023,2,1023
fit__225__denoise__confidence_boost__nes__l0.5,1021,47,8,246,8,348
fit__225__denoise__boundary_probe__nes__l0.5,1021,49,13,441,2,590
fit__225__denoise__counterfactual__nes__l0.5,1021,49,11,309,2,444
fit__225__deblur__attack__nes__l1,1021,49,11,644,11,756
fit__225__deblur__restore__nes__l1,1021,49,16,434,4,559
fit__225__deblur__random_walk__random_walk__l1,1024,49,2,1023,2,1023
fit__225__deblur__confidence_boost__nes__l1,1021,49,7,409,4,560
fit__225__deblur__boundary_probe__nes__l1,1021,49,4,487,3,633
fit__225__deblur__counterfactual__nes__l1,1021,48,2,143,2,217
fit__4656__denoise__attack__nes__l0.5,1021,48,13,344,2,477
fit__4656__denoise__restore__nes__l0.5,1021,48,2,340,2,489
fit__4656__denoise__random_walk__random_walk__l0.5,1024,50,2,1023,2,1023
fit__4656__denoise__confidence_boost__nes__l0.5,1021,48,7,368,4,496
fit__4656__denoise__boundary_probe__nes__l0.5,1021,47,18,262,4,378
fit__4656__denoise__counterfactual__nes__l0.5,1021,49,4,387,4,512
fit__4656__deblur__attack__nes__l1,1021,50,4,593,4,732
fit__4656__deblur__restore__nes__l1,1021,48,7,596,2,740
fit__4656__deblur__random_walk__random_walk__l1,1024,49,2,1023,2,1023
fit__4656__deblur__confidence_boost__nes__l1,1021,48,7,464,4,610
fit__4656__deblur__boundary_probe__nes__l1,1021,49,3,598,2,760
fit__4656__deblur__counterfactual__nes__l1,1021,49,2,369,2,516
calibration__2697__denoise__attack__nes__l0.5,1021,48,3,572,3,723
calibration__2697__denoise__restore__nes__l0.5,1021,47,4,437,4,580
calibration__2697__denoise__random_walk__random_walk__l0.5,1024,49,2,1023,2,1023
calibration__2697__denoise__confidence_boost__nes__l0.5,1021,48,2,517,2,649
calibration__2697__denoise__boundary_probe__nes__l0.5,1021,48,4,801,4,880
calibration__2697__denoise__counterfactual__nes__l0.5,1021,49,7,756,2,878
calibration__2697__deblur__attack__nes__l1,1021,49,6,344,5,496
calibration__2697__deblur__restore__nes__l1,1021,48,3,371,3,511
calibration__2697__deblur__random_walk__random_walk__l1,1024,49,2,1023,2,1023
calibration__2697__deblur__confidence_boost__nes__l1,1021,48,6,460,6,591
calibration__2697__deblur__boundary_probe__nes__l1,1021,47,2,176,2,279
calibration__2697__deblur__counterfactual__nes__l1,1021,48,4,359,4,488
calibration__6408__denoise__attack__nes__l0.5,1021,50,17,345,5,479
calibration__6408__denoise__restore__nes__l0.5,1021,49,4,419,4,557
calibration__6408__denoise__random_walk__random_walk__l0.5,1024,50,2,1023,2,1023
calibration__6408__denoise__confidence_boost__nes__l0.5,1021,49,2,440,2,562
calibration__6408__denoise__boundary_probe__nes__l0.5,1021,47,2,340,2,470
calibration__6408__denoise__counterfactual__nes__l0.5,1021,48,3,366,3,491
calibration__6408__deblur__attack__nes__l1,1021,49,3,423,3,526
calibration__6408__deblur__restore__nes__l1,1021,48,11,581,2,718
calibration__6408__deblur__random_walk__random_walk__l1,1024,50,2,1023,2,1023
calibration__6408__deblur__confidence_boost__nes__l1,1021,48,13,361,9,505
calibration__6408__deblur__boundary_probe__nes__l1,1021,49,4,512,4,647
calibration__6408__deblur__counterfactual__nes__l1,1021,49,3,330,2,448
calibration__6329__denoise__attack__nes__l0.5,1021,48,5,458,5,598
calibration__6329__denoise__restore__nes__l0.5,1021,48,4,514,2,650
calibration__6329__denoise__random_walk__random_walk__l0.5,1024,50,2,1023,2,1023
calibration__6329__denoise__confidence_boost__nes__l0.5,1021,47,11,485,6,639
calibration__6329__denoise__boundary_probe__nes__l0.5,1021,48,6,617,6,729
calibration__6329__denoise__counterfactual__nes__l0.5,1021,48,4,652,4,779
calibration__6329__deblur__attack__nes__l1,1021,48,7,385,7,501
calibration__6329__deblur__restore__nes__l1,1021,48,5,315,5,463
calibration__6329__deblur__random_walk__random_walk__l1,1024,49,2,1023,2,1023
calibration__6329__deblur__confidence_boost__nes__l1,1021,48,11,323,4,451
calibration__6329__deblur__boundary_probe__nes__l1,1021,49,11,440,2,601
calibration__6329__deblur__counterfactual__nes__l1,1021,47,2,355,2,513
calibration__9824__denoise__attack__nes__l0.5,1021,48,8,559,8,700
calibration__9824__denoise__restore__nes__l0.5,1021,48,18,340,9,481
calibration__9824__denoise__random_walk__random_walk__l0.5,1024,50,2,1023,2,1023
calibration__9824__denoise__confidence_boost__nes__l0.5,1021,48,2,298,2,440
calibration__9824__denoise__boundary_probe__nes__l0.5,1021,48,8,488,5,631
calibration__9824__denoise__counterfactual__nes__l0.5,1021,48,2,363,2,517
calibration__9824__deblur__attack__nes__l1,1021,49,2,193,2,288
calibration__9824__deblur__restore__nes__l1,1021,49,5,341,5,460
calibration__9824__deblur__random_walk__random_walk__l1,1024,50,2,1023,2,1023
calibration__9824__deblur__confidence_boost__nes__l1,1021,49,8,198,6,306
calibration__9824__deblur__boundary_probe__nes__l1,1021,49,13,276,13,376
calibration__9824__deblur__counterfactual__nes__l1,1021,47,18,236,17,343
calibration__7092__denoise__attack__nes__l0.5,1021,49,9,397,2,524
calibration__7092__denoise__restore__nes__l0.5,1021,48,3,168,3,247
calibration__7092__denoise__random_walk__random_walk__l0.5,1024,49,2,1023,2,1023
calibration__7092__denoise__confidence_boost__nes__l0.5,1021,48,2,314,2,451
calibration__7092__denoise__boundary_probe__nes__l0.5,1021,49,2,599,2,709
calibration__7092__denoise__counterfactual__nes__l0.5,1021,47,13,215,13,321
calibration__7092__deblur__attack__nes__l1,1021,48,3,671,3,814
calibration__7092__deblur__restore__nes__l1,1021,48,2,562,2,738
calibration__7092__deblur__random_walk__random_walk__l1,1024,49,2,1023,2,1023
calibration__7092__deblur__confidence_boost__nes__l1,1021,49,3,819,3,902
calibration__7092__deblur__boundary_probe__nes__l1,1021,49,2,701,2,824
calibration__7092__deblur__counterfactual__nes__l1,1021,49,4,811,2,912
calibration__2231__denoise__attack__nes__l0.5,1021,49,18,422,18,566
calibration__2231__denoise__restore__nes__l0.5,1021,48,18,434,15,573
calibration__2231__denoise__random_walk__random_walk__l0.5,1024,48,2,1023,2,1023
calibration__2231__denoise__confidence_boost__nes__l0.5,1021,48,10,375,10,513
calibration__2231__denoise__boundary_probe__nes__l0.5,1021,48,2,382,2,530
calibration__2231__denoise__counterfactual__nes__l0.5,1021,47,18,335,12,438
calibration__2231__deblur__attack__nes__l1,1021,47,6,352,6,509
calibration__2231__deblur__restore__nes__l1,1021,48,18,398,11,562
calibration__2231__deblur__random_walk__random_walk__l1,1024,50,2,1023,2,1023
calibration__2231__deblur__confidence_boost__nes__l1,1021,48,7,489,7,647
calibration__2231__deblur__boundary_probe__nes__l1,1021,49,8,408,7,571
calibration__2231__deblur__counterfactual__nes__l1,1021,48,2,467,2,614
calibration__6898__denoise__attack__nes__l0.5,1021,49,13,497,3,672
calibration__6898__denoise__restore__nes__l0.5,1021,49,15,477,10,631
calibration__6898__denoise__random_walk__random_walk__l0.5,1024,49,2,1023,2,1023
calibration__6898__denoise__confidence_boost__nes__l0.5,1021,49,17,529,7,684
calibration__6898__denoise__boundary_probe__nes__l0.5,1021,48,8,602,8,742
calibration__6898__denoise__counterfactual__nes__l0.5,1021,48,12,523,3,678
calibration__6898__deblur__attack__nes__l1,1021,47,9,541,3,713
calibration__6898__deblur__restore__nes__l1,1021,49,10,734,2,864
calibration__6898__deblur__random_walk__random_walk__l1,1024,49,2,1023,2,1023
calibration__6898__deblur__confidence_boost__nes__l1,1021,48,7,527,7,692
calibration__6898__deblur__boundary_probe__nes__l1,1021,50,4,853,4,918
calibration__6898__deblur__counterfactual__nes__l1,1021,49,2,658,2,800
calibration__4448__denoise__attack__nes__l0.5,1021,48,18,120,18,167
calibration__4448__denoise__restore__nes__l0.5,1021,49,18,102,18,144
calibration__4448__denoise__random_walk__random_walk__l0.5,1024,49,2,1023,2,1023
calibration__4448__denoise__confidence_boost__nes__l0.5,1021,47,18,129,6,203
calibration__4448__denoise__boundary_probe__nes__l0.5,1021,49,18,92,18,132
calibration__4448__denoise__counterfactual__nes__l0.5,1021,48,8,88,8,122
calibration__4448__deblur__attack__nes__l1,1021,47,17,256,13,383
calibration__4448__deblur__restore__nes__l1,1021,46,9,226,9,320
calibration__4448__deblur__random_walk__random_walk__l1,1024,49,2,1023,2,1023
calibration__4448__deblur__confidence_boost__nes__l1,1021,47,2,307,2,410
calibration__4448__deblur__boundary_probe__nes__l1,1021,47,18,165,18,240
calibration__4448__deblur__counterfactual__nes__l1,1021,47,18,190,18,292
calibration__9524__denoise__attack__nes__l0.5,1021,48,15,227,15,321
calibration__9524__denoise__restore__nes__l0.5,1021,48,3,199,2,291
calibration__9524__denoise__random_walk__random_walk__l0.5,1024,49,2,1023,2,1023
calibration__9524__denoise__confidence_boost__nes__l0.5,1021,49,6,479,2,625
calibration__9524__denoise__boundary_probe__nes__l0.5,1021,47,18,304,3,443
calibration__9524__denoise__counterfactual__nes__l0.5,1021,48,5,371,5,488
calibration__9524__deblur__attack__nes__l1,1021,49,8,925,8,970
calibration__9524__deblur__restore__nes__l1,1021,49,3,764,2,876
calibration__9524__deblur__random_walk__random_walk__l1,1024,49,2,1023,2,1023
calibration__9524__deblur__confidence_boost__nes__l1,1021,49,4,918,4,971
calibration__9524__deblur__boundary_probe__nes__l1,1021,49,9,758,2,850
calibration__9524__deblur__counterfactual__nes__l1,1021,49,2,852,2,931
calibration__5112__denoise__attack__nes__l0.5,1021,48,6,258,2,377
calibration__5112__denoise__restore__nes__l0.5,1021,49,18,262,17,389
calibration__5112__denoise__random_walk__random_walk__l0.5,1024,49,2,1023,2,1023
calibration__5112__denoise__confidence_boost__nes__l0.5,1021,48,3,237,3,350
calibration__5112__denoise__boundary_probe__nes__l0.5,1021,49,18,427,2,577
calibration__5112__denoise__counterfactual__nes__l0.5,1021,49,7,314,7,445
calibration__5112__deblur__attack__nes__l1,1021,47,3,434,3,582
calibration__5112__deblur__restore__nes__l1,1021,49,2,659,2,780
calibration__5112__deblur__random_walk__random_walk__l1,1024,49,2,1023,2,1023
calibration__5112__deblur__confidence_boost__nes__l1,1021,48,3,354,3,480
calibration__5112__deblur__boundary_probe__nes__l1,1021,47,3,269,3,388
calibration__5112__deblur__counterfactual__nes__l1,1021,48,4,347,4,485
calibration__1578__denoise__attack__nes__l0.5,1021,48,5,343,5,497
calibration__1578__denoise__restore__nes__l0.5,1021,48,2,405,2,555
calibration__1578__denoise__random_walk__random_walk__l0.5,1024,49,2,1023,2,1023
calibration__1578__denoise__confidence_boost__nes__l0.5,1021,48,4,233,4,355
calibration__1578__denoise__boundary_probe__nes__l0.5,1021,49,7,332,3,461
calibration__1578__denoise__counterfactual__nes__l0.5,1021,48,18,171,2,252
calibration__1578__deblur__attack__nes__l1,1021,47,18,210,18,295
calibration__1578__deblur__restore__nes__l1,1021,47,18,150,18,222
calibration__1578__deblur__random_walk__random_walk__l1,1024,49,2,1023,2,1023
calibration__1578__deblur__confidence_boost__nes__l1,1021,48,18,233,16,364
calibration__1578__deblur__boundary_probe__nes__l1,1021,48,18,259,11,374
calibration__1578__deblur__counterfactual__nes__l1,1021,49,18,243,2,345
calibration__8160__denoise__attack__nes__l0.5,1021,47,18,99,18,147
calibration__8160__denoise__restore__nes__l0.5,1021,48,18,141,18,204
calibration__8160__denoise__random_walk__random_walk__l0.5,1024,49,2,1023,2,1023
calibration__8160__denoise__confidence_boost__nes__l0.5,1021,48,18,133,18,189
calibration__8160__denoise__boundary_probe__nes__l0.5,1021,48,7,191,7,254
calibration__8160__denoise__counterfactual__nes__l0.5,1021,46,18,112,18,164
calibration__8160__deblur__attack__nes__l1,1021,48,4,194,3,295
calibration__8160__deblur__restore__nes__l1,1021,48,3,301,3,427
calibration__8160__deblur__random_walk__random_walk__l1,1024,49,2,1023,2,1023
calibration__8160__deblur__confidence_boost__nes__l1,1021,48,2,252,2,346
calibration__8160__deblur__boundary_probe__nes__l1,1021,49,5,339,5,483
calibration__8160__deblur__counterfactual__nes__l1,1021,47,14,318,12,432
calibration__4412__denoise__attack__nes__l0.5,1021,48,18,260,18,377
calibration__4412__denoise__restore__nes__l0.5,1021,48,13,250,11,358
calibration__4412__denoise__random_walk__random_walk__l0.5,1024,50,2,1023,2,1023
calibration__4412__denoise__confidence_boost__nes__l0.5,1021,46,18,208,17,323
calibration__4412__denoise__boundary_probe__nes__l0.5,1021,48,18,172,18,253
calibration__4412__denoise__counterfactual__nes__l0.5,1021,47,18,123,18,189
calibration__4412__deblur__attack__nes__l1,1021,48,3,532,3,686
calibration__4412__deblur__restore__nes__l1,1021,47,3,462,3,638
calibration__4412__deblur__random_walk__random_walk__l1,1024,49,2,1023,2,1023
calibration__4412__deblur__confidence_boost__nes__l1,1021,49,6,373,2,515
calibration__4412__deblur__boundary_probe__nes__l1,1021,48,6,577,6,739
calibration__4412__deblur__counterfactual__nes__l1,1021,49,3,470,3,644
calibration__9372__denoise__attack__nes__l0.5,1021,48,2,273,2,399
calibration__9372__denoise__restore__nes__l0.5,1021,48,18,206,11,295
calibration__9372__denoise__random_walk__random_walk__l0.5,1024,50,2,1023,2,1023
calibration__9372__denoise__confidence_boost__nes__l0.5,1021,49,14,308,9,447
calibration__9372__denoise__boundary_probe__nes__l0.5,1021,49,16,300,16,429
calibration__9372__denoise__counterfactual__nes__l0.5,1021,48,18,341,18,505
calibration__9372__deblur__attack__nes__l1,1021,48,13,291,13,409
calibration__9372__deblur__restore__nes__l1,1021,49,18,239,18,344
calibration__9372__deblur__random_walk__random_walk__l1,1024,49,2,1023,2,1023
calibration__9372__deblur__confidence_boost__nes__l1,1021,47,18,233,18,331
calibration__9372__deblur__boundary_probe__nes__l1,1021,48,3,307,3,422
calibration__9372__deblur__counterfactual__nes__l1,1021,47,3,177,3,258
calibration__4024__denoise__attack__nes__l0.5,1021,48,6,313,3,452
calibration__4024__denoise__restore__nes__l0.5,1021,49,11,256,6,362
calibration__4024__denoise__random_walk__random_walk__l0.5,1024,49,2,1023,2,1023
calibration__4024__denoise__confidence_boost__nes__l0.5,1021,48,6,420,6,555
calibration__4024__denoise__boundary_probe__nes__l0.5,1021,48,18,343,3,484
calibration__4024__denoise__counterfactual__nes__l0.5,1021,49,15,209,14,303
calibration__4024__deblur__attack__nes__l1,1021,49,3,895,3,956
calibration__4024__deblur__restore__nes__l1,1021,49,2,957,2,999
calibration__4024__deblur__random_walk__random_walk__l1,1024,50,2,1023,2,1023
calibration__4024__deblur__confidence_boost__nes__l1,1021,49,2,973,2,1002
calibration__4024__deblur__boundary_probe__nes__l1,1021,48,2,882,2,956
calibration__4024__deblur__counterfactual__nes__l1,1021,48,2,899,2,966
calibration__2902__denoise__attack__nes__l0.5,1021,49,18,93,18,116
calibration__2902__denoise__restore__nes__l0.5,1021,47,18,91,4,129
calibration__2902__denoise__random_walk__random_walk__l0.5,1024,49,2,1023,2,1023
calibration__2902__denoise__confidence_boost__nes__l0.5,1021,47,18,136,18,201
calibration__2902__denoise__boundary_probe__nes__l0.5,1021,47,18,106,7,145
calibration__2902__denoise__counterfactual__nes__l0.5,1021,47,18,82,18,112
calibration__2902__deblur__attack__nes__l1,1021,49,18,313,7,436
calibration__2902__deblur__restore__nes__l1,1021,48,4,399,4,554
calibration__2902__deblur__random_walk__random_walk__l1,1024,49,2,1023,2,1023
calibration__2902__deblur__confidence_boost__nes__l1,1021,49,12,322,12,428
calibration__2902__deblur__boundary_probe__nes__l1,1021,48,7,286,3,411
calibration__2902__deblur__counterfactual__nes__l1,1021,48,11,255,9,368
calibration__6891__denoise__attack__nes__l0.5,1021,49,2,668,2,793
calibration__6891__denoise__restore__nes__l0.5,1021,48,7,473,2,625
calibration__6891__denoise__random_walk__random_walk__l0.5,1024,49,2,1023,2,1023
calibration__6891__denoise__confidence_boost__nes__l0.5,1021,48,4,582,4,711
calibration__6891__denoise__boundary_probe__nes__l0.5,1021,48,6,359,6,487
calibration__6891__denoise__counterfactual__nes__l0.5,1021,46,8,539,2,708
calibration__6891__deblur__attack__nes__l1,1021,48,9,286,9,424
calibration__6891__deblur__restore__nes__l1,1021,47,18,253,13,352
calibration__6891__deblur__random_walk__random_walk__l1,1024,49,2,1023,2,1023
calibration__6891__deblur__confidence_boost__nes__l1,1021,47,18,238,2,351
calibration__6891__deblur__boundary_probe__nes__l1,1021,48,14,154,10,232
calibration__6891__deblur__counterfactual__nes__l1,1021,48,11,278,11,414
evaluation__4028__denoise__attack__nes__l0.5,1021,49,13,302,13,398
evaluation__4028__denoise__restore__nes__l0.5,1021,48,18,333,9,429
evaluation__4028__denoise__random_walk__random_walk__l0.5,1024,49,2,1023,2,1023
evaluation__4028__denoise__confidence_boost__nes__l0.5,1021,49,18,243,18,341
evaluation__4028__denoise__boundary_probe__nes__l0.5,1021,49,2,264,2,384
evaluation__4028__denoise__counterfactual__nes__l0.5,1021,47,13,144,13,214
evaluation__4028__deblur__attack__nes__l1,1021,47,13,341,13,437
evaluation__4028__deblur__restore__nes__l1,1021,48,18,363,11,484
evaluation__4028__deblur__random_walk__random_walk__l1,1024,49,2,1023,2,1023
evaluation__4028__deblur__confidence_boost__nes__l1,1021,47,7,228,7,331
evaluation__4028__deblur__boundary_probe__nes__l1,1021,47,18,137,18,208
evaluation__4028__deblur__counterfactual__nes__l1,1021,47,18,267,7,382
evaluation__7096__denoise__attack__nes__l0.5,1021,49,6,292,6,397
evaluation__7096__denoise__restore__nes__l0.5,1021,49,5,452,5,571
evaluation__7096__denoise__random_walk__random_walk__l0.5,1024,50,2,1023,2,1023
evaluation__7096__denoise__confidence_boost__nes__l0.5,1021,48,16,253,16,372
evaluation__7096__denoise__boundary_probe__nes__l0.5,1021,47,18,282,7,394
evaluation__7096__denoise__counterfactual__nes__l0.5,1021,48,10,392,10,533
evaluation__7096__deblur__attack__nes__l1,1021,49,3,588,3,739
evaluation__7096__deblur__restore__nes__l1,1021,49,5,694,5,819
evaluation__7096__deblur__random_walk__random_walk__l1,1024,49,2,1023,2,1023
evaluation__7096__deblur__confidence_boost__nes__l1,1021,47,5,691,4,827
evaluation__7096__deblur__boundary_probe__nes__l1,1021,49,8,739,2,847
evaluation__7096__deblur__counterfactual__nes__l1,1021,48,5,833,5,912
evaluation__8991__denoise__attack__nes__l0.5,1021,48,13,224,3,312
evaluation__8991__denoise__restore__nes__l0.5,1021,47,3,297,3,438
evaluation__8991__denoise__random_walk__random_walk__l0.5,1024,49,2,1023,2,1023
evaluation__8991__denoise__confidence_boost__nes__l0.5,1021,48,6,435,4,570
evaluation__8991__denoise__boundary_probe__nes__l0.5,1021,48,2,381,2,526
evaluation__8991__denoise__counterfactual__nes__l0.5,1021,47,10,303,10,438
evaluation__8991__deblur__attack__nes__l1,1021,47,18,103,18,152
evaluation__8991__deblur__restore__nes__l1,1021,48,18,89,18,116
evaluation__8991__deblur__random_walk__random_walk__l1,1024,49,2,1023,2,1023
evaluation__8991__deblur__confidence_boost__nes__l1,1021,46,18,140,18,218
evaluation__8991__deblur__boundary_probe__nes__l1,1021,50,18,124,14,178
evaluation__8991__deblur__counterfactual__nes__l1,1021,48,18,139,18,200
evaluation__1190__denoise__attack__nes__l0.5,1021,47,5,286,5,423
evaluation__1190__denoise__restore__nes__l0.5,1021,48,11,540,11,659
evaluation__1190__denoise__random_walk__random_walk__l0.5,1024,49,2,1023,2,1023
evaluation__1190__denoise__confidence_boost__nes__l0.5,1021,48,3,454,3,608
evaluation__1190__denoise__boundary_probe__nes__l0.5,1021,48,12,613,3,757
evaluation__1190__denoise__counterfactual__nes__l0.5,1021,48,17,499,6,636
evaluation__1190__deblur__attack__nes__l1,1021,49,3,683,3,815
evaluation__1190__deblur__restore__nes__l1,1021,49,3,592,2,722
evaluation__1190__deblur__random_walk__random_walk__l1,1024,49,2,1023,2,1023
evaluation__1190__deblur__confidence_boost__nes__l1,1021,49,4,570,4,708
evaluation__1190__deblur__boundary_probe__nes__l1,1021,48,2,586,2,721
evaluation__1190__deblur__counterfactual__nes__l1,1021,48,2,533,2,698
evaluation__2758__denoise__attack__nes__l0.5,1021,48,3,200,3,281
evaluation__2758__denoise__restore__nes__l0.5,1021,48,4,282,4,388
evaluation__2758__denoise__random_walk__random_walk__l0.5,1024,49,2,1023,2,1023
evaluation__2758__denoise__confidence_boost__nes__l0.5,1021,47,10,388,7,558
evaluation__2758__denoise__boundary_probe__nes__l0.5,1021,50,10,292,10,421
evaluation__2758__denoise__counterfactual__nes__l0.5,1021,47,2,187,2,265
evaluation__2758__deblur__attack__nes__l1,1021,48,2,721,2,855
evaluation__2758__deblur__restore__nes__l1,1021,47,2,654,2,795
evaluation__2758__deblur__random_walk__random_walk__l1,1024,49,2,1023,2,1023
evaluation__2758__deblur__confidence_boost__nes__l1,1021,49,3,573,3,724
evaluation__2758__deblur__boundary_probe__nes__l1,1021,48,2,539,2,697
evaluation__2758__deblur__counterfactual__nes__l1,1021,49,2,694,2,808
evaluation__4466__denoise__attack__nes__l0.5,1021,48,4,741,4,851
evaluation__4466__denoise__restore__nes__l0.5,1021,49,5,658,3,786
evaluation__4466__denoise__random_walk__random_walk__l0.5,1024,49,2,1023,2,1023
evaluation__4466__denoise__confidence_boost__nes__l0.5,1021,48,2,554,2,704
evaluation__4466__denoise__boundary_probe__nes__l0.5,1021,49,3,646,3,791
evaluation__4466__denoise__counterfactual__nes__l0.5,1021,49,2,765,2,879
evaluation__4466__deblur__attack__nes__l1,1021,49,4,634,3,784
evaluation__4466__deblur__restore__nes__l1,1021,48,7,705,3,830
evaluation__4466__deblur__random_walk__random_walk__l1,1024,49,2,1023,2,1023
evaluation__4466__deblur__confidence_boost__nes__l1,1021,48,5,613,5,766
evaluation__4466__deblur__boundary_probe__nes__l1,1021,49,8,477,2,661
evaluation__4466__deblur__counterfactual__nes__l1,1021,47,2,486,2,654
evaluation__9079__denoise__attack__nes__l0.5,1021,48,3,466,3,587
evaluation__9079__denoise__restore__nes__l0.5,1021,48,2,521,2,680
evaluation__9079__denoise__random_walk__random_walk__l0.5,1024,49,2,1023,2,1023
evaluation__9079__denoise__confidence_boost__nes__l0.5,1021,48,10,374,8,519
evaluation__9079__denoise__boundary_probe__nes__l0.5,1021,49,11,333,11,466
evaluation__9079__denoise__counterfactual__nes__l0.5,1021,47,5,415,4,587
evaluation__9079__deblur__attack__nes__l1,1021,48,3,410,3,551
evaluation__9079__deblur__restore__nes__l1,1021,47,6,563,4,703
evaluation__9079__deblur__random_walk__random_walk__l1,1024,49,2,1023,2,1023
evaluation__9079__deblur__confidence_boost__nes__l1,1021,49,8,395,3,545
evaluation__9079__deblur__boundary_probe__nes__l1,1021,49,13,514,13,653
evaluation__9079__deblur__counterfactual__nes__l1,1021,48,3,631,3,759
evaluation__1202__denoise__attack__nes__l0.5,1021,48,9,362,3,486
evaluation__1202__denoise__restore__nes__l0.5,1021,48,5,414,2,562
evaluation__1202__denoise__random_walk__random_walk__l0.5,1024,50,2,1023,2,1023
evaluation__1202__denoise__confidence_boost__nes__l0.5,1021,48,7,431,7,562
evaluation__1202__denoise__boundary_probe__nes__l0.5,1021,47,8,279,8,423
evaluation__1202__denoise__counterfactual__nes__l0.5,1021,48,2,341,2,462
evaluation__1202__deblur__attack__nes__l1,1021,49,18,319,9,424
evaluation__1202__deblur__restore__nes__l1,1021,49,14,231,5,320
evaluation__1202__deblur__random_walk__random_walk__l1,1024,50,2,1023,2,1023
evaluation__1202__deblur__confidence_boost__nes__l1,1021,47,17,356,17,481
evaluation__1202__deblur__boundary_probe__nes__l1,1021,49,11,392,5,545
evaluation__1202__deblur__counterfactual__nes__l1,1021,49,10,325,3,444
evaluation__4622__denoise__attack__nes__l0.5,1021,48,18,329,18,460
evaluation__4622__denoise__restore__nes__l0.5,1021,48,14,157,11,223
evaluation__4622__denoise__random_walk__random_walk__l0.5,1024,48,2,1023,2,1023
evaluation__4622__denoise__confidence_boost__nes__l0.5,1021,47,7,213,7,308
evaluation__4622__denoise__boundary_probe__nes__l0.5,1021,48,18,192,18,280
evaluation__4622__denoise__counterfactual__nes__l0.5,1021,47,13,159,13,233
evaluation__4622__deblur__attack__nes__l1,1021,48,17,506,9,660
evaluation__4622__deblur__restore__nes__l1,1021,47,14,291,2,422
evaluation__4622__deblur__random_walk__random_walk__l1,1024,49,2,1023,2,1023
evaluation__4622__deblur__confidence_boost__nes__l1,1021,47,4,168,4,257
evaluation__4622__deblur__boundary_probe__nes__l1,1021,49,13,263,13,396
evaluation__4622__deblur__counterfactual__nes__l1,1021,48,5,448,5,601
evaluation__9424__denoise__attack__nes__l0.5,1021,49,2,669,2,790
evaluation__9424__denoise__restore__nes__l0.5,1021,49,2,599,2,724
evaluation__9424__denoise__random_walk__random_walk__l0.5,1024,50,2,1023,2,1023
evaluation__9424__denoise__confidence_boost__nes__l0.5,1021,50,4,657,4,782
evaluation__9424__denoise__boundary_probe__nes__l0.5,1021,48,2,459,2,604
evaluation__9424__denoise__counterfactual__nes__l0.5,1021,49,7,565,6,685
evaluation__9424__deblur__attack__nes__l1,1021,49,2,722,2,858
evaluation__9424__deblur__restore__nes__l1,1021,50,4,786,4,896
evaluation__9424__deblur__random_walk__random_walk__l1,1024,50,2,1023,2,1023
evaluation__9424__deblur__confidence_boost__nes__l1,1021,49,5,742,5,872
evaluation__9424__deblur__boundary_probe__nes__l1,1021,49,11,710,11,834
evaluation__9424__deblur__counterfactual__nes__l1,1021,49,4,747,4,851
evaluation__3570__denoise__attack__nes__l0.5,1021,49,8,420,4,554
evaluation__3570__denoise__restore__nes__l0.5,1021,48,2,372,2,518
evaluation__3570__denoise__random_walk__random_walk__l0.5,1024,50,2,1023,2,1023
evaluation__3570__denoise__confidence_boost__nes__l0.5,1021,49,5,412,5,552
evaluation__3570__denoise__boundary_probe__nes__l0.5,1021,48,3,556,2,697
evaluation__3570__denoise__counterfactual__nes__l0.5,1021,49,8,432,2,585
evaluation__3570__deblur__attack__nes__l1,1021,49,18,214,18,308
evaluation__3570__deblur__restore__nes__l1,1021,47,4,213,4,325
evaluation__3570__deblur__random_walk__random_walk__l1,1024,50,2,1023,2,1023
evaluation__3570__deblur__confidence_boost__nes__l1,1021,48,4,164,2,235
evaluation__3570__deblur__boundary_probe__nes__l1,1021,48,15,240,15,354
evaluation__3570__deblur__counterfactual__nes__l1,1021,47,18,373,18,512
evaluation__6138__denoise__attack__nes__l0.5,1021,48,2,649,2,775
evaluation__6138__denoise__restore__nes__l0.5,1021,49,3,693,3,818
evaluation__6138__denoise__random_walk__random_walk__l0.5,1024,50,2,1023,2,1023
evaluation__6138__denoise__confidence_boost__nes__l0.5,1021,47,3,807,3,903
evaluation__6138__denoise__boundary_probe__nes__l0.5,1021,48,2,693,2,840
evaluation__6138__denoise__counterfactual__nes__l0.5,1021,49,3,757,3,875
evaluation__6138__deblur__attack__nes__l1,1021,49,18,450,15,586
evaluation__6138__deblur__restore__nes__l1,1021,48,11,490,3,643
evaluation__6138__deblur__random_walk__random_walk__l1,1024,49,2,1023,2,1023
evaluation__6138__deblur__confidence_boost__nes__l1,1021,48,7,569,3,710
evaluation__6138__deblur__boundary_probe__nes__l1,1021,48,9,524,9,671
evaluation__6138__deblur__counterfactual__nes__l1,1021,48,3,358,3,488
evaluation__8216__denoise__attack__nes__l0.5,1021,47,3,425,3,574
evaluation__8216__denoise__restore__nes__l0.5,1021,47,12,413,3,565
evaluation__8216__denoise__random_walk__random_walk__l0.5,1024,50,2,1023,2,1023
evaluation__8216__denoise__confidence_boost__nes__l0.5,1021,47,2,323,2,490
evaluation__8216__denoise__boundary_probe__nes__l0.5,1021,49,14,447,14,590
evaluation__8216__denoise__counterfactual__nes__l0.5,1021,47,7,470,3,639
evaluation__8216__deblur__attack__nes__l1,1021,49,18,365,18,498
evaluation__8216__deblur__restore__nes__l1,1021,48,18,374,18,494
evaluation__8216__deblur__random_walk__random_walk__l1,1024,49,2,1023,2,1023
evaluation__8216__deblur__confidence_boost__nes__l1,1021,48,18,274,18,404
evaluation__8216__deblur__boundary_probe__nes__l1,1021,48,18,278,18,392
evaluation__8216__deblur__counterfactual__nes__l1,1021,47,18,278,14,418
evaluation__463__denoise__attack__nes__l0.5,1021,47,9,188,8,254
evaluation__463__denoise__restore__nes__l0.5,1021,49,18,290,18,393
evaluation__463__denoise__random_walk__random_walk__l0.5,1024,49,2,1023,2,1023
evaluation__463__denoise__confidence_boost__nes__l0.5,1021,47,4,159,4,244
evaluation__463__denoise__boundary_probe__nes__l0.5,1021,48,18,130,18,189
evaluation__463__denoise__counterfactual__nes__l0.5,1021,47,16,213,16,315
evaluation__463__deblur__attack__nes__l1,1021,48,2,811,2,899
evaluation__463__deblur__restore__nes__l1,1021,50,5,834,3,929
evaluation__463__deblur__random_walk__random_walk__l1,1024,49,2,1023,2,1023
evaluation__463__deblur__confidence_boost__nes__l1,1021,49,2,861,2,933
evaluation__463__deblur__boundary_probe__nes__l1,1021,50,4,885,4,952
evaluation__463__deblur__counterfactual__nes__l1,1021,49,4,882,2,950
evaluation__4584__denoise__attack__nes__l0.5,1021,46,14,317,13,473
evaluation__4584__denoise__restore__nes__l0.5,1021,48,3,434,3,579
evaluation__4584__denoise__random_walk__random_walk__l0.5,1024,50,2,1023,2,1023
evaluation__4584__denoise__confidence_boost__nes__l0.5,1021,49,4,412,3,544
evaluation__4584__denoise__boundary_probe__nes__l0.5,1021,47,18,493,18,643
evaluation__4584__denoise__counterfactual__nes__l0.5,1021,47,3,412,3,545
evaluation__4584__deblur__attack__nes__l1,1021,47,4,260,4,394
evaluation__4584__deblur__restore__nes__l1,1021,47,4,195,4,288
evaluation__4584__deblur__random_walk__random_walk__l1,1024,49,2,1023,2,1023
evaluation__4584__deblur__confidence_boost__nes__l1,1021,48,18,210,15,309
evaluation__4584__deblur__boundary_probe__nes__l1,1021,47,5,374,5,497
evaluation__4584__deblur__counterfactual__nes__l1,1021,48,14,300,4,442
evaluation__6665__denoise__attack__nes__l0.5,1021,49,3,897,2,964
evaluation__6665__denoise__restore__nes__l0.5,1021,49,2,883,2,953
evaluation__6665__denoise__random_walk__random_walk__l0.5,1024,50,2,1023,2,1023
evaluation__6665__denoise__confidence_boost__nes__l0.5,1021,49,3,761,3,882
evaluation__6665__denoise__boundary_probe__nes__l0.5,1021,49,2,803,2,877
evaluation__6665__denoise__counterfactual__nes__l0.5,1021,49,2,722,2,844
evaluation__6665__deblur__attack__nes__l1,1021,48,2,363,2,505
evaluation__6665__deblur__restore__nes__l1,1021,48,14,291,14,422
evaluation__6665__deblur__random_walk__random_walk__l1,1024,49,2,1023,2,1023
evaluation__6665__deblur__confidence_boost__nes__l1,1021,47,5,215,3,293
evaluation__6665__deblur__boundary_probe__nes__l1,1021,48,14,198,3,299
evaluation__6665__deblur__counterfactual__nes__l1,1021,48,8,302,8,431
evaluation__9770__denoise__attack__nes__l0.5,1021,48,18,287,18,392
evaluation__9770__denoise__restore__nes__l0.5,1021,48,4,371,4,505
evaluation__9770__denoise__random_walk__random_walk__l0.5,1024,49,2,1023,2,1023
evaluation__9770__denoise__confidence_boost__nes__l0.5,1021,48,18,330,15,465
evaluation__9770__denoise__boundary_probe__nes__l0.5,1021,48,4,240,4,351
evaluation__9770__denoise__counterfactual__nes__l0.5,1021,48,13,225,13,324
evaluation__9770__deblur__attack__nes__l1,1021,48,7,350,7,484
evaluation__9770__deblur__restore__nes__l1,1021,48,6,476,6,619
evaluation__9770__deblur__random_walk__random_walk__l1,1024,49,2,1023,2,1023
evaluation__9770__deblur__confidence_boost__nes__l1,1021,50,15,476,7,640
evaluation__9770__deblur__boundary_probe__nes__l1,1021,49,9,524,3,669
evaluation__9770__deblur__counterfactual__nes__l1,1021,48,2,495,2,627
evaluation__4777__denoise__attack__nes__l0.5,1021,48,18,441,7,590
evaluation__4777__denoise__restore__nes__l0.5,1021,49,8,318,8,460
evaluation__4777__denoise__random_walk__random_walk__l0.5,1024,49,2,1023,2,1023
evaluation__4777__denoise__confidence_boost__nes__l0.5,1021,49,10,493,10,611
evaluation__4777__denoise__boundary_probe__nes__l0.5,1021,47,5,359,3,477
evaluation__4777__denoise__counterfactual__nes__l0.5,1021,48,13,323,13,450
evaluation__4777__deblur__attack__nes__l1,1021,48,18,211,16,300
evaluation__4777__deblur__restore__nes__l1,1021,48,10,239,5,334
evaluation__4777__deblur__random_walk__random_walk__l1,1024,49,2,1023,2,1023
evaluation__4777__deblur__confidence_boost__nes__l1,1021,48,3,249,3,358
evaluation__4777__deblur__boundary_probe__nes__l1,1021,46,2,113,2,167
evaluation__4777__deblur__counterfactual__nes__l1,1021,47,16,210,2,320
evaluation__6092__denoise__attack__nes__l0.5,1021,49,4,298,4,411
evaluation__6092__denoise__restore__nes__l0.5,1021,47,18,196,18,305
evaluation__6092__denoise__random_walk__random_walk__l0.5,1024,49,2,1023,2,1023
evaluation__6092__denoise__confidence_boost__nes__l0.5,1021,49,11,184,11,290
evaluation__6092__denoise__boundary_probe__nes__l0.5,1021,48,18,249,18,377
evaluation__6092__denoise__counterfactual__nes__l0.5,1021,47,16,284,12,432
evaluation__6092__deblur__attack__nes__l1,1021,47,4,323,4,466
evaluation__6092__deblur__restore__nes__l1,1021,48,18,393,10,540
evaluation__6092__deblur__random_walk__random_walk__l1,1024,49,2,1023,2,1023
evaluation__6092__deblur__confidence_boost__nes__l1,1021,47,3,277,2,408
evaluation__6092__deblur__boundary_probe__nes__l1,1021,48,8,519,4,668
evaluation__6092__deblur__counterfactual__nes__l1,1021,48,9,301,4,443
evaluation__9180__denoise__attack__nes__l0.5,1021,48,6,445,2,593
evaluation__9180__denoise__restore__nes__l0.5,1021,49,8,543,2,698
evaluation__9180__denoise__random_walk__random_walk__l0.5,1024,50,2,1023,2,1023
evaluation__9180__denoise__confidence_boost__nes__l0.5,1021,48,6,388,3,515
evaluation__9180__denoise__boundary_probe__nes__l0.5,1021,48,4,520,3,688
evaluation__9180__denoise__counterfactual__nes__l0.5,1021,48,6,400,2,538
evaluation__9180__deblur__attack__nes__l1,1021,49,18,307,7,421
evaluation__9180__deblur__restore__nes__l1,1021,46,18,152,18,217
evaluation__9180__deblur__random_walk__random_walk__l1,1024,50,2,1023,2,1023
evaluation__9180__deblur__confidence_boost__nes__l1,1021,48,10,221,10,321
evaluation__9180__deblur__boundary_probe__nes__l1,1021,47,13,128,9,204
evaluation__9180__deblur__counterfactual__nes__l1,1021,48,11,321,11,440
evaluation__976__denoise__attack__nes__l0.5,1021,48,10,601,10,735
evaluation__976__denoise__restore__nes__l0.5,1021,48,11,595,3,742
evaluation__976__denoise__random_walk__random_walk__l0.5,1024,50,2,1023,2,1023
evaluation__976__denoise__confidence_boost__nes__l0.5,1021,48,7,416,2,578
evaluation__976__denoise__boundary_probe__nes__l0.5,1021,49,5,628,4,772
evaluation__976__denoise__counterfactual__nes__l0.5,1021,49,3,399,3,542
evaluation__976__deblur__attack__nes__l1,1021,47,3,326,3,460
evaluation__976__deblur__restore__nes__l1,1021,47,18,237,3,334
evaluation__976__deblur__random_walk__random_walk__l1,1024,50,2,1023,2,1023
evaluation__976__deblur__confidence_boost__nes__l1,1021,48,8,299,8,418
evaluation__976__deblur__boundary_probe__nes__l1,1021,48,2,385,2,522
evaluation__976__deblur__counterfactual__nes__l1,1021,48,11,264,9,396
evaluation__3993__denoise__attack__nes__l0.5,1021,50,15,180,15,273
evaluation__3993__denoise__restore__nes__l0.5,1021,49,2,222,2,322
evaluation__3993__denoise__random_walk__random_walk__l0.5,1024,49,2,1023,2,1023
evaluation__3993__denoise__confidence_boost__nes__l0.5,1021,47,18,183,2,264
evaluation__3993__denoise__boundary_probe__nes__l0.5,1021,48,18,268,18,385
evaluation__3993__denoise__counterfactual__nes__l0.5,1021,47,7,148,5,231
evaluation__3993__deblur__attack__nes__l1,1021,48,8,587,2,715
evaluation__3993__deblur__restore__nes__l1,1021,49,3,740,3,839
evaluation__3993__deblur__random_walk__random_walk__l1,1024,49,2,1023,2,1023
evaluation__3993__deblur__confidence_boost__nes__l1,1021,48,2,407,2,552
evaluation__3993__deblur__boundary_probe__nes__l1,1021,47,4,512,4,644
evaluation__3993__deblur__counterfactual__nes__l1,1021,48,4,518,4,659
evaluation__7691__denoise__attack__nes__l0.5,1021,49,7,608,3,750
evaluation__7691__denoise__restore__nes__l0.5,1021,48,2,447,2,594
evaluation__7691__denoise__random_walk__random_walk__l0.5,1024,49,2,1023,2,1023
evaluation__7691__denoise__confidence_boost__nes__l0.5,1021,48,3,368,2,500
evaluation__7691__denoise__boundary_probe__nes__l0.5,1021,48,2,420,2,560
evaluation__7691__denoise__counterfactual__nes__l0.5,1021,49,6,534,2,668
evaluation__7691__deblur__attack__nes__l1,1021,49,8,527,8,679
evaluation__7691__deblur__restore__nes__l1,1021,47,3,396,3,543
evaluation__7691__deblur__random_walk__random_walk__l1,1024,50,2,1023,2,1023
evaluation__7691__deblur__confidence_boost__nes__l1,1021,48,2,403,2,529
evaluation__7691__deblur__boundary_probe__nes__l1,1021,48,3,404,3,550
evaluation__7691__deblur__counterfactual__nes__l1,1021,47,9,432,2,588
evaluation__1699__denoise__attack__nes__l0.5,1021,47,18,431,4,564
evaluation__1699__denoise__restore__nes__l0.5,1021,48,18,429,3,586
evaluation__1699__denoise__random_walk__random_walk__l0.5,1024,50,2,1023,2,1023
evaluation__1699__denoise__confidence_boost__nes__l0.5,1021,48,6,315,6,452
evaluation__1699__denoise__boundary_probe__nes__l0.5,1021,49,10,483,9,635
evaluation__1699__denoise__counterfactual__nes__l0.5,1021,48,2,195,2,303
evaluation__1699__deblur__attack__nes__l1,1021,49,10,491,10,640
evaluation__1699__deblur__restore__nes__l1,1021,48,7,400,7,542
evaluation__1699__deblur__random_walk__random_walk__l1,1024,50,2,1023,2,1023
evaluation__1699__deblur__confidence_boost__nes__l1,1021,49,2,371,2,517
evaluation__1699__deblur__boundary_probe__nes__l1,1021,49,4,365,3,500
evaluation__1699__deblur__counterfactual__nes__l1,1021,48,2,459,2,586
evaluation__4837__denoise__attack__nes__l0.5,1021,49,2,835,2,929
evaluation__4837__denoise__restore__nes__l0.5,1021,48,2,670,2,808
evaluation__4837__denoise__random_walk__random_walk__l0.5,1024,49,2,1023,2,1023
evaluation__4837__denoise__confidence_boost__nes__l0.5,1021,48,3,686,3,812
evaluation__4837__denoise__boundary_probe__nes__l0.5,1021,50,6,811,6,897
evaluation__4837__denoise__counterfactual__nes__l0.5,1021,49,3,709,2,838
evaluation__4837__deblur__attack__nes__l1,1021,48,4,159,2,230
evaluation__4837__deblur__restore__nes__l1,1021,48,18,117,3,166
evaluation__4837__deblur__random_walk__random_walk__l1,1024,49,2,1023,2,1023
evaluation__4837__deblur__confidence_boost__nes__l1,1021,47,18,160,7,229
evaluation__4837__deblur__boundary_probe__nes__l1,1021,49,18,134,18,209
evaluation__4837__deblur__counterfactual__nes__l1,1021,48,18,152,18,207
evaluation__6612__denoise__attack__nes__l0.5,1021,49,5,685,5,815
evaluation__6612__denoise__restore__nes__l0.5,1021,48,2,676,2,799
evaluation__6612__denoise__random_walk__random_walk__l0.5,1024,50,2,1023,2,1023
evaluation__6612__denoise__confidence_boost__nes__l0.5,1021,49,2,687,2,815
evaluation__6612__denoise__boundary_probe__nes__l0.5,1021,48,2,731,2,862
evaluation__6612__denoise__counterfactual__nes__l0.5,1021,48,6,507,6,679
evaluation__6612__deblur__attack__nes__l1,1021,49,3,485,3,615
evaluation__6612__deblur__restore__nes__l1,1021,47,5,377,3,514
evaluation__6612__deblur__random_walk__random_walk__l1,1024,50,2,1023,2,1023
evaluation__6612__deblur__confidence_boost__nes__l1,1021,48,18,415,8,562
evaluation__6612__deblur__boundary_probe__nes__l1,1021,48,18,415,7,549
evaluation__6612__deblur__counterfactual__nes__l1,1021,48,18,407,18,543
evaluation__9479__denoise__attack__nes__l0.5,1021,49,2,445,2,582
evaluation__9479__denoise__restore__nes__l0.5,1021,48,7,482,7,620
evaluation__9479__denoise__random_walk__random_walk__l0.5,1024,49,2,1023,2,1023
evaluation__9479__denoise__confidence_boost__nes__l0.5,1021,49,4,431,4,584
evaluation__9479__denoise__boundary_probe__nes__l0.5,1021,50,7,540,7,672
evaluation__9479__denoise__counterfactual__nes__l0.5,1021,47,10,314,6,426
evaluation__9479__deblur__attack__nes__l1,1021,48,8,131,3,195
evaluation__9479__deblur__restore__nes__l1,1021,49,18,217,12,333
evaluation__9479__deblur__random_walk__random_walk__l1,1024,50,2,1023,2,1023
evaluation__9479__deblur__confidence_boost__nes__l1,1021,49,18,235,18,349
evaluation__9479__deblur__boundary_probe__nes__l1,1021,48,18,221,18,327
evaluation__9479__deblur__counterfactual__nes__l1,1021,46,5,168,2,239
evaluation__2135__denoise__attack__nes__l0.5,1021,47,4,335,4,462
evaluation__2135__denoise__restore__nes__l0.5,1021,48,18,358,16,493
evaluation__2135__denoise__random_walk__random_walk__l0.5,1024,49,2,1023,2,1023
evaluation__2135__denoise__confidence_boost__nes__l0.5,1021,48,5,401,5,528
evaluation__2135__denoise__boundary_probe__nes__l0.5,1021,48,2,419,2,543
evaluation__2135__denoise__counterfactual__nes__l0.5,1021,48,4,254,3,359
evaluation__2135__deblur__attack__nes__l1,1021,49,3,495,3,623
evaluation__2135__deblur__restore__nes__l1,1021,48,7,417,6,565
evaluation__2135__deblur__random_walk__random_walk__l1,1024,50,2,1023,2,1023
evaluation__2135__deblur__confidence_boost__nes__l1,1021,48,6,340,6,443
evaluation__2135__deblur__boundary_probe__nes__l1,1021,48,3,484,3,626
evaluation__2135__deblur__counterfactual__nes__l1,1021,50,13,394,12,526
evaluation__5777__denoise__attack__nes__l0.5,1021,48,3,456,3,607
evaluation__5777__denoise__restore__nes__l0.5,1021,48,6,428,3,571
evaluation__5777__denoise__random_walk__random_walk__l0.5,1024,50,2,1023,2,1023
evaluation__5777__denoise__confidence_boost__nes__l0.5,1021,48,18,394,7,569
evaluation__5777__denoise__boundary_probe__nes__l0.5,1021,48,8,445,8,618
evaluation__5777__denoise__counterfactual__nes__l0.5,1021,48,10,482,5,615
evaluation__5777__deblur__attack__nes__l1,1021,48,3,783,2,878
evaluation__5777__deblur__restore__nes__l1,1021,47,3,744,3,869
evaluation__5777__deblur__random_walk__random_walk__l1,1024,49,2,1023,2,1023
evaluation__5777__deblur__confidence_boost__nes__l1,1021,48,6,494,2,645
evaluation__5777__deblur__boundary_probe__nes__l1,1021,48,2,732,2,853
evaluation__5777__deblur__counterfactual__nes__l1,1021,48,5,660,5,798
evaluation__9239__denoise__attack__nes__l0.5,1021,48,13,106,13,157
evaluation__9239__denoise__restore__nes__l0.5,1021,48,18,154,18,218
evaluation__9239__denoise__random_walk__random_walk__l0.5,1024,49,2,1023,2,1023
evaluation__9239__denoise__confidence_boost__nes__l0.5,1021,48,4,291,4,384
evaluation__9239__denoise__boundary_probe__nes__l0.5,1021,47,13,311,13,415
evaluation__9239__denoise__counterfactual__nes__l0.5,1021,48,13,206,13,286
evaluation__9239__deblur__attack__nes__l1,1021,49,6,194,6,271
evaluation__9239__deblur__restore__nes__l1,1021,50,2,223,2,324
evaluation__9239__deblur__random_walk__random_walk__l1,1024,50,2,1023,2,1023
evaluation__9239__deblur__confidence_boost__nes__l1,1021,47,3,140,3,218
evaluation__9239__deblur__boundary_probe__nes__l1,1021,48,11,314,11,443
evaluation__9239__deblur__counterfactual__nes__l1,1021,47,4,136,4,201
evaluation__1913__denoise__attack__nes__l0.5,1021,49,2,733,2,841
evaluation__1913__denoise__restore__nes__l0.5,1021,48,3,795,3,902
evaluation__1913__denoise__random_walk__random_walk__l0.5,1024,49,2,1023,2,1023
evaluation__1913__denoise__confidence_boost__nes__l0.5,1021,49,3,920,2,972
evaluation__1913__denoise__boundary_probe__nes__l0.5,1021,50,2,833,2,923
evaluation__1913__denoise__counterfactual__nes__l0.5,1021,48,5,791,4,904
evaluation__1913__deblur__attack__nes__l1,1021,48,3,502,3,694
evaluation__1913__deblur__restore__nes__l1,1021,48,6,762,3,875
evaluation__1913__deblur__random_walk__random_walk__l1,1024,49,2,1023,2,1023
evaluation__1913__deblur__confidence_boost__nes__l1,1021,47,6,300,4,431
evaluation__1913__deblur__boundary_probe__nes__l1,1021,49,3,686,3,810
evaluation__1913__deblur__counterfactual__nes__l1,1021,48,5,621,5,761
evaluation__4514__denoise__attack__nes__l0.5,1021,49,5,407,5,553
evaluation__4514__denoise__restore__nes__l0.5,1021,49,12,615,12,753
evaluation__4514__denoise__random_walk__random_walk__l0.5,1024,49,2,1023,2,1023
evaluation__4514__denoise__confidence_boost__nes__l0.5,1021,49,2,658,2,783
evaluation__4514__denoise__boundary_probe__nes__l0.5,1021,48,5,414,2,564
evaluation__4514__denoise__counterfactual__nes__l0.5,1021,48,16,392,2,532
evaluation__4514__deblur__attack__nes__l1,1021,48,9,487,9,632
evaluation__4514__deblur__restore__nes__l1,1021,48,6,485,6,630
evaluation__4514__deblur__random_walk__random_walk__l1,1024,50,2,1023,2,1023
evaluation__4514__deblur__confidence_boost__nes__l1,1021,49,4,312,4,449
evaluation__4514__deblur__boundary_probe__nes__l1,1021,47,5,434,2,583
evaluation__4514__deblur__counterfactual__nes__l1,1021,49,8,529,2,681
evaluation__7179__denoise__attack__nes__l0.5,1021,48,2,593,2,733
evaluation__7179__denoise__restore__nes__l0.5,1021,47,3,396,3,551
evaluation__7179__denoise__random_walk__random_walk__l0.5,1024,49,2,1023,2,1023
evaluation__7179__denoise__confidence_boost__nes__l0.5,1021,48,10,464,3,626
evaluation__7179__denoise__boundary_probe__nes__l0.5,1021,49,5,706,5,825
evaluation__7179__denoise__counterfactual__nes__l0.5,1021,48,5,668,5,779
evaluation__7179__deblur__attack__nes__l1,1021,49,18,409,18,532
evaluation__7179__deblur__restore__nes__l1,1021,46,5,132,5,205
evaluation__7179__deblur__random_walk__random_walk__l1,1024,50,2,1023,2,1023
evaluation__7179__deblur__confidence_boost__nes__l1,1021,47,18,202,13,291
evaluation__7179__deblur__boundary_probe__nes__l1,1021,49,10,410,4,549
evaluation__7179__deblur__counterfactual__nes__l1,1021,48,18,265,6,353
fit__539__denoise__attack__nes__l0.5,1021,49,2,776,2,865
fit__539__denoise__restore__nes__l0.5,1021,49,3,863,3,931
fit__539__denoise__random_walk__random_walk__l0.5,1024,49,2,1023,2,1023
fit__539__denoise__confidence_boost__nes__l0.5,1021,50,3,900,2,959
fit__539__denoise__boundary_probe__nes__l0.5,1021,50,2,908,2,973
fit__539__denoise__counterfactual__nes__l0.5,1021,48,2,840,2,915
fit__539__deblur__attack__nes__l1,1021,49,2,303,2,430
fit__539__deblur__restore__nes__l1,1021,47,8,299,8,417
fit__539__deblur__random_walk__random_walk__l1,1024,49,2,1023,2,1023
fit__539__deblur__confidence_boost__nes__l1,1021,47,2,373,2,514
fit__539__deblur__boundary_probe__nes__l1,1021,48,10,426,6,573
fit__539__deblur__counterfactual__nes__l1,1021,48,5,449,5,611
fit__7513__denoise__attack__nes__l0.5,1021,48,5,269,5,387
fit__7513__denoise__restore__nes__l0.5,1021,47,8,170,8,255
fit__7513__denoise__random_walk__random_walk__l0.5,1024,49,2,1023,2,1023
fit__7513__denoise__confidence_boost__nes__l0.5,1021,47,18,181,13,275
fit__7513__denoise__boundary_probe__nes__l0.5,1021,47,18,148,18,210
fit__7513__denoise__counterfactual__nes__l0.5,1021,47,18,150,18,221
fit__7513__deblur__attack__nes__l1,1021,49,4,354,4,478
fit__7513__deblur__restore__nes__l1,1021,48,9,371,9,507
fit__7513__deblur__random_walk__random_walk__l1,1024,49,2,1023,2,1023
fit__7513__deblur__confidence_boost__nes__l1,1021,48,4,524,4,657
fit__7513__deblur__boundary_probe__nes__l1,1021,48,14,371,14,506
fit__7513__deblur__counterfactual__nes__l1,1021,48,7,372,2,509
fit__3372__denoise__attack__nes__l0.5,1021,48,18,96,14,143
fit__3372__denoise__restore__nes__l0.5,1021,48,17,304,12,402
fit__3372__denoise__random_walk__random_walk__l0.5,1024,49,2,1023,2,1023
fit__3372__denoise__confidence_boost__nes__l0.5,1021,48,7,123,7,179
fit__3372__denoise__boundary_probe__nes__l0.5,1021,47,2,327,2,470
fit__3372__denoise__counterfactual__nes__l0.5,1021,48,6,358,5,476
fit__3372__deblur__attack__nes__l1,1021,47,18,335,5,467
fit__3372__deblur__restore__nes__l1,1021,48,2,389,2,519
fit__3372__deblur__random_walk__random_walk__l1,1024,49,2,1023,2,1023
fit__3372__deblur__confidence_boost__nes__l1,1021,49,10,410,10,549
fit__3372__deblur__boundary_probe__nes__l1,1021,48,2,435,2,573
fit__3372__deblur__counterfactual__nes__l1,1021,48,2,391,2,525
fit__9909__denoise__attack__nes__l0.5,1021,48,10,284,10,377
fit__9909__denoise__restore__nes__l0.5,1021,49,2,302,2,433
fit__9909__denoise__random_walk__random_walk__l0.5,1024,49,2,1023,2,1023
fit__9909__denoise__confidence_boost__nes__l0.5,1021,47,5,194,5,281
fit__9909__denoise__boundary_probe__nes__l0.5,1021,49,6,368,6,508
fit__9909__denoise__counterfactual__nes__l0.5,1021,47,3,277,3,387
fit__9909__deblur__attack__nes__l1,1021,48,5,654,5,786
fit__9909__deblur__restore__nes__l1,1021,48,4,786,4,890
fit__9909__deblur__random_walk__random_walk__l1,1024,49,2,1023,2,1023
fit__9909__deblur__confidence_boost__nes__l1,1021,47,7,640,7,781
fit__9909__deblur__boundary_probe__nes__l1,1021,48,6,719,3,845
fit__9909__deblur__counterfactual__nes__l1,1021,49,2,798,2,900
fit__6703__denoise__attack__nes__l0.5,1021,47,18,184,13,265
fit__6703__denoise__restore__nes__l0.5,1021,48,4,533,2,676
fit__6703__denoise__random_walk__random_walk__l0.5,1024,49,2,1023,2,1023
fit__6703__denoise__confidence_boost__nes__l0.5,1021,46,5,406,3,580
fit__6703__denoise__boundary_probe__nes__l0.5,1021,48,4,277,3,410
fit__6703__denoise__counterfactual__nes__l0.5,1021,48,2,537,2,659
fit__6703__deblur__attack__nes__l1,1021,47,10,275,10,396
fit__6703__deblur__restore__nes__l1,1021,49,8,208,8,306
fit__6703__deblur__random_walk__random_walk__l1,1024,49,2,1023,2,1023
fit__6703__deblur__confidence_boost__nes__l1,1021,47,7,236,7,354
fit__6703__deblur__boundary_probe__nes__l1,1021,48,11,425,2,578
fit__6703__deblur__counterfactual__nes__l1,1021,50,18,391,5,528
fit__336__denoise__attack__nes__l0.5,1021,50,2,536,2,684
fit__336__denoise__restore__nes__l0.5,1021,48,2,566,2,712
fit__336__denoise__random_walk__random_walk__l0.5,1024,49,2,1023,2,1023
fit__336__denoise__confidence_boost__nes__l0.5,1021,49,5,708,5,825
fit__336__denoise__boundary_probe__nes__l0.5,1021,49,2,765,2,872
fit__336__denoise__counterfactual__nes__l0.5,1021,49,2,559,2,699
fit__336__deblur__attack__nes__l1,1021,48,18,294,8,427
fit__336__deblur__restore__nes__l1,1021,48,11,201,11,299
fit__336__deblur__random_walk__random_walk__l1,1024,49,2,1023,2,1023
fit__336__deblur__confidence_boost__nes__l1,1021,48,3,406,3,532
fit__336__deblur__boundary_probe__nes__l1,1021,49,18,347,18,468
fit__336__deblur__counterfactual__nes__l1,1021,48,12,291,11,402
fit__6842__denoise__attack__nes__l0.5,1021,48,5,242,5,353
fit__6842__denoise__restore__nes__l0.5,1021,48,8,428,8,549
fit__6842__denoise__random_walk__random_walk__l0.5,1024,50,2,1023,2,1023
fit__6842__denoise__confidence_boost__nes__l0.5,1021,47,11,263,3,379
fit__6842__denoise__boundary_probe__nes__l0.5,1021,49,3,431,3,579
fit__6842__denoise__counterfactual__nes__l0.5,1021,48,7,329,6,474
fit__6842__deblur__attack__nes__l1,1021,49,6,328,6,473
fit__6842__deblur__restore__nes__l1,1021,48,18,319,18,451
fit__6842__deblur__random_walk__random_walk__l1,1024,49,2,1023,2,1023
fit__6842__deblur__confidence_boost__nes__l1,1021,47,18,291,16,419
fit__6842__deblur__boundary_probe__nes__l1,1021,49,10,423,10,564
fit__6842__deblur__counterfactual__nes__l1,1021,48,5,527,5,669
fit__2191__denoise__attack__nes__l0.5,1021,48,2,596,2,718
fit__2191__denoise__restore__nes__l0.5,1021,48,4,749,4,825
fit__2191__denoise__random_walk__random_walk__l0.5,1024,50,2,1023,2,1023
fit__2191__denoise__confidence_boost__nes__l0.5,1021,48,15,559,10,710
fit__2191__denoise__boundary_probe__nes__l0.5,1021,48,9,477,2,659
fit__2191__denoise__counterfactual__nes__l0.5,1021,49,3,547,3,716
fit__2191__deblur__attack__nes__l1,1021,47,9,331,9,460
fit__2191__deblur__restore__nes__l1,1021,48,18,315,4,442
fit__2191__deblur__random_walk__random_walk__l1,1024,49,2,1023,2,1023
fit__2191__deblur__confidence_boost__nes__l1,1021,48,14,312,14,426
fit__2191__deblur__boundary_probe__nes__l1,1021,48,18,407,12,548
fit__2191__deblur__counterfactual__nes__l1,1021,47,2,269,2,390
fit__7204__denoise__attack__nes__l0.5,1021,48,18,167,18,242
fit__7204__denoise__restore__nes__l0.5,1021,49,10,203,10,303
fit__7204__denoise__random_walk__random_walk__l0.5,1024,50,2,1023,2,1023
fit__7204__denoise__confidence_boost__nes__l0.5,1021,49,18,237,6,343
fit__7204__denoise__boundary_probe__nes__l0.5,1021,47,18,143,7,205
fit__7204__denoise__counterfactual__nes__l0.5,1021,48,8,165,6,243
fit__7204__deblur__attack__nes__l1,1021,49,4,569,4,711
fit__7204__deblur__restore__nes__l1,1021,48,12,468,6,616
fit__7204__deblur__random_walk__random_walk__l1,1024,49,2,1023,2,1023
fit__7204__deblur__confidence_boost__nes__l1,1021,49,6,596,6,732
fit__7204__deblur__boundary_probe__nes__l1,1021,50,3,643,3,765
fit__7204__deblur__counterfactual__nes__l1,1021,49,5,518,4,654
fit__5947__denoise__attack__nes__l0.5,1021,48,18,232,18,324
fit__5947__denoise__restore__nes__l0.5,1021,48,9,117,9,163
fit__5947__denoise__random_walk__random_walk__l0.5,1024,49,2,1023,2,1023
fit__5947__denoise__confidence_boost__nes__l0.5,1021,47,11,177,9,262
fit__5947__denoise__boundary_probe__nes__l0.5,1021,48,7,233,4,343
fit__5947__denoise__counterfactual__nes__l0.5,1021,48,13,189,4,280
fit__5947__deblur__attack__nes__l1,1021,48,15,444,5,554
fit__5947__deblur__restore__nes__l1,1021,48,2,263,2,371
fit__5947__deblur__random_walk__random_walk__l1,1024,50,2,1023,2,1023
fit__5947__deblur__confidence_boost__nes__l1,1021,49,4,462,4,591
fit__5947__deblur__boundary_probe__nes__l1,1021,49,3,298,2,411
fit__5947__deblur__counterfactual__nes__l1,1021,49,4,440,4,588
fit__1562__denoise__attack__nes__l0.5,1021,49,3,451,3,558
fit__1562__denoise__restore__nes__l0.5,1021,48,2,442,2,575
fit__1562__denoise__random_walk__random_walk__l0.5,1024,49,2,1023,2,1023
fit__1562__denoise__confidence_boost__nes__l0.5,1021,48,9,323,5,426
fit__1562__denoise__boundary_probe__nes__l0.5,1021,48,18,355,16,486
fit__1562__denoise__counterfactual__nes__l0.5,1021,49,2,470,2,583
fit__1562__deblur__attack__nes__l1,1021,49,5,492,4,633
fit__1562__deblur__restore__nes__l1,1021,48,2,443,2,589
fit__1562__deblur__random_walk__random_walk__l1,1024,49,2,1023,2,1023
fit__1562__deblur__confidence_boost__nes__l1,1021,48,2,463,2,604
fit__1562__deblur__boundary_probe__nes__l1,1021,49,5,500,5,655
fit__1562__deblur__counterfactual__nes__l1,1021,49,2,589,2,736
fit__6801__denoise__attack__nes__l0.5,1021,47,8,337,8,477
fit__6801__denoise__restore__nes__l0.5,1021,49,5,591,5,729
fit__6801__denoise__random_walk__random_walk__l0.5,1024,49,2,1023,2,1023
fit__6801__denoise__confidence_boost__nes__l0.5,1021,49,5,620,5,758
fit__6801__denoise__boundary_probe__nes__l0.5,1021,48,6,473,6,620
fit__6801__denoise__counterfactual__nes__l0.5,1021,49,2,452,2,595
fit__6801__deblur__attack__nes__l1,1021,47,18,283,18,391
fit__6801__deblur__restore__nes__l1,1021,48,6,176,6,265
fit__6801__deblur__random_walk__random_walk__l1,1024,49,2,1023,2,1023
fit__6801__deblur__confidence_boost__nes__l1,1021,48,5,160,5,241
fit__6801__deblur__boundary_probe__nes__l1,1021,48,16,349,16,464
fit__6801__deblur__counterfactual__nes__l1,1021,48,18,235,18,324
fit__741__denoise__attack__nes__l0.5,1021,49,3,575,3,722
fit__741__denoise__restore__nes__l0.5,1021,49,2,829,2,913
fit__741__denoise__random_walk__random_walk__l0.5,1024,50,2,1023,2,1023
fit__741__denoise__confidence_boost__nes__l0.5,1021,48,2,618,2,767
fit__741__denoise__boundary_probe__nes__l0.5,1021,50,3,606,3,748
fit__741__denoise__counterfactual__nes__l0.5,1021,49,4,592,3,729
fit__741__deblur__attack__nes__l1,1021,50,4,422,4,551
fit__741__deblur__restore__nes__l1,1021,49,4,481,2,627
fit__741__deblur__random_walk__random_walk__l1,1024,49,2,1023,2,1023
fit__741__deblur__confidence_boost__nes__l1,1021,48,4,633,3,778
fit__741__deblur__boundary_probe__nes__l1,1021,49,5,651,5,809
fit__741__deblur__counterfactual__nes__l1,1021,48,7,760,7,863
fit__8706__denoise__attack__nes__l0.5,1021,48,2,388,2,544
fit__8706__denoise__restore__nes__l0.5,1021,48,18,422,8,580
fit__8706__denoise__random_walk__random_walk__l0.5,1024,50,2,1023,2,1023
fit__8706__denoise__confidence_boost__nes__l0.5,1021,49,18,370,10,520
fit__8706__denoise__boundary_probe__nes__l0.5,1021,48,18,478,2,621
fit__8706__denoise__counterfactual__nes__l0.5,1021,49,15,239,3,379
fit__8706__deblur__attack__nes__l1,1021,50,3,826,3,920
fit__8706__deblur__restore__nes__l1,1021,48,2,670,2,777
fit__8706__deblur__random_walk__random_walk__l1,1024,49,2,1023,2,1023
fit__8706__deblur__confidence_boost__nes__l1,1021,49,3,830,2,912
fit__8706__deblur__boundary_probe__nes__l1,1021,50,2,782,2,874
fit__8706__deblur__counterfactual__nes__l1,1021,48,3,770,3,864
fit__4242__denoise__attack__nes__l0.5,1021,48,2,455,2,620
fit__4242__denoise__restore__nes__l0.5,1021,50,4,610,4,746
fit__4242__denoise__random_walk__random_walk__l0.5,1024,50,2,1023,2,1023
fit__4242__denoise__confidence_boost__nes__l0.5,1021,48,7,401,5,536
fit__4242__denoise__boundary_probe__nes__l0.5,1021,49,7,518,7,662
fit__4242__denoise__counterfactual__nes__l0.5,1021,47,9,279,9,415
fit__4242__deblur__attack__nes__l1,1021,49,4,498,4,652
fit__4242__deblur__restore__nes__l1,1021,48,2,645,2,779
fit__4242__deblur__random_walk__random_walk__l1,1024,50,2,1023,2,1023
fit__4242__deblur__confidence_boost__nes__l1,1021,48,2,517,2,637
fit__4242__deblur__boundary_probe__nes__l1,1021,50,3,681,3,797
fit__4242__deblur__counterfactual__nes__l1,1021,47,5,507,3,639
fit__1915__denoise__attack__nes__l0.5,1021,47,5,212,5,319
fit__1915__denoise__restore__nes__l0.5,1021,50,18,366,11,510
fit__1915__denoise__random_walk__random_walk__l0.5,1024,50,2,1023,2,1023
fit__1915__denoise__confidence_boost__nes__l0.5,1021,49,3,467,3,613
fit__1915__denoise__boundary_probe__nes__l0.5,1021,49,5,362,5,499
fit__1915__denoise__counterfactual__nes__l0.5,1021,48,18,316,18,462
fit__1915__deblur__attack__nes__l1,1021,49,18,359,18,507
fit__1915__deblur__restore__nes__l1,1021,48,6,218,6,315
fit__1915__deblur__random_walk__random_walk__l1,1024,49,2,1023,2,1023
fit__1915__deblur__confidence_boost__nes__l1,1021,49,18,429,4,563
fit__1915__deblur__boundary_probe__nes__l1,1021,49,18,366,3,501
fit__1915__deblur__counterfactual__nes__l1,1021,48,10,451,10,598
fit__9069__denoise__attack__nes__l0.5,1021,49,9,200,7,289
fit__9069__denoise__restore__nes__l0.5,1021,48,9,422,4,580
fit__9069__denoise__random_walk__random_walk__l0.5,1024,49,2,1023,2,1023
fit__9069__denoise__confidence_boost__nes__l0.5,1021,48,2,383,2,508
fit__9069__denoise__boundary_probe__nes__l0.5,1021,47,7,217,3,310
fit__9069__denoise__counterfactual__nes__l0.5,1021,49,2,384,2,524
fit__9069__deblur__attack__nes__l1,1021,49,4,406,4,556
fit__9069__deblur__restore__nes__l1,1021,49,10,360,6,497
fit__9069__deblur__random_walk__random_walk__l1,1024,50,2,1023,2,1023
fit__9069__deblur__confidence_boost__nes__l1,1021,48,18,493,9,620
fit__9069__deblur__boundary_probe__nes__l1,1021,48,6,406,3,564
fit__9069__deblur__counterfactual__nes__l1,1021,47,9,379,8,533
calibration__3421__denoise__attack__nes__l0.5,1021,48,3,909,3,960
calibration__3421__denoise__restore__nes__l0.5,1021,49,2,830,2,915
calibration__3421__denoise__random_walk__random_walk__l0.5,1024,50,2,1023,2,1023
calibration__3421__denoise__confidence_boost__nes__l0.5,1021,48,2,841,2,922
calibration__3421__denoise__boundary_probe__nes__l0.5,1021,49,2,925,2,974
calibration__3421__denoise__counterfactual__nes__l0.5,1021,48,2,753,2,855
calibration__3421__deblur__attack__nes__l1,1021,49,3,491,3,625
calibration__3421__deblur__restore__nes__l1,1021,49,12,346,12,488
calibration__3421__deblur__random_walk__random_walk__l1,1024,49,2,1023,2,1023
calibration__3421__deblur__confidence_boost__nes__l1,1021,48,8,246,8,371
calibration__3421__deblur__boundary_probe__nes__l1,1021,48,8,230,8,339
calibration__3421__deblur__counterfactual__nes__l1,1021,48,13,271,13,380
calibration__6601__denoise__attack__nes__l0.5,1021,48,3,615,3,748
calibration__6601__denoise__restore__nes__l0.5,1021,48,2,695,2,818
calibration__6601__denoise__random_walk__random_walk__l0.5,1024,49,2,1023,2,1023
calibration__6601__denoise__confidence_boost__nes__l0.5,1021,48,4,680,2,804
calibration__6601__denoise__boundary_probe__nes__l0.5,1021,47,2,587,2,743
calibration__6601__denoise__counterfactual__nes__l0.5,1021,49,5,694,5,813
calibration__6601__deblur__attack__nes__l1,1021,49,4,593,4,727
calibration__6601__deblur__restore__nes__l1,1021,49,5,555,5,685
calibration__6601__deblur__random_walk__random_walk__l1,1024,49,2,1023,2,1023
calibration__6601__deblur__confidence_boost__nes__l1,1021,49,12,488,7,631
calibration__6601__deblur__boundary_probe__nes__l1,1021,49,3,470,3,600
calibration__6601__deblur__counterfactual__nes__l1,1021,47,8,503,8,656
calibration__6714__denoise__attack__nes__l0.5,1021,49,2,693,2,810
calibration__6714__denoise__restore__nes__l0.5,1021,48,4,565,4,707
calibration__6714__denoise__random_walk__random_walk__l0.5,1024,49,2,1023,2,1023
calibration__6714__denoise__confidence_boost__nes__l0.5,1021,49,3,672,3,806
calibration__6714__denoise__boundary_probe__nes__l0.5,1021,48,7,628,6,765
calibration__6714__denoise__counterfactual__nes__l0.5,1021,47,2,585,2,725
calibration__6714__deblur__attack__nes__l1,1021,48,10,233,4,329
calibration__6714__deblur__restore__nes__l1,1021,49,3,241,3,335
calibration__6714__deblur__random_walk__random_walk__l1,1024,49,2,1023,2,1023
calibration__6714__deblur__confidence_boost__nes__l1,1021,48,5,267,5,377
calibration__6714__deblur__boundary_probe__nes__l1,1021,49,18,159,8,229
calibration__6714__deblur__counterfactual__nes__l1,1021,47,6,188,6,286
calibration__129__denoise__attack__nes__l0.5,1021,47,18,193,18,289
calibration__129__denoise__restore__nes__l0.5,1021,47,18,216,18,316
calibration__129__denoise__random_walk__random_walk__l0.5,1024,50,2,1023,2,1023
calibration__129__denoise__confidence_boost__nes__l0.5,1021,48,18,285,10,405
calibration__129__denoise__boundary_probe__nes__l0.5,1021,47,18,139,18,201
calibration__129__denoise__counterfactual__nes__l0.5,1021,48,13,338,13,477
calibration__129__deblur__attack__nes__l1,1021,47,18,240,11,352
calibration__129__deblur__restore__nes__l1,1021,48,13,250,10,354
calibration__129__deblur__random_walk__random_walk__l1,1024,50,2,1023,2,1023
calibration__129__deblur__confidence_boost__nes__l1,1021,49,14,289,2,415
calibration__129__deblur__boundary_probe__nes__l1,1021,49,8,457,8,598
calibration__129__deblur__counterfactual__nes__l1,1021,48,3,402,3,536
calibration__8720__denoise__attack__nes__l0.5,1021,49,6,632,4,774
calibration__8720__denoise__restore__nes__l0.5,1021,49,4,524,3,669
calibration__8720__denoise__random_walk__random_walk__l0.5,1024,49,2,1023,2,1023
calibration__8720__denoise__confidence_boost__nes__l0.5,1021,48,6,405,3,556
calibration__8720__denoise__boundary_probe__nes__l0.5,1021,49,3,476,3,652
calibration__8720__denoise__counterfactual__nes__l0.5,1021,48,2,368,2,488
calibration__8720__deblur__attack__nes__l1,1021,48,4,377,3,505
calibration__8720__deblur__restore__nes__l1,1021,47,3,263,3,374
calibration__8720__deblur__random_walk__random_walk__l1,1024,50,2,1023,2,1023
calibration__8720__deblur__confidence_boost__nes__l1,1021,49,5,546,4,697
calibration__8720__deblur__boundary_probe__nes__l1,1021,48,11,518,7,657
calibration__8720__deblur__counterfactual__nes__l1,1021,48,5,284,5,417
calibration__2633__denoise__attack__nes__l0.5,1021,50,11,335,6,458
calibration__2633__denoise__restore__nes__l0.5,1021,48,14,301,14,423
calibration__2633__denoise__random_walk__random_walk__l0.5,1024,49,2,1023,2,1023
calibration__2633__denoise__confidence_boost__nes__l0.5,1021,48,18,145,7,234
calibration__2633__denoise__boundary_probe__nes__l0.5,1021,47,13,193,13,311
calibration__2633__denoise__counterfactual__nes__l0.5,1021,48,18,323,13,434
calibration__2633__deblur__attack__nes__l1,1021,48,3,195,3,268
calibration__2633__deblur__restore__nes__l1,1021,49,18,145,18,206
calibration__2633__deblur__random_walk__random_walk__l1,1024,49,2,1023,2,1023
calibration__2633__deblur__confidence_boost__nes__l1,1021,48,18,128,18,182
calibration__2633__deblur__boundary_probe__nes__l1,1021,47,18,245,18,320
calibration__2633__deblur__counterfactual__nes__l1,1021,47,18,148,18,217
calibration__7980__denoise__attack__nes__l0.5,1021,49,3,545,3,698
calibration__7980__denoise__restore__nes__l0.5,1021,50,3,598,3,730
calibration__7980__denoise__random_walk__random_walk__l0.5,1024,49,2,1023,2,1023
calibration__7980__denoise__confidence_boost__nes__l0.5,1021,48,2,427,2,564
calibration__7980__denoise__boundary_probe__nes__l0.5,1021,49,5,758,5,877
calibration__7980__denoise__counterfactual__nes__l0.5,1021,47,3,492,3,639
calibration__7980__deblur__attack__nes__l1,1021,48,6,629,6,750
calibration__7980__deblur__restore__nes__l1,1021,48,2,594,2,728
calibration__7980__deblur__random_walk__random_walk__l1,1024,49,2,1023,2,1023
calibration__7980__deblur__confidence_boost__nes__l1,1021,47,6,339,6,491
calibration__7980__deblur__boundary_probe__nes__l1,1021,48,2,446,2,604
calibration__7980__deblur__counterfactual__nes__l1,1021,47,7,387,5,541
calibration__4675__denoise__attack__nes__l0.5,1021,47,4,520,2,665
calibration__4675__denoise__restore__nes__l0.5,1021,49,5,456,5,596
calibration__4675__denoise__random_walk__random_walk__l0.5,1024,50,2,1023,2,1023
calibration__4675__denoise__confidence_boost__nes__l0.5,1021,48,9,394,9,537
calibration__4675__denoise__boundary_probe__nes__l0.5,1021,48,18,458,18,577
calibration__4675__denoise__counterfactual__nes__l0.5,1021,48,10,448,9,568
calibration__4675__deblur__attack__nes__l1,1021,48,18,359,18,495
calibration__4675__deblur__restore__nes__l1,1021,48,18,388,8,543
calibration__4675__deblur__random_walk__random_walk__l1,1024,50,2,1023,2,1023
calibration__4675__deblur__confidence_boost__nes__l1,1021,48,15,347,3,471
calibration__4675__deblur__boundary_probe__nes__l1,1021,48,15,499,2,627
calibration__4675__deblur__counterfactual__nes__l1,1021,49,4,308,4,450
calibration__817__denoise__attack__nes__l0.5,1021,47,15,480,4,615
calibration__817__denoise__restore__nes__l0.5,1021,48,18,674,7,775
calibration__817__denoise__random_walk__random_walk__l0.5,1024,50,2,1023,2,1023
calibration__817__denoise__confidence_boost__nes__l0.5,1021,48,5,336,5,480
calibration__817__denoise__boundary_probe__nes__l0.5,1021,48,18,611,2,737
calibration__817__denoise__counterfactual__nes__l0.5,1021,48,18,502,17,662
calibration__817__deblur__attack__nes__l1,1021,48,18,215,18,324
calibration__817__deblur__restore__nes__l1,1021,48,18,234,3,347
calibration__817__deblur__random_walk__random_walk__l1,1024,49,2,1023,2,1023
calibration__817__deblur__confidence_boost__nes__l1,1021,48,18,200,3,286
calibration__817__deblur__boundary_probe__nes__l1,1021,48,18,211,11,325
calibration__817__deblur__counterfactual__nes__l1,1021,46,18,328,18,440
calibration__5553__denoise__attack__nes__l0.5,1021,48,8,202,8,302
calibration__5553__denoise__restore__nes__l0.5,1021,48,3,258,3,360
calibration__5553__denoise__random_walk__random_walk__l0.5,1024,49,2,1023,2,1023
calibration__5553__denoise__confidence_boost__nes__l0.5,1021,48,18,235,18,337
calibration__5553__denoise__boundary_probe__nes__l0.5,1021,47,9,152,9,207
calibration__5553__denoise__counterfactual__nes__l0.5,1021,46,2,149,2,216
calibration__5553__deblur__attack__nes__l1,1021,48,16,335,5,485
calibration__5553__deblur__restore__nes__l1,1021,49,5,230,5,349
calibration__5553__deblur__random_walk__random_walk__l1,1024,49,2,1023,2,1023
calibration__5553__deblur__confidence_boost__nes__l1,1021,49,4,296,4,418
calibration__5553__deblur__boundary_probe__nes__l1,1021,48,2,284,2,414
calibration__5553__deblur__counterfactual__nes__l1,1021,48,4,403,4,540
calibration__1931__denoise__attack__nes__l0.5,1021,50,11,470,5,653
calibration__1931__denoise__restore__nes__l0.5,1021,48,9,456,2,599
calibration__1931__denoise__random_walk__random_walk__l0.5,1024,49,2,1023,2,1023
calibration__1931__denoise__confidence_boost__nes__l0.5,1021,49,3,511,3,629
calibration__1931__denoise__boundary_probe__nes__l0.5,1021,48,2,419,2,564
calibration__1931__denoise__counterfactual__nes__l0.5,1021,48,4,493,3,650
calibration__1931__deblur__attack__nes__l1,1021,49,18,150,18,219
calibration__1931__deblur__restore__nes__l1,1021,46,18,109,18,163
calibration__1931__deblur__random_walk__random_walk__l1,1024,49,2,1023,2,1023
calibration__1931__deblur__confidence_boost__nes__l1,1021,48,10,116,10,167
calibration__1931__deblur__boundary_probe__nes__l1,1021,47,10,104,10,145
calibration__1931__deblur__counterfactual__nes__l1,1021,47,18,116,18,167
calibration__8609__denoise__attack__nes__l0.5,1021,48,2,773,2,888
calibration__8609__denoise__restore__nes__l0.5,1021,49,2,723,2,837
calibration__8609__denoise__random_walk__random_walk__l0.5,1024,50,2,1023,2,1023
calibration__8609__denoise__confidence_boost__nes__l0.5,1021,49,3,541,3,684
calibration__8609__denoise__boundary_probe__nes__l0.5,1021,48,2,638,2,775
calibration__8609__denoise__counterfactual__nes__l0.5,1021,48,4,702,4,823
calibration__8609__deblur__attack__nes__l1,1021,48,14,191,14,277
calibration__8609__deblur__restore__nes__l1,1021,47,4,128,4,184
calibration__8609__deblur__random_walk__random_walk__l1,1024,49,2,1023,2,1023
calibration__8609__deblur__confidence_boost__nes__l1,1021,46,4,134,4,202
calibration__8609__deblur__boundary_probe__nes__l1,1021,49,18,149,17,235
calibration__8609__deblur__counterfactual__nes__l1,1021,47,10,155,8,222
calibration__4853__denoise__attack__nes__l0.5,1021,47,3,272,3,359
calibration__4853__denoise__restore__nes__l0.5,1021,47,17,190,14,285
calibration__4853__denoise__random_walk__random_walk__l0.5,1024,50,2,1023,2,1023
calibration__4853__denoise__confidence_boost__nes__l0.5,1021,48,4,324,3,470
calibration__4853__denoise__boundary_probe__nes__l0.5,1021,48,15,370,15,508
calibration__4853__denoise__counterfactual__nes__l0.5,1021,48,3,250,3,357
calibration__4853__deblur__attack__nes__l1,1021,48,13,223,9,323
calibration__4853__deblur__restore__nes__l1,1021,48,3,263,3,377
calibration__4853__deblur__random_walk__random_walk__l1,1024,50,2,1023,2,1023
calibration__4853__deblur__confidence_boost__nes__l1,1021,48,12,252,12,368
calibration__4853__deblur__boundary_probe__nes__l1,1021,48,18,332,18,459
calibration__4853__deblur__counterfactual__nes__l1,1021,48,10,346,10,484
calibration__703__denoise__attack__nes__l0.5,1021,48,4,200,4,285
calibration__703__denoise__restore__nes__l0.5,1021,49,4,190,4,260
calibration__703__denoise__random_walk__random_walk__l0.5,1024,49,2,1023,2,1023
calibration__703__denoise__confidence_boost__nes__l0.5,1021,47,11,304,9,428
calibration__703__denoise__boundary_probe__nes__l0.5,1021,49,13,361,13,507
calibration__703__denoise__counterfactual__nes__l0.5,1021,48,14,306,14,439
calibration__703__deblur__attack__nes__l1,1021,48,13,177,13,265
calibration__703__deblur__restore__nes__l1,1021,48,17,198,17,275
calibration__703__deblur__random_walk__random_walk__l1,1024,50,2,1023,2,1023
calibration__703__deblur__confidence_boost__nes__l1,1021,48,12,172,12,268
calibration__703__deblur__boundary_probe__nes__l1,1021,49,18,236,18,353
calibration__703__deblur__counterfactual__nes__l1,1021,48,18,230,18,338
calibration__4651__denoise__attack__nes__l0.5,1021,48,2,440,2,564
calibration__4651__denoise__restore__nes__l0.5,1021,48,5,416,4,556
calibration__4651__denoise__random_walk__random_walk__l0.5,1024,49,2,1023,2,1023
calibration__4651__denoise__confidence_boost__nes__l0.5,1021,50,4,674,4,798
calibration__4651__denoise__boundary_probe__nes__l0.5,1021,49,3,624,3,766
calibration__4651__denoise__counterfactual__nes__l0.5,1021,48,10,544,3,691
calibration__4651__deblur__attack__nes__l1,1021,48,3,504,2,662
calibration__4651__deblur__restore__nes__l1,1021,48,4,517,4,671
calibration__4651__deblur__random_walk__random_walk__l1,1024,50,2,1023,2,1023
calibration__4651__deblur__confidence_boost__nes__l1,1021,48,3,515,3,658
calibration__4651__deblur__boundary_probe__nes__l1,1021,49,3,729,3,845
calibration__4651__deblur__counterfactual__nes__l1,1021,49,5,602,5,732
calibration__3126__denoise__attack__nes__l0.5,1021,49,3,789,3,885
calibration__3126__denoise__restore__nes__l0.5,1021,49,4,546,4,692
calibration__3126__denoise__random_walk__random_walk__l0.5,1024,50,2,1023,2,1023
calibration__3126__denoise__confidence_boost__nes__l0.5,1021,49,3,793,2,896
calibration__3126__denoise__boundary_probe__nes__l0.5,1021,48,3,775,3,872
calibration__3126__denoise__counterfactual__nes__l0.5,1021,48,2,746,2,874
calibration__3126__deblur__attack__nes__l1,1021,49,2,475,2,630
calibration__3126__deblur__restore__nes__l1,1021,49,2,598,2,741
calibration__3126__deblur__random_walk__random_walk__l1,1024,50,2,1023,2,1023
calibration__3126__deblur__confidence_boost__nes__l1,1021,50,6,618,2,757
calibration__3126__deblur__boundary_probe__nes__l1,1021,48,11,504,11,662
calibration__3126__deblur__counterfactual__nes__l1,1021,48,8,614,8,760
calibration__8350__denoise__attack__nes__l0.5,1021,48,4,756,4,872
calibration__8350__denoise__restore__nes__l0.5,1021,50,4,925,3,981
calibration__8350__denoise__random_walk__random_walk__l0.5,1024,49,2,1023,2,1023
calibration__8350__denoise__confidence_boost__nes__l0.5,1021,49,4,886,4,960
calibration__8350__denoise__boundary_probe__nes__l0.5,1021,49,2,933,2,984
calibration__8350__denoise__counterfactual__nes__l0.5,1021,49,2,862,2,942
calibration__8350__deblur__attack__nes__l1,1021,47,3,668,3,817
calibration__8350__deblur__restore__nes__l1,1021,47,16,657,13,801
calibration__8350__deblur__random_walk__random_walk__l1,1024,49,2,1023,2,1023
calibration__8350__deblur__confidence_boost__nes__l1,1021,48,11,806,4,893
calibration__8350__deblur__boundary_probe__nes__l1,1021,48,3,862,3,933
calibration__8350__deblur__counterfactual__nes__l1,1021,47,12,476,2,688
evaluation__4415__denoise__attack__nes__l0.5,1021,48,9,650,9,772
evaluation__4415__denoise__restore__nes__l0.5,1021,48,2,709,2,813
evaluation__4415__denoise__random_walk__random_walk__l0.5,1024,50,2,1023,2,1023
evaluation__4415__denoise__confidence_boost__nes__l0.5,1021,49,3,674,2,814
evaluation__4415__denoise__boundary_probe__nes__l0.5,1021,48,7,667,7,797
evaluation__4415__denoise__counterfactual__nes__l0.5,1021,48,4,627,4,744
evaluation__4415__deblur__attack__nes__l1,1021,48,3,327,3,460
evaluation__4415__deblur__restore__nes__l1,1021,47,16,257,16,383
evaluation__4415__deblur__random_walk__random_walk__l1,1024,49,2,1023,2,1023
evaluation__4415__deblur__confidence_boost__nes__l1,1021,48,14,245,14,353
evaluation__4415__deblur__boundary_probe__nes__l1,1021,48,15,335,6,469
evaluation__4415__deblur__counterfactual__nes__l1,1021,48,2,275,2,395
evaluation__8073__denoise__attack__nes__l0.5,1021,47,9,326,7,459
evaluation__8073__denoise__restore__nes__l0.5,1021,48,2,230,2,342
evaluation__8073__denoise__random_walk__random_walk__l0.5,1024,49,2,1023,2,1023
evaluation__8073__denoise__confidence_boost__nes__l0.5,1021,48,5,238,5,357
evaluation__8073__denoise__boundary_probe__nes__l0.5,1021,48,4,325,3,441
evaluation__8073__denoise__counterfactual__nes__l0.5,1021,47,3,281,3,426
evaluation__8073__deblur__attack__nes__l1,1021,47,18,266,18,367
evaluation__8073__deblur__restore__nes__l1,1021,47,5,348,5,483
evaluation__8073__deblur__random_walk__random_walk__l1,1024,49,2,1023,2,1023
evaluation__8073__deblur__confidence_boost__nes__l1,1021,48,11,330,11,467
evaluation__8073__deblur__boundary_probe__nes__l1,1021,47,18,271,18,391
evaluation__8073__deblur__counterfactual__nes__l1,1021,48,10,195,10,297
evaluation__9766__denoise__attack__nes__l0.5,1021,49,3,525,3,677
evaluation__9766__denoise__restore__nes__l0.5,1021,48,2,251,2,372
evaluation__9766__denoise__random_walk__random_walk__l0.5,1024,50,2,1023,2,1023
evaluation__9766__denoise__confidence_boost__nes__l0.5,1021,49,5,528,5,679
evaluation__9766__denoise__boundary_probe__nes__l0.5,1021,47,12,600,3,738
evaluation__9766__denoise__counterfactual__nes__l0.5,1021,48,2,352,2,510
evaluation__9766__deblur__attack__nes__l1,1021,48,3,763,3,882
evaluation__9766__deblur__restore__nes__l1,1021,49,5,615,5,794
evaluation__9766__deblur__random_walk__random_walk__l1,1024,50,2,1023,2,1023
evaluation__9766__deblur__confidence_boost__nes__l1,1021,48,9,674,7,805
evaluation__9766__deblur__boundary_probe__nes__l1,1021,48,2,696,2,818
evaluation__9766__deblur__counterfactual__nes__l1,1021,48,5,607,5,767
evaluation__1378__denoise__attack__nes__l0.5,1021,48,3,434,3,591
evaluation__1378__denoise__restore__nes__l0.5,1021,49,7,606,7,763
evaluation__1378__denoise__random_walk__random_walk__l0.5,1024,49,2,1023,2,1023
evaluation__1378__denoise__confidence_boost__nes__l0.5,1021,48,4,651,4,784
evaluation__1378__denoise__boundary_probe__nes__l0.5,1021,49,3,497,3,622
evaluation__1378__denoise__counterfactual__nes__l0.5,1021,49,8,544,8,677
evaluation__1378__deblur__attack__nes__l1,1021,48,4,219,4,310
evaluation__1378__deblur__restore__nes__l1,1021,48,16,209,16,298
evaluation__1378__deblur__random_walk__random_walk__l1,1024,50,2,1023,2,1023
evaluation__1378__deblur__confidence_boost__nes__l1,1021,49,6,474,6,614
evaluation__1378__deblur__boundary_probe__nes__l1,1021,49,5,289,5,401
evaluation__1378__deblur__counterfactual__nes__l1,1021,48,8,206,5,302
evaluation__3418__denoise__attack__nes__l0.5,1021,49,6,206,6,300
evaluation__3418__denoise__restore__nes__l0.5,1021,48,2,241,2,332
evaluation__3418__denoise__random_walk__random_walk__l0.5,1024,49,2,1023,2,1023
evaluation__3418__denoise__confidence_boost__nes__l0.5,1021,48,18,328,11,433
evaluation__3418__denoise__boundary_probe__nes__l0.5,1021,49,4,322,4,461
evaluation__3418__denoise__counterfactual__nes__l0.5,1021,48,18,317,9,444
evaluation__3418__deblur__attack__nes__l1,1021,47,5,256,2,363
evaluation__3418__deblur__restore__nes__l1,1021,49,6,492,6,619
evaluation__3418__deblur__random_walk__random_walk__l1,1024,50,2,1023,2,1023
evaluation__3418__deblur__confidence_boost__nes__l1,1021,48,3,395,3,528
evaluation__3418__deblur__boundary_probe__nes__l1,1021,49,2,374,2,523
evaluation__3418__deblur__counterfactual__nes__l1,1021,49,4,236,4,348
evaluation__6184__denoise__attack__nes__l0.5,1021,48,6,482,6,605
evaluation__6184__denoise__restore__nes__l0.5,1021,49,7,567,2,700
evaluation__6184__denoise__random_walk__random_walk__l0.5,1024,50,2,1023,2,1023
evaluation__6184__denoise__confidence_boost__nes__l0.5,1021,49,3,620,3,754
evaluation__6184__denoise__boundary_probe__nes__l0.5,1021,49,4,497,2,631
evaluation__6184__denoise__counterfactual__nes__l0.5,1021,48,4,320,4,448
evaluation__6184__deblur__attack__nes__l1,1021,49,3,534,3,684
evaluation__6184__deblur__restore__nes__l1,1021,48,5,476,5,608
evaluation__6184__deblur__random_walk__random_walk__l1,1024,50,2,1023,2,1023
evaluation__6184__deblur__confidence_boost__nes__l1,1021,48,6,399,5,552
evaluation__6184__deblur__boundary_probe__nes__l1,1021,48,14,457,11,595
evaluation__6184__deblur__counterfactual__nes__l1,1021,49,8,424,8,553
evaluation__113__denoise__attack__nes__l0.5,1021,50,4,529,4,702
evaluation__113__denoise__restore__nes__l0.5,1021,48,2,556,2,729
evaluation__113__denoise__random_walk__random_walk__l0.5,1024,49,2,1023,2,1023
evaluation__113__denoise__confidence_boost__nes__l0.5,1021,49,3,607,3,760
evaluation__113__denoise__boundary_probe__nes__l0.5,1021,48,11,673,11,814
evaluation__113__denoise__counterfactual__nes__l0.5,1021,49,3,639,3,780
evaluation__113__deblur__attack__nes__l1,1021,49,5,457,5,602
evaluation__113__deblur__restore__nes__l1,1021,48,17,428,8,571
evaluation__113__deblur__random_walk__random_walk__l1,1024,49,2,1023,2,1023
evaluation__113__deblur__confidence_boost__nes__l1,1021,48,6,323,6,440
evaluation__113__deblur__boundary_probe__nes__l1,1021,49,6,379,6,522
evaluation__113__deblur__counterfactual__nes__l1,1021,48,14,450,14,588
evaluation__3408__denoise__attack__nes__l0.5,1021,50,8,749,5,868
evaluation__3408__denoise__restore__nes__l0.5,1021,48,2,586,2,731
evaluation__3408__denoise__random_walk__random_walk__l0.5,1024,49,2,1023,2,1023
evaluation__3408__denoise__confidence_boost__nes__l0.5,1021,48,2,648,2,798
evaluation__3408__denoise__boundary_probe__nes__l0.5,1021,49,2,582,2,752
evaluation__3408__denoise__counterfactual__nes__l0.5,1021,49,5,643,2,785
evaluation__3408__deblur__attack__nes__l1,1021,48,2,500,2,649
evaluation__3408__deblur__restore__nes__l1,1021,48,2,611,2,759
evaluation__3408__deblur__random_walk__random_walk__l1,1024,49,2,1023,2,1023
evaluation__3408__deblur__confidence_boost__nes__l1,1021,47,8,246,8,372
evaluation__3408__deblur__boundary_probe__nes__l1,1021,47,6,428,4,605
evaluation__3408__deblur__counterfactual__nes__l1,1021,47,7,506,7,655
evaluation__5691__denoise__attack__nes__l0.5,1021,49,12,783,12,906
evaluation__5691__denoise__restore__nes__l0.5,1021,49,4,704,4,828
evaluation__5691__denoise__random_walk__random_walk__l0.5,1024,49,2,1023,2,1023
evaluation__5691__denoise__confidence_boost__nes__l0.5,1021,48,6,641,6,777
evaluation__5691__denoise__boundary_probe__nes__l0.5,1021,49,7,704,3,834
evaluation__5691__denoise__counterfactual__nes__l0.5,1021,49,5,899,5,967
evaluation__5691__deblur__attack__nes__l1,1021,48,18,424,12,598
evaluation__5691__deblur__restore__nes__l1,1021,47,5,277,5,402
evaluation__5691__deblur__random_walk__random_walk__l1,1024,49,2,1023,2,1023
evaluation__5691__deblur__confidence_boost__nes__l1,1021,47,13,390,13,571
evaluation__5691__deblur__boundary_probe__nes__l1,1021,48,15,353,15,502
evaluation__5691__deblur__counterfactual__nes__l1,1021,49,5,422,5,559
evaluation__9475__denoise__attack__nes__l0.5,1021,48,3,435,3,590
evaluation__9475__denoise__restore__nes__l0.5,1021,48,8,359,8,521
evaluation__9475__denoise__random_walk__random_walk__l0.5,1024,49,2,1023,2,1023
evaluation__9475__denoise__confidence_boost__nes__l0.5,1021,49,9,379,4,527
evaluation__9475__denoise__boundary_probe__nes__l0.5,1021,49,9,456,9,622
evaluation__9475__denoise__counterfactual__nes__l0.5,1021,48,8,387,4,531
evaluation__9475__deblur__attack__nes__l1,1021,47,11,238,10,342
evaluation__9475__deblur__restore__nes__l1,1021,47,18,335,15,468
evaluation__9475__deblur__random_walk__random_walk__l1,1024,49,2,1023,2,1023
evaluation__9475__deblur__confidence_boost__nes__l1,1021,48,18,355,18,492
evaluation__9475__deblur__boundary_probe__nes__l1,1021,47,18,194,18,288
evaluation__9475__deblur__counterfactual__nes__l1,1021,48,10,220,10,323
evaluation__3700__denoise__attack__nes__l0.5,1021,47,18,203,14,290
evaluation__3700__denoise__restore__nes__l0.5,1021,47,18,281,18,380
evaluation__3700__denoise__random_walk__random_walk__l0.5,1024,50,2,1023,2,1023
evaluation__3700__denoise__confidence_boost__nes__l0.5,1021,47,4,145,4,217
evaluation__3700__denoise__boundary_probe__nes__l0.5,1021,48,18,226,18,320
evaluation__3700__denoise__counterfactual__nes__l0.5,1021,47,18,424,18,541
evaluation__3700__deblur__attack__nes__l1,1021,49,4,646,2,806
evaluation__3700__deblur__restore__nes__l1,1021,48,4,584,4,741
evaluation__3700__deblur__random_walk__random_walk__l1,1024,50,2,1023,2,1023
evaluation__3700__deblur__confidence_boost__nes__l1,1021,49,4,556,4,717
evaluation__3700__deblur__boundary_probe__nes__l1,1021,48,8,691,7,825
evaluation__3700__deblur__counterfactual__nes__l1,1021,49,5,469,2,644
evaluation__6465__denoise__attack__nes__l0.5,1021,47,14,206,13,299
evaluation__6465__denoise__restore__nes__l0.5,1021,48,11,200,4,276
evaluation__6465__denoise__random_walk__random_walk__l0.5,1024,50,2,1023,2,1023
evaluation__6465__denoise__confidence_boost__nes__l0.5,1021,47,9,176,5,264
evaluation__6465__denoise__boundary_probe__nes__l0.5,1021,48,18,188,15,282
evaluation__6465__denoise__counterfactual__nes__l0.5,1021,47,2,210,2,310
evaluation__6465__deblur__attack__nes__l1,1021,46,18,68,18,93
evaluation__6465__deblur__restore__nes__l1,1021,47,18,116,18,177
evaluation__6465__deblur__random_walk__random_walk__l1,1024,49,2,1023,2,1023
evaluation__6465__deblur__confidence_boost__nes__l1,1021,48,18,79,2,91
evaluation__6465__deblur__boundary_probe__nes__l1,1021,47,18,72,18,89
evaluation__6465__deblur__counterfactual__nes__l1,1021,48,18,130,18,167
evaluation__8258__denoise__attack__nes__l0.5,1021,48,18,223,8,335
evaluation__8258__denoise__restore__nes__l0.5,1021,49,15,403,4,539
evaluation__8258__denoise__random_walk__random_walk__l0.5,1024,50,2,1023,2,1023
evaluation__8258__denoise__confidence_boost__nes__l0.5,1021,48,18,276,18,398
evaluation__8258__denoise__boundary_probe__nes__l0.5,1021,49,18,400,18,557
evaluation__8258__denoise__counterfactual__nes__l0.5,1021,48,18,305,18,415
evaluation__8258__deblur__attack__nes__l1,1021,48,17,352,3,509
evaluation__8258__deblur__restore__nes__l1,1021,48,6,314,6,453
evaluation__8258__deblur__random_walk__random_walk__l1,1024,50,2,1023,2,1023
evaluation__8258__deblur__confidence_boost__nes__l1,1021,47,18,257,18,364
evaluation__8258__deblur__boundary_probe__nes__l1,1021,47,14,284,14,407
evaluation__8258__deblur__counterfactual__nes__l1,1021,49,18,458,2,609
evaluation__1375__denoise__attack__nes__l0.5,1021,48,4,711,4,836
evaluation__1375__denoise__restore__nes__l0.5,1021,48,9,659,4,803
evaluation__1375__denoise__random_walk__random_walk__l0.5,1024,49,2,1023,2,1023
evaluation__1375__denoise__confidence_boost__nes__l0.5,1021,49,4,625,4,770
evaluation__1375__denoise__boundary_probe__nes__l0.5,1021,49,2,582,2,730
evaluation__1375__denoise__counterfactual__nes__l0.5,1021,48,5,547,5,695
evaluation__1375__deblur__attack__nes__l1,1021,47,3,374,3,518
evaluation__1375__deblur__restore__nes__l1,1021,48,18,221,7,349
evaluation__1375__deblur__random_walk__random_walk__l1,1024,50,2,1023,2,1023
evaluation__1375__deblur__confidence_boost__nes__l1,1021,47,11,245,4,367
evaluation__1375__deblur__boundary_probe__nes__l1,1021,49,4,362,4,501
evaluation__1375__deblur__counterfactual__nes__l1,1021,49,4,411,4,572
evaluation__4616__denoise__attack__nes__l0.5,1021,49,3,550,2,698
evaluation__4616__denoise__restore__nes__l0.5,1021,48,2,618,2,750
evaluation__4616__denoise__random_walk__random_walk__l0.5,1024,49,2,1023,2,1023
evaluation__4616__denoise__confidence_boost__nes__l0.5,1021,49,3,530,3,680
evaluation__4616__denoise__boundary_probe__nes__l0.5,1021,49,2,667,2,799
evaluation__4616__denoise__counterfactual__nes__l0.5,1021,49,3,709,3,828
evaluation__4616__deblur__attack__nes__l1,1021,48,6,545,2,680
evaluation__4616__deblur__restore__nes__l1,1021,48,8,470,8,601
evaluation__4616__deblur__random_walk__random_walk__l1,1024,50,2,1023,2,1023
evaluation__4616__deblur__confidence_boost__nes__l1,1021,49,3,236,2,355
evaluation__4616__deblur__boundary_probe__nes__l1,1021,49,2,669,2,774
evaluation__4616__deblur__counterfactual__nes__l1,1021,48,8,616,7,752
evaluation__7277__denoise__attack__nes__l0.5,1021,49,2,776,2,862
evaluation__7277__denoise__restore__nes__l0.5,1021,49,2,829,2,920
evaluation__7277__denoise__random_walk__random_walk__l0.5,1024,50,2,1023,2,1023
evaluation__7277__denoise__confidence_boost__nes__l0.5,1021,48,3,858,3,931
evaluation__7277__denoise__boundary_probe__nes__l0.5,1021,48,3,707,3,829
evaluation__7277__denoise__counterfactual__nes__l0.5,1021,48,4,955,2,995
evaluation__7277__deblur__attack__nes__l1,1021,49,17,518,12,655
evaluation__7277__deblur__restore__nes__l1,1021,48,4,342,4,480
evaluation__7277__deblur__random_walk__random_walk__l1,1024,50,2,1023,2,1023
evaluation__7277__deblur__confidence_boost__nes__l1,1021,47,3,426,3,579
evaluation__7277__deblur__boundary_probe__nes__l1,1021,48,13,390,6,550
evaluation__7277__deblur__counterfactual__nes__l1,1021,47,6,505,5,660
evaluation__148__denoise__attack__nes__l0.5,1021,49,13,428,13,573
evaluation__148__denoise__restore__nes__l0.5,1021,49,2,319,2,455
evaluation__148__denoise__random_walk__random_walk__l0.5,1024,50,2,1023,2,1023
evaluation__148__denoise__confidence_boost__nes__l0.5,1021,48,6,385,6,564
evaluation__148__denoise__boundary_probe__nes__l0.5,1021,47,15,427,13,563
evaluation__148__denoise__counterfactual__nes__l0.5,1021,48,15,411,7,547
evaluation__148__deblur__attack__nes__l1,1021,48,18,181,18,270
evaluation__148__deblur__restore__nes__l1,1021,49,18,194,3,295
evaluation__148__deblur__random_walk__random_walk__l1,1024,49,2,1023,2,1023
evaluation__148__deblur__confidence_boost__nes__l1,1021,48,18,360,18,514
evaluation__148__deblur__boundary_probe__nes__l1,1021,48,18,241,18,358
evaluation__148__deblur__counterfactual__nes__l1,1021,47,18,180,18,265
evaluation__4810__denoise__attack__nes__l0.5,1021,47,18,169,18,246
evaluation__4810__denoise__restore__nes__l0.5,1021,47,18,146,18,217
evaluation__4810__denoise__random_walk__random_walk__l0.5,1024,49,2,1023,2,1023
evaluation__4810__denoise__confidence_boost__nes__l0.5,1021,48,18,112,14,152
evaluation__4810__denoise__boundary_probe__nes__l0.5,1021,49,13,153,3,235
evaluation__4810__denoise__counterfactual__nes__l0.5,1021,47,18,109,18,156
evaluation__4810__deblur__attack__nes__l1,1021,49,5,423,5,549
evaluation__4810__deblur__restore__nes__l1,1021,49,2,366,2,482
evaluation__4810__deblur__random_walk__random_walk__l1,1024,50,2,1023,2,1023
evaluation__4810__deblur__confidence_boost__nes__l1,1021,49,18,379,18,542
evaluation__4810__deblur__boundary_probe__nes__l1,1021,48,9,470,5,627
evaluation__4810__deblur__counterfactual__nes__l1,1021,49,4,632,2,755
evaluation__7295__denoise__attack__nes__l0.5,1021,47,18,132,4,196
evaluation__7295__denoise__restore__nes__l0.5,1021,47,18,188,7,266
evaluation__7295__denoise__random_walk__random_walk__l0.5,1024,49,2,1023,2,1023
evaluation__7295__denoise__confidence_boost__nes__l0.5,1021,48,18,112,10,163
evaluation__7295__denoise__boundary_probe__nes__l0.5,1021,48,18,144,18,230
evaluation__7295__denoise__counterfactual__nes__l0.5,1021,47,18,227,18,349
evaluation__7295__deblur__attack__nes__l1,1021,49,14,311,14,453
evaluation__7295__deblur__restore__nes__l1,1021,48,6,307,4,447
evaluation__7295__deblur__random_walk__random_walk__l1,1024,49,2,1023,2,1023
evaluation__7295__deblur__confidence_boost__nes__l1,1021,49,18,290,9,424
evaluation__7295__deblur__boundary_probe__nes__l1,1021,49,6,344,6,465
evaluation__7295__deblur__counterfactual__nes__l1,1021,49,5,288,2,410
evaluation__9838__denoise__attack__nes__l0.5,1021,47,18,350,18,503
evaluation__9838__denoise__restore__nes__l0.5,1021,48,18,206,3,305
evaluation__9838__denoise__random_walk__random_walk__l0.5,1024,50,2,1023,2,1023
evaluation__9838__denoise__confidence_boost__nes__l0.5,1021,48,8,228,5,350
evaluation__9838__denoise__boundary_probe__nes__l0.5,1021,48,14,354,7,484
evaluation__9838__denoise__counterfactual__nes__l0.5,1021,48,18,248,11,360
evaluation__9838__deblur__attack__nes__l1,1021,48,2,389,2,528
evaluation__9838__deblur__restore__nes__l1,1021,49,6,462,6,605
evaluation__9838__deblur__random_walk__random_walk__l1,1024,49,2,1023,2,1023
evaluation__9838__deblur__confidence_boost__nes__l1,1021,49,6,383,6,533
evaluation__9838__deblur__boundary_probe__nes__l1,1021,48,2,304,2,434
evaluation__9838__deblur__counterfactual__nes__l1,1021,49,18,543,10,695
evaluation__1062__denoise__attack__nes__l0.5,1021,48,2,355,2,475
evaluation__1062__denoise__restore__nes__l0.5,1021,48,5,352,3,477
evaluation__1062__denoise__random_walk__random_walk__l0.5,1024,49,2,1023,2,1023
evaluation__1062__denoise__confidence_boost__nes__l0.5,1021,49,6,297,6,426
evaluation__1062__denoise__boundary_probe__nes__l0.5,1021,49,6,489,6,632
evaluation__1062__denoise__counterfactual__nes__l0.5,1021,49,4,488,4,616
evaluation__1062__deblur__attack__nes__l1,1021,47,11,302,11,416
evaluation__1062__deblur__restore__nes__l1,1021,49,11,200,8,302
evaluation__1062__deblur__random_walk__random_walk__l1,1024,49,2,1023,2,1023
evaluation__1062__deblur__confidence_boost__nes__l1,1021,47,8,172,8,242
evaluation__1062__deblur__boundary_probe__nes__l1,1021,49,18,342,14,470
evaluation__1062__deblur__counterfactual__nes__l1,1021,48,7,377,7,491
evaluation__4161__denoise__attack__nes__l0.5,1021,48,2,213,2,304
evaluation__4161__denoise__restore__nes__l0.5,1021,48,6,238,6,315
evaluation__4161__denoise__random_walk__random_walk__l0.5,1024,49,2,1023,2,1023
evaluation__4161__denoise__confidence_boost__nes__l0.5,1021,48,18,139,18,183
evaluation__4161__denoise__boundary_probe__nes__l0.5,1021,48,11,244,11,358
evaluation__4161__denoise__counterfactual__nes__l0.5,1021,48,12,268,12,380
evaluation__4161__deblur__attack__nes__l1,1021,50,18,250,18,361
evaluation__4161__deblur__restore__nes__l1,1021,48,18,293,18,421
evaluation__4161__deblur__random_walk__random_walk__l1,1024,49,2,1023,2,1023
evaluation__4161__deblur__confidence_boost__nes__l1,1021,49,18,349,4,481
evaluation__4161__deblur__boundary_probe__nes__l1,1021,48,18,469,3,622
evaluation__4161__deblur__counterfactual__nes__l1,1021,48,18,416,18,558
evaluation__8100__denoise__attack__nes__l0.5,1021,48,3,286,2,409
evaluation__8100__denoise__restore__nes__l0.5,1021,48,18,414,12,553
evaluation__8100__denoise__random_walk__random_walk__l0.5,1024,49,2,1023,2,1023
evaluation__8100__denoise__confidence_boost__nes__l0.5,1021,48,4,329,4,477
evaluation__8100__denoise__boundary_probe__nes__l0.5,1021,48,14,383,3,527
evaluation__8100__denoise__counterfactual__nes__l0.5,1021,49,2,391,2,519
evaluation__8100__deblur__attack__nes__l1,1021,49,4,554,4,695
evaluation__8100__deblur__restore__nes__l1,1021,49,4,345,2,467
evaluation__8100__deblur__random_walk__random_walk__l1,1024,49,2,1023,2,1023
evaluation__8100__deblur__confidence_boost__nes__l1,1021,48,5,416,5,560
evaluation__8100__deblur__boundary_probe__nes__l1,1021,48,4,623,3,753
evaluation__8100__deblur__counterfactual__nes__l1,1021,49,9,317,9,470
evaluation__2084__denoise__attack__nes__l0.5,1021,48,15,105,12,152
evaluation__2084__denoise__restore__nes__l0.5,1021,48,18,205,7,294
evaluation__2084__denoise__random_walk__random_walk__l0.5,1024,50,2,1023,2,1023
evaluation__2084__denoise__confidence_boost__nes__l0.5,1021,48,11,156,8,223
evaluation__2084__denoise__boundary_probe__nes__l0.5,1021,48,3,193,3,274
evaluation__2084__denoise__counterfactual__nes__l0.5,1021,46,2,109,2,152
evaluation__2084__deblur__attack__nes__l1,1021,49,12,407,2,551
evaluation__2084__deblur__restore__nes__l1,1021,48,5,419,5,551
evaluation__2084__deblur__random_walk__random_walk__l1,1024,49,2,1023,2,1023
evaluation__2084__deblur__confidence_boost__nes__l1,1021,48,2,590,2,735
evaluation__2084__deblur__boundary_probe__nes__l1,1021,49,8,682,3,802
evaluation__2084__deblur__counterfactual__nes__l1,1021,47,3,372,3,500
evaluation__5465__denoise__attack__nes__l0.5,1021,48,6,560,3,694
evaluation__5465__denoise__restore__nes__l0.5,1021,48,7,512,7,661
evaluation__5465__denoise__random_walk__random_walk__l0.5,1024,49,2,1023,2,1023
evaluation__5465__denoise__confidence_boost__nes__l0.5,1021,49,3,501,3,674
evaluation__5465__denoise__boundary_probe__nes__l0.5,1021,49,2,577,2,737
evaluation__5465__denoise__counterfactual__nes__l0.5,1021,49,3,662,3,792
evaluation__5465__deblur__attack__nes__l1,1021,47,3,787,2,920
evaluation__5465__deblur__restore__nes__l1,1021,47,2,638,2,762
evaluation__5465__deblur__random_walk__random_walk__l1,1024,50,2,1023,2,1023
evaluation__5465__deblur__confidence_boost__nes__l1,1021,49,4,730,3,852
evaluation__5465__deblur__boundary_probe__nes__l1,1021,49,2,782,2,899
evaluation__5465__deblur__counterfactual__nes__l1,1021,49,2,816,2,914
evaluation__6745__denoise__attack__nes__l0.5,1021,49,3,470,3,619
evaluation__6745__denoise__restore__nes__l0.5,1021,49,12,328,12,434
evaluation__6745__denoise__random_walk__random_walk__l0.5,1024,49,2,1023,2,1023
evaluation__6745__denoise__confidence_boost__nes__l0.5,1021,47,3,359,3,483
evaluation__6745__denoise__boundary_probe__nes__l0.5,1021,49,14,409,14,558
evaluation__6745__denoise__counterfactual__nes__l0.5,1021,47,18,393,5,542
evaluation__6745__deblur__attack__nes__l1,1021,48,4,367,4,504
evaluation__6745__deblur__restore__nes__l1,1021,49,7,435,7,576
evaluation__6745__deblur__random_walk__random_walk__l1,1024,49,2,1023,2,1023
evaluation__6745__deblur__confidence_boost__nes__l1,1021,48,4,295,4,391
evaluation__6745__deblur__boundary_probe__nes__l1,1021,47,18,278,4,434
evaluation__6745__deblur__counterfactual__nes__l1,1021,48,2,378,2,514
evaluation__362__denoise__attack__nes__l0.5,1021,48,2,436,2,572
evaluation__362__denoise__restore__nes__l0.5,1021,48,4,286,2,395
evaluation__362__denoise__random_walk__random_walk__l0.5,1024,49,2,1023,2,1023
evaluation__362__denoise__confidence_boost__nes__l0.5,1021,48,18,524,18,645
evaluation__362__denoise__boundary_probe__nes__l0.5,1021,48,2,560,2,701
evaluation__362__denoise__counterfactual__nes__l0.5,1021,47,4,383,4,525
evaluation__362__deblur__attack__nes__l1,1021,49,13,311,6,418
evaluation__362__deblur__restore__nes__l1,1021,49,4,420,4,558
evaluation__362__deblur__random_walk__random_walk__l1,1024,49,2,1023,2,1023
evaluation__362__deblur__confidence_boost__nes__l1,1021,47,4,273,2,379
evaluation__362__deblur__boundary_probe__nes__l1,1021,49,5,396,4,526
evaluation__362__deblur__counterfactual__nes__l1,1021,48,4,313,2,430
evaluation__2196__denoise__attack__nes__l0.5,1021,46,9,205,2,303
evaluation__2196__denoise__restore__nes__l0.5,1021,48,7,327,2,495
evaluation__2196__denoise__random_walk__random_walk__l0.5,1024,50,2,1023,2,1023
evaluation__2196__denoise__confidence_boost__nes__l0.5,1021,48,5,480,5,631
evaluation__2196__denoise__boundary_probe__nes__l0.5,1021,49,3,472,3,629
evaluation__2196__denoise__counterfactual__nes__l0.5,1021,48,18,535,9,679
evaluation__2196__deblur__attack__nes__l1,1021,49,12,491,6,638
evaluation__2196__deblur__restore__nes__l1,1021,48,8,305,8,411
evaluation__2196__deblur__random_walk__random_walk__l1,1024,49,2,1023,2,1023
evaluation__2196__deblur__confidence_boost__nes__l1,1021,48,3,320,3,461
evaluation__2196__deblur__boundary_probe__nes__l1,1021,47,4,353,4,491
evaluation__2196__deblur__counterfactual__nes__l1,1021,48,6,516,6,648
evaluation__6211__denoise__attack__nes__l0.5,1021,47,8,199,8,297
evaluation__6211__denoise__restore__nes__l0.5,1021,48,18,311,12,417
evaluation__6211__denoise__random_walk__random_walk__l0.5,1024,49,2,1023,2,1023
evaluation__6211__denoise__confidence_boost__nes__l0.5,1021,48,18,204,18,305
evaluation__6211__denoise__boundary_probe__nes__l0.5,1021,48,18,269,15,369
evaluation__6211__denoise__counterfactual__nes__l0.5,1021,47,18,163,18,228
evaluation__6211__deblur__attack__nes__l1,1021,49,3,707,3,839
evaluation__6211__deblur__restore__nes__l1,1021,48,2,638,2,762
evaluation__6211__deblur__random_walk__random_walk__l1,1024,49,2,1023,2,1023
evaluation__6211__deblur__confidence_boost__nes__l1,1021,48,2,722,2,844
evaluation__6211__deblur__boundary_probe__nes__l1,1021,47,2,534,2,690
evaluation__6211__deblur__counterfactual__nes__l1,1021,49,2,698,2,816
evaluation__9266__denoise__attack__nes__l0.5,1021,49,2,456,2,595
evaluation__9266__denoise__restore__nes__l0.5,1021,48,4,395,4,544
evaluation__9266__denoise__random_walk__random_walk__l0.5,1024,50,2,1023,2,1023
evaluation__9266__denoise__confidence_boost__nes__l0.5,1021,49,4,348,4,484
evaluation__9266__denoise__boundary_probe__nes__l0.5,1021,48,3,409,3,546
evaluation__9266__denoise__counterfactual__nes__l0.5,1021,48,2,344,2,492
evaluation__9266__deblur__attack__nes__l1,1021,49,18,364,18,512
evaluation__9266__deblur__restore__nes__l1,1021,48,18,275,12,393
evaluation__9266__deblur__random_walk__random_walk__l1,1024,49,2,1023,2,1023
evaluation__9266__deblur__confidence_boost__nes__l1,1021,48,18,242,18,362
evaluation__9266__deblur__boundary_probe__nes__l1,1021,49,18,227,6,321
evaluation__9266__deblur__counterfactual__nes__l1,1021,47,18,278,18,402
evaluation__2188__denoise__attack__nes__l0.5,1021,48,18,215,2,350
evaluation__2188__denoise__restore__nes__l0.5,1021,48,9,208,9,311
evaluation__2188__denoise__random_walk__random_walk__l0.5,1024,50,2,1023,2,1023
evaluation__2188__denoise__confidence_boost__nes__l0.5,1021,49,18,456,12,588
evaluation__2188__denoise__boundary_probe__nes__l0.5,1021,47,3,175,3,264
evaluation__2188__denoise__counterfactual__nes__l0.5,1021,47,7,323,7,437
evaluation__2188__deblur__attack__nes__l1,1021,47,18,178,18,263
evaluation__2188__deblur__restore__nes__l1,1021,48,16,181,16,272
evaluation__2188__deblur__random_walk__random_walk__l1,1024,49,2,1023,2,1023
evaluation__2188__deblur__confidence_boost__nes__l1,1021,47,18,195,8,283
evaluation__2188__deblur__boundary_probe__nes__l1,1021,47,18,167,11,244
evaluation__2188__deblur__counterfactual__nes__l1,1021,47,18,228,18,332
evaluation__4979__denoise__attack__nes__l0.5,1021,49,2,626,2,766
evaluation__4979__denoise__restore__nes__l0.5,1021,48,2,577,2,728
evaluation__4979__denoise__random_walk__random_walk__l0.5,1024,50,2,1023,2,1023
evaluation__4979__denoise__confidence_boost__nes__l0.5,1021,48,2,612,2,766
evaluation__4979__denoise__boundary_probe__nes__l0.5,1021,48,7,603,2,730
evaluation__4979__denoise__counterfactual__nes__l0.5,1021,48,3,595,3,749
evaluation__4979__deblur__attack__nes__l1,1021,47,4,188,4,287
evaluation__4979__deblur__restore__nes__l1,1021,47,9,243,9,360
evaluation__4979__deblur__random_walk__random_walk__l1,1024,50,2,1023,2,1023
evaluation__4979__deblur__confidence_boost__nes__l1,1021,48,5,167,5,253
evaluation__4979__deblur__boundary_probe__nes__l1,1021,49,7,171,7,268
evaluation__4979__deblur__counterfactual__nes__l1,1021,49,16,336,16,466
evaluation__8512__denoise__attack__nes__l0.5,1021,49,4,602,4,745
evaluation__8512__denoise__restore__nes__l0.5,1021,49,2,672,2,805
evaluation__8512__denoise__random_walk__random_walk__l0.5,1024,50,2,1023,2,1023
evaluation__8512__denoise__confidence_boost__nes__l0.5,1021,49,6,696,3,827
evaluation__8512__denoise__boundary_probe__nes__l0.5,1021,48,2,644,2,794
evaluation__8512__denoise__counterfactual__nes__l0.5,1021,50,6,608,4,744
evaluation__8512__deblur__attack__nes__l1,1021,48,18,262,16,372
evaluation__8512__deblur__restore__nes__l1,1021,47,18,217,18,312
evaluation__8512__deblur__random_walk__random_walk__l1,1024,49,2,1023,2,1023
evaluation__8512__deblur__confidence_boost__nes__l1,1021,48,3,431,3,566
evaluation__8512__deblur__boundary_probe__nes__l1,1021,50,13,166,13,251
evaluation__8512__deblur__counterfactual__nes__l1,1021,48,15,219,9,327
fit__2400__denoise__attack__nes__l0.5,1021,47,3,534,2,706
fit__2400__denoise__restore__nes__l0.5,1021,48,5,679,3,842
fit__2400__denoise__random_walk__random_walk__l0.5,1024,50,2,1023,2,1023
fit__2400__denoise__confidence_boost__nes__l0.5,1021,48,9,735,9,863
fit__2400__denoise__boundary_probe__nes__l0.5,1021,49,2,724,2,849
fit__2400__denoise__counterfactual__nes__l0.5,1021,49,3,652,3,801
fit__2400__deblur__attack__nes__l1,1021,47,11,533,11,695
fit__2400__deblur__restore__nes__l1,1021,47,7,314,4,448
fit__2400__deblur__random_walk__random_walk__l1,1024,49,2,1023,2,1023
fit__2400__deblur__confidence_boost__nes__l1,1021,46,7,432,7,595
fit__2400__deblur__boundary_probe__nes__l1,1021,47,7,511,5,686
fit__2400__deblur__counterfactual__nes__l1,1021,47,3,434,3,580
fit__8400__denoise__attack__nes__l0.5,1021,48,3,331,3,462
fit__8400__denoise__restore__nes__l0.5,1021,48,18,456,4,601
fit__8400__denoise__random_walk__random_walk__l0.5,1024,49,2,1023,2,1023
fit__8400__denoise__confidence_boost__nes__l0.5,1021,47,3,519,3,657
fit__8400__denoise__boundary_probe__nes__l0.5,1021,49,3,512,3,661
fit__8400__denoise__counterfactual__nes__l0.5,1021,48,3,593,3,730
fit__8400__deblur__attack__nes__l1,1021,49,5,287,5,399
fit__8400__deblur__restore__nes__l1,1021,47,13,212,13,316
fit__8400__deblur__random_walk__random_walk__l1,1024,49,2,1023,2,1023
fit__8400__deblur__confidence_boost__nes__l1,1021,47,4,140,4,192
fit__8400__deblur__boundary_probe__nes__l1,1021,47,10,357,9,464
fit__8400__deblur__counterfactual__nes__l1,1021,48,18,210,6,312
fit__3701__denoise__attack__nes__l0.5,1021,48,3,252,3,349
fit__3701__denoise__restore__nes__l0.5,1021,47,18,172,18,259
fit__3701__denoise__random_walk__random_walk__l0.5,1024,49,2,1023,2,1023
fit__3701__denoise__confidence_boost__nes__l0.5,1021,47,3,324,3,418
fit__3701__denoise__boundary_probe__nes__l0.5,1021,48,12,272,12,379
fit__3701__denoise__counterfactual__nes__l0.5,1021,47,12,217,12,309
fit__3701__deblur__attack__nes__l1,1021,49,4,581,4,732
fit__3701__deblur__restore__nes__l1,1021,48,4,470,4,614
fit__3701__deblur__random_walk__random_walk__l1,1024,50,2,1023,2,1023
fit__3701__deblur__confidence_boost__nes__l1,1021,49,3,665,3,788
fit__3701__deblur__boundary_probe__nes__l1,1021,48,5,506,3,661
fit__3701__deblur__counterfactual__nes__l1,1021,48,3,556,3,699
fit__1496__denoise__attack__nes__l0.5,1021,48,2,531,2,681
fit__1496__denoise__restore__nes__l0.5,1021,49,3,418,3,546
fit__1496__denoise__random_walk__random_walk__l0.5,1024,50,2,1023,2,1023
fit__1496__denoise__confidence_boost__nes__l0.5,1021,48,4,439,4,584
fit__1496__denoise__boundary_probe__nes__l0.5,1021,49,6,458,6,628
fit__1496__denoise__counterfactual__nes__l0.5,1021,49,2,586,2,720
fit__1496__deblur__attack__nes__l1,1021,48,7,242,3,352
fit__1496__deblur__restore__nes__l1,1021,47,2,255,2,359
fit__1496__deblur__random_walk__random_walk__l1,1024,49,2,1023,2,1023
fit__1496__deblur__confidence_boost__nes__l1,1021,49,3,315,3,427
fit__1496__deblur__boundary_probe__nes__l1,1021,49,3,311,2,451
fit__1496__deblur__counterfactual__nes__l1,1021,48,2,266,2,396
fit__7082__denoise__attack__nes__l0.5,1021,49,4,768,3,890
fit__7082__denoise__restore__nes__l0.5,1021,50,11,824,3,907
fit__7082__denoise__random_walk__random_walk__l0.5,1024,50,2,1023,2,1023
fit__7082__denoise__confidence_boost__nes__l0.5,1021,49,5,800,3,907
fit__7082__denoise__boundary_probe__nes__l0.5,1021,48,2,838,2,929
fit__7082__denoise__counterfactual__nes__l0.5,1021,49,3,801,2,892
fit__7082__deblur__attack__nes__l1,1021,48,4,249,4,374
fit__7082__deblur__restore__nes__l1,1021,48,2,245,2,353
fit__7082__deblur__random_walk__random_walk__l1,1024,49,2,1023,2,1023
fit__7082__deblur__confidence_boost__nes__l1,1021,47,4,251,4,338
fit__7082__deblur__boundary_probe__nes__l1,1021,48,6,288,6,426
fit__7082__deblur__counterfactual__nes__l1,1021,48,18,163,6,245
fit__1112__denoise__attack__nes__l0.5,1021,48,3,434,3,567
fit__1112__denoise__restore__nes__l0.5,1021,48,3,537,3,683
fit__1112__denoise__random_walk__random_walk__l0.5,1024,49,2,1023,2,1023
fit__1112__denoise__confidence_boost__nes__l0.5,1021,49,16,374,6,556
fit__1112__denoise__boundary_probe__nes__l0.5,1021,49,8,545,2,683
fit__1112__denoise__counterfactual__nes__l0.5,1021,48,10,520,4,656
fit__1112__deblur__attack__nes__l1,1021,48,7,545,6,694
fit__1112__deblur__restore__nes__l1,1021,48,3,633,3,785
fit__1112__deblur__random_walk__random_walk__l1,1024,49,2,1023,2,1023
fit__1112__deblur__confidence_boost__nes__l1,1021,48,2,548,2,708
fit__1112__deblur__boundary_probe__nes__l1,1021,48,2,650,2,781
fit__1112__deblur__counterfactual__nes__l1,1021,49,4,427,2,568
fit__8196__denoise__attack__nes__l0.5,1021,49,9,318,3,463
fit__8196__denoise__restore__nes__l0.5,1021,48,18,265,4,366
fit__8196__denoise__random_walk__random_walk__l0.5,1024,49,2,1023,2,1023
fit__8196__denoise__confidence_boost__nes__l0.5,1021,48,18,370,6,520
fit__8196__denoise__boundary_probe__nes__l0.5,1021,47,7,238,7,338
fit__8196__denoise__counterfactual__nes__l0.5,1021,49,8,352,8,506
fit__8196__deblur__attack__nes__l1,1021,48,9,236,8,350
fit__8196__deblur__restore__nes__l1,1021,48,18,245,10,371
fit__8196__deblur__random_walk__random_walk__l1,1024,50,2,1023,2,1023
fit__8196__deblur__confidence_boost__nes__l1,1021,46,12,145,12,214
fit__8196__deblur__boundary_probe__nes__l1,1021,47,18,136,14,208
fit__8196__deblur__counterfactual__nes__l1,1021,49,16,226,10,326
fit__3222__denoise__attack__nes__l0.5,1021,49,6,411,3,548
fit__3222__denoise__restore__nes__l0.5,1021,48,3,239,2,365
fit__3222__denoise__random_walk__random_walk__l0.5,1024,49,2,1023,2,1023
fit__3222__denoise__confidence_boost__nes__l0.5,1021,47,2,395,2,520
fit__3222__denoise__boundary_probe__nes__l0.5,1021,49,3,417,3,552
fit__3222__denoise__counterfactual__nes__l0.5,1021,50,3,416,3,551
fit__3222__deblur__attack__nes__l1,1021,48,12,306,11,433
fit__3222__deblur__restore__nes__l1,1021,48,3,293,3,438
fit__3222__deblur__random_walk__random_walk__l1,1024,49,2,1023,2,1023
fit__3222__deblur__confidence_boost__nes__l1,1021,48,2,346,2,473
fit__3222__deblur__boundary_probe__nes__l1,1021,49,12,288,5,425
fit__3222__deblur__counterfactual__nes__l1,1021,48,3,262,2,383
fit__679__denoise__attack__nes__l0.5,1021,48,2,588,2,727
fit__679__denoise__restore__nes__l0.5,1021,49,3,431,3,554
fit__679__denoise__random_walk__random_walk__l0.5,1024,49,2,1023,2,1023
fit__679__denoise__confidence_boost__nes__l0.5,1021,48,3,615,3,751
fit__679__denoise__boundary_probe__nes__l0.5,1021,50,3,663,2,812
fit__679__denoise__counterfactual__nes__l0.5,1021,49,2,580,2,708
fit__679__deblur__attack__nes__l1,1021,48,2,609,2,733
fit__679__deblur__restore__nes__l1,1021,48,4,490,4,640
fit__679__deblur__random_walk__random_walk__l1,1024,50,2,1023,2,1023
fit__679__deblur__confidence_boost__nes__l1,1021,48,5,497,5,648
fit__679__deblur__boundary_probe__nes__l1,1021,49,3,630,3,771
fit__679__deblur__counterfactual__nes__l1,1021,49,3,659,3,770
fit__6835__denoise__attack__nes__l0.5,1021,47,2,443,2,602
fit__6835__denoise__restore__nes__l0.5,1021,49,18,420,18,572
fit__6835__denoise__random_walk__random_walk__l0.5,1024,50,2,1023,2,1023
fit__6835__denoise__confidence_boost__nes__l0.5,1021,48,3,260,3,394
fit__6835__denoise__boundary_probe__nes__l0.5,1021,50,8,392,8,544
fit__6835__denoise__counterfactual__nes__l0.5,1021,48,18,582,18,731
fit__6835__deblur__attack__nes__l1,1021,48,18,373,18,486
fit__6835__deblur__restore__nes__l1,1021,47,18,155,18,242
fit__6835__deblur__random_walk__random_walk__l1,1024,49,2,1023,2,1023
fit__6835__deblur__confidence_boost__nes__l1,1021,50,18,167,18,258
fit__6835__deblur__boundary_probe__nes__l1,1021,47,18,102,18,142
fit__6835__deblur__counterfactual__nes__l1,1021,46,18,164,18,231
fit__2702__denoise__attack__nes__l0.5,1021,48,3,477,3,633
fit__2702__denoise__restore__nes__l0.5,1021,47,7,440,3,603
fit__2702__denoise__random_walk__random_walk__l0.5,1024,49,2,1023,2,1023
fit__2702__denoise__confidence_boost__nes__l0.5,1021,48,5,449,5,581
fit__2702__denoise__boundary_probe__nes__l0.5,1021,47,7,474,7,632
fit__2702__denoise__counterfactual__nes__l0.5,1021,50,16,533,4,687
fit__2702__deblur__attack__nes__l1,1021,48,7,655,7,799
fit__2702__deblur__restore__nes__l1,1021,48,5,514,2,650
fit__2702__deblur__random_walk__random_walk__l1,1024,50,2,1023,2,1023
fit__2702__deblur__confidence_boost__nes__l1,1021,49,5,776,5,871
fit__2702__deblur__boundary_probe__nes__l1,1021,49,9,570,2,748
fit__2702__deblur__counterfactual__nes__l1,1021,48,3,600,2,756
fit__8771__denoise__attack__nes__l0.5,1021,48,4,359,4,488
fit__8771__denoise__restore__nes__l0.5,1021,48,18,241,7,354
fit__8771__denoise__random_walk__random_walk__l0.5,1024,49,2,1023,2,1023
fit__8771__denoise__confidence_boost__nes__l0.5,1021,49,14,271,4,399
fit__8771__denoise__boundary_probe__nes__l0.5,1021,49,4,385,4,513
fit__8771__denoise__counterfactual__nes__l0.5,1021,49,18,345,3,455
fit__8771__deblur__attack__nes__l1,1021,49,7,527,7,676
fit__8771__deblur__restore__nes__l1,1021,48,6,620,2,759
fit__8771__deblur__random_walk__random_walk__l1,1024,49,2,1023,2,1023
fit__8771__deblur__confidence_boost__nes__l1,1021,49,7,748,7,844
fit__8771__deblur__boundary_probe__nes__l1,1021,49,5,703,3,840
fit__8771__deblur__counterfactual__nes__l1,1021,48,4,624,4,767
fit__1635__denoise__attack__nes__l0.5,1021,46,10,90,10,123
fit__1635__denoise__restore__nes__l0.5,1021,49,18,196,3,280
fit__1635__denoise__random_walk__random_walk__l0.5,1024,49,2,1023,2,1023
fit__1635__denoise__confidence_boost__nes__l0.5,1021,47,18,115,3,173
fit__1635__denoise__boundary_probe__nes__l0.5,1021,47,12,266,12,378
fit__1635__denoise__counterfactual__nes__l0.5,1021,48,18,340,18,465
fit__1635__deblur__attack__nes__l1,1021,49,6,505,6,658
fit__1635__deblur__restore__nes__l1,1021,47,3,431,3,547
fit__1635__deblur__random_walk__random_walk__l1,1024,49,2,1023,2,1023
fit__1635__deblur__confidence_boost__nes__l1,1021,48,3,416,3,545
fit__1635__deblur__boundary_probe__nes__l1,1021,47,2,376,2,509
fit__1635__deblur__counterfactual__nes__l1,1021,48,5,298,5,424
fit__612__denoise__attack__nes__l0.5,1021,49,3,987,3,1004
fit__612__denoise__restore__nes__l0.5,1021,49,2,921,2,987
fit__612__denoise__random_walk__random_walk__l0.5,1024,49,2,1023,2,1023
fit__612__denoise__confidence_boost__nes__l0.5,1021,49,2,905,2,970
fit__612__denoise__boundary_probe__nes__l0.5,1021,50,2,847,2,927
fit__612__denoise__counterfactual__nes__l0.5,1021,48,2,964,2,999
fit__612__deblur__attack__nes__l1,1021,48,10,668,3,804
fit__612__deblur__restore__nes__l1,1021,48,7,664,6,787
fit__612__deblur__random_walk__random_walk__l1,1024,49,2,1023,2,1023
fit__612__deblur__confidence_boost__nes__l1,1021,49,4,669,3,795
fit__612__deblur__boundary_probe__nes__l1,1021,49,3,675,2,794
fit__612__deblur__counterfactual__nes__l1,1021,48,3,475,3,622
fit__4347__denoise__attack__nes__l0.5,1021,48,7,529,7,691
fit__4347__denoise__restore__nes__l0.5,1021,48,4,601,4,754
fit__4347__denoise__random_walk__random_walk__l0.5,1024,50,2,1023,2,1023
fit__4347__denoise__confidence_boost__nes__l0.5,1021,49,6,663,6,798
fit__4347__denoise__boundary_probe__nes__l0.5,1021,49,5,667,5,796
fit__4347__denoise__counterfactual__nes__l0.5,1021,49,8,499,5,665
fit__4347__deblur__attack__nes__l1,1021,50,9,575,4,697
fit__4347__deblur__restore__nes__l1,1021,48,5,621,5,760
fit__4347__deblur__random_walk__random_walk__l1,1024,49,2,1023,2,1023
fit__4347__deblur__confidence_boost__nes__l1,1021,50,3,637,3,782
fit__4347__deblur__boundary_probe__nes__l1,1021,47,3,581,3,739
fit__4347__deblur__counterfactual__nes__l1,1021,47,2,536,2,685
fit__3397__denoise__attack__nes__l0.5,1021,48,4,461,4,620
fit__3397__denoise__restore__nes__l0.5,1021,49,3,620,3,771
fit__3397__denoise__random_walk__random_walk__l0.5,1024,50,2,1023,2,1023
fit__3397__denoise__confidence_boost__nes__l0.5,1021,49,12,565,5,703
fit__3397__denoise__boundary_probe__nes__l0.5,1021,49,8,728,5,860
fit__3397__denoise__counterfactual__nes__l0.5,1021,49,17,399,3,567
fit__3397__deblur__attack__nes__l1,1021,48,18,229,11,331
fit__3397__deblur__restore__nes__l1,1021,48,18,242,18,352
fit__3397__deblur__random_walk__random_walk__l1,1024,49,2,1023,2,1023
fit__3397__deblur__confidence_boost__nes__l1,1021,48,18,177,18,270
fit__3397__deblur__boundary_probe__nes__l1,1021,48,11,240,11,329
fit__3397__deblur__counterfactual__nes__l1,1021,48,18,145,18,211
fit__9773__denoise__attack__nes__l0.5,1021,47,7,643,7,774
fit__9773__denoise__restore__nes__l0.5,1021,49,2,618,2,756
fit__9773__denoise__random_walk__random_walk__l0.5,1024,50,2,1023,2,1023
fit__9773__denoise__confidence_boost__nes__l0.5,1021,48,2,482,2,647
fit__9773__denoise__boundary_probe__nes__l0.5,1021,49,6,652,5,791
fit__9773__denoise__counterfactual__nes__l0.5,1021,48,2,607,2,768
fit__9773__deblur__attack__nes__l1,1021,49,2,558,2,722
fit__9773__deblur__restore__nes__l1,1021,48,3,685,3,834
fit__9773__deblur__random_walk__random_walk__l1,1024,50,2,1023,2,1023
fit__9773__deblur__confidence_boost__nes__l1,1021,48,7,631,7,774
fit__9773__deblur__boundary_probe__nes__l1,1021,49,2,867,2,940
fit__9773__deblur__counterfactual__nes__l1,1021,48,6,824,4,915
calibration__3651__denoise__attack__nes__l0.5,1021,48,18,291,6,422
calibration__3651__denoise__restore__nes__l0.5,1021,48,10,302,10,411
calibration__3651__denoise__random_walk__random_walk__l0.5,1024,49,2,1023,2,1023
calibration__3651__denoise__confidence_boost__nes__l0.5,1021,49,18,202,4,296
calibration__3651__denoise__boundary_probe__nes__l0.5,1021,48,11,345,11,479
calibration__3651__denoise__counterfactual__nes__l0.5,1021,48,4,232,4,351
calibration__3651__deblur__attack__nes__l1,1021,49,3,267,3,380
calibration__3651__deblur__restore__nes__l1,1021,48,3,232,3,344
calibration__3651__deblur__random_walk__random_walk__l1,1024,50,2,1023,2,1023
calibration__3651__deblur__confidence_boost__nes__l1,1021,49,3,379,3,524
calibration__3651__deblur__boundary_probe__nes__l1,1021,49,3,388,2,533
calibration__3651__deblur__counterfactual__nes__l1,1021,48,13,233,6,323
calibration__6623__denoise__attack__nes__l0.5,1021,48,4,592,4,743
calibration__6623__denoise__restore__nes__l0.5,1021,48,6,607,6,751
calibration__6623__denoise__random_walk__random_walk__l0.5,1024,50,2,1023,2,1023
calibration__6623__denoise__confidence_boost__nes__l0.5,1021,47,3,694,2,831
calibration__6623__denoise__boundary_probe__nes__l0.5,1021,48,7,722,5,840
calibration__6623__denoise__counterfactual__nes__l0.5,1021,47,6,449,3,616
calibration__6623__deblur__attack__nes__l1,1021,48,11,319,11,474
calibration__6623__deblur__restore__nes__l1,1021,47,18,239,8,372
calibration__6623__deblur__random_walk__random_walk__l1,1024,49,2,1023,2,1023
calibration__6623__deblur__confidence_boost__nes__l1,1021,48,18,199,18,331
calibration__6623__deblur__boundary_probe__nes__l1,1021,48,4,394,4,534
calibration__6623__deblur__counterfactual__nes__l1,1021,48,3,426,3,570
calibration__6940__denoise__attack__nes__l0.5,1021,48,2,542,2,679
calibration__6940__denoise__restore__nes__l0.5,1021,49,6,452,2,588
calibration__6940__denoise__random_walk__random_walk__l0.5,1024,49,2,1023,2,1023
calibration__6940__denoise__confidence_boost__nes__l0.5,1021,49,5,496,5,642
calibration__6940__denoise__boundary_probe__nes__l0.5,1021,47,2,533,2,695
calibration__6940__denoise__counterfactual__nes__l0.5,1021,49,8,537,4,672
calibration__6940__deblur__attack__nes__l1,1021,48,2,233,2,323
calibration__6940__deblur__restore__nes__l1,1021,49,4,473,4,601
calibration__6940__deblur__random_walk__random_walk__l1,1024,49,2,1023,2,1023
calibration__6940__deblur__confidence_boost__nes__l1,1021,47,2,412,2,538
calibration__6940__deblur__boundary_probe__nes__l1,1021,48,3,412,3,544
calibration__6940__deblur__counterfactual__nes__l1,1021,49,6,510,6,668
calibration__374__denoise__attack__nes__l0.5,1021,47,3,352,3,500
calibration__374__denoise__restore__nes__l0.5,1021,48,2,520,2,637
calibration__374__denoise__random_walk__random_walk__l0.5,1024,49,2,1023,2,1023
calibration__374__denoise__confidence_boost__nes__l0.5,1021,49,7,647,7,767
calibration__374__denoise__boundary_probe__nes__l0.5,1021,47,14,483,4,628
calibration__374__denoise__counterfactual__nes__l0.5,1021,48,4,383,4,535
calibration__374__deblur__attack__nes__l1,1021,48,2,393,2,534
calibration__374__deblur__restore__nes__l1,1021,49,4,650,4,775
calibration__374__deblur__random_walk__random_walk__l1,1024,50,2,1023,2,1023
calibration__374__deblur__confidence_boost__nes__l1,1021,49,5,627,5,759
calibration__374__deblur__boundary_probe__nes__l1,1021,48,5,507,5,654
calibration__374__deblur__counterfactual__nes__l1,1021,48,7,387,7,512
calibration__9059__denoise__attack__nes__l0.5,1021,48,3,691,2,823
calibration__9059__denoise__restore__nes__l0.5,1021,48,3,679,3,800
calibration__9059__denoise__random_walk__random_walk__l0.5,1024,50,2,1023,2,1023
calibration__9059__denoise__confidence_boost__nes__l0.5,1021,49,2,659,2,778
calibration__9059__denoise__boundary_probe__nes__l0.5,1021,49,3,834,3,928
calibration__9059__denoise__counterfactual__nes__l0.5,1021,49,2,786,2,884
calibration__9059__deblur__attack__nes__l1,1021,49,3,732,3,843
calibration__9059__deblur__restore__nes__l1,1021,49,4,723,4,850
calibration__9059__deblur__random_walk__random_walk__l1,1024,49,2,1023,2,1023
calibration__9059__deblur__confidence_boost__nes__l1,1021,49,8,693,4,827
calibration__9059__deblur__boundary_probe__nes__l1,1021,48,2,676,2,803
calibration__9059__deblur__counterfactual__nes__l1,1021,50,5,627,5,769
calibration__3649__denoise__attack__nes__l0.5,1021,47,2,359,2,499
calibration__3649__denoise__restore__nes__l0.5,1021,47,10,554,8,690
calibration__3649__denoise__random_walk__random_walk__l0.5,1024,50,2,1023,2,1023
calibration__3649__denoise__confidence_boost__nes__l0.5,1021,47,6,425,6,585
calibration__3649__denoise__boundary_probe__nes__l0.5,1021,48,16,469,8,643
calibration__3649__denoise__counterfactual__nes__l0.5,1021,50,16,400,5,539
calibration__3649__deblur__attack__nes__l1,1021,49,7,421,4,569
calibration__3649__deblur__restore__nes__l1,1021,47,4,415,4,555
calibration__3649__deblur__random_walk__random_walk__l1,1024,50,2,1023,2,1023
calibration__3649__deblur__confidence_boost__nes__l1,1021,47,4,462,4,605
calibration__3649__deblur__boundary_probe__nes__l1,1021,49,6,454,4,593
calibration__3649__deblur__counterfactual__nes__l1,1021,49,2,404,2,558
calibration__8023__denoise__attack__nes__l0.5,1021,46,5,282,5,408
calibration__8023__denoise__restore__nes__l0.5,1021,47,4,267,4,403
calibration__8023__denoise__random_walk__random_walk__l0.5,1024,50,2,1023,2,1023
calibration__8023__denoise__confidence_boost__nes__l0.5,1021,49,18,582,13,707
calibration__8023__denoise__boundary_probe__nes__l0.5,1021,48,5,248,5,387
calibration__8023__denoise__counterfactual__nes__l0.5,1021,47,3,231,2,334
calibration__8023__deblur__attack__nes__l1,1021,48,4,500,4,636
calibration__8023__deblur__restore__nes__l1,1021,49,2,576,2,705
calibration__8023__deblur__random_walk__random_walk__l1,1024,50,2,1023,2,1023
calibration__8023__deblur__confidence_boost__nes__l1,1021,49,5,487,5,649
calibration__8023__deblur__boundary_probe__nes__l1,1021,49,2,384,2,531
calibration__8023__deblur__counterfactual__nes__l1,1021,49,4,505,4,662
calibration__5495__denoise__attack__nes__l0.5,1021,49,6,305,6,436
calibration__5495__denoise__restore__nes__l0.5,1021,49,4,402,4,559
calibration__5495__denoise__random_walk__random_walk__l0.5,1024,50,2,1023,2,1023
calibration__5495__denoise__confidence_boost__nes__l0.5,1021,49,8,312,8,450
calibration__5495__denoise__boundary_probe__nes__l0.5,1021,48,3,230,2,335
calibration__5495__denoise__counterfactual__nes__l0.5,1021,48,2,418,2,552
calibration__5495__deblur__attack__nes__l1,1021,48,2,650,2,773
calibration__5495__deblur__restore__nes__l1,1021,49,4,596,4,765
calibration__5495__deblur__random_walk__random_walk__l1,1024,49,2,1023,2,1023
calibration__5495__deblur__confidence_boost__nes__l1,1021,48,10,533,9,727
calibration__5495__deblur__boundary_probe__nes__l1,1021,48,8,632,7,791
calibration__5495__deblur__counterfactual__nes__l1,1021,48,14,533,5,706
calibration__1055__denoise__attack__nes__l0.5,1021,47,3,408,3,581
calibration__1055__denoise__restore__nes__l0.5,1021,47,8,469,8,653
calibration__1055__denoise__random_walk__random_walk__l0.5,1024,49,2,1023,2,1023
calibration__1055__denoise__confidence_boost__nes__l0.5,1021,47,16,364,16,491
calibration__1055__denoise__boundary_probe__nes__l0.5,1021,49,3,665,3,797
calibration__1055__denoise__counterfactual__nes__l0.5,1021,48,18,543,10,683
calibration__1055__deblur__attack__nes__l1,1021,49,18,314,18,451
calibration__1055__deblur__restore__nes__l1,1021,47,16,172,16,261
calibration__1055__deblur__random_walk__random_walk__l1,1024,49,2,1023,2,1023
calibration__1055__deblur__confidence_boost__nes__l1,1021,47,5,243,5,347
calibration__1055__deblur__boundary_probe__nes__l1,1021,48,13,304,8,410
calibration__1055__deblur__counterfactual__nes__l1,1021,47,7,279,7,413
calibration__6278__denoise__attack__nes__l0.5,1021,48,9,600,9,748
calibration__6278__denoise__restore__nes__l0.5,1021,49,16,541,5,695
calibration__6278__denoise__random_walk__random_walk__l0.5,1024,49,2,1023,2,1023
calibration__6278__denoise__confidence_boost__nes__l0.5,1021,48,6,515,6,675
calibration__6278__denoise__boundary_probe__nes__l0.5,1021,48,5,677,2,799
calibration__6278__denoise__counterfactual__nes__l0.5,1021,49,2,531,2,701
calibration__6278__deblur__attack__nes__l1,1021,47,18,130,18,196
calibration__6278__deblur__restore__nes__l1,1021,48,18,194,15,297
calibration__6278__deblur__random_walk__random_walk__l1,1024,50,2,1023,2,1023
calibration__6278__deblur__confidence_boost__nes__l1,1021,49,18,228,2,346
calibration__6278__deblur__boundary_probe__nes__l1,1021,48,18,172,18,272
calibration__6278__deblur__counterfactual__nes__l1,1021,48,17,174,17,262
calibration__2561__denoise__attack__nes__l0.5,1021,48,3,392,3,528
calibration__2561__denoise__restore__nes__l0.5,1021,48,6,386,5,544
calibration__2561__denoise__random_walk__random_walk__l0.5,1024,50,2,1023,2,1023
calibration__2561__denoise__confidence_boost__nes__l0.5,1021,49,5,486,5,630
calibration__2561__denoise__boundary_probe__nes__l0.5,1021,48,2,624,2,765
calibration__2561__denoise__counterfactual__nes__l0.5,1021,49,5,513,2,652
calibration__2561__deblur__attack__nes__l1,1021,49,5,739,5,865
calibration__2561__deblur__restore__nes__l1,1021,48,3,626,2,786
calibration__2561__deblur__random_walk__random_walk__l1,1024,50,2,1023,2,1023
calibration__2561__deblur__confidence_boost__nes__l1,1021,49,2,868,2,947
calibration__2561__deblur__boundary_probe__nes__l1,1021,48,2,533,2,675
calibration__2561__deblur__counterfactual__nes__l1,1021,48,8,644,3,793
calibration__8791__denoise__attack__nes__l0.5,1021,47,3,383,3,487
calibration__8791__denoise__restore__nes__l0.5,1021,47,8,388,8,523
calibration__8791__denoise__random_walk__random_walk__l0.5,1024,49,2,1023,2,1023
calibration__8791__denoise__confidence_boost__nes__l0.5,1021,48,3,602,3,728
calibration__8791__denoise__boundary_probe__nes__l0.5,1021,48,3,389,3,518
calibration__8791__denoise__counterfactual__nes__l0.5,1021,48,5,277,5,401
calibration__8791__deblur__attack__nes__l1,1021,49,2,365,2,512
calibration__8791__deblur__restore__nes__l1,1021,48,6,466,6,600
calibration__8791__deblur__random_walk__random_walk__l1,1024,50,2,1023,2,1023
calibration__8791__deblur__confidence_boost__nes__l1,1021,49,7,424,3,562
calibration__8791__deblur__boundary_probe__nes__l1,1021,48,7,550,3,692
calibration__8791__deblur__counterfactual__nes__l1,1021,48,2,551,2,690
calibration__5153__denoise__attack__nes__l0.5,1021,49,18,315,2,454
calibration__5153__denoise__restore__nes__l0.5,1021,48,6,286,6,410
calibration__5153__denoise__random_walk__random_walk__l0.5,1024,50,2,1023,2,1023
calibration__5153__denoise__confidence_boost__nes__l0.5,1021,48,18,440,10,562
calibration__5153__denoise__boundary_probe__nes__l0.5,1021,50,18,317,10,421
calibration__5153__denoise__counterfactual__nes__l0.5,1021,47,18,274,3,386
calibration__5153__deblur__attack__nes__l1,1021,49,8,736,4,828
calibration__5153__deblur__restore__nes__l1,1021,48,14,391,14,528
calibration__5153__deblur__random_walk__random_walk__l1,1024,50,2,1023,2,1023
calibration__5153__deblur__confidence_boost__nes__l1,1021,49,9,646,9,779
calibration__5153__deblur__boundary_probe__nes__l1,1021,48,4,771,4,859
calibration__5153__deblur__counterfactual__nes__l1,1021,47,5,463,5,632
calibration__859__denoise__attack__nes__l0.5,1021,48,2,272,2,388
calibration__859__denoise__restore__nes__l0.5,1021,47,7,307,7,448
calibration__859__denoise__random_walk__random_walk__l0.5,1024,49,2,1023,2,1023
calibration__859__denoise__confidence_boost__nes__l0.5,1021,49,8,291,8,391
calibration__859__denoise__boundary_probe__nes__l0.5,1021,48,5,369,4,511
calibration__859__denoise__counterfactual__nes__l0.5,1021,48,4,362,4,493
calibration__859__deblur__attack__nes__l1,1021,48,11,271,10,365
calibration__859__deblur__restore__nes__l1,1021,47,18,199,15,316
calibration__859__deblur__random_walk__random_walk__l1,1024,50,2,1023,2,1023
calibration__859__deblur__confidence_boost__nes__l1,1021,47,11,309,11,434
calibration__859__deblur__boundary_probe__nes__l1,1021,48,18,340,11,471
calibration__859__deblur__counterfactual__nes__l1,1021,48,5,473,5,603
calibration__6342__denoise__attack__nes__l0.5,1021,48,2,283,2,400
calibration__6342__denoise__restore__nes__l0.5,1021,49,7,206,7,291
calibration__6342__denoise__random_walk__random_walk__l0.5,1024,49,2,1023,2,1023
calibration__6342__denoise__confidence_boost__nes__l0.5,1021,47,3,172,3,265
calibration__6342__denoise__boundary_probe__nes__l0.5,1021,48,11,297,6,421
calibration__6342__denoise__counterfactual__nes__l0.5,1021,47,12,197,12,297
calibration__6342__deblur__attack__nes__l1,1021,50,2,560,2,695
calibration__6342__deblur__restore__nes__l1,1021,49,2,432,2,584
calibration__6342__deblur__random_walk__random_walk__l1,1024,50,2,1023,2,1023
calibration__6342__deblur__confidence_boost__nes__l1,1021,48,3,436,3,573
calibration__6342__deblur__boundary_probe__nes__l1,1021,49,2,588,2,722
calibration__6342__deblur__counterfactual__nes__l1,1021,49,12,382,6,534
calibration__3742__denoise__attack__nes__l0.5,1021,46,5,296,5,426
calibration__3742__denoise__restore__nes__l0.5,1021,48,6,374,2,527
calibration__3742__denoise__random_walk__random_walk__l0.5,1024,49,2,1023,2,1023
calibration__3742__denoise__confidence_boost__nes__l0.5,1021,48,14,237,3,353
calibration__3742__denoise__boundary_probe__nes__l0.5,1021,49,18,269,2,379
calibration__3742__denoise__counterfactual__nes__l0.5,1021,48,16,246,3,369
calibration__3742__deblur__attack__nes__l1,1021,48,2,712,2,831
calibration__3742__deblur__restore__nes__l1,1021,49,3,407,3,527
calibration__3742__deblur__random_walk__random_walk__l1,1024,49,2,1023,2,1023
calibration__3742__deblur__confidence_boost__nes__l1,1021,49,5,465,5,573
calibration__3742__deblur__boundary_probe__nes__l1,1021,48,12,594,12,719
calibration__3742__deblur__counterfactual__nes__l1,1021,49,4,581,4,687
calibration__8355__denoise__attack__nes__l0.5,1021,49,5,815,2,902
calibration__8355__denoise__restore__nes__l0.5,1021,49,5,876,5,947
calibration__8355__denoise__random_walk__random_walk__l0.5,1024,49,2,1023,2,1023
calibration__8355__denoise__confidence_boost__nes__l0.5,1021,48,3,776,3,892
calibration__8355__denoise__boundary_probe__nes__l0.5,1021,48,2,789,2,886
calibration__8355__denoise__counterfactual__nes__l0.5,1021,49,2,852,2,933
calibration__8355__deblur__attack__nes__l1,1021,48,5,231,5,338
calibration__8355__deblur__restore__nes__l1,1021,48,2,235,2,339
calibration__8355__deblur__random_walk__random_walk__l1,1024,49,2,1023,2,1023
calibration__8355__deblur__confidence_boost__nes__l1,1021,49,7,477,7,591
calibration__8355__deblur__boundary_probe__nes__l1,1021,47,2,131,2,177
calibration__8355__deblur__counterfactual__nes__l1,1021,48,6,314,6,438
evaluation__4817__denoise__attack__nes__l0.5,1021,48,3,489,3,636
evaluation__4817__denoise__restore__nes__l0.5,1021,48,2,494,2,643
evaluation__4817__denoise__random_walk__random_walk__l0.5,1024,49,2,1023,2,1023
evaluation__4817__denoise__confidence_boost__nes__l0.5,1021,49,2,552,2,687
evaluation__4817__denoise__boundary_probe__nes__l0.5,1021,49,2,582,2,734
evaluation__4817__denoise__counterfactual__nes__l0.5,1021,49,3,674,2,798
evaluation__4817__deblur__attack__nes__l1,1021,48,18,270,18,387
evaluation__4817__deblur__restore__nes__l1,1021,48,10,195,10,315
evaluation__4817__deblur__random_walk__random_walk__l1,1024,49,2,1023,2,1023
evaluation__4817__deblur__confidence_boost__nes__l1,1021,48,18,192,18,298
evaluation__4817__deblur__boundary_probe__nes__l1,1021,48,18,292,18,430
evaluation__4817__deblur__counterfactual__nes__l1,1021,48,18,353,18,477
evaluation__8185__denoise__attack__nes__l0.5,1021,49,3,642,3,776
evaluation__8185__denoise__restore__nes__l0.5,1021,49,2,642,2,782
evaluation__8185__denoise__random_walk__random_walk__l0.5,1024,49,2,1023,2,1023
evaluation__8185__denoise__confidence_boost__nes__l0.5,1021,49,2,669,2,806
evaluation__8185__denoise__boundary_probe__nes__l0.5,1021,49,6,787,6,889
evaluation__8185__denoise__counterfactual__nes__l0.5,1021,48,2,673,2,817
evaluation__8185__deblur__attack__nes__l1,1021,49,4,728,4,826
evaluation__8185__deblur__restore__nes__l1,1021,47,2,602,2,753
evaluation__8185__deblur__random_walk__random_walk__l1,1024,50,2,1023,2,1023
evaluation__8185__deblur__confidence_boost__nes__l1,1021,48,3,544,3,686
evaluation__8185__deblur__boundary_probe__nes__l1,1021,49,3,766,3,870
evaluation__8185__deblur__counterfactual__nes__l1,1021,48,3,439,2,609
evaluation__9852__denoise__attack__nes__l0.5,1021,47,6,271,6,383
evaluation__9852__denoise__restore__nes__l0.5,1021,48,3,203,3,305
evaluation__9852__denoise__random_walk__random_walk__l0.5,1024,50,2,1023,2,1023
evaluation__9852__denoise__confidence_boost__nes__l0.5,1021,48,12,201,12,299
evaluation__9852__denoise__boundary_probe__nes__l0.5,1021,48,4,311,4,448
evaluation__9852__denoise__counterfactual__nes__l0.5,1021,47,6,243,6,352
evaluation__9852__deblur__attack__nes__l1,1021,48,3,269,3,345
evaluation__9852__deblur__restore__nes__l1,1021,48,6,447,6,566
evaluation__9852__deblur__random_walk__random_walk__l1,1024,50,2,1023,2,1023
evaluation__9852__deblur__confidence_boost__nes__l1,1021,49,10,292,10,419
evaluation__9852__deblur__boundary_probe__nes__l1,1021,48,9,221,7,334
evaluation__9852__deblur__counterfactual__nes__l1,1021,48,2,364,2,505
evaluation__1457__denoise__attack__nes__l0.5,1021,49,9,463,7,595
evaluation__1457__denoise__restore__nes__l0.5,1021,48,4,473,4,631
evaluation__1457__denoise__random_walk__random_walk__l0.5,1024,49,2,1023,2,1023
evaluation__1457__denoise__confidence_boost__nes__l0.5,1021,47,6,370,2,526
evaluation__1457__denoise__boundary_probe__nes__l0.5,1021,50,18,761,13,850
evaluation__1457__denoise__counterfactual__nes__l0.5,1021,47,3,335,3,493
evaluation__1457__deblur__attack__nes__l1,1021,49,2,416,2,599
evaluation__1457__deblur__restore__nes__l1,1021,48,7,553,7,684
evaluation__1457__deblur__random_walk__random_walk__l1,1024,50,2,1023,2,1023
evaluation__1457__deblur__confidence_boost__nes__l1,1021,48,15,355,10,518
evaluation__1457__deblur__boundary_probe__nes__l1,1021,49,4,413,4,571
evaluation__1457__deblur__counterfactual__nes__l1,1021,47,2,328,2,469
evaluation__3891__denoise__attack__nes__l0.5,1021,48,3,866,2,944
evaluation__3891__denoise__restore__nes__l0.5,1021,49,2,844,2,933
evaluation__3891__denoise__random_walk__random_walk__l0.5,1024,49,2,1023,2,1023
evaluation__3891__denoise__confidence_boost__nes__l0.5,1021,50,4,932,3,984
evaluation__3891__denoise__boundary_probe__nes__l0.5,1021,50,2,873,2,954
evaluation__3891__denoise__counterfactual__nes__l0.5,1021,49,2,807,2,924
evaluation__3891__deblur__attack__nes__l1,1021,49,12,527,7,668
evaluation__3891__deblur__restore__nes__l1,1021,49,9,553,9,716
evaluation__3891__deblur__random_walk__random_walk__l1,1024,50,2,1023,2,1023
evaluation__3891__deblur__confidence_boost__nes__l1,1021,49,5,442,5,589
evaluation__3891__deblur__boundary_probe__nes__l1,1021,48,11,461,9,618
evaluation__3891__deblur__counterfactual__nes__l1,1021,49,6,491,6,654
evaluation__6639__denoise__attack__nes__l0.5,1021,47,18,226,18,330
evaluation__6639__denoise__restore__nes__l0.5,1021,49,18,264,6,382
evaluation__6639__denoise__random_walk__random_walk__l0.5,1024,49,2,1023,2,1023
evaluation__6639__denoise__confidence_boost__nes__l0.5,1021,48,11,309,11,437
evaluation__6639__denoise__boundary_probe__nes__l0.5,1021,48,11,258,11,403
evaluation__6639__denoise__counterfactual__nes__l0.5,1021,48,18,329,2,463
evaluation__6639__deblur__attack__nes__l1,1021,48,18,364,2,507
evaluation__6639__deblur__restore__nes__l1,1021,49,5,335,4,467
evaluation__6639__deblur__random_walk__random_walk__l1,1024,49,2,1023,2,1023
evaluation__6639__deblur__confidence_boost__nes__l1,1021,47,6,471,6,611
evaluation__6639__deblur__boundary_probe__nes__l1,1021,47,10,246,2,335
evaluation__6639__deblur__counterfactual__nes__l1,1021,47,18,260,18,366
evaluation__674__denoise__attack__nes__l0.5,1021,48,2,777,2,872
evaluation__674__denoise__restore__nes__l0.5,1021,49,2,733,2,862
evaluation__674__denoise__random_walk__random_walk__l0.5,1024,49,2,1023,2,1023
evaluation__674__denoise__confidence_boost__nes__l0.5,1021,49,2,721,2,857
evaluation__674__denoise__boundary_probe__nes__l0.5,1021,49,6,641,4,791
evaluation__674__denoise__counterfactual__nes__l0.5,1021,49,10,765,2,878
evaluation__674__deblur__attack__nes__l1,1021,46,14,291,14,443
evaluation__674__deblur__restore__nes__l1,1021,48,18,326,18,460
evaluation__674__deblur__random_walk__random_walk__l1,1024,49,2,1023,2,1023
evaluation__674__deblur__confidence_boost__nes__l1,1021,48,18,363,18,521
evaluation__674__deblur__boundary_probe__nes__l1,1021,48,7,354,7,509
evaluation__674__deblur__counterfactual__nes__l1,1021,48,18,227,18,362
evaluation__3773__denoise__attack__nes__l0.5,1021,48,12,283,2,397
evaluation__3773__denoise__restore__nes__l0.5,1021,47,10,271,7,394
evaluation__3773__denoise__random_walk__random_walk__l0.5,1024,50,2,1023,2,1023
evaluation__3773__denoise__confidence_boost__nes__l0.5,1021,47,18,166,16,226
evaluation__3773__denoise__boundary_probe__nes__l0.5,1021,48,5,254,2,368
evaluation__3773__denoise__counterfactual__nes__l0.5,1021,47,2,210,2,306
evaluation__3773__deblur__attack__nes__l1,1021,48,7,497,7,655
evaluation__3773__deblur__restore__nes__l1,1021,48,3,484,3,625
evaluation__3773__deblur__random_walk__random_walk__l1,1024,49,2,1023,2,1023
evaluation__3773__deblur__confidence_boost__nes__l1,1021,49,2,443,2,598
evaluation__3773__deblur__boundary_probe__nes__l1,1021,48,6,688,6,801
evaluation__3773__deblur__counterfactual__nes__l1,1021,49,9,485,7,648
evaluation__6160__denoise__attack__nes__l0.5,1021,48,2,573,2,747
evaluation__6160__denoise__restore__nes__l0.5,1021,48,7,685,4,802
evaluation__6160__denoise__random_walk__random_walk__l0.5,1024,49,2,1023,2,1023
evaluation__6160__denoise__confidence_boost__nes__l0.5,1021,49,4,741,3,842
evaluation__6160__denoise__boundary_probe__nes__l0.5,1021,50,13,513,3,659
evaluation__6160__denoise__counterfactual__nes__l0.5,1021,49,6,589,6,732
evaluation__6160__deblur__attack__nes__l1,1021,47,3,195,3,268
evaluation__6160__deblur__restore__nes__l1,1021,46,2,151,2,210
evaluation__6160__deblur__random_walk__random_walk__l1,1024,49,2,1023,2,1023
evaluation__6160__deblur__confidence_boost__nes__l1,1021,49,12,281,12,400
evaluation__6160__deblur__boundary_probe__nes__l1,1021,48,4,316,4,432
evaluation__6160__deblur__counterfactual__nes__l1,1021,48,10,247,10,379
evaluation__9893__denoise__attack__nes__l0.5,1021,49,7,590,7,715
evaluation__9893__denoise__restore__nes__l0.5,1021,49,9,522,9,652
evaluation__9893__denoise__random_walk__random_walk__l0.5,1024,49,2,1023,2,1023
evaluation__9893__denoise__confidence_boost__nes__l0.5,1021,47,4,419,4,553
evaluation__9893__denoise__boundary_probe__nes__l0.5,1021,48,2,492,2,640
evaluation__9893__denoise__counterfactual__nes__l0.5,1021,48,5,461,5,599
evaluation__9893__deblur__attack__nes__l1,1021,47,4,469,2,609
evaluation__9893__deblur__restore__nes__l1,1021,48,2,389,2,546
evaluation__9893__deblur__random_walk__random_walk__l1,1024,50,2,1023,2,1023
evaluation__9893__deblur__confidence_boost__nes__l1,1021,49,13,445,13,567
evaluation__9893__deblur__boundary_probe__nes__l1,1021,48,18,457,18,594
evaluation__9893__deblur__counterfactual__nes__l1,1021,48,11,429,11,560
evaluation__4804__denoise__attack__nes__l0.5,1021,48,18,382,14,504
evaluation__4804__denoise__restore__nes__l0.5,1021,47,18,162,3,252
evaluation__4804__denoise__random_walk__random_walk__l0.5,1024,50,2,1023,2,1023
evaluation__4804__denoise__confidence_boost__nes__l0.5,1021,48,15,206,4,314
evaluation__4804__denoise__boundary_probe__nes__l0.5,1021,48,6,233,6,328
evaluation__4804__denoise__counterfactual__nes__l0.5,1021,48,9,236,9,331
evaluation__4804__deblur__attack__nes__l1,1021,48,2,567,2,707
evaluation__4804__deblur__restore__nes__l1,1021,48,9,501,9,630
evaluation__4804__deblur__random_walk__random_walk__l1,1024,49,2,1023,2,1023
evaluation__4804__deblur__confidence_boost__nes__l1,1021,49,2,478,2,631
evaluation__4804__deblur__boundary_probe__nes__l1,1021,47,2,569,2,705
evaluation__4804__deblur__counterfactual__nes__l1,1021,49,4,614,4,746
evaluation__6769__denoise__attack__nes__l0.5,1021,49,4,721,4,814
evaluation__6769__denoise__restore__nes__l0.5,1021,49,2,668,2,789
evaluation__6769__denoise__random_walk__random_walk__l0.5,1024,49,2,1023,2,1023
evaluation__6769__denoise__confidence_boost__nes__l0.5,1021,49,3,599,3,741
evaluation__6769__denoise__boundary_probe__nes__l0.5,1021,49,2,679,2,800
evaluation__6769__denoise__counterfactual__nes__l0.5,1021,49,4,631,4,754
evaluation__6769__deblur__attack__nes__l1,1021,49,18,260,10,374
evaluation__6769__deblur__restore__nes__l1,1021,48,18,462,3,624
evaluation__6769__deblur__random_walk__random_walk__l1,1024,49,2,1023,2,1023
evaluation__6769__deblur__confidence_boost__nes__l1,1021,47,3,404,3,538
evaluation__6769__deblur__boundary_probe__nes__l1,1021,48,12,297,6,409
evaluation__6769__deblur__counterfactual__nes__l1,1021,48,11,356,11,476
evaluation__8594__denoise__attack__nes__l0.5,1021,48,6,531,2,698
evaluation__8594__denoise__restore__nes__l0.5,1021,49,2,623,2,777
evaluation__8594__denoise__random_walk__random_walk__l0.5,1024,50,2,1023,2,1023
evaluation__8594__denoise__confidence_boost__nes__l0.5,1021,48,5,566,3,708
evaluation__8594__denoise__boundary_probe__nes__l0.5,1021,49,2,640,2,762
evaluation__8594__denoise__counterfactual__nes__l0.5,1021,49,3,549,3,696
evaluation__8594__deblur__attack__nes__l1,1021,48,7,618,7,749
evaluation__8594__deblur__restore__nes__l1,1021,49,2,677,2,813
evaluation__8594__deblur__random_walk__random_walk__l1,1024,50,2,1023,2,1023
evaluation__8594__deblur__confidence_boost__nes__l1,1021,48,2,791,2,877
evaluation__8594__deblur__boundary_probe__nes__l1,1021,48,4,611,4,739
evaluation__8594__deblur__counterfactual__nes__l1,1021,49,2,632,2,764
evaluation__3090__denoise__attack__nes__l0.5,1021,49,7,553,2,708
evaluation__3090__denoise__restore__nes__l0.5,1021,49,6,602,6,758
evaluation__3090__denoise__random_walk__random_walk__l0.5,1024,50,2,1023,2,1023
evaluation__3090__denoise__confidence_boost__nes__l0.5,1021,49,5,545,5,690
evaluation__3090__denoise__boundary_probe__nes__l0.5,1021,50,16,612,3,771
evaluation__3090__denoise__counterfactual__nes__l0.5,1021,48,6,588,6,745
evaluation__3090__deblur__attack__nes__l1,1021,48,5,510,5,679
evaluation__3090__deblur__restore__nes__l1,1021,48,2,763,2,865
evaluation__3090__deblur__random_walk__random_walk__l1,1024,50,2,1023,2,1023
evaluation__3090__deblur__confidence_boost__nes__l1,1021,49,5,786,5,882
evaluation__3090__deblur__boundary_probe__nes__l1,1021,48,4,568,4,707
evaluation__3090__deblur__counterfactual__nes__l1,1021,49,2,444,2,574
evaluation__5884__denoise__attack__nes__l0.5,1021,49,2,536,2,665
evaluation__5884__denoise__restore__nes__l0.5,1021,48,7,325,3,448
evaluation__5884__denoise__random_walk__random_walk__l0.5,1024,49,2,1023,2,1023
evaluation__5884__denoise__confidence_boost__nes__l0.5,1021,48,8,597,8,701
evaluation__5884__denoise__boundary_probe__nes__l0.5,1021,48,3,520,3,639
evaluation__5884__denoise__counterfactual__nes__l0.5,1021,48,7,399,7,543
evaluation__5884__deblur__attack__nes__l1,1021,50,2,473,2,631
evaluation__5884__deblur__restore__nes__l1,1021,48,2,700,2,825
evaluation__5884__deblur__random_walk__random_walk__l1,1024,49,2,1023,2,1023
evaluation__5884__deblur__confidence_boost__nes__l1,1021,48,3,660,3,804
evaluation__5884__deblur__boundary_probe__nes__l1,1021,48,3,688,3,812
evaluation__5884__deblur__counterfactual__nes__l1,1021,48,2,519,2,674
evaluation__7325__denoise__attack__nes__l0.5,1021,50,9,686,3,809
evaluation__7325__denoise__restore__nes__l0.5,1021,49,2,691,2,805
evaluation__7325__denoise__random_walk__random_walk__l0.5,1024,50,2,1023,2,1023
evaluation__7325__denoise__confidence_boost__nes__l0.5,1021,48,5,636,2,781
evaluation__7325__denoise__boundary_probe__nes__l0.5,1021,49,3,861,3,927
evaluation__7325__denoise__counterfactual__nes__l0.5,1021,48,4,636,4,770
evaluation__7325__deblur__attack__nes__l1,1021,48,12,318,7,440
evaluation__7325__deblur__restore__nes__l1,1021,48,8,381,3,513
evaluation__7325__deblur__random_walk__random_walk__l1,1024,49,2,1023,2,1023
evaluation__7325__deblur__confidence_boost__nes__l1,1021,49,8,354,8,477
evaluation__7325__deblur__boundary_probe__nes__l1,1021,49,18,455,10,587
evaluation__7325__deblur__counterfactual__nes__l1,1021,48,10,450,5,594
evaluation__649__denoise__attack__nes__l0.5,1021,48,2,870,2,940
evaluation__649__denoise__restore__nes__l0.5,1021,49,2,648,2,788
evaluation__649__denoise__random_walk__random_walk__l0.5,1024,50,2,1023,2,1023
evaluation__649__denoise__confidence_boost__nes__l0.5,1021,48,8,815,3,921
evaluation__649__denoise__boundary_probe__nes__l0.5,1021,49,2,787,2,876
evaluation__649__denoise__counterfactual__nes__l0.5,1021,48,5,917,5,973
evaluation__649__deblur__attack__nes__l1,1021,49,2,686,2,798
evaluation__649__deblur__restore__nes__l1,1021,49,6,617,3,751
evaluation__649__deblur__random_walk__random_walk__l1,1024,50,2,1023,2,1023
evaluation__649__deblur__confidence_boost__nes__l1,1021,48,3,604,2,770
evaluation__649__deblur__boundary_probe__nes__l1,1021,48,5,631,5,766
evaluation__649__deblur__counterfactual__nes__l1,1021,49,2,720,2,849
evaluation__5064__denoise__attack__nes__l0.5,1021,49,2,881,2,950
evaluation__5064__denoise__restore__nes__l0.5,1021,49,3,827,2,924
evaluation__5064__denoise__random_walk__random_walk__l0.5,1024,50,2,1023,2,1023
evaluation__5064__denoise__confidence_boost__nes__l0.5,1021,49,4,800,4,887
evaluation__5064__denoise__boundary_probe__nes__l0.5,1021,48,2,837,2,925
evaluation__5064__denoise__counterfactual__nes__l0.5,1021,48,6,739,4,857
evaluation__5064__deblur__attack__nes__l1,1021,48,2,485,2,625
evaluation__5064__deblur__restore__nes__l1,1021,48,2,401,2,550
evaluation__5064__deblur__random_walk__random_walk__l1,1024,49,2,1023,2,1023
evaluation__5064__deblur__confidence_boost__nes__l1,1021,49,4,343,4,472
evaluation__5064__deblur__boundary_probe__nes__l1,1021,48,3,260,2,360
evaluation__5064__deblur__counterfactual__nes__l1,1021,49,9,416,2,567
evaluation__7346__denoise__attack__nes__l0.5,1021,46,5,334,5,490
evaluation__7346__denoise__restore__nes__l0.5,1021,48,4,457,4,600
evaluation__7346__denoise__random_walk__random_walk__l0.5,1024,49,2,1023,2,1023
evaluation__7346__denoise__confidence_boost__nes__l0.5,1021,48,5,588,4,711
evaluation__7346__denoise__boundary_probe__nes__l0.5,1021,49,3,607,3,752
evaluation__7346__denoise__counterfactual__nes__l0.5,1021,48,2,563,2,715
evaluation__7346__deblur__attack__nes__l1,1021,48,7,484,4,645
evaluation__7346__deblur__restore__nes__l1,1021,48,3,367,2,510
evaluation__7346__deblur__random_walk__random_walk__l1,1024,49,2,1023,2,1023
evaluation__7346__deblur__confidence_boost__nes__l1,1021,48,2,613,2,750
evaluation__7346__deblur__boundary_probe__nes__l1,1021,48,6,649,6,759
evaluation__7346__deblur__counterfactual__nes__l1,1021,49,3,595,3,740
evaluation__9878__denoise__attack__nes__l0.5,1021,47,7,183,7,267
evaluation__9878__denoise__restore__nes__l0.5,1021,48,6,245,6,337
evaluation__9878__denoise__random_walk__random_walk__l0.5,1024,50,2,1023,2,1023
evaluation__9878__denoise__confidence_boost__nes__l0.5,1021,47,9,289,9,392
evaluation__9878__denoise__boundary_probe__nes__l0.5,1021,48,18,256,17,370
evaluation__9878__denoise__counterfactual__nes__l0.5,1021,47,3,231,3,328
evaluation__9878__deblur__attack__nes__l1,1021,48,18,313,8,435
evaluation__9878__deblur__restore__nes__l1,1021,49,10,229,10,348
evaluation__9878__deblur__random_walk__random_walk__l1,1024,50,2,1023,2,1023
evaluation__9878__deblur__confidence_boost__nes__l1,1021,50,18,295,18,417
evaluation__9878__deblur__boundary_probe__nes__l1,1021,50,18,219,18,342
evaluation__9878__deblur__counterfactual__nes__l1,1021,48,7,152,2,212
evaluation__1985__denoise__attack__nes__l0.5,1021,48,2,673,2,793
evaluation__1985__denoise__restore__nes__l0.5,1021,49,2,535,2,674
evaluation__1985__denoise__random_walk__random_walk__l0.5,1024,50,2,1023,2,1023
evaluation__1985__denoise__confidence_boost__nes__l0.5,1021,48,6,727,3,828
evaluation__1985__denoise__boundary_probe__nes__l0.5,1021,48,3,547,3,682
evaluation__1985__denoise__counterfactual__nes__l0.5,1021,48,6,641,6,757
evaluation__1985__deblur__attack__nes__l1,1021,49,6,318,6,448
evaluation__1985__deblur__restore__nes__l1,1021,48,5,233,5,340
evaluation__1985__deblur__random_walk__random_walk__l1,1024,49,2,1023,2,1023
evaluation__1985__deblur__confidence_boost__nes__l1,1021,48,3,227,3,345
evaluation__1985__deblur__boundary_probe__nes__l1,1021,49,3,525,3,646
evaluation__1985__deblur__counterfactual__nes__l1,1021,48,3,254,3,383
evaluation__5451__denoise__attack__nes__l0.5,1021,49,6,463,6,619
evaluation__5451__denoise__restore__nes__l0.5,1021,49,5,639,5,754
evaluation__5451__denoise__random_walk__random_walk__l0.5,1024,49,2,1023,2,1023
evaluation__5451__denoise__confidence_boost__nes__l0.5,1021,48,2,503,2,647
evaluation__5451__denoise__boundary_probe__nes__l0.5,1021,48,3,581,3,730
evaluation__5451__denoise__counterfactual__nes__l0.5,1021,48,12,550,3,716
evaluation__5451__deblur__attack__nes__l1,1021,48,8,201,8,282
evaluation__5451__deblur__restore__nes__l1,1021,47,12,109,12,161
evaluation__5451__deblur__random_walk__random_walk__l1,1024,49,2,1023,2,1023
evaluation__5451__deblur__confidence_boost__nes__l1,1021,48,18,143,13,196
evaluation__5451__deblur__boundary_probe__nes__l1,1021,48,3,217,3,307
evaluation__5451__deblur__counterfactual__nes__l1,1021,49,11,125,11,165
evaluation__8191__denoise__attack__nes__l0.5,1021,48,3,329,3,468
evaluation__8191__denoise__restore__nes__l0.5,1021,49,12,706,7,808
evaluation__8191__denoise__random_walk__random_walk__l0.5,1024,49,2,1023,2,1023
evaluation__8191__denoise__confidence_boost__nes__l0.5,1021,48,4,541,4,667
evaluation__8191__denoise__boundary_probe__nes__l0.5,1021,50,11,539,5,684
evaluation__8191__denoise__counterfactual__nes__l0.5,1021,47,2,540,2,677
evaluation__8191__deblur__attack__nes__l1,1021,47,10,171,10,268
evaluation__8191__deblur__restore__nes__l1,1021,49,18,224,12,323
evaluation__8191__deblur__random_walk__random_walk__l1,1024,50,2,1023,2,1023
evaluation__8191__deblur__confidence_boost__nes__l1,1021,48,3,381,3,532
evaluation__8191__deblur__boundary_probe__nes__l1,1021,48,18,301,18,419
evaluation__8191__deblur__counterfactual__nes__l1,1021,47,18,282,18,401
evaluation__2505__denoise__attack__nes__l0.5,1021,49,18,200,18,298
evaluation__2505__denoise__restore__nes__l0.5,1021,47,10,271,10,384
evaluation__2505__denoise__random_walk__random_walk__l0.5,1024,49,2,1023,2,1023
evaluation__2505__denoise__confidence_boost__nes__l0.5,1021,49,5,256,5,373
evaluation__2505__denoise__boundary_probe__nes__l0.5,1021,48,18,248,6,362
evaluation__2505__denoise__counterfactual__nes__l0.5,1021,48,2,383,2,517
evaluation__2505__deblur__attack__nes__l1,1021,49,7,553,3,679
evaluation__2505__deblur__restore__nes__l1,1021,48,2,440,2,578
evaluation__2505__deblur__random_walk__random_walk__l1,1024,49,2,1023,2,1023
evaluation__2505__deblur__confidence_boost__nes__l1,1021,49,3,534,3,681
evaluation__2505__deblur__boundary_probe__nes__l1,1021,50,5,564,5,696
evaluation__2505__deblur__counterfactual__nes__l1,1021,49,4,566,4,700
evaluation__5764__denoise__attack__nes__l0.5,1021,49,3,476,3,620
evaluation__5764__denoise__restore__nes__l0.5,1021,48,3,339,3,449
evaluation__5764__denoise__random_walk__random_walk__l0.5,1024,49,2,1023,2,1023
evaluation__5764__denoise__confidence_boost__nes__l0.5,1021,49,8,350,3,478
evaluation__5764__denoise__boundary_probe__nes__l0.5,1021,49,5,284,5,408
evaluation__5764__denoise__counterfactual__nes__l0.5,1021,47,12,297,3,411
evaluation__5764__deblur__attack__nes__l1,1021,48,2,430,2,573
evaluation__5764__deblur__restore__nes__l1,1021,49,6,510,6,645
evaluation__5764__deblur__random_walk__random_walk__l1,1024,49,2,1023,2,1023
evaluation__5764__deblur__confidence_boost__nes__l1,1021,49,9,528,3,676
evaluation__5764__deblur__boundary_probe__nes__l1,1021,49,3,732,3,825
evaluation__5764__deblur__counterfactual__nes__l1,1021,49,16,526,10,678
evaluation__7505__denoise__attack__nes__l0.5,1021,48,2,467,2,615
evaluation__7505__denoise__restore__nes__l0.5,1021,48,7,320,7,449
evaluation__7505__denoise__random_walk__random_walk__l0.5,1024,48,2,1023,2,1023
evaluation__7505__denoise__confidence_boost__nes__l0.5,1021,48,6,435,6,575
evaluation__7505__denoise__boundary_probe__nes__l0.5,1021,49,3,406,3,563
evaluation__7505__denoise__counterfactual__nes__l0.5,1021,49,3,569,3,714
evaluation__7505__deblur__attack__nes__l1,1021,49,3,370,3,520
evaluation__7505__deblur__restore__nes__l1,1021,47,11,205,11,325
evaluation__7505__deblur__random_walk__random_walk__l1,1024,50,2,1023,2,1023
evaluation__7505__deblur__confidence_boost__nes__l1,1021,47,11,275,11,395
evaluation__7505__deblur__boundary_probe__nes__l1,1021,48,7,309,7,437
evaluation__7505__deblur__counterfactual__nes__l1,1021,48,11,413,2,557
evaluation__516__denoise__attack__nes__l0.5,1021,48,3,542,3,698
evaluation__516__denoise__restore__nes__l0.5,1021,47,18,542,2,695
evaluation__516__denoise__random_walk__random_walk__l0.5,1024,50,2,1023,2,1023
evaluation__516__denoise__confidence_boost__nes__l0.5,1021,49,7,646,4,772
evaluation__516__denoise__boundary_probe__nes__l0.5,1021,50,2,681,2,811
evaluation__516__denoise__counterfactual__nes__l0.5,1021,48,2,660,2,786
evaluation__516__deblur__attack__nes__l1,1021,49,3,326,3,423
evaluation__516__deblur__restore__nes__l1,1021,50,2,439,2,556
evaluation__516__deblur__random_walk__random_walk__l1,1024,50,2,1023,2,1023
evaluation__516__deblur__confidence_boost__nes__l1,1021,48,3,475,3,608
evaluation__516__deblur__boundary_probe__nes__l1,1021,49,3,255,3,386
evaluation__516__deblur__counterfactual__nes__l1,1021,48,4,461,4,598
evaluation__4496__denoise__attack__nes__l0.5,1021,47,18,241,18,355
evaluation__4496__denoise__restore__nes__l0.5,1021,47,9,285,9,438
evaluation__4496__denoise__random_walk__random_walk__l0.5,1024,49,2,1023,2,1023
evaluation__4496__denoise__confidence_boost__nes__l0.5,1021,48,2,463,2,616
evaluation__4496__denoise__boundary_probe__nes__l0.5,1021,47,5,359,4,497
evaluation__4496__denoise__counterfactual__nes__l0.5,1021,48,8,260,8,394
evaluation__4496__deblur__attack__nes__l1,1021,47,4,709,4,824
evaluation__4496__deblur__restore__nes__l1,1021,49,3,851,3,933
evaluation__4496__deblur__random_walk__random_walk__l1,1024,49,2,1023,2,1023
evaluation__4496__deblur__confidence_boost__nes__l1,1021,48,3,721,2,842
evaluation__4496__deblur__boundary_probe__nes__l1,1021,50,3,780,2,877
evaluation__4496__deblur__counterfactual__nes__l1,1021,48,3,748,3,861
evaluation__6610__denoise__attack__nes__l0.5,1021,48,3,298,3,446
evaluation__6610__denoise__restore__nes__l0.5,1021,49,7,489,7,643
evaluation__6610__denoise__random_walk__random_walk__l0.5,1024,49,2,1023,2,1023
evaluation__6610__denoise__confidence_boost__nes__l0.5,1021,48,9,215,8,306
evaluation__6610__denoise__boundary_probe__nes__l0.5,1021,47,5,218,5,323
evaluation__6610__denoise__counterfactual__nes__l0.5,1021,49,15,372,2,527
evaluation__6610__deblur__attack__nes__l1,1021,48,6,526,6,665
evaluation__6610__deblur__restore__nes__l1,1021,47,7,482,7,630
evaluation__6610__deblur__random_walk__random_walk__l1,1024,49,2,1023,2,1023
evaluation__6610__deblur__confidence_boost__nes__l1,1021,49,4,408,4,577
evaluation__6610__deblur__boundary_probe__nes__l1,1021,49,10,423,7,569
evaluation__6610__deblur__counterfactual__nes__l1,1021,48,4,345,3,501
evaluation__9655__denoise__attack__nes__l0.5,1021,48,6,460,4,599
evaluation__9655__denoise__restore__nes__l0.5,1021,48,4,458,4,600
evaluation__9655__denoise__random_walk__random_walk__l0.5,1024,49,2,1023,2,1023
evaluation__9655__denoise__confidence_boost__nes__l0.5,1021,48,4,672,4,814
evaluation__9655__denoise__boundary_probe__nes__l0.5,1021,48,3,477,3,627
evaluation__9655__denoise__counterfactual__nes__l0.5,1021,49,18,385,6,531
evaluation__9655__deblur__attack__nes__l1,1021,49,18,603,13,736
evaluation__9655__deblur__restore__nes__l1,1021,48,6,521,6,650
evaluation__9655__deblur__random_walk__random_walk__l1,1024,49,2,1023,2,1023
evaluation__9655__deblur__confidence_boost__nes__l1,1021,49,10,289,10,399
evaluation__9655__deblur__boundary_probe__nes__l1,1021,48,3,365,3,489
evaluation__9655__deblur__counterfactual__nes__l1,1021,48,4,292,4,439
evaluation__2202__denoise__attack__nes__l0.5,1021,49,7,260,7,391
evaluation__2202__denoise__restore__nes__l0.5,1021,48,9,306,9,444
evaluation__2202__denoise__random_walk__random_walk__l0.5,1024,49,2,1023,2,1023
evaluation__2202__denoise__confidence_boost__nes__l0.5,1021,48,5,273,5,410
evaluation__2202__denoise__boundary_probe__nes__l0.5,1021,48,12,194,12,298
evaluation__2202__denoise__counterfactual__nes__l0.5,1021,50,4,402,4,546
evaluation__2202__deblur__attack__nes__l1,1021,48,18,103,4,148
evaluation__2202__deblur__restore__nes__l1,1021,46,3,108,3,147
evaluation__2202__deblur__random_walk__random_walk__l1,1024,49,2,1023,2,1023
evaluation__2202__deblur__confidence_boost__nes__l1,1021,47,18,129,2,194
evaluation__2202__deblur__boundary_probe__nes__l1,1021,48,11,116,11,168
evaluation__2202__deblur__counterfactual__nes__l1,1021,49,18,160,18,240
evaluation__5143__denoise__attack__nes__l0.5,1021,47,2,335,2,473
evaluation__5143__denoise__restore__nes__l0.5,1021,48,5,584,5,732
evaluation__5143__denoise__random_walk__random_walk__l0.5,1024,50,2,1023,2,1023
evaluation__5143__denoise__confidence_boost__nes__l0.5,1021,49,2,592,2,750
evaluation__5143__denoise__boundary_probe__nes__l0.5,1021,48,3,384,3,527
evaluation__5143__denoise__counterfactual__nes__l0.5,1021,48,3,347,3,504
evaluation__5143__deblur__attack__nes__l1,1021,48,7,323,5,439
evaluation__5143__deblur__restore__nes__l1,1021,47,3,343,3,499
evaluation__5143__deblur__random_walk__random_walk__l1,1024,49,2,1023,2,1023
evaluation__5143__deblur__confidence_boost__nes__l1,1021,48,7,478,5,626
evaluation__5143__deblur__boundary_probe__nes__l1,1021,48,17,255,4,377
evaluation__5143__deblur__counterfactual__nes__l1,1021,49,18,252,11,382
evaluation__8849__denoise__attack__nes__l0.5,1021,48,3,522,3,664
evaluation__8849__denoise__restore__nes__l0.5,1021,48,2,629,2,779
evaluation__8849__denoise__random_walk__random_walk__l0.5,1024,49,2,1023,2,1023
evaluation__8849__denoise__confidence_boost__nes__l0.5,1021,48,2,748,2,855
evaluation__8849__denoise__boundary_probe__nes__l0.5,1021,49,2,608,2,731
evaluation__8849__denoise__counterfactual__nes__l0.5,1021,49,6,758,6,864
evaluation__8849__deblur__attack__nes__l1,1021,48,6,368,6,502
evaluation__8849__deblur__restore__nes__l1,1021,48,5,329,5,472
evaluation__8849__deblur__random_walk__random_walk__l1,1024,50,2,1023,2,1023
evaluation__8849__deblur__confidence_boost__nes__l1,1021,49,16,394,16,512
evaluation__8849__deblur__boundary_probe__nes__l1,1021,48,11,254,2,374
evaluation__8849__deblur__counterfactual__nes__l1,1021,48,3,258,3,385
fit__3943__denoise__attack__nes__l0.5,1021,48,18,258,18,348
fit__3943__denoise__restore__nes__l0.5,1021,48,5,203,5,297
fit__3943__denoise__random_walk__random_walk__l0.5,1024,50,2,1023,2,1023
fit__3943__denoise__confidence_boost__nes__l0.5,1021,47,9,152,9,230
fit__3943__denoise__boundary_probe__nes__l0.5,1021,48,18,209,13,315
fit__3943__denoise__counterfactual__nes__l0.5,1021,48,18,220,12,303
fit__3943__deblur__attack__nes__l1,1021,48,14,513,14,640
fit__3943__deblur__restore__nes__l1,1021,49,10,470,4,605
fit__3943__deblur__random_walk__random_walk__l1,1024,50,2,1023,2,1023
fit__3943__deblur__confidence_boost__nes__l1,1021,48,9,478,9,614
fit__3943__deblur__boundary_probe__nes__l1,1021,48,2,432,2,602
fit__3943__deblur__counterfactual__nes__l1,1021,49,2,334,2,461
fit__9954__denoise__attack__nes__l0.5,1021,47,8,130,3,197
fit__9954__denoise__restore__nes__l0.5,1021,48,13,418,13,539
fit__9954__denoise__random_walk__random_walk__l0.5,1024,49,2,1023,2,1023
fit__9954__denoise__confidence_boost__nes__l0.5,1021,49,18,243,18,342
fit__9954__denoise__boundary_probe__nes__l0.5,1021,47,2,165,2,258
fit__9954__denoise__counterfactual__nes__l0.5,1021,48,18,253,7,363
fit__9954__deblur__attack__nes__l1,1021,49,18,309,7,433
fit__9954__deblur__restore__nes__l1,1021,47,7,321,7,468
fit__9954__deblur__random_walk__random_walk__l1,1024,49,2,1023,2,1023
fit__9954__deblur__confidence_boost__nes__l1,1021,48,18,290,18,421
fit__9954__deblur__boundary_probe__nes__l1,1021,48,8,386,6,565
fit__9954__deblur__counterfactual__nes__l1,1021,50,5,384,5,515
fit__4752__denoise__attack__nes__l0.5,1021,48,6,655,3,777
fit__4752__denoise__restore__nes__l0.5,1021,48,10,625,7,769
fit__4752__denoise__random_walk__random_walk__l0.5,1024,49,2,1023,2,1023
fit__4752__denoise__confidence_boost__nes__l0.5,1021,49,3,590,3,726
fit__4752__denoise__boundary_probe__nes__l0.5,1021,48,4,593,4,744
fit__4752__denoise__counterfactual__nes__l0.5,1021,48,4,486,4,613
fit__4752__deblur__attack__nes__l1,1021,48,15,454,3,616
fit__4752__deblur__restore__nes__l1,1021,48,2,314,2,449
fit__4752__deblur__random_walk__random_walk__l1,1024,49,2,1023,2,1023
fit__4752__deblur__confidence_boost__nes__l1,1021,47,2,245,2,353
fit__4752__deblur__boundary_probe__nes__l1,1021,48,9,367,9,506
fit__4752__deblur__counterfactual__nes__l1,1021,48,7,367,6,497
fit__1678__denoise__attack__nes__l0.5,1021,49,7,480,5,617
fit__1678__denoise__restore__nes__l0.5,1021,48,4,421,4,549
fit__1678__denoise__random_walk__random_walk__l0.5,1024,49,2,1023,2,1023
fit__1678__denoise__confidence_boost__nes__l0.5,1021,48,3,556,3,704
fit__1678__denoise__boundary_probe__nes__l0.5,1021,48,9,410,9,533
fit__1678__denoise__counterfactual__nes__l0.5,1021,48,3,372,3,501
fit__1678__deblur__attack__nes__l1,1021,48,17,108,17,151
fit__1678__deblur__restore__nes__l1,1021,47,18,137,18,200
fit__1678__deblur__random_walk__random_walk__l1,1024,49,2,1023,2,1023
fit__1678__deblur__confidence_boost__nes__l1,1021,47,18,90,18,130
fit__1678__deblur__boundary_probe__nes__l1,1021,47,18,96,18,132
fit__1678__deblur__counterfactual__nes__l1,1021,49,18,223,18,309
fit__8062__denoise__attack__nes__l0.5,1021,47,18,153,18,240
fit__8062__denoise__restore__nes__l0.5,1021,47,18,158,18,237
fit__8062__denoise__random_walk__random_walk__l0.5,1024,50,2,1023,2,1023
fit__8062__denoise__confidence_boost__nes__l0.5,1021,49,18,218,18,326
fit__8062__denoise__boundary_probe__nes__l0.5,1021,48,9,247,9,384
fit__8062__denoise__counterfactual__nes__l0.5,1021,47,18,224,11,326
fit__8062__deblur__attack__nes__l1,1021,47,18,174,7,255
fit__8062__deblur__restore__nes__l1,1021,48,5,218,5,305
fit__8062__deblur__random_walk__random_walk__l1,1024,49,2,1023,2,1023
fit__8062__deblur__confidence_boost__nes__l1,1021,48,11,141,2,215
fit__8062__deblur__boundary_probe__nes__l1,1021,47,8,224,8,325
fit__8062__deblur__counterfactual__nes__l1,1021,48,14,204,14,299
fit__2285__denoise__attack__nes__l0.5,1021,48,5,428,5,594
fit__2285__denoise__restore__nes__l0.5,1021,48,3,577,3,732
fit__2285__denoise__random_walk__random_walk__l0.5,1024,49,2,1023,2,1023
fit__2285__denoise__confidence_boost__nes__l0.5,1021,48,4,525,4,668
fit__2285__denoise__boundary_probe__nes__l0.5,1021,49,2,289,2,408
fit__2285__denoise__counterfactual__nes__l0.5,1021,48,11,624,10,776
fit__2285__deblur__attack__nes__l1,1021,48,2,507,2,662
fit__2285__deblur__restore__nes__l1,1021,49,3,361,2,506
fit__2285__deblur__random_walk__random_walk__l1,1024,50,2,1023,2,1023
fit__2285__deblur__confidence_boost__nes__l1,1021,48,8,500,8,641
fit__2285__deblur__boundary_probe__nes__l1,1021,48,4,546,4,682
fit__2285__deblur__counterfactual__nes__l1,1021,48,10,323,10,463
fit__8677__denoise__attack__nes__l0.5,1021,49,18,345,9,489
fit__8677__denoise__restore__nes__l0.5,1021,48,18,342,3,488
fit__8677__denoise__random_walk__random_walk__l0.5,1024,50,2,1023,2,1023
fit__8677__denoise__confidence_boost__nes__l0.5,1021,48,4,337,4,466
fit__8677__denoise__boundary_probe__nes__l0.5,1021,47,4,382,4,513
fit__8677__denoise__counterfactual__nes__l0.5,1021,47,18,260,18,373
fit__8677__deblur__attack__nes__l1,1021,49,3,443,3,589
fit__8677__deblur__restore__nes__l1,1021,48,3,287,3,394
fit__8677__deblur__random_walk__random_walk__l1,1024,49,2,1023,2,1023
fit__8677__deblur__confidence_boost__nes__l1,1021,48,7,415,7,587
fit__8677__deblur__boundary_probe__nes__l1,1021,50,16,598,16,737
fit__8677__deblur__counterfactual__nes__l1,1021,48,2,341,2,466
fit__3507__denoise__attack__nes__l0.5,1021,47,2,510,2,649
fit__3507__denoise__restore__nes__l0.5,1021,49,2,547,2,674
fit__3507__denoise__random_walk__random_walk__l0.5,1024,49,2,1023,2,1023
fit__3507__denoise__confidence_boost__nes__l0.5,1021,48,3,519,3,661
fit__3507__denoise__boundary_probe__nes__l0.5,1021,47,2,470,2,610
fit__3507__denoise__counterfactual__nes__l0.5,1021,48,4,468,4,592
fit__3507__deblur__attack__nes__l1,1021,47,4,367,4,488
fit__3507__deblur__restore__nes__l1,1021,48,8,381,7,526
fit__3507__deblur__random_walk__random_walk__l1,1024,50,2,1023,2,1023
fit__3507__deblur__confidence_boost__nes__l1,1021,47,6,257,2,391
fit__3507__deblur__boundary_probe__nes__l1,1021,49,10,387,10,549
fit__3507__deblur__counterfactual__nes__l1,1021,48,2,394,2,553
fit__3558__denoise__attack__nes__l0.5,1021,49,5,391,5,518
fit__3558__denoise__restore__nes__l0.5,1021,48,4,348,4,472
fit__3558__denoise__random_walk__random_walk__l0.5,1024,50,2,1023,2,1023
fit__3558__denoise__confidence_boost__nes__l0.5,1021,49,2,240,2,345
fit__3558__denoise__boundary_probe__nes__l0.5,1021,47,8,233,5,332
fit__3558__denoise__counterfactual__nes__l0.5,1021,49,5,425,5,561
fit__3558__deblur__attack__nes__l1,1021,48,16,250,13,361
fit__3558__deblur__restore__nes__l1,1021,48,16,253,16,359
fit__3558__deblur__random_walk__random_walk__l1,1024,49,2,1023,2,1023
fit__3558__deblur__confidence_boost__nes__l1,1021,48,5,262,5,366
fit__3558__deblur__boundary_probe__nes__l1,1021,48,8,161,8,238
fit__3558__deblur__counterfactual__nes__l1,1021,48,14,218,14,309
fit__6920__denoise__attack__nes__l0.5,1021,47,18,259,13,392
fit__6920__denoise__restore__nes__l0.5,1021,48,18,420,18,557
fit__6920__denoise__random_walk__random_walk__l0.5,1024,49,2,1023,2,1023
fit__6920__denoise__confidence_boost__nes__l0.5,1021,47,18,216,18,339
fit__6920__denoise__boundary_probe__nes__l0.5,1021,49,4,190,4,285
fit__6920__denoise__counterfactual__nes__l0.5,1021,47,3,245,3,366
fit__6920__deblur__attack__nes__l1,1021,48,18,259,7,388
fit__6920__deblur__restore__nes__l1,1021,48,2,359,2,490
fit__6920__deblur__random_walk__random_walk__l1,1024,49,2,1023,2,1023
fit__6920__deblur__confidence_boost__nes__l1,1021,48,9,351,9,520
fit__6920__deblur__boundary_probe__nes__l1,1021,48,11,316,11,474
fit__6920__deblur__counterfactual__nes__l1,1021,47,10,350,10,449
fit__3124__denoise__attack__nes__l0.5,1021,47,18,229,18,325
fit__3124__denoise__restore__nes__l0.5,1021,48,18,116,18,165
fit__3124__denoise__random_walk__random_walk__l0.5,1024,49,2,1023,2,1023
fit__3124__denoise__confidence_boost__nes__l0.5,1021,48,18,180,18,262
fit__3124__denoise__boundary_probe__nes__l0.5,1021,48,4,121,4,183
fit__3124__denoise__counterfactual__nes__l0.5,1021,48,16,185,2,277
fit__3124__deblur__attack__nes__l1,1021,48,2,652,2,786
fit__3124__deblur__restore__nes__l1,1021,48,4,567,4,700
fit__3124__deblur__random_walk__random_walk__l1,1024,50,2,1023,2,1023
fit__3124__deblur__confidence_boost__nes__l1,1021,49,2,604,2,735
fit__3124__deblur__boundary_probe__nes__l1,1021,49,2,778,2,882
fit__3124__deblur__counterfactual__nes__l1,1021,48,2,627,2,764
fit__9241__denoise__attack__nes__l0.5,1021,49,3,621,2,746
fit__9241__denoise__restore__nes__l0.5,1021,48,7,535,4,682
fit__9241__denoise__random_walk__random_walk__l0.5,1024,49,2,1023,2,1023
fit__9241__denoise__confidence_boost__nes__l0.5,1021,49,2,743,2,859
fit__9241__denoise__boundary_probe__nes__l0.5,1021,49,5,533,4,686
fit__9241__denoise__counterfactual__nes__l0.5,1021,48,3,601,3,711
fit__9241__deblur__attack__nes__l1,1021,49,3,370,3,496
fit__9241__deblur__restore__nes__l1,1021,49,4,391,3,524
fit__9241__deblur__random_walk__random_walk__l1,1024,50,2,1023,2,1023
fit__9241__deblur__confidence_boost__nes__l1,1021,47,6,330,6,461
fit__9241__deblur__boundary_probe__nes__l1,1021,47,18,397,5,528
fit__9241__deblur__counterfactual__nes__l1,1021,47,18,377,18,529
fit__2028__denoise__attack__nes__l0.5,1021,48,7,533,7,678
fit__2028__denoise__restore__nes__l0.5,1021,48,12,326,12,475
fit__2028__denoise__random_walk__random_walk__l0.5,1024,50,2,1023,2,1023
fit__2028__denoise__confidence_boost__nes__l0.5,1021,48,5,435,4,590
fit__2028__denoise__boundary_probe__nes__l0.5,1021,48,5,426,5,587
fit__2028__denoise__counterfactual__nes__l0.5,1021,48,16,494,2,623
fit__2028__deblur__attack__nes__l1,1021,48,18,192,2,263
fit__2028__deblur__restore__nes__l1,1021,48,11,140,11,222
fit__2028__deblur__random_walk__random_walk__l1,1024,50,2,1023,2,1023
fit__2028__deblur__confidence_boost__nes__l1,1021,48,8,153,8,221
fit__2028__deblur__boundary_probe__nes__l1,1021,47,6,226,6,318
fit__2028__deblur__counterfactual__nes__l1,1021,49,18,175,13,261
fit__636__denoise__attack__nes__l0.5,1021,47,3,532,3,707
fit__636__denoise__restore__nes__l0.5,1021,47,4,488,4,642
fit__636__denoise__random_walk__random_walk__l0.5,1024,49,2,1023,2,1023
fit__636__denoise__confidence_boost__nes__l0.5,1021,48,2,542,2,703
fit__636__denoise__boundary_probe__nes__l0.5,1021,48,3,434,3,590
fit__636__denoise__counterfactual__nes__l0.5,1021,48,9,588,3,722
fit__636__deblur__attack__nes__l1,1021,48,2,922,2,977
fit__636__deblur__restore__nes__l1,1021,49,2,881,2,951
fit__636__deblur__random_walk__random_walk__l1,1024,49,2,1023,2,1023
fit__636__deblur__confidence_boost__nes__l1,1021,48,2,964,2,996
fit__636__deblur__boundary_probe__nes__l1,1021,49,3,914,3,979
fit__636__deblur__counterfactual__nes__l1,1021,48,2,890,2,952
fit__5383__denoise__attack__nes__l0.5,1021,48,3,383,3,496
fit__5383__denoise__restore__nes__l0.5,1021,50,7,332,7,473
fit__5383__denoise__random_walk__random_walk__l0.5,1024,49,2,1023,2,1023
fit__5383__denoise__confidence_boost__nes__l0.5,1021,48,2,349,2,522
fit__5383__denoise__boundary_probe__nes__l0.5,1021,47,12,213,3,325
fit__5383__denoise__counterfactual__nes__l0.5,1021,48,6,258,6,375
fit__5383__deblur__attack__nes__l1,1021,48,18,368,17,484
fit__5383__deblur__restore__nes__l1,1021,47,9,270,9,384
fit__5383__deblur__random_walk__random_walk__l1,1024,50,2,1023,2,1023
fit__5383__deblur__confidence_boost__nes__l1,1021,47,9,263,9,350
fit__5383__deblur__boundary_probe__nes__l1,1021,48,18,420,18,536
fit__5383__deblur__counterfactual__nes__l1,1021,48,4,268,4,386
fit__3409__denoise__attack__nes__l0.5,1021,47,18,96,18,118
fit__3409__denoise__restore__nes__l0.5,1021,47,18,87,18,111
fit__3409__denoise__random_walk__random_walk__l0.5,1024,50,2,1023,2,1023
fit__3409__denoise__confidence_boost__nes__l0.5,1021,47,18,77,18,100
fit__3409__denoise__boundary_probe__nes__l0.5,1021,48,11,112,11,164
fit__3409__denoise__counterfactual__nes__l0.5,1021,48,18,96,15,129
fit__3409__deblur__attack__nes__l1,1021,48,7,443,5,600
fit__3409__deblur__restore__nes__l1,1021,48,8,606,7,750
fit__3409__deblur__random_walk__random_walk__l1,1024,49,2,1023,2,1023
fit__3409__deblur__confidence_boost__nes__l1,1021,49,2,667,2,803
fit__3409__deblur__boundary_probe__nes__l1,1021,47,5,378,5,542
fit__3409__deblur__counterfactual__nes__l1,1021,49,3,557,3,689
fit__9927__denoise__attack__nes__l0.5,1021,48,2,774,2,871
fit__9927__denoise__restore__nes__l0.5,1021,48,2,589,2,715
fit__9927__denoise__random_walk__random_walk__l0.5,1024,49,2,1023,2,1023
fit__9927__denoise__confidence_boost__nes__l0.5,1021,48,2,456,2,576
fit__9927__denoise__boundary_probe__nes__l0.5,1021,48,3,795,3,890
fit__9927__denoise__counterfactual__nes__l0.5,1021,47,2,544,2,701
fit__9927__deblur__attack__nes__l1,1021,48,18,286,13,404
fit__9927__deblur__restore__nes__l1,1021,48,18,322,7,441
fit__9927__deblur__random_walk__random_walk__l1,1024,49,2,1023,2,1023
fit__9927__deblur__confidence_boost__nes__l1,1021,47,18,345,18,480
fit__9927__deblur__boundary_probe__nes__l1,1021,49,7,287,4,399
fit__9927__deblur__counterfactual__nes__l1,1021,49,6,295,6,399
calibration__4759__denoise__attack__nes__l0.5,1021,49,18,156,4,242
calibration__4759__denoise__restore__nes__l0.5,1021,48,18,167,18,237
calibration__4759__denoise__random_walk__random_walk__l0.5,1024,50,2,1023,2,1023
calibration__4759__denoise__confidence_boost__nes__l0.5,1021,48,18,260,18,371
calibration__4759__denoise__boundary_probe__nes__l0.5,1021,47,6,176,6,282
calibration__4759__denoise__counterfactual__nes__l0.5,1021,48,18,232,4,342
calibration__4759__deblur__attack__nes__l1,1021,48,18,296,6,438
calibration__4759__deblur__restore__nes__l1,1021,48,8,375,2,541
calibration__4759__deblur__random_walk__random_walk__l1,1024,49,2,1023,2,1023
calibration__4759__deblur__confidence_boost__nes__l1,1021,48,8,252,5,378
calibration__4759__deblur__boundary_probe__nes__l1,1021,48,7,552,7,680
calibration__4759__deblur__counterfactual__nes__l1,1021,48,4,396,4,538
calibration__2345__denoise__attack__nes__l0.5,1021,49,2,405,2,584
calibration__2345__denoise__restore__nes__l0.5,1021,48,6,501,2,643
calibration__2345__denoise__random_walk__random_walk__l0.5,1024,49,2,1023,2,1023
calibration__2345__denoise__confidence_boost__nes__l0.5,1021,48,2,482,2,630
calibration__2345__denoise__boundary_probe__nes__l0.5,1021,47,3,673,3,792
calibration__2345__denoise__counterfactual__nes__l0.5,1021,49,2,537,2,688
calibration__2345__deblur__attack__nes__l1,1021,48,4,189,4,298
calibration__2345__deblur__restore__nes__l1,1021,48,15,455,15,583
calibration__2345__deblur__random_walk__random_walk__l1,1024,49,2,1023,2,1023
calibration__2345__deblur__confidence_boost__nes__l1,1021,48,17,417,16,577
calibration__2345__deblur__boundary_probe__nes__l1,1021,48,3,560,3,709
calibration__2345__deblur__counterfactual__nes__l1,1021,48,4,528,2,687
calibration__7363__denoise__attack__nes__l0.5,1021,48,18,317,18,446
calibration__7363__denoise__restore__nes__l0.5,1021,47,14,330,13,433
calibration__7363__denoise__random_walk__random_walk__l0.5,1024,49,2,1023,2,1023
calibration__7363__denoise__confidence_boost__nes__l0.5,1021,48,5,324,5,464
calibration__7363__denoise__boundary_probe__nes__l0.5,1021,50,3,524,3,657
calibration__7363__denoise__counterfactual__nes__l0.5,1021,49,3,278,3,405
calibration__7363__deblur__attack__nes__l1,1021,49,18,325,4,433
calibration__7363__deblur__restore__nes__l1,1021,48,18,192,3,271
calibration__7363__deblur__random_walk__random_walk__l1,1024,49,2,1023,2,1023
calibration__7363__deblur__confidence_boost__nes__l1,1021,47,2,216,2,321
calibration__7363__deblur__boundary_probe__nes__l1,1021,49,5,166,2,240
calibration__7363__deblur__counterfactual__nes__l1,1021,47,18,220,16,312
calibration__2544__denoise__attack__nes__l0.5,1021,47,18,127,2,193
calibration__2544__denoise__restore__nes__l0.5,1021,48,18,105,18,153
calibration__2544__denoise__random_walk__random_walk__l0.5,1024,49,2,1023,2,1023
calibration__2544__denoise__confidence_boost__nes__l0.5,1021,47,18,206,18,299
calibration__2544__denoise__boundary_probe__nes__l0.5,1021,49,2,153,2,227
calibration__2544__denoise__counterfactual__nes__l0.5,1021,49,18,169,13,250
calibration__2544__deblur__attack__nes__l1,1021,48,18,505,18,636
calibration__2544__deblur__restore__nes__l1,1021,48,5,323,4,446
calibration__2544__deblur__random_walk__random_walk__l1,1024,50,2,1023,2,1023
calibration__2544__deblur__confidence_boost__nes__l1,1021,48,5,366,5,507
calibration__2544__deblur__boundary_probe__nes__l1,1021,48,9,243,9,347
calibration__2544__deblur__counterfactual__nes__l1,1021,48,5,357,5,504
calibration__9679__denoise__attack__nes__l0.5,1021,48,6,555,6,691
calibration__9679__denoise__restore__nes__l0.5,1021,48,2,523,2,681
calibration__9679__denoise__random_walk__random_walk__l0.5,1024,49,2,1023,2,1023
calibration__9679__denoise__confidence_boost__nes__l0.5,1021,48,5,612,5,741
calibration__9679__denoise__boundary_probe__nes__l0.5,1021,49,2,733,2,858
calibration__9679__denoise__counterfactual__nes__l0.5,1021,48,7,638,3,763
calibration__9679__deblur__attack__nes__l1,1021,48,18,113,18,167
calibration__9679__deblur__restore__nes__l1,1021,49,18,186,18,276
calibration__9679__deblur__random_walk__random_walk__l1,1024,50,2,1023,2,1023
calibration__9679__deblur__confidence_boost__nes__l1,1021,49,8,274,8,406
calibration__9679__deblur__boundary_probe__nes__l1,1021,48,14,175,14,300
calibration__9679__deblur__counterfactual__nes__l1,1021,48,18,110,18,160
calibration__4422__denoise__attack__nes__l0.5,1021,50,3,514,3,670
calibration__4422__denoise__restore__nes__l0.5,1021,49,3,686,3,811
calibration__4422__denoise__random_walk__random_walk__l0.5,1024,49,2,1023,2,1023
calibration__4422__denoise__confidence_boost__nes__l0.5,1021,48,2,799,2,893
calibration__4422__denoise__boundary_probe__nes__l0.5,1021,50,4,662,4,792
calibration__4422__denoise__counterfactual__nes__l0.5,1021,48,3,740,2,849
calibration__4422__deblur__attack__nes__l1,1021,49,3,638,3,779
calibration__4422__deblur__restore__nes__l1,1021,49,6,472,6,628
calibration__4422__deblur__random_walk__random_walk__l1,1024,49,2,1023,2,1023
calibration__4422__deblur__confidence_boost__nes__l1,1021,48,7,547,6,689
calibration__4422__deblur__boundary_probe__nes__l1,1021,48,4,577,3,722
calibration__4422__deblur__counterfactual__nes__l1,1021,48,6,550,6,704
calibration__627__denoise__attack__nes__l0.5,1021,48,18,298,5,412
calibration__627__denoise__restore__nes__l0.5,1021,48,18,116,5,179
calibration__627__denoise__random_walk__random_walk__l0.5,1024,50,2,1023,2,1023
calibration__627__denoise__confidence_boost__nes__l0.5,1021,48,18,250,18,341
calibration__627__denoise__boundary_probe__nes__l0.5,1021,48,18,369,18,488
calibration__627__denoise__counterfactual__nes__l0.5,1021,46,18,161,14,245
calibration__627__deblur__attack__nes__l1,1021,49,4,371,2,503
calibration__627__deblur__restore__nes__l1,1021,48,6,519,6,651
calibration__627__deblur__random_walk__random_walk__l1,1024,50,2,1023,2,1023
calibration__627__deblur__confidence_boost__nes__l1,1021,47,10,372,5,514
calibration__627__deblur__boundary_probe__nes__l1,1021,48,7,294,3,419
calibration__627__deblur__counterfactual__nes__l1,1021,48,18,440,12,572
calibration__5633__denoise__attack__nes__l0.5,1021,47,2,617,2,764
calibration__5633__denoise__restore__nes__l0.5,1021,49,2,552,2,712
calibration__5633__denoise__random_walk__random_walk__l0.5,1024,50,2,1023,2,1023
calibration__5633__denoise__confidence_boost__nes__l0.5,1021,48,2,669,2,816
calibration__5633__denoise__boundary_probe__nes__l0.5,1021,49,7,544,2,689
calibration__5633__denoise__counterfactual__nes__l0.5,1021,50,6,700,6,822
calibration__5633__deblur__attack__nes__l1,1021,48,18,548,16,678
calibration__5633__deblur__restore__nes__l1,1021,49,6,333,6,468
calibration__5633__deblur__random_walk__random_walk__l1,1024,49,2,1023,2,1023
calibration__5633__deblur__confidence_boost__nes__l1,1021,48,15,389,11,530
calibration__5633__deblur__boundary_probe__nes__l1,1021,48,4,323,4,480
calibration__5633__deblur__counterfactual__nes__l1,1021,48,18,528,5,668
calibration__2055__denoise__attack__nes__l0.5,1021,49,9,262,9,392
calibration__2055__denoise__restore__nes__l0.5,1021,48,18,409,18,567
calibration__2055__denoise__random_walk__random_walk__l0.5,1024,49,2,1023,2,1023
calibration__2055__denoise__confidence_boost__nes__l0.5,1021,48,6,373,6,523
calibration__2055__denoise__boundary_probe__nes__l0.5,1021,49,17,350,14,506
calibration__2055__denoise__counterfactual__nes__l0.5,1021,48,18,274,18,403
calibration__2055__deblur__attack__nes__l1,1021,48,4,480,2,612
calibration__2055__deblur__restore__nes__l1,1021,48,2,387,2,511
calibration__2055__deblur__random_walk__random_walk__l1,1024,49,2,1023,2,1023
calibration__2055__deblur__confidence_boost__nes__l1,1021,48,2,587,2,707
calibration__2055__deblur__boundary_probe__nes__l1,1021,49,4,436,4,560
calibration__2055__deblur__counterfactual__nes__l1,1021,49,7,395,2,513
calibration__9640__denoise__attack__nes__l0.5,1021,50,9,353,5,485
calibration__9640__denoise__restore__nes__l0.5,1021,49,3,403,3,532
calibration__9640__denoise__random_walk__random_walk__l0.5,1024,49,2,1023,2,1023
calibration__9640__denoise__confidence_boost__nes__l0.5,1021,47,18,348,18,513
calibration__9640__denoise__boundary_probe__nes__l0.5,1021,48,10,468,3,622
calibration__9640__denoise__counterfactual__nes__l0.5,1021,48,8,238,4,363
calibration__9640__deblur__attack__nes__l1,1021,48,3,568,2,695
calibration__9640__deblur__restore__nes__l1,1021,48,16,518,14,650
calibration__9640__deblur__random_walk__random_walk__l1,1024,49,2,1023,2,1023
calibration__9640__deblur__confidence_boost__nes__l1,1021,49,7,343,4,485
calibration__9640__deblur__boundary_probe__nes__l1,1021,49,3,494,3,642
calibration__9640__deblur__counterfactual__nes__l1,1021,48,11,556,8,690
calibration__5384__denoise__attack__nes__l0.5,1021,47,5,221,5,312
calibration__5384__denoise__restore__nes__l0.5,1021,49,8,239,8,342
calibration__5384__denoise__random_walk__random_walk__l0.5,1024,49,2,1023,2,1023
calibration__5384__denoise__confidence_boost__nes__l0.5,1021,48,4,157,4,240
calibration__5384__denoise__boundary_probe__nes__l0.5,1021,47,12,246,7,357
calibration__5384__denoise__counterfactual__nes__l0.5,1021,47,18,141,18,210
calibration__5384__deblur__attack__nes__l1,1021,47,18,125,18,180
calibration__5384__deblur__restore__nes__l1,1021,47,6,139,2,185
calibration__5384__deblur__random_walk__random_walk__l1,1024,50,2,1023,2,1023
calibration__5384__deblur__confidence_boost__nes__l1,1021,46,18,125,14,178
calibration__5384__deblur__boundary_probe__nes__l1,1021,47,18,160,18,241
calibration__5384__deblur__counterfactual__nes__l1,1021,48,18,147,6,204
calibration__56__denoise__attack__nes__l0.5,1021,48,2,274,2,406
calibration__56__denoise__restore__nes__l0.5,1021,48,4,266,4,377
calibration__56__denoise__random_walk__random_walk__l0.5,1024,50,2,1023,2,1023
calibration__56__denoise__confidence_boost__nes__l0.5,1021,47,4,355,4,507
calibration__56__denoise__boundary_probe__nes__l0.5,1021,49,14,393,3,576
calibration__56__denoise__counterfactual__nes__l0.5,1021,49,10,462,8,587
calibration__56__deblur__attack__nes__l1,1021,48,7,363,7,482
calibration__56__deblur__restore__nes__l1,1021,49,6,705,6,823
calibration__56__deblur__random_walk__random_walk__l1,1024,49,2,1023,2,1023
calibration__56__deblur__confidence_boost__nes__l1,1021,49,5,499,5,612
calibration__56__deblur__boundary_probe__nes__l1,1021,49,6,508,6,648
calibration__56__deblur__counterfactual__nes__l1,1021,48,4,321,4,445
calibration__7079__denoise__attack__nes__l0.5,1021,49,3,425,2,575
calibration__7079__denoise__restore__nes__l0.5,1021,49,3,382,3,511
calibration__7079__denoise__random_walk__random_walk__l0.5,1024,49,2,1023,2,1023
calibration__7079__denoise__confidence_boost__nes__l0.5,1021,48,5,367,2,516
calibration__7079__denoise__boundary_probe__nes__l0.5,1021,49,5,452,3,590
calibration__7079__denoise__counterfactual__nes__l0.5,1021,48,4,325,3,445
calibration__7079__deblur__attack__nes__l1,1021,49,2,463,2,598
calibration__7079__deblur__restore__nes__l1,1021,48,5,470,5,620
calibration__7079__deblur__random_walk__random_walk__l1,1024,50,2,1023,2,1023
calibration__7079__deblur__confidence_boost__nes__l1,1021,49,6,446,3,579
calibration__7079__deblur__boundary_probe__nes__l1,1021,47,6,269,6,371
calibration__7079__deblur__counterfactual__nes__l1,1021,48,8,357,8,479
calibration__1216__denoise__attack__nes__l0.5,1021,49,5,855,3,933
calibration__1216__denoise__restore__nes__l0.5,1021,49,4,877,4,944
calibration__1216__denoise__random_walk__random_walk__l0.5,1024,50,2,1023,2,1023
calibration__1216__denoise__confidence_boost__nes__l0.5,1021,48,4,731,2,872
calibration__1216__denoise__boundary_probe__nes__l0.5,1021,48,3,765,3,877
calibration__1216__denoise__counterfactual__nes__l0.5,1021,48,3,854,3,937
calibration__1216__deblur__attack__nes__l1,1021,47,2,245,2,348
calibration__1216__deblur__restore__nes__l1,1021,47,2,258,2,371
calibration__1216__deblur__random_walk__random_walk__l1,1024,49,2,1023,2,1023
calibration__1216__deblur__confidence_boost__nes__l1,1021,48,3,228,3,337
calibration__1216__deblur__boundary_probe__nes__l1,1021,48,6,399,6,537
calibration__1216__deblur__counterfactual__nes__l1,1021,47,4,219,4,308
calibration__6758__denoise__attack__nes__l0.5,1021,49,4,530,3,687
calibration__6758__denoise__restore__nes__l0.5,1021,49,2,465,2,629
calibration__6758__denoise__random_walk__random_walk__l0.5,1024,49,2,1023,2,1023
calibration__6758__denoise__confidence_boost__nes__l0.5,1021,49,5,658,2,811
calibration__6758__denoise__boundary_probe__nes__l0.5,1021,48,2,577,2,741
calibration__6758__denoise__counterfactual__nes__l0.5,1021,49,8,492,7,643
calibration__6758__deblur__attack__nes__l1,1021,47,5,288,5,400
calibration__6758__deblur__restore__nes__l1,1021,48,2,324,2,448
calibration__6758__deblur__random_walk__random_walk__l1,1024,50,2,1023,2,1023
calibration__6758__deblur__confidence_boost__nes__l1,1021,50,3,506,3,647
calibration__6758__deblur__boundary_probe__nes__l1,1021,47,5,276,5,410
calibration__6758__deblur__counterfactual__nes__l1,1021,48,3,343,3,480
calibration__4336__denoise__attack__nes__l0.5,1021,48,13,319,13,464
calibration__4336__denoise__restore__nes__l0.5,1021,47,12,316,12,471
calibration__4336__denoise__random_walk__random_walk__l0.5,1024,50,2,1023,2,1023
calibration__4336__denoise__confidence_boost__nes__l0.5,1021,48,6,379,6,506
calibration__4336__denoise__boundary_probe__nes__l0.5,1021,47,6,290,2,446
calibration__4336__denoise__counterfactual__nes__l0.5,1021,48,4,367,4,499
calibration__4336__deblur__attack__nes__l1,1021,48,2,493,2,633
calibration__4336__deblur__restore__nes__l1,1021,49,3,646,2,783
calibration__4336__deblur__random_walk__random_walk__l1,1024,50,2,1023,2,1023
calibration__4336__deblur__confidence_boost__nes__l1,1021,49,4,674,3,800
calibration__4336__deblur__boundary_probe__nes__l1,1021,48,4,721,4,844
calibration__4336__deblur__counterfactual__nes__l1,1021,48,3,577,3,733
evaluation__153__denoise__attack__nes__l0.5,1021,50,2,855,2,944
evaluation__153__denoise__restore__nes__l0.5,1021,48,2,706,2,834
evaluation__153__denoise__random_walk__random_walk__l0.5,1024,50,2,1023,2,1023
evaluation__153__denoise__confidence_boost__nes__l0.5,1021,49,2,718,2,828
evaluation__153__denoise__boundary_probe__nes__l0.5,1021,49,5,846,2,935
evaluation__153__denoise__counterfactual__nes__l0.5,1021,50,3,669,3,788
evaluation__153__deblur__attack__nes__l1,1021,48,2,375,2,529
evaluation__153__deblur__restore__nes__l1,1021,50,18,605,7,731
evaluation__153__deblur__random_walk__random_walk__l1,1024,50,2,1023,2,1023
evaluation__153__deblur__confidence_boost__nes__l1,1021,48,8,506,4,639
evaluation__153__deblur__boundary_probe__nes__l1,1021,48,11,447,11,569
evaluation__153__deblur__counterfactual__nes__l1,1021,48,15,301,5,436
evaluation__5160__denoise__attack__nes__l0.5,1021,48,10,574,10,704
evaluation__5160__denoise__restore__nes__l0.5,1021,49,7,589,2,730
evaluation__5160__denoise__random_walk__random_walk__l0.5,1024,50,2,1023,2,1023
evaluation__5160__denoise__confidence_boost__nes__l0.5,1021,48,3,397,2,548
evaluation__5160__denoise__boundary_probe__nes__l0.5,1021,49,6,678,6,793
evaluation__5160__denoise__counterfactual__nes__l0.5,1021,49,14,664,2,782
evaluation__5160__deblur__attack__nes__l1,1021,49,2,711,2,835
evaluation__5160__deblur__restore__nes__l1,1021,49,2,514,2,666
evaluation__5160__deblur__random_walk__random_walk__l1,1024,49,2,1023,2,1023
evaluation__5160__deblur__confidence_boost__nes__l1,1021,48,3,897,3,957
evaluation__5160__deblur__boundary_probe__nes__l1,1021,48,2,661,2,795
evaluation__5160__deblur__counterfactual__nes__l1,1021,49,2,890,2,951
evaluation__8543__denoise__attack__nes__l0.5,1021,48,18,210,18,322
evaluation__8543__denoise__restore__nes__l0.5,1021,47,8,148,2,218
evaluation__8543__denoise__random_walk__random_walk__l0.5,1024,49,2,1023,2,1023
evaluation__8543__denoise__confidence_boost__nes__l0.5,1021,47,18,167,5,235
evaluation__8543__denoise__boundary_probe__nes__l0.5,1021,47,9,160,9,264
evaluation__8543__denoise__counterfactual__nes__l0.5,1021,48,3,160,3,233
evaluation__8543__deblur__attack__nes__l1,1021,48,8,208,8,300
evaluation__8543__deblur__restore__nes__l1,1021,47,5,106,5,162
evaluation__8543__deblur__random_walk__random_walk__l1,1024,49,2,1023,2,1023
evaluation__8543__deblur__confidence_boost__nes__l1,1021,48,18,371,18,490
evaluation__8543__deblur__boundary_probe__nes__l1,1021,49,18,263,18,377
evaluation__8543__deblur__counterfactual__nes__l1,1021,48,12,275,10,401
evaluation__9980__denoise__attack__nes__l0.5,1021,48,2,693,2,797
evaluation__9980__denoise__restore__nes__l0.5,1021,48,3,659,3,790
evaluation__9980__denoise__random_walk__random_walk__l0.5,1024,49,2,1023,2,1023
evaluation__9980__denoise__confidence_boost__nes__l0.5,1021,49,4,675,4,801
evaluation__9980__denoise__boundary_probe__nes__l0.5,1021,49,2,893,2,954
evaluation__9980__denoise__counterfactual__nes__l0.5,1021,48,5,545,3,688
evaluation__9980__deblur__attack__nes__l1,1021,48,8,428,8,562
evaluation__9980__deblur__restore__nes__l1,1021,47,2,542,2,678
evaluation__9980__deblur__random_walk__random_walk__l1,1024,50,2,1023,2,1023
evaluation__9980__deblur__confidence_boost__nes__l1,1021,48,6,574,2,726
evaluation__9980__deblur__boundary_probe__nes__l1,1021,48,2,368,2,523
evaluation__9980__deblur__counterfactual__nes__l1,1021,48,13,388,3,529
evaluation__1797__denoise__attack__nes__l0.5,1021,50,18,332,5,476
evaluation__1797__denoise__restore__nes__l0.5,1021,49,2,304,2,419
evaluation__1797__denoise__random_walk__random_walk__l0.5,1024,49,2,1023,2,1023
evaluation__1797__denoise__confidence_boost__nes__l0.5,1021,48,18,275,17,387
evaluation__1797__denoise__boundary_probe__nes__l0.5,1021,48,18,195,18,285
evaluation__1797__denoise__counterfactual__nes__l0.5,1021,48,8,285,8,395
evaluation__1797__deblur__attack__nes__l1,1021,49,6,464,4,627
evaluation__1797__deblur__restore__nes__l1,1021,48,3,567,3,721
evaluation__1797__deblur__random_walk__random_walk__l1,1024,49,2,1023,2,1023
evaluation__1797__deblur__confidence_boost__nes__l1,1021,49,8,573,6,695
evaluation__1797__deblur__boundary_probe__nes__l1,1021,49,15,394,3,532
evaluation__1797__deblur__counterfactual__nes__l1,1021,48,3,542,3,685
evaluation__3921__denoise__attack__nes__l0.5,1021,47,2,444,2,579
evaluation__3921__denoise__restore__nes__l0.5,1021,48,9,587,9,714
evaluation__3921__denoise__random_walk__random_walk__l0.5,1024,49,2,1023,2,1023
evaluation__3921__denoise__confidence_boost__nes__l0.5,1021,50,6,487,6,647
evaluation__3921__denoise__boundary_probe__nes__l0.5,1021,49,2,536,2,664
evaluation__3921__denoise__counterfactual__nes__l0.5,1021,48,8,387,8,525
evaluation__3921__deblur__attack__nes__l1,1021,47,18,482,6,630
evaluation__3921__deblur__restore__nes__l1,1021,48,15,308,15,427
evaluation__3921__deblur__random_walk__random_walk__l1,1024,50,2,1023,2,1023
evaluation__3921__deblur__confidence_boost__nes__l1,1021,48,6,329,6,452
evaluation__3921__deblur__boundary_probe__nes__l1,1021,47,5,309,4,424
evaluation__3921__deblur__counterfactual__nes__l1,1021,49,3,247,3,339
evaluation__6788__denoise__attack__nes__l0.5,1021,48,8,270,8,388
evaluation__6788__denoise__restore__nes__l0.5,1021,47,5,230,5,346
evaluation__6788__denoise__random_walk__random_walk__l0.5,1024,49,2,1023,2,1023
evaluation__6788__denoise__confidence_boost__nes__l0.5,1021,49,10,363,3,506
evaluation__6788__denoise__boundary_probe__nes__l0.5,1021,47,5,501,2,658
evaluation__6788__denoise__counterfactual__nes__l0.5,1021,47,4,271,4,373
evaluation__6788__deblur__attack__nes__l1,1021,49,5,306,5,422
evaluation__6788__deblur__restore__nes__l1,1021,48,11,371,11,523
evaluation__6788__deblur__random_walk__random_walk__l1,1024,49,2,1023,2,1023
evaluation__6788__deblur__confidence_boost__nes__l1,1021,49,7,601,3,725
evaluation__6788__deblur__boundary_probe__nes__l1,1021,47,11,132,5,184
evaluation__6788__deblur__counterfactual__nes__l1,1021,48,8,537,3,658
evaluation__692__denoise__attack__nes__l0.5,1021,49,18,277,18,392
evaluation__692__denoise__restore__nes__l0.5,1021,48,7,254,7,363
evaluation__692__denoise__random_walk__random_walk__l0.5,1024,50,2,1023,2,1023
evaluation__692__denoise__confidence_boost__nes__l0.5,1021,47,17,337,6,478
evaluation__692__denoise__boundary_probe__nes__l0.5,1021,48,13,350,13,502
evaluation__692__denoise__counterfactual__nes__l0.5,1021,47,18,256,18,381
evaluation__692__deblur__attack__nes__l1,1021,48,2,471,2,631
evaluation__692__deblur__restore__nes__l1,1021,49,9,582,5,760
evaluation__692__deblur__random_walk__random_walk__l1,1024,49,2,1023,2,1023
evaluation__692__deblur__confidence_boost__nes__l1,1021,47,2,699,2,821
evaluation__692__deblur__boundary_probe__nes__l1,1021,47,3,455,3,619
evaluation__692__deblur__counterfactual__nes__l1,1021,48,10,410,6,549
evaluation__3960__denoise__attack__nes__l0.5,1021,47,11,384,7,528
evaluation__3960__denoise__restore__nes__l0.5,1021,47,18,412,18,533
evaluation__3960__denoise__random_walk__random_walk__l0.5,1024,49,2,1023,2,1023
evaluation__3960__denoise__confidence_boost__nes__l0.5,1021,49,2,341,2,461
evaluation__3960__denoise__boundary_probe__nes__l0.5,1021,49,9,510,9,653
evaluation__3960__denoise__counterfactual__nes__l0.5,1021,47,18,257,18,389
evaluation__3960__deblur__attack__nes__l1,1021,48,18,455,9,601
evaluation__3960__deblur__restore__nes__l1,1021,48,9,335,9,466
evaluation__3960__deblur__random_walk__random_walk__l1,1024,49,2,1023,2,1023
evaluation__3960__deblur__confidence_boost__nes__l1,1021,49,4,397,4,519
evaluation__3960__deblur__boundary_probe__nes__l1,1021,48,12,479,3,601
evaluation__3960__deblur__counterfactual__nes__l1,1021,49,10,390,10,527
evaluation__7108__denoise__attack__nes__l0.5,1021,49,8,285,8,415
evaluation__7108__denoise__restore__nes__l0.5,1021,47,18,230,6,343
evaluation__7108__denoise__random_walk__random_walk__l0.5,1024,49,2,1023,2,1023
evaluation__7108__denoise__confidence_boost__nes__l0.5,1021,48,3,221,2,311
evaluation__7108__denoise__boundary_probe__nes__l0.5,1021,50,18,232,18,332
evaluation__7108__denoise__counterfactual__nes__l0.5,1021,46,13,159,13,230
evaluation__7108__deblur__attack__nes__l1,1021,49,2,570,2,713
evaluation__7108__deblur__restore__nes__l1,1021,49,2,496,2,646
evaluation__7108__deblur__random_walk__random_walk__l1,1024,49,2,1023,2,1023
evaluation__7108__deblur__confidence_boost__nes__l1,1021,49,3,733,3,845
evaluation__7108__deblur__boundary_probe__nes__l1,1021,48,5,655,5,787
evaluation__7108__deblur__counterfactual__nes__l1,1021,48,3,803,3,898
evaluation__0__denoise__attack__nes__l0.5,1021,47,3,753,3,856
evaluation__0__denoise__restore__nes__l0.5,1021,49,2,892,2,964
evaluation__0__denoise__random_walk__random_walk__l0.5,1024,49,2,1023,2,1023
evaluation__0__denoise__confidence_boost__nes__l0.5,1021,49,2,863,2,941
evaluation__0__denoise__boundary_probe__nes__l0.5,1021,49,3,850,3,922
evaluation__0__denoise__counterfactual__nes__l0.5,1021,48,3,862,3,941
evaluation__0__deblur__attack__nes__l1,1021,47,18,186,18,255
evaluation__0__deblur__restore__nes__l1,1021,48,18,247,18,342
evaluation__0__deblur__random_walk__random_walk__l1,1024,49,2,1023,2,1023
evaluation__0__deblur__confidence_boost__nes__l1,1021,47,18,76,11,110
evaluation__0__deblur__boundary_probe__nes__l1,1021,48,4,203,4,285
evaluation__0__deblur__counterfactual__nes__l1,1021,47,18,88,18,110
evaluation__5490__denoise__attack__nes__l0.5,1021,49,3,384,3,516
evaluation__5490__denoise__restore__nes__l0.5,1021,49,3,468,3,621
evaluation__5490__denoise__random_walk__random_walk__l0.5,1024,49,2,1023,2,1023
evaluation__5490__denoise__confidence_boost__nes__l0.5,1021,48,3,490,3,637
evaluation__5490__denoise__boundary_probe__nes__l0.5,1021,49,3,354,3,493
evaluation__5490__denoise__counterfactual__nes__l0.5,1021,48,3,451,3,592
evaluation__5490__deblur__attack__nes__l1,1021,48,11,322,11,457
evaluation__5490__deblur__restore__nes__l1,1021,48,5,472,5,631
evaluation__5490__deblur__random_walk__random_walk__l1,1024,49,2,1023,2,1023
evaluation__5490__deblur__confidence_boost__nes__l1,1021,48,18,447,11,601
evaluation__5490__deblur__boundary_probe__nes__l1,1021,47,11,336,2,477
evaluation__5490__deblur__counterfactual__nes__l1,1021,48,18,194,8,309
evaluation__7224__denoise__attack__nes__l0.5,1021,48,5,362,5,499
evaluation__7224__denoise__restore__nes__l0.5,1021,49,8,517,8,661
evaluation__7224__denoise__random_walk__random_walk__l0.5,1024,50,2,1023,2,1023
evaluation__7224__denoise__confidence_boost__nes__l0.5,1021,48,4,486,4,624
evaluation__7224__denoise__boundary_probe__nes__l0.5,1021,48,4,519,2,656
evaluation__7224__denoise__counterfactual__nes__l0.5,1021,47,3,502,3,650
evaluation__7224__deblur__attack__nes__l1,1021,47,18,207,18,309
evaluation__7224__deblur__restore__nes__l1,1021,49,18,294,18,411
evaluation__7224__deblur__random_walk__random_walk__l1,1024,49,2,1023,2,1023
evaluation__7224__deblur__confidence_boost__nes__l1,1021,48,18,387,18,519
evaluation__7224__deblur__boundary_probe__nes__l1,1021,47,18,154,18,230
evaluation__7224__deblur__counterfactual__nes__l1,1021,49,10,340,10,504
evaluation__9087__denoise__attack__nes__l0.5,1021,48,3,500,3,682
evaluation__9087__denoise__restore__nes__l0.5,1021,48,7,728,2,844
evaluation__9087__denoise__random_walk__random_walk__l0.5,1024,50,2,1023,2,1023
evaluation__9087__denoise__confidence_boost__nes__l0.5,1021,48,5,556,5,714
evaluation__9087__denoise__boundary_probe__nes__l0.5,1021,47,2,511,2,688
evaluation__9087__denoise__counterfactual__nes__l0.5,1021,48,5,320,5,482
evaluation__9087__deblur__attack__nes__l1,1021,48,12,260,12,370
evaluation__9087__deblur__restore__nes__l1,1021,48,2,233,2,356
evaluation__9087__deblur__random_walk__random_walk__l1,1024,49,2,1023,2,1023
evaluation__9087__deblur__confidence_boost__nes__l1,1021,49,5,256,5,378
evaluation__9087__deblur__boundary_probe__nes__l1,1021,48,2,309,2,417
evaluation__9087__deblur__counterfactual__nes__l1,1021,47,3,134,3,184
evaluation__4047__denoise__attack__nes__l0.5,1021,48,2,415,2,555
evaluation__4047__denoise__restore__nes__l0.5,1021,48,10,512,10,650
evaluation__4047__denoise__random_walk__random_walk__l0.5,1024,49,2,1023,2,1023
evaluation__4047__denoise__confidence_boost__nes__l0.5,1021,47,2,288,2,426
evaluation__4047__denoise__boundary_probe__nes__l0.5,1021,48,3,492,3,655
evaluation__4047__denoise__counterfactual__nes__l0.5,1021,49,4,377,4,511
evaluation__4047__deblur__attack__nes__l1,1021,48,14,280,14,406
evaluation__4047__deblur__restore__nes__l1,1021,48,3,199,3,287
evaluation__4047__deblur__random_walk__random_walk__l1,1024,49,2,1023,2,1023
evaluation__4047__deblur__confidence_boost__nes__l1,1021,47,18,159,6,235
evaluation__4047__deblur__boundary_probe__nes__l1,1021,49,16,316,16,449
evaluation__4047__deblur__counterfactual__nes__l1,1021,49,5,394,5,535
evaluation__5983__denoise__attack__nes__l0.5,1021,49,5,266,5,386
evaluation__5983__denoise__restore__nes__l0.5,1021,48,14,244,5,343
evaluation__5983__denoise__random_walk__random_walk__l0.5,1024,50,2,1023,2,1023
evaluation__5983__denoise__confidence_boost__nes__l0.5,1021,48,18,337,18,456
evaluation__5983__denoise__boundary_probe__nes__l0.5,1021,49,18,193,10,279
evaluation__5983__denoise__counterfactual__nes__l0.5,1021,48,9,210,9,292
evaluation__5983__deblur__attack__nes__l1,1021,47,16,351,16,492
evaluation__5983__deblur__restore__nes__l1,1021,49,18,329,10,469
evaluation__5983__deblur__random_walk__random_walk__l1,1024,49,2,1023,2,1023
evaluation__5983__deblur__confidence_boost__nes__l1,1021,48,18,455,14,614
evaluation__5983__deblur__boundary_probe__nes__l1,1021,48,5,380,5,494
evaluation__5983__deblur__counterfactual__nes__l1,1021,48,7,258,7,366
evaluation__7726__denoise__attack__nes__l0.5,1021,47,17,211,17,320
evaluation__7726__denoise__restore__nes__l0.5,1021,47,18,127,18,175
evaluation__7726__denoise__random_walk__random_walk__l0.5,1024,49,2,1023,2,1023
evaluation__7726__denoise__confidence_boost__nes__l0.5,1021,47,18,294,18,423
evaluation__7726__denoise__boundary_probe__nes__l0.5,1021,47,18,139,18,211
evaluation__7726__denoise__counterfactual__nes__l0.5,1021,49,13,191,2,280
evaluation__7726__deblur__attack__nes__l1,1021,48,6,384,6,527
evaluation__7726__deblur__restore__nes__l1,1021,48,9,405,9,560
evaluation__7726__deblur__random_walk__random_walk__l1,1024,49,2,1023,2,1023
evaluation__7726__deblur__confidence_boost__nes__l1,1021,47,8,432,8,575
evaluation__7726__deblur__boundary_probe__nes__l1,1021,48,11,442,2,570
evaluation__7726__deblur__counterfactual__nes__l1,1021,49,3,396,3,554
evaluation__1290__denoise__attack__nes__l0.5,1021,47,5,490,5,632
evaluation__1290__denoise__restore__nes__l0.5,1021,49,11,384,7,508
evaluation__1290__denoise__random_walk__random_walk__l0.5,1024,49,2,1023,2,1023
evaluation__1290__denoise__confidence_boost__nes__l0.5,1021,47,2,312,2,478
evaluation__1290__denoise__boundary_probe__nes__l0.5,1021,49,6,435,3,575
evaluation__1290__denoise__counterfactual__nes__l0.5,1021,49,2,416,2,549
evaluation__1290__deblur__attack__nes__l1,1021,49,3,488,3,614
evaluation__1290__deblur__restore__nes__l1,1021,47,4,282,2,423
evaluation__1290__deblur__random_walk__random_walk__l1,1024,49,2,1023,2,1023
evaluation__1290__deblur__confidence_boost__nes__l1,1021,47,5,278,5,382
evaluation__1290__deblur__boundary_probe__nes__l1,1021,47,2,193,2,275
evaluation__1290__deblur__counterfactual__nes__l1,1021,48,2,232,2,338
evaluation__5076__denoise__attack__nes__l0.5,1021,48,3,391,2,519
evaluation__5076__denoise__restore__nes__l0.5,1021,48,4,415,2,569
evaluation__5076__denoise__random_walk__random_walk__l0.5,1024,50,2,1023,2,1023
evaluation__5076__denoise__confidence_boost__nes__l0.5,1021,48,2,390,2,539
evaluation__5076__denoise__boundary_probe__nes__l0.5,1021,48,14,533,3,649
evaluation__5076__denoise__counterfactual__nes__l0.5,1021,48,2,441,2,595
evaluation__5076__deblur__attack__nes__l1,1021,49,6,358,5,504
evaluation__5076__deblur__restore__nes__l1,1021,48,17,412,4,548
evaluation__5076__deblur__random_walk__random_walk__l1,1024,50,2,1023,2,1023
evaluation__5076__deblur__confidence_boost__nes__l1,1021,47,5,438,5,576
evaluation__5076__deblur__boundary_probe__nes__l1,1021,48,2,431,2,586
evaluation__5076__deblur__counterfactual__nes__l1,1021,48,2,399,2,534
evaluation__7438__denoise__attack__nes__l0.5,1021,49,2,741,2,854
evaluation__7438__denoise__restore__nes__l0.5,1021,48,2,733,2,836
evaluation__7438__denoise__random_walk__random_walk__l0.5,1024,49,2,1023,2,1023
evaluation__7438__denoise__confidence_boost__nes__l0.5,1021,49,2,613,2,772
evaluation__7438__denoise__boundary_probe__nes__l0.5,1021,49,7,730,2,845
evaluation__7438__denoise__counterfactual__nes__l0.5,1021,48,2,817,2,914
evaluation__7438__deblur__attack__nes__l1,1021,48,2,519,2,677
evaluation__7438__deblur__restore__nes__l1,1021,48,3,541,3,678
evaluation__7438__deblur__random_walk__random_walk__l1,1024,50,2,1023,2,1023
evaluation__7438__deblur__confidence_boost__nes__l1,1021,48,5,780,3,885
evaluation__7438__deblur__boundary_probe__nes__l1,1021,48,4,591,4,730
evaluation__7438__deblur__counterfactual__nes__l1,1021,48,2,499,2,629
evaluation__41__denoise__attack__nes__l0.5,1021,47,11,259,11,376
evaluation__41__denoise__restore__nes__l0.5,1021,48,9,416,9,561
evaluation__41__denoise__random_walk__random_walk__l0.5,1024,50,2,1023,2,1023
evaluation__41__denoise__confidence_boost__nes__l0.5,1021,47,10,372,5,516
evaluation__41__denoise__boundary_probe__nes__l0.5,1021,48,13,332,5,457
evaluation__41__denoise__counterfactual__nes__l0.5,1021,48,14,365,8,489
evaluation__41__deblur__attack__nes__l1,1021,48,12,244,11,359
evaluation__41__deblur__restore__nes__l1,1021,48,14,466,5,568
evaluation__41__deblur__random_walk__random_walk__l1,1024,50,2,1023,2,1023
evaluation__41__deblur__confidence_boost__nes__l1,1021,48,18,235,18,344
evaluation__41__deblur__boundary_probe__nes__l1,1021,47,11,240,11,379
evaluation__41__deblur__counterfactual__nes__l1,1021,50,3,267,3,389
evaluation__2093__denoise__attack__nes__l0.5,1021,48,8,430,4,570
evaluation__2093__denoise__restore__nes__l0.5,1021,48,7,603,2,740
evaluation__2093__denoise__random_walk__random_walk__l0.5,1024,49,2,1023,2,1023
evaluation__2093__denoise__confidence_boost__nes__l0.5,1021,48,15,463,2,613
evaluation__2093__denoise__boundary_probe__nes__l0.5,1021,48,3,343,3,460
evaluation__2093__denoise__counterfactual__nes__l0.5,1021,48,11,226,2,323
evaluation__2093__deblur__attack__nes__l1,1021,48,3,447,3,590
evaluation__2093__deblur__restore__nes__l1,1021,48,7,512,5,669
evaluation__2093__deblur__random_walk__random_walk__l1,1024,49,2,1023,2,1023
evaluation__2093__deblur__confidence_boost__nes__l1,1021,49,9,454,8,587
evaluation__2093__deblur__boundary_probe__nes__l1,1021,48,6,306,6,439
evaluation__2093__deblur__counterfactual__nes__l1,1021,48,6,520,5,653
evaluation__6192__denoise__attack__nes__l0.5,1021,48,2,603,2,746
evaluation__6192__denoise__restore__nes__l0.5,1021,49,2,469,2,594
evaluation__6192__denoise__random_walk__random_walk__l0.5,1024,49,2,1023,2,1023
evaluation__6192__denoise__confidence_boost__nes__l0.5,1021,49,3,467,3,634
evaluation__6192__denoise__boundary_probe__nes__l0.5,1021,49,4,487,4,607
evaluation__6192__denoise__counterfactual__nes__l0.5,1021,47,2,377,2,537
evaluation__6192__deblur__attack__nes__l1,1021,48,2,822,2,918
evaluation__6192__deblur__restore__nes__l1,1021,49,4,723,4,850
evaluation__6192__deblur__random_walk__random_walk__l1,1024,49,2,1023,2,1023
evaluation__6192__deblur__confidence_boost__nes__l1,1021,48,3,740,3,856
evaluation__6192__deblur__boundary_probe__nes__l1,1021,49,2,844,2,927
evaluation__6192__deblur__counterfactual__nes__l1,1021,49,2,872,2,955
evaluation__8315__denoise__attack__nes__l0.5,1021,48,3,499,3,636
evaluation__8315__denoise__restore__nes__l0.5,1021,48,4,243,3,359
evaluation__8315__denoise__random_walk__random_walk__l0.5,1024,49,2,1023,2,1023
evaluation__8315__denoise__confidence_boost__nes__l0.5,1021,49,10,267,10,365
evaluation__8315__denoise__boundary_probe__nes__l0.5,1021,47,6,337,6,465
evaluation__8315__denoise__counterfactual__nes__l0.5,1021,49,8,389,8,534
evaluation__8315__deblur__attack__nes__l1,1021,48,8,239,2,341
evaluation__8315__deblur__restore__nes__l1,1021,48,5,393,3,539
evaluation__8315__deblur__random_walk__random_walk__l1,1024,49,2,1023,2,1023
evaluation__8315__deblur__confidence_boost__nes__l1,1021,46,3,320,3,440
evaluation__8315__deblur__boundary_probe__nes__l1,1021,48,2,337,2,490
evaluation__8315__deblur__counterfactual__nes__l1,1021,48,18,295,14,407
evaluation__2626__denoise__attack__nes__l0.5,1021,49,7,580,5,716
evaluation__2626__denoise__restore__nes__l0.5,1021,49,18,607,13,725
evaluation__2626__denoise__random_walk__random_walk__l0.5,1024,49,2,1023,2,1023
evaluation__2626__denoise__confidence_boost__nes__l0.5,1021,47,6,436,6,568
evaluation__2626__denoise__boundary_probe__nes__l0.5,1021,49,2,494,2,661
evaluation__2626__denoise__counterfactual__nes__l0.5,1021,48,9,340,4,494
evaluation__2626__deblur__attack__nes__l1,1021,50,4,342,4,461
evaluation__2626__deblur__restore__nes__l1,1021,48,16,249,13,368
evaluation__2626__deblur__random_walk__random_walk__l1,1024,49,2,1023,2,1023
evaluation__2626__deblur__confidence_boost__nes__l1,1021,47,2,478,2,653
evaluation__2626__deblur__boundary_probe__nes__l1,1021,48,4,433,4,579
evaluation__2626__deblur__counterfactual__nes__l1,1021,48,4,350,4,482
evaluation__5842__denoise__attack__nes__l0.5,1021,48,7,643,2,802
evaluation__5842__denoise__restore__nes__l0.5,1021,49,4,573,4,710
evaluation__5842__denoise__random_walk__random_walk__l0.5,1024,49,2,1023,2,1023
evaluation__5842__denoise__confidence_boost__nes__l0.5,1021,47,7,662,4,797
evaluation__5842__denoise__boundary_probe__nes__l0.5,1021,48,8,732,3,850
evaluation__5842__denoise__counterfactual__nes__l0.5,1021,50,3,774,3,866
evaluation__5842__deblur__attack__nes__l1,1021,49,3,925,3,990
evaluation__5842__deblur__restore__nes__l1,1021,48,3,849,3,956
evaluation__5842__deblur__random_walk__random_walk__l1,1024,50,2,1023,2,1023
evaluation__5842__deblur__confidence_boost__nes__l1,1021,48,2,985,2,1003
evaluation__5842__deblur__boundary_probe__nes__l1,1021,50,2,968,2,1006
evaluation__5842__deblur__counterfactual__nes__l1,1021,48,2,971,2,1002
evaluation__8235__denoise__attack__nes__l0.5,1021,48,5,230,5,350
evaluation__8235__denoise__restore__nes__l0.5,1021,48,18,108,4,163
evaluation__8235__denoise__random_walk__random_walk__l0.5,1024,49,2,1023,2,1023
evaluation__8235__denoise__confidence_boost__nes__l0.5,1021,48,18,264,18,369
evaluation__8235__denoise__boundary_probe__nes__l0.5,1021,48,18,231,9,326
evaluation__8235__denoise__counterfactual__nes__l0.5,1021,47,9,229,9,337
evaluation__8235__deblur__attack__nes__l1,1021,48,2,369,2,513
evaluation__8235__deblur__restore__nes__l1,1021,49,11,485,7,616
evaluation__8235__deblur__random_walk__random_walk__l1,1024,50,2,1023,2,1023
evaluation__8235__deblur__confidence_boost__nes__l1,1021,47,4,407,4,552
evaluation__8235__deblur__boundary_probe__nes__l1,1021,47,3,391,2,538
evaluation__8235__deblur__counterfactual__nes__l1,1021,48,10,351,10,480
evaluation__722__denoise__attack__nes__l0.5,1021,48,3,755,3,876
evaluation__722__denoise__restore__nes__l0.5,1021,48,2,764,2,886
evaluation__722__denoise__random_walk__random_walk__l0.5,1024,50,2,1023,2,1023
evaluation__722__denoise__confidence_boost__nes__l0.5,1021,49,2,845,2,931
evaluation__722__denoise__boundary_probe__nes__l0.5,1021,49,4,810,3,902
evaluation__722__denoise__counterfactual__nes__l0.5,1021,49,2,741,2,861
evaluation__722__deblur__attack__nes__l1,1021,49,18,324,18,469
evaluation__722__deblur__restore__nes__l1,1021,47,3,358,3,489
evaluation__722__deblur__random_walk__random_walk__l1,1024,49,2,1023,2,1023
evaluation__722__deblur__confidence_boost__nes__l1,1021,48,18,189,18,291
evaluation__722__deblur__boundary_probe__nes__l1,1021,48,18,253,18,368
evaluation__722__deblur__counterfactual__nes__l1,1021,49,18,429,18,558
evaluation__4709__denoise__attack__nes__l0.5,1021,49,4,344,4,483
evaluation__4709__denoise__restore__nes__l0.5,1021,49,5,445,5,581
evaluation__4709__denoise__random_walk__random_walk__l0.5,1024,49,2,1023,2,1023
evaluation__4709__denoise__confidence_boost__nes__l0.5,1021,49,2,425,2,562
evaluation__4709__denoise__boundary_probe__nes__l0.5,1021,49,9,637,7,764
evaluation__4709__denoise__counterfactual__nes__l0.5,1021,47,3,433,3,586
evaluation__4709__deblur__attack__nes__l1,1021,49,3,373,3,523
evaluation__4709__deblur__restore__nes__l1,1021,48,7,394,7,542
evaluation__4709__deblur__random_walk__random_walk__l1,1024,49,2,1023,2,1023
evaluation__4709__deblur__confidence_boost__nes__l1,1021,48,13,509,2,662
evaluation__4709__deblur__boundary_probe__nes__l1,1021,48,7,446,7,592
evaluation__4709__deblur__counterfactual__nes__l1,1021,49,12,274,12,377
evaluation__8608__denoise__attack__nes__l0.5,1021,49,4,500,3,671
evaluation__8608__denoise__restore__nes__l0.5,1021,48,6,558,2,706
evaluation__8608__denoise__random_walk__random_walk__l0.5,1024,50,2,1023,2,1023
evaluation__8608__denoise__confidence_boost__nes__l0.5,1021,49,2,670,2,813
evaluation__8608__denoise__boundary_probe__nes__l0.5,1021,49,3,533,3,686
evaluation__8608__denoise__counterfactual__nes__l0.5,1021,48,3,512,3,659
evaluation__8608__deblur__attack__nes__l1,1021,49,8,574,8,711
evaluation__8608__deblur__restore__nes__l1,1021,48,10,602,10,742
evaluation__8608__deblur__random_walk__random_walk__l1,1024,50,2,1023,2,1023
evaluation__8608__deblur__confidence_boost__nes__l1,1021,47,11,335,3,463
evaluation__8608__deblur__boundary_probe__nes__l1,1021,49,3,432,3,575
evaluation__8608__deblur__counterfactual__nes__l1,1021,48,2,553,2,680
evaluation__335__denoise__attack__nes__l0.5,1021,48,9,478,3,621
evaluation__335__denoise__restore__nes__l0.5,1021,49,3,413,3,579
evaluation__335__denoise__random_walk__random_walk__l0.5,1024,49,2,1023,2,1023
evaluation__335__denoise__confidence_boost__nes__l0.5,1021,49,2,407,2,551
evaluation__335__denoise__boundary_probe__nes__l0.5,1021,50,2,640,2,746
evaluation__335__denoise__counterfactual__nes__l0.5,1021,49,4,696,4,816
evaluation__335__deblur__attack__nes__l1,1021,48,2,479,2,641
evaluation__335__deblur__restore__nes__l1,1021,49,2,499,2,669
evaluation__335__deblur__random_walk__random_walk__l1,1024,49,2,1023,2,1023
evaluation__335__deblur__confidence_boost__nes__l1,1021,48,9,544,2,687
evaluation__335__deblur__boundary_probe__nes__l1,1021,49,5,517,2,678
evaluation__335__deblur__counterfactual__nes__l1,1021,48,2,609,2,751
evaluation__2571__denoise__attack__nes__l0.5,1021,47,18,182,18,273
evaluation__2571__denoise__restore__nes__l0.5,1021,48,18,176,18,274
evaluation__2571__denoise__random_walk__random_walk__l0.5,1024,50,2,1023,2,1023
evaluation__2571__denoise__confidence_boost__nes__l0.5,1021,48,14,139,14,212
evaluation__2571__denoise__boundary_probe__nes__l0.5,1021,47,18,100,14,143
evaluation__2571__denoise__counterfactual__nes__l0.5,1021,48,18,106,3,161
evaluation__2571__deblur__attack__nes__l1,1021,47,18,287,16,401
evaluation__2571__deblur__restore__nes__l1,1021,47,18,193,10,288
evaluation__2571__deblur__random_walk__random_walk__l1,1024,49,2,1023,2,1023
evaluation__2571__deblur__confidence_boost__nes__l1,1021,47,18,359,4,469
evaluation__2571__deblur__boundary_probe__nes__l1,1021,48,18,409,11,547
evaluation__2571__deblur__counterfactual__nes__l1,1021,48,15,280,15,409
evaluation__5300__denoise__attack__nes__l0.5,1021,47,18,144,2,198
evaluation__5300__denoise__restore__nes__l0.5,1021,49,18,292,11,403
evaluation__5300__denoise__random_walk__random_walk__l0.5,1024,49,2,1023,2,1023
evaluation__5300__denoise__confidence_boost__nes__l0.5,1021,48,16,140,14,210
evaluation__5300__denoise__boundary_probe__nes__l0.5,1021,47,18,118,18,183
evaluation__5300__denoise__counterfactual__nes__l0.5,1021,48,11,293,11,399
evaluation__5300__deblur__attack__nes__l1,1021,48,18,306,15,424
evaluation__5300__deblur__restore__nes__l1,1021,48,5,373,5,508
evaluation__5300__deblur__random_walk__random_walk__l1,1024,50,2,1023,2,1023
evaluation__5300__deblur__confidence_boost__nes__l1,1021,49,18,258,17,380
evaluation__5300__deblur__boundary_probe__nes__l1,1021,48,18,242,18,357
evaluation__5300__deblur__counterfactual__nes__l1,1021,49,18,214,18,326
evaluation__9159__denoise__attack__nes__l0.5,1021,48,5,662,4,800
evaluation__9159__denoise__restore__nes__l0.5,1021,48,3,520,3,689
evaluation__9159__denoise__random_walk__random_walk__l0.5,1024,50,2,1023,2,1023
evaluation__9159__denoise__confidence_boost__nes__l0.5,1021,48,5,354,5,482
evaluation__9159__denoise__boundary_probe__nes__l0.5,1021,49,18,517,9,686
evaluation__9159__denoise__counterfactual__nes__l0.5,1021,49,3,446,3,605
evaluation__9159__deblur__attack__nes__l1,1021,49,4,187,4,288
evaluation__9159__deblur__restore__nes__l1,1021,49,8,355,8,479
evaluation__9159__deblur__random_walk__random_walk__l1,1024,49,2,1023,2,1023
evaluation__9159__deblur__confidence_boost__nes__l1,1021,49,5,279,3,397
evaluation__9159__deblur__boundary_probe__nes__l1,1021,48,13,317,8,482
evaluation__9159__deblur__counterfactual__nes__l1,1021,47,18,163,6,239
fit__4373__denoise__attack__nes__l0.5,1021,49,2,480,2,619
fit__4373__denoise__restore__nes__l0.5,1021,48,5,305,5,426
fit__4373__denoise__random_walk__random_walk__l0.5,1024,50,2,1023,2,1023
fit__4373__denoise__confidence_boost__nes__l0.5,1021,48,6,281,6,398
fit__4373__denoise__boundary_probe__nes__l0.5,1021,48,2,300,2,430
fit__4373__denoise__counterfactual__nes__l0.5,1021,48,4,296,4,410
fit__4373__deblur__attack__nes__l1,1021,47,16,122,16,190
fit__4373__deblur__restore__nes__l1,1021,47,18,102,18,153
fit__4373__deblur__random_walk__random_walk__l1,1024,49,2,1023,2,1023
fit__4373__deblur__confidence_boost__nes__l1,1021,47,18,146,18,199
fit__4373__deblur__boundary_probe__nes__l1,1021,47,18,149,18,206
fit__4373__deblur__counterfactual__nes__l1,1021,47,15,196,15,291
fit__204__denoise__attack__nes__l0.5,1021,47,3,140,3,213
fit__204__denoise__restore__nes__l0.5,1021,48,18,556,18,680
fit__204__denoise__random_walk__random_walk__l0.5,1024,49,2,1023,2,1023
fit__204__denoise__confidence_boost__nes__l0.5,1021,49,18,459,18,593
fit__204__denoise__boundary_probe__nes__l0.5,1021,49,18,341,11,486
fit__204__denoise__counterfactual__nes__l0.5,1021,49,2,302,2,447
fit__204__deblur__attack__nes__l1,1021,48,2,542,2,698
fit__204__deblur__restore__nes__l1,1021,48,12,534,3,668
fit__204__deblur__random_walk__random_walk__l1,1024,49,2,1023,2,1023
fit__204__deblur__confidence_boost__nes__l1,1021,49,4,451,4,580
fit__204__deblur__boundary_probe__nes__l1,1021,48,10,355,10,497
fit__204__deblur__counterfactual__nes__l1,1021,49,4,643,4,767
fit__7535__denoise__attack__nes__l0.5,1021,48,7,389,7,529
fit__7535__denoise__restore__nes__l0.5,1021,46,3,258,3,366
fit__7535__denoise__random_walk__random_walk__l0.5,1024,49,2,1023,2,1023
fit__7535__denoise__confidence_boost__nes__l0.5,1021,47,18,198,2,295
fit__7535__denoise__boundary_probe__nes__l0.5,1021,50,18,415,8,555
fit__7535__denoise__counterfactual__nes__l0.5,1021,47,12,221,5,315
fit__7535__deblur__attack__nes__l1,1021,48,18,233,10,317
fit__7535__deblur__restore__nes__l1,1021,49,4,263,4,370
fit__7535__deblur__random_walk__random_walk__l1,1024,50,2,1023,2,1023
fit__7535__deblur__confidence_boost__nes__l1,1021,47,7,187,3,255
fit__7535__deblur__boundary_probe__nes__l1,1021,48,2,353,2,475
fit__7535__deblur__counterfactual__nes__l1,1021,47,9,203,5,300
fit__2997__denoise__attack__nes__l0.5,1021,47,8,485,8,671
fit__2997__denoise__restore__nes__l0.5,1021,48,10,552,4,701
fit__2997__denoise__random_walk__random_walk__l0.5,1024,50,2,1023,2,1023
fit__2997__denoise__confidence_boost__nes__l0.5,1021,47,8,410,8,547
fit__2997__denoise__boundary_probe__nes__l0.5,1021,48,6,555,3,710
fit__2997__denoise__counterfactual__nes__l0.5,1021,49,18,495,9,634
fit__2997__deblur__attack__nes__l1,1021,48,8,134,8,190
fit__2997__deblur__restore__nes__l1,1021,47,18,127,7,187
fit__2997__deblur__random_walk__random_walk__l1,1024,50,2,1023,2,1023
fit__2997__deblur__confidence_boost__nes__l1,1021,47,18,124,3,163
fit__2997__deblur__boundary_probe__nes__l1,1021,47,18,207,5,304
fit__2997__deblur__counterfactual__nes__l1,1021,48,18,287,18,386
fit__8252__denoise__attack__nes__l0.5,1021,49,4,402,4,524
fit__8252__denoise__restore__nes__l0.5,1021,48,10,424,10,589
fit__8252__denoise__random_walk__random_walk__l0.5,1024,49,2,1023,2,1023
fit__8252__denoise__confidence_boost__nes__l0.5,1021,48,7,434,7,583
fit__8252__denoise__boundary_probe__nes__l0.5,1021,49,10,504,4,655
fit__8252__denoise__counterfactual__nes__l0.5,1021,49,8,450,6,590
fit__8252__deblur__attack__nes__l1,1021,49,2,456,2,586
fit__8252__deblur__restore__nes__l1,1021,48,5,309,5,449
fit__8252__deblur__random_walk__random_walk__l1,1024,50,2,1023,2,1023
fit__8252__deblur__confidence_boost__nes__l1,1021,48,2,640,2,783
fit__8252__deblur__boundary_probe__nes__l1,1021,49,10,546,4,702
fit__8252__deblur__counterfactual__nes__l1,1021,49,7,476,4,620
fit__2991__denoise__attack__nes__l0.5,1021,49,6,399,2,567
fit__2991__denoise__restore__nes__l0.5,1021,49,18,360,4,522
fit__2991__denoise__random_walk__random_walk__l0.5,1024,49,2,1023,2,1023
fit__2991__denoise__confidence_boost__nes__l0.5,1021,49,6,438,6,565
fit__2991__denoise__boundary_probe__nes__l0.5,1021,47,8,346,8,486
fit__2991__denoise__counterfactual__nes__l0.5,1021,48,8,442,8,578
fit__2991__deblur__attack__nes__l1,1021,49,18,161,18,242
fit__2991__deblur__restore__nes__l1,1021,49,18,154,18,250
fit__2991__deblur__random_walk__random_walk__l1,1024,49,2,1023,2,1023
fit__2991__deblur__confidence_boost__nes__l1,1021,47,9,159,9,249
fit__2991__deblur__boundary_probe__nes__l1,1021,48,18,154,8,226
fit__2991__deblur__counterfactual__nes__l1,1021,48,18,184,18,250
fit__458__denoise__attack__nes__l0.5,1021,49,4,309,2,450
fit__458__denoise__restore__nes__l0.5,1021,49,11,222,5,332
fit__458__denoise__random_walk__random_walk__l0.5,1024,49,2,1023,2,1023
fit__458__denoise__confidence_boost__nes__l0.5,1021,50,18,246,5,359
fit__458__denoise__boundary_probe__nes__l0.5,1021,49,2,413,2,572
fit__458__denoise__counterfactual__nes__l0.5,1021,48,9,197,7,319
fit__458__deblur__attack__nes__l1,1021,48,18,243,18,351
fit__458__deblur__restore__nes__l1,1021,47,18,143,18,211
fit__458__deblur__random_walk__random_walk__l1,1024,49,2,1023,2,1023
fit__458__deblur__confidence_boost__nes__l1,1021,49,13,219,13,316
fit__458__deblur__boundary_probe__nes__l1,1021,48,18,169,18,250
fit__458__deblur__counterfactual__nes__l1,1021,47,10,137,10,200
fit__5329__denoise__attack__nes__l0.5,1021,48,7,416,3,559
fit__5329__denoise__restore__nes__l0.5,1021,49,3,276,3,382
fit__5329__denoise__random_walk__random_walk__l0.5,1024,49,2,1023,2,1023
fit__5329__denoise__confidence_boost__nes__l0.5,1021,49,16,525,10,669
fit__5329__denoise__boundary_probe__nes__l0.5,1021,49,9,477,2,601
fit__5329__denoise__counterfactual__nes__l0.5,1021,48,4,418,4,571
fit__5329__deblur__attack__nes__l1,1021,49,2,228,2,351
fit__5329__deblur__restore__nes__l1,1021,48,3,267,3,370
fit__5329__deblur__random_walk__random_walk__l1,1024,50,2,1023,2,1023
fit__5329__deblur__confidence_boost__nes__l1,1021,48,9,518,3,659
fit__5329__deblur__boundary_probe__nes__l1,1021,48,7,356,4,486
fit__5329__deblur__counterfactual__nes__l1,1021,48,3,403,3,548
fit__3798__denoise__attack__nes__l0.5,1021,49,5,373,5,523
fit__3798__denoise__restore__nes__l0.5,1021,48,11,492,3,614
fit__3798__denoise__random_walk__random_walk__l0.5,1024,50,2,1023,2,1023
fit__3798__denoise__confidence_boost__nes__l0.5,1021,48,2,293,2,429
fit__3798__denoise__boundary_probe__nes__l0.5,1021,48,9,253,2,388
fit__3798__denoise__counterfactual__nes__l0.5,1021,49,10,519,10,638
fit__3798__deblur__attack__nes__l1,1021,47,17,328,15,454
fit__3798__deblur__restore__nes__l1,1021,49,18,484,9,632
fit__3798__deblur__random_walk__random_walk__l1,1024,50,2,1023,2,1023
fit__3798__deblur__confidence_boost__nes__l1,1021,48,11,383,7,516
fit__3798__deblur__boundary_probe__nes__l1,1021,46,15,283,15,423
fit__3798__deblur__counterfactual__nes__l1,1021,49,12,321,4,463
fit__9025__denoise__attack__nes__l0.5,1021,48,5,481,5,613
fit__9025__denoise__restore__nes__l0.5,1021,48,2,416,2,557
fit__9025__denoise__random_walk__random_walk__l0.5,1024,50,2,1023,2,1023
fit__9025__denoise__confidence_boost__nes__l0.5,1021,49,3,610,3,756
fit__9025__denoise__boundary_probe__nes__l0.5,1021,49,2,632,2,754
fit__9025__denoise__counterfactual__nes__l0.5,1021,49,2,490,2,634
fit__9025__deblur__attack__nes__l1,1021,49,18,459,18,604
fit__9025__deblur__restore__nes__l1,1021,49,9,342,5,469
fit__9025__deblur__random_walk__random_walk__l1,1024,49,2,1023,2,1023
fit__9025__deblur__confidence_boost__nes__l1,1021,48,12,252,9,374
fit__9025__deblur__boundary_probe__nes__l1,1021,48,2,349,2,516
fit__9025__deblur__counterfactual__nes__l1,1021,47,3,354,3,473
fit__3597__denoise__attack__nes__l0.5,1021,49,16,467,3,616
fit__3597__denoise__restore__nes__l0.5,1021,48,11,327,6,463
fit__3597__denoise__random_walk__random_walk__l0.5,1024,49,2,1023,2,1023
fit__3597__denoise__confidence_boost__nes__l0.5,1021,48,6,491,5,643
fit__3597__denoise__boundary_probe__nes__l0.5,1021,47,5,315,5,428
fit__3597__denoise__counterfactual__nes__l0.5,1021,48,3,511,3,635
fit__3597__deblur__attack__nes__l1,1021,49,18,241,2,336
fit__3597__deblur__restore__nes__l1,1021,48,14,323,5,451
fit__3597__deblur__random_walk__random_walk__l1,1024,49,2,1023,2,1023
fit__3597__deblur__confidence_boost__nes__l1,1021,48,5,376,5,528
fit__3597__deblur__boundary_probe__nes__l1,1021,48,9,385,9,509
fit__3597__deblur__counterfactual__nes__l1,1021,48,6,329,4,469
fit__109__denoise__attack__nes__l0.5,1021,48,3,190,3,284
fit__109__denoise__restore__nes__l0.5,1021,48,7,166,5,250
fit__109__denoise__random_walk__random_walk__l0.5,1024,49,2,1023,2,1023
fit__109__denoise__confidence_boost__nes__l0.5,1021,48,5,169,5,266
fit__109__denoise__boundary_probe__nes__l0.5,1021,47,3,296,3,404
fit__109__denoise__counterfactual__nes__l0.5,1021,48,5,266,3,386
fit__109__deblur__attack__nes__l1,1021,49,7,420,5,560
fit__109__deblur__restore__nes__l1,1021,49,2,457,2,598
fit__109__deblur__random_walk__random_walk__l1,1024,49,2,1023,2,1023
fit__109__deblur__confidence_boost__nes__l1,1021,49,3,553,3,692
fit__109__deblur__boundary_probe__nes__l1,1021,48,8,395,8,533
fit__109__deblur__counterfactual__nes__l1,1021,47,2,456,2,620
fit__2771__denoise__attack__nes__l0.5,1021,49,4,417,4,561
fit__2771__denoise__restore__nes__l0.5,1021,47,11,361,6,486
fit__2771__denoise__random_walk__random_walk__l0.5,1024,49,2,1023,2,1023
fit__2771__denoise__confidence_boost__nes__l0.5,1021,50,3,471,3,600
fit__2771__denoise__boundary_probe__nes__l0.5,1021,48,4,385,4,518
fit__2771__denoise__counterfactual__nes__l0.5,1021,48,5,415,2,534
fit__2771__deblur__attack__nes__l1,1021,48,14,609,13,733
fit__2771__deblur__restore__nes__l1,1021,48,18,402,18,541
fit__2771__deblur__random_walk__random_walk__l1,1024,49,2,1023,2,1023
fit__2771__deblur__confidence_boost__nes__l1,1021,47,5,386,5,516
fit__2771__deblur__boundary_probe__nes__l1,1021,48,2,517,2,646
fit__2771__deblur__counterfactual__nes__l1,1021,48,18,559,18,688
fit__2429__denoise__attack__nes__l0.5,1021,49,9,226,6,327
fit__2429__denoise__restore__nes__l0.5,1021,47,5,203,5,301
fit__2429__denoise__random_walk__random_walk__l0.5,1024,49,2,1023,2,1023
fit__2429__denoise__confidence_boost__nes__l0.5,1021,48,18,290,11,428
fit__2429__denoise__boundary_probe__nes__l0.5,1021,49,3,198,3,307
fit__2429__denoise__counterfactual__nes__l0.5,1021,49,6,271,6,404
fit__2429__deblur__attack__nes__l1,1021,48,3,736,2,853
fit__2429__deblur__restore__nes__l1,1021,49,3,594,3,735
fit__2429__deblur__random_walk__random_walk__l1,1024,49,2,1023,2,1023
fit__2429__deblur__confidence_boost__nes__l1,1021,48,4,453,4,611
fit__2429__deblur__boundary_probe__nes__l1,1021,49,2,593,2,757
fit__2429__deblur__counterfactual__nes__l1,1021,49,7,500,3,670
fit__6179__denoise__attack__nes__l0.5,1021,48,10,400,3,563
fit__6179__denoise__restore__nes__l0.5,1021,49,5,456,5,597
fit__6179__denoise__random_walk__random_walk__l0.5,1024,49,2,1023,2,1023
fit__6179__denoise__confidence_boost__nes__l0.5,1021,48,4,345,3,487
fit__6179__denoise__boundary_probe__nes__l0.5,1021,48,7,440,7,605
fit__6179__denoise__counterfactual__nes__l0.5,1021,49,5,309,5,477
fit__6179__deblur__attack__nes__l1,1021,49,4,562,4,686
fit__6179__deblur__restore__nes__l1,1021,49,3,538,3,655
fit__6179__deblur__random_walk__random_walk__l1,1024,50,2,1023,2,1023
fit__6179__deblur__confidence_boost__nes__l1,1021,46,14,322,2,446
fit__6179__deblur__boundary_probe__nes__l1,1021,49,18,548,11,672
fit__6179__deblur__counterfactual__nes__l1,1021,48,4,334,4,472
fit__3770__denoise__attack__nes__l0.5,1021,47,16,301,2,453
fit__3770__denoise__restore__nes__l0.5,1021,48,17,299,2,406
fit__3770__denoise__random_walk__random_walk__l0.5,1024,49,2,1023,2,1023
fit__3770__denoise__confidence_boost__nes__l0.5,1021,50,2,332,2,462
fit__3770__denoise__boundary_probe__nes__l0.5,1021,50,2,439,2,578
fit__3770__denoise__counterfactual__nes__l0.5,1021,48,4,305,3,433
fit__3770__deblur__attack__nes__l1,1021,48,18,246,18,348
fit__3770__deblur__restore__nes__l1,1021,49,13,166,13,268
fit__3770__deblur__random_walk__random_walk__l1,1024,49,2,1023,2,1023
fit__3770__deblur__confidence_boost__nes__l1,1021,47,3,212,3,335
fit__3770__deblur__boundary_probe__nes__l1,1021,46,11,304,11,429
fit__3770__deblur__counterfactual__nes__l1,1021,48,7,283,7,422
calibration__5091__denoise__attack__nes__l0.5,1021,49,2,788,2,908
calibration__5091__denoise__restore__nes__l0.5,1021,49,2,912,2,966
calibration__5091__denoise__random_walk__random_walk__l0.5,1024,50,2,1023,2,1023
calibration__5091__denoise__confidence_boost__nes__l0.5,1021,49,2,894,2,956
calibration__5091__denoise__boundary_probe__nes__l0.5,1021,50,2,891,2,960
calibration__5091__denoise__counterfactual__nes__l0.5,1021,49,2,848,2,927
calibration__5091__deblur__attack__nes__l1,1021,47,2,207,2,315
calibration__5091__deblur__restore__nes__l1,1021,48,18,240,18,332
calibration__5091__deblur__random_walk__random_walk__l1,1024,50,2,1023,2,1023
calibration__5091__deblur__confidence_boost__nes__l1,1021,48,18,142,18,211
calibration__5091__deblur__boundary_probe__nes__l1,1021,48,10,200,10,292
calibration__5091__deblur__counterfactual__nes__l1,1021,50,18,209,7,304
calibration__2522__denoise__attack__nes__l0.5,1021,48,2,351,2,470
calibration__2522__denoise__restore__nes__l0.5,1021,48,4,291,4,415
calibration__2522__denoise__random_walk__random_walk__l0.5,1024,49,2,1023,2,1023
calibration__2522__denoise__confidence_boost__nes__l0.5,1021,48,5,396,3,548
calibration__2522__denoise__boundary_probe__nes__l0.5,1021,49,7,446,3,605
calibration__2522__denoise__counterfactual__nes__l0.5,1021,49,5,321,5,464
calibration__2522__deblur__attack__nes__l1,1021,47,4,262,4,375
calibration__2522__deblur__restore__nes__l1,1021,48,2,600,2,739
calibration__2522__deblur__random_walk__random_walk__l1,1024,49,2,1023,2,1023
calibration__2522__deblur__confidence_boost__nes__l1,1021,48,2,407,2,555
calibration__2522__deblur__boundary_probe__nes__l1,1021,48,6,398,4,548
calibration__2522__deblur__counterfactual__nes__l1,1021,49,9,456,9,610
calibration__8744__denoise__attack__nes__l0.5,1021,48,4,486,2,632
calibration__8744__denoise__restore__nes__l0.5,1021,50,4,454,4,591
calibration__8744__denoise__random_walk__random_walk__l0.5,1024,50,2,1023,2,1023
calibration__8744__denoise__confidence_boost__nes__l0.5,1021,48,4,448,4,595
calibration__8744__denoise__boundary_probe__nes__l0.5,1021,50,4,711,2,842
calibration__8744__denoise__counterfactual__nes__l0.5,1021,48,3,541,3,705
calibration__8744__deblur__attack__nes__l1,1021,48,7,344,3,487
calibration__8744__deblur__restore__nes__l1,1021,47,8,236,4,343
calibration__8744__deblur__random_walk__random_walk__l1,1024,50,2,1023,2,1023
calibration__8744__deblur__confidence_boost__nes__l1,1021,48,3,217,3,307
calibration__8744__deblur__boundary_probe__nes__l1,1021,48,12,313,9,449
calibration__8744__deblur__counterfactual__nes__l1,1021,49,5,317,3,450
calibration__4427__denoise__attack__nes__l0.5,1021,49,7,543,7,690
calibration__4427__denoise__restore__nes__l0.5,1021,47,6,518,2,671
calibration__4427__denoise__random_walk__random_walk__l0.5,1024,49,2,1023,2,1023
calibration__4427__denoise__confidence_boost__nes__l0.5,1021,49,7,676,5,793
calibration__4427__denoise__boundary_probe__nes__l0.5,1021,48,3,718,3,837
calibration__4427__denoise__counterfactual__nes__l0.5,1021,48,2,818,2,919
calibration__4427__deblur__attack__nes__l1,1021,48,18,203,18,280
calibration__4427__deblur__restore__nes__l1,1021,49,11,125,5,181
calibration__4427__deblur__random_walk__random_walk__l1,1024,49,2,1023,2,1023
calibration__4427__deblur__confidence_boost__nes__l1,1021,48,18,102,18,147
calibration__4427__deblur__boundary_probe__nes__l1,1021,48,18,107,18,146
calibration__4427__deblur__counterfactual__nes__l1,1021,48,18,161,18,223
calibration__9681__denoise__attack__nes__l0.5,1021,48,7,300,4,468
calibration__9681__denoise__restore__nes__l0.5,1021,48,13,576,5,715
calibration__9681__denoise__random_walk__random_walk__l0.5,1024,49,2,1023,2,1023
calibration__9681__denoise__confidence_boost__nes__l0.5,1021,49,13,336,7,486
calibration__9681__denoise__boundary_probe__nes__l0.5,1021,48,13,322,13,463
calibration__9681__denoise__counterfactual__nes__l0.5,1021,48,4,408,4,556
calibration__9681__deblur__attack__nes__l1,1021,48,9,270,9,417
calibration__9681__deblur__restore__nes__l1,1021,48,17,310,17,435
calibration__9681__deblur__random_walk__random_walk__l1,1024,49,2,1023,2,1023
calibration__9681__deblur__confidence_boost__nes__l1,1021,48,3,292,3,395
calibration__9681__deblur__boundary_probe__nes__l1,1021,48,10,298,3,417
calibration__9681__deblur__counterfactual__nes__l1,1021,48,4,269,4,396
calibration__5822__denoise__attack__nes__l0.5,1021,49,18,231,4,322
calibration__5822__denoise__restore__nes__l0.5,1021,47,18,231,18,325
calibration__5822__denoise__random_walk__random_walk__l0.5,1024,50,2,1023,2,1023
calibration__5822__denoise__confidence_boost__nes__l0.5,1021,49,18,267,14,393
calibration__5822__denoise__boundary_probe__nes__l0.5,1021,49,11,308,9,435
calibration__5822__denoise__counterfactual__nes__l0.5,1021,47,13,247,3,355
calibration__5822__deblur__attack__nes__l1,1021,49,7,347,2,464
calibration__5822__deblur__restore__nes__l1,1021,47,10,269,10,359
calibration__5822__deblur__random_walk__random_walk__l1,1024,50,2,1023,2,1023
calibration__5822__deblur__confidence_boost__nes__l1,1021,48,7,263,2,374
calibration__5822__deblur__boundary_probe__nes__l1,1021,48,14,152,14,223
calibration__5822__deblur__counterfactual__nes__l1,1021,47,17,150,17,229
calibration__1133__denoise__attack__nes__l0.5,1021,48,2,566,2,702
calibration__1133__denoise__restore__nes__l0.5,1021,48,4,599,4,719
calibration__1133__denoise__random_walk__random_walk__l0.5,1024,49,2,1023,2,1023
calibration__1133__denoise__confidence_boost__nes__l0.5,1021,48,2,391,2,525
calibration__1133__denoise__boundary_probe__nes__l0.5,1021,50,3,763,3,863
calibration__1133__denoise__counterfactual__nes__l0.5,1021,48,2,793,2,888
calibration__1133__deblur__attack__nes__l1,1021,48,3,366,2,525
calibration__1133__deblur__restore__nes__l1,1021,49,5,467,5,625
calibration__1133__deblur__random_walk__random_walk__l1,1024,49,2,1023,2,1023
calibration__1133__deblur__confidence_boost__nes__l1,1021,49,15,426,15,598
calibration__1133__deblur__boundary_probe__nes__l1,1021,48,12,625,11,777
calibration__1133__deblur__counterfactual__nes__l1,1021,49,5,271,2,408
calibration__8753__denoise__attack__nes__l0.5,1021,48,4,139,4,195
calibration__8753__denoise__restore__nes__l0.5,1021,47,18,224,18,310
calibration__8753__denoise__random_walk__random_walk__l0.5,1024,49,2,1023,2,1023
calibration__8753__denoise__confidence_boost__nes__l0.5,1021,45,17,118,7,160
calibration__8753__denoise__boundary_probe__nes__l0.5,1021,48,18,133,18,200
calibration__8753__denoise__counterfactual__nes__l0.5,1021,48,4,185,4,278
calibration__8753__deblur__attack__nes__l1,1021,49,8,325,8,433
calibration__8753__deblur__restore__nes__l1,1021,48,3,267,2,382
calibration__8753__deblur__random_walk__random_walk__l1,1024,49,2,1023,2,1023
calibration__8753__deblur__confidence_boost__nes__l1,1021,48,2,333,2,478
calibration__8753__deblur__boundary_probe__nes__l1,1021,49,4,366,3,491
calibration__8753__deblur__counterfactual__nes__l1,1021,48,10,435,5,581
calibration__3404__denoise__attack__nes__l0.5,1021,47,18,195,18,290
calibration__3404__denoise__restore__nes__l0.5,1021,48,9,156,9,226
calibration__3404__denoise__random_walk__random_walk__l0.5,1024,49,2,1023,2,1023
calibration__3404__denoise__confidence_boost__nes__l0.5,1021,48,4,220,4,320
calibration__3404__denoise__boundary_probe__nes__l0.5,1021,48,9,125,9,178
calibration__3404__denoise__counterfactual__nes__l0.5,1021,48,11,192,9,277
calibration__3404__deblur__attack__nes__l1,1021,48,18,193,5,283
calibration__3404__deblur__restore__nes__l1,1021,50,18,273,18,391
calibration__3404__deblur__random_walk__random_walk__l1,1024,49,2,1023,2,1023
calibration__3404__deblur__confidence_boost__nes__l1,1021,48,18,237,18,339
calibration__3404__deblur__boundary_probe__nes__l1,1021,47,18,308,14,409
calibration__3404__deblur__counterfactual__nes__l1,1021,47,16,226,11,320
calibration__9649__denoise__attack__nes__l0.5,1021,48,3,468,3,629
calibration__9649__denoise__restore__nes__l0.5,1021,47,4,473,4,600
calibration__9649__denoise__random_walk__random_walk__l0.5,1024,49,2,1023,2,1023
calibration__9649__denoise__confidence_boost__nes__l0.5,1021,48,5,267,5,390
calibration__9649__denoise__boundary_probe__nes__l0.5,1021,49,2,490,2,632
calibration__9649__denoise__counterfactual__nes__l0.5,1021,48,10,490,3,641
calibration__9649__deblur__attack__nes__l1,1021,47,2,615,2,741
calibration__9649__deblur__restore__nes__l1,1021,49,3,713,3,831
calibration__9649__deblur__random_walk__random_walk__l1,1024,50,2,1023,2,1023
calibration__9649__deblur__confidence_boost__nes__l1,1021,48,6,660,6,809
calibration__9649__deblur__boundary_probe__nes__l1,1021,48,2,642,2,773
calibration__9649__deblur__counterfactual__nes__l1,1021,48,2,622,2,767
calibration__6019__denoise__attack__nes__l0.5,1021,48,3,350,3,489
calibration__6019__denoise__restore__nes__l0.5,1021,48,3,281,3,395
calibration__6019__denoise__random_walk__random_walk__l0.5,1024,49,2,1023,2,1023
calibration__6019__denoise__confidence_boost__nes__l0.5,1021,50,5,546,5,681
calibration__6019__denoise__boundary_probe__nes__l0.5,1021,48,8,425,6,551
calibration__6019__denoise__counterfactual__nes__l0.5,1021,48,2,418,2,553
calibration__6019__deblur__attack__nes__l1,1021,48,3,525,3,670
calibration__6019__deblur__restore__nes__l1,1021,49,9,429,7,565
calibration__6019__deblur__random_walk__random_walk__l1,1024,49,2,1023,2,1023
calibration__6019__deblur__confidence_boost__nes__l1,1021,49,2,640,2,798
calibration__6019__deblur__boundary_probe__nes__l1,1021,47,2,471,2,620
calibration__6019__deblur__counterfactual__nes__l1,1021,47,16,469,3,627
calibration__2788__denoise__attack__nes__l0.5,1021,47,3,261,2,360
calibration__2788__denoise__restore__nes__l0.5,1021,48,2,355,2,494
calibration__2788__denoise__random_walk__random_walk__l0.5,1024,49,2,1023,2,1023
calibration__2788__denoise__confidence_boost__nes__l0.5,1021,49,11,455,3,574
calibration__2788__denoise__boundary_probe__nes__l0.5,1021,49,2,407,2,547
calibration__2788__denoise__counterfactual__nes__l0.5,1021,49,6,328,2,450
calibration__2788__deblur__attack__nes__l1,1021,48,18,320,13,465
calibration__2788__deblur__restore__nes__l1,1021,48,18,200,18,297
calibration__2788__deblur__random_walk__random_walk__l1,1024,49,2,1023,2,1023
calibration__2788__deblur__confidence_boost__nes__l1,1021,48,9,431,9,559
calibration__2788__deblur__boundary_probe__nes__l1,1021,47,14,226,14,335
calibration__2788__deblur__counterfactual__nes__l1,1021,48,18,243,18,356
calibration__8124__denoise__attack__nes__l0.5,1021,49,4,789,3,869
calibration__8124__denoise__restore__nes__l0.5,1021,49,9,519,9,663
calibration__8124__denoise__random_walk__random_walk__l0.5,1024,49,2,1023,2,1023
calibration__8124__denoise__confidence_boost__nes__l0.5,1021,48,14,465,6,646
calibration__8124__denoise__boundary_probe__nes__l0.5,1021,50,2,793,2,890
calibration__8124__denoise__counterfactual__nes__l0.5,1021,48,8,554,2,709
calibration__8124__deblur__attack__nes__l1,1021,48,2,445,2,600
calibration__8124__deblur__restore__nes__l1,1021,48,10,431,4,576
calibration__8124__deblur__random_walk__random_walk__l1,1024,49,2,1023,2,1023
calibration__8124__deblur__confidence_boost__nes__l1,1021,49,6,601,6,723
calibration__8124__deblur__boundary_probe__nes__l1,1021,48,2,313,2,446
calibration__8124__deblur__counterfactual__nes__l1,1021,48,15,450,2,586
calibration__1691__denoise__attack__nes__l0.5,1021,48,18,198,15,275
calibration__1691__denoise__restore__nes__l0.5,1021,48,18,411,11,559
calibration__1691__denoise__random_walk__random_walk__l0.5,1024,49,2,1023,2,1023
calibration__1691__denoise__confidence_boost__nes__l0.5,1021,48,17,386,17,504
calibration__1691__denoise__boundary_probe__nes__l0.5,1021,49,18,284,18,396
calibration__1691__denoise__counterfactual__nes__l0.5,1021,49,2,103,2,135
calibration__1691__deblur__attack__nes__l1,1021,47,3,626,3,780
calibration__1691__deblur__restore__nes__l1,1021,47,5,489,2,679
calibration__1691__deblur__random_walk__random_walk__l1,1024,50,2,1023,2,1023
calibration__1691__deblur__confidence_boost__nes__l1,1021,48,2,671,2,814
calibration__1691__deblur__boundary_probe__nes__l1,1021,50,5,666,5,803
calibration__1691__deblur__counterfactual__nes__l1,1021,48,15,460,7,632
calibration__8329__denoise__attack__nes__l0.5,1021,48,18,297,18,398
calibration__8329__denoise__restore__nes__l0.5,1021,48,2,191,2,258
calibration__8329__denoise__random_walk__random_walk__l0.5,1024,49,2,1023,2,1023
calibration__8329__denoise__confidence_boost__nes__l0.5,1021,48,6,165,6,223
calibration__8329__denoise__boundary_probe__nes__l0.5,1021,49,6,210,6,316
calibration__8329__denoise__counterfactual__nes__l0.5,1021,49,18,375,18,503
calibration__8329__deblur__attack__nes__l1,1021,49,2,479,2,638
calibration__8329__deblur__restore__nes__l1,1021,47,4,472,4,613
calibration__8329__deblur__random_walk__random_walk__l1,1024,49,2,1023,2,1023
calibration__8329__deblur__confidence_boost__nes__l1,1021,48,8,404,8,573
calibration__8329__deblur__boundary_probe__nes__l1,1021,48,4,337,4,485
calibration__8329__deblur__counterfactual__nes__l1,1021,48,4,531,3,685
calibration__4518__denoise__attack__nes__l0.5,1021,48,2,231,2,337
calibration__4518__denoise__restore__nes__l0.5,1021,48,3,438,3,574
calibration__4518__denoise__random_walk__random_walk__l0.5,1024,50,2,1023,2,1023
calibration__4518__denoise__confidence_boost__nes__l0.5,1021,49,14,440,14,583
calibration__4518__denoise__boundary_probe__nes__l0.5,1021,49,5,468,2,593
calibration__4518__denoise__counterfactual__nes__l0.5,1021,49,2,368,2,512
calibration__4518__deblur__attack__nes__l1,1021,49,10,268,10,381
calibration__4518__deblur__restore__nes__l1,1021,49,10,218,3,319
calibration__4518__deblur__random_walk__random_walk__l1,1024,49,2,1023,2,1023
calibration__4518__deblur__confidence_boost__nes__l1,1021,49,12,229,12,333
calibration__4518__deblur__boundary_probe__nes__l1,1021,48,18,205,2,308
calibration__4518__deblur__counterfactual__nes__l1,1021,47,18,346,2,467
evaluation__1266__denoise__attack__nes__l0.5,1021,48,2,534,2,684
evaluation__1266__denoise__restore__nes__l0.5,1021,48,8,432,8,568
evaluation__1266__denoise__random_walk__random_walk__l0.5,1024,50,2,1023,2,1023
evaluation__1266__denoise__confidence_boost__nes__l0.5,1021,48,2,473,2,622
evaluation__1266__denoise__boundary_probe__nes__l0.5,1021,49,3,517,3,654
evaluation__1266__denoise__counterfactual__nes__l0.5,1021,49,7,344,7,499
evaluation__1266__deblur__attack__nes__l1,1021,47,18,163,18,241
evaluation__1266__deblur__restore__nes__l1,1021,48,18,196,18,286
evaluation__1266__deblur__random_walk__random_walk__l1,1024,49,2,1023,2,1023
evaluation__1266__deblur__confidence_boost__nes__l1,1021,47,7,193,7,277
evaluation__1266__deblur__boundary_probe__nes__l1,1021,47,18,142,17,204
evaluation__1266__deblur__counterfactual__nes__l1,1021,48,18,241,16,340
evaluation__5703__denoise__attack__nes__l0.5,1021,48,2,427,2,563
evaluation__5703__denoise__restore__nes__l0.5,1021,48,2,442,2,593
evaluation__5703__denoise__random_walk__random_walk__l0.5,1024,49,2,1023,2,1023
evaluation__5703__denoise__confidence_boost__nes__l0.5,1021,48,3,312,3,460
evaluation__5703__denoise__boundary_probe__nes__l0.5,1021,50,2,497,2,641
evaluation__5703__denoise__counterfactual__nes__l0.5,1021,49,2,668,2,795
evaluation__5703__deblur__attack__nes__l1,1021,47,9,326,9,482
evaluation__5703__deblur__restore__nes__l1,1021,49,2,352,2,459
evaluation__5703__deblur__random_walk__random_walk__l1,1024,49,2,1023,2,1023
evaluation__5703__deblur__confidence_boost__nes__l1,1021,48,18,330,4,474
evaluation__5703__deblur__boundary_probe__nes__l1,1021,49,7,464,3,606
evaluation__5703__deblur__counterfactual__nes__l1,1021,48,2,516,2,676
evaluation__8812__denoise__attack__nes__l0.5,1021,48,5,515,3,672
evaluation__8812__denoise__restore__nes__l0.5,1021,49,2,418,2,609
evaluation__8812__denoise__random_walk__random_walk__l0.5,1024,50,2,1023,2,1023
evaluation__8812__denoise__confidence_boost__nes__l0.5,1021,47,7,558,4,705
evaluation__8812__denoise__boundary_probe__nes__l0.5,1021,48,3,486,3,651
evaluation__8812__denoise__counterfactual__nes__l0.5,1021,48,3,424,3,549
evaluation__8812__deblur__attack__nes__l1,1021,46,3,195,3,311
evaluation__8812__deblur__restore__nes__l1,1021,49,18,363,9,507
evaluation__8812__deblur__random_walk__random_walk__l1,1024,49,2,1023,2,1023
evaluation__8812__deblur__confidence_boost__nes__l1,1021,48,17,404,10,551
evaluation__8812__deblur__boundary_probe__nes__l1,1021,48,8,321,8,446
evaluation__8812__deblur__counterfactual__nes__l1,1021,48,18,202,14,294
evaluation__9991__denoise__attack__nes__l0.5,1021,49,6,462,6,595
evaluation__9991__denoise__restore__nes__l0.5,1021,49,2,415,2,544
evaluation__9991__denoise__random_walk__random_walk__l0.5,1024,50,2,1023,2,1023
evaluation__9991__denoise__confidence_boost__nes__l0.5,1021,49,4,459,2,606
evaluation__9991__denoise__boundary_probe__nes__l0.5,1021,47,4,488,4,637
evaluation__9991__denoise__counterfactual__nes__l0.5,1021,48,3,513,3,653
evaluation__9991__deblur__attack__nes__l1,1021,48,10,182,10,283
evaluation__9991__deblur__restore__nes__l1,1021,49,18,215,18,325
evaluation__9991__deblur__random_walk__random_walk__l1,1024,49,2,1023,2,1023
evaluation__9991__deblur__confidence_boost__nes__l1,1021,48,8,209,6,292
evaluation__9991__deblur__boundary_probe__nes__l1,1021,48,18,232,18,328
evaluation__9991__deblur__counterfactual__nes__l1,1021,47,4,209,4,298
evaluation__1904__denoise__attack__nes__l0.5,1021,48,2,768,2,891
evaluation__1904__denoise__restore__nes__l0.5,1021,48,3,740,3,863
evaluation__1904__denoise__random_walk__random_walk__l0.5,1024,49,2,1023,2,1023
evaluation__1904__denoise__confidence_boost__nes__l0.5,1021,48,3,780,3,888
evaluation__1904__denoise__boundary_probe__nes__l0.5,1021,49,4,667,3,806
evaluation__1904__denoise__counterfactual__nes__l0.5,1021,48,3,735,3,838
evaluation__1904__deblur__attack__nes__l1,1021,48,3,625,3,790
evaluation__1904__deblur__restore__nes__l1,1021,48,6,489,6,633
evaluation__1904__deblur__random_walk__random_walk__l1,1024,49,2,1023,2,1023
evaluation__1904__deblur__confidence_boost__nes__l1,1021,48,7,682,6,821
evaluation__1904__deblur__boundary_probe__nes__l1,1021,49,2,592,2,734
evaluation__1904__deblur__counterfactual__nes__l1,1021,49,3,601,2,732
evaluation__4015__denoise__attack__nes__l0.5,1021,46,5,139,5,205
evaluation__4015__denoise__restore__nes__l0.5,1021,47,11,178,11,265
evaluation__4015__denoise__random_walk__random_walk__l0.5,1024,49,2,1023,2,1023
evaluation__4015__denoise__confidence_boost__nes__l0.5,1021,46,18,186,18,293
evaluation__4015__denoise__boundary_probe__nes__l0.5,1021,48,18,179,8,263
evaluation__4015__denoise__counterfactual__nes__l0.5,1021,47,11,165,11,241
evaluation__4015__deblur__attack__nes__l1,1021,48,3,380,3,505
evaluation__4015__deblur__restore__nes__l1,1021,49,12,380,12,508
evaluation__4015__deblur__random_walk__random_walk__l1,1024,49,2,1023,2,1023
evaluation__4015__deblur__confidence_boost__nes__l1,1021,49,4,267,4,378
evaluation__4015__deblur__boundary_probe__nes__l1,1021,47,18,307,10,436
evaluation__4015__deblur__counterfactual__nes__l1,1021,48,2,437,2,578
evaluation__7555__denoise__attack__nes__l0.5,1021,47,2,438,2,578
evaluation__7555__denoise__restore__nes__l0.5,1021,48,2,702,2,818
evaluation__7555__denoise__random_walk__random_walk__l0.5,1024,50,2,1023,2,1023
evaluation__7555__denoise__confidence_boost__nes__l0.5,1021,48,8,554,8,688
evaluation__7555__denoise__boundary_probe__nes__l0.5,1021,48,4,652,4,792
evaluation__7555__denoise__counterfactual__nes__l0.5,1021,49,2,556,2,698
evaluation__7555__deblur__attack__nes__l1,1021,48,18,153,10,250
evaluation__7555__deblur__restore__nes__l1,1021,48,18,201,18,295
evaluation__7555__deblur__random_walk__random_walk__l1,1024,49,2,1023,2,1023
evaluation__7555__deblur__confidence_boost__nes__l1,1021,48,2,186,2,278
evaluation__7555__deblur__boundary_probe__nes__l1,1021,47,18,132,18,194
evaluation__7555__deblur__counterfactual__nes__l1,1021,48,18,115,9,167
evaluation__837__denoise__attack__nes__l0.5,1021,48,8,545,8,694
evaluation__837__denoise__restore__nes__l0.5,1021,48,4,538,4,674
evaluation__837__denoise__random_walk__random_walk__l0.5,1024,49,2,1023,2,1023
evaluation__837__denoise__confidence_boost__nes__l0.5,1021,47,13,484,10,641
evaluation__837__denoise__boundary_probe__nes__l0.5,1021,49,2,704,2,811
evaluation__837__denoise__counterfactual__nes__l0.5,1021,49,6,497,6,652
evaluation__837__deblur__attack__nes__l1,1021,48,2,537,2,689
evaluation__837__deblur__restore__nes__l1,1021,49,2,788,2,892
evaluation__837__deblur__random_walk__random_walk__l1,1024,50,2,1023,2,1023
evaluation__837__deblur__confidence_boost__nes__l1,1021,49,3,691,3,811
evaluation__837__deblur__boundary_probe__nes__l1,1021,50,4,722,4,851
evaluation__837__deblur__counterfactual__nes__l1,1021,48,4,676,4,802
evaluation__4157__denoise__attack__nes__l0.5,1021,47,3,382,2,535
evaluation__4157__denoise__restore__nes__l0.5,1021,49,2,681,2,814
evaluation__4157__denoise__random_walk__random_walk__l0.5,1024,49,2,1023,2,1023
evaluation__4157__denoise__confidence_boost__nes__l0.5,1021,49,2,546,2,686
evaluation__4157__denoise__boundary_probe__nes__l0.5,1021,50,4,625,4,736
evaluation__4157__denoise__counterfactual__nes__l0.5,1021,48,4,639,4,763
evaluation__4157__deblur__attack__nes__l1,1021,47,2,287,2,401
evaluation__4157__deblur__restore__nes__l1,1021,48,8,431,8,578
evaluation__4157__deblur__random_walk__random_walk__l1,1024,49,2,1023,2,1023
evaluation__4157__deblur__confidence_boost__nes__l1,1021,49,2,458,2,586
evaluation__4157__deblur__boundary_probe__nes__l1,1021,47,4,399,4,534
evaluation__4157__deblur__counterfactual__nes__l1,1021,48,7,278,7,411
evaluation__7664__denoise__attack__nes__l0.5,1021,48,3,337,2,477
evaluation__7664__denoise__restore__nes__l0.5,1021,48,4,416,4,552
evaluation__7664__denoise__random_walk__random_walk__l0.5,1024,49,2,1023,2,1023
evaluation__7664__denoise__confidence_boost__nes__l0.5,1021,48,2,401,2,538
evaluation__7664__denoise__boundary_probe__nes__l0.5,1021,48,10,320,3,444
evaluation__7664__denoise__counterfactual__nes__l0.5,1021,48,14,223,14,317
evaluation__7664__deblur__attack__nes__l1,1021,48,13,419,3,582
evaluation__7664__deblur__restore__nes__l1,1021,48,8,434,2,616
evaluation__7664__deblur__random_walk__random_walk__l1,1024,50,2,1023,2,1023
evaluation__7664__deblur__confidence_boost__nes__l1,1021,49,3,513,3,665
evaluation__7664__deblur__boundary_probe__nes__l1,1021,47,4,614,4,753
evaluation__7664__deblur__counterfactual__nes__l1,1021,48,4,543,4,701
evaluation__46__denoise__attack__nes__l0.5,1021,48,9,284,7,386
evaluation__46__denoise__restore__nes__l0.5,1021,48,18,280,5,389
evaluation__46__denoise__random_walk__random_walk__l0.5,1024,49,2,1023,2,1023
evaluation__46__denoise__confidence_boost__nes__l0.5,1021,48,9,309,9,418
evaluation__46__denoise__boundary_probe__nes__l0.5,1021,48,17,299,17,420
evaluation__46__denoise__counterfactual__nes__l0.5,1021,47,5,178,5,253
evaluation__46__deblur__attack__nes__l1,1021,48,2,666,2,795
evaluation__46__deblur__restore__nes__l1,1021,49,3,732,3,864
evaluation__46__deblur__random_walk__random_walk__l1,1024,49,2,1023,2,1023
evaluation__46__deblur__confidence_boost__nes__l1,1021,48,5,700,2,837
evaluation__46__deblur__boundary_probe__nes__l1,1021,48,9,612,5,768
evaluation__46__deblur__counterfactual__nes__l1,1021,48,4,743,4,866
evaluation__5655__denoise__attack__nes__l0.5,1021,48,3,521,2,663
evaluation__5655__denoise__restore__nes__l0.5,1021,47,3,285,3,409
evaluation__5655__denoise__random_walk__random_walk__l0.5,1024,50,2,1023,2,1023
evaluation__5655__denoise__confidence_boost__nes__l0.5,1021,48,2,432,2,595
evaluation__5655__denoise__boundary_probe__nes__l0.5,1021,48,11,759,7,855
evaluation__5655__denoise__counterfactual__nes__l0.5,1021,49,18,565,8,707
evaluation__5655__deblur__attack__nes__l1,1021,48,18,418,5,580
evaluation__5655__deblur__restore__nes__l1,1021,49,10,557,4,694
evaluation__5655__deblur__random_walk__random_walk__l1,1024,49,2,1023,2,1023
evaluation__5655__deblur__confidence_boost__nes__l1,1021,47,18,284,9,422
evaluation__5655__deblur__boundary_probe__nes__l1,1021,49,18,476,12,643
evaluation__5655__deblur__counterfactual__nes__l1,1021,48,2,530,2,666
evaluation__7489__denoise__attack__nes__l0.5,1021,48,2,474,2,613
evaluation__7489__denoise__restore__nes__l0.5,1021,49,2,503,2,633
evaluation__7489__denoise__random_walk__random_walk__l0.5,1024,49,2,1023,2,1023
evaluation__7489__denoise__confidence_boost__nes__l0.5,1021,47,2,390,2,538
evaluation__7489__denoise__boundary_probe__nes__l0.5,1021,48,2,613,2,751
evaluation__7489__denoise__counterfactual__nes__l0.5,1021,50,3,418,3,545
evaluation__7489__deblur__attack__nes__l1,1021,47,2,410,2,565
evaluation__7489__deblur__restore__nes__l1,1021,49,3,330,2,469
evaluation__7489__deblur__random_walk__random_walk__l1,1024,50,2,1023,2,1023
evaluation__7489__deblur__confidence_boost__nes__l1,1021,48,12,589,5,709
evaluation__7489__deblur__boundary_probe__nes__l1,1021,48,8,549,2,695
evaluation__7489__deblur__counterfactual__nes__l1,1021,48,5,494,5,622
evaluation__9584__denoise__attack__nes__l0.5,1021,47,18,400,15,559
evaluation__9584__denoise__restore__nes__l0.5,1021,48,18,379,10,519
evaluation__9584__denoise__random_walk__random_walk__l0.5,1024,49,2,1023,2,1023
evaluation__9584__denoise__confidence_boost__nes__l0.5,1021,48,9,183,9,286
evaluation__9584__denoise__boundary_probe__nes__l0.5,1021,48,3,320,3,460
evaluation__9584__denoise__counterfactual__nes__l0.5,1021,48,15,479,14,610
evaluation__9584__deblur__attack__nes__l1,1021,48,10,356,2,487
evaluation__9584__deblur__restore__nes__l1,1021,47,4,367,4,531
evaluation__9584__deblur__random_walk__random_walk__l1,1024,50,2,1023,2,1023
evaluation__9584__deblur__confidence_boost__nes__l1,1021,49,11,266,11,378
evaluation__9584__deblur__boundary_probe__nes__l1,1021,48,7,421,7,556
evaluation__9584__deblur__counterfactual__nes__l1,1021,49,16,583,16,703
evaluation__4099__denoise__attack__nes__l0.5,1021,48,2,477,2,622
evaluation__4099__denoise__restore__nes__l0.5,1021,48,4,514,3,659
evaluation__4099__denoise__random_walk__random_walk__l0.5,1024,49,2,1023,2,1023
evaluation__4099__denoise__confidence_boost__nes__l0.5,1021,48,2,526,2,675
evaluation__4099__denoise__boundary_probe__nes__l0.5,1021,48,10,499,10,644
evaluation__4099__denoise__counterfactual__nes__l0.5,1021,48,5,561,4,701
evaluation__4099__deblur__attack__nes__l1,1021,48,18,182,18,261
evaluation__4099__deblur__restore__nes__l1,1021,48,18,179,18,260
evaluation__4099__deblur__random_walk__random_walk__l1,1024,49,2,1023,2,1023
evaluation__4099__deblur__confidence_boost__nes__l1,1021,48,16,252,16,352
evaluation__4099__deblur__boundary_probe__nes__l1,1021,49,18,193,11,275
evaluation__4099__deblur__counterfactual__nes__l1,1021,47,18,108,18,150
evaluation__6171__denoise__attack__nes__l0.5,1021,47,2,473,2,642
evaluation__6171__denoise__restore__nes__l0.5,1021,48,2,646,2,798
evaluation__6171__denoise__random_walk__random_walk__l0.5,1024,49,2,1023,2,1023
evaluation__6171__denoise__confidence_boost__nes__l0.5,1021,49,2,799,2,878
evaluation__6171__denoise__boundary_probe__nes__l0.5,1021,47,13,660,2,782
evaluation__6171__denoise__counterfactual__nes__l0.5,1021,49,7,623,5,750
evaluation__6171__deblur__attack__nes__l1,1021,48,13,389,6,527
evaluation__6171__deblur__restore__nes__l1,1021,49,13,571,4,700
evaluation__6171__deblur__random_walk__random_walk__l1,1024,49,2,1023,2,1023
evaluation__6171__deblur__confidence_boost__nes__l1,1021,48,2,459,2,581
evaluation__6171__deblur__boundary_probe__nes__l1,1021,49,10,295,2,438
evaluation__6171__deblur__counterfactual__nes__l1,1021,49,3,464,3,604
evaluation__8375__denoise__attack__nes__l0.5,1021,48,2,260,2,374
evaluation__8375__denoise__restore__nes__l0.5,1021,48,8,255,8,350
evaluation__8375__denoise__random_walk__random_walk__l0.5,1024,49,2,1023,2,1023
evaluation__8375__denoise__confidence_boost__nes__l0.5,1021,48,11,258,6,386
evaluation__8375__denoise__boundary_probe__nes__l0.5,1021,49,18,208,18,299
evaluation__8375__denoise__counterfactual__nes__l0.5,1021,47,17,293,11,417
evaluation__8375__deblur__attack__nes__l1,1021,48,2,501,2,615
evaluation__8375__deblur__restore__nes__l1,1021,49,6,636,5,774
evaluation__8375__deblur__random_walk__random_walk__l1,1024,49,2,1023,2,1023
evaluation__8375__deblur__confidence_boost__nes__l1,1021,48,6,673,6,769
evaluation__8375__deblur__boundary_probe__nes__l1,1021,48,3,595,3,722
evaluation__8375__deblur__counterfactual__nes__l1,1021,48,3,495,3,633
evaluation__3959__denoise__attack__nes__l0.5,1021,49,9,241,7,348
evaluation__3959__denoise__restore__nes__l0.5,1021,48,10,428,6,576
evaluation__3959__denoise__random_walk__random_walk__l0.5,1024,49,2,1023,2,1023
evaluation__3959__denoise__confidence_boost__nes__l0.5,1021,48,4,303,4,439
evaluation__3959__denoise__boundary_probe__nes__l0.5,1021,47,11,341,2,495
evaluation__3959__denoise__counterfactual__nes__l0.5,1021,48,3,293,3,428
evaluation__3959__deblur__attack__nes__l1,1021,48,3,495,3,635
evaluation__3959__deblur__restore__nes__l1,1021,49,4,638,4,775
evaluation__3959__deblur__random_walk__random_walk__l1,1024,50,2,1023,2,1023
evaluation__3959__deblur__confidence_boost__nes__l1,1021,49,3,630,3,735
evaluation__3959__deblur__boundary_probe__nes__l1,1021,49,2,598,2,750
evaluation__3959__deblur__counterfactual__nes__l1,1021,48,6,671,6,789
evaluation__5178__denoise__attack__nes__l0.5,1021,47,3,243,2,351
evaluation__5178__denoise__restore__nes__l0.5,1021,49,8,276,8,400
evaluation__5178__denoise__random_walk__random_walk__l0.5,1024,50,2,1023,2,1023
evaluation__5178__denoise__confidence_boost__nes__l0.5,1021,49,5,181,2,265
evaluation__5178__denoise__boundary_probe__nes__l0.5,1021,48,6,233,6,346
evaluation__5178__denoise__counterfactual__nes__l0.5,1021,48,16,512,6,643
evaluation__5178__deblur__attack__nes__l1,1021,48,15,365,3,487
evaluation__5178__deblur__restore__nes__l1,1021,49,2,294,2,402
evaluation__5178__deblur__random_walk__random_walk__l1,1024,49,2,1023,2,1023
evaluation__5178__deblur__confidence_boost__nes__l1,1021,47,15,287,9,448
evaluation__5178__deblur__boundary_probe__nes__l1,1021,48,6,382,6,504
evaluation__5178__deblur__counterfactual__nes__l1,1021,48,9,417,9,545
evaluation__8697__denoise__attack__nes__l0.5,1021,48,5,357,4,488
evaluation__8697__denoise__restore__nes__l0.5,1021,48,3,365,3,492
evaluation__8697__denoise__random_walk__random_walk__l0.5,1024,49,2,1023,2,1023
evaluation__8697__denoise__confidence_boost__nes__l0.5,1021,47,6,314,3,441
evaluation__8697__denoise__boundary_probe__nes__l0.5,1021,49,18,283,5,398
evaluation__8697__denoise__counterfactual__nes__l0.5,1021,48,11,376,7,514
evaluation__8697__deblur__attack__nes__l1,1021,48,13,347,3,492
evaluation__8697__deblur__restore__nes__l1,1021,48,3,497,3,661
evaluation__8697__deblur__random_walk__random_walk__l1,1024,50,2,1023,2,1023
evaluation__8697__deblur__confidence_boost__nes__l1,1021,49,2,509,2,630
evaluation__8697__deblur__boundary_probe__nes__l1,1021,50,5,541,5,681
evaluation__8697__deblur__counterfactual__nes__l1,1021,49,9,658,9,788
evaluation__93__denoise__attack__nes__l0.5,1021,48,6,252,2,351
evaluation__93__denoise__restore__nes__l0.5,1021,48,13,250,13,345
evaluation__93__denoise__random_walk__random_walk__l0.5,1024,49,2,1023,2,1023
evaluation__93__denoise__confidence_boost__nes__l0.5,1021,49,18,264,18,385
evaluation__93__denoise__boundary_probe__nes__l0.5,1021,48,4,220,4,335
evaluation__93__denoise__counterfactual__nes__l0.5,1021,49,8,239,8,333
evaluation__93__deblur__attack__nes__l1,1021,47,18,172,5,255
evaluation__93__deblur__restore__nes__l1,1021,49,11,368,11,504
evaluation__93__deblur__random_walk__random_walk__l1,1024,49,2,1023,2,1023
evaluation__93__deblur__confidence_boost__nes__l1,1021,47,9,128,9,212
evaluation__93__deblur__boundary_probe__nes__l1,1021,47,11,228,11,353
evaluation__93__deblur__counterfactual__nes__l1,1021,48,18,290,7,417
evaluation__2666__denoise__attack__nes__l0.5,1021,48,4,631,4,761
evaluation__2666__denoise__restore__nes__l0.5,1021,49,3,480,3,629
evaluation__2666__denoise__random_walk__random_walk__l0.5,1024,49,2,1023,2,1023
evaluation__2666__denoise__confidence_boost__nes__l0.5,1021,49,3,460,3,631
evaluation__2666__denoise__boundary_probe__nes__l0.5,1021,49,3,690,3,821
evaluation__2666__denoise__counterfactual__nes__l0.5,1021,48,3,614,2,755
evaluation__2666__deblur__attack__nes__l1,1021,49,6,884,2,948
evaluation__2666__deblur__restore__nes__l1,1021,48,3,842,2,934
evaluation__2666__deblur__random_walk__random_walk__l1,1024,50,2,1023,2,1023
evaluation__2666__deblur__confidence_boost__nes__l1,1021,48,3,897,3,959
evaluation__2666__deblur__boundary_probe__nes__l1,1021,49,2,906,2,966
evaluation__2666__deblur__counterfactual__nes__l1,1021,49,2,811,2,900
evaluation__6255__denoise__attack__nes__l0.5,1021,49,3,352,3,484
evaluation__6255__denoise__restore__nes__l0.5,1021,47,6,191,6,291
evaluation__6255__denoise__random_walk__random_walk__l0.5,1024,49,2,1023,2,1023
evaluation__6255__denoise__confidence_boost__nes__l0.5,1021,47,18,268,3,384
evaluation__6255__denoise__boundary_probe__nes__l0.5,1021,48,5,264,5,375
evaluation__6255__denoise__counterfactual__nes__l0.5,1021,49,5,317,5,437
evaluation__6255__deblur__attack__nes__l1,1021,48,18,142,15,221
evaluation__6255__deblur__restore__nes__l1,1021,48,18,190,18,280
evaluation__6255__deblur__random_walk__random_walk__l1,1024,49,2,1023,2,1023
evaluation__6255__deblur__confidence_boost__nes__l1,1021,47,18,171,8,279
evaluation__6255__deblur__boundary_probe__nes__l1,1021,49,18,270,6,405
evaluation__6255__deblur__counterfactual__nes__l1,1021,46,18,303,18,425
evaluation__8948__denoise__attack__nes__l0.5,1021,48,11,506,5,638
evaluation__8948__denoise__restore__nes__l0.5,1021,48,9,320,9,448
evaluation__8948__denoise__random_walk__random_walk__l0.5,1024,49,2,1023,2,1023
evaluation__8948__denoise__confidence_boost__nes__l0.5,1021,49,15,491,15,616
evaluation__8948__denoise__boundary_probe__nes__l0.5,1021,48,6,354,6,494
evaluation__8948__denoise__counterfactual__nes__l0.5,1021,47,14,359,5,505
evaluation__8948__deblur__attack__nes__l1,1021,48,3,361,3,489
evaluation__8948__deblur__restore__nes__l1,1021,49,10,559,10,692
evaluation__8948__deblur__random_walk__random_walk__l1,1024,49,2,1023,2,1023
evaluation__8948__deblur__confidence_boost__nes__l1,1021,48,2,336,2,460
evaluation__8948__deblur__boundary_probe__nes__l1,1021,48,13,381,4,527
evaluation__8948__deblur__counterfactual__nes__l1,1021,47,2,306,2,459
evaluation__3232__denoise__attack__nes__l0.5,1021,48,18,114,18,174
evaluation__3232__denoise__restore__nes__l0.5,1021,48,18,108,18,155
evaluation__3232__denoise__random_walk__random_walk__l0.5,1024,50,2,1023,2,1023
evaluation__3232__denoise__confidence_boost__nes__l0.5,1021,47,18,170,18,242
evaluation__3232__denoise__boundary_probe__nes__l0.5,1021,47,18,95,18,131
evaluation__3232__denoise__counterfactual__nes__l0.5,1021,49,18,138,18,192
evaluation__3232__deblur__attack__nes__l1,1021,50,18,400,16,517
evaluation__3232__deblur__restore__nes__l1,1021,49,18,233,18,345
evaluation__3232__deblur__random_walk__random_walk__l1,1024,49,2,1023,2,1023
evaluation__3232__deblur__confidence_boost__nes__l1,1021,49,7,398,7,527
evaluation__3232__deblur__boundary_probe__nes__l1,1021,47,18,120,18,178
evaluation__3232__deblur__counterfactual__nes__l1,1021,48,4,319,4,457
evaluation__5929__denoise__attack__nes__l0.5,1021,48,8,258,3,380
evaluation__5929__denoise__restore__nes__l0.5,1021,47,9,187,9,289
evaluation__5929__denoise__random_walk__random_walk__l0.5,1024,49,2,1023,2,1023
evaluation__5929__denoise__confidence_boost__nes__l0.5,1021,48,5,540,5,672
evaluation__5929__denoise__boundary_probe__nes__l0.5,1021,48,4,404,4,553
evaluation__5929__denoise__counterfactual__nes__l0.5,1021,48,7,451,5,640
evaluation__5929__deblur__attack__nes__l1,1021,47,7,355,7,484
evaluation__5929__deblur__restore__nes__l1,1021,48,4,234,4,351
evaluation__5929__deblur__random_walk__random_walk__l1,1024,50,2,1023,2,1023
evaluation__5929__deblur__confidence_boost__nes__l1,1021,49,4,265,4,368
evaluation__5929__deblur__boundary_probe__nes__l1,1021,49,7,347,7,494
evaluation__5929__deblur__counterfactual__nes__l1,1021,48,3,355,3,479
evaluation__8793__denoise__attack__nes__l0.5,1021,49,2,201,2,284
evaluation__8793__denoise__restore__nes__l0.5,1021,49,18,382,7,512
evaluation__8793__denoise__random_walk__random_walk__l0.5,1024,49,2,1023,2,1023
evaluation__8793__denoise__confidence_boost__nes__l0.5,1021,49,14,345,7,474
evaluation__8793__denoise__boundary_probe__nes__l0.5,1021,48,18,184,5,269
evaluation__8793__denoise__counterfactual__nes__l0.5,1021,48,4,196,4,282
evaluation__8793__deblur__attack__nes__l1,1021,48,2,245,2,359
evaluation__8793__deblur__restore__nes__l1,1021,48,12,257,12,352
evaluation__8793__deblur__random_walk__random_walk__l1,1024,50,2,1023,2,1023
evaluation__8793__deblur__confidence_boost__nes__l1,1021,49,7,420,7,573
evaluation__8793__deblur__boundary_probe__nes__l1,1021,48,3,339,3,463
evaluation__8793__deblur__counterfactual__nes__l1,1021,49,3,361,2,496
evaluation__1510__denoise__attack__nes__l0.5,1021,49,10,312,10,438
evaluation__1510__denoise__restore__nes__l0.5,1021,49,10,235,2,368
evaluation__1510__denoise__random_walk__random_walk__l0.5,1024,49,2,1023,2,1023
evaluation__1510__denoise__confidence_boost__nes__l0.5,1021,48,18,382,18,504
evaluation__1510__denoise__boundary_probe__nes__l0.5,1021,49,18,214,13,317
evaluation__1510__denoise__counterfactual__nes__l0.5,1021,49,2,321,2,452
evaluation__1510__deblur__attack__nes__l1,1021,50,2,535,2,668
evaluation__1510__deblur__restore__nes__l1,1021,47,2,368,2,524
evaluation__1510__deblur__random_walk__random_walk__l1,1024,49,2,1023,2,1023
evaluation__1510__deblur__confidence_boost__nes__l1,1021,48,14,419,14,544
evaluation__1510__deblur__boundary_probe__nes__l1,1021,49,4,523,4,651
evaluation__1510__deblur__counterfactual__nes__l1,1021,48,2,661,2,780
evaluation__4769__denoise__attack__nes__l0.5,1021,48,13,312,3,428
evaluation__4769__denoise__restore__nes__l0.5,1021,47,8,254,8,355
evaluation__4769__denoise__random_walk__random_walk__l0.5,1024,49,2,1023,2,1023
evaluation__4769__denoise__confidence_boost__nes__l0.5,1021,48,9,406,2,539
evaluation__4769__denoise__boundary_probe__nes__l0.5,1021,47,8,457,8,609
evaluation__4769__denoise__counterfactual__nes__l0.5,1021,49,6,318,4,463
evaluation__4769__deblur__attack__nes__l1,1021,48,16,396,16,550
evaluation__4769__deblur__restore__nes__l1,1021,48,6,266,6,370
evaluation__4769__deblur__random_walk__random_walk__l1,1024,50,2,1023,2,1023
evaluation__4769__deblur__confidence_boost__nes__l1,1021,48,2,380,2,487
evaluation__4769__deblur__boundary_probe__nes__l1,1021,48,7,410,2,529
evaluation__4769__deblur__counterfactual__nes__l1,1021,48,4,287,4,410
evaluation__8875__denoise__attack__nes__l0.5,1021,47,4,357,3,491
evaluation__8875__denoise__restore__nes__l0.5,1021,48,3,592,3,706
evaluation__8875__denoise__random_walk__random_walk__l0.5,1024,50,2,1023,2,1023
evaluation__8875__denoise__confidence_boost__nes__l0.5,1021,48,5,360,5,501
evaluation__8875__denoise__boundary_probe__nes__l0.5,1021,48,2,571,2,719
evaluation__8875__denoise__counterfactual__nes__l0.5,1021,48,3,503,3,663
evaluation__8875__deblur__attack__nes__l1,1021,49,15,710,15,831
evaluation__8875__deblur__restore__nes__l1,1021,48,11,608,4,756
evaluation__8875__deblur__random_walk__random_walk__l1,1024,50,2,1023,2,1023
evaluation__8875__deblur__confidence_boost__nes__l1,1021,49,4,586,2,773
evaluation__8875__deblur__boundary_probe__nes__l1,1021,49,10,669,4,814
evaluation__8875__deblur__counterfactual__nes__l1,1021,46,7,547,7,735
evaluation__1060__denoise__attack__nes__l0.5,1021,48,8,116,8,163
evaluation__1060__denoise__restore__nes__l0.5,1021,47,18,114,18,172
evaluation__1060__denoise__random_walk__random_walk__l0.5,1024,49,2,1023,2,1023
evaluation__1060__denoise__confidence_boost__nes__l0.5,1021,48,18,113,18,160
evaluation__1060__denoise__boundary_probe__nes__l0.5,1021,48,18,188,18,267
evaluation__1060__denoise__counterfactual__nes__l0.5,1021,47,8,181,8,253
evaluation__1060__deblur__attack__nes__l1,1021,47,7,492,7,613
evaluation__1060__deblur__restore__nes__l1,1021,49,2,266,2,399
evaluation__1060__deblur__random_walk__random_walk__l1,1024,50,2,1023,2,1023
evaluation__1060__deblur__confidence_boost__nes__l1,1021,48,3,349,3,485
evaluation__1060__deblur__boundary_probe__nes__l1,1021,49,2,476,2,610
evaluation__1060__deblur__counterfactual__nes__l1,1021,49,3,374,3,501
evaluation__3225__denoise__attack__nes__l0.5,1021,48,5,721,5,853
evaluation__3225__denoise__restore__nes__l0.5,1021,48,4,723,4,842
evaluation__3225__denoise__random_walk__random_walk__l0.5,1024,49,2,1023,2,1023
evaluation__3225__denoise__confidence_boost__nes__l0.5,1021,48,2,573,2,715
evaluation__3225__denoise__boundary_probe__nes__l0.5,1021,48,6,727,6,843
evaluation__3225__denoise__counterfactual__nes__l0.5,1021,48,2,660,2,794
evaluation__3225__deblur__attack__nes__l1,1021,47,13,230,13,325
evaluation__3225__deblur__restore__nes__l1,1021,47,18,141,17,212
evaluation__3225__deblur__random_walk__random_walk__l1,1024,50,2,1023,2,1023
evaluation__3225__deblur__confidence_boost__nes__l1,1021,48,18,182,4,266
evaluation__3225__deblur__boundary_probe__nes__l1,1021,48,11,153,11,239
evaluation__3225__deblur__counterfactual__nes__l1,1021,46,18,86,18,107
evaluation__5400__denoise__attack__nes__l0.5,1021,48,4,442,4,611
evaluation__5400__denoise__restore__nes__l0.5,1021,49,2,605,2,749
evaluation__5400__denoise__random_walk__random_walk__l0.5,1024,50,2,1023,2,1023
evaluation__5400__denoise__confidence_boost__nes__l0.5,1021,49,4,404,4,538
evaluation__5400__denoise__boundary_probe__nes__l0.5,1021,47,4,410,4,565
evaluation__5400__denoise__counterfactual__nes__l0.5,1021,49,2,471,2,627
evaluation__5400__deblur__attack__nes__l1,1021,49,6,619,6,753
evaluation__5400__deblur__restore__nes__l1,1021,48,10,494,10,639
evaluation__5400__deblur__random_walk__random_walk__l1,1024,49,2,1023,2,1023
evaluation__5400__deblur__confidence_boost__nes__l1,1021,49,11,354,4,500
evaluation__5400__deblur__boundary_probe__nes__l1,1021,48,7,407,3,557
evaluation__5400__deblur__counterfactual__nes__l1,1021,48,10,455,2,639
evaluation__9249__denoise__attack__nes__l0.5,1021,49,9,567,9,715
evaluation__9249__denoise__restore__nes__l0.5,1021,49,5,491,5,647
evaluation__9249__denoise__random_walk__random_walk__l0.5,1024,49,2,1023,2,1023
evaluation__9249__denoise__confidence_boost__nes__l0.5,1021,48,7,572,2,720
evaluation__9249__denoise__boundary_probe__nes__l0.5,1021,48,5,689,4,826
evaluation__9249__denoise__counterfactual__nes__l0.5,1021,48,14,560,3,716
evaluation__9249__deblur__attack__nes__l1,1021,49,2,518,2,660
evaluation__9249__deblur__restore__nes__l1,1021,47,2,478,2,610
evaluation__9249__deblur__random_walk__random_walk__l1,1024,49,2,1023,2,1023
evaluation__9249__deblur__confidence_boost__nes__l1,1021,48,5,629,5,745
evaluation__9249__deblur__boundary_probe__nes__l1,1021,48,5,280,2,430
evaluation__9249__deblur__counterfactual__nes__l1,1021,47,4,356,3,497
fit__5253__denoise__attack__nes__l0.5,1021,48,18,302,18,430
fit__5253__denoise__restore__nes__l0.5,1021,47,18,228,18,340
fit__5253__denoise__random_walk__random_walk__l0.5,1024,49,2,1023,2,1023
fit__5253__denoise__confidence_boost__nes__l0.5,1021,48,18,381,15,501
fit__5253__denoise__boundary_probe__nes__l0.5,1021,47,18,131,13,199
fit__5253__denoise__counterfactual__nes__l0.5,1021,46,18,190,14,284
fit__5253__deblur__attack__nes__l1,1021,49,7,447,7,599
fit__5253__deblur__restore__nes__l1,1021,48,9,376,3,506
fit__5253__deblur__random_walk__random_walk__l1,1024,50,2,1023,2,1023
fit__5253__deblur__confidence_boost__nes__l1,1021,49,6,548,6,672
fit__5253__deblur__boundary_probe__nes__l1,1021,48,2,384,2,545
fit__5253__deblur__counterfactual__nes__l1,1021,48,4,349,3,474
fit__2504__denoise__attack__nes__l0.5,1021,47,18,142,10,195
fit__2504__denoise__restore__nes__l0.5,1021,48,8,172,8,259
fit__2504__denoise__random_walk__random_walk__l0.5,1024,49,2,1023,2,1023
fit__2504__denoise__confidence_boost__nes__l0.5,1021,47,16,121,16,176
fit__2504__denoise__boundary_probe__nes__l0.5,1021,48,8,189,8,275
fit__2504__denoise__counterfactual__nes__l0.5,1021,47,18,131,18,213
fit__2504__deblur__attack__nes__l1,1021,48,18,125,11,183
fit__2504__deblur__restore__nes__l1,1021,48,18,129,18,208
fit__2504__deblur__random_walk__random_walk__l1,1024,49,2,1023,2,1023
fit__2504__deblur__confidence_boost__nes__l1,1021,49,18,240,18,356
fit__2504__deblur__boundary_probe__nes__l1,1021,49,18,273,18,367
fit__2504__deblur__counterfactual__nes__l1,1021,49,18,187,18,264
fit__7986__denoise__attack__nes__l0.5,1021,47,18,171,18,276
fit__7986__denoise__restore__nes__l0.5,1021,48,18,264,18,360
fit__7986__denoise__random_walk__random_walk__l0.5,1024,49,2,1023,2,1023
fit__7986__denoise__confidence_boost__nes__l0.5,1021,47,18,294,18,422
fit__7986__denoise__boundary_probe__nes__l0.5,1021,49,14,164,14,251
fit__7986__denoise__counterfactual__nes__l0.5,1021,49,18,199,2,308
fit__7986__deblur__attack__nes__l1,1021,49,15,290,15,407
fit__7986__deblur__restore__nes__l1,1021,49,11,282,11,388
fit__7986__deblur__random_walk__random_walk__l1,1024,50,2,1023,2,1023
fit__7986__deblur__confidence_boost__nes__l1,1021,47,18,225,3,315
fit__7986__deblur__boundary_probe__nes__l1,1021,48,6,219,4,348
fit__7986__deblur__counterfactual__nes__l1,1021,47,18,209,8,289
fit__3319__denoise__attack__nes__l0.5,1021,49,4,291,4,418
fit__3319__denoise__restore__nes__l0.5,1021,48,2,318,2,435
fit__3319__denoise__random_walk__random_walk__l0.5,1024,49,2,1023,2,1023
fit__3319__denoise__confidence_boost__nes__l0.5,1021,48,18,618,4,734
fit__3319__denoise__boundary_probe__nes__l0.5,1021,48,5,327,5,486
fit__3319__denoise__counterfactual__nes__l0.5,1021,47,2,402,2,537
fit__3319__deblur__attack__nes__l1,1021,49,18,386,18,516
fit__3319__deblur__restore__nes__l1,1021,49,2,401,2,530
fit__3319__deblur__random_walk__random_walk__l1,1024,49,2,1023,2,1023
fit__3319__deblur__confidence_boost__nes__l1,1021,48,2,255,2,377
fit__3319__deblur__boundary_probe__nes__l1,1021,48,18,294,18,451
fit__3319__deblur__counterfactual__nes__l1,1021,48,5,210,5,327
fit__9728__denoise__attack__nes__l0.5,1021,48,18,396,2,555
fit__9728__denoise__restore__nes__l0.5,1021,48,3,508,3,662
fit__9728__denoise__random_walk__random_walk__l0.5,1024,49,2,1023,2,1023
fit__9728__denoise__confidence_boost__nes__l0.5,1021,48,6,345,6,467
fit__9728__denoise__boundary_probe__nes__l0.5,1021,49,5,548,5,692
fit__9728__denoise__counterfactual__nes__l0.5,1021,47,5,470,5,629
fit__9728__deblur__attack__nes__l1,1021,50,5,627,5,784
fit__9728__deblur__restore__nes__l1,1021,48,2,608,2,747
fit__9728__deblur__random_walk__random_walk__l1,1024,49,2,1023,2,1023
fit__9728__deblur__confidence_boost__nes__l1,1021,49,2,689,2,834
fit__9728__deblur__boundary_probe__nes__l1,1021,48,3,625,3,761
fit__9728__deblur__counterfactual__nes__l1,1021,48,3,651,3,795
fit__4467__denoise__attack__nes__l0.5,1021,48,4,357,4,507
fit__4467__denoise__restore__nes__l0.5,1021,48,2,468,2,615
fit__4467__denoise__random_walk__random_walk__l0.5,1024,50,2,1023,2,1023
fit__4467__denoise__confidence_boost__nes__l0.5,1021,47,9,293,4,417
fit__4467__denoise__boundary_probe__nes__l0.5,1021,48,7,471,7,621
fit__4467__denoise__counterfactual__nes__l0.5,1021,49,9,369,3,510
fit__4467__deblur__attack__nes__l1,1021,48,2,220,2,314
fit__4467__deblur__restore__nes__l1,1021,48,3,403,3,515
fit__4467__deblur__random_walk__random_walk__l1,1024,49,2,1023,2,1023
fit__4467__deblur__confidence_boost__nes__l1,1021,49,2,378,2,514
fit__4467__deblur__boundary_probe__nes__l1,1021,48,2,305,2,447
fit__4467__deblur__counterfactual__nes__l1,1021,50,6,491,2,635
fit__983__denoise__attack__nes__l0.5,1021,49,6,379,6,516
fit__983__denoise__restore__nes__l0.5,1021,48,4,387,4,531
fit__983__denoise__random_walk__random_walk__l0.5,1024,49,2,1023,2,1023
fit__983__denoise__confidence_boost__nes__l0.5,1021,48,7,292,2,417
fit__983__denoise__boundary_probe__nes__l0.5,1021,48,4,504,2,662
fit__983__denoise__counterfactual__nes__l0.5,1021,47,6,480,5,636
fit__983__deblur__attack__nes__l1,1021,49,4,420,4,556
fit__983__deblur__restore__nes__l1,1021,48,6,329,6,456
fit__983__deblur__random_walk__random_walk__l1,1024,50,2,1023,2,1023
fit__983__deblur__confidence_boost__nes__l1,1021,49,6,476,6,625
fit__983__deblur__boundary_probe__nes__l1,1021,48,6,384,2,514
fit__983__deblur__counterfactual__nes__l1,1021,47,5,343,5,478
fit__6507__denoise__attack__nes__l0.5,1021,49,2,556,2,700
fit__6507__denoise__restore__nes__l0.5,1021,49,2,504,2,663
fit__6507__denoise__random_walk__random_walk__l0.5,1024,49,2,1023,2,1023
fit__6507__denoise__confidence_boost__nes__l0.5,1021,49,2,645,2,793
fit__6507__denoise__boundary_probe__nes__l0.5,1021,48,3,577,3,734
fit__6507__denoise__counterfactual__nes__l0.5,1021,47,2,315,2,425
fit__6507__deblur__attack__nes__l1,1021,47,18,331,11,448
fit__6507__deblur__restore__nes__l1,1021,48,3,585,3,734
fit__6507__deblur__random_walk__random_walk__l1,1024,50,2,1023,2,1023
fit__6507__deblur__confidence_boost__nes__l1,1021,49,4,595,3,736
fit__6507__deblur__boundary_probe__nes__l1,1021,48,2,496,2,647
fit__6507__deblur__counterfactual__nes__l1,1021,47,6,470,6,616
fit__4072__denoise__attack__nes__l0.5,1021,48,2,685,2,824
fit__4072__denoise__restore__nes__l0.5,1021,49,3,468,2,652
fit__4072__denoise__random_walk__random_walk__l0.5,1024,50,2,1023,2,1023
fit__4072__denoise__confidence_boost__nes__l0.5,1021,49,4,738,3,846
fit__4072__denoise__boundary_probe__nes__l0.5,1021,48,3,494,3,653
fit__4072__denoise__counterfactual__nes__l0.5,1021,49,5,439,4,589
fit__4072__deblur__attack__nes__l1,1021,48,8,196,8,299
fit__4072__deblur__restore__nes__l1,1021,48,15,238,15,353
fit__4072__deblur__random_walk__random_walk__l1,1024,50,2,1023,2,1023
fit__4072__deblur__confidence_boost__nes__l1,1021,47,18,261,18,359
fit__4072__deblur__boundary_probe__nes__l1,1021,47,18,273,3,404
fit__4072__deblur__counterfactual__nes__l1,1021,48,6,226,6,331
fit__9887__denoise__attack__nes__l0.5,1021,49,14,449,14,585
fit__9887__denoise__restore__nes__l0.5,1021,48,4,204,4,282
fit__9887__denoise__random_walk__random_walk__l0.5,1024,50,2,1023,2,1023
fit__9887__denoise__confidence_boost__nes__l0.5,1021,49,3,256,3,359
fit__9887__denoise__boundary_probe__nes__l0.5,1021,47,7,278,7,412
fit__9887__denoise__counterfactual__nes__l0.5,1021,50,7,428,7,570
fit__9887__deblur__attack__nes__l1,1021,48,2,424,2,602
fit__9887__deblur__restore__nes__l1,1021,49,2,584,2,731
fit__9887__deblur__random_walk__random_walk__l1,1024,49,2,1023,2,1023
fit__9887__deblur__confidence_boost__nes__l1,1021,48,6,648,2,783
fit__9887__deblur__boundary_probe__nes__l1,1021,48,4,723,2,843
fit__9887__deblur__counterfactual__nes__l1,1021,49,2,762,2,871
fit__6239__denoise__attack__nes__l0.5,1021,46,13,273,13,417
fit__6239__denoise__restore__nes__l0.5,1021,49,18,220,16,332
fit__6239__denoise__random_walk__random_walk__l0.5,1024,50,2,1023,2,1023
fit__6239__denoise__confidence_boost__nes__l0.5,1021,48,18,227,18,335
fit__6239__denoise__boundary_probe__nes__l0.5,1021,50,18,316,16,440
fit__6239__denoise__counterfactual__nes__l0.5,1021,48,18,210,18,324
fit__6239__deblur__attack__nes__l1,1021,49,4,372,4,510
fit__6239__deblur__restore__nes__l1,1021,48,8,307,8,433
fit__6239__deblur__random_walk__random_walk__l1,1024,49,2,1023,2,1023
fit__6239__deblur__confidence_boost__nes__l1,1021,48,2,434,2,584
fit__6239__deblur__boundary_probe__nes__l1,1021,49,3,468,3,589
fit__6239__deblur__counterfactual__nes__l1,1021,48,18,319,17,408
fit__216__denoise__attack__nes__l0.5,1021,48,18,366,4,507
fit__216__denoise__restore__nes__l0.5,1021,48,10,394,10,545
fit__216__denoise__random_walk__random_walk__l0.5,1024,49,2,1023,2,1023
fit__216__denoise__confidence_boost__nes__l0.5,1021,47,14,339,3,485
fit__216__denoise__boundary_probe__nes__l0.5,1021,47,7,366,5,502
fit__216__denoise__counterfactual__nes__l0.5,1021,48,10,502,4,632
fit__216__deblur__attack__nes__l1,1021,47,11,397,7,536
fit__216__deblur__restore__nes__l1,1021,49,10,242,6,346
fit__216__deblur__random_walk__random_walk__l1,1024,50,2,1023,2,1023
fit__216__deblur__confidence_boost__nes__l1,1021,46,18,232,18,322
fit__216__deblur__boundary_probe__nes__l1,1021,47,18,297,7,423
fit__216__deblur__counterfactual__nes__l1,1021,48,18,298,6,436
fit__3330__denoise__attack__nes__l0.5,1021,50,18,461,14,597
fit__3330__denoise__restore__nes__l0.5,1021,48,2,278,2,382
fit__3330__denoise__random_walk__random_walk__l0.5,1024,50,2,1023,2,1023
fit__3330__denoise__confidence_boost__nes__l0.5,1021,48,6,287,2,435
fit__3330__denoise__boundary_probe__nes__l0.5,1021,49,4,367,3,497
fit__3330__denoise__counterfactual__nes__l0.5,1021,48,4,319,4,447
fit__3330__deblur__attack__nes__l1,1021,48,9,399,2,527
fit__3330__deblur__restore__nes__l1,1021,48,6,478,2,635
fit__3330__deblur__random_walk__random_walk__l1,1024,49,2,1023,2,1023
fit__3330__deblur__confidence_boost__nes__l1,1021,49,14,566,5,721
fit__3330__deblur__boundary_probe__nes__l1,1021,49,7,689,3,810
fit__3330__deblur__counterfactual__nes__l1,1021,48,12,525,12,675
fit__2437__denoise__attack__nes__l0.5,1021,48,2,441,2,571
fit__2437__denoise__restore__nes__l0.5,1021,48,4,299,4,416
fit__2437__denoise__random_walk__random_walk__l0.5,1024,50,2,1023,2,1023
fit__2437__denoise__confidence_boost__nes__l0.5,1021,48,11,302,11,444
fit__2437__denoise__boundary_probe__nes__l0.5,1021,47,3,351,3,484
fit__2437__denoise__counterfactual__nes__l0.5,1021,48,3,468,2,619
fit__2437__deblur__attack__nes__l1,1021,49,3,566,2,701
fit__2437__deblur__restore__nes__l1,1021,49,11,610,11,756
fit__2437__deblur__random_walk__random_walk__l1,1024,49,2,1023,2,1023
fit__2437__deblur__confidence_boost__nes__l1,1021,49,3,332,3,457
fit__2437__deblur__boundary_probe__nes__l1,1021,48,10,589,4,731
fit__2437__deblur__counterfactual__nes__l1,1021,47,5,306,2,434
fit__7793__denoise__attack__nes__l0.5,1021,47,10,572,8,736
fit__7793__denoise__restore__nes__l0.5,1021,48,10,599,3,752
fit__7793__denoise__random_walk__random_walk__l0.5,1024,49,2,1023,2,1023
fit__7793__denoise__confidence_boost__nes__l0.5,1021,48,13,523,13,658
fit__7793__denoise__boundary_probe__nes__l0.5,1021,49,13,617,3,769
fit__7793__denoise__counterfactual__nes__l0.5,1021,48,9,531,9,668
fit__7793__deblur__attack__nes__l1,1021,47,18,312,18,413
fit__7793__deblur__restore__nes__l1,1021,48,6,144,4,227
fit__7793__deblur__random_walk__random_walk__l1,1024,50,2,1023,2,1023
fit__7793__deblur__confidence_boost__nes__l1,1021,47,18,234,16,334
fit__7793__deblur__boundary_probe__nes__l1,1021,48,7,303,7,417
fit__7793__deblur__counterfactual__nes__l1,1021,48,5,272,5,383
fit__4445__denoise__attack__nes__l0.5,1021,48,7,446,7,603
fit__4445__denoise__restore__nes__l0.5,1021,48,2,591,2,733
fit__4445__denoise__random_walk__random_walk__l0.5,1024,50,2,1023,2,1023
fit__4445__denoise__confidence_boost__nes__l0.5,1021,49,12,652,4,780
fit__4445__denoise__boundary_probe__nes__l0.5,1021,49,2,719,2,835
fit__4445__denoise__counterfactual__nes__l0.5,1021,48,9,546,2,699
fit__4445__deblur__attack__nes__l1,1021,48,4,307,4,439
fit__4445__deblur__restore__nes__l1,1021,49,3,319,3,428
fit__4445__deblur__random_walk__random_walk__l1,1024,49,2,1023,2,1023
fit__4445__deblur__confidence_boost__nes__l1,1021,47,12,309,11,431
fit__4445__deblur__boundary_probe__nes__l1,1021,48,13,328,13,464
fit__4445__deblur__counterfactual__nes__l1,1021,48,11,423,11,564
