session_id,split,workload,objective,largest_subsequence,n_subsequences,alarm_primary,alarm_lag20,attack_first_success
calibration__868__denoise__attack__nes__l0.5,calibration,denoise,attack,1021,1,88,72,-1
calibration__868__denoise__restore__nes__l0.5,calibration,denoise,restore,1018,4,45,30,-1
calibration__868__denoise__random_walk__random_walk__l0.5,calibration,denoise,random_walk,1024,1,16,22,-1
calibration__868__denoise__confidence_boost__nes__l0.5,calibration,denoise,confidence_boost,1021,1,35,22,-1
calibration__868__denoise__boundary_probe__nes__l0.5,calibration,denoise,boundary_probe,1021,1,40,29,-1
calibration__868__denoise__counterfactual__nes__l0.5,calibration,denoise,counterfactual,1017,4,44,87,-1
calibration__868__deblur__attack__nes__l1,calibration,deblur,attack,1021,1,188,30,687
calibration__868__deblur__restore__nes__l1,calibration,deblur,restore,1021,1,134,98,-1
calibration__868__deblur__random_walk__random_walk__l1,calibration,deblur,random_walk,1024,1,18,22,-1
calibration__868__deblur__confidence_boost__nes__l1,calibration,deblur,confidence_boost,1021,1,102,22,-1
calibration__868__deblur__boundary_probe__nes__l1,calibration,deblur,boundary_probe,1021,1,136,135,647
calibration__868__deblur__counterfactual__nes__l1,calibration,deblur,counterfactual,1021,1,139,122,664
calibration__5144__denoise__attack__nes__l0.5,calibration,denoise,attack,989,33,77,76,4
calibration__5144__denoise__restore__nes__l0.5,calibration,denoise,restore,1001,21,35,198,2
calibration__5144__denoise__random_walk__random_walk__l0.5,calibration,denoise,random_walk,1024,1,15,22,10
calibration__5144__denoise__confidence_boost__nes__l0.5,calibration,denoise,confidence_boost,1005,17,31,38,3
calibration__5144__denoise__boundary_probe__nes__l0.5,calibration,denoise,boundary_probe,997,24,157,169,3
calibration__5144__denoise__counterfactual__nes__l0.5,calibration,denoise,counterfactual,996,26,152,120,4
calibration__5144__deblur__attack__nes__l1,calibration,deblur,attack,1021,1,113,117,347
calibration__5144__deblur__restore__nes__l1,calibration,deblur,restore,1021,1,334,97,-1
calibration__5144__deblur__random_walk__random_walk__l1,calibration,deblur,random_walk,1024,1,15,22,-1
calibration__5144__deblur__confidence_boost__nes__l1,calibration,deblur,confidence_boost,1020,2,76,106,-1
calibration__5144__deblur__boundary_probe__nes__l1,calibration,deblur,boundary_probe,1021,1,116,116,400
calibration__5144__deblur__counterfactual__nes__l1,calibration,deblur,counterfactual,1021,1,117,113,441
calibration__2009__denoise__attack__nes__l0.5,calibration,denoise,attack,1021,1,76,24,598
calibration__2009__denoise__restore__nes__l0.5,calibration,denoise,restore,1021,1,47,47,-1
calibration__2009__denoise__random_walk__random_walk__l0.5,calibration,denoise,random_walk,1024,1,16,22,-1
calibration__2009__denoise__confidence_boost__nes__l0.5,calibration,denoise,confidence_boost,1021,1,75,22,-1
calibration__2009__denoise__boundary_probe__nes__l0.5,calibration,denoise,boundary_probe,1021,1,102,68,629
calibration__2009__denoise__counterfactual__nes__l0.5,calibration,denoise,counterfactual,1020,2,16,53,755
calibration__2009__deblur__attack__nes__l1,calibration,deblur,attack,1021,1,85,102,659
calibration__2009__deblur__restore__nes__l1,calibration,deblur,restore,1021,1,441,67,-1
calibration__2009__deblur__random_walk__random_walk__l1,calibration,deblur,random_walk,1024,1,15,22,-1
calibration__2009__deblur__confidence_boost__nes__l1,calibration,deblur,confidence_boost,1021,1,82,48,-1
calibration__2009__deblur__boundary_probe__nes__l1,calibration,deblur,boundary_probe,1021,1,113,110,714
calibration__2009__deblur__counterfactual__nes__l1,calibration,deblur,counterfactual,1020,2,109,82,673
calibration__7013__denoise__attack__nes__l0.5,calibration,denoise,attack,1009,12,49,54,-1
calibration__7013__denoise__restore__nes__l0.5,calibration,denoise,restore,996,26,68,73,-1
calibration__7013__denoise__random_walk__random_walk__l0.5,calibration,denoise,random_walk,1024,1,15,22,-1
calibration__7013__denoise__confidence_boost__nes__l0.5,calibration,denoise,confidence_boost,992,30,69,102,-1
calibration__7013__denoise__boundary_probe__nes__l0.5,calibration,denoise,boundary_probe,987,35,66,65,-1
calibration__7013__denoise__counterfactual__nes__l0.5,calibration,denoise,counterfactual,996,26,110,110,-1
calibration__7013__deblur__attack__nes__l1,calibration,deblur,attack,1006,16,147,118,1003
calibration__7013__deblur__restore__nes__l1,calibration,deblur,restore,994,28,308,406,-1
calibration__7013__deblur__random_walk__random_walk__l1,calibration,deblur,random_walk,1024,1,23,22,-1
calibration__7013__deblur__confidence_boost__nes__l1,calibration,deblur,confidence_boost,965,54,89,89,-1
calibration__7013__deblur__boundary_probe__nes__l1,calibration,deblur,boundary_probe,994,28,42,96,1005
calibration__7013__deblur__counterfactual__nes__l1,calibration,deblur,counterfactual,975,47,159,158,1007
calibration__3758__denoise__attack__nes__l0.5,calibration,denoise,attack,1010,12,105,40,351
calibration__3758__denoise__restore__nes__l0.5,calibration,denoise,restore,1013,9,184,190,-1
calibration__3758__denoise__random_walk__random_walk__l0.5,calibration,denoise,random_walk,1024,1,15,22,-1
calibration__3758__denoise__confidence_boost__nes__l0.5,calibration,denoise,confidence_boost,993,29,84,86,-1
calibration__3758__denoise__boundary_probe__nes__l0.5,calibration,denoise,boundary_probe,957,65,94,95,349
calibration__3758__denoise__counterfactual__nes__l0.5,calibration,denoise,counterfactual,1018,4,111,111,381
calibration__3758__deblur__attack__nes__l1,calibration,deblur,attack,1000,22,124,162,486
calibration__3758__deblur__restore__nes__l1,calibration,deblur,restore,1010,12,79,81,-1
calibration__3758__deblur__random_walk__random_walk__l1,calibration,deblur,random_walk,1024,1,15,22,-1
calibration__3758__deblur__confidence_boost__nes__l1,calibration,deblur,confidence_boost,1004,18,225,51,-1
calibration__3758__deblur__boundary_probe__nes__l1,calibration,deblur,boundary_probe,993,29,134,134,441
calibration__3758__deblur__counterfactual__nes__l1,calibration,deblur,counterfactual,1005,17,128,104,364
calibration__256__denoise__attack__nes__l0.5,calibration,denoise,attack,1021,1,82,98,208
calibration__256__denoise__restore__nes__l0.5,calibration,denoise,restore,1019,3,92,57,-1
calibration__256__denoise__random_walk__random_walk__l0.5,calibration,denoise,random_walk,1024,1,15,22,-1
calibration__256__denoise__confidence_boost__nes__l0.5,calibration,denoise,confidence_boost,1019,3,92,30,-1
calibration__256__denoise__boundary_probe__nes__l0.5,calibration,denoise,boundary_probe,1018,4,72,64,323
calibration__256__denoise__counterfactual__nes__l0.5,calibration,denoise,counterfactual,1021,1,45,36,259
calibration__256__deblur__attack__nes__l1,calibration,deblur,attack,1016,6,82,76,363
calibration__256__deblur__restore__nes__l1,calibration,deblur,restore,1013,7,175,184,-1
calibration__256__deblur__random_walk__random_walk__l1,calibration,deblur,random_walk,1024,1,24,23,-1
calibration__256__deblur__confidence_boost__nes__l1,calibration,deblur,confidence_boost,1021,1,21,22,-1
calibration__256__deblur__boundary_probe__nes__l1,calibration,deblur,boundary_probe,1016,6,74,76,422
calibration__256__deblur__counterfactual__nes__l1,calibration,deblur,counterfactual,1014,8,22,114,385
calibration__7618__denoise__attack__nes__l0.5,calibration,denoise,attack,948,74,149,149,249
calibration__7618__denoise__restore__nes__l0.5,calibration,denoise,restore,1001,21,89,99,-1
calibration__7618__denoise__random_walk__random_walk__l0.5,calibration,denoise,random_walk,1024,1,26,23,-1
calibration__7618__denoise__confidence_boost__nes__l0.5,calibration,denoise,confidence_boost,936,86,113,112,-1
calibration__7618__denoise__boundary_probe__nes__l0.5,calibration,denoise,boundary_probe,982,40,83,75,243
calibration__7618__denoise__counterfactual__nes__l0.5,calibration,denoise,counterfactual,965,57,76,78,255
calibration__7618__deblur__attack__nes__l1,calibration,deblur,attack,828,194,201,215,765
calibration__7618__deblur__restore__nes__l1,calibration,deblur,restore,842,180,351,353,-1
calibration__7618__deblur__random_walk__random_walk__l1,calibration,deblur,random_walk,1024,1,27,22,-1
calibration__7618__deblur__confidence_boost__nes__l1,calibration,deblur,confidence_boost,795,227,222,248,-1
calibration__7618__deblur__boundary_probe__nes__l1,calibration,deblur,boundary_probe,881,141,156,223,693
calibration__7618__deblur__counterfactual__nes__l1,calibration,deblur,counterfactual,873,149,174,173,651
calibration__1003__denoise__attack__nes__l0.5,calibration,denoise,attack,1018,4,89,88,-1
calibration__1003__denoise__restore__nes__l0.5,calibration,denoise,restore,1019,3,42,28,-1
calibration__1003__denoise__random_walk__random_walk__l0.5,calibration,denoise,random_walk,1024,1,15,22,-1
calibration__1003__denoise__confidence_boost__nes__l0.5,calibration,denoise,confidence_boost,1021,1,16,25,-1
calibration__1003__denoise__boundary_probe__nes__l0.5,calibration,denoise,boundary_probe,1021,1,51,30,-1
calibration__1003__denoise__counterfactual__nes__l0.5,calibration,denoise,counterfactual,1016,6,20,77,-1
calibration__1003__deblur__attack__nes__l1,calibration,deblur,attack,1021,1,60,29,479
calibration__1003__deblur__restore__nes__l1,calibration,deblur,restore,1021,1,40,372,-1
calibration__1003__deblur__random_walk__random_walk__l1,calibration,deblur,random_walk,1024,1,15,22,-1
calibration__1003__deblur__confidence_boost__nes__l1,calibration,deblur,confidence_boost,1021,1,120,123,-1
calibration__1003__deblur__boundary_probe__nes__l1,calibration,deblur,boundary_probe,1021,1,97,96,501
calibration__1003__deblur__counterfactual__nes__l1,calibration,deblur,counterfactual,1021,1,83,83,515
calibration__7552__denoise__attack__nes__l0.5,calibration,denoise,attack,1020,2,41,49,759
calibration__7552__denoise__restore__nes__l0.5,calibration,denoise,restore,1021,1,68,78,-1
calibration__7552__denoise__random_walk__random_walk__l0.5,calibration,denoise,random_walk,1024,1,15,22,-1
calibration__7552__denoise__confidence_boost__nes__l0.5,calibration,denoise,confidence_boost,1018,4,59,69,-1
calibration__7552__denoise__boundary_probe__nes__l0.5,calibration,denoise,boundary_probe,1020,2,84,30,709
calibration__7552__denoise__counterfactual__nes__l0.5,calibration,denoise,counterfactual,1020,2,38,24,775
calibration__7552__deblur__attack__nes__l1,calibration,deblur,attack,1021,1,138,54,-1
calibration__7552__deblur__restore__nes__l1,calibration,deblur,restore,1021,1,448,63,-1
calibration__7552__deblur__random_walk__random_walk__l1,calibration,deblur,random_walk,1024,1,16,22,-1
calibration__7552__deblur__confidence_boost__nes__l1,calibration,deblur,confidence_boost,1021,1,148,110,-1
calibration__7552__deblur__boundary_probe__nes__l1,calibration,deblur,boundary_probe,1021,1,117,52,-1
calibration__7552__deblur__counterfactual__nes__l1,calibration,deblur,counterfactual,1021,1,191,52,-1
calibration__2885__denoise__attack__nes__l0.5,calibration,denoise,attack,605,417,239,337,-1
calibration__2885__denoise__restore__nes__l0.5,calibration,denoise,restore,535,487,239,358,-1
calibration__2885__denoise__random_walk__random_walk__l0.5,calibration,denoise,random_walk,1024,1,15,22,-1
calibration__2885__denoise__confidence_boost__nes__l0.5,calibration,denoise,confidence_boost,688,334,239,320,-1
calibration__2885__denoise__boundary_probe__nes__l0.5,calibration,denoise,boundary_probe,650,372,239,341,-1
calibration__2885__denoise__counterfactual__nes__l0.5,calibration,denoise,counterfactual,752,270,222,281,-1
calibration__2885__deblur__attack__nes__l1,calibration,deblur,attack,649,373,239,341,885
calibration__2885__deblur__restore__nes__l1,calibration,deblur,restore,637,385,239,341,-1
calibration__2885__deblur__random_walk__random_walk__l1,calibration,deblur,random_walk,1024,1,29,29,-1
calibration__2885__deblur__confidence_boost__nes__l1,calibration,deblur,confidence_boost,732,290,226,296,-1
calibration__2885__deblur__boundary_probe__nes__l1,calibration,deblur,boundary_probe,708,314,239,323,807
calibration__2885__deblur__counterfactual__nes__l1,calibration,deblur,counterfactual,438,584,239,358,885
calibration__304__denoise__attack__nes__l0.5,calibration,denoise,attack,1013,9,79,81,-1
calibration__304__denoise__restore__nes__l0.5,calibration,denoise,restore,1004,18,61,50,-1
calibration__304__denoise__random_walk__random_walk__l0.5,calibration,denoise,random_walk,1024,1,15,22,-1
calibration__304__denoise__confidence_boost__nes__l0.5,calibration,denoise,confidence_boost,1011,11,51,46,-1
calibration__304__denoise__boundary_probe__nes__l0.5,calibration,denoise,boundary_probe,1015,7,87,112,-1
calibration__304__denoise__counterfactual__nes__l0.5,calibration,denoise,counterfactual,1008,14,76,82,-1
calibration__304__deblur__attack__nes__l1,calibration,deblur,attack,1013,9,173,43,732
calibration__304__deblur__restore__nes__l1,calibration,deblur,restore,1013,9,140,59,-1
calibration__304__deblur__random_walk__random_walk__l1,calibration,deblur,random_walk,1024,1,19,22,-1
calibration__304__deblur__confidence_boost__nes__l1,calibration,deblur,confidence_boost,1016,5,59,124,-1
calibration__304__deblur__boundary_probe__nes__l1,calibration,deblur,boundary_probe,1014,8,26,29,528
calibration__304__deblur__counterfactual__nes__l1,calibration,deblur,counterfactual,1008,14,120,74,613
calibration__7333__denoise__attack__nes__l0.5,calibration,denoise,attack,995,27,66,67,-1
calibration__7333__denoise__restore__nes__l0.5,calibration,denoise,restore,989,33,60,63,-1
calibration__7333__denoise__random_walk__random_walk__l0.5,calibration,denoise,random_walk,1024,1,15,22,-1
calibration__7333__denoise__confidence_boost__nes__l0.5,calibration,denoise,confidence_boost,1007,15,54,46,-1
calibration__7333__denoise__boundary_probe__nes__l0.5,calibration,denoise,boundary_probe,1014,8,92,92,-1
calibration__7333__denoise__counterfactual__nes__l0.5,calibration,denoise,counterfactual,1007,15,54,68,-1
calibration__7333__deblur__attack__nes__l1,calibration,deblur,attack,1016,6,134,103,239
calibration__7333__deblur__restore__nes__l1,calibration,deblur,restore,1008,14,220,216,-1
calibration__7333__deblur__random_walk__random_walk__l1,calibration,deblur,random_walk,1024,1,17,22,-1
calibration__7333__deblur__confidence_boost__nes__l1,calibration,deblur,confidence_boost,1004,18,149,132,-1
calibration__7333__deblur__boundary_probe__nes__l1,calibration,deblur,boundary_probe,1012,10,167,120,307
calibration__7333__deblur__counterfactual__nes__l1,calibration,deblur,counterfactual,1016,6,148,53,239
calibration__288__denoise__attack__nes__l0.5,calibration,denoise,attack,1004,18,57,56,286
calibration__288__denoise__restore__nes__l0.5,calibration,denoise,restore,1005,17,56,46,-1
calibration__288__denoise__random_walk__random_walk__l0.5,calibration,denoise,random_walk,1024,1,17,22,-1
calibration__288__denoise__confidence_boost__nes__l0.5,calibration,denoise,confidence_boost,1012,10,100,102,-1
calibration__288__denoise__boundary_probe__nes__l0.5,calibration,denoise,boundary_probe,1012,10,109,108,312
calibration__288__denoise__counterfactual__nes__l0.5,calibration,denoise,counterfactual,1010,12,66,36,230
calibration__288__deblur__attack__nes__l1,calibration,deblur,attack,1011,11,131,95,191
calibration__288__deblur__restore__nes__l1,calibration,deblur,restore,1014,8,70,75,-1
calibration__288__deblur__random_walk__random_walk__l1,calibration,deblur,random_walk,1024,1,15,22,180
calibration__288__deblur__confidence_boost__nes__l1,calibration,deblur,confidence_boost,1017,5,167,27,-1
calibration__288__deblur__boundary_probe__nes__l1,calibration,deblur,boundary_probe,1012,10,66,80,78
calibration__288__deblur__counterfactual__nes__l1,calibration,deblur,counterfactual,1002,20,37,41,230
calibration__7505__denoise__attack__nes__l0.5,calibration,denoise,attack,991,31,97,96,675
calibration__7505__denoise__restore__nes__l0.5,calibration,denoise,restore,1014,8,112,101,-1
calibration__7505__denoise__random_walk__random_walk__l0.5,calibration,denoise,random_walk,1024,1,15,22,-1
calibration__7505__denoise__confidence_boost__nes__l0.5,calibration,denoise,confidence_boost,1014,8,125,121,-1
calibration__7505__denoise__boundary_probe__nes__l0.5,calibration,denoise,boundary_probe,1018,4,83,97,568
calibration__7505__denoise__counterfactual__nes__l0.5,calibration,denoise,counterfactual,1017,5,45,34,748
calibration__7505__deblur__attack__nes__l1,calibration,deblur,attack,1020,2,84,67,246
calibration__7505__deblur__restore__nes__l1,calibration,deblur,restore,1017,5,19,26,-1
calibration__7505__deblur__random_walk__random_walk__l1,calibration,deblur,random_walk,1024,1,17,22,-1
calibration__7505__deblur__confidence_boost__nes__l1,calibration,deblur,confidence_boost,1020,2,48,33,-1
calibration__7505__deblur__boundary_probe__nes__l1,calibration,deblur,boundary_probe,1018,4,65,76,308
calibration__7505__deblur__counterfactual__nes__l1,calibration,deblur,counterfactual,1020,2,65,76,272
calibration__4296__denoise__attack__nes__l0.5,calibration,denoise,attack,1021,1,15,22,4
calibration__4296__denoise__restore__nes__l0.5,calibration,denoise,restore,1020,2,87,39,2
calibration__4296__denoise__random_walk__random_walk__l0.5,calibration,denoise,random_walk,1024,1,38,44,2
calibration__4296__denoise__confidence_boost__nes__l0.5,calibration,denoise,confidence_boost,1020,2,50,33,3
calibration__4296__denoise__boundary_probe__nes__l0.5,calibration,denoise,boundary_probe,1020,2,16,91,2
calibration__4296__denoise__counterfactual__nes__l0.5,calibration,denoise,counterfactual,1021,1,93,98,3
calibration__4296__deblur__attack__nes__l1,calibration,deblur,attack,1021,1,52,53,722
calibration__4296__deblur__restore__nes__l1,calibration,deblur,restore,1016,6,397,103,-1
calibration__4296__deblur__random_walk__random_walk__l1,calibration,deblur,random_walk,1024,1,15,22,-1
calibration__4296__deblur__confidence_boost__nes__l1,calibration,deblur,confidence_boost,1019,3,115,112,-1
calibration__4296__deblur__boundary_probe__nes__l1,calibration,deblur,boundary_probe,1018,4,123,25,783
calibration__4296__deblur__counterfactual__nes__l1,calibration,deblur,counterfactual,1020,2,103,103,731
calibration__76__denoise__attack__nes__l0.5,calibration,denoise,attack,1017,5,87,87,131
calibration__76__denoise__restore__nes__l0.5,calibration,denoise,restore,1018,4,96,72,-1
calibration__76__denoise__random_walk__random_walk__l0.5,calibration,denoise,random_walk,1024,1,18,22,-1
calibration__76__denoise__confidence_boost__nes__l0.5,calibration,denoise,confidence_boost,1017,5,90,86,-1
calibration__76__denoise__boundary_probe__nes__l0.5,calibration,denoise,boundary_probe,1021,1,30,23,155
calibration__76__denoise__counterfactual__nes__l0.5,calibration,denoise,counterfactual,1016,6,92,66,152
calibration__76__deblur__attack__nes__l1,calibration,deblur,attack,1018,4,18,130,419
calibration__76__deblur__restore__nes__l1,calibration,deblur,restore,1016,6,103,221,-1
calibration__76__deblur__random_walk__random_walk__l1,calibration,deblur,random_walk,1024,1,23,22,-1
calibration__76__deblur__confidence_boost__nes__l1,calibration,deblur,confidence_boost,1021,1,130,76,-1
calibration__76__deblur__boundary_probe__nes__l1,calibration,deblur,boundary_probe,1020,2,101,101,362
calibration__76__deblur__counterfactual__nes__l1,calibration,deblur,counterfactual,1019,3,125,124,249
calibration__6256__denoise__attack__nes__l0.5,calibration,denoise,attack,991,31,115,91,755
calibration__6256__denoise__restore__nes__l0.5,calibration,denoise,restore,999,23,68,72,-1
calibration__6256__denoise__random_walk__random_walk__l0.5,calibration,denoise,random_walk,1024,1,16,22,-1
calibration__6256__denoise__confidence_boost__nes__l0.5,calibration,denoise,confidence_boost,991,31,71,71,-1
calibration__6256__denoise__boundary_probe__nes__l0.5,calibration,denoise,boundary_probe,1002,20,56,53,631
calibration__6256__denoise__counterfactual__nes__l0.5,calibration,denoise,counterfactual,993,29,113,116,706
calibration__6256__deblur__attack__nes__l1,calibration,deblur,attack,1019,3,88,90,637
calibration__6256__deblur__restore__nes__l1,calibration,deblur,restore,1018,4,93,105,-1
calibration__6256__deblur__random_walk__random_walk__l1,calibration,deblur,random_walk,1024,1,16,22,-1
calibration__6256__deblur__confidence_boost__nes__l1,calibration,deblur,confidence_boost,1020,2,89,90,-1
calibration__6256__deblur__boundary_probe__nes__l1,calibration,deblur,boundary_probe,1021,1,26,24,778
calibration__6256__deblur__counterfactual__nes__l1,calibration,deblur,counterfactual,1020,2,51,36,929
evaluation__1109__denoise__attack__nes__l0.5,evaluation,denoise,attack,1021,1,40,23,143
evaluation__1109__denoise__restore__nes__l0.5,evaluation,denoise,restore,1020,2,41,39,-1
evaluation__1109__denoise__random_walk__random_walk__l0.5,evaluation,denoise,random_walk,1024,1,17,22,766
evaluation__1109__denoise__confidence_boost__nes__l0.5,evaluation,denoise,confidence_boost,1021,1,41,41,-1
evaluation__1109__denoise__boundary_probe__nes__l0.5,evaluation,denoise,boundary_probe,1020,2,45,29,151
evaluation__1109__denoise__counterfactual__nes__l0.5,evaluation,denoise,counterfactual,1020,2,104,48,299
evaluation__1109__deblur__attack__nes__l1,evaluation,deblur,attack,1019,3,97,30,-1
evaluation__1109__deblur__restore__nes__l1,evaluation,deblur,restore,1021,1,83,34,-1
evaluation__1109__deblur__random_walk__random_walk__l1,evaluation,deblur,random_walk,1024,1,22,22,-1
evaluation__1109__deblur__confidence_boost__nes__l1,evaluation,deblur,confidence_boost,1021,1,203,191,-1
evaluation__1109__deblur__boundary_probe__nes__l1,evaluation,deblur,boundary_probe,1019,3,98,98,-1
evaluation__1109__deblur__counterfactual__nes__l1,evaluation,deblur,counterfactual,1021,1,90,102,990
evaluation__6003__denoise__attack__nes__l0.5,evaluation,denoise,attack,1021,1,17,22,940
evaluation__6003__denoise__restore__nes__l0.5,evaluation,denoise,restore,1021,1,33,24,-1
evaluation__6003__denoise__random_walk__random_walk__l0.5,evaluation,denoise,random_walk,1024,1,15,22,-1
evaluation__6003__denoise__confidence_boost__nes__l0.5,evaluation,denoise,confidence_boost,1021,1,100,110,-1
evaluation__6003__denoise__boundary_probe__nes__l0.5,evaluation,denoise,boundary_probe,1021,1,40,29,-1
evaluation__6003__denoise__counterfactual__nes__l0.5,evaluation,denoise,counterfactual,1021,1,51,61,893
evaluation__6003__deblur__attack__nes__l1,evaluation,deblur,attack,1021,1,71,69,-1
evaluation__6003__deblur__restore__nes__l1,evaluation,deblur,restore,1021,1,324,447,-1
evaluation__6003__deblur__random_walk__random_walk__l1,evaluation,deblur,random_walk,1024,1,15,22,-1
evaluation__6003__deblur__confidence_boost__nes__l1,evaluation,deblur,confidence_boost,1021,1,189,128,-1
evaluation__6003__deblur__boundary_probe__nes__l1,evaluation,deblur,boundary_probe,1021,1,424,364,-1
evaluation__6003__deblur__counterfactual__nes__l1,evaluation,deblur,counterfactual,1021,1,200,182,-1
evaluation__8884__denoise__attack__nes__l0.5,evaluation,denoise,attack,1015,7,101,101,629
evaluation__8884__denoise__restore__nes__l0.5,evaluation,denoise,restore,1016,6,133,143,-1
evaluation__8884__denoise__random_walk__random_walk__l0.5,evaluation,denoise,random_walk,1024,1,15,22,-1
evaluation__8884__denoise__confidence_boost__nes__l0.5,evaluation,denoise,confidence_boost,984,38,123,122,-1
evaluation__8884__denoise__boundary_probe__nes__l0.5,evaluation,denoise,boundary_probe,1008,14,96,74,547
evaluation__8884__denoise__counterfactual__nes__l0.5,evaluation,denoise,counterfactual,1007,15,54,100,467
evaluation__8884__deblur__attack__nes__l1,evaluation,deblur,attack,1014,8,87,94,540
evaluation__8884__deblur__restore__nes__l1,evaluation,deblur,restore,1019,3,340,420,-1
evaluation__8884__deblur__random_walk__random_walk__l1,evaluation,deblur,random_walk,1024,1,15,22,-1
evaluation__8884__deblur__confidence_boost__nes__l1,evaluation,deblur,confidence_boost,1016,6,98,86,-1
evaluation__8884__deblur__boundary_probe__nes__l1,evaluation,deblur,boundary_probe,1020,2,52,106,531
evaluation__8884__deblur__counterfactual__nes__l1,evaluation,deblur,counterfactual,1017,5,106,68,530
evaluation__6__denoise__attack__nes__l0.5,evaluation,denoise,attack,863,159,172,180,5
evaluation__6__denoise__restore__nes__l0.5,evaluation,denoise,restore,899,123,168,183,144
evaluation__6__denoise__random_walk__random_walk__l0.5,evaluation,denoise,random_walk,1024,1,15,22,870
evaluation__6__denoise__confidence_boost__nes__l0.5,evaluation,denoise,confidence_boost,950,72,154,155,-1
evaluation__6__denoise__boundary_probe__nes__l0.5,evaluation,denoise,boundary_probe,813,209,210,322,3
evaluation__6__denoise__counterfactual__nes__l0.5,evaluation,denoise,counterfactual,849,173,171,193,43
evaluation__6__deblur__attack__nes__l1,evaluation,deblur,attack,646,376,222,307,3
evaluation__6__deblur__restore__nes__l1,evaluation,deblur,restore,696,326,523,509,2
evaluation__6__deblur__random_walk__random_walk__l1,evaluation,deblur,random_walk,1024,1,17,22,18
evaluation__6__deblur__confidence_boost__nes__l1,evaluation,deblur,confidence_boost,867,155,273,194,3
evaluation__6__deblur__boundary_probe__nes__l1,evaluation,deblur,boundary_probe,61,961,-1,-1,2
evaluation__6__deblur__counterfactual__nes__l1,evaluation,deblur,counterfactual,704,318,239,324,2
evaluation__1991__denoise__attack__nes__l0.5,evaluation,denoise,attack,950,72,159,160,-1
evaluation__1991__denoise__restore__nes__l0.5,evaluation,denoise,restore,868,154,167,179,-1
evaluation__1991__denoise__random_walk__random_walk__l0.5,evaluation,denoise,random_walk,1024,1,18,22,-1
evaluation__1991__denoise__confidence_boost__nes__l0.5,evaluation,denoise,confidence_boost,951,71,164,165,-1
evaluation__1991__denoise__boundary_probe__nes__l0.5,evaluation,denoise,boundary_probe,942,80,119,120,-1
evaluation__1991__denoise__counterfactual__nes__l0.5,evaluation,denoise,counterfactual,961,61,112,123,-1
evaluation__1991__deblur__attack__nes__l1,evaluation,deblur,attack,904,118,184,195,-1
evaluation__1991__deblur__restore__nes__l1,evaluation,deblur,restore,887,135,202,458,-1
evaluation__1991__deblur__random_walk__random_walk__l1,evaluation,deblur,random_walk,1024,1,26,27,-1
evaluation__1991__deblur__confidence_boost__nes__l1,evaluation,deblur,confidence_boost,874,148,293,300,-1
evaluation__1991__deblur__boundary_probe__nes__l1,evaluation,deblur,boundary_probe,776,246,222,256,-1
evaluation__1991__deblur__counterfactual__nes__l1,evaluation,deblur,counterfactual,862,160,164,180,-1
evaluation__6984__denoise__attack__nes__l0.5,evaluation,denoise,attack,992,30,111,94,-1
evaluation__6984__denoise__restore__nes__l0.5,evaluation,denoise,restore,932,90,165,154,-1
evaluation__6984__denoise__random_walk__random_walk__l0.5,evaluation,denoise,random_walk,1024,1,15,22,-1
evaluation__6984__denoise__confidence_boost__nes__l0.5,evaluation,denoise,confidence_boost,998,24,141,136,-1
evaluation__6984__denoise__boundary_probe__nes__l0.5,evaluation,denoise,boundary_probe,981,41,106,117,-1
evaluation__6984__denoise__counterfactual__nes__l0.5,evaluation,denoise,counterfactual,995,27,102,116,-1
evaluation__6984__deblur__attack__nes__l1,evaluation,deblur,attack,868,154,167,176,-1
evaluation__6984__deblur__restore__nes__l1,evaluation,deblur,restore,777,245,226,297,-1
evaluation__6984__deblur__random_walk__random_walk__l1,evaluation,deblur,random_walk,1024,1,15,22,-1
evaluation__6984__deblur__confidence_boost__nes__l1,evaluation,deblur,confidence_boost,925,97,158,171,-1
evaluation__6984__deblur__boundary_probe__nes__l1,evaluation,deblur,boundary_probe,977,45,117,134,-1
evaluation__6984__deblur__counterfactual__nes__l1,evaluation,deblur,counterfactual,920,102,174,140,-1
evaluation__8503__denoise__attack__nes__l0.5,evaluation,denoise,attack,1014,8,70,67,167
evaluation__8503__denoise__restore__nes__l0.5,evaluation,denoise,restore,978,44,62,66,-1
evaluation__8503__denoise__random_walk__random_walk__l0.5,evaluation,denoise,random_walk,1024,1,17,22,499
evaluation__8503__denoise__confidence_boost__nes__l0.5,evaluation,denoise,confidence_boost,990,32,120,115,-1
evaluation__8503__denoise__boundary_probe__nes__l0.5,evaluation,denoise,boundary_probe,999,23,58,62,143
evaluation__8503__denoise__counterfactual__nes__l0.5,evaluation,denoise,counterfactual,997,25,107,113,206
evaluation__8503__deblur__attack__nes__l1,evaluation,deblur,attack,1015,5,116,73,870
evaluation__8503__deblur__restore__nes__l1,evaluation,deblur,restore,1018,4,213,202,-1
evaluation__8503__deblur__random_walk__random_walk__l1,evaluation,deblur,random_walk,1024,1,15,22,-1
evaluation__8503__deblur__confidence_boost__nes__l1,evaluation,deblur,confidence_boost,1019,3,136,25,-1
evaluation__8503__deblur__boundary_probe__nes__l1,evaluation,deblur,boundary_probe,1016,6,55,49,923
evaluation__8503__deblur__counterfactual__nes__l1,evaluation,deblur,counterfactual,1004,18,110,114,825
evaluation__2170__denoise__attack__nes__l0.5,evaluation,denoise,attack,1013,9,48,34,110
evaluation__2170__denoise__restore__nes__l0.5,evaluation,denoise,restore,1015,7,46,37,13
evaluation__2170__denoise__random_walk__random_walk__l0.5,evaluation,denoise,random_walk,1024,1,15,22,-1
evaluation__2170__denoise__confidence_boost__nes__l0.5,evaluation,denoise,confidence_boost,1008,14,81,60,-1
evaluation__2170__denoise__boundary_probe__nes__l0.5,evaluation,denoise,boundary_probe,1003,19,93,93,76
evaluation__2170__denoise__counterfactual__nes__l0.5,evaluation,denoise,counterfactual,996,26,65,66,53
evaluation__2170__deblur__attack__nes__l1,evaluation,deblur,attack,964,58,145,142,364
evaluation__2170__deblur__restore__nes__l1,evaluation,deblur,restore,980,42,857,844,-1
evaluation__2170__deblur__random_walk__random_walk__l1,evaluation,deblur,random_walk,1024,1,15,22,-1
evaluation__2170__deblur__confidence_boost__nes__l1,evaluation,deblur,confidence_boost,938,84,234,241,-1
evaluation__2170__deblur__boundary_probe__nes__l1,evaluation,deblur,boundary_probe,864,158,309,312,318
evaluation__2170__deblur__counterfactual__nes__l1,evaluation,deblur,counterfactual,949,73,183,183,314
evaluation__4622__denoise__attack__nes__l0.5,evaluation,denoise,attack,1015,7,93,97,231
evaluation__4622__denoise__restore__nes__l0.5,evaluation,denoise,restore,1018,4,50,47,-1
evaluation__4622__denoise__random_walk__random_walk__l0.5,evaluation,denoise,random_walk,1024,1,15,22,-1
evaluation__4622__denoise__confidence_boost__nes__l0.5,evaluation,denoise,confidence_boost,1008,14,35,35,-1
evaluation__4622__denoise__boundary_probe__nes__l0.5,evaluation,denoise,boundary_probe,1007,15,124,83,244
evaluation__4622__denoise__counterfactual__nes__l0.5,evaluation,denoise,counterfactual,1005,15,30,42,282
evaluation__4622__deblur__attack__nes__l1,evaluation,deblur,attack,1020,2,84,122,247
evaluation__4622__deblur__restore__nes__l1,evaluation,deblur,restore,1021,1,252,260,-1
evaluation__4622__deblur__random_walk__random_walk__l1,evaluation,deblur,random_walk,1024,1,15,22,-1
evaluation__4622__deblur__confidence_boost__nes__l1,evaluation,deblur,confidence_boost,1021,1,92,97,-1
evaluation__4622__deblur__boundary_probe__nes__l1,evaluation,deblur,boundary_probe,1021,1,90,89,265
evaluation__4622__deblur__counterfactual__nes__l1,evaluation,deblur,counterfactual,1020,2,111,111,235
evaluation__7902__denoise__attack__nes__l0.5,evaluation,denoise,attack,968,54,98,101,-1
evaluation__7902__denoise__restore__nes__l0.5,evaluation,denoise,restore,946,76,149,157,-1
evaluation__7902__denoise__random_walk__random_walk__l0.5,evaluation,denoise,random_walk,1024,1,15,22,-1
evaluation__7902__denoise__confidence_boost__nes__l0.5,evaluation,denoise,confidence_boost,954,68,136,139,-1
evaluation__7902__denoise__boundary_probe__nes__l0.5,evaluation,denoise,boundary_probe,970,52,113,125,-1
evaluation__7902__denoise__counterfactual__nes__l0.5,evaluation,denoise,counterfactual,971,51,118,79,-1
evaluation__7902__deblur__attack__nes__l1,evaluation,deblur,attack,1020,2,93,93,-1
evaluation__7902__deblur__restore__nes__l1,evaluation,deblur,restore,1020,2,36,26,-1
evaluation__7902__deblur__random_walk__random_walk__l1,evaluation,deblur,random_walk,1024,1,15,22,-1
evaluation__7902__deblur__confidence_boost__nes__l1,evaluation,deblur,confidence_boost,1018,4,79,100,-1
evaluation__7902__deblur__boundary_probe__nes__l1,evaluation,deblur,boundary_probe,1017,5,44,91,-1
evaluation__7902__deblur__counterfactual__nes__l1,evaluation,deblur,counterfactual,1021,1,64,64,-1
evaluation__1603__denoise__attack__nes__l0.5,evaluation,denoise,attack,996,26,113,110,2
evaluation__1603__denoise__restore__nes__l0.5,evaluation,denoise,restore,926,96,165,160,3
evaluation__1603__denoise__random_walk__random_walk__l0.5,evaluation,denoise,random_walk,1024,1,31,35,42
evaluation__1603__denoise__confidence_boost__nes__l0.5,evaluation,denoise,confidence_boost,947,75,94,96,2
evaluation__1603__denoise__boundary_probe__nes__l0.5,evaluation,denoise,boundary_probe,945,77,116,109,3
evaluation__1603__denoise__counterfactual__nes__l0.5,evaluation,denoise,counterfactual,960,62,151,187,2
evaluation__1603__deblur__attack__nes__l1,evaluation,deblur,attack,986,36,137,136,732
evaluation__1603__deblur__restore__nes__l1,evaluation,deblur,restore,1001,21,463,466,-1
evaluation__1603__deblur__random_walk__random_walk__l1,evaluation,deblur,random_walk,1024,1,15,22,-1
evaluation__1603__deblur__confidence_boost__nes__l1,evaluation,deblur,confidence_boost,1001,21,152,148,-1
evaluation__1603__deblur__boundary_probe__nes__l1,evaluation,deblur,boundary_probe,983,39,149,120,691
evaluation__1603__deblur__counterfactual__nes__l1,evaluation,deblur,counterfactual,995,27,134,128,721
evaluation__5413__denoise__attack__nes__l0.5,evaluation,denoise,attack,953,69,170,173,712
evaluation__5413__denoise__restore__nes__l0.5,evaluation,denoise,restore,912,110,124,131,-1
evaluation__5413__denoise__random_walk__random_walk__l0.5,evaluation,denoise,random_walk,1024,1,17,22,-1
evaluation__5413__denoise__confidence_boost__nes__l0.5,evaluation,denoise,confidence_boost,948,74,149,148,-1
evaluation__5413__denoise__boundary_probe__nes__l0.5,evaluation,denoise,boundary_probe,992,30,45,51,617
evaluation__5413__denoise__counterfactual__nes__l0.5,evaluation,denoise,counterfactual,943,79,176,176,520
evaluation__5413__deblur__attack__nes__l1,evaluation,deblur,attack,954,68,183,182,701
evaluation__5413__deblur__restore__nes__l1,evaluation,deblur,restore,929,93,364,379,-1
evaluation__5413__deblur__random_walk__random_walk__l1,evaluation,deblur,random_walk,1024,1,16,22,-1
evaluation__5413__deblur__confidence_boost__nes__l1,evaluation,deblur,confidence_boost,961,61,165,167,-1
evaluation__5413__deblur__boundary_probe__nes__l1,evaluation,deblur,boundary_probe,979,43,114,114,810
evaluation__5413__deblur__counterfactual__nes__l1,evaluation,deblur,counterfactual,955,67,110,111,773
evaluation__6786__denoise__attack__nes__l0.5,evaluation,denoise,attack,991,31,70,65,64
evaluation__6786__denoise__restore__nes__l0.5,evaluation,denoise,restore,1006,16,100,39,325
evaluation__6786__denoise__random_walk__random_walk__l0.5,evaluation,denoise,random_walk,1024,1,21,22,-1
evaluation__6786__denoise__confidence_boost__nes__l0.5,evaluation,denoise,confidence_boost,1013,9,48,79,45
evaluation__6786__denoise__boundary_probe__nes__l0.5,evaluation,denoise,boundary_probe,988,34,74,82,53
evaluation__6786__denoise__counterfactual__nes__l0.5,evaluation,denoise,counterfactual,1016,6,118,122,82
evaluation__6786__deblur__attack__nes__l1,evaluation,deblur,attack,1006,16,66,67,105
evaluation__6786__deblur__restore__nes__l1,evaluation,deblur,restore,1015,7,154,267,-1
evaluation__6786__deblur__random_walk__random_walk__l1,evaluation,deblur,random_walk,1024,1,15,22,-1
evaluation__6786__deblur__confidence_boost__nes__l1,evaluation,deblur,confidence_boost,1015,7,61,67,-1
evaluation__6786__deblur__boundary_probe__nes__l1,evaluation,deblur,boundary_probe,1020,2,116,33,207
evaluation__6786__deblur__counterfactual__nes__l1,evaluation,deblur,counterfactual,1021,1,132,147,279
evaluation__463__denoise__attack__nes__l0.5,evaluation,denoise,attack,1002,20,69,69,6
evaluation__463__denoise__restore__nes__l0.5,evaluation,denoise,restore,1002,20,69,50,2
evaluation__463__denoise__random_walk__random_walk__l0.5,evaluation,denoise,random_walk,1024,1,26,25,-1
evaluation__463__denoise__confidence_boost__nes__l0.5,evaluation,denoise,confidence_boost,1015,7,66,85,6
evaluation__463__denoise__boundary_probe__nes__l0.5,evaluation,denoise,boundary_probe,1005,16,55,44,8
evaluation__463__denoise__counterfactual__nes__l0.5,evaluation,denoise,counterfactual,1005,17,31,40,10
evaluation__463__deblur__attack__nes__l1,evaluation,deblur,attack,1017,5,213,44,409
evaluation__463__deblur__restore__nes__l1,evaluation,deblur,restore,1015,7,547,451,-1
evaluation__463__deblur__random_walk__random_walk__l1,evaluation,deblur,random_walk,1024,1,15,22,-1
evaluation__463__deblur__confidence_boost__nes__l1,evaluation,deblur,confidence_boost,1016,6,130,128,-1
evaluation__463__deblur__boundary_probe__nes__l1,evaluation,deblur,boundary_probe,1013,9,146,120,307
evaluation__463__deblur__counterfactual__nes__l1,evaluation,deblur,counterfactual,1021,1,171,65,341
evaluation__3809__denoise__attack__nes__l0.5,evaluation,denoise,attack,450,572,239,358,161
evaluation__3809__denoise__restore__nes__l0.5,evaluation,denoise,restore,264,758,239,341,-1
evaluation__3809__denoise__random_walk__random_walk__l0.5,evaluation,denoise,random_walk,1024,1,15,22,1021
evaluation__3809__denoise__confidence_boost__nes__l0.5,evaluation,denoise,confidence_boost,527,495,221,324,-1
evaluation__3809__denoise__boundary_probe__nes__l0.5,evaluation,denoise,boundary_probe,341,681,239,341,161
evaluation__3809__denoise__counterfactual__nes__l0.5,evaluation,denoise,counterfactual,75,947,239,358,182
evaluation__3809__deblur__attack__nes__l1,evaluation,deblur,attack,368,654,222,326,589
evaluation__3809__deblur__restore__nes__l1,evaluation,deblur,restore,525,497,765,729,-1
evaluation__3809__deblur__random_walk__random_walk__l1,evaluation,deblur,random_walk,1024,1,15,22,-1
evaluation__3809__deblur__confidence_boost__nes__l1,evaluation,deblur,confidence_boost,513,509,239,358,-1
evaluation__3809__deblur__boundary_probe__nes__l1,evaluation,deblur,boundary_probe,413,609,239,358,640
evaluation__3809__deblur__counterfactual__nes__l1,evaluation,deblur,counterfactual,483,539,239,358,593
evaluation__4600__denoise__attack__nes__l0.5,evaluation,denoise,attack,991,31,47,65,246
evaluation__4600__denoise__restore__nes__l0.5,evaluation,denoise,restore,973,49,136,177,-1
evaluation__4600__denoise__random_walk__random_walk__l0.5,evaluation,denoise,random_walk,1024,1,21,22,-1
evaluation__4600__denoise__confidence_boost__nes__l0.5,evaluation,denoise,confidence_boost,963,59,178,169,-1
evaluation__4600__denoise__boundary_probe__nes__l0.5,evaluation,denoise,boundary_probe,990,32,81,81,223
evaluation__4600__denoise__counterfactual__nes__l0.5,evaluation,denoise,counterfactual,992,30,68,54,286
evaluation__4600__deblur__attack__nes__l1,evaluation,deblur,attack,814,208,205,223,-1
evaluation__4600__deblur__restore__nes__l1,evaluation,deblur,restore,735,287,290,300,-1
evaluation__4600__deblur__random_walk__random_walk__l1,evaluation,deblur,random_walk,1024,1,17,22,-1
evaluation__4600__deblur__confidence_boost__nes__l1,evaluation,deblur,confidence_boost,717,305,239,307,-1
evaluation__4600__deblur__boundary_probe__nes__l1,evaluation,deblur,boundary_probe,808,214,192,224,-1
evaluation__4600__deblur__counterfactual__nes__l1,evaluation,deblur,counterfactual,853,169,178,220,-1
evaluation__9393__denoise__attack__nes__l0.5,evaluation,denoise,attack,882,140,154,164,694
evaluation__9393__denoise__restore__nes__l0.5,evaluation,denoise,restore,888,134,241,177,-1
evaluation__9393__denoise__random_walk__random_walk__l0.5,evaluation,denoise,random_walk,1024,1,15,22,-1
evaluation__9393__denoise__confidence_boost__nes__l0.5,evaluation,denoise,confidence_boost,877,145,152,222,-1
evaluation__9393__denoise__boundary_probe__nes__l0.5,evaluation,denoise,boundary_probe,814,208,219,226,605
evaluation__9393__denoise__counterfactual__nes__l0.5,evaluation,denoise,counterfactual,885,137,151,158,696
evaluation__9393__deblur__attack__nes__l1,evaluation,deblur,attack,805,217,231,234,430
evaluation__9393__deblur__restore__nes__l1,evaluation,deblur,restore,644,378,820,427,-1
evaluation__9393__deblur__random_walk__random_walk__l1,evaluation,deblur,random_walk,1024,1,15,22,-1
evaluation__9393__deblur__confidence_boost__nes__l1,evaluation,deblur,confidence_boost,788,234,222,254,-1
evaluation__9393__deblur__boundary_probe__nes__l1,evaluation,deblur,boundary_probe,704,318,239,341,543
evaluation__9393__deblur__counterfactual__nes__l1,evaluation,deblur,counterfactual,711,311,239,317,414
evaluation__2487__denoise__attack__nes__l0.5,evaluation,denoise,attack,1008,14,53,39,894
evaluation__2487__denoise__restore__nes__l0.5,evaluation,denoise,restore,1004,18,56,54,-1
evaluation__2487__denoise__random_walk__random_walk__l0.5,evaluation,denoise,random_walk,1024,1,15,22,-1
evaluation__2487__denoise__confidence_boost__nes__l0.5,evaluation,denoise,confidence_boost,1013,9,90,72,-1
evaluation__2487__denoise__boundary_probe__nes__l0.5,evaluation,denoise,boundary_probe,987,34,115,56,963
evaluation__2487__denoise__counterfactual__nes__l0.5,evaluation,denoise,counterfactual,1000,22,99,105,874
evaluation__2487__deblur__attack__nes__l1,evaluation,deblur,attack,1019,3,103,109,167
evaluation__2487__deblur__restore__nes__l1,evaluation,deblur,restore,1018,4,218,232,-1
evaluation__2487__deblur__random_walk__random_walk__l1,evaluation,deblur,random_walk,1024,1,15,22,-1
evaluation__2487__deblur__confidence_boost__nes__l1,evaluation,deblur,confidence_boost,1017,5,49,34,-1
evaluation__2487__deblur__boundary_probe__nes__l1,evaluation,deblur,boundary_probe,1021,1,40,22,98
evaluation__2487__deblur__counterfactual__nes__l1,evaluation,deblur,counterfactual,1016,6,83,102,149
evaluation__5947__denoise__attack__nes__l0.5,evaluation,denoise,attack,986,36,60,60,-1
evaluation__5947__denoise__restore__nes__l0.5,evaluation,denoise,restore,982,40,117,118,-1
evaluation__5947__denoise__random_walk__random_walk__l0.5,evaluation,denoise,random_walk,1024,1,15,22,-1
evaluation__5947__denoise__confidence_boost__nes__l0.5,evaluation,denoise,confidence_boost,977,45,133,142,-1
evaluation__5947__denoise__boundary_probe__nes__l0.5,evaluation,denoise,boundary_probe,951,71,166,157,-1
evaluation__5947__denoise__counterfactual__nes__l0.5,evaluation,denoise,counterfactual,1002,20,59,60,-1
evaluation__5947__deblur__attack__nes__l1,evaluation,deblur,attack,1012,10,157,108,596
evaluation__5947__deblur__restore__nes__l1,evaluation,deblur,restore,990,32,413,205,-1
evaluation__5947__deblur__random_walk__random_walk__l1,evaluation,deblur,random_walk,1024,1,19,24,-1
evaluation__5947__deblur__confidence_boost__nes__l1,evaluation,deblur,confidence_boost,1003,19,130,125,-1
evaluation__5947__deblur__boundary_probe__nes__l1,evaluation,deblur,boundary_probe,1010,12,175,103,579
evaluation__5947__deblur__counterfactual__nes__l1,evaluation,deblur,counterfactual,995,27,160,86,732
evaluation__9261__denoise__attack__nes__l0.5,evaluation,denoise,attack,906,116,130,137,274
evaluation__9261__denoise__restore__nes__l0.5,evaluation,denoise,restore,951,71,145,136,-1
evaluation__9261__denoise__random_walk__random_walk__l0.5,evaluation,denoise,random_walk,1024,1,15,22,-1
evaluation__9261__denoise__confidence_boost__nes__l0.5,evaluation,denoise,confidence_boost,931,91,120,179,-1
evaluation__9261__denoise__boundary_probe__nes__l0.5,evaluation,denoise,boundary_probe,946,76,144,104,199
evaluation__9261__denoise__counterfactual__nes__l0.5,evaluation,denoise,counterfactual,889,133,148,154,183
evaluation__9261__deblur__attack__nes__l1,evaluation,deblur,attack,834,188,368,341,-1
evaluation__9261__deblur__restore__nes__l1,evaluation,deblur,restore,779,243,239,257,-1
evaluation__9261__deblur__random_walk__random_walk__l1,evaluation,deblur,random_walk,1024,1,15,22,-1
evaluation__9261__deblur__confidence_boost__nes__l1,evaluation,deblur,confidence_boost,895,127,141,147,-1
evaluation__9261__deblur__boundary_probe__nes__l1,evaluation,deblur,boundary_probe,892,130,284,276,-1
evaluation__9261__deblur__counterfactual__nes__l1,evaluation,deblur,counterfactual,869,153,345,281,-1
evaluation__1641__denoise__attack__nes__l0.5,evaluation,denoise,attack,802,220,226,241,807
evaluation__1641__denoise__restore__nes__l0.5,evaluation,denoise,restore,866,156,195,221,-1
evaluation__1641__denoise__random_walk__random_walk__l0.5,evaluation,denoise,random_walk,1024,1,15,22,-1
evaluation__1641__denoise__confidence_boost__nes__l0.5,evaluation,denoise,confidence_boost,936,86,166,159,-1
evaluation__1641__denoise__boundary_probe__nes__l0.5,evaluation,denoise,boundary_probe,917,105,136,178,923
evaluation__1641__denoise__counterfactual__nes__l0.5,evaluation,denoise,counterfactual,906,116,155,151,957
evaluation__1641__deblur__attack__nes__l1,evaluation,deblur,attack,951,71,198,198,-1
evaluation__1641__deblur__restore__nes__l1,evaluation,deblur,restore,992,30,103,257,-1
evaluation__1641__deblur__random_walk__random_walk__l1,evaluation,deblur,random_walk,1024,1,15,22,-1
evaluation__1641__deblur__confidence_boost__nes__l1,evaluation,deblur,confidence_boost,970,52,166,160,-1
evaluation__1641__deblur__boundary_probe__nes__l1,evaluation,deblur,boundary_probe,980,42,87,90,-1
evaluation__1641__deblur__counterfactual__nes__l1,evaluation,deblur,counterfactual,991,31,148,138,-1
evaluation__4465__denoise__attack__nes__l0.5,evaluation,denoise,attack,980,42,136,114,682
evaluation__4465__denoise__restore__nes__l0.5,evaluation,denoise,restore,947,75,119,119,-1
evaluation__4465__denoise__random_walk__random_walk__l0.5,evaluation,denoise,random_walk,1024,1,15,22,-1
evaluation__4465__denoise__confidence_boost__nes__l0.5,evaluation,denoise,confidence_boost,984,38,111,105,-1
evaluation__4465__denoise__boundary_probe__nes__l0.5,evaluation,denoise,boundary_probe,975,47,64,68,824
evaluation__4465__denoise__counterfactual__nes__l0.5,evaluation,denoise,counterfactual,991,31,70,54,652
evaluation__4465__deblur__attack__nes__l1,evaluation,deblur,attack,982,40,148,147,297
evaluation__4465__deblur__restore__nes__l1,evaluation,deblur,restore,1002,20,140,52,-1
evaluation__4465__deblur__random_walk__random_walk__l1,evaluation,deblur,random_walk,1024,1,15,22,-1
evaluation__4465__deblur__confidence_boost__nes__l1,evaluation,deblur,confidence_boost,919,103,175,177,-1
evaluation__4465__deblur__boundary_probe__nes__l1,evaluation,deblur,boundary_probe,983,39,156,153,301
evaluation__4465__deblur__counterfactual__nes__l1,evaluation,deblur,counterfactual,985,37,84,122,280
evaluation__7337__denoise__attack__nes__l0.5,evaluation,denoise,attack,1020,2,18,72,373
evaluation__7337__denoise__restore__nes__l0.5,evaluation,denoise,restore,1020,2,22,23,-1
evaluation__7337__denoise__random_walk__random_walk__l0.5,evaluation,denoise,random_walk,1024,1,15,22,-1
evaluation__7337__denoise__confidence_boost__nes__l0.5,evaluation,denoise,confidence_boost,1013,9,100,64,-1
evaluation__7337__denoise__boundary_probe__nes__l0.5,evaluation,denoise,boundary_probe,1006,16,124,39,509
evaluation__7337__denoise__counterfactual__nes__l0.5,evaluation,denoise,counterfactual,1013,9,56,53,512
evaluation__7337__deblur__attack__nes__l1,evaluation,deblur,attack,1021,1,69,96,870
evaluation__7337__deblur__restore__nes__l1,evaluation,deblur,restore,1021,1,228,66,-1
evaluation__7337__deblur__random_walk__random_walk__l1,evaluation,deblur,random_walk,1024,1,15,22,-1
evaluation__7337__deblur__confidence_boost__nes__l1,evaluation,deblur,confidence_boost,1021,1,203,22,-1
evaluation__7337__deblur__boundary_probe__nes__l1,evaluation,deblur,boundary_probe,1021,1,107,112,876
evaluation__7337__deblur__counterfactual__nes__l1,evaluation,deblur,counterfactual,1021,1,130,83,-1
evaluation__56__denoise__attack__nes__l0.5,evaluation,denoise,attack,1004,18,107,70,224
evaluation__56__denoise__restore__nes__l0.5,evaluation,denoise,restore,999,23,137,117,-1
evaluation__56__denoise__random_walk__random_walk__l0.5,evaluation,denoise,random_walk,1024,1,16,22,-1
evaluation__56__denoise__confidence_boost__nes__l0.5,evaluation,denoise,confidence_boost,998,24,83,83,-1
evaluation__56__denoise__boundary_probe__nes__l0.5,evaluation,denoise,boundary_probe,990,32,83,121,187
evaluation__56__denoise__counterfactual__nes__l0.5,evaluation,denoise,counterfactual,998,24,63,57,160
evaluation__56__deblur__attack__nes__l1,evaluation,deblur,attack,995,27,111,112,262
evaluation__56__deblur__restore__nes__l1,evaluation,deblur,restore,1005,17,209,264,-1
evaluation__56__deblur__random_walk__random_walk__l1,evaluation,deblur,random_walk,1024,1,15,22,679
evaluation__56__deblur__confidence_boost__nes__l1,evaluation,deblur,confidence_boost,1007,15,109,96,-1
evaluation__56__deblur__boundary_probe__nes__l1,evaluation,deblur,boundary_probe,1004,18,67,69,231
evaluation__56__deblur__counterfactual__nes__l1,evaluation,deblur,counterfactual,978,43,95,73,299
evaluation__3788__denoise__attack__nes__l0.5,evaluation,denoise,attack,969,53,117,101,173
evaluation__3788__denoise__restore__nes__l0.5,evaluation,denoise,restore,983,39,55,157,-1
evaluation__3788__denoise__random_walk__random_walk__l0.5,evaluation,denoise,random_walk,1024,1,24,25,-1
evaluation__3788__denoise__confidence_boost__nes__l0.5,evaluation,denoise,confidence_boost,961,61,123,126,-1
evaluation__3788__denoise__boundary_probe__nes__l0.5,evaluation,denoise,boundary_probe,962,60,132,133,207
evaluation__3788__denoise__counterfactual__nes__l0.5,evaluation,denoise,counterfactual,957,65,121,124,195
evaluation__3788__deblur__attack__nes__l1,evaluation,deblur,attack,936,86,151,152,746
evaluation__3788__deblur__restore__nes__l1,evaluation,deblur,restore,977,45,200,103,-1
evaluation__3788__deblur__random_walk__random_walk__l1,evaluation,deblur,random_walk,1024,1,15,22,-1
evaluation__3788__deblur__confidence_boost__nes__l1,evaluation,deblur,confidence_boost,979,43,169,154,-1
evaluation__3788__deblur__boundary_probe__nes__l1,evaluation,deblur,boundary_probe,985,37,118,86,700
evaluation__3788__deblur__counterfactual__nes__l1,evaluation,deblur,counterfactual,964,58,77,79,709
evaluation__5668__denoise__attack__nes__l0.5,evaluation,denoise,attack,950,72,138,122,563
evaluation__5668__denoise__restore__nes__l0.5,evaluation,denoise,restore,969,53,91,80,-1
evaluation__5668__denoise__random_walk__random_walk__l0.5,evaluation,denoise,random_walk,1024,1,19,22,-1
evaluation__5668__denoise__confidence_boost__nes__l0.5,evaluation,denoise,confidence_boost,948,74,138,103,-1
evaluation__5668__denoise__boundary_probe__nes__l0.5,evaluation,denoise,boundary_probe,981,41,77,78,770
evaluation__5668__denoise__counterfactual__nes__l0.5,evaluation,denoise,counterfactual,1000,22,125,124,903
evaluation__5668__deblur__attack__nes__l1,evaluation,deblur,attack,1017,5,28,41,-1
evaluation__5668__deblur__restore__nes__l1,evaluation,deblur,restore,1016,6,207,293,-1
evaluation__5668__deblur__random_walk__random_walk__l1,evaluation,deblur,random_walk,1024,1,15,22,-1
evaluation__5668__deblur__confidence_boost__nes__l1,evaluation,deblur,confidence_boost,1012,10,151,115,-1
evaluation__5668__deblur__boundary_probe__nes__l1,evaluation,deblur,boundary_probe,1019,3,106,110,-1
evaluation__5668__deblur__counterfactual__nes__l1,evaluation,deblur,counterfactual,1007,15,102,102,-1
evaluation__8466__denoise__attack__nes__l0.5,evaluation,denoise,attack,1018,4,77,25,726
evaluation__8466__denoise__restore__nes__l0.5,evaluation,denoise,restore,1015,7,102,136,-1
evaluation__8466__denoise__random_walk__random_walk__l0.5,evaluation,denoise,random_walk,1024,1,21,26,-1
evaluation__8466__denoise__confidence_boost__nes__l0.5,evaluation,denoise,confidence_boost,1010,12,96,111,-1
evaluation__8466__denoise__boundary_probe__nes__l0.5,evaluation,denoise,boundary_probe,1011,11,51,68,612
evaluation__8466__denoise__counterfactual__nes__l0.5,evaluation,denoise,counterfactual,1007,15,81,51,663
evaluation__8466__deblur__attack__nes__l1,evaluation,deblur,attack,1010,11,68,67,955
evaluation__8466__deblur__restore__nes__l1,evaluation,deblur,restore,1017,5,298,180,-1
evaluation__8466__deblur__random_walk__random_walk__l1,evaluation,deblur,random_walk,1024,1,15,22,-1
evaluation__8466__deblur__confidence_boost__nes__l1,evaluation,deblur,confidence_boost,1019,3,161,124,-1
evaluation__8466__deblur__boundary_probe__nes__l1,evaluation,deblur,boundary_probe,1017,5,27,26,853
evaluation__8466__deblur__counterfactual__nes__l1,evaluation,deblur,counterfactual,1007,13,92,36,-1
evaluation__1866__denoise__attack__nes__l0.5,evaluation,denoise,attack,1013,9,58,68,887
evaluation__1866__denoise__restore__nes__l0.5,evaluation,denoise,restore,1019,3,52,34,-1
evaluation__1866__denoise__random_walk__random_walk__l0.5,evaluation,denoise,random_walk,1024,1,19,22,-1
evaluation__1866__denoise__confidence_boost__nes__l0.5,evaluation,denoise,confidence_boost,1020,2,51,51,-1
evaluation__1866__denoise__boundary_probe__nes__l0.5,evaluation,denoise,boundary_probe,1012,10,87,87,782
evaluation__1866__denoise__counterfactual__nes__l0.5,evaluation,denoise,counterfactual,1016,6,49,27,789
evaluation__1866__deblur__attack__nes__l1,evaluation,deblur,attack,1021,1,124,69,-1
evaluation__1866__deblur__restore__nes__l1,evaluation,deblur,restore,1017,5,462,409,-1
evaluation__1866__deblur__random_walk__random_walk__l1,evaluation,deblur,random_walk,1024,1,15,22,-1
evaluation__1866__deblur__confidence_boost__nes__l1,evaluation,deblur,confidence_boost,1017,5,23,26,-1
evaluation__1866__deblur__boundary_probe__nes__l1,evaluation,deblur,boundary_probe,1019,3,22,137,-1
evaluation__1866__deblur__counterfactual__nes__l1,evaluation,deblur,counterfactual,1020,2,142,138,-1
evaluation__4083__denoise__attack__nes__l0.5,evaluation,denoise,attack,1017,5,74,75,-1
evaluation__4083__denoise__restore__nes__l0.5,evaluation,denoise,restore,1020,2,65,63,-1
evaluation__4083__denoise__random_walk__random_walk__l0.5,evaluation,denoise,random_walk,1024,1,15,22,-1
evaluation__4083__denoise__confidence_boost__nes__l0.5,evaluation,denoise,confidence_boost,1021,1,99,97,-1
evaluation__4083__denoise__boundary_probe__nes__l0.5,evaluation,denoise,boundary_probe,1020,2,66,50,-1
evaluation__4083__denoise__counterfactual__nes__l0.5,evaluation,denoise,counterfactual,1020,2,106,100,-1
evaluation__4083__deblur__attack__nes__l1,evaluation,deblur,attack,1021,1,79,103,-1
evaluation__4083__deblur__restore__nes__l1,evaluation,deblur,restore,1021,1,492,493,-1
evaluation__4083__deblur__random_walk__random_walk__l1,evaluation,deblur,random_walk,1024,1,15,22,-1
evaluation__4083__deblur__confidence_boost__nes__l1,evaluation,deblur,confidence_boost,1021,1,130,130,-1
evaluation__4083__deblur__boundary_probe__nes__l1,evaluation,deblur,boundary_probe,1021,1,89,96,-1
evaluation__4083__deblur__counterfactual__nes__l1,evaluation,deblur,counterfactual,1021,1,161,30,-1
evaluation__6718__denoise__attack__nes__l0.5,evaluation,denoise,attack,1020,2,16,45,76
evaluation__6718__denoise__restore__nes__l0.5,evaluation,denoise,restore,1021,1,84,65,258
evaluation__6718__denoise__random_walk__random_walk__l0.5,evaluation,denoise,random_walk,1024,1,15,22,-1
evaluation__6718__denoise__confidence_boost__nes__l0.5,evaluation,denoise,confidence_boost,1020,2,41,35,-1
evaluation__6718__denoise__boundary_probe__nes__l0.5,evaluation,denoise,boundary_probe,1020,2,41,33,124
evaluation__6718__denoise__counterfactual__nes__l0.5,evaluation,denoise,counterfactual,1021,1,48,69,128
evaluation__6718__deblur__attack__nes__l1,evaluation,deblur,attack,1021,1,86,88,876
evaluation__6718__deblur__restore__nes__l1,evaluation,deblur,restore,1021,1,15,22,-1
evaluation__6718__deblur__random_walk__random_walk__l1,evaluation,deblur,random_walk,1024,1,15,22,-1
evaluation__6718__deblur__confidence_boost__nes__l1,evaluation,deblur,confidence_boost,1020,2,110,112,-1
evaluation__6718__deblur__boundary_probe__nes__l1,evaluation,deblur,boundary_probe,978,3,98,63,838
evaluation__6718__deblur__counterfactual__nes__l1,evaluation,deblur,counterfactual,1020,2,118,123,829
evaluation__1654__denoise__attack__nes__l0.5,evaluation,denoise,attack,1018,4,64,31,676
evaluation__1654__denoise__restore__nes__l0.5,evaluation,denoise,restore,1009,13,35,34,-1
evaluation__1654__denoise__random_walk__random_walk__l0.5,evaluation,denoise,random_walk,1024,1,22,22,-1
evaluation__1654__denoise__confidence_boost__nes__l0.5,evaluation,denoise,confidence_boost,1021,1,16,37,-1
evaluation__1654__denoise__boundary_probe__nes__l0.5,evaluation,denoise,boundary_probe,1013,9,64,85,624
evaluation__1654__denoise__counterfactual__nes__l0.5,evaluation,denoise,counterfactual,1016,6,49,33,741
evaluation__1654__deblur__attack__nes__l1,evaluation,deblur,attack,1019,3,67,68,276
evaluation__1654__deblur__restore__nes__l1,evaluation,deblur,restore,1018,4,235,249,-1
evaluation__1654__deblur__random_walk__random_walk__l1,evaluation,deblur,random_walk,1024,1,16,22,-1
evaluation__1654__deblur__confidence_boost__nes__l1,evaluation,deblur,confidence_boost,1020,2,141,137,-1
evaluation__1654__deblur__boundary_probe__nes__l1,evaluation,deblur,boundary_probe,1020,2,90,93,349
evaluation__1654__deblur__counterfactual__nes__l1,evaluation,deblur,counterfactual,1021,1,96,68,284
evaluation__5966__denoise__attack__nes__l0.5,evaluation,denoise,attack,1012,10,38,35,-1
evaluation__5966__denoise__restore__nes__l0.5,evaluation,denoise,restore,1012,10,87,87,-1
evaluation__5966__denoise__random_walk__random_walk__l0.5,evaluation,denoise,random_walk,1024,1,15,22,-1
evaluation__5966__denoise__confidence_boost__nes__l0.5,evaluation,denoise,confidence_boost,1019,3,106,97,-1
evaluation__5966__denoise__boundary_probe__nes__l0.5,evaluation,denoise,boundary_probe,1010,12,113,109,899
evaluation__5966__denoise__counterfactual__nes__l0.5,evaluation,denoise,counterfactual,1019,3,91,85,-1
evaluation__5966__deblur__attack__nes__l1,evaluation,deblur,attack,1021,1,87,86,-1
evaluation__5966__deblur__restore__nes__l1,evaluation,deblur,restore,1018,4,148,153,-1
evaluation__5966__deblur__random_walk__random_walk__l1,evaluation,deblur,random_walk,1024,1,15,22,-1
evaluation__5966__deblur__confidence_boost__nes__l1,evaluation,deblur,confidence_boost,1018,4,109,59,-1
evaluation__5966__deblur__boundary_probe__nes__l1,evaluation,deblur,boundary_probe,1019,3,48,52,-1
evaluation__5966__deblur__counterfactual__nes__l1,evaluation,deblur,counterfactual,1018,4,113,25,-1
evaluation__8355__denoise__attack__nes__l0.5,evaluation,denoise,attack,799,223,221,244,-1
evaluation__8355__denoise__restore__nes__l0.5,evaluation,denoise,restore,951,71,98,94,-1
evaluation__8355__denoise__random_walk__random_walk__l0.5,evaluation,denoise,random_walk,1024,1,17,22,-1
evaluation__8355__denoise__confidence_boost__nes__l0.5,evaluation,denoise,confidence_boost,950,72,146,145,-1
evaluation__8355__denoise__boundary_probe__nes__l0.5,evaluation,denoise,boundary_probe,895,127,137,147,-1
evaluation__8355__denoise__counterfactual__nes__l0.5,evaluation,denoise,counterfactual,943,79,146,151,-1
evaluation__8355__deblur__attack__nes__l1,evaluation,deblur,attack,645,377,239,341,-1
evaluation__8355__deblur__restore__nes__l1,evaluation,deblur,restore,785,237,293,402,-1
evaluation__8355__deblur__random_walk__random_walk__l1,evaluation,deblur,random_walk,1024,1,15,22,-1
evaluation__8355__deblur__confidence_boost__nes__l1,evaluation,deblur,confidence_boost,704,318,222,320,-1
evaluation__8355__deblur__boundary_probe__nes__l1,evaluation,deblur,boundary_probe,676,346,239,331,-1
evaluation__8355__deblur__counterfactual__nes__l1,evaluation,deblur,counterfactual,731,291,239,303,-1
fit__90__denoise__attack__nes__l0.5,fit,denoise,attack,1020,2,81,89,555
fit__90__denoise__restore__nes__l0.5,fit,denoise,restore,1013,9,71,72,-1
fit__90__denoise__random_walk__random_walk__l0.5,fit,denoise,random_walk,1024,1,15,22,-1
fit__90__denoise__confidence_boost__nes__l0.5,fit,denoise,confidence_boost,1018,4,52,95,-1
fit__90__denoise__boundary_probe__nes__l0.5,fit,denoise,boundary_probe,1019,3,70,72,505
fit__90__denoise__counterfactual__nes__l0.5,fit,denoise,counterfactual,1021,1,15,22,533
fit__90__deblur__attack__nes__l1,fit,deblur,attack,1021,1,89,89,872
fit__90__deblur__restore__nes__l1,fit,deblur,restore,1021,1,146,159,-1
fit__90__deblur__random_walk__random_walk__l1,fit,deblur,random_walk,1024,1,15,34,-1
fit__90__deblur__confidence_boost__nes__l1,fit,deblur,confidence_boost,1021,1,135,131,-1
fit__90__deblur__boundary_probe__nes__l1,fit,deblur,boundary_probe,1021,1,155,22,834
fit__90__deblur__counterfactual__nes__l1,fit,deblur,counterfactual,1021,1,51,22,807
fit__6772__denoise__attack__nes__l0.5,fit,denoise,attack,925,97,115,118,248
fit__6772__denoise__restore__nes__l0.5,fit,denoise,restore,976,46,152,86,-1
fit__6772__denoise__random_walk__random_walk__l0.5,fit,denoise,random_walk,1024,1,20,22,-1
fit__6772__denoise__confidence_boost__nes__l0.5,fit,denoise,confidence_boost,935,87,195,187,-1
fit__6772__denoise__boundary_probe__nes__l0.5,fit,denoise,boundary_probe,934,88,140,109,257
fit__6772__denoise__counterfactual__nes__l0.5,fit,denoise,counterfactual,932,90,133,151,218
fit__6772__deblur__attack__nes__l1,fit,deblur,attack,1007,15,105,108,609
fit__6772__deblur__restore__nes__l1,fit,deblur,restore,1003,19,60,44,-1
fit__6772__deblur__random_walk__random_walk__l1,fit,deblur,random_walk,1024,1,15,22,-1
fit__6772__deblur__confidence_boost__nes__l1,fit,deblur,confidence_boost,1009,13,37,34,-1
fit__6772__deblur__boundary_probe__nes__l1,fit,deblur,boundary_probe,998,24,111,90,575
fit__6772__deblur__counterfactual__nes__l1,fit,deblur,counterfactual,989,33,137,138,537
fit__3407__denoise__attack__nes__l0.5,fit,denoise,attack,964,58,74,82,-1
fit__3407__denoise__restore__nes__l0.5,fit,denoise,restore,972,50,77,252,-1
fit__3407__denoise__random_walk__random_walk__l0.5,fit,denoise,random_walk,1024,1,24,34,-1
fit__3407__denoise__confidence_boost__nes__l0.5,fit,denoise,confidence_boost,984,38,110,115,-1
fit__3407__denoise__boundary_probe__nes__l0.5,fit,denoise,boundary_probe,982,40,115,118,-1
fit__3407__denoise__counterfactual__nes__l0.5,fit,denoise,counterfactual,961,61,75,82,1016
fit__3407__deblur__attack__nes__l1,fit,deblur,attack,1000,22,139,141,-1
fit__3407__deblur__restore__nes__l1,fit,deblur,restore,1015,7,31,28,-1
fit__3407__deblur__random_walk__random_walk__l1,fit,deblur,random_walk,1024,1,15,22,-1
fit__3407__deblur__confidence_boost__nes__l1,fit,deblur,confidence_boost,1014,8,96,81,-1
fit__3407__deblur__boundary_probe__nes__l1,fit,deblur,boundary_probe,1008,14,111,117,-1
fit__3407__deblur__counterfactual__nes__l1,fit,deblur,counterfactual,1001,20,157,96,-1
fit__7864__denoise__attack__nes__l0.5,fit,denoise,attack,944,78,145,136,220
fit__7864__denoise__restore__nes__l0.5,fit,denoise,restore,936,86,204,255,-1
fit__7864__denoise__random_walk__random_walk__l0.5,fit,denoise,random_walk,1024,1,18,24,-1
fit__7864__denoise__confidence_boost__nes__l0.5,fit,denoise,confidence_boost,963,59,90,91,-1
fit__7864__denoise__boundary_probe__nes__l0.5,fit,denoise,boundary_probe,959,63,138,138,151
fit__7864__denoise__counterfactual__nes__l0.5,fit,denoise,counterfactual,920,102,118,123,193
fit__7864__deblur__attack__nes__l1,fit,deblur,attack,1018,4,78,78,-1
fit__7864__deblur__restore__nes__l1,fit,deblur,restore,1011,11,455,180,-1
fit__7864__deblur__random_walk__random_walk__l1,fit,deblur,random_walk,1024,1,15,22,-1
fit__7864__deblur__confidence_boost__nes__l1,fit,deblur,confidence_boost,1020,2,133,112,-1
fit__7864__deblur__boundary_probe__nes__l1,fit,deblur,boundary_probe,1017,5,51,51,-1
fit__7864__deblur__counterfactual__nes__l1,fit,deblur,counterfactual,1019,3,98,101,-1
fit__3844__denoise__attack__nes__l0.5,fit,denoise,attack,1018,4,99,88,-1
fit__3844__denoise__restore__nes__l0.5,fit,denoise,restore,1018,4,44,48,-1
fit__3844__denoise__random_walk__random_walk__l0.5,fit,denoise,random_walk,1024,1,15,22,-1
fit__3844__denoise__confidence_boost__nes__l0.5,fit,denoise,confidence_boost,1017,5,91,95,-1
fit__3844__denoise__boundary_probe__nes__l0.5,fit,denoise,boundary_probe,1019,3,70,71,-1
fit__3844__denoise__counterfactual__nes__l0.5,fit,denoise,counterfactual,1019,3,44,43,-1
fit__3844__deblur__attack__nes__l1,fit,deblur,attack,1018,4,51,48,669
fit__3844__deblur__restore__nes__l1,fit,deblur,restore,1017,5,133,46,-1
fit__3844__deblur__random_walk__random_walk__l1,fit,deblur,random_walk,1024,1,15,22,-1
fit__3844__deblur__confidence_boost__nes__l1,fit,deblur,confidence_boost,1013,9,43,95,-1
fit__3844__deblur__boundary_probe__nes__l1,fit,deblur,boundary_probe,1019,3,49,48,640
fit__3844__deblur__counterfactual__nes__l1,fit,deblur,counterfactual,1014,7,84,66,555
fit__573__denoise__attack__nes__l0.5,fit,denoise,attack,874,148,163,168,767
fit__573__denoise__restore__nes__l0.5,fit,denoise,restore,946,76,185,110,-1
fit__573__denoise__random_walk__random_walk__l0.5,fit,denoise,random_walk,1024,1,15,22,-1
fit__573__denoise__confidence_boost__nes__l0.5,fit,denoise,confidence_boost,821,201,211,219,-1
fit__573__denoise__boundary_probe__nes__l0.5,fit,denoise,boundary_probe,975,47,135,133,672
fit__573__denoise__counterfactual__nes__l0.5,fit,denoise,counterfactual,938,84,168,168,541
fit__573__deblur__attack__nes__l1,fit,deblur,attack,902,120,247,258,671
fit__573__deblur__restore__nes__l1,fit,deblur,restore,900,122,170,179,-1
fit__573__deblur__random_walk__random_walk__l1,fit,deblur,random_walk,1024,1,15,22,-1
fit__573__deblur__confidence_boost__nes__l1,fit,deblur,confidence_boost,950,72,137,92,-1
fit__573__deblur__boundary_probe__nes__l1,fit,deblur,boundary_probe,854,168,184,188,680
fit__573__deblur__counterfactual__nes__l1,fit,deblur,counterfactual,912,110,210,198,637
fit__6196__denoise__attack__nes__l0.5,fit,denoise,attack,1015,7,100,108,335
fit__6196__denoise__restore__nes__l0.5,fit,denoise,restore,1011,11,38,129,-1
fit__6196__denoise__random_walk__random_walk__l0.5,fit,denoise,random_walk,1024,1,15,22,-1
fit__6196__denoise__confidence_boost__nes__l0.5,fit,denoise,confidence_boost,1006,16,55,80,-1
fit__6196__denoise__boundary_probe__nes__l0.5,fit,denoise,boundary_probe,1008,14,28,35,340
fit__6196__denoise__counterfactual__nes__l0.5,fit,denoise,counterfactual,1004,18,51,50,292
fit__6196__deblur__attack__nes__l1,fit,deblur,attack,1006,16,125,74,578
fit__6196__deblur__restore__nes__l1,fit,deblur,restore,1013,9,75,89,-1
fit__6196__deblur__random_walk__random_walk__l1,fit,deblur,random_walk,1024,1,15,22,-1
fit__6196__deblur__confidence_boost__nes__l1,fit,deblur,confidence_boost,1017,5,103,96,-1
fit__6196__deblur__boundary_probe__nes__l1,fit,deblur,boundary_probe,1016,6,72,78,658
fit__6196__deblur__counterfactual__nes__l1,fit,deblur,counterfactual,1013,9,94,82,625
fit__1658__denoise__attack__nes__l0.5,fit,denoise,attack,1003,18,85,55,486
fit__1658__denoise__restore__nes__l0.5,fit,denoise,restore,1015,7,82,84,-1
fit__1658__denoise__random_walk__random_walk__l0.5,fit,denoise,random_walk,1024,1,23,22,-1
fit__1658__denoise__confidence_boost__nes__l0.5,fit,denoise,confidence_boost,1020,2,68,49,-1
fit__1658__denoise__boundary_probe__nes__l0.5,fit,denoise,boundary_probe,1021,1,40,27,578
fit__1658__denoise__counterfactual__nes__l0.5,fit,denoise,counterfactual,1016,6,25,43,466
fit__1658__deblur__attack__nes__l1,fit,deblur,attack,1019,3,330,70,409
fit__1658__deblur__restore__nes__l1,fit,deblur,restore,1021,1,759,44,-1
fit__1658__deblur__random_walk__random_walk__l1,fit,deblur,random_walk,1024,1,15,22,-1
fit__1658__deblur__confidence_boost__nes__l1,fit,deblur,confidence_boost,1021,1,166,69,-1
fit__1658__deblur__boundary_probe__nes__l1,fit,deblur,boundary_probe,1018,4,378,69,443
fit__1658__deblur__counterfactual__nes__l1,fit,deblur,counterfactual,1021,1,363,52,494
fit__6664__denoise__attack__nes__l0.5,fit,denoise,attack,858,164,185,185,394
fit__6664__denoise__restore__nes__l0.5,fit,denoise,restore,922,100,215,272,-1
fit__6664__denoise__random_walk__random_walk__l0.5,fit,denoise,random_walk,1024,1,15,22,-1
fit__6664__denoise__confidence_boost__nes__l0.5,fit,denoise,confidence_boost,927,95,182,185,-1
fit__6664__denoise__boundary_probe__nes__l0.5,fit,denoise,boundary_probe,837,185,195,205,390
fit__6664__denoise__counterfactual__nes__l0.5,fit,denoise,counterfactual,863,159,181,227,342
fit__6664__deblur__attack__nes__l1,fit,deblur,attack,595,427,239,341,-1
fit__6664__deblur__restore__nes__l1,fit,deblur,restore,623,399,273,452,-1
fit__6664__deblur__random_walk__random_walk__l1,fit,deblur,random_walk,1024,1,17,24,-1
fit__6664__deblur__confidence_boost__nes__l1,fit,deblur,confidence_boost,701,321,239,314,-1
fit__6664__deblur__boundary_probe__nes__l1,fit,deblur,boundary_probe,489,533,236,324,994
fit__6664__deblur__counterfactual__nes__l1,fit,deblur,counterfactual,566,456,239,358,-1
fit__4420__denoise__attack__nes__l0.5,fit,denoise,attack,1020,2,74,58,13
fit__4420__denoise__restore__nes__l0.5,fit,denoise,restore,1018,4,29,28,2
fit__4420__denoise__random_walk__random_walk__l0.5,fit,denoise,random_walk,1024,1,15,22,81
fit__4420__denoise__confidence_boost__nes__l0.5,fit,denoise,confidence_boost,1020,2,56,49,12
fit__4420__denoise__boundary_probe__nes__l0.5,fit,denoise,boundary_probe,1017,5,99,87,20
fit__4420__denoise__counterfactual__nes__l0.5,fit,denoise,counterfactual,1019,3,79,26,27
fit__4420__deblur__attack__nes__l1,fit,deblur,attack,1020,2,100,101,743
fit__4420__deblur__restore__nes__l1,fit,deblur,restore,1017,5,68,47,-1
fit__4420__deblur__random_walk__random_walk__l1,fit,deblur,random_walk,1024,1,15,22,-1
fit__4420__deblur__confidence_boost__nes__l1,fit,deblur,confidence_boost,1017,5,95,100,-1
fit__4420__deblur__boundary_probe__nes__l1,fit,deblur,boundary_probe,1011,11,96,96,804
fit__4420__deblur__counterfactual__nes__l1,fit,deblur,counterfactual,1014,8,104,101,864
fit__1211__denoise__attack__nes__l0.5,fit,denoise,attack,981,41,65,62,-1
fit__1211__denoise__restore__nes__l0.5,fit,denoise,restore,986,36,102,102,-1
fit__1211__denoise__random_walk__random_walk__l0.5,fit,denoise,random_walk,1024,1,15,22,-1
fit__1211__denoise__confidence_boost__nes__l0.5,fit,denoise,confidence_boost,943,79,118,135,-1
fit__1211__denoise__boundary_probe__nes__l0.5,fit,denoise,boundary_probe,967,55,125,147,-1
fit__1211__denoise__counterfactual__nes__l0.5,fit,denoise,counterfactual,963,59,134,138,-1
fit__1211__deblur__attack__nes__l1,fit,deblur,attack,979,43,159,159,467
fit__1211__deblur__restore__nes__l1,fit,deblur,restore,964,58,286,201,-1
fit__1211__deblur__random_walk__random_walk__l1,fit,deblur,random_walk,1024,1,15,22,-1
fit__1211__deblur__confidence_boost__nes__l1,fit,deblur,confidence_boost,911,111,183,190,-1
fit__1211__deblur__boundary_probe__nes__l1,fit,deblur,boundary_probe,937,85,233,201,445
fit__1211__deblur__counterfactual__nes__l1,fit,deblur,counterfactual,990,32,85,108,470
fit__5089__denoise__attack__nes__l0.5,fit,denoise,attack,958,64,134,143,-1
fit__5089__denoise__restore__nes__l0.5,fit,denoise,restore,980,42,121,165,-1
fit__5089__denoise__random_walk__random_walk__l0.5,fit,denoise,random_walk,1024,1,15,22,-1
fit__5089__denoise__confidence_boost__nes__l0.5,fit,denoise,confidence_boost,993,29,47,71,-1
fit__5089__denoise__boundary_probe__nes__l0.5,fit,denoise,boundary_probe,949,73,139,148,-1
fit__5089__denoise__counterfactual__nes__l0.5,fit,denoise,counterfactual,963,59,94,107,-1
fit__5089__deblur__attack__nes__l1,fit,deblur,attack,819,203,379,272,494
fit__5089__deblur__restore__nes__l1,fit,deblur,restore,872,150,255,258,-1
fit__5089__deblur__random_walk__random_walk__l1,fit,deblur,random_walk,1024,1,18,22,-1
fit__5089__deblur__confidence_boost__nes__l1,fit,deblur,confidence_boost,705,317,239,320,-1
fit__5089__deblur__boundary_probe__nes__l1,fit,deblur,boundary_probe,827,195,375,242,460
fit__5089__deblur__counterfactual__nes__l1,fit,deblur,counterfactual,708,314,239,324,494
fit__2518__denoise__attack__nes__l0.5,fit,denoise,attack,994,28,64,54,94
fit__2518__denoise__restore__nes__l0.5,fit,denoise,restore,1013,9,97,131,-1
fit__2518__denoise__random_walk__random_walk__l0.5,fit,denoise,random_walk,1024,1,33,22,-1
fit__2518__denoise__confidence_boost__nes__l0.5,fit,denoise,confidence_boost,983,39,138,135,-1
fit__2518__denoise__boundary_probe__nes__l0.5,fit,denoise,boundary_probe,1015,7,82,62,128
fit__2518__denoise__counterfactual__nes__l0.5,fit,denoise,counterfactual,990,32,87,84,118
fit__2518__deblur__attack__nes__l1,fit,deblur,attack,1021,1,90,88,530
fit__2518__deblur__restore__nes__l1,fit,deblur,restore,1015,7,69,32,-1
fit__2518__deblur__random_walk__random_walk__l1,fit,deblur,random_walk,1024,1,15,22,-1
fit__2518__deblur__confidence_boost__nes__l1,fit,deblur,confidence_boost,1021,1,110,103,-1
fit__2518__deblur__boundary_probe__nes__l1,fit,deblur,boundary_probe,1021,1,111,91,574
fit__2518__deblur__counterfactual__nes__l1,fit,deblur,counterfactual,1019,3,123,82,570
fit__7703__denoise__attack__nes__l0.5,fit,denoise,attack,1016,6,83,84,949
fit__7703__denoise__restore__nes__l0.5,fit,denoise,restore,1011,11,63,62,-1
fit__7703__denoise__random_walk__random_walk__l0.5,fit,denoise,random_walk,1024,1,26,26,-1
fit__7703__denoise__confidence_boost__nes__l0.5,fit,denoise,confidence_boost,1003,19,85,99,-1
fit__7703__denoise__boundary_probe__nes__l0.5,fit,denoise,boundary_probe,998,22,114,114,-1
fit__7703__denoise__counterfactual__nes__l0.5,fit,denoise,counterfactual,1012,10,54,44,-1
fit__7703__deblur__attack__nes__l1,fit,deblur,attack,1018,4,83,89,-1
fit__7703__deblur__restore__nes__l1,fit,deblur,restore,1016,6,45,35,-1
fit__7703__deblur__random_walk__random_walk__l1,fit,deblur,random_walk,1024,1,21,22,-1
fit__7703__deblur__confidence_boost__nes__l1,fit,deblur,confidence_boost,1012,10,128,126,-1
fit__7703__deblur__boundary_probe__nes__l1,fit,deblur,boundary_probe,1016,6,59,63,-1
fit__7703__deblur__counterfactual__nes__l1,fit,deblur,counterfactual,1014,8,31,33,-1
fit__2962__denoise__attack__nes__l0.5,fit,denoise,attack,915,107,157,159,54
fit__2962__denoise__restore__nes__l0.5,fit,denoise,restore,914,108,157,150,128
fit__2962__denoise__random_walk__random_walk__l0.5,fit,denoise,random_walk,1024,1,22,22,-1
fit__2962__denoise__confidence_boost__nes__l0.5,fit,denoise,confidence_boost,966,56,102,102,-1
fit__2962__denoise__boundary_probe__nes__l0.5,fit,denoise,boundary_probe,966,56,168,163,81
fit__2962__denoise__counterfactual__nes__l0.5,fit,denoise,counterfactual,964,58,125,116,102
fit__2962__deblur__attack__nes__l1,fit,deblur,attack,1015,7,53,146,60
fit__2962__deblur__restore__nes__l1,fit,deblur,restore,995,27,353,359,277
fit__2962__deblur__random_walk__random_walk__l1,fit,deblur,random_walk,1024,1,24,25,854
fit__2962__deblur__confidence_boost__nes__l1,fit,deblur,confidence_boost,999,23,155,51,-1
fit__2962__deblur__boundary_probe__nes__l1,fit,deblur,boundary_probe,1012,10,116,114,63
fit__2962__deblur__counterfactual__nes__l1,fit,deblur,counterfactual,1012,10,116,109,41
fit__1913__denoise__attack__nes__l0.5,fit,denoise,attack,1021,1,80,44,67
fit__1913__denoise__restore__nes__l0.5,fit,denoise,restore,1019,3,86,86,48
fit__1913__denoise__random_walk__random_walk__l0.5,fit,denoise,random_walk,1024,1,22,22,-1
fit__1913__denoise__confidence_boost__nes__l0.5,fit,denoise,confidence_boost,1018,4,59,29,-1
fit__1913__denoise__boundary_probe__nes__l0.5,fit,denoise,boundary_probe,1020,2,49,27,38
fit__1913__denoise__counterfactual__nes__l0.5,fit,denoise,counterfactual,1021,1,19,24,24
fit__1913__deblur__attack__nes__l1,fit,deblur,attack,1021,1,32,22,2
fit__1913__deblur__restore__nes__l1,fit,deblur,restore,1021,1,56,29,5
fit__1913__deblur__random_walk__random_walk__l1,fit,deblur,random_walk,1024,1,18,27,31
fit__1913__deblur__confidence_boost__nes__l1,fit,deblur,confidence_boost,1021,1,22,22,6
fit__1913__deblur__boundary_probe__nes__l1,fit,deblur,boundary_probe,1021,1,102,114,2
fit__1913__deblur__counterfactual__nes__l1,fit,deblur,counterfactual,1021,1,66,36,3
fit__5980__denoise__attack__nes__l0.5,fit,denoise,attack,1021,1,63,63,622
fit__5980__denoise__restore__nes__l0.5,fit,denoise,restore,1021,1,21,22,-1
fit__5980__denoise__random_walk__random_walk__l0.5,fit,denoise,random_walk,1024,1,24,23,-1
fit__5980__denoise__confidence_boost__nes__l0.5,fit,denoise,confidence_boost,1021,1,15,98,-1
fit__5980__denoise__boundary_probe__nes__l0.5,fit,denoise,boundary_probe,1021,1,34,33,672
fit__5980__denoise__counterfactual__nes__l0.5,fit,denoise,counterfactual,1021,1,50,22,578
fit__5980__deblur__attack__nes__l1,fit,deblur,attack,1021,1,70,82,-1
fit__5980__deblur__restore__nes__l1,fit,deblur,restore,1021,1,195,197,-1
fit__5980__deblur__random_walk__random_walk__l1,fit,deblur,random_walk,1024,1,15,22,-1
fit__5980__deblur__confidence_boost__nes__l1,fit,deblur,confidence_boost,1021,1,114,111,-1
fit__5980__deblur__boundary_probe__nes__l1,fit,deblur,boundary_probe,1021,1,90,81,-1
fit__5980__deblur__counterfactual__nes__l1,fit,deblur,counterfactual,1021,1,49,48,-1
calibration__1617__denoise__attack__nes__l0.5,calibration,denoise,attack,1019,3,46,46,269
calibration__1617__denoise__restore__nes__l0.5,calibration,denoise,restore,1021,1,17,27,-1
calibration__1617__denoise__random_walk__random_walk__l0.5,calibration,denoise,random_walk,1024,1,15,22,-1
calibration__1617__denoise__confidence_boost__nes__l0.5,calibration,denoise,confidence_boost,1021,1,97,87,-1
calibration__1617__denoise__boundary_probe__nes__l0.5,calibration,denoise,boundary_probe,1021,1,35,22,325
calibration__1617__denoise__counterfactual__nes__l0.5,calibration,denoise,counterfactual,1019,3,46,37,347
calibration__1617__deblur__attack__nes__l1,calibration,deblur,attack,1021,1,115,96,683
calibration__1617__deblur__restore__nes__l1,calibration,deblur,restore,1021,1,17,48,-1
calibration__1617__deblur__random_walk__random_walk__l1,calibration,deblur,random_walk,1024,1,15,22,-1
calibration__1617__deblur__confidence_boost__nes__l1,calibration,deblur,confidence_boost,1021,1,44,44,-1
calibration__1617__deblur__boundary_probe__nes__l1,calibration,deblur,boundary_probe,1019,3,21,82,666
calibration__1617__deblur__counterfactual__nes__l1,calibration,deblur,counterfactual,1020,2,65,119,645
calibration__5968__denoise__attack__nes__l0.5,calibration,denoise,attack,1021,1,28,29,473
calibration__5968__denoise__restore__nes__l0.5,calibration,denoise,restore,1013,9,83,51,-1
calibration__5968__denoise__random_walk__random_walk__l0.5,calibration,denoise,random_walk,1024,1,15,22,-1
calibration__5968__denoise__confidence_boost__nes__l0.5,calibration,denoise,confidence_boost,1020,2,82,46,-1
calibration__5968__denoise__boundary_probe__nes__l0.5,calibration,denoise,boundary_probe,1017,5,62,29,308
calibration__5968__denoise__counterfactual__nes__l0.5,calibration,denoise,counterfactual,1014,8,73,74,387
calibration__5968__deblur__attack__nes__l1,calibration,deblur,attack,1021,1,160,52,409
calibration__5968__deblur__restore__nes__l1,calibration,deblur,restore,1021,1,441,69,-1
calibration__5968__deblur__random_walk__random_walk__l1,calibration,deblur,random_walk,1024,1,15,22,-1
calibration__5968__deblur__confidence_boost__nes__l1,calibration,deblur,confidence_boost,1021,1,184,52,-1
calibration__5968__deblur__boundary_probe__nes__l1,calibration,deblur,boundary_probe,1021,1,211,53,358
calibration__5968__deblur__counterfactual__nes__l1,calibration,deblur,counterfactual,1021,1,161,52,307
calibration__2712__denoise__attack__nes__l0.5,calibration,denoise,attack,983,39,83,85,11
calibration__2712__denoise__restore__nes__l0.5,calibration,denoise,restore,952,70,148,141,3
calibration__2712__denoise__random_walk__random_walk__l0.5,calibration,denoise,random_walk,1024,1,15,22,-1
calibration__2712__denoise__confidence_boost__nes__l0.5,calibration,denoise,confidence_boost,969,53,80,75,2
calibration__2712__denoise__boundary_probe__nes__l0.5,calibration,denoise,boundary_probe,962,60,99,95,19
calibration__2712__denoise__counterfactual__nes__l0.5,calibration,denoise,counterfactual,932,89,189,192,41
calibration__2712__deblur__attack__nes__l1,calibration,deblur,attack,1003,19,96,116,172
calibration__2712__deblur__restore__nes__l1,calibration,deblur,restore,999,23,97,84,-1
calibration__2712__deblur__random_walk__random_walk__l1,calibration,deblur,random_walk,1024,1,15,22,-1
calibration__2712__deblur__confidence_boost__nes__l1,calibration,deblur,confidence_boost,1010,12,40,129,-1
calibration__2712__deblur__boundary_probe__nes__l1,calibration,deblur,boundary_probe,1014,8,63,63,132
calibration__2712__deblur__counterfactual__nes__l1,calibration,deblur,counterfactual,1014,8,56,31,142
calibration__9811__denoise__attack__nes__l0.5,calibration,denoise,attack,1003,19,98,77,980
calibration__9811__denoise__restore__nes__l0.5,calibration,denoise,restore,974,48,117,146,-1
calibration__9811__denoise__random_walk__random_walk__l0.5,calibration,denoise,random_walk,1024,1,15,22,-1
calibration__9811__denoise__confidence_boost__nes__l0.5,calibration,denoise,confidence_boost,952,70,119,100,-1
calibration__9811__denoise__boundary_probe__nes__l0.5,calibration,denoise,boundary_probe,988,34,56,56,906
calibration__9811__denoise__counterfactual__nes__l0.5,calibration,denoise,counterfactual,997,25,58,63,820
calibration__9811__deblur__attack__nes__l1,calibration,deblur,attack,912,110,231,228,564
calibration__9811__deblur__restore__nes__l1,calibration,deblur,restore,944,78,115,115,-1
calibration__9811__deblur__random_walk__random_walk__l1,calibration,deblur,random_walk,1024,1,15,22,-1
calibration__9811__deblur__confidence_boost__nes__l1,calibration,deblur,confidence_boost,953,69,162,153,-1
calibration__9811__deblur__boundary_probe__nes__l1,calibration,deblur,boundary_probe,960,62,77,83,661
calibration__9811__deblur__counterfactual__nes__l1,calibration,deblur,counterfactual,952,70,172,171,632
calibration__5385__denoise__attack__nes__l0.5,calibration,denoise,attack,155,867,239,358,719
calibration__5385__denoise__restore__nes__l0.5,calibration,denoise,restore,601,421,459,460,-1
calibration__5385__denoise__random_walk__random_walk__l0.5,calibration,denoise,random_walk,1024,1,15,22,-1
calibration__5385__denoise__confidence_boost__nes__l0.5,calibration,denoise,confidence_boost,497,525,239,341,-1
calibration__5385__denoise__boundary_probe__nes__l0.5,calibration,denoise,boundary_probe,630,392,222,324,812
calibration__5385__denoise__counterfactual__nes__l0.5,calibration,denoise,counterfactual,404,618,239,358,714
calibration__5385__deblur__attack__nes__l1,calibration,deblur,attack,60,962,256,375,4
calibration__5385__deblur__restore__nes__l1,calibration,deblur,restore,61,961,239,358,3
calibration__5385__deblur__random_walk__random_walk__l1,calibration,deblur,random_walk,1022,2,17,24,94
calibration__5385__deblur__confidence_boost__nes__l1,calibration,deblur,confidence_boost,61,961,239,358,6
calibration__5385__deblur__boundary_probe__nes__l1,calibration,deblur,boundary_probe,60,962,-1,-1,6
calibration__5385__deblur__counterfactual__nes__l1,calibration,deblur,counterfactual,61,961,239,358,4
calibration__896__denoise__attack__nes__l0.5,calibration,denoise,attack,1016,6,39,32,-1
calibration__896__denoise__restore__nes__l0.5,calibration,denoise,restore,1016,6,164,184,-1
calibration__896__denoise__random_walk__random_walk__l0.5,calibration,denoise,random_walk,1024,1,15,22,-1
calibration__896__denoise__confidence_boost__nes__l0.5,calibration,denoise,confidence_boost,1016,6,21,27,-1
calibration__896__denoise__boundary_probe__nes__l0.5,calibration,denoise,boundary_probe,1017,5,119,85,-1
calibration__896__denoise__counterfactual__nes__l0.5,calibration,denoise,counterfactual,1015,7,67,68,-1
calibration__896__deblur__attack__nes__l1,calibration,deblur,attack,1008,14,126,120,953
calibration__896__deblur__restore__nes__l1,calibration,deblur,restore,985,37,85,85,-1
calibration__896__deblur__random_walk__random_walk__l1,calibration,deblur,random_walk,1024,1,18,22,-1
calibration__896__deblur__confidence_boost__nes__l1,calibration,deblur,confidence_boost,961,61,171,82,-1
calibration__896__deblur__boundary_probe__nes__l1,calibration,deblur,boundary_probe,975,47,120,133,844
calibration__896__deblur__counterfactual__nes__l1,calibration,deblur,counterfactual,981,41,95,98,931
calibration__7825__denoise__attack__nes__l0.5,calibration,denoise,attack,1012,10,85,85,124
calibration__7825__denoise__restore__nes__l0.5,calibration,denoise,restore,1013,9,52,121,-1
calibration__7825__denoise__random_walk__random_walk__l0.5,calibration,denoise,random_walk,1024,1,15,22,-1
calibration__7825__denoise__confidence_boost__nes__l0.5,calibration,denoise,confidence_boost,1010,12,26,147,-1
calibration__7825__denoise__boundary_probe__nes__l0.5,calibration,denoise,boundary_probe,1010,12,83,33,129
calibration__7825__denoise__counterfactual__nes__l0.5,calibration,denoise,counterfactual,1013,9,61,75,115
calibration__7825__deblur__attack__nes__l1,calibration,deblur,attack,1021,1,32,22,-1
calibration__7825__deblur__restore__nes__l1,calibration,deblur,restore,1020,2,16,28,-1
calibration__7825__deblur__random_walk__random_walk__l1,calibration,deblur,random_walk,1024,1,19,22,-1
calibration__7825__deblur__confidence_boost__nes__l1,calibration,deblur,confidence_boost,1021,1,40,33,-1
calibration__7825__deblur__boundary_probe__nes__l1,calibration,deblur,boundary_probe,1018,3,74,67,-1
calibration__7825__deblur__counterfactual__nes__l1,calibration,deblur,counterfactual,1021,1,68,65,-1
calibration__1609__denoise__attack__nes__l0.5,calibration,denoise,attack,954,68,95,89,750
calibration__1609__denoise__restore__nes__l0.5,calibration,denoise,restore,925,97,134,134,-1
calibration__1609__denoise__random_walk__random_walk__l0.5,calibration,denoise,random_walk,1024,1,15,22,-1
calibration__1609__denoise__confidence_boost__nes__l0.5,calibration,denoise,confidence_boost,934,88,119,173,-1
calibration__1609__denoise__boundary_probe__nes__l0.5,calibration,denoise,boundary_probe,887,135,180,156,622
calibration__1609__denoise__counterfactual__nes__l0.5,calibration,denoise,counterfactual,930,92,138,139,758
calibration__1609__deblur__attack__nes__l1,calibration,deblur,attack,812,210,342,335,624
calibration__1609__deblur__restore__nes__l1,calibration,deblur,restore,821,201,205,221,-1
calibration__1609__deblur__random_walk__random_walk__l1,calibration,deblur,random_walk,1024,1,15,22,-1
calibration__1609__deblur__confidence_boost__nes__l1,calibration,deblur,confidence_boost,880,142,154,163,-1
calibration__1609__deblur__boundary_probe__nes__l1,calibration,deblur,boundary_probe,920,102,120,125,783
calibration__1609__deblur__counterfactual__nes__l1,calibration,deblur,counterfactual,895,127,327,185,531
calibration__9837__denoise__attack__nes__l0.5,calibration,denoise,attack,990,31,81,118,504
calibration__9837__denoise__restore__nes__l0.5,calibration,denoise,restore,1005,17,40,47,-1
calibration__9837__denoise__random_walk__random_walk__l0.5,calibration,denoise,random_walk,1024,1,15,22,-1
calibration__9837__denoise__confidence_boost__nes__l0.5,calibration,denoise,confidence_boost,1010,12,38,36,-1
calibration__9837__denoise__boundary_probe__nes__l0.5,calibration,denoise,boundary_probe,1020,2,56,55,368
calibration__9837__denoise__counterfactual__nes__l0.5,calibration,denoise,counterfactual,1017,5,53,55,432
calibration__9837__deblur__attack__nes__l1,calibration,deblur,attack,995,27,187,122,541
calibration__9837__deblur__restore__nes__l1,calibration,deblur,restore,1005,17,391,110,-1
calibration__9837__deblur__random_walk__random_walk__l1,calibration,deblur,random_walk,1024,1,20,22,-1
calibration__9837__deblur__confidence_boost__nes__l1,calibration,deblur,confidence_boost,1004,17,125,122,-1
calibration__9837__deblur__boundary_probe__nes__l1,calibration,deblur,boundary_probe,994,28,331,119,977
calibration__9837__deblur__counterfactual__nes__l1,calibration,deblur,counterfactual,1008,14,209,137,681
calibration__7279__denoise__attack__nes__l0.5,calibration,denoise,attack,899,123,137,144,36
calibration__7279__denoise__restore__nes__l0.5,calibration,denoise,restore,946,76,111,102,36
calibration__7279__denoise__random_walk__random_walk__l0.5,calibration,denoise,random_walk,1024,1,15,22,107
calibration__7279__denoise__confidence_boost__nes__l0.5,calibration,denoise,confidence_boost,970,52,71,79,2
calibration__7279__denoise__boundary_probe__nes__l0.5,calibration,denoise,boundary_probe,966,56,77,77,6
calibration__7279__denoise__counterfactual__nes__l0.5,calibration,denoise,counterfactual,961,61,118,82,19
calibration__7279__deblur__attack__nes__l1,calibration,deblur,attack,974,48,168,152,-1
calibration__7279__deblur__restore__nes__l1,calibration,deblur,restore,994,28,69,63,-1
calibration__7279__deblur__random_walk__random_walk__l1,calibration,deblur,random_walk,1024,1,16,22,-1
calibration__7279__deblur__confidence_boost__nes__l1,calibration,deblur,confidence_boost,985,37,142,133,-1
calibration__7279__deblur__boundary_probe__nes__l1,calibration,deblur,boundary_probe,964,58,121,120,-1
calibration__7279__deblur__counterfactual__nes__l1,calibration,deblur,counterfactual,951,71,110,105,-1
calibration__901__denoise__attack__nes__l0.5,calibration,denoise,attack,1021,1,87,89,491
calibration__901__denoise__restore__nes__l0.5,calibration,denoise,restore,1021,1,65,66,-1
calibration__901__denoise__random_walk__random_walk__l0.5,calibration,denoise,random_walk,1024,1,15,22,-1
calibration__901__denoise__confidence_boost__nes__l0.5,calibration,denoise,confidence_boost,1021,1,84,90,-1
calibration__901__denoise__boundary_probe__nes__l0.5,calibration,denoise,boundary_probe,1019,3,71,71,640
calibration__901__denoise__counterfactual__nes__l0.5,calibration,denoise,counterfactual,1009,11,90,56,595
calibration__901__deblur__attack__nes__l1,calibration,deblur,attack,1021,1,154,154,579
calibration__901__deblur__restore__nes__l1,calibration,deblur,restore,1021,1,686,554,-1
calibration__901__deblur__random_walk__random_walk__l1,calibration,deblur,random_walk,1024,1,24,23,-1
calibration__901__deblur__confidence_boost__nes__l1,calibration,deblur,confidence_boost,1021,1,83,75,-1
calibration__901__deblur__boundary_probe__nes__l1,calibration,deblur,boundary_probe,1021,1,124,124,460
calibration__901__deblur__counterfactual__nes__l1,calibration,deblur,counterfactual,1021,1,194,194,443
calibration__7690__denoise__attack__nes__l0.5,calibration,denoise,attack,973,49,138,101,-1
calibration__7690__denoise__restore__nes__l0.5,calibration,denoise,restore,991,31,85,99,-1
calibration__7690__denoise__random_walk__random_walk__l0.5,calibration,denoise,random_walk,1024,1,22,22,-1
calibration__7690__denoise__confidence_boost__nes__l0.5,calibration,denoise,confidence_boost,940,82,131,137,-1
calibration__7690__denoise__boundary_probe__nes__l0.5,calibration,denoise,boundary_probe,1007,15,44,101,-1
calibration__7690__denoise__counterfactual__nes__l0.5,calibration,denoise,counterfactual,941,81,158,159,-1
calibration__7690__deblur__attack__nes__l1,calibration,deblur,attack,1000,22,36,48,-1
calibration__7690__deblur__restore__nes__l1,calibration,deblur,restore,985,37,55,138,-1
calibration__7690__deblur__random_walk__random_walk__l1,calibration,deblur,random_walk,1024,1,19,22,-1
calibration__7690__deblur__confidence_boost__nes__l1,calibration,deblur,confidence_boost,950,69,149,153,-1
calibration__7690__deblur__boundary_probe__nes__l1,calibration,deblur,boundary_probe,964,58,189,186,-1
calibration__7690__deblur__counterfactual__nes__l1,calibration,deblur,counterfactual,1001,21,168,158,-1
calibration__803__denoise__attack__nes__l0.5,calibration,denoise,attack,1013,9,25,57,124
calibration__803__denoise__restore__nes__l0.5,calibration,denoise,restore,1011,11,136,158,112
calibration__803__denoise__random_walk__random_walk__l0.5,calibration,denoise,random_walk,1024,1,15,22,749
calibration__803__denoise__confidence_boost__nes__l0.5,calibration,denoise,confidence_boost,999,23,142,144,-1
calibration__803__denoise__boundary_probe__nes__l0.5,calibration,denoise,boundary_probe,1003,19,106,95,100
calibration__803__denoise__counterfactual__nes__l0.5,calibration,denoise,counterfactual,1016,6,88,90,114
calibration__803__deblur__attack__nes__l1,calibration,deblur,attack,1021,1,90,24,972
calibration__803__deblur__restore__nes__l1,calibration,deblur,restore,1021,1,157,26,-1
calibration__803__deblur__random_walk__random_walk__l1,calibration,deblur,random_walk,1024,1,15,22,-1
calibration__803__deblur__confidence_boost__nes__l1,calibration,deblur,confidence_boost,1021,1,109,85,-1
calibration__803__deblur__boundary_probe__nes__l1,calibration,deblur,boundary_probe,1021,1,102,50,1005
calibration__803__deblur__counterfactual__nes__l1,calibration,deblur,counterfactual,1021,1,128,114,903
calibration__8627__denoise__attack__nes__l0.5,calibration,denoise,attack,1015,7,46,32,329
calibration__8627__denoise__restore__nes__l0.5,calibration,denoise,restore,1016,6,53,63,-1
calibration__8627__denoise__random_walk__random_walk__l0.5,calibration,denoise,random_walk,1024,1,15,22,-1
calibration__8627__denoise__confidence_boost__nes__l0.5,calibration,denoise,confidence_boost,1011,11,31,32,-1
calibration__8627__denoise__boundary_probe__nes__l0.5,calibration,denoise,boundary_probe,1008,14,101,102,258
calibration__8627__denoise__counterfactual__nes__l0.5,calibration,denoise,counterfactual,1012,10,24,72,314
calibration__8627__deblur__attack__nes__l1,calibration,deblur,attack,985,37,127,128,693
calibration__8627__deblur__restore__nes__l1,calibration,deblur,restore,968,54,83,75,-1
calibration__8627__deblur__random_walk__random_walk__l1,calibration,deblur,random_walk,1024,1,15,22,-1
calibration__8627__deblur__confidence_boost__nes__l1,calibration,deblur,confidence_boost,976,46,205,199,-1
calibration__8627__deblur__boundary_probe__nes__l1,calibration,deblur,boundary_probe,982,40,99,61,660
calibration__8627__deblur__counterfactual__nes__l1,calibration,deblur,counterfactual,976,46,131,145,716
calibration__4720__denoise__attack__nes__l0.5,calibration,denoise,attack,1016,6,51,63,495
calibration__4720__denoise__restore__nes__l0.5,calibration,denoise,restore,1017,5,34,29,-1
calibration__4720__denoise__random_walk__random_walk__l0.5,calibration,denoise,random_walk,1024,1,15,22,-1
calibration__4720__denoise__confidence_boost__nes__l0.5,calibration,denoise,confidence_boost,1020,2,69,66,-1
calibration__4720__denoise__boundary_probe__nes__l0.5,calibration,denoise,boundary_probe,1014,8,99,99,537
calibration__4720__denoise__counterfactual__nes__l0.5,calibration,denoise,counterfactual,1012,10,52,34,628
calibration__4720__deblur__attack__nes__l1,calibration,deblur,attack,1020,2,135,109,291
calibration__4720__deblur__restore__nes__l1,calibration,deblur,restore,1021,1,253,135,-1
calibration__4720__deblur__random_walk__random_walk__l1,calibration,deblur,random_walk,1024,1,17,22,-1
calibration__4720__deblur__confidence_boost__nes__l1,calibration,deblur,confidence_boost,1021,1,83,84,-1
calibration__4720__deblur__boundary_probe__nes__l1,calibration,deblur,boundary_probe,1020,2,141,137,290
calibration__4720__deblur__counterfactual__nes__l1,calibration,deblur,counterfactual,1021,1,77,65,324
calibration__2140__denoise__attack__nes__l0.5,calibration,denoise,attack,1010,12,96,74,-1
calibration__2140__denoise__restore__nes__l0.5,calibration,denoise,restore,1007,15,54,51,-1
calibration__2140__denoise__random_walk__random_walk__l0.5,calibration,denoise,random_walk,1024,1,19,22,-1
calibration__2140__denoise__confidence_boost__nes__l0.5,calibration,denoise,confidence_boost,1019,3,89,50,-1
calibration__2140__denoise__boundary_probe__nes__l0.5,calibration,denoise,boundary_probe,1010,12,52,80,-1
calibration__2140__denoise__counterfactual__nes__l0.5,calibration,denoise,counterfactual,1009,13,52,50,-1
calibration__2140__deblur__attack__nes__l1,calibration,deblur,attack,1020,2,87,23,996
calibration__2140__deblur__restore__nes__l1,calibration,deblur,restore,1021,1,28,24,-1
calibration__2140__deblur__random_walk__random_walk__l1,calibration,deblur,random_walk,1024,1,27,27,-1
calibration__2140__deblur__confidence_boost__nes__l1,calibration,deblur,confidence_boost,1019,3,120,111,-1
calibration__2140__deblur__boundary_probe__nes__l1,calibration,deblur,boundary_probe,1020,2,88,117,-1
calibration__2140__deblur__counterfactual__nes__l1,calibration,deblur,counterfactual,1021,1,53,53,-1
calibration__7270__denoise__attack__nes__l0.5,calibration,denoise,attack,1010,12,80,88,13
calibration__7270__denoise__restore__nes__l0.5,calibration,denoise,restore,1015,7,36,32,810
calibration__7270__denoise__random_walk__random_walk__l0.5,calibration,denoise,random_walk,1024,1,16,22,-1
calibration__7270__denoise__confidence_boost__nes__l0.5,calibration,denoise,confidence_boost,1013,9,84,84,-1
calibration__7270__denoise__boundary_probe__nes__l0.5,calibration,denoise,boundary_probe,1010,12,65,67,62
calibration__7270__denoise__counterfactual__nes__l0.5,calibration,denoise,counterfactual,999,23,42,116,36
calibration__7270__deblur__attack__nes__l1,calibration,deblur,attack,1010,12,86,94,682
calibration__7270__deblur__restore__nes__l1,calibration,deblur,restore,996,26,71,107,-1
calibration__7270__deblur__random_walk__random_walk__l1,calibration,deblur,random_walk,1024,1,28,22,-1
calibration__7270__deblur__confidence_boost__nes__l1,calibration,deblur,confidence_boost,1004,18,129,132,-1
calibration__7270__deblur__boundary_probe__nes__l1,calibration,deblur,boundary_probe,995,27,168,169,736
calibration__7270__deblur__counterfactual__nes__l1,calibration,deblur,counterfactual,1013,9,53,55,876
evaluation__3499__denoise__attack__nes__l0.5,evaluation,denoise,attack,1014,8,108,85,878
evaluation__3499__denoise__restore__nes__l0.5,evaluation,denoise,restore,1009,13,116,132,-1
evaluation__3499__denoise__random_walk__random_walk__l0.5,evaluation,denoise,random_walk,1024,1,15,22,-1
evaluation__3499__denoise__confidence_boost__nes__l0.5,evaluation,denoise,confidence_boost,1015,7,26,28,-1
evaluation__3499__denoise__boundary_probe__nes__l0.5,evaluation,denoise,boundary_probe,1020,2,84,88,-1
evaluation__3499__denoise__counterfactual__nes__l0.5,evaluation,denoise,counterfactual,1020,2,66,109,-1
evaluation__3499__deblur__attack__nes__l1,evaluation,deblur,attack,1020,2,144,103,970
evaluation__3499__deblur__restore__nes__l1,evaluation,deblur,restore,1021,1,366,148,-1
evaluation__3499__deblur__random_walk__random_walk__l1,evaluation,deblur,random_walk,1024,1,15,22,-1
evaluation__3499__deblur__confidence_boost__nes__l1,evaluation,deblur,confidence_boost,1018,4,116,93,-1
evaluation__3499__deblur__boundary_probe__nes__l1,evaluation,deblur,boundary_probe,1021,1,137,79,1021
evaluation__3499__deblur__counterfactual__nes__l1,evaluation,deblur,counterfactual,1021,1,124,115,-1
evaluation__6241__denoise__attack__nes__l0.5,evaluation,denoise,attack,1018,4,35,56,525
evaluation__6241__denoise__restore__nes__l0.5,evaluation,denoise,restore,1014,8,47,31,-1
evaluation__6241__denoise__random_walk__random_walk__l0.5,evaluation,denoise,random_walk,1024,1,15,22,-1
evaluation__6241__denoise__confidence_boost__nes__l0.5,evaluation,denoise,confidence_boost,1016,6,40,38,-1
evaluation__6241__denoise__boundary_probe__nes__l0.5,evaluation,denoise,boundary_probe,1017,5,44,40,605
evaluation__6241__denoise__counterfactual__nes__l0.5,evaluation,denoise,counterfactual,1021,1,34,33,553
evaluation__6241__deblur__attack__nes__l1,evaluation,deblur,attack,900,122,149,142,573
evaluation__6241__deblur__restore__nes__l1,evaluation,deblur,restore,955,67,404,404,-1
evaluation__6241__deblur__random_walk__random_walk__l1,evaluation,deblur,random_walk,1024,1,15,22,-1
evaluation__6241__deblur__confidence_boost__nes__l1,evaluation,deblur,confidence_boost,958,64,234,234,-1
evaluation__6241__deblur__boundary_probe__nes__l1,evaluation,deblur,boundary_probe,906,116,130,196,654
evaluation__6241__deblur__counterfactual__nes__l1,evaluation,deblur,counterfactual,966,56,152,128,563
evaluation__8894__denoise__attack__nes__l0.5,evaluation,denoise,attack,1021,1,40,36,214
evaluation__8894__denoise__restore__nes__l0.5,evaluation,denoise,restore,1021,1,44,47,900
evaluation__8894__denoise__random_walk__random_walk__l0.5,evaluation,denoise,random_walk,1024,1,21,22,-1
evaluation__8894__denoise__confidence_boost__nes__l0.5,evaluation,denoise,confidence_boost,1021,1,80,91,-1
evaluation__8894__denoise__boundary_probe__nes__l0.5,evaluation,denoise,boundary_probe,1021,1,30,22,138
evaluation__8894__denoise__counterfactual__nes__l0.5,evaluation,denoise,counterfactual,1021,1,66,72,153
evaluation__8894__deblur__attack__nes__l1,evaluation,deblur,attack,1021,1,23,23,-1
evaluation__8894__deblur__restore__nes__l1,evaluation,deblur,restore,1021,1,500,475,-1
evaluation__8894__deblur__random_walk__random_walk__l1,evaluation,deblur,random_walk,1024,1,24,23,-1
evaluation__8894__deblur__confidence_boost__nes__l1,evaluation,deblur,confidence_boost,1021,1,15,22,-1
evaluation__8894__deblur__boundary_probe__nes__l1,evaluation,deblur,boundary_probe,1021,1,91,91,-1
evaluation__8894__deblur__counterfactual__nes__l1,evaluation,deblur,counterfactual,1021,1,153,132,941
evaluation__81__denoise__attack__nes__l0.5,evaluation,denoise,attack,893,129,139,149,515
evaluation__81__denoise__restore__nes__l0.5,evaluation,denoise,restore,816,206,227,252,-1
evaluation__81__denoise__random_walk__random_walk__l0.5,evaluation,denoise,random_walk,1024,1,21,22,-1
evaluation__81__denoise__confidence_boost__nes__l0.5,evaluation,denoise,confidence_boost,891,131,179,152,-1
evaluation__81__denoise__boundary_probe__nes__l0.5,evaluation,denoise,boundary_probe,872,150,156,225,349
evaluation__81__denoise__counterfactual__nes__l0.5,evaluation,denoise,counterfactual,880,142,202,203,459
evaluation__81__deblur__attack__nes__l1,evaluation,deblur,attack,986,36,51,60,186
evaluation__81__deblur__restore__nes__l1,evaluation,deblur,restore,971,51,259,105,-1
evaluation__81__deblur__random_walk__random_walk__l1,evaluation,deblur,random_walk,1024,1,23,22,517
evaluation__81__deblur__confidence_boost__nes__l1,evaluation,deblur,confidence_boost,994,28,89,90,-1
evaluation__81__deblur__boundary_probe__nes__l1,evaluation,deblur,boundary_probe,978,44,83,80,240
evaluation__81__deblur__counterfactual__nes__l1,evaluation,deblur,counterfactual,893,129,230,213,225
evaluation__2601__denoise__attack__nes__l0.5,evaluation,denoise,attack,987,35,114,117,-1
evaluation__2601__denoise__restore__nes__l0.5,evaluation,denoise,restore,989,33,126,134,-1
evaluation__2601__denoise__random_walk__random_walk__l0.5,evaluation,denoise,random_walk,1024,1,20,22,-1
evaluation__2601__denoise__confidence_boost__nes__l0.5,evaluation,denoise,confidence_boost,991,31,117,115,-1
evaluation__2601__denoise__boundary_probe__nes__l0.5,evaluation,denoise,boundary_probe,996,26,101,95,-1
evaluation__2601__denoise__counterfactual__nes__l0.5,evaluation,denoise,counterfactual,1008,14,66,62,-1
evaluation__2601__deblur__attack__nes__l1,evaluation,deblur,attack,944,78,99,99,-1
evaluation__2601__deblur__restore__nes__l1,evaluation,deblur,restore,883,139,219,219,-1
evaluation__2601__deblur__random_walk__random_walk__l1,evaluation,deblur,random_walk,1024,1,17,22,-1
evaluation__2601__deblur__confidence_boost__nes__l1,evaluation,deblur,confidence_boost,854,165,288,283,-1
evaluation__2601__deblur__boundary_probe__nes__l1,evaluation,deblur,boundary_probe,916,106,124,126,-1
evaluation__2601__deblur__counterfactual__nes__l1,evaluation,deblur,counterfactual,894,128,142,203,-1
evaluation__7215__denoise__attack__nes__l0.5,evaluation,denoise,attack,999,23,98,53,-1
evaluation__7215__denoise__restore__nes__l0.5,evaluation,denoise,restore,999,23,102,45,-1
evaluation__7215__denoise__random_walk__random_walk__l0.5,evaluation,denoise,random_walk,1024,1,15,22,-1
evaluation__7215__denoise__confidence_boost__nes__l0.5,evaluation,denoise,confidence_boost,999,23,66,48,-1
evaluation__7215__denoise__boundary_probe__nes__l0.5,evaluation,denoise,boundary_probe,1012,10,100,95,-1
evaluation__7215__denoise__counterfactual__nes__l0.5,evaluation,denoise,counterfactual,1002,20,109,111,-1
evaluation__7215__deblur__attack__nes__l1,evaluation,deblur,attack,1021,1,82,86,-1
evaluation__7215__deblur__restore__nes__l1,evaluation,deblur,restore,1013,9,193,203,-1
evaluation__7215__deblur__random_walk__random_walk__l1,evaluation,deblur,random_walk,1024,1,22,23,-1
evaluation__7215__deblur__confidence_boost__nes__l1,evaluation,deblur,confidence_boost,1018,4,52,53,-1
evaluation__7215__deblur__boundary_probe__nes__l1,evaluation,deblur,boundary_probe,1020,2,73,96,-1
evaluation__7215__deblur__counterfactual__nes__l1,evaluation,deblur,counterfactual,1021,1,31,28,-1
evaluation__9455__denoise__attack__nes__l0.5,evaluation,denoise,attack,954,68,165,156,78
evaluation__9455__denoise__restore__nes__l0.5,evaluation,denoise,restore,972,50,99,96,107
evaluation__9455__denoise__random_walk__random_walk__l0.5,evaluation,denoise,random_walk,1024,1,24,24,250
evaluation__9455__denoise__confidence_boost__nes__l0.5,evaluation,denoise,confidence_boost,1000,22,48,55,-1
evaluation__9455__denoise__boundary_probe__nes__l0.5,evaluation,denoise,boundary_probe,990,32,54,83,99
evaluation__9455__denoise__counterfactual__nes__l0.5,evaluation,denoise,counterfactual,964,58,164,164,143
evaluation__9455__deblur__attack__nes__l1,evaluation,deblur,attack,972,50,175,148,703
evaluation__9455__deblur__restore__nes__l1,evaluation,deblur,restore,1009,13,219,219,-1
evaluation__9455__deblur__random_walk__random_walk__l1,evaluation,deblur,random_walk,1024,1,15,22,-1
evaluation__9455__deblur__confidence_boost__nes__l1,evaluation,deblur,confidence_boost,998,24,173,148,-1
evaluation__9455__deblur__boundary_probe__nes__l1,evaluation,deblur,boundary_probe,988,34,145,162,827
evaluation__9455__deblur__counterfactual__nes__l1,evaluation,deblur,counterfactual,989,33,151,56,-1
evaluation__2774__denoise__attack__nes__l0.5,evaluation,denoise,attack,1019,3,48,24,449
evaluation__2774__denoise__restore__nes__l0.5,evaluation,denoise,restore,1013,9,113,113,-1
evaluation__2774__denoise__random_walk__random_walk__l0.5,evaluation,denoise,random_walk,1024,1,19,22,-1
evaluation__2774__denoise__confidence_boost__nes__l0.5,evaluation,denoise,confidence_boost,1017,5,118,34,-1
evaluation__2774__denoise__boundary_probe__nes__l0.5,evaluation,denoise,boundary_probe,1018,4,39,38,436
evaluation__2774__denoise__counterfactual__nes__l0.5,evaluation,denoise,counterfactual,1006,16,46,48,386
evaluation__2774__deblur__attack__nes__l1,evaluation,deblur,attack,1021,1,101,64,699
evaluation__2774__deblur__restore__nes__l1,evaluation,deblur,restore,1021,1,122,132,-1
evaluation__2774__deblur__random_walk__random_walk__l1,evaluation,deblur,random_walk,1024,1,15,22,-1
evaluation__2774__deblur__confidence_boost__nes__l1,evaluation,deblur,confidence_boost,1021,1,114,108,-1
evaluation__2774__deblur__boundary_probe__nes__l1,evaluation,deblur,boundary_probe,1020,2,74,74,614
evaluation__2774__deblur__counterfactual__nes__l1,evaluation,deblur,counterfactual,1021,1,85,79,543
evaluation__6515__denoise__attack__nes__l0.5,evaluation,denoise,attack,880,142,217,220,770
evaluation__6515__denoise__restore__nes__l0.5,evaluation,denoise,restore,895,127,233,211,-1
evaluation__6515__denoise__random_walk__random_walk__l0.5,evaluation,denoise,random_walk,1024,1,15,22,-1
evaluation__6515__denoise__confidence_boost__nes__l0.5,evaluation,denoise,confidence_boost,783,239,205,256,-1
evaluation__6515__denoise__boundary_probe__nes__l0.5,evaluation,denoise,boundary_probe,788,234,212,252,775
evaluation__6515__denoise__counterfactual__nes__l0.5,evaluation,denoise,counterfactual,802,220,208,240,777
evaluation__6515__deblur__attack__nes__l1,evaluation,deblur,attack,601,421,307,341,329
evaluation__6515__deblur__restore__nes__l1,evaluation,deblur,restore,580,442,358,358,-1
evaluation__6515__deblur__random_walk__random_walk__l1,evaluation,deblur,random_walk,1024,1,15,22,-1
evaluation__6515__deblur__confidence_boost__nes__l1,evaluation,deblur,confidence_boost,598,424,239,324,-1
evaluation__6515__deblur__boundary_probe__nes__l1,evaluation,deblur,boundary_probe,650,372,222,324,337
evaluation__6515__deblur__counterfactual__nes__l1,evaluation,deblur,counterfactual,604,418,239,358,349
evaluation__8363__denoise__attack__nes__l0.5,evaluation,denoise,attack,983,39,107,107,977
evaluation__8363__denoise__restore__nes__l0.5,evaluation,denoise,restore,988,34,244,274,-1
evaluation__8363__denoise__random_walk__random_walk__l0.5,evaluation,denoise,random_walk,1024,1,25,23,-1
evaluation__8363__denoise__confidence_boost__nes__l0.5,evaluation,denoise,confidence_boost,928,94,110,115,-1
evaluation__8363__denoise__boundary_probe__nes__l0.5,evaluation,denoise,boundary_probe,949,73,162,163,-1
evaluation__8363__denoise__counterfactual__nes__l0.5,evaluation,denoise,counterfactual,945,77,119,116,971
evaluation__8363__deblur__attack__nes__l1,evaluation,deblur,attack,1011,11,111,66,74
evaluation__8363__deblur__restore__nes__l1,evaluation,deblur,restore,1011,11,204,86,585
evaluation__8363__deblur__random_walk__random_walk__l1,evaluation,deblur,random_walk,1024,1,19,22,794
evaluation__8363__deblur__confidence_boost__nes__l1,evaluation,deblur,confidence_boost,1011,11,69,155,-1
evaluation__8363__deblur__boundary_probe__nes__l1,evaluation,deblur,boundary_probe,1005,17,88,79,133
evaluation__8363__deblur__counterfactual__nes__l1,evaluation,deblur,counterfactual,1009,13,114,88,91
evaluation__2991__denoise__attack__nes__l0.5,evaluation,denoise,attack,1012,10,99,99,198
evaluation__2991__denoise__restore__nes__l0.5,evaluation,denoise,restore,1007,14,85,61,-1
evaluation__2991__denoise__random_walk__random_walk__l0.5,evaluation,denoise,random_walk,1024,1,15,24,-1
evaluation__2991__denoise__confidence_boost__nes__l0.5,evaluation,denoise,confidence_boost,1004,18,129,137,-1
evaluation__2991__denoise__boundary_probe__nes__l0.5,evaluation,denoise,boundary_probe,1018,4,43,39,172
evaluation__2991__denoise__counterfactual__nes__l0.5,evaluation,denoise,counterfactual,1015,7,46,39,230
evaluation__2991__deblur__attack__nes__l1,evaluation,deblur,attack,1019,3,121,117,783
evaluation__2991__deblur__restore__nes__l1,evaluation,deblur,restore,1014,8,379,369,-1
evaluation__2991__deblur__random_walk__random_walk__l1,evaluation,deblur,random_walk,1024,1,15,22,-1
evaluation__2991__deblur__confidence_boost__nes__l1,evaluation,deblur,confidence_boost,1005,17,66,116,-1
evaluation__2991__deblur__boundary_probe__nes__l1,evaluation,deblur,boundary_probe,997,25,176,126,834
evaluation__2991__deblur__counterfactual__nes__l1,evaluation,deblur,counterfactual,1007,15,157,152,732
evaluation__5655__denoise__attack__nes__l0.5,evaluation,denoise,attack,983,38,111,110,271
evaluation__5655__denoise__restore__nes__l0.5,evaluation,denoise,restore,1007,15,54,50,-1
evaluation__5655__denoise__random_walk__random_walk__l0.5,evaluation,denoise,random_walk,1024,1,38,22,-1
evaluation__5655__denoise__confidence_boost__nes__l0.5,evaluation,denoise,confidence_boost,1015,7,46,47,-1
evaluation__5655__denoise__boundary_probe__nes__l0.5,evaluation,denoise,boundary_probe,1000,22,36,67,420
evaluation__5655__denoise__counterfactual__nes__l0.5,evaluation,denoise,counterfactual,1014,8,57,64,412
evaluation__5655__deblur__attack__nes__l1,evaluation,deblur,attack,955,67,208,213,852
evaluation__5655__deblur__restore__nes__l1,evaluation,deblur,restore,992,30,171,196,-1
evaluation__5655__deblur__random_walk__random_walk__l1,evaluation,deblur,random_walk,1024,1,16,22,-1
evaluation__5655__deblur__confidence_boost__nes__l1,evaluation,deblur,confidence_boost,925,97,195,200,-1
evaluation__5655__deblur__boundary_probe__nes__l1,evaluation,deblur,boundary_probe,875,147,217,223,817
evaluation__5655__deblur__counterfactual__nes__l1,evaluation,deblur,counterfactual,966,56,153,154,732
evaluation__7378__denoise__attack__nes__l0.5,evaluation,denoise,attack,813,209,205,226,346
evaluation__7378__denoise__restore__nes__l0.5,evaluation,denoise,restore,812,210,219,265,-1
evaluation__7378__denoise__random_walk__random_walk__l0.5,evaluation,denoise,random_walk,1024,1,15,22,-1
evaluation__7378__denoise__confidence_boost__nes__l0.5,evaluation,denoise,confidence_boost,893,129,161,187,-1
evaluation__7378__denoise__boundary_probe__nes__l0.5,evaluation,denoise,boundary_probe,937,85,124,120,376
evaluation__7378__denoise__counterfactual__nes__l0.5,evaluation,denoise,counterfactual,835,187,206,208,306
evaluation__7378__deblur__attack__nes__l1,evaluation,deblur,attack,512,510,239,358,757
evaluation__7378__deblur__restore__nes__l1,evaluation,deblur,restore,530,492,239,561,-1
evaluation__7378__deblur__random_walk__random_walk__l1,evaluation,deblur,random_walk,1024,1,15,22,-1
evaluation__7378__deblur__confidence_boost__nes__l1,evaluation,deblur,confidence_boost,585,437,239,358,-1
evaluation__7378__deblur__boundary_probe__nes__l1,evaluation,deblur,boundary_probe,599,423,239,341,651
evaluation__7378__deblur__counterfactual__nes__l1,evaluation,deblur,counterfactual,372,650,239,358,800
evaluation__1303__denoise__attack__nes__l0.5,evaluation,denoise,attack,949,73,126,128,182
evaluation__1303__denoise__restore__nes__l0.5,evaluation,denoise,restore,849,173,334,276,-1
evaluation__1303__denoise__random_walk__random_walk__l0.5,evaluation,denoise,random_walk,1024,1,18,22,-1
evaluation__1303__denoise__confidence_boost__nes__l0.5,evaluation,denoise,confidence_boost,874,148,164,169,-1
evaluation__1303__denoise__boundary_probe__nes__l0.5,evaluation,denoise,boundary_probe,864,158,165,177,175
evaluation__1303__denoise__counterfactual__nes__l0.5,evaluation,denoise,counterfactual,894,128,198,208,223
evaluation__1303__deblur__attack__nes__l1,evaluation,deblur,attack,735,287,205,273,550
evaluation__1303__deblur__restore__nes__l1,evaluation,deblur,restore,707,315,405,385,-1
evaluation__1303__deblur__random_walk__random_walk__l1,evaluation,deblur,random_walk,1024,1,15,22,-1
evaluation__1303__deblur__confidence_boost__nes__l1,evaluation,deblur,confidence_boost,878,144,143,163,-1
evaluation__1303__deblur__boundary_probe__nes__l1,evaluation,deblur,boundary_probe,803,219,208,230,551
evaluation__1303__deblur__counterfactual__nes__l1,evaluation,deblur,counterfactual,759,263,222,273,508
evaluation__3822__denoise__attack__nes__l0.5,evaluation,denoise,attack,886,136,150,157,618
evaluation__3822__denoise__restore__nes__l0.5,evaluation,denoise,restore,959,63,102,102,-1
evaluation__3822__denoise__random_walk__random_walk__l0.5,evaluation,denoise,random_walk,1024,1,15,22,-1
evaluation__3822__denoise__confidence_boost__nes__l0.5,evaluation,denoise,confidence_boost,912,110,175,190,-1
evaluation__3822__denoise__boundary_probe__nes__l0.5,evaluation,denoise,boundary_probe,967,55,123,123,512
evaluation__3822__denoise__counterfactual__nes__l0.5,evaluation,denoise,counterfactual,862,160,171,181,626
evaluation__3822__deblur__attack__nes__l1,evaluation,deblur,attack,981,41,90,124,742
evaluation__3822__deblur__restore__nes__l1,evaluation,deblur,restore,985,37,286,344,-1
evaluation__3822__deblur__random_walk__random_walk__l1,evaluation,deblur,random_walk,1024,1,18,22,-1
evaluation__3822__deblur__confidence_boost__nes__l1,evaluation,deblur,confidence_boost,990,32,122,122,-1
evaluation__3822__deblur__boundary_probe__nes__l1,evaluation,deblur,boundary_probe,986,36,141,131,834
evaluation__3822__deblur__counterfactual__nes__l1,evaluation,deblur,counterfactual,974,48,92,90,917
evaluation__6005__denoise__attack__nes__l0.5,evaluation,denoise,attack,1019,3,17,89,-1
evaluation__6005__denoise__restore__nes__l0.5,evaluation,denoise,restore,1014,8,121,138,-1
evaluation__6005__denoise__random_walk__random_walk__l0.5,evaluation,denoise,random_walk,1024,1,16,22,-1
evaluation__6005__denoise__confidence_boost__nes__l0.5,evaluation,denoise,confidence_boost,1011,11,111,99,-1
evaluation__6005__denoise__boundary_probe__nes__l0.5,evaluation,denoise,boundary_probe,1020,2,95,89,-1
evaluation__6005__denoise__counterfactual__nes__l0.5,evaluation,denoise,counterfactual,1019,3,17,24,-1
evaluation__6005__deblur__attack__nes__l1,evaluation,deblur,attack,1006,16,87,88,-1
evaluation__6005__deblur__restore__nes__l1,evaluation,deblur,restore,990,31,238,356,-1
evaluation__6005__deblur__random_walk__random_walk__l1,evaluation,deblur,random_walk,1024,1,15,22,-1
evaluation__6005__deblur__confidence_boost__nes__l1,evaluation,deblur,confidence_boost,1005,17,113,117,-1
evaluation__6005__deblur__boundary_probe__nes__l1,evaluation,deblur,boundary_probe,1009,13,76,67,-1
evaluation__6005__deblur__counterfactual__nes__l1,evaluation,deblur,counterfactual,996,26,74,133,-1
evaluation__9715__denoise__attack__nes__l0.5,evaluation,denoise,attack,1001,21,114,62,383
evaluation__9715__denoise__restore__nes__l0.5,evaluation,denoise,restore,1007,15,54,134,-1
evaluation__9715__denoise__random_walk__random_walk__l0.5,evaluation,denoise,random_walk,1024,1,38,45,-1
evaluation__9715__denoise__confidence_boost__nes__l0.5,evaluation,denoise,confidence_boost,976,46,100,112,-1
evaluation__9715__denoise__boundary_probe__nes__l0.5,evaluation,denoise,boundary_probe,984,38,99,119,293
evaluation__9715__denoise__counterfactual__nes__l0.5,evaluation,denoise,counterfactual,992,30,64,54,353
evaluation__9715__deblur__attack__nes__l1,evaluation,deblur,attack,1003,18,131,128,427
evaluation__9715__deblur__restore__nes__l1,evaluation,deblur,restore,1019,3,32,82,-1
evaluation__9715__deblur__random_walk__random_walk__l1,evaluation,deblur,random_walk,1024,1,19,22,-1
evaluation__9715__deblur__confidence_boost__nes__l1,evaluation,deblur,confidence_boost,1016,6,74,72,-1
evaluation__9715__deblur__boundary_probe__nes__l1,evaluation,deblur,boundary_probe,1015,7,149,138,533
evaluation__9715__deblur__counterfactual__nes__l1,evaluation,deblur,counterfactual,1012,10,53,50,415
evaluation__2582__denoise__attack__nes__l0.5,evaluation,denoise,attack,923,99,161,120,3
evaluation__2582__denoise__restore__nes__l0.5,evaluation,denoise,restore,889,133,147,172,2
evaluation__2582__denoise__random_walk__random_walk__l0.5,evaluation,denoise,random_walk,1024,1,15,22,11
evaluation__2582__denoise__confidence_boost__nes__l0.5,evaluation,denoise,confidence_boost,856,166,176,187,3
evaluation__2582__denoise__boundary_probe__nes__l0.5,evaluation,denoise,boundary_probe,897,125,162,154,3
evaluation__2582__denoise__counterfactual__nes__l0.5,evaluation,denoise,counterfactual,891,131,142,151,3
evaluation__2582__deblur__attack__nes__l1,evaluation,deblur,attack,940,82,117,107,-1
evaluation__2582__deblur__restore__nes__l1,evaluation,deblur,restore,890,132,149,153,-1
evaluation__2582__deblur__random_walk__random_walk__l1,evaluation,deblur,random_walk,1024,1,19,22,-1
evaluation__2582__deblur__confidence_boost__nes__l1,evaluation,deblur,confidence_boost,937,85,112,139,-1
evaluation__2582__deblur__boundary_probe__nes__l1,evaluation,deblur,boundary_probe,953,69,154,152,-1
evaluation__2582__deblur__counterfactual__nes__l1,evaluation,deblur,counterfactual,974,48,99,99,-1
evaluation__6092__denoise__attack__nes__l0.5,evaluation,denoise,attack,1003,19,39,41,301
evaluation__6092__denoise__restore__nes__l0.5,evaluation,denoise,restore,1011,11,98,98,-1
evaluation__6092__denoise__random_walk__random_walk__l0.5,evaluation,denoise,random_walk,1024,1,15,22,-1
evaluation__6092__denoise__confidence_boost__nes__l0.5,evaluation,denoise,confidence_boost,1017,5,109,105,-1
evaluation__6092__denoise__boundary_probe__nes__l0.5,evaluation,denoise,boundary_probe,1019,3,75,81,345
evaluation__6092__denoise__counterfactual__nes__l0.5,evaluation,denoise,counterfactual,1009,13,52,45,277
evaluation__6092__deblur__attack__nes__l1,evaluation,deblur,attack,1021,1,101,101,963
evaluation__6092__deblur__restore__nes__l1,evaluation,deblur,restore,1021,1,190,286,-1
evaluation__6092__deblur__random_walk__random_walk__l1,evaluation,deblur,random_walk,1024,1,18,22,-1
evaluation__6092__deblur__confidence_boost__nes__l1,evaluation,deblur,confidence_boost,1021,1,158,132,-1
evaluation__6092__deblur__boundary_probe__nes__l1,evaluation,deblur,boundary_probe,1021,1,30,28,959
evaluation__6092__deblur__counterfactual__nes__l1,evaluation,deblur,counterfactual,1021,1,35,30,-1
evaluation__9410__denoise__attack__nes__l0.5,evaluation,denoise,attack,1007,15,66,81,36
evaluation__9410__denoise__restore__nes__l0.5,evaluation,denoise,restore,1011,11,35,32,126
evaluation__9410__denoise__random_walk__random_walk__l0.5,evaluation,denoise,random_walk,1024,1,15,22,376
evaluation__9410__denoise__confidence_boost__nes__l0.5,evaluation,denoise,confidence_boost,1021,1,54,46,-1
evaluation__9410__denoise__boundary_probe__nes__l0.5,evaluation,denoise,boundary_probe,1020,2,45,82,78
evaluation__9410__denoise__counterfactual__nes__l0.5,evaluation,denoise,counterfactual,1016,6,78,80,91
evaluation__9410__deblur__attack__nes__l1,evaluation,deblur,attack,1020,2,189,129,1004
evaluation__9410__deblur__restore__nes__l1,evaluation,deblur,restore,1021,1,35,22,-1
evaluation__9410__deblur__random_walk__random_walk__l1,evaluation,deblur,random_walk,1024,1,15,22,-1
evaluation__9410__deblur__confidence_boost__nes__l1,evaluation,deblur,confidence_boost,1020,2,123,126,-1
evaluation__9410__deblur__boundary_probe__nes__l1,evaluation,deblur,boundary_probe,1021,1,175,103,970
evaluation__9410__deblur__counterfactual__nes__l1,evaluation,deblur,counterfactual,1020,2,172,106,-1
evaluation__1978__denoise__attack__nes__l0.5,evaluation,denoise,attack,990,32,109,109,-1
evaluation__1978__denoise__restore__nes__l0.5,evaluation,denoise,restore,1006,16,34,47,-1
evaluation__1978__denoise__random_walk__random_walk__l0.5,evaluation,denoise,random_walk,1024,1,15,22,-1
evaluation__1978__denoise__confidence_boost__nes__l0.5,evaluation,denoise,confidence_boost,993,29,82,122,-1
evaluation__1978__denoise__boundary_probe__nes__l0.5,evaluation,denoise,boundary_probe,1006,16,33,37,-1
evaluation__1978__denoise__counterfactual__nes__l0.5,evaluation,denoise,counterfactual,1016,6,80,57,-1
evaluation__1978__deblur__attack__nes__l1,evaluation,deblur,attack,1021,1,85,136,936
evaluation__1978__deblur__restore__nes__l1,evaluation,deblur,restore,1021,1,88,22,-1
evaluation__1978__deblur__random_walk__random_walk__l1,evaluation,deblur,random_walk,1024,1,16,22,-1
evaluation__1978__deblur__confidence_boost__nes__l1,evaluation,deblur,confidence_boost,1021,1,128,111,-1
evaluation__1978__deblur__boundary_probe__nes__l1,evaluation,deblur,boundary_probe,1021,1,103,103,902
evaluation__1978__deblur__counterfactual__nes__l1,evaluation,deblur,counterfactual,1021,1,152,126,834
evaluation__4746__denoise__attack__nes__l0.5,evaluation,denoise,attack,1011,11,50,51,-1
evaluation__4746__denoise__restore__nes__l0.5,evaluation,denoise,restore,1017,5,115,119,-1
evaluation__4746__denoise__random_walk__random_walk__l0.5,evaluation,denoise,random_walk,1024,1,21,22,-1
evaluation__4746__denoise__confidence_boost__nes__l0.5,evaluation,denoise,confidence_boost,1011,11,68,45,-1
evaluation__4746__denoise__boundary_probe__nes__l0.5,evaluation,denoise,boundary_probe,1013,9,94,64,-1
evaluation__4746__denoise__counterfactual__nes__l0.5,evaluation,denoise,counterfactual,1015,7,80,107,-1
evaluation__4746__deblur__attack__nes__l1,evaluation,deblur,attack,1021,1,87,89,834
evaluation__4746__deblur__restore__nes__l1,evaluation,deblur,restore,1018,2,19,27,-1
evaluation__4746__deblur__random_walk__random_walk__l1,evaluation,deblur,random_walk,1024,1,17,22,-1
evaluation__4746__deblur__confidence_boost__nes__l1,evaluation,deblur,confidence_boost,1020,2,87,32,-1
evaluation__4746__deblur__boundary_probe__nes__l1,evaluation,deblur,boundary_probe,1020,2,166,159,902
evaluation__4746__deblur__counterfactual__nes__l1,evaluation,deblur,counterfactual,1021,1,120,120,749
evaluation__7777__denoise__attack__nes__l0.5,evaluation,denoise,attack,1004,18,105,105,-1
evaluation__7777__denoise__restore__nes__l0.5,evaluation,denoise,restore,1004,18,57,50,-1
evaluation__7777__denoise__random_walk__random_walk__l0.5,evaluation,denoise,random_walk,1024,1,15,22,-1
evaluation__7777__denoise__confidence_boost__nes__l0.5,evaluation,denoise,confidence_boost,981,41,83,83,-1
evaluation__7777__denoise__boundary_probe__nes__l0.5,evaluation,denoise,boundary_probe,1003,19,73,74,-1
evaluation__7777__denoise__counterfactual__nes__l0.5,evaluation,denoise,counterfactual,1008,14,102,95,-1
evaluation__7777__deblur__attack__nes__l1,evaluation,deblur,attack,1005,16,108,108,341
evaluation__7777__deblur__restore__nes__l1,evaluation,deblur,restore,1021,1,313,177,-1
evaluation__7777__deblur__random_walk__random_walk__l1,evaluation,deblur,random_walk,1024,1,15,22,-1
evaluation__7777__deblur__confidence_boost__nes__l1,evaluation,deblur,confidence_boost,1011,11,121,125,-1
evaluation__7777__deblur__boundary_probe__nes__l1,evaluation,deblur,boundary_probe,1011,11,145,107,260
evaluation__7777__deblur__counterfactual__nes__l1,evaluation,deblur,counterfactual,1019,3,85,128,273
evaluation__808__denoise__attack__nes__l0.5,evaluation,denoise,attack,1021,1,49,66,2
evaluation__808__denoise__restore__nes__l0.5,evaluation,denoise,restore,1020,2,45,33,2
evaluation__808__denoise__random_walk__random_walk__l0.5,evaluation,denoise,random_walk,1024,1,17,22,2
evaluation__808__denoise__confidence_boost__nes__l0.5,evaluation,denoise,confidence_boost,1021,1,72,28,2
evaluation__808__denoise__boundary_probe__nes__l0.5,evaluation,denoise,boundary_probe,1017,5,45,53,3
evaluation__808__denoise__counterfactual__nes__l0.5,evaluation,denoise,counterfactual,1020,2,31,27,3
evaluation__808__deblur__attack__nes__l1,evaluation,deblur,attack,949,72,151,137,-1
evaluation__808__deblur__restore__nes__l1,evaluation,deblur,restore,993,29,203,218,-1
evaluation__808__deblur__random_walk__random_walk__l1,evaluation,deblur,random_walk,1024,1,17,22,-1
evaluation__808__deblur__confidence_boost__nes__l1,evaluation,deblur,confidence_boost,974,48,61,69,-1
evaluation__808__deblur__boundary_probe__nes__l1,evaluation,deblur,boundary_probe,975,45,71,68,-1
evaluation__808__deblur__counterfactual__nes__l1,evaluation,deblur,counterfactual,954,67,162,108,-1
evaluation__3975__denoise__attack__nes__l0.5,evaluation,denoise,attack,1013,9,63,65,397
evaluation__3975__denoise__restore__nes__l0.5,evaluation,denoise,restore,1009,13,141,149,-1
evaluation__3975__denoise__random_walk__random_walk__l0.5,evaluation,denoise,random_walk,1024,1,16,22,-1
evaluation__3975__denoise__confidence_boost__nes__l0.5,evaluation,denoise,confidence_boost,1006,16,97,56,-1
evaluation__3975__denoise__boundary_probe__nes__l0.5,evaluation,denoise,boundary_probe,1005,17,119,103,367
evaluation__3975__denoise__counterfactual__nes__l0.5,evaluation,denoise,counterfactual,1017,5,83,37,350
evaluation__3975__deblur__attack__nes__l1,evaluation,deblur,attack,1020,2,97,92,653
evaluation__3975__deblur__restore__nes__l1,evaluation,deblur,restore,1021,1,306,240,-1
evaluation__3975__deblur__random_walk__random_walk__l1,evaluation,deblur,random_walk,1024,1,15,22,-1
evaluation__3975__deblur__confidence_boost__nes__l1,evaluation,deblur,confidence_boost,1021,1,126,136,-1
evaluation__3975__deblur__boundary_probe__nes__l1,evaluation,deblur,boundary_probe,1020,2,69,84,651
evaluation__3975__deblur__counterfactual__nes__l1,evaluation,deblur,counterfactual,1019,3,77,53,755
evaluation__5675__denoise__attack__nes__l0.5,evaluation,denoise,attack,1007,15,84,75,354
evaluation__5675__denoise__restore__nes__l0.5,evaluation,denoise,restore,1009,13,69,84,-1
evaluation__5675__denoise__random_walk__random_walk__l0.5,evaluation,denoise,random_walk,1024,1,15,22,-1
evaluation__5675__denoise__confidence_boost__nes__l0.5,evaluation,denoise,confidence_boost,1009,13,96,81,-1
evaluation__5675__denoise__boundary_probe__nes__l0.5,evaluation,denoise,boundary_probe,1003,19,83,82,325
evaluation__5675__denoise__counterfactual__nes__l0.5,evaluation,denoise,counterfactual,1010,12,66,124,398
evaluation__5675__deblur__attack__nes__l1,evaluation,deblur,attack,1017,4,86,31,-1
evaluation__5675__deblur__restore__nes__l1,evaluation,deblur,restore,1021,1,186,194,-1
evaluation__5675__deblur__random_walk__random_walk__l1,evaluation,deblur,random_walk,1024,1,15,22,-1
evaluation__5675__deblur__confidence_boost__nes__l1,evaluation,deblur,confidence_boost,1019,3,118,112,-1
evaluation__5675__deblur__boundary_probe__nes__l1,evaluation,deblur,boundary_probe,1020,2,97,110,-1
evaluation__5675__deblur__counterfactual__nes__l1,evaluation,deblur,counterfactual,1019,3,83,80,-1
evaluation__8560__denoise__attack__nes__l0.5,evaluation,denoise,attack,739,283,222,270,702
evaluation__8560__denoise__restore__nes__l0.5,evaluation,denoise,restore,662,360,222,341,-1
evaluation__8560__denoise__random_walk__random_walk__l0.5,evaluation,denoise,random_walk,1024,1,15,22,-1
evaluation__8560__denoise__confidence_boost__nes__l0.5,evaluation,denoise,confidence_boost,725,297,239,295,-1
evaluation__8560__denoise__boundary_probe__nes__l0.5,evaluation,denoise,boundary_probe,647,375,239,341,758
evaluation__8560__denoise__counterfactual__nes__l0.5,evaluation,denoise,counterfactual,745,277,239,290,621
evaluation__8560__deblur__attack__nes__l1,evaluation,deblur,attack,350,672,222,341,310
evaluation__8560__deblur__restore__nes__l1,evaluation,deblur,restore,627,395,239,341,-1
evaluation__8560__deblur__random_walk__random_walk__l1,evaluation,deblur,random_walk,1024,1,22,22,-1
evaluation__8560__deblur__confidence_boost__nes__l1,evaluation,deblur,confidence_boost,221,801,239,358,-1
evaluation__8560__deblur__boundary_probe__nes__l1,evaluation,deblur,boundary_probe,233,789,239,358,279
evaluation__8560__deblur__counterfactual__nes__l1,evaluation,deblur,counterfactual,128,894,239,358,294
evaluation__1897__denoise__attack__nes__l0.5,evaluation,denoise,attack,1013,9,33,30,8
evaluation__1897__denoise__restore__nes__l0.5,evaluation,denoise,restore,994,28,42,134,3
evaluation__1897__denoise__random_walk__random_walk__l0.5,evaluation,denoise,random_walk,1024,1,20,22,70
evaluation__1897__denoise__confidence_boost__nes__l0.5,evaluation,denoise,confidence_boost,1001,21,105,102,16
evaluation__1897__denoise__boundary_probe__nes__l0.5,evaluation,denoise,boundary_probe,1010,12,52,64,34
evaluation__1897__denoise__counterfactual__nes__l0.5,evaluation,denoise,counterfactual,998,24,63,59,6
evaluation__1897__deblur__attack__nes__l1,evaluation,deblur,attack,1009,13,98,168,484
evaluation__1897__deblur__restore__nes__l1,evaluation,deblur,restore,1002,20,410,397,-1
evaluation__1897__deblur__random_walk__random_walk__l1,evaluation,deblur,random_walk,1024,1,15,24,-1
evaluation__1897__deblur__confidence_boost__nes__l1,evaluation,deblur,confidence_boost,1009,13,134,133,-1
evaluation__1897__deblur__boundary_probe__nes__l1,evaluation,deblur,boundary_probe,1002,19,110,111,481
evaluation__1897__deblur__counterfactual__nes__l1,evaluation,deblur,counterfactual,1005,17,85,68,431
evaluation__4086__denoise__attack__nes__l0.5,evaluation,denoise,attack,1015,7,78,94,-1
evaluation__4086__denoise__restore__nes__l0.5,evaluation,denoise,restore,1021,1,44,44,-1
evaluation__4086__denoise__random_walk__random_walk__l0.5,evaluation,denoise,random_walk,1024,1,15,22,-1
evaluation__4086__denoise__confidence_boost__nes__l0.5,evaluation,denoise,confidence_boost,1019,3,42,43,-1
evaluation__4086__denoise__boundary_probe__nes__l0.5,evaluation,denoise,boundary_probe,1020,2,84,23,-1
evaluation__4086__denoise__counterfactual__nes__l0.5,evaluation,denoise,counterfactual,1017,5,49,45,-1
evaluation__4086__deblur__attack__nes__l1,evaluation,deblur,attack,1021,1,100,66,1004
evaluation__4086__deblur__restore__nes__l1,evaluation,deblur,restore,1021,1,321,22,-1
evaluation__4086__deblur__random_walk__random_walk__l1,evaluation,deblur,random_walk,1024,1,33,25,-1
evaluation__4086__deblur__confidence_boost__nes__l1,evaluation,deblur,confidence_boost,1021,1,125,125,-1
evaluation__4086__deblur__boundary_probe__nes__l1,evaluation,deblur,boundary_probe,1021,1,143,105,919
evaluation__4086__deblur__counterfactual__nes__l1,evaluation,deblur,counterfactual,1021,1,21,27,936
evaluation__7261__denoise__attack__nes__l0.5,evaluation,denoise,attack,1019,3,42,27,672
evaluation__7261__denoise__restore__nes__l0.5,evaluation,denoise,restore,1017,5,35,30,-1
evaluation__7261__denoise__random_walk__random_walk__l0.5,evaluation,denoise,random_walk,1024,1,15,22,-1
evaluation__7261__denoise__confidence_boost__nes__l0.5,evaluation,denoise,confidence_boost,1020,2,49,30,-1
evaluation__7261__denoise__boundary_probe__nes__l0.5,evaluation,denoise,boundary_probe,1020,2,41,24,835
evaluation__7261__denoise__counterfactual__nes__l0.5,evaluation,denoise,counterfactual,1015,7,54,54,824
evaluation__7261__deblur__attack__nes__l1,evaluation,deblur,attack,1015,7,143,138,49
evaluation__7261__deblur__restore__nes__l1,evaluation,deblur,restore,1014,8,62,58,377
evaluation__7261__deblur__random_walk__random_walk__l1,evaluation,deblur,random_walk,1024,1,15,22,-1
evaluation__7261__deblur__confidence_boost__nes__l1,evaluation,deblur,confidence_boost,1015,7,44,47,-1
evaluation__7261__deblur__boundary_probe__nes__l1,evaluation,deblur,boundary_probe,1020,2,113,113,101
evaluation__7261__deblur__counterfactual__nes__l1,evaluation,deblur,counterfactual,1020,2,79,45,121
evaluation__2148__denoise__attack__nes__l0.5,evaluation,denoise,attack,929,93,134,134,-1
evaluation__2148__denoise__restore__nes__l0.5,evaluation,denoise,restore,939,83,99,109,-1
evaluation__2148__denoise__random_walk__random_walk__l0.5,evaluation,denoise,random_walk,1024,1,21,22,-1
evaluation__2148__denoise__confidence_boost__nes__l0.5,evaluation,denoise,confidence_boost,870,152,164,173,-1
evaluation__2148__denoise__boundary_probe__nes__l0.5,evaluation,denoise,boundary_probe,856,166,180,187,-1
evaluation__2148__denoise__counterfactual__nes__l0.5,evaluation,denoise,counterfactual,894,128,214,214,-1
evaluation__2148__deblur__attack__nes__l1,evaluation,deblur,attack,957,65,95,97,-1
evaluation__2148__deblur__restore__nes__l1,evaluation,deblur,restore,952,70,266,205,-1
evaluation__2148__deblur__random_walk__random_walk__l1,evaluation,deblur,random_walk,1024,1,26,22,-1
evaluation__2148__deblur__confidence_boost__nes__l1,evaluation,deblur,confidence_boost,973,49,101,129,-1
evaluation__2148__deblur__boundary_probe__nes__l1,evaluation,deblur,boundary_probe,911,111,190,187,1021
evaluation__2148__deblur__counterfactual__nes__l1,evaluation,deblur,counterfactual,991,31,128,142,-1
evaluation__6167__denoise__attack__nes__l0.5,evaluation,denoise,attack,1017,5,54,41,360
evaluation__6167__denoise__restore__nes__l0.5,evaluation,denoise,restore,1016,6,104,55,-1
evaluation__6167__denoise__random_walk__random_walk__l0.5,evaluation,denoise,random_walk,1024,1,15,22,-1
evaluation__6167__denoise__confidence_boost__nes__l0.5,evaluation,denoise,confidence_boost,1019,3,81,79,-1
evaluation__6167__denoise__boundary_probe__nes__l0.5,evaluation,denoise,boundary_probe,1016,6,20,27,365
evaluation__6167__denoise__counterfactual__nes__l0.5,evaluation,denoise,counterfactual,1011,11,85,48,395
evaluation__6167__deblur__attack__nes__l1,evaluation,deblur,attack,1016,6,31,111,29
evaluation__6167__deblur__restore__nes__l1,evaluation,deblur,restore,1017,5,341,336,172
evaluation__6167__deblur__random_walk__random_walk__l1,evaluation,deblur,random_walk,1024,1,21,25,248
evaluation__6167__deblur__confidence_boost__nes__l1,evaluation,deblur,confidence_boost,1009,13,52,115,-1
evaluation__6167__deblur__boundary_probe__nes__l1,evaluation,deblur,boundary_probe,1016,6,110,37,75
evaluation__6167__deblur__counterfactual__nes__l1,evaluation,deblur,counterfactual,1017,5,102,103,61
evaluation__8652__denoise__attack__nes__l0.5,evaluation,denoise,attack,1009,13,104,99,9
evaluation__8652__denoise__restore__nes__l0.5,evaluation,denoise,restore,1004,18,95,68,4
evaluation__8652__denoise__random_walk__random_walk__l0.5,evaluation,denoise,random_walk,1024,1,15,22,81
evaluation__8652__denoise__confidence_boost__nes__l0.5,evaluation,denoise,confidence_boost,1015,7,115,72,-1
evaluation__8652__denoise__boundary_probe__nes__l0.5,evaluation,denoise,boundary_probe,1010,12,87,70,6
evaluation__8652__denoise__counterfactual__nes__l0.5,evaluation,denoise,counterfactual,1002,20,34,47,57
evaluation__8652__deblur__attack__nes__l1,evaluation,deblur,attack,1021,1,67,61,803
evaluation__8652__deblur__restore__nes__l1,evaluation,deblur,restore,1020,2,106,110,-1
evaluation__8652__deblur__random_walk__random_walk__l1,evaluation,deblur,random_walk,1024,1,15,22,-1
evaluation__8652__deblur__confidence_boost__nes__l1,evaluation,deblur,confidence_boost,1021,1,45,27,-1
evaluation__8652__deblur__boundary_probe__nes__l1,evaluation,deblur,boundary_probe,1021,1,133,108,814
evaluation__8652__deblur__counterfactual__nes__l1,evaluation,deblur,counterfactual,1021,1,101,104,723
fit__1851__denoise__attack__nes__l0.5,fit,denoise,attack,1020,2,48,37,599
fit__1851__denoise__restore__nes__l0.5,fit,denoise,restore,1014,7,129,149,-1
fit__1851__denoise__random_walk__random_walk__l0.5,fit,denoise,random_walk,1024,1,15,22,-1
fit__1851__denoise__confidence_boost__nes__l0.5,fit,denoise,confidence_boost,1019,3,42,31,-1
fit__1851__denoise__boundary_probe__nes__l0.5,fit,denoise,boundary_probe,1016,6,85,84,590
fit__1851__denoise__counterfactual__nes__l0.5,fit,denoise,counterfactual,1018,4,50,29,607
fit__1851__deblur__attack__nes__l1,fit,deblur,attack,1021,1,172,52,1004
fit__1851__deblur__restore__nes__l1,fit,deblur,restore,1020,2,996,120,-1
fit__1851__deblur__random_walk__random_walk__l1,fit,deblur,random_walk,1024,1,17,22,-1
fit__1851__deblur__confidence_boost__nes__l1,fit,deblur,confidence_boost,1021,1,178,38,-1
fit__1851__deblur__boundary_probe__nes__l1,fit,deblur,boundary_probe,1021,1,191,103,-1
fit__1851__deblur__counterfactual__nes__l1,fit,deblur,counterfactual,1021,1,168,85,936
fit__7533__denoise__attack__nes__l0.5,fit,denoise,attack,1021,1,53,44,470
fit__7533__denoise__restore__nes__l0.5,fit,denoise,restore,1021,1,41,86,-1
fit__7533__denoise__random_walk__random_walk__l0.5,fit,denoise,random_walk,1024,1,15,22,-1
fit__7533__denoise__confidence_boost__nes__l0.5,fit,denoise,confidence_boost,1021,1,83,82,-1
fit__7533__denoise__boundary_probe__nes__l0.5,fit,denoise,boundary_probe,1021,1,40,23,393
fit__7533__denoise__counterfactual__nes__l0.5,fit,denoise,counterfactual,1021,1,76,78,391
fit__7533__deblur__attack__nes__l1,fit,deblur,attack,1021,1,117,130,567
fit__7533__deblur__restore__nes__l1,fit,deblur,restore,1021,1,280,460,-1
fit__7533__deblur__random_walk__random_walk__l1,fit,deblur,random_walk,1024,1,28,29,-1
fit__7533__deblur__confidence_boost__nes__l1,fit,deblur,confidence_boost,1021,1,138,103,-1
fit__7533__deblur__boundary_probe__nes__l1,fit,deblur,boundary_probe,1021,1,114,115,490
fit__7533__deblur__counterfactual__nes__l1,fit,deblur,counterfactual,1021,1,105,124,501
fit__3647__denoise__attack__nes__l0.5,fit,denoise,attack,1014,8,48,31,-1
fit__3647__denoise__restore__nes__l0.5,fit,denoise,restore,1009,13,119,133,-1
fit__3647__denoise__random_walk__random_walk__l0.5,fit,denoise,random_walk,1024,1,15,22,-1
fit__3647__denoise__confidence_boost__nes__l0.5,fit,denoise,confidence_boost,1017,5,80,81,-1
fit__3647__denoise__boundary_probe__nes__l0.5,fit,denoise,boundary_probe,1017,5,61,39,-1
fit__3647__denoise__counterfactual__nes__l0.5,fit,denoise,counterfactual,1019,3,42,30,-1
fit__3647__deblur__attack__nes__l1,fit,deblur,attack,1014,8,97,117,832
fit__3647__deblur__restore__nes__l1,fit,deblur,restore,1013,9,41,37,-1
fit__3647__deblur__random_walk__random_walk__l1,fit,deblur,random_walk,1024,1,21,22,-1
fit__3647__deblur__confidence_boost__nes__l1,fit,deblur,confidence_boost,1017,5,147,144,-1
fit__3647__deblur__boundary_probe__nes__l1,fit,deblur,boundary_probe,1014,8,70,73,723
fit__3647__deblur__counterfactual__nes__l1,fit,deblur,counterfactual,1018,4,109,109,799
fit__7903__denoise__attack__nes__l0.5,fit,denoise,attack,910,112,138,136,450
fit__7903__denoise__restore__nes__l0.5,fit,denoise,restore,984,38,57,63,-1
fit__7903__denoise__random_walk__random_walk__l0.5,fit,denoise,random_walk,1024,1,20,22,-1
fit__7903__denoise__confidence_boost__nes__l0.5,fit,denoise,confidence_boost,935,87,143,143,-1
fit__7903__denoise__boundary_probe__nes__l0.5,fit,denoise,boundary_probe,956,66,127,109,382
fit__7903__denoise__counterfactual__nes__l0.5,fit,denoise,counterfactual,970,52,87,92,352
fit__7903__deblur__attack__nes__l1,fit,deblur,attack,1018,4,117,40,14
fit__7903__deblur__restore__nes__l1,fit,deblur,restore,1017,5,141,124,16
fit__7903__deblur__random_walk__random_walk__l1,fit,deblur,random_walk,1024,1,21,22,107
fit__7903__deblur__confidence_boost__nes__l1,fit,deblur,confidence_boost,1009,13,98,109,2
fit__7903__deblur__boundary_probe__nes__l1,fit,deblur,boundary_probe,1012,10,120,119,10
fit__7903__deblur__counterfactual__nes__l1,fit,deblur,counterfactual,1018,4,84,47,2
fit__5133__denoise__attack__nes__l0.5,fit,denoise,attack,1012,10,49,69,807
fit__5133__denoise__restore__nes__l0.5,fit,denoise,restore,1014,8,102,132,-1
fit__5133__denoise__random_walk__random_walk__l0.5,fit,denoise,random_walk,1024,1,15,22,-1
fit__5133__denoise__confidence_boost__nes__l0.5,fit,denoise,confidence_boost,1012,10,86,94,-1
fit__5133__denoise__boundary_probe__nes__l0.5,fit,denoise,boundary_probe,1011,11,88,92,700
fit__5133__denoise__counterfactual__nes__l0.5,fit,denoise,counterfactual,1019,3,97,96,786
fit__5133__deblur__attack__nes__l1,fit,deblur,attack,1015,7,44,30,618
fit__5133__deblur__restore__nes__l1,fit,deblur,restore,1018,4,87,87,-1
fit__5133__deblur__random_walk__random_walk__l1,fit,deblur,random_walk,1024,1,17,22,-1
fit__5133__deblur__confidence_boost__nes__l1,fit,deblur,confidence_boost,1001,21,120,121,-1
fit__5133__deblur__boundary_probe__nes__l1,fit,deblur,boundary_probe,1010,10,133,131,686
fit__5133__deblur__counterfactual__nes__l1,fit,deblur,counterfactual,1016,6,117,123,566
fit__2684__denoise__attack__nes__l0.5,fit,denoise,attack,1000,22,122,108,194
fit__2684__denoise__restore__nes__l0.5,fit,denoise,restore,1008,14,43,44,-1
fit__2684__denoise__random_walk__random_walk__l0.5,fit,denoise,random_walk,1024,1,15,22,305
fit__2684__denoise__confidence_boost__nes__l0.5,fit,denoise,confidence_boost,1014,8,118,122,-1
fit__2684__denoise__boundary_probe__nes__l0.5,fit,denoise,boundary_probe,1003,19,128,128,192
fit__2684__denoise__counterfactual__nes__l0.5,fit,denoise,counterfactual,1018,4,63,40,150
fit__2684__deblur__attack__nes__l1,fit,deblur,attack,1019,3,74,71,2
fit__2684__deblur__restore__nes__l1,fit,deblur,restore,1021,1,425,452,4
fit__2684__deblur__random_walk__random_walk__l1,fit,deblur,random_walk,1024,1,15,22,75
fit__2684__deblur__confidence_boost__nes__l1,fit,deblur,confidence_boost,1021,1,96,96,3
fit__2684__deblur__boundary_probe__nes__l1,fit,deblur,boundary_probe,1021,1,44,22,19
fit__2684__deblur__counterfactual__nes__l1,fit,deblur,counterfactual,1021,1,145,146,6
fit__8204__denoise__attack__nes__l0.5,fit,denoise,attack,1018,4,49,101,78
fit__8204__denoise__restore__nes__l0.5,fit,denoise,restore,1016,6,152,198,590
fit__8204__denoise__random_walk__random_walk__l0.5,fit,denoise,random_walk,1024,1,15,22,-1
fit__8204__denoise__confidence_boost__nes__l0.5,fit,denoise,confidence_boost,1005,17,126,97,-1
fit__8204__denoise__boundary_probe__nes__l0.5,fit,denoise,boundary_probe,1007,15,55,44,44
fit__8204__denoise__counterfactual__nes__l0.5,fit,denoise,counterfactual,1019,3,49,51,75
fit__8204__deblur__attack__nes__l1,fit,deblur,attack,1018,4,80,80,-1
fit__8204__deblur__restore__nes__l1,fit,deblur,restore,1021,1,221,248,-1
fit__8204__deblur__random_walk__random_walk__l1,fit,deblur,random_walk,1024,1,15,22,-1
fit__8204__deblur__confidence_boost__nes__l1,fit,deblur,confidence_boost,1019,3,110,134,-1
fit__8204__deblur__boundary_probe__nes__l1,fit,deblur,boundary_probe,1018,4,152,99,-1
fit__8204__deblur__counterfactual__nes__l1,fit,deblur,counterfactual,1020,2,75,71,-1
fit__1842__denoise__attack__nes__l0.5,fit,denoise,attack,1009,13,55,55,623
fit__1842__denoise__restore__nes__l0.5,fit,denoise,restore,1014,8,120,56,-1
fit__1842__denoise__random_walk__random_walk__l0.5,fit,denoise,random_walk,1024,1,15,22,-1
fit__1842__denoise__confidence_boost__nes__l0.5,fit,denoise,confidence_boost,998,24,39,61,-1
fit__1842__denoise__boundary_probe__nes__l0.5,fit,denoise,boundary_probe,1013,9,97,74,697
fit__1842__denoise__counterfactual__nes__l0.5,fit,denoise,counterfactual,991,31,135,126,644
fit__1842__deblur__attack__nes__l1,fit,deblur,attack,1019,3,147,137,-1
fit__1842__deblur__restore__nes__l1,fit,deblur,restore,1020,2,403,402,-1
fit__1842__deblur__random_walk__random_walk__l1,fit,deblur,random_walk,1024,1,16,23,-1
fit__1842__deblur__confidence_boost__nes__l1,fit,deblur,confidence_boost,1009,12,92,59,-1
fit__1842__deblur__boundary_probe__nes__l1,fit,deblur,boundary_probe,1018,4,106,67,-1
fit__1842__deblur__counterfactual__nes__l1,fit,deblur,counterfactual,1016,6,64,30,-1
fit__7325__denoise__attack__nes__l0.5,fit,denoise,attack,1021,1,40,75,706
fit__7325__denoise__restore__nes__l0.5,fit,denoise,restore,1020,2,71,97,-1
fit__7325__denoise__random_walk__random_walk__l0.5,fit,denoise,random_walk,1024,1,15,22,-1
fit__7325__denoise__confidence_boost__nes__l0.5,fit,denoise,confidence_boost,1018,4,43,34,-1
fit__7325__denoise__boundary_probe__nes__l0.5,fit,denoise,boundary_probe,1021,1,94,85,665
fit__7325__denoise__counterfactual__nes__l0.5,fit,denoise,counterfactual,1021,1,80,79,602
fit__7325__deblur__attack__nes__l1,fit,deblur,attack,1021,1,80,83,-1
fit__7325__deblur__restore__nes__l1,fit,deblur,restore,1021,1,146,161,-1
fit__7325__deblur__random_walk__random_walk__l1,fit,deblur,random_walk,1024,1,15,22,-1
fit__7325__deblur__confidence_boost__nes__l1,fit,deblur,confidence_boost,1021,1,110,105,-1
fit__7325__deblur__boundary_probe__nes__l1,fit,deblur,boundary_probe,1021,1,49,41,-1
fit__7325__deblur__counterfactual__nes__l1,fit,deblur,counterfactual,1021,1,26,27,-1
fit__4641__denoise__attack__nes__l0.5,fit,denoise,attack,983,39,67,68,416
fit__4641__denoise__restore__nes__l0.5,fit,denoise,restore,972,50,130,131,-1
fit__4641__denoise__random_walk__random_walk__l0.5,fit,denoise,random_walk,1024,1,15,22,-1
fit__4641__denoise__confidence_boost__nes__l0.5,fit,denoise,confidence_boost,968,54,83,77,-1
fit__4641__denoise__boundary_probe__nes__l0.5,fit,denoise,boundary_probe,988,33,124,130,380
fit__4641__denoise__counterfactual__nes__l0.5,fit,denoise,counterfactual,1005,17,56,101,352
fit__4641__deblur__attack__nes__l1,fit,deblur,attack,463,559,239,358,-1
fit__4641__deblur__restore__nes__l1,fit,deblur,restore,372,650,358,358,-1
fit__4641__deblur__random_walk__random_walk__l1,fit,deblur,random_walk,1024,1,15,22,-1
fit__4641__deblur__confidence_boost__nes__l1,fit,deblur,confidence_boost,511,511,239,358,-1
fit__4641__deblur__boundary_probe__nes__l1,fit,deblur,boundary_probe,451,571,239,358,1006
fit__4641__deblur__counterfactual__nes__l1,fit,deblur,counterfactual,321,701,239,358,940
fit__1436__denoise__attack__nes__l0.5,fit,denoise,attack,1019,3,69,49,-1
fit__1436__denoise__restore__nes__l0.5,fit,denoise,restore,1020,2,66,85,-1
fit__1436__denoise__random_walk__random_walk__l0.5,fit,denoise,random_walk,1024,1,15,22,-1
fit__1436__denoise__confidence_boost__nes__l0.5,fit,denoise,confidence_boost,1021,1,17,22,-1
fit__1436__denoise__boundary_probe__nes__l0.5,fit,denoise,boundary_probe,1021,1,87,86,-1
fit__1436__denoise__counterfactual__nes__l0.5,fit,denoise,counterfactual,1021,1,40,37,-1
fit__1436__deblur__attack__nes__l1,fit,deblur,attack,1019,3,137,104,392
fit__1436__deblur__restore__nes__l1,fit,deblur,restore,1020,2,779,34,-1
fit__1436__deblur__random_walk__random_walk__l1,fit,deblur,random_walk,1024,1,18,22,-1
fit__1436__deblur__confidence_boost__nes__l1,fit,deblur,confidence_boost,1021,1,107,35,-1
fit__1436__deblur__boundary_probe__nes__l1,fit,deblur,boundary_probe,1021,1,110,54,350
fit__1436__deblur__counterfactual__nes__l1,fit,deblur,counterfactual,1021,1,96,52,375
fit__8691__denoise__attack__nes__l0.5,fit,denoise,attack,1016,6,96,96,-1
fit__8691__denoise__restore__nes__l0.5,fit,denoise,restore,1016,6,68,66,-1
fit__8691__denoise__random_walk__random_walk__l0.5,fit,denoise,random_walk,1024,1,15,22,-1
fit__8691__denoise__confidence_boost__nes__l0.5,fit,denoise,confidence_boost,1020,2,74,72,-1
fit__8691__denoise__boundary_probe__nes__l0.5,fit,denoise,boundary_probe,1015,7,50,81,-1
fit__8691__denoise__counterfactual__nes__l0.5,fit,denoise,counterfactual,1019,3,51,54,-1
fit__8691__deblur__attack__nes__l1,fit,deblur,attack,1019,3,69,52,443
fit__8691__deblur__restore__nes__l1,fit,deblur,restore,1018,4,118,25,-1
fit__8691__deblur__random_walk__random_walk__l1,fit,deblur,random_walk,1024,1,15,22,-1
fit__8691__deblur__confidence_boost__nes__l1,fit,deblur,confidence_boost,1012,10,107,106,-1
fit__8691__deblur__boundary_probe__nes__l1,fit,deblur,boundary_probe,1018,4,63,54,358
fit__8691__deblur__counterfactual__nes__l1,fit,deblur,counterfactual,1020,2,171,131,477
fit__3116__denoise__attack__nes__l0.5,fit,denoise,attack,836,186,194,207,336
fit__3116__denoise__restore__nes__l0.5,fit,denoise,restore,951,71,171,162,-1
fit__3116__denoise__random_walk__random_walk__l0.5,fit,denoise,random_walk,1024,1,15,22,-1
fit__3116__denoise__confidence_boost__nes__l0.5,fit,denoise,confidence_boost,962,60,117,123,-1
fit__3116__denoise__boundary_probe__nes__l0.5,fit,denoise,boundary_probe,897,125,173,192,264
fit__3116__denoise__counterfactual__nes__l0.5,fit,denoise,counterfactual,916,106,124,127,343
fit__3116__deblur__attack__nes__l1,fit,deblur,attack,577,445,239,341,622
fit__3116__deblur__restore__nes__l1,fit,deblur,restore,342,680,239,358,-1
fit__3116__deblur__random_walk__random_walk__l1,fit,deblur,random_walk,1024,1,17,22,-1
fit__3116__deblur__confidence_boost__nes__l1,fit,deblur,confidence_boost,598,424,238,324,-1
fit__3116__deblur__boundary_probe__nes__l1,fit,deblur,boundary_probe,542,480,239,341,655
fit__3116__deblur__counterfactual__nes__l1,fit,deblur,counterfactual,717,305,205,279,827
fit__9372__denoise__attack__nes__l0.5,fit,denoise,attack,924,97,173,186,608
fit__9372__denoise__restore__nes__l0.5,fit,denoise,restore,999,23,203,216,-1
fit__9372__denoise__random_walk__random_walk__l0.5,fit,denoise,random_walk,1024,1,15,22,-1
fit__9372__denoise__confidence_boost__nes__l0.5,fit,denoise,confidence_boost,1004,18,35,40,-1
fit__9372__denoise__boundary_probe__nes__l0.5,fit,denoise,boundary_probe,976,46,107,72,538
fit__9372__denoise__counterfactual__nes__l0.5,fit,denoise,counterfactual,872,150,239,170,554
fit__9372__deblur__attack__nes__l1,fit,deblur,attack,1015,7,101,101,754
fit__9372__deblur__restore__nes__l1,fit,deblur,restore,1011,11,361,64,-1
fit__9372__deblur__random_walk__random_walk__l1,fit,deblur,random_walk,1024,1,15,22,-1
fit__9372__deblur__confidence_boost__nes__l1,fit,deblur,confidence_boost,1020,2,114,112,-1
fit__9372__deblur__boundary_probe__nes__l1,fit,deblur,boundary_probe,1011,11,96,96,922
fit__9372__deblur__counterfactual__nes__l1,fit,deblur,counterfactual,1017,5,94,96,872
fit__3686__denoise__attack__nes__l0.5,fit,denoise,attack,998,24,63,63,450
fit__3686__denoise__restore__nes__l0.5,fit,denoise,restore,977,45,87,99,-1
fit__3686__denoise__random_walk__random_walk__l0.5,fit,denoise,random_walk,1024,1,15,22,-1
fit__3686__denoise__confidence_boost__nes__l0.5,fit,denoise,confidence_boost,985,37,71,67,-1
fit__3686__denoise__boundary_probe__nes__l0.5,fit,denoise,boundary_probe,960,62,123,129,371
fit__3686__denoise__counterfactual__nes__l0.5,fit,denoise,counterfactual,1004,18,130,105,404
fit__3686__deblur__attack__nes__l1,fit,deblur,attack,913,109,289,257,782
fit__3686__deblur__restore__nes__l1,fit,deblur,restore,864,157,420,765,-1
fit__3686__deblur__random_walk__random_walk__l1,fit,deblur,random_walk,1024,1,15,22,-1
fit__3686__deblur__confidence_boost__nes__l1,fit,deblur,confidence_boost,935,86,109,108,-1
fit__3686__deblur__boundary_probe__nes__l1,fit,deblur,boundary_probe,982,40,89,86,698
fit__3686__deblur__counterfactual__nes__l1,fit,deblur,counterfactual,901,121,228,237,804
fit__2143__denoise__attack__nes__l0.5,fit,denoise,attack,994,28,67,63,148
fit__2143__denoise__restore__nes__l0.5,fit,denoise,restore,957,65,105,107,-1
fit__2143__denoise__random_walk__random_walk__l0.5,fit,denoise,random_walk,1024,1,15,22,-1
fit__2143__denoise__confidence_boost__nes__l0.5,fit,denoise,confidence_boost,950,72,185,176,-1
fit__2143__denoise__boundary_probe__nes__l0.5,fit,denoise,boundary_probe,986,36,107,93,190
fit__2143__denoise__counterfactual__nes__l0.5,fit,denoise,counterfactual,950,72,123,120,152
fit__2143__deblur__attack__nes__l1,fit,deblur,attack,987,35,156,154,851
fit__2143__deblur__restore__nes__l1,fit,deblur,restore,970,52,450,347,-1
fit__2143__deblur__random_walk__random_walk__l1,fit,deblur,random_walk,1024,1,19,22,-1
fit__2143__deblur__confidence_boost__nes__l1,fit,deblur,confidence_boost,992,30,148,133,-1
fit__2143__deblur__boundary_probe__nes__l1,fit,deblur,boundary_probe,957,65,106,89,664
fit__2143__deblur__counterfactual__nes__l1,fit,deblur,counterfactual,909,113,126,139,647
fit__7297__denoise__attack__nes__l0.5,fit,denoise,attack,986,36,108,118,361
fit__7297__denoise__restore__nes__l0.5,fit,denoise,restore,985,37,80,75,-1
fit__7297__denoise__random_walk__random_walk__l0.5,fit,denoise,random_walk,1024,1,17,22,-1
fit__7297__denoise__confidence_boost__nes__l0.5,fit,denoise,confidence_boost,932,90,155,156,-1
fit__7297__denoise__boundary_probe__nes__l0.5,fit,denoise,boundary_probe,979,43,60,65,412
fit__7297__denoise__counterfactual__nes__l0.5,fit,denoise,counterfactual,948,74,151,149,425
fit__7297__deblur__attack__nes__l1,fit,deblur,attack,984,38,117,120,-1
fit__7297__deblur__restore__nes__l1,fit,deblur,restore,976,46,222,180,-1
fit__7297__deblur__random_walk__random_walk__l1,fit,deblur,random_walk,1024,1,15,22,-1
fit__7297__deblur__confidence_boost__nes__l1,fit,deblur,confidence_boost,980,42,155,147,-1
fit__7297__deblur__boundary_probe__nes__l1,fit,deblur,boundary_probe,965,57,136,152,-1
fit__7297__deblur__counterfactual__nes__l1,fit,deblur,counterfactual,982,40,136,73,-1
calibration__1735__denoise__attack__nes__l0.5,calibration,denoise,attack,1004,18,99,98,742
calibration__1735__denoise__restore__nes__l0.5,calibration,denoise,restore,1005,17,31,38,-1
calibration__1735__denoise__random_walk__random_walk__l0.5,calibration,denoise,random_walk,1024,1,15,22,-1
calibration__1735__denoise__confidence_boost__nes__l0.5,calibration,denoise,confidence_boost,1010,11,87,87,-1
calibration__1735__denoise__boundary_probe__nes__l0.5,calibration,denoise,boundary_probe,1000,22,41,64,717
calibration__1735__denoise__counterfactual__nes__l0.5,calibration,denoise,counterfactual,1017,5,46,51,650
calibration__1735__deblur__attack__nes__l1,calibration,deblur,attack,1021,1,141,82,970
calibration__1735__deblur__restore__nes__l1,calibration,deblur,restore,1021,1,29,23,-1
calibration__1735__deblur__random_walk__random_walk__l1,calibration,deblur,random_walk,1024,1,15,22,-1
calibration__1735__deblur__confidence_boost__nes__l1,calibration,deblur,confidence_boost,1021,1,15,22,-1
calibration__1735__deblur__boundary_probe__nes__l1,calibration,deblur,boundary_probe,1020,2,164,163,749
calibration__1735__deblur__counterfactual__nes__l1,calibration,deblur,counterfactual,1021,1,106,103,879
calibration__8197__denoise__attack__nes__l0.5,calibration,denoise,attack,989,33,98,56,26
calibration__8197__denoise__restore__nes__l0.5,calibration,denoise,restore,993,29,102,102,75
calibration__8197__denoise__random_walk__random_walk__l0.5,calibration,denoise,random_walk,1024,1,16,22,-1
calibration__8197__denoise__confidence_boost__nes__l0.5,calibration,denoise,confidence_boost,1002,20,113,116,21
calibration__8197__denoise__boundary_probe__nes__l0.5,calibration,denoise,boundary_probe,985,34,111,105,19
calibration__8197__denoise__counterfactual__nes__l0.5,calibration,denoise,counterfactual,986,36,72,72,63
calibration__8197__deblur__attack__nes__l1,calibration,deblur,attack,1018,4,33,26,5
calibration__8197__deblur__restore__nes__l1,calibration,deblur,restore,1019,3,355,441,7
calibration__8197__deblur__random_walk__random_walk__l1,calibration,deblur,random_walk,1024,1,15,22,83
calibration__8197__deblur__confidence_boost__nes__l1,calibration,deblur,confidence_boost,1020,2,89,121,10
calibration__8197__deblur__boundary_probe__nes__l1,calibration,deblur,boundary_probe,1020,2,131,46,5
calibration__8197__deblur__counterfactual__nes__l1,calibration,deblur,counterfactual,1021,1,84,30,29
calibration__3028__denoise__attack__nes__l0.5,calibration,denoise,attack,988,34,148,123,12
calibration__3028__denoise__restore__nes__l0.5,calibration,denoise,restore,970,52,118,119,30
calibration__3028__denoise__random_walk__random_walk__l0.5,calibration,denoise,random_walk,1024,1,15,22,311
calibration__3028__denoise__confidence_boost__nes__l0.5,calibration,denoise,confidence_boost,950,72,136,152,-1
calibration__3028__denoise__boundary_probe__nes__l0.5,calibration,denoise,boundary_probe,953,69,134,131,14
calibration__3028__denoise__counterfactual__nes__l0.5,calibration,denoise,counterfactual,970,52,146,109,67
calibration__3028__deblur__attack__nes__l1,calibration,deblur,attack,981,41,120,112,-1
calibration__3028__deblur__restore__nes__l1,calibration,deblur,restore,977,45,135,80,-1
calibration__3028__deblur__random_walk__random_walk__l1,calibration,deblur,random_walk,1024,1,15,22,-1
calibration__3028__deblur__confidence_boost__nes__l1,calibration,deblur,confidence_boost,980,42,200,195,-1
calibration__3028__deblur__boundary_probe__nes__l1,calibration,deblur,boundary_probe,970,52,152,162,-1
calibration__3028__deblur__counterfactual__nes__l1,calibration,deblur,counterfactual,991,31,165,161,-1
calibration__603__denoise__attack__nes__l0.5,calibration,denoise,attack,983,39,160,137,598
calibration__603__denoise__restore__nes__l0.5,calibration,denoise,restore,990,32,118,118,-1
calibration__603__denoise__random_walk__random_walk__l0.5,calibration,denoise,random_walk,1024,1,17,25,-1
calibration__603__denoise__confidence_boost__nes__l0.5,calibration,denoise,confidence_boost,967,55,74,90,-1
calibration__603__denoise__boundary_probe__nes__l0.5,calibration,denoise,boundary_probe,911,111,197,197,604
calibration__603__denoise__counterfactual__nes__l0.5,calibration,denoise,counterfactual,927,95,128,124,567
calibration__603__deblur__attack__nes__l1,calibration,deblur,attack,959,63,207,204,976
calibration__603__deblur__restore__nes__l1,calibration,deblur,restore,967,55,832,753,-1
calibration__603__deblur__random_walk__random_walk__l1,calibration,deblur,random_walk,1024,1,15,22,-1
calibration__603__deblur__confidence_boost__nes__l1,calibration,deblur,confidence_boost,960,62,244,220,-1
calibration__603__deblur__boundary_probe__nes__l1,calibration,deblur,boundary_probe,974,48,116,117,-1
calibration__603__deblur__counterfactual__nes__l1,calibration,deblur,counterfactual,953,69,147,91,-1
calibration__6232__denoise__attack__nes__l0.5,calibration,denoise,attack,973,49,88,80,922
calibration__6232__denoise__restore__nes__l0.5,calibration,denoise,restore,945,77,118,120,-1
calibration__6232__denoise__random_walk__random_walk__l0.5,calibration,denoise,random_walk,1024,1,15,22,-1
calibration__6232__denoise__confidence_boost__nes__l0.5,calibration,denoise,confidence_boost,934,88,178,180,-1
calibration__6232__denoise__boundary_probe__nes__l0.5,calibration,denoise,boundary_probe,948,74,166,138,-1
calibration__6232__denoise__counterfactual__nes__l0.5,calibration,denoise,counterfactual,931,91,130,177,-1
calibration__6232__deblur__attack__nes__l1,calibration,deblur,attack,901,121,152,161,863
calibration__6232__deblur__restore__nes__l1,calibration,deblur,restore,926,96,195,117,-1
calibration__6232__deblur__random_walk__random_walk__l1,calibration,deblur,random_walk,1024,1,15,22,-1
calibration__6232__deblur__confidence_boost__nes__l1,calibration,deblur,confidence_boost,920,102,240,216,-1
calibration__6232__deblur__boundary_probe__nes__l1,calibration,deblur,boundary_probe,912,110,133,131,868
calibration__6232__deblur__counterfactual__nes__l1,calibration,deblur,counterfactual,920,102,131,123,996
calibration__3234__denoise__attack__nes__l0.5,calibration,denoise,attack,1011,11,68,96,598
calibration__3234__denoise__restore__nes__l0.5,calibration,denoise,restore,995,27,41,49,-1
calibration__3234__denoise__random_walk__random_walk__l0.5,calibration,denoise,random_walk,1024,1,17,22,-1
calibration__3234__denoise__confidence_boost__nes__l0.5,calibration,denoise,confidence_boost,1008,14,67,72,-1
calibration__3234__denoise__boundary_probe__nes__l0.5,calibration,denoise,boundary_probe,1002,20,59,49,508
calibration__3234__denoise__counterfactual__nes__l0.5,calibration,denoise,counterfactual,1009,13,129,100,493
calibration__3234__deblur__attack__nes__l1,calibration,deblur,attack,1021,1,90,114,-1
calibration__3234__deblur__restore__nes__l1,calibration,deblur,restore,1020,2,49,23,-1
calibration__3234__deblur__random_walk__random_walk__l1,calibration,deblur,random_walk,1024,1,15,22,-1
calibration__3234__deblur__confidence_boost__nes__l1,calibration,deblur,confidence_boost,1019,3,64,67,-1
calibration__3234__deblur__boundary_probe__nes__l1,calibration,deblur,boundary_probe,1021,1,87,84,-1
calibration__3234__deblur__counterfactual__nes__l1,calibration,deblur,counterfactual,1021,1,110,29,-1
calibration__8169__denoise__attack__nes__l0.5,calibration,denoise,attack,917,105,128,126,289
calibration__8169__denoise__restore__nes__l0.5,calibration,denoise,restore,893,129,204,222,-1
calibration__8169__denoise__random_walk__random_walk__l0.5,calibration,denoise,random_walk,1024,1,16,22,-1
calibration__8169__denoise__confidence_boost__nes__l0.5,calibration,denoise,confidence_boost,935,87,170,170,-1
calibration__8169__denoise__boundary_probe__nes__l0.5,calibration,denoise,boundary_probe,880,142,156,163,275
calibration__8169__denoise__counterfactual__nes__l0.5,calibration,denoise,counterfactual,920,102,189,192,215
calibration__8169__deblur__attack__nes__l1,calibration,deblur,attack,952,70,115,116,884
calibration__8169__deblur__restore__nes__l1,calibration,deblur,restore,953,69,205,122,-1
calibration__8169__deblur__random_walk__random_walk__l1,calibration,deblur,random_walk,1024,1,23,22,-1
calibration__8169__deblur__confidence_boost__nes__l1,calibration,deblur,confidence_boost,959,63,156,151,-1
calibration__8169__deblur__boundary_probe__nes__l1,calibration,deblur,boundary_probe,926,96,185,127,901
calibration__8169__deblur__counterfactual__nes__l1,calibration,deblur,counterfactual,949,73,138,140,857
calibration__2208__denoise__attack__nes__l0.5,calibration,denoise,attack,1012,10,55,108,657
calibration__2208__denoise__restore__nes__l0.5,calibration,denoise,restore,1012,10,39,34,-1
calibration__2208__denoise__random_walk__random_walk__l0.5,calibration,denoise,random_walk,1024,1,26,34,-1
calibration__2208__denoise__confidence_boost__nes__l0.5,calibration,denoise,confidence_boost,1018,4,138,135,-1
calibration__2208__denoise__boundary_probe__nes__l0.5,calibration,denoise,boundary_probe,1019,3,73,81,733
calibration__2208__denoise__counterfactual__nes__l0.5,calibration,denoise,counterfactual,1015,7,91,96,671
calibration__2208__deblur__attack__nes__l1,calibration,deblur,attack,1021,1,72,74,667
calibration__2208__deblur__restore__nes__l1,calibration,deblur,restore,1021,1,16,166,-1
calibration__2208__deblur__random_walk__random_walk__l1,calibration,deblur,random_walk,1024,1,15,22,-1
calibration__2208__deblur__confidence_boost__nes__l1,calibration,deblur,confidence_boost,1021,1,25,22,-1
calibration__2208__deblur__boundary_probe__nes__l1,calibration,deblur,boundary_probe,1021,1,143,148,800
calibration__2208__deblur__counterfactual__nes__l1,calibration,deblur,counterfactual,1021,1,134,125,664
calibration__327__denoise__attack__nes__l0.5,calibration,denoise,attack,1016,6,75,52,55
calibration__327__denoise__restore__nes__l0.5,calibration,denoise,restore,1021,1,40,32,12
calibration__327__denoise__random_walk__random_walk__l0.5,calibration,denoise,random_walk,1024,1,15,22,629
calibration__327__denoise__confidence_boost__nes__l0.5,calibration,denoise,confidence_boost,1021,1,89,84,3
calibration__327__denoise__boundary_probe__nes__l0.5,calibration,denoise,boundary_probe,1021,1,40,29,20
calibration__327__denoise__counterfactual__nes__l0.5,calibration,denoise,counterfactual,1021,1,66,36,34
calibration__327__deblur__attack__nes__l1,calibration,deblur,attack,1016,6,126,42,-1
calibration__327__deblur__restore__nes__l1,calibration,deblur,restore,1020,2,292,291,-1
calibration__327__deblur__random_walk__random_walk__l1,calibration,deblur,random_walk,1024,1,15,22,-1
calibration__327__deblur__confidence_boost__nes__l1,calibration,deblur,confidence_boost,1021,1,76,73,-1
calibration__327__deblur__boundary_probe__nes__l1,calibration,deblur,boundary_probe,1021,1,122,122,962
calibration__327__deblur__counterfactual__nes__l1,calibration,deblur,counterfactual,1020,2,93,98,-1
calibration__8025__denoise__attack__nes__l0.5,calibration,denoise,attack,1007,15,85,72,12
calibration__8025__denoise__restore__nes__l0.5,calibration,denoise,restore,1009,13,52,48,27
calibration__8025__denoise__random_walk__random_walk__l0.5,calibration,denoise,random_walk,1024,1,15,22,-1
calibration__8025__denoise__confidence_boost__nes__l0.5,calibration,denoise,confidence_boost,1015,7,82,35,102
calibration__8025__denoise__boundary_probe__nes__l0.5,calibration,denoise,boundary_probe,1017,5,62,63,21
calibration__8025__denoise__counterfactual__nes__l0.5,calibration,denoise,counterfactual,1013,9,48,46,2
calibration__8025__deblur__attack__nes__l1,calibration,deblur,attack,997,25,115,105,794
calibration__8025__deblur__restore__nes__l1,calibration,deblur,restore,1003,19,45,42,-1
calibration__8025__deblur__random_walk__random_walk__l1,calibration,deblur,random_walk,1024,1,16,22,-1
calibration__8025__deblur__confidence_boost__nes__l1,calibration,deblur,confidence_boost,1014,8,71,58,-1
calibration__8025__deblur__boundary_probe__nes__l1,calibration,deblur,boundary_probe,1013,9,75,112,712
calibration__8025__deblur__counterfactual__nes__l1,calibration,deblur,counterfactual,1006,16,114,114,728
calibration__3455__denoise__attack__nes__l0.5,calibration,denoise,attack,1021,1,59,67,756
calibration__3455__denoise__restore__nes__l0.5,calibration,denoise,restore,1021,1,40,39,-1
calibration__3455__denoise__random_walk__random_walk__l0.5,calibration,denoise,random_walk,1024,1,21,24,-1
calibration__3455__denoise__confidence_boost__nes__l0.5,calibration,denoise,confidence_boost,1021,1,44,29,-1
calibration__3455__denoise__boundary_probe__nes__l0.5,calibration,denoise,boundary_probe,1020,2,31,27,842
calibration__3455__denoise__counterfactual__nes__l0.5,calibration,denoise,counterfactual,1021,1,42,50,790
calibration__3455__deblur__attack__nes__l1,calibration,deblur,attack,1020,2,36,32,63
calibration__3455__deblur__restore__nes__l1,calibration,deblur,restore,1021,1,156,167,70
calibration__3455__deblur__random_walk__random_walk__l1,calibration,deblur,random_walk,1024,1,19,22,-1
calibration__3455__deblur__confidence_boost__nes__l1,calibration,deblur,confidence_boost,1020,2,41,30,-1
calibration__3455__deblur__boundary_probe__nes__l1,calibration,deblur,boundary_probe,1021,1,27,22,73
calibration__3455__deblur__counterfactual__nes__l1,calibration,deblur,counterfactual,1021,1,86,84,61
calibration__8724__denoise__attack__nes__l0.5,calibration,denoise,attack,952,70,141,135,1008
calibration__8724__denoise__restore__nes__l0.5,calibration,denoise,restore,976,46,101,136,-1
calibration__8724__denoise__random_walk__random_walk__l0.5,calibration,denoise,random_walk,1024,1,18,25,-1
calibration__8724__denoise__confidence_boost__nes__l0.5,calibration,denoise,confidence_boost,966,56,114,125,-1
calibration__8724__denoise__boundary_probe__nes__l0.5,calibration,denoise,boundary_probe,962,60,119,81,1014
calibration__8724__denoise__counterfactual__nes__l0.5,calibration,denoise,counterfactual,967,55,146,139,-1
calibration__8724__deblur__attack__nes__l1,calibration,deblur,attack,997,25,122,108,7
calibration__8724__deblur__restore__nes__l1,calibration,deblur,restore,966,56,401,129,31
calibration__8724__deblur__random_walk__random_walk__l1,calibration,deblur,random_walk,1024,1,15,22,-1
calibration__8724__deblur__confidence_boost__nes__l1,calibration,deblur,confidence_boost,967,55,91,76,-1
calibration__8724__deblur__boundary_probe__nes__l1,calibration,deblur,boundary_probe,994,28,168,62,13
calibration__8724__deblur__counterfactual__nes__l1,calibration,deblur,counterfactual,894,128,275,239,48
calibration__2004__denoise__attack__nes__l0.5,calibration,denoise,attack,1020,2,51,41,122
calibration__2004__denoise__restore__nes__l0.5,calibration,denoise,restore,1018,4,37,28,-1
calibration__2004__denoise__random_walk__random_walk__l0.5,calibration,denoise,random_walk,1024,1,22,22,364
calibration__2004__denoise__confidence_boost__nes__l0.5,calibration,denoise,confidence_boost,1015,7,87,45,-1
calibration__2004__denoise__boundary_probe__nes__l0.5,calibration,denoise,boundary_probe,1019,2,66,66,57
calibration__2004__denoise__counterfactual__nes__l0.5,calibration,denoise,counterfactual,1020,2,98,103,37
calibration__2004__deblur__attack__nes__l1,calibration,deblur,attack,1015,7,85,87,842
calibration__2004__deblur__restore__nes__l1,calibration,deblur,restore,1013,9,202,215,-1
calibration__2004__deblur__random_walk__random_walk__l1,calibration,deblur,random_walk,1024,1,15,22,-1
calibration__2004__deblur__confidence_boost__nes__l1,calibration,deblur,confidence_boost,1013,9,83,37,-1
calibration__2004__deblur__boundary_probe__nes__l1,calibration,deblur,boundary_probe,1017,5,112,113,823
calibration__2004__deblur__counterfactual__nes__l1,calibration,deblur,counterfactual,1005,17,92,82,839
calibration__519__denoise__attack__nes__l0.5,calibration,denoise,attack,1020,2,67,27,134
calibration__519__denoise__restore__nes__l0.5,calibration,denoise,restore,1020,2,41,38,-1
calibration__519__denoise__random_walk__random_walk__l0.5,calibration,denoise,random_walk,1024,1,15,22,266
calibration__519__denoise__confidence_boost__nes__l0.5,calibration,denoise,confidence_boost,1018,4,77,127,-1
calibration__519__denoise__boundary_probe__nes__l0.5,calibration,denoise,boundary_probe,1021,1,40,28,70
calibration__519__denoise__counterfactual__nes__l0.5,calibration,denoise,counterfactual,1019,3,85,89,126
calibration__519__deblur__attack__nes__l1,calibration,deblur,attack,1012,10,870,69,1004
calibration__519__deblur__restore__nes__l1,calibration,deblur,restore,1009,13,973,76,-1
calibration__519__deblur__random_walk__random_walk__l1,calibration,deblur,random_walk,1024,1,15,22,-1
calibration__519__deblur__confidence_boost__nes__l1,calibration,deblur,confidence_boost,1008,14,294,161,-1
calibration__519__deblur__boundary_probe__nes__l1,calibration,deblur,boundary_probe,998,24,827,86,-1
calibration__519__deblur__counterfactual__nes__l1,calibration,deblur,counterfactual,997,25,792,103,-1
calibration__5612__denoise__attack__nes__l0.5,calibration,denoise,attack,908,114,137,135,-1
calibration__5612__denoise__restore__nes__l0.5,calibration,denoise,restore,945,77,119,120,-1
calibration__5612__denoise__random_walk__random_walk__l0.5,calibration,denoise,random_walk,1024,1,15,22,-1
calibration__5612__denoise__confidence_boost__nes__l0.5,calibration,denoise,confidence_boost,916,106,211,208,-1
calibration__5612__denoise__boundary_probe__nes__l0.5,calibration,denoise,boundary_probe,875,147,161,165,-1
calibration__5612__denoise__counterfactual__nes__l0.5,calibration,denoise,counterfactual,833,189,199,209,-1
calibration__5612__deblur__attack__nes__l1,calibration,deblur,attack,872,150,282,210,-1
calibration__5612__deblur__restore__nes__l1,calibration,deblur,restore,897,125,138,146,-1
calibration__5612__deblur__random_walk__random_walk__l1,calibration,deblur,random_walk,1024,1,15,22,-1
calibration__5612__deblur__confidence_boost__nes__l1,calibration,deblur,confidence_boost,850,172,183,191,-1
calibration__5612__deblur__boundary_probe__nes__l1,calibration,deblur,boundary_probe,840,182,330,308,-1
calibration__5612__deblur__counterfactual__nes__l1,calibration,deblur,counterfactual,828,194,347,333,-1
calibration__3213__denoise__attack__nes__l0.5,calibration,denoise,attack,999,23,85,48,49
calibration__3213__denoise__restore__nes__l0.5,calibration,denoise,restore,1005,17,71,69,7
calibration__3213__denoise__random_walk__random_walk__l0.5,calibration,denoise,random_walk,1024,1,15,22,841
calibration__3213__denoise__confidence_boost__nes__l0.5,calibration,denoise,confidence_boost,996,26,103,60,-1
calibration__3213__denoise__boundary_probe__nes__l0.5,calibration,denoise,boundary_probe,1005,17,54,40,36
calibration__3213__denoise__counterfactual__nes__l0.5,calibration,denoise,counterfactual,1011,11,40,33,63
calibration__3213__deblur__attack__nes__l1,calibration,deblur,attack,991,31,75,67,-1
calibration__3213__deblur__restore__nes__l1,calibration,deblur,restore,980,42,113,71,-1
calibration__3213__deblur__random_walk__random_walk__l1,calibration,deblur,random_walk,1024,1,15,22,-1
calibration__3213__deblur__confidence_boost__nes__l1,calibration,deblur,confidence_boost,1002,20,54,51,-1
calibration__3213__deblur__boundary_probe__nes__l1,calibration,deblur,boundary_probe,1002,20,62,65,-1
calibration__3213__deblur__counterfactual__nes__l1,calibration,deblur,counterfactual,1000,22,37,131,-1
calibration__7699__denoise__attack__nes__l0.5,calibration,denoise,attack,978,44,117,119,331
calibration__7699__denoise__restore__nes__l0.5,calibration,denoise,restore,973,49,99,95,-1
calibration__7699__denoise__random_walk__random_walk__l0.5,calibration,denoise,random_walk,1024,1,15,22,-1
calibration__7699__denoise__confidence_boost__nes__l0.5,calibration,denoise,confidence_boost,982,40,120,117,-1
calibration__7699__denoise__boundary_probe__nes__l0.5,calibration,denoise,boundary_probe,981,41,101,112,263
calibration__7699__denoise__counterfactual__nes__l0.5,calibration,denoise,counterfactual,938,84,148,150,274
calibration__7699__deblur__attack__nes__l1,calibration,deblur,attack,1020,2,109,111,365
calibration__7699__deblur__restore__nes__l1,calibration,deblur,restore,1020,2,170,174,-1
calibration__7699__deblur__random_walk__random_walk__l1,calibration,deblur,random_walk,1024,1,15,22,-1
calibration__7699__deblur__confidence_boost__nes__l1,calibration,deblur,confidence_boost,1021,1,113,97,-1
calibration__7699__deblur__boundary_probe__nes__l1,calibration,deblur,boundary_probe,1019,3,77,77,303
calibration__7699__deblur__counterfactual__nes__l1,calibration,deblur,counterfactual,1020,2,17,69,448
evaluation__3568__denoise__attack__nes__l0.5,evaluation,denoise,attack,1019,3,33,32,675
evaluation__3568__denoise__restore__nes__l0.5,evaluation,denoise,restore,1020,2,74,76,-1
evaluation__3568__denoise__random_walk__random_walk__l0.5,evaluation,denoise,random_walk,1024,1,15,22,-1
evaluation__3568__denoise__confidence_boost__nes__l0.5,evaluation,denoise,confidence_boost,1013,9,94,79,-1
evaluation__3568__denoise__boundary_probe__nes__l0.5,evaluation,denoise,boundary_probe,1014,8,84,71,631
evaluation__3568__denoise__counterfactual__nes__l0.5,evaluation,denoise,counterfactual,1019,3,98,98,632
evaluation__3568__deblur__attack__nes__l1,evaluation,deblur,attack,1016,5,97,107,723
evaluation__3568__deblur__restore__nes__l1,evaluation,deblur,restore,1013,9,68,68,-1
evaluation__3568__deblur__random_walk__random_walk__l1,evaluation,deblur,random_walk,1024,1,19,22,-1
evaluation__3568__deblur__confidence_boost__nes__l1,evaluation,deblur,confidence_boost,1019,3,52,33,-1
evaluation__3568__deblur__boundary_probe__nes__l1,evaluation,deblur,boundary_probe,1020,2,41,24,886
evaluation__3568__deblur__counterfactual__nes__l1,evaluation,deblur,counterfactual,1016,6,75,49,855
evaluation__6494__denoise__attack__nes__l0.5,evaluation,denoise,attack,1000,22,85,85,8
evaluation__6494__denoise__restore__nes__l0.5,evaluation,denoise,restore,993,29,117,106,432
evaluation__6494__denoise__random_walk__random_walk__l0.5,evaluation,denoise,random_walk,1024,1,18,22,428
evaluation__6494__denoise__confidence_boost__nes__l0.5,evaluation,denoise,confidence_boost,998,24,85,85,-1
evaluation__6494__denoise__boundary_probe__nes__l0.5,evaluation,denoise,boundary_probe,1008,14,70,68,79
evaluation__6494__denoise__counterfactual__nes__l0.5,evaluation,denoise,counterfactual,955,67,99,106,53
evaluation__6494__deblur__attack__nes__l1,evaluation,deblur,attack,1014,8,155,146,717
evaluation__6494__deblur__restore__nes__l1,evaluation,deblur,restore,1002,19,302,304,-1
evaluation__6494__deblur__random_walk__random_walk__l1,evaluation,deblur,random_walk,1024,1,15,22,-1
evaluation__6494__deblur__confidence_boost__nes__l1,evaluation,deblur,confidence_boost,997,25,96,97,-1
evaluation__6494__deblur__boundary_probe__nes__l1,evaluation,deblur,boundary_probe,982,38,180,156,715
evaluation__6494__deblur__counterfactual__nes__l1,evaluation,deblur,counterfactual,1014,8,118,52,656
evaluation__9045__denoise__attack__nes__l0.5,evaluation,denoise,attack,1020,2,100,40,-1
evaluation__9045__denoise__restore__nes__l0.5,evaluation,denoise,restore,1021,1,48,33,-1
evaluation__9045__denoise__random_walk__random_walk__l0.5,evaluation,denoise,random_walk,1024,1,17,22,-1
evaluation__9045__denoise__confidence_boost__nes__l0.5,evaluation,denoise,confidence_boost,1021,1,57,62,-1
evaluation__9045__denoise__boundary_probe__nes__l0.5,evaluation,denoise,boundary_probe,1020,2,16,23,-1
evaluation__9045__denoise__counterfactual__nes__l0.5,evaluation,denoise,counterfactual,1021,1,98,98,-1
evaluation__9045__deblur__attack__nes__l1,evaluation,deblur,attack,1021,1,41,42,-1
evaluation__9045__deblur__restore__nes__l1,evaluation,deblur,restore,1021,1,141,34,-1
evaluation__9045__deblur__random_walk__random_walk__l1,evaluation,deblur,random_walk,1024,1,18,22,-1
evaluation__9045__deblur__confidence_boost__nes__l1,evaluation,deblur,confidence_boost,1021,1,92,42,-1
evaluation__9045__deblur__boundary_probe__nes__l1,evaluation,deblur,boundary_probe,1021,1,153,121,-1
evaluation__9045__deblur__counterfactual__nes__l1,evaluation,deblur,counterfactual,1021,1,61,66,-1
evaluation__122__denoise__attack__nes__l0.5,evaluation,denoise,attack,990,32,57,53,573
evaluation__122__denoise__restore__nes__l0.5,evaluation,denoise,restore,978,44,214,189,-1
evaluation__122__denoise__random_walk__random_walk__l0.5,evaluation,denoise,random_walk,1024,1,16,22,-1
evaluation__122__denoise__confidence_boost__nes__l0.5,evaluation,denoise,confidence_boost,901,121,198,201,-1
evaluation__122__denoise__boundary_probe__nes__l0.5,evaluation,denoise,boundary_probe,951,71,136,145,520
evaluation__122__denoise__counterfactual__nes__l0.5,evaluation,denoise,counterfactual,930,92,183,194,469
evaluation__122__deblur__attack__nes__l1,evaluation,deblur,attack,1013,9,124,130,513
evaluation__122__deblur__restore__nes__l1,evaluation,deblur,restore,1008,14,121,65,-1
evaluation__122__deblur__random_walk__random_walk__l1,evaluation,deblur,random_walk,1024,1,21,22,-1
evaluation__122__deblur__confidence_boost__nes__l1,evaluation,deblur,confidence_boost,1010,12,112,117,-1
evaluation__122__deblur__boundary_probe__nes__l1,evaluation,deblur,boundary_probe,1013,9,152,135,532
evaluation__122__deblur__counterfactual__nes__l1,evaluation,deblur,counterfactual,1004,18,152,155,502
evaluation__3020__denoise__attack__nes__l0.5,evaluation,denoise,attack,981,41,66,64,390
evaluation__3020__denoise__restore__nes__l0.5,evaluation,denoise,restore,914,108,306,170,-1
evaluation__3020__denoise__random_walk__random_walk__l0.5,evaluation,denoise,random_walk,1024,1,15,26,-1
evaluation__3020__denoise__confidence_boost__nes__l0.5,evaluation,denoise,confidence_boost,941,81,160,160,-1
evaluation__3020__denoise__boundary_probe__nes__l0.5,evaluation,denoise,boundary_probe,933,89,170,147,349
evaluation__3020__denoise__counterfactual__nes__l0.5,evaluation,denoise,counterfactual,920,102,126,124,432
evaluation__3020__deblur__attack__nes__l1,evaluation,deblur,attack,1007,15,126,121,712
evaluation__3020__deblur__restore__nes__l1,evaluation,deblur,restore,1013,9,35,297,-1
evaluation__3020__deblur__random_walk__random_walk__l1,evaluation,deblur,random_walk,1024,1,15,22,-1
evaluation__3020__deblur__confidence_boost__nes__l1,evaluation,deblur,confidence_boost,1013,8,48,115,-1
evaluation__3020__deblur__boundary_probe__nes__l1,evaluation,deblur,boundary_probe,1010,12,52,56,616
evaluation__3020__deblur__counterfactual__nes__l1,evaluation,deblur,counterfactual,1017,5,97,88,691
evaluation__7450__denoise__attack__nes__l0.5,evaluation,denoise,attack,1018,4,96,96,258
evaluation__7450__denoise__restore__nes__l0.5,evaluation,denoise,restore,1015,7,100,82,-1
evaluation__7450__denoise__random_walk__random_walk__l0.5,evaluation,denoise,random_walk,1024,1,23,22,-1
evaluation__7450__denoise__confidence_boost__nes__l0.5,evaluation,denoise,confidence_boost,1016,6,111,102,-1
evaluation__7450__denoise__boundary_probe__nes__l0.5,evaluation,denoise,boundary_probe,1013,7,50,51,220
evaluation__7450__denoise__counterfactual__nes__l0.5,evaluation,denoise,counterfactual,1016,6,20,73,246
evaluation__7450__deblur__attack__nes__l1,evaluation,deblur,attack,975,47,72,126,-1
evaluation__7450__deblur__restore__nes__l1,evaluation,deblur,restore,987,35,318,273,-1
evaluation__7450__deblur__random_walk__random_walk__l1,evaluation,deblur,random_walk,1024,1,17,22,-1
evaluation__7450__deblur__confidence_boost__nes__l1,evaluation,deblur,confidence_boost,990,32,158,146,-1
evaluation__7450__deblur__boundary_probe__nes__l1,evaluation,deblur,boundary_probe,988,34,60,61,-1
evaluation__7450__deblur__counterfactual__nes__l1,evaluation,deblur,counterfactual,989,33,113,54,-1
evaluation__988__denoise__attack__nes__l0.5,evaluation,denoise,attack,1019,3,84,29,-1
evaluation__988__denoise__restore__nes__l0.5,evaluation,denoise,restore,1018,4,68,101,-1
evaluation__988__denoise__random_walk__random_walk__l0.5,evaluation,denoise,random_walk,1024,1,15,22,-1
evaluation__988__denoise__confidence_boost__nes__l0.5,evaluation,denoise,confidence_boost,1019,3,42,42,-1
evaluation__988__denoise__boundary_probe__nes__l0.5,evaluation,denoise,boundary_probe,1017,5,51,48,-1
evaluation__988__denoise__counterfactual__nes__l0.5,evaluation,denoise,counterfactual,1019,3,134,105,-1
evaluation__988__deblur__attack__nes__l1,evaluation,deblur,attack,1017,5,138,130,489
evaluation__988__deblur__restore__nes__l1,evaluation,deblur,restore,1019,3,102,67,-1
evaluation__988__deblur__random_walk__random_walk__l1,evaluation,deblur,random_walk,1024,1,15,22,-1
evaluation__988__deblur__confidence_boost__nes__l1,evaluation,deblur,confidence_boost,1019,3,17,24,-1
evaluation__988__deblur__boundary_probe__nes__l1,evaluation,deblur,boundary_probe,1021,1,94,104,299
evaluation__988__deblur__counterfactual__nes__l1,evaluation,deblur,counterfactual,1019,3,87,87,400
evaluation__3313__denoise__attack__nes__l0.5,evaluation,denoise,attack,1002,20,119,122,-1
evaluation__3313__denoise__restore__nes__l0.5,evaluation,denoise,restore,1014,8,168,200,-1
evaluation__3313__denoise__random_walk__random_walk__l0.5,evaluation,denoise,random_walk,1024,1,15,22,-1
evaluation__3313__denoise__confidence_boost__nes__l0.5,evaluation,denoise,confidence_boost,1011,11,53,36,-1
evaluation__3313__denoise__boundary_probe__nes__l0.5,evaluation,denoise,boundary_probe,1020,2,84,86,996
evaluation__3313__denoise__counterfactual__nes__l0.5,evaluation,denoise,counterfactual,1015,7,50,50,-1
evaluation__3313__deblur__attack__nes__l1,evaluation,deblur,attack,1002,11,136,135,953
evaluation__3313__deblur__restore__nes__l1,evaluation,deblur,restore,1019,3,135,566,-1
evaluation__3313__deblur__random_walk__random_walk__l1,evaluation,deblur,random_walk,1024,1,15,22,-1
evaluation__3313__deblur__confidence_boost__nes__l1,evaluation,deblur,confidence_boost,1019,3,145,32,-1
evaluation__3313__deblur__boundary_probe__nes__l1,evaluation,deblur,boundary_probe,1013,7,113,101,822
evaluation__3313__deblur__counterfactual__nes__l1,evaluation,deblur,counterfactual,1017,5,132,126,919
evaluation__6981__denoise__attack__nes__l0.5,evaluation,denoise,attack,1005,17,64,67,349
evaluation__6981__denoise__restore__nes__l0.5,evaluation,denoise,restore,1010,12,70,57,-1
evaluation__6981__denoise__random_walk__random_walk__l0.5,evaluation,denoise,random_walk,1024,1,24,23,-1
evaluation__6981__denoise__confidence_boost__nes__l0.5,evaluation,denoise,confidence_boost,1018,4,106,38,-1
evaluation__6981__denoise__boundary_probe__nes__l0.5,evaluation,denoise,boundary_probe,1008,14,104,99,355
evaluation__6981__denoise__counterfactual__nes__l0.5,evaluation,denoise,counterfactual,1007,15,99,98,313
evaluation__6981__deblur__attack__nes__l1,evaluation,deblur,attack,1018,3,75,71,500
evaluation__6981__deblur__restore__nes__l1,evaluation,deblur,restore,1021,1,284,175,-1
evaluation__6981__deblur__random_walk__random_walk__l1,evaluation,deblur,random_walk,1024,1,24,23,-1
evaluation__6981__deblur__confidence_boost__nes__l1,evaluation,deblur,confidence_boost,1021,1,74,27,-1
evaluation__6981__deblur__boundary_probe__nes__l1,evaluation,deblur,boundary_probe,1021,1,90,91,431
evaluation__6981__deblur__counterfactual__nes__l1,evaluation,deblur,counterfactual,1021,1,98,98,498
evaluation__9267__denoise__attack__nes__l0.5,evaluation,denoise,attack,1000,22,71,79,473
evaluation__9267__denoise__restore__nes__l0.5,evaluation,denoise,restore,995,27,66,53,-1
evaluation__9267__denoise__random_walk__random_walk__l0.5,evaluation,denoise,random_walk,1024,1,18,22,-1
evaluation__9267__denoise__confidence_boost__nes__l0.5,evaluation,denoise,confidence_boost,998,24,102,107,-1
evaluation__9267__denoise__boundary_probe__nes__l0.5,evaluation,denoise,boundary_probe,1006,16,106,70,427
evaluation__9267__denoise__counterfactual__nes__l0.5,evaluation,denoise,counterfactual,967,55,116,118,449
evaluation__9267__deblur__attack__nes__l1,evaluation,deblur,attack,1017,5,112,39,227
evaluation__9267__deblur__restore__nes__l1,evaluation,deblur,restore,1020,2,16,23,-1
evaluation__9267__deblur__random_walk__random_walk__l1,evaluation,deblur,random_walk,1024,1,26,41,945
evaluation__9267__deblur__confidence_boost__nes__l1,evaluation,deblur,confidence_boost,1019,3,120,116,-1
evaluation__9267__deblur__boundary_probe__nes__l1,evaluation,deblur,boundary_probe,1021,1,124,115,311
evaluation__9267__deblur__counterfactual__nes__l1,evaluation,deblur,counterfactual,1020,2,117,89,230
evaluation__3023__denoise__attack__nes__l0.5,evaluation,denoise,attack,1019,3,19,24,47
evaluation__3023__denoise__restore__nes__l0.5,evaluation,denoise,restore,1019,3,17,24,95
evaluation__3023__denoise__random_walk__random_walk__l0.5,evaluation,denoise,random_walk,1024,1,26,25,208
evaluation__3023__denoise__confidence_boost__nes__l0.5,evaluation,denoise,confidence_boost,1018,4,83,79,-1
evaluation__3023__denoise__boundary_probe__nes__l0.5,evaluation,denoise,boundary_probe,1020,2,83,74,26
evaluation__3023__denoise__counterfactual__nes__l0.5,evaluation,denoise,counterfactual,1020,2,108,100,49
evaluation__3023__deblur__attack__nes__l1,evaluation,deblur,attack,1021,1,30,23,725
evaluation__3023__deblur__restore__nes__l1,evaluation,deblur,restore,1021,1,641,80,-1
evaluation__3023__deblur__random_walk__random_walk__l1,evaluation,deblur,random_walk,1024,1,22,22,-1
evaluation__3023__deblur__confidence_boost__nes__l1,evaluation,deblur,confidence_boost,1021,1,21,25,-1
evaluation__3023__deblur__boundary_probe__nes__l1,evaluation,deblur,boundary_probe,1021,1,82,85,763
evaluation__3023__deblur__counterfactual__nes__l1,evaluation,deblur,counterfactual,1021,1,133,127,833
evaluation__5732__denoise__attack__nes__l0.5,evaluation,denoise,attack,962,60,158,158,627
evaluation__5732__denoise__restore__nes__l0.5,evaluation,denoise,restore,937,85,176,176,-1
evaluation__5732__denoise__random_walk__random_walk__l0.5,evaluation,denoise,random_walk,1024,1,19,22,-1
evaluation__5732__denoise__confidence_boost__nes__l0.5,evaluation,denoise,confidence_boost,951,71,166,166,-1
evaluation__5732__denoise__boundary_probe__nes__l0.5,evaluation,denoise,boundary_probe,902,120,195,199,618
evaluation__5732__denoise__counterfactual__nes__l0.5,evaluation,denoise,counterfactual,921,101,115,202,530
evaluation__5732__deblur__attack__nes__l1,evaluation,deblur,attack,925,96,131,187,554
evaluation__5732__deblur__restore__nes__l1,evaluation,deblur,restore,949,73,318,492,-1
evaluation__5732__deblur__random_walk__random_walk__l1,evaluation,deblur,random_walk,1024,1,18,22,-1
evaluation__5732__deblur__confidence_boost__nes__l1,evaluation,deblur,confidence_boost,895,127,230,224,-1
evaluation__5732__deblur__boundary_probe__nes__l1,evaluation,deblur,boundary_probe,944,78,137,141,500
evaluation__5732__deblur__counterfactual__nes__l1,evaluation,deblur,counterfactual,945,77,154,152,552
evaluation__7518__denoise__attack__nes__l0.5,evaluation,denoise,attack,388,634,227,341,468
evaluation__7518__denoise__restore__nes__l0.5,evaluation,denoise,restore,418,604,239,358,-1
evaluation__7518__denoise__random_walk__random_walk__l0.5,evaluation,denoise,random_walk,1024,1,15,22,-1
evaluation__7518__denoise__confidence_boost__nes__l0.5,evaluation,denoise,confidence_boost,624,398,239,358,-1
evaluation__7518__denoise__boundary_probe__nes__l0.5,evaluation,denoise,boundary_probe,385,637,239,358,535
evaluation__7518__denoise__counterfactual__nes__l0.5,evaluation,denoise,counterfactual,587,435,239,358,479
evaluation__7518__deblur__attack__nes__l1,evaluation,deblur,attack,96,926,239,358,843
evaluation__7518__deblur__restore__nes__l1,evaluation,deblur,restore,63,959,239,358,-1
evaluation__7518__deblur__random_walk__random_walk__l1,evaluation,deblur,random_walk,1024,1,16,22,-1
evaluation__7518__deblur__confidence_boost__nes__l1,evaluation,deblur,confidence_boost,599,423,231,341,-1
evaluation__7518__deblur__boundary_probe__nes__l1,evaluation,deblur,boundary_probe,311,711,239,358,885
evaluation__7518__deblur__counterfactual__nes__l1,evaluation,deblur,counterfactual,412,610,239,321,944
evaluation__1533__denoise__attack__nes__l0.5,evaluation,denoise,attack,896,126,181,188,551
evaluation__1533__denoise__restore__nes__l0.5,evaluation,denoise,restore,950,72,86,119,-1
evaluation__1533__denoise__random_walk__random_walk__l0.5,evaluation,denoise,random_walk,1024,1,15,22,-1
evaluation__1533__denoise__confidence_boost__nes__l0.5,evaluation,denoise,confidence_boost,870,152,165,173,-1
evaluation__1533__denoise__boundary_probe__nes__l0.5,evaluation,denoise,boundary_probe,861,161,179,182,561
evaluation__1533__denoise__counterfactual__nes__l0.5,evaluation,denoise,counterfactual,889,133,180,154,617
evaluation__1533__deblur__attack__nes__l1,evaluation,deblur,attack,778,244,239,265,474
evaluation__1533__deblur__restore__nes__l1,evaluation,deblur,restore,937,85,182,184,-1
evaluation__1533__deblur__random_walk__random_walk__l1,evaluation,deblur,random_walk,1024,1,15,22,-1
evaluation__1533__deblur__confidence_boost__nes__l1,evaluation,deblur,confidence_boost,937,85,192,194,-1
evaluation__1533__deblur__boundary_probe__nes__l1,evaluation,deblur,boundary_probe,908,114,143,135,516
evaluation__1533__deblur__counterfactual__nes__l1,evaluation,deblur,counterfactual,972,50,130,151,529
evaluation__4042__denoise__attack__nes__l0.5,evaluation,denoise,attack,1002,20,34,41,125
evaluation__4042__denoise__restore__nes__l0.5,evaluation,denoise,restore,1013,9,56,58,503
evaluation__4042__denoise__random_walk__random_walk__l0.5,evaluation,denoise,random_walk,1024,1,29,29,630
evaluation__4042__denoise__confidence_boost__nes__l0.5,evaluation,denoise,confidence_boost,1009,13,68,68,-1
evaluation__4042__denoise__boundary_probe__nes__l0.5,evaluation,denoise,boundary_probe,1002,20,106,102,21
evaluation__4042__denoise__counterfactual__nes__l0.5,evaluation,denoise,counterfactual,998,24,82,96,97
evaluation__4042__deblur__attack__nes__l1,evaluation,deblur,attack,1012,10,151,149,871
evaluation__4042__deblur__restore__nes__l1,evaluation,deblur,restore,1005,17,571,607,-1
evaluation__4042__deblur__random_walk__random_walk__l1,evaluation,deblur,random_walk,1024,1,15,22,-1
evaluation__4042__deblur__confidence_boost__nes__l1,evaluation,deblur,confidence_boost,999,22,133,127,-1
evaluation__4042__deblur__boundary_probe__nes__l1,evaluation,deblur,boundary_probe,1018,4,126,117,948
evaluation__4042__deblur__counterfactual__nes__l1,evaluation,deblur,counterfactual,993,29,114,114,987
evaluation__7916__denoise__attack__nes__l0.5,evaluation,denoise,attack,910,112,164,175,-1
evaluation__7916__denoise__restore__nes__l0.5,evaluation,denoise,restore,921,101,122,154,-1
evaluation__7916__denoise__random_walk__random_walk__l0.5,evaluation,denoise,random_walk,1024,1,24,22,-1
evaluation__7916__denoise__confidence_boost__nes__l0.5,evaluation,denoise,confidence_boost,959,63,161,166,-1
evaluation__7916__denoise__boundary_probe__nes__l0.5,evaluation,denoise,boundary_probe,937,85,168,156,-1
evaluation__7916__denoise__counterfactual__nes__l0.5,evaluation,denoise,counterfactual,909,113,167,151,-1
evaluation__7916__deblur__attack__nes__l1,evaluation,deblur,attack,1021,1,127,42,517
evaluation__7916__deblur__restore__nes__l1,evaluation,deblur,restore,1021,1,830,139,-1
evaluation__7916__deblur__random_walk__random_walk__l1,evaluation,deblur,random_walk,1024,1,15,22,-1
evaluation__7916__deblur__confidence_boost__nes__l1,evaluation,deblur,confidence_boost,1020,2,155,34,-1
evaluation__7916__deblur__boundary_probe__nes__l1,evaluation,deblur,boundary_probe,1020,2,141,34,529
evaluation__7916__deblur__counterfactual__nes__l1,evaluation,deblur,counterfactual,1021,1,182,86,598
evaluation__1290__denoise__attack__nes__l0.5,evaluation,denoise,attack,930,92,113,113,567
evaluation__1290__denoise__restore__nes__l0.5,evaluation,denoise,restore,927,95,134,117,-1
evaluation__1290__denoise__random_walk__random_walk__l0.5,evaluation,denoise,random_walk,1024,1,15,22,-1
evaluation__1290__denoise__confidence_boost__nes__l0.5,evaluation,denoise,confidence_boost,912,110,208,202,-1
evaluation__1290__denoise__boundary_probe__nes__l0.5,evaluation,denoise,boundary_probe,875,147,165,235,614
evaluation__1290__denoise__counterfactual__nes__l0.5,evaluation,denoise,counterfactual,933,89,120,123,669
evaluation__1290__deblur__attack__nes__l1,evaluation,deblur,attack,904,118,200,205,583
evaluation__1290__deblur__restore__nes__l1,evaluation,deblur,restore,887,135,250,224,-1
evaluation__1290__deblur__random_walk__random_walk__l1,evaluation,deblur,random_walk,1024,1,20,22,-1
evaluation__1290__deblur__confidence_boost__nes__l1,evaluation,deblur,confidence_boost,797,225,222,244,-1
evaluation__1290__deblur__boundary_probe__nes__l1,evaluation,deblur,boundary_probe,819,203,294,290,659
evaluation__1290__deblur__counterfactual__nes__l1,evaluation,deblur,counterfactual,802,220,208,239,641
evaluation__3613__denoise__attack__nes__l0.5,evaluation,denoise,attack,1015,7,99,99,232
evaluation__3613__denoise__restore__nes__l0.5,evaluation,denoise,restore,1007,15,54,49,-1
evaluation__3613__denoise__random_walk__random_walk__l0.5,evaluation,denoise,random_walk,1024,1,18,22,774
evaluation__3613__denoise__confidence_boost__nes__l0.5,evaluation,denoise,confidence_boost,1008,14,65,41,-1
evaluation__3613__denoise__boundary_probe__nes__l0.5,evaluation,denoise,boundary_probe,1018,4,70,48,251
evaluation__3613__denoise__counterfactual__nes__l0.5,evaluation,denoise,counterfactual,1016,6,45,29,309
evaluation__3613__deblur__attack__nes__l1,evaluation,deblur,attack,870,152,260,258,893
evaluation__3613__deblur__restore__nes__l1,evaluation,deblur,restore,817,205,306,291,-1
evaluation__3613__deblur__random_walk__random_walk__l1,evaluation,deblur,random_walk,1024,1,15,22,-1
evaluation__3613__deblur__confidence_boost__nes__l1,evaluation,deblur,confidence_boost,882,140,154,160,-1
evaluation__3613__deblur__boundary_probe__nes__l1,evaluation,deblur,boundary_probe,921,101,142,203,858
evaluation__3613__deblur__counterfactual__nes__l1,evaluation,deblur,counterfactual,897,125,137,207,920
evaluation__6120__denoise__attack__nes__l0.5,evaluation,denoise,attack,1014,8,117,60,453
evaluation__6120__denoise__restore__nes__l0.5,evaluation,denoise,restore,1020,2,47,46,-1
evaluation__6120__denoise__random_walk__random_walk__l0.5,evaluation,denoise,random_walk,1024,1,16,35,-1
evaluation__6120__denoise__confidence_boost__nes__l0.5,evaluation,denoise,confidence_boost,1012,10,111,99,-1
evaluation__6120__denoise__boundary_probe__nes__l0.5,evaluation,denoise,boundary_probe,1012,10,29,31,539
evaluation__6120__denoise__counterfactual__nes__l0.5,evaluation,denoise,counterfactual,1014,8,91,81,520
evaluation__6120__deblur__attack__nes__l1,evaluation,deblur,attack,1006,16,75,52,590
evaluation__6120__deblur__restore__nes__l1,evaluation,deblur,restore,1013,9,148,178,-1
evaluation__6120__deblur__random_walk__random_walk__l1,evaluation,deblur,random_walk,1024,1,19,22,-1
evaluation__6120__deblur__confidence_boost__nes__l1,evaluation,deblur,confidence_boost,1016,6,59,68,-1
evaluation__6120__deblur__boundary_probe__nes__l1,evaluation,deblur,boundary_probe,1011,11,106,82,658
evaluation__6120__deblur__counterfactual__nes__l1,evaluation,deblur,counterfactual,1013,9,25,30,598
evaluation__9540__denoise__attack__nes__l0.5,evaluation,denoise,attack,1014,8,31,77,756
evaluation__9540__denoise__restore__nes__l0.5,evaluation,denoise,restore,1008,14,53,40,-1
evaluation__9540__denoise__random_walk__random_walk__l0.5,evaluation,denoise,random_walk,1024,1,15,22,-1
evaluation__9540__denoise__confidence_boost__nes__l0.5,evaluation,denoise,confidence_boost,1013,9,90,100,-1
evaluation__9540__denoise__boundary_probe__nes__l0.5,evaluation,denoise,boundary_probe,1016,6,23,65,735
evaluation__9540__denoise__counterfactual__nes__l0.5,evaluation,denoise,counterfactual,1014,8,51,97,787
evaluation__9540__deblur__attack__nes__l1,evaluation,deblur,attack,1020,2,85,85,1012
evaluation__9540__deblur__restore__nes__l1,evaluation,deblur,restore,1020,2,44,100,-1
evaluation__9540__deblur__random_walk__random_walk__l1,evaluation,deblur,random_walk,1024,1,17,22,-1
evaluation__9540__deblur__confidence_boost__nes__l1,evaluation,deblur,confidence_boost,1021,1,104,108,-1
evaluation__9540__deblur__boundary_probe__nes__l1,evaluation,deblur,boundary_probe,1018,4,66,66,920
evaluation__9540__deblur__counterfactual__nes__l1,evaluation,deblur,counterfactual,1021,1,131,125,-1
evaluation__2105__denoise__attack__nes__l0.5,evaluation,denoise,attack,988,34,113,95,-1
evaluation__2105__denoise__restore__nes__l0.5,evaluation,denoise,restore,999,23,199,216,-1
evaluation__2105__denoise__random_walk__random_walk__l0.5,evaluation,denoise,random_walk,1024,1,15,22,-1
evaluation__2105__denoise__confidence_boost__nes__l0.5,evaluation,denoise,confidence_boost,986,36,60,57,-1
evaluation__2105__denoise__boundary_probe__nes__l0.5,evaluation,denoise,boundary_probe,956,66,166,165,-1
evaluation__2105__denoise__counterfactual__nes__l0.5,evaluation,denoise,counterfactual,973,49,122,115,-1
evaluation__2105__deblur__attack__nes__l1,evaluation,deblur,attack,998,24,148,146,501
evaluation__2105__deblur__restore__nes__l1,evaluation,deblur,restore,1015,7,23,644,-1
evaluation__2105__deblur__random_walk__random_walk__l1,evaluation,deblur,random_walk,1024,1,18,22,-1
evaluation__2105__deblur__confidence_boost__nes__l1,evaluation,deblur,confidence_boost,1002,20,268,176,-1
evaluation__2105__deblur__boundary_probe__nes__l1,evaluation,deblur,boundary_probe,992,30,108,108,412
evaluation__2105__deblur__counterfactual__nes__l1,evaluation,deblur,counterfactual,1002,20,94,116,398
evaluation__4788__denoise__attack__nes__l0.5,evaluation,denoise,attack,731,291,238,305,898
evaluation__4788__denoise__restore__nes__l0.5,evaluation,denoise,restore,639,383,273,456,-1
evaluation__4788__denoise__random_walk__random_walk__l0.5,evaluation,denoise,random_walk,1024,1,15,22,-1
evaluation__4788__denoise__confidence_boost__nes__l0.5,evaluation,denoise,confidence_boost,599,423,239,357,-1
evaluation__4788__denoise__boundary_probe__nes__l0.5,evaluation,denoise,boundary_probe,490,532,239,341,961
evaluation__4788__denoise__counterfactual__nes__l0.5,evaluation,denoise,counterfactual,729,293,239,295,918
evaluation__4788__deblur__attack__nes__l1,evaluation,deblur,attack,79,943,239,358,375
evaluation__4788__deblur__restore__nes__l1,evaluation,deblur,restore,62,960,239,358,-1
evaluation__4788__deblur__random_walk__random_walk__l1,evaluation,deblur,random_walk,1024,1,16,22,-1
evaluation__4788__deblur__confidence_boost__nes__l1,evaluation,deblur,confidence_boost,63,959,239,358,-1
evaluation__4788__deblur__boundary_probe__nes__l1,evaluation,deblur,boundary_probe,259,763,239,358,375
evaluation__4788__deblur__counterfactual__nes__l1,evaluation,deblur,counterfactual,62,960,239,358,450
evaluation__8113__denoise__attack__nes__l0.5,evaluation,denoise,attack,980,42,108,107,-1
evaluation__8113__denoise__restore__nes__l0.5,evaluation,denoise,restore,995,27,84,106,-1
evaluation__8113__denoise__random_walk__random_walk__l0.5,evaluation,denoise,random_walk,1024,1,15,22,-1
evaluation__8113__denoise__confidence_boost__nes__l0.5,evaluation,denoise,confidence_boost,1004,18,35,78,-1
evaluation__8113__denoise__boundary_probe__nes__l0.5,evaluation,denoise,boundary_probe,1005,17,71,54,-1
evaluation__8113__denoise__counterfactual__nes__l0.5,evaluation,denoise,counterfactual,995,27,100,104,-1
evaluation__8113__deblur__attack__nes__l1,evaluation,deblur,attack,1012,10,97,93,-1
evaluation__8113__deblur__restore__nes__l1,evaluation,deblur,restore,1016,6,137,165,-1
evaluation__8113__deblur__random_walk__random_walk__l1,evaluation,deblur,random_walk,1024,1,15,22,-1
evaluation__8113__deblur__confidence_boost__nes__l1,evaluation,deblur,confidence_boost,1019,3,101,99,-1
evaluation__8113__deblur__boundary_probe__nes__l1,evaluation,deblur,boundary_probe,1019,3,91,76,1003
evaluation__8113__deblur__counterfactual__nes__l1,evaluation,deblur,counterfactual,1016,6,40,34,1011
evaluation__1966__denoise__attack__nes__l0.5,evaluation,denoise,attack,1017,5,35,26,904
evaluation__1966__denoise__restore__nes__l0.5,evaluation,denoise,restore,1015,7,148,142,-1
evaluation__1966__denoise__random_walk__random_walk__l0.5,evaluation,denoise,random_walk,1024,1,15,22,-1
evaluation__1966__denoise__confidence_boost__nes__l0.5,evaluation,denoise,confidence_boost,999,23,64,81,-1
evaluation__1966__denoise__boundary_probe__nes__l0.5,evaluation,denoise,boundary_probe,1014,8,32,29,964
evaluation__1966__denoise__counterfactual__nes__l0.5,evaluation,denoise,counterfactual,1010,12,47,41,-1
evaluation__1966__deblur__attack__nes__l1,evaluation,deblur,attack,1021,1,82,33,-1
evaluation__1966__deblur__restore__nes__l1,evaluation,deblur,restore,1021,1,257,301,-1
evaluation__1966__deblur__random_walk__random_walk__l1,evaluation,deblur,random_walk,1024,1,15,22,-1
evaluation__1966__deblur__confidence_boost__nes__l1,evaluation,deblur,confidence_boost,1019,3,112,98,-1
evaluation__1966__deblur__boundary_probe__nes__l1,evaluation,deblur,boundary_probe,1020,2,69,83,-1
evaluation__1966__deblur__counterfactual__nes__l1,evaluation,deblur,counterfactual,1020,2,124,124,-1
evaluation__4186__denoise__attack__nes__l0.5,evaluation,denoise,attack,848,174,185,195,572
evaluation__4186__denoise__restore__nes__l0.5,evaluation,denoise,restore,791,231,248,373,-1
evaluation__4186__denoise__random_walk__random_walk__l0.5,evaluation,denoise,random_walk,1024,1,15,28,-1
evaluation__4186__denoise__confidence_boost__nes__l0.5,evaluation,denoise,confidence_boost,843,179,184,199,-1
evaluation__4186__denoise__boundary_probe__nes__l0.5,evaluation,denoise,boundary_probe,835,187,179,202,656
evaluation__4186__denoise__counterfactual__nes__l0.5,evaluation,denoise,counterfactual,795,227,205,245,625
evaluation__4186__deblur__attack__nes__l1,evaluation,deblur,attack,323,699,239,358,-1
evaluation__4186__deblur__restore__nes__l1,evaluation,deblur,restore,571,451,239,352,-1
evaluation__4186__deblur__random_walk__random_walk__l1,evaluation,deblur,random_walk,1024,1,15,22,-1
evaluation__4186__deblur__confidence_boost__nes__l1,evaluation,deblur,confidence_boost,622,400,233,341,-1
evaluation__4186__deblur__boundary_probe__nes__l1,evaluation,deblur,boundary_probe,372,650,239,358,-1
evaluation__4186__deblur__counterfactual__nes__l1,evaluation,deblur,counterfactual,729,293,230,290,-1
evaluation__5998__denoise__attack__nes__l0.5,evaluation,denoise,attack,886,136,148,157,27
evaluation__5998__denoise__restore__nes__l0.5,evaluation,denoise,restore,858,164,280,223,123
evaluation__5998__denoise__random_walk__random_walk__l0.5,evaluation,denoise,random_walk,1024,1,15,22,-1
evaluation__5998__denoise__confidence_boost__nes__l0.5,evaluation,denoise,confidence_boost,766,256,222,274,-1
evaluation__5998__denoise__boundary_probe__nes__l0.5,evaluation,denoise,boundary_probe,885,137,149,158,42
evaluation__5998__denoise__counterfactual__nes__l0.5,evaluation,denoise,counterfactual,847,175,187,196,58
evaluation__5998__deblur__attack__nes__l1,evaluation,deblur,attack,972,50,89,75,601
evaluation__5998__deblur__restore__nes__l1,evaluation,deblur,restore,987,35,197,187,-1
evaluation__5998__deblur__random_walk__random_walk__l1,evaluation,deblur,random_walk,1024,1,17,22,-1
evaluation__5998__deblur__confidence_boost__nes__l1,evaluation,deblur,confidence_boost,969,53,172,166,-1
evaluation__5998__deblur__boundary_probe__nes__l1,evaluation,deblur,boundary_probe,984,38,143,143,480
evaluation__5998__deblur__counterfactual__nes__l1,evaluation,deblur,counterfactual,978,44,144,147,598
evaluation__582__denoise__attack__nes__l0.5,evaluation,denoise,attack,1011,11,85,50,399
evaluation__582__denoise__restore__nes__l0.5,evaluation,denoise,restore,1017,5,40,35,-1
evaluation__582__denoise__random_walk__random_walk__l0.5,evaluation,denoise,random_walk,1024,1,15,22,-1
evaluation__582__denoise__confidence_boost__nes__l0.5,evaluation,denoise,confidence_boost,1018,4,81,33,-1
evaluation__582__denoise__boundary_probe__nes__l0.5,evaluation,denoise,boundary_probe,1013,9,109,101,522
evaluation__582__denoise__counterfactual__nes__l0.5,evaluation,denoise,counterfactual,1020,2,41,34,532
evaluation__582__deblur__attack__nes__l1,evaluation,deblur,attack,1019,3,77,74,974
evaluation__582__deblur__restore__nes__l1,evaluation,deblur,restore,1018,4,136,67,-1
evaluation__582__deblur__random_walk__random_walk__l1,evaluation,deblur,random_walk,1024,1,15,22,-1
evaluation__582__deblur__confidence_boost__nes__l1,evaluation,deblur,confidence_boost,1016,6,55,58,-1
evaluation__582__deblur__boundary_probe__nes__l1,evaluation,deblur,boundary_probe,1001,21,69,51,-1
evaluation__582__deblur__counterfactual__nes__l1,evaluation,deblur,counterfactual,1006,14,30,37,964
evaluation__2196__denoise__attack__nes__l0.5,evaluation,denoise,attack,1017,5,29,27,6
evaluation__2196__denoise__restore__nes__l0.5,evaluation,denoise,restore,1010,12,135,41,4
evaluation__2196__denoise__random_walk__random_walk__l0.5,evaluation,denoise,random_walk,1024,1,21,22,342
evaluation__2196__denoise__confidence_boost__nes__l0.5,evaluation,denoise,confidence_boost,1016,6,85,90,2
evaluation__2196__denoise__boundary_probe__nes__l0.5,evaluation,denoise,boundary_probe,1016,6,22,27,3
evaluation__2196__denoise__counterfactual__nes__l0.5,evaluation,denoise,counterfactual,1011,11,66,63,2
evaluation__2196__deblur__attack__nes__l1,evaluation,deblur,attack,1021,1,116,118,953
evaluation__2196__deblur__restore__nes__l1,evaluation,deblur,restore,1021,1,933,647,-1
evaluation__2196__deblur__random_walk__random_walk__l1,evaluation,deblur,random_walk,1024,1,15,22,-1
evaluation__2196__deblur__confidence_boost__nes__l1,evaluation,deblur,confidence_boost,1017,4,43,111,-1
evaluation__2196__deblur__boundary_probe__nes__l1,evaluation,deblur,boundary_probe,1021,1,114,123,770
evaluation__2196__deblur__counterfactual__nes__l1,evaluation,deblur,counterfactual,1021,1,122,126,732
evaluation__4254__denoise__attack__nes__l0.5,evaluation,denoise,attack,1013,9,49,34,-1
evaluation__4254__denoise__restore__nes__l0.5,evaluation,denoise,restore,994,28,67,66,-1
evaluation__4254__denoise__random_walk__random_walk__l0.5,evaluation,denoise,random_walk,1024,1,15,22,-1
evaluation__4254__denoise__confidence_boost__nes__l0.5,evaluation,denoise,confidence_boost,1011,11,70,82,-1
evaluation__4254__denoise__boundary_probe__nes__l0.5,evaluation,denoise,boundary_probe,1006,16,117,108,-1
evaluation__4254__denoise__counterfactual__nes__l0.5,evaluation,denoise,counterfactual,980,42,81,72,-1
evaluation__4254__deblur__attack__nes__l1,evaluation,deblur,attack,1021,1,132,121,885
evaluation__4254__deblur__restore__nes__l1,evaluation,deblur,restore,1018,4,81,83,-1
evaluation__4254__deblur__random_walk__random_walk__l1,evaluation,deblur,random_walk,1024,1,15,22,-1
evaluation__4254__deblur__confidence_boost__nes__l1,evaluation,deblur,confidence_boost,1015,6,105,104,-1
evaluation__4254__deblur__boundary_probe__nes__l1,evaluation,deblur,boundary_probe,1021,1,145,22,851
evaluation__4254__deblur__counterfactual__nes__l1,evaluation,deblur,counterfactual,1018,4,107,111,957
evaluation__7580__denoise__attack__nes__l0.5,evaluation,denoise,attack,1018,4,49,28,501
evaluation__7580__denoise__restore__nes__l0.5,evaluation,denoise,restore,1009,12,52,40,-1
evaluation__7580__denoise__random_walk__random_walk__l0.5,evaluation,denoise,random_walk,1024,1,27,29,-1
evaluation__7580__denoise__confidence_boost__nes__l0.5,evaluation,denoise,confidence_boost,1010,12,56,40,-1
evaluation__7580__denoise__boundary_probe__nes__l0.5,evaluation,denoise,boundary_probe,1010,12,34,89,416
evaluation__7580__denoise__counterfactual__nes__l0.5,evaluation,denoise,counterfactual,1018,4,18,27,391
evaluation__7580__deblur__attack__nes__l1,evaluation,deblur,attack,1003,19,158,156,-1
evaluation__7580__deblur__restore__nes__l1,evaluation,deblur,restore,999,23,45,44,-1
evaluation__7580__deblur__random_walk__random_walk__l1,evaluation,deblur,random_walk,1024,1,15,22,-1
evaluation__7580__deblur__confidence_boost__nes__l1,evaluation,deblur,confidence_boost,1007,15,150,142,-1
evaluation__7580__deblur__boundary_probe__nes__l1,evaluation,deblur,boundary_probe,998,24,186,129,-1
evaluation__7580__deblur__counterfactual__nes__l1,evaluation,deblur,counterfactual,1017,5,140,96,-1
evaluation__3170__denoise__attack__nes__l0.5,evaluation,denoise,attack,795,227,236,248,-1
evaluation__3170__denoise__restore__nes__l0.5,evaluation,denoise,restore,868,154,260,260,-1
evaluation__3170__denoise__random_walk__random_walk__l0.5,evaluation,denoise,random_walk,1024,1,15,22,-1
evaluation__3170__denoise__confidence_boost__nes__l0.5,evaluation,denoise,confidence_boost,938,84,168,168,-1
evaluation__3170__denoise__boundary_probe__nes__l0.5,evaluation,denoise,boundary_probe,948,74,113,95,-1
evaluation__3170__denoise__counterfactual__nes__l0.5,evaluation,denoise,counterfactual,961,61,146,84,-1
evaluation__3170__deblur__attack__nes__l1,evaluation,deblur,attack,948,74,157,129,795
evaluation__3170__deblur__restore__nes__l1,evaluation,deblur,restore,894,128,171,149,-1
evaluation__3170__deblur__random_walk__random_walk__l1,evaluation,deblur,random_walk,1024,1,26,22,-1
evaluation__3170__deblur__confidence_boost__nes__l1,evaluation,deblur,confidence_boost,906,116,127,137,-1
evaluation__3170__deblur__boundary_probe__nes__l1,evaluation,deblur,boundary_probe,884,138,152,159,868
evaluation__3170__deblur__counterfactual__nes__l1,evaluation,deblur,counterfactual,899,123,220,197,987
evaluation__6724__denoise__attack__nes__l0.5,evaluation,denoise,attack,1005,17,88,85,299
evaluation__6724__denoise__restore__nes__l0.5,evaluation,denoise,restore,1011,11,66,68,-1
evaluation__6724__denoise__random_walk__random_walk__l0.5,evaluation,denoise,random_walk,1024,1,15,22,-1
evaluation__6724__denoise__confidence_boost__nes__l0.5,evaluation,denoise,confidence_boost,1013,9,97,102,-1
evaluation__6724__denoise__boundary_probe__nes__l0.5,evaluation,denoise,boundary_probe,1001,21,41,47,280
evaluation__6724__denoise__counterfactual__nes__l0.5,evaluation,denoise,counterfactual,1011,11,137,66,315
evaluation__6724__deblur__attack__nes__l1,evaluation,deblur,attack,1012,10,178,87,-1
evaluation__6724__deblur__restore__nes__l1,evaluation,deblur,restore,1003,19,422,166,-1
evaluation__6724__deblur__random_walk__random_walk__l1,evaluation,deblur,random_walk,1024,1,15,22,-1
evaluation__6724__deblur__confidence_boost__nes__l1,evaluation,deblur,confidence_boost,1007,15,147,63,-1
evaluation__6724__deblur__boundary_probe__nes__l1,evaluation,deblur,boundary_probe,1001,21,169,93,-1
evaluation__6724__deblur__counterfactual__nes__l1,evaluation,deblur,counterfactual,1002,20,208,154,-1
evaluation__8995__denoise__attack__nes__l0.5,evaluation,denoise,attack,1006,16,49,48,973
evaluation__8995__denoise__restore__nes__l0.5,evaluation,denoise,restore,988,34,59,57,-1
evaluation__8995__denoise__random_walk__random_walk__l0.5,evaluation,denoise,random_walk,1024,1,15,22,-1
evaluation__8995__denoise__confidence_boost__nes__l0.5,evaluation,denoise,confidence_boost,986,36,85,125,-1
evaluation__8995__denoise__boundary_probe__nes__l0.5,evaluation,denoise,boundary_probe,1003,19,86,89,873
evaluation__8995__denoise__counterfactual__nes__l0.5,evaluation,denoise,counterfactual,1009,13,52,45,1002
evaluation__8995__deblur__attack__nes__l1,evaluation,deblur,attack,1007,15,137,134,770
evaluation__8995__deblur__restore__nes__l1,evaluation,deblur,restore,1010,12,121,74,-1
evaluation__8995__deblur__random_walk__random_walk__l1,evaluation,deblur,random_walk,1024,1,15,22,-1
evaluation__8995__deblur__confidence_boost__nes__l1,evaluation,deblur,confidence_boost,1006,16,121,66,-1
evaluation__8995__deblur__boundary_probe__nes__l1,evaluation,deblur,boundary_probe,1019,3,69,51,690
evaluation__8995__deblur__counterfactual__nes__l1,evaluation,deblur,counterfactual,1008,14,110,107,665
fit__2130__denoise__attack__nes__l0.5,fit,denoise,attack,1021,1,49,49,454
fit__2130__denoise__restore__nes__l0.5,fit,denoise,restore,1021,1,40,33,-1
fit__2130__denoise__random_walk__random_walk__l0.5,fit,denoise,random_walk,1024,1,23,22,-1
fit__2130__denoise__confidence_boost__nes__l0.5,fit,denoise,confidence_boost,1021,1,52,67,-1
fit__2130__denoise__boundary_probe__nes__l0.5,fit,denoise,boundary_probe,1021,1,70,70,563
fit__2130__denoise__counterfactual__nes__l0.5,fit,denoise,counterfactual,1021,1,30,27,414
fit__2130__deblur__attack__nes__l1,fit,deblur,attack,1021,1,132,64,-1
fit__2130__deblur__restore__nes__l1,fit,deblur,restore,1021,1,811,746,-1
fit__2130__deblur__random_walk__random_walk__l1,fit,deblur,random_walk,1024,1,22,22,-1
fit__2130__deblur__confidence_boost__nes__l1,fit,deblur,confidence_boost,1021,1,131,114,-1
fit__2130__deblur__boundary_probe__nes__l1,fit,deblur,boundary_probe,1021,1,156,154,-1
fit__2130__deblur__counterfactual__nes__l1,fit,deblur,counterfactual,1021,1,138,104,-1
fit__8643__denoise__attack__nes__l0.5,fit,denoise,attack,1013,9,97,75,211
fit__8643__denoise__restore__nes__l0.5,fit,denoise,restore,1021,1,40,50,-1
fit__8643__denoise__random_walk__random_walk__l0.5,fit,denoise,random_walk,1024,1,15,22,-1
fit__8643__denoise__confidence_boost__nes__l0.5,fit,denoise,confidence_boost,1018,4,67,68,-1
fit__8643__denoise__boundary_probe__nes__l0.5,fit,denoise,boundary_probe,1017,5,19,26,179
fit__8643__denoise__counterfactual__nes__l0.5,fit,denoise,counterfactual,1020,2,83,89,122
fit__8643__deblur__attack__nes__l1,fit,deblur,attack,984,38,138,131,-1
fit__8643__deblur__restore__nes__l1,fit,deblur,restore,971,51,454,650,-1
fit__8643__deblur__random_walk__random_walk__l1,fit,deblur,random_walk,1024,1,17,22,-1
fit__8643__deblur__confidence_boost__nes__l1,fit,deblur,confidence_boost,973,46,230,77,-1
fit__8643__deblur__boundary_probe__nes__l1,fit,deblur,boundary_probe,980,38,147,141,988
fit__8643__deblur__counterfactual__nes__l1,fit,deblur,counterfactual,986,35,128,129,982
fit__4954__denoise__attack__nes__l0.5,fit,denoise,attack,980,42,119,131,5
fit__4954__denoise__restore__nes__l0.5,fit,denoise,restore,964,58,149,158,2
fit__4954__denoise__random_walk__random_walk__l0.5,fit,denoise,random_walk,1024,1,23,23,361
fit__4954__denoise__confidence_boost__nes__l0.5,fit,denoise,confidence_boost,979,43,102,131,8
fit__4954__denoise__boundary_probe__nes__l0.5,fit,denoise,boundary_probe,988,34,48,55,15
fit__4954__denoise__counterfactual__nes__l0.5,fit,denoise,counterfactual,966,55,128,134,6
fit__4954__deblur__attack__nes__l1,fit,deblur,attack,984,38,167,168,311
fit__4954__deblur__restore__nes__l1,fit,deblur,restore,972,50,90,81,-1
fit__4954__deblur__random_walk__random_walk__l1,fit,deblur,random_walk,1024,1,15,22,246
fit__4954__deblur__confidence_boost__nes__l1,fit,deblur,confidence_boost,986,36,100,181,-1
fit__4954__deblur__boundary_probe__nes__l1,fit,deblur,boundary_probe,955,67,168,152,190
fit__4954__deblur__counterfactual__nes__l1,fit,deblur,counterfactual,961,61,151,155,226
fit__623__denoise__attack__nes__l0.5,fit,denoise,attack,975,47,74,75,745
fit__623__denoise__restore__nes__l0.5,fit,denoise,restore,987,35,83,56,-1
fit__623__denoise__random_walk__random_walk__l0.5,fit,denoise,random_walk,1024,1,15,22,-1
fit__623__denoise__confidence_boost__nes__l0.5,fit,denoise,confidence_boost,987,35,120,66,-1
fit__623__denoise__boundary_probe__nes__l0.5,fit,denoise,boundary_probe,998,24,43,58,746
fit__623__denoise__counterfactual__nes__l0.5,fit,denoise,counterfactual,977,45,131,131,776
fit__623__deblur__attack__nes__l1,fit,deblur,attack,740,282,222,290,-1
fit__623__deblur__restore__nes__l1,fit,deblur,restore,779,243,525,612,-1
fit__623__deblur__random_walk__random_walk__l1,fit,deblur,random_walk,1024,1,15,22,-1
fit__623__deblur__confidence_boost__nes__l1,fit,deblur,confidence_boost,841,181,175,196,-1
fit__623__deblur__boundary_probe__nes__l1,fit,deblur,boundary_probe,812,210,267,271,998
fit__623__deblur__counterfactual__nes__l1,fit,deblur,counterfactual,833,189,213,208,-1
fit__7351__denoise__attack__nes__l0.5,fit,denoise,attack,971,51,84,72,155
fit__7351__denoise__restore__nes__l0.5,fit,denoise,restore,989,33,85,99,-1
fit__7351__denoise__random_walk__random_walk__l0.5,fit,denoise,random_walk,1024,1,15,22,814
fit__7351__denoise__confidence_boost__nes__l0.5,fit,denoise,confidence_boost,998,24,73,72,-1
fit__7351__denoise__boundary_probe__nes__l0.5,fit,denoise,boundary_probe,991,31,101,101,100
fit__7351__denoise__counterfactual__nes__l0.5,fit,denoise,counterfactual,993,29,48,120,104
fit__7351__deblur__attack__nes__l1,fit,deblur,attack,984,38,113,113,76
fit__7351__deblur__restore__nes__l1,fit,deblur,restore,995,27,493,496,-1
fit__7351__deblur__random_walk__random_walk__l1,fit,deblur,random_walk,1024,1,15,22,-1
fit__7351__deblur__confidence_boost__nes__l1,fit,deblur,confidence_boost,979,42,146,142,-1
fit__7351__deblur__boundary_probe__nes__l1,fit,deblur,boundary_probe,997,25,59,50,25
fit__7351__deblur__counterfactual__nes__l1,fit,deblur,counterfactual,995,27,83,86,75
fit__2922__denoise__attack__nes__l0.5,fit,denoise,attack,937,85,158,158,175
fit__2922__denoise__restore__nes__l0.5,fit,denoise,restore,886,136,196,195,-1
fit__2922__denoise__random_walk__random_walk__l0.5,fit,denoise,random_walk,1024,1,15,22,-1
fit__2922__denoise__confidence_boost__nes__l0.5,fit,denoise,confidence_boost,966,56,143,80,-1
fit__2922__denoise__boundary_probe__nes__l0.5,fit,denoise,boundary_probe,956,66,117,116,278
fit__2922__denoise__counterfactual__nes__l0.5,fit,denoise,counterfactual,949,73,162,163,226
fit__2922__deblur__attack__nes__l1,fit,deblur,attack,884,138,175,191,981
fit__2922__deblur__restore__nes__l1,fit,deblur,restore,896,126,231,234,-1
fit__2922__deblur__random_walk__random_walk__l1,fit,deblur,random_walk,1024,1,18,22,-1
fit__2922__deblur__confidence_boost__nes__l1,fit,deblur,confidence_boost,996,26,97,98,-1
fit__2922__deblur__boundary_probe__nes__l1,fit,deblur,boundary_probe,921,101,142,136,895
fit__2922__deblur__counterfactual__nes__l1,fit,deblur,counterfactual,971,51,91,141,798
fit__9198__denoise__attack__nes__l0.5,fit,denoise,attack,849,173,180,194,56
fit__9198__denoise__restore__nes__l0.5,fit,denoise,restore,823,199,223,226,-1
fit__9198__denoise__random_walk__random_walk__l0.5,fit,denoise,random_walk,1024,1,15,22,43
fit__9198__denoise__confidence_boost__nes__l0.5,fit,denoise,confidence_boost,849,173,183,193,-1
fit__9198__denoise__boundary_probe__nes__l0.5,fit,denoise,boundary_probe,808,214,216,234,68
fit__9198__denoise__counterfactual__nes__l0.5,fit,denoise,counterfactual,871,151,163,172,55
fit__9198__deblur__attack__nes__l1,fit,deblur,attack,808,214,205,232,459
fit__9198__deblur__restore__nes__l1,fit,deblur,restore,881,141,220,220,-1
fit__9198__deblur__random_walk__random_walk__l1,fit,deblur,random_walk,1024,1,22,22,-1
fit__9198__deblur__confidence_boost__nes__l1,fit,deblur,confidence_boost,892,130,251,250,-1
fit__9198__deblur__boundary_probe__nes__l1,fit,deblur,boundary_probe,879,143,193,196,411
fit__9198__deblur__counterfactual__nes__l1,fit,deblur,counterfactual,932,90,130,191,424
fit__1928__denoise__attack__nes__l0.5,fit,denoise,attack,1000,22,66,66,1016
fit__1928__denoise__restore__nes__l0.5,fit,denoise,restore,993,28,68,67,-1
fit__1928__denoise__random_walk__random_walk__l0.5,fit,denoise,random_walk,1024,1,15,22,-1
fit__1928__denoise__confidence_boost__nes__l0.5,fit,denoise,confidence_boost,938,84,161,166,-1
fit__1928__denoise__boundary_probe__nes__l0.5,fit,denoise,boundary_probe,985,37,136,137,975
fit__1928__denoise__counterfactual__nes__l0.5,fit,denoise,counterfactual,1010,12,103,86,-1
fit__1928__deblur__attack__nes__l1,fit,deblur,attack,1019,3,52,106,317
fit__1928__deblur__restore__nes__l1,fit,deblur,restore,1020,2,557,442,-1
fit__1928__deblur__random_walk__random_walk__l1,fit,deblur,random_walk,1024,1,15,22,-1
fit__1928__deblur__confidence_boost__nes__l1,fit,deblur,confidence_boost,1021,1,113,112,-1
fit__1928__deblur__boundary_probe__nes__l1,fit,deblur,boundary_probe,1019,3,153,141,302
fit__1928__deblur__counterfactual__nes__l1,fit,deblur,counterfactual,1019,3,111,111,271
fit__1940__denoise__attack__nes__l0.5,fit,denoise,attack,973,49,108,95,79
fit__1940__denoise__restore__nes__l0.5,fit,denoise,restore,925,97,111,134,402
fit__1940__denoise__random_walk__random_walk__l0.5,fit,denoise,random_walk,1024,1,22,22,-1
fit__1940__denoise__confidence_boost__nes__l0.5,fit,denoise,confidence_boost,964,58,151,154,-1
fit__1940__denoise__boundary_probe__nes__l0.5,fit,denoise,boundary_probe,971,51,134,137,93
fit__1940__denoise__counterfactual__nes__l0.5,fit,denoise,counterfactual,982,40,86,85,77
fit__1940__deblur__attack__nes__l1,fit,deblur,attack,999,23,194,103,409
fit__1940__deblur__restore__nes__l1,fit,deblur,restore,1000,21,190,195,-1
fit__1940__deblur__random_walk__random_walk__l1,fit,deblur,random_walk,1024,1,16,22,-1
fit__1940__deblur__confidence_boost__nes__l1,fit,deblur,confidence_boost,1001,21,153,148,-1
fit__1940__deblur__boundary_probe__nes__l1,fit,deblur,boundary_probe,1000,22,172,103,392
fit__1940__deblur__counterfactual__nes__l1,fit,deblur,counterfactual,1012,10,174,128,375
fit__6571__denoise__attack__nes__l0.5,fit,denoise,attack,1014,8,50,40,467
fit__6571__denoise__restore__nes__l0.5,fit,denoise,restore,989,33,153,182,-1
fit__6571__denoise__random_walk__random_walk__l0.5,fit,denoise,random_walk,1024,1,15,22,-1
fit__6571__denoise__confidence_boost__nes__l0.5,fit,denoise,confidence_boost,989,33,101,128,-1
fit__6571__denoise__boundary_probe__nes__l0.5,fit,denoise,boundary_probe,1003,19,59,104,503
fit__6571__denoise__counterfactual__nes__l0.5,fit,denoise,counterfactual,1010,12,56,55,445
fit__6571__deblur__attack__nes__l1,fit,deblur,attack,935,87,191,139,-1
fit__6571__deblur__restore__nes__l1,fit,deblur,restore,1001,21,461,461,-1
fit__6571__deblur__random_walk__random_walk__l1,fit,deblur,random_walk,1024,1,15,22,-1
fit__6571__deblur__confidence_boost__nes__l1,fit,deblur,confidence_boost,922,100,113,121,-1
fit__6571__deblur__boundary_probe__nes__l1,fit,deblur,boundary_probe,983,39,206,206,-1
fit__6571__deblur__counterfactual__nes__l1,fit,deblur,counterfactual,911,111,272,250,-1
fit__1688__denoise__attack__nes__l0.5,fit,denoise,attack,970,51,147,148,-1
fit__1688__denoise__restore__nes__l0.5,fit,denoise,restore,999,23,69,70,-1
fit__1688__denoise__random_walk__random_walk__l0.5,fit,denoise,random_walk,1024,1,19,22,-1
fit__1688__denoise__confidence_boost__nes__l0.5,fit,denoise,confidence_boost,1005,17,72,82,-1
fit__1688__denoise__boundary_probe__nes__l0.5,fit,denoise,boundary_probe,991,31,55,52,-1
fit__1688__denoise__counterfactual__nes__l0.5,fit,denoise,counterfactual,964,58,122,144,-1
fit__1688__deblur__attack__nes__l1,fit,deblur,attack,1021,1,15,22,-1
fit__1688__deblur__restore__nes__l1,fit,deblur,restore,1021,1,188,46,-1
fit__1688__deblur__random_walk__random_walk__l1,fit,deblur,random_walk,1024,1,15,22,-1
fit__1688__deblur__confidence_boost__nes__l1,fit,deblur,confidence_boost,1021,1,98,98,-1
fit__1688__deblur__boundary_probe__nes__l1,fit,deblur,boundary_probe,1021,1,30,22,-1
fit__1688__deblur__counterfactual__nes__l1,fit,deblur,counterfactual,1021,1,137,22,-1
fit__9721__denoise__attack__nes__l0.5,fit,denoise,attack,958,64,156,117,808
fit__9721__denoise__restore__nes__l0.5,fit,denoise,restore,970,52,133,135,-1
fit__9721__denoise__random_walk__random_walk__l0.5,fit,denoise,random_walk,1024,1,23,22,-1
fit__9721__denoise__confidence_boost__nes__l0.5,fit,denoise,confidence_boost,964,58,153,157,-1
fit__9721__denoise__boundary_probe__nes__l0.5,fit,denoise,boundary_probe,992,30,113,76,622
fit__9721__denoise__counterfactual__nes__l0.5,fit,denoise,counterfactual,962,60,140,128,720
fit__9721__deblur__attack__nes__l1,fit,deblur,attack,1004,18,124,114,322
fit__9721__deblur__restore__nes__l1,fit,deblur,restore,1014,8,22,30,-1
fit__9721__deblur__random_walk__random_walk__l1,fit,deblur,random_walk,1024,1,15,22,-1
fit__9721__deblur__confidence_boost__nes__l1,fit,deblur,confidence_boost,1011,11,135,126,-1
fit__9721__deblur__boundary_probe__nes__l1,fit,deblur,boundary_probe,996,26,148,128,399
fit__9721__deblur__counterfactual__nes__l1,fit,deblur,counterfactual,1003,19,154,135,390
fit__4339__denoise__attack__nes__l0.5,fit,denoise,attack,1004,18,85,119,736
fit__4339__denoise__restore__nes__l0.5,fit,denoise,restore,1011,11,43,41,-1
fit__4339__denoise__random_walk__random_walk__l0.5,fit,denoise,random_walk,1024,1,21,22,-1
fit__4339__denoise__confidence_boost__nes__l0.5,fit,denoise,confidence_boost,1005,17,61,67,-1
fit__4339__denoise__boundary_probe__nes__l0.5,fit,denoise,boundary_probe,1014,8,53,41,701
fit__4339__denoise__counterfactual__nes__l0.5,fit,denoise,counterfactual,1010,12,26,33,889
fit__4339__deblur__attack__nes__l1,fit,deblur,attack,1016,6,22,27,-1
fit__4339__deblur__restore__nes__l1,fit,deblur,restore,1015,6,462,488,-1
fit__4339__deblur__random_walk__random_walk__l1,fit,deblur,random_walk,1024,1,15,22,-1
fit__4339__deblur__confidence_boost__nes__l1,fit,deblur,confidence_boost,1019,3,94,97,-1
fit__4339__deblur__boundary_probe__nes__l1,fit,deblur,boundary_probe,1013,9,98,97,-1
fit__4339__deblur__counterfactual__nes__l1,fit,deblur,counterfactual,1016,6,131,137,-1
fit__1279__denoise__attack__nes__l0.5,fit,denoise,attack,1012,9,97,97,-1
fit__1279__denoise__restore__nes__l0.5,fit,denoise,restore,1016,6,25,91,-1
fit__1279__denoise__random_walk__random_walk__l0.5,fit,denoise,random_walk,1024,1,15,22,-1
fit__1279__denoise__confidence_boost__nes__l0.5,fit,denoise,confidence_boost,1018,4,84,89,-1
fit__1279__denoise__boundary_probe__nes__l0.5,fit,denoise,boundary_probe,1017,5,108,73,-1
fit__1279__denoise__counterfactual__nes__l0.5,fit,denoise,counterfactual,1005,17,50,47,-1
fit__1279__deblur__attack__nes__l1,fit,deblur,attack,1021,1,46,32,681
fit__1279__deblur__restore__nes__l1,fit,deblur,restore,1021,1,62,49,-1
fit__1279__deblur__random_walk__random_walk__l1,fit,deblur,random_walk,1024,1,16,22,-1
fit__1279__deblur__confidence_boost__nes__l1,fit,deblur,confidence_boost,1021,1,100,92,-1
fit__1279__deblur__boundary_probe__nes__l1,fit,deblur,boundary_probe,1019,3,93,81,630
fit__1279__deblur__counterfactual__nes__l1,fit,deblur,counterfactual,1021,1,204,133,596
fit__4865__denoise__attack__nes__l0.5,fit,denoise,attack,947,75,122,122,444
fit__4865__denoise__restore__nes__l0.5,fit,denoise,restore,917,105,123,141,-1
fit__4865__denoise__random_walk__random_walk__l0.5,fit,denoise,random_walk,1024,1,33,22,-1
fit__4865__denoise__confidence_boost__nes__l0.5,fit,denoise,confidence_boost,867,155,172,176,-1
fit__4865__denoise__boundary_probe__nes__l0.5,fit,denoise,boundary_probe,918,104,122,125,430
fit__4865__denoise__counterfactual__nes__l0.5,fit,denoise,counterfactual,933,89,165,165,446
fit__4865__deblur__attack__nes__l1,fit,deblur,attack,941,81,156,167,6
fit__4865__deblur__restore__nes__l1,fit,deblur,restore,866,156,172,188,2
fit__4865__deblur__random_walk__random_walk__l1,fit,deblur,random_walk,1024,1,15,22,73
fit__4865__deblur__confidence_boost__nes__l1,fit,deblur,confidence_boost,950,72,208,211,16
fit__4865__deblur__boundary_probe__nes__l1,fit,deblur,boundary_probe,975,47,204,407,5
fit__4865__deblur__counterfactual__nes__l1,fit,deblur,counterfactual,937,85,114,106,10
fit__2467__denoise__attack__nes__l0.5,fit,denoise,attack,1004,18,34,50,637
fit__2467__denoise__restore__nes__l0.5,fit,denoise,restore,1000,22,36,48,-1
fit__2467__denoise__random_walk__random_walk__l0.5,fit,denoise,random_walk,1024,1,16,22,-1
fit__2467__denoise__confidence_boost__nes__l0.5,fit,denoise,confidence_boost,987,35,102,105,-1
fit__2467__denoise__boundary_probe__nes__l0.5,fit,denoise,boundary_probe,1003,19,58,62,689
fit__2467__denoise__counterfactual__nes__l0.5,fit,denoise,counterfactual,1006,16,104,54,633
fit__2467__deblur__attack__nes__l1,fit,deblur,attack,1000,22,149,148,-1
fit__2467__deblur__restore__nes__l1,fit,deblur,restore,1018,4,180,57,-1
fit__2467__deblur__random_walk__random_walk__l1,fit,deblur,random_walk,1024,1,15,22,-1
fit__2467__deblur__confidence_boost__nes__l1,fit,deblur,confidence_boost,1019,3,176,176,-1
fit__2467__deblur__boundary_probe__nes__l1,fit,deblur,boundary_probe,1018,4,77,25,913
fit__2467__deblur__counterfactual__nes__l1,fit,deblur,counterfactual,1006,16,50,40,1000
fit__7920__denoise__attack__nes__l0.5,fit,denoise,attack,999,23,62,63,232
fit__7920__denoise__restore__nes__l0.5,fit,denoise,restore,999,23,52,45,-1
fit__7920__denoise__random_walk__random_walk__l0.5,fit,denoise,random_walk,1024,1,16,23,239
fit__7920__denoise__confidence_boost__nes__l0.5,fit,denoise,confidence_boost,999,23,59,44,-1
fit__7920__denoise__boundary_probe__nes__l0.5,fit,denoise,boundary_probe,983,39,57,62,168
fit__7920__denoise__counterfactual__nes__l0.5,fit,denoise,counterfactual,982,40,74,74,268
fit__7920__deblur__attack__nes__l1,fit,deblur,attack,1017,5,40,33,535
fit__7920__deblur__restore__nes__l1,fit,deblur,restore,1013,9,31,30,-1
fit__7920__deblur__random_walk__random_walk__l1,fit,deblur,random_walk,1024,1,15,22,-1
fit__7920__deblur__confidence_boost__nes__l1,fit,deblur,confidence_boost,1019,3,91,86,-1
fit__7920__deblur__boundary_probe__nes__l1,fit,deblur,boundary_probe,1019,3,77,90,564
fit__7920__deblur__counterfactual__nes__l1,fit,deblur,counterfactual,1021,1,128,110,533
calibration__1819__denoise__attack__nes__l0.5,calibration,denoise,attack,1019,3,34,25,-1
calibration__1819__denoise__restore__nes__l0.5,calibration,denoise,restore,1021,1,18,26,-1
calibration__1819__denoise__random_walk__random_walk__l0.5,calibration,denoise,random_walk,1024,1,18,22,-1
calibration__1819__denoise__confidence_boost__nes__l0.5,calibration,denoise,confidence_boost,1020,2,44,32,-1
calibration__1819__denoise__boundary_probe__nes__l0.5,calibration,denoise,boundary_probe,1021,1,83,92,-1
calibration__1819__denoise__counterfactual__nes__l0.5,calibration,denoise,counterfactual,1016,6,129,57,-1
calibration__1819__deblur__attack__nes__l1,calibration,deblur,attack,1020,2,49,64,-1
calibration__1819__deblur__restore__nes__l1,calibration,deblur,restore,1021,1,390,71,-1
calibration__1819__deblur__random_walk__random_walk__l1,calibration,deblur,random_walk,1024,1,15,22,-1
calibration__1819__deblur__confidence_boost__nes__l1,calibration,deblur,confidence_boost,1020,2,84,23,-1
calibration__1819__deblur__boundary_probe__nes__l1,calibration,deblur,boundary_probe,1019,3,143,129,-1
calibration__1819__deblur__counterfactual__nes__l1,calibration,deblur,counterfactual,1021,1,138,136,-1
calibration__8769__denoise__attack__nes__l0.5,calibration,denoise,attack,1020,2,77,65,515
calibration__8769__denoise__restore__nes__l0.5,calibration,denoise,restore,1017,5,46,27,-1
calibration__8769__denoise__random_walk__random_walk__l0.5,calibration,denoise,random_walk,1024,1,15,22,-1
calibration__8769__denoise__confidence_boost__nes__l0.5,calibration,denoise,confidence_boost,1002,19,138,92,-1
calibration__8769__denoise__boundary_probe__nes__l0.5,calibration,denoise,boundary_probe,1012,10,67,39,616
calibration__8769__denoise__counterfactual__nes__l0.5,calibration,denoise,counterfactual,1011,11,68,81,501
calibration__8769__deblur__attack__nes__l1,calibration,deblur,attack,1021,1,126,126,430
calibration__8769__deblur__restore__nes__l1,calibration,deblur,restore,1021,1,291,93,-1
calibration__8769__deblur__random_walk__random_walk__l1,calibration,deblur,random_walk,1024,1,20,22,-1
calibration__8769__deblur__confidence_boost__nes__l1,calibration,deblur,confidence_boost,1021,1,115,156,-1
calibration__8769__deblur__boundary_probe__nes__l1,calibration,deblur,boundary_probe,1021,1,166,140,505
calibration__8769__deblur__counterfactual__nes__l1,calibration,deblur,counterfactual,1021,1,141,38,407
calibration__3029__denoise__attack__nes__l0.5,calibration,denoise,attack,999,23,62,57,704
calibration__3029__denoise__restore__nes__l0.5,calibration,denoise,restore,1000,22,69,109,-1
calibration__3029__denoise__random_walk__random_walk__l0.5,calibration,denoise,random_walk,1024,1,19,22,-1
calibration__3029__denoise__confidence_boost__nes__l0.5,calibration,denoise,confidence_boost,1010,12,112,104,-1
calibration__3029__denoise__boundary_probe__nes__l0.5,calibration,denoise,boundary_probe,990,32,126,79,814
calibration__3029__denoise__counterfactual__nes__l0.5,calibration,denoise,counterfactual,1002,20,44,43,802
calibration__3029__deblur__attack__nes__l1,calibration,deblur,attack,935,87,116,134,937
calibration__3029__deblur__restore__nes__l1,calibration,deblur,restore,914,108,252,216,-1
calibration__3029__deblur__random_walk__random_walk__l1,calibration,deblur,random_walk,1024,1,15,22,-1
calibration__3029__deblur__confidence_boost__nes__l1,calibration,deblur,confidence_boost,902,120,244,237,-1
calibration__3029__deblur__boundary_probe__nes__l1,calibration,deblur,boundary_probe,860,162,178,183,1018
calibration__3029__deblur__counterfactual__nes__l1,calibration,deblur,counterfactual,909,113,128,161,-1
calibration__1451__denoise__attack__nes__l0.5,calibration,denoise,attack,985,37,122,120,782
calibration__1451__denoise__restore__nes__l0.5,calibration,denoise,restore,1005,17,168,107,-1
calibration__1451__denoise__random_walk__random_walk__l0.5,calibration,denoise,random_walk,1024,1,15,22,-1
calibration__1451__denoise__confidence_boost__nes__l0.5,calibration,denoise,confidence_boost,1005,17,108,109,-1
calibration__1451__denoise__boundary_probe__nes__l0.5,calibration,denoise,boundary_probe,980,42,56,109,727
calibration__1451__denoise__counterfactual__nes__l0.5,calibration,denoise,counterfactual,994,28,72,80,806
calibration__1451__deblur__attack__nes__l1,calibration,deblur,attack,1016,6,36,30,699
calibration__1451__deblur__restore__nes__l1,calibration,deblur,restore,1019,3,206,132,-1
calibration__1451__deblur__random_walk__random_walk__l1,calibration,deblur,random_walk,1024,1,15,22,-1
calibration__1451__deblur__confidence_boost__nes__l1,calibration,deblur,confidence_boost,1017,5,98,105,-1
calibration__1451__deblur__boundary_probe__nes__l1,calibration,deblur,boundary_probe,1010,12,110,111,876
calibration__1451__deblur__counterfactual__nes__l1,calibration,deblur,counterfactual,1020,2,40,27,945
calibration__6679__denoise__attack__nes__l0.5,calibration,denoise,attack,1005,17,32,41,583
calibration__6679__denoise__restore__nes__l0.5,calibration,denoise,restore,1010,12,41,36,-1
calibration__6679__denoise__random_walk__random_walk__l0.5,calibration,denoise,random_walk,1024,1,15,22,-1
calibration__6679__denoise__confidence_boost__nes__l0.5,calibration,denoise,confidence_boost,1011,11,83,98,-1
calibration__6679__denoise__boundary_probe__nes__l0.5,calibration,denoise,boundary_probe,988,33,131,126,496
calibration__6679__denoise__counterfactual__nes__l0.5,calibration,denoise,counterfactual,1002,20,94,88,498
calibration__6679__deblur__attack__nes__l1,calibration,deblur,attack,1007,15,134,129,451
calibration__6679__deblur__restore__nes__l1,calibration,deblur,restore,986,36,80,323,-1
calibration__6679__deblur__random_walk__random_walk__l1,calibration,deblur,random_walk,1024,1,19,22,-1
calibration__6679__deblur__confidence_boost__nes__l1,calibration,deblur,confidence_boost,997,25,147,136,-1
calibration__6679__deblur__boundary_probe__nes__l1,calibration,deblur,boundary_probe,1000,22,106,95,468
calibration__6679__deblur__counterfactual__nes__l1,calibration,deblur,counterfactual,1003,19,141,141,462
calibration__4407__denoise__attack__nes__l0.5,calibration,denoise,attack,886,136,148,157,66
calibration__4407__denoise__restore__nes__l0.5,calibration,denoise,restore,926,95,150,150,8
calibration__4407__denoise__random_walk__random_walk__l0.5,calibration,denoise,random_walk,1024,1,15,33,348
calibration__4407__denoise__confidence_boost__nes__l0.5,calibration,denoise,confidence_boost,939,83,95,150,3
calibration__4407__denoise__boundary_probe__nes__l0.5,calibration,denoise,boundary_probe,892,130,149,151,37
calibration__4407__denoise__counterfactual__nes__l0.5,calibration,denoise,counterfactual,951,71,166,171,15
calibration__4407__deblur__attack__nes__l1,calibration,deblur,attack,714,308,239,314,-1
calibration__4407__deblur__restore__nes__l1,calibration,deblur,restore,729,293,256,385,-1
calibration__4407__deblur__random_walk__random_walk__l1,calibration,deblur,random_walk,1024,1,15,22,-1
calibration__4407__deblur__confidence_boost__nes__l1,calibration,deblur,confidence_boost,785,237,188,252,-1
calibration__4407__deblur__boundary_probe__nes__l1,calibration,deblur,boundary_probe,758,264,222,278,-1
calibration__4407__deblur__counterfactual__nes__l1,calibration,deblur,counterfactual,710,312,239,314,-1
calibration__9089__denoise__attack__nes__l0.5,calibration,denoise,attack,976,46,88,81,2
calibration__9089__denoise__restore__nes__l0.5,calibration,denoise,restore,995,27,44,49,2
calibration__9089__denoise__random_walk__random_walk__l0.5,calibration,denoise,random_walk,1024,1,15,22,24
calibration__9089__denoise__confidence_boost__nes__l0.5,calibration,denoise,confidence_boost,1006,16,63,63,2
calibration__9089__denoise__boundary_probe__nes__l0.5,calibration,denoise,boundary_probe,1009,13,69,85,4
calibration__9089__denoise__counterfactual__nes__l0.5,calibration,denoise,counterfactual,990,32,98,99,3
calibration__9089__deblur__attack__nes__l1,calibration,deblur,attack,906,116,209,137,-1
calibration__9089__deblur__restore__nes__l1,calibration,deblur,restore,928,94,130,130,-1
calibration__9089__deblur__random_walk__random_walk__l1,calibration,deblur,random_walk,1024,1,15,22,-1
calibration__9089__deblur__confidence_boost__nes__l1,calibration,deblur,confidence_boost,885,137,146,157,-1
calibration__9089__deblur__boundary_probe__nes__l1,calibration,deblur,boundary_probe,951,71,130,123,-1
calibration__9089__deblur__counterfactual__nes__l1,calibration,deblur,counterfactual,943,79,100,100,-1
calibration__4757__denoise__attack__nes__l0.5,calibration,denoise,attack,992,30,64,54,873
calibration__4757__denoise__restore__nes__l0.5,calibration,denoise,restore,983,39,56,62,-1
calibration__4757__denoise__random_walk__random_walk__l0.5,calibration,denoise,random_walk,1024,1,21,22,-1
calibration__4757__denoise__confidence_boost__nes__l0.5,calibration,denoise,confidence_boost,1000,22,97,96,-1
calibration__4757__denoise__boundary_probe__nes__l0.5,calibration,denoise,boundary_probe,989,33,122,123,909
calibration__4757__denoise__counterfactual__nes__l0.5,calibration,denoise,counterfactual,1009,13,55,114,855
calibration__4757__deblur__attack__nes__l1,calibration,deblur,attack,1021,1,154,120,885
calibration__4757__deblur__restore__nes__l1,calibration,deblur,restore,1019,3,56,55,-1
calibration__4757__deblur__random_walk__random_walk__l1,calibration,deblur,random_walk,1024,1,15,22,-1
calibration__4757__deblur__confidence_boost__nes__l1,calibration,deblur,confidence_boost,1021,1,118,111,-1
calibration__4757__deblur__boundary_probe__nes__l1,calibration,deblur,boundary_probe,1020,2,42,43,885
calibration__4757__deblur__counterfactual__nes__l1,calibration,deblur,counterfactual,1020,2,102,96,865
calibration__834__denoise__attack__nes__l0.5,calibration,denoise,attack,1018,4,38,38,-1
calibration__834__denoise__restore__nes__l0.5,calibration,denoise,restore,1009,13,28,34,-1
calibration__834__denoise__random_walk__random_walk__l0.5,calibration,denoise,random_walk,1024,1,15,22,-1
calibration__834__denoise__confidence_boost__nes__l0.5,calibration,denoise,confidence_boost,1013,8,49,50,-1
calibration__834__denoise__boundary_probe__nes__l0.5,calibration,denoise,boundary_probe,1020,2,51,63,937
calibration__834__denoise__counterfactual__nes__l0.5,calibration,denoise,counterfactual,1015,7,96,99,997
calibration__834__deblur__attack__nes__l1,calibration,deblur,attack,1020,2,103,109,512
calibration__834__deblur__restore__nes__l1,calibration,deblur,restore,1021,1,15,22,-1
calibration__834__deblur__random_walk__random_walk__l1,calibration,deblur,random_walk,1024,1,19,22,-1
calibration__834__deblur__confidence_boost__nes__l1,calibration,deblur,confidence_boost,1021,1,15,22,-1
calibration__834__deblur__boundary_probe__nes__l1,calibration,deblur,boundary_probe,1020,2,16,23,501
calibration__834__deblur__counterfactual__nes__l1,calibration,deblur,counterfactual,1021,1,47,43,550
calibration__8147__denoise__attack__nes__l0.5,calibration,denoise,attack,976,46,85,67,748
calibration__8147__denoise__restore__nes__l0.5,calibration,denoise,restore,984,38,135,170,-1
calibration__8147__denoise__random_walk__random_walk__l0.5,calibration,denoise,random_walk,1024,1,15,22,-1
calibration__8147__denoise__confidence_boost__nes__l0.5,calibration,denoise,confidence_boost,988,34,62,60,-1
calibration__8147__denoise__boundary_probe__nes__l0.5,calibration,denoise,boundary_probe,986,36,119,123,770
calibration__8147__denoise__counterfactual__nes__l0.5,calibration,denoise,counterfactual,993,29,135,131,707
calibration__8147__deblur__attack__nes__l1,calibration,deblur,attack,953,69,88,90,-1
calibration__8147__deblur__restore__nes__l1,calibration,deblur,restore,1003,19,653,608,-1
calibration__8147__deblur__random_walk__random_walk__l1,calibration,deblur,random_walk,1024,1,17,22,-1
calibration__8147__deblur__confidence_boost__nes__l1,calibration,deblur,confidence_boost,973,49,135,79,-1
calibration__8147__deblur__boundary_probe__nes__l1,calibration,deblur,boundary_probe,995,27,87,83,-1
calibration__8147__deblur__counterfactual__nes__l1,calibration,deblur,counterfactual,951,71,124,123,-1
calibration__3936__denoise__attack__nes__l0.5,calibration,denoise,attack,977,45,139,81,-1
calibration__3936__denoise__restore__nes__l0.5,calibration,denoise,restore,927,95,150,152,-1
calibration__3936__denoise__random_walk__random_walk__l0.5,calibration,denoise,random_walk,1024,1,15,22,-1
calibration__3936__denoise__confidence_boost__nes__l0.5,calibration,denoise,confidence_boost,957,65,150,146,-1
calibration__3936__denoise__boundary_probe__nes__l0.5,calibration,denoise,boundary_probe,971,51,140,149,-1
calibration__3936__denoise__counterfactual__nes__l0.5,calibration,denoise,counterfactual,943,79,166,187,-1
calibration__3936__deblur__attack__nes__l1,calibration,deblur,attack,968,54,93,97,622
calibration__3936__deblur__restore__nes__l1,calibration,deblur,restore,974,48,166,188,-1
calibration__3936__deblur__random_walk__random_walk__l1,calibration,deblur,random_walk,1024,1,23,24,-1
calibration__3936__deblur__confidence_boost__nes__l1,calibration,deblur,confidence_boost,979,43,123,117,-1
calibration__3936__deblur__boundary_probe__nes__l1,calibration,deblur,boundary_probe,923,99,231,184,544
calibration__3936__deblur__counterfactual__nes__l1,calibration,deblur,counterfactual,943,79,196,197,606
calibration__9556__denoise__attack__nes__l0.5,calibration,denoise,attack,996,26,134,115,-1
calibration__9556__denoise__restore__nes__l0.5,calibration,denoise,restore,974,48,119,123,-1
calibration__9556__denoise__random_walk__random_walk__l0.5,calibration,denoise,random_walk,1024,1,15,22,-1
calibration__9556__denoise__confidence_boost__nes__l0.5,calibration,denoise,confidence_boost,977,45,85,79,-1
calibration__9556__denoise__boundary_probe__nes__l0.5,calibration,denoise,boundary_probe,992,30,45,63,-1
calibration__9556__denoise__counterfactual__nes__l0.5,calibration,denoise,counterfactual,973,49,72,70,-1
calibration__9556__deblur__attack__nes__l1,calibration,deblur,attack,1007,15,95,95,546
calibration__9556__deblur__restore__nes__l1,calibration,deblur,restore,1017,5,319,206,-1
calibration__9556__deblur__random_walk__random_walk__l1,calibration,deblur,random_walk,1024,1,15,22,-1
calibration__9556__deblur__confidence_boost__nes__l1,calibration,deblur,confidence_boost,1018,4,111,118,-1
calibration__9556__deblur__boundary_probe__nes__l1,calibration,deblur,boundary_probe,1006,16,33,61,484
calibration__9556__deblur__counterfactual__nes__l1,calibration,deblur,counterfactual,1018,4,94,72,478
calibration__3330__denoise__attack__nes__l0.5,calibration,denoise,attack,990,32,106,106,247
calibration__3330__denoise__restore__nes__l0.5,calibration,denoise,restore,1012,10,68,81,-1
calibration__3330__denoise__random_walk__random_walk__l0.5,calibration,denoise,random_walk,1024,1,15,22,-1
calibration__3330__denoise__confidence_boost__nes__l0.5,calibration,denoise,confidence_boost,990,32,71,68,-1
calibration__3330__denoise__boundary_probe__nes__l0.5,calibration,denoise,boundary_probe,992,30,87,106,155
calibration__3330__denoise__counterfactual__nes__l0.5,calibration,denoise,counterfactual,979,43,124,116,206
calibration__3330__deblur__attack__nes__l1,calibration,deblur,attack,965,57,159,160,420
calibration__3330__deblur__restore__nes__l1,calibration,deblur,restore,973,49,255,365,-1
calibration__3330__deblur__random_walk__random_walk__l1,calibration,deblur,random_walk,1024,1,16,22,-1
calibration__3330__deblur__confidence_boost__nes__l1,calibration,deblur,confidence_boost,967,55,174,167,-1
calibration__3330__deblur__boundary_probe__nes__l1,calibration,deblur,boundary_probe,948,74,91,95,411
calibration__3330__deblur__counterfactual__nes__l1,calibration,deblur,counterfactual,939,83,166,162,518
calibration__880__denoise__attack__nes__l0.5,calibration,denoise,attack,1020,2,81,65,555
calibration__880__denoise__restore__nes__l0.5,calibration,denoise,restore,1021,1,49,50,-1
calibration__880__denoise__random_walk__random_walk__l0.5,calibration,denoise,random_walk,1024,1,15,22,-1
calibration__880__denoise__confidence_boost__nes__l0.5,calibration,denoise,confidence_boost,1020,2,68,23,-1
calibration__880__denoise__boundary_probe__nes__l0.5,calibration,denoise,boundary_probe,1020,2,40,28,590
calibration__880__denoise__counterfactual__nes__l0.5,calibration,denoise,counterfactual,1020,2,30,25,571
calibration__880__deblur__attack__nes__l1,calibration,deblur,attack,1021,1,174,52,-1
calibration__880__deblur__restore__nes__l1,calibration,deblur,restore,1021,1,542,52,-1
calibration__880__deblur__random_walk__random_walk__l1,calibration,deblur,random_walk,1024,1,15,22,-1
calibration__880__deblur__confidence_boost__nes__l1,calibration,deblur,confidence_boost,1021,1,142,75,-1
calibration__880__deblur__boundary_probe__nes__l1,calibration,deblur,boundary_probe,1021,1,290,52,-1
calibration__880__deblur__counterfactual__nes__l1,calibration,deblur,counterfactual,1021,1,316,26,-1
calibration__6155__denoise__attack__nes__l0.5,calibration,denoise,attack,894,128,168,173,113
calibration__6155__denoise__restore__nes__l0.5,calibration,denoise,restore,937,85,172,107,-1
calibration__6155__denoise__random_walk__random_walk__l0.5,calibration,denoise,random_walk,1024,1,16,22,-1
calibration__6155__denoise__confidence_boost__nes__l0.5,calibration,denoise,confidence_boost,980,42,110,110,-1
calibration__6155__denoise__boundary_probe__nes__l0.5,calibration,denoise,boundary_probe,958,64,110,95,73
calibration__6155__denoise__counterfactual__nes__l0.5,calibration,denoise,counterfactual,938,84,147,147,106
calibration__6155__deblur__attack__nes__l1,calibration,deblur,attack,1019,3,142,89,715
calibration__6155__deblur__restore__nes__l1,calibration,deblur,restore,1018,4,280,124,-1
calibration__6155__deblur__random_walk__random_walk__l1,calibration,deblur,random_walk,1024,1,15,22,-1
calibration__6155__deblur__confidence_boost__nes__l1,calibration,deblur,confidence_boost,1021,1,112,93,-1
calibration__6155__deblur__boundary_probe__nes__l1,calibration,deblur,boundary_probe,1021,1,159,103,596
calibration__6155__deblur__counterfactual__nes__l1,calibration,deblur,counterfactual,1019,3,156,86,715
calibration__5400__denoise__attack__nes__l0.5,calibration,denoise,attack,1003,19,52,40,-1
calibration__5400__denoise__restore__nes__l0.5,calibration,denoise,restore,1017,5,53,70,-1
calibration__5400__denoise__random_walk__random_walk__l0.5,calibration,denoise,random_walk,1024,1,15,22,-1
calibration__5400__denoise__confidence_boost__nes__l0.5,calibration,denoise,confidence_boost,1000,22,52,52,-1
calibration__5400__denoise__boundary_probe__nes__l0.5,calibration,denoise,boundary_probe,966,56,93,99,-1
calibration__5400__denoise__counterfactual__nes__l0.5,calibration,denoise,counterfactual,974,48,99,101,-1
calibration__5400__deblur__attack__nes__l1,calibration,deblur,attack,1020,2,41,33,-1
calibration__5400__deblur__restore__nes__l1,calibration,deblur,restore,1021,1,208,257,-1
calibration__5400__deblur__random_walk__random_walk__l1,calibration,deblur,random_walk,1024,1,15,22,-1
calibration__5400__deblur__confidence_boost__nes__l1,calibration,deblur,confidence_boost,1020,2,99,94,-1
calibration__5400__deblur__boundary_probe__nes__l1,calibration,deblur,boundary_probe,1021,1,102,104,-1
calibration__5400__deblur__counterfactual__nes__l1,calibration,deblur,counterfactual,1020,2,26,28,-1
calibration__9312__denoise__attack__nes__l0.5,calibration,denoise,attack,982,40,102,110,457
calibration__9312__denoise__restore__nes__l0.5,calibration,denoise,restore,965,57,132,131,-1
calibration__9312__denoise__random_walk__random_walk__l0.5,calibration,denoise,random_walk,1024,1,33,24,-1
calibration__9312__denoise__confidence_boost__nes__l0.5,calibration,denoise,confidence_boost,980,42,102,95,-1
calibration__9312__denoise__boundary_probe__nes__l0.5,calibration,denoise,boundary_probe,1000,22,119,113,449
calibration__9312__denoise__counterfactual__nes__l0.5,calibration,denoise,counterfactual,1002,20,104,104,471
calibration__9312__deblur__attack__nes__l1,calibration,deblur,attack,984,37,140,140,-1
calibration__9312__deblur__restore__nes__l1,calibration,deblur,restore,1002,20,245,141,-1
calibration__9312__deblur__random_walk__random_walk__l1,calibration,deblur,random_walk,1024,1,17,22,-1
calibration__9312__deblur__confidence_boost__nes__l1,calibration,deblur,confidence_boost,994,28,87,83,-1
calibration__9312__deblur__boundary_probe__nes__l1,calibration,deblur,boundary_probe,991,31,140,111,-1
calibration__9312__deblur__counterfactual__nes__l1,calibration,deblur,counterfactual,989,33,131,131,-1
evaluation__3782__denoise__attack__nes__l0.5,evaluation,denoise,attack,1021,1,73,91,934
evaluation__3782__denoise__restore__nes__l0.5,evaluation,denoise,restore,1021,1,48,48,-1
evaluation__3782__denoise__random_walk__random_walk__l0.5,evaluation,denoise,random_walk,1024,1,16,22,-1
evaluation__3782__denoise__confidence_boost__nes__l0.5,evaluation,denoise,confidence_boost,1021,1,52,33,-1
evaluation__3782__denoise__boundary_probe__nes__l0.5,evaluation,denoise,boundary_probe,1021,1,119,27,-1
evaluation__3782__denoise__counterfactual__nes__l0.5,evaluation,denoise,counterfactual,1021,1,40,28,-1
evaluation__3782__deblur__attack__nes__l1,evaluation,deblur,attack,1021,1,15,22,995
evaluation__3782__deblur__restore__nes__l1,evaluation,deblur,restore,1021,1,159,153,-1
evaluation__3782__deblur__random_walk__random_walk__l1,evaluation,deblur,random_walk,1024,1,24,22,-1
evaluation__3782__deblur__confidence_boost__nes__l1,evaluation,deblur,confidence_boost,1021,1,137,107,-1
evaluation__3782__deblur__boundary_probe__nes__l1,evaluation,deblur,boundary_probe,1021,1,116,94,-1
evaluation__3782__deblur__counterfactual__nes__l1,evaluation,deblur,counterfactual,1021,1,117,33,-1
evaluation__7115__denoise__attack__nes__l0.5,evaluation,denoise,attack,1006,16,117,114,395
evaluation__7115__denoise__restore__nes__l0.5,evaluation,denoise,restore,1012,10,25,31,-1
evaluation__7115__denoise__random_walk__random_walk__l0.5,evaluation,denoise,random_walk,1024,1,17,22,-1
evaluation__7115__denoise__confidence_boost__nes__l0.5,evaluation,denoise,confidence_boost,1020,2,16,33,-1
evaluation__7115__denoise__boundary_probe__nes__l0.5,evaluation,denoise,boundary_probe,1014,8,90,102,359
evaluation__7115__denoise__counterfactual__nes__l0.5,evaluation,denoise,counterfactual,1018,4,19,27,379
evaluation__7115__deblur__attack__nes__l1,evaluation,deblur,attack,1018,4,323,69,749
evaluation__7115__deblur__restore__nes__l1,evaluation,deblur,restore,1020,2,-1,74,-1
evaluation__7115__deblur__random_walk__random_walk__l1,evaluation,deblur,random_walk,1024,1,15,22,-1
evaluation__7115__deblur__confidence_boost__nes__l1,evaluation,deblur,confidence_boost,1020,2,199,58,-1
evaluation__7115__deblur__boundary_probe__nes__l1,evaluation,deblur,boundary_probe,1019,3,376,69,834
evaluation__7115__deblur__counterfactual__nes__l1,evaluation,deblur,counterfactual,1019,3,347,75,732
evaluation__9046__denoise__attack__nes__l0.5,evaluation,denoise,attack,915,107,122,128,198
evaluation__9046__denoise__restore__nes__l0.5,evaluation,denoise,restore,895,127,148,148,-1
evaluation__9046__denoise__random_walk__random_walk__l0.5,evaluation,denoise,random_walk,1024,1,15,24,-1
evaluation__9046__denoise__confidence_boost__nes__l0.5,evaluation,denoise,confidence_boost,979,43,127,132,-1
evaluation__9046__denoise__boundary_probe__nes__l0.5,evaluation,denoise,boundary_probe,950,72,133,134,180
evaluation__9046__denoise__counterfactual__nes__l0.5,evaluation,denoise,counterfactual,944,78,154,151,176
evaluation__9046__deblur__attack__nes__l1,evaluation,deblur,attack,1021,1,107,44,-1
evaluation__9046__deblur__restore__nes__l1,evaluation,deblur,restore,1019,3,32,35,-1
evaluation__9046__deblur__random_walk__random_walk__l1,evaluation,deblur,random_walk,1024,1,15,22,-1
evaluation__9046__deblur__confidence_boost__nes__l1,evaluation,deblur,confidence_boost,1018,4,43,26,-1
evaluation__9046__deblur__boundary_probe__nes__l1,evaluation,deblur,boundary_probe,1020,2,76,77,-1
evaluation__9046__deblur__counterfactual__nes__l1,evaluation,deblur,counterfactual,1017,5,19,120,-1
evaluation__604__denoise__attack__nes__l0.5,evaluation,denoise,attack,1007,15,93,93,998
evaluation__604__denoise__restore__nes__l0.5,evaluation,denoise,restore,1004,18,148,129,-1
evaluation__604__denoise__random_walk__random_walk__l0.5,evaluation,denoise,random_walk,1024,1,29,22,-1
evaluation__604__denoise__confidence_boost__nes__l0.5,evaluation,denoise,confidence_boost,944,78,148,159,-1
evaluation__604__denoise__boundary_probe__nes__l0.5,evaluation,denoise,boundary_probe,993,29,86,98,861
evaluation__604__denoise__counterfactual__nes__l0.5,evaluation,denoise,counterfactual,975,47,136,130,971
evaluation__604__deblur__attack__nes__l1,evaluation,deblur,attack,961,61,117,117,-1
evaluation__604__deblur__restore__nes__l1,evaluation,deblur,restore,942,80,119,271,-1
evaluation__604__deblur__random_walk__random_walk__l1,evaluation,deblur,random_walk,1024,1,15,22,-1
evaluation__604__deblur__confidence_boost__nes__l1,evaluation,deblur,confidence_boost,960,61,132,149,-1
evaluation__604__deblur__boundary_probe__nes__l1,evaluation,deblur,boundary_probe,919,103,143,143,-1
evaluation__604__deblur__counterfactual__nes__l1,evaluation,deblur,counterfactual,915,107,204,205,-1
evaluation__5051__denoise__attack__nes__l0.5,evaluation,denoise,attack,957,65,130,119,308
evaluation__5051__denoise__restore__nes__l0.5,evaluation,denoise,restore,943,79,116,115,-1
evaluation__5051__denoise__random_walk__random_walk__l0.5,evaluation,denoise,random_walk,1024,1,15,22,-1
evaluation__5051__denoise__confidence_boost__nes__l0.5,evaluation,denoise,confidence_boost,948,74,88,108,-1
evaluation__5051__denoise__boundary_probe__nes__l0.5,evaluation,denoise,boundary_probe,890,132,148,182,333
evaluation__5051__denoise__counterfactual__nes__l0.5,evaluation,denoise,counterfactual,964,58,127,132,301
evaluation__5051__deblur__attack__nes__l1,evaluation,deblur,attack,927,95,150,160,742
evaluation__5051__deblur__restore__nes__l1,evaluation,deblur,restore,998,24,515,245,-1
evaluation__5051__deblur__random_walk__random_walk__l1,evaluation,deblur,random_walk,1024,1,15,22,-1
evaluation__5051__deblur__confidence_boost__nes__l1,evaluation,deblur,confidence_boost,897,125,247,273,-1
evaluation__5051__deblur__boundary_probe__nes__l1,evaluation,deblur,boundary_probe,944,78,175,206,758
evaluation__5051__deblur__counterfactual__nes__l1,evaluation,deblur,counterfactual,971,51,110,124,714
evaluation__7535__denoise__attack__nes__l0.5,evaluation,denoise,attack,990,32,110,110,179
evaluation__7535__denoise__restore__nes__l0.5,evaluation,denoise,restore,975,47,169,153,-1
evaluation__7535__denoise__random_walk__random_walk__l0.5,evaluation,denoise,random_walk,1024,1,15,22,-1
evaluation__7535__denoise__confidence_boost__nes__l0.5,evaluation,denoise,confidence_boost,976,46,90,107,-1
evaluation__7535__denoise__boundary_probe__nes__l0.5,evaluation,denoise,boundary_probe,984,38,115,125,247
evaluation__7535__denoise__counterfactual__nes__l0.5,evaluation,denoise,counterfactual,1000,22,47,50,250
evaluation__7535__deblur__attack__nes__l1,evaluation,deblur,attack,893,129,145,150,-1
evaluation__7535__deblur__restore__nes__l1,evaluation,deblur,restore,902,120,133,142,-1
evaluation__7535__deblur__random_walk__random_walk__l1,evaluation,deblur,random_walk,1024,1,25,24,-1
evaluation__7535__deblur__confidence_boost__nes__l1,evaluation,deblur,confidence_boost,914,108,241,232,-1
evaluation__7535__deblur__boundary_probe__nes__l1,evaluation,deblur,boundary_probe,930,92,107,113,-1
evaluation__7535__deblur__counterfactual__nes__l1,evaluation,deblur,counterfactual,968,54,133,135,-1
evaluation__1196__denoise__attack__nes__l0.5,evaluation,denoise,attack,944,78,142,147,551
evaluation__1196__denoise__restore__nes__l0.5,evaluation,denoise,restore,966,56,272,323,-1
evaluation__1196__denoise__random_walk__random_walk__l0.5,evaluation,denoise,random_walk,1024,1,16,22,-1
evaluation__1196__denoise__confidence_boost__nes__l0.5,evaluation,denoise,confidence_boost,933,89,166,171,-1
evaluation__1196__denoise__boundary_probe__nes__l0.5,evaluation,denoise,boundary_probe,920,102,156,157,445
evaluation__1196__denoise__counterfactual__nes__l0.5,evaluation,denoise,counterfactual,967,55,135,136,520
evaluation__1196__deblur__attack__nes__l1,evaluation,deblur,attack,901,121,135,143,-1
evaluation__1196__deblur__restore__nes__l1,evaluation,deblur,restore,980,42,219,106,-1
evaluation__1196__deblur__random_walk__random_walk__l1,evaluation,deblur,random_walk,1024,1,15,22,-1
evaluation__1196__deblur__confidence_boost__nes__l1,evaluation,deblur,confidence_boost,929,93,161,150,-1
evaluation__1196__deblur__boundary_probe__nes__l1,evaluation,deblur,boundary_probe,953,69,106,105,-1
evaluation__1196__deblur__counterfactual__nes__l1,evaluation,deblur,counterfactual,885,137,148,158,-1
evaluation__3573__denoise__attack__nes__l0.5,evaluation,denoise,attack,996,26,67,62,-1
evaluation__3573__denoise__restore__nes__l0.5,evaluation,denoise,restore,998,24,66,61,-1
evaluation__3573__denoise__random_walk__random_walk__l0.5,evaluation,denoise,random_walk,1024,1,20,22,-1
evaluation__3573__denoise__confidence_boost__nes__l0.5,evaluation,denoise,confidence_boost,1003,19,97,98,-1
evaluation__3573__denoise__boundary_probe__nes__l0.5,evaluation,denoise,boundary_probe,1012,10,49,46,-1
evaluation__3573__denoise__counterfactual__nes__l0.5,evaluation,denoise,counterfactual,998,24,63,50,-1
evaluation__3573__deblur__attack__nes__l1,evaluation,deblur,attack,1012,10,149,153,600
evaluation__3573__deblur__restore__nes__l1,evaluation,deblur,restore,994,28,86,93,-1
evaluation__3573__deblur__random_walk__random_walk__l1,evaluation,deblur,random_walk,1024,1,15,22,-1
evaluation__3573__deblur__confidence_boost__nes__l1,evaluation,deblur,confidence_boost,1001,21,183,164,-1
evaluation__3573__deblur__boundary_probe__nes__l1,evaluation,deblur,boundary_probe,993,28,151,156,465
evaluation__3573__deblur__counterfactual__nes__l1,evaluation,deblur,counterfactual,998,24,73,74,464
evaluation__7206__denoise__attack__nes__l0.5,evaluation,denoise,attack,955,67,140,147,227
evaluation__7206__denoise__restore__nes__l0.5,evaluation,denoise,restore,973,49,98,82,-1
evaluation__7206__denoise__random_walk__random_walk__l0.5,evaluation,denoise,random_walk,1024,1,18,23,-1
evaluation__7206__denoise__confidence_boost__nes__l0.5,evaluation,denoise,confidence_boost,985,37,138,133,-1
evaluation__7206__denoise__boundary_probe__nes__l0.5,evaluation,denoise,boundary_probe,999,23,90,57,297
evaluation__7206__denoise__counterfactual__nes__l0.5,evaluation,denoise,counterfactual,985,37,103,114,315
evaluation__7206__deblur__attack__nes__l1,evaluation,deblur,attack,1003,19,139,111,74
evaluation__7206__deblur__restore__nes__l1,evaluation,deblur,restore,989,33,146,405,-1
evaluation__7206__deblur__random_walk__random_walk__l1,evaluation,deblur,random_walk,1024,1,15,22,-1
evaluation__7206__deblur__confidence_boost__nes__l1,evaluation,deblur,confidence_boost,995,27,249,140,-1
evaluation__7206__deblur__boundary_probe__nes__l1,evaluation,deblur,boundary_probe,995,27,112,106,144
evaluation__7206__deblur__counterfactual__nes__l1,evaluation,deblur,counterfactual,976,46,165,161,133
evaluation__9805__denoise__attack__nes__l0.5,evaluation,denoise,attack,1018,4,29,26,27
evaluation__9805__denoise__restore__nes__l0.5,evaluation,denoise,restore,1016,6,35,27,15
evaluation__9805__denoise__random_walk__random_walk__l0.5,evaluation,denoise,random_walk,1024,1,16,22,122
evaluation__9805__denoise__confidence_boost__nes__l0.5,evaluation,denoise,confidence_boost,1013,9,98,62,-1
evaluation__9805__denoise__boundary_probe__nes__l0.5,evaluation,denoise,boundary_probe,1002,20,123,51,27
evaluation__9805__denoise__counterfactual__nes__l0.5,evaluation,denoise,counterfactual,1018,4,18,34,21
evaluation__9805__deblur__attack__nes__l1,evaluation,deblur,attack,1021,1,143,22,291
evaluation__9805__deblur__restore__nes__l1,evaluation,deblur,restore,1021,1,-1,520,-1
evaluation__9805__deblur__random_walk__random_walk__l1,evaluation,deblur,random_walk,1024,1,15,22,-1
evaluation__9805__deblur__confidence_boost__nes__l1,evaluation,deblur,confidence_boost,1021,1,48,25,-1
evaluation__9805__deblur__boundary_probe__nes__l1,evaluation,deblur,boundary_probe,1021,1,25,22,189
evaluation__9805__deblur__counterfactual__nes__l1,evaluation,deblur,counterfactual,1021,1,148,125,297
evaluation__3479__denoise__attack__nes__l0.5,evaluation,denoise,attack,924,98,131,123,97
evaluation__3479__denoise__restore__nes__l0.5,evaluation,denoise,restore,940,82,106,106,6
evaluation__3479__denoise__random_walk__random_walk__l0.5,evaluation,denoise,random_walk,1024,1,15,22,-1
evaluation__3479__denoise__confidence_boost__nes__l0.5,evaluation,denoise,confidence_boost,902,120,194,192,-1
evaluation__3479__denoise__boundary_probe__nes__l0.5,evaluation,denoise,boundary_probe,918,104,171,184,19
evaluation__3479__denoise__counterfactual__nes__l0.5,evaluation,denoise,counterfactual,950,72,121,174,28
evaluation__3479__deblur__attack__nes__l1,evaluation,deblur,attack,954,68,138,138,110
evaluation__3479__deblur__restore__nes__l1,evaluation,deblur,restore,1004,18,531,58,76
evaluation__3479__deblur__random_walk__random_walk__l1,evaluation,deblur,random_walk,1024,1,15,22,-1
evaluation__3479__deblur__confidence_boost__nes__l1,evaluation,deblur,confidence_boost,955,67,195,88,4
evaluation__3479__deblur__boundary_probe__nes__l1,evaluation,deblur,boundary_probe,970,52,170,176,56
evaluation__3479__deblur__counterfactual__nes__l1,evaluation,deblur,counterfactual,945,76,183,113,12
evaluation__6079__denoise__attack__nes__l0.5,evaluation,denoise,attack,952,70,159,164,538
evaluation__6079__denoise__restore__nes__l0.5,evaluation,denoise,restore,944,78,201,136,-1
evaluation__6079__denoise__random_walk__random_walk__l0.5,evaluation,denoise,random_walk,1024,1,27,27,-1
evaluation__6079__denoise__confidence_boost__nes__l0.5,evaluation,denoise,confidence_boost,946,76,126,167,-1
evaluation__6079__denoise__boundary_probe__nes__l0.5,evaluation,denoise,boundary_probe,945,77,121,108,574
evaluation__6079__denoise__counterfactual__nes__l0.5,evaluation,denoise,counterfactual,900,122,201,201,537
evaluation__6079__deblur__attack__nes__l1,evaluation,deblur,attack,993,29,141,74,-1
evaluation__6079__deblur__restore__nes__l1,evaluation,deblur,restore,966,56,495,79,-1
evaluation__6079__deblur__random_walk__random_walk__l1,evaluation,deblur,random_walk,1024,1,15,22,-1
evaluation__6079__deblur__confidence_boost__nes__l1,evaluation,deblur,confidence_boost,961,61,137,137,-1
evaluation__6079__deblur__boundary_probe__nes__l1,evaluation,deblur,boundary_probe,988,34,91,84,-1
evaluation__6079__deblur__counterfactual__nes__l1,evaluation,deblur,counterfactual,987,35,109,71,1012
evaluation__8196__denoise__attack__nes__l0.5,evaluation,denoise,attack,982,40,131,130,414
evaluation__8196__denoise__restore__nes__l0.5,evaluation,denoise,restore,981,41,74,141,-1
evaluation__8196__denoise__random_walk__random_walk__l0.5,evaluation,denoise,random_walk,1024,1,24,22,-1
evaluation__8196__denoise__confidence_boost__nes__l0.5,evaluation,denoise,confidence_boost,945,77,126,106,-1
evaluation__8196__denoise__boundary_probe__nes__l0.5,evaluation,denoise,boundary_probe,953,69,173,170,427
evaluation__8196__denoise__counterfactual__nes__l0.5,evaluation,denoise,counterfactual,967,55,91,98,416
evaluation__8196__deblur__attack__nes__l1,evaluation,deblur,attack,967,55,152,158,760
evaluation__8196__deblur__restore__nes__l1,evaluation,deblur,restore,883,139,314,260,-1
evaluation__8196__deblur__random_walk__random_walk__l1,evaluation,deblur,random_walk,1024,1,15,22,-1
evaluation__8196__deblur__confidence_boost__nes__l1,evaluation,deblur,confidence_boost,932,90,150,156,-1
evaluation__8196__deblur__boundary_probe__nes__l1,evaluation,deblur,boundary_probe,857,165,175,186,726
evaluation__8196__deblur__counterfactual__nes__l1,evaluation,deblur,counterfactual,926,96,173,142,854
evaluation__3256__denoise__attack__nes__l0.5,evaluation,denoise,attack,1018,4,74,85,544
evaluation__3256__denoise__restore__nes__l0.5,evaluation,denoise,restore,1009,13,138,62,-1
evaluation__3256__denoise__random_walk__random_walk__l0.5,evaluation,denoise,random_walk,1024,1,18,22,-1
evaluation__3256__denoise__confidence_boost__nes__l0.5,evaluation,denoise,confidence_boost,1021,1,32,26,-1
evaluation__3256__denoise__boundary_probe__nes__l0.5,evaluation,denoise,boundary_probe,1011,11,67,60,473
evaluation__3256__denoise__counterfactual__nes__l0.5,evaluation,denoise,counterfactual,1017,5,116,36,522
evaluation__3256__deblur__attack__nes__l1,evaluation,deblur,attack,1018,4,88,90,925
evaluation__3256__deblur__restore__nes__l1,evaluation,deblur,restore,1021,1,40,36,-1
evaluation__3256__deblur__random_walk__random_walk__l1,evaluation,deblur,random_walk,1024,1,15,22,-1
evaluation__3256__deblur__confidence_boost__nes__l1,evaluation,deblur,confidence_boost,1020,2,103,85,-1
evaluation__3256__deblur__boundary_probe__nes__l1,evaluation,deblur,boundary_probe,1017,5,19,124,933
evaluation__3256__deblur__counterfactual__nes__l1,evaluation,deblur,counterfactual,1014,8,141,132,-1
evaluation__4047__denoise__attack__nes__l0.5,evaluation,denoise,attack,849,173,180,194,283
evaluation__4047__denoise__restore__nes__l0.5,evaluation,denoise,restore,881,141,232,178,-1
evaluation__4047__denoise__random_walk__random_walk__l0.5,evaluation,denoise,random_walk,1024,1,17,22,-1
evaluation__4047__denoise__confidence_boost__nes__l0.5,evaluation,denoise,confidence_boost,857,165,169,186,-1
evaluation__4047__denoise__boundary_probe__nes__l0.5,evaluation,denoise,boundary_probe,778,244,222,260,309
evaluation__4047__denoise__counterfactual__nes__l0.5,evaluation,denoise,counterfactual,877,145,156,164,287
evaluation__4047__deblur__attack__nes__l1,evaluation,deblur,attack,756,266,222,275,383
evaluation__4047__deblur__restore__nes__l1,evaluation,deblur,restore,652,370,239,341,-1
evaluation__4047__deblur__random_walk__random_walk__l1,evaluation,deblur,random_walk,1024,1,17,22,-1
evaluation__4047__deblur__confidence_boost__nes__l1,evaluation,deblur,confidence_boost,775,247,222,259,-1
evaluation__4047__deblur__boundary_probe__nes__l1,evaluation,deblur,boundary_probe,867,155,233,240,370
evaluation__4047__deblur__counterfactual__nes__l1,evaluation,deblur,counterfactual,695,327,222,317,357
evaluation__8354__denoise__attack__nes__l0.5,evaluation,denoise,attack,1020,2,57,95,157
evaluation__8354__denoise__restore__nes__l0.5,evaluation,denoise,restore,1017,5,99,99,-1
evaluation__8354__denoise__random_walk__random_walk__l0.5,evaluation,denoise,random_walk,1024,1,15,22,461
evaluation__8354__denoise__confidence_boost__nes__l0.5,evaluation,denoise,confidence_boost,1021,1,51,50,-1
evaluation__8354__denoise__boundary_probe__nes__l0.5,evaluation,denoise,boundary_probe,1020,2,51,50,90
evaluation__8354__denoise__counterfactual__nes__l0.5,evaluation,denoise,counterfactual,1013,9,109,45,141
evaluation__8354__deblur__attack__nes__l1,evaluation,deblur,attack,1021,1,117,119,535
evaluation__8354__deblur__restore__nes__l1,evaluation,deblur,restore,1021,1,159,164,-1
evaluation__8354__deblur__random_walk__random_walk__l1,evaluation,deblur,random_walk,1024,1,15,22,-1
evaluation__8354__deblur__confidence_boost__nes__l1,evaluation,deblur,confidence_boost,1021,1,44,22,-1
evaluation__8354__deblur__boundary_probe__nes__l1,evaluation,deblur,boundary_probe,1020,2,123,84,326
evaluation__8354__deblur__counterfactual__nes__l1,evaluation,deblur,counterfactual,1021,1,40,75,305
evaluation__1599__denoise__attack__nes__l0.5,evaluation,denoise,attack,1014,8,90,46,117
evaluation__1599__denoise__restore__nes__l0.5,evaluation,denoise,restore,1008,13,66,66,-1
evaluation__1599__denoise__random_walk__random_walk__l0.5,evaluation,denoise,random_walk,1024,1,15,22,-1
evaluation__1599__denoise__confidence_boost__nes__l0.5,evaluation,denoise,confidence_boost,1002,20,65,62,-1
evaluation__1599__denoise__boundary_probe__nes__l0.5,evaluation,denoise,boundary_probe,1008,14,92,88,85
evaluation__1599__denoise__counterfactual__nes__l0.5,evaluation,denoise,counterfactual,1014,8,67,81,106
evaluation__1599__deblur__attack__nes__l1,evaluation,deblur,attack,997,23,150,151,-1
evaluation__1599__deblur__restore__nes__l1,evaluation,deblur,restore,1014,8,254,254,-1
evaluation__1599__deblur__random_walk__random_walk__l1,evaluation,deblur,random_walk,1024,1,15,22,-1
evaluation__1599__deblur__confidence_boost__nes__l1,evaluation,deblur,confidence_boost,1013,9,23,30,-1
evaluation__1599__deblur__boundary_probe__nes__l1,evaluation,deblur,boundary_probe,1015,7,111,112,-1
evaluation__1599__deblur__counterfactual__nes__l1,evaluation,deblur,counterfactual,1019,3,85,91,-1
evaluation__4246__denoise__attack__nes__l0.5,evaluation,denoise,attack,988,34,105,105,672
evaluation__4246__denoise__restore__nes__l0.5,evaluation,denoise,restore,1006,16,102,103,-1
evaluation__4246__denoise__random_walk__random_walk__l0.5,evaluation,denoise,random_walk,1024,1,15,22,-1
evaluation__4246__denoise__confidence_boost__nes__l0.5,evaluation,denoise,confidence_boost,1002,20,102,93,-1
evaluation__4246__denoise__boundary_probe__nes__l0.5,evaluation,denoise,boundary_probe,986,36,88,102,653
evaluation__4246__denoise__counterfactual__nes__l0.5,evaluation,denoise,counterfactual,934,88,169,169,637
evaluation__4246__deblur__attack__nes__l1,evaluation,deblur,attack,908,114,171,191,-1
evaluation__4246__deblur__restore__nes__l1,evaluation,deblur,restore,853,169,174,189,-1
evaluation__4246__deblur__random_walk__random_walk__l1,evaluation,deblur,random_walk,1024,1,19,22,-1
evaluation__4246__deblur__confidence_boost__nes__l1,evaluation,deblur,confidence_boost,891,131,136,149,-1
evaluation__4246__deblur__boundary_probe__nes__l1,evaluation,deblur,boundary_probe,855,167,270,261,-1
evaluation__4246__deblur__counterfactual__nes__l1,evaluation,deblur,counterfactual,907,115,196,200,-1
evaluation__6835__denoise__attack__nes__l0.5,evaluation,denoise,attack,886,136,169,157,142
evaluation__6835__denoise__restore__nes__l0.5,evaluation,denoise,restore,842,180,194,255,-1
evaluation__6835__denoise__random_walk__random_walk__l0.5,evaluation,denoise,random_walk,1024,1,16,22,-1
evaluation__6835__denoise__confidence_boost__nes__l0.5,evaluation,denoise,confidence_boost,880,142,246,163,-1
evaluation__6835__denoise__boundary_probe__nes__l0.5,evaluation,denoise,boundary_probe,915,107,132,132,175
evaluation__6835__denoise__counterfactual__nes__l0.5,evaluation,denoise,counterfactual,945,77,105,106,192
evaluation__6835__deblur__attack__nes__l1,evaluation,deblur,attack,763,259,239,277,462
evaluation__6835__deblur__restore__nes__l1,evaluation,deblur,restore,951,71,111,102,-1
evaluation__6835__deblur__random_walk__random_walk__l1,evaluation,deblur,random_walk,1024,1,15,28,-1
evaluation__6835__deblur__confidence_boost__nes__l1,evaluation,deblur,confidence_boost,916,106,177,210,-1
evaluation__6835__deblur__boundary_probe__nes__l1,evaluation,deblur,boundary_probe,939,83,115,172,476
evaluation__6835__deblur__counterfactual__nes__l1,evaluation,deblur,counterfactual,816,206,204,227,496
evaluation__9759__denoise__attack__nes__l0.5,evaluation,denoise,attack,912,110,159,160,301
evaluation__9759__denoise__restore__nes__l0.5,evaluation,denoise,restore,855,167,287,276,-1
evaluation__9759__denoise__random_walk__random_walk__l0.5,evaluation,denoise,random_walk,1024,1,15,22,-1
evaluation__9759__denoise__confidence_boost__nes__l0.5,evaluation,denoise,confidence_boost,856,166,171,186,-1
evaluation__9759__denoise__boundary_probe__nes__l0.5,evaluation,denoise,boundary_probe,808,214,222,235,192
evaluation__9759__denoise__counterfactual__nes__l0.5,evaluation,denoise,counterfactual,838,184,188,205,254
evaluation__9759__deblur__attack__nes__l1,evaluation,deblur,attack,666,356,205,291,385
evaluation__9759__deblur__restore__nes__l1,evaluation,deblur,restore,676,346,222,307,-1
evaluation__9759__deblur__random_walk__random_walk__l1,evaluation,deblur,random_walk,1024,1,15,22,-1
evaluation__9759__deblur__confidence_boost__nes__l1,evaluation,deblur,confidence_boost,667,355,231,315,-1
evaluation__9759__deblur__boundary_probe__nes__l1,evaluation,deblur,boundary_probe,530,492,222,341,396
evaluation__9759__deblur__counterfactual__nes__l1,evaluation,deblur,counterfactual,538,484,239,358,446
evaluation__2488__denoise__attack__nes__l0.5,evaluation,denoise,attack,984,38,86,95,-1
evaluation__2488__denoise__restore__nes__l0.5,evaluation,denoise,restore,946,76,169,261,-1
evaluation__2488__denoise__random_walk__random_walk__l0.5,evaluation,denoise,random_walk,1024,1,15,22,-1
evaluation__2488__denoise__confidence_boost__nes__l0.5,evaluation,denoise,confidence_boost,987,35,98,108,-1
evaluation__2488__denoise__boundary_probe__nes__l0.5,evaluation,denoise,boundary_probe,996,26,119,116,-1
evaluation__2488__denoise__counterfactual__nes__l0.5,evaluation,denoise,counterfactual,986,36,84,121,-1
evaluation__2488__deblur__attack__nes__l1,evaluation,deblur,attack,1020,2,116,112,630
evaluation__2488__deblur__restore__nes__l1,evaluation,deblur,restore,1020,2,305,372,-1
evaluation__2488__deblur__random_walk__random_walk__l1,evaluation,deblur,random_walk,1024,1,24,22,-1
evaluation__2488__deblur__confidence_boost__nes__l1,evaluation,deblur,confidence_boost,1020,2,90,91,-1
evaluation__2488__deblur__boundary_probe__nes__l1,evaluation,deblur,boundary_probe,1020,2,105,103,647
evaluation__2488__deblur__counterfactual__nes__l1,evaluation,deblur,counterfactual,1021,1,67,122,783
evaluation__4989__denoise__attack__nes__l0.5,evaluation,denoise,attack,923,99,117,120,-1
evaluation__4989__denoise__restore__nes__l0.5,evaluation,denoise,restore,889,133,151,159,-1
evaluation__4989__denoise__random_walk__random_walk__l0.5,evaluation,denoise,random_walk,1024,1,24,24,-1
evaluation__4989__denoise__confidence_boost__nes__l0.5,evaluation,denoise,confidence_boost,924,98,116,142,-1
evaluation__4989__denoise__boundary_probe__nes__l0.5,evaluation,denoise,boundary_probe,909,113,125,134,-1
evaluation__4989__denoise__counterfactual__nes__l0.5,evaluation,denoise,counterfactual,933,89,150,170,-1
evaluation__4989__deblur__attack__nes__l1,evaluation,deblur,attack,797,225,215,246,-1
evaluation__4989__deblur__restore__nes__l1,evaluation,deblur,restore,877,145,175,173,-1
evaluation__4989__deblur__random_walk__random_walk__l1,evaluation,deblur,random_walk,1024,1,15,22,-1
evaluation__4989__deblur__confidence_boost__nes__l1,evaluation,deblur,confidence_boost,756,266,195,273,-1
evaluation__4989__deblur__boundary_probe__nes__l1,evaluation,deblur,boundary_probe,726,296,247,304,-1
evaluation__4989__deblur__counterfactual__nes__l1,evaluation,deblur,counterfactual,747,275,239,283,-1
evaluation__8184__denoise__attack__nes__l0.5,evaluation,denoise,attack,988,34,117,119,844
evaluation__8184__denoise__restore__nes__l0.5,evaluation,denoise,restore,1000,22,286,274,-1
evaluation__8184__denoise__random_walk__random_walk__l0.5,evaluation,denoise,random_walk,1024,1,15,22,-1
evaluation__8184__denoise__confidence_boost__nes__l0.5,evaluation,denoise,confidence_boost,1001,21,125,134,-1
evaluation__8184__denoise__boundary_probe__nes__l0.5,evaluation,denoise,boundary_probe,987,35,118,118,790
evaluation__8184__denoise__counterfactual__nes__l0.5,evaluation,denoise,counterfactual,998,24,58,54,811
evaluation__8184__deblur__attack__nes__l1,evaluation,deblur,attack,1021,1,33,37,39
evaluation__8184__deblur__restore__nes__l1,evaluation,deblur,restore,1020,2,81,151,25
evaluation__8184__deblur__random_walk__random_walk__l1,evaluation,deblur,random_walk,1024,1,15,22,94
evaluation__8184__deblur__confidence_boost__nes__l1,evaluation,deblur,confidence_boost,1016,6,129,119,-1
evaluation__8184__deblur__boundary_probe__nes__l1,evaluation,deblur,boundary_probe,1019,3,111,106,32
evaluation__8184__deblur__counterfactual__nes__l1,evaluation,deblur,counterfactual,1016,6,104,73,36
evaluation__3317__denoise__attack__nes__l0.5,evaluation,denoise,attack,996,26,129,123,-1
evaluation__3317__denoise__restore__nes__l0.5,evaluation,denoise,restore,1001,21,130,150,-1
evaluation__3317__denoise__random_walk__random_walk__l0.5,evaluation,denoise,random_walk,1024,1,20,22,-1
evaluation__3317__denoise__confidence_boost__nes__l0.5,evaluation,denoise,confidence_boost,1014,8,83,34,-1
evaluation__3317__denoise__boundary_probe__nes__l0.5,evaluation,denoise,boundary_probe,1017,5,19,54,-1
evaluation__3317__denoise__counterfactual__nes__l0.5,evaluation,denoise,counterfactual,978,44,130,122,-1
evaluation__3317__deblur__attack__nes__l1,evaluation,deblur,attack,1017,5,107,107,-1
evaluation__3317__deblur__restore__nes__l1,evaluation,deblur,restore,1020,2,165,113,-1
evaluation__3317__deblur__random_walk__random_walk__l1,evaluation,deblur,random_walk,1024,1,18,22,-1
evaluation__3317__deblur__confidence_boost__nes__l1,evaluation,deblur,confidence_boost,1018,4,128,38,-1
evaluation__3317__deblur__boundary_probe__nes__l1,evaluation,deblur,boundary_probe,1015,7,118,113,991
evaluation__3317__deblur__counterfactual__nes__l1,evaluation,deblur,counterfactual,1018,4,47,94,-1
evaluation__5153__denoise__attack__nes__l0.5,evaluation,denoise,attack,929,93,124,153,694
evaluation__5153__denoise__restore__nes__l0.5,evaluation,denoise,restore,895,127,304,286,-1
evaluation__5153__denoise__random_walk__random_walk__l0.5,evaluation,denoise,random_walk,1024,1,15,22,-1
evaluation__5153__denoise__confidence_boost__nes__l0.5,evaluation,denoise,confidence_boost,749,273,239,293,-1
evaluation__5153__denoise__boundary_probe__nes__l0.5,evaluation,denoise,boundary_probe,848,174,181,228,657
evaluation__5153__denoise__counterfactual__nes__l0.5,evaluation,denoise,counterfactual,828,194,192,215,763
evaluation__5153__deblur__attack__nes__l1,evaluation,deblur,attack,867,155,159,174,-1
evaluation__5153__deblur__restore__nes__l1,evaluation,deblur,restore,871,151,606,229,-1
evaluation__5153__deblur__random_walk__random_walk__l1,evaluation,deblur,random_walk,1024,1,18,22,-1
evaluation__5153__deblur__confidence_boost__nes__l1,evaluation,deblur,confidence_boost,711,311,256,317,-1
evaluation__5153__deblur__boundary_probe__nes__l1,evaluation,deblur,boundary_probe,858,164,204,208,905
evaluation__5153__deblur__counterfactual__nes__l1,evaluation,deblur,counterfactual,821,201,205,219,-1
evaluation__6234__denoise__attack__nes__l0.5,evaluation,denoise,attack,1017,5,50,48,499
evaluation__6234__denoise__restore__nes__l0.5,evaluation,denoise,restore,1021,1,83,56,-1
evaluation__6234__denoise__random_walk__random_walk__l0.5,evaluation,denoise,random_walk,1024,1,18,22,-1
evaluation__6234__denoise__confidence_boost__nes__l0.5,evaluation,denoise,confidence_boost,1021,1,45,47,-1
evaluation__6234__denoise__boundary_probe__nes__l0.5,evaluation,denoise,boundary_probe,1021,1,16,29,486
evaluation__6234__denoise__counterfactual__nes__l0.5,evaluation,denoise,counterfactual,1021,1,15,22,488
evaluation__6234__deblur__attack__nes__l1,evaluation,deblur,attack,1021,1,124,126,826
evaluation__6234__deblur__restore__nes__l1,evaluation,deblur,restore,1021,1,597,548,-1
evaluation__6234__deblur__random_walk__random_walk__l1,evaluation,deblur,random_walk,1024,1,19,22,-1
evaluation__6234__deblur__confidence_boost__nes__l1,evaluation,deblur,confidence_boost,1021,1,114,112,-1
evaluation__6234__deblur__boundary_probe__nes__l1,evaluation,deblur,boundary_probe,1021,1,80,49,770
evaluation__6234__deblur__counterfactual__nes__l1,evaluation,deblur,counterfactual,1021,1,119,36,589
evaluation__939__denoise__attack__nes__l0.5,evaluation,denoise,attack,829,193,188,209,247
evaluation__939__denoise__restore__nes__l0.5,evaluation,denoise,restore,767,255,284,388,-1
evaluation__939__denoise__random_walk__random_walk__l0.5,evaluation,denoise,random_walk,1024,1,21,22,-1
evaluation__939__denoise__confidence_boost__nes__l0.5,evaluation,denoise,confidence_boost,738,284,205,276,-1
evaluation__939__denoise__boundary_probe__nes__l0.5,evaluation,denoise,boundary_probe,774,248,222,256,300
evaluation__939__denoise__counterfactual__nes__l0.5,evaluation,denoise,counterfactual,791,231,205,248,206
evaluation__939__deblur__attack__nes__l1,evaluation,deblur,attack,716,306,239,305,-1
evaluation__939__deblur__restore__nes__l1,evaluation,deblur,restore,739,283,315,316,-1
evaluation__939__deblur__random_walk__random_walk__l1,evaluation,deblur,random_walk,1024,1,18,22,-1
evaluation__939__deblur__confidence_boost__nes__l1,evaluation,deblur,confidence_boost,574,448,239,358,-1
evaluation__939__deblur__boundary_probe__nes__l1,evaluation,deblur,boundary_probe,563,459,239,357,953
evaluation__939__deblur__counterfactual__nes__l1,evaluation,deblur,counterfactual,686,336,239,307,-1
evaluation__3138__denoise__attack__nes__l0.5,evaluation,denoise,attack,989,33,54,58,11
evaluation__3138__denoise__restore__nes__l0.5,evaluation,denoise,restore,1002,20,65,53,15
evaluation__3138__denoise__random_walk__random_walk__l0.5,evaluation,denoise,random_walk,1024,1,15,22,-1
evaluation__3138__denoise__confidence_boost__nes__l0.5,evaluation,denoise,confidence_boost,988,34,50,55,6
evaluation__3138__denoise__boundary_probe__nes__l0.5,evaluation,denoise,boundary_probe,1006,16,98,99,3
evaluation__3138__denoise__counterfactual__nes__l0.5,evaluation,denoise,counterfactual,1006,16,31,37,2
evaluation__3138__deblur__attack__nes__l1,evaluation,deblur,attack,1018,4,19,95,921
evaluation__3138__deblur__restore__nes__l1,evaluation,deblur,restore,1020,2,143,143,-1
evaluation__3138__deblur__random_walk__random_walk__l1,evaluation,deblur,random_walk,1024,1,15,22,-1
evaluation__3138__deblur__confidence_boost__nes__l1,evaluation,deblur,confidence_boost,1009,13,135,129,-1
evaluation__3138__deblur__boundary_probe__nes__l1,evaluation,deblur,boundary_probe,1011,11,80,62,796
evaluation__3138__deblur__counterfactual__nes__l1,evaluation,deblur,counterfactual,1016,6,58,48,967
evaluation__4539__denoise__attack__nes__l0.5,evaluation,denoise,attack,970,52,109,109,709
evaluation__4539__denoise__restore__nes__l0.5,evaluation,denoise,restore,971,51,152,179,-1
evaluation__4539__denoise__random_walk__random_walk__l0.5,evaluation,denoise,random_walk,1024,1,17,22,-1
evaluation__4539__denoise__confidence_boost__nes__l0.5,evaluation,denoise,confidence_boost,971,51,70,72,-1
evaluation__4539__denoise__boundary_probe__nes__l0.5,evaluation,denoise,boundary_probe,962,60,99,101,719
evaluation__4539__denoise__counterfactual__nes__l0.5,evaluation,denoise,counterfactual,973,49,130,129,811
evaluation__4539__deblur__attack__nes__l1,evaluation,deblur,attack,1021,1,98,102,547
evaluation__4539__deblur__restore__nes__l1,evaluation,deblur,restore,1021,1,186,295,-1
evaluation__4539__deblur__random_walk__random_walk__l1,evaluation,deblur,random_walk,1024,1,15,22,-1
evaluation__4539__deblur__confidence_boost__nes__l1,evaluation,deblur,confidence_boost,1021,1,15,22,-1
evaluation__4539__deblur__boundary_probe__nes__l1,evaluation,deblur,boundary_probe,1021,1,40,38,470
evaluation__4539__deblur__counterfactual__nes__l1,evaluation,deblur,counterfactual,1019,3,112,115,567
evaluation__9955__denoise__attack__nes__l0.5,evaluation,denoise,attack,1021,1,100,64,455
evaluation__9955__denoise__restore__nes__l0.5,evaluation,denoise,restore,1017,4,76,53,-1
evaluation__9955__denoise__random_walk__random_walk__l0.5,evaluation,denoise,random_walk,1024,1,21,22,-1
evaluation__9955__denoise__confidence_boost__nes__l0.5,evaluation,denoise,confidence_boost,1018,4,95,91,-1
evaluation__9955__denoise__boundary_probe__nes__l0.5,evaluation,denoise,boundary_probe,1021,1,57,67,412
evaluation__9955__denoise__counterfactual__nes__l0.5,evaluation,denoise,counterfactual,1019,3,46,51,435
evaluation__9955__deblur__attack__nes__l1,evaluation,deblur,attack,1020,2,92,92,-1
evaluation__9955__deblur__restore__nes__l1,evaluation,deblur,restore,1019,3,261,852,-1
evaluation__9955__deblur__random_walk__random_walk__l1,evaluation,deblur,random_walk,1024,1,15,22,-1
evaluation__9955__deblur__confidence_boost__nes__l1,evaluation,deblur,confidence_boost,1021,1,84,105,-1
evaluation__9955__deblur__boundary_probe__nes__l1,evaluation,deblur,boundary_probe,1021,1,138,119,-1
evaluation__9955__deblur__counterfactual__nes__l1,evaluation,deblur,counterfactual,1021,1,30,41,-1
evaluation__3368__denoise__attack__nes__l0.5,evaluation,denoise,attack,959,63,127,150,496
evaluation__3368__denoise__restore__nes__l0.5,evaluation,denoise,restore,939,83,145,146,-1
evaluation__3368__denoise__random_walk__random_walk__l0.5,evaluation,denoise,random_walk,1024,1,17,22,-1
evaluation__3368__denoise__confidence_boost__nes__l0.5,evaluation,denoise,confidence_boost,941,81,166,171,-1
evaluation__3368__denoise__boundary_probe__nes__l0.5,evaluation,denoise,boundary_probe,882,140,154,184,435
evaluation__3368__denoise__counterfactual__nes__l0.5,evaluation,denoise,counterfactual,946,76,131,133,395
evaluation__3368__deblur__attack__nes__l1,evaluation,deblur,attack,948,74,162,162,976
evaluation__3368__deblur__restore__nes__l1,evaluation,deblur,restore,971,51,156,156,-1
evaluation__3368__deblur__random_walk__random_walk__l1,evaluation,deblur,random_walk,1024,1,15,25,-1
evaluation__3368__deblur__confidence_boost__nes__l1,evaluation,deblur,confidence_boost,936,86,174,181,-1
evaluation__3368__deblur__boundary_probe__nes__l1,evaluation,deblur,boundary_probe,936,86,114,145,931
evaluation__3368__deblur__counterfactual__nes__l1,evaluation,deblur,counterfactual,960,62,127,131,948
evaluation__6749__denoise__attack__nes__l0.5,evaluation,denoise,attack,1021,1,48,49,-1
evaluation__6749__denoise__restore__nes__l0.5,evaluation,denoise,restore,1011,9,79,63,-1
evaluation__6749__denoise__random_walk__random_walk__l0.5,evaluation,denoise,random_walk,1024,1,19,22,-1
evaluation__6749__denoise__confidence_boost__nes__l0.5,evaluation,denoise,confidence_boost,1012,10,109,54,-1
evaluation__6749__denoise__boundary_probe__nes__l0.5,evaluation,denoise,boundary_probe,1021,1,77,75,-1
evaluation__6749__denoise__counterfactual__nes__l0.5,evaluation,denoise,counterfactual,1017,5,50,50,-1
evaluation__6749__deblur__attack__nes__l1,evaluation,deblur,attack,1021,1,88,89,-1
evaluation__6749__deblur__restore__nes__l1,evaluation,deblur,restore,1021,1,79,109,-1
evaluation__6749__deblur__random_walk__random_walk__l1,evaluation,deblur,random_walk,1024,1,15,22,-1
evaluation__6749__deblur__confidence_boost__nes__l1,evaluation,deblur,confidence_boost,1021,1,72,55,-1
evaluation__6749__deblur__boundary_probe__nes__l1,evaluation,deblur,boundary_probe,1020,2,16,25,-1
evaluation__6749__deblur__counterfactual__nes__l1,evaluation,deblur,counterfactual,1020,2,135,29,-1
evaluation__9060__denoise__attack__nes__l0.5,evaluation,denoise,attack,1018,4,43,30,300
evaluation__9060__denoise__restore__nes__l0.5,evaluation,denoise,restore,1014,8,42,39,-1
evaluation__9060__denoise__random_walk__random_walk__l0.5,evaluation,denoise,random_walk,1024,1,15,22,-1
evaluation__9060__denoise__confidence_boost__nes__l0.5,evaluation,denoise,confidence_boost,997,25,70,73,-1
evaluation__9060__denoise__boundary_probe__nes__l0.5,evaluation,denoise,boundary_probe,1017,5,60,61,289
evaluation__9060__denoise__counterfactual__nes__l0.5,evaluation,denoise,counterfactual,1016,6,97,86,267
evaluation__9060__deblur__attack__nes__l1,evaluation,deblur,attack,1021,1,112,112,502
evaluation__9060__deblur__restore__nes__l1,evaluation,deblur,restore,1021,1,106,84,-1
evaluation__9060__deblur__random_walk__random_walk__l1,evaluation,deblur,random_walk,1024,1,15,22,-1
evaluation__9060__deblur__confidence_boost__nes__l1,evaluation,deblur,confidence_boost,1021,1,128,114,-1
evaluation__9060__deblur__boundary_probe__nes__l1,evaluation,deblur,boundary_probe,1021,1,15,111,467
evaluation__9060__deblur__counterfactual__nes__l1,evaluation,deblur,counterfactual,1021,1,101,91,559
fit__4040__denoise__attack__nes__l0.5,fit,denoise,attack,966,56,101,101,285
fit__4040__denoise__restore__nes__l0.5,fit,denoise,restore,959,63,92,94,-1
fit__4040__denoise__random_walk__random_walk__l0.5,fit,denoise,random_walk,1024,1,15,22,-1
fit__4040__denoise__confidence_boost__nes__l0.5,fit,denoise,confidence_boost,993,29,68,78,-1
fit__4040__denoise__boundary_probe__nes__l0.5,fit,denoise,boundary_probe,942,80,148,158,315
fit__4040__denoise__counterfactual__nes__l0.5,fit,denoise,counterfactual,957,65,79,159,338
fit__4040__deblur__attack__nes__l1,fit,deblur,attack,1007,14,148,144,953
fit__4040__deblur__restore__nes__l1,fit,deblur,restore,1011,10,518,74,-1
fit__4040__deblur__random_walk__random_walk__l1,fit,deblur,random_walk,1024,1,19,22,-1
fit__4040__deblur__confidence_boost__nes__l1,fit,deblur,confidence_boost,1020,2,38,190,-1
fit__4040__deblur__boundary_probe__nes__l1,fit,deblur,boundary_probe,1018,4,180,181,993
fit__4040__deblur__counterfactual__nes__l1,fit,deblur,counterfactual,1019,3,248,253,-1
fit__9749__denoise__attack__nes__l0.5,fit,denoise,attack,1021,1,102,29,-1
fit__9749__denoise__restore__nes__l0.5,fit,denoise,restore,1021,1,40,30,-1
fit__9749__denoise__random_walk__random_walk__l0.5,fit,denoise,random_walk,1024,1,16,24,-1
fit__9749__denoise__confidence_boost__nes__l0.5,fit,denoise,confidence_boost,1020,2,45,29,-1
fit__9749__denoise__boundary_probe__nes__l0.5,fit,denoise,boundary_probe,1019,3,68,78,-1
fit__9749__denoise__counterfactual__nes__l0.5,fit,denoise,counterfactual,1017,5,84,80,-1
fit__9749__deblur__attack__nes__l1,fit,deblur,attack,1021,1,147,132,910
fit__9749__deblur__restore__nes__l1,fit,deblur,restore,1021,1,381,428,-1
fit__9749__deblur__random_walk__random_walk__l1,fit,deblur,random_walk,1024,1,15,22,-1
fit__9749__deblur__confidence_boost__nes__l1,fit,deblur,confidence_boost,1021,1,16,24,-1
fit__9749__deblur__boundary_probe__nes__l1,fit,deblur,boundary_probe,1021,1,228,228,-1
fit__9749__deblur__counterfactual__nes__l1,fit,deblur,counterfactual,1021,1,121,120,762
fit__6117__denoise__attack__nes__l0.5,fit,denoise,attack,896,126,201,203,385
fit__6117__denoise__restore__nes__l0.5,fit,denoise,restore,942,80,136,134,-1
fit__6117__denoise__random_walk__random_walk__l0.5,fit,denoise,random_walk,1024,1,15,22,-1
fit__6117__denoise__confidence_boost__nes__l0.5,fit,denoise,confidence_boost,985,37,120,115,-1
fit__6117__denoise__boundary_probe__nes__l0.5,fit,denoise,boundary_probe,975,47,89,81,365
fit__6117__denoise__counterfactual__nes__l0.5,fit,denoise,counterfactual,991,31,111,112,513
fit__6117__deblur__attack__nes__l1,fit,deblur,attack,997,25,123,123,631
fit__6117__deblur__restore__nes__l1,fit,deblur,restore,1005,17,387,328,-1
fit__6117__deblur__random_walk__random_walk__l1,fit,deblur,random_walk,1024,1,26,26,-1
fit__6117__deblur__confidence_boost__nes__l1,fit,deblur,confidence_boost,996,26,134,146,-1
fit__6117__deblur__boundary_probe__nes__l1,fit,deblur,boundary_probe,1008,14,143,111,635
fit__6117__deblur__counterfactual__nes__l1,fit,deblur,counterfactual,1006,16,151,147,644
fit__1852__denoise__attack__nes__l0.5,fit,denoise,attack,1021,1,50,50,-1
fit__1852__denoise__restore__nes__l0.5,fit,denoise,restore,1021,1,67,57,-1
fit__1852__denoise__random_walk__random_walk__l0.5,fit,denoise,random_walk,1024,1,15,22,-1
fit__1852__denoise__confidence_boost__nes__l0.5,fit,denoise,confidence_boost,1021,1,39,34,-1
fit__1852__denoise__boundary_probe__nes__l0.5,fit,denoise,boundary_probe,1020,2,16,23,-1
fit__1852__denoise__counterfactual__nes__l0.5,fit,denoise,counterfactual,1021,1,50,48,-1
fit__1852__deblur__attack__nes__l1,fit,deblur,attack,1021,1,51,45,-1
fit__1852__deblur__restore__nes__l1,fit,deblur,restore,1021,1,123,135,-1
fit__1852__deblur__random_walk__random_walk__l1,fit,deblur,random_walk,1024,1,15,22,-1
fit__1852__deblur__confidence_boost__nes__l1,fit,deblur,confidence_boost,1021,1,17,102,-1
fit__1852__deblur__boundary_probe__nes__l1,fit,deblur,boundary_probe,1021,1,40,29,-1
fit__1852__deblur__counterfactual__nes__l1,fit,deblur,counterfactual,1021,1,33,34,-1
fit__8493__denoise__attack__nes__l0.5,fit,denoise,attack,955,67,134,130,467
fit__8493__denoise__restore__nes__l0.5,fit,denoise,restore,939,83,176,112,-1
fit__8493__denoise__random_walk__random_walk__l0.5,fit,denoise,random_walk,1024,1,15,22,-1
fit__8493__denoise__confidence_boost__nes__l0.5,fit,denoise,confidence_boost,931,91,195,198,-1
fit__8493__denoise__boundary_probe__nes__l0.5,fit,denoise,boundary_probe,921,101,181,178,578
fit__8493__denoise__counterfactual__nes__l0.5,fit,denoise,counterfactual,970,52,71,120,502
fit__8493__deblur__attack__nes__l1,fit,deblur,attack,895,127,186,187,84
fit__8493__deblur__restore__nes__l1,fit,deblur,restore,898,124,142,151,25
fit__8493__deblur__random_walk__random_walk__l1,fit,deblur,random_walk,1024,1,23,22,493
fit__8493__deblur__confidence_boost__nes__l1,fit,deblur,confidence_boost,864,158,157,179,3
fit__8493__deblur__boundary_probe__nes__l1,fit,deblur,boundary_probe,760,262,232,271,17
fit__8493__deblur__counterfactual__nes__l1,fit,deblur,counterfactual,878,144,239,242,99
fit__2963__denoise__attack__nes__l0.5,fit,denoise,attack,986,36,50,133,845
fit__2963__denoise__restore__nes__l0.5,fit,denoise,restore,1006,16,32,37,-1
fit__2963__denoise__random_walk__random_walk__l0.5,fit,denoise,random_walk,1024,1,17,22,-1
fit__2963__denoise__confidence_boost__nes__l0.5,fit,denoise,confidence_boost,1002,20,71,57,-1
fit__2963__denoise__boundary_probe__nes__l0.5,fit,denoise,boundary_probe,984,38,116,68,888
fit__2963__denoise__counterfactual__nes__l0.5,fit,denoise,counterfactual,999,23,62,53,794
fit__2963__deblur__attack__nes__l1,fit,deblur,attack,1017,5,83,50,-1
fit__2963__deblur__restore__nes__l1,fit,deblur,restore,1013,9,66,66,-1
fit__2963__deblur__random_walk__random_walk__l1,fit,deblur,random_walk,1024,1,22,22,-1
fit__2963__deblur__confidence_boost__nes__l1,fit,deblur,confidence_boost,1015,7,48,41,-1
fit__2963__deblur__boundary_probe__nes__l1,fit,deblur,boundary_probe,1016,6,56,64,-1
fit__2963__deblur__counterfactual__nes__l1,fit,deblur,counterfactual,1020,2,18,23,-1
fit__9226__denoise__attack__nes__l0.5,fit,denoise,attack,777,245,231,262,619
fit__9226__denoise__restore__nes__l0.5,fit,denoise,restore,834,188,318,318,-1
fit__9226__denoise__random_walk__random_walk__l0.5,fit,denoise,random_walk,1024,1,23,22,-1
fit__9226__denoise__confidence_boost__nes__l0.5,fit,denoise,confidence_boost,867,155,177,175,-1
fit__9226__denoise__boundary_probe__nes__l0.5,fit,denoise,boundary_probe,714,308,239,319,577
fit__9226__denoise__counterfactual__nes__l0.5,fit,denoise,counterfactual,775,247,239,268,522
fit__9226__deblur__attack__nes__l1,fit,deblur,attack,910,112,182,186,243
fit__9226__deblur__restore__nes__l1,fit,deblur,restore,909,113,277,270,-1
fit__9226__deblur__random_walk__random_walk__l1,fit,deblur,random_walk,1024,1,15,22,-1
fit__9226__deblur__confidence_boost__nes__l1,fit,deblur,confidence_boost,770,252,212,271,-1
fit__9226__deblur__boundary_probe__nes__l1,fit,deblur,boundary_probe,889,133,203,154,244
fit__9226__deblur__counterfactual__nes__l1,fit,deblur,counterfactual,891,131,223,221,267
fit__3498__denoise__attack__nes__l0.5,fit,denoise,attack,997,25,89,89,483
fit__3498__denoise__restore__nes__l0.5,fit,denoise,restore,1013,9,50,34,-1
fit__3498__denoise__random_walk__random_walk__l0.5,fit,denoise,random_walk,1024,1,15,22,-1
fit__3498__denoise__confidence_boost__nes__l0.5,fit,denoise,confidence_boost,1015,7,70,52,-1
fit__3498__denoise__boundary_probe__nes__l0.5,fit,denoise,boundary_probe,987,35,100,86,496
fit__3498__denoise__counterfactual__nes__l0.5,fit,denoise,counterfactual,965,56,75,95,369
fit__3498__deblur__attack__nes__l1,fit,deblur,attack,1003,19,79,74,-1
fit__3498__deblur__restore__nes__l1,fit,deblur,restore,1006,15,44,85,-1
fit__3498__deblur__random_walk__random_walk__l1,fit,deblur,random_walk,1024,1,15,22,-1
fit__3498__deblur__confidence_boost__nes__l1,fit,deblur,confidence_boost,998,24,140,124,-1
fit__3498__deblur__boundary_probe__nes__l1,fit,deblur,boundary_probe,1013,9,121,122,-1
fit__3498__deblur__counterfactual__nes__l1,fit,deblur,counterfactual,1003,19,163,160,-1
fit__2915__denoise__attack__nes__l0.5,fit,denoise,attack,863,159,173,180,-1
fit__2915__denoise__restore__nes__l0.5,fit,denoise,restore,830,192,200,213,-1
fit__2915__denoise__random_walk__random_walk__l0.5,fit,denoise,random_walk,1024,1,21,22,-1
fit__2915__denoise__confidence_boost__nes__l0.5,fit,denoise,confidence_boost,879,143,157,164,-1
fit__2915__denoise__boundary_probe__nes__l0.5,fit,denoise,boundary_probe,902,120,155,159,-1
fit__2915__denoise__counterfactual__nes__l0.5,fit,denoise,counterfactual,888,134,159,155,-1
fit__2915__deblur__attack__nes__l1,fit,deblur,attack,954,68,171,173,-1
fit__2915__deblur__restore__nes__l1,fit,deblur,restore,893,129,491,608,-1
fit__2915__deblur__random_walk__random_walk__l1,fit,deblur,random_walk,1024,1,18,22,-1
fit__2915__deblur__confidence_boost__nes__l1,fit,deblur,confidence_boost,940,82,163,166,-1
fit__2915__deblur__boundary_probe__nes__l1,fit,deblur,boundary_probe,931,91,192,192,1010
fit__2915__deblur__counterfactual__nes__l1,fit,deblur,counterfactual,880,142,166,165,880
fit__6690__denoise__attack__nes__l0.5,fit,denoise,attack,982,40,79,62,2
fit__6690__denoise__restore__nes__l0.5,fit,denoise,restore,916,106,152,153,2
fit__6690__denoise__random_walk__random_walk__l0.5,fit,denoise,random_walk,1024,1,16,22,472
fit__6690__denoise__confidence_boost__nes__l0.5,fit,denoise,confidence_boost,942,80,110,109,10
fit__6690__denoise__boundary_probe__nes__l0.5,fit,denoise,boundary_probe,972,50,118,131,2
fit__6690__denoise__counterfactual__nes__l0.5,fit,denoise,counterfactual,915,107,137,174,3
fit__6690__deblur__attack__nes__l1,fit,deblur,attack,405,617,239,358,-1
fit__6690__deblur__restore__nes__l1,fit,deblur,restore,349,673,239,358,-1
fit__6690__deblur__random_walk__random_walk__l1,fit,deblur,random_walk,1024,1,15,22,-1
fit__6690__deblur__confidence_boost__nes__l1,fit,deblur,confidence_boost,146,876,239,358,-1
fit__6690__deblur__boundary_probe__nes__l1,fit,deblur,boundary_probe,198,824,239,358,-1
fit__6690__deblur__counterfactual__nes__l1,fit,deblur,counterfactual,73,949,239,358,-1
fit__4150__denoise__attack__nes__l0.5,fit,denoise,attack,727,295,222,285,-1
fit__4150__denoise__restore__nes__l0.5,fit,denoise,restore,800,222,205,244,-1
fit__4150__denoise__random_walk__random_walk__l0.5,fit,denoise,random_walk,1024,1,18,22,-1
fit__4150__denoise__confidence_boost__nes__l0.5,fit,denoise,confidence_boost,786,236,205,249,-1
fit__4150__denoise__boundary_probe__nes__l0.5,fit,denoise,boundary_probe,589,433,239,358,-1
fit__4150__denoise__counterfactual__nes__l0.5,fit,denoise,counterfactual,672,350,256,341,1001
fit__4150__deblur__attack__nes__l1,fit,deblur,attack,359,663,239,358,324
fit__4150__deblur__restore__nes__l1,fit,deblur,restore,288,734,239,358,-1
fit__4150__deblur__random_walk__random_walk__l1,fit,deblur,random_walk,1024,1,15,22,-1
fit__4150__deblur__confidence_boost__nes__l1,fit,deblur,confidence_boost,274,748,239,358,-1
fit__4150__deblur__boundary_probe__nes__l1,fit,deblur,boundary_probe,240,782,239,358,341
fit__4150__deblur__counterfactual__nes__l1,fit,deblur,counterfactual,64,958,239,358,341
fit__9789__denoise__attack__nes__l0.5,fit,denoise,attack,1009,13,64,49,856
fit__9789__denoise__restore__nes__l0.5,fit,denoise,restore,1015,7,82,48,-1
fit__9789__denoise__random_walk__random_walk__l0.5,fit,denoise,random_walk,1024,1,27,26,-1
fit__9789__denoise__confidence_boost__nes__l0.5,fit,denoise,confidence_boost,1020,2,77,96,-1
fit__9789__denoise__boundary_probe__nes__l0.5,fit,denoise,boundary_probe,1017,5,85,98,992
fit__9789__denoise__counterfactual__nes__l0.5,fit,denoise,counterfactual,1008,14,116,87,-1
fit__9789__deblur__attack__nes__l1,fit,deblur,attack,1017,5,143,30,717
fit__9789__deblur__restore__nes__l1,fit,deblur,restore,1008,14,267,259,-1
fit__9789__deblur__random_walk__random_walk__l1,fit,deblur,random_walk,1024,1,15,22,-1
fit__9789__deblur__confidence_boost__nes__l1,fit,deblur,confidence_boost,1016,6,101,101,-1
fit__9789__deblur__boundary_probe__nes__l1,fit,deblur,boundary_probe,1009,13,121,127,589
fit__9789__deblur__counterfactual__nes__l1,fit,deblur,counterfactual,1014,8,149,150,729
fit__5818__denoise__attack__nes__l0.5,fit,denoise,attack,967,55,92,101,176
fit__5818__denoise__restore__nes__l0.5,fit,denoise,restore,983,39,150,180,-1
fit__5818__denoise__random_walk__random_walk__l0.5,fit,denoise,random_walk,1024,1,20,22,842
fit__5818__denoise__confidence_boost__nes__l0.5,fit,denoise,confidence_boost,945,77,116,103,-1
fit__5818__denoise__boundary_probe__nes__l0.5,fit,denoise,boundary_probe,1010,12,96,67,189
fit__5818__denoise__counterfactual__nes__l0.5,fit,denoise,counterfactual,993,29,97,108,158
fit__5818__deblur__attack__nes__l1,fit,deblur,attack,1020,2,118,122,490
fit__5818__deblur__restore__nes__l1,fit,deblur,restore,1018,4,238,484,-1
fit__5818__deblur__random_walk__random_walk__l1,fit,deblur,random_walk,1024,1,25,22,-1
fit__5818__deblur__confidence_boost__nes__l1,fit,deblur,confidence_boost,1021,1,125,107,-1
fit__5818__deblur__boundary_probe__nes__l1,fit,deblur,boundary_probe,1012,10,34,31,427
fit__5818__deblur__counterfactual__nes__l1,fit,deblur,counterfactual,1019,3,102,97,462
fit__1358__denoise__attack__nes__l0.5,fit,denoise,attack,899,123,171,184,351
fit__1358__denoise__restore__nes__l0.5,fit,denoise,restore,922,100,114,155,-1
fit__1358__denoise__random_walk__random_walk__l0.5,fit,denoise,random_walk,1024,1,15,22,-1
fit__1358__denoise__confidence_boost__nes__l0.5,fit,denoise,confidence_boost,860,162,282,296,-1
fit__1358__denoise__boundary_probe__nes__l0.5,fit,denoise,boundary_probe,893,129,223,213,433
fit__1358__denoise__counterfactual__nes__l0.5,fit,denoise,counterfactual,884,138,169,204,482
fit__1358__deblur__attack__nes__l1,fit,deblur,attack,1008,13,175,117,-1
fit__1358__deblur__restore__nes__l1,fit,deblur,restore,1021,1,173,69,-1
fit__1358__deblur__random_walk__random_walk__l1,fit,deblur,random_walk,1024,1,17,22,-1
fit__1358__deblur__confidence_boost__nes__l1,fit,deblur,confidence_boost,1020,2,79,78,-1
fit__1358__deblur__boundary_probe__nes__l1,fit,deblur,boundary_probe,1018,4,108,108,-1
fit__1358__deblur__counterfactual__nes__l1,fit,deblur,counterfactual,1010,11,146,102,-1
fit__6684__denoise__attack__nes__l0.5,fit,denoise,attack,969,53,80,79,559
fit__6684__denoise__restore__nes__l0.5,fit,denoise,restore,976,46,85,68,-1
fit__6684__denoise__random_walk__random_walk__l0.5,fit,denoise,random_walk,1024,1,15,22,-1
fit__6684__denoise__confidence_boost__nes__l0.5,fit,denoise,confidence_boost,967,55,126,120,-1
fit__6684__denoise__boundary_probe__nes__l0.5,fit,denoise,boundary_probe,973,49,90,92,526
fit__6684__denoise__counterfactual__nes__l0.5,fit,denoise,counterfactual,1000,22,113,58,685
fit__6684__deblur__attack__nes__l1,fit,deblur,attack,999,23,93,46,-1
fit__6684__deblur__restore__nes__l1,fit,deblur,restore,999,22,37,378,-1
fit__6684__deblur__random_walk__random_walk__l1,fit,deblur,random_walk,1024,1,15,22,-1
fit__6684__deblur__confidence_boost__nes__l1,fit,deblur,confidence_boost,1004,18,76,87,-1
fit__6684__deblur__boundary_probe__nes__l1,fit,deblur,boundary_probe,980,42,150,150,-1
fit__6684__deblur__counterfactual__nes__l1,fit,deblur,counterfactual,995,27,159,162,-1
fit__3732__denoise__attack__nes__l0.5,fit,denoise,attack,1015,7,49,49,-1
fit__3732__denoise__restore__nes__l0.5,fit,denoise,restore,1012,10,166,117,-1
fit__3732__denoise__random_walk__random_walk__l0.5,fit,denoise,random_walk,1024,1,22,22,-1
fit__3732__denoise__confidence_boost__nes__l0.5,fit,denoise,confidence_boost,1019,3,92,31,-1
fit__3732__denoise__boundary_probe__nes__l0.5,fit,denoise,boundary_probe,1019,3,83,49,-1
fit__3732__denoise__counterfactual__nes__l0.5,fit,denoise,counterfactual,1019,3,47,31,-1
fit__3732__deblur__attack__nes__l1,fit,deblur,attack,1019,3,136,120,902
fit__3732__deblur__restore__nes__l1,fit,deblur,restore,1019,3,205,193,-1
fit__3732__deblur__random_walk__random_walk__l1,fit,deblur,random_walk,1024,1,16,22,-1
fit__3732__deblur__confidence_boost__nes__l1,fit,deblur,confidence_boost,1021,1,105,102,-1
fit__3732__deblur__boundary_probe__nes__l1,fit,deblur,boundary_probe,1015,6,134,123,-1
fit__3732__deblur__counterfactual__nes__l1,fit,deblur,counterfactual,1021,1,159,32,885
fit__8575__denoise__attack__nes__l0.5,fit,denoise,attack,997,24,104,96,413
fit__8575__denoise__restore__nes__l0.5,fit,denoise,restore,1016,6,48,46,-1
fit__8575__denoise__random_walk__random_walk__l0.5,fit,denoise,random_walk,1024,1,17,22,-1
fit__8575__denoise__confidence_boost__nes__l0.5,fit,denoise,confidence_boost,1012,10,104,68,-1
fit__8575__denoise__boundary_probe__nes__l0.5,fit,denoise,boundary_probe,1010,12,68,53,414
fit__8575__denoise__counterfactual__nes__l0.5,fit,denoise,counterfactual,1014,7,23,37,411
fit__8575__deblur__attack__nes__l1,fit,deblur,attack,1003,18,117,116,621
fit__8575__deblur__restore__nes__l1,fit,deblur,restore,998,24,210,422,-1
fit__8575__deblur__random_walk__random_walk__l1,fit,deblur,random_walk,1024,1,23,24,-1
fit__8575__deblur__confidence_boost__nes__l1,fit,deblur,confidence_boost,1006,16,92,94,-1
fit__8575__deblur__boundary_probe__nes__l1,fit,deblur,boundary_probe,1003,19,92,95,678
fit__8575__deblur__counterfactual__nes__l1,fit,deblur,counterfactual,1004,18,47,45,-1
calibration__3302__denoise__attack__nes__l0.5,calibration,denoise,attack,1015,7,67,49,838
calibration__3302__denoise__restore__nes__l0.5,calibration,denoise,restore,1010,12,67,57,-1
calibration__3302__denoise__random_walk__random_walk__l0.5,calibration,denoise,random_walk,1024,1,15,22,-1
calibration__3302__denoise__confidence_boost__nes__l0.5,calibration,denoise,confidence_boost,1013,8,85,91,-1
calibration__3302__denoise__boundary_probe__nes__l0.5,calibration,denoise,boundary_probe,1007,15,54,59,755
calibration__3302__denoise__counterfactual__nes__l0.5,calibration,denoise,counterfactual,1018,4,51,46,614
calibration__3302__deblur__attack__nes__l1,calibration,deblur,attack,1021,1,82,85,-1
calibration__3302__deblur__restore__nes__l1,calibration,deblur,restore,1017,3,397,113,-1
calibration__3302__deblur__random_walk__random_walk__l1,calibration,deblur,random_walk,1024,1,15,22,-1
calibration__3302__deblur__confidence_boost__nes__l1,calibration,deblur,confidence_boost,1021,1,133,118,-1
calibration__3302__deblur__boundary_probe__nes__l1,calibration,deblur,boundary_probe,1021,1,142,124,933
calibration__3302__deblur__counterfactual__nes__l1,calibration,deblur,counterfactual,1019,3,103,78,927
calibration__231__denoise__attack__nes__l0.5,calibration,denoise,attack,987,35,116,116,-1
calibration__231__denoise__restore__nes__l0.5,calibration,denoise,restore,974,48,161,167,-1
calibration__231__denoise__random_walk__random_walk__l0.5,calibration,denoise,random_walk,1024,1,15,22,-1
calibration__231__denoise__confidence_boost__nes__l0.5,calibration,denoise,confidence_boost,1004,18,45,113,-1
calibration__231__denoise__boundary_probe__nes__l0.5,calibration,denoise,boundary_probe,982,40,130,124,-1
calibration__231__denoise__counterfactual__nes__l0.5,calibration,denoise,counterfactual,1003,19,98,48,-1
calibration__231__deblur__attack__nes__l1,calibration,deblur,attack,970,52,117,150,-1
calibration__231__deblur__restore__nes__l1,calibration,deblur,restore,959,63,171,186,-1
calibration__231__deblur__random_walk__random_walk__l1,calibration,deblur,random_walk,1024,1,19,22,-1
calibration__231__deblur__confidence_boost__nes__l1,calibration,deblur,confidence_boost,966,56,168,153,-1
calibration__231__deblur__boundary_probe__nes__l1,calibration,deblur,boundary_probe,968,54,138,152,-1
calibration__231__deblur__counterfactual__nes__l1,calibration,deblur,counterfactual,973,49,144,167,-1
calibration__3033__denoise__attack__nes__l0.5,calibration,denoise,attack,1006,16,82,37,659
calibration__3033__denoise__restore__nes__l0.5,calibration,denoise,restore,1006,16,55,48,-1
calibration__3033__denoise__random_walk__random_walk__l0.5,calibration,denoise,random_walk,1024,1,17,22,-1
calibration__3033__denoise__confidence_boost__nes__l0.5,calibration,denoise,confidence_boost,1018,4,123,46,-1
calibration__3033__denoise__boundary_probe__nes__l0.5,calibration,denoise,boundary_probe,1017,5,46,48,637
calibration__3033__denoise__counterfactual__nes__l0.5,calibration,denoise,counterfactual,1005,15,82,88,642
calibration__3033__deblur__attack__nes__l1,calibration,deblur,attack,1016,6,117,117,852
calibration__3033__deblur__restore__nes__l1,calibration,deblur,restore,1017,5,222,290,-1
calibration__3033__deblur__random_walk__random_walk__l1,calibration,deblur,random_walk,1024,1,18,22,-1
calibration__3033__deblur__confidence_boost__nes__l1,calibration,deblur,confidence_boost,1012,10,24,32,-1
calibration__3033__deblur__boundary_probe__nes__l1,calibration,deblur,boundary_probe,1017,5,81,101,-1
calibration__3033__deblur__counterfactual__nes__l1,calibration,deblur,counterfactual,1016,6,96,85,989
calibration__2073__denoise__attack__nes__l0.5,calibration,denoise,attack,1008,14,110,104,6
calibration__2073__denoise__restore__nes__l0.5,calibration,denoise,restore,996,26,136,88,3
calibration__2073__denoise__random_walk__random_walk__l0.5,calibration,denoise,random_walk,1024,1,15,22,21
calibration__2073__denoise__confidence_boost__nes__l0.5,calibration,denoise,confidence_boost,997,25,65,66,13
calibration__2073__denoise__boundary_probe__nes__l0.5,calibration,denoise,boundary_probe,989,33,127,107,6
calibration__2073__denoise__counterfactual__nes__l0.5,calibration,denoise,counterfactual,995,27,45,115,8
calibration__2073__deblur__attack__nes__l1,calibration,deblur,attack,1016,6,51,57,903
calibration__2073__deblur__restore__nes__l1,calibration,deblur,restore,1013,9,23,30,-1
calibration__2073__deblur__random_walk__random_walk__l1,calibration,deblur,random_walk,1024,1,15,22,-1
calibration__2073__deblur__confidence_boost__nes__l1,calibration,deblur,confidence_boost,1014,8,113,128,-1
calibration__2073__deblur__boundary_probe__nes__l1,calibration,deblur,boundary_probe,1016,6,30,29,971
calibration__2073__deblur__counterfactual__nes__l1,calibration,deblur,counterfactual,1018,4,131,115,934
calibration__8730__denoise__attack__nes__l0.5,calibration,denoise,attack,941,81,163,165,111
calibration__8730__denoise__restore__nes__l0.5,calibration,denoise,restore,989,33,120,149,-1
calibration__8730__denoise__random_walk__random_walk__l0.5,calibration,denoise,random_walk,1024,1,15,22,-1
calibration__8730__denoise__confidence_boost__nes__l0.5,calibration,denoise,confidence_boost,976,46,74,72,-1
calibration__8730__denoise__boundary_probe__nes__l0.5,calibration,denoise,boundary_probe,1001,21,129,118,150
calibration__8730__denoise__counterfactual__nes__l0.5,calibration,denoise,counterfactual,924,98,133,147,200
calibration__8730__deblur__attack__nes__l1,calibration,deblur,attack,936,86,223,207,499
calibration__8730__deblur__restore__nes__l1,calibration,deblur,restore,967,55,254,172,-1
calibration__8730__deblur__random_walk__random_walk__l1,calibration,deblur,random_walk,1024,1,15,22,-1
calibration__8730__deblur__confidence_boost__nes__l1,calibration,deblur,confidence_boost,927,95,234,231,-1
calibration__8730__deblur__boundary_probe__nes__l1,calibration,deblur,boundary_probe,969,53,181,183,432
calibration__8730__deblur__counterfactual__nes__l1,calibration,deblur,counterfactual,976,46,163,164,463
calibration__6587__denoise__attack__nes__l0.5,calibration,denoise,attack,1008,14,119,45,2
calibration__6587__denoise__restore__nes__l0.5,calibration,denoise,restore,1020,2,17,23,4
calibration__6587__denoise__random_walk__random_walk__l0.5,calibration,denoise,random_walk,1024,1,15,22,190
calibration__6587__denoise__confidence_boost__nes__l0.5,calibration,denoise,confidence_boost,1006,16,38,37,4
calibration__6587__denoise__boundary_probe__nes__l0.5,calibration,denoise,boundary_probe,1006,16,30,37,2
calibration__6587__denoise__counterfactual__nes__l0.5,calibration,denoise,counterfactual,1009,13,99,99,2
calibration__6587__deblur__attack__nes__l1,calibration,deblur,attack,1012,10,24,34,430
calibration__6587__deblur__restore__nes__l1,calibration,deblur,restore,1012,10,508,507,-1
calibration__6587__deblur__random_walk__random_walk__l1,calibration,deblur,random_walk,1024,1,15,22,-1
calibration__6587__deblur__confidence_boost__nes__l1,calibration,deblur,confidence_boost,1007,15,38,42,-1
calibration__6587__deblur__boundary_probe__nes__l1,calibration,deblur,boundary_probe,1009,13,89,123,329
calibration__6587__deblur__counterfactual__nes__l1,calibration,deblur,counterfactual,1005,17,154,78,390
calibration__328__denoise__attack__nes__l0.5,calibration,denoise,attack,984,38,110,107,132
calibration__328__denoise__restore__nes__l0.5,calibration,denoise,restore,945,77,90,164,-1
calibration__328__denoise__random_walk__random_walk__l0.5,calibration,denoise,random_walk,1024,1,15,22,196
calibration__328__denoise__confidence_boost__nes__l0.5,calibration,denoise,confidence_boost,944,78,125,127,-1
calibration__328__denoise__boundary_probe__nes__l0.5,calibration,denoise,boundary_probe,970,52,95,115,139
calibration__328__denoise__counterfactual__nes__l0.5,calibration,denoise,counterfactual,965,57,99,107,87
calibration__328__deblur__attack__nes__l1,calibration,deblur,attack,961,60,187,138,596
calibration__328__deblur__restore__nes__l1,calibration,deblur,restore,985,37,68,313,-1
calibration__328__deblur__random_walk__random_walk__l1,calibration,deblur,random_walk,1024,1,15,22,-1
calibration__328__deblur__confidence_boost__nes__l1,calibration,deblur,confidence_boost,907,115,242,236,-1
calibration__328__deblur__boundary_probe__nes__l1,calibration,deblur,boundary_probe,961,61,209,181,605
calibration__328__deblur__counterfactual__nes__l1,calibration,deblur,counterfactual,1004,18,176,178,493
calibration__5638__denoise__attack__nes__l0.5,calibration,denoise,attack,1001,21,76,76,551
calibration__5638__denoise__restore__nes__l0.5,calibration,denoise,restore,1005,17,65,187,-1
calibration__5638__denoise__random_walk__random_walk__l0.5,calibration,denoise,random_walk,1024,1,15,22,-1
calibration__5638__denoise__confidence_boost__nes__l0.5,calibration,denoise,confidence_boost,990,32,116,132,-1
calibration__5638__denoise__boundary_probe__nes__l0.5,calibration,denoise,boundary_probe,965,57,133,119,520
calibration__5638__denoise__counterfactual__nes__l0.5,calibration,denoise,counterfactual,982,40,125,126,593
calibration__5638__deblur__attack__nes__l1,calibration,deblur,attack,1017,5,114,114,374
calibration__5638__deblur__restore__nes__l1,calibration,deblur,restore,1019,3,895,327,-1
calibration__5638__deblur__random_walk__random_walk__l1,calibration,deblur,random_walk,1024,1,15,22,-1
calibration__5638__deblur__confidence_boost__nes__l1,calibration,deblur,confidence_boost,1021,1,114,149,-1
calibration__5638__deblur__boundary_probe__nes__l1,calibration,deblur,boundary_probe,1017,5,134,131,397
calibration__5638__deblur__counterfactual__nes__l1,calibration,deblur,counterfactual,1018,4,85,25,380
calibration__1561__denoise__attack__nes__l0.5,calibration,denoise,attack,1008,14,69,70,161
calibration__1561__denoise__restore__nes__l0.5,calibration,denoise,restore,1000,22,70,75,-1
calibration__1561__denoise__random_walk__random_walk__l0.5,calibration,denoise,random_walk,1024,1,20,22,-1
calibration__1561__denoise__confidence_boost__nes__l0.5,calibration,denoise,confidence_boost,1006,16,83,83,-1
calibration__1561__denoise__boundary_probe__nes__l0.5,calibration,denoise,boundary_probe,1001,21,136,137,181
calibration__1561__denoise__counterfactual__nes__l0.5,calibration,denoise,counterfactual,991,31,130,68,78
calibration__1561__deblur__attack__nes__l1,calibration,deblur,attack,1014,8,89,88,368
calibration__1561__deblur__restore__nes__l1,calibration,deblur,restore,1007,15,116,163,-1
calibration__1561__deblur__random_walk__random_walk__l1,calibration,deblur,random_walk,1024,1,15,24,-1
calibration__1561__deblur__confidence_boost__nes__l1,calibration,deblur,confidence_boost,1018,4,114,111,-1
calibration__1561__deblur__boundary_probe__nes__l1,calibration,deblur,boundary_probe,1017,5,109,38,333
calibration__1561__deblur__counterfactual__nes__l1,calibration,deblur,counterfactual,1008,14,53,45,385
calibration__9353__denoise__attack__nes__l0.5,calibration,denoise,attack,1006,16,84,85,184
calibration__9353__denoise__restore__nes__l0.5,calibration,denoise,restore,1012,10,72,50,294
calibration__9353__denoise__random_walk__random_walk__l0.5,calibration,denoise,random_walk,1024,1,17,22,-1
calibration__9353__denoise__confidence_boost__nes__l0.5,calibration,denoise,confidence_boost,1006,16,113,55,-1
calibration__9353__denoise__boundary_probe__nes__l0.5,calibration,denoise,boundary_probe,1007,14,32,36,238
calibration__9353__denoise__counterfactual__nes__l0.5,calibration,denoise,counterfactual,1017,5,51,51,204
calibration__9353__deblur__attack__nes__l1,calibration,deblur,attack,1018,4,118,126,3
calibration__9353__deblur__restore__nes__l1,calibration,deblur,restore,1016,6,52,48,2
calibration__9353__deblur__random_walk__random_walk__l1,calibration,deblur,random_walk,1024,1,28,27,9
calibration__9353__deblur__confidence_boost__nes__l1,calibration,deblur,confidence_boost,1015,7,118,37,2
calibration__9353__deblur__boundary_probe__nes__l1,calibration,deblur,boundary_probe,1020,2,43,32,2
calibration__9353__deblur__counterfactual__nes__l1,calibration,deblur,counterfactual,1020,2,115,24,2
calibration__5423__denoise__attack__nes__l0.5,calibration,denoise,attack,963,59,102,85,-1
calibration__5423__denoise__restore__nes__l0.5,calibration,denoise,restore,961,61,100,102,-1
calibration__5423__denoise__random_walk__random_walk__l0.5,calibration,denoise,random_walk,1024,1,15,22,-1
calibration__5423__denoise__confidence_boost__nes__l0.5,calibration,denoise,confidence_boost,911,111,151,141,-1
calibration__5423__denoise__boundary_probe__nes__l0.5,calibration,denoise,boundary_probe,929,93,137,137,-1
calibration__5423__denoise__counterfactual__nes__l0.5,calibration,denoise,counterfactual,988,34,68,56,-1
calibration__5423__deblur__attack__nes__l1,calibration,deblur,attack,941,81,149,151,-1
calibration__5423__deblur__restore__nes__l1,calibration,deblur,restore,983,39,53,68,-1
calibration__5423__deblur__random_walk__random_walk__l1,calibration,deblur,random_walk,1024,1,17,22,-1
calibration__5423__deblur__confidence_boost__nes__l1,calibration,deblur,confidence_boost,953,69,155,201,-1
calibration__5423__deblur__boundary_probe__nes__l1,calibration,deblur,boundary_probe,969,53,135,137,-1
calibration__5423__deblur__counterfactual__nes__l1,calibration,deblur,counterfactual,981,41,55,124,-1
calibration__13__denoise__attack__nes__l0.5,calibration,denoise,attack,882,140,161,161,-1
calibration__13__denoise__restore__nes__l0.5,calibration,denoise,restore,730,292,239,316,-1
calibration__13__denoise__random_walk__random_walk__l0.5,calibration,denoise,random_walk,1024,1,23,22,-1
calibration__13__denoise__confidence_boost__nes__l0.5,calibration,denoise,confidence_boost,767,255,219,262,-1
calibration__13__denoise__boundary_probe__nes__l0.5,calibration,denoise,boundary_probe,924,98,118,162,920
calibration__13__denoise__counterfactual__nes__l0.5,calibration,denoise,counterfactual,894,128,144,148,-1
calibration__13__deblur__attack__nes__l1,calibration,deblur,attack,903,119,227,208,937
calibration__13__deblur__restore__nes__l1,calibration,deblur,restore,863,159,306,303,-1
calibration__13__deblur__random_walk__random_walk__l1,calibration,deblur,random_walk,1024,1,25,25,-1
calibration__13__deblur__confidence_boost__nes__l1,calibration,deblur,confidence_boost,805,217,222,233,-1
calibration__13__deblur__boundary_probe__nes__l1,calibration,deblur,boundary_probe,804,218,216,238,1006
calibration__13__deblur__counterfactual__nes__l1,calibration,deblur,counterfactual,847,175,180,207,973
calibration__5045__denoise__attack__nes__l0.5,calibration,denoise,attack,995,26,66,67,586
calibration__5045__denoise__restore__nes__l0.5,calibration,denoise,restore,989,33,147,160,-1
calibration__5045__denoise__random_walk__random_walk__l0.5,calibration,denoise,random_walk,1024,1,15,22,-1
calibration__5045__denoise__confidence_boost__nes__l0.5,calibration,denoise,confidence_boost,980,41,107,122,-1
calibration__5045__denoise__boundary_probe__nes__l0.5,calibration,denoise,boundary_probe,1007,15,84,104,655
calibration__5045__denoise__counterfactual__nes__l0.5,calibration,denoise,counterfactual,1014,8,108,47,587
calibration__5045__deblur__attack__nes__l1,calibration,deblur,attack,1018,4,94,99,408
calibration__5045__deblur__restore__nes__l1,calibration,deblur,restore,1014,8,172,32,-1
calibration__5045__deblur__random_walk__random_walk__l1,calibration,deblur,random_walk,1024,1,15,22,-1
calibration__5045__deblur__confidence_boost__nes__l1,calibration,deblur,confidence_boost,1015,7,147,142,-1
calibration__5045__deblur__boundary_probe__nes__l1,calibration,deblur,boundary_probe,1018,4,18,118,436
calibration__5045__deblur__counterfactual__nes__l1,calibration,deblur,counterfactual,1009,13,149,128,632
calibration__2503__denoise__attack__nes__l0.5,calibration,denoise,attack,1019,3,117,24,29
calibration__2503__denoise__restore__nes__l0.5,calibration,denoise,restore,1018,3,53,32,54
calibration__2503__denoise__random_walk__random_walk__l0.5,calibration,denoise,random_walk,1024,1,17,22,67
calibration__2503__denoise__confidence_boost__nes__l0.5,calibration,denoise,confidence_boost,1021,1,50,50,14
calibration__2503__denoise__boundary_probe__nes__l0.5,calibration,denoise,boundary_probe,1020,2,91,92,2
calibration__2503__denoise__counterfactual__nes__l0.5,calibration,denoise,counterfactual,1021,1,40,30,41
calibration__2503__deblur__attack__nes__l1,calibration,deblur,attack,1012,10,36,36,719
calibration__2503__deblur__restore__nes__l1,calibration,deblur,restore,1021,1,111,568,-1
calibration__2503__deblur__random_walk__random_walk__l1,calibration,deblur,random_walk,1024,1,21,22,-1
calibration__2503__deblur__confidence_boost__nes__l1,calibration,deblur,confidence_boost,1016,5,124,115,-1
calibration__2503__deblur__boundary_probe__nes__l1,calibration,deblur,boundary_probe,1021,1,131,112,743
calibration__2503__deblur__counterfactual__nes__l1,calibration,deblur,counterfactual,1017,5,90,91,732
calibration__6691__denoise__attack__nes__l0.5,calibration,denoise,attack,1016,6,84,87,219
calibration__6691__denoise__restore__nes__l0.5,calibration,denoise,restore,1014,8,52,65,-1
calibration__6691__denoise__random_walk__random_walk__l0.5,calibration,denoise,random_walk,1024,1,15,22,-1
calibration__6691__denoise__confidence_boost__nes__l0.5,calibration,denoise,confidence_boost,1013,9,83,84,-1
calibration__6691__denoise__boundary_probe__nes__l0.5,calibration,denoise,boundary_probe,1014,8,50,47,300
calibration__6691__denoise__counterfactual__nes__l0.5,calibration,denoise,counterfactual,1018,4,120,64,277
calibration__6691__deblur__attack__nes__l1,calibration,deblur,attack,1018,4,125,120,868
calibration__6691__deblur__restore__nes__l1,calibration,deblur,restore,1019,2,37,29,-1
calibration__6691__deblur__random_walk__random_walk__l1,calibration,deblur,random_walk,1024,1,15,22,-1
calibration__6691__deblur__confidence_boost__nes__l1,calibration,deblur,confidence_boost,1021,1,38,36,-1
calibration__6691__deblur__boundary_probe__nes__l1,calibration,deblur,boundary_probe,1020,2,99,99,835
calibration__6691__deblur__counterfactual__nes__l1,calibration,deblur,counterfactual,1018,4,98,95,-1
calibration__5494__denoise__attack__nes__l0.5,calibration,denoise,attack,1017,5,44,46,270
calibration__5494__denoise__restore__nes__l0.5,calibration,denoise,restore,1015,7,80,82,-1
calibration__5494__denoise__random_walk__random_walk__l0.5,calibration,denoise,random_walk,1024,1,15,22,-1
calibration__5494__denoise__confidence_boost__nes__l0.5,calibration,denoise,confidence_boost,1007,15,83,50,-1
calibration__5494__denoise__boundary_probe__nes__l0.5,calibration,denoise,boundary_probe,1016,6,97,71,209
calibration__5494__denoise__counterfactual__nes__l0.5,calibration,denoise,counterfactual,1019,3,78,67,216
calibration__5494__deblur__attack__nes__l1,calibration,deblur,attack,1010,12,26,33,893
calibration__5494__deblur__restore__nes__l1,calibration,deblur,restore,1009,13,154,37,-1
calibration__5494__deblur__random_walk__random_walk__l1,calibration,deblur,random_walk,1024,1,15,22,-1
calibration__5494__deblur__confidence_boost__nes__l1,calibration,deblur,confidence_boost,1008,14,118,35,-1
calibration__5494__deblur__boundary_probe__nes__l1,calibration,deblur,boundary_probe,1009,13,142,142,-1
calibration__5494__deblur__counterfactual__nes__l1,calibration,deblur,counterfactual,1017,5,94,99,-1
evaluation__539__denoise__attack__nes__l0.5,evaluation,denoise,attack,1021,1,55,56,576
evaluation__539__denoise__restore__nes__l0.5,evaluation,denoise,restore,1018,4,70,67,-1
evaluation__539__denoise__random_walk__random_walk__l0.5,evaluation,denoise,random_walk,1024,1,42,45,-1
evaluation__539__denoise__confidence_boost__nes__l0.5,evaluation,denoise,confidence_boost,1020,2,41,26,-1
evaluation__539__denoise__boundary_probe__nes__l0.5,evaluation,denoise,boundary_probe,1020,2,77,100,667
evaluation__539__denoise__counterfactual__nes__l0.5,evaluation,denoise,counterfactual,1018,4,86,91,571
evaluation__539__deblur__attack__nes__l1,evaluation,deblur,attack,1019,3,99,98,-1
evaluation__539__deblur__restore__nes__l1,evaluation,deblur,restore,1020,2,100,116,-1
evaluation__539__deblur__random_walk__random_walk__l1,evaluation,deblur,random_walk,1024,1,17,22,-1
evaluation__539__deblur__confidence_boost__nes__l1,evaluation,deblur,confidence_boost,1021,1,131,130,-1
evaluation__539__deblur__boundary_probe__nes__l1,evaluation,deblur,boundary_probe,1021,1,49,62,-1
evaluation__539__deblur__counterfactual__nes__l1,evaluation,deblur,counterfactual,1021,1,93,94,-1
evaluation__4126__denoise__attack__nes__l0.5,evaluation,denoise,attack,1021,1,49,53,584
evaluation__4126__denoise__restore__nes__l0.5,evaluation,denoise,restore,1021,1,43,31,-1
evaluation__4126__denoise__random_walk__random_walk__l0.5,evaluation,denoise,random_walk,1024,1,17,22,-1
evaluation__4126__denoise__confidence_boost__nes__l0.5,evaluation,denoise,confidence_boost,1021,1,81,75,-1
evaluation__4126__denoise__boundary_probe__nes__l0.5,evaluation,denoise,boundary_probe,1021,1,40,26,649
evaluation__4126__denoise__counterfactual__nes__l0.5,evaluation,denoise,counterfactual,1021,1,93,92,496
evaluation__4126__deblur__attack__nes__l1,evaluation,deblur,attack,1021,1,142,71,786
evaluation__4126__deblur__restore__nes__l1,evaluation,deblur,restore,1021,1,549,28,-1
evaluation__4126__deblur__random_walk__random_walk__l1,evaluation,deblur,random_walk,1024,1,15,22,-1
evaluation__4126__deblur__confidence_boost__nes__l1,evaluation,deblur,confidence_boost,1021,1,148,122,-1
evaluation__4126__deblur__boundary_probe__nes__l1,evaluation,deblur,boundary_probe,1021,1,146,120,680
evaluation__4126__deblur__counterfactual__nes__l1,evaluation,deblur,counterfactual,1021,1,56,22,783
evaluation__7748__denoise__attack__nes__l0.5,evaluation,denoise,attack,1021,1,15,33,-1
evaluation__7748__denoise__restore__nes__l0.5,evaluation,denoise,restore,1020,2,70,110,-1
evaluation__7748__denoise__random_walk__random_walk__l0.5,evaluation,denoise,random_walk,1024,1,15,22,-1
evaluation__7748__denoise__confidence_boost__nes__l0.5,evaluation,denoise,confidence_boost,1021,1,82,32,-1
evaluation__7748__denoise__boundary_probe__nes__l0.5,evaluation,denoise,boundary_probe,1018,4,66,75,-1
evaluation__7748__denoise__counterfactual__nes__l0.5,evaluation,denoise,counterfactual,1021,1,51,30,-1
evaluation__7748__deblur__attack__nes__l1,evaluation,deblur,attack,1016,6,316,86,-1
evaluation__7748__deblur__restore__nes__l1,evaluation,deblur,restore,1021,1,552,52,-1
evaluation__7748__deblur__random_walk__random_walk__l1,evaluation,deblur,random_walk,1024,1,15,22,-1
evaluation__7748__deblur__confidence_boost__nes__l1,evaluation,deblur,confidence_boost,1021,1,186,52,-1
evaluation__7748__deblur__boundary_probe__nes__l1,evaluation,deblur,boundary_probe,1021,1,305,39,-1
evaluation__7748__deblur__counterfactual__nes__l1,evaluation,deblur,counterfactual,1020,2,372,67,-1
evaluation__9973__denoise__attack__nes__l0.5,evaluation,denoise,attack,1021,1,30,22,393
evaluation__9973__denoise__restore__nes__l0.5,evaluation,denoise,restore,1021,1,40,30,-1
evaluation__9973__denoise__random_walk__random_walk__l0.5,evaluation,denoise,random_walk,1024,1,15,25,-1
evaluation__9973__denoise__confidence_boost__nes__l0.5,evaluation,denoise,confidence_boost,1021,1,15,90,-1
evaluation__9973__denoise__boundary_probe__nes__l0.5,evaluation,denoise,boundary_probe,1021,1,50,42,417
evaluation__9973__denoise__counterfactual__nes__l0.5,evaluation,denoise,counterfactual,1021,1,47,50,373
evaluation__9973__deblur__attack__nes__l1,evaluation,deblur,attack,1021,1,151,151,548
evaluation__9973__deblur__restore__nes__l1,evaluation,deblur,restore,1021,1,312,317,-1
evaluation__9973__deblur__random_walk__random_walk__l1,evaluation,deblur,random_walk,1024,1,16,22,-1
evaluation__9973__deblur__confidence_boost__nes__l1,evaluation,deblur,confidence_boost,1021,1,68,22,-1
evaluation__9973__deblur__boundary_probe__nes__l1,evaluation,deblur,boundary_probe,1021,1,121,110,530
evaluation__9973__deblur__counterfactual__nes__l1,evaluation,deblur,counterfactual,1021,1,106,108,619
evaluation__1751__denoise__attack__nes__l0.5,evaluation,denoise,attack,930,92,176,172,-1
evaluation__1751__denoise__restore__nes__l0.5,evaluation,denoise,restore,952,70,133,113,-1
evaluation__1751__denoise__random_walk__random_walk__l0.5,evaluation,denoise,random_walk,1024,1,15,22,-1
evaluation__1751__denoise__confidence_boost__nes__l0.5,evaluation,denoise,confidence_boost,831,191,202,212,-1
evaluation__1751__denoise__boundary_probe__nes__l0.5,evaluation,denoise,boundary_probe,882,140,156,206,-1
evaluation__1751__denoise__counterfactual__nes__l0.5,evaluation,denoise,counterfactual,860,162,171,183,-1
evaluation__1751__deblur__attack__nes__l1,evaluation,deblur,attack,888,134,148,155,-1
evaluation__1751__deblur__restore__nes__l1,evaluation,deblur,restore,913,109,178,130,-1
evaluation__1751__deblur__random_walk__random_walk__l1,evaluation,deblur,random_walk,1024,1,15,22,-1
evaluation__1751__deblur__confidence_boost__nes__l1,evaluation,deblur,confidence_boost,874,148,237,233,-1
evaluation__1751__deblur__boundary_probe__nes__l1,evaluation,deblur,boundary_probe,954,68,132,150,-1
evaluation__1751__deblur__counterfactual__nes__l1,evaluation,deblur,counterfactual,757,265,222,281,-1
evaluation__5245__denoise__attack__nes__l0.5,evaluation,denoise,attack,1017,5,85,80,-1
evaluation__5245__denoise__restore__nes__l0.5,evaluation,denoise,restore,1021,1,40,32,-1
evaluation__5245__denoise__random_walk__random_walk__l0.5,evaluation,denoise,random_walk,1024,1,23,22,-1
evaluation__5245__denoise__confidence_boost__nes__l0.5,evaluation,denoise,confidence_boost,1020,2,84,86,-1
evaluation__5245__denoise__boundary_probe__nes__l0.5,evaluation,denoise,boundary_probe,1021,1,40,39,-1
evaluation__5245__denoise__counterfactual__nes__l0.5,evaluation,denoise,counterfactual,1020,2,19,93,-1
evaluation__5245__deblur__attack__nes__l1,evaluation,deblur,attack,1020,2,104,73,-1
evaluation__5245__deblur__restore__nes__l1,evaluation,deblur,restore,1021,1,132,133,-1
evaluation__5245__deblur__random_walk__random_walk__l1,evaluation,deblur,random_walk,1024,1,15,22,-1
evaluation__5245__deblur__confidence_boost__nes__l1,evaluation,deblur,confidence_boost,1021,1,40,91,-1
evaluation__5245__deblur__boundary_probe__nes__l1,evaluation,deblur,boundary_probe,1021,1,104,102,-1
evaluation__5245__deblur__counterfactual__nes__l1,evaluation,deblur,counterfactual,1021,1,91,97,-1
evaluation__8123__denoise__attack__nes__l0.5,evaluation,denoise,attack,1011,11,28,33,870
evaluation__8123__denoise__restore__nes__l0.5,evaluation,denoise,restore,1003,19,33,81,-1
evaluation__8123__denoise__random_walk__random_walk__l0.5,evaluation,denoise,random_walk,1024,1,21,22,-1
evaluation__8123__denoise__confidence_boost__nes__l0.5,evaluation,denoise,confidence_boost,1003,19,52,80,-1
evaluation__8123__denoise__boundary_probe__nes__l0.5,evaluation,denoise,boundary_probe,1006,16,68,79,941
evaluation__8123__denoise__counterfactual__nes__l0.5,evaluation,denoise,counterfactual,1012,10,49,31,877
evaluation__8123__deblur__attack__nes__l1,evaluation,deblur,attack,1020,2,48,36,100
evaluation__8123__deblur__restore__nes__l1,evaluation,deblur,restore,1017,5,624,623,399
evaluation__8123__deblur__random_walk__random_walk__l1,evaluation,deblur,random_walk,1024,1,15,22,-1
evaluation__8123__deblur__confidence_boost__nes__l1,evaluation,deblur,confidence_boost,1016,4,139,142,-1
evaluation__8123__deblur__boundary_probe__nes__l1,evaluation,deblur,boundary_probe,1019,3,61,61,131
evaluation__8123__deblur__counterfactual__nes__l1,evaluation,deblur,counterfactual,1016,6,38,38,63
evaluation__1202__denoise__attack__nes__l0.5,evaluation,denoise,attack,991,31,64,63,655
evaluation__1202__denoise__restore__nes__l0.5,evaluation,denoise,restore,927,95,184,187,-1
evaluation__1202__denoise__random_walk__random_walk__l0.5,evaluation,denoise,random_walk,1024,1,15,22,-1
evaluation__1202__denoise__confidence_boost__nes__l0.5,evaluation,denoise,confidence_boost,973,49,78,94,-1
evaluation__1202__denoise__boundary_probe__nes__l0.5,evaluation,denoise,boundary_probe,995,27,79,74,553
evaluation__1202__denoise__counterfactual__nes__l0.5,evaluation,denoise,counterfactual,977,45,135,131,697
evaluation__1202__deblur__attack__nes__l1,evaluation,deblur,attack,1016,6,132,66,-1
evaluation__1202__deblur__restore__nes__l1,evaluation,deblur,restore,1004,17,32,480,-1
evaluation__1202__deblur__random_walk__random_walk__l1,evaluation,deblur,random_walk,1024,1,15,22,-1
evaluation__1202__deblur__confidence_boost__nes__l1,evaluation,deblur,confidence_boost,1013,9,139,47,-1
evaluation__1202__deblur__boundary_probe__nes__l1,evaluation,deblur,boundary_probe,1006,15,125,125,920
evaluation__1202__deblur__counterfactual__nes__l1,evaluation,deblur,counterfactual,1018,4,21,92,-1
evaluation__3713__denoise__attack__nes__l0.5,evaluation,denoise,attack,1007,14,61,78,-1
evaluation__3713__denoise__restore__nes__l0.5,evaluation,denoise,restore,1004,14,133,134,-1
evaluation__3713__denoise__random_walk__random_walk__l0.5,evaluation,denoise,random_walk,1024,1,24,22,-1
evaluation__3713__denoise__confidence_boost__nes__l0.5,evaluation,denoise,confidence_boost,1016,6,55,31,-1
evaluation__3713__denoise__boundary_probe__nes__l0.5,evaluation,denoise,boundary_probe,1013,9,51,98,-1
evaluation__3713__denoise__counterfactual__nes__l0.5,evaluation,denoise,counterfactual,1003,19,62,64,-1
evaluation__3713__deblur__attack__nes__l1,evaluation,deblur,attack,1020,2,120,105,995
evaluation__3713__deblur__restore__nes__l1,evaluation,deblur,restore,1014,8,239,180,-1
evaluation__3713__deblur__random_walk__random_walk__l1,evaluation,deblur,random_walk,1024,1,15,22,-1
evaluation__3713__deblur__confidence_boost__nes__l1,evaluation,deblur,confidence_boost,1014,8,92,80,-1
evaluation__3713__deblur__boundary_probe__nes__l1,evaluation,deblur,boundary_probe,1010,12,28,74,926
evaluation__3713__deblur__counterfactual__nes__l1,evaluation,deblur,counterfactual,1013,9,88,95,932
evaluation__7340__denoise__attack__nes__l0.5,evaluation,denoise,attack,1002,20,67,65,162
evaluation__7340__denoise__restore__nes__l0.5,evaluation,denoise,restore,1009,13,96,96,-1
evaluation__7340__denoise__random_walk__random_walk__l0.5,evaluation,denoise,random_walk,1024,1,15,22,-1
evaluation__7340__denoise__confidence_boost__nes__l0.5,evaluation,denoise,confidence_boost,1017,5,107,98,-1
evaluation__7340__denoise__boundary_probe__nes__l0.5,evaluation,denoise,boundary_probe,1004,17,57,64,156
evaluation__7340__denoise__counterfactual__nes__l0.5,evaluation,denoise,counterfactual,1010,12,64,64,216
evaluation__7340__deblur__attack__nes__l1,evaluation,deblur,attack,972,49,173,141,474
evaluation__7340__deblur__restore__nes__l1,evaluation,deblur,restore,1015,7,950,987,-1
evaluation__7340__deblur__random_walk__random_walk__l1,evaluation,deblur,random_walk,1024,1,20,22,-1
evaluation__7340__deblur__confidence_boost__nes__l1,evaluation,deblur,confidence_boost,1005,17,83,120,-1
evaluation__7340__deblur__boundary_probe__nes__l1,evaluation,deblur,boundary_probe,977,45,178,165,432
evaluation__7340__deblur__counterfactual__nes__l1,evaluation,deblur,counterfactual,1017,5,99,114,498
evaluation__294__denoise__attack__nes__l0.5,evaluation,denoise,attack,965,56,148,141,-1
evaluation__294__denoise__restore__nes__l0.5,evaluation,denoise,restore,1013,9,51,53,-1
evaluation__294__denoise__random_walk__random_walk__l0.5,evaluation,denoise,random_walk,1024,1,31,31,-1
evaluation__294__denoise__confidence_boost__nes__l0.5,evaluation,denoise,confidence_boost,1003,19,120,117,-1
evaluation__294__denoise__boundary_probe__nes__l0.5,evaluation,denoise,boundary_probe,991,30,91,83,-1
evaluation__294__denoise__counterfactual__nes__l0.5,evaluation,denoise,counterfactual,1007,15,29,115,-1
evaluation__294__deblur__attack__nes__l1,evaluation,deblur,attack,1011,11,109,98,-1
evaluation__294__deblur__restore__nes__l1,evaluation,deblur,restore,1018,4,102,100,-1
evaluation__294__deblur__random_walk__random_walk__l1,evaluation,deblur,random_walk,1024,1,20,22,-1
evaluation__294__deblur__confidence_boost__nes__l1,evaluation,deblur,confidence_boost,1017,4,47,46,-1
evaluation__294__deblur__boundary_probe__nes__l1,evaluation,deblur,boundary_probe,1021,1,40,22,-1
evaluation__294__deblur__counterfactual__nes__l1,evaluation,deblur,counterfactual,1018,4,124,107,-1
evaluation__4155__denoise__attack__nes__l0.5,evaluation,denoise,attack,1020,2,133,36,650
evaluation__4155__denoise__restore__nes__l0.5,evaluation,denoise,restore,1021,1,100,77,-1
evaluation__4155__denoise__random_walk__random_walk__l0.5,evaluation,denoise,random_walk,1024,1,18,22,-1
evaluation__4155__denoise__confidence_boost__nes__l0.5,evaluation,denoise,confidence_boost,1021,1,73,37,-1
evaluation__4155__denoise__boundary_probe__nes__l0.5,evaluation,denoise,boundary_probe,1021,1,81,31,598
evaluation__4155__denoise__counterfactual__nes__l0.5,evaluation,denoise,counterfactual,1021,1,35,22,583
evaluation__4155__deblur__attack__nes__l1,evaluation,deblur,attack,1021,1,103,103,-1
evaluation__4155__deblur__restore__nes__l1,evaluation,deblur,restore,1021,1,130,43,-1
evaluation__4155__deblur__random_walk__random_walk__l1,evaluation,deblur,random_walk,1024,1,15,22,-1
evaluation__4155__deblur__confidence_boost__nes__l1,evaluation,deblur,confidence_boost,1021,1,69,75,-1
evaluation__4155__deblur__boundary_probe__nes__l1,evaluation,deblur,boundary_probe,1020,2,54,52,-1
evaluation__4155__deblur__counterfactual__nes__l1,evaluation,deblur,counterfactual,1020,2,118,118,-1
evaluation__6237__denoise__attack__nes__l0.5,evaluation,denoise,attack,756,266,239,284,272
evaluation__6237__denoise__restore__nes__l0.5,evaluation,denoise,restore,816,206,204,235,-1
evaluation__6237__denoise__random_walk__random_walk__l0.5,evaluation,denoise,random_walk,1024,1,15,22,-1
evaluation__6237__denoise__confidence_boost__nes__l0.5,evaluation,denoise,confidence_boost,854,168,167,188,-1
evaluation__6237__denoise__boundary_probe__nes__l0.5,evaluation,denoise,boundary_probe,795,227,221,245,294
evaluation__6237__denoise__counterfactual__nes__l0.5,evaluation,denoise,counterfactual,930,92,157,153,210
evaluation__6237__deblur__attack__nes__l1,evaluation,deblur,attack,976,46,79,125,14
evaluation__6237__deblur__restore__nes__l1,evaluation,deblur,restore,997,25,153,156,2
evaluation__6237__deblur__random_walk__random_walk__l1,evaluation,deblur,random_walk,1024,1,15,22,-1
evaluation__6237__deblur__confidence_boost__nes__l1,evaluation,deblur,confidence_boost,986,36,131,135,11
evaluation__6237__deblur__boundary_probe__nes__l1,evaluation,deblur,boundary_probe,961,61,289,291,5
evaluation__6237__deblur__counterfactual__nes__l1,evaluation,deblur,counterfactual,989,33,166,129,29
evaluation__8739__denoise__attack__nes__l0.5,evaluation,denoise,attack,1021,1,35,25,401
evaluation__8739__denoise__restore__nes__l0.5,evaluation,denoise,restore,1021,1,69,62,-1
evaluation__8739__denoise__random_walk__random_walk__l0.5,evaluation,denoise,random_walk,1024,1,15,22,-1
evaluation__8739__denoise__confidence_boost__nes__l0.5,evaluation,denoise,confidence_boost,1021,1,82,82,-1
evaluation__8739__denoise__boundary_probe__nes__l0.5,evaluation,denoise,boundary_probe,1021,1,68,68,400
evaluation__8739__denoise__counterfactual__nes__l0.5,evaluation,denoise,counterfactual,1021,1,68,30,410
evaluation__8739__deblur__attack__nes__l1,evaluation,deblur,attack,1021,1,111,120,310
evaluation__8739__deblur__restore__nes__l1,evaluation,deblur,restore,1021,1,68,155,-1
evaluation__8739__deblur__random_walk__random_walk__l1,evaluation,deblur,random_walk,1024,1,15,22,-1
evaluation__8739__deblur__confidence_boost__nes__l1,evaluation,deblur,confidence_boost,1021,1,101,104,-1
evaluation__8739__deblur__boundary_probe__nes__l1,evaluation,deblur,boundary_probe,1021,1,89,80,363
evaluation__8739__deblur__counterfactual__nes__l1,evaluation,deblur,counterfactual,1021,1,99,99,310
evaluation__3671__denoise__attack__nes__l0.5,evaluation,denoise,attack,1020,2,55,44,748
evaluation__3671__denoise__restore__nes__l0.5,evaluation,denoise,restore,1008,14,132,84,-1
evaluation__3671__denoise__random_walk__random_walk__l0.5,evaluation,denoise,random_walk,1024,1,15,22,-1
evaluation__3671__denoise__confidence_boost__nes__l0.5,evaluation,denoise,confidence_boost,1019,3,67,35,-1
evaluation__3671__denoise__boundary_probe__nes__l0.5,evaluation,denoise,boundary_probe,1020,2,112,96,552
evaluation__3671__denoise__counterfactual__nes__l0.5,evaluation,denoise,counterfactual,1019,3,20,107,611
evaluation__3671__deblur__attack__nes__l1,evaluation,deblur,attack,1021,1,277,37,460
evaluation__3671__deblur__restore__nes__l1,evaluation,deblur,restore,1021,1,770,54,-1
evaluation__3671__deblur__random_walk__random_walk__l1,evaluation,deblur,random_walk,1024,1,18,22,-1
evaluation__3671__deblur__confidence_boost__nes__l1,evaluation,deblur,confidence_boost,1020,2,158,23,-1
evaluation__3671__deblur__boundary_probe__nes__l1,evaluation,deblur,boundary_probe,1018,4,288,69,545
evaluation__3671__deblur__counterfactual__nes__l1,evaluation,deblur,counterfactual,1021,1,328,35,460
evaluation__4173__denoise__attack__nes__l0.5,evaluation,denoise,attack,1005,17,96,73,-1
evaluation__4173__denoise__restore__nes__l0.5,evaluation,denoise,restore,1020,2,182,149,-1
evaluation__4173__denoise__random_walk__random_walk__l0.5,evaluation,denoise,random_walk,1024,1,15,22,-1
evaluation__4173__denoise__confidence_boost__nes__l0.5,evaluation,denoise,confidence_boost,990,32,125,100,-1
evaluation__4173__denoise__boundary_probe__nes__l0.5,evaluation,denoise,boundary_probe,992,30,111,111,-1
evaluation__4173__denoise__counterfactual__nes__l0.5,evaluation,denoise,counterfactual,974,48,167,152,-1
evaluation__4173__deblur__attack__nes__l1,evaluation,deblur,attack,1016,6,178,76,715
evaluation__4173__deblur__restore__nes__l1,evaluation,deblur,restore,1018,4,488,32,-1
evaluation__4173__deblur__random_walk__random_walk__l1,evaluation,deblur,random_walk,1024,1,15,22,-1
evaluation__4173__deblur__confidence_boost__nes__l1,evaluation,deblur,confidence_boost,1020,2,114,96,-1
evaluation__4173__deblur__boundary_probe__nes__l1,evaluation,deblur,boundary_probe,1021,1,83,69,630
evaluation__4173__deblur__counterfactual__nes__l1,evaluation,deblur,counterfactual,1018,4,188,62,817
evaluation__8500__denoise__attack__nes__l0.5,evaluation,denoise,attack,1016,6,92,97,294
evaluation__8500__denoise__restore__nes__l0.5,evaluation,denoise,restore,1016,6,112,112,-1
evaluation__8500__denoise__random_walk__random_walk__l0.5,evaluation,denoise,random_walk,1024,1,15,22,-1
evaluation__8500__denoise__confidence_boost__nes__l0.5,evaluation,denoise,confidence_boost,1017,5,103,92,-1
evaluation__8500__denoise__boundary_probe__nes__l0.5,evaluation,denoise,boundary_probe,1019,3,97,97,275
evaluation__8500__denoise__counterfactual__nes__l0.5,evaluation,denoise,counterfactual,1019,3,109,108,266
evaluation__8500__deblur__attack__nes__l1,evaluation,deblur,attack,1021,1,57,69,-1
evaluation__8500__deblur__restore__nes__l1,evaluation,deblur,restore,1021,1,131,90,-1
evaluation__8500__deblur__random_walk__random_walk__l1,evaluation,deblur,random_walk,1024,1,15,22,-1
evaluation__8500__deblur__confidence_boost__nes__l1,evaluation,deblur,confidence_boost,1021,1,30,29,-1
evaluation__8500__deblur__boundary_probe__nes__l1,evaluation,deblur,boundary_probe,1021,1,99,90,-1
evaluation__8500__deblur__counterfactual__nes__l1,evaluation,deblur,counterfactual,1021,1,57,62,-1
evaluation__1745__denoise__attack__nes__l0.5,evaluation,denoise,attack,973,49,124,135,444
evaluation__1745__denoise__restore__nes__l0.5,evaluation,denoise,restore,991,31,112,79,-1
evaluation__1745__denoise__random_walk__random_walk__l0.5,evaluation,denoise,random_walk,1024,1,17,22,-1
evaluation__1745__denoise__confidence_boost__nes__l0.5,evaluation,denoise,confidence_boost,996,26,139,136,-1
evaluation__1745__denoise__boundary_probe__nes__l0.5,evaluation,denoise,boundary_probe,957,64,104,98,455
evaluation__1745__denoise__counterfactual__nes__l0.5,evaluation,denoise,counterfactual,998,24,97,68,480
evaluation__1745__deblur__attack__nes__l1,evaluation,deblur,attack,998,24,127,101,-1
evaluation__1745__deblur__restore__nes__l1,evaluation,deblur,restore,1007,15,29,36,-1
evaluation__1745__deblur__random_walk__random_walk__l1,evaluation,deblur,random_walk,1024,1,15,22,-1
evaluation__1745__deblur__confidence_boost__nes__l1,evaluation,deblur,confidence_boost,991,31,108,77,-1
evaluation__1745__deblur__boundary_probe__nes__l1,evaluation,deblur,boundary_probe,1003,19,176,188,-1
evaluation__1745__deblur__counterfactual__nes__l1,evaluation,deblur,counterfactual,997,25,139,121,-1
evaluation__4860__denoise__attack__nes__l0.5,evaluation,denoise,attack,1021,1,66,73,668
evaluation__4860__denoise__restore__nes__l0.5,evaluation,denoise,restore,1021,1,125,125,-1
evaluation__4860__denoise__random_walk__random_walk__l0.5,evaluation,denoise,random_walk,1024,1,17,22,-1
evaluation__4860__denoise__confidence_boost__nes__l0.5,evaluation,denoise,confidence_boost,1021,1,73,77,-1
evaluation__4860__denoise__boundary_probe__nes__l0.5,evaluation,denoise,boundary_probe,1021,1,20,22,601
evaluation__4860__denoise__counterfactual__nes__l0.5,evaluation,denoise,counterfactual,1021,1,40,26,592
evaluation__4860__deblur__attack__nes__l1,evaluation,deblur,attack,1021,1,230,38,-1
evaluation__4860__deblur__restore__nes__l1,evaluation,deblur,restore,1021,1,508,60,-1
evaluation__4860__deblur__random_walk__random_walk__l1,evaluation,deblur,random_walk,1024,1,15,22,-1
evaluation__4860__deblur__confidence_boost__nes__l1,evaluation,deblur,confidence_boost,1021,1,167,38,-1
evaluation__4860__deblur__boundary_probe__nes__l1,evaluation,deblur,boundary_probe,1021,1,240,48,958
evaluation__4860__deblur__counterfactual__nes__l1,evaluation,deblur,counterfactual,1021,1,221,35,-1
evaluation__7720__denoise__attack__nes__l0.5,evaluation,denoise,attack,1004,18,150,139,235
evaluation__7720__denoise__restore__nes__l0.5,evaluation,denoise,restore,985,37,154,161,-1
evaluation__7720__denoise__random_walk__random_walk__l0.5,evaluation,denoise,random_walk,1024,1,28,22,-1
evaluation__7720__denoise__confidence_boost__nes__l0.5,evaluation,denoise,confidence_boost,984,38,134,146,-1
evaluation__7720__denoise__boundary_probe__nes__l0.5,evaluation,denoise,boundary_probe,1020,2,89,93,268
evaluation__7720__denoise__counterfactual__nes__l0.5,evaluation,denoise,counterfactual,978,44,103,166,243
evaluation__7720__deblur__attack__nes__l1,evaluation,deblur,attack,1020,2,151,70,444
evaluation__7720__deblur__restore__nes__l1,evaluation,deblur,restore,1021,1,305,33,-1
evaluation__7720__deblur__random_walk__random_walk__l1,evaluation,deblur,random_walk,1024,1,19,22,-1
evaluation__7720__deblur__confidence_boost__nes__l1,evaluation,deblur,confidence_boost,1020,2,158,148,-1
evaluation__7720__deblur__boundary_probe__nes__l1,evaluation,deblur,boundary_probe,1021,1,111,93,365
evaluation__7720__deblur__counterfactual__nes__l1,evaluation,deblur,counterfactual,1020,2,158,120,381
evaluation__920__denoise__attack__nes__l0.5,evaluation,denoise,attack,1018,4,85,102,-1
evaluation__920__denoise__restore__nes__l0.5,evaluation,denoise,restore,1020,2,99,66,-1
evaluation__920__denoise__random_walk__random_walk__l0.5,evaluation,denoise,random_walk,1024,1,16,22,-1
evaluation__920__denoise__confidence_boost__nes__l0.5,evaluation,denoise,confidence_boost,1020,2,91,31,-1
evaluation__920__denoise__boundary_probe__nes__l0.5,evaluation,denoise,boundary_probe,1021,1,67,53,-1
evaluation__920__denoise__counterfactual__nes__l0.5,evaluation,denoise,counterfactual,1009,12,80,48,-1
evaluation__920__deblur__attack__nes__l1,evaluation,deblur,attack,1015,7,78,78,632
evaluation__920__deblur__restore__nes__l1,evaluation,deblur,restore,1020,2,42,33,-1
evaluation__920__deblur__random_walk__random_walk__l1,evaluation,deblur,random_walk,1024,1,15,22,-1
evaluation__920__deblur__confidence_boost__nes__l1,evaluation,deblur,confidence_boost,1012,10,112,108,-1
evaluation__920__deblur__boundary_probe__nes__l1,evaluation,deblur,boundary_probe,1021,1,107,112,527
evaluation__920__deblur__counterfactual__nes__l1,evaluation,deblur,counterfactual,1017,5,83,34,539
evaluation__4127__denoise__attack__nes__l0.5,evaluation,denoise,attack,1020,2,95,102,-1
evaluation__4127__denoise__restore__nes__l0.5,evaluation,denoise,restore,1021,1,40,30,-1
evaluation__4127__denoise__random_walk__random_walk__l0.5,evaluation,denoise,random_walk,1024,1,15,22,-1
evaluation__4127__denoise__confidence_boost__nes__l0.5,evaluation,denoise,confidence_boost,1003,19,41,43,-1
evaluation__4127__denoise__boundary_probe__nes__l0.5,evaluation,denoise,boundary_probe,1018,4,61,67,-1
evaluation__4127__denoise__counterfactual__nes__l0.5,evaluation,denoise,counterfactual,1019,3,51,51,-1
evaluation__4127__deblur__attack__nes__l1,evaluation,deblur,attack,1021,1,102,106,318
evaluation__4127__deblur__restore__nes__l1,evaluation,deblur,restore,1015,7,204,220,-1
evaluation__4127__deblur__random_walk__random_walk__l1,evaluation,deblur,random_walk,1024,1,16,22,-1
evaluation__4127__deblur__confidence_boost__nes__l1,evaluation,deblur,confidence_boost,1018,4,104,45,-1
evaluation__4127__deblur__boundary_probe__nes__l1,evaluation,deblur,boundary_probe,1015,7,120,123,248
evaluation__4127__deblur__counterfactual__nes__l1,evaluation,deblur,counterfactual,1018,4,86,86,253
evaluation__6192__denoise__attack__nes__l0.5,evaluation,denoise,attack,1014,8,59,66,-1
evaluation__6192__denoise__restore__nes__l0.5,evaluation,denoise,restore,994,26,56,55,-1
evaluation__6192__denoise__random_walk__random_walk__l0.5,evaluation,denoise,random_walk,1024,1,15,22,-1
evaluation__6192__denoise__confidence_boost__nes__l0.5,evaluation,denoise,confidence_boost,1013,9,50,50,-1
evaluation__6192__denoise__boundary_probe__nes__l0.5,evaluation,denoise,boundary_probe,1004,18,66,66,-1
evaluation__6192__denoise__counterfactual__nes__l0.5,evaluation,denoise,counterfactual,1016,6,65,65,-1
evaluation__6192__deblur__attack__nes__l1,evaluation,deblur,attack,1014,8,40,76,990
evaluation__6192__deblur__restore__nes__l1,evaluation,deblur,restore,1005,16,128,238,-1
evaluation__6192__deblur__random_walk__random_walk__l1,evaluation,deblur,random_walk,1024,1,15,22,-1
evaluation__6192__deblur__confidence_boost__nes__l1,evaluation,deblur,confidence_boost,1012,10,81,94,-1
evaluation__6192__deblur__boundary_probe__nes__l1,evaluation,deblur,boundary_probe,1005,17,56,47,935
evaluation__6192__deblur__counterfactual__nes__l1,evaluation,deblur,counterfactual,1004,18,133,124,985
evaluation__8534__denoise__attack__nes__l0.5,evaluation,denoise,attack,917,105,162,171,-1
evaluation__8534__denoise__restore__nes__l0.5,evaluation,denoise,restore,930,92,119,119,-1
evaluation__8534__denoise__random_walk__random_walk__l0.5,evaluation,denoise,random_walk,1024,1,15,22,-1
evaluation__8534__denoise__confidence_boost__nes__l0.5,evaluation,denoise,confidence_boost,955,67,162,161,-1
evaluation__8534__denoise__boundary_probe__nes__l0.5,evaluation,denoise,boundary_probe,904,118,216,205,-1
evaluation__8534__denoise__counterfactual__nes__l0.5,evaluation,denoise,counterfactual,906,116,128,224,-1
evaluation__8534__deblur__attack__nes__l1,evaluation,deblur,attack,1003,19,92,117,731
evaluation__8534__deblur__restore__nes__l1,evaluation,deblur,restore,980,42,171,117,-1
evaluation__8534__deblur__random_walk__random_walk__l1,evaluation,deblur,random_walk,1024,1,15,22,-1
evaluation__8534__deblur__confidence_boost__nes__l1,evaluation,deblur,confidence_boost,998,24,44,51,-1
evaluation__8534__deblur__boundary_probe__nes__l1,evaluation,deblur,boundary_probe,1014,8,90,90,625
evaluation__8534__deblur__counterfactual__nes__l1,evaluation,deblur,counterfactual,955,67,84,160,594
evaluation__3437__denoise__attack__nes__l0.5,evaluation,denoise,attack,1019,3,75,85,3
evaluation__3437__denoise__restore__nes__l0.5,evaluation,denoise,restore,1019,3,134,69,5
evaluation__3437__denoise__random_walk__random_walk__l0.5,evaluation,denoise,random_walk,1024,1,15,22,86
evaluation__3437__denoise__confidence_boost__nes__l0.5,evaluation,denoise,confidence_boost,1008,14,95,38,5
evaluation__3437__denoise__boundary_probe__nes__l0.5,evaluation,denoise,boundary_probe,1014,8,67,67,2
evaluation__3437__denoise__counterfactual__nes__l0.5,evaluation,denoise,counterfactual,1019,3,51,44,4
evaluation__3437__deblur__attack__nes__l1,evaluation,deblur,attack,1021,1,126,111,-1
evaluation__3437__deblur__restore__nes__l1,evaluation,deblur,restore,1020,2,299,56,-1
evaluation__3437__deblur__random_walk__random_walk__l1,evaluation,deblur,random_walk,1024,1,21,22,-1
evaluation__3437__deblur__confidence_boost__nes__l1,evaluation,deblur,confidence_boost,1020,2,107,23,-1
evaluation__3437__deblur__boundary_probe__nes__l1,evaluation,deblur,boundary_probe,1019,3,117,117,-1
evaluation__3437__deblur__counterfactual__nes__l1,evaluation,deblur,counterfactual,1018,4,125,118,-1
evaluation__5246__denoise__attack__nes__l0.5,evaluation,denoise,attack,1001,21,66,58,731
evaluation__5246__denoise__restore__nes__l0.5,evaluation,denoise,restore,1002,20,87,164,-1
evaluation__5246__denoise__random_walk__random_walk__l0.5,evaluation,denoise,random_walk,1024,1,15,22,-1
evaluation__5246__denoise__confidence_boost__nes__l0.5,evaluation,denoise,confidence_boost,998,24,95,104,-1
evaluation__5246__denoise__boundary_probe__nes__l0.5,evaluation,denoise,boundary_probe,961,61,93,119,600
evaluation__5246__denoise__counterfactual__nes__l0.5,evaluation,denoise,counterfactual,974,48,151,156,522
evaluation__5246__deblur__attack__nes__l1,evaluation,deblur,attack,980,42,79,99,852
evaluation__5246__deblur__restore__nes__l1,evaluation,deblur,restore,958,64,119,145,-1
evaluation__5246__deblur__random_walk__random_walk__l1,evaluation,deblur,random_walk,1024,1,15,22,-1
evaluation__5246__deblur__confidence_boost__nes__l1,evaluation,deblur,confidence_boost,979,43,57,66,-1
evaluation__5246__deblur__boundary_probe__nes__l1,evaluation,deblur,boundary_probe,981,41,156,112,825
evaluation__5246__deblur__counterfactual__nes__l1,evaluation,deblur,counterfactual,1004,18,126,126,912
evaluation__7762__denoise__attack__nes__l0.5,evaluation,denoise,attack,1008,14,48,35,465
evaluation__7762__denoise__restore__nes__l0.5,evaluation,denoise,restore,1014,8,68,129,-1
evaluation__7762__denoise__random_walk__random_walk__l0.5,evaluation,denoise,random_walk,1024,1,15,22,-1
evaluation__7762__denoise__confidence_boost__nes__l0.5,evaluation,denoise,confidence_boost,1005,17,115,121,-1
evaluation__7762__denoise__boundary_probe__nes__l0.5,evaluation,denoise,boundary_probe,998,24,110,109,496
evaluation__7762__denoise__counterfactual__nes__l0.5,evaluation,denoise,counterfactual,988,34,90,85,588
evaluation__7762__deblur__attack__nes__l1,evaluation,deblur,attack,1017,5,115,108,632
evaluation__7762__deblur__restore__nes__l1,evaluation,deblur,restore,1012,9,316,385,-1
evaluation__7762__deblur__random_walk__random_walk__l1,evaluation,deblur,random_walk,1024,1,15,22,-1
evaluation__7762__deblur__confidence_boost__nes__l1,evaluation,deblur,confidence_boost,1000,22,153,43,-1
evaluation__7762__deblur__boundary_probe__nes__l1,evaluation,deblur,boundary_probe,1012,10,122,106,680
evaluation__7762__deblur__counterfactual__nes__l1,evaluation,deblur,counterfactual,1002,19,99,101,-1
evaluation__1011__denoise__attack__nes__l0.5,evaluation,denoise,attack,1011,11,96,36,3
evaluation__1011__denoise__restore__nes__l0.5,evaluation,denoise,restore,1007,15,74,45,25
evaluation__1011__denoise__random_walk__random_walk__l0.5,evaluation,denoise,random_walk,1024,1,15,22,202
evaluation__1011__denoise__confidence_boost__nes__l0.5,evaluation,denoise,confidence_boost,997,25,89,51,9
evaluation__1011__denoise__boundary_probe__nes__l0.5,evaluation,denoise,boundary_probe,977,45,84,81,2
evaluation__1011__denoise__counterfactual__nes__l0.5,evaluation,denoise,counterfactual,994,28,67,65,6
evaluation__1011__deblur__attack__nes__l1,evaluation,deblur,attack,918,104,282,206,-1
evaluation__1011__deblur__restore__nes__l1,evaluation,deblur,restore,865,157,194,203,-1
evaluation__1011__deblur__random_walk__random_walk__l1,evaluation,deblur,random_walk,1024,1,15,22,-1
evaluation__1011__deblur__confidence_boost__nes__l1,evaluation,deblur,confidence_boost,882,140,154,155,-1
evaluation__1011__deblur__boundary_probe__nes__l1,evaluation,deblur,boundary_probe,843,179,171,307,-1
evaluation__1011__deblur__counterfactual__nes__l1,evaluation,deblur,counterfactual,826,196,196,208,970
evaluation__3270__denoise__attack__nes__l0.5,evaluation,denoise,attack,1021,1,25,22,959
evaluation__3270__denoise__restore__nes__l0.5,evaluation,denoise,restore,1019,3,56,48,-1
evaluation__3270__denoise__random_walk__random_walk__l0.5,evaluation,denoise,random_walk,1024,1,18,22,-1
evaluation__3270__denoise__confidence_boost__nes__l0.5,evaluation,denoise,confidence_boost,1021,1,40,29,-1
evaluation__3270__denoise__boundary_probe__nes__l0.5,evaluation,denoise,boundary_probe,1020,2,92,25,963
evaluation__3270__denoise__counterfactual__nes__l0.5,evaluation,denoise,counterfactual,1020,2,87,60,892
evaluation__3270__deblur__attack__nes__l1,evaluation,deblur,attack,1021,1,245,47,-1
evaluation__3270__deblur__restore__nes__l1,evaluation,deblur,restore,1020,2,704,105,-1
evaluation__3270__deblur__random_walk__random_walk__l1,evaluation,deblur,random_walk,1024,1,15,22,-1
evaluation__3270__deblur__confidence_boost__nes__l1,evaluation,deblur,confidence_boost,1021,1,159,88,-1
evaluation__3270__deblur__boundary_probe__nes__l1,evaluation,deblur,boundary_probe,1021,1,246,52,-1
evaluation__3270__deblur__counterfactual__nes__l1,evaluation,deblur,counterfactual,1021,1,298,38,-1
evaluation__5383__denoise__attack__nes__l0.5,evaluation,denoise,attack,1015,7,72,93,914
evaluation__5383__denoise__restore__nes__l0.5,evaluation,denoise,restore,1016,6,103,76,-1
evaluation__5383__denoise__random_walk__random_walk__l0.5,evaluation,denoise,random_walk,1024,1,22,22,-1
evaluation__5383__denoise__confidence_boost__nes__l0.5,evaluation,denoise,confidence_boost,1015,7,67,79,-1
evaluation__5383__denoise__boundary_probe__nes__l0.5,evaluation,denoise,boundary_probe,1007,15,55,51,836
evaluation__5383__denoise__counterfactual__nes__l0.5,evaluation,denoise,counterfactual,1003,19,65,61,889
evaluation__5383__deblur__attack__nes__l1,evaluation,deblur,attack,1021,1,18,22,818
evaluation__5383__deblur__restore__nes__l1,evaluation,deblur,restore,1020,2,113,97,-1
evaluation__5383__deblur__random_walk__random_walk__l1,evaluation,deblur,random_walk,1024,1,15,22,-1
evaluation__5383__deblur__confidence_boost__nes__l1,evaluation,deblur,confidence_boost,1020,2,120,114,-1
evaluation__5383__deblur__boundary_probe__nes__l1,evaluation,deblur,boundary_probe,1020,2,116,99,755
evaluation__5383__deblur__counterfactual__nes__l1,evaluation,deblur,counterfactual,1020,2,139,114,744
evaluation__425__denoise__attack__nes__l0.5,evaluation,denoise,attack,973,49,133,121,301
evaluation__425__denoise__restore__nes__l0.5,evaluation,denoise,restore,985,37,76,79,-1
evaluation__425__denoise__random_walk__random_walk__l0.5,evaluation,denoise,random_walk,1024,1,15,22,-1
evaluation__425__denoise__confidence_boost__nes__l0.5,evaluation,denoise,confidence_boost,986,36,112,125,-1
evaluation__425__denoise__boundary_probe__nes__l0.5,evaluation,denoise,boundary_probe,1003,19,66,68,243
evaluation__425__denoise__counterfactual__nes__l0.5,evaluation,denoise,counterfactual,985,37,157,152,321
evaluation__425__deblur__attack__nes__l1,evaluation,deblur,attack,1006,16,45,124,-1
evaluation__425__deblur__restore__nes__l1,evaluation,deblur,restore,1010,12,305,411,-1
evaluation__425__deblur__random_walk__random_walk__l1,evaluation,deblur,random_walk,1024,1,15,22,-1
evaluation__425__deblur__confidence_boost__nes__l1,evaluation,deblur,confidence_boost,1008,13,48,38,-1
evaluation__425__deblur__boundary_probe__nes__l1,evaluation,deblur,boundary_probe,1014,8,128,129,1006
evaluation__425__deblur__counterfactual__nes__l1,evaluation,deblur,counterfactual,1012,10,100,100,1009
evaluation__5315__denoise__attack__nes__l0.5,evaluation,denoise,attack,1021,1,15,22,299
evaluation__5315__denoise__restore__nes__l0.5,evaluation,denoise,restore,1021,1,16,22,-1
evaluation__5315__denoise__random_walk__random_walk__l0.5,evaluation,denoise,random_walk,1024,1,15,22,-1
evaluation__5315__denoise__confidence_boost__nes__l0.5,evaluation,denoise,confidence_boost,1021,1,16,119,-1
evaluation__5315__denoise__boundary_probe__nes__l0.5,evaluation,denoise,boundary_probe,1021,1,85,85,281
evaluation__5315__denoise__counterfactual__nes__l0.5,evaluation,denoise,counterfactual,1021,1,79,79,300
evaluation__5315__deblur__attack__nes__l1,evaluation,deblur,attack,1021,1,84,93,-1
evaluation__5315__deblur__restore__nes__l1,evaluation,deblur,restore,1021,1,40,37,-1
evaluation__5315__deblur__random_walk__random_walk__l1,evaluation,deblur,random_walk,1024,1,15,22,-1
evaluation__5315__deblur__confidence_boost__nes__l1,evaluation,deblur,confidence_boost,1021,1,107,23,-1
evaluation__5315__deblur__boundary_probe__nes__l1,evaluation,deblur,boundary_probe,1021,1,52,52,-1
evaluation__5315__deblur__counterfactual__nes__l1,evaluation,deblur,counterfactual,1021,1,108,31,-1
evaluation__7642__denoise__attack__nes__l0.5,evaluation,denoise,attack,991,31,54,105,226
evaluation__7642__denoise__restore__nes__l0.5,evaluation,denoise,restore,1006,16,51,46,814
evaluation__7642__denoise__random_walk__random_walk__l0.5,evaluation,denoise,random_walk,1024,1,18,22,-1
evaluation__7642__denoise__confidence_boost__nes__l0.5,evaluation,denoise,confidence_boost,995,27,127,127,-1
evaluation__7642__denoise__boundary_probe__nes__l0.5,evaluation,denoise,boundary_probe,1012,10,102,81,156
evaluation__7642__denoise__counterfactual__nes__l0.5,evaluation,denoise,counterfactual,1007,15,48,41,105
evaluation__7642__deblur__attack__nes__l1,evaluation,deblur,attack,896,126,153,184,-1
evaluation__7642__deblur__restore__nes__l1,evaluation,deblur,restore,836,186,276,276,-1
evaluation__7642__deblur__random_walk__random_walk__l1,evaluation,deblur,random_walk,1024,1,18,22,-1
evaluation__7642__deblur__confidence_boost__nes__l1,evaluation,deblur,confidence_boost,863,159,168,208,-1
evaluation__7642__deblur__boundary_probe__nes__l1,evaluation,deblur,boundary_probe,885,137,169,223,-1
evaluation__7642__deblur__counterfactual__nes__l1,evaluation,deblur,counterfactual,877,145,171,166,-1
evaluation__9247__denoise__attack__nes__l0.5,evaluation,denoise,attack,993,29,100,103,622
evaluation__9247__denoise__restore__nes__l0.5,evaluation,denoise,restore,988,34,85,81,-1
evaluation__9247__denoise__random_walk__random_walk__l0.5,evaluation,denoise,random_walk,1024,1,16,22,-1
evaluation__9247__denoise__confidence_boost__nes__l0.5,evaluation,denoise,confidence_boost,998,24,98,45,-1
evaluation__9247__denoise__boundary_probe__nes__l0.5,evaluation,denoise,boundary_probe,1005,17,68,65,644
evaluation__9247__denoise__counterfactual__nes__l0.5,evaluation,denoise,counterfactual,990,32,143,144,700
evaluation__9247__deblur__attack__nes__l1,evaluation,deblur,attack,986,35,142,117,-1
evaluation__9247__deblur__restore__nes__l1,evaluation,deblur,restore,988,34,67,65,-1
evaluation__9247__deblur__random_walk__random_walk__l1,evaluation,deblur,random_walk,1024,1,24,23,-1
evaluation__9247__deblur__confidence_boost__nes__l1,evaluation,deblur,confidence_boost,1003,19,33,109,-1
evaluation__9247__deblur__boundary_probe__nes__l1,evaluation,deblur,boundary_probe,990,32,170,167,-1
evaluation__9247__deblur__counterfactual__nes__l1,evaluation,deblur,counterfactual,1009,13,42,43,-1
fit__4123__denoise__attack__nes__l0.5,fit,denoise,attack,1021,1,71,39,623
fit__4123__denoise__restore__nes__l0.5,fit,denoise,restore,1021,1,16,54,-1
fit__4123__denoise__random_walk__random_walk__l0.5,fit,denoise,random_walk,1024,1,17,22,-1
fit__4123__denoise__confidence_boost__nes__l0.5,fit,denoise,confidence_boost,1021,1,72,63,-1
fit__4123__denoise__boundary_probe__nes__l0.5,fit,denoise,boundary_probe,1020,2,84,27,610
fit__4123__denoise__counterfactual__nes__l0.5,fit,denoise,counterfactual,1021,1,89,36,911
fit__4123__deblur__attack__nes__l1,fit,deblur,attack,1021,1,113,38,895
fit__4123__deblur__restore__nes__l1,fit,deblur,restore,1021,1,231,318,-1
fit__4123__deblur__random_walk__random_walk__l1,fit,deblur,random_walk,1024,1,15,22,-1
fit__4123__deblur__confidence_boost__nes__l1,fit,deblur,confidence_boost,1021,1,40,45,-1
fit__4123__deblur__boundary_probe__nes__l1,fit,deblur,boundary_probe,1021,1,97,32,-1
fit__4123__deblur__counterfactual__nes__l1,fit,deblur,counterfactual,1021,1,99,102,1009
fit__1187__denoise__attack__nes__l0.5,fit,denoise,attack,986,36,153,156,401
fit__1187__denoise__restore__nes__l0.5,fit,denoise,restore,997,25,150,170,-1
fit__1187__denoise__random_walk__random_walk__l0.5,fit,denoise,random_walk,1024,1,17,22,-1
fit__1187__denoise__confidence_boost__nes__l0.5,fit,denoise,confidence_boost,982,40,130,117,-1
fit__1187__denoise__boundary_probe__nes__l0.5,fit,denoise,boundary_probe,1019,3,44,25,488
fit__1187__denoise__counterfactual__nes__l0.5,fit,denoise,counterfactual,995,27,56,53,438
fit__1187__deblur__attack__nes__l1,fit,deblur,attack,1016,6,105,50,-1
fit__1187__deblur__restore__nes__l1,fit,deblur,restore,1014,7,115,113,-1
fit__1187__deblur__random_walk__random_walk__l1,fit,deblur,random_walk,1024,1,15,23,-1
fit__1187__deblur__confidence_boost__nes__l1,fit,deblur,confidence_boost,1016,6,105,107,-1
fit__1187__deblur__boundary_probe__nes__l1,fit,deblur,boundary_probe,1015,7,77,34,-1
fit__1187__deblur__counterfactual__nes__l1,fit,deblur,counterfactual,1012,10,128,127,-1
fit__7166__denoise__attack__nes__l0.5,fit,denoise,attack,991,31,134,121,897
fit__7166__denoise__restore__nes__l0.5,fit,denoise,restore,997,25,89,144,-1
fit__7166__denoise__random_walk__random_walk__l0.5,fit,denoise,random_walk,1024,1,25,27,-1
fit__7166__denoise__confidence_boost__nes__l0.5,fit,denoise,confidence_boost,978,44,69,68,-1
fit__7166__denoise__boundary_probe__nes__l0.5,fit,denoise,boundary_probe,997,25,39,69,939
fit__7166__denoise__counterfactual__nes__l0.5,fit,denoise,counterfactual,1001,21,48,62,949
fit__7166__deblur__attack__nes__l1,fit,deblur,attack,1019,3,64,76,-1
fit__7166__deblur__restore__nes__l1,fit,deblur,restore,1006,16,86,139,-1
fit__7166__deblur__random_walk__random_walk__l1,fit,deblur,random_walk,1024,1,17,22,-1
fit__7166__deblur__confidence_boost__nes__l1,fit,deblur,confidence_boost,1012,10,30,33,-1
fit__7166__deblur__boundary_probe__nes__l1,fit,deblur,boundary_probe,1014,8,108,30,-1
fit__7166__deblur__counterfactual__nes__l1,fit,deblur,counterfactual,1013,9,71,72,-1
fit__2695__denoise__attack__nes__l0.5,fit,denoise,attack,975,47,64,68,73
fit__2695__denoise__restore__nes__l0.5,fit,denoise,restore,962,60,116,98,-1
fit__2695__denoise__random_walk__random_walk__l0.5,fit,denoise,random_walk,1024,1,15,22,120
fit__2695__denoise__confidence_boost__nes__l0.5,fit,denoise,confidence_boost,961,61,132,140,-1
fit__2695__denoise__boundary_probe__nes__l0.5,fit,denoise,boundary_probe,979,43,82,78,79
fit__2695__denoise__counterfactual__nes__l0.5,fit,denoise,counterfactual,994,28,112,86,87
fit__2695__deblur__attack__nes__l1,fit,deblur,attack,989,33,105,64,281
fit__2695__deblur__restore__nes__l1,fit,deblur,restore,976,46,101,75,-1
fit__2695__deblur__random_walk__random_walk__l1,fit,deblur,random_walk,1024,1,25,22,-1
fit__2695__deblur__confidence_boost__nes__l1,fit,deblur,confidence_boost,990,32,137,148,-1
fit__2695__deblur__boundary_probe__nes__l1,fit,deblur,boundary_probe,988,34,101,118,214
fit__2695__deblur__counterfactual__nes__l1,fit,deblur,counterfactual,919,103,182,182,298
fit__9171__denoise__attack__nes__l0.5,fit,denoise,attack,1002,20,37,50,-1
fit__9171__denoise__restore__nes__l0.5,fit,denoise,restore,1013,9,102,172,-1
fit__9171__denoise__random_walk__random_walk__l0.5,fit,denoise,random_walk,1024,1,15,22,-1
fit__9171__denoise__confidence_boost__nes__l0.5,fit,denoise,confidence_boost,992,29,63,61,-1
fit__9171__denoise__boundary_probe__nes__l0.5,fit,denoise,boundary_probe,1019,3,46,27,979
fit__9171__denoise__counterfactual__nes__l0.5,fit,denoise,counterfactual,994,28,68,63,983
fit__9171__deblur__attack__nes__l1,fit,deblur,attack,1006,16,129,127,1002
fit__9171__deblur__restore__nes__l1,fit,deblur,restore,999,23,544,185,-1
fit__9171__deblur__random_walk__random_walk__l1,fit,deblur,random_walk,1024,1,15,22,-1
fit__9171__deblur__confidence_boost__nes__l1,fit,deblur,confidence_boost,1011,11,195,191,-1
fit__9171__deblur__boundary_probe__nes__l1,fit,deblur,boundary_probe,998,18,142,141,1015
fit__9171__deblur__counterfactual__nes__l1,fit,deblur,counterfactual,1000,22,117,115,930
fit__3628__denoise__attack__nes__l0.5,fit,denoise,attack,992,30,77,85,508
fit__3628__denoise__restore__nes__l0.5,fit,denoise,restore,986,36,60,105,-1
fit__3628__denoise__random_walk__random_walk__l0.5,fit,denoise,random_walk,1024,1,15,22,-1
fit__3628__denoise__confidence_boost__nes__l0.5,fit,denoise,confidence_boost,985,37,85,78,-1
fit__3628__denoise__boundary_probe__nes__l0.5,fit,denoise,boundary_probe,999,23,113,113,427
fit__3628__denoise__counterfactual__nes__l0.5,fit,denoise,counterfactual,991,31,90,91,479
fit__3628__deblur__attack__nes__l1,fit,deblur,attack,999,23,127,45,744
fit__3628__deblur__restore__nes__l1,fit,deblur,restore,996,26,313,334,-1
fit__3628__deblur__random_walk__random_walk__l1,fit,deblur,random_walk,1024,1,15,22,-1
fit__3628__deblur__confidence_boost__nes__l1,fit,deblur,confidence_boost,1004,18,63,46,-1
fit__3628__deblur__boundary_probe__nes__l1,fit,deblur,boundary_probe,960,62,140,145,724
fit__3628__deblur__counterfactual__nes__l1,fit,deblur,counterfactual,1003,19,84,127,694
fit__1526__denoise__attack__nes__l0.5,fit,denoise,attack,754,268,239,280,912
fit__1526__denoise__restore__nes__l0.5,fit,denoise,restore,874,148,157,170,-1
fit__1526__denoise__random_walk__random_walk__l0.5,fit,denoise,random_walk,1024,1,21,22,-1
fit__1526__denoise__confidence_boost__nes__l0.5,fit,denoise,confidence_boost,795,227,209,243,-1
fit__1526__denoise__boundary_probe__nes__l0.5,fit,denoise,boundary_probe,869,153,170,174,865
fit__1526__denoise__counterfactual__nes__l0.5,fit,denoise,counterfactual,801,221,222,242,830
fit__1526__deblur__attack__nes__l1,fit,deblur,attack,818,204,190,272,-1
fit__1526__deblur__restore__nes__l1,fit,deblur,restore,800,222,350,308,-1
fit__1526__deblur__random_walk__random_walk__l1,fit,deblur,random_walk,1024,1,15,22,-1
fit__1526__deblur__confidence_boost__nes__l1,fit,deblur,confidence_boost,761,261,239,274,-1
fit__1526__deblur__boundary_probe__nes__l1,fit,deblur,boundary_probe,780,242,222,258,1005
fit__1526__deblur__counterfactual__nes__l1,fit,deblur,counterfactual,754,268,239,258,-1
fit__3507__denoise__attack__nes__l0.5,fit,denoise,attack,981,41,160,157,826
fit__3507__denoise__restore__nes__l0.5,fit,denoise,restore,973,49,93,90,-1
fit__3507__denoise__random_walk__random_walk__l0.5,fit,denoise,random_walk,1024,1,15,22,-1
fit__3507__denoise__confidence_boost__nes__l0.5,fit,denoise,confidence_boost,956,64,106,109,-1
fit__3507__denoise__boundary_probe__nes__l0.5,fit,denoise,boundary_probe,971,51,85,117,770
fit__3507__denoise__counterfactual__nes__l0.5,fit,denoise,counterfactual,996,26,142,143,923
fit__3507__deblur__attack__nes__l1,fit,deblur,attack,1014,8,52,94,411
fit__3507__deblur__restore__nes__l1,fit,deblur,restore,1018,4,251,286,-1
fit__3507__deblur__random_walk__random_walk__l1,fit,deblur,random_walk,1024,1,15,22,-1
fit__3507__deblur__confidence_boost__nes__l1,fit,deblur,confidence_boost,1015,7,95,83,-1
fit__3507__deblur__boundary_probe__nes__l1,fit,deblur,boundary_probe,1003,19,133,135,508
fit__3507__deblur__counterfactual__nes__l1,fit,deblur,counterfactual,1004,18,147,147,441
fit__4259__denoise__attack__nes__l0.5,fit,denoise,attack,1014,8,102,101,4
fit__4259__denoise__restore__nes__l0.5,fit,denoise,restore,1014,8,89,61,8
fit__4259__denoise__random_walk__random_walk__l0.5,fit,denoise,random_walk,1024,1,15,22,937
fit__4259__denoise__confidence_boost__nes__l0.5,fit,denoise,confidence_boost,1015,7,75,80,21
fit__4259__denoise__boundary_probe__nes__l0.5,fit,denoise,boundary_probe,986,35,62,58,6
fit__4259__denoise__counterfactual__nes__l0.5,fit,denoise,counterfactual,1015,7,44,97,4
fit__4259__deblur__attack__nes__l1,fit,deblur,attack,969,53,92,98,757
fit__4259__deblur__restore__nes__l1,fit,deblur,restore,929,93,376,279,-1
fit__4259__deblur__random_walk__random_walk__l1,fit,deblur,random_walk,1024,1,18,22,-1
fit__4259__deblur__confidence_boost__nes__l1,fit,deblur,confidence_boost,938,84,169,169,-1
fit__4259__deblur__boundary_probe__nes__l1,fit,deblur,boundary_probe,952,70,175,177,839
fit__4259__deblur__counterfactual__nes__l1,fit,deblur,counterfactual,956,66,177,176,723
fit__9146__denoise__attack__nes__l0.5,fit,denoise,attack,1007,15,54,39,-1
fit__9146__denoise__restore__nes__l0.5,fit,denoise,restore,1018,4,151,219,-1
fit__9146__denoise__random_walk__random_walk__l0.5,fit,denoise,random_walk,1024,1,15,22,-1
fit__9146__denoise__confidence_boost__nes__l0.5,fit,denoise,confidence_boost,1017,5,57,109,-1
fit__9146__denoise__boundary_probe__nes__l0.5,fit,denoise,boundary_probe,999,23,72,88,-1
fit__9146__denoise__counterfactual__nes__l0.5,fit,denoise,counterfactual,1002,20,48,49,-1
fit__9146__deblur__attack__nes__l1,fit,deblur,attack,964,58,136,140,-1
fit__9146__deblur__restore__nes__l1,fit,deblur,restore,989,33,315,146,-1
fit__9146__deblur__random_walk__random_walk__l1,fit,deblur,random_walk,1024,1,15,22,-1
fit__9146__deblur__confidence_boost__nes__l1,fit,deblur,confidence_boost,940,82,104,103,-1
fit__9146__deblur__boundary_probe__nes__l1,fit,deblur,boundary_probe,950,72,111,113,-1
fit__9146__deblur__counterfactual__nes__l1,fit,deblur,counterfactual,931,91,127,177,-1
fit__4668__denoise__attack__nes__l0.5,fit,denoise,attack,978,44,134,120,994
fit__4668__denoise__restore__nes__l0.5,fit,denoise,restore,976,46,134,134,-1
fit__4668__denoise__random_walk__random_walk__l0.5,fit,denoise,random_walk,1024,1,15,22,-1
fit__4668__denoise__confidence_boost__nes__l0.5,fit,denoise,confidence_boost,994,28,123,124,-1
fit__4668__denoise__boundary_probe__nes__l0.5,fit,denoise,boundary_probe,994,28,113,113,869
fit__4668__denoise__counterfactual__nes__l0.5,fit,denoise,counterfactual,964,58,100,101,971
fit__4668__deblur__attack__nes__l1,fit,deblur,attack,1017,5,83,137,286
fit__4668__deblur__restore__nes__l1,fit,deblur,restore,991,29,244,210,-1
fit__4668__deblur__random_walk__random_walk__l1,fit,deblur,random_walk,1024,1,15,22,-1
fit__4668__deblur__confidence_boost__nes__l1,fit,deblur,confidence_boost,999,23,117,118,-1
fit__4668__deblur__boundary_probe__nes__l1,fit,deblur,boundary_probe,996,26,119,124,230
fit__4668__deblur__counterfactual__nes__l1,fit,deblur,counterfactual,1014,8,103,35,208
fit__743__denoise__attack__nes__l0.5,fit,denoise,attack,965,56,135,86,428
fit__743__denoise__restore__nes__l0.5,fit,denoise,restore,1002,20,133,133,-1
fit__743__denoise__random_walk__random_walk__l0.5,fit,denoise,random_walk,1024,1,18,22,-1
fit__743__denoise__confidence_boost__nes__l0.5,fit,denoise,confidence_boost,954,68,145,136,-1
fit__743__denoise__boundary_probe__nes__l0.5,fit,denoise,boundary_probe,923,99,161,149,310
fit__743__denoise__counterfactual__nes__l0.5,fit,denoise,counterfactual,961,61,160,143,417
fit__743__deblur__attack__nes__l1,fit,deblur,attack,1018,4,116,28,918
fit__743__deblur__restore__nes__l1,fit,deblur,restore,1018,4,22,26,-1
fit__743__deblur__random_walk__random_walk__l1,fit,deblur,random_walk,1024,1,15,22,-1
fit__743__deblur__confidence_boost__nes__l1,fit,deblur,confidence_boost,1021,1,33,22,-1
fit__743__deblur__boundary_probe__nes__l1,fit,deblur,boundary_probe,1019,3,81,79,988
fit__743__deblur__counterfactual__nes__l1,fit,deblur,counterfactual,1020,2,115,119,-1
fit__5929__denoise__attack__nes__l0.5,fit,denoise,attack,1020,2,44,36,475
fit__5929__denoise__restore__nes__l0.5,fit,denoise,restore,1017,5,35,97,-1
fit__5929__denoise__random_walk__random_walk__l0.5,fit,denoise,random_walk,1024,1,15,22,-1
fit__5929__denoise__confidence_boost__nes__l0.5,fit,denoise,confidence_boost,1021,1,73,88,-1
fit__5929__denoise__boundary_probe__nes__l0.5,fit,denoise,boundary_probe,1020,2,50,50,435
fit__5929__denoise__counterfactual__nes__l0.5,fit,denoise,counterfactual,1019,3,17,27,397
fit__5929__deblur__attack__nes__l1,fit,deblur,attack,1020,2,99,37,442
fit__5929__deblur__restore__nes__l1,fit,deblur,restore,1020,2,227,273,-1
fit__5929__deblur__random_walk__random_walk__l1,fit,deblur,random_walk,1024,1,21,22,-1
fit__5929__deblur__confidence_boost__nes__l1,fit,deblur,confidence_boost,1021,1,35,35,-1
fit__5929__deblur__boundary_probe__nes__l1,fit,deblur,boundary_probe,1021,1,106,105,396
fit__5929__deblur__counterfactual__nes__l1,fit,deblur,counterfactual,1021,1,15,22,475
fit__2021__denoise__attack__nes__l0.5,fit,denoise,attack,1017,5,121,114,671
fit__2021__denoise__restore__nes__l0.5,fit,denoise,restore,1015,7,51,57,-1
fit__2021__denoise__random_walk__random_walk__l0.5,fit,denoise,random_walk,1024,1,15,22,-1
fit__2021__denoise__confidence_boost__nes__l0.5,fit,denoise,confidence_boost,1019,3,76,78,-1
fit__2021__denoise__boundary_probe__nes__l0.5,fit,denoise,boundary_probe,1014,7,117,76,590
fit__2021__denoise__counterfactual__nes__l0.5,fit,denoise,counterfactual,1014,7,83,87,643
fit__2021__deblur__attack__nes__l1,fit,deblur,attack,1021,1,144,30,1021
fit__2021__deblur__restore__nes__l1,fit,deblur,restore,1021,1,275,235,-1
fit__2021__deblur__random_walk__random_walk__l1,fit,deblur,random_walk,1024,1,17,22,-1
fit__2021__deblur__confidence_boost__nes__l1,fit,deblur,confidence_boost,1021,1,107,85,-1
fit__2021__deblur__boundary_probe__nes__l1,fit,deblur,boundary_probe,1021,1,149,48,940
fit__2021__deblur__counterfactual__nes__l1,fit,deblur,counterfactual,1021,1,173,28,953
fit__8256__denoise__attack__nes__l0.5,fit,denoise,attack,1018,4,66,29,965
fit__8256__denoise__restore__nes__l0.5,fit,denoise,restore,1017,5,117,74,-1
fit__8256__denoise__random_walk__random_walk__l0.5,fit,denoise,random_walk,1024,1,15,22,-1
fit__8256__denoise__confidence_boost__nes__l0.5,fit,denoise,confidence_boost,1007,15,88,94,-1
fit__8256__denoise__boundary_probe__nes__l0.5,fit,denoise,boundary_probe,1007,15,104,110,981
fit__8256__denoise__counterfactual__nes__l0.5,fit,denoise,counterfactual,1009,13,53,40,-1
fit__8256__deblur__attack__nes__l1,fit,deblur,attack,1015,7,137,140,-1
fit__8256__deblur__restore__nes__l1,fit,deblur,restore,1014,8,37,35,-1
fit__8256__deblur__random_walk__random_walk__l1,fit,deblur,random_walk,1024,1,18,22,-1
fit__8256__deblur__confidence_boost__nes__l1,fit,deblur,confidence_boost,1008,14,125,40,-1
fit__8256__deblur__boundary_probe__nes__l1,fit,deblur,boundary_probe,1020,2,120,122,-1
fit__8256__deblur__counterfactual__nes__l1,fit,deblur,counterfactual,1013,9,189,31,-1
fit__4336__denoise__attack__nes__l0.5,fit,denoise,attack,1004,18,121,68,-1
fit__4336__denoise__restore__nes__l0.5,fit,denoise,restore,1019,3,17,24,-1
fit__4336__denoise__random_walk__random_walk__l0.5,fit,denoise,random_walk,1024,1,20,22,-1
fit__4336__denoise__confidence_boost__nes__l0.5,fit,denoise,confidence_boost,1012,10,70,49,-1
fit__4336__denoise__boundary_probe__nes__l0.5,fit,denoise,boundary_probe,1015,7,77,104,-1
fit__4336__denoise__counterfactual__nes__l0.5,fit,denoise,counterfactual,1010,12,103,101,-1
fit__4336__deblur__attack__nes__l1,fit,deblur,attack,938,84,111,111,-1
fit__4336__deblur__restore__nes__l1,fit,deblur,restore,980,42,179,183,-1
fit__4336__deblur__random_walk__random_walk__l1,fit,deblur,random_walk,1024,1,15,22,-1
fit__4336__deblur__confidence_boost__nes__l1,fit,deblur,confidence_boost,964,58,96,180,-1
fit__4336__deblur__boundary_probe__nes__l1,fit,deblur,boundary_probe,971,51,151,162,-1
fit__4336__deblur__counterfactual__nes__l1,fit,deblur,counterfactual,962,60,162,138,-1
calibration__3421__denoise__attack__nes__l0.5,calibration,denoise,attack,1020,2,95,68,3
calibration__3421__denoise__restore__nes__l0.5,calibration,denoise,restore,1019,3,37,32,2
calibration__3421__denoise__random_walk__random_walk__l0.5,calibration,denoise,random_walk,1024,1,21,22,285
calibration__3421__denoise__confidence_boost__nes__l0.5,calibration,denoise,confidence_boost,1021,1,27,22,5
calibration__3421__denoise__boundary_probe__nes__l0.5,calibration,denoise,boundary_probe,1019,3,67,62,5
calibration__3421__denoise__counterfactual__nes__l0.5,calibration,denoise,counterfactual,1021,1,64,67,3
calibration__3421__deblur__attack__nes__l1,calibration,deblur,attack,1021,1,46,32,519
calibration__3421__deblur__restore__nes__l1,calibration,deblur,restore,1021,1,325,45,-1
calibration__3421__deblur__random_walk__random_walk__l1,calibration,deblur,random_walk,1024,1,15,22,-1
calibration__3421__deblur__confidence_boost__nes__l1,calibration,deblur,confidence_boost,1021,1,145,108,-1
calibration__3421__deblur__boundary_probe__nes__l1,calibration,deblur,boundary_probe,1021,1,47,52,598
calibration__3421__deblur__counterfactual__nes__l1,calibration,deblur,counterfactual,1021,1,95,95,633
calibration__738__denoise__attack__nes__l0.5,calibration,denoise,attack,885,137,148,158,3
calibration__738__denoise__restore__nes__l0.5,calibration,denoise,restore,897,125,173,176,2
calibration__738__denoise__random_walk__random_walk__l0.5,calibration,denoise,random_walk,1024,1,18,22,140
calibration__738__denoise__confidence_boost__nes__l0.5,calibration,denoise,confidence_boost,916,106,159,127,-1
calibration__738__denoise__boundary_probe__nes__l0.5,calibration,denoise,boundary_probe,862,160,228,254,55
calibration__738__denoise__counterfactual__nes__l0.5,calibration,denoise,counterfactual,866,156,167,175,51
calibration__738__deblur__attack__nes__l1,calibration,deblur,attack,872,150,166,228,837
calibration__738__deblur__restore__nes__l1,calibration,deblur,restore,811,211,267,268,-1
calibration__738__deblur__random_walk__random_walk__l1,calibration,deblur,random_walk,1024,1,15,22,-1
calibration__738__deblur__confidence_boost__nes__l1,calibration,deblur,confidence_boost,819,203,442,242,-1
calibration__738__deblur__boundary_probe__nes__l1,calibration,deblur,boundary_probe,867,155,176,175,961
calibration__738__deblur__counterfactual__nes__l1,calibration,deblur,counterfactual,921,101,153,156,954
calibration__6417__denoise__attack__nes__l0.5,calibration,denoise,attack,1014,8,92,91,356
calibration__6417__denoise__restore__nes__l0.5,calibration,denoise,restore,1019,3,55,42,-1
calibration__6417__denoise__random_walk__random_walk__l0.5,calibration,denoise,random_walk,1024,1,15,22,-1
calibration__6417__denoise__confidence_boost__nes__l0.5,calibration,denoise,confidence_boost,994,27,55,56,-1
calibration__6417__denoise__boundary_probe__nes__l0.5,calibration,denoise,boundary_probe,1019,3,116,38,282
calibration__6417__denoise__counterfactual__nes__l0.5,calibration,denoise,counterfactual,1007,15,54,44,261
calibration__6417__deblur__attack__nes__l1,calibration,deblur,attack,1018,4,111,86,488
calibration__6417__deblur__restore__nes__l1,calibration,deblur,restore,1021,1,303,287,-1
calibration__6417__deblur__random_walk__random_walk__l1,calibration,deblur,random_walk,1024,1,15,22,-1
calibration__6417__deblur__confidence_boost__nes__l1,calibration,deblur,confidence_boost,1019,3,40,40,-1
calibration__6417__deblur__boundary_probe__nes__l1,calibration,deblur,boundary_probe,1018,4,91,88,533
calibration__6417__deblur__counterfactual__nes__l1,calibration,deblur,counterfactual,1021,1,78,79,386
calibration__2985__denoise__attack__nes__l0.5,calibration,denoise,attack,997,25,66,95,445
calibration__2985__denoise__restore__nes__l0.5,calibration,denoise,restore,1002,20,49,45,-1
calibration__2985__denoise__random_walk__random_walk__l0.5,calibration,denoise,random_walk,1024,1,29,38,-1
calibration__2985__denoise__confidence_boost__nes__l0.5,calibration,denoise,confidence_boost,993,29,68,100,-1
calibration__2985__denoise__boundary_probe__nes__l0.5,calibration,denoise,boundary_probe,998,24,64,64,368
calibration__2985__denoise__counterfactual__nes__l0.5,calibration,denoise,counterfactual,1005,17,118,55,378
calibration__2985__deblur__attack__nes__l1,calibration,deblur,attack,944,77,211,126,-1
calibration__2985__deblur__restore__nes__l1,calibration,deblur,restore,975,47,432,304,-1
calibration__2985__deblur__random_walk__random_walk__l1,calibration,deblur,random_walk,1024,1,15,22,-1
calibration__2985__deblur__confidence_boost__nes__l1,calibration,deblur,confidence_boost,983,39,96,107,-1
calibration__2985__deblur__boundary_probe__nes__l1,calibration,deblur,boundary_probe,974,48,154,141,-1
calibration__2985__deblur__counterfactual__nes__l1,calibration,deblur,counterfactual,996,26,134,134,-1
calibration__9917__denoise__attack__nes__l0.5,calibration,denoise,attack,998,24,38,108,147
calibration__9917__denoise__restore__nes__l0.5,calibration,denoise,restore,1000,22,95,118,44
calibration__9917__denoise__random_walk__random_walk__l0.5,calibration,denoise,random_walk,1024,1,15,22,-1
calibration__9917__denoise__confidence_boost__nes__l0.5,calibration,denoise,confidence_boost,1011,11,50,35,-1
calibration__9917__denoise__boundary_probe__nes__l0.5,calibration,denoise,boundary_probe,1013,9,41,38,124
calibration__9917__denoise__counterfactual__nes__l0.5,calibration,denoise,counterfactual,1013,9,96,53,74
calibration__9917__deblur__attack__nes__l1,calibration,deblur,attack,984,38,159,134,-1
calibration__9917__deblur__restore__nes__l1,calibration,deblur,restore,986,36,460,414,-1
calibration__9917__deblur__random_walk__random_walk__l1,calibration,deblur,random_walk,1024,1,18,22,-1
calibration__9917__deblur__confidence_boost__nes__l1,calibration,deblur,confidence_boost,1010,12,132,139,-1
calibration__9917__deblur__boundary_probe__nes__l1,calibration,deblur,boundary_probe,993,29,55,50,-1
calibration__9917__deblur__counterfactual__nes__l1,calibration,deblur,counterfactual,1003,19,116,128,-1
calibration__6769__denoise__attack__nes__l0.5,calibration,denoise,attack,959,63,158,158,25
calibration__6769__denoise__restore__nes__l0.5,calibration,denoise,restore,947,75,157,149,10
calibration__6769__denoise__random_walk__random_walk__l0.5,calibration,denoise,random_walk,1024,1,15,22,-1
calibration__6769__denoise__confidence_boost__nes__l0.5,calibration,denoise,confidence_boost,957,65,163,159,4
calibration__6769__denoise__boundary_probe__nes__l0.5,calibration,denoise,boundary_probe,970,52,92,137,5
calibration__6769__denoise__counterfactual__nes__l0.5,calibration,denoise,counterfactual,962,60,155,161,19
calibration__6769__deblur__attack__nes__l1,calibration,deblur,attack,578,444,239,358,-1
calibration__6769__deblur__restore__nes__l1,calibration,deblur,restore,546,476,307,358,-1
calibration__6769__deblur__random_walk__random_walk__l1,calibration,deblur,random_walk,1024,1,16,22,-1
calibration__6769__deblur__confidence_boost__nes__l1,calibration,deblur,confidence_boost,675,347,239,328,-1
calibration__6769__deblur__boundary_probe__nes__l1,calibration,deblur,boundary_probe,663,359,239,341,851
calibration__6769__deblur__counterfactual__nes__l1,calibration,deblur,counterfactual,646,376,239,324,1004
calibration__807__denoise__attack__nes__l0.5,calibration,denoise,attack,1003,19,75,67,482
calibration__807__denoise__restore__nes__l0.5,calibration,denoise,restore,1015,7,70,75,-1
calibration__807__denoise__random_walk__random_walk__l0.5,calibration,denoise,random_walk,1024,1,15,22,-1
calibration__807__denoise__confidence_boost__nes__l0.5,calibration,denoise,confidence_boost,991,31,102,130,-1
calibration__807__denoise__boundary_probe__nes__l0.5,calibration,denoise,boundary_probe,982,40,79,68,497
calibration__807__denoise__counterfactual__nes__l0.5,calibration,denoise,counterfactual,1001,21,83,84,437
calibration__807__deblur__attack__nes__l1,calibration,deblur,attack,993,29,113,118,792
calibration__807__deblur__restore__nes__l1,calibration,deblur,restore,1017,5,65,30,-1
calibration__807__deblur__random_walk__random_walk__l1,calibration,deblur,random_walk,1024,1,16,22,-1
calibration__807__deblur__confidence_boost__nes__l1,calibration,deblur,confidence_boost,992,30,153,158,-1
calibration__807__deblur__boundary_probe__nes__l1,calibration,deblur,boundary_probe,999,23,79,44,731
calibration__807__deblur__counterfactual__nes__l1,calibration,deblur,counterfactual,1002,20,116,113,-1
calibration__7422__denoise__attack__nes__l0.5,calibration,denoise,attack,1012,10,87,96,123
calibration__7422__denoise__restore__nes__l0.5,calibration,denoise,restore,1018,4,23,28,115
calibration__7422__denoise__random_walk__random_walk__l0.5,calibration,denoise,random_walk,1024,1,15,22,-1
calibration__7422__denoise__confidence_boost__nes__l0.5,calibration,denoise,confidence_boost,1019,3,47,32,-1
calibration__7422__denoise__boundary_probe__nes__l0.5,calibration,denoise,boundary_probe,1019,3,80,78,83
calibration__7422__denoise__counterfactual__nes__l0.5,calibration,denoise,counterfactual,1020,2,18,23,70
calibration__7422__deblur__attack__nes__l1,calibration,deblur,attack,1021,1,121,120,388
calibration__7422__deblur__restore__nes__l1,calibration,deblur,restore,1021,1,189,236,-1
calibration__7422__deblur__random_walk__random_walk__l1,calibration,deblur,random_walk,1024,1,15,22,-1
calibration__7422__deblur__confidence_boost__nes__l1,calibration,deblur,confidence_boost,1021,1,153,157,-1
calibration__7422__deblur__boundary_probe__nes__l1,calibration,deblur,boundary_probe,1021,1,126,124,455
calibration__7422__deblur__counterfactual__nes__l1,calibration,deblur,counterfactual,1021,1,40,29,535
calibration__1908__denoise__attack__nes__l0.5,calibration,denoise,attack,944,78,96,105,6
calibration__1908__denoise__restore__nes__l0.5,calibration,denoise,restore,960,62,204,234,5
calibration__1908__denoise__random_walk__random_walk__l0.5,calibration,denoise,random_walk,1024,1,18,22,147
calibration__1908__denoise__confidence_boost__nes__l0.5,calibration,denoise,confidence_boost,973,49,67,70,12
calibration__1908__denoise__boundary_probe__nes__l0.5,calibration,denoise,boundary_probe,929,93,159,181,10
calibration__1908__denoise__counterfactual__nes__l0.5,calibration,denoise,counterfactual,890,132,146,168,20
calibration__1908__deblur__attack__nes__l1,calibration,deblur,attack,877,145,159,236,85
calibration__1908__deblur__restore__nes__l1,calibration,deblur,restore,892,130,145,151,11
calibration__1908__deblur__random_walk__random_walk__l1,calibration,deblur,random_walk,1024,1,27,27,-1
calibration__1908__deblur__confidence_boost__nes__l1,calibration,deblur,confidence_boost,894,128,138,148,-1
calibration__1908__deblur__boundary_probe__nes__l1,calibration,deblur,boundary_probe,848,174,322,374,23
calibration__1908__deblur__counterfactual__nes__l1,calibration,deblur,counterfactual,912,110,221,221,23
calibration__9640__denoise__attack__nes__l0.5,calibration,denoise,attack,904,118,204,232,501
calibration__9640__denoise__restore__nes__l0.5,calibration,denoise,restore,921,101,118,170,-1
calibration__9640__denoise__random_walk__random_walk__l0.5,calibration,denoise,random_walk,1024,1,17,22,-1
calibration__9640__denoise__confidence_boost__nes__l0.5,calibration,denoise,confidence_boost,924,98,158,157,-1
calibration__9640__denoise__boundary_probe__nes__l0.5,calibration,denoise,boundary_probe,918,104,116,124,577
calibration__9640__denoise__counterfactual__nes__l0.5,calibration,denoise,counterfactual,929,93,106,119,625
calibration__9640__deblur__attack__nes__l1,calibration,deblur,attack,760,262,256,276,386
calibration__9640__deblur__restore__nes__l1,calibration,deblur,restore,911,111,225,338,-1
calibration__9640__deblur__random_walk__random_walk__l1,calibration,deblur,random_walk,1024,1,19,24,-1
calibration__9640__deblur__confidence_boost__nes__l1,calibration,deblur,confidence_boost,939,83,155,159,-1
calibration__9640__deblur__boundary_probe__nes__l1,calibration,deblur,boundary_probe,862,160,234,236,493
calibration__9640__deblur__counterfactual__nes__l1,calibration,deblur,counterfactual,862,160,272,264,550
calibration__6803__denoise__attack__nes__l0.5,calibration,denoise,attack,948,74,94,95,-1
calibration__6803__denoise__restore__nes__l0.5,calibration,denoise,restore,993,29,86,85,-1
calibration__6803__denoise__random_walk__random_walk__l0.5,calibration,denoise,random_walk,1024,1,26,22,-1
calibration__6803__denoise__confidence_boost__nes__l0.5,calibration,denoise,confidence_boost,926,96,158,172,-1
calibration__6803__denoise__boundary_probe__nes__l0.5,calibration,denoise,boundary_probe,917,105,178,178,-1
calibration__6803__denoise__counterfactual__nes__l0.5,calibration,denoise,counterfactual,970,52,86,81,-1
calibration__6803__deblur__attack__nes__l1,calibration,deblur,attack,809,213,215,361,205
calibration__6803__deblur__restore__nes__l1,calibration,deblur,restore,844,178,198,199,-1
calibration__6803__deblur__random_walk__random_walk__l1,calibration,deblur,random_walk,1024,1,15,22,-1
calibration__6803__deblur__confidence_boost__nes__l1,calibration,deblur,confidence_boost,876,146,154,166,-1
calibration__6803__deblur__boundary_probe__nes__l1,calibration,deblur,boundary_probe,838,184,171,237,103
calibration__6803__deblur__counterfactual__nes__l1,calibration,deblur,counterfactual,838,184,439,290,137
calibration__99__denoise__attack__nes__l0.5,calibration,denoise,attack,1021,1,79,78,2
calibration__99__denoise__restore__nes__l0.5,calibration,denoise,restore,1017,5,99,134,7
calibration__99__denoise__random_walk__random_walk__l0.5,calibration,denoise,random_walk,1024,1,16,22,180
calibration__99__denoise__confidence_boost__nes__l0.5,calibration,denoise,confidence_boost,1011,11,64,68,16
calibration__99__denoise__boundary_probe__nes__l0.5,calibration,denoise,boundary_probe,1014,8,104,101,5
calibration__99__denoise__counterfactual__nes__l0.5,calibration,denoise,counterfactual,1013,9,51,44,44
calibration__99__deblur__attack__nes__l1,calibration,deblur,attack,1021,1,124,124,988
calibration__99__deblur__restore__nes__l1,calibration,deblur,restore,1021,1,264,28,-1
calibration__99__deblur__random_walk__random_walk__l1,calibration,deblur,random_walk,1024,1,15,22,-1
calibration__99__deblur__confidence_boost__nes__l1,calibration,deblur,confidence_boost,1021,1,84,24,-1
calibration__99__deblur__boundary_probe__nes__l1,calibration,deblur,boundary_probe,1021,1,117,123,-1
calibration__99__deblur__counterfactual__nes__l1,calibration,deblur,counterfactual,1021,1,113,84,952
calibration__5811__denoise__attack__nes__l0.5,calibration,denoise,attack,835,187,244,247,568
calibration__5811__denoise__restore__nes__l0.5,calibration,denoise,restore,829,193,216,238,-1
calibration__5811__denoise__random_walk__random_walk__l0.5,calibration,denoise,random_walk,1024,1,15,22,-1
calibration__5811__denoise__confidence_boost__nes__l0.5,calibration,denoise,confidence_boost,951,71,118,92,-1
calibration__5811__denoise__boundary_probe__nes__l0.5,calibration,denoise,boundary_probe,931,91,128,112,573
calibration__5811__denoise__counterfactual__nes__l0.5,calibration,denoise,counterfactual,913,109,134,130,520
calibration__5811__deblur__attack__nes__l1,calibration,deblur,attack,1020,2,132,127,-1
calibration__5811__deblur__restore__nes__l1,calibration,deblur,restore,1018,4,-1,599,-1
calibration__5811__deblur__random_walk__random_walk__l1,calibration,deblur,random_walk,1024,1,20,22,-1
calibration__5811__deblur__confidence_boost__nes__l1,calibration,deblur,confidence_boost,1018,4,131,122,-1
calibration__5811__deblur__boundary_probe__nes__l1,calibration,deblur,boundary_probe,1013,8,153,30,-1
calibration__5811__deblur__counterfactual__nes__l1,calibration,deblur,counterfactual,1021,1,160,172,987
calibration__3803__denoise__attack__nes__l0.5,calibration,denoise,attack,1009,13,34,34,-1
calibration__3803__denoise__restore__nes__l0.5,calibration,denoise,restore,1004,18,87,76,-1
calibration__3803__denoise__random_walk__random_walk__l0.5,calibration,denoise,random_walk,1024,1,15,22,-1
calibration__3803__denoise__confidence_boost__nes__l0.5,calibration,denoise,confidence_boost,996,26,41,80,-1
calibration__3803__denoise__boundary_probe__nes__l0.5,calibration,denoise,boundary_probe,979,43,68,68,-1
calibration__3803__denoise__counterfactual__nes__l0.5,calibration,denoise,counterfactual,1009,13,117,81,-1
calibration__3803__deblur__attack__nes__l1,calibration,deblur,attack,1013,9,231,86,-1
calibration__3803__deblur__restore__nes__l1,calibration,deblur,restore,1019,3,205,78,-1
calibration__3803__deblur__random_walk__random_walk__l1,calibration,deblur,random_walk,1024,1,15,22,-1
calibration__3803__deblur__confidence_boost__nes__l1,calibration,deblur,confidence_boost,1021,1,169,54,-1
calibration__3803__deblur__boundary_probe__nes__l1,calibration,deblur,boundary_probe,1021,1,198,50,-1
calibration__3803__deblur__counterfactual__nes__l1,calibration,deblur,counterfactual,1014,8,257,68,-1
calibration__7030__denoise__attack__nes__l0.5,calibration,denoise,attack,1012,10,51,53,247
calibration__7030__denoise__restore__nes__l0.5,calibration,denoise,restore,1005,17,33,38,-1
calibration__7030__denoise__random_walk__random_walk__l0.5,calibration,denoise,random_walk,1024,1,15,22,-1
calibration__7030__denoise__confidence_boost__nes__l0.5,calibration,denoise,confidence_boost,1010,12,51,49,-1
calibration__7030__denoise__boundary_probe__nes__l0.5,calibration,denoise,boundary_probe,1000,22,92,92,229
calibration__7030__denoise__counterfactual__nes__l0.5,calibration,denoise,counterfactual,992,30,121,131,271
calibration__7030__deblur__attack__nes__l1,calibration,deblur,attack,869,153,163,226,380
calibration__7030__deblur__restore__nes__l1,calibration,deblur,restore,908,114,445,285,-1
calibration__7030__deblur__random_walk__random_walk__l1,calibration,deblur,random_walk,1024,1,15,22,-1
calibration__7030__deblur__confidence_boost__nes__l1,calibration,deblur,confidence_boost,929,93,217,216,-1
calibration__7030__deblur__boundary_probe__nes__l1,calibration,deblur,boundary_probe,878,144,211,212,388
calibration__7030__deblur__counterfactual__nes__l1,calibration,deblur,counterfactual,886,136,242,237,408
calibration__5945__denoise__attack__nes__l0.5,calibration,denoise,attack,1015,7,88,79,633
calibration__5945__denoise__restore__nes__l0.5,calibration,denoise,restore,1014,8,124,132,-1
calibration__5945__denoise__random_walk__random_walk__l0.5,calibration,denoise,random_walk,1024,1,15,22,-1
calibration__5945__denoise__confidence_boost__nes__l0.5,calibration,denoise,confidence_boost,1007,15,54,36,-1
calibration__5945__denoise__boundary_probe__nes__l0.5,calibration,denoise,boundary_probe,995,27,120,85,422
calibration__5945__denoise__counterfactual__nes__l0.5,calibration,denoise,counterfactual,1012,10,43,113,696
calibration__5945__deblur__attack__nes__l1,calibration,deblur,attack,1020,2,67,32,811
calibration__5945__deblur__restore__nes__l1,calibration,deblur,restore,1020,2,105,112,-1
calibration__5945__deblur__random_walk__random_walk__l1,calibration,deblur,random_walk,1024,1,17,22,-1
calibration__5945__deblur__confidence_boost__nes__l1,calibration,deblur,confidence_boost,1021,1,155,153,-1
calibration__5945__deblur__boundary_probe__nes__l1,calibration,deblur,boundary_probe,1021,1,15,22,965
calibration__5945__deblur__counterfactual__nes__l1,calibration,deblur,counterfactual,1021,1,131,58,1013
evaluation__791__denoise__attack__nes__l0.5,evaluation,denoise,attack,1006,16,99,56,394
evaluation__791__denoise__restore__nes__l0.5,evaluation,denoise,restore,999,23,134,147,-1
evaluation__791__denoise__random_walk__random_walk__l0.5,evaluation,denoise,random_walk,1024,1,15,22,-1
evaluation__791__denoise__confidence_boost__nes__l0.5,evaluation,denoise,confidence_boost,1015,7,71,75,-1
evaluation__791__denoise__boundary_probe__nes__l0.5,evaluation,denoise,boundary_probe,1005,16,65,68,435
evaluation__791__denoise__counterfactual__nes__l0.5,evaluation,denoise,counterfactual,1011,11,106,64,499
evaluation__791__deblur__attack__nes__l1,evaluation,deblur,attack,1019,3,116,112,-1
evaluation__791__deblur__restore__nes__l1,evaluation,deblur,restore,1020,2,625,42,-1
evaluation__791__deblur__random_walk__random_walk__l1,evaluation,deblur,random_walk,1024,1,31,25,-1
evaluation__791__deblur__confidence_boost__nes__l1,evaluation,deblur,confidence_boost,1016,6,122,69,-1
evaluation__791__deblur__boundary_probe__nes__l1,evaluation,deblur,boundary_probe,1018,4,118,124,-1
evaluation__791__deblur__counterfactual__nes__l1,evaluation,deblur,counterfactual,1017,5,93,94,-1
evaluation__5857__denoise__attack__nes__l0.5,evaluation,denoise,attack,1017,5,65,29,200
evaluation__5857__denoise__restore__nes__l0.5,evaluation,denoise,restore,1014,8,85,83,-1
evaluation__5857__denoise__random_walk__random_walk__l0.5,evaluation,denoise,random_walk,1024,1,16,22,-1
evaluation__5857__denoise__confidence_boost__nes__l0.5,evaluation,denoise,confidence_boost,1019,3,90,90,-1
evaluation__5857__denoise__boundary_probe__nes__l0.5,evaluation,denoise,boundary_probe,1017,5,22,26,212
evaluation__5857__denoise__counterfactual__nes__l0.5,evaluation,denoise,counterfactual,1017,5,44,37,183
evaluation__5857__deblur__attack__nes__l1,evaluation,deblur,attack,1020,2,95,91,802
evaluation__5857__deblur__restore__nes__l1,evaluation,deblur,restore,1020,2,322,453,-1
evaluation__5857__deblur__random_walk__random_walk__l1,evaluation,deblur,random_walk,1024,1,17,22,-1
evaluation__5857__deblur__confidence_boost__nes__l1,evaluation,deblur,confidence_boost,1014,8,41,120,-1
evaluation__5857__deblur__boundary_probe__nes__l1,evaluation,deblur,boundary_probe,1018,4,35,34,741
evaluation__5857__deblur__counterfactual__nes__l1,evaluation,deblur,counterfactual,1020,2,89,91,828
evaluation__8031__denoise__attack__nes__l0.5,evaluation,denoise,attack,1017,5,44,44,174
evaluation__8031__denoise__restore__nes__l0.5,evaluation,denoise,restore,1021,1,45,73,439
evaluation__8031__denoise__random_walk__random_walk__l0.5,evaluation,denoise,random_walk,1024,1,15,22,-1
evaluation__8031__denoise__confidence_boost__nes__l0.5,evaluation,denoise,confidence_boost,1020,2,72,83,-1
evaluation__8031__denoise__boundary_probe__nes__l0.5,evaluation,denoise,boundary_probe,1011,11,27,32,193
evaluation__8031__denoise__counterfactual__nes__l0.5,evaluation,denoise,counterfactual,1012,10,108,96,140
evaluation__8031__deblur__attack__nes__l1,evaluation,deblur,attack,1021,1,94,85,683
evaluation__8031__deblur__restore__nes__l1,evaluation,deblur,restore,1021,1,287,212,-1
evaluation__8031__deblur__random_walk__random_walk__l1,evaluation,deblur,random_walk,1024,1,15,22,-1
evaluation__8031__deblur__confidence_boost__nes__l1,evaluation,deblur,confidence_boost,1021,1,119,143,-1
evaluation__8031__deblur__boundary_probe__nes__l1,evaluation,deblur,boundary_probe,1021,1,18,23,696
evaluation__8031__deblur__counterfactual__nes__l1,evaluation,deblur,counterfactual,1019,3,23,24,618
evaluation__9991__denoise__attack__nes__l0.5,evaluation,denoise,attack,932,89,157,159,755
evaluation__9991__denoise__restore__nes__l0.5,evaluation,denoise,restore,1005,17,124,116,-1
evaluation__9991__denoise__random_walk__random_walk__l0.5,evaluation,denoise,random_walk,1024,1,18,22,-1
evaluation__9991__denoise__confidence_boost__nes__l0.5,evaluation,denoise,confidence_boost,984,38,146,131,-1
evaluation__9991__denoise__boundary_probe__nes__l0.5,evaluation,denoise,boundary_probe,973,49,111,111,837
evaluation__9991__denoise__counterfactual__nes__l0.5,evaluation,denoise,counterfactual,992,30,132,99,713
evaluation__9991__deblur__attack__nes__l1,evaluation,deblur,attack,1015,7,89,92,-1
evaluation__9991__deblur__restore__nes__l1,evaluation,deblur,restore,1017,5,111,33,-1
evaluation__9991__deblur__random_walk__random_walk__l1,evaluation,deblur,random_walk,1024,1,17,29,-1
evaluation__9991__deblur__confidence_boost__nes__l1,evaluation,deblur,confidence_boost,1015,7,56,57,-1
evaluation__9991__deblur__boundary_probe__nes__l1,evaluation,deblur,boundary_probe,1019,3,169,103,955
evaluation__9991__deblur__counterfactual__nes__l1,evaluation,deblur,counterfactual,1016,6,93,93,-1
evaluation__1882__denoise__attack__nes__l0.5,evaluation,denoise,attack,1002,20,101,114,77
evaluation__1882__denoise__restore__nes__l0.5,evaluation,denoise,restore,997,25,81,80,25
evaluation__1882__denoise__random_walk__random_walk__l0.5,evaluation,denoise,random_walk,1024,1,17,22,166
evaluation__1882__denoise__confidence_boost__nes__l0.5,evaluation,denoise,confidence_boost,980,39,138,133,6
evaluation__1882__denoise__boundary_probe__nes__l0.5,evaluation,denoise,boundary_probe,1013,9,83,70,6
evaluation__1882__denoise__counterfactual__nes__l0.5,evaluation,denoise,counterfactual,1005,17,85,54,62
evaluation__1882__deblur__attack__nes__l1,evaluation,deblur,attack,994,27,117,112,-1
evaluation__1882__deblur__restore__nes__l1,evaluation,deblur,restore,1007,15,739,620,-1
evaluation__1882__deblur__random_walk__random_walk__l1,evaluation,deblur,random_walk,1024,1,18,22,-1
evaluation__1882__deblur__confidence_boost__nes__l1,evaluation,deblur,confidence_boost,996,26,154,135,-1
evaluation__1882__deblur__boundary_probe__nes__l1,evaluation,deblur,boundary_probe,1005,17,123,125,-1
evaluation__1882__deblur__counterfactual__nes__l1,evaluation,deblur,counterfactual,1014,8,115,115,-1
evaluation__6789__denoise__attack__nes__l0.5,evaluation,denoise,attack,1012,10,87,78,112
evaluation__6789__denoise__restore__nes__l0.5,evaluation,denoise,restore,1003,19,68,68,399
evaluation__6789__denoise__random_walk__random_walk__l0.5,evaluation,denoise,random_walk,1024,1,15,22,-1
evaluation__6789__denoise__confidence_boost__nes__l0.5,evaluation,denoise,confidence_boost,1017,5,24,38,-1
evaluation__6789__denoise__boundary_probe__nes__l0.5,evaluation,denoise,boundary_probe,1006,16,84,63,164
evaluation__6789__denoise__counterfactual__nes__l0.5,evaluation,denoise,counterfactual,1011,10,27,32,139
evaluation__6789__deblur__attack__nes__l1,evaluation,deblur,attack,1019,3,132,114,-1
evaluation__6789__deblur__restore__nes__l1,evaluation,deblur,restore,1005,17,137,69,-1
evaluation__6789__deblur__random_walk__random_walk__l1,evaluation,deblur,random_walk,1024,1,15,22,-1
evaluation__6789__deblur__confidence_boost__nes__l1,evaluation,deblur,confidence_boost,1012,10,157,148,-1
evaluation__6789__deblur__boundary_probe__nes__l1,evaluation,deblur,boundary_probe,1020,2,98,31,-1
evaluation__6789__deblur__counterfactual__nes__l1,evaluation,deblur,counterfactual,1018,4,106,106,-1
evaluation__8366__denoise__attack__nes__l0.5,evaluation,denoise,attack,1015,7,75,72,31
evaluation__8366__denoise__restore__nes__l0.5,evaluation,denoise,restore,1010,12,55,100,134
evaluation__8366__denoise__random_walk__random_walk__l0.5,evaluation,denoise,random_walk,1024,1,15,22,80
evaluation__8366__denoise__confidence_boost__nes__l0.5,evaluation,denoise,confidence_boost,1008,14,104,101,-1
evaluation__8366__denoise__boundary_probe__nes__l0.5,evaluation,denoise,boundary_probe,1008,14,97,78,31
evaluation__8366__denoise__counterfactual__nes__l0.5,evaluation,denoise,counterfactual,1016,6,98,100,40
evaluation__8366__deblur__attack__nes__l1,evaluation,deblur,attack,973,49,132,125,-1
evaluation__8366__deblur__restore__nes__l1,evaluation,deblur,restore,979,43,180,196,-1
evaluation__8366__deblur__random_walk__random_walk__l1,evaluation,deblur,random_walk,1024,1,15,22,-1
evaluation__8366__deblur__confidence_boost__nes__l1,evaluation,deblur,confidence_boost,974,48,121,134,-1
evaluation__8366__deblur__boundary_probe__nes__l1,evaluation,deblur,boundary_probe,989,33,132,117,891
evaluation__8366__deblur__counterfactual__nes__l1,evaluation,deblur,counterfactual,982,40,90,98,-1
evaluation__1709__denoise__attack__nes__l0.5,evaluation,denoise,attack,1016,6,61,79,648
evaluation__1709__denoise__restore__nes__l0.5,evaluation,denoise,restore,1019,3,123,29,-1
evaluation__1709__denoise__random_walk__random_walk__l0.5,evaluation,denoise,random_walk,1024,1,27,22,-1
evaluation__1709__denoise__confidence_boost__nes__l0.5,evaluation,denoise,confidence_boost,1017,5,32,62,-1
evaluation__1709__denoise__boundary_probe__nes__l0.5,evaluation,denoise,boundary_probe,1008,13,53,40,604
evaluation__1709__denoise__counterfactual__nes__l0.5,evaluation,denoise,counterfactual,1017,5,51,51,747
evaluation__1709__deblur__attack__nes__l1,evaluation,deblur,attack,1005,17,142,140,594
evaluation__1709__deblur__restore__nes__l1,evaluation,deblur,restore,1019,3,62,63,-1
evaluation__1709__deblur__random_walk__random_walk__l1,evaluation,deblur,random_walk,1024,1,23,22,-1
evaluation__1709__deblur__confidence_boost__nes__l1,evaluation,deblur,confidence_boost,1015,7,119,30,-1
evaluation__1709__deblur__boundary_probe__nes__l1,evaluation,deblur,boundary_probe,1007,15,101,140,541
evaluation__1709__deblur__counterfactual__nes__l1,evaluation,deblur,counterfactual,1016,6,109,109,628
evaluation__4035__denoise__attack__nes__l0.5,evaluation,denoise,attack,897,125,188,146,775
evaluation__4035__denoise__restore__nes__l0.5,evaluation,denoise,restore,775,247,292,353,-1
evaluation__4035__denoise__random_walk__random_walk__l0.5,evaluation,denoise,random_walk,1024,1,18,22,-1
evaluation__4035__denoise__confidence_boost__nes__l0.5,evaluation,denoise,confidence_boost,905,117,164,183,-1
evaluation__4035__denoise__boundary_probe__nes__l0.5,evaluation,denoise,boundary_probe,753,269,239,289,700
evaluation__4035__denoise__counterfactual__nes__l0.5,evaluation,denoise,counterfactual,820,202,203,222,636
evaluation__4035__deblur__attack__nes__l1,evaluation,deblur,attack,935,87,190,157,-1
evaluation__4035__deblur__restore__nes__l1,evaluation,deblur,restore,927,95,308,314,-1
evaluation__4035__deblur__random_walk__random_walk__l1,evaluation,deblur,random_walk,1024,1,24,26,-1
evaluation__4035__deblur__confidence_boost__nes__l1,evaluation,deblur,confidence_boost,940,82,191,185,-1
evaluation__4035__deblur__boundary_probe__nes__l1,evaluation,deblur,boundary_probe,940,82,180,180,-1
evaluation__4035__deblur__counterfactual__nes__l1,evaluation,deblur,counterfactual,973,49,148,174,-1
evaluation__7855__denoise__attack__nes__l0.5,evaluation,denoise,attack,1020,2,46,50,32
evaluation__7855__denoise__restore__nes__l0.5,evaluation,denoise,restore,1018,4,51,51,738
evaluation__7855__denoise__random_walk__random_walk__l0.5,evaluation,denoise,random_walk,1024,1,27,27,-1
evaluation__7855__denoise__confidence_boost__nes__l0.5,evaluation,denoise,confidence_boost,1021,1,54,30,-1
evaluation__7855__denoise__boundary_probe__nes__l0.5,evaluation,denoise,boundary_probe,1021,1,62,54,11
evaluation__7855__denoise__counterfactual__nes__l0.5,evaluation,denoise,counterfactual,1019,3,36,25,82
evaluation__7855__deblur__attack__nes__l1,evaluation,deblur,attack,1021,1,92,85,20
evaluation__7855__deblur__restore__nes__l1,evaluation,deblur,restore,1017,5,116,197,82
evaluation__7855__deblur__random_walk__random_walk__l1,evaluation,deblur,random_walk,1024,1,15,22,188
evaluation__7855__deblur__confidence_boost__nes__l1,evaluation,deblur,confidence_boost,1009,11,115,114,11
evaluation__7855__deblur__boundary_probe__nes__l1,evaluation,deblur,boundary_probe,1019,3,69,72,65
evaluation__7855__deblur__counterfactual__nes__l1,evaluation,deblur,counterfactual,1015,7,83,75,25
evaluation__1518__denoise__attack__nes__l0.5,evaluation,denoise,attack,1003,19,110,50,2
evaluation__1518__denoise__restore__nes__l0.5,evaluation,denoise,restore,999,23,99,67,7
evaluation__1518__denoise__random_walk__random_walk__l0.5,evaluation,denoise,random_walk,1024,1,15,22,-1
evaluation__1518__denoise__confidence_boost__nes__l0.5,evaluation,denoise,confidence_boost,992,30,69,57,2
evaluation__1518__denoise__boundary_probe__nes__l0.5,evaluation,denoise,boundary_probe,1013,9,50,44,4
evaluation__1518__denoise__counterfactual__nes__l0.5,evaluation,denoise,counterfactual,1015,7,64,29,2
evaluation__1518__deblur__attack__nes__l1,evaluation,deblur,attack,1015,7,130,145,974
evaluation__1518__deblur__restore__nes__l1,evaluation,deblur,restore,1018,4,335,186,-1
evaluation__1518__deblur__random_walk__random_walk__l1,evaluation,deblur,random_walk,1024,1,15,22,-1
evaluation__1518__deblur__confidence_boost__nes__l1,evaluation,deblur,confidence_boost,1019,3,93,93,-1
evaluation__1518__deblur__boundary_probe__nes__l1,evaluation,deblur,boundary_probe,1013,9,137,133,902
evaluation__1518__deblur__counterfactual__nes__l1,evaluation,deblur,counterfactual,1008,14,141,100,885
evaluation__4785__denoise__attack__nes__l0.5,evaluation,denoise,attack,1017,5,70,63,504
evaluation__4785__denoise__restore__nes__l0.5,evaluation,denoise,restore,1019,3,84,120,-1
evaluation__4785__denoise__random_walk__random_walk__l0.5,evaluation,denoise,random_walk,1024,1,15,23,-1
evaluation__4785__denoise__confidence_boost__nes__l0.5,evaluation,denoise,confidence_boost,1019,3,103,64,-1
evaluation__4785__denoise__boundary_probe__nes__l0.5,evaluation,denoise,boundary_probe,1021,1,78,36,519
evaluation__4785__denoise__counterfactual__nes__l0.5,evaluation,denoise,counterfactual,1020,2,43,32,543
evaluation__4785__deblur__attack__nes__l1,evaluation,deblur,attack,1020,2,88,84,-1
evaluation__4785__deblur__restore__nes__l1,evaluation,deblur,restore,1012,9,108,69,-1
evaluation__4785__deblur__random_walk__random_walk__l1,evaluation,deblur,random_walk,1024,1,15,22,-1
evaluation__4785__deblur__confidence_boost__nes__l1,evaluation,deblur,confidence_boost,1014,8,130,144,-1
evaluation__4785__deblur__boundary_probe__nes__l1,evaluation,deblur,boundary_probe,1010,12,51,48,-1
evaluation__4785__deblur__counterfactual__nes__l1,evaluation,deblur,counterfactual,1018,4,83,82,-1
evaluation__6340__denoise__attack__nes__l0.5,evaluation,denoise,attack,999,22,67,50,232
evaluation__6340__denoise__restore__nes__l0.5,evaluation,denoise,restore,1014,8,68,139,-1
evaluation__6340__denoise__random_walk__random_walk__l0.5,evaluation,denoise,random_walk,1024,1,15,24,-1
evaluation__6340__denoise__confidence_boost__nes__l0.5,evaluation,denoise,confidence_boost,1007,15,105,120,-1
evaluation__6340__denoise__boundary_probe__nes__l0.5,evaluation,denoise,boundary_probe,1004,18,119,102,267
evaluation__6340__denoise__counterfactual__nes__l0.5,evaluation,denoise,counterfactual,1004,18,58,58,245
evaluation__6340__deblur__attack__nes__l1,evaluation,deblur,attack,1021,1,37,71,-1
evaluation__6340__deblur__restore__nes__l1,evaluation,deblur,restore,1021,1,285,332,-1
evaluation__6340__deblur__random_walk__random_walk__l1,evaluation,deblur,random_walk,1024,1,15,22,-1
evaluation__6340__deblur__confidence_boost__nes__l1,evaluation,deblur,confidence_boost,1021,1,114,111,-1
evaluation__6340__deblur__boundary_probe__nes__l1,evaluation,deblur,boundary_probe,1019,3,126,83,-1
evaluation__6340__deblur__counterfactual__nes__l1,evaluation,deblur,counterfactual,1021,1,168,166,-1
evaluation__9839__denoise__attack__nes__l0.5,evaluation,denoise,attack,1016,6,26,28,56
evaluation__9839__denoise__restore__nes__l0.5,evaluation,denoise,restore,1009,13,52,47,112
evaluation__9839__denoise__random_walk__random_walk__l0.5,evaluation,denoise,random_walk,1024,1,23,22,-1
evaluation__9839__denoise__confidence_boost__nes__l0.5,evaluation,denoise,confidence_boost,1011,11,123,50,-1
evaluation__9839__denoise__boundary_probe__nes__l0.5,evaluation,denoise,boundary_probe,1014,8,85,85,72
evaluation__9839__denoise__counterfactual__nes__l0.5,evaluation,denoise,counterfactual,1014,8,64,50,95
evaluation__9839__deblur__attack__nes__l1,evaluation,deblur,attack,1006,16,39,39,90
evaluation__9839__deblur__restore__nes__l1,evaluation,deblur,restore,1017,5,31,30,-1
evaluation__9839__deblur__random_walk__random_walk__l1,evaluation,deblur,random_walk,1024,1,15,22,-1
evaluation__9839__deblur__confidence_boost__nes__l1,evaluation,deblur,confidence_boost,1010,12,111,111,-1
evaluation__9839__deblur__boundary_probe__nes__l1,evaluation,deblur,boundary_probe,1013,9,127,130,141
evaluation__9839__deblur__counterfactual__nes__l1,evaluation,deblur,counterfactual,1016,6,52,31,128
evaluation__3692__denoise__attack__nes__l0.5,evaluation,denoise,attack,1016,6,83,62,483
evaluation__3692__denoise__restore__nes__l0.5,evaluation,denoise,restore,1009,13,53,53,-1
evaluation__3692__denoise__random_walk__random_walk__l0.5,evaluation,denoise,random_walk,1024,1,16,24,-1
evaluation__3692__denoise__confidence_boost__nes__l0.5,evaluation,denoise,confidence_boost,1006,16,30,67,-1
evaluation__3692__denoise__boundary_probe__nes__l0.5,evaluation,denoise,boundary_probe,1000,22,136,137,438
evaluation__3692__denoise__counterfactual__nes__l0.5,evaluation,denoise,counterfactual,1004,18,57,40,488
evaluation__3692__deblur__attack__nes__l1,evaluation,deblur,attack,998,24,63,159,555
evaluation__3692__deblur__restore__nes__l1,evaluation,deblur,restore,999,23,431,467,-1
evaluation__3692__deblur__random_walk__random_walk__l1,evaluation,deblur,random_walk,1024,1,15,22,-1
evaluation__3692__deblur__confidence_boost__nes__l1,evaluation,deblur,confidence_boost,1011,11,206,229,-1
evaluation__3692__deblur__boundary_probe__nes__l1,evaluation,deblur,boundary_probe,998,24,121,125,610
evaluation__3692__deblur__counterfactual__nes__l1,evaluation,deblur,counterfactual,1013,9,137,137,548
evaluation__4362__denoise__attack__nes__l0.5,evaluation,denoise,attack,1012,10,49,49,-1
evaluation__4362__denoise__restore__nes__l0.5,evaluation,denoise,restore,1016,6,168,34,-1
evaluation__4362__denoise__random_walk__random_walk__l0.5,evaluation,denoise,random_walk,1024,1,16,22,-1
evaluation__4362__denoise__confidence_boost__nes__l0.5,evaluation,denoise,confidence_boost,1002,20,92,79,-1
evaluation__4362__denoise__boundary_probe__nes__l0.5,evaluation,denoise,boundary_probe,998,24,114,107,-1
evaluation__4362__denoise__counterfactual__nes__l0.5,evaluation,denoise,counterfactual,1014,8,71,71,-1
evaluation__4362__deblur__attack__nes__l1,evaluation,deblur,attack,1019,2,136,45,389
evaluation__4362__deblur__restore__nes__l1,evaluation,deblur,restore,1021,1,35,28,-1
evaluation__4362__deblur__random_walk__random_walk__l1,evaluation,deblur,random_walk,1024,1,23,22,-1
evaluation__4362__deblur__confidence_boost__nes__l1,evaluation,deblur,confidence_boost,1018,4,140,143,-1
evaluation__4362__deblur__boundary_probe__nes__l1,evaluation,deblur,boundary_probe,1020,2,59,61,401
evaluation__4362__deblur__counterfactual__nes__l1,evaluation,deblur,counterfactual,1021,1,51,22,378
evaluation__8540__denoise__attack__nes__l0.5,evaluation,denoise,attack,996,26,51,91,5
evaluation__8540__denoise__restore__nes__l0.5,evaluation,denoise,restore,1012,10,128,119,31
evaluation__8540__denoise__random_walk__random_walk__l0.5,evaluation,denoise,random_walk,1024,1,17,22,105
evaluation__8540__denoise__confidence_boost__nes__l0.5,evaluation,denoise,confidence_boost,1008,14,78,76,36
evaluation__8540__denoise__boundary_probe__nes__l0.5,evaluation,denoise,boundary_probe,1015,7,62,65,14
evaluation__8540__denoise__counterfactual__nes__l0.5,evaluation,denoise,counterfactual,1008,14,53,40,8
evaluation__8540__deblur__attack__nes__l1,evaluation,deblur,attack,973,49,123,126,723
evaluation__8540__deblur__restore__nes__l1,evaluation,deblur,restore,996,26,127,158,-1
evaluation__8540__deblur__random_walk__random_walk__l1,evaluation,deblur,random_walk,1024,1,17,22,-1
evaluation__8540__deblur__confidence_boost__nes__l1,evaluation,deblur,confidence_boost,939,82,138,138,-1
evaluation__8540__deblur__boundary_probe__nes__l1,evaluation,deblur,boundary_probe,962,60,146,146,716
evaluation__8540__deblur__counterfactual__nes__l1,evaluation,deblur,counterfactual,992,30,214,207,763
evaluation__2281__denoise__attack__nes__l0.5,evaluation,denoise,attack,1020,2,17,34,863
evaluation__2281__denoise__restore__nes__l0.5,evaluation,denoise,restore,1021,1,53,64,-1
evaluation__2281__denoise__random_walk__random_walk__l0.5,evaluation,denoise,random_walk,1024,1,17,25,-1
evaluation__2281__denoise__confidence_boost__nes__l0.5,evaluation,denoise,confidence_boost,1021,1,30,25,-1
evaluation__2281__denoise__boundary_probe__nes__l0.5,evaluation,denoise,boundary_probe,1020,2,16,30,789
evaluation__2281__denoise__counterfactual__nes__l0.5,evaluation,denoise,counterfactual,1016,6,50,27,784
evaluation__2281__deblur__attack__nes__l1,evaluation,deblur,attack,1021,1,78,81,-1
evaluation__2281__deblur__restore__nes__l1,evaluation,deblur,restore,1021,1,96,518,-1
evaluation__2281__deblur__random_walk__random_walk__l1,evaluation,deblur,random_walk,1024,1,15,22,-1
evaluation__2281__deblur__confidence_boost__nes__l1,evaluation,deblur,confidence_boost,1021,1,133,130,-1
evaluation__2281__deblur__boundary_probe__nes__l1,evaluation,deblur,boundary_probe,1021,1,130,140,-1
evaluation__2281__deblur__counterfactual__nes__l1,evaluation,deblur,counterfactual,1021,1,78,22,-1
evaluation__5615__denoise__attack__nes__l0.5,evaluation,denoise,attack,1013,9,105,97,10
evaluation__5615__denoise__restore__nes__l0.5,evaluation,denoise,restore,1018,4,46,48,6
evaluation__5615__denoise__random_walk__random_walk__l0.5,evaluation,denoise,random_walk,1024,1,15,22,-1
evaluation__5615__denoise__confidence_boost__nes__l0.5,evaluation,denoise,confidence_boost,1016,6,27,51,12
evaluation__5615__denoise__boundary_probe__nes__l0.5,evaluation,denoise,boundary_probe,1016,6,45,100,22
evaluation__5615__denoise__counterfactual__nes__l0.5,evaluation,denoise,counterfactual,1018,4,32,102,5
evaluation__5615__deblur__attack__nes__l1,evaluation,deblur,attack,1021,1,161,116,392
evaluation__5615__deblur__restore__nes__l1,evaluation,deblur,restore,1017,5,509,88,-1
evaluation__5615__deblur__random_walk__random_walk__l1,evaluation,deblur,random_walk,1024,1,22,23,-1
evaluation__5615__deblur__confidence_boost__nes__l1,evaluation,deblur,confidence_boost,1019,3,119,118,-1
evaluation__5615__deblur__boundary_probe__nes__l1,evaluation,deblur,boundary_probe,1018,4,108,86,372
evaluation__5615__deblur__counterfactual__nes__l1,evaluation,deblur,counterfactual,1021,1,142,22,375
evaluation__8789__denoise__attack__nes__l0.5,evaluation,denoise,attack,965,57,134,130,108
evaluation__8789__denoise__restore__nes__l0.5,evaluation,denoise,restore,970,52,112,112,94
evaluation__8789__denoise__random_walk__random_walk__l0.5,evaluation,denoise,random_walk,1024,1,19,22,364
evaluation__8789__denoise__confidence_boost__nes__l0.5,evaluation,denoise,confidence_boost,952,70,188,189,-1
evaluation__8789__denoise__boundary_probe__nes__l0.5,evaluation,denoise,boundary_probe,953,69,108,106,95
evaluation__8789__denoise__counterfactual__nes__l0.5,evaluation,denoise,counterfactual,962,60,145,148,84
evaluation__8789__deblur__attack__nes__l1,evaluation,deblur,attack,905,117,299,188,-1
evaluation__8789__deblur__restore__nes__l1,evaluation,deblur,restore,820,202,203,218,-1
evaluation__8789__deblur__random_walk__random_walk__l1,evaluation,deblur,random_walk,1024,1,22,22,-1
evaluation__8789__deblur__confidence_boost__nes__l1,evaluation,deblur,confidence_boost,905,117,130,138,-1
evaluation__8789__deblur__boundary_probe__nes__l1,evaluation,deblur,boundary_probe,907,115,314,224,-1
evaluation__8789__deblur__counterfactual__nes__l1,evaluation,deblur,counterfactual,913,109,314,231,-1
evaluation__1147__denoise__attack__nes__l0.5,evaluation,denoise,attack,1021,1,100,48,629
evaluation__1147__denoise__restore__nes__l0.5,evaluation,denoise,restore,1021,1,40,22,-1
evaluation__1147__denoise__random_walk__random_walk__l0.5,evaluation,denoise,random_walk,1024,1,17,22,-1
evaluation__1147__denoise__confidence_boost__nes__l0.5,evaluation,denoise,confidence_boost,1021,1,15,22,-1
evaluation__1147__denoise__boundary_probe__nes__l0.5,evaluation,denoise,boundary_probe,1021,1,72,100,807
evaluation__1147__denoise__counterfactual__nes__l0.5,evaluation,denoise,counterfactual,1021,1,40,99,841
evaluation__1147__deblur__attack__nes__l1,evaluation,deblur,attack,1021,1,192,103,324
evaluation__1147__deblur__restore__nes__l1,evaluation,deblur,restore,1012,10,524,106,-1
evaluation__1147__deblur__random_walk__random_walk__l1,evaluation,deblur,random_walk,1024,1,18,22,-1
evaluation__1147__deblur__confidence_boost__nes__l1,evaluation,deblur,confidence_boost,1019,3,180,148,-1
evaluation__1147__deblur__boundary_probe__nes__l1,evaluation,deblur,boundary_probe,1017,5,141,86,263
evaluation__1147__deblur__counterfactual__nes__l1,evaluation,deblur,counterfactual,1017,5,158,82,307
evaluation__4291__denoise__attack__nes__l0.5,evaluation,denoise,attack,1021,1,16,60,520
evaluation__4291__denoise__restore__nes__l0.5,evaluation,denoise,restore,1021,1,48,50,-1
evaluation__4291__denoise__random_walk__random_walk__l0.5,evaluation,denoise,random_walk,1024,1,15,22,-1
evaluation__4291__denoise__confidence_boost__nes__l0.5,evaluation,denoise,confidence_boost,1021,1,71,76,-1
evaluation__4291__denoise__boundary_probe__nes__l0.5,evaluation,denoise,boundary_probe,1021,1,100,98,496
evaluation__4291__denoise__counterfactual__nes__l0.5,evaluation,denoise,counterfactual,1021,1,86,74,369
evaluation__4291__deblur__attack__nes__l1,evaluation,deblur,attack,1021,1,15,123,115
evaluation__4291__deblur__restore__nes__l1,evaluation,deblur,restore,1021,1,42,35,-1
evaluation__4291__deblur__random_walk__random_walk__l1,evaluation,deblur,random_walk,1024,1,15,22,255
evaluation__4291__deblur__confidence_boost__nes__l1,evaluation,deblur,confidence_boost,1021,1,69,90,-1
evaluation__4291__deblur__boundary_probe__nes__l1,evaluation,deblur,boundary_probe,1021,1,40,39,72
evaluation__4291__deblur__counterfactual__nes__l1,evaluation,deblur,counterfactual,1021,1,40,32,100
evaluation__6894__denoise__attack__nes__l0.5,evaluation,denoise,attack,892,130,226,224,330
evaluation__6894__denoise__restore__nes__l0.5,evaluation,denoise,restore,993,29,146,158,-1
evaluation__6894__denoise__random_walk__random_walk__l0.5,evaluation,denoise,random_walk,1024,1,15,22,-1
evaluation__6894__denoise__confidence_boost__nes__l0.5,evaluation,denoise,confidence_boost,905,117,185,180,-1
evaluation__6894__denoise__boundary_probe__nes__l0.5,evaluation,denoise,boundary_probe,915,107,198,197,327
evaluation__6894__denoise__counterfactual__nes__l0.5,evaluation,denoise,counterfactual,969,53,215,167,401
evaluation__6894__deblur__attack__nes__l1,evaluation,deblur,attack,1013,9,133,120,801
evaluation__6894__deblur__restore__nes__l1,evaluation,deblur,restore,1015,7,185,42,-1
evaluation__6894__deblur__random_walk__random_walk__l1,evaluation,deblur,random_walk,1024,1,24,22,-1
evaluation__6894__deblur__confidence_boost__nes__l1,evaluation,deblur,confidence_boost,1003,19,184,162,-1
evaluation__6894__deblur__boundary_probe__nes__l1,evaluation,deblur,boundary_probe,1017,5,142,139,673
evaluation__6894__deblur__counterfactual__nes__l1,evaluation,deblur,counterfactual,1019,3,117,103,987
evaluation__9762__denoise__attack__nes__l0.5,evaluation,denoise,attack,1013,9,64,101,-1
evaluation__9762__denoise__restore__nes__l0.5,evaluation,denoise,restore,1019,3,42,29,-1
evaluation__9762__denoise__random_walk__random_walk__l0.5,evaluation,denoise,random_walk,1024,1,19,22,-1
evaluation__9762__denoise__confidence_boost__nes__l0.5,evaluation,denoise,confidence_boost,1021,1,21,22,-1
evaluation__9762__denoise__boundary_probe__nes__l0.5,evaluation,denoise,boundary_probe,1021,1,57,56,-1
evaluation__9762__denoise__counterfactual__nes__l0.5,evaluation,denoise,counterfactual,1020,2,41,43,-1
evaluation__9762__deblur__attack__nes__l1,evaluation,deblur,attack,1020,2,26,26,407
evaluation__9762__deblur__restore__nes__l1,evaluation,deblur,restore,1015,3,423,467,-1
evaluation__9762__deblur__random_walk__random_walk__l1,evaluation,deblur,random_walk,1024,1,15,22,-1
evaluation__9762__deblur__confidence_boost__nes__l1,evaluation,deblur,confidence_boost,1019,3,78,71,-1
evaluation__9762__deblur__boundary_probe__nes__l1,evaluation,deblur,boundary_probe,1018,4,112,62,415
evaluation__9762__deblur__counterfactual__nes__l1,evaluation,deblur,counterfactual,1020,2,84,99,574
evaluation__3482__denoise__attack__nes__l0.5,evaluation,denoise,attack,1000,22,36,49,13
evaluation__3482__denoise__restore__nes__l0.5,evaluation,denoise,restore,1015,7,46,36,21
evaluation__3482__denoise__random_walk__random_walk__l0.5,evaluation,denoise,random_walk,1024,1,15,22,382
evaluation__3482__denoise__confidence_boost__nes__l0.5,evaluation,denoise,confidence_boost,1017,5,50,38,23
evaluation__3482__denoise__boundary_probe__nes__l0.5,evaluation,denoise,boundary_probe,1016,6,40,42,2
evaluation__3482__denoise__counterfactual__nes__l0.5,evaluation,denoise,counterfactual,1010,7,78,78,21
evaluation__3482__deblur__attack__nes__l1,evaluation,deblur,attack,869,153,192,194,802
evaluation__3482__deblur__restore__nes__l1,evaluation,deblur,restore,729,293,391,525,-1
evaluation__3482__deblur__random_walk__random_walk__l1,evaluation,deblur,random_walk,1024,1,15,22,-1
evaluation__3482__deblur__confidence_boost__nes__l1,evaluation,deblur,confidence_boost,689,333,239,330,-1
evaluation__3482__deblur__boundary_probe__nes__l1,evaluation,deblur,boundary_probe,879,143,169,175,767
evaluation__3482__deblur__counterfactual__nes__l1,evaluation,deblur,counterfactual,786,236,239,252,976
evaluation__5606__denoise__attack__nes__l0.5,evaluation,denoise,attack,1015,7,26,47,-1
evaluation__5606__denoise__restore__nes__l0.5,evaluation,denoise,restore,1019,3,67,46,-1
evaluation__5606__denoise__random_walk__random_walk__l0.5,evaluation,denoise,random_walk,1024,1,18,22,-1
evaluation__5606__denoise__confidence_boost__nes__l0.5,evaluation,denoise,confidence_boost,1016,6,48,36,-1
evaluation__5606__denoise__boundary_probe__nes__l0.5,evaluation,denoise,boundary_probe,998,24,107,79,-1
evaluation__5606__denoise__counterfactual__nes__l0.5,evaluation,denoise,counterfactual,1017,5,86,105,-1
evaluation__5606__deblur__attack__nes__l1,evaluation,deblur,attack,1018,4,41,49,-1
evaluation__5606__deblur__restore__nes__l1,evaluation,deblur,restore,1006,16,50,50,-1
evaluation__5606__deblur__random_walk__random_walk__l1,evaluation,deblur,random_walk,1024,1,25,22,-1
evaluation__5606__deblur__confidence_boost__nes__l1,evaluation,deblur,confidence_boost,1004,18,65,43,-1
evaluation__5606__deblur__boundary_probe__nes__l1,evaluation,deblur,boundary_probe,1005,17,122,120,-1
evaluation__5606__deblur__counterfactual__nes__l1,evaluation,deblur,counterfactual,1014,8,121,120,-1
evaluation__8327__denoise__attack__nes__l0.5,evaluation,denoise,attack,949,73,136,139,7
evaluation__8327__denoise__restore__nes__l0.5,evaluation,denoise,restore,947,75,132,136,6
evaluation__8327__denoise__random_walk__random_walk__l0.5,evaluation,denoise,random_walk,1024,1,18,22,132
evaluation__8327__denoise__confidence_boost__nes__l0.5,evaluation,denoise,confidence_boost,941,81,185,173,3
evaluation__8327__denoise__boundary_probe__nes__l0.5,evaluation,denoise,boundary_probe,981,41,113,100,13
evaluation__8327__denoise__counterfactual__nes__l0.5,evaluation,denoise,counterfactual,969,53,129,129,3
evaluation__8327__deblur__attack__nes__l1,evaluation,deblur,attack,864,158,212,214,582
evaluation__8327__deblur__restore__nes__l1,evaluation,deblur,restore,855,167,216,450,-1
evaluation__8327__deblur__random_walk__random_walk__l1,evaluation,deblur,random_walk,1024,1,15,22,-1
evaluation__8327__deblur__confidence_boost__nes__l1,evaluation,deblur,confidence_boost,806,216,408,413,-1
evaluation__8327__deblur__boundary_probe__nes__l1,evaluation,deblur,boundary_probe,855,167,276,288,571
evaluation__8327__deblur__counterfactual__nes__l1,evaluation,deblur,counterfactual,812,210,213,225,534
evaluation__1142__denoise__attack__nes__l0.5,evaluation,denoise,attack,968,54,128,150,387
evaluation__1142__denoise__restore__nes__l0.5,evaluation,denoise,restore,981,41,114,73,-1
evaluation__1142__denoise__random_walk__random_walk__l0.5,evaluation,denoise,random_walk,1024,1,16,22,-1
evaluation__1142__denoise__confidence_boost__nes__l0.5,evaluation,denoise,confidence_boost,1000,22,39,48,-1
evaluation__1142__denoise__boundary_probe__nes__l0.5,evaluation,denoise,boundary_probe,969,53,93,91,413
evaluation__1142__denoise__counterfactual__nes__l0.5,evaluation,denoise,counterfactual,953,69,108,108,448
evaluation__1142__deblur__attack__nes__l1,evaluation,deblur,attack,1012,10,208,70,-1
evaluation__1142__deblur__restore__nes__l1,evaluation,deblur,restore,1009,13,626,178,-1
evaluation__1142__deblur__random_walk__random_walk__l1,evaluation,deblur,random_walk,1024,1,15,22,-1
evaluation__1142__deblur__confidence_boost__nes__l1,evaluation,deblur,confidence_boost,1021,1,144,123,-1
evaluation__1142__deblur__boundary_probe__nes__l1,evaluation,deblur,boundary_probe,1015,7,168,98,970
evaluation__1142__deblur__counterfactual__nes__l1,evaluation,deblur,counterfactual,1021,1,149,86,1021
evaluation__3817__denoise__attack__nes__l0.5,evaluation,denoise,attack,1012,10,81,87,709
evaluation__3817__denoise__restore__nes__l0.5,evaluation,denoise,restore,1019,3,66,66,-1
evaluation__3817__denoise__random_walk__random_walk__l0.5,evaluation,denoise,random_walk,1024,1,15,22,-1
evaluation__3817__denoise__confidence_boost__nes__l0.5,evaluation,denoise,confidence_boost,1019,3,90,89,-1
evaluation__3817__denoise__boundary_probe__nes__l0.5,evaluation,denoise,boundary_probe,1009,13,91,90,640
evaluation__3817__denoise__counterfactual__nes__l0.5,evaluation,denoise,counterfactual,1013,9,63,68,577
evaluation__3817__deblur__attack__nes__l1,evaluation,deblur,attack,1017,5,152,100,-1
evaluation__3817__deblur__restore__nes__l1,evaluation,deblur,restore,1020,2,70,88,-1
evaluation__3817__deblur__random_walk__random_walk__l1,evaluation,deblur,random_walk,1024,1,15,22,-1
evaluation__3817__deblur__confidence_boost__nes__l1,evaluation,deblur,confidence_boost,1017,5,84,79,-1
evaluation__3817__deblur__boundary_probe__nes__l1,evaluation,deblur,boundary_probe,1018,4,127,118,-1
evaluation__3817__deblur__counterfactual__nes__l1,evaluation,deblur,counterfactual,1018,4,131,124,-1
evaluation__6395__denoise__attack__nes__l0.5,evaluation,denoise,attack,1021,1,17,22,377
evaluation__6395__denoise__restore__nes__l0.5,evaluation,denoise,restore,1021,1,71,30,-1
evaluation__6395__denoise__random_walk__random_walk__l0.5,evaluation,denoise,random_walk,1024,1,15,22,-1
evaluation__6395__denoise__confidence_boost__nes__l0.5,evaluation,denoise,confidence_boost,1021,1,62,64,-1
evaluation__6395__denoise__boundary_probe__nes__l0.5,evaluation,denoise,boundary_probe,1021,1,67,84,385
evaluation__6395__denoise__counterfactual__nes__l0.5,evaluation,denoise,counterfactual,1020,2,23,23,397
evaluation__6395__deblur__attack__nes__l1,evaluation,deblur,attack,1017,4,231,112,783
evaluation__6395__deblur__restore__nes__l1,evaluation,deblur,restore,1020,2,88,88,-1
evaluation__6395__deblur__random_walk__random_walk__l1,evaluation,deblur,random_walk,1024,1,15,22,-1
evaluation__6395__deblur__confidence_boost__nes__l1,evaluation,deblur,confidence_boost,1016,6,151,70,-1
evaluation__6395__deblur__boundary_probe__nes__l1,evaluation,deblur,boundary_probe,1017,3,398,87,732
evaluation__6395__deblur__counterfactual__nes__l1,evaluation,deblur,counterfactual,1021,1,159,70,681
evaluation__609__denoise__attack__nes__l0.5,evaluation,denoise,attack,1003,19,98,97,-1
evaluation__609__denoise__restore__nes__l0.5,evaluation,denoise,restore,991,31,70,65,-1
evaluation__609__denoise__random_walk__random_walk__l0.5,evaluation,denoise,random_walk,1024,1,18,22,-1
evaluation__609__denoise__confidence_boost__nes__l0.5,evaluation,denoise,confidence_boost,994,28,98,80,-1
evaluation__609__denoise__boundary_probe__nes__l0.5,evaluation,denoise,boundary_probe,956,66,87,87,-1
evaluation__609__denoise__counterfactual__nes__l0.5,evaluation,denoise,counterfactual,1003,19,125,131,-1
evaluation__609__deblur__attack__nes__l1,evaluation,deblur,attack,1016,6,105,106,-1
evaluation__609__deblur__restore__nes__l1,evaluation,deblur,restore,1018,4,149,98,-1
evaluation__609__deblur__random_walk__random_walk__l1,evaluation,deblur,random_walk,1024,1,15,22,-1
evaluation__609__deblur__confidence_boost__nes__l1,evaluation,deblur,confidence_boost,1018,4,91,103,-1
evaluation__609__deblur__boundary_probe__nes__l1,evaluation,deblur,boundary_probe,1016,6,58,63,-1
evaluation__609__deblur__counterfactual__nes__l1,evaluation,deblur,counterfactual,1013,9,69,72,-1
evaluation__5397__denoise__attack__nes__l0.5,evaluation,denoise,attack,1006,16,31,67,3
evaluation__5397__denoise__restore__nes__l0.5,evaluation,denoise,restore,1015,7,49,89,25
evaluation__5397__denoise__random_walk__random_walk__l0.5,evaluation,denoise,random_walk,1024,1,17,22,416
evaluation__5397__denoise__confidence_boost__nes__l0.5,evaluation,denoise,confidence_boost,1013,9,100,130,9
evaluation__5397__denoise__boundary_probe__nes__l0.5,evaluation,denoise,boundary_probe,1015,7,46,31,33
evaluation__5397__denoise__counterfactual__nes__l0.5,evaluation,denoise,counterfactual,1017,5,69,69,55
evaluation__5397__deblur__attack__nes__l1,evaluation,deblur,attack,1004,18,39,39,576
evaluation__5397__deblur__restore__nes__l1,evaluation,deblur,restore,978,44,468,287,-1
evaluation__5397__deblur__random_walk__random_walk__l1,evaluation,deblur,random_walk,1024,1,15,22,820
evaluation__5397__deblur__confidence_boost__nes__l1,evaluation,deblur,confidence_boost,1007,15,84,82,-1
evaluation__5397__deblur__boundary_probe__nes__l1,evaluation,deblur,boundary_probe,998,22,120,125,776
evaluation__5397__deblur__counterfactual__nes__l1,evaluation,deblur,counterfactual,1008,14,37,63,800
evaluation__8312__denoise__attack__nes__l0.5,evaluation,denoise,attack,1000,22,53,90,-1
evaluation__8312__denoise__restore__nes__l0.5,evaluation,denoise,restore,1006,16,98,92,-1
evaluation__8312__denoise__random_walk__random_walk__l0.5,evaluation,denoise,random_walk,1024,1,17,22,-1
evaluation__8312__denoise__confidence_boost__nes__l0.5,evaluation,denoise,confidence_boost,1006,16,30,38,-1
evaluation__8312__denoise__boundary_probe__nes__l0.5,evaluation,denoise,boundary_probe,1012,10,81,89,757
evaluation__8312__denoise__counterfactual__nes__l0.5,evaluation,denoise,counterfactual,1014,8,65,44,888
evaluation__8312__deblur__attack__nes__l1,evaluation,deblur,attack,982,40,172,154,201
evaluation__8312__deblur__restore__nes__l1,evaluation,deblur,restore,1002,20,453,291,-1
evaluation__8312__deblur__random_walk__random_walk__l1,evaluation,deblur,random_walk,1024,1,31,23,-1
evaluation__8312__deblur__confidence_boost__nes__l1,evaluation,deblur,confidence_boost,1009,13,121,35,-1
evaluation__8312__deblur__boundary_probe__nes__l1,evaluation,deblur,boundary_probe,1015,7,160,137,138
evaluation__8312__deblur__counterfactual__nes__l1,evaluation,deblur,counterfactual,1011,11,52,44,108
evaluation__9362__denoise__attack__nes__l0.5,evaluation,denoise,attack,1015,7,112,119,384
evaluation__9362__denoise__restore__nes__l0.5,evaluation,denoise,restore,988,33,147,170,-1
evaluation__9362__denoise__random_walk__random_walk__l0.5,evaluation,denoise,random_walk,1024,1,19,22,-1
evaluation__9362__denoise__confidence_boost__nes__l0.5,evaluation,denoise,confidence_boost,1002,20,117,122,-1
evaluation__9362__denoise__boundary_probe__nes__l0.5,evaluation,denoise,boundary_probe,981,41,96,125,402
evaluation__9362__denoise__counterfactual__nes__l0.5,evaluation,denoise,counterfactual,990,32,121,128,385
evaluation__9362__deblur__attack__nes__l1,evaluation,deblur,attack,972,50,165,114,19
evaluation__9362__deblur__restore__nes__l1,evaluation,deblur,restore,946,76,352,104,15
evaluation__9362__deblur__random_walk__random_walk__l1,evaluation,deblur,random_walk,1024,1,19,22,27
evaluation__9362__deblur__confidence_boost__nes__l1,evaluation,deblur,confidence_boost,916,106,129,127,49
evaluation__9362__deblur__boundary_probe__nes__l1,evaluation,deblur,boundary_probe,857,165,216,220,3
evaluation__9362__deblur__counterfactual__nes__l1,evaluation,deblur,counterfactual,911,111,124,243,9
fit__5256__denoise__attack__nes__l0.5,fit,denoise,attack,822,200,202,219,136
fit__5256__denoise__restore__nes__l0.5,fit,denoise,restore,900,122,170,201,-1
fit__5256__denoise__random_walk__random_walk__l0.5,fit,denoise,random_walk,1024,1,29,29,-1
fit__5256__denoise__confidence_boost__nes__l0.5,fit,denoise,confidence_boost,855,167,198,213,-1
fit__5256__denoise__boundary_probe__nes__l0.5,fit,denoise,boundary_probe,755,267,233,280,90
fit__5256__denoise__counterfactual__nes__l0.5,fit,denoise,counterfactual,825,197,200,243,119
fit__5256__deblur__attack__nes__l1,fit,deblur,attack,1015,7,116,117,948
fit__5256__deblur__restore__nes__l1,fit,deblur,restore,1014,8,66,252,-1
fit__5256__deblur__random_walk__random_walk__l1,fit,deblur,random_walk,1024,1,15,22,-1
fit__5256__deblur__confidence_boost__nes__l1,fit,deblur,confidence_boost,1013,9,146,127,-1
fit__5256__deblur__boundary_probe__nes__l1,fit,deblur,boundary_probe,1009,13,125,125,998
fit__5256__deblur__counterfactual__nes__l1,fit,deblur,counterfactual,1010,11,33,33,-1
fit__1810__denoise__attack__nes__l0.5,fit,denoise,attack,1014,8,97,57,617
fit__1810__denoise__restore__nes__l0.5,fit,denoise,restore,1019,3,97,34,-1
fit__1810__denoise__random_walk__random_walk__l0.5,fit,denoise,random_walk,1024,1,19,22,-1
fit__1810__denoise__confidence_boost__nes__l0.5,fit,denoise,confidence_boost,1010,12,26,33,-1
fit__1810__denoise__boundary_probe__nes__l0.5,fit,denoise,boundary_probe,1019,3,50,68,637
fit__1810__denoise__counterfactual__nes__l0.5,fit,denoise,counterfactual,1021,1,45,34,760
fit__1810__deblur__attack__nes__l1,fit,deblur,attack,1021,1,31,22,-1
fit__1810__deblur__restore__nes__l1,fit,deblur,restore,1016,6,237,144,-1
fit__1810__deblur__random_walk__random_walk__l1,fit,deblur,random_walk,1024,1,15,22,-1
fit__1810__deblur__confidence_boost__nes__l1,fit,deblur,confidence_boost,1020,2,139,137,-1
fit__1810__deblur__boundary_probe__nes__l1,fit,deblur,boundary_probe,1019,3,67,81,-1
fit__1810__deblur__counterfactual__nes__l1,fit,deblur,counterfactual,1019,3,51,35,-1
fit__7329__denoise__attack__nes__l0.5,fit,denoise,attack,989,33,49,77,2
fit__7329__denoise__restore__nes__l0.5,fit,denoise,restore,965,57,96,87,3
fit__7329__denoise__random_walk__random_walk__l0.5,fit,denoise,random_walk,1024,1,17,22,44
fit__7329__denoise__confidence_boost__nes__l0.5,fit,denoise,confidence_boost,996,26,108,108,2
fit__7329__denoise__boundary_probe__nes__l0.5,fit,denoise,boundary_probe,995,27,67,104,2
fit__7329__denoise__counterfactual__nes__l0.5,fit,denoise,counterfactual,971,51,90,78,2
fit__7329__deblur__attack__nes__l1,fit,deblur,attack,981,41,70,101,217
fit__7329__deblur__restore__nes__l1,fit,deblur,restore,986,35,252,259,-1
fit__7329__deblur__random_walk__random_walk__l1,fit,deblur,random_walk,1024,1,18,22,-1
fit__7329__deblur__confidence_boost__nes__l1,fit,deblur,confidence_boost,992,30,143,85,-1
fit__7329__deblur__boundary_probe__nes__l1,fit,deblur,boundary_probe,1014,8,82,140,269
fit__7329__deblur__counterfactual__nes__l1,fit,deblur,counterfactual,985,37,183,183,328
fit__3480__denoise__attack__nes__l0.5,fit,denoise,attack,1000,22,84,83,960
fit__3480__denoise__restore__nes__l0.5,fit,denoise,restore,1014,8,101,42,-1
fit__3480__denoise__random_walk__random_walk__l0.5,fit,denoise,random_walk,1024,1,18,22,-1
fit__3480__denoise__confidence_boost__nes__l0.5,fit,denoise,confidence_boost,973,49,155,151,-1
fit__3480__denoise__boundary_probe__nes__l0.5,fit,denoise,boundary_probe,999,22,62,71,-1
fit__3480__denoise__counterfactual__nes__l0.5,fit,denoise,counterfactual,1000,22,44,51,-1
fit__3480__deblur__attack__nes__l1,fit,deblur,attack,1021,1,139,27,889
fit__3480__deblur__restore__nes__l1,fit,deblur,restore,1021,1,334,184,-1
fit__3480__deblur__random_walk__random_walk__l1,fit,deblur,random_walk,1024,1,15,26,-1
fit__3480__deblur__confidence_boost__nes__l1,fit,deblur,confidence_boost,1021,1,92,116,-1
fit__3480__deblur__boundary_probe__nes__l1,fit,deblur,boundary_probe,1021,1,139,150,704
fit__3480__deblur__counterfactual__nes__l1,fit,deblur,counterfactual,1021,1,71,78,716
fit__9423__denoise__attack__nes__l0.5,fit,denoise,attack,968,54,96,95,378
fit__9423__denoise__restore__nes__l0.5,fit,denoise,restore,950,72,148,115,-1
fit__9423__denoise__random_walk__random_walk__l0.5,fit,denoise,random_walk,1024,1,15,22,-1
fit__9423__denoise__confidence_boost__nes__l0.5,fit,denoise,confidence_boost,973,49,142,145,-1
fit__9423__denoise__boundary_probe__nes__l0.5,fit,denoise,boundary_probe,1014,8,85,129,412
fit__9423__denoise__counterfactual__nes__l0.5,fit,denoise,counterfactual,977,45,99,100,363
fit__9423__deblur__attack__nes__l1,fit,deblur,attack,946,76,211,201,109
fit__9423__deblur__restore__nes__l1,fit,deblur,restore,965,57,340,348,-1
fit__9423__deblur__random_walk__random_walk__l1,fit,deblur,random_walk,1024,1,15,22,-1
fit__9423__deblur__confidence_boost__nes__l1,fit,deblur,confidence_boost,975,47,71,68,-1
fit__9423__deblur__boundary_probe__nes__l1,fit,deblur,boundary_probe,978,44,335,138,115
fit__9423__deblur__counterfactual__nes__l1,fit,deblur,counterfactual,984,38,188,107,149
fit__5817__denoise__attack__nes__l0.5,fit,denoise,attack,935,87,135,134,428
fit__5817__denoise__restore__nes__l0.5,fit,denoise,restore,1002,20,115,63,-1
fit__5817__denoise__random_walk__random_walk__l0.5,fit,denoise,random_walk,1024,1,15,22,-1
fit__5817__denoise__confidence_boost__nes__l0.5,fit,denoise,confidence_boost,945,77,147,149,-1
fit__5817__denoise__boundary_probe__nes__l0.5,fit,denoise,boundary_probe,898,124,137,144,403
fit__5817__denoise__counterfactual__nes__l0.5,fit,denoise,counterfactual,983,39,133,136,419
fit__5817__deblur__attack__nes__l1,fit,deblur,attack,977,45,141,157,504
fit__5817__deblur__restore__nes__l1,fit,deblur,restore,1004,18,442,41,-1
fit__5817__deblur__random_walk__random_walk__l1,fit,deblur,random_walk,1024,1,15,24,-1
fit__5817__deblur__confidence_boost__nes__l1,fit,deblur,confidence_boost,946,76,181,171,-1
fit__5817__deblur__boundary_probe__nes__l1,fit,deblur,boundary_probe,942,80,191,191,461
fit__5817__deblur__counterfactual__nes__l1,fit,deblur,counterfactual,969,53,81,77,630
fit__1544__denoise__attack__nes__l0.5,fit,denoise,attack,1020,2,82,77,181
fit__1544__denoise__restore__nes__l0.5,fit,denoise,restore,1018,4,133,169,-1
fit__1544__denoise__random_walk__random_walk__l0.5,fit,denoise,random_walk,1024,1,23,22,662
fit__1544__denoise__confidence_boost__nes__l0.5,fit,denoise,confidence_boost,1021,1,48,46,-1
fit__1544__denoise__boundary_probe__nes__l0.5,fit,denoise,boundary_probe,1020,2,82,31,212
fit__1544__denoise__counterfactual__nes__l0.5,fit,denoise,counterfactual,1015,7,49,46,173
fit__1544__deblur__attack__nes__l1,fit,deblur,attack,1021,1,225,69,749
fit__1544__deblur__restore__nes__l1,fit,deblur,restore,1021,1,15,69,-1
fit__1544__deblur__random_walk__random_walk__l1,fit,deblur,random_walk,1024,1,16,22,-1
fit__1544__deblur__confidence_boost__nes__l1,fit,deblur,confidence_boost,1020,2,141,23,-1
fit__1544__deblur__boundary_probe__nes__l1,fit,deblur,boundary_probe,1021,1,178,69,834
fit__1544__deblur__counterfactual__nes__l1,fit,deblur,counterfactual,1021,1,160,52,681
fit__5329__denoise__attack__nes__l0.5,fit,denoise,attack,990,32,115,104,737
fit__5329__denoise__restore__nes__l0.5,fit,denoise,restore,1002,20,57,45,-1
fit__5329__denoise__random_walk__random_walk__l0.5,fit,denoise,random_walk,1024,1,16,22,-1
fit__5329__denoise__confidence_boost__nes__l0.5,fit,denoise,confidence_boost,974,48,109,106,-1
fit__5329__denoise__boundary_probe__nes__l0.5,fit,denoise,boundary_probe,1005,17,72,72,663
fit__5329__denoise__counterfactual__nes__l0.5,fit,denoise,counterfactual,989,33,99,99,731
fit__5329__deblur__attack__nes__l1,fit,deblur,attack,1021,1,19,115,-1
fit__5329__deblur__restore__nes__l1,fit,deblur,restore,1021,1,167,177,-1
fit__5329__deblur__random_walk__random_walk__l1,fit,deblur,random_walk,1024,1,15,22,-1
fit__5329__deblur__confidence_boost__nes__l1,fit,deblur,confidence_boost,1021,1,59,26,-1
fit__5329__deblur__boundary_probe__nes__l1,fit,deblur,boundary_probe,1020,2,94,94,-1
fit__5329__deblur__counterfactual__nes__l1,fit,deblur,counterfactual,1021,1,75,79,-1
fit__4406__denoise__attack__nes__l0.5,fit,denoise,attack,1001,21,71,76,4
fit__4406__denoise__restore__nes__l0.5,fit,denoise,restore,994,28,101,116,5
fit__4406__denoise__random_walk__random_walk__l0.5,fit,denoise,random_walk,1024,1,15,22,990
fit__4406__denoise__confidence_boost__nes__l0.5,fit,denoise,confidence_boost,991,31,116,53,3
fit__4406__denoise__boundary_probe__nes__l0.5,fit,denoise,boundary_probe,1013,9,37,37,3
fit__4406__denoise__counterfactual__nes__l0.5,fit,denoise,counterfactual,996,26,73,64,3
fit__4406__deblur__attack__nes__l1,fit,deblur,attack,1013,9,157,140,-1
fit__4406__deblur__restore__nes__l1,fit,deblur,restore,1019,3,43,43,-1
fit__4406__deblur__random_walk__random_walk__l1,fit,deblur,random_walk,1024,1,22,22,-1
fit__4406__deblur__confidence_boost__nes__l1,fit,deblur,confidence_boost,1009,12,111,101,-1
fit__4406__deblur__boundary_probe__nes__l1,fit,deblur,boundary_probe,1010,12,170,154,-1
fit__4406__deblur__counterfactual__nes__l1,fit,deblur,counterfactual,1008,14,127,134,-1
fit__9712__denoise__attack__nes__l0.5,fit,denoise,attack,991,31,116,121,99
fit__9712__denoise__restore__nes__l0.5,fit,denoise,restore,987,35,59,59,-1
fit__9712__denoise__random_walk__random_walk__l0.5,fit,denoise,random_walk,1024,1,15,22,-1
fit__9712__denoise__confidence_boost__nes__l0.5,fit,denoise,confidence_boost,988,34,131,128,-1
fit__9712__denoise__boundary_probe__nes__l0.5,fit,denoise,boundary_probe,993,29,68,50,123
fit__9712__denoise__counterfactual__nes__l0.5,fit,denoise,counterfactual,981,41,95,119,162
fit__9712__deblur__attack__nes__l1,fit,deblur,attack,1014,8,139,141,-1
fit__9712__deblur__restore__nes__l1,fit,deblur,restore,1014,8,22,89,-1
fit__9712__deblur__random_walk__random_walk__l1,fit,deblur,random_walk,1024,1,20,36,-1
fit__9712__deblur__confidence_boost__nes__l1,fit,deblur,confidence_boost,1008,14,86,94,-1
fit__9712__deblur__boundary_probe__nes__l1,fit,deblur,boundary_probe,1017,5,125,26,-1
fit__9712__deblur__counterfactual__nes__l1,fit,deblur,counterfactual,1003,19,120,118,-1
fit__4702__denoise__attack__nes__l0.5,fit,denoise,attack,926,96,171,157,-1
fit__4702__denoise__restore__nes__l0.5,fit,denoise,restore,674,348,509,527,-1
fit__4702__denoise__random_walk__random_walk__l0.5,fit,denoise,random_walk,1024,1,20,22,-1
fit__4702__denoise__confidence_boost__nes__l0.5,fit,denoise,confidence_boost,786,236,205,256,-1
fit__4702__denoise__boundary_probe__nes__l0.5,fit,denoise,boundary_probe,875,147,158,209,-1
fit__4702__denoise__counterfactual__nes__l0.5,fit,denoise,counterfactual,839,183,185,204,-1
fit__4702__deblur__attack__nes__l1,fit,deblur,attack,782,240,319,306,-1
fit__4702__deblur__restore__nes__l1,fit,deblur,restore,828,194,380,269,-1
fit__4702__deblur__random_walk__random_walk__l1,fit,deblur,random_walk,1024,1,27,24,-1
fit__4702__deblur__confidence_boost__nes__l1,fit,deblur,confidence_boost,472,550,239,617,-1
fit__4702__deblur__boundary_probe__nes__l1,fit,deblur,boundary_probe,787,235,231,251,-1
fit__4702__deblur__counterfactual__nes__l1,fit,deblur,counterfactual,684,338,239,341,-1
fit__955__denoise__attack__nes__l0.5,fit,denoise,attack,1021,1,44,64,5
fit__955__denoise__restore__nes__l0.5,fit,denoise,restore,1012,10,71,80,28
fit__955__denoise__random_walk__random_walk__l0.5,fit,denoise,random_walk,1024,1,19,22,637
fit__955__denoise__confidence_boost__nes__l0.5,fit,denoise,confidence_boost,1011,11,69,69,-1
fit__955__denoise__boundary_probe__nes__l0.5,fit,denoise,boundary_probe,1008,14,67,66,44
fit__955__denoise__counterfactual__nes__l0.5,fit,denoise,counterfactual,1005,17,32,97,42
fit__955__deblur__attack__nes__l1,fit,deblur,attack,1020,2,132,124,996
fit__955__deblur__restore__nes__l1,fit,deblur,restore,1021,1,87,158,-1
fit__955__deblur__random_walk__random_walk__l1,fit,deblur,random_walk,1024,1,23,26,-1
fit__955__deblur__confidence_boost__nes__l1,fit,deblur,confidence_boost,1021,1,162,148,-1
fit__955__deblur__boundary_probe__nes__l1,fit,deblur,boundary_probe,1020,2,87,112,-1
fit__955__deblur__counterfactual__nes__l1,fit,deblur,counterfactual,1021,1,88,49,-1
fit__6955__denoise__attack__nes__l0.5,fit,denoise,attack,1019,3,47,50,-1
fit__6955__denoise__restore__nes__l0.5,fit,denoise,restore,1017,5,61,39,-1
fit__6955__denoise__random_walk__random_walk__l0.5,fit,denoise,random_walk,1024,1,24,23,-1
fit__6955__denoise__confidence_boost__nes__l0.5,fit,denoise,confidence_boost,1018,3,93,35,-1
fit__6955__denoise__boundary_probe__nes__l0.5,fit,denoise,boundary_probe,1013,7,54,54,-1
fit__6955__denoise__counterfactual__nes__l0.5,fit,denoise,counterfactual,1018,4,21,29,-1
fit__6955__deblur__attack__nes__l1,fit,deblur,attack,1021,1,125,129,-1
fit__6955__deblur__restore__nes__l1,fit,deblur,restore,1021,1,226,486,-1
fit__6955__deblur__random_walk__random_walk__l1,fit,deblur,random_walk,1024,1,15,22,-1
fit__6955__deblur__confidence_boost__nes__l1,fit,deblur,confidence_boost,1021,1,129,48,-1
fit__6955__deblur__boundary_probe__nes__l1,fit,deblur,boundary_probe,1021,1,50,66,-1
fit__6955__deblur__counterfactual__nes__l1,fit,deblur,counterfactual,1020,2,50,48,-1
fit__2052__denoise__attack__nes__l0.5,fit,denoise,attack,809,213,211,231,-1
fit__2052__denoise__restore__nes__l0.5,fit,denoise,restore,827,195,279,282,-1
fit__2052__denoise__random_walk__random_walk__l0.5,fit,denoise,random_walk,1024,1,15,22,-1
fit__2052__denoise__confidence_boost__nes__l0.5,fit,denoise,confidence_boost,882,140,154,161,-1
fit__2052__denoise__boundary_probe__nes__l0.5,fit,denoise,boundary_probe,881,141,169,175,-1
fit__2052__denoise__counterfactual__nes__l0.5,fit,denoise,counterfactual,842,180,186,201,-1
fit__2052__deblur__attack__nes__l1,fit,deblur,attack,1018,4,84,34,-1
fit__2052__deblur__restore__nes__l1,fit,deblur,restore,1016,6,548,580,-1
fit__2052__deblur__random_walk__random_walk__l1,fit,deblur,random_walk,1024,1,15,22,-1
fit__2052__deblur__confidence_boost__nes__l1,fit,deblur,confidence_boost,1015,7,46,32,-1
fit__2052__deblur__boundary_probe__nes__l1,fit,deblur,boundary_probe,1017,5,115,41,-1
fit__2052__deblur__counterfactual__nes__l1,fit,deblur,counterfactual,1015,6,142,128,-1
fit__9101__denoise__attack__nes__l0.5,fit,denoise,attack,1004,18,108,108,19
fit__9101__denoise__restore__nes__l0.5,fit,denoise,restore,958,64,103,98,38
fit__9101__denoise__random_walk__random_walk__l0.5,fit,denoise,random_walk,1024,1,15,22,-1
fit__9101__denoise__confidence_boost__nes__l0.5,fit,denoise,confidence_boost,1002,20,34,61,-1
fit__9101__denoise__boundary_probe__nes__l0.5,fit,denoise,boundary_probe,989,33,49,96,84
fit__9101__denoise__counterfactual__nes__l0.5,fit,denoise,counterfactual,1009,13,52,44,74
fit__9101__deblur__attack__nes__l1,fit,deblur,attack,869,153,174,169,-1
fit__9101__deblur__restore__nes__l1,fit,deblur,restore,818,204,229,260,-1
fit__9101__deblur__random_walk__random_walk__l1,fit,deblur,random_walk,1024,1,15,22,-1
fit__9101__deblur__confidence_boost__nes__l1,fit,deblur,confidence_boost,789,233,188,242,-1
fit__9101__deblur__boundary_probe__nes__l1,fit,deblur,boundary_probe,833,189,181,202,1001
fit__9101__deblur__counterfactual__nes__l1,fit,deblur,counterfactual,760,262,222,275,-1
fit__5137__denoise__attack__nes__l0.5,fit,denoise,attack,997,25,114,81,-1
fit__5137__denoise__restore__nes__l0.5,fit,denoise,restore,996,26,44,50,-1
fit__5137__denoise__random_walk__random_walk__l0.5,fit,denoise,random_walk,1024,1,15,22,-1
fit__5137__denoise__confidence_boost__nes__l0.5,fit,denoise,confidence_boost,1011,10,25,38,-1
fit__5137__denoise__boundary_probe__nes__l0.5,fit,denoise,boundary_probe,1009,13,69,34,-1
fit__5137__denoise__counterfactual__nes__l0.5,fit,denoise,counterfactual,1016,6,84,93,-1
fit__5137__deblur__attack__nes__l1,fit,deblur,attack,1020,2,47,109,-1
fit__5137__deblur__restore__nes__l1,fit,deblur,restore,1016,5,21,27,-1
fit__5137__deblur__random_walk__random_walk__l1,fit,deblur,random_walk,1024,1,15,22,-1
fit__5137__deblur__confidence_boost__nes__l1,fit,deblur,confidence_boost,1017,5,171,165,-1
fit__5137__deblur__boundary_probe__nes__l1,fit,deblur,boundary_probe,1009,13,134,134,-1
fit__5137__deblur__counterfactual__nes__l1,fit,deblur,counterfactual,1013,8,151,136,-1
calibration__868__clean__shuffled__r0,calibration,clean,shuffled,1,1024,-1,-1,2
calibration__868__clean__shuffled__r1,calibration,clean,shuffled,1,1024,-1,-1,2
calibration__868__clean__shuffled__r2,calibration,clean,shuffled,1,1024,-1,-1,2
calibration__868__clean__shuffled__r3,calibration,clean,shuffled,3,1022,-1,-1,2
calibration__868__clean__shuffled__r4,calibration,clean,shuffled,1,1024,-1,-1,2
calibration__868__clean__shuffled__r5,calibration,clean,shuffled,1,1024,-1,-1,2
calibration__868__clean__shuffled__r6,calibration,clean,shuffled,1,1024,-1,-1,2
calibration__868__clean__shuffled__r7,calibration,clean,shuffled,2,1023,-1,-1,2
calibration__868__clean__shuffled__r8,calibration,clean,shuffled,3,1022,-1,-1,2
calibration__868__clean__shuffled__r9,calibration,clean,shuffled,1,1024,-1,-1,2
calibration__868__clean__noise__r0,calibration,clean,noise,1,1024,-1,-1,4
calibration__868__clean__sweep__r0,calibration,clean,sweep,197,457,144,207,-1
calibration__5144__clean__shuffled__r0,calibration,clean,shuffled,2,1023,-1,-1,2
calibration__5144__clean__shuffled__r1,calibration,clean,shuffled,2,1023,-1,-1,2
calibration__5144__clean__shuffled__r2,calibration,clean,shuffled,1,1024,-1,-1,2
calibration__5144__clean__shuffled__r3,calibration,clean,shuffled,1,1024,-1,-1,3
calibration__5144__clean__shuffled__r4,calibration,clean,shuffled,1,1024,-1,-1,3
calibration__5144__clean__shuffled__r5,calibration,clean,shuffled,2,1023,-1,-1,2
calibration__5144__clean__shuffled__r6,calibration,clean,shuffled,1,1024,-1,-1,2
calibration__5144__clean__shuffled__r7,calibration,clean,shuffled,1,1024,-1,-1,2
calibration__5144__clean__shuffled__r8,calibration,clean,shuffled,1,1024,-1,-1,2
calibration__5144__clean__shuffled__r9,calibration,clean,shuffled,1,1024,-1,-1,1
calibration__5144__clean__noise__r0,calibration,clean,noise,1,1024,-1,-1,1
calibration__5144__clean__sweep__r0,calibration,clean,sweep,3,1013,-1,-1,65
calibration__2009__clean__shuffled__r0,calibration,clean,shuffled,1,1024,-1,-1,1
calibration__2009__clean__shuffled__r1,calibration,clean,shuffled,1,1024,-1,-1,2
calibration__2009__clean__shuffled__r2,calibration,clean,shuffled,1,1024,-1,-1,2
calibration__2009__clean__shuffled__r3,calibration,clean,shuffled,1,1024,-1,-1,2
calibration__2009__clean__shuffled__r4,calibration,clean,shuffled,1,1024,-1,-1,2
calibration__2009__clean__shuffled__r5,calibration,clean,shuffled,1,1024,-1,-1,2
calibration__2009__clean__shuffled__r6,calibration,clean,shuffled,1,1024,-1,-1,2
calibration__2009__clean__shuffled__r7,calibration,clean,shuffled,1,1024,-1,-1,1
calibration__2009__clean__shuffled__r8,calibration,clean,shuffled,1,1024,-1,-1,2
calibration__2009__clean__shuffled__r9,calibration,clean,shuffled,1,1024,-1,-1,2
calibration__2009__clean__noise__r0,calibration,clean,noise,1,1024,-1,-1,1
calibration__2009__clean__sweep__r0,calibration,clean,sweep,168,493,148,182,254
calibration__7013__clean__shuffled__r0,calibration,clean,shuffled,1,1024,-1,-1,2
calibration__7013__clean__shuffled__r1,calibration,clean,shuffled,1,1024,-1,-1,3
calibration__7013__clean__shuffled__r2,calibration,clean,shuffled,1,1024,-1,-1,1
calibration__7013__clean__shuffled__r3,calibration,clean,shuffled,1,1024,-1,-1,2
calibration__7013__clean__shuffled__r4,calibration,clean,shuffled,1,1024,-1,-1,2
calibration__7013__clean__shuffled__r5,calibration,clean,shuffled,1,1024,-1,-1,2
calibration__7013__clean__shuffled__r6,calibration,clean,shuffled,1,1024,-1,-1,2
calibration__7013__clean__shuffled__r7,calibration,clean,shuffled,1,1024,-1,-1,2
calibration__7013__clean__shuffled__r8,calibration,clean,shuffled,1,1024,-1,-1,2
calibration__7013__clean__shuffled__r9,calibration,clean,shuffled,1,1024,-1,-1,2
calibration__7013__clean__noise__r0,calibration,clean,noise,1,1024,-1,-1,6
calibration__7013__clean__sweep__r0,calibration,clean,sweep,4,985,-1,-1,-1
calibration__3758__clean__shuffled__r0,calibration,clean,shuffled,1,1024,-1,-1,1
calibration__3758__clean__shuffled__r1,calibration,clean,shuffled,1,1024,-1,-1,2
calibration__3758__clean__shuffled__r2,calibration,clean,shuffled,1,1024,-1,-1,2
calibration__3758__clean__shuffled__r3,calibration,clean,shuffled,1,1024,-1,-1,1
calibration__3758__clean__shuffled__r4,calibration,clean,shuffled,1,1024,-1,-1,2
calibration__3758__clean__shuffled__r5,calibration,clean,shuffled,1,1024,-1,-1,2
calibration__3758__clean__shuffled__r6,calibration,clean,shuffled,1,1024,-1,-1,2
calibration__3758__clean__shuffled__r7,calibration,clean,shuffled,1,1024,-1,-1,2
calibration__3758__clean__shuffled__r8,calibration,clean,shuffled,1,1024,-1,-1,2
calibration__3758__clean__shuffled__r9,calibration,clean,shuffled,1,1024,-1,-1,2
calibration__3758__clean__noise__r0,calibration,clean,noise,1,1024,-1,-1,14
calibration__3758__clean__sweep__r0,calibration,clean,sweep,270,468,131,99,203
calibration__256__clean__shuffled__r0,calibration,clean,shuffled,1,1024,-1,-1,2
calibration__256__clean__shuffled__r1,calibration,clean,shuffled,2,1023,-1,-1,2
calibration__256__clean__shuffled__r2,calibration,clean,shuffled,1,1024,-1,-1,1
calibration__256__clean__shuffled__r3,calibration,clean,shuffled,1,1024,-1,-1,1
calibration__256__clean__shuffled__r4,calibration,clean,shuffled,1,1024,-1,-1,2
calibration__256__clean__shuffled__r5,calibration,clean,shuffled,1,1024,-1,-1,2
calibration__256__clean__shuffled__r6,calibration,clean,shuffled,1,1024,-1,-1,1
calibration__256__clean__shuffled__r7,calibration,clean,shuffled,1,1024,-1,-1,2
calibration__256__clean__shuffled__r8,calibration,clean,shuffled,1,1024,-1,-1,2
calibration__256__clean__shuffled__r9,calibration,clean,shuffled,1,1024,-1,-1,2
calibration__256__clean__noise__r0,calibration,clean,noise,1,1024,-1,-1,1
calibration__256__clean__sweep__r0,calibration,clean,sweep,2,1017,-1,-1,-1
calibration__7618__clean__shuffled__r0,calibration,clean,shuffled,1,1024,-1,-1,1
calibration__7618__clean__shuffled__r1,calibration,clean,shuffled,1,1024,-1,-1,2
calibration__7618__clean__shuffled__r2,calibration,clean,shuffled,1,1024,-1,-1,3
calibration__7618__clean__shuffled__r3,calibration,clean,shuffled,1,1024,-1,-1,2
calibration__7618__clean__shuffled__r4,calibration,clean,shuffled,1,1024,-1,-1,2
calibration__7618__clean__shuffled__r5,calibration,clean,shuffled,1,1024,-1,-1,3
calibration__7618__clean__shuffled__r6,calibration,clean,shuffled,1,1024,-1,-1,2
calibration__7618__clean__shuffled__r7,calibration,clean,shuffled,1,1024,-1,-1,3
calibration__7618__clean__shuffled__r8,calibration,clean,shuffled,1,1024,-1,-1,2
calibration__7618__clean__shuffled__r9,calibration,clean,shuffled,1,1024,-1,-1,2
calibration__7618__clean__noise__r0,calibration,clean,noise,1,1024,-1,-1,1
calibration__7618__clean__sweep__r0,calibration,clean,sweep,95,921,281,379,-1
calibration__1003__clean__shuffled__r0,calibration,clean,shuffled,1,1024,-1,-1,2
calibration__1003__clean__shuffled__r1,calibration,clean,shuffled,1,1024,-1,-1,2
calibration__1003__clean__shuffled__r2,calibration,clean,shuffled,1,1024,-1,-1,2
calibration__1003__clean__shuffled__r3,calibration,clean,shuffled,1,1024,-1,-1,2
calibration__1003__clean__shuffled__r4,calibration,clean,shuffled,1,1024,-1,-1,2
calibration__1003__clean__shuffled__r5,calibration,clean,shuffled,1,1024,-1,-1,2
calibration__1003__clean__shuffled__r6,calibration,clean,shuffled,1,1024,-1,-1,1
calibration__1003__clean__shuffled__r7,calibration,clean,shuffled,1,1024,-1,-1,1
calibration__1003__clean__shuffled__r8,calibration,clean,shuffled,1,1024,-1,-1,2
calibration__1003__clean__shuffled__r9,calibration,clean,shuffled,1,1024,-1,-1,2
calibration__1003__clean__noise__r0,calibration,clean,noise,1,1024,-1,-1,5
calibration__1003__clean__sweep__r0,calibration,clean,sweep,51,858,736,928,1007
calibration__7552__clean__shuffled__r0,calibration,clean,shuffled,1,1024,-1,-1,2
calibration__7552__clean__shuffled__r1,calibration,clean,shuffled,1,1024,-1,-1,2
calibration__7552__clean__shuffled__r2,calibration,clean,shuffled,1,1024,-1,-1,2
calibration__7552__clean__shuffled__r3,calibration,clean,shuffled,1,1024,-1,-1,2
calibration__7552__clean__shuffled__r4,calibration,clean,shuffled,1,1024,-1,-1,3
calibration__7552__clean__shuffled__r5,calibration,clean,shuffled,2,1023,-1,-1,2
calibration__7552__clean__shuffled__r6,calibration,clean,shuffled,1,1024,-1,-1,3
calibration__7552__clean__shuffled__r7,calibration,clean,shuffled,1,1024,-1,-1,2
calibration__7552__clean__shuffled__r8,calibration,clean,shuffled,1,1024,-1,-1,1
calibration__7552__clean__shuffled__r9,calibration,clean,shuffled,1,1024,-1,-1,2
calibration__7552__clean__noise__r0,calibration,clean,noise,1,1024,-1,-1,1
calibration__7552__clean__sweep__r0,calibration,clean,sweep,170,570,114,148,-1
calibration__2885__clean__shuffled__r0,calibration,clean,shuffled,1,1024,-1,-1,2
calibration__2885__clean__shuffled__r1,calibration,clean,shuffled,1,1024,-1,-1,2
calibration__2885__clean__shuffled__r2,calibration,clean,shuffled,1,1024,-1,-1,3
calibration__2885__clean__shuffled__r3,calibration,clean,shuffled,1,1024,-1,-1,1
calibration__2885__clean__shuffled__r4,calibration,clean,shuffled,1,1024,-1,-1,2
calibration__2885__clean__shuffled__r5,calibration,clean,shuffled,1,1024,-1,-1,2
calibration__2885__clean__shuffled__r6,calibration,clean,shuffled,2,1023,-1,-1,2
calibration__2885__clean__shuffled__r7,calibration,clean,shuffled,1,1024,-1,-1,2
calibration__2885__clean__shuffled__r8,calibration,clean,shuffled,1,1024,-1,-1,4
calibration__2885__clean__shuffled__r9,calibration,clean,shuffled,1,1024,-1,-1,2
calibration__2885__clean__noise__r0,calibration,clean,noise,1,1024,-1,-1,9
calibration__2885__clean__sweep__r0,calibration,clean,sweep,150,872,160,221,-1
calibration__304__clean__shuffled__r0,calibration,clean,shuffled,1,1024,-1,-1,2
calibration__304__clean__shuffled__r1,calibration,clean,shuffled,1,1024,-1,-1,2
calibration__304__clean__shuffled__r2,calibration,clean,shuffled,1,1024,-1,-1,2
calibration__304__clean__shuffled__r3,calibration,clean,shuffled,1,1024,-1,-1,3
calibration__304__clean__shuffled__r4,calibration,clean,shuffled,1,1024,-1,-1,2
calibration__304__clean__shuffled__r5,calibration,clean,shuffled,1,1024,-1,-1,2
calibration__304__clean__shuffled__r6,calibration,clean,shuffled,1,1024,-1,-1,2
calibration__304__clean__shuffled__r7,calibration,clean,shuffled,1,1024,-1,-1,2
calibration__304__clean__shuffled__r8,calibration,clean,shuffled,1,1024,-1,-1,2
calibration__304__clean__shuffled__r9,calibration,clean,shuffled,1,1024,-1,-1,2
calibration__304__clean__noise__r0,calibration,clean,noise,1,1024,-1,-1,103
calibration__304__clean__sweep__r0,calibration,clean,sweep,176,466,141,205,616
calibration__7333__clean__shuffled__r0,calibration,clean,shuffled,1,1024,-1,-1,2
calibration__7333__clean__shuffled__r1,calibration,clean,shuffled,1,1024,-1,-1,2
calibration__7333__clean__shuffled__r2,calibration,clean,shuffled,1,1024,-1,-1,2
calibration__7333__clean__shuffled__r3,calibration,clean,shuffled,1,1024,-1,-1,2
calibration__7333__clean__shuffled__r4,calibration,clean,shuffled,1,1024,-1,-1,1
calibration__7333__clean__shuffled__r5,calibration,clean,shuffled,1,1024,-1,-1,2
calibration__7333__clean__shuffled__r6,calibration,clean,shuffled,1,1024,-1,-1,2
calibration__7333__clean__shuffled__r7,calibration,clean,shuffled,1,1024,-1,-1,2
calibration__7333__clean__shuffled__r8,calibration,clean,shuffled,1,1024,-1,-1,2
calibration__7333__clean__shuffled__r9,calibration,clean,shuffled,1,1024,-1,-1,2
calibration__7333__clean__noise__r0,calibration,clean,noise,1,1024,-1,-1,-1
calibration__7333__clean__sweep__r0,calibration,clean,sweep,17,980,-1,-1,746
calibration__288__clean__shuffled__r0,calibration,clean,shuffled,1,1024,-1,-1,2
calibration__288__clean__shuffled__r1,calibration,clean,shuffled,1,1024,-1,-1,2
calibration__288__clean__shuffled__r2,calibration,clean,shuffled,1,1024,-1,-1,2
calibration__288__clean__shuffled__r3,calibration,clean,shuffled,1,1024,-1,-1,2
calibration__288__clean__shuffled__r4,calibration,clean,shuffled,1,1024,-1,-1,2
calibration__288__clean__shuffled__r5,calibration,clean,shuffled,1,1024,-1,-1,2
calibration__288__clean__shuffled__r6,calibration,clean,shuffled,1,1024,-1,-1,2
calibration__288__clean__shuffled__r7,calibration,clean,shuffled,1,1024,-1,-1,3
calibration__288__clean__shuffled__r8,calibration,clean,shuffled,1,1024,-1,-1,2
calibration__288__clean__shuffled__r9,calibration,clean,shuffled,1,1024,-1,-1,2
calibration__288__clean__noise__r0,calibration,clean,noise,1,1024,-1,-1,1
calibration__288__clean__sweep__r0,calibration,clean,sweep,3,1009,-1,-1,112
calibration__7505__clean__shuffled__r0,calibration,clean,shuffled,1,1024,-1,-1,2
calibration__7505__clean__shuffled__r1,calibration,clean,shuffled,1,1024,-1,-1,2
calibration__7505__clean__shuffled__r2,calibration,clean,shuffled,1,1024,-1,-1,2
calibration__7505__clean__shuffled__r3,calibration,clean,shuffled,1,1024,-1,-1,2
calibration__7505__clean__shuffled__r4,calibration,clean,shuffled,1,1024,-1,-1,2
calibration__7505__clean__shuffled__r5,calibration,clean,shuffled,1,1024,-1,-1,2
calibration__7505__clean__shuffled__r6,calibration,clean,shuffled,1,1024,-1,-1,2
calibration__7505__clean__shuffled__r7,calibration,clean,shuffled,1,1024,-1,-1,3
calibration__7505__clean__shuffled__r8,calibration,clean,shuffled,1,1024,-1,-1,2
calibration__7505__clean__shuffled__r9,calibration,clean,shuffled,2,1023,-1,-1,2
calibration__7505__clean__noise__r0,calibration,clean,noise,1,1024,-1,-1,7
calibration__7505__clean__sweep__r0,calibration,clean,sweep,2,1021,-1,-1,-1
calibration__4296__clean__shuffled__r0,calibration,clean,shuffled,1,1024,-1,-1,2
calibration__4296__clean__shuffled__r1,calibration,clean,shuffled,1,1024,-1,-1,2
calibration__4296__clean__shuffled__r2,calibration,clean,shuffled,1,1024,-1,-1,2
calibration__4296__clean__shuffled__r3,calibration,clean,shuffled,1,1024,-1,-1,3
calibration__4296__clean__shuffled__r4,calibration,clean,shuffled,1,1024,-1,-1,1
calibration__4296__clean__shuffled__r5,calibration,clean,shuffled,1,1024,-1,-1,1
calibration__4296__clean__shuffled__r6,calibration,clean,shuffled,1,1024,-1,-1,2
calibration__4296__clean__shuffled__r7,calibration,clean,shuffled,1,1024,-1,-1,2
calibration__4296__clean__shuffled__r8,calibration,clean,shuffled,1,1024,-1,-1,2
calibration__4296__clean__shuffled__r9,calibration,clean,shuffled,1,1024,-1,-1,3
calibration__4296__clean__noise__r0,calibration,clean,noise,1,1024,-1,-1,1
calibration__4296__clean__sweep__r0,calibration,clean,sweep,172,723,278,312,897
calibration__76__clean__shuffled__r0,calibration,clean,shuffled,1,1024,-1,-1,2
calibration__76__clean__shuffled__r1,calibration,clean,shuffled,1,1024,-1,-1,2
calibration__76__clean__shuffled__r2,calibration,clean,shuffled,1,1024,-1,-1,2
calibration__76__clean__shuffled__r3,calibration,clean,shuffled,1,1024,-1,-1,2
calibration__76__clean__shuffled__r4,calibration,clean,shuffled,2,1023,-1,-1,2
calibration__76__clean__shuffled__r5,calibration,clean,shuffled,2,1023,-1,-1,2
calibration__76__clean__shuffled__r6,calibration,clean,shuffled,1,1024,-1,-1,2
calibration__76__clean__shuffled__r7,calibration,clean,shuffled,1,1024,-1,-1,2
calibration__76__clean__shuffled__r8,calibration,clean,shuffled,1,1024,-1,-1,2
calibration__76__clean__shuffled__r9,calibration,clean,shuffled,1,1024,-1,-1,1
calibration__76__clean__noise__r0,calibration,clean,noise,1,1024,-1,-1,1
calibration__76__clean__sweep__r0,calibration,clean,sweep,2,1020,-1,-1,879
calibration__6256__clean__shuffled__r0,calibration,clean,shuffled,1,1024,-1,-1,2
calibration__6256__clean__shuffled__r1,calibration,clean,shuffled,1,1024,-1,-1,2
calibration__6256__clean__shuffled__r2,calibration,clean,shuffled,1,1024,-1,-1,2
calibration__6256__clean__shuffled__r3,calibration,clean,shuffled,1,1024,-1,-1,2
calibration__6256__clean__shuffled__r4,calibration,clean,shuffled,2,1023,-1,-1,2
calibration__6256__clean__shuffled__r5,calibration,clean,shuffled,1,1024,-1,-1,2
calibration__6256__clean__shuffled__r6,calibration,clean,shuffled,1,1024,-1,-1,3
calibration__6256__clean__shuffled__r7,calibration,clean,shuffled,1,1024,-1,-1,2
calibration__6256__clean__shuffled__r8,calibration,clean,shuffled,1,1024,-1,-1,2
calibration__6256__clean__shuffled__r9,calibration,clean,shuffled,1,1024,-1,-1,2
calibration__6256__clean__noise__r0,calibration,clean,noise,1,1024,-1,-1,1
calibration__6256__clean__sweep__r0,calibration,clean,sweep,2,1019,-1,-1,353
evaluation__1109__clean__shuffled__r0,evaluation,clean,shuffled,1,1024,-1,-1,2
evaluation__1109__clean__shuffled__r1,evaluation,clean,shuffled,1,1024,-1,-1,3
evaluation__1109__clean__shuffled__r2,evaluation,clean,shuffled,1,1024,-1,-1,2
evaluation__1109__clean__shuffled__r3,evaluation,clean,shuffled,1,1024,-1,-1,2
evaluation__1109__clean__shuffled__r4,evaluation,clean,shuffled,1,1024,-1,-1,1
evaluation__1109__clean__shuffled__r5,evaluation,clean,shuffled,2,1023,-1,-1,2
evaluation__1109__clean__shuffled__r6,evaluation,clean,shuffled,1,1024,-1,-1,1
evaluation__1109__clean__shuffled__r7,evaluation,clean,shuffled,1,1024,-1,-1,2
evaluation__1109__clean__shuffled__r8,evaluation,clean,shuffled,1,1024,-1,-1,2
evaluation__1109__clean__shuffled__r9,evaluation,clean,shuffled,1,1024,-1,-1,1
evaluation__1109__clean__noise__r0,evaluation,clean,noise,1,1024,-1,-1,1
evaluation__1109__clean__sweep__r0,evaluation,clean,sweep,137,851,438,470,-1
evaluation__6003__clean__shuffled__r0,evaluation,clean,shuffled,1,1024,-1,-1,1
evaluation__6003__clean__shuffled__r1,evaluation,clean,shuffled,1,1024,-1,-1,2
evaluation__6003__clean__shuffled__r2,evaluation,clean,shuffled,1,1024,-1,-1,2
evaluation__6003__clean__shuffled__r3,evaluation,clean,shuffled,2,1023,-1,-1,2
evaluation__6003__clean__shuffled__r4,evaluation,clean,shuffled,1,1024,-1,-1,2
evaluation__6003__clean__shuffled__r5,evaluation,clean,shuffled,1,1024,-1,-1,2
evaluation__6003__clean__shuffled__r6,evaluation,clean,shuffled,1,1024,-1,-1,2
evaluation__6003__clean__shuffled__r7,evaluation,clean,shuffled,1,1024,-1,-1,2
evaluation__6003__clean__shuffled__r8,evaluation,clean,shuffled,1,1024,-1,-1,2
evaluation__6003__clean__shuffled__r9,evaluation,clean,shuffled,1,1024,-1,-1,2
evaluation__6003__clean__noise__r0,evaluation,clean,noise,1,1024,-1,-1,7
evaluation__6003__clean__sweep__r0,evaluation,clean,sweep,340,105,45,52,-1
evaluation__8884__clean__shuffled__r0,evaluation,clean,shuffled,1,1024,-1,-1,2
evaluation__8884__clean__shuffled__r1,evaluation,clean,shuffled,1,1024,-1,-1,2
evaluation__8884__clean__shuffled__r2,evaluation,clean,shuffled,1,1024,-1,-1,2
evaluation__8884__clean__shuffled__r3,evaluation,clean,shuffled,1,1024,-1,-1,2
evaluation__8884__clean__shuffled__r4,evaluation,clean,shuffled,1,1024,-1,-1,3
evaluation__8884__clean__shuffled__r5,evaluation,clean,shuffled,1,1024,-1,-1,2
evaluation__8884__clean__shuffled__r6,evaluation,clean,shuffled,1,1024,-1,-1,1
evaluation__8884__clean__shuffled__r7,evaluation,clean,shuffled,1,1024,-1,-1,2
evaluation__8884__clean__shuffled__r8,evaluation,clean,shuffled,2,1023,-1,-1,2
evaluation__8884__clean__shuffled__r9,evaluation,clean,shuffled,2,1023,-1,-1,2
evaluation__8884__clean__noise__r0,evaluation,clean,noise,1,1024,-1,-1,1
evaluation__8884__clean__sweep__r0,evaluation,clean,sweep,156,682,152,185,-1
evaluation__6__clean__shuffled__r0,evaluation,clean,shuffled,1,1024,-1,-1,2
evaluation__6__clean__shuffled__r1,evaluation,clean,shuffled,1,1024,-1,-1,2
evaluation__6__clean__shuffled__r2,evaluation,clean,shuffled,1,1024,-1,-1,1
evaluation__6__clean__shuffled__r3,evaluation,clean,shuffled,1,1024,-1,-1,2
evaluation__6__clean__shuffled__r4,evaluation,clean,shuffled,1,1024,-1,-1,1
evaluation__6__clean__shuffled__r5,evaluation,clean,shuffled,1,1024,-1,-1,2
evaluation__6__clean__shuffled__r6,evaluation,clean,shuffled,1,1024,-1,-1,2
evaluation__6__clean__shuffled__r7,evaluation,clean,shuffled,1,1024,-1,-1,2
evaluation__6__clean__shuffled__r8,evaluation,clean,shuffled,1,1024,-1,-1,2
evaluation__6__clean__shuffled__r9,evaluation,clean,shuffled,1,1024,-1,-1,2
evaluation__6__clean__noise__r0,evaluation,clean,noise,1,1024,-1,-1,1
evaluation__6__clean__sweep__r0,evaluation,clean,sweep,114,904,188,223,65
evaluation__1991__clean__shuffled__r0,evaluation,clean,shuffled,1,1024,-1,-1,2
evaluation__1991__clean__shuffled__r1,evaluation,clean,shuffled,1,1024,-1,-1,2
evaluation__1991__clean__shuffled__r2,evaluation,clean,shuffled,1,1024,-1,-1,4
evaluation__1991__clean__shuffled__r3,evaluation,clean,shuffled,1,1024,-1,-1,2
evaluation__1991__clean__shuffled__r4,evaluation,clean,shuffled,1,1024,-1,-1,2
evaluation__1991__clean__shuffled__r5,evaluation,clean,shuffled,1,1024,-1,-1,2
evaluation__1991__clean__shuffled__r6,evaluation,clean,shuffled,1,1024,-1,-1,3
evaluation__1991__clean__shuffled__r7,evaluation,clean,shuffled,1,1024,-1,-1,2
evaluation__1991__clean__shuffled__r8,evaluation,clean,shuffled,3,1022,-1,-1,2
evaluation__1991__clean__shuffled__r9,evaluation,clean,shuffled,1,1024,-1,-1,2
evaluation__1991__clean__noise__r0,evaluation,clean,noise,1,1024,-1,-1,2
evaluation__1991__clean__sweep__r0,evaluation,clean,sweep,7,977,-1,-1,893
evaluation__6984__clean__shuffled__r0,evaluation,clean,shuffled,1,1024,-1,-1,2
evaluation__6984__clean__shuffled__r1,evaluation,clean,shuffled,1,1024,-1,-1,2
evaluation__6984__clean__shuffled__r2,evaluation,clean,shuffled,1,1024,-1,-1,3
evaluation__6984__clean__shuffled__r3,evaluation,clean,shuffled,1,1024,-1,-1,2
evaluation__6984__clean__shuffled__r4,evaluation,clean,shuffled,1,1024,-1,-1,1
evaluation__6984__clean__shuffled__r5,evaluation,clean,shuffled,1,1024,-1,-1,2
evaluation__6984__clean__shuffled__r6,evaluation,clean,shuffled,1,1024,-1,-1,2
evaluation__6984__clean__shuffled__r7,evaluation,clean,shuffled,1,1024,-1,-1,2
evaluation__6984__clean__shuffled__r8,evaluation,clean,shuffled,1,1024,-1,-1,3
evaluation__6984__clean__shuffled__r9,evaluation,clean,shuffled,1,1024,-1,-1,3
evaluation__6984__clean__noise__r0,evaluation,clean,noise,1,1024,-1,-1,2
evaluation__6984__clean__sweep__r0,evaluation,clean,sweep,4,1009,-1,-1,-1
evaluation__8503__clean__shuffled__r0,evaluation,clean,shuffled,1,1024,-1,-1,2
evaluation__8503__clean__shuffled__r1,evaluation,clean,shuffled,1,1024,-1,-1,2
evaluation__8503__clean__shuffled__r2,evaluation,clean,shuffled,1,1024,-1,-1,2
evaluation__8503__clean__shuffled__r3,evaluation,clean,shuffled,1,1024,-1,-1,2
evaluation__8503__clean__shuffled__r4,evaluation,clean,shuffled,1,1024,-1,-1,2
evaluation__8503__clean__shuffled__r5,evaluation,clean,shuffled,1,1024,-1,-1,2
evaluation__8503__clean__shuffled__r6,evaluation,clean,shuffled,1,1024,-1,-1,2
evaluation__8503__clean__shuffled__r7,evaluation,clean,shuffled,1,1024,-1,-1,1
evaluation__8503__clean__shuffled__r8,evaluation,clean,shuffled,1,1024,-1,-1,2
evaluation__8503__clean__shuffled__r9,evaluation,clean,shuffled,1,1024,-1,-1,2
evaluation__8503__clean__noise__r0,evaluation,clean,noise,1,1024,-1,-1,1
evaluation__8503__clean__sweep__r0,evaluation,clean,sweep,3,1005,-1,-1,983
evaluation__2170__clean__shuffled__r0,evaluation,clean,shuffled,1,1024,-1,-1,2
evaluation__2170__clean__shuffled__r1,evaluation,clean,shuffled,1,1024,-1,-1,2
evaluation__2170__clean__shuffled__r2,evaluation,clean,shuffled,1,1024,-1,-1,2
evaluation__2170__clean__shuffled__r3,evaluation,clean,shuffled,1,1024,-1,-1,2
evaluation__2170__clean__shuffled__r4,evaluation,clean,shuffled,1,1024,-1,-1,3
evaluation__2170__clean__shuffled__r5,evaluation,clean,shuffled,1,1024,-1,-1,3
evaluation__2170__clean__shuffled__r6,evaluation,clean,shuffled,1,1024,-1,-1,2
evaluation__2170__clean__shuffled__r7,evaluation,clean,shuffled,1,1024,-1,-1,2
evaluation__2170__clean__shuffled__r8,evaluation,clean,shuffled,1,1024,-1,-1,2
evaluation__2170__clean__shuffled__r9,evaluation,clean,shuffled,1,1024,-1,-1,2
evaluation__2170__clean__noise__r0,evaluation,clean,noise,1,1024,-1,-1,2
evaluation__2170__clean__sweep__r0,evaluation,clean,sweep,219,506,73,135,-1
evaluation__4622__clean__shuffled__r0,evaluation,clean,shuffled,1,1024,-1,-1,2
evaluation__4622__clean__shuffled__r1,evaluation,clean,shuffled,1,1024,-1,-1,2
evaluation__4622__clean__shuffled__r2,evaluation,clean,shuffled,1,1024,-1,-1,2
evaluation__4622__clean__shuffled__r3,evaluation,clean,shuffled,1,1024,-1,-1,2
evaluation__4622__clean__shuffled__r4,evaluation,clean,shuffled,1,1024,-1,-1,2
evaluation__4622__clean__shuffled__r5,evaluation,clean,shuffled,1,1024,-1,-1,2
evaluation__4622__clean__shuffled__r6,evaluation,clean,shuffled,1,1024,-1,-1,2
evaluation__4622__clean__shuffled__r7,evaluation,clean,shuffled,1,1024,-1,-1,2
evaluation__4622__clean__shuffled__r8,evaluation,clean,shuffled,1,1024,-1,-1,1
evaluation__4622__clean__shuffled__r9,evaluation,clean,shuffled,1,1024,-1,-1,2
evaluation__4622__clean__noise__r0,evaluation,clean,noise,1,1024,-1,-1,1
evaluation__4622__clean__sweep__r0,evaluation,clean,sweep,115,838,633,663,133
evaluation__7902__clean__shuffled__r0,evaluation,clean,shuffled,1,1024,-1,-1,2
evaluation__7902__clean__shuffled__r1,evaluation,clean,shuffled,1,1024,-1,-1,2
evaluation__7902__clean__shuffled__r2,evaluation,clean,shuffled,1,1024,-1,-1,2
evaluation__7902__clean__shuffled__r3,evaluation,clean,shuffled,1,1024,-1,-1,2
evaluation__7902__clean__shuffled__r4,evaluation,clean,shuffled,1,1024,-1,-1,2
evaluation__7902__clean__shuffled__r5,evaluation,clean,shuffled,2,1023,-1,-1,2
evaluation__7902__clean__shuffled__r6,evaluation,clean,shuffled,1,1024,-1,-1,1
evaluation__7902__clean__shuffled__r7,evaluation,clean,shuffled,1,1024,-1,-1,2
evaluation__7902__clean__shuffled__r8,evaluation,clean,shuffled,1,1024,-1,-1,2
evaluation__7902__clean__shuffled__r9,evaluation,clean,shuffled,1,1024,-1,-1,2
evaluation__7902__clean__noise__r0,evaluation,clean,noise,1,1024,-1,-1,49
evaluation__7902__clean__sweep__r0,evaluation,clean,sweep,16,988,570,-1,577
evaluation__1603__clean__shuffled__r0,evaluation,clean,shuffled,1,1024,-1,-1,2
evaluation__1603__clean__shuffled__r1,evaluation,clean,shuffled,1,1024,-1,-1,2
evaluation__1603__clean__shuffled__r2,evaluation,clean,shuffled,1,1024,-1,-1,2
evaluation__1603__clean__shuffled__r3,evaluation,clean,shuffled,1,1024,-1,-1,2
evaluation__1603__clean__shuffled__r4,evaluation,clean,shuffled,1,1024,-1,-1,2
evaluation__1603__clean__shuffled__r5,evaluation,clean,shuffled,1,1024,-1,-1,2
evaluation__1603__clean__shuffled__r6,evaluation,clean,shuffled,1,1024,-1,-1,2
evaluation__1603__clean__shuffled__r7,evaluation,clean,shuffled,1,1024,-1,-1,2
evaluation__1603__clean__shuffled__r8,evaluation,clean,shuffled,4,1021,-1,-1,2
evaluation__1603__clean__shuffled__r9,evaluation,clean,shuffled,1,1024,-1,-1,2
evaluation__1603__clean__noise__r0,evaluation,clean,noise,1,1024,-1,-1,1
evaluation__1603__clean__sweep__r0,evaluation,clean,sweep,143,632,159,222,293
evaluation__5413__clean__shuffled__r0,evaluation,clean,shuffled,1,1024,-1,-1,3
evaluation__5413__clean__shuffled__r1,evaluation,clean,shuffled,1,1024,-1,-1,1
evaluation__5413__clean__shuffled__r2,evaluation,clean,shuffled,1,1024,-1,-1,3
evaluation__5413__clean__shuffled__r3,evaluation,clean,shuffled,2,1023,-1,-1,2
evaluation__5413__clean__shuffled__r4,evaluation,clean,shuffled,1,1024,-1,-1,2
evaluation__5413__clean__shuffled__r5,evaluation,clean,shuffled,1,1024,-1,-1,1
evaluation__5413__clean__shuffled__r6,evaluation,clean,shuffled,1,1024,-1,-1,2
evaluation__5413__clean__shuffled__r7,evaluation,clean,shuffled,1,1024,-1,-1,2
evaluation__5413__clean__shuffled__r8,evaluation,clean,shuffled,1,1024,-1,-1,2
evaluation__5413__clean__shuffled__r9,evaluation,clean,shuffled,1,1024,-1,-1,3
evaluation__5413__clean__noise__r0,evaluation,clean,noise,1,1024,-1,-1,2
evaluation__5413__clean__sweep__r0,evaluation,clean,sweep,5,1017,-1,-1,-1
evaluation__6786__clean__shuffled__r0,evaluation,clean,shuffled,1,1024,-1,-1,2
evaluation__6786__clean__shuffled__r1,evaluation,clean,shuffled,1,1024,-1,-1,3
evaluation__6786__clean__shuffled__r2,evaluation,clean,shuffled,2,1023,-1,-1,2
evaluation__6786__clean__shuffled__r3,evaluation,clean,shuffled,1,1024,-1,-1,2
evaluation__6786__clean__shuffled__r4,evaluation,clean,shuffled,1,1024,-1,-1,2
evaluation__6786__clean__shuffled__r5,evaluation,clean,shuffled,1,1024,-1,-1,2
evaluation__6786__clean__shuffled__r6,evaluation,clean,shuffled,1,1024,-1,-1,2
evaluation__6786__clean__shuffled__r7,evaluation,clean,shuffled,1,1024,-1,-1,3
evaluation__6786__clean__shuffled__r8,evaluation,clean,shuffled,1,1024,-1,-1,2
evaluation__6786__clean__shuffled__r9,evaluation,clean,shuffled,1,1024,-1,-1,2
evaluation__6786__clean__noise__r0,evaluation,clean,noise,1,1024,-1,-1,1
evaluation__6786__clean__sweep__r0,evaluation,clean,sweep,2,993,-1,-1,1
evaluation__463__clean__shuffled__r0,evaluation,clean,shuffled,1,1024,-1,-1,3
evaluation__463__clean__shuffled__r1,evaluation,clean,shuffled,1,1024,-1,-1,2
evaluation__463__clean__shuffled__r2,evaluation,clean,shuffled,1,1024,-1,-1,2
evaluation__463__clean__shuffled__r3,evaluation,clean,shuffled,1,1024,-1,-1,2
evaluation__463__clean__shuffled__r4,evaluation,clean,shuffled,1,1024,-1,-1,2
evaluation__463__clean__shuffled__r5,evaluation,clean,shuffled,1,1024,-1,-1,3
evaluation__463__clean__shuffled__r6,evaluation,clean,shuffled,1,1024,-1,-1,2
evaluation__463__clean__shuffled__r7,evaluation,clean,shuffled,1,1024,-1,-1,2
evaluation__463__clean__shuffled__r8,evaluation,clean,shuffled,1,1024,-1,-1,2
evaluation__463__clean__shuffled__r9,evaluation,clean,shuffled,1,1024,-1,-1,3
evaluation__463__clean__noise__r0,evaluation,clean,noise,1,1024,-1,-1,1
evaluation__463__clean__sweep__r0,evaluation,clean,sweep,119,831,416,479,125
evaluation__3809__clean__shuffled__r0,evaluation,clean,shuffled,1,1024,-1,-1,1
evaluation__3809__clean__shuffled__r1,evaluation,clean,shuffled,1,1024,-1,-1,2
evaluation__3809__clean__shuffled__r2,evaluation,clean,shuffled,1,1024,-1,-1,3
evaluation__3809__clean__shuffled__r3,evaluation,clean,shuffled,1,1024,-1,-1,2
evaluation__3809__clean__shuffled__r4,evaluation,clean,shuffled,1,1024,-1,-1,2
evaluation__3809__clean__shuffled__r5,evaluation,clean,shuffled,1,1024,-1,-1,2
evaluation__3809__clean__shuffled__r6,evaluation,clean,shuffled,2,1023,-1,-1,2
evaluation__3809__clean__shuffled__r7,evaluation,clean,shuffled,1,1024,-1,-1,2
evaluation__3809__clean__shuffled__r8,evaluation,clean,shuffled,1,1024,-1,-1,2
evaluation__3809__clean__shuffled__r9,evaluation,clean,shuffled,1,1024,-1,-1,2
evaluation__3809__clean__noise__r0,evaluation,clean,noise,1,1024,-1,-1,1
evaluation__3809__clean__sweep__r0,evaluation,clean,sweep,87,845,318,349,1
evaluation__4600__clean__shuffled__r0,evaluation,clean,shuffled,1,1024,-1,-1,1
evaluation__4600__clean__shuffled__r1,evaluation,clean,shuffled,1,1024,-1,-1,2
evaluation__4600__clean__shuffled__r2,evaluation,clean,shuffled,1,1024,-1,-1,2
evaluation__4600__clean__shuffled__r3,evaluation,clean,shuffled,1,1024,-1,-1,2
evaluation__4600__clean__shuffled__r4,evaluation,clean,shuffled,1,1024,-1,-1,3
evaluation__4600__clean__shuffled__r5,evaluation,clean,shuffled,1,1024,-1,-1,2
evaluation__4600__clean__shuffled__r6,evaluation,clean,shuffled,1,1024,-1,-1,2
evaluation__4600__clean__shuffled__r7,evaluation,clean,shuffled,1,1024,-1,-1,2
evaluation__4600__clean__shuffled__r8,evaluation,clean,shuffled,1,1024,-1,-1,2
evaluation__4600__clean__shuffled__r9,evaluation,clean,shuffled,1,1024,-1,-1,2
evaluation__4600__clean__noise__r0,evaluation,clean,noise,1,1024,-1,-1,1
evaluation__4600__clean__sweep__r0,evaluation,clean,sweep,70,900,256,352,609
evaluation__9393__clean__shuffled__r0,evaluation,clean,shuffled,1,1024,-1,-1,2
evaluation__9393__clean__shuffled__r1,evaluation,clean,shuffled,1,1024,-1,-1,2
evaluation__9393__clean__shuffled__r2,evaluation,clean,shuffled,1,1024,-1,-1,2
evaluation__9393__clean__shuffled__r3,evaluation,clean,shuffled,1,1024,-1,-1,2
evaluation__9393__clean__shuffled__r4,evaluation,clean,shuffled,1,1024,-1,-1,2
evaluation__9393__clean__shuffled__r5,evaluation,clean,shuffled,2,1023,-1,-1,2
evaluation__9393__clean__shuffled__r6,evaluation,clean,shuffled,1,1024,-1,-1,3
evaluation__9393__clean__shuffled__r7,evaluation,clean,shuffled,1,1024,-1,-1,2
evaluation__9393__clean__shuffled__r8,evaluation,clean,shuffled,1,1024,-1,-1,2
evaluation__9393__clean__shuffled__r9,evaluation,clean,shuffled,1,1024,-1,-1,3
evaluation__9393__clean__noise__r0,evaluation,clean,noise,1,1024,-1,-1,2
evaluation__9393__clean__sweep__r0,evaluation,clean,sweep,93,924,192,286,583
evaluation__2487__clean__shuffled__r0,evaluation,clean,shuffled,1,1024,-1,-1,3
evaluation__2487__clean__shuffled__r1,evaluation,clean,shuffled,1,1024,-1,-1,2
evaluation__2487__clean__shuffled__r2,evaluation,clean,shuffled,1,1024,-1,-1,2
evaluation__2487__clean__shuffled__r3,evaluation,clean,shuffled,3,1022,-1,-1,2
evaluation__2487__clean__shuffled__r4,evaluation,clean,shuffled,1,1024,-1,-1,2
evaluation__2487__clean__shuffled__r5,evaluation,clean,shuffled,1,1024,-1,-1,2
evaluation__2487__clean__shuffled__r6,evaluation,clean,shuffled,1,1024,-1,-1,2
evaluation__2487__clean__shuffled__r7,evaluation,clean,shuffled,1,1024,-1,-1,2
evaluation__2487__clean__shuffled__r8,evaluation,clean,shuffled,1,1024,-1,-1,2
evaluation__2487__clean__shuffled__r9,evaluation,clean,shuffled,1,1024,-1,-1,2
evaluation__2487__clean__noise__r0,evaluation,clean,noise,1,1024,-1,-1,2
evaluation__2487__clean__sweep__r0,evaluation,clean,sweep,16,987,-1,-1,665
evaluation__5947__clean__shuffled__r0,evaluation,clean,shuffled,1,1024,-1,-1,1
evaluation__5947__clean__shuffled__r1,evaluation,clean,shuffled,1,1024,-1,-1,2
evaluation__5947__clean__shuffled__r2,evaluation,clean,shuffled,1,1024,-1,-1,2
evaluation__5947__clean__shuffled__r3,evaluation,clean,shuffled,1,1024,-1,-1,2
evaluation__5947__clean__shuffled__r4,evaluation,clean,shuffled,1,1024,-1,-1,2
evaluation__5947__clean__shuffled__r5,evaluation,clean,shuffled,1,1024,-1,-1,2
evaluation__5947__clean__shuffled__r6,evaluation,clean,shuffled,1,1024,-1,-1,3
evaluation__5947__clean__shuffled__r7,evaluation,clean,shuffled,1,1024,-1,-1,3
evaluation__5947__clean__shuffled__r8,evaluation,clean,shuffled,1,1024,-1,-1,2
evaluation__5947__clean__shuffled__r9,evaluation,clean,shuffled,1,1024,-1,-1,1
evaluation__5947__clean__noise__r0,evaluation,clean,noise,1,1024,-1,-1,2
evaluation__5947__clean__sweep__r0,evaluation,clean,sweep,104,893,256,319,-1
evaluation__9261__clean__shuffled__r0,evaluation,clean,shuffled,1,1024,-1,-1,3
evaluation__9261__clean__shuffled__r1,evaluation,clean,shuffled,1,1024,-1,-1,2
evaluation__9261__clean__shuffled__r2,evaluation,clean,shuffled,2,1023,-1,-1,2
evaluation__9261__clean__shuffled__r3,evaluation,clean,shuffled,1,1024,-1,-1,2
evaluation__9261__clean__shuffled__r4,evaluation,clean,shuffled,1,1024,-1,-1,2
evaluation__9261__clean__shuffled__r5,evaluation,clean,shuffled,1,1024,-1,-1,2
evaluation__9261__clean__shuffled__r6,evaluation,clean,shuffled,1,1024,-1,-1,2
evaluation__9261__clean__shuffled__r7,evaluation,clean,shuffled,1,1024,-1,-1,3
evaluation__9261__clean__shuffled__r8,evaluation,clean,shuffled,1,1024,-1,-1,1
evaluation__9261__clean__shuffled__r9,evaluation,clean,shuffled,1,1024,-1,-1,2
evaluation__9261__clean__noise__r0,evaluation,clean,noise,1,1024,-1,-1,1
evaluation__9261__clean__sweep__r0,evaluation,clean,sweep,3,992,-1,-1,-1
evaluation__1641__clean__shuffled__r0,evaluation,clean,shuffled,1,1024,-1,-1,2
evaluation__1641__clean__shuffled__r1,evaluation,clean,shuffled,1,1024,-1,-1,3
evaluation__1641__clean__shuffled__r2,evaluation,clean,shuffled,1,1024,-1,-1,2
evaluation__1641__clean__shuffled__r3,evaluation,clean,shuffled,2,1023,-1,-1,2
evaluation__1641__clean__shuffled__r4,evaluation,clean,shuffled,1,1024,-1,-1,2
evaluation__1641__clean__shuffled__r5,evaluation,clean,shuffled,1,1024,-1,-1,2
evaluation__1641__clean__shuffled__r6,evaluation,clean,shuffled,1,1024,-1,-1,2
evaluation__1641__clean__shuffled__r7,evaluation,clean,shuffled,1,1024,-1,-1,2
evaluation__1641__clean__shuffled__r8,evaluation,clean,shuffled,1,1024,-1,-1,5
evaluation__1641__clean__shuffled__r9,evaluation,clean,shuffled,1,1024,-1,-1,2
evaluation__1641__clean__noise__r0,evaluation,clean,noise,1,1024,-1,-1,693
evaluation__1641__clean__sweep__r0,evaluation,clean,sweep,30,987,670,734,-1
evaluation__4465__clean__shuffled__r0,evaluation,clean,shuffled,1,1024,-1,-1,2
evaluation__4465__clean__shuffled__r1,evaluation,clean,shuffled,1,1024,-1,-1,2
evaluation__4465__clean__shuffled__r2,evaluation,clean,shuffled,1,1024,-1,-1,2
evaluation__4465__clean__shuffled__r3,evaluation,clean,shuffled,1,1024,-1,-1,2
evaluation__4465__clean__shuffled__r4,evaluation,clean,shuffled,1,1024,-1,-1,2
evaluation__4465__clean__shuffled__r5,evaluation,clean,shuffled,1,1024,-1,-1,2
evaluation__4465__clean__shuffled__r6,evaluation,clean,shuffled,1,1024,-1,-1,2
evaluation__4465__clean__shuffled__r7,evaluation,clean,shuffled,2,1023,-1,-1,2
evaluation__4465__clean__shuffled__r8,evaluation,clean,shuffled,1,1024,-1,-1,2
evaluation__4465__clean__shuffled__r9,evaluation,clean,shuffled,1,1024,-1,-1,2
evaluation__4465__clean__noise__r0,evaluation,clean,noise,1,1024,-1,-1,315
evaluation__4465__clean__sweep__r0,evaluation,clean,sweep,2,1019,-1,-1,154
evaluation__7337__clean__shuffled__r0,evaluation,clean,shuffled,1,1024,-1,-1,2
evaluation__7337__clean__shuffled__r1,evaluation,clean,shuffled,1,1024,-1,-1,2
evaluation__7337__clean__shuffled__r2,evaluation,clean,shuffled,2,1023,-1,-1,2
evaluation__7337__clean__shuffled__r3,evaluation,clean,shuffled,1,1024,-1,-1,2
evaluation__7337__clean__shuffled__r4,evaluation,clean,shuffled,1,1024,-1,-1,2
evaluation__7337__clean__shuffled__r5,evaluation,clean,shuffled,1,1024,-1,-1,1
evaluation__7337__clean__shuffled__r6,evaluation,clean,shuffled,1,1024,-1,-1,2
evaluation__7337__clean__shuffled__r7,evaluation,clean,shuffled,1,1024,-1,-1,2
evaluation__7337__clean__shuffled__r8,evaluation,clean,shuffled,1,1024,-1,-1,2
evaluation__7337__clean__shuffled__r9,evaluation,clean,shuffled,1,1024,-1,-1,4
evaluation__7337__clean__noise__r0,evaluation,clean,noise,1,1024,-1,-1,2
evaluation__7337__clean__sweep__r0,evaluation,clean,sweep,132,873,403,464,-1
evaluation__56__clean__shuffled__r0,evaluation,clean,shuffled,1,1024,-1,-1,2
evaluation__56__clean__shuffled__r1,evaluation,clean,shuffled,1,1024,-1,-1,1
evaluation__56__clean__shuffled__r2,evaluation,clean,shuffled,1,1024,-1,-1,2
evaluation__56__clean__shuffled__r3,evaluation,clean,shuffled,2,1022,-1,-1,2
evaluation__56__clean__shuffled__r4,evaluation,clean,shuffled,1,1024,-1,-1,2
evaluation__56__clean__shuffled__r5,evaluation,clean,shuffled,1,1024,-1,-1,2
evaluation__56__clean__shuffled__r6,evaluation,clean,shuffled,1,1024,-1,-1,3
evaluation__56__clean__shuffled__r7,evaluation,clean,shuffled,1,1024,-1,-1,2
evaluation__56__clean__shuffled__r8,evaluation,clean,shuffled,1,1024,-1,-1,1
evaluation__56__clean__shuffled__r9,evaluation,clean,shuffled,1,1024,-1,-1,2
evaluation__56__clean__noise__r0,evaluation,clean,noise,1,1024,-1,-1,1
evaluation__56__clean__sweep__r0,evaluation,clean,sweep,2,1019,-1,-1,321
evaluation__3788__clean__shuffled__r0,evaluation,clean,shuffled,1,1024,-1,-1,2
evaluation__3788__clean__shuffled__r1,evaluation,clean,shuffled,1,1024,-1,-1,2
evaluation__3788__clean__shuffled__r2,evaluation,clean,shuffled,1,1024,-1,-1,2
evaluation__3788__clean__shuffled__r3,evaluation,clean,shuffled,2,1023,-1,-1,2
evaluation__3788__clean__shuffled__r4,evaluation,clean,shuffled,1,1024,-1,-1,2
evaluation__3788__clean__shuffled__r5,evaluation,clean,shuffled,1,1024,-1,-1,2
evaluation__3788__clean__shuffled__r6,evaluation,clean,shuffled,1,1024,-1,-1,2
evaluation__3788__clean__shuffled__r7,evaluation,clean,shuffled,1,1024,-1,-1,2
evaluation__3788__clean__shuffled__r8,evaluation,clean,shuffled,1,1024,-1,-1,2
evaluation__3788__clean__shuffled__r9,evaluation,clean,shuffled,1,1024,-1,-1,2
evaluation__3788__clean__noise__r0,evaluation,clean,noise,1,1024,-1,-1,2
evaluation__3788__clean__sweep__r0,evaluation,clean,sweep,2,1019,-1,-1,417
evaluation__5668__clean__shuffled__r0,evaluation,clean,shuffled,1,1024,-1,-1,2
evaluation__5668__clean__shuffled__r1,evaluation,clean,shuffled,1,1024,-1,-1,2
evaluation__5668__clean__shuffled__r2,evaluation,clean,shuffled,1,1024,-1,-1,2
evaluation__5668__clean__shuffled__r3,evaluation,clean,shuffled,1,1024,-1,-1,2
evaluation__5668__clean__shuffled__r4,evaluation,clean,shuffled,1,1024,-1,-1,1
evaluation__5668__clean__shuffled__r5,evaluation,clean,shuffled,1,1024,-1,-1,2
evaluation__5668__clean__shuffled__r6,evaluation,clean,shuffled,1,1024,-1,-1,2
evaluation__5668__clean__shuffled__r7,evaluation,clean,shuffled,1,1024,-1,-1,3
evaluation__5668__clean__shuffled__r8,evaluation,clean,shuffled,1,1024,-1,-1,2
evaluation__5668__clean__shuffled__r9,evaluation,clean,shuffled,1,1024,-1,-1,2
evaluation__5668__clean__noise__r0,evaluation,clean,noise,1,1024,-1,-1,10
evaluation__5668__clean__sweep__r0,evaluation,clean,sweep,3,1019,-1,-1,892
evaluation__8466__clean__shuffled__r0,evaluation,clean,shuffled,1,1024,-1,-1,2
evaluation__8466__clean__shuffled__r1,evaluation,clean,shuffled,1,1024,-1,-1,3
evaluation__8466__clean__shuffled__r2,evaluation,clean,shuffled,1,1024,-1,-1,2
evaluation__8466__clean__shuffled__r3,evaluation,clean,shuffled,1,1024,-1,-1,2
evaluation__8466__clean__shuffled__r4,evaluation,clean,shuffled,1,1024,-1,-1,2
evaluation__8466__clean__shuffled__r5,evaluation,clean,shuffled,1,1024,-1,-1,2
evaluation__8466__clean__shuffled__r6,evaluation,clean,shuffled,3,1022,-1,-1,2
evaluation__8466__clean__shuffled__r7,evaluation,clean,shuffled,1,1024,-1,-1,2
evaluation__8466__clean__shuffled__r8,evaluation,clean,shuffled,1,1024,-1,-1,1
evaluation__8466__clean__shuffled__r9,evaluation,clean,shuffled,2,1023,-1,-1,2
evaluation__8466__clean__noise__r0,evaluation,clean,noise,1,1024,-1,-1,1
evaluation__8466__clean__sweep__r0,evaluation,clean,sweep,6,1003,-1,-1,155
evaluation__1866__clean__shuffled__r0,evaluation,clean,shuffled,1,1024,-1,-1,1
evaluation__1866__clean__shuffled__r1,evaluation,clean,shuffled,1,1024,-1,-1,2
evaluation__1866__clean__shuffled__r2,evaluation,clean,shuffled,2,1023,-1,-1,2
evaluation__1866__clean__shuffled__r3,evaluation,clean,shuffled,1,1024,-1,-1,2
evaluation__1866__clean__shuffled__r4,evaluation,clean,shuffled,1,1024,-1,-1,2
evaluation__1866__clean__shuffled__r5,evaluation,clean,shuffled,2,1023,-1,-1,2
evaluation__1866__clean__shuffled__r6,evaluation,clean,shuffled,1,1024,-1,-1,2
evaluation__1866__clean__shuffled__r7,evaluation,clean,shuffled,1,1024,-1,-1,2
evaluation__1866__clean__shuffled__r8,evaluation,clean,shuffled,1,1024,-1,-1,2
evaluation__1866__clean__shuffled__r9,evaluation,clean,shuffled,1,1024,-1,-1,2
evaluation__1866__clean__noise__r0,evaluation,clean,noise,1,1024,-1,-1,3
evaluation__1866__clean__sweep__r0,evaluation,clean,sweep,213,689,189,187,-1
evaluation__4083__clean__shuffled__r0,evaluation,clean,shuffled,1,1024,-1,-1,2
evaluation__4083__clean__shuffled__r1,evaluation,clean,shuffled,1,1024,-1,-1,2
evaluation__4083__clean__shuffled__r2,evaluation,clean,shuffled,1,1024,-1,-1,2
evaluation__4083__clean__shuffled__r3,evaluation,clean,shuffled,1,1024,-1,-1,1
evaluation__4083__clean__shuffled__r4,evaluation,clean,shuffled,1,1024,-1,-1,2
evaluation__4083__clean__shuffled__r5,evaluation,clean,shuffled,1,1024,-1,-1,2
evaluation__4083__clean__shuffled__r6,evaluation,clean,shuffled,1,1024,-1,-1,1
evaluation__4083__clean__shuffled__r7,evaluation,clean,shuffled,1,1024,-1,-1,2
evaluation__4083__clean__shuffled__r8,evaluation,clean,shuffled,1,1024,-1,-1,2
evaluation__4083__clean__shuffled__r9,evaluation,clean,shuffled,2,1023,-1,-1,3
evaluation__4083__clean__noise__r0,evaluation,clean,noise,1,1024,-1,-1,1
evaluation__4083__clean__sweep__r0,evaluation,clean,sweep,29,964,-1,-1,-1
evaluation__6718__clean__shuffled__r0,evaluation,clean,shuffled,1,1024,-1,-1,2
evaluation__6718__clean__shuffled__r1,evaluation,clean,shuffled,1,1024,-1,-1,2
evaluation__6718__clean__shuffled__r2,evaluation,clean,shuffled,3,1022,-1,-1,2
evaluation__6718__clean__shuffled__r3,evaluation,clean,shuffled,1,1024,-1,-1,2
evaluation__6718__clean__shuffled__r4,evaluation,clean,shuffled,1,1024,-1,-1,2
evaluation__6718__clean__shuffled__r5,evaluation,clean,shuffled,1,1024,-1,-1,2
evaluation__6718__clean__shuffled__r6,evaluation,clean,shuffled,1,1024,-1,-1,2
evaluation__6718__clean__shuffled__r7,evaluation,clean,shuffled,1,1024,-1,-1,3
evaluation__6718__clean__shuffled__r8,evaluation,clean,shuffled,1,1024,-1,-1,2
evaluation__6718__clean__shuffled__r9,evaluation,clean,shuffled,1,1024,-1,-1,1
evaluation__6718__clean__noise__r0,evaluation,clean,noise,1,1024,-1,-1,1
evaluation__6718__clean__sweep__r0,evaluation,clean,sweep,5,976,-1,-1,-1
evaluation__1654__clean__shuffled__r0,evaluation,clean,shuffled,1,1024,-1,-1,2
evaluation__1654__clean__shuffled__r1,evaluation,clean,shuffled,1,1024,-1,-1,1
evaluation__1654__clean__shuffled__r2,evaluation,clean,shuffled,1,1024,-1,-1,2
evaluation__1654__clean__shuffled__r3,evaluation,clean,shuffled,1,1024,-1,-1,1
evaluation__1654__clean__shuffled__r4,evaluation,clean,shuffled,1,1024,-1,-1,2
evaluation__1654__clean__shuffled__r5,evaluation,clean,shuffled,1,1024,-1,-1,2
evaluation__1654__clean__shuffled__r6,evaluation,clean,shuffled,1,1024,-1,-1,2
evaluation__1654__clean__shuffled__r7,evaluation,clean,shuffled,1,1024,-1,-1,2
evaluation__1654__clean__shuffled__r8,evaluation,clean,shuffled,1,1024,-1,-1,2
evaluation__1654__clean__shuffled__r9,evaluation,clean,shuffled,1,1024,-1,-1,2
evaluation__1654__clean__noise__r0,evaluation,clean,noise,1,1024,-1,-1,23
evaluation__1654__clean__sweep__r0,evaluation,clean,sweep,183,655,152,187,961
evaluation__5966__clean__shuffled__r0,evaluation,clean,shuffled,1,1024,-1,-1,2
evaluation__5966__clean__shuffled__r1,evaluation,clean,shuffled,1,1024,-1,-1,2
evaluation__5966__clean__shuffled__r2,evaluation,clean,shuffled,2,1023,-1,-1,3
evaluation__5966__clean__shuffled__r3,evaluation,clean,shuffled,1,1024,-1,-1,2
evaluation__5966__clean__shuffled__r4,evaluation,clean,shuffled,2,1023,-1,-1,2
evaluation__5966__clean__shuffled__r5,evaluation,clean,shuffled,1,1024,-1,-1,2
evaluation__5966__clean__shuffled__r6,evaluation,clean,shuffled,1,1024,-1,-1,2
evaluation__5966__clean__shuffled__r7,evaluation,clean,shuffled,1,1024,-1,-1,2
evaluation__5966__clean__shuffled__r8,evaluation,clean,shuffled,1,1024,-1,-1,2
evaluation__5966__clean__shuffled__r9,evaluation,clean,shuffled,1,1024,-1,-1,2
evaluation__5966__clean__noise__r0,evaluation,clean,noise,1,1024,-1,-1,1
evaluation__5966__clean__sweep__r0,evaluation,clean,sweep,2,1023,-1,-1,607
evaluation__8355__clean__shuffled__r0,evaluation,clean,shuffled,1,1024,-1,-1,2
evaluation__8355__clean__shuffled__r1,evaluation,clean,shuffled,1,1024,-1,-1,2
evaluation__8355__clean__shuffled__r2,evaluation,clean,shuffled,1,1024,-1,-1,2
evaluation__8355__clean__shuffled__r3,evaluation,clean,shuffled,1,1024,-1,-1,3
evaluation__8355__clean__shuffled__r4,evaluation,clean,shuffled,1,1024,-1,-1,2
evaluation__8355__clean__shuffled__r5,evaluation,clean,shuffled,1,1024,-1,-1,2
evaluation__8355__clean__shuffled__r6,evaluation,clean,shuffled,1,1024,-1,-1,2
evaluation__8355__clean__shuffled__r7,evaluation,clean,shuffled,1,1024,-1,-1,2
evaluation__8355__clean__shuffled__r8,evaluation,clean,shuffled,1,1024,-1,-1,3
evaluation__8355__clean__shuffled__r9,evaluation,clean,shuffled,2,1023,-1,-1,2
evaluation__8355__clean__noise__r0,evaluation,clean,noise,1,1024,-1,-1,4
evaluation__8355__clean__sweep__r0,evaluation,clean,sweep,210,779,189,220,-1
fit__90__clean__shuffled__r0,fit,clean,shuffled,1,1024,-1,-1,1
fit__90__clean__shuffled__r1,fit,clean,shuffled,1,1024,-1,-1,2
fit__90__clean__shuffled__r2,fit,clean,shuffled,1,1024,-1,-1,1
fit__90__clean__shuffled__r3,fit,clean,shuffled,1,1024,-1,-1,3
fit__90__clean__shuffled__r4,fit,clean,shuffled,1,1024,-1,-1,2
fit__90__clean__shuffled__r5,fit,clean,shuffled,1,1024,-1,-1,2
fit__90__clean__shuffled__r6,fit,clean,shuffled,1,1024,-1,-1,2
fit__90__clean__shuffled__r7,fit,clean,shuffled,1,1024,-1,-1,1
fit__90__clean__shuffled__r8,fit,clean,shuffled,1,1024,-1,-1,2
fit__90__clean__shuffled__r9,fit,clean,shuffled,1,1024,-1,-1,2
fit__90__clean__noise__r0,fit,clean,noise,1,1024,-1,-1,3
fit__90__clean__sweep__r0,fit,clean,sweep,287,499,122,154,-1
fit__6772__clean__shuffled__r0,fit,clean,shuffled,1,1024,-1,-1,2
fit__6772__clean__shuffled__r1,fit,clean,shuffled,1,1024,-1,-1,2
fit__6772__clean__shuffled__r2,fit,clean,shuffled,1,1024,-1,-1,2
fit__6772__clean__shuffled__r3,fit,clean,shuffled,1,1024,-1,-1,2
fit__6772__clean__shuffled__r4,fit,clean,shuffled,1,1024,-1,-1,2
fit__6772__clean__shuffled__r5,fit,clean,shuffled,1,1024,-1,-1,1
fit__6772__clean__shuffled__r6,fit,clean,shuffled,1,1024,-1,-1,2
fit__6772__clean__shuffled__r7,fit,clean,shuffled,1,1024,-1,-1,1
fit__6772__clean__shuffled__r8,fit,clean,shuffled,1,1024,-1,-1,2
fit__6772__clean__shuffled__r9,fit,clean,shuffled,1,1024,-1,-1,2
fit__6772__clean__noise__r0,fit,clean,noise,1,1024,-1,-1,1
fit__6772__clean__sweep__r0,fit,clean,sweep,66,942,255,383,897
fit__3407__clean__shuffled__r0,fit,clean,shuffled,1,1024,-1,-1,2
fit__3407__clean__shuffled__r1,fit,clean,shuffled,1,1024,-1,-1,1
fit__3407__clean__shuffled__r2,fit,clean,shuffled,1,1024,-1,-1,2
fit__3407__clean__shuffled__r3,fit,clean,shuffled,1,1024,-1,-1,2
fit__3407__clean__shuffled__r4,fit,clean,shuffled,1,1024,-1,-1,2
fit__3407__clean__shuffled__r5,fit,clean,shuffled,1,1024,-1,-1,2
fit__3407__clean__shuffled__r6,fit,clean,shuffled,1,1024,-1,-1,2
fit__3407__clean__shuffled__r7,fit,clean,shuffled,1,1024,-1,-1,2
fit__3407__clean__shuffled__r8,fit,clean,shuffled,1,1024,-1,-1,2
fit__3407__clean__shuffled__r9,fit,clean,shuffled,1,1024,-1,-1,2
fit__3407__clean__noise__r0,fit,clean,noise,1,1024,-1,-1,9
fit__3407__clean__sweep__r0,fit,clean,sweep,159,852,249,314,-1
fit__7864__clean__shuffled__r0,fit,clean,shuffled,1,1024,-1,-1,2
fit__7864__clean__shuffled__r1,fit,clean,shuffled,1,1024,-1,-1,2
fit__7864__clean__shuffled__r2,fit,clean,shuffled,1,1024,-1,-1,2
fit__7864__clean__shuffled__r3,fit,clean,shuffled,3,1022,-1,-1,2
fit__7864__clean__shuffled__r4,fit,clean,shuffled,1,1024,-1,-1,2
fit__7864__clean__shuffled__r5,fit,clean,shuffled,1,1024,-1,-1,2
fit__7864__clean__shuffled__r6,fit,clean,shuffled,1,1024,-1,-1,2
fit__7864__clean__shuffled__r7,fit,clean,shuffled,1,1024,-1,-1,2
fit__7864__clean__shuffled__r8,fit,clean,shuffled,1,1024,-1,-1,2
fit__7864__clean__shuffled__r9,fit,clean,shuffled,1,1024,-1,-1,2
fit__7864__clean__noise__r0,fit,clean,noise,1,1024,-1,-1,1
fit__7864__clean__sweep__r0,fit,clean,sweep,3,1011,-1,-1,353
fit__3844__clean__shuffled__r0,fit,clean,shuffled,1,1024,-1,-1,2
fit__3844__clean__shuffled__r1,fit,clean,shuffled,2,1023,-1,-1,2
fit__3844__clean__shuffled__r2,fit,clean,shuffled,1,1024,-1,-1,2
fit__3844__clean__shuffled__r3,fit,clean,shuffled,1,1024,-1,-1,2
fit__3844__clean__shuffled__r4,fit,clean,shuffled,1,1024,-1,-1,2
fit__3844__clean__shuffled__r5,fit,clean,shuffled,1,1024,-1,-1,2
fit__3844__clean__shuffled__r6,fit,clean,shuffled,1,1024,-1,-1,2
fit__3844__clean__shuffled__r7,fit,clean,shuffled,1,1024,-1,-1,2
fit__3844__clean__shuffled__r8,fit,clean,shuffled,1,1024,-1,-1,2
fit__3844__clean__shuffled__r9,fit,clean,shuffled,1,1024,-1,-1,2
fit__3844__clean__noise__r0,fit,clean,noise,1,1024,-1,-1,52
fit__3844__clean__sweep__r0,fit,clean,sweep,209,723,220,255,463
fit__573__clean__shuffled__r0,fit,clean,shuffled,1,1024,-1,-1,2
fit__573__clean__shuffled__r1,fit,clean,shuffled,1,1024,-1,-1,2
fit__573__clean__shuffled__r2,fit,clean,shuffled,1,1024,-1,-1,2
fit__573__clean__shuffled__r3,fit,clean,shuffled,1,1024,-1,-1,2
fit__573__clean__shuffled__r4,fit,clean,shuffled,1,1024,-1,-1,2
fit__573__clean__shuffled__r5,fit,clean,shuffled,1,1024,-1,-1,2
fit__573__clean__shuffled__r6,fit,clean,shuffled,1,1024,-1,-1,2
fit__573__clean__shuffled__r7,fit,clean,shuffled,1,1024,-1,-1,2
fit__573__clean__shuffled__r8,fit,clean,shuffled,1,1024,-1,-1,4
fit__573__clean__shuffled__r9,fit,clean,shuffled,1,1024,-1,-1,2
fit__573__clean__noise__r0,fit,clean,noise,1,1024,-1,-1,1
fit__573__clean__sweep__r0,fit,clean,sweep,6,1004,-1,-1,-1
fit__6196__clean__shuffled__r0,fit,clean,shuffled,2,1023,-1,-1,2
fit__6196__clean__shuffled__r1,fit,clean,shuffled,1,1024,-1,-1,2
fit__6196__clean__shuffled__r2,fit,clean,shuffled,1,1024,-1,-1,2
fit__6196__clean__shuffled__r3,fit,clean,shuffled,1,1024,-1,-1,2
fit__6196__clean__shuffled__r4,fit,clean,shuffled,1,1024,-1,-1,2
fit__6196__clean__shuffled__r5,fit,clean,shuffled,1,1024,-1,-1,2
fit__6196__clean__shuffled__r6,fit,clean,shuffled,1,1024,-1,-1,2
fit__6196__clean__shuffled__r7,fit,clean,shuffled,1,1024,-1,-1,2
fit__6196__clean__shuffled__r8,fit,clean,shuffled,1,1024,-1,-1,2
fit__6196__clean__shuffled__r9,fit,clean,shuffled,1,1024,-1,-1,2
fit__6196__clean__noise__r0,fit,clean,noise,1,1024,-1,-1,1
fit__6196__clean__sweep__r0,fit,clean,sweep,154,835,190,224,-1
fit__1658__clean__shuffled__r0,fit,clean,shuffled,6,1019,-1,-1,2
fit__1658__clean__shuffled__r1,fit,clean,shuffled,2,1023,-1,-1,2
fit__1658__clean__shuffled__r2,fit,clean,shuffled,1,1024,-1,-1,2
fit__1658__clean__shuffled__r3,fit,clean,shuffled,1,1024,-1,-1,2
fit__1658__clean__shuffled__r4,fit,clean,shuffled,1,1024,-1,-1,2
fit__1658__clean__shuffled__r5,fit,clean,shuffled,1,1024,-1,-1,2
fit__1658__clean__shuffled__r6,fit,clean,shuffled,1,1024,-1,-1,2
fit__1658__clean__shuffled__r7,fit,clean,shuffled,1,1024,-1,-1,2
fit__1658__clean__shuffled__r8,fit,clean,shuffled,2,1023,-1,-1,2
fit__1658__clean__shuffled__r9,fit,clean,shuffled,1,1024,-1,-1,1
fit__1658__clean__noise__r0,fit,clean,noise,1,1024,-1,-1,3
fit__1658__clean__sweep__r0,fit,clean,sweep,140,316,123,158,-1
fit__6664__clean__shuffled__r0,fit,clean,shuffled,1,1024,-1,-1,2
fit__6664__clean__shuffled__r1,fit,clean,shuffled,1,1024,-1,-1,2
fit__6664__clean__shuffled__r2,fit,clean,shuffled,1,1024,-1,-1,2
fit__6664__clean__shuffled__r3,fit,clean,shuffled,1,1024,-1,-1,2
fit__6664__clean__shuffled__r4,fit,clean,shuffled,1,1024,-1,-1,2
fit__6664__clean__shuffled__r5,fit,clean,shuffled,1,1024,-1,-1,2
fit__6664__clean__shuffled__r6,fit,clean,shuffled,1,1024,-1,-1,2
fit__6664__clean__shuffled__r7,fit,clean,shuffled,1,1024,-1,-1,2
fit__6664__clean__shuffled__r8,fit,clean,shuffled,1,1024,-1,-1,3
fit__6664__clean__shuffled__r9,fit,clean,shuffled,1,1024,-1,-1,3
fit__6664__clean__noise__r0,fit,clean,noise,1,1024,-1,-1,1
fit__6664__clean__sweep__r0,fit,clean,sweep,142,870,192,285,33
fit__4420__clean__shuffled__r0,fit,clean,shuffled,1,1024,-1,-1,2
fit__4420__clean__shuffled__r1,fit,clean,shuffled,1,1024,-1,-1,2
fit__4420__clean__shuffled__r2,fit,clean,shuffled,1,1024,-1,-1,2
fit__4420__clean__shuffled__r3,fit,clean,shuffled,1,1024,-1,-1,1
fit__4420__clean__shuffled__r4,fit,clean,shuffled,1,1024,-1,-1,1
fit__4420__clean__shuffled__r5,fit,clean,shuffled,1,1024,-1,-1,2
fit__4420__clean__shuffled__r6,fit,clean,shuffled,1,1024,-1,-1,2
fit__4420__clean__shuffled__r7,fit,clean,shuffled,1,1024,-1,-1,2
fit__4420__clean__shuffled__r8,fit,clean,shuffled,1,1024,-1,-1,2
fit__4420__clean__shuffled__r9,fit,clean,shuffled,1,1024,-1,-1,2
fit__4420__clean__noise__r0,fit,clean,noise,1,1024,-1,-1,1
fit__4420__clean__sweep__r0,fit,clean,sweep,2,1007,-1,-1,897
fit__1211__clean__shuffled__r0,fit,clean,shuffled,1,1024,-1,-1,2
fit__1211__clean__shuffled__r1,fit,clean,shuffled,2,1023,-1,-1,1
fit__1211__clean__shuffled__r2,fit,clean,shuffled,1,1024,-1,-1,2
fit__1211__clean__shuffled__r3,fit,clean,shuffled,1,1024,-1,-1,2
fit__1211__clean__shuffled__r4,fit,clean,shuffled,1,1024,-1,-1,2
fit__1211__clean__shuffled__r5,fit,clean,shuffled,1,1024,-1,-1,1
fit__1211__clean__shuffled__r6,fit,clean,shuffled,1,1024,-1,-1,2
fit__1211__clean__shuffled__r7,fit,clean,shuffled,3,1022,-1,-1,2
fit__1211__clean__shuffled__r8,fit,clean,shuffled,1,1024,-1,-1,2
fit__1211__clean__shuffled__r9,fit,clean,shuffled,1,1024,-1,-1,2
fit__1211__clean__noise__r0,fit,clean,noise,1,1024,-1,-1,771
fit__1211__clean__sweep__r0,fit,clean,sweep,2,1003,-1,-1,364
fit__5089__clean__shuffled__r0,fit,clean,shuffled,1,1024,-1,-1,2
fit__5089__clean__shuffled__r1,fit,clean,shuffled,1,1024,-1,-1,2
fit__5089__clean__shuffled__r2,fit,clean,shuffled,1,1024,-1,-1,2
fit__5089__clean__shuffled__r3,fit,clean,shuffled,1,1024,-1,-1,2
fit__5089__clean__shuffled__r4,fit,clean,shuffled,1,1024,-1,-1,2
fit__5089__clean__shuffled__r5,fit,clean,shuffled,3,1022,-1,-1,2
fit__5089__clean__shuffled__r6,fit,clean,shuffled,1,1024,-1,-1,2
fit__5089__clean__shuffled__r7,fit,clean,shuffled,1,1024,-1,-1,2
fit__5089__clean__shuffled__r8,fit,clean,shuffled,1,1024,-1,-1,2
fit__5089__clean__shuffled__r9,fit,clean,shuffled,1,1024,-1,-1,2
fit__5089__clean__noise__r0,fit,clean,noise,1,1024,-1,-1,-1
fit__5089__clean__sweep__r0,fit,clean,sweep,2,988,-1,-1,321
fit__2518__clean__shuffled__r0,fit,clean,shuffled,1,1024,-1,-1,2
fit__2518__clean__shuffled__r1,fit,clean,shuffled,1,1024,-1,-1,2
fit__2518__clean__shuffled__r2,fit,clean,shuffled,1,1024,-1,-1,2
fit__2518__clean__shuffled__r3,fit,clean,shuffled,1,1024,-1,-1,4
fit__2518__clean__shuffled__r4,fit,clean,shuffled,1,1024,-1,-1,2
fit__2518__clean__shuffled__r5,fit,clean,shuffled,1,1024,-1,-1,1
fit__2518__clean__shuffled__r6,fit,clean,shuffled,1,1024,-1,-1,1
fit__2518__clean__shuffled__r7,fit,clean,shuffled,1,1024,-1,-1,2
fit__2518__clean__shuffled__r8,fit,clean,shuffled,1,1024,-1,-1,2
fit__2518__clean__shuffled__r9,fit,clean,shuffled,1,1024,-1,-1,2
fit__2518__clean__noise__r0,fit,clean,noise,1,1024,-1,-1,1
fit__2518__clean__sweep__r0,fit,clean,sweep,2,1021,-1,-1,369
fit__7703__clean__shuffled__r0,fit,clean,shuffled,2,1023,-1,-1,2
fit__7703__clean__shuffled__r1,fit,clean,shuffled,1,1024,-1,-1,2
fit__7703__clean__shuffled__r2,fit,clean,shuffled,1,1024,-1,-1,2
fit__7703__clean__shuffled__r3,fit,clean,shuffled,1,1024,-1,-1,2
fit__7703__clean__shuffled__r4,fit,clean,shuffled,1,1024,-1,-1,2
fit__7703__clean__shuffled__r5,fit,clean,shuffled,1,1024,-1,-1,2
fit__7703__clean__shuffled__r6,fit,clean,shuffled,1,1024,-1,-1,2
fit__7703__clean__shuffled__r7,fit,clean,shuffled,1,1024,-1,-1,2
fit__7703__clean__shuffled__r8,fit,clean,shuffled,1,1024,-1,-1,2
fit__7703__clean__shuffled__r9,fit,clean,shuffled,1,1024,-1,-1,3
fit__7703__clean__noise__r0,fit,clean,noise,1,1024,-1,-1,10
fit__7703__clean__sweep__r0,fit,clean,sweep,91,904,383,768,-1
fit__2962__clean__shuffled__r0,fit,clean,shuffled,1,1024,-1,-1,2
fit__2962__clean__shuffled__r1,fit,clean,shuffled,1,1024,-1,-1,1
fit__2962__clean__shuffled__r2,fit,clean,shuffled,1,1024,-1,-1,1
fit__2962__clean__shuffled__r3,fit,clean,shuffled,1,1024,-1,-1,2
fit__2962__clean__shuffled__r4,fit,clean,shuffled,1,1024,-1,-1,1
fit__2962__clean__shuffled__r5,fit,clean,shuffled,1,1024,-1,-1,2
fit__2962__clean__shuffled__r6,fit,clean,shuffled,1,1024,-1,-1,2
fit__2962__clean__shuffled__r7,fit,clean,shuffled,2,1023,-1,-1,3
fit__2962__clean__shuffled__r8,fit,clean,shuffled,2,1023,-1,-1,2
fit__2962__clean__shuffled__r9,fit,clean,shuffled,1,1024,-1,-1,2
fit__2962__clean__noise__r0,fit,clean,noise,1,1024,-1,-1,1
fit__2962__clean__sweep__r0,fit,clean,sweep,85,895,288,415,33
fit__1913__clean__shuffled__r0,fit,clean,shuffled,1,1024,-1,-1,2
fit__1913__clean__shuffled__r1,fit,clean,shuffled,1,1024,-1,-1,2
fit__1913__clean__shuffled__r2,fit,clean,shuffled,1,1024,-1,-1,2
fit__1913__clean__shuffled__r3,fit,clean,shuffled,1,1024,-1,-1,2
fit__1913__clean__shuffled__r4,fit,clean,shuffled,1,1024,-1,-1,2
fit__1913__clean__shuffled__r5,fit,clean,shuffled,1,1024,-1,-1,3
fit__1913__clean__shuffled__r6,fit,clean,shuffled,1,1024,-1,-1,2
fit__1913__clean__shuffled__r7,fit,clean,shuffled,1,1024,-1,-1,2
fit__1913__clean__shuffled__r8,fit,clean,shuffled,1,1024,-1,-1,2
fit__1913__clean__shuffled__r9,fit,clean,shuffled,2,1023,-1,-1,2
fit__1913__clean__noise__r0,fit,clean,noise,1,1024,-1,-1,2
fit__1913__clean__sweep__r0,fit,clean,sweep,281,506,86,93,801
fit__5980__clean__shuffled__r0,fit,clean,shuffled,1,1024,-1,-1,2
fit__5980__clean__shuffled__r1,fit,clean,shuffled,1,1024,-1,-1,2
fit__5980__clean__shuffled__r2,fit,clean,shuffled,1,1024,-1,-1,2
fit__5980__clean__shuffled__r3,fit,clean,shuffled,1,1024,-1,-1,2
fit__5980__clean__shuffled__r4,fit,clean,shuffled,1,1024,-1,-1,2
fit__5980__clean__shuffled__r5,fit,clean,shuffled,1,1024,-1,-1,2
fit__5980__clean__shuffled__r6,fit,clean,shuffled,1,1024,-1,-1,2
fit__5980__clean__shuffled__r7,fit,clean,shuffled,1,1024,-1,-1,2
fit__5980__clean__shuffled__r8,fit,clean,shuffled,1,1024,-1,-1,2
fit__5980__clean__shuffled__r9,fit,clean,shuffled,1,1024,-1,-1,2
fit__5980__clean__noise__r0,fit,clean,noise,1,1024,-1,-1,1
fit__5980__clean__sweep__r0,fit,clean,sweep,245,587,113,148,576
calibration__1617__clean__shuffled__r0,calibration,clean,shuffled,1,1024,-1,-1,2
calibration__1617__clean__shuffled__r1,calibration,clean,shuffled,1,1024,-1,-1,2
calibration__1617__clean__shuffled__r2,calibration,clean,shuffled,1,1024,-1,-1,2
calibration__1617__clean__shuffled__r3,calibration,clean,shuffled,3,1022,-1,-1,2
calibration__1617__clean__shuffled__r4,calibration,clean,shuffled,3,1022,-1,-1,3
calibration__1617__clean__shuffled__r5,calibration,clean,shuffled,1,1024,-1,-1,2
calibration__1617__clean__shuffled__r6,calibration,clean,shuffled,1,1024,-1,-1,3
calibration__1617__clean__shuffled__r7,calibration,clean,shuffled,1,1024,-1,-1,2
calibration__1617__clean__shuffled__r8,calibration,clean,shuffled,1,1024,-1,-1,1
calibration__1617__clean__shuffled__r9,calibration,clean,shuffled,1,1024,-1,-1,2
calibration__1617__clean__noise__r0,calibration,clean,noise,1,1024,-1,-1,1
calibration__1617__clean__sweep__r0,calibration,clean,sweep,308,542,90,87,685
calibration__5968__clean__shuffled__r0,calibration,clean,shuffled,1,1024,-1,-1,2
calibration__5968__clean__shuffled__r1,calibration,clean,shuffled,1,1024,-1,-1,2
calibration__5968__clean__shuffled__r2,calibration,clean,shuffled,1,1024,-1,-1,2
calibration__5968__clean__shuffled__r3,calibration,clean,shuffled,2,1023,-1,-1,2
calibration__5968__clean__shuffled__r4,calibration,clean,shuffled,1,1024,-1,-1,2
calibration__5968__clean__shuffled__r5,calibration,clean,shuffled,1,1024,-1,-1,2
calibration__5968__clean__shuffled__r6,calibration,clean,shuffled,1,1024,-1,-1,1
calibration__5968__clean__shuffled__r7,calibration,clean,shuffled,1,1024,-1,-1,2
calibration__5968__clean__shuffled__r8,calibration,clean,shuffled,1,1024,-1,-1,2
calibration__5968__clean__shuffled__r9,calibration,clean,shuffled,1,1024,-1,-1,3
calibration__5968__clean__noise__r0,calibration,clean,noise,1,1024,-1,-1,1
calibration__5968__clean__sweep__r0,calibration,clean,sweep,325,323,52,82,292
calibration__2712__clean__shuffled__r0,calibration,clean,shuffled,1,1024,-1,-1,2
calibration__2712__clean__shuffled__r1,calibration,clean,shuffled,1,1024,-1,-1,2
calibration__2712__clean__shuffled__r2,calibration,clean,shuffled,1,1024,-1,-1,2
calibration__2712__clean__shuffled__r3,calibration,clean,shuffled,1,1024,-1,-1,2
calibration__2712__clean__shuffled__r4,calibration,clean,shuffled,2,1023,-1,-1,2
calibration__2712__clean__shuffled__r5,calibration,clean,shuffled,1,1024,-1,-1,2
calibration__2712__clean__shuffled__r6,calibration,clean,shuffled,1,1024,-1,-1,2
calibration__2712__clean__shuffled__r7,calibration,clean,shuffled,1,1024,-1,-1,2
calibration__2712__clean__shuffled__r8,calibration,clean,shuffled,2,1023,-1,-1,2
calibration__2712__clean__shuffled__r9,calibration,clean,shuffled,1,1024,-1,-1,1
calibration__2712__clean__noise__r0,calibration,clean,noise,1,1024,-1,-1,1
calibration__2712__clean__sweep__r0,calibration,clean,sweep,3,1015,-1,-1,223
calibration__9811__clean__shuffled__r0,calibration,clean,shuffled,1,1024,-1,-1,2
calibration__9811__clean__shuffled__r1,calibration,clean,shuffled,1,1024,-1,-1,2
calibration__9811__clean__shuffled__r2,calibration,clean,shuffled,1,1024,-1,-1,2
calibration__9811__clean__shuffled__r3,calibration,clean,shuffled,1,1024,-1,-1,2
calibration__9811__clean__shuffled__r4,calibration,clean,shuffled,1,1024,-1,-1,2
calibration__9811__clean__shuffled__r5,calibration,clean,shuffled,1,1024,-1,-1,2
calibration__9811__clean__shuffled__r6,calibration,clean,shuffled,2,1023,-1,-1,2
calibration__9811__clean__shuffled__r7,calibration,clean,shuffled,1,1024,-1,-1,2
calibration__9811__clean__shuffled__r8,calibration,clean,shuffled,1,1024,-1,-1,2
calibration__9811__clean__shuffled__r9,calibration,clean,shuffled,1,1024,-1,-1,2
calibration__9811__clean__noise__r0,calibration,clean,noise,1,1024,-1,-1,1
calibration__9811__clean__sweep__r0,calibration,clean,sweep,13,979,-1,-1,160
calibration__5385__clean__shuffled__r0,calibration,clean,shuffled,1,1024,-1,-1,2
calibration__5385__clean__shuffled__r1,calibration,clean,shuffled,3,1022,-1,-1,2
calibration__5385__clean__shuffled__r2,calibration,clean,shuffled,1,1024,-1,-1,2
calibration__5385__clean__shuffled__r3,calibration,clean,shuffled,1,1024,-1,-1,2
calibration__5385__clean__shuffled__r4,calibration,clean,shuffled,1,1024,-1,-1,2
calibration__5385__clean__shuffled__r5,calibration,clean,shuffled,2,1023,-1,-1,3
calibration__5385__clean__shuffled__r6,calibration,clean,shuffled,1,1024,-1,-1,1
calibration__5385__clean__shuffled__r7,calibration,clean,shuffled,2,1023,-1,-1,2
calibration__5385__clean__shuffled__r8,calibration,clean,shuffled,1,1024,-1,-1,1
calibration__5385__clean__shuffled__r9,calibration,clean,shuffled,1,1024,-1,-1,2
calibration__5385__clean__noise__r0,calibration,clean,noise,1,1024,-1,-1,14
calibration__5385__clean__sweep__r0,calibration,clean,sweep,195,585,127,188,28
calibration__896__clean__shuffled__r0,calibration,clean,shuffled,1,1024,-1,-1,2
calibration__896__clean__shuffled__r1,calibration,clean,shuffled,1,1024,-1,-1,2
calibration__896__clean__shuffled__r2,calibration,clean,shuffled,1,1024,-1,-1,2
calibration__896__clean__shuffled__r3,calibration,clean,shuffled,1,1024,-1,-1,2
calibration__896__clean__shuffled__r4,calibration,clean,shuffled,1,1024,-1,-1,2
calibration__896__clean__shuffled__r5,calibration,clean,shuffled,1,1024,-1,-1,2
calibration__896__clean__shuffled__r6,calibration,clean,shuffled,1,1024,-1,-1,2
calibration__896__clean__shuffled__r7,calibration,clean,shuffled,1,1024,-1,-1,3
calibration__896__clean__shuffled__r8,calibration,clean,shuffled,1,1024,-1,-1,2
calibration__896__clean__shuffled__r9,calibration,clean,shuffled,1,1024,-1,-1,2
calibration__896__clean__noise__r0,calibration,clean,noise,1,1024,-1,-1,20
calibration__896__clean__sweep__r0,calibration,clean,sweep,2,1023,-1,-1,-1
calibration__7825__clean__shuffled__r0,calibration,clean,shuffled,1,1024,-1,-1,1
calibration__7825__clean__shuffled__r1,calibration,clean,shuffled,1,1024,-1,-1,2
calibration__7825__clean__shuffled__r2,calibration,clean,shuffled,1,1024,-1,-1,2
calibration__7825__clean__shuffled__r3,calibration,clean,shuffled,1,1024,-1,-1,2
calibration__7825__clean__shuffled__r4,calibration,clean,shuffled,1,1024,-1,-1,2
calibration__7825__clean__shuffled__r5,calibration,clean,shuffled,1,1024,-1,-1,2
calibration__7825__clean__shuffled__r6,calibration,clean,shuffled,1,1024,-1,-1,2
calibration__7825__clean__shuffled__r7,calibration,clean,shuffled,1,1024,-1,-1,2
calibration__7825__clean__shuffled__r8,calibration,clean,shuffled,1,1024,-1,-1,2
calibration__7825__clean__shuffled__r9,calibration,clean,shuffled,1,1024,-1,-1,2
calibration__7825__clean__noise__r0,calibration,clean,noise,1,1024,-1,-1,3
calibration__7825__clean__sweep__r0,calibration,clean,sweep,33,971,666,730,995
calibration__1609__clean__shuffled__r0,calibration,clean,shuffled,1,1024,-1,-1,2
calibration__1609__clean__shuffled__r1,calibration,clean,shuffled,1,1024,-1,-1,2
calibration__1609__clean__shuffled__r2,calibration,clean,shuffled,2,1023,-1,-1,2
calibration__1609__clean__shuffled__r3,calibration,clean,shuffled,2,1023,-1,-1,2
calibration__1609__clean__shuffled__r4,calibration,clean,shuffled,1,1024,-1,-1,2
calibration__1609__clean__shuffled__r5,calibration,clean,shuffled,1,1024,-1,-1,2
calibration__1609__clean__shuffled__r6,calibration,clean,shuffled,1,1024,-1,-1,2
calibration__1609__clean__shuffled__r7,calibration,clean,shuffled,1,1024,-1,-1,2
calibration__1609__clean__shuffled__r8,calibration,clean,shuffled,1,1024,-1,-1,2
calibration__1609__clean__shuffled__r9,calibration,clean,shuffled,2,1023,-1,-1,2
calibration__1609__clean__noise__r0,calibration,clean,noise,1,1024,-1,-1,1
calibration__1609__clean__sweep__r0,calibration,clean,sweep,195,823,123,248,737
calibration__9837__clean__shuffled__r0,calibration,clean,shuffled,1,1024,-1,-1,2
calibration__9837__clean__shuffled__r1,calibration,clean,shuffled,1,1024,-1,-1,2
calibration__9837__clean__shuffled__r2,calibration,clean,shuffled,1,1024,-1,-1,3
calibration__9837__clean__shuffled__r3,calibration,clean,shuffled,2,1023,-1,-1,1
calibration__9837__clean__shuffled__r4,calibration,clean,shuffled,1,1024,-1,-1,2
calibration__9837__clean__shuffled__r5,calibration,clean,shuffled,1,1024,-1,-1,2
calibration__9837__clean__shuffled__r6,calibration,clean,shuffled,1,1024,-1,-1,3
calibration__9837__clean__shuffled__r7,calibration,clean,shuffled,1,1024,-1,-1,2
calibration__9837__clean__shuffled__r8,calibration,clean,shuffled,1,1024,-1,-1,2
calibration__9837__clean__shuffled__r9,calibration,clean,shuffled,1,1024,-1,-1,3
calibration__9837__clean__noise__r0,calibration,clean,noise,1,1024,-1,-1,1
calibration__9837__clean__sweep__r0,calibration,clean,sweep,129,714,315,345,924
calibration__7279__clean__shuffled__r0,calibration,clean,shuffled,1,1024,-1,-1,2
calibration__7279__clean__shuffled__r1,calibration,clean,shuffled,1,1024,-1,-1,2
calibration__7279__clean__shuffled__r2,calibration,clean,shuffled,1,1024,-1,-1,2
calibration__7279__clean__shuffled__r3,calibration,clean,shuffled,1,1024,-1,-1,2
calibration__7279__clean__shuffled__r4,calibration,clean,shuffled,1,1024,-1,-1,2
calibration__7279__clean__shuffled__r5,calibration,clean,shuffled,1,1024,-1,-1,2
calibration__7279__clean__shuffled__r6,calibration,clean,shuffled,1,1024,-1,-1,3
calibration__7279__clean__shuffled__r7,calibration,clean,shuffled,1,1024,-1,-1,2
calibration__7279__clean__shuffled__r8,calibration,clean,shuffled,1,1024,-1,-1,2
calibration__7279__clean__shuffled__r9,calibration,clean,shuffled,1,1024,-1,-1,2
calibration__7279__clean__noise__r0,calibration,clean,noise,1,1024,-1,-1,1
calibration__7279__clean__sweep__r0,calibration,clean,sweep,2,1023,-1,-1,-1
calibration__901__clean__shuffled__r0,calibration,clean,shuffled,1,1024,-1,-1,2
calibration__901__clean__shuffled__r1,calibration,clean,shuffled,1,1024,-1,-1,1
calibration__901__clean__shuffled__r2,calibration,clean,shuffled,2,1023,-1,-1,2
calibration__901__clean__shuffled__r3,calibration,clean,shuffled,1,1024,-1,-1,2
calibration__901__clean__shuffled__r4,calibration,clean,shuffled,1,1024,-1,-1,2
calibration__901__clean__shuffled__r5,calibration,clean,shuffled,1,1024,-1,-1,2
calibration__901__clean__shuffled__r6,calibration,clean,shuffled,1,1024,-1,-1,2
calibration__901__clean__shuffled__r7,calibration,clean,shuffled,1,1024,-1,-1,4
calibration__901__clean__shuffled__r8,calibration,clean,shuffled,1,1024,-1,-1,3
calibration__901__clean__shuffled__r9,calibration,clean,shuffled,1,1024,-1,-1,2
calibration__901__clean__noise__r0,calibration,clean,noise,1,1024,-1,-1,709
calibration__901__clean__sweep__r0,calibration,clean,sweep,172,618,111,175,225
calibration__7690__clean__shuffled__r0,calibration,clean,shuffled,1,1024,-1,-1,2
calibration__7690__clean__shuffled__r1,calibration,clean,shuffled,2,1023,-1,-1,2
calibration__7690__clean__shuffled__r2,calibration,clean,shuffled,2,1023,-1,-1,2
calibration__7690__clean__shuffled__r3,calibration,clean,shuffled,1,1024,-1,-1,2
calibration__7690__clean__shuffled__r4,calibration,clean,shuffled,1,1024,-1,-1,2
calibration__7690__clean__shuffled__r5,calibration,clean,shuffled,1,1024,-1,-1,2
calibration__7690__clean__shuffled__r6,calibration,clean,shuffled,1,1024,-1,-1,1
calibration__7690__clean__shuffled__r7,calibration,clean,shuffled,1,1024,-1,-1,2
calibration__7690__clean__shuffled__r8,calibration,clean,shuffled,1,1024,-1,-1,2
calibration__7690__clean__shuffled__r9,calibration,clean,shuffled,2,1023,-1,-1,2
calibration__7690__clean__noise__r0,calibration,clean,noise,1,1024,-1,-1,-1
calibration__7690__clean__sweep__r0,calibration,clean,sweep,2,1023,-1,-1,529
calibration__803__clean__shuffled__r0,calibration,clean,shuffled,1,1024,-1,-1,2
calibration__803__clean__shuffled__r1,calibration,clean,shuffled,1,1024,-1,-1,1
calibration__803__clean__shuffled__r2,calibration,clean,shuffled,1,1024,-1,-1,3
calibration__803__clean__shuffled__r3,calibration,clean,shuffled,1,1024,-1,-1,2
calibration__803__clean__shuffled__r4,calibration,clean,shuffled,1,1024,-1,-1,2
calibration__803__clean__shuffled__r5,calibration,clean,shuffled,1,1024,-1,-1,2
calibration__803__clean__shuffled__r6,calibration,clean,shuffled,1,1024,-1,-1,2
calibration__803__clean__shuffled__r7,calibration,clean,shuffled,1,1024,-1,-1,2
calibration__803__clean__shuffled__r8,calibration,clean,shuffled,1,1024,-1,-1,2
calibration__803__clean__shuffled__r9,calibration,clean,shuffled,1,1024,-1,-1,2
calibration__803__clean__noise__r0,calibration,clean,noise,1,1024,-1,-1,1
calibration__803__clean__sweep__r0,calibration,clean,sweep,3,1012,-1,-1,603
calibration__8627__clean__shuffled__r0,calibration,clean,shuffled,1,1024,-1,-1,2
calibration__8627__clean__shuffled__r1,calibration,clean,shuffled,1,1024,-1,-1,2
calibration__8627__clean__shuffled__r2,calibration,clean,shuffled,2,1023,-1,-1,2
calibration__8627__clean__shuffled__r3,calibration,clean,shuffled,1,1024,-1,-1,2
calibration__8627__clean__shuffled__r4,calibration,clean,shuffled,1,1024,-1,-1,2
calibration__8627__clean__shuffled__r5,calibration,clean,shuffled,1,1024,-1,-1,2
calibration__8627__clean__shuffled__r6,calibration,clean,shuffled,1,1024,-1,-1,2
calibration__8627__clean__shuffled__r7,calibration,clean,shuffled,1,1024,-1,-1,2
calibration__8627__clean__shuffled__r8,calibration,clean,shuffled,1,1024,-1,-1,2
calibration__8627__clean__shuffled__r9,calibration,clean,shuffled,1,1024,-1,-1,2
calibration__8627__clean__noise__r0,calibration,clean,noise,1,1024,-1,-1,1
calibration__8627__clean__sweep__r0,calibration,clean,sweep,121,871,286,349,-1
calibration__4720__clean__shuffled__r0,calibration,clean,shuffled,1,1024,-1,-1,2
calibration__4720__clean__shuffled__r1,calibration,clean,shuffled,2,1023,-1,-1,2
calibration__4720__clean__shuffled__r2,calibration,clean,shuffled,1,1024,-1,-1,2
calibration__4720__clean__shuffled__r3,calibration,clean,shuffled,1,1024,-1,-1,2
calibration__4720__clean__shuffled__r4,calibration,clean,shuffled,1,1024,-1,-1,2
calibration__4720__clean__shuffled__r5,calibration,clean,shuffled,1,1024,-1,-1,2
calibration__4720__clean__shuffled__r6,calibration,clean,shuffled,1,1024,-1,-1,2
calibration__4720__clean__shuffled__r7,calibration,clean,shuffled,1,1024,-1,-1,2
calibration__4720__clean__shuffled__r8,calibration,clean,shuffled,1,1024,-1,-1,2
calibration__4720__clean__shuffled__r9,calibration,clean,shuffled,1,1024,-1,-1,2
calibration__4720__clean__noise__r0,calibration,clean,noise,1,1024,-1,-1,1
calibration__4720__clean__sweep__r0,calibration,clean,sweep,131,664,181,308,724
calibration__2140__clean__shuffled__r0,calibration,clean,shuffled,1,1024,-1,-1,2
calibration__2140__clean__shuffled__r1,calibration,clean,shuffled,1,1024,-1,-1,2
calibration__2140__clean__shuffled__r2,calibration,clean,shuffled,1,1024,-1,-1,2
calibration__2140__clean__shuffled__r3,calibration,clean,shuffled,1,1024,-1,-1,2
calibration__2140__clean__shuffled__r4,calibration,clean,shuffled,1,1024,-1,-1,2
calibration__2140__clean__shuffled__r5,calibration,clean,shuffled,1,1024,-1,-1,2
calibration__2140__clean__shuffled__r6,calibration,clean,shuffled,1,1024,-1,-1,2
calibration__2140__clean__shuffled__r7,calibration,clean,shuffled,1,1024,-1,-1,2
calibration__2140__clean__shuffled__r8,calibration,clean,shuffled,1,1024,-1,-1,2
calibration__2140__clean__shuffled__r9,calibration,clean,shuffled,1,1024,-1,-1,2
calibration__2140__clean__noise__r0,calibration,clean,noise,1,1024,-1,-1,2
calibration__2140__clean__sweep__r0,calibration,clean,sweep,2,1005,-1,-1,-1
calibration__7270__clean__shuffled__r0,calibration,clean,shuffled,1,1024,-1,-1,2
calibration__7270__clean__shuffled__r1,calibration,clean,shuffled,1,1024,-1,-1,2
calibration__7270__clean__shuffled__r2,calibration,clean,shuffled,1,1024,-1,-1,2
calibration__7270__clean__shuffled__r3,calibration,clean,shuffled,1,1024,-1,-1,2
calibration__7270__clean__shuffled__r4,calibration,clean,shuffled,1,1024,-1,-1,2
calibration__7270__clean__shuffled__r5,calibration,clean,shuffled,1,1024,-1,-1,1
calibration__7270__clean__shuffled__r6,calibration,clean,shuffled,1,1024,-1,-1,2
calibration__7270__clean__shuffled__r7,calibration,clean,shuffled,1,1024,-1,-1,1
calibration__7270__clean__shuffled__r8,calibration,clean,shuffled,1,1024,-1,-1,1
calibration__7270__clean__shuffled__r9,calibration,clean,shuffled,1,1024,-1,-1,2
calibration__7270__clean__noise__r0,calibration,clean,noise,1,1024,-1,-1,1
calibration__7270__clean__sweep__r0,calibration,clean,sweep,93,850,382,413,353
evaluation__3499__clean__shuffled__r0,evaluation,clean,shuffled,1,1024,-1,-1,2
evaluation__3499__clean__shuffled__r1,evaluation,clean,shuffled,1,1024,-1,-1,1
evaluation__3499__clean__shuffled__r2,evaluation,clean,shuffled,1,1024,-1,-1,2
evaluation__3499__clean__shuffled__r3,evaluation,clean,shuffled,1,1024,-1,-1,3
evaluation__3499__clean__shuffled__r4,evaluation,clean,shuffled,1,1024,-1,-1,4
evaluation__3499__clean__shuffled__r5,evaluation,clean,shuffled,1,1024,-1,-1,1
evaluation__3499__clean__shuffled__r6,evaluation,clean,shuffled,1,1024,-1,-1,2
evaluation__3499__clean__shuffled__r7,evaluation,clean,shuffled,2,1023,-1,-1,3
evaluation__3499__clean__shuffled__r8,evaluation,clean,shuffled,1,1024,-1,-1,2
evaluation__3499__clean__shuffled__r9,evaluation,clean,shuffled,1,1024,-1,-1,2
evaluation__3499__clean__noise__r0,evaluation,clean,noise,1,1024,-1,-1,1
evaluation__3499__clean__sweep__r0,evaluation,clean,sweep,288,633,115,149,-1
evaluation__6241__clean__shuffled__r0,evaluation,clean,shuffled,1,1024,-1,-1,2
evaluation__6241__clean__shuffled__r1,evaluation,clean,shuffled,1,1024,-1,-1,2
evaluation__6241__clean__shuffled__r2,evaluation,clean,shuffled,1,1024,-1,-1,2
evaluation__6241__clean__shuffled__r3,evaluation,clean,shuffled,1,1024,-1,-1,2
evaluation__6241__clean__shuffled__r4,evaluation,clean,shuffled,1,1024,-1,-1,2
evaluation__6241__clean__shuffled__r5,evaluation,clean,shuffled,1,1024,-1,-1,2
evaluation__6241__clean__shuffled__r6,evaluation,clean,shuffled,1,1024,-1,-1,2
evaluation__6241__clean__shuffled__r7,evaluation,clean,shuffled,1,1024,-1,-1,2
evaluation__6241__clean__shuffled__r8,evaluation,clean,shuffled,1,1024,-1,-1,2
evaluation__6241__clean__shuffled__r9,evaluation,clean,shuffled,1,1024,-1,-1,2
evaluation__6241__clean__noise__r0,evaluation,clean,noise,1,1024,-1,-1,1
evaluation__6241__clean__sweep__r0,evaluation,clean,sweep,177,628,186,217,779
evaluation__8894__clean__shuffled__r0,evaluation,clean,shuffled,1,1024,-1,-1,2
evaluation__8894__clean__shuffled__r1,evaluation,clean,shuffled,1,1024,-1,-1,2
evaluation__8894__clean__shuffled__r2,evaluation,clean,shuffled,2,1023,-1,-1,3
evaluation__8894__clean__shuffled__r3,evaluation,clean,shuffled,1,1024,-1,-1,2
evaluation__8894__clean__shuffled__r4,evaluation,clean,shuffled,1,1024,-1,-1,2
evaluation__8894__clean__shuffled__r5,evaluation,clean,shuffled,1,1024,-1,-1,2
evaluation__8894__clean__shuffled__r6,evaluation,clean,shuffled,1,1024,-1,-1,2
evaluation__8894__clean__shuffled__r7,evaluation,clean,shuffled,1,1024,-1,-1,2
evaluation__8894__clean__shuffled__r8,evaluation,clean,shuffled,1,1024,-1,-1,3
evaluation__8894__clean__shuffled__r9,evaluation,clean,shuffled,1,1024,-1,-1,2
evaluation__8894__clean__noise__r0,evaluation,clean,noise,1,1024,-1,-1,1
evaluation__8894__clean__sweep__r0,evaluation,clean,sweep,196,732,210,238,682
evaluation__81__clean__shuffled__r0,evaluation,clean,shuffled,1,1024,-1,-1,1
evaluation__81__clean__shuffled__r1,evaluation,clean,shuffled,1,1024,-1,-1,2
evaluation__81__clean__shuffled__r2,evaluation,clean,shuffled,1,1024,-1,-1,2
evaluation__81__clean__shuffled__r3,evaluation,clean,shuffled,1,1024,-1,-1,2
evaluation__81__clean__shuffled__r4,evaluation,clean,shuffled,2,1023,-1,-1,2
evaluation__81__clean__shuffled__r5,evaluation,clean,shuffled,1,1024,-1,-1,2
evaluation__81__clean__shuffled__r6,evaluation,clean,shuffled,1,1024,-1,-1,2
evaluation__81__clean__shuffled__r7,evaluation,clean,shuffled,1,1024,-1,-1,2
evaluation__81__clean__shuffled__r8,evaluation,clean,shuffled,1,1024,-1,-1,2
evaluation__81__clean__shuffled__r9,evaluation,clean,shuffled,2,1023,-1,-1,3
evaluation__81__clean__noise__r0,evaluation,clean,noise,1,1024,-1,-1,3
evaluation__81__clean__sweep__r0,evaluation,clean,sweep,81,915,255,320,156
evaluation__2601__clean__shuffled__r0,evaluation,clean,shuffled,1,1024,-1,-1,2
evaluation__2601__clean__shuffled__r1,evaluation,clean,shuffled,1,1024,-1,-1,2
evaluation__2601__clean__shuffled__r2,evaluation,clean,shuffled,1,1024,-1,-1,2
evaluation__2601__clean__shuffled__r3,evaluation,clean,shuffled,1,1024,-1,-1,2
evaluation__2601__clean__shuffled__r4,evaluation,clean,shuffled,2,1023,-1,-1,2
evaluation__2601__clean__shuffled__r5,evaluation,clean,shuffled,1,1024,-1,-1,2
evaluation__2601__clean__shuffled__r6,evaluation,clean,shuffled,1,1024,-1,-1,2
evaluation__2601__clean__shuffled__r7,evaluation,clean,shuffled,1,1024,-1,-1,2
evaluation__2601__clean__shuffled__r8,evaluation,clean,shuffled,1,1024,-1,-1,2
evaluation__2601__clean__shuffled__r9,evaluation,clean,shuffled,1,1024,-1,-1,2
evaluation__2601__clean__noise__r0,evaluation,clean,noise,1,1024,-1,-1,386
evaluation__2601__clean__sweep__r0,evaluation,clean,sweep,141,853,220,221,-1
evaluation__7215__clean__shuffled__r0,evaluation,clean,shuffled,1,1024,-1,-1,3
evaluation__7215__clean__shuffled__r1,evaluation,clean,shuffled,1,1024,-1,-1,1
evaluation__7215__clean__shuffled__r2,evaluation,clean,shuffled,1,1024,-1,-1,2
evaluation__7215__clean__shuffled__r3,evaluation,clean,shuffled,1,1024,-1,-1,2
evaluation__7215__clean__shuffled__r4,evaluation,clean,shuffled,1,1024,-1,-1,2
evaluation__7215__clean__shuffled__r5,evaluation,clean,shuffled,2,1023,-1,-1,1
evaluation__7215__clean__shuffled__r6,evaluation,clean,shuffled,1,1024,-1,-1,2
evaluation__7215__clean__shuffled__r7,evaluation,clean,shuffled,1,1024,-1,-1,2
evaluation__7215__clean__shuffled__r8,evaluation,clean,shuffled,1,1024,-1,-1,3
evaluation__7215__clean__shuffled__r9,evaluation,clean,shuffled,1,1024,-1,-1,2
evaluation__7215__clean__noise__r0,evaluation,clean,noise,1,1024,-1,-1,2
evaluation__7215__clean__sweep__r0,evaluation,clean,sweep,137,859,187,250,-1
evaluation__9455__clean__shuffled__r0,evaluation,clean,shuffled,1,1024,-1,-1,2
evaluation__9455__clean__shuffled__r1,evaluation,clean,shuffled,1,1024,-1,-1,2
evaluation__9455__clean__shuffled__r2,evaluation,clean,shuffled,2,1023,-1,-1,3
evaluation__9455__clean__shuffled__r3,evaluation,clean,shuffled,2,1023,-1,-1,1
evaluation__9455__clean__shuffled__r4,evaluation,clean,shuffled,1,1024,-1,-1,2
evaluation__9455__clean__shuffled__r5,evaluation,clean,shuffled,2,1023,-1,-1,2
evaluation__9455__clean__shuffled__r6,evaluation,clean,shuffled,1,1024,-1,-1,2
evaluation__9455__clean__shuffled__r7,evaluation,clean,shuffled,1,1024,-1,-1,2
evaluation__9455__clean__shuffled__r8,evaluation,clean,shuffled,1,1024,-1,-1,2
evaluation__9455__clean__shuffled__r9,evaluation,clean,shuffled,1,1024,-1,-1,4
evaluation__9455__clean__noise__r0,evaluation,clean,noise,1,1024,-1,-1,1
evaluation__9455__clean__sweep__r0,evaluation,clean,sweep,4,1005,-1,-1,607
evaluation__2774__clean__shuffled__r0,evaluation,clean,shuffled,1,1024,-1,-1,2
evaluation__2774__clean__shuffled__r1,evaluation,clean,shuffled,1,1024,-1,-1,2
evaluation__2774__clean__shuffled__r2,evaluation,clean,shuffled,1,1024,-1,-1,2
evaluation__2774__clean__shuffled__r3,evaluation,clean,shuffled,2,1023,-1,-1,2
evaluation__2774__clean__shuffled__r4,evaluation,clean,shuffled,1,1024,-1,-1,1
evaluation__2774__clean__shuffled__r5,evaluation,clean,shuffled,1,1024,-1,-1,2
evaluation__2774__clean__shuffled__r6,evaluation,clean,shuffled,1,1024,-1,-1,2
evaluation__2774__clean__shuffled__r7,evaluation,clean,shuffled,1,1024,-1,-1,3
evaluation__2774__clean__shuffled__r8,evaluation,clean,shuffled,1,1024,-1,-1,2
evaluation__2774__clean__shuffled__r9,evaluation,clean,shuffled,1,1024,-1,-1,2
evaluation__2774__clean__noise__r0,evaluation,clean,noise,1,1024,-1,-1,13
evaluation__2774__clean__sweep__r0,evaluation,clean,sweep,1,1024,-1,-1,35
evaluation__6515__clean__shuffled__r0,evaluation,clean,shuffled,1,1024,-1,-1,2
evaluation__6515__clean__shuffled__r1,evaluation,clean,shuffled,1,1024,-1,-1,2
evaluation__6515__clean__shuffled__r2,evaluation,clean,shuffled,1,1024,-1,-1,2
evaluation__6515__clean__shuffled__r3,evaluation,clean,shuffled,1,1024,-1,-1,3
evaluation__6515__clean__shuffled__r4,evaluation,clean,shuffled,1,1024,-1,-1,2
evaluation__6515__clean__shuffled__r5,evaluation,clean,shuffled,1,1024,-1,-1,2
evaluation__6515__clean__shuffled__r6,evaluation,clean,shuffled,1,1024,-1,-1,2
evaluation__6515__clean__shuffled__r7,evaluation,clean,shuffled,1,1024,-1,-1,2
evaluation__6515__clean__shuffled__r8,evaluation,clean,shuffled,2,1023,-1,-1,2
evaluation__6515__clean__shuffled__r9,evaluation,clean,shuffled,1,1024,-1,-1,2
evaluation__6515__clean__noise__r0,evaluation,clean,noise,1,1024,-1,-1,1
evaluation__6515__clean__sweep__r0,evaluation,clean,sweep,142,658,188,222,903
evaluation__8363__clean__shuffled__r0,evaluation,clean,shuffled,1,1024,-1,-1,2
evaluation__8363__clean__shuffled__r1,evaluation,clean,shuffled,1,1024,-1,-1,2
evaluation__8363__clean__shuffled__r2,evaluation,clean,shuffled,1,1024,-1,-1,2
evaluation__8363__clean__shuffled__r3,evaluation,clean,shuffled,1,1024,-1,-1,2
evaluation__8363__clean__shuffled__r4,evaluation,clean,shuffled,1,1024,-1,-1,2
evaluation__8363__clean__shuffled__r5,evaluation,clean,shuffled,2,1023,-1,-1,3
evaluation__8363__clean__shuffled__r6,evaluation,clean,shuffled,2,1023,-1,-1,3
evaluation__8363__clean__shuffled__r7,evaluation,clean,shuffled,1,1024,-1,-1,2
evaluation__8363__clean__shuffled__r8,evaluation,clean,shuffled,1,1024,-1,-1,2
evaluation__8363__clean__shuffled__r9,evaluation,clean,shuffled,1,1024,-1,-1,2
evaluation__8363__clean__noise__r0,evaluation,clean,noise,1,1024,-1,-1,-1
evaluation__8363__clean__sweep__r0,evaluation,clean,sweep,2,1022,-1,-1,1
evaluation__2991__clean__shuffled__r0,evaluation,clean,shuffled,1,1024,-1,-1,2
evaluation__2991__clean__shuffled__r1,evaluation,clean,shuffled,1,1024,-1,-1,2
evaluation__2991__clean__shuffled__r2,evaluation,clean,shuffled,1,1024,-1,-1,2
evaluation__2991__clean__shuffled__r3,evaluation,clean,shuffled,2,1023,-1,-1,2
evaluation__2991__clean__shuffled__r4,evaluation,clean,shuffled,1,1024,-1,-1,2
evaluation__2991__clean__shuffled__r5,evaluation,clean,shuffled,1,1024,-1,-1,2
evaluation__2991__clean__shuffled__r6,evaluation,clean,shuffled,1,1024,-1,-1,2
evaluation__2991__clean__shuffled__r7,evaluation,clean,shuffled,1,1024,-1,-1,2
evaluation__2991__clean__shuffled__r8,evaluation,clean,shuffled,1,1024,-1,-1,2
evaluation__2991__clean__shuffled__r9,evaluation,clean,shuffled,1,1024,-1,-1,2
evaluation__2991__clean__noise__r0,evaluation,clean,noise,1,1024,-1,-1,2
evaluation__2991__clean__sweep__r0,evaluation,clean,sweep,246,751,126,159,691
evaluation__5655__clean__shuffled__r0,evaluation,clean,shuffled,1,1024,-1,-1,1
evaluation__5655__clean__shuffled__r1,evaluation,clean,shuffled,1,1024,-1,-1,2
evaluation__5655__clean__shuffled__r2,evaluation,clean,shuffled,1,1024,-1,-1,2
evaluation__5655__clean__shuffled__r3,evaluation,clean,shuffled,1,1024,-1,-1,2
evaluation__5655__clean__shuffled__r4,evaluation,clean,shuffled,1,1024,-1,-1,2
evaluation__5655__clean__shuffled__r5,evaluation,clean,shuffled,1,1024,-1,-1,2
evaluation__5655__clean__shuffled__r6,evaluation,clean,shuffled,1,1024,-1,-1,2
evaluation__5655__clean__shuffled__r7,evaluation,clean,shuffled,1,1024,-1,-1,2
evaluation__5655__clean__shuffled__r8,evaluation,clean,shuffled,1,1024,-1,-1,2
evaluation__5655__clean__shuffled__r9,evaluation,clean,shuffled,1,1024,-1,-1,2
evaluation__5655__clean__noise__r0,evaluation,clean,noise,1,1024,-1,-1,1
evaluation__5655__clean__sweep__r0,evaluation,clean,sweep,68,873,574,668,958
evaluation__7378__clean__shuffled__r0,evaluation,clean,shuffled,1,1024,-1,-1,1
evaluation__7378__clean__shuffled__r1,evaluation,clean,shuffled,1,1024,-1,-1,3
evaluation__7378__clean__shuffled__r2,evaluation,clean,shuffled,1,1024,-1,-1,1
evaluation__7378__clean__shuffled__r3,evaluation,clean,shuffled,1,1024,-1,-1,2
evaluation__7378__clean__shuffled__r4,evaluation,clean,shuffled,1,1024,-1,-1,3
evaluation__7378__clean__shuffled__r5,evaluation,clean,shuffled,1,1024,-1,-1,2
evaluation__7378__clean__shuffled__r6,evaluation,clean,shuffled,1,1024,-1,-1,1
evaluation__7378__clean__shuffled__r7,evaluation,clean,shuffled,2,1023,-1,-1,3
evaluation__7378__clean__shuffled__r8,evaluation,clean,shuffled,1,1024,-1,-1,1
evaluation__7378__clean__shuffled__r9,evaluation,clean,shuffled,1,1024,-1,-1,3
evaluation__7378__clean__noise__r0,evaluation,clean,noise,1,1024,-1,-1,2
evaluation__7378__clean__sweep__r0,evaluation,clean,sweep,157,757,186,185,161
evaluation__1303__clean__shuffled__r0,evaluation,clean,shuffled,1,1024,-1,-1,2
evaluation__1303__clean__shuffled__r1,evaluation,clean,shuffled,1,1024,-1,-1,2
evaluation__1303__clean__shuffled__r2,evaluation,clean,shuffled,3,1022,-1,-1,2
evaluation__1303__clean__shuffled__r3,evaluation,clean,shuffled,1,1024,-1,-1,2
evaluation__1303__clean__shuffled__r4,evaluation,clean,shuffled,1,1024,-1,-1,2
evaluation__1303__clean__shuffled__r5,evaluation,clean,shuffled,1,1024,-1,-1,2
evaluation__1303__clean__shuffled__r6,evaluation,clean,shuffled,1,1024,-1,-1,1
evaluation__1303__clean__shuffled__r7,evaluation,clean,shuffled,1,1024,-1,-1,2
evaluation__1303__clean__shuffled__r8,evaluation,clean,shuffled,1,1024,-1,-1,2
evaluation__1303__clean__shuffled__r9,evaluation,clean,shuffled,1,1024,-1,-1,2
evaluation__1303__clean__noise__r0,evaluation,clean,noise,1,1024,-1,-1,3
evaluation__1303__clean__sweep__r0,evaluation,clean,sweep,92,806,350,320,-1
evaluation__3822__clean__shuffled__r0,evaluation,clean,shuffled,1,1024,-1,-1,3
evaluation__3822__clean__shuffled__r1,evaluation,clean,shuffled,1,1024,-1,-1,2
evaluation__3822__clean__shuffled__r2,evaluation,clean,shuffled,1,1024,-1,-1,2
evaluation__3822__clean__shuffled__r3,evaluation,clean,shuffled,1,1024,-1,-1,1
evaluation__3822__clean__shuffled__r4,evaluation,clean,shuffled,1,1024,-1,-1,2
evaluation__3822__clean__shuffled__r5,evaluation,clean,shuffled,1,1024,-1,-1,2
evaluation__3822__clean__shuffled__r6,evaluation,clean,shuffled,1,1024,-1,-1,2
evaluation__3822__clean__shuffled__r7,evaluation,clean,shuffled,1,1024,-1,-1,2
evaluation__3822__clean__shuffled__r8,evaluation,clean,shuffled,1,1024,-1,-1,2
evaluation__3822__clean__shuffled__r9,evaluation,clean,shuffled,1,1024,-1,-1,2
evaluation__3822__clean__noise__r0,evaluation,clean,noise,1,1024,-1,-1,2
evaluation__3822__clean__sweep__r0,evaluation,clean,sweep,4,1016,-1,-1,1
evaluation__6005__clean__shuffled__r0,evaluation,clean,shuffled,1,1024,-1,-1,2
evaluation__6005__clean__shuffled__r1,evaluation,clean,shuffled,1,1024,-1,-1,2
evaluation__6005__clean__shuffled__r2,evaluation,clean,shuffled,2,1023,-1,-1,2
evaluation__6005__clean__shuffled__r3,evaluation,clean,shuffled,1,1024,-1,-1,2
evaluation__6005__clean__shuffled__r4,evaluation,clean,shuffled,1,1024,-1,-1,2
evaluation__6005__clean__shuffled__r5,evaluation,clean,shuffled,1,1024,-1,-1,2
evaluation__6005__clean__shuffled__r6,evaluation,clean,shuffled,1,1024,-1,-1,2
evaluation__6005__clean__shuffled__r7,evaluation,clean,shuffled,1,1024,-1,-1,2
evaluation__6005__clean__shuffled__r8,evaluation,clean,shuffled,1,1024,-1,-1,2
evaluation__6005__clean__shuffled__r9,evaluation,clean,shuffled,2,1023,-1,-1,2
evaluation__6005__clean__noise__r0,evaluation,clean,noise,1,1024,-1,-1,1
evaluation__6005__clean__sweep__r0,evaluation,clean,sweep,2,1018,-1,-1,602
evaluation__9715__clean__shuffled__r0,evaluation,clean,shuffled,1,1024,-1,-1,2
evaluation__9715__clean__shuffled__r1,evaluation,clean,shuffled,1,1024,-1,-1,2
evaluation__9715__clean__shuffled__r2,evaluation,clean,shuffled,2,1023,-1,-1,1
evaluation__9715__clean__shuffled__r3,evaluation,clean,shuffled,1,1024,-1,-1,2
evaluation__9715__clean__shuffled__r4,evaluation,clean,shuffled,1,1024,-1,-1,2
evaluation__9715__clean__shuffled__r5,evaluation,clean,shuffled,1,1024,-1,-1,2
evaluation__9715__clean__shuffled__r6,evaluation,clean,shuffled,1,1024,-1,-1,3
evaluation__9715__clean__shuffled__r7,evaluation,clean,shuffled,1,1024,-1,-1,2
evaluation__9715__clean__shuffled__r8,evaluation,clean,shuffled,1,1024,-1,-1,2
evaluation__9715__clean__shuffled__r9,evaluation,clean,shuffled,1,1024,-1,-1,2
evaluation__9715__clean__noise__r0,evaluation,clean,noise,1,1024,-1,-1,3
evaluation__9715__clean__sweep__r0,evaluation,clean,sweep,2,993,-1,-1,640
evaluation__2582__clean__shuffled__r0,evaluation,clean,shuffled,1,1024,-1,-1,2
evaluation__2582__clean__shuffled__r1,evaluation,clean,shuffled,1,1024,-1,-1,2
evaluation__2582__clean__shuffled__r2,evaluation,clean,shuffled,1,1024,-1,-1,1
evaluation__2582__clean__shuffled__r3,evaluation,clean,shuffled,1,1024,-1,-1,2
evaluation__2582__clean__shuffled__r4,evaluation,clean,shuffled,1,1024,-1,-1,2
evaluation__2582__clean__shuffled__r5,evaluation,clean,shuffled,1,1024,-1,-1,4
evaluation__2582__clean__shuffled__r6,evaluation,clean,shuffled,1,1024,-1,-1,3
evaluation__2582__clean__shuffled__r7,evaluation,clean,shuffled,1,1024,-1,-1,2
evaluation__2582__clean__shuffled__r8,evaluation,clean,shuffled,1,1024,-1,-1,2
evaluation__2582__clean__shuffled__r9,evaluation,clean,shuffled,1,1024,-1,-1,2
evaluation__2582__clean__noise__r0,evaluation,clean,noise,1,1024,-1,-1,1
evaluation__2582__clean__sweep__r0,evaluation,clean,sweep,153,822,158,221,-1
evaluation__6092__clean__shuffled__r0,evaluation,clean,shuffled,1,1024,-1,-1,3
evaluation__6092__clean__shuffled__r1,evaluation,clean,shuffled,1,1024,-1,-1,2
evaluation__6092__clean__shuffled__r2,evaluation,clean,shuffled,1,1024,-1,-1,2
evaluation__6092__clean__shuffled__r3,evaluation,clean,shuffled,1,1024,-1,-1,2
evaluation__6092__clean__shuffled__r4,evaluation,clean,shuffled,1,1024,-1,-1,1
evaluation__6092__clean__shuffled__r5,evaluation,clean,shuffled,1,1024,-1,-1,2
evaluation__6092__clean__shuffled__r6,evaluation,clean,shuffled,1,1024,-1,-1,3
evaluation__6092__clean__shuffled__r7,evaluation,clean,shuffled,1,1024,-1,-1,2
evaluation__6092__clean__shuffled__r8,evaluation,clean,shuffled,1,1024,-1,-1,2
evaluation__6092__clean__shuffled__r9,evaluation,clean,shuffled,1,1024,-1,-1,3
evaluation__6092__clean__noise__r0,evaluation,clean,noise,1,1024,-1,-1,1
evaluation__6092__clean__sweep__r0,evaluation,clean,sweep,4,987,-1,-1,353
evaluation__9410__clean__shuffled__r0,evaluation,clean,shuffled,1,1024,-1,-1,2
evaluation__9410__clean__shuffled__r1,evaluation,clean,shuffled,1,1024,-1,-1,2
evaluation__9410__clean__shuffled__r2,evaluation,clean,shuffled,3,1022,-1,-1,2
evaluation__9410__clean__shuffled__r3,evaluation,clean,shuffled,2,1023,-1,-1,2
evaluation__9410__clean__shuffled__r4,evaluation,clean,shuffled,1,1024,-1,-1,2
evaluation__9410__clean__shuffled__r5,evaluation,clean,shuffled,1,1024,-1,-1,2
evaluation__9410__clean__shuffled__r6,evaluation,clean,shuffled,1,1024,-1,-1,2
evaluation__9410__clean__shuffled__r7,evaluation,clean,shuffled,1,1024,-1,-1,2
evaluation__9410__clean__shuffled__r8,evaluation,clean,shuffled,1,1024,-1,-1,2
evaluation__9410__clean__shuffled__r9,evaluation,clean,shuffled,1,1024,-1,-1,2
evaluation__9410__clean__noise__r0,evaluation,clean,noise,1,1024,-1,-1,1
evaluation__9410__clean__sweep__r0,evaluation,clean,sweep,161,388,160,158,984
evaluation__1978__clean__shuffled__r0,evaluation,clean,shuffled,1,1024,-1,-1,2
evaluation__1978__clean__shuffled__r1,evaluation,clean,shuffled,1,1024,-1,-1,2
evaluation__1978__clean__shuffled__r2,evaluation,clean,shuffled,1,1024,-1,-1,2
evaluation__1978__clean__shuffled__r3,evaluation,clean,shuffled,1,1024,-1,-1,2
evaluation__1978__clean__shuffled__r4,evaluation,clean,shuffled,1,1024,-1,-1,2
evaluation__1978__clean__shuffled__r5,evaluation,clean,shuffled,1,1024,-1,-1,2
evaluation__1978__clean__shuffled__r6,evaluation,clean,shuffled,1,1024,-1,-1,2
evaluation__1978__clean__shuffled__r7,evaluation,clean,shuffled,1,1024,-1,-1,2
evaluation__1978__clean__shuffled__r8,evaluation,clean,shuffled,1,1024,-1,-1,3
evaluation__1978__clean__shuffled__r9,evaluation,clean,shuffled,1,1024,-1,-1,2
evaluation__1978__clean__noise__r0,evaluation,clean,noise,1,1024,-1,-1,-1
evaluation__1978__clean__sweep__r0,evaluation,clean,sweep,2,996,-1,-1,834
evaluation__4746__clean__shuffled__r0,evaluation,clean,shuffled,1,1024,-1,-1,2
evaluation__4746__clean__shuffled__r1,evaluation,clean,shuffled,3,1022,-1,-1,2
evaluation__4746__clean__shuffled__r2,evaluation,clean,shuffled,1,1024,-1,-1,2
evaluation__4746__clean__shuffled__r3,evaluation,clean,shuffled,1,1024,-1,-1,2
evaluation__4746__clean__shuffled__r4,evaluation,clean,shuffled,1,1024,-1,-1,2
evaluation__4746__clean__shuffled__r5,evaluation,clean,shuffled,1,1024,-1,-1,2
evaluation__4746__clean__shuffled__r6,evaluation,clean,shuffled,1,1024,-1,-1,2
evaluation__4746__clean__shuffled__r7,evaluation,clean,shuffled,1,1024,-1,-1,1
evaluation__4746__clean__shuffled__r8,evaluation,clean,shuffled,1,1024,-1,-1,2
evaluation__4746__clean__shuffled__r9,evaluation,clean,shuffled,1,1024,-1,-1,3
evaluation__4746__clean__noise__r0,evaluation,clean,noise,1,1024,-1,-1,268
evaluation__4746__clean__sweep__r0,evaluation,clean,sweep,9,993,-1,-1,639
evaluation__7777__clean__shuffled__r0,evaluation,clean,shuffled,1,1024,-1,-1,2
evaluation__7777__clean__shuffled__r1,evaluation,clean,shuffled,1,1024,-1,-1,3
evaluation__7777__clean__shuffled__r2,evaluation,clean,shuffled,1,1024,-1,-1,2
evaluation__7777__clean__shuffled__r3,evaluation,clean,shuffled,1,1024,-1,-1,2
evaluation__7777__clean__shuffled__r4,evaluation,clean,shuffled,1,1024,-1,-1,2
evaluation__7777__clean__shuffled__r5,evaluation,clean,shuffled,1,1024,-1,-1,2
evaluation__7777__clean__shuffled__r6,evaluation,clean,shuffled,1,1024,-1,-1,2
evaluation__7777__clean__shuffled__r7,evaluation,clean,shuffled,1,1024,-1,-1,2
evaluation__7777__clean__shuffled__r8,evaluation,clean,shuffled,1,1024,-1,-1,2
evaluation__7777__clean__shuffled__r9,evaluation,clean,shuffled,1,1024,-1,-1,2
evaluation__7777__clean__noise__r0,evaluation,clean,noise,1,1024,-1,-1,-1
evaluation__7777__clean__sweep__r0,evaluation,clean,sweep,4,995,-1,-1,863
evaluation__808__clean__shuffled__r0,evaluation,clean,shuffled,1,1024,-1,-1,2
evaluation__808__clean__shuffled__r1,evaluation,clean,shuffled,1,1024,-1,-1,3
evaluation__808__clean__shuffled__r2,evaluation,clean,shuffled,1,1024,-1,-1,2
evaluation__808__clean__shuffled__r3,evaluation,clean,shuffled,1,1024,-1,-1,2
evaluation__808__clean__shuffled__r4,evaluation,clean,shuffled,1,1024,-1,-1,2
evaluation__808__clean__shuffled__r5,evaluation,clean,shuffled,1,1024,-1,-1,2
evaluation__808__clean__shuffled__r6,evaluation,clean,shuffled,1,1024,-1,-1,2
evaluation__808__clean__shuffled__r7,evaluation,clean,shuffled,1,1024,-1,-1,1
evaluation__808__clean__shuffled__r8,evaluation,clean,shuffled,1,1024,-1,-1,2
evaluation__808__clean__shuffled__r9,evaluation,clean,shuffled,1,1024,-1,-1,1
evaluation__808__clean__noise__r0,evaluation,clean,noise,1,1024,-1,-1,3
evaluation__808__clean__sweep__r0,evaluation,clean,sweep,4,990,-1,-1,-1
evaluation__3975__clean__shuffled__r0,evaluation,clean,shuffled,1,1024,-1,-1,2
evaluation__3975__clean__shuffled__r1,evaluation,clean,shuffled,1,1024,-1,-1,2
evaluation__3975__clean__shuffled__r2,evaluation,clean,shuffled,1,1024,-1,-1,2
evaluation__3975__clean__shuffled__r3,evaluation,clean,shuffled,1,1024,-1,-1,2
evaluation__3975__clean__shuffled__r4,evaluation,clean,shuffled,2,1023,-1,-1,2
evaluation__3975__clean__shuffled__r5,evaluation,clean,shuffled,1,1024,-1,-1,2
evaluation__3975__clean__shuffled__r6,evaluation,clean,shuffled,1,1024,-1,-1,2
evaluation__3975__clean__shuffled__r7,evaluation,clean,shuffled,1,1024,-1,-1,2
evaluation__3975__clean__shuffled__r8,evaluation,clean,shuffled,1,1024,-1,-1,2
evaluation__3975__clean__shuffled__r9,evaluation,clean,shuffled,1,1024,-1,-1,4
evaluation__3975__clean__noise__r0,evaluation,clean,noise,1,1024,-1,-1,1
evaluation__3975__clean__sweep__r0,evaluation,clean,sweep,2,1016,-1,-1,801
evaluation__5675__clean__shuffled__r0,evaluation,clean,shuffled,1,1024,-1,-1,2
evaluation__5675__clean__shuffled__r1,evaluation,clean,shuffled,1,1024,-1,-1,2
evaluation__5675__clean__shuffled__r2,evaluation,clean,shuffled,1,1024,-1,-1,2
evaluation__5675__clean__shuffled__r3,evaluation,clean,shuffled,1,1024,-1,-1,2
evaluation__5675__clean__shuffled__r4,evaluation,clean,shuffled,1,1024,-1,-1,2
evaluation__5675__clean__shuffled__r5,evaluation,clean,shuffled,1,1024,-1,-1,2
evaluation__5675__clean__shuffled__r6,evaluation,clean,shuffled,1,1024,-1,-1,3
evaluation__5675__clean__shuffled__r7,evaluation,clean,shuffled,1,1024,-1,-1,2
evaluation__5675__clean__shuffled__r8,evaluation,clean,shuffled,1,1024,-1,-1,2
evaluation__5675__clean__shuffled__r9,evaluation,clean,shuffled,4,1020,-1,-1,2
evaluation__5675__clean__noise__r0,evaluation,clean,noise,1,1024,-1,-1,1
evaluation__5675__clean__sweep__r0,evaluation,clean,sweep,4,1013,-1,-1,739
evaluation__8560__clean__shuffled__r0,evaluation,clean,shuffled,1,1024,-1,-1,3
evaluation__8560__clean__shuffled__r1,evaluation,clean,shuffled,1,1024,-1,-1,2
evaluation__8560__clean__shuffled__r2,evaluation,clean,shuffled,1,1024,-1,-1,2
evaluation__8560__clean__shuffled__r3,evaluation,clean,shuffled,1,1024,-1,-1,2
evaluation__8560__clean__shuffled__r4,evaluation,clean,shuffled,1,1024,-1,-1,2
evaluation__8560__clean__shuffled__r5,evaluation,clean,shuffled,1,1024,-1,-1,2
evaluation__8560__clean__shuffled__r6,evaluation,clean,shuffled,1,1024,-1,-1,2
evaluation__8560__clean__shuffled__r7,evaluation,clean,shuffled,1,1024,-1,-1,2
evaluation__8560__clean__shuffled__r8,evaluation,clean,shuffled,2,1023,-1,-1,2
evaluation__8560__clean__shuffled__r9,evaluation,clean,shuffled,1,1024,-1,-1,2
evaluation__8560__clean__noise__r0,evaluation,clean,noise,1,1024,-1,-1,3
evaluation__8560__clean__sweep__r0,evaluation,clean,sweep,96,907,224,446,972
evaluation__1897__clean__shuffled__r0,evaluation,clean,shuffled,2,1023,-1,-1,2
evaluation__1897__clean__shuffled__r1,evaluation,clean,shuffled,1,1024,-1,-1,2
evaluation__1897__clean__shuffled__r2,evaluation,clean,shuffled,1,1024,-1,-1,2
evaluation__1897__clean__shuffled__r3,evaluation,clean,shuffled,1,1024,-1,-1,1
evaluation__1897__clean__shuffled__r4,evaluation,clean,shuffled,1,1024,-1,-1,2
evaluation__1897__clean__shuffled__r5,evaluation,clean,shuffled,1,1024,-1,-1,2
evaluation__1897__clean__shuffled__r6,evaluation,clean,shuffled,1,1024,-1,-1,2
evaluation__1897__clean__shuffled__r7,evaluation,clean,shuffled,1,1024,-1,-1,2
evaluation__1897__clean__shuffled__r8,evaluation,clean,shuffled,2,1023,-1,-1,6
evaluation__1897__clean__shuffled__r9,evaluation,clean,shuffled,1,1024,-1,-1,2
evaluation__1897__clean__noise__r0,evaluation,clean,noise,1,1024,-1,-1,1
evaluation__1897__clean__sweep__r0,evaluation,clean,sweep,96,917,320,320,116
evaluation__4086__clean__shuffled__r0,evaluation,clean,shuffled,1,1024,-1,-1,3
evaluation__4086__clean__shuffled__r1,evaluation,clean,shuffled,1,1024,-1,-1,2
evaluation__4086__clean__shuffled__r2,evaluation,clean,shuffled,2,1023,-1,-1,2
evaluation__4086__clean__shuffled__r3,evaluation,clean,shuffled,1,1024,-1,-1,3
evaluation__4086__clean__shuffled__r4,evaluation,clean,shuffled,1,1024,-1,-1,1
evaluation__4086__clean__shuffled__r5,evaluation,clean,shuffled,1,1024,-1,-1,2
evaluation__4086__clean__shuffled__r6,evaluation,clean,shuffled,1,1024,-1,-1,1
evaluation__4086__clean__shuffled__r7,evaluation,clean,shuffled,1,1024,-1,-1,2
evaluation__4086__clean__shuffled__r8,evaluation,clean,shuffled,1,1024,-1,-1,2
evaluation__4086__clean__shuffled__r9,evaluation,clean,shuffled,2,1023,-1,-1,2
evaluation__4086__clean__noise__r0,evaluation,clean,noise,1,1024,-1,-1,13
evaluation__4086__clean__sweep__r0,evaluation,clean,sweep,146,496,221,253,-1
evaluation__7261__clean__shuffled__r0,evaluation,clean,shuffled,1,1024,-1,-1,2
evaluation__7261__clean__shuffled__r1,evaluation,clean,shuffled,1,1024,-1,-1,3
evaluation__7261__clean__shuffled__r2,evaluation,clean,shuffled,1,1024,-1,-1,2
evaluation__7261__clean__shuffled__r3,evaluation,clean,shuffled,1,1024,-1,-1,1
evaluation__7261__clean__shuffled__r4,evaluation,clean,shuffled,1,1024,-1,-1,2
evaluation__7261__clean__shuffled__r5,evaluation,clean,shuffled,1,1024,-1,-1,1
evaluation__7261__clean__shuffled__r6,evaluation,clean,shuffled,1,1024,-1,-1,3
evaluation__7261__clean__shuffled__r7,evaluation,clean,shuffled,1,1024,-1,-1,2
evaluation__7261__clean__shuffled__r8,evaluation,clean,shuffled,1,1024,-1,-1,2
evaluation__7261__clean__shuffled__r9,evaluation,clean,shuffled,1,1024,-1,-1,2
evaluation__7261__clean__noise__r0,evaluation,clean,noise,1,1024,-1,-1,8
evaluation__7261__clean__sweep__r0,evaluation,clean,sweep,3,1011,-1,-1,-1
evaluation__2148__clean__shuffled__r0,evaluation,clean,shuffled,2,1023,-1,-1,2
evaluation__2148__clean__shuffled__r1,evaluation,clean,shuffled,1,1024,-1,-1,2
evaluation__2148__clean__shuffled__r2,evaluation,clean,shuffled,2,1023,-1,-1,2
evaluation__2148__clean__shuffled__r3,evaluation,clean,shuffled,2,1023,-1,-1,3
evaluation__2148__clean__shuffled__r4,evaluation,clean,shuffled,1,1024,-1,-1,3
evaluation__2148__clean__shuffled__r5,evaluation,clean,shuffled,2,1023,-1,-1,2
evaluation__2148__clean__shuffled__r6,evaluation,clean,shuffled,1,1024,-1,-1,2
evaluation__2148__clean__shuffled__r7,evaluation,clean,shuffled,1,1024,-1,-1,2
evaluation__2148__clean__shuffled__r8,evaluation,clean,shuffled,1,1024,-1,-1,2
evaluation__2148__clean__shuffled__r9,evaluation,clean,shuffled,1,1024,-1,-1,2
evaluation__2148__clean__noise__r0,evaluation,clean,noise,1,1024,-1,-1,2
evaluation__2148__clean__sweep__r0,evaluation,clean,sweep,2,1023,-1,-1,-1
evaluation__6167__clean__shuffled__r0,evaluation,clean,shuffled,2,1023,-1,-1,1
evaluation__6167__clean__shuffled__r1,evaluation,clean,shuffled,1,1024,-1,-1,2
evaluation__6167__clean__shuffled__r2,evaluation,clean,shuffled,1,1024,-1,-1,2
evaluation__6167__clean__shuffled__r3,evaluation,clean,shuffled,1,1024,-1,-1,2
evaluation__6167__clean__shuffled__r4,evaluation,clean,shuffled,1,1024,-1,-1,2
evaluation__6167__clean__shuffled__r5,evaluation,clean,shuffled,1,1024,-1,-1,2
evaluation__6167__clean__shuffled__r6,evaluation,clean,shuffled,1,1024,-1,-1,2
evaluation__6167__clean__shuffled__r7,evaluation,clean,shuffled,2,1023,-1,-1,1
evaluation__6167__clean__shuffled__r8,evaluation,clean,shuffled,1,1024,-1,-1,2
evaluation__6167__clean__shuffled__r9,evaluation,clean,shuffled,1,1024,-1,-1,1
evaluation__6167__clean__noise__r0,evaluation,clean,noise,1,1024,-1,-1,1
evaluation__6167__clean__sweep__r0,evaluation,clean,sweep,138,559,183,185,737
evaluation__8652__clean__shuffled__r0,evaluation,clean,shuffled,1,1024,-1,-1,2
evaluation__8652__clean__shuffled__r1,evaluation,clean,shuffled,1,1024,-1,-1,2
evaluation__8652__clean__shuffled__r2,evaluation,clean,shuffled,1,1024,-1,-1,2
evaluation__8652__clean__shuffled__r3,evaluation,clean,shuffled,2,1023,-1,-1,2
evaluation__8652__clean__shuffled__r4,evaluation,clean,shuffled,1,1024,-1,-1,2
evaluation__8652__clean__shuffled__r5,evaluation,clean,shuffled,1,1024,-1,-1,2
evaluation__8652__clean__shuffled__r6,evaluation,clean,shuffled,1,1024,-1,-1,2
evaluation__8652__clean__shuffled__r7,evaluation,clean,shuffled,1,1024,-1,-1,2
evaluation__8652__clean__shuffled__r8,evaluation,clean,shuffled,1,1024,-1,-1,2
evaluation__8652__clean__shuffled__r9,evaluation,clean,shuffled,1,1024,-1,-1,3
evaluation__8652__clean__noise__r0,evaluation,clean,noise,1,1024,-1,-1,1
evaluation__8652__clean__sweep__r0,evaluation,clean,sweep,151,825,508,506,669
fit__1851__clean__shuffled__r0,fit,clean,shuffled,1,1024,-1,-1,2
fit__1851__clean__shuffled__r1,fit,clean,shuffled,2,1023,-1,-1,2
fit__1851__clean__shuffled__r2,fit,clean,shuffled,1,1024,-1,-1,2
fit__1851__clean__shuffled__r3,fit,clean,shuffled,1,1024,-1,-1,2
fit__1851__clean__shuffled__r4,fit,clean,shuffled,1,1024,-1,-1,2
fit__1851__clean__shuffled__r5,fit,clean,shuffled,1,1024,-1,-1,1
fit__1851__clean__shuffled__r6,fit,clean,shuffled,1,1024,-1,-1,2
fit__1851__clean__shuffled__r7,fit,clean,shuffled,1,1024,-1,-1,2
fit__1851__clean__shuffled__r8,fit,clean,shuffled,1,1024,-1,-1,2
fit__1851__clean__shuffled__r9,fit,clean,shuffled,1,1024,-1,-1,2
fit__1851__clean__noise__r0,fit,clean,noise,1,1024,-1,-1,3
fit__1851__clean__sweep__r0,fit,clean,sweep,259,711,64,123,-1
fit__7533__clean__shuffled__r0,fit,clean,shuffled,1,1024,-1,-1,2
fit__7533__clean__shuffled__r1,fit,clean,shuffled,1,1024,-1,-1,2
fit__7533__clean__shuffled__r2,fit,clean,shuffled,1,1024,-1,-1,1
fit__7533__clean__shuffled__r3,fit,clean,shuffled,1,1024,-1,-1,2
fit__7533__clean__shuffled__r4,fit,clean,shuffled,1,1024,-1,-1,2
fit__7533__clean__shuffled__r5,fit,clean,shuffled,2,1023,-1,-1,2
fit__7533__clean__shuffled__r6,fit,clean,shuffled,1,1024,-1,-1,2
fit__7533__clean__shuffled__r7,fit,clean,shuffled,1,1024,-1,-1,2
fit__7533__clean__shuffled__r8,fit,clean,shuffled,1,1024,-1,-1,2
fit__7533__clean__shuffled__r9,fit,clean,shuffled,1,1024,-1,-1,2
fit__7533__clean__noise__r0,fit,clean,noise,1,1024,-1,-1,2
fit__7533__clean__sweep__r0,fit,clean,sweep,195,398,178,208,-1
fit__3647__clean__shuffled__r0,fit,clean,shuffled,1,1024,-1,-1,2
fit__3647__clean__shuffled__r1,fit,clean,shuffled,2,1023,-1,-1,2
fit__3647__clean__shuffled__r2,fit,clean,shuffled,1,1024,-1,-1,2
fit__3647__clean__shuffled__r3,fit,clean,shuffled,1,1024,-1,-1,2
fit__3647__clean__shuffled__r4,fit,clean,shuffled,1,1024,-1,-1,2
fit__3647__clean__shuffled__r5,fit,clean,shuffled,1,1024,-1,-1,2
fit__3647__clean__shuffled__r6,fit,clean,shuffled,1,1024,-1,-1,2
fit__3647__clean__shuffled__r7,fit,clean,shuffled,1,1024,-1,-1,2
fit__3647__clean__shuffled__r8,fit,clean,shuffled,1,1024,-1,-1,2
fit__3647__clean__shuffled__r9,fit,clean,shuffled,2,1023,-1,-1,3
fit__3647__clean__noise__r0,fit,clean,noise,1,1024,-1,-1,2
fit__3647__clean__sweep__r0,fit,clean,sweep,4,997,-1,-1,801
fit__7903__clean__shuffled__r0,fit,clean,shuffled,1,1024,-1,-1,1
fit__7903__clean__shuffled__r1,fit,clean,shuffled,2,1023,-1,-1,2
fit__7903__clean__shuffled__r2,fit,clean,shuffled,1,1024,-1,-1,2
fit__7903__clean__shuffled__r3,fit,clean,shuffled,1,1024,-1,-1,3
fit__7903__clean__shuffled__r4,fit,clean,shuffled,1,1024,-1,-1,2
fit__7903__clean__shuffled__r5,fit,clean,shuffled,2,1023,-1,-1,2
fit__7903__clean__shuffled__r6,fit,clean,shuffled,1,1024,-1,-1,2
fit__7903__clean__shuffled__r7,fit,clean,shuffled,1,1024,-1,-1,2
fit__7903__clean__shuffled__r8,fit,clean,shuffled,1,1024,-1,-1,2
fit__7903__clean__shuffled__r9,fit,clean,shuffled,1,1024,-1,-1,2
fit__7903__clean__noise__r0,fit,clean,noise,1,1024,-1,-1,1
fit__7903__clean__sweep__r0,fit,clean,sweep,3,1004,-1,-1,988
fit__5133__clean__shuffled__r0,fit,clean,shuffled,1,1024,-1,-1,2
fit__5133__clean__shuffled__r1,fit,clean,shuffled,1,1024,-1,-1,2
fit__5133__clean__shuffled__r2,fit,clean,shuffled,1,1024,-1,-1,2
fit__5133__clean__shuffled__r3,fit,clean,shuffled,1,1024,-1,-1,2
fit__5133__clean__shuffled__r4,fit,clean,shuffled,2,1022,-1,-1,2
fit__5133__clean__shuffled__r5,fit,clean,shuffled,1,1024,-1,-1,2
fit__5133__clean__shuffled__r6,fit,clean,shuffled,1,1024,-1,-1,2
fit__5133__clean__shuffled__r7,fit,clean,shuffled,1,1024,-1,-1,3
fit__5133__clean__shuffled__r8,fit,clean,shuffled,1,1024,-1,-1,1
fit__5133__clean__shuffled__r9,fit,clean,shuffled,1,1024,-1,-1,3
fit__5133__clean__noise__r0,fit,clean,noise,1,1024,-1,-1,1
fit__5133__clean__sweep__r0,fit,clean,sweep,136,855,476,477,480
fit__2684__clean__shuffled__r0,fit,clean,shuffled,1,1024,-1,-1,3
fit__2684__clean__shuffled__r1,fit,clean,shuffled,1,1024,-1,-1,3
fit__2684__clean__shuffled__r2,fit,clean,shuffled,1,1024,-1,-1,2
fit__2684__clean__shuffled__r3,fit,clean,shuffled,1,1024,-1,-1,2
fit__2684__clean__shuffled__r4,fit,clean,shuffled,1,1024,-1,-1,2
fit__2684__clean__shuffled__r5,fit,clean,shuffled,1,1024,-1,-1,2
fit__2684__clean__shuffled__r6,fit,clean,shuffled,1,1024,-1,-1,2
fit__2684__clean__shuffled__r7,fit,clean,shuffled,1,1024,-1,-1,2
fit__2684__clean__shuffled__r8,fit,clean,shuffled,1,1024,-1,-1,2
fit__2684__clean__shuffled__r9,fit,clean,shuffled,1,1024,-1,-1,2
fit__2684__clean__noise__r0,fit,clean,noise,1,1024,-1,-1,1
fit__2684__clean__sweep__r0,fit,clean,sweep,177,523,125,158,1
fit__8204__clean__shuffled__r0,fit,clean,shuffled,2,1023,-1,-1,2
fit__8204__clean__shuffled__r1,fit,clean,shuffled,1,1024,-1,-1,2
fit__8204__clean__shuffled__r2,fit,clean,shuffled,1,1024,-1,-1,2
fit__8204__clean__shuffled__r3,fit,clean,shuffled,1,1024,-1,-1,2
fit__8204__clean__shuffled__r4,fit,clean,shuffled,1,1024,-1,-1,2
fit__8204__clean__shuffled__r5,fit,clean,shuffled,1,1024,-1,-1,2
fit__8204__clean__shuffled__r6,fit,clean,shuffled,1,1024,-1,-1,1
fit__8204__clean__shuffled__r7,fit,clean,shuffled,1,1024,-1,-1,1
fit__8204__clean__shuffled__r8,fit,clean,shuffled,1,1024,-1,-1,2
fit__8204__clean__shuffled__r9,fit,clean,shuffled,2,1023,-1,-1,2
fit__8204__clean__noise__r0,fit,clean,noise,1,1024,-1,-1,1
fit__8204__clean__sweep__r0,fit,clean,sweep,8,992,-1,-1,754
fit__1842__clean__shuffled__r0,fit,clean,shuffled,1,1024,-1,-1,2
fit__1842__clean__shuffled__r1,fit,clean,shuffled,1,1024,-1,-1,2
fit__1842__clean__shuffled__r2,fit,clean,shuffled,1,1024,-1,-1,2
fit__1842__clean__shuffled__r3,fit,clean,shuffled,1,1024,-1,-1,2
fit__1842__clean__shuffled__r4,fit,clean,shuffled,1,1024,-1,-1,2
fit__1842__clean__shuffled__r5,fit,clean,shuffled,1,1024,-1,-1,1
fit__1842__clean__shuffled__r6,fit,clean,shuffled,1,1024,-1,-1,2
fit__1842__clean__shuffled__r7,fit,clean,shuffled,3,1022,-1,-1,2
fit__1842__clean__shuffled__r8,fit,clean,shuffled,2,1023,-1,-1,2
fit__1842__clean__shuffled__r9,fit,clean,shuffled,1,1024,-1,-1,2
fit__1842__clean__noise__r0,fit,clean,noise,1,1024,-1,-1,1
fit__1842__clean__sweep__r0,fit,clean,sweep,253,689,90,123,-1
fit__7325__clean__shuffled__r0,fit,clean,shuffled,1,1024,-1,-1,2
fit__7325__clean__shuffled__r1,fit,clean,shuffled,2,1023,-1,-1,1
fit__7325__clean__shuffled__r2,fit,clean,shuffled,1,1024,-1,-1,1
fit__7325__clean__shuffled__r3,fit,clean,shuffled,1,1024,-1,-1,2
fit__7325__clean__shuffled__r4,fit,clean,shuffled,1,1024,-1,-1,2
fit__7325__clean__shuffled__r5,fit,clean,shuffled,1,1024,-1,-1,2
fit__7325__clean__shuffled__r6,fit,clean,shuffled,1,1024,-1,-1,2
fit__7325__clean__shuffled__r7,fit,clean,shuffled,1,1024,-1,-1,2
fit__7325__clean__shuffled__r8,fit,clean,shuffled,1,1024,-1,-1,2
fit__7325__clean__shuffled__r9,fit,clean,shuffled,1,1024,-1,-1,3
fit__7325__clean__noise__r0,fit,clean,noise,1,1024,-1,-1,25
fit__7325__clean__sweep__r0,fit,clean,sweep,357,631,52,83,-1
fit__4641__clean__shuffled__r0,fit,clean,shuffled,2,1023,-1,-1,2
fit__4641__clean__shuffled__r1,fit,clean,shuffled,2,1023,-1,-1,2
fit__4641__clean__shuffled__r2,fit,clean,shuffled,1,1024,-1,-1,2
fit__4641__clean__shuffled__r3,fit,clean,shuffled,1,1024,-1,-1,2
fit__4641__clean__shuffled__r4,fit,clean,shuffled,2,1023,-1,-1,3
fit__4641__clean__shuffled__r5,fit,clean,shuffled,1,1024,-1,-1,3
fit__4641__clean__shuffled__r6,fit,clean,shuffled,1,1024,-1,-1,1
fit__4641__clean__shuffled__r7,fit,clean,shuffled,1,1024,-1,-1,2
fit__4641__clean__shuffled__r8,fit,clean,shuffled,2,1023,-1,-1,4
fit__4641__clean__shuffled__r9,fit,clean,shuffled,1,1024,-1,-1,3
fit__4641__clean__noise__r0,fit,clean,noise,1,1024,-1,-1,1
fit__4641__clean__sweep__r0,fit,clean,sweep,73,870,320,416,833
fit__1436__clean__shuffled__r0,fit,clean,shuffled,1,1024,-1,-1,2
fit__1436__clean__shuffled__r1,fit,clean,shuffled,1,1024,-1,-1,2
fit__1436__clean__shuffled__r2,fit,clean,shuffled,1,1024,-1,-1,2
fit__1436__clean__shuffled__r3,fit,clean,shuffled,1,1024,-1,-1,2
fit__1436__clean__shuffled__r4,fit,clean,shuffled,1,1024,-1,-1,2
fit__1436__clean__shuffled__r5,fit,clean,shuffled,1,1024,-1,-1,2
fit__1436__clean__shuffled__r6,fit,clean,shuffled,1,1024,-1,-1,2
fit__1436__clean__shuffled__r7,fit,clean,shuffled,1,1024,-1,-1,2
fit__1436__clean__shuffled__r8,fit,clean,shuffled,1,1024,-1,-1,2
fit__1436__clean__shuffled__r9,fit,clean,shuffled,1,1024,-1,-1,2
fit__1436__clean__noise__r0,fit,clean,noise,1,1024,-1,-1,-1
fit__1436__clean__sweep__r0,fit,clean,sweep,42,959,832,1023,913
fit__8691__clean__shuffled__r0,fit,clean,shuffled,1,1024,-1,-1,4
fit__8691__clean__shuffled__r1,fit,clean,shuffled,1,1024,-1,-1,2
fit__8691__clean__shuffled__r2,fit,clean,shuffled,1,1024,-1,-1,2
fit__8691__clean__shuffled__r3,fit,clean,shuffled,1,1024,-1,-1,2
fit__8691__clean__shuffled__r4,fit,clean,shuffled,3,1022,-1,-1,2
fit__8691__clean__shuffled__r5,fit,clean,shuffled,1,1024,-1,-1,2
fit__8691__clean__shuffled__r6,fit,clean,shuffled,1,1024,-1,-1,2
fit__8691__clean__shuffled__r7,fit,clean,shuffled,1,1024,-1,-1,2
fit__8691__clean__shuffled__r8,fit,clean,shuffled,1,1024,-1,-1,2
fit__8691__clean__shuffled__r9,fit,clean,shuffled,1,1024,-1,-1,2
fit__8691__clean__noise__r0,fit,clean,noise,1,1024,-1,-1,292
fit__8691__clean__sweep__r0,fit,clean,sweep,145,849,224,286,340
fit__3116__clean__shuffled__r0,fit,clean,shuffled,1,1024,-1,-1,2
fit__3116__clean__shuffled__r1,fit,clean,shuffled,1,1024,-1,-1,2
fit__3116__clean__shuffled__r2,fit,clean,shuffled,1,1024,-1,-1,2
fit__3116__clean__shuffled__r3,fit,clean,shuffled,1,1024,-1,-1,2
fit__3116__clean__shuffled__r4,fit,clean,shuffled,1,1024,-1,-1,2
fit__3116__clean__shuffled__r5,fit,clean,shuffled,1,1024,-1,-1,2
fit__3116__clean__shuffled__r6,fit,clean,shuffled,1,1024,-1,-1,2
fit__3116__clean__shuffled__r7,fit,clean,shuffled,1,1024,-1,-1,2
fit__3116__clean__shuffled__r8,fit,clean,shuffled,1,1024,-1,-1,2
fit__3116__clean__shuffled__r9,fit,clean,shuffled,1,1024,-1,-1,2
fit__3116__clean__noise__r0,fit,clean,noise,1,1024,-1,-1,2
fit__3116__clean__sweep__r0,fit,clean,sweep,7,1015,-1,-1,251
fit__9372__clean__shuffled__r0,fit,clean,shuffled,2,1023,-1,-1,3
fit__9372__clean__shuffled__r1,fit,clean,shuffled,1,1024,-1,-1,2
fit__9372__clean__shuffled__r2,fit,clean,shuffled,1,1024,-1,-1,2
fit__9372__clean__shuffled__r3,fit,clean,shuffled,1,1024,-1,-1,2
fit__9372__clean__shuffled__r4,fit,clean,shuffled,1,1024,-1,-1,1
fit__9372__clean__shuffled__r5,fit,clean,shuffled,1,1024,-1,-1,1
fit__9372__clean__shuffled__r6,fit,clean,shuffled,1,1024,-1,-1,2
fit__9372__clean__shuffled__r7,fit,clean,shuffled,2,1023,-1,-1,2
fit__9372__clean__shuffled__r8,fit,clean,shuffled,1,1024,-1,-1,2
fit__9372__clean__shuffled__r9,fit,clean,shuffled,2,1023,-1,-1,2
fit__9372__clean__noise__r0,fit,clean,noise,1,1024,-1,-1,1
fit__9372__clean__sweep__r0,fit,clean,sweep,83,777,284,381,-1
fit__3686__clean__shuffled__r0,fit,clean,shuffled,1,1024,-1,-1,2
fit__3686__clean__shuffled__r1,fit,clean,shuffled,1,1024,-1,-1,2
fit__3686__clean__shuffled__r2,fit,clean,shuffled,1,1024,-1,-1,2
fit__3686__clean__shuffled__r3,fit,clean,shuffled,1,1024,-1,-1,4
fit__3686__clean__shuffled__r4,fit,clean,shuffled,1,1024,-1,-1,2
fit__3686__clean__shuffled__r5,fit,clean,shuffled,1,1024,-1,-1,1
fit__3686__clean__shuffled__r6,fit,clean,shuffled,1,1024,-1,-1,6
fit__3686__clean__shuffled__r7,fit,clean,shuffled,1,1024,-1,-1,2
fit__3686__clean__shuffled__r8,fit,clean,shuffled,1,1024,-1,-1,2
fit__3686__clean__shuffled__r9,fit,clean,shuffled,1,1024,-1,-1,2
fit__3686__clean__noise__r0,fit,clean,noise,1,1024,-1,-1,1
fit__3686__clean__sweep__r0,fit,clean,sweep,260,411,72,135,-1
fit__2143__clean__shuffled__r0,fit,clean,shuffled,2,1023,-1,-1,2
fit__2143__clean__shuffled__r1,fit,clean,shuffled,1,1024,-1,-1,2
fit__2143__clean__shuffled__r2,fit,clean,shuffled,1,1024,-1,-1,3
fit__2143__clean__shuffled__r3,fit,clean,shuffled,1,1024,-1,-1,2
fit__2143__clean__shuffled__r4,fit,clean,shuffled,1,1024,-1,-1,2
fit__2143__clean__shuffled__r5,fit,clean,shuffled,1,1024,-1,-1,2
fit__2143__clean__shuffled__r6,fit,clean,shuffled,1,1024,-1,-1,2
fit__2143__clean__shuffled__r7,fit,clean,shuffled,1,1024,-1,-1,3
fit__2143__clean__shuffled__r8,fit,clean,shuffled,1,1024,-1,-1,2
fit__2143__clean__shuffled__r9,fit,clean,shuffled,1,1024,-1,-1,2
fit__2143__clean__noise__r0,fit,clean,noise,1,1024,-1,-1,1
fit__2143__clean__sweep__r0,fit,clean,sweep,91,894,320,512,161
fit__7297__clean__shuffled__r0,fit,clean,shuffled,1,1024,-1,-1,2
fit__7297__clean__shuffled__r1,fit,clean,shuffled,1,1024,-1,-1,2
fit__7297__clean__shuffled__r2,fit,clean,shuffled,1,1024,-1,-1,2
fit__7297__clean__shuffled__r3,fit,clean,shuffled,1,1024,-1,-1,2
fit__7297__clean__shuffled__r4,fit,clean,shuffled,1,1024,-1,-1,2
fit__7297__clean__shuffled__r5,fit,clean,shuffled,1,1024,-1,-1,2
fit__7297__clean__shuffled__r6,fit,clean,shuffled,1,1024,-1,-1,2
fit__7297__clean__shuffled__r7,fit,clean,shuffled,1,1024,-1,-1,2
fit__7297__clean__shuffled__r8,fit,clean,shuffled,1,1024,-1,-1,1
fit__7297__clean__shuffled__r9,fit,clean,shuffled,1,1024,-1,-1,4
fit__7297__clean__noise__r0,fit,clean,noise,1,1024,-1,-1,1
fit__7297__clean__sweep__r0,fit,clean,sweep,3,991,-1,-1,660
calibration__1735__clean__shuffled__r0,calibration,clean,shuffled,1,1024,-1,-1,2
calibration__1735__clean__shuffled__r1,calibration,clean,shuffled,1,1024,-1,-1,2
calibration__1735__clean__shuffled__r2,calibration,clean,shuffled,1,1024,-1,-1,4
calibration__1735__clean__shuffled__r3,calibration,clean,shuffled,1,1024,-1,-1,2
calibration__1735__clean__shuffled__r4,calibration,clean,shuffled,2,1023,-1,-1,2
calibration__1735__clean__shuffled__r5,calibration,clean,shuffled,1,1024,-1,-1,2
calibration__1735__clean__shuffled__r6,calibration,clean,shuffled,1,1024,-1,-1,2
calibration__1735__clean__shuffled__r7,calibration,clean,shuffled,1,1024,-1,-1,2
calibration__1735__clean__shuffled__r8,calibration,clean,shuffled,2,1023,-1,-1,1
calibration__1735__clean__shuffled__r9,calibration,clean,shuffled,1,1024,-1,-1,2
calibration__1735__clean__noise__r0,calibration,clean,noise,1,1024,-1,-1,1
calibration__1735__clean__sweep__r0,calibration,clean,sweep,351,630,58,89,929
calibration__8197__clean__shuffled__r0,calibration,clean,shuffled,1,1024,-1,-1,2
calibration__8197__clean__shuffled__r1,calibration,clean,shuffled,1,1024,-1,-1,2
calibration__8197__clean__shuffled__r2,calibration,clean,shuffled,1,1024,-1,-1,2
calibration__8197__clean__shuffled__r3,calibration,clean,shuffled,1,1024,-1,-1,1
calibration__8197__clean__shuffled__r4,calibration,clean,shuffled,2,1023,-1,-1,2
calibration__8197__clean__shuffled__r5,calibration,clean,shuffled,1,1024,-1,-1,2
calibration__8197__clean__shuffled__r6,calibration,clean,shuffled,1,1024,-1,-1,2
calibration__8197__clean__shuffled__r7,calibration,clean,shuffled,1,1024,-1,-1,2
calibration__8197__clean__shuffled__r8,calibration,clean,shuffled,1,1024,-1,-1,2
calibration__8197__clean__shuffled__r9,calibration,clean,shuffled,1,1024,-1,-1,1
calibration__8197__clean__noise__r0,calibration,clean,noise,1,1024,-1,-1,1
calibration__8197__clean__sweep__r0,calibration,clean,sweep,114,819,441,476,577
calibration__3028__clean__shuffled__r0,calibration,clean,shuffled,1,1024,-1,-1,2
calibration__3028__clean__shuffled__r1,calibration,clean,shuffled,1,1024,-1,-1,2
calibration__3028__clean__shuffled__r2,calibration,clean,shuffled,1,1024,-1,-1,2
calibration__3028__clean__shuffled__r3,calibration,clean,shuffled,1,1024,-1,-1,4
calibration__3028__clean__shuffled__r4,calibration,clean,shuffled,1,1024,-1,-1,2
calibration__3028__clean__shuffled__r5,calibration,clean,shuffled,1,1024,-1,-1,2
calibration__3028__clean__shuffled__r6,calibration,clean,shuffled,1,1024,-1,-1,2
calibration__3028__clean__shuffled__r7,calibration,clean,shuffled,1,1024,-1,-1,2
calibration__3028__clean__shuffled__r8,calibration,clean,shuffled,1,1024,-1,-1,1
calibration__3028__clean__shuffled__r9,calibration,clean,shuffled,1,1024,-1,-1,2
calibration__3028__clean__noise__r0,calibration,clean,noise,1,1024,-1,-1,1
calibration__3028__clean__sweep__r0,calibration,clean,sweep,138,765,190,254,790
calibration__603__clean__shuffled__r0,calibration,clean,shuffled,1,1024,-1,-1,2
calibration__603__clean__shuffled__r1,calibration,clean,shuffled,1,1024,-1,-1,2
calibration__603__clean__shuffled__r2,calibration,clean,shuffled,1,1024,-1,-1,2
calibration__603__clean__shuffled__r3,calibration,clean,shuffled,1,1024,-1,-1,2
calibration__603__clean__shuffled__r4,calibration,clean,shuffled,2,1023,-1,-1,2
calibration__603__clean__shuffled__r5,calibration,clean,shuffled,1,1024,-1,-1,1
calibration__603__clean__shuffled__r6,calibration,clean,shuffled,1,1024,-1,-1,2
calibration__603__clean__shuffled__r7,calibration,clean,shuffled,1,1024,-1,-1,2
calibration__603__clean__shuffled__r8,calibration,clean,shuffled,1,1024,-1,-1,1
calibration__603__clean__shuffled__r9,calibration,clean,shuffled,1,1024,-1,-1,2
calibration__603__clean__noise__r0,calibration,clean,noise,1,1024,-1,-1,4
calibration__603__clean__sweep__r0,calibration,clean,sweep,282,368,124,156,801
calibration__6232__clean__shuffled__r0,calibration,clean,shuffled,1,1024,-1,-1,2
calibration__6232__clean__shuffled__r1,calibration,clean,shuffled,1,1024,-1,-1,2
calibration__6232__clean__shuffled__r2,calibration,clean,shuffled,1,1024,-1,-1,2
calibration__6232__clean__shuffled__r3,calibration,clean,shuffled,1,1024,-1,-1,2
calibration__6232__clean__shuffled__r4,calibration,clean,shuffled,1,1024,-1,-1,2
calibration__6232__clean__shuffled__r5,calibration,clean,shuffled,2,1023,-1,-1,2
calibration__6232__clean__shuffled__r6,calibration,clean,shuffled,1,1024,-1,-1,2
calibration__6232__clean__shuffled__r7,calibration,clean,shuffled,1,1024,-1,-1,2
calibration__6232__clean__shuffled__r8,calibration,clean,shuffled,1,1024,-1,-1,4
calibration__6232__clean__shuffled__r9,calibration,clean,shuffled,1,1024,-1,-1,2
calibration__6232__clean__noise__r0,calibration,clean,noise,1,1024,-1,-1,273
calibration__6232__clean__sweep__r0,calibration,clean,sweep,95,902,190,255,916
calibration__3234__clean__shuffled__r0,calibration,clean,shuffled,1,1024,-1,-1,2
calibration__3234__clean__shuffled__r1,calibration,clean,shuffled,1,1024,-1,-1,3
calibration__3234__clean__shuffled__r2,calibration,clean,shuffled,1,1024,-1,-1,3
calibration__3234__clean__shuffled__r3,calibration,clean,shuffled,1,1024,-1,-1,2
calibration__3234__clean__shuffled__r4,calibration,clean,shuffled,1,1024,-1,-1,2
calibration__3234__clean__shuffled__r5,calibration,clean,shuffled,1,1024,-1,-1,2
calibration__3234__clean__shuffled__r6,calibration,clean,shuffled,1,1024,-1,-1,2
calibration__3234__clean__shuffled__r7,calibration,clean,shuffled,1,1024,-1,-1,2
calibration__3234__clean__shuffled__r8,calibration,clean,shuffled,2,1023,-1,-1,3
calibration__3234__clean__shuffled__r9,calibration,clean,shuffled,1,1024,-1,-1,2
calibration__3234__clean__noise__r0,calibration,clean,noise,1,1024,-1,-1,1
calibration__3234__clean__sweep__r0,calibration,clean,sweep,2,986,-1,-1,289
calibration__8169__clean__shuffled__r0,calibration,clean,shuffled,1,1024,-1,-1,2
calibration__8169__clean__shuffled__r1,calibration,clean,shuffled,1,1024,-1,-1,2
calibration__8169__clean__shuffled__r2,calibration,clean,shuffled,1,1024,-1,-1,2
calibration__8169__clean__shuffled__r3,calibration,clean,shuffled,1,1024,-1,-1,2
calibration__8169__clean__shuffled__r4,calibration,clean,shuffled,1,1024,-1,-1,2
calibration__8169__clean__shuffled__r5,calibration,clean,shuffled,1,1024,-1,-1,2
calibration__8169__clean__shuffled__r6,calibration,clean,shuffled,1,1024,-1,-1,2
calibration__8169__clean__shuffled__r7,calibration,clean,shuffled,1,1024,-1,-1,2
calibration__8169__clean__shuffled__r8,calibration,clean,shuffled,1,1024,-1,-1,2
calibration__8169__clean__shuffled__r9,calibration,clean,shuffled,1,1024,-1,-1,2
calibration__8169__clean__noise__r0,calibration,clean,noise,1,1024,-1,-1,1
calibration__8169__clean__sweep__r0,calibration,clean,sweep,2,1021,-1,-1,935
calibration__2208__clean__shuffled__r0,calibration,clean,shuffled,1,1024,-1,-1,2
calibration__2208__clean__shuffled__r1,calibration,clean,shuffled,1,1024,-1,-1,2
calibration__2208__clean__shuffled__r2,calibration,clean,shuffled,1,1024,-1,-1,2
calibration__2208__clean__shuffled__r3,calibration,clean,shuffled,1,1024,-1,-1,2
calibration__2208__clean__shuffled__r4,calibration,clean,shuffled,1,1024,-1,-1,1
calibration__2208__clean__shuffled__r5,calibration,clean,shuffled,1,1024,-1,-1,2
calibration__2208__clean__shuffled__r6,calibration,clean,shuffled,1,1024,-1,-1,2
calibration__2208__clean__shuffled__r7,calibration,clean,shuffled,1,1024,-1,-1,2
calibration__2208__clean__shuffled__r8,calibration,clean,shuffled,1,1024,-1,-1,2
calibration__2208__clean__shuffled__r9,calibration,clean,shuffled,1,1024,-1,-1,2
calibration__2208__clean__noise__r0,calibration,clean,noise,1,1024,-1,-1,1
calibration__2208__clean__sweep__r0,calibration,clean,sweep,106,900,278,375,1023
calibration__327__clean__shuffled__r0,calibration,clean,shuffled,1,1024,-1,-1,2
calibration__327__clean__shuffled__r1,calibration,clean,shuffled,1,1024,-1,-1,2
calibration__327__clean__shuffled__r2,calibration,clean,shuffled,1,1024,-1,-1,1
calibration__327__clean__shuffled__r3,calibration,clean,shuffled,1,1024,-1,-1,2
calibration__327__clean__shuffled__r4,calibration,clean,shuffled,1,1024,-1,-1,2
calibration__327__clean__shuffled__r5,calibration,clean,shuffled,1,1024,-1,-1,2
calibration__327__clean__shuffled__r6,calibration,clean,shuffled,1,1024,-1,-1,2
calibration__327__clean__shuffled__r7,calibration,clean,shuffled,1,1024,-1,-1,2
calibration__327__clean__shuffled__r8,calibration,clean,shuffled,1,1024,-1,-1,2
calibration__327__clean__shuffled__r9,calibration,clean,shuffled,1,1024,-1,-1,2
calibration__327__clean__noise__r0,calibration,clean,noise,1,1024,-1,-1,1
calibration__327__clean__sweep__r0,calibration,clean,sweep,2,989,-1,-1,318
calibration__8025__clean__shuffled__r0,calibration,clean,shuffled,1,1024,-1,-1,3
calibration__8025__clean__shuffled__r1,calibration,clean,shuffled,1,1024,-1,-1,2
calibration__8025__clean__shuffled__r2,calibration,clean,shuffled,1,1024,-1,-1,2
calibration__8025__clean__shuffled__r3,calibration,clean,shuffled,1,1024,-1,-1,2
calibration__8025__clean__shuffled__r4,calibration,clean,shuffled,1,1024,-1,-1,2
calibration__8025__clean__shuffled__r5,calibration,clean,shuffled,2,1023,-1,-1,2
calibration__8025__clean__shuffled__r6,calibration,clean,shuffled,1,1024,-1,-1,2
calibration__8025__clean__shuffled__r7,calibration,clean,shuffled,1,1024,-1,-1,2
calibration__8025__clean__shuffled__r8,calibration,clean,shuffled,1,1024,-1,-1,2
calibration__8025__clean__shuffled__r9,calibration,clean,shuffled,1,1024,-1,-1,2
calibration__8025__clean__noise__r0,calibration,clean,noise,1,1024,-1,-1,1
calibration__8025__clean__sweep__r0,calibration,clean,sweep,25,976,733,797,767
calibration__3455__clean__shuffled__r0,calibration,clean,shuffled,1,1024,-1,-1,2
calibration__3455__clean__shuffled__r1,calibration,clean,shuffled,1,1024,-1,-1,2
calibration__3455__clean__shuffled__r2,calibration,clean,shuffled,1,1024,-1,-1,2
calibration__3455__clean__shuffled__r3,calibration,clean,shuffled,2,1023,-1,-1,2
calibration__3455__clean__shuffled__r4,calibration,clean,shuffled,1,1024,-1,-1,2
calibration__3455__clean__shuffled__r5,calibration,clean,shuffled,1,1024,-1,-1,2
calibration__3455__clean__shuffled__r6,calibration,clean,shuffled,1,1024,-1,-1,2
calibration__3455__clean__shuffled__r7,calibration,clean,shuffled,1,1024,-1,-1,3
calibration__3455__clean__shuffled__r8,calibration,clean,shuffled,1,1024,-1,-1,2
calibration__3455__clean__shuffled__r9,calibration,clean,shuffled,1,1024,-1,-1,1
calibration__3455__clean__noise__r0,calibration,clean,noise,1,1024,-1,-1,-1
calibration__3455__clean__sweep__r0,calibration,clean,sweep,224,609,282,308,193
calibration__8724__clean__shuffled__r0,calibration,clean,shuffled,1,1024,-1,-1,2
calibration__8724__clean__shuffled__r1,calibration,clean,shuffled,2,1023,-1,-1,2
calibration__8724__clean__shuffled__r2,calibration,clean,shuffled,1,1024,-1,-1,2
calibration__8724__clean__shuffled__r3,calibration,clean,shuffled,1,1024,-1,-1,1
calibration__8724__clean__shuffled__r4,calibration,clean,shuffled,1,1024,-1,-1,2
calibration__8724__clean__shuffled__r5,calibration,clean,shuffled,1,1024,-1,-1,1
calibration__8724__clean__shuffled__r6,calibration,clean,shuffled,2,1023,-1,-1,2
calibration__8724__clean__shuffled__r7,calibration,clean,shuffled,1,1024,-1,-1,2
calibration__8724__clean__shuffled__r8,calibration,clean,shuffled,1,1024,-1,-1,1
calibration__8724__clean__shuffled__r9,calibration,clean,shuffled,1,1024,-1,-1,2
calibration__8724__clean__noise__r0,calibration,clean,noise,1,1024,-1,-1,-1
calibration__8724__clean__sweep__r0,calibration,clean,sweep,183,653,95,156,316
calibration__2004__clean__shuffled__r0,calibration,clean,shuffled,1,1024,-1,-1,2
calibration__2004__clean__shuffled__r1,calibration,clean,shuffled,1,1024,-1,-1,2
calibration__2004__clean__shuffled__r2,calibration,clean,shuffled,1,1024,-1,-1,2
calibration__2004__clean__shuffled__r3,calibration,clean,shuffled,1,1024,-1,-1,2
calibration__2004__clean__shuffled__r4,calibration,clean,shuffled,1,1024,-1,-1,2
calibration__2004__clean__shuffled__r5,calibration,clean,shuffled,1,1024,-1,-1,2
calibration__2004__clean__shuffled__r6,calibration,clean,shuffled,1,1024,-1,-1,1
calibration__2004__clean__shuffled__r7,calibration,clean,shuffled,1,1024,-1,-1,2
calibration__2004__clean__shuffled__r8,calibration,clean,shuffled,1,1024,-1,-1,3
calibration__2004__clean__shuffled__r9,calibration,clean,shuffled,1,1024,-1,-1,2
calibration__2004__clean__noise__r0,calibration,clean,noise,1,1024,-1,-1,3
calibration__2004__clean__sweep__r0,calibration,clean,sweep,149,770,155,189,-1
calibration__519__clean__shuffled__r0,calibration,clean,shuffled,1,1024,-1,-1,2
calibration__519__clean__shuffled__r1,calibration,clean,shuffled,4,1021,-1,-1,2
calibration__519__clean__shuffled__r2,calibration,clean,shuffled,1,1024,-1,-1,2
calibration__519__clean__shuffled__r3,calibration,clean,shuffled,1,1024,-1,-1,2
calibration__519__clean__shuffled__r4,calibration,clean,shuffled,1,1024,-1,-1,2
calibration__519__clean__shuffled__r5,calibration,clean,shuffled,1,1024,-1,-1,2
calibration__519__clean__shuffled__r6,calibration,clean,shuffled,1,1024,-1,-1,2
calibration__519__clean__shuffled__r7,calibration,clean,shuffled,1,1024,-1,-1,2
calibration__519__clean__shuffled__r8,calibration,clean,shuffled,1,1024,-1,-1,2
calibration__519__clean__shuffled__r9,calibration,clean,shuffled,1,1024,-1,-1,3
calibration__519__clean__noise__r0,calibration,clean,noise,1,1024,-1,-1,1
calibration__519__clean__sweep__r0,calibration,clean,sweep,223,521,154,156,149
calibration__5612__clean__shuffled__r0,calibration,clean,shuffled,1,1024,-1,-1,2
calibration__5612__clean__shuffled__r1,calibration,clean,shuffled,1,1024,-1,-1,2
calibration__5612__clean__shuffled__r2,calibration,clean,shuffled,1,1024,-1,-1,2
calibration__5612__clean__shuffled__r3,calibration,clean,shuffled,1,1024,-1,-1,2
calibration__5612__clean__shuffled__r4,calibration,clean,shuffled,1,1024,-1,-1,2
calibration__5612__clean__shuffled__r5,calibration,clean,shuffled,1,1024,-1,-1,1
calibration__5612__clean__shuffled__r6,calibration,clean,shuffled,1,1024,-1,-1,2
calibration__5612__clean__shuffled__r7,calibration,clean,shuffled,1,1024,-1,-1,3
calibration__5612__clean__shuffled__r8,calibration,clean,shuffled,2,1023,-1,-1,3
calibration__5612__clean__shuffled__r9,calibration,clean,shuffled,1,1024,-1,-1,2
calibration__5612__clean__noise__r0,calibration,clean,noise,1,1024,-1,-1,2
calibration__5612__clean__sweep__r0,calibration,clean,sweep,196,814,185,220,-1
calibration__3213__clean__shuffled__r0,calibration,clean,shuffled,1,1024,-1,-1,2
calibration__3213__clean__shuffled__r1,calibration,clean,shuffled,2,1023,-1,-1,2
calibration__3213__clean__shuffled__r2,calibration,clean,shuffled,1,1024,-1,-1,3
calibration__3213__clean__shuffled__r3,calibration,clean,shuffled,1,1024,-1,-1,2
calibration__3213__clean__shuffled__r4,calibration,clean,shuffled,1,1024,-1,-1,2
calibration__3213__clean__shuffled__r5,calibration,clean,shuffled,1,1024,-1,-1,2
calibration__3213__clean__shuffled__r6,calibration,clean,shuffled,1,1024,-1,-1,4
calibration__3213__clean__shuffled__r7,calibration,clean,shuffled,1,1024,-1,-1,2
calibration__3213__clean__shuffled__r8,calibration,clean,shuffled,1,1024,-1,-1,2
calibration__3213__clean__shuffled__r9,calibration,clean,shuffled,1,1024,-1,-1,1
calibration__3213__clean__noise__r0,calibration,clean,noise,1,1024,-1,-1,1
calibration__3213__clean__sweep__r0,calibration,clean,sweep,2,1013,-1,-1,-1
calibration__7699__clean__shuffled__r0,calibration,clean,shuffled,1,1024,-1,-1,2
calibration__7699__clean__shuffled__r1,calibration,clean,shuffled,2,1023,-1,-1,2
calibration__7699__clean__shuffled__r2,calibration,clean,shuffled,1,1024,-1,-1,1
calibration__7699__clean__shuffled__r3,calibration,clean,shuffled,1,1024,-1,-1,1
calibration__7699__clean__shuffled__r4,calibration,clean,shuffled,1,1024,-1,-1,1
calibration__7699__clean__shuffled__r5,calibration,clean,shuffled,1,1024,-1,-1,2
calibration__7699__clean__shuffled__r6,calibration,clean,shuffled,1,1024,-1,-1,2
calibration__7699__clean__shuffled__r7,calibration,clean,shuffled,2,1023,-1,-1,2
calibration__7699__clean__shuffled__r8,calibration,clean,shuffled,1,1024,-1,-1,2
calibration__7699__clean__shuffled__r9,calibration,clean,shuffled,1,1024,-1,-1,2
calibration__7699__clean__noise__r0,calibration,clean,noise,1,1024,-1,-1,1
calibration__7699__clean__sweep__r0,calibration,clean,sweep,186,817,283,283,270
evaluation__3568__clean__shuffled__r0,evaluation,clean,shuffled,1,1024,-1,-1,1
evaluation__3568__clean__shuffled__r1,evaluation,clean,shuffled,1,1024,-1,-1,2
evaluation__3568__clean__shuffled__r2,evaluation,clean,shuffled,1,1024,-1,-1,2
evaluation__3568__clean__shuffled__r3,evaluation,clean,shuffled,1,1024,-1,-1,2
evaluation__3568__clean__shuffled__r4,evaluation,clean,shuffled,1,1024,-1,-1,2
evaluation__3568__clean__shuffled__r5,evaluation,clean,shuffled,1,1024,-1,-1,1
evaluation__3568__clean__shuffled__r6,evaluation,clean,shuffled,1,1024,-1,-1,1
evaluation__3568__clean__shuffled__r7,evaluation,clean,shuffled,1,1024,-1,-1,2
evaluation__3568__clean__shuffled__r8,evaluation,clean,shuffled,1,1024,-1,-1,2
evaluation__3568__clean__shuffled__r9,evaluation,clean,shuffled,1,1024,-1,-1,2
evaluation__3568__clean__noise__r0,evaluation,clean,noise,1,1024,-1,-1,1
evaluation__3568__clean__sweep__r0,evaluation,clean,sweep,75,921,384,510,-1
evaluation__6494__clean__shuffled__r0,evaluation,clean,shuffled,1,1024,-1,-1,2
evaluation__6494__clean__shuffled__r1,evaluation,clean,shuffled,1,1024,-1,-1,2
evaluation__6494__clean__shuffled__r2,evaluation,clean,shuffled,1,1024,-1,-1,2
evaluation__6494__clean__shuffled__r3,evaluation,clean,shuffled,1,1024,-1,-1,3
evaluation__6494__clean__shuffled__r4,evaluation,clean,shuffled,1,1024,-1,-1,2
evaluation__6494__clean__shuffled__r5,evaluation,clean,shuffled,1,1024,-1,-1,2
evaluation__6494__clean__shuffled__r6,evaluation,clean,shuffled,1,1024,-1,-1,2
evaluation__6494__clean__shuffled__r7,evaluation,clean,shuffled,1,1024,-1,-1,2
evaluation__6494__clean__shuffled__r8,evaluation,clean,shuffled,1,1024,-1,-1,2
evaluation__6494__clean__shuffled__r9,evaluation,clean,shuffled,1,1024,-1,-1,2
evaluation__6494__clean__noise__r0,evaluation,clean,noise,1,1024,-1,-1,1
evaluation__6494__clean__sweep__r0,evaluation,clean,sweep,146,611,122,185,417
evaluation__9045__clean__shuffled__r0,evaluation,clean,shuffled,1,1024,-1,-1,2
evaluation__9045__clean__shuffled__r1,evaluation,clean,shuffled,1,1024,-1,-1,2
evaluation__9045__clean__shuffled__r2,evaluation,clean,shuffled,4,1021,-1,-1,2
evaluation__9045__clean__shuffled__r3,evaluation,clean,shuffled,1,1024,-1,-1,2
evaluation__9045__clean__shuffled__r4,evaluation,clean,shuffled,1,1024,-1,-1,1
evaluation__9045__clean__shuffled__r5,evaluation,clean,shuffled,1,1024,-1,-1,2
evaluation__9045__clean__shuffled__r6,evaluation,clean,shuffled,1,1024,-1,-1,2
evaluation__9045__clean__shuffled__r7,evaluation,clean,shuffled,1,1024,-1,-1,2
evaluation__9045__clean__shuffled__r8,evaluation,clean,shuffled,1,1024,-1,-1,2
evaluation__9045__clean__shuffled__r9,evaluation,clean,shuffled,1,1024,-1,-1,3
evaluation__9045__clean__noise__r0,evaluation,clean,noise,1,1024,-1,-1,344
evaluation__9045__clean__sweep__r0,evaluation,clean,sweep,210,468,120,153,-1
evaluation__122__clean__shuffled__r0,evaluation,clean,shuffled,1,1024,-1,-1,2
evaluation__122__clean__shuffled__r1,evaluation,clean,shuffled,1,1024,-1,-1,2
evaluation__122__clean__shuffled__r2,evaluation,clean,shuffled,1,1024,-1,-1,2
evaluation__122__clean__shuffled__r3,evaluation,clean,shuffled,1,1024,-1,-1,2
evaluation__122__clean__shuffled__r4,evaluation,clean,shuffled,1,1024,-1,-1,2
evaluation__122__clean__shuffled__r5,evaluation,clean,shuffled,1,1024,-1,-1,2
evaluation__122__clean__shuffled__r6,evaluation,clean,shuffled,1,1024,-1,-1,2
evaluation__122__clean__shuffled__r7,evaluation,clean,shuffled,1,1024,-1,-1,3
evaluation__122__clean__shuffled__r8,evaluation,clean,shuffled,1,1024,-1,-1,2
evaluation__122__clean__shuffled__r9,evaluation,clean,shuffled,1,1024,-1,-1,2
evaluation__122__clean__noise__r0,evaluation,clean,noise,1,1024,-1,-1,2
evaluation__122__clean__sweep__r0,evaluation,clean,sweep,1,1024,-1,-1,887
evaluation__3020__clean__shuffled__r0,evaluation,clean,shuffled,1,1024,-1,-1,3
evaluation__3020__clean__shuffled__r1,evaluation,clean,shuffled,1,1024,-1,-1,1
evaluation__3020__clean__shuffled__r2,evaluation,clean,shuffled,2,1023,-1,-1,2
evaluation__3020__clean__shuffled__r3,evaluation,clean,shuffled,1,1024,-1,-1,2
evaluation__3020__clean__shuffled__r4,evaluation,clean,shuffled,1,1024,-1,-1,2
evaluation__3020__clean__shuffled__r5,evaluation,clean,shuffled,1,1024,-1,-1,2
evaluation__3020__clean__shuffled__r6,evaluation,clean,shuffled,1,1024,-1,-1,2
evaluation__3020__clean__shuffled__r7,evaluation,clean,shuffled,1,1024,-1,-1,2
evaluation__3020__clean__shuffled__r8,evaluation,clean,shuffled,1,1024,-1,-1,3
evaluation__3020__clean__shuffled__r9,evaluation,clean,shuffled,1,1024,-1,-1,2
evaluation__3020__clean__noise__r0,evaluation,clean,noise,1,1024,-1,-1,1
evaluation__3020__clean__sweep__r0,evaluation,clean,sweep,4,997,-1,-1,535
evaluation__7450__clean__shuffled__r0,evaluation,clean,shuffled,1,1024,-1,-1,2
evaluation__7450__clean__shuffled__r1,evaluation,clean,shuffled,2,1023,-1,-1,3
evaluation__7450__clean__shuffled__r2,evaluation,clean,shuffled,1,1024,-1,-1,2
evaluation__7450__clean__shuffled__r3,evaluation,clean,shuffled,1,1024,-1,-1,2
evaluation__7450__clean__shuffled__r4,evaluation,clean,shuffled,1,1024,-1,-1,2
evaluation__7450__clean__shuffled__r5,evaluation,clean,shuffled,1,1024,-1,-1,2
evaluation__7450__clean__shuffled__r6,evaluation,clean,shuffled,1,1024,-1,-1,2
evaluation__7450__clean__shuffled__r7,evaluation,clean,shuffled,1,1024,-1,-1,2
evaluation__7450__clean__shuffled__r8,evaluation,clean,shuffled,1,1024,-1,-1,2
evaluation__7450__clean__shuffled__r9,evaluation,clean,shuffled,1,1024,-1,-1,2
evaluation__7450__clean__noise__r0,evaluation,clean,noise,1,1024,-1,-1,1
evaluation__7450__clean__sweep__r0,evaluation,clean,sweep,9,1001,-1,-1,-1
evaluation__988__clean__shuffled__r0,evaluation,clean,shuffled,1,1024,-1,-1,2
evaluation__988__clean__shuffled__r1,evaluation,clean,shuffled,1,1024,-1,-1,2
evaluation__988__clean__shuffled__r2,evaluation,clean,shuffled,1,1024,-1,-1,2
evaluation__988__clean__shuffled__r3,evaluation,clean,shuffled,2,1023,-1,-1,2
evaluation__988__clean__shuffled__r4,evaluation,clean,shuffled,1,1024,-1,-1,2
evaluation__988__clean__shuffled__r5,evaluation,clean,shuffled,1,1024,-1,-1,2
evaluation__988__clean__shuffled__r6,evaluation,clean,shuffled,1,1024,-1,-1,2
evaluation__988__clean__shuffled__r7,evaluation,clean,shuffled,1,1024,-1,-1,2
evaluation__988__clean__shuffled__r8,evaluation,clean,shuffled,1,1024,-1,-1,2
evaluation__988__clean__shuffled__r9,evaluation,clean,shuffled,1,1024,-1,-1,2
evaluation__988__clean__noise__r0,evaluation,clean,noise,1,1024,-1,-1,141
evaluation__988__clean__sweep__r0,evaluation,clean,sweep,3,1022,-1,-1,291
evaluation__3313__clean__shuffled__r0,evaluation,clean,shuffled,1,1024,-1,-1,2
evaluation__3313__clean__shuffled__r1,evaluation,clean,shuffled,1,1024,-1,-1,2
evaluation__3313__clean__shuffled__r2,evaluation,clean,shuffled,2,1023,-1,-1,2
evaluation__3313__clean__shuffled__r3,evaluation,clean,shuffled,1,1024,-1,-1,2
evaluation__3313__clean__shuffled__r4,evaluation,clean,shuffled,1,1024,-1,-1,3
evaluation__3313__clean__shuffled__r5,evaluation,clean,shuffled,1,1024,-1,-1,2
evaluation__3313__clean__shuffled__r6,evaluation,clean,shuffled,2,1023,-1,-1,2
evaluation__3313__clean__shuffled__r7,evaluation,clean,shuffled,1,1024,-1,-1,2
evaluation__3313__clean__shuffled__r8,evaluation,clean,shuffled,1,1024,-1,-1,2
evaluation__3313__clean__shuffled__r9,evaluation,clean,shuffled,1,1024,-1,-1,2
evaluation__3313__clean__noise__r0,evaluation,clean,noise,1,1024,-1,-1,2
evaluation__3313__clean__sweep__r0,evaluation,clean,sweep,214,337,108,169,924
evaluation__6981__clean__shuffled__r0,evaluation,clean,shuffled,1,1024,-1,-1,2
evaluation__6981__clean__shuffled__r1,evaluation,clean,shuffled,1,1024,-1,-1,2
evaluation__6981__clean__shuffled__r2,evaluation,clean,shuffled,1,1024,-1,-1,2
evaluation__6981__clean__shuffled__r3,evaluation,clean,shuffled,1,1024,-1,-1,2
evaluation__6981__clean__shuffled__r4,evaluation,clean,shuffled,1,1024,-1,-1,2
evaluation__6981__clean__shuffled__r5,evaluation,clean,shuffled,1,1024,-1,-1,1
evaluation__6981__clean__shuffled__r6,evaluation,clean,shuffled,1,1024,-1,-1,2
evaluation__6981__clean__shuffled__r7,evaluation,clean,shuffled,1,1024,-1,-1,2
evaluation__6981__clean__shuffled__r8,evaluation,clean,shuffled,1,1024,-1,-1,2
evaluation__6981__clean__shuffled__r9,evaluation,clean,shuffled,1,1024,-1,-1,2
evaluation__6981__clean__noise__r0,evaluation,clean,noise,1,1024,-1,-1,2
evaluation__6981__clean__sweep__r0,evaluation,clean,sweep,2,1005,-1,-1,257
evaluation__9267__clean__shuffled__r0,evaluation,clean,shuffled,1,1024,-1,-1,2
evaluation__9267__clean__shuffled__r1,evaluation,clean,shuffled,1,1024,-1,-1,2
evaluation__9267__clean__shuffled__r2,evaluation,clean,shuffled,1,1024,-1,-1,1
evaluation__9267__clean__shuffled__r3,evaluation,clean,shuffled,1,1024,-1,-1,2
evaluation__9267__clean__shuffled__r4,evaluation,clean,shuffled,1,1024,-1,-1,2
evaluation__9267__clean__shuffled__r5,evaluation,clean,shuffled,1,1024,-1,-1,2
evaluation__9267__clean__shuffled__r6,evaluation,clean,shuffled,2,1023,-1,-1,2
evaluation__9267__clean__shuffled__r7,evaluation,clean,shuffled,2,1023,-1,-1,2
evaluation__9267__clean__shuffled__r8,evaluation,clean,shuffled,1,1024,-1,-1,2
evaluation__9267__clean__shuffled__r9,evaluation,clean,shuffled,1,1024,-1,-1,2
evaluation__9267__clean__noise__r0,evaluation,clean,noise,1,1024,-1,-1,2
evaluation__9267__clean__sweep__r0,evaluation,clean,sweep,2,1018,-1,-1,65
evaluation__3023__clean__shuffled__r0,evaluation,clean,shuffled,1,1024,-1,-1,4
evaluation__3023__clean__shuffled__r1,evaluation,clean,shuffled,1,1024,-1,-1,2
evaluation__3023__clean__shuffled__r2,evaluation,clean,shuffled,1,1024,-1,-1,2
evaluation__3023__clean__shuffled__r3,evaluation,clean,shuffled,1,1024,-1,-1,2
evaluation__3023__clean__shuffled__r4,evaluation,clean,shuffled,1,1024,-1,-1,2
evaluation__3023__clean__shuffled__r5,evaluation,clean,shuffled,1,1024,-1,-1,2
evaluation__3023__clean__shuffled__r6,evaluation,clean,shuffled,1,1024,-1,-1,2
evaluation__3023__clean__shuffled__r7,evaluation,clean,shuffled,1,1024,-1,-1,3
evaluation__3023__clean__shuffled__r8,evaluation,clean,shuffled,1,1024,-1,-1,2
evaluation__3023__clean__shuffled__r9,evaluation,clean,shuffled,1,1024,-1,-1,1
evaluation__3023__clean__noise__r0,evaluation,clean,noise,1,1024,-1,-1,1
evaluation__3023__clean__sweep__r0,evaluation,clean,sweep,143,559,144,204,193
evaluation__5732__clean__shuffled__r0,evaluation,clean,shuffled,1,1024,-1,-1,2
evaluation__5732__clean__shuffled__r1,evaluation,clean,shuffled,1,1024,-1,-1,2
evaluation__5732__clean__shuffled__r2,evaluation,clean,shuffled,1,1024,-1,-1,2
evaluation__5732__clean__shuffled__r3,evaluation,clean,shuffled,1,1024,-1,-1,2
evaluation__5732__clean__shuffled__r4,evaluation,clean,shuffled,1,1024,-1,-1,2
evaluation__5732__clean__shuffled__r5,evaluation,clean,shuffled,2,1023,-1,-1,4
evaluation__5732__clean__shuffled__r6,evaluation,clean,shuffled,1,1024,-1,-1,2
evaluation__5732__clean__shuffled__r7,evaluation,clean,shuffled,1,1024,-1,-1,2
evaluation__5732__clean__shuffled__r8,evaluation,clean,shuffled,1,1024,-1,-1,2
evaluation__5732__clean__shuffled__r9,evaluation,clean,shuffled,1,1024,-1,-1,2
evaluation__5732__clean__noise__r0,evaluation,clean,noise,1,1024,-1,-1,1
evaluation__5732__clean__sweep__r0,evaluation,clean,sweep,134,853,253,285,449
evaluation__7518__clean__shuffled__r0,evaluation,clean,shuffled,1,1024,-1,-1,2
evaluation__7518__clean__shuffled__r1,evaluation,clean,shuffled,1,1024,-1,-1,2
evaluation__7518__clean__shuffled__r2,evaluation,clean,shuffled,1,1024,-1,-1,2
evaluation__7518__clean__shuffled__r3,evaluation,clean,shuffled,1,1024,-1,-1,2
evaluation__7518__clean__shuffled__r4,evaluation,clean,shuffled,1,1024,-1,-1,3
evaluation__7518__clean__shuffled__r5,evaluation,clean,shuffled,1,1024,-1,-1,2
evaluation__7518__clean__shuffled__r6,evaluation,clean,shuffled,3,1022,-1,-1,2
evaluation__7518__clean__shuffled__r7,evaluation,clean,shuffled,1,1024,-1,-1,2
evaluation__7518__clean__shuffled__r8,evaluation,clean,shuffled,1,1024,-1,-1,2
evaluation__7518__clean__shuffled__r9,evaluation,clean,shuffled,1,1024,-1,-1,2
evaluation__7518__clean__noise__r0,evaluation,clean,noise,1,1024,-1,-1,2
evaluation__7518__clean__sweep__r0,evaluation,clean,sweep,111,657,190,253,727
evaluation__1533__clean__shuffled__r0,evaluation,clean,shuffled,1,1024,-1,-1,2
evaluation__1533__clean__shuffled__r1,evaluation,clean,shuffled,1,1024,-1,-1,2
evaluation__1533__clean__shuffled__r2,evaluation,clean,shuffled,1,1024,-1,-1,3
evaluation__1533__clean__shuffled__r3,evaluation,clean,shuffled,1,1024,-1,-1,2
evaluation__1533__clean__shuffled__r4,evaluation,clean,shuffled,1,1024,-1,-1,2
evaluation__1533__clean__shuffled__r5,evaluation,clean,shuffled,1,1024,-1,-1,2
evaluation__1533__clean__shuffled__r6,evaluation,clean,shuffled,1,1024,-1,-1,1
evaluation__1533__clean__shuffled__r7,evaluation,clean,shuffled,1,1024,-1,-1,2
evaluation__1533__clean__shuffled__r8,evaluation,clean,shuffled,1,1024,-1,-1,3
evaluation__1533__clean__shuffled__r9,evaluation,clean,shuffled,1,1024,-1,-1,2
evaluation__1533__clean__noise__r0,evaluation,clean,noise,1,1024,-1,-1,3
evaluation__1533__clean__sweep__r0,evaluation,clean,sweep,135,876,283,282,-1
evaluation__4042__clean__shuffled__r0,evaluation,clean,shuffled,1,1024,-1,-1,2
evaluation__4042__clean__shuffled__r1,evaluation,clean,shuffled,1,1024,-1,-1,2
evaluation__4042__clean__shuffled__r2,evaluation,clean,shuffled,2,1023,-1,-1,2
evaluation__4042__clean__shuffled__r3,evaluation,clean,shuffled,1,1024,-1,-1,2
evaluation__4042__clean__shuffled__r4,evaluation,clean,shuffled,1,1024,-1,-1,2
evaluation__4042__clean__shuffled__r5,evaluation,clean,shuffled,1,1024,-1,-1,2
evaluation__4042__clean__shuffled__r6,evaluation,clean,shuffled,1,1024,-1,-1,2
evaluation__4042__clean__shuffled__r7,evaluation,clean,shuffled,1,1024,-1,-1,2
evaluation__4042__clean__shuffled__r8,evaluation,clean,shuffled,1,1024,-1,-1,2
evaluation__4042__clean__shuffled__r9,evaluation,clean,shuffled,1,1024,-1,-1,2
evaluation__4042__clean__noise__r0,evaluation,clean,noise,1,1024,-1,-1,1
evaluation__4042__clean__sweep__r0,evaluation,clean,sweep,4,1002,-1,-1,761
evaluation__7916__clean__shuffled__r0,evaluation,clean,shuffled,1,1024,-1,-1,2
evaluation__7916__clean__shuffled__r1,evaluation,clean,shuffled,1,1024,-1,-1,2
evaluation__7916__clean__shuffled__r2,evaluation,clean,shuffled,1,1024,-1,-1,2
evaluation__7916__clean__shuffled__r3,evaluation,clean,shuffled,1,1024,-1,-1,2
evaluation__7916__clean__shuffled__r4,evaluation,clean,shuffled,1,1024,-1,-1,2
evaluation__7916__clean__shuffled__r5,evaluation,clean,shuffled,1,1024,-1,-1,2
evaluation__7916__clean__shuffled__r6,evaluation,clean,shuffled,1,1024,-1,-1,2
evaluation__7916__clean__shuffled__r7,evaluation,clean,shuffled,1,1024,-1,-1,2
evaluation__7916__clean__shuffled__r8,evaluation,clean,shuffled,2,1022,-1,-1,3
evaluation__7916__clean__shuffled__r9,evaluation,clean,shuffled,1,1024,-1,-1,3
evaluation__7916__clean__noise__r0,evaluation,clean,noise,1,1024,-1,-1,16
evaluation__7916__clean__sweep__r0,evaluation,clean,sweep,133,766,151,189,353
evaluation__1290__clean__shuffled__r0,evaluation,clean,shuffled,1,1024,-1,-1,2
evaluation__1290__clean__shuffled__r1,evaluation,clean,shuffled,1,1024,-1,-1,1
evaluation__1290__clean__shuffled__r2,evaluation,clean,shuffled,1,1024,-1,-1,2
evaluation__1290__clean__shuffled__r3,evaluation,clean,shuffled,1,1024,-1,-1,2
evaluation__1290__clean__shuffled__r4,evaluation,clean,shuffled,1,1024,-1,-1,2
evaluation__1290__clean__shuffled__r5,evaluation,clean,shuffled,1,1024,-1,-1,2
evaluation__1290__clean__shuffled__r6,evaluation,clean,shuffled,1,1024,-1,-1,2
evaluation__1290__clean__shuffled__r7,evaluation,clean,shuffled,1,1024,-1,-1,2
evaluation__1290__clean__shuffled__r8,evaluation,clean,shuffled,1,1024,-1,-1,2
evaluation__1290__clean__shuffled__r9,evaluation,clean,shuffled,1,1024,-1,-1,2
evaluation__1290__clean__noise__r0,evaluation,clean,noise,1,1024,-1,-1,1
evaluation__1290__clean__sweep__r0,evaluation,clean,sweep,193,818,190,251,-1
evaluation__3613__clean__shuffled__r0,evaluation,clean,shuffled,1,1024,-1,-1,2
evaluation__3613__clean__shuffled__r1,evaluation,clean,shuffled,1,1024,-1,-1,2
evaluation__3613__clean__shuffled__r2,evaluation,clean,shuffled,1,1024,-1,-1,2
evaluation__3613__clean__shuffled__r3,evaluation,clean,shuffled,1,1024,-1,-1,1
evaluation__3613__clean__shuffled__r4,evaluation,clean,shuffled,1,1024,-1,-1,1
evaluation__3613__clean__shuffled__r5,evaluation,clean,shuffled,1,1024,-1,-1,2
evaluation__3613__clean__shuffled__r6,evaluation,clean,shuffled,1,1024,-1,-1,1
evaluation__3613__clean__shuffled__r7,evaluation,clean,shuffled,1,1024,-1,-1,1
evaluation__3613__clean__shuffled__r8,evaluation,clean,shuffled,1,1024,-1,-1,2
evaluation__3613__clean__shuffled__r9,evaluation,clean,shuffled,1,1024,-1,-1,1
evaluation__3613__clean__noise__r0,evaluation,clean,noise,1,1024,-1,-1,1
evaluation__3613__clean__sweep__r0,evaluation,clean,sweep,195,786,157,220,385
evaluation__6120__clean__shuffled__r0,evaluation,clean,shuffled,1,1024,-1,-1,2
evaluation__6120__clean__shuffled__r1,evaluation,clean,shuffled,1,1024,-1,-1,2
evaluation__6120__clean__shuffled__r2,evaluation,clean,shuffled,1,1024,-1,-1,2
evaluation__6120__clean__shuffled__r3,evaluation,clean,shuffled,1,1024,-1,-1,2
evaluation__6120__clean__shuffled__r4,evaluation,clean,shuffled,1,1024,-1,-1,2
evaluation__6120__clean__shuffled__r5,evaluation,clean,shuffled,2,1023,-1,-1,2
evaluation__6120__clean__shuffled__r6,evaluation,clean,shuffled,1,1024,-1,-1,2
evaluation__6120__clean__shuffled__r7,evaluation,clean,shuffled,1,1024,-1,-1,2
evaluation__6120__clean__shuffled__r8,evaluation,clean,shuffled,1,1024,-1,-1,2
evaluation__6120__clean__shuffled__r9,evaluation,clean,shuffled,1,1024,-1,-1,2
evaluation__6120__clean__noise__r0,evaluation,clean,noise,1,1024,-1,-1,2
evaluation__6120__clean__sweep__r0,evaluation,clean,sweep,119,788,446,478,609
evaluation__9540__clean__shuffled__r0,evaluation,clean,shuffled,1,1024,-1,-1,2
evaluation__9540__clean__shuffled__r1,evaluation,clean,shuffled,1,1024,-1,-1,2
evaluation__9540__clean__shuffled__r2,evaluation,clean,shuffled,1,1024,-1,-1,2
evaluation__9540__clean__shuffled__r3,evaluation,clean,shuffled,1,1024,-1,-1,2
evaluation__9540__clean__shuffled__r4,evaluation,clean,shuffled,1,1024,-1,-1,2
evaluation__9540__clean__shuffled__r5,evaluation,clean,shuffled,1,1024,-1,-1,2
evaluation__9540__clean__shuffled__r6,evaluation,clean,shuffled,1,1024,-1,-1,2
evaluation__9540__clean__shuffled__r7,evaluation,clean,shuffled,1,1024,-1,-1,2
evaluation__9540__clean__shuffled__r8,evaluation,clean,shuffled,1,1024,-1,-1,2
evaluation__9540__clean__shuffled__r9,evaluation,clean,shuffled,1,1024,-1,-1,3
evaluation__9540__clean__noise__r0,evaluation,clean,noise,1,1024,-1,-1,2
evaluation__9540__clean__sweep__r0,evaluation,clean,sweep,2,1007,-1,-1,991
evaluation__2105__clean__shuffled__r0,evaluation,clean,shuffled,1,1024,-1,-1,1
evaluation__2105__clean__shuffled__r1,evaluation,clean,shuffled,1,1024,-1,-1,2
evaluation__2105__clean__shuffled__r2,evaluation,clean,shuffled,1,1024,-1,-1,3
evaluation__2105__clean__shuffled__r3,evaluation,clean,shuffled,1,1024,-1,-1,2
evaluation__2105__clean__shuffled__r4,evaluation,clean,shuffled,1,1024,-1,-1,2
evaluation__2105__clean__shuffled__r5,evaluation,clean,shuffled,1,1024,-1,-1,2
evaluation__2105__clean__shuffled__r6,evaluation,clean,shuffled,1,1024,-1,-1,2
evaluation__2105__clean__shuffled__r7,evaluation,clean,shuffled,1,1024,-1,-1,2
evaluation__2105__clean__shuffled__r8,evaluation,clean,shuffled,1,1024,-1,-1,2
evaluation__2105__clean__shuffled__r9,evaluation,clean,shuffled,2,1023,-1,-1,2
evaluation__2105__clean__noise__r0,evaluation,clean,noise,1,1024,-1,-1,-1
evaluation__2105__clean__sweep__r0,evaluation,clean,sweep,2,1022,-1,-1,696
evaluation__4788__clean__shuffled__r0,evaluation,clean,shuffled,1,1024,-1,-1,2
evaluation__4788__clean__shuffled__r1,evaluation,clean,shuffled,1,1024,-1,-1,2
evaluation__4788__clean__shuffled__r2,evaluation,clean,shuffled,1,1024,-1,-1,2
evaluation__4788__clean__shuffled__r3,evaluation,clean,shuffled,1,1024,-1,-1,2
evaluation__4788__clean__shuffled__r4,evaluation,clean,shuffled,1,1024,-1,-1,2
evaluation__4788__clean__shuffled__r5,evaluation,clean,shuffled,1,1024,-1,-1,2
evaluation__4788__clean__shuffled__r6,evaluation,clean,shuffled,1,1024,-1,-1,2
evaluation__4788__clean__shuffled__r7,evaluation,clean,shuffled,1,1024,-1,-1,2
evaluation__4788__clean__shuffled__r8,evaluation,clean,shuffled,1,1024,-1,-1,2
evaluation__4788__clean__shuffled__r9,evaluation,clean,shuffled,1,1024,-1,-1,1
evaluation__4788__clean__noise__r0,evaluation,clean,noise,1,1024,-1,-1,30
evaluation__4788__clean__sweep__r0,evaluation,clean,sweep,111,630,188,253,1002
evaluation__8113__clean__shuffled__r0,evaluation,clean,shuffled,2,1023,-1,-1,2
evaluation__8113__clean__shuffled__r1,evaluation,clean,shuffled,1,1024,-1,-1,2
evaluation__8113__clean__shuffled__r2,evaluation,clean,shuffled,1,1024,-1,-1,2
evaluation__8113__clean__shuffled__r3,evaluation,clean,shuffled,1,1024,-1,-1,2
evaluation__8113__clean__shuffled__r4,evaluation,clean,shuffled,1,1024,-1,-1,2
evaluation__8113__clean__shuffled__r5,evaluation,clean,shuffled,2,1023,-1,-1,2
evaluation__8113__clean__shuffled__r6,evaluation,clean,shuffled,1,1024,-1,-1,1
evaluation__8113__clean__shuffled__r7,evaluation,clean,shuffled,1,1024,-1,-1,2
evaluation__8113__clean__shuffled__r8,evaluation,clean,shuffled,1,1024,-1,-1,2
evaluation__8113__clean__shuffled__r9,evaluation,clean,shuffled,1,1024,-1,-1,3
evaluation__8113__clean__noise__r0,evaluation,clean,noise,1,1024,-1,-1,-1
evaluation__8113__clean__sweep__r0,evaluation,clean,sweep,1,1024,-1,-1,826
evaluation__1966__clean__shuffled__r0,evaluation,clean,shuffled,1,1024,-1,-1,2
evaluation__1966__clean__shuffled__r1,evaluation,clean,shuffled,1,1024,-1,-1,2
evaluation__1966__clean__shuffled__r2,evaluation,clean,shuffled,1,1024,-1,-1,2
evaluation__1966__clean__shuffled__r3,evaluation,clean,shuffled,1,1024,-1,-1,3
evaluation__1966__clean__shuffled__r4,evaluation,clean,shuffled,1,1024,-1,-1,2
evaluation__1966__clean__shuffled__r5,evaluation,clean,shuffled,1,1024,-1,-1,2
evaluation__1966__clean__shuffled__r6,evaluation,clean,shuffled,1,1024,-1,-1,2
evaluation__1966__clean__shuffled__r7,evaluation,clean,shuffled,1,1024,-1,-1,2
evaluation__1966__clean__shuffled__r8,evaluation,clean,shuffled,1,1024,-1,-1,2
evaluation__1966__clean__shuffled__r9,evaluation,clean,shuffled,1,1024,-1,-1,2
evaluation__1966__clean__noise__r0,evaluation,clean,noise,1,1024,-1,-1,1
evaluation__1966__clean__sweep__r0,evaluation,clean,sweep,2,1021,-1,-1,-1
evaluation__4186__clean__shuffled__r0,evaluation,clean,shuffled,2,1023,-1,-1,2
evaluation__4186__clean__shuffled__r1,evaluation,clean,shuffled,1,1024,-1,-1,2
evaluation__4186__clean__shuffled__r2,evaluation,clean,shuffled,1,1024,-1,-1,1
evaluation__4186__clean__shuffled__r3,evaluation,clean,shuffled,1,1024,-1,-1,1
evaluation__4186__clean__shuffled__r4,evaluation,clean,shuffled,1,1024,-1,-1,2
evaluation__4186__clean__shuffled__r5,evaluation,clean,shuffled,1,1024,-1,-1,2
evaluation__4186__clean__shuffled__r6,evaluation,clean,shuffled,1,1024,-1,-1,2
evaluation__4186__clean__shuffled__r7,evaluation,clean,shuffled,2,1023,-1,-1,2
evaluation__4186__clean__shuffled__r8,evaluation,clean,shuffled,1,1024,-1,-1,2
evaluation__4186__clean__shuffled__r9,evaluation,clean,shuffled,1,1024,-1,-1,2
evaluation__4186__clean__noise__r0,evaluation,clean,noise,1,1024,-1,-1,1
evaluation__4186__clean__sweep__r0,evaluation,clean,sweep,60,955,480,544,1005
evaluation__5998__clean__shuffled__r0,evaluation,clean,shuffled,1,1024,-1,-1,2
evaluation__5998__clean__shuffled__r1,evaluation,clean,shuffled,3,1022,-1,-1,2
evaluation__5998__clean__shuffled__r2,evaluation,clean,shuffled,1,1024,-1,-1,2
evaluation__5998__clean__shuffled__r3,evaluation,clean,shuffled,1,1024,-1,-1,1
evaluation__5998__clean__shuffled__r4,evaluation,clean,shuffled,1,1024,-1,-1,2
evaluation__5998__clean__shuffled__r5,evaluation,clean,shuffled,1,1024,-1,-1,3
evaluation__5998__clean__shuffled__r6,evaluation,clean,shuffled,1,1024,-1,-1,2
evaluation__5998__clean__shuffled__r7,evaluation,clean,shuffled,1,1024,-1,-1,2
evaluation__5998__clean__shuffled__r8,evaluation,clean,shuffled,1,1024,-1,-1,2
evaluation__5998__clean__shuffled__r9,evaluation,clean,shuffled,1,1024,-1,-1,2
evaluation__5998__clean__noise__r0,evaluation,clean,noise,1,1024,-1,-1,1
evaluation__5998__clean__sweep__r0,evaluation,clean,sweep,154,358,183,263,-1
evaluation__582__clean__shuffled__r0,evaluation,clean,shuffled,1,1024,-1,-1,3
evaluation__582__clean__shuffled__r1,evaluation,clean,shuffled,1,1024,-1,-1,2
evaluation__582__clean__shuffled__r2,evaluation,clean,shuffled,1,1024,-1,-1,2
evaluation__582__clean__shuffled__r3,evaluation,clean,shuffled,1,1024,-1,-1,2
evaluation__582__clean__shuffled__r4,evaluation,clean,shuffled,2,1023,-1,-1,2
evaluation__582__clean__shuffled__r5,evaluation,clean,shuffled,1,1024,-1,-1,2
evaluation__582__clean__shuffled__r6,evaluation,clean,shuffled,1,1024,-1,-1,2
evaluation__582__clean__shuffled__r7,evaluation,clean,shuffled,1,1024,-1,-1,3
evaluation__582__clean__shuffled__r8,evaluation,clean,shuffled,1,1024,-1,-1,2
evaluation__582__clean__shuffled__r9,evaluation,clean,shuffled,1,1024,-1,-1,2
evaluation__582__clean__noise__r0,evaluation,clean,noise,1,1024,-1,-1,1
evaluation__582__clean__sweep__r0,evaluation,clean,sweep,109,851,287,415,833
evaluation__2196__clean__shuffled__r0,evaluation,clean,shuffled,1,1024,-1,-1,2
evaluation__2196__clean__shuffled__r1,evaluation,clean,shuffled,1,1024,-1,-1,1
evaluation__2196__clean__shuffled__r2,evaluation,clean,shuffled,2,1023,-1,-1,2
evaluation__2196__clean__shuffled__r3,evaluation,clean,shuffled,1,1024,-1,-1,2
evaluation__2196__clean__shuffled__r4,evaluation,clean,shuffled,1,1024,-1,-1,1
evaluation__2196__clean__shuffled__r5,evaluation,clean,shuffled,1,1024,-1,-1,2
evaluation__2196__clean__shuffled__r6,evaluation,clean,shuffled,1,1024,-1,-1,2
evaluation__2196__clean__shuffled__r7,evaluation,clean,shuffled,1,1024,-1,-1,2
evaluation__2196__clean__shuffled__r8,evaluation,clean,shuffled,1,1024,-1,-1,1
evaluation__2196__clean__shuffled__r9,evaluation,clean,shuffled,1,1024,-1,-1,2
evaluation__2196__clean__noise__r0,evaluation,clean,noise,1,1024,-1,-1,1
evaluation__2196__clean__sweep__r0,evaluation,clean,sweep,176,738,285,285,987
evaluation__4254__clean__shuffled__r0,evaluation,clean,shuffled,1,1024,-1,-1,3
evaluation__4254__clean__shuffled__r1,evaluation,clean,shuffled,1,1024,-1,-1,3
evaluation__4254__clean__shuffled__r2,evaluation,clean,shuffled,1,1024,-1,-1,2
evaluation__4254__clean__shuffled__r3,evaluation,clean,shuffled,3,1022,-1,-1,2
evaluation__4254__clean__shuffled__r4,evaluation,clean,shuffled,1,1024,-1,-1,3
evaluation__4254__clean__shuffled__r5,evaluation,clean,shuffled,1,1024,-1,-1,2
evaluation__4254__clean__shuffled__r6,evaluation,clean,shuffled,1,1024,-1,-1,2
evaluation__4254__clean__shuffled__r7,evaluation,clean,shuffled,1,1024,-1,-1,2
evaluation__4254__clean__shuffled__r8,evaluation,clean,shuffled,2,1023,-1,-1,2
evaluation__4254__clean__shuffled__r9,evaluation,clean,shuffled,1,1024,-1,-1,2
evaluation__4254__clean__noise__r0,evaluation,clean,noise,1,1024,-1,-1,2
evaluation__4254__clean__sweep__r0,evaluation,clean,sweep,4,993,-1,-1,-1
evaluation__7580__clean__shuffled__r0,evaluation,clean,shuffled,1,1024,-1,-1,2
evaluation__7580__clean__shuffled__r1,evaluation,clean,shuffled,1,1024,-1,-1,2
evaluation__7580__clean__shuffled__r2,evaluation,clean,shuffled,1,1024,-1,-1,2
evaluation__7580__clean__shuffled__r3,evaluation,clean,shuffled,1,1024,-1,-1,2
evaluation__7580__clean__shuffled__r4,evaluation,clean,shuffled,3,1022,-1,-1,2
evaluation__7580__clean__shuffled__r5,evaluation,clean,shuffled,1,1024,-1,-1,2
evaluation__7580__clean__shuffled__r6,evaluation,clean,shuffled,1,1024,-1,-1,2
evaluation__7580__clean__shuffled__r7,evaluation,clean,shuffled,1,1024,-1,-1,2
evaluation__7580__clean__shuffled__r8,evaluation,clean,shuffled,1,1024,-1,-1,2
evaluation__7580__clean__shuffled__r9,evaluation,clean,shuffled,1,1024,-1,-1,2
evaluation__7580__clean__noise__r0,evaluation,clean,noise,1,1024,-1,-1,1
evaluation__7580__clean__sweep__r0,evaluation,clean,sweep,208,768,223,191,-1
evaluation__3170__clean__shuffled__r0,evaluation,clean,shuffled,1,1024,-1,-1,2
evaluation__3170__clean__shuffled__r1,evaluation,clean,shuffled,1,1024,-1,-1,2
evaluation__3170__clean__shuffled__r2,evaluation,clean,shuffled,1,1024,-1,-1,2
evaluation__3170__clean__shuffled__r3,evaluation,clean,shuffled,1,1024,-1,-1,2
evaluation__3170__clean__shuffled__r4,evaluation,clean,shuffled,1,1024,-1,-1,2
evaluation__3170__clean__shuffled__r5,evaluation,clean,shuffled,1,1024,-1,-1,3
evaluation__3170__clean__shuffled__r6,evaluation,clean,shuffled,1,1024,-1,-1,2
evaluation__3170__clean__shuffled__r7,evaluation,clean,shuffled,1,1024,-1,-1,2
evaluation__3170__clean__shuffled__r8,evaluation,clean,shuffled,1,1024,-1,-1,2
evaluation__3170__clean__shuffled__r9,evaluation,clean,shuffled,1,1024,-1,-1,2
evaluation__3170__clean__noise__r0,evaluation,clean,noise,1,1024,-1,-1,3
evaluation__3170__clean__sweep__r0,evaluation,clean,sweep,85,919,287,352,766
evaluation__6724__clean__shuffled__r0,evaluation,clean,shuffled,1,1024,-1,-1,2
evaluation__6724__clean__shuffled__r1,evaluation,clean,shuffled,1,1024,-1,-1,2
evaluation__6724__clean__shuffled__r2,evaluation,clean,shuffled,1,1024,-1,-1,1
evaluation__6724__clean__shuffled__r3,evaluation,clean,shuffled,1,1024,-1,-1,2
evaluation__6724__clean__shuffled__r4,evaluation,clean,shuffled,1,1024,-1,-1,2
evaluation__6724__clean__shuffled__r5,evaluation,clean,shuffled,1,1024,-1,-1,2
evaluation__6724__clean__shuffled__r6,evaluation,clean,shuffled,1,1024,-1,-1,3
evaluation__6724__clean__shuffled__r7,evaluation,clean,shuffled,1,1024,-1,-1,2
evaluation__6724__clean__shuffled__r8,evaluation,clean,shuffled,1,1024,-1,-1,2
evaluation__6724__clean__shuffled__r9,evaluation,clean,shuffled,1,1024,-1,-1,2
evaluation__6724__clean__noise__r0,evaluation,clean,noise,1,1024,-1,-1,1
evaluation__6724__clean__sweep__r0,evaluation,clean,sweep,2,1002,-1,-1,-1
evaluation__8995__clean__shuffled__r0,evaluation,clean,shuffled,1,1024,-1,-1,2
evaluation__8995__clean__shuffled__r1,evaluation,clean,shuffled,1,1024,-1,-1,2
evaluation__8995__clean__shuffled__r2,evaluation,clean,shuffled,1,1024,-1,-1,2
evaluation__8995__clean__shuffled__r3,evaluation,clean,shuffled,1,1024,-1,-1,1
evaluation__8995__clean__shuffled__r4,evaluation,clean,shuffled,1,1024,-1,-1,2
evaluation__8995__clean__shuffled__r5,evaluation,clean,shuffled,1,1024,-1,-1,2
evaluation__8995__clean__shuffled__r6,evaluation,clean,shuffled,1,1024,-1,-1,2
evaluation__8995__clean__shuffled__r7,evaluation,clean,shuffled,1,1024,-1,-1,2
evaluation__8995__clean__shuffled__r8,evaluation,clean,shuffled,1,1024,-1,-1,2
evaluation__8995__clean__shuffled__r9,evaluation,clean,shuffled,1,1024,-1,-1,2
evaluation__8995__clean__noise__r0,evaluation,clean,noise,1,1024,-1,-1,1
evaluation__8995__clean__sweep__r0,evaluation,clean,sweep,2,1018,-1,-1,511
fit__2130__clean__shuffled__r0,fit,clean,shuffled,1,1024,-1,-1,2
fit__2130__clean__shuffled__r1,fit,clean,shuffled,1,1024,-1,-1,2
fit__2130__clean__shuffled__r2,fit,clean,shuffled,1,1024,-1,-1,3
fit__2130__clean__shuffled__r3,fit,clean,shuffled,1,1024,-1,-1,2
fit__2130__clean__shuffled__r4,fit,clean,shuffled,1,1024,-1,-1,2
fit__2130__clean__shuffled__r5,fit,clean,shuffled,1,1024,-1,-1,2
fit__2130__clean__shuffled__r6,fit,clean,shuffled,1,1024,-1,-1,2
fit__2130__clean__shuffled__r7,fit,clean,shuffled,1,1024,-1,-1,2
fit__2130__clean__shuffled__r8,fit,clean,shuffled,1,1024,-1,-1,1
fit__2130__clean__shuffled__r9,fit,clean,shuffled,1,1024,-1,-1,2
fit__2130__clean__noise__r0,fit,clean,noise,1,1024,-1,-1,1
fit__2130__clean__sweep__r0,fit,clean,sweep,306,528,189,211,-1
fit__8643__clean__shuffled__r0,fit,clean,shuffled,1,1024,-1,-1,1
fit__8643__clean__shuffled__r1,fit,clean,shuffled,1,1024,-1,-1,2
fit__8643__clean__shuffled__r2,fit,clean,shuffled,2,1023,-1,-1,2
fit__8643__clean__shuffled__r3,fit,clean,shuffled,1,1024,-1,-1,2
fit__8643__clean__shuffled__r4,fit,clean,shuffled,1,1024,-1,-1,3
fit__8643__clean__shuffled__r5,fit,clean,shuffled,1,1024,-1,-1,2
fit__8643__clean__shuffled__r6,fit,clean,shuffled,1,1024,-1,-1,2
fit__8643__clean__shuffled__r7,fit,clean,shuffled,1,1024,-1,-1,2
fit__8643__clean__shuffled__r8,fit,clean,shuffled,1,1024,-1,-1,2
fit__8643__clean__shuffled__r9,fit,clean,shuffled,1,1024,-1,-1,2
fit__8643__clean__noise__r0,fit,clean,noise,1,1024,-1,-1,3
fit__8643__clean__sweep__r0,fit,clean,sweep,185,363,169,206,-1
fit__4954__clean__shuffled__r0,fit,clean,shuffled,1,1024,-1,-1,4
fit__4954__clean__shuffled__r1,fit,clean,shuffled,1,1024,-1,-1,1
fit__4954__clean__shuffled__r2,fit,clean,shuffled,1,1024,-1,-1,2
fit__4954__clean__shuffled__r3,fit,clean,shuffled,1,1024,-1,-1,2
fit__4954__clean__shuffled__r4,fit,clean,shuffled,1,1024,-1,-1,2
fit__4954__clean__shuffled__r5,fit,clean,shuffled,1,1024,-1,-1,2
fit__4954__clean__shuffled__r6,fit,clean,shuffled,2,1023,-1,-1,1
fit__4954__clean__shuffled__r7,fit,clean,shuffled,1,1024,-1,-1,2
fit__4954__clean__shuffled__r8,fit,clean,shuffled,1,1024,-1,-1,3
fit__4954__clean__shuffled__r9,fit,clean,shuffled,1,1024,-1,-1,2
fit__4954__clean__noise__r0,fit,clean,noise,1,1024,-1,-1,1
fit__4954__clean__sweep__r0,fit,clean,sweep,4,995,-1,-1,161
fit__623__clean__shuffled__r0,fit,clean,shuffled,1,1024,-1,-1,2
fit__623__clean__shuffled__r1,fit,clean,shuffled,1,1024,-1,-1,1
fit__623__clean__shuffled__r2,fit,clean,shuffled,1,1024,-1,-1,2
fit__623__clean__shuffled__r3,fit,clean,shuffled,2,1023,-1,-1,2
fit__623__clean__shuffled__r4,fit,clean,shuffled,1,1024,-1,-1,2
fit__623__clean__shuffled__r5,fit,clean,shuffled,1,1024,-1,-1,2
fit__623__clean__shuffled__r6,fit,clean,shuffled,1,1024,-1,-1,2
fit__623__clean__shuffled__r7,fit,clean,shuffled,1,1024,-1,-1,2
fit__623__clean__shuffled__r8,fit,clean,shuffled,1,1024,-1,-1,2
fit__623__clean__shuffled__r9,fit,clean,shuffled,1,1024,-1,-1,2
fit__623__clean__noise__r0,fit,clean,noise,1,1024,-1,-1,19
fit__623__clean__sweep__r0,fit,clean,sweep,4,999,-1,-1,449
fit__7351__clean__shuffled__r0,fit,clean,shuffled,1,1024,-1,-1,2
fit__7351__clean__shuffled__r1,fit,clean,shuffled,1,1024,-1,-1,2
fit__7351__clean__shuffled__r2,fit,clean,shuffled,2,1023,-1,-1,2
fit__7351__clean__shuffled__r3,fit,clean,shuffled,1,1024,-1,-1,2
fit__7351__clean__shuffled__r4,fit,clean,shuffled,1,1024,-1,-1,2
fit__7351__clean__shuffled__r5,fit,clean,shuffled,1,1024,-1,-1,2
fit__7351__clean__shuffled__r6,fit,clean,shuffled,1,1024,-1,-1,2
fit__7351__clean__shuffled__r7,fit,clean,shuffled,2,1023,-1,-1,2
fit__7351__clean__shuffled__r8,fit,clean,shuffled,1,1024,-1,-1,1
fit__7351__clean__shuffled__r9,fit,clean,shuffled,1,1024,-1,-1,2
fit__7351__clean__noise__r0,fit,clean,noise,1,1024,-1,-1,1
fit__7351__clean__sweep__r0,fit,clean,sweep,4,1008,-1,-1,252
fit__2922__clean__shuffled__r0,fit,clean,shuffled,1,1024,-1,-1,3
fit__2922__clean__shuffled__r1,fit,clean,shuffled,1,1024,-1,-1,2
fit__2922__clean__shuffled__r2,fit,clean,shuffled,1,1024,-1,-1,1
fit__2922__clean__shuffled__r3,fit,clean,shuffled,1,1024,-1,-1,2
fit__2922__clean__shuffled__r4,fit,clean,shuffled,1,1024,-1,-1,1
fit__2922__clean__shuffled__r5,fit,clean,shuffled,1,1024,-1,-1,2
fit__2922__clean__shuffled__r6,fit,clean,shuffled,1,1024,-1,-1,3
fit__2922__clean__shuffled__r7,fit,clean,shuffled,1,1024,-1,-1,2
fit__2922__clean__shuffled__r8,fit,clean,shuffled,1,1024,-1,-1,3
fit__2922__clean__shuffled__r9,fit,clean,shuffled,2,1023,-1,-1,3
fit__2922__clean__noise__r0,fit,clean,noise,1,1024,-1,-1,1
fit__2922__clean__sweep__r0,fit,clean,sweep,2,1022,-1,-1,943
fit__9198__clean__shuffled__r0,fit,clean,shuffled,1,1024,-1,-1,3
fit__9198__clean__shuffled__r1,fit,clean,shuffled,1,1024,-1,-1,2
fit__9198__clean__shuffled__r2,fit,clean,shuffled,1,1024,-1,-1,1
fit__9198__clean__shuffled__r3,fit,clean,shuffled,1,1024,-1,-1,2
fit__9198__clean__shuffled__r4,fit,clean,shuffled,1,1024,-1,-1,2
fit__9198__clean__shuffled__r5,fit,clean,shuffled,1,1024,-1,-1,2
fit__9198__clean__shuffled__r6,fit,clean,shuffled,1,1024,-1,-1,2
fit__9198__clean__shuffled__r7,fit,clean,shuffled,2,1023,-1,-1,3
fit__9198__clean__shuffled__r8,fit,clean,shuffled,1,1024,-1,-1,2
fit__9198__clean__shuffled__r9,fit,clean,shuffled,1,1024,-1,-1,2
fit__9198__clean__noise__r0,fit,clean,noise,1,1024,-1,-1,1
fit__9198__clean__sweep__r0,fit,clean,sweep,144,865,220,284,621
fit__1928__clean__shuffled__r0,fit,clean,shuffled,1,1024,-1,-1,2
fit__1928__clean__shuffled__r1,fit,clean,shuffled,1,1024,-1,-1,2
fit__1928__clean__shuffled__r2,fit,clean,shuffled,2,1023,-1,-1,2
fit__1928__clean__shuffled__r3,fit,clean,shuffled,1,1024,-1,-1,2
fit__1928__clean__shuffled__r4,fit,clean,shuffled,2,1023,-1,-1,2
fit__1928__clean__shuffled__r5,fit,clean,shuffled,1,1024,-1,-1,2
fit__1928__clean__shuffled__r6,fit,clean,shuffled,1,1024,-1,-1,2
fit__1928__clean__shuffled__r7,fit,clean,shuffled,1,1024,-1,-1,2
fit__1928__clean__shuffled__r8,fit,clean,shuffled,1,1024,-1,-1,2
fit__1928__clean__shuffled__r9,fit,clean,shuffled,3,1022,-1,-1,2
fit__1928__clean__noise__r0,fit,clean,noise,1,1024,-1,-1,5
fit__1928__clean__sweep__r0,fit,clean,sweep,2,1009,-1,-1,-1
fit__1940__clean__shuffled__r0,fit,clean,shuffled,1,1024,-1,-1,2
fit__1940__clean__shuffled__r1,fit,clean,shuffled,1,1024,-1,-1,3
fit__1940__clean__shuffled__r2,fit,clean,shuffled,1,1024,-1,-1,2
fit__1940__clean__shuffled__r3,fit,clean,shuffled,1,1024,-1,-1,2
fit__1940__clean__shuffled__r4,fit,clean,shuffled,1,1024,-1,-1,2
fit__1940__clean__shuffled__r5,fit,clean,shuffled,2,1023,-1,-1,2
fit__1940__clean__shuffled__r6,fit,clean,shuffled,1,1024,-1,-1,2
fit__1940__clean__shuffled__r7,fit,clean,shuffled,1,1024,-1,-1,2
fit__1940__clean__shuffled__r8,fit,clean,shuffled,1,1024,-1,-1,2
fit__1940__clean__shuffled__r9,fit,clean,shuffled,1,1024,-1,-1,3
fit__1940__clean__noise__r0,fit,clean,noise,1,1024,-1,-1,1
fit__1940__clean__sweep__r0,fit,clean,sweep,133,512,96,192,1
fit__6571__clean__shuffled__r0,fit,clean,shuffled,1,1024,-1,-1,2
fit__6571__clean__shuffled__r1,fit,clean,shuffled,1,1024,-1,-1,2
fit__6571__clean__shuffled__r2,fit,clean,shuffled,1,1024,-1,-1,2
fit__6571__clean__shuffled__r3,fit,clean,shuffled,2,1023,-1,-1,3
fit__6571__clean__shuffled__r4,fit,clean,shuffled,1,1024,-1,-1,2
fit__6571__clean__shuffled__r5,fit,clean,shuffled,1,1024,-1,-1,2
fit__6571__clean__shuffled__r6,fit,clean,shuffled,1,1024,-1,-1,2
fit__6571__clean__shuffled__r7,fit,clean,shuffled,1,1024,-1,-1,2
fit__6571__clean__shuffled__r8,fit,clean,shuffled,1,1024,-1,-1,2
fit__6571__clean__shuffled__r9,fit,clean,shuffled,2,1023,-1,-1,2
fit__6571__clean__noise__r0,fit,clean,noise,1,1024,-1,-1,1
fit__6571__clean__sweep__r0,fit,clean,sweep,81,911,288,352,897
fit__1688__clean__shuffled__r0,fit,clean,shuffled,1,1024,-1,-1,1
fit__1688__clean__shuffled__r1,fit,clean,shuffled,1,1024,-1,-1,2
fit__1688__clean__shuffled__r2,fit,clean,shuffled,1,1024,-1,-1,2
fit__1688__clean__shuffled__r3,fit,clean,shuffled,1,1024,-1,-1,2
fit__1688__clean__shuffled__r4,fit,clean,shuffled,1,1024,-1,-1,2
fit__1688__clean__shuffled__r5,fit,clean,shuffled,3,1022,-1,-1,2
fit__1688__clean__shuffled__r6,fit,clean,shuffled,1,1024,-1,-1,2
fit__1688__clean__shuffled__r7,fit,clean,shuffled,1,1024,-1,-1,2
fit__1688__clean__shuffled__r8,fit,clean,shuffled,1,1024,-1,-1,1
fit__1688__clean__shuffled__r9,fit,clean,shuffled,1,1024,-1,-1,2
fit__1688__clean__noise__r0,fit,clean,noise,1,1024,-1,-1,253
fit__1688__clean__sweep__r0,fit,clean,sweep,2,1014,-1,-1,820
fit__9721__clean__shuffled__r0,fit,clean,shuffled,1,1024,-1,-1,2
fit__9721__clean__shuffled__r1,fit,clean,shuffled,1,1024,-1,-1,1
fit__9721__clean__shuffled__r2,fit,clean,shuffled,1,1024,-1,-1,2
fit__9721__clean__shuffled__r3,fit,clean,shuffled,1,1024,-1,-1,2
fit__9721__clean__shuffled__r4,fit,clean,shuffled,1,1024,-1,-1,2
fit__9721__clean__shuffled__r5,fit,clean,shuffled,1,1024,-1,-1,1
fit__9721__clean__shuffled__r6,fit,clean,shuffled,1,1024,-1,-1,2
fit__9721__clean__shuffled__r7,fit,clean,shuffled,1,1024,-1,-1,2
fit__9721__clean__shuffled__r8,fit,clean,shuffled,1,1024,-1,-1,2
fit__9721__clean__shuffled__r9,fit,clean,shuffled,1,1024,-1,-1,2
fit__9721__clean__noise__r0,fit,clean,noise,1,1024,-1,-1,47
fit__9721__clean__sweep__r0,fit,clean,sweep,9,996,-1,-1,225
fit__4339__clean__shuffled__r0,fit,clean,shuffled,1,1024,-1,-1,2
fit__4339__clean__shuffled__r1,fit,clean,shuffled,1,1024,-1,-1,2
fit__4339__clean__shuffled__r2,fit,clean,shuffled,1,1024,-1,-1,2
fit__4339__clean__shuffled__r3,fit,clean,shuffled,2,1023,-1,-1,3
fit__4339__clean__shuffled__r4,fit,clean,shuffled,1,1024,-1,-1,2
fit__4339__clean__shuffled__r5,fit,clean,shuffled,1,1024,-1,-1,3
fit__4339__clean__shuffled__r6,fit,clean,shuffled,1,1024,-1,-1,2
fit__4339__clean__shuffled__r7,fit,clean,shuffled,1,1024,-1,-1,2
fit__4339__clean__shuffled__r8,fit,clean,shuffled,1,1024,-1,-1,2
fit__4339__clean__shuffled__r9,fit,clean,shuffled,1,1024,-1,-1,2
fit__4339__clean__noise__r0,fit,clean,noise,1,1024,-1,-1,1
fit__4339__clean__sweep__r0,fit,clean,sweep,37,949,791,853,-1
fit__1279__clean__shuffled__r0,fit,clean,shuffled,1,1024,-1,-1,2
fit__1279__clean__shuffled__r1,fit,clean,shuffled,1,1024,-1,-1,2
fit__1279__clean__shuffled__r2,fit,clean,shuffled,1,1024,-1,-1,2
fit__1279__clean__shuffled__r3,fit,clean,shuffled,1,1024,-1,-1,2
fit__1279__clean__shuffled__r4,fit,clean,shuffled,1,1024,-1,-1,2
fit__1279__clean__shuffled__r5,fit,clean,shuffled,1,1024,-1,-1,2
fit__1279__clean__shuffled__r6,fit,clean,shuffled,1,1024,-1,-1,2
fit__1279__clean__shuffled__r7,fit,clean,shuffled,1,1024,-1,-1,2
fit__1279__clean__shuffled__r8,fit,clean,shuffled,1,1024,-1,-1,3
fit__1279__clean__shuffled__r9,fit,clean,shuffled,1,1024,-1,-1,2
fit__1279__clean__noise__r0,fit,clean,noise,1,1024,-1,-1,16
fit__1279__clean__sweep__r0,fit,clean,sweep,3,1010,-1,-1,-1
fit__4865__clean__shuffled__r0,fit,clean,shuffled,2,1023,-1,-1,2
fit__4865__clean__shuffled__r1,fit,clean,shuffled,1,1024,-1,-1,2
fit__4865__clean__shuffled__r2,fit,clean,shuffled,1,1024,-1,-1,2
fit__4865__clean__shuffled__r3,fit,clean,shuffled,1,1024,-1,-1,2
fit__4865__clean__shuffled__r4,fit,clean,shuffled,1,1024,-1,-1,2
fit__4865__clean__shuffled__r5,fit,clean,shuffled,1,1024,-1,-1,2
fit__4865__clean__shuffled__r6,fit,clean,shuffled,1,1024,-1,-1,2
fit__4865__clean__shuffled__r7,fit,clean,shuffled,1,1024,-1,-1,2
fit__4865__clean__shuffled__r8,fit,clean,shuffled,1,1024,-1,-1,2
fit__4865__clean__shuffled__r9,fit,clean,shuffled,1,1024,-1,-1,2
fit__4865__clean__noise__r0,fit,clean,noise,1,1024,-1,-1,3
fit__4865__clean__sweep__r0,fit,clean,sweep,2,1012,-1,-1,865
fit__2467__clean__shuffled__r0,fit,clean,shuffled,1,1024,-1,-1,2
fit__2467__clean__shuffled__r1,fit,clean,shuffled,1,1024,-1,-1,2
fit__2467__clean__shuffled__r2,fit,clean,shuffled,1,1024,-1,-1,2
fit__2467__clean__shuffled__r3,fit,clean,shuffled,1,1024,-1,-1,2
fit__2467__clean__shuffled__r4,fit,clean,shuffled,1,1024,-1,-1,2
fit__2467__clean__shuffled__r5,fit,clean,shuffled,1,1024,-1,-1,2
fit__2467__clean__shuffled__r6,fit,clean,shuffled,1,1024,-1,-1,3
fit__2467__clean__shuffled__r7,fit,clean,shuffled,1,1024,-1,-1,2
fit__2467__clean__shuffled__r8,fit,clean,shuffled,1,1024,-1,-1,2
fit__2467__clean__shuffled__r9,fit,clean,shuffled,1,1024,-1,-1,2
fit__2467__clean__noise__r0,fit,clean,noise,1,1024,-1,-1,1
fit__2467__clean__sweep__r0,fit,clean,sweep,6,998,-1,-1,417
fit__7920__clean__shuffled__r0,fit,clean,shuffled,1,1024,-1,-1,2
fit__7920__clean__shuffled__r1,fit,clean,shuffled,2,1023,-1,-1,2
fit__7920__clean__shuffled__r2,fit,clean,shuffled,1,1024,-1,-1,2
fit__7920__clean__shuffled__r3,fit,clean,shuffled,1,1024,-1,-1,2
fit__7920__clean__shuffled__r4,fit,clean,shuffled,2,1023,-1,-1,2
fit__7920__clean__shuffled__r5,fit,clean,shuffled,1,1024,-1,-1,2
fit__7920__clean__shuffled__r6,fit,clean,shuffled,1,1024,-1,-1,2
fit__7920__clean__shuffled__r7,fit,clean,shuffled,1,1024,-1,-1,2
fit__7920__clean__shuffled__r8,fit,clean,shuffled,1,1024,-1,-1,2
fit__7920__clean__shuffled__r9,fit,clean,shuffled,1,1024,-1,-1,2
fit__7920__clean__noise__r0,fit,clean,noise,1,1024,-1,-1,1
fit__7920__clean__sweep__r0,fit,clean,sweep,6,1011,-1,-1,690
calibration__1819__clean__shuffled__r0,calibration,clean,shuffled,1,1024,-1,-1,1
calibration__1819__clean__shuffled__r1,calibration,clean,shuffled,1,1024,-1,-1,2
calibration__1819__clean__shuffled__r2,calibration,clean,shuffled,1,1024,-1,-1,2
calibration__1819__clean__shuffled__r3,calibration,clean,shuffled,2,1023,-1,-1,2
calibration__1819__clean__shuffled__r4,calibration,clean,shuffled,1,1024,-1,-1,2
calibration__1819__clean__shuffled__r5,calibration,clean,shuffled,1,1024,-1,-1,2
calibration__1819__clean__shuffled__r6,calibration,clean,shuffled,1,1024,-1,-1,3
calibration__1819__clean__shuffled__r7,calibration,clean,shuffled,2,1023,-1,-1,3
calibration__1819__clean__shuffled__r8,calibration,clean,shuffled,1,1024,-1,-1,2
calibration__1819__clean__shuffled__r9,calibration,clean,shuffled,1,1024,-1,-1,2
calibration__1819__clean__noise__r0,calibration,clean,noise,1,1024,-1,-1,1
calibration__1819__clean__sweep__r0,calibration,clean,sweep,3,1004,-1,-1,-1
calibration__8769__clean__shuffled__r0,calibration,clean,shuffled,1,1024,-1,-1,3
calibration__8769__clean__shuffled__r1,calibration,clean,shuffled,1,1024,-1,-1,2
calibration__8769__clean__shuffled__r2,calibration,clean,shuffled,1,1024,-1,-1,2
calibration__8769__clean__shuffled__r3,calibration,clean,shuffled,1,1024,-1,-1,2
calibration__8769__clean__shuffled__r4,calibration,clean,shuffled,2,1023,-1,-1,1
calibration__8769__clean__shuffled__r5,calibration,clean,shuffled,1,1024,-1,-1,2
calibration__8769__clean__shuffled__r6,calibration,clean,shuffled,2,1023,-1,-1,2
calibration__8769__clean__shuffled__r7,calibration,clean,shuffled,1,1024,-1,-1,2
calibration__8769__clean__shuffled__r8,calibration,clean,shuffled,1,1024,-1,-1,2
calibration__8769__clean__shuffled__r9,calibration,clean,shuffled,1,1024,-1,-1,2
calibration__8769__clean__noise__r0,calibration,clean,noise,1,1024,-1,-1,1
calibration__8769__clean__sweep__r0,calibration,clean,sweep,194,762,143,206,-1
calibration__3029__clean__shuffled__r0,calibration,clean,shuffled,1,1024,-1,-1,2
calibration__3029__clean__shuffled__r1,calibration,clean,shuffled,1,1024,-1,-1,2
calibration__3029__clean__shuffled__r2,calibration,clean,shuffled,1,1024,-1,-1,2
calibration__3029__clean__shuffled__r3,calibration,clean,shuffled,2,1023,-1,-1,2
calibration__3029__clean__shuffled__r4,calibration,clean,shuffled,1,1024,-1,-1,4
calibration__3029__clean__shuffled__r5,calibration,clean,shuffled,1,1024,-1,-1,3
calibration__3029__clean__shuffled__r6,calibration,clean,shuffled,1,1024,-1,-1,2
calibration__3029__clean__shuffled__r7,calibration,clean,shuffled,1,1024,-1,-1,1
calibration__3029__clean__shuffled__r8,calibration,clean,shuffled,1,1024,-1,-1,2
calibration__3029__clean__shuffled__r9,calibration,clean,shuffled,1,1024,-1,-1,2
calibration__3029__clean__noise__r0,calibration,clean,noise,1,1024,-1,-1,1
calibration__3029__clean__sweep__r0,calibration,clean,sweep,1,1024,-1,-1,430
calibration__1451__clean__shuffled__r0,calibration,clean,shuffled,1,1024,-1,-1,2
calibration__1451__clean__shuffled__r1,calibration,clean,shuffled,1,1024,-1,-1,2
calibration__1451__clean__shuffled__r2,calibration,clean,shuffled,2,1023,-1,-1,2
calibration__1451__clean__shuffled__r3,calibration,clean,shuffled,1,1024,-1,-1,2
calibration__1451__clean__shuffled__r4,calibration,clean,shuffled,1,1024,-1,-1,2
calibration__1451__clean__shuffled__r5,calibration,clean,shuffled,1,1024,-1,-1,2
calibration__1451__clean__shuffled__r6,calibration,clean,shuffled,1,1024,-1,-1,2
calibration__1451__clean__shuffled__r7,calibration,clean,shuffled,1,1024,-1,-1,2
calibration__1451__clean__shuffled__r8,calibration,clean,shuffled,1,1024,-1,-1,2
calibration__1451__clean__shuffled__r9,calibration,clean,shuffled,1,1024,-1,-1,2
calibration__1451__clean__noise__r0,calibration,clean,noise,1,1024,-1,-1,2
calibration__1451__clean__sweep__r0,calibration,clean,sweep,2,1021,-1,-1,478
calibration__6679__clean__shuffled__r0,calibration,clean,shuffled,1,1024,-1,-1,2
calibration__6679__clean__shuffled__r1,calibration,clean,shuffled,1,1024,-1,-1,3
calibration__6679__clean__shuffled__r2,calibration,clean,shuffled,1,1024,-1,-1,2
calibration__6679__clean__shuffled__r3,calibration,clean,shuffled,1,1024,-1,-1,1
calibration__6679__clean__shuffled__r4,calibration,clean,shuffled,2,1023,-1,-1,2
calibration__6679__clean__shuffled__r5,calibration,clean,shuffled,1,1024,-1,-1,2
calibration__6679__clean__shuffled__r6,calibration,clean,shuffled,1,1024,-1,-1,3
calibration__6679__clean__shuffled__r7,calibration,clean,shuffled,1,1024,-1,-1,2
calibration__6679__clean__shuffled__r8,calibration,clean,shuffled,1,1024,-1,-1,2
calibration__6679__clean__shuffled__r9,calibration,clean,shuffled,1,1024,-1,-1,2
calibration__6679__clean__noise__r0,calibration,clean,noise,1,1024,-1,-1,2
calibration__6679__clean__sweep__r0,calibration,clean,sweep,7,993,-1,-1,320
calibration__4407__clean__shuffled__r0,calibration,clean,shuffled,1,1024,-1,-1,3
calibration__4407__clean__shuffled__r1,calibration,clean,shuffled,1,1024,-1,-1,2
calibration__4407__clean__shuffled__r2,calibration,clean,shuffled,2,1023,-1,-1,2
calibration__4407__clean__shuffled__r3,calibration,clean,shuffled,1,1024,-1,-1,2
calibration__4407__clean__shuffled__r4,calibration,clean,shuffled,1,1024,-1,-1,2
calibration__4407__clean__shuffled__r5,calibration,clean,shuffled,1,1024,-1,-1,3
calibration__4407__clean__shuffled__r6,calibration,clean,shuffled,1,1024,-1,-1,2
calibration__4407__clean__shuffled__r7,calibration,clean,shuffled,1,1024,-1,-1,2
calibration__4407__clean__shuffled__r8,calibration,clean,shuffled,1,1024,-1,-1,2
calibration__4407__clean__shuffled__r9,calibration,clean,shuffled,1,1024,-1,-1,2
calibration__4407__clean__noise__r0,calibration,clean,noise,1,1024,-1,-1,1
calibration__4407__clean__sweep__r0,calibration,clean,sweep,120,875,255,288,-1
calibration__9089__clean__shuffled__r0,calibration,clean,shuffled,1,1024,-1,-1,2
calibration__9089__clean__shuffled__r1,calibration,clean,shuffled,1,1024,-1,-1,2
calibration__9089__clean__shuffled__r2,calibration,clean,shuffled,1,1024,-1,-1,2
calibration__9089__clean__shuffled__r3,calibration,clean,shuffled,1,1024,-1,-1,2
calibration__9089__clean__shuffled__r4,calibration,clean,shuffled,1,1024,-1,-1,2
calibration__9089__clean__shuffled__r5,calibration,clean,shuffled,1,1024,-1,-1,1
calibration__9089__clean__shuffled__r6,calibration,clean,shuffled,1,1024,-1,-1,2
calibration__9089__clean__shuffled__r7,calibration,clean,shuffled,1,1024,-1,-1,3
calibration__9089__clean__shuffled__r8,calibration,clean,shuffled,1,1024,-1,-1,2
calibration__9089__clean__shuffled__r9,calibration,clean,shuffled,2,1023,-1,-1,2
calibration__9089__clean__noise__r0,calibration,clean,noise,1,1024,-1,-1,1
calibration__9089__clean__sweep__r0,calibration,clean,sweep,114,844,383,414,577
calibration__4757__clean__shuffled__r0,calibration,clean,shuffled,1,1024,-1,-1,2
calibration__4757__clean__shuffled__r1,calibration,clean,shuffled,1,1024,-1,-1,3
calibration__4757__clean__shuffled__r2,calibration,clean,shuffled,1,1024,-1,-1,2
calibration__4757__clean__shuffled__r3,calibration,clean,shuffled,2,1023,-1,-1,3
calibration__4757__clean__shuffled__r4,calibration,clean,shuffled,1,1024,-1,-1,2
calibration__4757__clean__shuffled__r5,calibration,clean,shuffled,1,1024,-1,-1,1
calibration__4757__clean__shuffled__r6,calibration,clean,shuffled,1,1024,-1,-1,2
calibration__4757__clean__shuffled__r7,calibration,clean,shuffled,1,1024,-1,-1,2
calibration__4757__clean__shuffled__r8,calibration,clean,shuffled,3,1022,-1,-1,2
calibration__4757__clean__shuffled__r9,calibration,clean,shuffled,1,1024,-1,-1,2
calibration__4757__clean__noise__r0,calibration,clean,noise,1,1024,-1,-1,6
calibration__4757__clean__sweep__r0,calibration,clean,sweep,2,1021,-1,-1,-1
calibration__834__clean__shuffled__r0,calibration,clean,shuffled,1,1024,-1,-1,2
calibration__834__clean__shuffled__r1,calibration,clean,shuffled,1,1024,-1,-1,2
calibration__834__clean__shuffled__r2,calibration,clean,shuffled,1,1024,-1,-1,2
calibration__834__clean__shuffled__r3,calibration,clean,shuffled,1,1024,-1,-1,2
calibration__834__clean__shuffled__r4,calibration,clean,shuffled,1,1024,-1,-1,2
calibration__834__clean__shuffled__r5,calibration,clean,shuffled,1,1024,-1,-1,2
calibration__834__clean__shuffled__r6,calibration,clean,shuffled,1,1024,-1,-1,3
calibration__834__clean__shuffled__r7,calibration,clean,shuffled,1,1024,-1,-1,2
calibration__834__clean__shuffled__r8,calibration,clean,shuffled,1,1024,-1,-1,2
calibration__834__clean__shuffled__r9,calibration,clean,shuffled,1,1024,-1,-1,2
calibration__834__clean__noise__r0,calibration,clean,noise,1,1024,-1,-1,5
calibration__834__clean__sweep__r0,calibration,clean,sweep,3,1020,-1,-1,289
calibration__8147__clean__shuffled__r0,calibration,clean,shuffled,1,1024,-1,-1,2
calibration__8147__clean__shuffled__r1,calibration,clean,shuffled,1,1024,-1,-1,2
calibration__8147__clean__shuffled__r2,calibration,clean,shuffled,1,1024,-1,-1,2
calibration__8147__clean__shuffled__r3,calibration,clean,shuffled,1,1024,-1,-1,3
calibration__8147__clean__shuffled__r4,calibration,clean,shuffled,1,1024,-1,-1,2
calibration__8147__clean__shuffled__r5,calibration,clean,shuffled,1,1024,-1,-1,2
calibration__8147__clean__shuffled__r6,calibration,clean,shuffled,1,1024,-1,-1,2
calibration__8147__clean__shuffled__r7,calibration,clean,shuffled,1,1024,-1,-1,2
calibration__8147__clean__shuffled__r8,calibration,clean,shuffled,1,1024,-1,-1,2
calibration__8147__clean__shuffled__r9,calibration,clean,shuffled,1,1024,-1,-1,2
calibration__8147__clean__noise__r0,calibration,clean,noise,1,1024,-1,-1,1
calibration__8147__clean__sweep__r0,calibration,clean,sweep,91,913,478,349,-1
calibration__3936__clean__shuffled__r0,calibration,clean,shuffled,1,1024,-1,-1,2
calibration__3936__clean__shuffled__r1,calibration,clean,shuffled,1,1024,-1,-1,2
calibration__3936__clean__shuffled__r2,calibration,clean,shuffled,1,1024,-1,-1,3
calibration__3936__clean__shuffled__r3,calibration,clean,shuffled,1,1024,-1,-1,2
calibration__3936__clean__shuffled__r4,calibration,clean,shuffled,1,1024,-1,-1,2
calibration__3936__clean__shuffled__r5,calibration,clean,shuffled,2,1023,-1,-1,2
calibration__3936__clean__shuffled__r6,calibration,clean,shuffled,2,1023,-1,-1,2
calibration__3936__clean__shuffled__r7,calibration,clean,shuffled,1,1024,-1,-1,3
calibration__3936__clean__shuffled__r8,calibration,clean,shuffled,2,1023,-1,-1,2
calibration__3936__clean__shuffled__r9,calibration,clean,shuffled,1,1024,-1,-1,2
calibration__3936__clean__noise__r0,calibration,clean,noise,1,1024,-1,-1,-1
calibration__3936__clean__sweep__r0,calibration,clean,sweep,2,1012,-1,-1,641
calibration__9556__clean__shuffled__r0,calibration,clean,shuffled,1,1024,-1,-1,2
calibration__9556__clean__shuffled__r1,calibration,clean,shuffled,3,1022,-1,-1,2
calibration__9556__clean__shuffled__r2,calibration,clean,shuffled,1,1024,-1,-1,2
calibration__9556__clean__shuffled__r3,calibration,clean,shuffled,1,1024,-1,-1,2
calibration__9556__clean__shuffled__r4,calibration,clean,shuffled,1,1024,-1,-1,3
calibration__9556__clean__shuffled__r5,calibration,clean,shuffled,1,1024,-1,-1,2
calibration__9556__clean__shuffled__r6,calibration,clean,shuffled,1,1024,-1,-1,2
calibration__9556__clean__shuffled__r7,calibration,clean,shuffled,1,1024,-1,-1,2
calibration__9556__clean__shuffled__r8,calibration,clean,shuffled,1,1024,-1,-1,2
calibration__9556__clean__shuffled__r9,calibration,clean,shuffled,1,1024,-1,-1,1
calibration__9556__clean__noise__r0,calibration,clean,noise,1,1024,-1,-1,185
calibration__9556__clean__sweep__r0,calibration,clean,sweep,3,1016,-1,-1,-1
calibration__3330__clean__shuffled__r0,calibration,clean,shuffled,1,1024,-1,-1,2
calibration__3330__clean__shuffled__r1,calibration,clean,shuffled,1,1024,-1,-1,2
calibration__3330__clean__shuffled__r2,calibration,clean,shuffled,1,1024,-1,-1,2
calibration__3330__clean__shuffled__r3,calibration,clean,shuffled,1,1024,-1,-1,2
calibration__3330__clean__shuffled__r4,calibration,clean,shuffled,2,1023,-1,-1,2
calibration__3330__clean__shuffled__r5,calibration,clean,shuffled,1,1024,-1,-1,2
calibration__3330__clean__shuffled__r6,calibration,clean,shuffled,1,1024,-1,-1,2
calibration__3330__clean__shuffled__r7,calibration,clean,shuffled,1,1024,-1,-1,2
calibration__3330__clean__shuffled__r8,calibration,clean,shuffled,1,1024,-1,-1,2
calibration__3330__clean__shuffled__r9,calibration,clean,shuffled,1,1024,-1,-1,2
calibration__3330__clean__noise__r0,calibration,clean,noise,1,1024,-1,-1,1
calibration__3330__clean__sweep__r0,calibration,clean,sweep,178,839,158,221,227
calibration__880__clean__shuffled__r0,calibration,clean,shuffled,1,1024,-1,-1,2
calibration__880__clean__shuffled__r1,calibration,clean,shuffled,1,1024,-1,-1,2
calibration__880__clean__shuffled__r2,calibration,clean,shuffled,2,1023,-1,-1,3
calibration__880__clean__shuffled__r3,calibration,clean,shuffled,1,1024,-1,-1,2
calibration__880__clean__shuffled__r4,calibration,clean,shuffled,1,1024,-1,-1,2
calibration__880__clean__shuffled__r5,calibration,clean,shuffled,1,1024,-1,-1,3
calibration__880__clean__shuffled__r6,calibration,clean,shuffled,1,1024,-1,-1,2
calibration__880__clean__shuffled__r7,calibration,clean,shuffled,1,1024,-1,-1,2
calibration__880__clean__shuffled__r8,calibration,clean,shuffled,1,1024,-1,-1,2
calibration__880__clean__shuffled__r9,calibration,clean,shuffled,1,1024,-1,-1,2
calibration__880__clean__noise__r0,calibration,clean,noise,1,1024,-1,-1,1
calibration__880__clean__sweep__r0,calibration,clean,sweep,144,316,172,236,1013
calibration__6155__clean__shuffled__r0,calibration,clean,shuffled,2,1023,-1,-1,1
calibration__6155__clean__shuffled__r1,calibration,clean,shuffled,1,1024,-1,-1,1
calibration__6155__clean__shuffled__r2,calibration,clean,shuffled,1,1024,-1,-1,2
calibration__6155__clean__shuffled__r3,calibration,clean,shuffled,1,1024,-1,-1,2
calibration__6155__clean__shuffled__r4,calibration,clean,shuffled,1,1024,-1,-1,2
calibration__6155__clean__shuffled__r5,calibration,clean,shuffled,1,1024,-1,-1,2
calibration__6155__clean__shuffled__r6,calibration,clean,shuffled,1,1024,-1,-1,2
calibration__6155__clean__shuffled__r7,calibration,clean,shuffled,1,1024,-1,-1,2
calibration__6155__clean__shuffled__r8,calibration,clean,shuffled,1,1024,-1,-1,3
calibration__6155__clean__shuffled__r9,calibration,clean,shuffled,1,1024,-1,-1,2
calibration__6155__clean__noise__r0,calibration,clean,noise,1,1024,-1,-1,1
calibration__6155__clean__sweep__r0,calibration,clean,sweep,92,767,633,633,-1
calibration__5400__clean__shuffled__r0,calibration,clean,shuffled,2,1023,-1,-1,2
calibration__5400__clean__shuffled__r1,calibration,clean,shuffled,1,1024,-1,-1,2
calibration__5400__clean__shuffled__r2,calibration,clean,shuffled,1,1024,-1,-1,2
calibration__5400__clean__shuffled__r3,calibration,clean,shuffled,2,1023,-1,-1,2
calibration__5400__clean__shuffled__r4,calibration,clean,shuffled,1,1024,-1,-1,3
calibration__5400__clean__shuffled__r5,calibration,clean,shuffled,1,1024,-1,-1,2
calibration__5400__clean__shuffled__r6,calibration,clean,shuffled,1,1024,-1,-1,2
calibration__5400__clean__shuffled__r7,calibration,clean,shuffled,1,1024,-1,-1,2
calibration__5400__clean__shuffled__r8,calibration,clean,shuffled,1,1024,-1,-1,3
calibration__5400__clean__shuffled__r9,calibration,clean,shuffled,1,1024,-1,-1,2
calibration__5400__clean__noise__r0,calibration,clean,noise,1,1024,-1,-1,1
calibration__5400__clean__sweep__r0,calibration,clean,sweep,4,1003,-1,-1,1006
calibration__9312__clean__shuffled__r0,calibration,clean,shuffled,1,1024,-1,-1,2
calibration__9312__clean__shuffled__r1,calibration,clean,shuffled,1,1024,-1,-1,2
calibration__9312__clean__shuffled__r2,calibration,clean,shuffled,1,1024,-1,-1,2
calibration__9312__clean__shuffled__r3,calibration,clean,shuffled,1,1024,-1,-1,2
calibration__9312__clean__shuffled__r4,calibration,clean,shuffled,1,1024,-1,-1,2
calibration__9312__clean__shuffled__r5,calibration,clean,shuffled,1,1024,-1,-1,1
calibration__9312__clean__shuffled__r6,calibration,clean,shuffled,1,1024,-1,-1,2
calibration__9312__clean__shuffled__r7,calibration,clean,shuffled,1,1024,-1,-1,2
calibration__9312__clean__shuffled__r8,calibration,clean,shuffled,1,1024,-1,-1,3
calibration__9312__clean__shuffled__r9,calibration,clean,shuffled,1,1024,-1,-1,2
calibration__9312__clean__noise__r0,calibration,clean,noise,1,1024,-1,-1,1
calibration__9312__clean__sweep__r0,calibration,clean,sweep,139,872,287,444,-1
evaluation__3782__clean__shuffled__r0,evaluation,clean,shuffled,1,1024,-1,-1,3
evaluation__3782__clean__shuffled__r1,evaluation,clean,shuffled,1,1024,-1,-1,2
evaluation__3782__clean__shuffled__r2,evaluation,clean,shuffled,1,1024,-1,-1,2
evaluation__3782__clean__shuffled__r3,evaluation,clean,shuffled,1,1024,-1,-1,3
evaluation__3782__clean__shuffled__r4,evaluation,clean,shuffled,1,1024,-1,-1,2
evaluation__3782__clean__shuffled__r5,evaluation,clean,shuffled,2,1023,-1,-1,2
evaluation__3782__clean__shuffled__r6,evaluation,clean,shuffled,2,1023,-1,-1,2
evaluation__3782__clean__shuffled__r7,evaluation,clean,shuffled,1,1024,-1,-1,2
evaluation__3782__clean__shuffled__r8,evaluation,clean,shuffled,1,1024,-1,-1,2
evaluation__3782__clean__shuffled__r9,evaluation,clean,shuffled,1,1024,-1,-1,2
evaluation__3782__clean__noise__r0,evaluation,clean,noise,1,1024,-1,-1,1
evaluation__3782__clean__sweep__r0,evaluation,clean,sweep,204,295,111,144,-1
evaluation__7115__clean__shuffled__r0,evaluation,clean,shuffled,1,1024,-1,-1,2
evaluation__7115__clean__shuffled__r1,evaluation,clean,shuffled,1,1024,-1,-1,2
evaluation__7115__clean__shuffled__r2,evaluation,clean,shuffled,1,1024,-1,-1,2
evaluation__7115__clean__shuffled__r3,evaluation,clean,shuffled,1,1024,-1,-1,2
evaluation__7115__clean__shuffled__r4,evaluation,clean,shuffled,1,1024,-1,-1,2
evaluation__7115__clean__shuffled__r5,evaluation,clean,shuffled,1,1024,-1,-1,1
evaluation__7115__clean__shuffled__r6,evaluation,clean,shuffled,1,1024,-1,-1,2
evaluation__7115__clean__shuffled__r7,evaluation,clean,shuffled,1,1024,-1,-1,2
evaluation__7115__clean__shuffled__r8,evaluation,clean,shuffled,1,1024,-1,-1,2
evaluation__7115__clean__shuffled__r9,evaluation,clean,shuffled,2,1023,-1,-1,1
evaluation__7115__clean__noise__r0,evaluation,clean,noise,1,1024,-1,-1,7
evaluation__7115__clean__sweep__r0,evaluation,clean,sweep,203,605,95,156,-1
evaluation__9046__clean__shuffled__r0,evaluation,clean,shuffled,1,1024,-1,-1,2
evaluation__9046__clean__shuffled__r1,evaluation,clean,shuffled,1,1024,-1,-1,2
evaluation__9046__clean__shuffled__r2,evaluation,clean,shuffled,1,1024,-1,-1,2
evaluation__9046__clean__shuffled__r3,evaluation,clean,shuffled,1,1024,-1,-1,4
evaluation__9046__clean__shuffled__r4,evaluation,clean,shuffled,1,1024,-1,-1,2
evaluation__9046__clean__shuffled__r5,evaluation,clean,shuffled,2,1023,-1,-1,2
evaluation__9046__clean__shuffled__r6,evaluation,clean,shuffled,1,1024,-1,-1,3
evaluation__9046__clean__shuffled__r7,evaluation,clean,shuffled,1,1024,-1,-1,1
evaluation__9046__clean__shuffled__r8,evaluation,clean,shuffled,1,1024,-1,-1,2
evaluation__9046__clean__shuffled__r9,evaluation,clean,shuffled,1,1024,-1,-1,3
evaluation__9046__clean__noise__r0,evaluation,clean,noise,1,1024,-1,-1,1
evaluation__9046__clean__sweep__r0,evaluation,clean,sweep,229,769,185,248,-1
evaluation__604__clean__shuffled__r0,evaluation,clean,shuffled,1,1024,-1,-1,2
evaluation__604__clean__shuffled__r1,evaluation,clean,shuffled,2,1023,-1,-1,2
evaluation__604__clean__shuffled__r2,evaluation,clean,shuffled,2,1023,-1,-1,1
evaluation__604__clean__shuffled__r3,evaluation,clean,shuffled,2,1023,-1,-1,2
evaluation__604__clean__shuffled__r4,evaluation,clean,shuffled,1,1024,-1,-1,2
evaluation__604__clean__shuffled__r5,evaluation,clean,shuffled,1,1024,-1,-1,2
evaluation__604__clean__shuffled__r6,evaluation,clean,shuffled,1,1024,-1,-1,2
evaluation__604__clean__shuffled__r7,evaluation,clean,shuffled,1,1024,-1,-1,2
evaluation__604__clean__shuffled__r8,evaluation,clean,shuffled,2,1023,-1,-1,2
evaluation__604__clean__shuffled__r9,evaluation,clean,shuffled,1,1024,-1,-1,2
evaluation__604__clean__noise__r0,evaluation,clean,noise,1,1024,-1,-1,2
evaluation__604__clean__sweep__r0,evaluation,clean,sweep,2,1019,-1,-1,991
evaluation__5051__clean__shuffled__r0,evaluation,clean,shuffled,1,1024,-1,-1,2
evaluation__5051__clean__shuffled__r1,evaluation,clean,shuffled,2,1023,-1,-1,3
evaluation__5051__clean__shuffled__r2,evaluation,clean,shuffled,1,1024,-1,-1,3
evaluation__5051__clean__shuffled__r3,evaluation,clean,shuffled,1,1024,-1,-1,2
evaluation__5051__clean__shuffled__r4,evaluation,clean,shuffled,1,1024,-1,-1,2
evaluation__5051__clean__shuffled__r5,evaluation,clean,shuffled,1,1024,-1,-1,2
evaluation__5051__clean__shuffled__r6,evaluation,clean,shuffled,1,1024,-1,-1,2
evaluation__5051__clean__shuffled__r7,evaluation,clean,shuffled,1,1024,-1,-1,3
evaluation__5051__clean__shuffled__r8,evaluation,clean,shuffled,1,1024,-1,-1,2
evaluation__5051__clean__shuffled__r9,evaluation,clean,shuffled,1,1024,-1,-1,2
evaluation__5051__clean__noise__r0,evaluation,clean,noise,1,1024,-1,-1,1
evaluation__5051__clean__sweep__r0,evaluation,clean,sweep,4,1005,-1,-1,369
evaluation__7535__clean__shuffled__r0,evaluation,clean,shuffled,1,1024,-1,-1,1
evaluation__7535__clean__shuffled__r1,evaluation,clean,shuffled,1,1024,-1,-1,2
evaluation__7535__clean__shuffled__r2,evaluation,clean,shuffled,1,1024,-1,-1,2
evaluation__7535__clean__shuffled__r3,evaluation,clean,shuffled,2,1023,-1,-1,2
evaluation__7535__clean__shuffled__r4,evaluation,clean,shuffled,1,1024,-1,-1,2
evaluation__7535__clean__shuffled__r5,evaluation,clean,shuffled,1,1024,-1,-1,4
evaluation__7535__clean__shuffled__r6,evaluation,clean,shuffled,2,1023,-1,-1,2
evaluation__7535__clean__shuffled__r7,evaluation,clean,shuffled,1,1024,-1,-1,2
evaluation__7535__clean__shuffled__r8,evaluation,clean,shuffled,1,1024,-1,-1,2
evaluation__7535__clean__shuffled__r9,evaluation,clean,shuffled,1,1024,-1,-1,2
evaluation__7535__clean__noise__r0,evaluation,clean,noise,1,1024,-1,-1,1
evaluation__7535__clean__sweep__r0,evaluation,clean,sweep,2,1016,-1,-1,480
evaluation__1196__clean__shuffled__r0,evaluation,clean,shuffled,1,1024,-1,-1,2
evaluation__1196__clean__shuffled__r1,evaluation,clean,shuffled,1,1024,-1,-1,2
evaluation__1196__clean__shuffled__r2,evaluation,clean,shuffled,1,1024,-1,-1,2
evaluation__1196__clean__shuffled__r3,evaluation,clean,shuffled,1,1024,-1,-1,2
evaluation__1196__clean__shuffled__r4,evaluation,clean,shuffled,1,1024,-1,-1,2
evaluation__1196__clean__shuffled__r5,evaluation,clean,shuffled,1,1024,-1,-1,2
evaluation__1196__clean__shuffled__r6,evaluation,clean,shuffled,1,1024,-1,-1,2
evaluation__1196__clean__shuffled__r7,evaluation,clean,shuffled,1,1024,-1,-1,2
evaluation__1196__clean__shuffled__r8,evaluation,clean,shuffled,3,1022,-1,-1,2
evaluation__1196__clean__shuffled__r9,evaluation,clean,shuffled,1,1024,-1,-1,2
evaluation__1196__clean__noise__r0,evaluation,clean,noise,1,1024,-1,-1,3
evaluation__1196__clean__sweep__r0,evaluation,clean,sweep,5,996,-1,-1,985
evaluation__3573__clean__shuffled__r0,evaluation,clean,shuffled,1,1024,-1,-1,2
evaluation__3573__clean__shuffled__r1,evaluation,clean,shuffled,1,1024,-1,-1,2
evaluation__3573__clean__shuffled__r2,evaluation,clean,shuffled,1,1024,-1,-1,3
evaluation__3573__clean__shuffled__r3,evaluation,clean,shuffled,2,1023,-1,-1,2
evaluation__3573__clean__shuffled__r4,evaluation,clean,shuffled,1,1024,-1,-1,2
evaluation__3573__clean__shuffled__r5,evaluation,clean,shuffled,1,1024,-1,-1,3
evaluation__3573__clean__shuffled__r6,evaluation,clean,shuffled,1,1024,-1,-1,2
evaluation__3573__clean__shuffled__r7,evaluation,clean,shuffled,1,1024,-1,-1,2
evaluation__3573__clean__shuffled__r8,evaluation,clean,shuffled,1,1024,-1,-1,2
evaluation__3573__clean__shuffled__r9,evaluation,clean,shuffled,1,1024,-1,-1,4
evaluation__3573__clean__noise__r0,evaluation,clean,noise,1,1024,-1,-1,1
evaluation__3573__clean__sweep__r0,evaluation,clean,sweep,7,986,-1,-1,353
evaluation__7206__clean__shuffled__r0,evaluation,clean,shuffled,1,1024,-1,-1,2
evaluation__7206__clean__shuffled__r1,evaluation,clean,shuffled,1,1024,-1,-1,2
evaluation__7206__clean__shuffled__r2,evaluation,clean,shuffled,1,1024,-1,-1,2
evaluation__7206__clean__shuffled__r3,evaluation,clean,shuffled,1,1024,-1,-1,2
evaluation__7206__clean__shuffled__r4,evaluation,clean,shuffled,1,1024,-1,-1,2
evaluation__7206__clean__shuffled__r5,evaluation,clean,shuffled,1,1024,-1,-1,1
evaluation__7206__clean__shuffled__r6,evaluation,clean,shuffled,1,1024,-1,-1,2
evaluation__7206__clean__shuffled__r7,evaluation,clean,shuffled,1,1024,-1,-1,3
evaluation__7206__clean__shuffled__r8,evaluation,clean,shuffled,1,1024,-1,-1,2
evaluation__7206__clean__shuffled__r9,evaluation,clean,shuffled,1,1024,-1,-1,2
evaluation__7206__clean__noise__r0,evaluation,clean,noise,1,1024,-1,-1,1
evaluation__7206__clean__sweep__r0,evaluation,clean,sweep,196,650,69,130,485
evaluation__9805__clean__shuffled__r0,evaluation,clean,shuffled,1,1024,-1,-1,2
evaluation__9805__clean__shuffled__r1,evaluation,clean,shuffled,1,1024,-1,-1,2
evaluation__9805__clean__shuffled__r2,evaluation,clean,shuffled,1,1024,-1,-1,2
evaluation__9805__clean__shuffled__r3,evaluation,clean,shuffled,1,1024,-1,-1,2
evaluation__9805__clean__shuffled__r4,evaluation,clean,shuffled,2,1023,-1,-1,2
evaluation__9805__clean__shuffled__r5,evaluation,clean,shuffled,1,1024,-1,-1,2
evaluation__9805__clean__shuffled__r6,evaluation,clean,shuffled,1,1024,-1,-1,3
evaluation__9805__clean__shuffled__r7,evaluation,clean,shuffled,1,1024,-1,-1,2
evaluation__9805__clean__shuffled__r8,evaluation,clean,shuffled,1,1024,-1,-1,2
evaluation__9805__clean__shuffled__r9,evaluation,clean,shuffled,1,1024,-1,-1,2
evaluation__9805__clean__noise__r0,evaluation,clean,noise,1,1024,-1,-1,2
evaluation__9805__clean__sweep__r0,evaluation,clean,sweep,248,116,74,90,144
evaluation__3479__clean__shuffled__r0,evaluation,clean,shuffled,2,1023,-1,-1,2
evaluation__3479__clean__shuffled__r1,evaluation,clean,shuffled,1,1024,-1,-1,2
evaluation__3479__clean__shuffled__r2,evaluation,clean,shuffled,2,1023,-1,-1,2
evaluation__3479__clean__shuffled__r3,evaluation,clean,shuffled,1,1024,-1,-1,2
evaluation__3479__clean__shuffled__r4,evaluation,clean,shuffled,2,1023,-1,-1,2
evaluation__3479__clean__shuffled__r5,evaluation,clean,shuffled,2,1023,-1,-1,1
evaluation__3479__clean__shuffled__r6,evaluation,clean,shuffled,1,1024,-1,-1,2
evaluation__3479__clean__shuffled__r7,evaluation,clean,shuffled,2,1023,-1,-1,1
evaluation__3479__clean__shuffled__r8,evaluation,clean,shuffled,1,1024,-1,-1,2
evaluation__3479__clean__shuffled__r9,evaluation,clean,shuffled,1,1024,-1,-1,1
evaluation__3479__clean__noise__r0,evaluation,clean,noise,1,1024,-1,-1,1
evaluation__3479__clean__sweep__r0,evaluation,clean,sweep,74,814,223,316,306
evaluation__6079__clean__shuffled__r0,evaluation,clean,shuffled,1,1024,-1,-1,2
evaluation__6079__clean__shuffled__r1,evaluation,clean,shuffled,1,1024,-1,-1,1
evaluation__6079__clean__shuffled__r2,evaluation,clean,shuffled,1,1024,-1,-1,2
evaluation__6079__clean__shuffled__r3,evaluation,clean,shuffled,1,1024,-1,-1,2
evaluation__6079__clean__shuffled__r4,evaluation,clean,shuffled,1,1024,-1,-1,2
evaluation__6079__clean__shuffled__r5,evaluation,clean,shuffled,2,1023,-1,-1,2
evaluation__6079__clean__shuffled__r6,evaluation,clean,shuffled,1,1024,-1,-1,2
evaluation__6079__clean__shuffled__r7,evaluation,clean,shuffled,1,1024,-1,-1,2
evaluation__6079__clean__shuffled__r8,evaluation,clean,shuffled,1,1024,-1,-1,2
evaluation__6079__clean__shuffled__r9,evaluation,clean,shuffled,1,1024,-1,-1,1
evaluation__6079__clean__noise__r0,evaluation,clean,noise,1,1024,-1,-1,3
evaluation__6079__clean__sweep__r0,evaluation,clean,sweep,294,536,62,92,-1
evaluation__8196__clean__shuffled__r0,evaluation,clean,shuffled,1,1024,-1,-1,2
evaluation__8196__clean__shuffled__r1,evaluation,clean,shuffled,1,1024,-1,-1,2
evaluation__8196__clean__shuffled__r2,evaluation,clean,shuffled,1,1024,-1,-1,3
evaluation__8196__clean__shuffled__r3,evaluation,clean,shuffled,1,1024,-1,-1,2
evaluation__8196__clean__shuffled__r4,evaluation,clean,shuffled,1,1024,-1,-1,1
evaluation__8196__clean__shuffled__r5,evaluation,clean,shuffled,1,1024,-1,-1,2
evaluation__8196__clean__shuffled__r6,evaluation,clean,shuffled,1,1024,-1,-1,2
evaluation__8196__clean__shuffled__r7,evaluation,clean,shuffled,1,1024,-1,-1,3
evaluation__8196__clean__shuffled__r8,evaluation,clean,shuffled,1,1024,-1,-1,2
evaluation__8196__clean__shuffled__r9,evaluation,clean,shuffled,1,1024,-1,-1,3
evaluation__8196__clean__noise__r0,evaluation,clean,noise,1,1024,-1,-1,1
evaluation__8196__clean__sweep__r0,evaluation,clean,sweep,116,861,284,636,909
evaluation__3256__clean__shuffled__r0,evaluation,clean,shuffled,1,1024,-1,-1,2
evaluation__3256__clean__shuffled__r1,evaluation,clean,shuffled,1,1024,-1,-1,2
evaluation__3256__clean__shuffled__r2,evaluation,clean,shuffled,1,1024,-1,-1,2
evaluation__3256__clean__shuffled__r3,evaluation,clean,shuffled,1,1024,-1,-1,2
evaluation__3256__clean__shuffled__r4,evaluation,clean,shuffled,1,1024,-1,-1,2
evaluation__3256__clean__shuffled__r5,evaluation,clean,shuffled,1,1024,-1,-1,2
evaluation__3256__clean__shuffled__r6,evaluation,clean,shuffled,1,1024,-1,-1,2
evaluation__3256__clean__shuffled__r7,evaluation,clean,shuffled,2,1023,-1,-1,2
evaluation__3256__clean__shuffled__r8,evaluation,clean,shuffled,1,1024,-1,-1,2
evaluation__3256__clean__shuffled__r9,evaluation,clean,shuffled,1,1024,-1,-1,2
evaluation__3256__clean__noise__r0,evaluation,clean,noise,1,1024,-1,-1,6
evaluation__3256__clean__sweep__r0,evaluation,clean,sweep,3,1008,-1,-1,950
evaluation__4047__clean__shuffled__r0,evaluation,clean,shuffled,1,1024,-1,-1,2
evaluation__4047__clean__shuffled__r1,evaluation,clean,shuffled,1,1024,-1,-1,3
evaluation__4047__clean__shuffled__r2,evaluation,clean,shuffled,1,1024,-1,-1,2
evaluation__4047__clean__shuffled__r3,evaluation,clean,shuffled,1,1024,-1,-1,2
evaluation__4047__clean__shuffled__r4,evaluation,clean,shuffled,1,1024,-1,-1,2
evaluation__4047__clean__shuffled__r5,evaluation,clean,shuffled,1,1024,-1,-1,2
evaluation__4047__clean__shuffled__r6,evaluation,clean,shuffled,1,1024,-1,-1,2
evaluation__4047__clean__shuffled__r7,evaluation,clean,shuffled,1,1024,-1,-1,2
evaluation__4047__clean__shuffled__r8,evaluation,clean,shuffled,1,1024,-1,-1,2
evaluation__4047__clean__shuffled__r9,evaluation,clean,shuffled,1,1024,-1,-1,2
evaluation__4047__clean__noise__r0,evaluation,clean,noise,1,1024,-1,-1,1
evaluation__4047__clean__sweep__r0,evaluation,clean,sweep,78,913,543,607,587
evaluation__8354__clean__shuffled__r0,evaluation,clean,shuffled,1,1024,-1,-1,2
evaluation__8354__clean__shuffled__r1,evaluation,clean,shuffled,2,1023,-1,-1,1
evaluation__8354__clean__shuffled__r2,evaluation,clean,shuffled,1,1024,-1,-1,2
evaluation__8354__clean__shuffled__r3,evaluation,clean,shuffled,2,1023,-1,-1,2
evaluation__8354__clean__shuffled__r4,evaluation,clean,shuffled,1,1024,-1,-1,2
evaluation__8354__clean__shuffled__r5,evaluation,clean,shuffled,1,1024,-1,-1,2
evaluation__8354__clean__shuffled__r6,evaluation,clean,shuffled,1,1024,-1,-1,2
evaluation__8354__clean__shuffled__r7,evaluation,clean,shuffled,1,1024,-1,-1,2
evaluation__8354__clean__shuffled__r8,evaluation,clean,shuffled,1,1024,-1,-1,2
evaluation__8354__clean__shuffled__r9,evaluation,clean,shuffled,1,1024,-1,-1,2
evaluation__8354__clean__noise__r0,evaluation,clean,noise,1,1024,-1,-1,1
evaluation__8354__clean__sweep__r0,evaluation,clean,sweep,2,1015,-1,-1,417
evaluation__1599__clean__shuffled__r0,evaluation,clean,shuffled,1,1024,-1,-1,2
evaluation__1599__clean__shuffled__r1,evaluation,clean,shuffled,1,1024,-1,-1,2
evaluation__1599__clean__shuffled__r2,evaluation,clean,shuffled,1,1024,-1,-1,2
evaluation__1599__clean__shuffled__r3,evaluation,clean,shuffled,1,1024,-1,-1,2
evaluation__1599__clean__shuffled__r4,evaluation,clean,shuffled,1,1024,-1,-1,2
evaluation__1599__clean__shuffled__r5,evaluation,clean,shuffled,1,1024,-1,-1,2
evaluation__1599__clean__shuffled__r6,evaluation,clean,shuffled,2,1023,-1,-1,2
evaluation__1599__clean__shuffled__r7,evaluation,clean,shuffled,1,1024,-1,-1,2
evaluation__1599__clean__shuffled__r8,evaluation,clean,shuffled,1,1024,-1,-1,1
evaluation__1599__clean__shuffled__r9,evaluation,clean,shuffled,1,1024,-1,-1,2
evaluation__1599__clean__noise__r0,evaluation,clean,noise,1,1024,-1,-1,1
evaluation__1599__clean__sweep__r0,evaluation,clean,sweep,2,1022,-1,-1,-1
evaluation__4246__clean__shuffled__r0,evaluation,clean,shuffled,1,1024,-1,-1,2
evaluation__4246__clean__shuffled__r1,evaluation,clean,shuffled,1,1024,-1,-1,2
evaluation__4246__clean__shuffled__r2,evaluation,clean,shuffled,2,1023,-1,-1,2
evaluation__4246__clean__shuffled__r3,evaluation,clean,shuffled,1,1024,-1,-1,2
evaluation__4246__clean__shuffled__r4,evaluation,clean,shuffled,1,1024,-1,-1,2
evaluation__4246__clean__shuffled__r5,evaluation,clean,shuffled,1,1024,-1,-1,1
evaluation__4246__clean__shuffled__r6,evaluation,clean,shuffled,1,1024,-1,-1,2
evaluation__4246__clean__shuffled__r7,evaluation,clean,shuffled,3,1022,-1,-1,1
evaluation__4246__clean__shuffled__r8,evaluation,clean,shuffled,1,1024,-1,-1,2
evaluation__4246__clean__shuffled__r9,evaluation,clean,shuffled,2,1023,-1,-1,2
evaluation__4246__clean__noise__r0,evaluation,clean,noise,1,1024,-1,-1,1
evaluation__4246__clean__sweep__r0,evaluation,clean,sweep,147,513,154,186,-1
evaluation__6835__clean__shuffled__r0,evaluation,clean,shuffled,1,1024,-1,-1,2
evaluation__6835__clean__shuffled__r1,evaluation,clean,shuffled,1,1024,-1,-1,2
evaluation__6835__clean__shuffled__r2,evaluation,clean,shuffled,1,1024,-1,-1,2
evaluation__6835__clean__shuffled__r3,evaluation,clean,shuffled,1,1024,-1,-1,1
evaluation__6835__clean__shuffled__r4,evaluation,clean,shuffled,1,1024,-1,-1,2
evaluation__6835__clean__shuffled__r5,evaluation,clean,shuffled,1,1024,-1,-1,2
evaluation__6835__clean__shuffled__r6,evaluation,clean,shuffled,1,1024,-1,-1,2
evaluation__6835__clean__shuffled__r7,evaluation,clean,shuffled,1,1024,-1,-1,2
evaluation__6835__clean__shuffled__r8,evaluation,clean,shuffled,1,1024,-1,-1,2
evaluation__6835__clean__shuffled__r9,evaluation,clean,shuffled,1,1024,-1,-1,1
evaluation__6835__clean__noise__r0,evaluation,clean,noise,1,1024,-1,-1,1
evaluation__6835__clean__sweep__r0,evaluation,clean,sweep,4,986,-1,-1,128
evaluation__9759__clean__shuffled__r0,evaluation,clean,shuffled,1,1024,-1,-1,2
evaluation__9759__clean__shuffled__r1,evaluation,clean,shuffled,1,1024,-1,-1,2
evaluation__9759__clean__shuffled__r2,evaluation,clean,shuffled,1,1024,-1,-1,1
evaluation__9759__clean__shuffled__r3,evaluation,clean,shuffled,1,1024,-1,-1,3
evaluation__9759__clean__shuffled__r4,evaluation,clean,shuffled,1,1024,-1,-1,2
evaluation__9759__clean__shuffled__r5,evaluation,clean,shuffled,1,1024,-1,-1,3
evaluation__9759__clean__shuffled__r6,evaluation,clean,shuffled,1,1024,-1,-1,2
evaluation__9759__clean__shuffled__r7,evaluation,clean,shuffled,1,1024,-1,-1,2
evaluation__9759__clean__shuffled__r8,evaluation,clean,shuffled,1,1024,-1,-1,2
evaluation__9759__clean__shuffled__r9,evaluation,clean,shuffled,1,1024,-1,-1,2
evaluation__9759__clean__noise__r0,evaluation,clean,noise,1,1024,-1,-1,1
evaluation__9759__clean__sweep__r0,evaluation,clean,sweep,128,686,91,155,545
evaluation__2488__clean__shuffled__r0,evaluation,clean,shuffled,2,1023,-1,-1,2
evaluation__2488__clean__shuffled__r1,evaluation,clean,shuffled,1,1024,-1,-1,1
evaluation__2488__clean__shuffled__r2,evaluation,clean,shuffled,2,1023,-1,-1,4
evaluation__2488__clean__shuffled__r3,evaluation,clean,shuffled,1,1024,-1,-1,2
evaluation__2488__clean__shuffled__r4,evaluation,clean,shuffled,1,1024,-1,-1,2
evaluation__2488__clean__shuffled__r5,evaluation,clean,shuffled,1,1024,-1,-1,2
evaluation__2488__clean__shuffled__r6,evaluation,clean,shuffled,1,1024,-1,-1,1
evaluation__2488__clean__shuffled__r7,evaluation,clean,shuffled,1,1024,-1,-1,2
evaluation__2488__clean__shuffled__r8,evaluation,clean,shuffled,1,1024,-1,-1,2
evaluation__2488__clean__shuffled__r9,evaluation,clean,shuffled,1,1024,-1,-1,2
evaluation__2488__clean__noise__r0,evaluation,clean,noise,1,1024,-1,-1,-1
evaluation__2488__clean__sweep__r0,evaluation,clean,sweep,2,1009,-1,-1,608
evaluation__4989__clean__shuffled__r0,evaluation,clean,shuffled,1,1024,-1,-1,2
evaluation__4989__clean__shuffled__r1,evaluation,clean,shuffled,1,1024,-1,-1,2
evaluation__4989__clean__shuffled__r2,evaluation,clean,shuffled,1,1024,-1,-1,2
evaluation__4989__clean__shuffled__r3,evaluation,clean,shuffled,1,1024,-1,-1,1
evaluation__4989__clean__shuffled__r4,evaluation,clean,shuffled,1,1024,-1,-1,2
evaluation__4989__clean__shuffled__r5,evaluation,clean,shuffled,1,1024,-1,-1,2
evaluation__4989__clean__shuffled__r6,evaluation,clean,shuffled,1,1024,-1,-1,2
evaluation__4989__clean__shuffled__r7,evaluation,clean,shuffled,1,1024,-1,-1,3
evaluation__4989__clean__shuffled__r8,evaluation,clean,shuffled,1,1024,-1,-1,2
evaluation__4989__clean__shuffled__r9,evaluation,clean,shuffled,1,1024,-1,-1,2
evaluation__4989__clean__noise__r0,evaluation,clean,noise,1,1024,-1,-1,-1
evaluation__4989__clean__sweep__r0,evaluation,clean,sweep,136,836,222,286,-1
evaluation__8184__clean__shuffled__r0,evaluation,clean,shuffled,1,1024,-1,-1,2
evaluation__8184__clean__shuffled__r1,evaluation,clean,shuffled,1,1024,-1,-1,2
evaluation__8184__clean__shuffled__r2,evaluation,clean,shuffled,1,1024,-1,-1,2
evaluation__8184__clean__shuffled__r3,evaluation,clean,shuffled,1,1024,-1,-1,2
evaluation__8184__clean__shuffled__r4,evaluation,clean,shuffled,1,1024,-1,-1,1
evaluation__8184__clean__shuffled__r5,evaluation,clean,shuffled,1,1024,-1,-1,2
evaluation__8184__clean__shuffled__r6,evaluation,clean,shuffled,1,1024,-1,-1,2
evaluation__8184__clean__shuffled__r7,evaluation,clean,shuffled,1,1024,-1,-1,2
evaluation__8184__clean__shuffled__r8,evaluation,clean,shuffled,1,1024,-1,-1,2
evaluation__8184__clean__shuffled__r9,evaluation,clean,shuffled,1,1024,-1,-1,2
evaluation__8184__clean__noise__r0,evaluation,clean,noise,1,1024,-1,-1,15
evaluation__8184__clean__sweep__r0,evaluation,clean,sweep,4,990,-1,-1,381
evaluation__3317__clean__shuffled__r0,evaluation,clean,shuffled,1,1024,-1,-1,2
evaluation__3317__clean__shuffled__r1,evaluation,clean,shuffled,1,1024,-1,-1,2
evaluation__3317__clean__shuffled__r2,evaluation,clean,shuffled,3,1022,-1,-1,2
evaluation__3317__clean__shuffled__r3,evaluation,clean,shuffled,1,1024,-1,-1,2
evaluation__3317__clean__shuffled__r4,evaluation,clean,shuffled,1,1024,-1,-1,2
evaluation__3317__clean__shuffled__r5,evaluation,clean,shuffled,1,1024,-1,-1,3
evaluation__3317__clean__shuffled__r6,evaluation,clean,shuffled,1,1024,-1,-1,2
evaluation__3317__clean__shuffled__r7,evaluation,clean,shuffled,4,1021,-1,-1,3
evaluation__3317__clean__shuffled__r8,evaluation,clean,shuffled,1,1024,-1,-1,2
evaluation__3317__clean__shuffled__r9,evaluation,clean,shuffled,1,1024,-1,-1,2
evaluation__3317__clean__noise__r0,evaluation,clean,noise,1,1024,-1,-1,1
evaluation__3317__clean__sweep__r0,evaluation,clean,sweep,5,999,-1,-1,-1
evaluation__5153__clean__shuffled__r0,evaluation,clean,shuffled,1,1024,-1,-1,2
evaluation__5153__clean__shuffled__r1,evaluation,clean,shuffled,1,1024,-1,-1,1
evaluation__5153__clean__shuffled__r2,evaluation,clean,shuffled,1,1024,-1,-1,2
evaluation__5153__clean__shuffled__r3,evaluation,clean,shuffled,1,1024,-1,-1,2
evaluation__5153__clean__shuffled__r4,evaluation,clean,shuffled,1,1024,-1,-1,2
evaluation__5153__clean__shuffled__r5,evaluation,clean,shuffled,1,1024,-1,-1,2
evaluation__5153__clean__shuffled__r6,evaluation,clean,shuffled,1,1024,-1,-1,2
evaluation__5153__clean__shuffled__r7,evaluation,clean,shuffled,1,1024,-1,-1,2
evaluation__5153__clean__shuffled__r8,evaluation,clean,shuffled,1,1024,-1,-1,2
evaluation__5153__clean__shuffled__r9,evaluation,clean,shuffled,1,1024,-1,-1,2
evaluation__5153__clean__noise__r0,evaluation,clean,noise,1,1024,-1,-1,1
evaluation__5153__clean__sweep__r0,evaluation,clean,sweep,3,1014,-1,-1,737
evaluation__6234__clean__shuffled__r0,evaluation,clean,shuffled,1,1024,-1,-1,2
evaluation__6234__clean__shuffled__r1,evaluation,clean,shuffled,1,1024,-1,-1,2
evaluation__6234__clean__shuffled__r2,evaluation,clean,shuffled,1,1024,-1,-1,2
evaluation__6234__clean__shuffled__r3,evaluation,clean,shuffled,1,1024,-1,-1,1
evaluation__6234__clean__shuffled__r4,evaluation,clean,shuffled,1,1024,-1,-1,2
evaluation__6234__clean__shuffled__r5,evaluation,clean,shuffled,1,1024,-1,-1,1
evaluation__6234__clean__shuffled__r6,evaluation,clean,shuffled,1,1024,-1,-1,2
evaluation__6234__clean__shuffled__r7,evaluation,clean,shuffled,1,1024,-1,-1,3
evaluation__6234__clean__shuffled__r8,evaluation,clean,shuffled,1,1024,-1,-1,3
evaluation__6234__clean__shuffled__r9,evaluation,clean,shuffled,1,1024,-1,-1,2
evaluation__6234__clean__noise__r0,evaluation,clean,noise,1,1024,-1,-1,14
evaluation__6234__clean__sweep__r0,evaluation,clean,sweep,204,300,106,136,-1
evaluation__939__clean__shuffled__r0,evaluation,clean,shuffled,1,1024,-1,-1,2
evaluation__939__clean__shuffled__r1,evaluation,clean,shuffled,1,1024,-1,-1,2
evaluation__939__clean__shuffled__r2,evaluation,clean,shuffled,1,1024,-1,-1,2
evaluation__939__clean__shuffled__r3,evaluation,clean,shuffled,1,1024,-1,-1,2
evaluation__939__clean__shuffled__r4,evaluation,clean,shuffled,1,1024,-1,-1,2
evaluation__939__clean__shuffled__r5,evaluation,clean,shuffled,1,1024,-1,-1,2
evaluation__939__clean__shuffled__r6,evaluation,clean,shuffled,1,1024,-1,-1,2
evaluation__939__clean__shuffled__r7,evaluation,clean,shuffled,1,1024,-1,-1,3
evaluation__939__clean__shuffled__r8,evaluation,clean,shuffled,1,1024,-1,-1,2
evaluation__939__clean__shuffled__r9,evaluation,clean,shuffled,1,1024,-1,-1,2
evaluation__939__clean__noise__r0,evaluation,clean,noise,1,1024,-1,-1,1
evaluation__939__clean__sweep__r0,evaluation,clean,sweep,272,513,63,94,961
evaluation__3138__clean__shuffled__r0,evaluation,clean,shuffled,1,1024,-1,-1,2
evaluation__3138__clean__shuffled__r1,evaluation,clean,shuffled,1,1024,-1,-1,1
evaluation__3138__clean__shuffled__r2,evaluation,clean,shuffled,1,1024,-1,-1,2
evaluation__3138__clean__shuffled__r3,evaluation,clean,shuffled,1,1024,-1,-1,2
evaluation__3138__clean__shuffled__r4,evaluation,clean,shuffled,1,1024,-1,-1,2
evaluation__3138__clean__shuffled__r5,evaluation,clean,shuffled,1,1024,-1,-1,1
evaluation__3138__clean__shuffled__r6,evaluation,clean,shuffled,1,1024,-1,-1,2
evaluation__3138__clean__shuffled__r7,evaluation,clean,shuffled,1,1024,-1,-1,2
evaluation__3138__clean__shuffled__r8,evaluation,clean,shuffled,1,1024,-1,-1,2
evaluation__3138__clean__shuffled__r9,evaluation,clean,shuffled,1,1024,-1,-1,2
evaluation__3138__clean__noise__r0,evaluation,clean,noise,1,1024,-1,-1,1
evaluation__3138__clean__sweep__r0,evaluation,clean,sweep,71,949,414,416,-1
evaluation__4539__clean__shuffled__r0,evaluation,clean,shuffled,1,1024,-1,-1,2
evaluation__4539__clean__shuffled__r1,evaluation,clean,shuffled,1,1024,-1,-1,2
evaluation__4539__clean__shuffled__r2,evaluation,clean,shuffled,1,1024,-1,-1,2
evaluation__4539__clean__shuffled__r3,evaluation,clean,shuffled,1,1024,-1,-1,2
evaluation__4539__clean__shuffled__r4,evaluation,clean,shuffled,1,1024,-1,-1,2
evaluation__4539__clean__shuffled__r5,evaluation,clean,shuffled,2,1023,-1,-1,2
evaluation__4539__clean__shuffled__r6,evaluation,clean,shuffled,1,1024,-1,-1,2
evaluation__4539__clean__shuffled__r7,evaluation,clean,shuffled,1,1024,-1,-1,3
evaluation__4539__clean__shuffled__r8,evaluation,clean,shuffled,1,1024,-1,-1,2
evaluation__4539__clean__shuffled__r9,evaluation,clean,shuffled,1,1024,-1,-1,2
evaluation__4539__clean__noise__r0,evaluation,clean,noise,1,1024,-1,-1,1
evaluation__4539__clean__sweep__r0,evaluation,clean,sweep,8,992,-1,-1,673
evaluation__9955__clean__shuffled__r0,evaluation,clean,shuffled,1,1024,-1,-1,3
evaluation__9955__clean__shuffled__r1,evaluation,clean,shuffled,1,1024,-1,-1,3
evaluation__9955__clean__shuffled__r2,evaluation,clean,shuffled,1,1024,-1,-1,2
evaluation__9955__clean__shuffled__r3,evaluation,clean,shuffled,1,1024,-1,-1,2
evaluation__9955__clean__shuffled__r4,evaluation,clean,shuffled,1,1024,-1,-1,3
evaluation__9955__clean__shuffled__r5,evaluation,clean,shuffled,1,1024,-1,-1,2
evaluation__9955__clean__shuffled__r6,evaluation,clean,shuffled,1,1024,-1,-1,3
evaluation__9955__clean__shuffled__r7,evaluation,clean,shuffled,1,1024,-1,-1,2
evaluation__9955__clean__shuffled__r8,evaluation,clean,shuffled,1,1024,-1,-1,2
evaluation__9955__clean__shuffled__r9,evaluation,clean,shuffled,1,1024,-1,-1,2
evaluation__9955__clean__noise__r0,evaluation,clean,noise,1,1024,-1,-1,1
evaluation__9955__clean__sweep__r0,evaluation,clean,sweep,103,514,335,334,-1
evaluation__3368__clean__shuffled__r0,evaluation,clean,shuffled,1,1024,-1,-1,1
evaluation__3368__clean__shuffled__r1,evaluation,clean,shuffled,1,1024,-1,-1,2
evaluation__3368__clean__shuffled__r2,evaluation,clean,shuffled,2,1023,-1,-1,2
evaluation__3368__clean__shuffled__r3,evaluation,clean,shuffled,1,1024,-1,-1,3
evaluation__3368__clean__shuffled__r4,evaluation,clean,shuffled,1,1024,-1,-1,2
evaluation__3368__clean__shuffled__r5,evaluation,clean,shuffled,1,1024,-1,-1,2
evaluation__3368__clean__shuffled__r6,evaluation,clean,shuffled,1,1024,-1,-1,2
evaluation__3368__clean__shuffled__r7,evaluation,clean,shuffled,1,1024,-1,-1,2
evaluation__3368__clean__shuffled__r8,evaluation,clean,shuffled,1,1024,-1,-1,2
evaluation__3368__clean__shuffled__r9,evaluation,clean,shuffled,1,1024,-1,-1,4
evaluation__3368__clean__noise__r0,evaluation,clean,noise,1,1024,-1,-1,3
evaluation__3368__clean__sweep__r0,evaluation,clean,sweep,12,996,-1,-1,321
evaluation__6749__clean__shuffled__r0,evaluation,clean,shuffled,1,1024,-1,-1,2
evaluation__6749__clean__shuffled__r1,evaluation,clean,shuffled,1,1024,-1,-1,2
evaluation__6749__clean__shuffled__r2,evaluation,clean,shuffled,2,1023,-1,-1,2
evaluation__6749__clean__shuffled__r3,evaluation,clean,shuffled,1,1024,-1,-1,2
evaluation__6749__clean__shuffled__r4,evaluation,clean,shuffled,2,1023,-1,-1,2
evaluation__6749__clean__shuffled__r5,evaluation,clean,shuffled,1,1024,-1,-1,2
evaluation__6749__clean__shuffled__r6,evaluation,clean,shuffled,2,1023,-1,-1,2
evaluation__6749__clean__shuffled__r7,evaluation,clean,shuffled,1,1024,-1,-1,2
evaluation__6749__clean__shuffled__r8,evaluation,clean,shuffled,1,1024,-1,-1,2
evaluation__6749__clean__shuffled__r9,evaluation,clean,shuffled,1,1024,-1,-1,2
evaluation__6749__clean__noise__r0,evaluation,clean,noise,1,1024,-1,-1,6
evaluation__6749__clean__sweep__r0,evaluation,clean,sweep,164,794,218,250,-1
evaluation__9060__clean__shuffled__r0,evaluation,clean,shuffled,1,1024,-1,-1,2
evaluation__9060__clean__shuffled__r1,evaluation,clean,shuffled,1,1024,-1,-1,3
evaluation__9060__clean__shuffled__r2,evaluation,clean,shuffled,1,1024,-1,-1,3
evaluation__9060__clean__shuffled__r3,evaluation,clean,shuffled,2,1023,-1,-1,3
evaluation__9060__clean__shuffled__r4,evaluation,clean,shuffled,2,1023,-1,-1,1
evaluation__9060__clean__shuffled__r5,evaluation,clean,shuffled,2,1023,-1,-1,3
evaluation__9060__clean__shuffled__r6,evaluation,clean,shuffled,1,1024,-1,-1,1
evaluation__9060__clean__shuffled__r7,evaluation,clean,shuffled,1,1024,-1,-1,2
evaluation__9060__clean__shuffled__r8,evaluation,clean,shuffled,1,1024,-1,-1,2
evaluation__9060__clean__shuffled__r9,evaluation,clean,shuffled,1,1024,-1,-1,3
evaluation__9060__clean__noise__r0,evaluation,clean,noise,1,1024,-1,-1,1
evaluation__9060__clean__sweep__r0,evaluation,clean,sweep,199,580,243,276,-1
fit__4040__clean__shuffled__r0,fit,clean,shuffled,1,1024,-1,-1,1
fit__4040__clean__shuffled__r1,fit,clean,shuffled,1,1024,-1,-1,2
fit__4040__clean__shuffled__r2,fit,clean,shuffled,1,1024,-1,-1,2
fit__4040__clean__shuffled__r3,fit,clean,shuffled,1,1024,-1,-1,2
fit__4040__clean__shuffled__r4,fit,clean,shuffled,1,1024,-1,-1,2
fit__4040__clean__shuffled__r5,fit,clean,shuffled,1,1024,-1,-1,2
fit__4040__clean__shuffled__r6,fit,clean,shuffled,1,1024,-1,-1,2
fit__4040__clean__shuffled__r7,fit,clean,shuffled,1,1024,-1,-1,2
fit__4040__clean__shuffled__r8,fit,clean,shuffled,1,1024,-1,-1,2
fit__4040__clean__shuffled__r9,fit,clean,shuffled,1,1024,-1,-1,2
fit__4040__clean__noise__r0,fit,clean,noise,1,1024,-1,-1,1
fit__4040__clean__sweep__r0,fit,clean,sweep,291,426,39,71,553
fit__9749__clean__shuffled__r0,fit,clean,shuffled,1,1024,-1,-1,2
fit__9749__clean__shuffled__r1,fit,clean,shuffled,4,1021,-1,-1,2
fit__9749__clean__shuffled__r2,fit,clean,shuffled,1,1024,-1,-1,2
fit__9749__clean__shuffled__r3,fit,clean,shuffled,1,1024,-1,-1,3
fit__9749__clean__shuffled__r4,fit,clean,shuffled,2,1023,-1,-1,2
fit__9749__clean__shuffled__r5,fit,clean,shuffled,1,1024,-1,-1,2
fit__9749__clean__shuffled__r6,fit,clean,shuffled,1,1024,-1,-1,2
fit__9749__clean__shuffled__r7,fit,clean,shuffled,1,1024,-1,-1,2
fit__9749__clean__shuffled__r8,fit,clean,shuffled,1,1024,-1,-1,2
fit__9749__clean__shuffled__r9,fit,clean,shuffled,1,1024,-1,-1,2
fit__9749__clean__noise__r0,fit,clean,noise,1,1024,-1,-1,1
fit__9749__clean__sweep__r0,fit,clean,sweep,256,480,90,123,461
fit__6117__clean__shuffled__r0,fit,clean,shuffled,1,1024,-1,-1,2
fit__6117__clean__shuffled__r1,fit,clean,shuffled,1,1024,-1,-1,3
fit__6117__clean__shuffled__r2,fit,clean,shuffled,1,1024,-1,-1,2
fit__6117__clean__shuffled__r3,fit,clean,shuffled,1,1024,-1,-1,2
fit__6117__clean__shuffled__r4,fit,clean,shuffled,1,1024,-1,-1,1
fit__6117__clean__shuffled__r5,fit,clean,shuffled,1,1024,-1,-1,2
fit__6117__clean__shuffled__r6,fit,clean,shuffled,2,1023,-1,-1,2
fit__6117__clean__shuffled__r7,fit,clean,shuffled,1,1024,-1,-1,2
fit__6117__clean__shuffled__r8,fit,clean,shuffled,1,1024,-1,-1,2
fit__6117__clean__shuffled__r9,fit,clean,shuffled,1,1024,-1,-1,4
fit__6117__clean__noise__r0,fit,clean,noise,1,1024,-1,-1,2
fit__6117__clean__sweep__r0,fit,clean,sweep,116,899,448,477,544
fit__1852__clean__shuffled__r0,fit,clean,shuffled,1,1024,-1,-1,2
fit__1852__clean__shuffled__r1,fit,clean,shuffled,1,1024,-1,-1,2
fit__1852__clean__shuffled__r2,fit,clean,shuffled,1,1024,-1,-1,2
fit__1852__clean__shuffled__r3,fit,clean,shuffled,1,1024,-1,-1,2
fit__1852__clean__shuffled__r4,fit,clean,shuffled,1,1024,-1,-1,2
fit__1852__clean__shuffled__r5,fit,clean,shuffled,1,1024,-1,-1,4
fit__1852__clean__shuffled__r6,fit,clean,shuffled,1,1024,-1,-1,2
fit__1852__clean__shuffled__r7,fit,clean,shuffled,1,1024,-1,-1,2
fit__1852__clean__shuffled__r8,fit,clean,shuffled,1,1024,-1,-1,2
fit__1852__clean__shuffled__r9,fit,clean,shuffled,1,1024,-1,-1,2
fit__1852__clean__noise__r0,fit,clean,noise,1,1024,-1,-1,826
fit__1852__clean__sweep__r0,fit,clean,sweep,251,736,279,310,430
fit__8493__clean__shuffled__r0,fit,clean,shuffled,1,1024,-1,-1,2
fit__8493__clean__shuffled__r1,fit,clean,shuffled,1,1024,-1,-1,1
fit__8493__clean__shuffled__r2,fit,clean,shuffled,1,1024,-1,-1,2
fit__8493__clean__shuffled__r3,fit,clean,shuffled,1,1024,-1,-1,2
fit__8493__clean__shuffled__r4,fit,clean,shuffled,1,1024,-1,-1,2
fit__8493__clean__shuffled__r5,fit,clean,shuffled,1,1024,-1,-1,2
fit__8493__clean__shuffled__r6,fit,clean,shuffled,1,1024,-1,-1,3
fit__8493__clean__shuffled__r7,fit,clean,shuffled,1,1024,-1,-1,2
fit__8493__clean__shuffled__r8,fit,clean,shuffled,1,1024,-1,-1,1
fit__8493__clean__shuffled__r9,fit,clean,shuffled,2,1023,-1,-1,3
fit__8493__clean__noise__r0,fit,clean,noise,1,1024,-1,-1,2
fit__8493__clean__sweep__r0,fit,clean,sweep,197,804,153,187,36
fit__2963__clean__shuffled__r0,fit,clean,shuffled,1,1024,-1,-1,2
fit__2963__clean__shuffled__r1,fit,clean,shuffled,1,1024,-1,-1,2
fit__2963__clean__shuffled__r2,fit,clean,shuffled,1,1024,-1,-1,1
fit__2963__clean__shuffled__r3,fit,clean,shuffled,3,1022,-1,-1,2
fit__2963__clean__shuffled__r4,fit,clean,shuffled,1,1024,-1,-1,2
fit__2963__clean__shuffled__r5,fit,clean,shuffled,1,1024,-1,-1,2
fit__2963__clean__shuffled__r6,fit,clean,shuffled,1,1024,-1,-1,2
fit__2963__clean__shuffled__r7,fit,clean,shuffled,1,1024,-1,-1,2
fit__2963__clean__shuffled__r8,fit,clean,shuffled,1,1024,-1,-1,2
fit__2963__clean__shuffled__r9,fit,clean,shuffled,2,1023,-1,-1,3
fit__2963__clean__noise__r0,fit,clean,noise,1,1024,-1,-1,18
fit__2963__clean__sweep__r0,fit,clean,sweep,98,897,478,512,257
fit__9226__clean__shuffled__r0,fit,clean,shuffled,1,1024,-1,-1,2
fit__9226__clean__shuffled__r1,fit,clean,shuffled,1,1024,-1,-1,2
fit__9226__clean__shuffled__r2,fit,clean,shuffled,1,1024,-1,-1,2
fit__9226__clean__shuffled__r3,fit,clean,shuffled,1,1024,-1,-1,2
fit__9226__clean__shuffled__r4,fit,clean,shuffled,1,1024,-1,-1,2
fit__9226__clean__shuffled__r5,fit,clean,shuffled,1,1024,-1,-1,2
fit__9226__clean__shuffled__r6,fit,clean,shuffled,1,1024,-1,-1,2
fit__9226__clean__shuffled__r7,fit,clean,shuffled,1,1024,-1,-1,2
fit__9226__clean__shuffled__r8,fit,clean,shuffled,1,1024,-1,-1,2
fit__9226__clean__shuffled__r9,fit,clean,shuffled,1,1024,-1,-1,3
fit__9226__clean__noise__r0,fit,clean,noise,1,1024,-1,-1,1
fit__9226__clean__sweep__r0,fit,clean,sweep,67,952,479,543,833
fit__3498__clean__shuffled__r0,fit,clean,shuffled,1,1024,-1,-1,2
fit__3498__clean__shuffled__r1,fit,clean,shuffled,1,1024,-1,-1,2
fit__3498__clean__shuffled__r2,fit,clean,shuffled,1,1024,-1,-1,3
fit__3498__clean__shuffled__r3,fit,clean,shuffled,1,1024,-1,-1,2
fit__3498__clean__shuffled__r4,fit,clean,shuffled,1,1024,-1,-1,2
fit__3498__clean__shuffled__r5,fit,clean,shuffled,1,1024,-1,-1,3
fit__3498__clean__shuffled__r6,fit,clean,shuffled,1,1024,-1,-1,3
fit__3498__clean__shuffled__r7,fit,clean,shuffled,1,1024,-1,-1,2
fit__3498__clean__shuffled__r8,fit,clean,shuffled,2,1023,-1,-1,2
fit__3498__clean__shuffled__r9,fit,clean,shuffled,1,1024,-1,-1,2
fit__3498__clean__noise__r0,fit,clean,noise,1,1024,-1,-1,2
fit__3498__clean__sweep__r0,fit,clean,sweep,3,1002,-1,-1,794
fit__2915__clean__shuffled__r0,fit,clean,shuffled,1,1024,-1,-1,2
fit__2915__clean__shuffled__r1,fit,clean,shuffled,1,1024,-1,-1,2
fit__2915__clean__shuffled__r2,fit,clean,shuffled,1,1024,-1,-1,3
fit__2915__clean__shuffled__r3,fit,clean,shuffled,1,1024,-1,-1,2
fit__2915__clean__shuffled__r4,fit,clean,shuffled,1,1024,-1,-1,2
fit__2915__clean__shuffled__r5,fit,clean,shuffled,2,1023,-1,-1,2
fit__2915__clean__shuffled__r6,fit,clean,shuffled,1,1024,-1,-1,2
fit__2915__clean__shuffled__r7,fit,clean,shuffled,2,1023,-1,-1,2
fit__2915__clean__shuffled__r8,fit,clean,shuffled,1,1024,-1,-1,1
fit__2915__clean__shuffled__r9,fit,clean,shuffled,1,1024,-1,-1,2
fit__2915__clean__noise__r0,fit,clean,noise,1,1024,-1,-1,2
fit__2915__clean__sweep__r0,fit,clean,sweep,128,870,288,318,-1
fit__6690__clean__shuffled__r0,fit,clean,shuffled,1,1024,-1,-1,2
fit__6690__clean__shuffled__r1,fit,clean,shuffled,1,1024,-1,-1,1
fit__6690__clean__shuffled__r2,fit,clean,shuffled,1,1024,-1,-1,2
fit__6690__clean__shuffled__r3,fit,clean,shuffled,1,1024,-1,-1,2
fit__6690__clean__shuffled__r4,fit,clean,shuffled,1,1024,-1,-1,2
fit__6690__clean__shuffled__r5,fit,clean,shuffled,1,1024,-1,-1,2
fit__6690__clean__shuffled__r6,fit,clean,shuffled,1,1024,-1,-1,2
fit__6690__clean__shuffled__r7,fit,clean,shuffled,1,1024,-1,-1,2
fit__6690__clean__shuffled__r8,fit,clean,shuffled,1,1024,-1,-1,2
fit__6690__clean__shuffled__r9,fit,clean,shuffled,1,1024,-1,-1,2
fit__6690__clean__noise__r0,fit,clean,noise,1,1024,-1,-1,1
fit__6690__clean__sweep__r0,fit,clean,sweep,314,368,61,91,-1
fit__4150__clean__shuffled__r0,fit,clean,shuffled,1,1024,-1,-1,2
fit__4150__clean__shuffled__r1,fit,clean,shuffled,1,1024,-1,-1,2
fit__4150__clean__shuffled__r2,fit,clean,shuffled,1,1024,-1,-1,2
fit__4150__clean__shuffled__r3,fit,clean,shuffled,1,1024,-1,-1,2
fit__4150__clean__shuffled__r4,fit,clean,shuffled,1,1024,-1,-1,2
fit__4150__clean__shuffled__r5,fit,clean,shuffled,1,1024,-1,-1,2
fit__4150__clean__shuffled__r6,fit,clean,shuffled,1,1024,-1,-1,2
fit__4150__clean__shuffled__r7,fit,clean,shuffled,1,1024,-1,-1,2
fit__4150__clean__shuffled__r8,fit,clean,shuffled,1,1024,-1,-1,2
fit__4150__clean__shuffled__r9,fit,clean,shuffled,1,1024,-1,-1,2
fit__4150__clean__noise__r0,fit,clean,noise,1,1024,-1,-1,187
fit__4150__clean__sweep__r0,fit,clean,sweep,234,764,157,191,758
fit__9789__clean__shuffled__r0,fit,clean,shuffled,1,1024,-1,-1,2
fit__9789__clean__shuffled__r1,fit,clean,shuffled,1,1024,-1,-1,2
fit__9789__clean__shuffled__r2,fit,clean,shuffled,1,1024,-1,-1,2
fit__9789__clean__shuffled__r3,fit,clean,shuffled,1,1024,-1,-1,3
fit__9789__clean__shuffled__r4,fit,clean,shuffled,1,1024,-1,-1,2
fit__9789__clean__shuffled__r5,fit,clean,shuffled,1,1024,-1,-1,2
fit__9789__clean__shuffled__r6,fit,clean,shuffled,1,1024,-1,-1,2
fit__9789__clean__shuffled__r7,fit,clean,shuffled,1,1024,-1,-1,2
fit__9789__clean__shuffled__r8,fit,clean,shuffled,1,1024,-1,-1,2
fit__9789__clean__shuffled__r9,fit,clean,shuffled,1,1024,-1,-1,2
fit__9789__clean__noise__r0,fit,clean,noise,1,1024,-1,-1,-1
fit__9789__clean__sweep__r0,fit,clean,sweep,3,994,-1,-1,897
fit__5818__clean__shuffled__r0,fit,clean,shuffled,1,1024,-1,-1,3
fit__5818__clean__shuffled__r1,fit,clean,shuffled,1,1024,-1,-1,2
fit__5818__clean__shuffled__r2,fit,clean,shuffled,1,1024,-1,-1,2
fit__5818__clean__shuffled__r3,fit,clean,shuffled,1,1024,-1,-1,2
fit__5818__clean__shuffled__r4,fit,clean,shuffled,1,1024,-1,-1,2
fit__5818__clean__shuffled__r5,fit,clean,shuffled,1,1024,-1,-1,2
fit__5818__clean__shuffled__r6,fit,clean,shuffled,1,1024,-1,-1,2
fit__5818__clean__shuffled__r7,fit,clean,shuffled,1,1024,-1,-1,2
fit__5818__clean__shuffled__r8,fit,clean,shuffled,1,1024,-1,-1,2
fit__5818__clean__shuffled__r9,fit,clean,shuffled,2,1023,-1,-1,2
fit__5818__clean__noise__r0,fit,clean,noise,1,1024,-1,-1,1
fit__5818__clean__sweep__r0,fit,clean,sweep,3,1008,-1,-1,-1
fit__1358__clean__shuffled__r0,fit,clean,shuffled,2,1023,-1,-1,2
fit__1358__clean__shuffled__r1,fit,clean,shuffled,1,1024,-1,-1,2
fit__1358__clean__shuffled__r2,fit,clean,shuffled,3,1022,-1,-1,3
fit__1358__clean__shuffled__r3,fit,clean,shuffled,1,1024,-1,-1,2
fit__1358__clean__shuffled__r4,fit,clean,shuffled,1,1024,-1,-1,3
fit__1358__clean__shuffled__r5,fit,clean,shuffled,1,1024,-1,-1,1
fit__1358__clean__shuffled__r6,fit,clean,shuffled,1,1024,-1,-1,2
fit__1358__clean__shuffled__r7,fit,clean,shuffled,1,1024,-1,-1,2
fit__1358__clean__shuffled__r8,fit,clean,shuffled,1,1024,-1,-1,2
fit__1358__clean__shuffled__r9,fit,clean,shuffled,1,1024,-1,-1,2
fit__1358__clean__noise__r0,fit,clean,noise,1,1024,-1,-1,1
fit__1358__clean__sweep__r0,fit,clean,sweep,26,955,573,637,-1
fit__6684__clean__shuffled__r0,fit,clean,shuffled,1,1024,-1,-1,2
fit__6684__clean__shuffled__r1,fit,clean,shuffled,1,1024,-1,-1,2
fit__6684__clean__shuffled__r2,fit,clean,shuffled,1,1024,-1,-1,2
fit__6684__clean__shuffled__r3,fit,clean,shuffled,1,1024,-1,-1,2
fit__6684__clean__shuffled__r4,fit,clean,shuffled,1,1024,-1,-1,2
fit__6684__clean__shuffled__r5,fit,clean,shuffled,1,1024,-1,-1,2
fit__6684__clean__shuffled__r6,fit,clean,shuffled,1,1024,-1,-1,2
fit__6684__clean__shuffled__r7,fit,clean,shuffled,1,1024,-1,-1,2
fit__6684__clean__shuffled__r8,fit,clean,shuffled,1,1024,-1,-1,2
fit__6684__clean__shuffled__r9,fit,clean,shuffled,1,1024,-1,-1,2
fit__6684__clean__noise__r0,fit,clean,noise,1,1024,-1,-1,1
fit__6684__clean__sweep__r0,fit,clean,sweep,83,848,160,510,-1
fit__3732__clean__shuffled__r0,fit,clean,shuffled,1,1024,-1,-1,1
fit__3732__clean__shuffled__r1,fit,clean,shuffled,1,1024,-1,-1,2
fit__3732__clean__shuffled__r2,fit,clean,shuffled,1,1024,-1,-1,2
fit__3732__clean__shuffled__r3,fit,clean,shuffled,1,1024,-1,-1,3
fit__3732__clean__shuffled__r4,fit,clean,shuffled,1,1024,-1,-1,2
fit__3732__clean__shuffled__r5,fit,clean,shuffled,2,1023,-1,-1,2
fit__3732__clean__shuffled__r6,fit,clean,shuffled,1,1024,-1,-1,3
fit__3732__clean__shuffled__r7,fit,clean,shuffled,1,1024,-1,-1,3
fit__3732__clean__shuffled__r8,fit,clean,shuffled,1,1024,-1,-1,2
fit__3732__clean__shuffled__r9,fit,clean,shuffled,1,1024,-1,-1,2
fit__3732__clean__noise__r0,fit,clean,noise,1,1024,-1,-1,2
fit__3732__clean__sweep__r0,fit,clean,sweep,3,1002,-1,-1,912
fit__8575__clean__shuffled__r0,fit,clean,shuffled,1,1024,-1,-1,4
fit__8575__clean__shuffled__r1,fit,clean,shuffled,1,1024,-1,-1,2
fit__8575__clean__shuffled__r2,fit,clean,shuffled,2,1023,-1,-1,2
fit__8575__clean__shuffled__r3,fit,clean,shuffled,1,1024,-1,-1,2
fit__8575__clean__shuffled__r4,fit,clean,shuffled,1,1024,-1,-1,2
fit__8575__clean__shuffled__r5,fit,clean,shuffled,1,1024,-1,-1,2
fit__8575__clean__shuffled__r6,fit,clean,shuffled,1,1024,-1,-1,2
fit__8575__clean__shuffled__r7,fit,clean,shuffled,1,1024,-1,-1,2
fit__8575__clean__shuffled__r8,fit,clean,shuffled,1,1024,-1,-1,2
fit__8575__clean__shuffled__r9,fit,clean,shuffled,1,1024,-1,-1,2
fit__8575__clean__noise__r0,fit,clean,noise,1,1024,-1,-1,1
fit__8575__clean__sweep__r0,fit,clean,sweep,2,1018,-1,-1,577
calibration__3302__clean__shuffled__r0,calibration,clean,shuffled,1,1024,-1,-1,2
calibration__3302__clean__shuffled__r1,calibration,clean,shuffled,1,1024,-1,-1,1
calibration__3302__clean__shuffled__r2,calibration,clean,shuffled,1,1024,-1,-1,1
calibration__3302__clean__shuffled__r3,calibration,clean,shuffled,1,1024,-1,-1,2
calibration__3302__clean__shuffled__r4,calibration,clean,shuffled,1,1024,-1,-1,2
calibration__3302__clean__shuffled__r5,calibration,clean,shuffled,1,1024,-1,-1,2
calibration__3302__clean__shuffled__r6,calibration,clean,shuffled,1,1024,-1,-1,2
calibration__3302__clean__shuffled__r7,calibration,clean,shuffled,1,1024,-1,-1,4
calibration__3302__clean__shuffled__r8,calibration,clean,shuffled,1,1024,-1,-1,2
calibration__3302__clean__shuffled__r9,calibration,clean,shuffled,1,1024,-1,-1,2
calibration__3302__clean__noise__r0,calibration,clean,noise,1,1024,-1,-1,4
calibration__3302__clean__sweep__r0,calibration,clean,sweep,162,675,154,189,834
calibration__231__clean__shuffled__r0,calibration,clean,shuffled,1,1024,-1,-1,1
calibration__231__clean__shuffled__r1,calibration,clean,shuffled,1,1024,-1,-1,1
calibration__231__clean__shuffled__r2,calibration,clean,shuffled,1,1024,-1,-1,2
calibration__231__clean__shuffled__r3,calibration,clean,shuffled,1,1024,-1,-1,3
calibration__231__clean__shuffled__r4,calibration,clean,shuffled,1,1024,-1,-1,2
calibration__231__clean__shuffled__r5,calibration,clean,shuffled,1,1024,-1,-1,2
calibration__231__clean__shuffled__r6,calibration,clean,shuffled,1,1024,-1,-1,2
calibration__231__clean__shuffled__r7,calibration,clean,shuffled,1,1024,-1,-1,2
calibration__231__clean__shuffled__r8,calibration,clean,shuffled,1,1024,-1,-1,2
calibration__231__clean__shuffled__r9,calibration,clean,shuffled,1,1024,-1,-1,2
calibration__231__clean__noise__r0,calibration,clean,noise,1,1024,-1,-1,260
calibration__231__clean__sweep__r0,calibration,clean,sweep,66,949,382,446,343
calibration__3033__clean__shuffled__r0,calibration,clean,shuffled,1,1024,-1,-1,1
calibration__3033__clean__shuffled__r1,calibration,clean,shuffled,1,1024,-1,-1,2
calibration__3033__clean__shuffled__r2,calibration,clean,shuffled,1,1024,-1,-1,2
calibration__3033__clean__shuffled__r3,calibration,clean,shuffled,1,1024,-1,-1,2
calibration__3033__clean__shuffled__r4,calibration,clean,shuffled,1,1024,-1,-1,2
calibration__3033__clean__shuffled__r5,calibration,clean,shuffled,2,1023,-1,-1,2
calibration__3033__clean__shuffled__r6,calibration,clean,shuffled,1,1024,-1,-1,4
calibration__3033__clean__shuffled__r7,calibration,clean,shuffled,1,1024,-1,-1,2
calibration__3033__clean__shuffled__r8,calibration,clean,shuffled,1,1024,-1,-1,2
calibration__3033__clean__shuffled__r9,calibration,clean,shuffled,1,1024,-1,-1,2
calibration__3033__clean__noise__r0,calibration,clean,noise,1,1024,-1,-1,4
calibration__3033__clean__sweep__r0,calibration,clean,sweep,2,1015,-1,-1,284
calibration__2073__clean__shuffled__r0,calibration,clean,shuffled,1,1024,-1,-1,2
calibration__2073__clean__shuffled__r1,calibration,clean,shuffled,1,1024,-1,-1,2
calibration__2073__clean__shuffled__r2,calibration,clean,shuffled,2,1023,-1,-1,3
calibration__2073__clean__shuffled__r3,calibration,clean,shuffled,1,1024,-1,-1,2
calibration__2073__clean__shuffled__r4,calibration,clean,shuffled,1,1024,-1,-1,2
calibration__2073__clean__shuffled__r5,calibration,clean,shuffled,2,1023,-1,-1,2
calibration__2073__clean__shuffled__r6,calibration,clean,shuffled,1,1024,-1,-1,2
calibration__2073__clean__shuffled__r7,calibration,clean,shuffled,1,1024,-1,-1,2
calibration__2073__clean__shuffled__r8,calibration,clean,shuffled,1,1024,-1,-1,1
calibration__2073__clean__shuffled__r9,calibration,clean,shuffled,1,1024,-1,-1,2
calibration__2073__clean__noise__r0,calibration,clean,noise,1,1024,-1,-1,1
calibration__2073__clean__sweep__r0,calibration,clean,sweep,203,451,132,166,513
calibration__8730__clean__shuffled__r0,calibration,clean,shuffled,1,1024,-1,-1,2
calibration__8730__clean__shuffled__r1,calibration,clean,shuffled,3,1022,-1,-1,2
calibration__8730__clean__shuffled__r2,calibration,clean,shuffled,1,1024,-1,-1,3
calibration__8730__clean__shuffled__r3,calibration,clean,shuffled,1,1024,-1,-1,2
calibration__8730__clean__shuffled__r4,calibration,clean,shuffled,1,1024,-1,-1,1
calibration__8730__clean__shuffled__r5,calibration,clean,shuffled,1,1024,-1,-1,2
calibration__8730__clean__shuffled__r6,calibration,clean,shuffled,1,1024,-1,-1,1
calibration__8730__clean__shuffled__r7,calibration,clean,shuffled,1,1024,-1,-1,2
calibration__8730__clean__shuffled__r8,calibration,clean,shuffled,1,1024,-1,-1,2
calibration__8730__clean__shuffled__r9,calibration,clean,shuffled,3,1022,-1,-1,2
calibration__8730__clean__noise__r0,calibration,clean,noise,1,1024,-1,-1,1
calibration__8730__clean__sweep__r0,calibration,clean,sweep,2,1022,-1,-1,737
calibration__6587__clean__shuffled__r0,calibration,clean,shuffled,1,1024,-1,-1,2
calibration__6587__clean__shuffled__r1,calibration,clean,shuffled,3,1022,-1,-1,2
calibration__6587__clean__shuffled__r2,calibration,clean,shuffled,1,1024,-1,-1,1
calibration__6587__clean__shuffled__r3,calibration,clean,shuffled,1,1024,-1,-1,2
calibration__6587__clean__shuffled__r4,calibration,clean,shuffled,1,1024,-1,-1,2
calibration__6587__clean__shuffled__r5,calibration,clean,shuffled,1,1024,-1,-1,3
calibration__6587__clean__shuffled__r6,calibration,clean,shuffled,1,1024,-1,-1,2
calibration__6587__clean__shuffled__r7,calibration,clean,shuffled,1,1024,-1,-1,2
calibration__6587__clean__shuffled__r8,calibration,clean,shuffled,2,1022,-1,-1,2
calibration__6587__clean__shuffled__r9,calibration,clean,shuffled,1,1024,-1,-1,2
calibration__6587__clean__noise__r0,calibration,clean,noise,1,1024,-1,-1,1
calibration__6587__clean__sweep__r0,calibration,clean,sweep,2,1006,-1,-1,844
calibration__328__clean__shuffled__r0,calibration,clean,shuffled,1,1024,-1,-1,2
calibration__328__clean__shuffled__r1,calibration,clean,shuffled,1,1024,-1,-1,2
calibration__328__clean__shuffled__r2,calibration,clean,shuffled,1,1024,-1,-1,2
calibration__328__clean__shuffled__r3,calibration,clean,shuffled,1,1024,-1,-1,4
calibration__328__clean__shuffled__r4,calibration,clean,shuffled,1,1024,-1,-1,2
calibration__328__clean__shuffled__r5,calibration,clean,shuffled,1,1024,-1,-1,2
calibration__328__clean__shuffled__r6,calibration,clean,shuffled,1,1024,-1,-1,2
calibration__328__clean__shuffled__r7,calibration,clean,shuffled,1,1024,-1,-1,2
calibration__328__clean__shuffled__r8,calibration,clean,shuffled,1,1024,-1,-1,2
calibration__328__clean__shuffled__r9,calibration,clean,shuffled,1,1024,-1,-1,2
calibration__328__clean__noise__r0,calibration,clean,noise,1,1024,-1,-1,1
calibration__328__clean__sweep__r0,calibration,clean,sweep,3,991,-1,-1,129
calibration__5638__clean__shuffled__r0,calibration,clean,shuffled,1,1024,-1,-1,3
calibration__5638__clean__shuffled__r1,calibration,clean,shuffled,2,1023,-1,-1,2
calibration__5638__clean__shuffled__r2,calibration,clean,shuffled,1,1024,-1,-1,2
calibration__5638__clean__shuffled__r3,calibration,clean,shuffled,1,1024,-1,-1,2
calibration__5638__clean__shuffled__r4,calibration,clean,shuffled,6,1019,-1,-1,2
calibration__5638__clean__shuffled__r5,calibration,clean,shuffled,1,1024,-1,-1,2
calibration__5638__clean__shuffled__r6,calibration,clean,shuffled,1,1024,-1,-1,2
calibration__5638__clean__shuffled__r7,calibration,clean,shuffled,1,1024,-1,-1,2
calibration__5638__clean__shuffled__r8,calibration,clean,shuffled,1,1024,-1,-1,2
calibration__5638__clean__shuffled__r9,calibration,clean,shuffled,2,1023,-1,-1,2
calibration__5638__clean__noise__r0,calibration,clean,noise,1,1024,-1,-1,1
calibration__5638__clean__sweep__r0,calibration,clean,sweep,3,1007,-1,-1,97
calibration__1561__clean__shuffled__r0,calibration,clean,shuffled,1,1024,-1,-1,3
calibration__1561__clean__shuffled__r1,calibration,clean,shuffled,1,1024,-1,-1,3
calibration__1561__clean__shuffled__r2,calibration,clean,shuffled,1,1024,-1,-1,2
calibration__1561__clean__shuffled__r3,calibration,clean,shuffled,1,1024,-1,-1,2
calibration__1561__clean__shuffled__r4,calibration,clean,shuffled,1,1024,-1,-1,3
calibration__1561__clean__shuffled__r5,calibration,clean,shuffled,1,1024,-1,-1,3
calibration__1561__clean__shuffled__r6,calibration,clean,shuffled,1,1024,-1,-1,3
calibration__1561__clean__shuffled__r7,calibration,clean,shuffled,1,1024,-1,-1,2
calibration__1561__clean__shuffled__r8,calibration,clean,shuffled,1,1024,-1,-1,2
calibration__1561__clean__shuffled__r9,calibration,clean,shuffled,1,1024,-1,-1,2
calibration__1561__clean__noise__r0,calibration,clean,noise,1,1024,-1,-1,1
calibration__1561__clean__sweep__r0,calibration,clean,sweep,2,1021,-1,-1,191
calibration__9353__clean__shuffled__r0,calibration,clean,shuffled,1,1024,-1,-1,2
calibration__9353__clean__shuffled__r1,calibration,clean,shuffled,1,1024,-1,-1,2
calibration__9353__clean__shuffled__r2,calibration,clean,shuffled,1,1024,-1,-1,3
calibration__9353__clean__shuffled__r3,calibration,clean,shuffled,1,1024,-1,-1,2
calibration__9353__clean__shuffled__r4,calibration,clean,shuffled,1,1024,-1,-1,2
calibration__9353__clean__shuffled__r5,calibration,clean,shuffled,1,1024,-1,-1,2
calibration__9353__clean__shuffled__r6,calibration,clean,shuffled,1,1024,-1,-1,2
calibration__9353__clean__shuffled__r7,calibration,clean,shuffled,1,1024,-1,-1,2
calibration__9353__clean__shuffled__r8,calibration,clean,shuffled,1,1024,-1,-1,2
calibration__9353__clean__shuffled__r9,calibration,clean,shuffled,1,1024,-1,-1,1
calibration__9353__clean__noise__r0,calibration,clean,noise,1,1024,-1,-1,1
calibration__9353__clean__sweep__r0,calibration,clean,sweep,3,1004,-1,-1,26
calibration__5423__clean__shuffled__r0,calibration,clean,shuffled,1,1024,-1,-1,2
calibration__5423__clean__shuffled__r1,calibration,clean,shuffled,2,1023,-1,-1,2
calibration__5423__clean__shuffled__r2,calibration,clean,shuffled,1,1024,-1,-1,2
calibration__5423__clean__shuffled__r3,calibration,clean,shuffled,1,1024,-1,-1,3
calibration__5423__clean__shuffled__r4,calibration,clean,shuffled,2,1023,-1,-1,2
calibration__5423__clean__shuffled__r5,calibration,clean,shuffled,1,1024,-1,-1,2
calibration__5423__clean__shuffled__r6,calibration,clean,shuffled,2,1023,-1,-1,2
calibration__5423__clean__shuffled__r7,calibration,clean,shuffled,1,1024,-1,-1,2
calibration__5423__clean__shuffled__r8,calibration,clean,shuffled,1,1024,-1,-1,3
calibration__5423__clean__shuffled__r9,calibration,clean,shuffled,1,1024,-1,-1,2
calibration__5423__clean__noise__r0,calibration,clean,noise,1,1024,-1,-1,-1
calibration__5423__clean__sweep__r0,calibration,clean,sweep,2,1023,-1,-1,1020
calibration__13__clean__shuffled__r0,calibration,clean,shuffled,1,1024,-1,-1,2
calibration__13__clean__shuffled__r1,calibration,clean,shuffled,2,1023,-1,-1,2
calibration__13__clean__shuffled__r2,calibration,clean,shuffled,1,1024,-1,-1,2
calibration__13__clean__shuffled__r3,calibration,clean,shuffled,1,1024,-1,-1,2
calibration__13__clean__shuffled__r4,calibration,clean,shuffled,1,1024,-1,-1,2
calibration__13__clean__shuffled__r5,calibration,clean,shuffled,1,1024,-1,-1,2
calibration__13__clean__shuffled__r6,calibration,clean,shuffled,1,1024,-1,-1,2
calibration__13__clean__shuffled__r7,calibration,clean,shuffled,1,1024,-1,-1,2
calibration__13__clean__shuffled__r8,calibration,clean,shuffled,1,1024,-1,-1,2
calibration__13__clean__shuffled__r9,calibration,clean,shuffled,1,1024,-1,-1,2
calibration__13__clean__noise__r0,calibration,clean,noise,1,1024,-1,-1,1
calibration__13__clean__sweep__r0,calibration,clean,sweep,92,928,543,544,-1
calibration__5045__clean__shuffled__r0,calibration,clean,shuffled,1,1024,-1,-1,2
calibration__5045__clean__shuffled__r1,calibration,clean,shuffled,1,1024,-1,-1,2
calibration__5045__clean__shuffled__r2,calibration,clean,shuffled,1,1024,-1,-1,2
calibration__5045__clean__shuffled__r3,calibration,clean,shuffled,1,1024,-1,-1,2
calibration__5045__clean__shuffled__r4,calibration,clean,shuffled,1,1024,-1,-1,2
calibration__5045__clean__shuffled__r5,calibration,clean,shuffled,1,1024,-1,-1,2
calibration__5045__clean__shuffled__r6,calibration,clean,shuffled,1,1024,-1,-1,2
calibration__5045__clean__shuffled__r7,calibration,clean,shuffled,1,1024,-1,-1,2
calibration__5045__clean__shuffled__r8,calibration,clean,shuffled,1,1024,-1,-1,3
calibration__5045__clean__shuffled__r9,calibration,clean,shuffled,1,1024,-1,-1,2
calibration__5045__clean__noise__r0,calibration,clean,noise,1,1024,-1,-1,1
calibration__5045__clean__sweep__r0,calibration,clean,sweep,2,1017,-1,-1,1018
calibration__2503__clean__shuffled__r0,calibration,clean,shuffled,1,1024,-1,-1,2
calibration__2503__clean__shuffled__r1,calibration,clean,shuffled,1,1024,-1,-1,2
calibration__2503__clean__shuffled__r2,calibration,clean,shuffled,1,1024,-1,-1,2
calibration__2503__clean__shuffled__r3,calibration,clean,shuffled,1,1024,-1,-1,2
calibration__2503__clean__shuffled__r4,calibration,clean,shuffled,2,1023,-1,-1,2
calibration__2503__clean__shuffled__r5,calibration,clean,shuffled,2,1023,-1,-1,2
calibration__2503__clean__shuffled__r6,calibration,clean,shuffled,1,1024,-1,-1,2
calibration__2503__clean__shuffled__r7,calibration,clean,shuffled,1,1024,-1,-1,1
calibration__2503__clean__shuffled__r8,calibration,clean,shuffled,1,1024,-1,-1,2
calibration__2503__clean__shuffled__r9,calibration,clean,shuffled,1,1024,-1,-1,2
calibration__2503__clean__noise__r0,calibration,clean,noise,1,1024,-1,-1,1
calibration__2503__clean__sweep__r0,calibration,clean,sweep,242,559,123,211,-1
calibration__6691__clean__shuffled__r0,calibration,clean,shuffled,1,1024,-1,-1,2
calibration__6691__clean__shuffled__r1,calibration,clean,shuffled,1,1024,-1,-1,2
calibration__6691__clean__shuffled__r2,calibration,clean,shuffled,1,1024,-1,-1,2
calibration__6691__clean__shuffled__r3,calibration,clean,shuffled,1,1024,-1,-1,3
calibration__6691__clean__shuffled__r4,calibration,clean,shuffled,1,1024,-1,-1,2
calibration__6691__clean__shuffled__r5,calibration,clean,shuffled,1,1024,-1,-1,2
calibration__6691__clean__shuffled__r6,calibration,clean,shuffled,1,1024,-1,-1,4
calibration__6691__clean__shuffled__r7,calibration,clean,shuffled,1,1024,-1,-1,2
calibration__6691__clean__shuffled__r8,calibration,clean,shuffled,1,1024,-1,-1,2
calibration__6691__clean__shuffled__r9,calibration,clean,shuffled,1,1024,-1,-1,3
calibration__6691__clean__noise__r0,calibration,clean,noise,1,1024,-1,-1,1
calibration__6691__clean__sweep__r0,calibration,clean,sweep,159,503,188,189,-1
calibration__5494__clean__shuffled__r0,calibration,clean,shuffled,1,1024,-1,-1,2
calibration__5494__clean__shuffled__r1,calibration,clean,shuffled,1,1024,-1,-1,2
calibration__5494__clean__shuffled__r2,calibration,clean,shuffled,1,1024,-1,-1,1
calibration__5494__clean__shuffled__r3,calibration,clean,shuffled,1,1024,-1,-1,2
calibration__5494__clean__shuffled__r4,calibration,clean,shuffled,2,1023,-1,-1,3
calibration__5494__clean__shuffled__r5,calibration,clean,shuffled,1,1024,-1,-1,2
calibration__5494__clean__shuffled__r6,calibration,clean,shuffled,1,1024,-1,-1,2
calibration__5494__clean__shuffled__r7,calibration,clean,shuffled,1,1024,-1,-1,2
calibration__5494__clean__shuffled__r8,calibration,clean,shuffled,1,1024,-1,-1,2
calibration__5494__clean__shuffled__r9,calibration,clean,shuffled,1,1024,-1,-1,2
calibration__5494__clean__noise__r0,calibration,clean,noise,1,1024,-1,-1,1
calibration__5494__clean__sweep__r0,calibration,clean,sweep,45,915,830,831,826
evaluation__539__clean__shuffled__r0,evaluation,clean,shuffled,1,1024,-1,-1,2
evaluation__539__clean__shuffled__r1,evaluation,clean,shuffled,1,1024,-1,-1,2
evaluation__539__clean__shuffled__r2,evaluation,clean,shuffled,1,1024,-1,-1,2
evaluation__539__clean__shuffled__r3,evaluation,clean,shuffled,1,1024,-1,-1,2
evaluation__539__clean__shuffled__r4,evaluation,clean,shuffled,1,1024,-1,-1,2
evaluation__539__clean__shuffled__r5,evaluation,clean,shuffled,1,1024,-1,-1,1
evaluation__539__clean__shuffled__r6,evaluation,clean,shuffled,1,1024,-1,-1,2
evaluation__539__clean__shuffled__r7,evaluation,clean,shuffled,1,1024,-1,-1,2
evaluation__539__clean__shuffled__r8,evaluation,clean,shuffled,1,1024,-1,-1,2
evaluation__539__clean__shuffled__r9,evaluation,clean,shuffled,1,1024,-1,-1,2
evaluation__539__clean__noise__r0,evaluation,clean,noise,1,1024,-1,-1,1
evaluation__539__clean__sweep__r0,evaluation,clean,sweep,2,1019,-1,-1,790
evaluation__4126__clean__shuffled__r0,evaluation,clean,shuffled,1,1024,-1,-1,3
evaluation__4126__clean__shuffled__r1,evaluation,clean,shuffled,1,1024,-1,-1,3
evaluation__4126__clean__shuffled__r2,evaluation,clean,shuffled,1,1024,-1,-1,2
evaluation__4126__clean__shuffled__r3,evaluation,clean,shuffled,1,1024,-1,-1,2
evaluation__4126__clean__shuffled__r4,evaluation,clean,shuffled,1,1024,-1,-1,2
evaluation__4126__clean__shuffled__r5,evaluation,clean,shuffled,1,1024,-1,-1,2
evaluation__4126__clean__shuffled__r6,evaluation,clean,shuffled,1,1024,-1,-1,2
evaluation__4126__clean__shuffled__r7,evaluation,clean,shuffled,1,1024,-1,-1,2
evaluation__4126__clean__shuffled__r8,evaluation,clean,shuffled,1,1024,-1,-1,3
evaluation__4126__clean__shuffled__r9,evaluation,clean,shuffled,1,1024,-1,-1,2
evaluation__4126__clean__noise__r0,evaluation,clean,noise,1,1024,-1,-1,1
evaluation__4126__clean__sweep__r0,evaluation,clean,sweep,193,375,50,112,978
evaluation__7748__clean__shuffled__r0,evaluation,clean,shuffled,1,1024,-1,-1,2
evaluation__7748__clean__shuffled__r1,evaluation,clean,shuffled,1,1024,-1,-1,2
evaluation__7748__clean__shuffled__r2,evaluation,clean,shuffled,3,1022,-1,-1,2
evaluation__7748__clean__shuffled__r3,evaluation,clean,shuffled,1,1024,-1,-1,2
evaluation__7748__clean__shuffled__r4,evaluation,clean,shuffled,1,1024,-1,-1,2
evaluation__7748__clean__shuffled__r5,evaluation,clean,shuffled,1,1024,-1,-1,2
evaluation__7748__clean__shuffled__r6,evaluation,clean,shuffled,1,1024,-1,-1,2
evaluation__7748__clean__shuffled__r7,evaluation,clean,shuffled,2,1023,-1,-1,4
evaluation__7748__clean__shuffled__r8,evaluation,clean,shuffled,1,1024,-1,-1,2
evaluation__7748__clean__shuffled__r9,evaluation,clean,shuffled,1,1024,-1,-1,2
evaluation__7748__clean__noise__r0,evaluation,clean,noise,1,1024,-1,-1,16
evaluation__7748__clean__sweep__r0,evaluation,clean,sweep,399,561,85,117,-1
evaluation__9973__clean__shuffled__r0,evaluation,clean,shuffled,1,1024,-1,-1,2
evaluation__9973__clean__shuffled__r1,evaluation,clean,shuffled,1,1024,-1,-1,2
evaluation__9973__clean__shuffled__r2,evaluation,clean,shuffled,1,1024,-1,-1,2
evaluation__9973__clean__shuffled__r3,evaluation,clean,shuffled,1,1024,-1,-1,2
evaluation__9973__clean__shuffled__r4,evaluation,clean,shuffled,1,1024,-1,-1,2
evaluation__9973__clean__shuffled__r5,evaluation,clean,shuffled,1,1024,-1,-1,2
evaluation__9973__clean__shuffled__r6,evaluation,clean,shuffled,1,1024,-1,-1,2
evaluation__9973__clean__shuffled__r7,evaluation,clean,shuffled,1,1024,-1,-1,2
evaluation__9973__clean__shuffled__r8,evaluation,clean,shuffled,1,1024,-1,-1,2
evaluation__9973__clean__shuffled__r9,evaluation,clean,shuffled,1,1024,-1,-1,2
evaluation__9973__clean__noise__r0,evaluation,clean,noise,1,1024,-1,-1,1
evaluation__9973__clean__sweep__r0,evaluation,clean,sweep,603,361,24,47,513
evaluation__1751__clean__shuffled__r0,evaluation,clean,shuffled,1,1024,-1,-1,2
evaluation__1751__clean__shuffled__r1,evaluation,clean,shuffled,2,1023,-1,-1,2
evaluation__1751__clean__shuffled__r2,evaluation,clean,shuffled,1,1024,-1,-1,1
evaluation__1751__clean__shuffled__r3,evaluation,clean,shuffled,1,1024,-1,-1,2
evaluation__1751__clean__shuffled__r4,evaluation,clean,shuffled,1,1024,-1,-1,2
evaluation__1751__clean__shuffled__r5,evaluation,clean,shuffled,1,1024,-1,-1,1
evaluation__1751__clean__shuffled__r6,evaluation,clean,shuffled,1,1024,-1,-1,2
evaluation__1751__clean__shuffled__r7,evaluation,clean,shuffled,1,1024,-1,-1,3
evaluation__1751__clean__shuffled__r8,evaluation,clean,shuffled,1,1024,-1,-1,4
evaluation__1751__clean__shuffled__r9,evaluation,clean,shuffled,1,1024,-1,-1,2
evaluation__1751__clean__noise__r0,evaluation,clean,noise,1,1024,-1,-1,2
evaluation__1751__clean__sweep__r0,evaluation,clean,sweep,13,1001,-1,-1,892
evaluation__5245__clean__shuffled__r0,evaluation,clean,shuffled,1,1024,-1,-1,2
evaluation__5245__clean__shuffled__r1,evaluation,clean,shuffled,1,1024,-1,-1,2
evaluation__5245__clean__shuffled__r2,evaluation,clean,shuffled,1,1024,-1,-1,2
evaluation__5245__clean__shuffled__r3,evaluation,clean,shuffled,1,1024,-1,-1,2
evaluation__5245__clean__shuffled__r4,evaluation,clean,shuffled,1,1024,-1,-1,3
evaluation__5245__clean__shuffled__r5,evaluation,clean,shuffled,1,1024,-1,-1,2
evaluation__5245__clean__shuffled__r6,evaluation,clean,shuffled,1,1024,-1,-1,2
evaluation__5245__clean__shuffled__r7,evaluation,clean,shuffled,1,1024,-1,-1,2
evaluation__5245__clean__shuffled__r8,evaluation,clean,shuffled,1,1024,-1,-1,2
evaluation__5245__clean__shuffled__r9,evaluation,clean,shuffled,1,1024,-1,-1,2
evaluation__5245__clean__noise__r0,evaluation,clean,noise,1,1024,-1,-1,1
evaluation__5245__clean__sweep__r0,evaluation,clean,sweep,215,435,94,123,-1
evaluation__8123__clean__shuffled__r0,evaluation,clean,shuffled,1,1024,-1,-1,2
evaluation__8123__clean__shuffled__r1,evaluation,clean,shuffled,1,1024,-1,-1,2
evaluation__8123__clean__shuffled__r2,evaluation,clean,shuffled,1,1024,-1,-1,2
evaluation__8123__clean__shuffled__r3,evaluation,clean,shuffled,1,1024,-1,-1,2
evaluation__8123__clean__shuffled__r4,evaluation,clean,shuffled,1,1024,-1,-1,2
evaluation__8123__clean__shuffled__r5,evaluation,clean,shuffled,1,1024,-1,-1,2
evaluation__8123__clean__shuffled__r6,evaluation,clean,shuffled,1,1024,-1,-1,2
evaluation__8123__clean__shuffled__r7,evaluation,clean,shuffled,1,1024,-1,-1,2
evaluation__8123__clean__shuffled__r8,evaluation,clean,shuffled,1,1024,-1,-1,2
evaluation__8123__clean__shuffled__r9,evaluation,clean,shuffled,1,1024,-1,-1,2
evaluation__8123__clean__noise__r0,evaluation,clean,noise,1,1024,-1,-1,3
evaluation__8123__clean__sweep__r0,evaluation,clean,sweep,55,966,320,255,48
evaluation__1202__clean__shuffled__r0,evaluation,clean,shuffled,1,1024,-1,-1,2
evaluation__1202__clean__shuffled__r1,evaluation,clean,shuffled,1,1024,-1,-1,2
evaluation__1202__clean__shuffled__r2,evaluation,clean,shuffled,2,1023,-1,-1,2
evaluation__1202__clean__shuffled__r3,evaluation,clean,shuffled,1,1024,-1,-1,2
evaluation__1202__clean__shuffled__r4,evaluation,clean,shuffled,1,1024,-1,-1,3
evaluation__1202__clean__shuffled__r5,evaluation,clean,shuffled,1,1024,-1,-1,2
evaluation__1202__clean__shuffled__r6,evaluation,clean,shuffled,1,1024,-1,-1,2
evaluation__1202__clean__shuffled__r7,evaluation,clean,shuffled,1,1024,-1,-1,3
evaluation__1202__clean__shuffled__r8,evaluation,clean,shuffled,2,1023,-1,-1,2
evaluation__1202__clean__shuffled__r9,evaluation,clean,shuffled,1,1024,-1,-1,2
evaluation__1202__clean__noise__r0,evaluation,clean,noise,1,1024,-1,-1,15
evaluation__1202__clean__sweep__r0,evaluation,clean,sweep,70,935,634,666,993
evaluation__3713__clean__shuffled__r0,evaluation,clean,shuffled,2,1023,-1,-1,2
evaluation__3713__clean__shuffled__r1,evaluation,clean,shuffled,1,1024,-1,-1,2
evaluation__3713__clean__shuffled__r2,evaluation,clean,shuffled,1,1024,-1,-1,2
evaluation__3713__clean__shuffled__r3,evaluation,clean,shuffled,1,1024,-1,-1,2
evaluation__3713__clean__shuffled__r4,evaluation,clean,shuffled,1,1024,-1,-1,2
evaluation__3713__clean__shuffled__r5,evaluation,clean,shuffled,1,1024,-1,-1,2
evaluation__3713__clean__shuffled__r6,evaluation,clean,shuffled,1,1024,-1,-1,4
evaluation__3713__clean__shuffled__r7,evaluation,clean,shuffled,1,1024,-1,-1,2
evaluation__3713__clean__shuffled__r8,evaluation,clean,shuffled,1,1024,-1,-1,2
evaluation__3713__clean__shuffled__r9,evaluation,clean,shuffled,1,1024,-1,-1,2
evaluation__3713__clean__noise__r0,evaluation,clean,noise,1,1024,-1,-1,26
evaluation__3713__clean__sweep__r0,evaluation,clean,sweep,96,809,286,254,668
evaluation__7340__clean__shuffled__r0,evaluation,clean,shuffled,1,1024,-1,-1,2
evaluation__7340__clean__shuffled__r1,evaluation,clean,shuffled,1,1024,-1,-1,2
evaluation__7340__clean__shuffled__r2,evaluation,clean,shuffled,1,1024,-1,-1,2
evaluation__7340__clean__shuffled__r3,evaluation,clean,shuffled,1,1024,-1,-1,2
evaluation__7340__clean__shuffled__r4,evaluation,clean,shuffled,1,1024,-1,-1,2
evaluation__7340__clean__shuffled__r5,evaluation,clean,shuffled,1,1024,-1,-1,2
evaluation__7340__clean__shuffled__r6,evaluation,clean,shuffled,1,1024,-1,-1,2
evaluation__7340__clean__shuffled__r7,evaluation,clean,shuffled,1,1024,-1,-1,2
evaluation__7340__clean__shuffled__r8,evaluation,clean,shuffled,1,1024,-1,-1,2
evaluation__7340__clean__shuffled__r9,evaluation,clean,shuffled,1,1024,-1,-1,2
evaluation__7340__clean__noise__r0,evaluation,clean,noise,1,1024,-1,-1,9
evaluation__7340__clean__sweep__r0,evaluation,clean,sweep,132,669,250,282,153
evaluation__294__clean__shuffled__r0,evaluation,clean,shuffled,1,1024,-1,-1,2
evaluation__294__clean__shuffled__r1,evaluation,clean,shuffled,1,1024,-1,-1,2
evaluation__294__clean__shuffled__r2,evaluation,clean,shuffled,1,1024,-1,-1,2
evaluation__294__clean__shuffled__r3,evaluation,clean,shuffled,1,1024,-1,-1,2
evaluation__294__clean__shuffled__r4,evaluation,clean,shuffled,1,1024,-1,-1,1
evaluation__294__clean__shuffled__r5,evaluation,clean,shuffled,1,1024,-1,-1,2
evaluation__294__clean__shuffled__r6,evaluation,clean,shuffled,1,1024,-1,-1,2
evaluation__294__clean__shuffled__r7,evaluation,clean,shuffled,1,1024,-1,-1,2
evaluation__294__clean__shuffled__r8,evaluation,clean,shuffled,1,1024,-1,-1,2
evaluation__294__clean__shuffled__r9,evaluation,clean,shuffled,1,1024,-1,-1,2
evaluation__294__clean__noise__r0,evaluation,clean,noise,1,1024,-1,-1,4
evaluation__294__clean__sweep__r0,evaluation,clean,sweep,11,987,-1,-1,-1
evaluation__4155__clean__shuffled__r0,evaluation,clean,shuffled,1,1024,-1,-1,2
evaluation__4155__clean__shuffled__r1,evaluation,clean,shuffled,1,1024,-1,-1,2
evaluation__4155__clean__shuffled__r2,evaluation,clean,shuffled,1,1024,-1,-1,2
evaluation__4155__clean__shuffled__r3,evaluation,clean,shuffled,2,1023,-1,-1,2
evaluation__4155__clean__shuffled__r4,evaluation,clean,shuffled,1,1024,-1,-1,2
evaluation__4155__clean__shuffled__r5,evaluation,clean,shuffled,1,1024,-1,-1,1
evaluation__4155__clean__shuffled__r6,evaluation,clean,shuffled,1,1024,-1,-1,2
evaluation__4155__clean__shuffled__r7,evaluation,clean,shuffled,1,1024,-1,-1,1
evaluation__4155__clean__shuffled__r8,evaluation,clean,shuffled,1,1024,-1,-1,2
evaluation__4155__clean__shuffled__r9,evaluation,clean,shuffled,1,1024,-1,-1,2
evaluation__4155__clean__noise__r0,evaluation,clean,noise,1,1024,-1,-1,1
evaluation__4155__clean__sweep__r0,evaluation,clean,sweep,7,1002,-1,-1,-1
evaluation__6237__clean__shuffled__r0,evaluation,clean,shuffled,1,1024,-1,-1,2
evaluation__6237__clean__shuffled__r1,evaluation,clean,shuffled,1,1024,-1,-1,2
evaluation__6237__clean__shuffled__r2,evaluation,clean,shuffled,1,1024,-1,-1,3
evaluation__6237__clean__shuffled__r3,evaluation,clean,shuffled,1,1024,-1,-1,1
evaluation__6237__clean__shuffled__r4,evaluation,clean,shuffled,1,1024,-1,-1,2
evaluation__6237__clean__shuffled__r5,evaluation,clean,shuffled,1,1024,-1,-1,2
evaluation__6237__clean__shuffled__r6,evaluation,clean,shuffled,1,1024,-1,-1,2
evaluation__6237__clean__shuffled__r7,evaluation,clean,shuffled,1,1024,-1,-1,3
evaluation__6237__clean__shuffled__r8,evaluation,clean,shuffled,1,1024,-1,-1,2
evaluation__6237__clean__shuffled__r9,evaluation,clean,shuffled,1,1024,-1,-1,2
evaluation__6237__clean__noise__r0,evaluation,clean,noise,1,1024,-1,-1,8
evaluation__6237__clean__sweep__r0,evaluation,clean,sweep,132,787,159,221,210
evaluation__8739__clean__shuffled__r0,evaluation,clean,shuffled,1,1024,-1,-1,2
evaluation__8739__clean__shuffled__r1,evaluation,clean,shuffled,1,1024,-1,-1,2
evaluation__8739__clean__shuffled__r2,evaluation,clean,shuffled,2,1023,-1,-1,2
evaluation__8739__clean__shuffled__r3,evaluation,clean,shuffled,1,1024,-1,-1,2
evaluation__8739__clean__shuffled__r4,evaluation,clean,shuffled,1,1024,-1,-1,2
evaluation__8739__clean__shuffled__r5,evaluation,clean,shuffled,1,1024,-1,-1,2
evaluation__8739__clean__shuffled__r6,evaluation,clean,shuffled,1,1024,-1,-1,2
evaluation__8739__clean__shuffled__r7,evaluation,clean,shuffled,1,1024,-1,-1,2
evaluation__8739__clean__shuffled__r8,evaluation,clean,shuffled,1,1024,-1,-1,2
evaluation__8739__clean__shuffled__r9,evaluation,clean,shuffled,1,1024,-1,-1,2
evaluation__8739__clean__noise__r0,evaluation,clean,noise,1,1024,-1,-1,1
evaluation__8739__clean__sweep__r0,evaluation,clean,sweep,241,634,84,143,634
evaluation__3671__clean__shuffled__r0,evaluation,clean,shuffled,1,1024,-1,-1,2
evaluation__3671__clean__shuffled__r1,evaluation,clean,shuffled,2,1023,-1,-1,2
evaluation__3671__clean__shuffled__r2,evaluation,clean,shuffled,1,1024,-1,-1,2
evaluation__3671__clean__shuffled__r3,evaluation,clean,shuffled,1,1024,-1,-1,1
evaluation__3671__clean__shuffled__r4,evaluation,clean,shuffled,2,1023,-1,-1,2
evaluation__3671__clean__shuffled__r5,evaluation,clean,shuffled,1,1024,-1,-1,2
evaluation__3671__clean__shuffled__r6,evaluation,clean,shuffled,1,1024,-1,-1,2
evaluation__3671__clean__shuffled__r7,evaluation,clean,shuffled,1,1024,-1,-1,2
evaluation__3671__clean__shuffled__r8,evaluation,clean,shuffled,1,1024,-1,-1,2
evaluation__3671__clean__shuffled__r9,evaluation,clean,shuffled,1,1024,-1,-1,2
evaluation__3671__clean__noise__r0,evaluation,clean,noise,1,1024,-1,-1,1
evaluation__3671__clean__sweep__r0,evaluation,clean,sweep,48,919,630,757,545
evaluation__4173__clean__shuffled__r0,evaluation,clean,shuffled,1,1024,-1,-1,2
evaluation__4173__clean__shuffled__r1,evaluation,clean,shuffled,1,1024,-1,-1,2
evaluation__4173__clean__shuffled__r2,evaluation,clean,shuffled,1,1024,-1,-1,2
evaluation__4173__clean__shuffled__r3,evaluation,clean,shuffled,1,1024,-1,-1,3
evaluation__4173__clean__shuffled__r4,evaluation,clean,shuffled,2,1023,-1,-1,2
evaluation__4173__clean__shuffled__r5,evaluation,clean,shuffled,1,1024,-1,-1,2
evaluation__4173__clean__shuffled__r6,evaluation,clean,shuffled,1,1024,-1,-1,2
evaluation__4173__clean__shuffled__r7,evaluation,clean,shuffled,1,1024,-1,-1,1
evaluation__4173__clean__shuffled__r8,evaluation,clean,shuffled,1,1024,-1,-1,2
evaluation__4173__clean__shuffled__r9,evaluation,clean,shuffled,1,1024,-1,-1,2
evaluation__4173__clean__noise__r0,evaluation,clean,noise,1,1024,-1,-1,3
evaluation__4173__clean__sweep__r0,evaluation,clean,sweep,8,964,-1,-1,955
evaluation__8500__clean__shuffled__r0,evaluation,clean,shuffled,1,1024,-1,-1,2
evaluation__8500__clean__shuffled__r1,evaluation,clean,shuffled,1,1024,-1,-1,2
evaluation__8500__clean__shuffled__r2,evaluation,clean,shuffled,1,1024,-1,-1,2
evaluation__8500__clean__shuffled__r3,evaluation,clean,shuffled,1,1024,-1,-1,2
evaluation__8500__clean__shuffled__r4,evaluation,clean,shuffled,1,1024,-1,-1,1
evaluation__8500__clean__shuffled__r5,evaluation,clean,shuffled,1,1024,-1,-1,2
evaluation__8500__clean__shuffled__r6,evaluation,clean,shuffled,1,1024,-1,-1,2
evaluation__8500__clean__shuffled__r7,evaluation,clean,shuffled,1,1024,-1,-1,2
evaluation__8500__clean__shuffled__r8,evaluation,clean,shuffled,1,1024,-1,-1,2
evaluation__8500__clean__shuffled__r9,evaluation,clean,shuffled,1,1024,-1,-1,2
evaluation__8500__clean__noise__r0,evaluation,clean,noise,1,1024,-1,-1,4
evaluation__8500__clean__sweep__r0,evaluation,clean,sweep,151,499,148,211,-1
evaluation__1745__clean__shuffled__r0,evaluation,clean,shuffled,1,1024,-1,-1,2
evaluation__1745__clean__shuffled__r1,evaluation,clean,shuffled,1,1024,-1,-1,2
evaluation__1745__clean__shuffled__r2,evaluation,clean,shuffled,1,1024,-1,-1,3
evaluation__1745__clean__shuffled__r3,evaluation,clean,shuffled,1,1024,-1,-1,2
evaluation__1745__clean__shuffled__r4,evaluation,clean,shuffled,1,1024,-1,-1,2
evaluation__1745__clean__shuffled__r5,evaluation,clean,shuffled,1,1024,-1,-1,2
evaluation__1745__clean__shuffled__r6,evaluation,clean,shuffled,1,1024,-1,-1,2
evaluation__1745__clean__shuffled__r7,evaluation,clean,shuffled,1,1024,-1,-1,3
evaluation__1745__clean__shuffled__r8,evaluation,clean,shuffled,1,1024,-1,-1,2
evaluation__1745__clean__shuffled__r9,evaluation,clean,shuffled,1,1024,-1,-1,3
evaluation__1745__clean__noise__r0,evaluation,clean,noise,1,1024,-1,-1,1
evaluation__1745__clean__sweep__r0,evaluation,clean,sweep,2,1015,-1,-1,-1
evaluation__4860__clean__shuffled__r0,evaluation,clean,shuffled,1,1024,-1,-1,2
evaluation__4860__clean__shuffled__r1,evaluation,clean,shuffled,1,1024,-1,-1,2
evaluation__4860__clean__shuffled__r2,evaluation,clean,shuffled,1,1024,-1,-1,2
evaluation__4860__clean__shuffled__r3,evaluation,clean,shuffled,1,1024,-1,-1,3
evaluation__4860__clean__shuffled__r4,evaluation,clean,shuffled,1,1024,-1,-1,1
evaluation__4860__clean__shuffled__r5,evaluation,clean,shuffled,1,1024,-1,-1,1
evaluation__4860__clean__shuffled__r6,evaluation,clean,shuffled,1,1024,-1,-1,1
evaluation__4860__clean__shuffled__r7,evaluation,clean,shuffled,1,1024,-1,-1,2
evaluation__4860__clean__shuffled__r8,evaluation,clean,shuffled,1,1024,-1,-1,2
evaluation__4860__clean__shuffled__r9,evaluation,clean,shuffled,1,1024,-1,-1,2
evaluation__4860__clean__noise__r0,evaluation,clean,noise,1,1024,-1,-1,1
evaluation__4860__clean__sweep__r0,evaluation,clean,sweep,196,359,77,109,-1
evaluation__7720__clean__shuffled__r0,evaluation,clean,shuffled,1,1024,-1,-1,2
evaluation__7720__clean__shuffled__r1,evaluation,clean,shuffled,1,1024,-1,-1,3
evaluation__7720__clean__shuffled__r2,evaluation,clean,shuffled,1,1024,-1,-1,2
evaluation__7720__clean__shuffled__r3,evaluation,clean,shuffled,1,1024,-1,-1,4
evaluation__7720__clean__shuffled__r4,evaluation,clean,shuffled,1,1024,-1,-1,2
evaluation__7720__clean__shuffled__r5,evaluation,clean,shuffled,1,1024,-1,-1,2
evaluation__7720__clean__shuffled__r6,evaluation,clean,shuffled,1,1024,-1,-1,1
evaluation__7720__clean__shuffled__r7,evaluation,clean,shuffled,1,1024,-1,-1,2
evaluation__7720__clean__shuffled__r8,evaluation,clean,shuffled,1,1024,-1,-1,2
evaluation__7720__clean__shuffled__r9,evaluation,clean,shuffled,1,1024,-1,-1,2
evaluation__7720__clean__noise__r0,evaluation,clean,noise,1,1024,-1,-1,1
evaluation__7720__clean__sweep__r0,evaluation,clean,sweep,109,601,212,273,193
evaluation__920__clean__shuffled__r0,evaluation,clean,shuffled,1,1024,-1,-1,2
evaluation__920__clean__shuffled__r1,evaluation,clean,shuffled,1,1024,-1,-1,2
evaluation__920__clean__shuffled__r2,evaluation,clean,shuffled,1,1024,-1,-1,2
evaluation__920__clean__shuffled__r3,evaluation,clean,shuffled,1,1024,-1,-1,2
evaluation__920__clean__shuffled__r4,evaluation,clean,shuffled,1,1024,-1,-1,2
evaluation__920__clean__shuffled__r5,evaluation,clean,shuffled,2,1023,-1,-1,1
evaluation__920__clean__shuffled__r6,evaluation,clean,shuffled,1,1024,-1,-1,2
evaluation__920__clean__shuffled__r7,evaluation,clean,shuffled,1,1024,-1,-1,2
evaluation__920__clean__shuffled__r8,evaluation,clean,shuffled,1,1024,-1,-1,2
evaluation__920__clean__shuffled__r9,evaluation,clean,shuffled,1,1024,-1,-1,2
evaluation__920__clean__noise__r0,evaluation,clean,noise,1,1024,-1,-1,-1
evaluation__920__clean__sweep__r0,evaluation,clean,sweep,2,1019,-1,-1,202
evaluation__4127__clean__shuffled__r0,evaluation,clean,shuffled,1,1024,-1,-1,2
evaluation__4127__clean__shuffled__r1,evaluation,clean,shuffled,1,1024,-1,-1,2
evaluation__4127__clean__shuffled__r2,evaluation,clean,shuffled,2,1023,-1,-1,2
evaluation__4127__clean__shuffled__r3,evaluation,clean,shuffled,1,1024,-1,-1,3
evaluation__4127__clean__shuffled__r4,evaluation,clean,shuffled,1,1024,-1,-1,4
evaluation__4127__clean__shuffled__r5,evaluation,clean,shuffled,1,1024,-1,-1,2
evaluation__4127__clean__shuffled__r6,evaluation,clean,shuffled,1,1024,-1,-1,1
evaluation__4127__clean__shuffled__r7,evaluation,clean,shuffled,2,1023,-1,-1,3
evaluation__4127__clean__shuffled__r8,evaluation,clean,shuffled,1,1024,-1,-1,2
evaluation__4127__clean__shuffled__r9,evaluation,clean,shuffled,1,1024,-1,-1,2
evaluation__4127__clean__noise__r0,evaluation,clean,noise,1,1024,-1,-1,185
evaluation__4127__clean__sweep__r0,evaluation,clean,sweep,2,1023,-1,-1,352
evaluation__6192__clean__shuffled__r0,evaluation,clean,shuffled,1,1024,-1,-1,2
evaluation__6192__clean__shuffled__r1,evaluation,clean,shuffled,2,1023,-1,-1,2
evaluation__6192__clean__shuffled__r2,evaluation,clean,shuffled,1,1024,-1,-1,2
evaluation__6192__clean__shuffled__r3,evaluation,clean,shuffled,1,1024,-1,-1,2
evaluation__6192__clean__shuffled__r4,evaluation,clean,shuffled,1,1024,-1,-1,2
evaluation__6192__clean__shuffled__r5,evaluation,clean,shuffled,1,1024,-1,-1,2
evaluation__6192__clean__shuffled__r6,evaluation,clean,shuffled,2,1023,-1,-1,1
evaluation__6192__clean__shuffled__r7,evaluation,clean,shuffled,1,1024,-1,-1,2
evaluation__6192__clean__shuffled__r8,evaluation,clean,shuffled,1,1024,-1,-1,2
evaluation__6192__clean__shuffled__r9,evaluation,clean,shuffled,1,1024,-1,-1,1
evaluation__6192__clean__noise__r0,evaluation,clean,noise,1,1024,-1,-1,-1
evaluation__6192__clean__sweep__r0,evaluation,clean,sweep,1,1024,-1,-1,848
evaluation__8534__clean__shuffled__r0,evaluation,clean,shuffled,1,1024,-1,-1,2
evaluation__8534__clean__shuffled__r1,evaluation,clean,shuffled,1,1024,-1,-1,2
evaluation__8534__clean__shuffled__r2,evaluation,clean,shuffled,1,1024,-1,-1,2
evaluation__8534__clean__shuffled__r3,evaluation,clean,shuffled,1,1024,-1,-1,2
evaluation__8534__clean__shuffled__r4,evaluation,clean,shuffled,1,1024,-1,-1,2
evaluation__8534__clean__shuffled__r5,evaluation,clean,shuffled,4,1021,-1,-1,2
evaluation__8534__clean__shuffled__r6,evaluation,clean,shuffled,1,1024,-1,-1,2
evaluation__8534__clean__shuffled__r7,evaluation,clean,shuffled,1,1024,-1,-1,2
evaluation__8534__clean__shuffled__r8,evaluation,clean,shuffled,1,1024,-1,-1,2
evaluation__8534__clean__shuffled__r9,evaluation,clean,shuffled,1,1024,-1,-1,3
evaluation__8534__clean__noise__r0,evaluation,clean,noise,1,1024,-1,-1,-1
evaluation__8534__clean__sweep__r0,evaluation,clean,sweep,1,1024,-1,-1,705
evaluation__3437__clean__shuffled__r0,evaluation,clean,shuffled,1,1024,-1,-1,2
evaluation__3437__clean__shuffled__r1,evaluation,clean,shuffled,1,1024,-1,-1,2
evaluation__3437__clean__shuffled__r2,evaluation,clean,shuffled,1,1024,-1,-1,2
evaluation__3437__clean__shuffled__r3,evaluation,clean,shuffled,1,1024,-1,-1,1
evaluation__3437__clean__shuffled__r4,evaluation,clean,shuffled,1,1024,-1,-1,3
evaluation__3437__clean__shuffled__r5,evaluation,clean,shuffled,1,1024,-1,-1,2
evaluation__3437__clean__shuffled__r6,evaluation,clean,shuffled,2,1023,-1,-1,2
evaluation__3437__clean__shuffled__r7,evaluation,clean,shuffled,1,1024,-1,-1,2
evaluation__3437__clean__shuffled__r8,evaluation,clean,shuffled,1,1024,-1,-1,2
evaluation__3437__clean__shuffled__r9,evaluation,clean,shuffled,1,1024,-1,-1,2
evaluation__3437__clean__noise__r0,evaluation,clean,noise,1,1024,-1,-1,1
evaluation__3437__clean__sweep__r0,evaluation,clean,sweep,2,998,-1,-1,-1
evaluation__5246__clean__shuffled__r0,evaluation,clean,shuffled,1,1024,-1,-1,2
evaluation__5246__clean__shuffled__r1,evaluation,clean,shuffled,1,1024,-1,-1,2
evaluation__5246__clean__shuffled__r2,evaluation,clean,shuffled,1,1024,-1,-1,1
evaluation__5246__clean__shuffled__r3,evaluation,clean,shuffled,1,1024,-1,-1,2
evaluation__5246__clean__shuffled__r4,evaluation,clean,shuffled,1,1024,-1,-1,2
evaluation__5246__clean__shuffled__r5,evaluation,clean,shuffled,1,1024,-1,-1,3
evaluation__5246__clean__shuffled__r6,evaluation,clean,shuffled,1,1024,-1,-1,1
evaluation__5246__clean__shuffled__r7,evaluation,clean,shuffled,1,1024,-1,-1,2
evaluation__5246__clean__shuffled__r8,evaluation,clean,shuffled,1,1024,-1,-1,2
evaluation__5246__clean__shuffled__r9,evaluation,clean,shuffled,1,1024,-1,-1,1
evaluation__5246__clean__noise__r0,evaluation,clean,noise,1,1024,-1,-1,1
evaluation__5246__clean__sweep__r0,evaluation,clean,sweep,2,1010,-1,-1,513
evaluation__7762__clean__shuffled__r0,evaluation,clean,shuffled,1,1024,-1,-1,2
evaluation__7762__clean__shuffled__r1,evaluation,clean,shuffled,1,1024,-1,-1,2
evaluation__7762__clean__shuffled__r2,evaluation,clean,shuffled,1,1024,-1,-1,2
evaluation__7762__clean__shuffled__r3,evaluation,clean,shuffled,1,1024,-1,-1,2
evaluation__7762__clean__shuffled__r4,evaluation,clean,shuffled,1,1024,-1,-1,2
evaluation__7762__clean__shuffled__r5,evaluation,clean,shuffled,1,1024,-1,-1,3
evaluation__7762__clean__shuffled__r6,evaluation,clean,shuffled,1,1024,-1,-1,2
evaluation__7762__clean__shuffled__r7,evaluation,clean,shuffled,1,1024,-1,-1,2
evaluation__7762__clean__shuffled__r8,evaluation,clean,shuffled,1,1024,-1,-1,2
evaluation__7762__clean__shuffled__r9,evaluation,clean,shuffled,1,1024,-1,-1,2
evaluation__7762__clean__noise__r0,evaluation,clean,noise,1,1024,-1,-1,1
evaluation__7762__clean__sweep__r0,evaluation,clean,sweep,2,1014,-1,-1,513
evaluation__1011__clean__shuffled__r0,evaluation,clean,shuffled,1,1024,-1,-1,2
evaluation__1011__clean__shuffled__r1,evaluation,clean,shuffled,1,1024,-1,-1,2
evaluation__1011__clean__shuffled__r2,evaluation,clean,shuffled,1,1024,-1,-1,2
evaluation__1011__clean__shuffled__r3,evaluation,clean,shuffled,1,1024,-1,-1,1
evaluation__1011__clean__shuffled__r4,evaluation,clean,shuffled,1,1024,-1,-1,2
evaluation__1011__clean__shuffled__r5,evaluation,clean,shuffled,2,1023,-1,-1,2
evaluation__1011__clean__shuffled__r6,evaluation,clean,shuffled,1,1024,-1,-1,2
evaluation__1011__clean__shuffled__r7,evaluation,clean,shuffled,1,1024,-1,-1,2
evaluation__1011__clean__shuffled__r8,evaluation,clean,shuffled,1,1024,-1,-1,3
evaluation__1011__clean__shuffled__r9,evaluation,clean,shuffled,1,1024,-1,-1,2
evaluation__1011__clean__noise__r0,evaluation,clean,noise,1,1024,-1,-1,1
evaluation__1011__clean__sweep__r0,evaluation,clean,sweep,418,281,36,43,-1
evaluation__3270__clean__shuffled__r0,evaluation,clean,shuffled,1,1024,-1,-1,2
evaluation__3270__clean__shuffled__r1,evaluation,clean,shuffled,1,1024,-1,-1,2
evaluation__3270__clean__shuffled__r2,evaluation,clean,shuffled,1,1024,-1,-1,2
evaluation__3270__clean__shuffled__r3,evaluation,clean,shuffled,1,1024,-1,-1,2
evaluation__3270__clean__shuffled__r4,evaluation,clean,shuffled,1,1024,-1,-1,3
evaluation__3270__clean__shuffled__r5,evaluation,clean,shuffled,3,1022,-1,-1,2
evaluation__3270__clean__shuffled__r6,evaluation,clean,shuffled,1,1024,-1,-1,1
evaluation__3270__clean__shuffled__r7,evaluation,clean,shuffled,1,1024,-1,-1,2
evaluation__3270__clean__shuffled__r8,evaluation,clean,shuffled,2,1023,-1,-1,2
evaluation__3270__clean__shuffled__r9,evaluation,clean,shuffled,1,1024,-1,-1,2
evaluation__3270__clean__noise__r0,evaluation,clean,noise,1,1024,-1,-1,5
evaluation__3270__clean__sweep__r0,evaluation,clean,sweep,277,316,122,95,-1
evaluation__5383__clean__shuffled__r0,evaluation,clean,shuffled,1,1024,-1,-1,2
evaluation__5383__clean__shuffled__r1,evaluation,clean,shuffled,1,1024,-1,-1,2
evaluation__5383__clean__shuffled__r2,evaluation,clean,shuffled,1,1024,-1,-1,2
evaluation__5383__clean__shuffled__r3,evaluation,clean,shuffled,1,1024,-1,-1,2
evaluation__5383__clean__shuffled__r4,evaluation,clean,shuffled,1,1024,-1,-1,2
evaluation__5383__clean__shuffled__r5,evaluation,clean,shuffled,1,1024,-1,-1,2
evaluation__5383__clean__shuffled__r6,evaluation,clean,shuffled,1,1024,-1,-1,2
evaluation__5383__clean__shuffled__r7,evaluation,clean,shuffled,1,1024,-1,-1,2
evaluation__5383__clean__shuffled__r8,evaluation,clean,shuffled,1,1024,-1,-1,2
evaluation__5383__clean__shuffled__r9,evaluation,clean,shuffled,1,1024,-1,-1,2
evaluation__5383__clean__noise__r0,evaluation,clean,noise,1,1024,-1,-1,1
evaluation__5383__clean__sweep__r0,evaluation,clean,sweep,104,912,255,351,993
evaluation__425__clean__shuffled__r0,evaluation,clean,shuffled,1,1024,-1,-1,1
evaluation__425__clean__shuffled__r1,evaluation,clean,shuffled,1,1024,-1,-1,2
evaluation__425__clean__shuffled__r2,evaluation,clean,shuffled,1,1024,-1,-1,2
evaluation__425__clean__shuffled__r3,evaluation,clean,shuffled,1,1024,-1,-1,2
evaluation__425__clean__shuffled__r4,evaluation,clean,shuffled,1,1024,-1,-1,3
evaluation__425__clean__shuffled__r5,evaluation,clean,shuffled,1,1024,-1,-1,2
evaluation__425__clean__shuffled__r6,evaluation,clean,shuffled,1,1024,-1,-1,1
evaluation__425__clean__shuffled__r7,evaluation,clean,shuffled,1,1024,-1,-1,2
evaluation__425__clean__shuffled__r8,evaluation,clean,shuffled,3,1022,-1,-1,2
evaluation__425__clean__shuffled__r9,evaluation,clean,shuffled,1,1024,-1,-1,2
evaluation__425__clean__noise__r0,evaluation,clean,noise,1,1024,-1,-1,1
evaluation__425__clean__sweep__r0,evaluation,clean,sweep,251,667,151,184,768
evaluation__5315__clean__shuffled__r0,evaluation,clean,shuffled,1,1024,-1,-1,2
evaluation__5315__clean__shuffled__r1,evaluation,clean,shuffled,1,1024,-1,-1,2
evaluation__5315__clean__shuffled__r2,evaluation,clean,shuffled,2,1023,-1,-1,1
evaluation__5315__clean__shuffled__r3,evaluation,clean,shuffled,1,1024,-1,-1,3
evaluation__5315__clean__shuffled__r4,evaluation,clean,shuffled,1,1024,-1,-1,2
evaluation__5315__clean__shuffled__r5,evaluation,clean,shuffled,1,1024,-1,-1,3
evaluation__5315__clean__shuffled__r6,evaluation,clean,shuffled,1,1024,-1,-1,2
evaluation__5315__clean__shuffled__r7,evaluation,clean,shuffled,1,1024,-1,-1,2
evaluation__5315__clean__shuffled__r8,evaluation,clean,shuffled,1,1024,-1,-1,4
evaluation__5315__clean__shuffled__r9,evaluation,clean,shuffled,2,1023,-1,-1,2
evaluation__5315__clean__noise__r0,evaluation,clean,noise,1,1024,-1,-1,1
evaluation__5315__clean__sweep__r0,evaluation,clean,sweep,126,737,253,255,847
evaluation__7642__clean__shuffled__r0,evaluation,clean,shuffled,1,1024,-1,-1,2
evaluation__7642__clean__shuffled__r1,evaluation,clean,shuffled,1,1024,-1,-1,2
evaluation__7642__clean__shuffled__r2,evaluation,clean,shuffled,1,1024,-1,-1,2
evaluation__7642__clean__shuffled__r3,evaluation,clean,shuffled,1,1024,-1,-1,1
evaluation__7642__clean__shuffled__r4,evaluation,clean,shuffled,1,1024,-1,-1,2
evaluation__7642__clean__shuffled__r5,evaluation,clean,shuffled,1,1024,-1,-1,2
evaluation__7642__clean__shuffled__r6,evaluation,clean,shuffled,1,1024,-1,-1,2
evaluation__7642__clean__shuffled__r7,evaluation,clean,shuffled,1,1024,-1,-1,2
evaluation__7642__clean__shuffled__r8,evaluation,clean,shuffled,1,1024,-1,-1,2
evaluation__7642__clean__shuffled__r9,evaluation,clean,shuffled,1,1024,-1,-1,3
evaluation__7642__clean__noise__r0,evaluation,clean,noise,1,1024,-1,-1,1
evaluation__7642__clean__sweep__r0,evaluation,clean,sweep,2,1022,-1,-1,-1
evaluation__9247__clean__shuffled__r0,evaluation,clean,shuffled,1,1024,-1,-1,2
evaluation__9247__clean__shuffled__r1,evaluation,clean,shuffled,1,1024,-1,-1,2
evaluation__9247__clean__shuffled__r2,evaluation,clean,shuffled,1,1024,-1,-1,2
evaluation__9247__clean__shuffled__r3,evaluation,clean,shuffled,1,1024,-1,-1,1
evaluation__9247__clean__shuffled__r4,evaluation,clean,shuffled,1,1024,-1,-1,2
evaluation__9247__clean__shuffled__r5,evaluation,clean,shuffled,1,1024,-1,-1,2
evaluation__9247__clean__shuffled__r6,evaluation,clean,shuffled,1,1024,-1,-1,2
evaluation__9247__clean__shuffled__r7,evaluation,clean,shuffled,1,1024,-1,-1,2
evaluation__9247__clean__shuffled__r8,evaluation,clean,shuffled,1,1024,-1,-1,3
evaluation__9247__clean__shuffled__r9,evaluation,clean,shuffled,1,1024,-1,-1,2
evaluation__9247__clean__noise__r0,evaluation,clean,noise,1,1024,-1,-1,1
evaluation__9247__clean__sweep__r0,evaluation,clean,sweep,3,1002,-1,-1,830
fit__4123__clean__shuffled__r0,fit,clean,shuffled,1,1024,-1,-1,2
fit__4123__clean__shuffled__r1,fit,clean,shuffled,1,1024,-1,-1,2
fit__4123__clean__shuffled__r2,fit,clean,shuffled,1,1024,-1,-1,2
fit__4123__clean__shuffled__r3,fit,clean,shuffled,1,1024,-1,-1,2
fit__4123__clean__shuffled__r4,fit,clean,shuffled,1,1024,-1,-1,2
fit__4123__clean__shuffled__r5,fit,clean,shuffled,1,1024,-1,-1,1
fit__4123__clean__shuffled__r6,fit,clean,shuffled,1,1024,-1,-1,1
fit__4123__clean__shuffled__r7,fit,clean,shuffled,1,1024,-1,-1,2
fit__4123__clean__shuffled__r8,fit,clean,shuffled,1,1024,-1,-1,3
fit__4123__clean__shuffled__r9,fit,clean,shuffled,1,1024,-1,-1,2
fit__4123__clean__noise__r0,fit,clean,noise,1,1024,-1,-1,1
fit__4123__clean__sweep__r0,fit,clean,sweep,356,343,63,94,449
fit__1187__clean__shuffled__r0,fit,clean,shuffled,1,1024,-1,-1,1
fit__1187__clean__shuffled__r1,fit,clean,shuffled,1,1024,-1,-1,1
fit__1187__clean__shuffled__r2,fit,clean,shuffled,2,1023,-1,-1,2
fit__1187__clean__shuffled__r3,fit,clean,shuffled,1,1024,-1,-1,2
fit__1187__clean__shuffled__r4,fit,clean,shuffled,1,1024,-1,-1,2
fit__1187__clean__shuffled__r5,fit,clean,shuffled,1,1024,-1,-1,2
fit__1187__clean__shuffled__r6,fit,clean,shuffled,1,1024,-1,-1,2
fit__1187__clean__shuffled__r7,fit,clean,shuffled,1,1024,-1,-1,2
fit__1187__clean__shuffled__r8,fit,clean,shuffled,1,1024,-1,-1,2
fit__1187__clean__shuffled__r9,fit,clean,shuffled,3,1022,-1,-1,2
fit__1187__clean__noise__r0,fit,clean,noise,1,1024,-1,-1,1
fit__1187__clean__sweep__r0,fit,clean,sweep,3,989,-1,-1,736
fit__7166__clean__shuffled__r0,fit,clean,shuffled,1,1024,-1,-1,2
fit__7166__clean__shuffled__r1,fit,clean,shuffled,1,1024,-1,-1,2
fit__7166__clean__shuffled__r2,fit,clean,shuffled,1,1024,-1,-1,2
fit__7166__clean__shuffled__r3,fit,clean,shuffled,1,1024,-1,-1,2
fit__7166__clean__shuffled__r4,fit,clean,shuffled,1,1024,-1,-1,2
fit__7166__clean__shuffled__r5,fit,clean,shuffled,1,1024,-1,-1,2
fit__7166__clean__shuffled__r6,fit,clean,shuffled,1,1024,-1,-1,2
fit__7166__clean__shuffled__r7,fit,clean,shuffled,1,1024,-1,-1,3
fit__7166__clean__shuffled__r8,fit,clean,shuffled,1,1024,-1,-1,2
fit__7166__clean__shuffled__r9,fit,clean,shuffled,1,1024,-1,-1,2
fit__7166__clean__noise__r0,fit,clean,noise,1,1024,-1,-1,5
fit__7166__clean__sweep__r0,fit,clean,sweep,2,1023,-1,-1,-1
fit__2695__clean__shuffled__r0,fit,clean,shuffled,1,1024,-1,-1,2
fit__2695__clean__shuffled__r1,fit,clean,shuffled,1,1024,-1,-1,3
fit__2695__clean__shuffled__r2,fit,clean,shuffled,1,1024,-1,-1,2
fit__2695__clean__shuffled__r3,fit,clean,shuffled,1,1024,-1,-1,2
fit__2695__clean__shuffled__r4,fit,clean,shuffled,1,1024,-1,-1,2
fit__2695__clean__shuffled__r5,fit,clean,shuffled,1,1024,-1,-1,3
fit__2695__clean__shuffled__r6,fit,clean,shuffled,1,1024,-1,-1,2
fit__2695__clean__shuffled__r7,fit,clean,shuffled,1,1024,-1,-1,2
fit__2695__clean__shuffled__r8,fit,clean,shuffled,1,1024,-1,-1,2
fit__2695__clean__shuffled__r9,fit,clean,shuffled,2,1023,-1,-1,2
fit__2695__clean__noise__r0,fit,clean,noise,1,1024,-1,-1,1
fit__2695__clean__sweep__r0,fit,clean,sweep,3,1009,-1,-1,268
fit__9171__clean__shuffled__r0,fit,clean,shuffled,1,1024,-1,-1,2
fit__9171__clean__shuffled__r1,fit,clean,shuffled,1,1024,-1,-1,2
fit__9171__clean__shuffled__r2,fit,clean,shuffled,1,1024,-1,-1,2
fit__9171__clean__shuffled__r3,fit,clean,shuffled,1,1024,-1,-1,2
fit__9171__clean__shuffled__r4,fit,clean,shuffled,2,1023,-1,-1,2
fit__9171__clean__shuffled__r5,fit,clean,shuffled,2,1023,-1,-1,2
fit__9171__clean__shuffled__r6,fit,clean,shuffled,1,1024,-1,-1,2
fit__9171__clean__shuffled__r7,fit,clean,shuffled,1,1024,-1,-1,2
fit__9171__clean__shuffled__r8,fit,clean,shuffled,1,1024,-1,-1,2
fit__9171__clean__shuffled__r9,fit,clean,shuffled,1,1024,-1,-1,2
fit__9171__clean__noise__r0,fit,clean,noise,1,1024,-1,-1,1
fit__9171__clean__sweep__r0,fit,clean,sweep,66,829,224,351,-1
fit__3628__clean__shuffled__r0,fit,clean,shuffled,1,1024,-1,-1,2
fit__3628__clean__shuffled__r1,fit,clean,shuffled,1,1024,-1,-1,1
fit__3628__clean__shuffled__r2,fit,clean,shuffled,3,1022,-1,-1,2
fit__3628__clean__shuffled__r3,fit,clean,shuffled,1,1024,-1,-1,2
fit__3628__clean__shuffled__r4,fit,clean,shuffled,1,1024,-1,-1,2
fit__3628__clean__shuffled__r5,fit,clean,shuffled,1,1024,-1,-1,2
fit__3628__clean__shuffled__r6,fit,clean,shuffled,1,1024,-1,-1,2
fit__3628__clean__shuffled__r7,fit,clean,shuffled,1,1024,-1,-1,2
fit__3628__clean__shuffled__r8,fit,clean,shuffled,1,1024,-1,-1,1
fit__3628__clean__shuffled__r9,fit,clean,shuffled,1,1024,-1,-1,2
fit__3628__clean__noise__r0,fit,clean,noise,1,1024,-1,-1,2
fit__3628__clean__sweep__r0,fit,clean,sweep,4,1007,-1,-1,-1
fit__1526__clean__shuffled__r0,fit,clean,shuffled,1,1024,-1,-1,2
fit__1526__clean__shuffled__r1,fit,clean,shuffled,1,1024,-1,-1,3
fit__1526__clean__shuffled__r2,fit,clean,shuffled,1,1024,-1,-1,2
fit__1526__clean__shuffled__r3,fit,clean,shuffled,1,1024,-1,-1,2
fit__1526__clean__shuffled__r4,fit,clean,shuffled,1,1024,-1,-1,2
fit__1526__clean__shuffled__r5,fit,clean,shuffled,1,1024,-1,-1,2
fit__1526__clean__shuffled__r6,fit,clean,shuffled,1,1024,-1,-1,2
fit__1526__clean__shuffled__r7,fit,clean,shuffled,2,1023,-1,-1,1
fit__1526__clean__shuffled__r8,fit,clean,shuffled,2,1023,-1,-1,3
fit__1526__clean__shuffled__r9,fit,clean,shuffled,1,1024,-1,-1,2
fit__1526__clean__noise__r0,fit,clean,noise,1,1024,-1,-1,6
fit__1526__clean__sweep__r0,fit,clean,sweep,66,945,729,699,961
fit__3507__clean__shuffled__r0,fit,clean,shuffled,1,1024,-1,-1,2
fit__3507__clean__shuffled__r1,fit,clean,shuffled,1,1024,-1,-1,2
fit__3507__clean__shuffled__r2,fit,clean,shuffled,1,1024,-1,-1,2
fit__3507__clean__shuffled__r3,fit,clean,shuffled,1,1024,-1,-1,3
fit__3507__clean__shuffled__r4,fit,clean,shuffled,1,1024,-1,-1,2
fit__3507__clean__shuffled__r5,fit,clean,shuffled,1,1024,-1,-1,2
fit__3507__clean__shuffled__r6,fit,clean,shuffled,2,1023,-1,-1,2
fit__3507__clean__shuffled__r7,fit,clean,shuffled,1,1024,-1,-1,2
fit__3507__clean__shuffled__r8,fit,clean,shuffled,1,1024,-1,-1,2
fit__3507__clean__shuffled__r9,fit,clean,shuffled,1,1024,-1,-1,2
fit__3507__clean__noise__r0,fit,clean,noise,1,1024,-1,-1,1
fit__3507__clean__sweep__r0,fit,clean,sweep,2,993,-1,-1,-1
fit__4259__clean__shuffled__r0,fit,clean,shuffled,1,1024,-1,-1,2
fit__4259__clean__shuffled__r1,fit,clean,shuffled,1,1024,-1,-1,1
fit__4259__clean__shuffled__r2,fit,clean,shuffled,1,1024,-1,-1,2
fit__4259__clean__shuffled__r3,fit,clean,shuffled,1,1024,-1,-1,2
fit__4259__clean__shuffled__r4,fit,clean,shuffled,1,1024,-1,-1,2
fit__4259__clean__shuffled__r5,fit,clean,shuffled,1,1024,-1,-1,1
fit__4259__clean__shuffled__r6,fit,clean,shuffled,1,1024,-1,-1,2
fit__4259__clean__shuffled__r7,fit,clean,shuffled,1,1024,-1,-1,2
fit__4259__clean__shuffled__r8,fit,clean,shuffled,1,1024,-1,-1,2
fit__4259__clean__shuffled__r9,fit,clean,shuffled,1,1024,-1,-1,2
fit__4259__clean__noise__r0,fit,clean,noise,1,1024,-1,-1,1
fit__4259__clean__sweep__r0,fit,clean,sweep,4,997,-1,-1,638
fit__9146__clean__shuffled__r0,fit,clean,shuffled,2,1023,-1,-1,3
fit__9146__clean__shuffled__r1,fit,clean,shuffled,1,1024,-1,-1,2
fit__9146__clean__shuffled__r2,fit,clean,shuffled,1,1024,-1,-1,3
fit__9146__clean__shuffled__r3,fit,clean,shuffled,1,1024,-1,-1,2
fit__9146__clean__shuffled__r4,fit,clean,shuffled,1,1024,-1,-1,3
fit__9146__clean__shuffled__r5,fit,clean,shuffled,1,1024,-1,-1,2
fit__9146__clean__shuffled__r6,fit,clean,shuffled,1,1024,-1,-1,2
fit__9146__clean__shuffled__r7,fit,clean,shuffled,2,1023,-1,-1,2
fit__9146__clean__shuffled__r8,fit,clean,shuffled,1,1024,-1,-1,2
fit__9146__clean__shuffled__r9,fit,clean,shuffled,1,1024,-1,-1,2
fit__9146__clean__noise__r0,fit,clean,noise,1,1024,-1,-1,1
fit__9146__clean__sweep__r0,fit,clean,sweep,90,900,351,383,-1
fit__4668__clean__shuffled__r0,fit,clean,shuffled,1,1024,-1,-1,2
fit__4668__clean__shuffled__r1,fit,clean,shuffled,2,1023,-1,-1,2
fit__4668__clean__shuffled__r2,fit,clean,shuffled,2,1023,-1,-1,2
fit__4668__clean__shuffled__r3,fit,clean,shuffled,1,1024,-1,-1,3
fit__4668__clean__shuffled__r4,fit,clean,shuffled,1,1024,-1,-1,2
fit__4668__clean__shuffled__r5,fit,clean,shuffled,1,1024,-1,-1,2
fit__4668__clean__shuffled__r6,fit,clean,shuffled,1,1024,-1,-1,2
fit__4668__clean__shuffled__r7,fit,clean,shuffled,1,1024,-1,-1,2
fit__4668__clean__shuffled__r8,fit,clean,shuffled,1,1024,-1,-1,2
fit__4668__clean__shuffled__r9,fit,clean,shuffled,1,1024,-1,-1,2
fit__4668__clean__noise__r0,fit,clean,noise,1,1024,-1,-1,458
fit__4668__clean__sweep__r0,fit,clean,sweep,2,1018,-1,-1,349
fit__743__clean__shuffled__r0,fit,clean,shuffled,1,1024,-1,-1,2
fit__743__clean__shuffled__r1,fit,clean,shuffled,1,1024,-1,-1,2
fit__743__clean__shuffled__r2,fit,clean,shuffled,1,1024,-1,-1,2
fit__743__clean__shuffled__r3,fit,clean,shuffled,1,1024,-1,-1,2
fit__743__clean__shuffled__r4,fit,clean,shuffled,3,1021,-1,-1,2
fit__743__clean__shuffled__r5,fit,clean,shuffled,1,1024,-1,-1,2
fit__743__clean__shuffled__r6,fit,clean,shuffled,1,1024,-1,-1,2
fit__743__clean__shuffled__r7,fit,clean,shuffled,1,1024,-1,-1,3
fit__743__clean__shuffled__r8,fit,clean,shuffled,1,1024,-1,-1,2
fit__743__clean__shuffled__r9,fit,clean,shuffled,1,1024,-1,-1,2
fit__743__clean__noise__r0,fit,clean,noise,1,1024,-1,-1,2
fit__743__clean__sweep__r0,fit,clean,sweep,2,1022,-1,-1,1020
fit__5929__clean__shuffled__r0,fit,clean,shuffled,1,1024,-1,-1,2
fit__5929__clean__shuffled__r1,fit,clean,shuffled,1,1024,-1,-1,2
fit__5929__clean__shuffled__r2,fit,clean,shuffled,1,1024,-1,-1,1
fit__5929__clean__shuffled__r3,fit,clean,shuffled,1,1024,-1,-1,2
fit__5929__clean__shuffled__r4,fit,clean,shuffled,1,1024,-1,-1,2
fit__5929__clean__shuffled__r5,fit,clean,shuffled,1,1024,-1,-1,2
fit__5929__clean__shuffled__r6,fit,clean,shuffled,1,1024,-1,-1,2
fit__5929__clean__shuffled__r7,fit,clean,shuffled,1,1024,-1,-1,2
fit__5929__clean__shuffled__r8,fit,clean,shuffled,1,1024,-1,-1,3
fit__5929__clean__shuffled__r9,fit,clean,shuffled,1,1024,-1,-1,3
fit__5929__clean__noise__r0,fit,clean,noise,1,1024,-1,-1,1
fit__5929__clean__sweep__r0,fit,clean,sweep,122,894,245,438,-1
fit__2021__clean__shuffled__r0,fit,clean,shuffled,2,1023,-1,-1,2
fit__2021__clean__shuffled__r1,fit,clean,shuffled,1,1024,-1,-1,2
fit__2021__clean__shuffled__r2,fit,clean,shuffled,1,1024,-1,-1,2
fit__2021__clean__shuffled__r3,fit,clean,shuffled,1,1024,-1,-1,2
fit__2021__clean__shuffled__r4,fit,clean,shuffled,1,1024,-1,-1,2
fit__2021__clean__shuffled__r5,fit,clean,shuffled,3,1022,-1,-1,2
fit__2021__clean__shuffled__r6,fit,clean,shuffled,1,1024,-1,-1,2
fit__2021__clean__shuffled__r7,fit,clean,shuffled,1,1024,-1,-1,2
fit__2021__clean__shuffled__r8,fit,clean,shuffled,1,1024,-1,-1,2
fit__2021__clean__shuffled__r9,fit,clean,shuffled,1,1024,-1,-1,2
fit__2021__clean__noise__r0,fit,clean,noise,1,1024,-1,-1,1
fit__2021__clean__sweep__r0,fit,clean,sweep,12,964,-1,-1,-1
fit__8256__clean__shuffled__r0,fit,clean,shuffled,1,1024,-1,-1,2
fit__8256__clean__shuffled__r1,fit,clean,shuffled,1,1024,-1,-1,2
fit__8256__clean__shuffled__r2,fit,clean,shuffled,1,1024,-1,-1,2
fit__8256__clean__shuffled__r3,fit,clean,shuffled,1,1024,-1,-1,2
fit__8256__clean__shuffled__r4,fit,clean,shuffled,1,1024,-1,-1,2
fit__8256__clean__shuffled__r5,fit,clean,shuffled,1,1024,-1,-1,2
fit__8256__clean__shuffled__r6,fit,clean,shuffled,1,1024,-1,-1,2
fit__8256__clean__shuffled__r7,fit,clean,shuffled,1,1024,-1,-1,2
fit__8256__clean__shuffled__r8,fit,clean,shuffled,2,1023,-1,-1,2
fit__8256__clean__shuffled__r9,fit,clean,shuffled,1,1024,-1,-1,1
fit__8256__clean__noise__r0,fit,clean,noise,1,1024,-1,-1,1
fit__8256__clean__sweep__r0,fit,clean,sweep,165,620,186,222,-1
fit__4336__clean__shuffled__r0,fit,clean,shuffled,1,1024,-1,-1,2
fit__4336__clean__shuffled__r1,fit,clean,shuffled,1,1024,-1,-1,2
fit__4336__clean__shuffled__r2,fit,clean,shuffled,2,1023,-1,-1,2
fit__4336__clean__shuffled__r3,fit,clean,shuffled,1,1024,-1,-1,2
fit__4336__clean__shuffled__r4,fit,clean,shuffled,1,1024,-1,-1,1
fit__4336__clean__shuffled__r5,fit,clean,shuffled,1,1024,-1,-1,2
fit__4336__clean__shuffled__r6,fit,clean,shuffled,1,1024,-1,-1,2
fit__4336__clean__shuffled__r7,fit,clean,shuffled,1,1024,-1,-1,2
fit__4336__clean__shuffled__r8,fit,clean,shuffled,1,1024,-1,-1,2
fit__4336__clean__shuffled__r9,fit,clean,shuffled,1,1024,-1,-1,2
fit__4336__clean__noise__r0,fit,clean,noise,1,1024,-1,-1,70
fit__4336__clean__sweep__r0,fit,clean,sweep,15,989,-1,-1,897
calibration__3421__clean__shuffled__r0,calibration,clean,shuffled,1,1024,-1,-1,3
calibration__3421__clean__shuffled__r1,calibration,clean,shuffled,1,1024,-1,-1,2
calibration__3421__clean__shuffled__r2,calibration,clean,shuffled,1,1024,-1,-1,2
calibration__3421__clean__shuffled__r3,calibration,clean,shuffled,1,1024,-1,-1,2
calibration__3421__clean__shuffled__r4,calibration,clean,shuffled,1,1024,-1,-1,1
calibration__3421__clean__shuffled__r5,calibration,clean,shuffled,1,1024,-1,-1,3
calibration__3421__clean__shuffled__r6,calibration,clean,shuffled,1,1024,-1,-1,2
calibration__3421__clean__shuffled__r7,calibration,clean,shuffled,1,1024,-1,-1,2
calibration__3421__clean__shuffled__r8,calibration,clean,shuffled,1,1024,-1,-1,2
calibration__3421__clean__shuffled__r9,calibration,clean,shuffled,1,1024,-1,-1,3
calibration__3421__clean__noise__r0,calibration,clean,noise,1,1024,-1,-1,1
calibration__3421__clean__sweep__r0,calibration,clean,sweep,208,623,87,117,65
calibration__738__clean__shuffled__r0,calibration,clean,shuffled,1,1024,-1,-1,2
calibration__738__clean__shuffled__r1,calibration,clean,shuffled,1,1024,-1,-1,1
calibration__738__clean__shuffled__r2,calibration,clean,shuffled,1,1024,-1,-1,2
calibration__738__clean__shuffled__r3,calibration,clean,shuffled,1,1024,-1,-1,2
calibration__738__clean__shuffled__r4,calibration,clean,shuffled,1,1024,-1,-1,1
calibration__738__clean__shuffled__r5,calibration,clean,shuffled,2,1023,-1,-1,2
calibration__738__clean__shuffled__r6,calibration,clean,shuffled,1,1024,-1,-1,2
calibration__738__clean__shuffled__r7,calibration,clean,shuffled,1,1024,-1,-1,2
calibration__738__clean__shuffled__r8,calibration,clean,shuffled,2,1023,-1,-1,1
calibration__738__clean__shuffled__r9,calibration,clean,shuffled,1,1024,-1,-1,2
calibration__738__clean__noise__r0,calibration,clean,noise,1,1024,-1,-1,1
calibration__738__clean__sweep__r0,calibration,clean,sweep,100,694,158,224,321
calibration__6417__clean__shuffled__r0,calibration,clean,shuffled,1,1024,-1,-1,2
calibration__6417__clean__shuffled__r1,calibration,clean,shuffled,1,1024,-1,-1,2
calibration__6417__clean__shuffled__r2,calibration,clean,shuffled,1,1024,-1,-1,2
calibration__6417__clean__shuffled__r3,calibration,clean,shuffled,1,1024,-1,-1,2
calibration__6417__clean__shuffled__r4,calibration,clean,shuffled,1,1024,-1,-1,2
calibration__6417__clean__shuffled__r5,calibration,clean,shuffled,1,1024,-1,-1,2
calibration__6417__clean__shuffled__r6,calibration,clean,shuffled,1,1024,-1,-1,2
calibration__6417__clean__shuffled__r7,calibration,clean,shuffled,1,1024,-1,-1,2
calibration__6417__clean__shuffled__r8,calibration,clean,shuffled,1,1024,-1,-1,2
calibration__6417__clean__shuffled__r9,calibration,clean,shuffled,1,1024,-1,-1,2
calibration__6417__clean__noise__r0,calibration,clean,noise,1,1024,-1,-1,1
calibration__6417__clean__sweep__r0,calibration,clean,sweep,2,1022,-1,-1,67
calibration__2985__clean__shuffled__r0,calibration,clean,shuffled,1,1024,-1,-1,2
calibration__2985__clean__shuffled__r1,calibration,clean,shuffled,2,1023,-1,-1,3
calibration__2985__clean__shuffled__r2,calibration,clean,shuffled,1,1024,-1,-1,1
calibration__2985__clean__shuffled__r3,calibration,clean,shuffled,1,1024,-1,-1,2
calibration__2985__clean__shuffled__r4,calibration,clean,shuffled,1,1024,-1,-1,1
calibration__2985__clean__shuffled__r5,calibration,clean,shuffled,1,1024,-1,-1,3
calibration__2985__clean__shuffled__r6,calibration,clean,shuffled,1,1024,-1,-1,2
calibration__2985__clean__shuffled__r7,calibration,clean,shuffled,1,1024,-1,-1,2
calibration__2985__clean__shuffled__r8,calibration,clean,shuffled,1,1024,-1,-1,2
calibration__2985__clean__shuffled__r9,calibration,clean,shuffled,1,1024,-1,-1,2
calibration__2985__clean__noise__r0,calibration,clean,noise,1,1024,-1,-1,1
calibration__2985__clean__sweep__r0,calibration,clean,sweep,2,1016,-1,-1,222
calibration__9917__clean__shuffled__r0,calibration,clean,shuffled,1,1024,-1,-1,2
calibration__9917__clean__shuffled__r1,calibration,clean,shuffled,1,1024,-1,-1,2
calibration__9917__clean__shuffled__r2,calibration,clean,shuffled,1,1024,-1,-1,2
calibration__9917__clean__shuffled__r3,calibration,clean,shuffled,1,1024,-1,-1,1
calibration__9917__clean__shuffled__r4,calibration,clean,shuffled,1,1024,-1,-1,2
calibration__9917__clean__shuffled__r5,calibration,clean,shuffled,1,1024,-1,-1,2
calibration__9917__clean__shuffled__r6,calibration,clean,shuffled,1,1024,-1,-1,2
calibration__9917__clean__shuffled__r7,calibration,clean,shuffled,1,1024,-1,-1,2
calibration__9917__clean__shuffled__r8,calibration,clean,shuffled,1,1024,-1,-1,1
calibration__9917__clean__shuffled__r9,calibration,clean,shuffled,1,1024,-1,-1,2
calibration__9917__clean__noise__r0,calibration,clean,noise,1,1024,-1,-1,1
calibration__9917__clean__sweep__r0,calibration,clean,sweep,3,993,-1,-1,353
calibration__6769__clean__shuffled__r0,calibration,clean,shuffled,1,1024,-1,-1,2
calibration__6769__clean__shuffled__r1,calibration,clean,shuffled,1,1024,-1,-1,2
calibration__6769__clean__shuffled__r2,calibration,clean,shuffled,1,1024,-1,-1,2
calibration__6769__clean__shuffled__r3,calibration,clean,shuffled,1,1024,-1,-1,2
calibration__6769__clean__shuffled__r4,calibration,clean,shuffled,1,1024,-1,-1,2
calibration__6769__clean__shuffled__r5,calibration,clean,shuffled,1,1024,-1,-1,2
calibration__6769__clean__shuffled__r6,calibration,clean,shuffled,1,1024,-1,-1,2
calibration__6769__clean__shuffled__r7,calibration,clean,shuffled,1,1024,-1,-1,2
calibration__6769__clean__shuffled__r8,calibration,clean,shuffled,1,1024,-1,-1,2
calibration__6769__clean__shuffled__r9,calibration,clean,shuffled,1,1024,-1,-1,2
calibration__6769__clean__noise__r0,calibration,clean,noise,1,1024,-1,-1,1
calibration__6769__clean__sweep__r0,calibration,clean,sweep,131,860,347,413,577
calibration__807__clean__shuffled__r0,calibration,clean,shuffled,1,1024,-1,-1,2
calibration__807__clean__shuffled__r1,calibration,clean,shuffled,1,1024,-1,-1,2
calibration__807__clean__shuffled__r2,calibration,clean,shuffled,2,1023,-1,-1,2
calibration__807__clean__shuffled__r3,calibration,clean,shuffled,1,1024,-1,-1,2
calibration__807__clean__shuffled__r4,calibration,clean,shuffled,1,1024,-1,-1,2
calibration__807__clean__shuffled__r5,calibration,clean,shuffled,1,1024,-1,-1,3
calibration__807__clean__shuffled__r6,calibration,clean,shuffled,1,1024,-1,-1,2
calibration__807__clean__shuffled__r7,calibration,clean,shuffled,1,1024,-1,-1,3
calibration__807__clean__shuffled__r8,calibration,clean,shuffled,1,1024,-1,-1,2
calibration__807__clean__shuffled__r9,calibration,clean,shuffled,1,1024,-1,-1,2
calibration__807__clean__noise__r0,calibration,clean,noise,1,1024,-1,-1,2
calibration__807__clean__sweep__r0,calibration,clean,sweep,102,888,537,571,1000
calibration__7422__clean__shuffled__r0,calibration,clean,shuffled,1,1024,-1,-1,2
calibration__7422__clean__shuffled__r1,calibration,clean,shuffled,1,1024,-1,-1,2
calibration__7422__clean__shuffled__r2,calibration,clean,shuffled,1,1024,-1,-1,3
calibration__7422__clean__shuffled__r3,calibration,clean,shuffled,1,1024,-1,-1,2
calibration__7422__clean__shuffled__r4,calibration,clean,shuffled,1,1024,-1,-1,2
calibration__7422__clean__shuffled__r5,calibration,clean,shuffled,1,1024,-1,-1,2
calibration__7422__clean__shuffled__r6,calibration,clean,shuffled,4,1021,-1,-1,2
calibration__7422__clean__shuffled__r7,calibration,clean,shuffled,1,1024,-1,-1,2
calibration__7422__clean__shuffled__r8,calibration,clean,shuffled,1,1024,-1,-1,2
calibration__7422__clean__shuffled__r9,calibration,clean,shuffled,1,1024,-1,-1,2
calibration__7422__clean__noise__r0,calibration,clean,noise,1,1024,-1,-1,2
calibration__7422__clean__sweep__r0,calibration,clean,sweep,98,744,344,438,404
calibration__1908__clean__shuffled__r0,calibration,clean,shuffled,1,1024,-1,-1,2
calibration__1908__clean__shuffled__r1,calibration,clean,shuffled,2,1023,-1,-1,3
calibration__1908__clean__shuffled__r2,calibration,clean,shuffled,1,1024,-1,-1,2
calibration__1908__clean__shuffled__r3,calibration,clean,shuffled,3,1022,-1,-1,2
calibration__1908__clean__shuffled__r4,calibration,clean,shuffled,1,1024,-1,-1,2
calibration__1908__clean__shuffled__r5,calibration,clean,shuffled,1,1024,-1,-1,2
calibration__1908__clean__shuffled__r6,calibration,clean,shuffled,1,1024,-1,-1,2
calibration__1908__clean__shuffled__r7,calibration,clean,shuffled,1,1024,-1,-1,2
calibration__1908__clean__shuffled__r8,calibration,clean,shuffled,2,1023,-1,-1,2
calibration__1908__clean__shuffled__r9,calibration,clean,shuffled,2,1023,-1,-1,2
calibration__1908__clean__noise__r0,calibration,clean,noise,1,1024,-1,-1,1
calibration__1908__clean__sweep__r0,calibration,clean,sweep,180,733,121,183,1
calibration__9640__clean__shuffled__r0,calibration,clean,shuffled,1,1024,-1,-1,1
calibration__9640__clean__shuffled__r1,calibration,clean,shuffled,1,1024,-1,-1,1
calibration__9640__clean__shuffled__r2,calibration,clean,shuffled,3,1022,-1,-1,2
calibration__9640__clean__shuffled__r3,calibration,clean,shuffled,1,1024,-1,-1,2
calibration__9640__clean__shuffled__r4,calibration,clean,shuffled,1,1024,-1,-1,2
calibration__9640__clean__shuffled__r5,calibration,clean,shuffled,1,1024,-1,-1,2
calibration__9640__clean__shuffled__r6,calibration,clean,shuffled,1,1024,-1,-1,1
calibration__9640__clean__shuffled__r7,calibration,clean,shuffled,1,1024,-1,-1,2
calibration__9640__clean__shuffled__r8,calibration,clean,shuffled,2,1023,-1,-1,2
calibration__9640__clean__shuffled__r9,calibration,clean,shuffled,1,1024,-1,-1,2
calibration__9640__clean__noise__r0,calibration,clean,noise,1,1024,-1,-1,1
calibration__9640__clean__sweep__r0,calibration,clean,sweep,161,841,158,192,65
calibration__6803__clean__shuffled__r0,calibration,clean,shuffled,1,1024,-1,-1,2
calibration__6803__clean__shuffled__r1,calibration,clean,shuffled,1,1024,-1,-1,2
calibration__6803__clean__shuffled__r2,calibration,clean,shuffled,1,1024,-1,-1,2
calibration__6803__clean__shuffled__r3,calibration,clean,shuffled,1,1024,-1,-1,2
calibration__6803__clean__shuffled__r4,calibration,clean,shuffled,1,1024,-1,-1,1
calibration__6803__clean__shuffled__r5,calibration,clean,shuffled,1,1024,-1,-1,2
calibration__6803__clean__shuffled__r6,calibration,clean,shuffled,1,1024,-1,-1,2
calibration__6803__clean__shuffled__r7,calibration,clean,shuffled,1,1024,-1,-1,2
calibration__6803__clean__shuffled__r8,calibration,clean,shuffled,1,1024,-1,-1,2
calibration__6803__clean__shuffled__r9,calibration,clean,shuffled,1,1024,-1,-1,2
calibration__6803__clean__noise__r0,calibration,clean,noise,1,1024,-1,-1,-1
calibration__6803__clean__sweep__r0,calibration,clean,sweep,132,786,234,298,379
calibration__99__clean__shuffled__r0,calibration,clean,shuffled,1,1024,-1,-1,2
calibration__99__clean__shuffled__r1,calibration,clean,shuffled,1,1024,-1,-1,2
calibration__99__clean__shuffled__r2,calibration,clean,shuffled,2,1023,-1,-1,2
calibration__99__clean__shuffled__r3,calibration,clean,shuffled,1,1024,-1,-1,2
calibration__99__clean__shuffled__r4,calibration,clean,shuffled,1,1024,-1,-1,2
calibration__99__clean__shuffled__r5,calibration,clean,shuffled,1,1024,-1,-1,2
calibration__99__clean__shuffled__r6,calibration,clean,shuffled,1,1024,-1,-1,2
calibration__99__clean__shuffled__r7,calibration,clean,shuffled,1,1024,-1,-1,2
calibration__99__clean__shuffled__r8,calibration,clean,shuffled,1,1024,-1,-1,2
calibration__99__clean__shuffled__r9,calibration,clean,shuffled,1,1024,-1,-1,2
calibration__99__clean__noise__r0,calibration,clean,noise,1,1024,-1,-1,1
calibration__99__clean__sweep__r0,calibration,clean,sweep,134,684,222,286,-1
calibration__5811__clean__shuffled__r0,calibration,clean,shuffled,1,1024,-1,-1,2
calibration__5811__clean__shuffled__r1,calibration,clean,shuffled,1,1024,-1,-1,2
calibration__5811__clean__shuffled__r2,calibration,clean,shuffled,1,1024,-1,-1,2
calibration__5811__clean__shuffled__r3,calibration,clean,shuffled,1,1024,-1,-1,2
calibration__5811__clean__shuffled__r4,calibration,clean,shuffled,1,1024,-1,-1,2
calibration__5811__clean__shuffled__r5,calibration,clean,shuffled,1,1024,-1,-1,2
calibration__5811__clean__shuffled__r6,calibration,clean,shuffled,1,1024,-1,-1,1
calibration__5811__clean__shuffled__r7,calibration,clean,shuffled,1,1024,-1,-1,2
calibration__5811__clean__shuffled__r8,calibration,clean,shuffled,4,1021,-1,-1,2
calibration__5811__clean__shuffled__r9,calibration,clean,shuffled,1,1024,-1,-1,2
calibration__5811__clean__noise__r0,calibration,clean,noise,1,1024,-1,-1,1
calibration__5811__clean__sweep__r0,calibration,clean,sweep,175,495,190,237,-1
calibration__3803__clean__shuffled__r0,calibration,clean,shuffled,1,1024,-1,-1,1
calibration__3803__clean__shuffled__r1,calibration,clean,shuffled,1,1024,-1,-1,2
calibration__3803__clean__shuffled__r2,calibration,clean,shuffled,1,1024,-1,-1,2
calibration__3803__clean__shuffled__r3,calibration,clean,shuffled,1,1024,-1,-1,2
calibration__3803__clean__shuffled__r4,calibration,clean,shuffled,1,1024,-1,-1,3
calibration__3803__clean__shuffled__r5,calibration,clean,shuffled,1,1024,-1,-1,2
calibration__3803__clean__shuffled__r6,calibration,clean,shuffled,1,1024,-1,-1,2
calibration__3803__clean__shuffled__r7,calibration,clean,shuffled,1,1024,-1,-1,2
calibration__3803__clean__shuffled__r8,calibration,clean,shuffled,1,1024,-1,-1,2
calibration__3803__clean__shuffled__r9,calibration,clean,shuffled,1,1024,-1,-1,2
calibration__3803__clean__noise__r0,calibration,clean,noise,1,1024,-1,-1,19
calibration__3803__clean__sweep__r0,calibration,clean,sweep,112,889,256,254,-1
calibration__7030__clean__shuffled__r0,calibration,clean,shuffled,1,1024,-1,-1,2
calibration__7030__clean__shuffled__r1,calibration,clean,shuffled,1,1024,-1,-1,1
calibration__7030__clean__shuffled__r2,calibration,clean,shuffled,1,1024,-1,-1,1
calibration__7030__clean__shuffled__r3,calibration,clean,shuffled,1,1024,-1,-1,2
calibration__7030__clean__shuffled__r4,calibration,clean,shuffled,1,1024,-1,-1,2
calibration__7030__clean__shuffled__r5,calibration,clean,shuffled,1,1024,-1,-1,2
calibration__7030__clean__shuffled__r6,calibration,clean,shuffled,1,1024,-1,-1,3
calibration__7030__clean__shuffled__r7,calibration,clean,shuffled,1,1024,-1,-1,2
calibration__7030__clean__shuffled__r8,calibration,clean,shuffled,1,1024,-1,-1,2
calibration__7030__clean__shuffled__r9,calibration,clean,shuffled,1,1024,-1,-1,2
calibration__7030__clean__noise__r0,calibration,clean,noise,1,1024,-1,-1,1
calibration__7030__clean__sweep__r0,calibration,clean,sweep,97,922,377,570,833
calibration__5945__clean__shuffled__r0,calibration,clean,shuffled,1,1024,-1,-1,2
calibration__5945__clean__shuffled__r1,calibration,clean,shuffled,1,1024,-1,-1,2
calibration__5945__clean__shuffled__r2,calibration,clean,shuffled,1,1024,-1,-1,2
calibration__5945__clean__shuffled__r3,calibration,clean,shuffled,1,1024,-1,-1,2
calibration__5945__clean__shuffled__r4,calibration,clean,shuffled,1,1024,-1,-1,2
calibration__5945__clean__shuffled__r5,calibration,clean,shuffled,1,1024,-1,-1,2
calibration__5945__clean__shuffled__r6,calibration,clean,shuffled,1,1024,-1,-1,2
calibration__5945__clean__shuffled__r7,calibration,clean,shuffled,1,1024,-1,-1,2
calibration__5945__clean__shuffled__r8,calibration,clean,shuffled,1,1024,-1,-1,2
calibration__5945__clean__shuffled__r9,calibration,clean,shuffled,1,1024,-1,-1,2
calibration__5945__clean__noise__r0,calibration,clean,noise,1,1024,-1,-1,1
calibration__5945__clean__sweep__r0,calibration,clean,sweep,8,964,-1,-1,672
evaluation__791__clean__shuffled__r0,evaluation,clean,shuffled,1,1024,-1,-1,3
evaluation__791__clean__shuffled__r1,evaluation,clean,shuffled,1,1024,-1,-1,2
evaluation__791__clean__shuffled__r2,evaluation,clean,shuffled,1,1024,-1,-1,2
evaluation__791__clean__shuffled__r3,evaluation,clean,shuffled,1,1024,-1,-1,2
evaluation__791__clean__shuffled__r4,evaluation,clean,shuffled,1,1024,-1,-1,2
evaluation__791__clean__shuffled__r5,evaluation,clean,shuffled,1,1024,-1,-1,3
evaluation__791__clean__shuffled__r6,evaluation,clean,shuffled,1,1024,-1,-1,2
evaluation__791__clean__shuffled__r7,evaluation,clean,shuffled,1,1024,-1,-1,2
evaluation__791__clean__shuffled__r8,evaluation,clean,shuffled,1,1024,-1,-1,2
evaluation__791__clean__shuffled__r9,evaluation,clean,shuffled,3,1022,-1,-1,1
evaluation__791__clean__noise__r0,evaluation,clean,noise,1,1024,-1,-1,1
evaluation__791__clean__sweep__r0,evaluation,clean,sweep,187,606,156,222,-1
evaluation__5857__clean__shuffled__r0,evaluation,clean,shuffled,1,1024,-1,-1,2
evaluation__5857__clean__shuffled__r1,evaluation,clean,shuffled,1,1024,-1,-1,2
evaluation__5857__clean__shuffled__r2,evaluation,clean,shuffled,1,1024,-1,-1,2
evaluation__5857__clean__shuffled__r3,evaluation,clean,shuffled,1,1024,-1,-1,2
evaluation__5857__clean__shuffled__r4,evaluation,clean,shuffled,1,1024,-1,-1,2
evaluation__5857__clean__shuffled__r5,evaluation,clean,shuffled,1,1024,-1,-1,2
evaluation__5857__clean__shuffled__r6,evaluation,clean,shuffled,1,1024,-1,-1,2
evaluation__5857__clean__shuffled__r7,evaluation,clean,shuffled,1,1024,-1,-1,1
evaluation__5857__clean__shuffled__r8,evaluation,clean,shuffled,1,1024,-1,-1,2
evaluation__5857__clean__shuffled__r9,evaluation,clean,shuffled,2,1023,-1,-1,3
evaluation__5857__clean__noise__r0,evaluation,clean,noise,1,1024,-1,-1,3
evaluation__5857__clean__sweep__r0,evaluation,clean,sweep,113,769,203,268,159
evaluation__8031__clean__shuffled__r0,evaluation,clean,shuffled,1,1024,-1,-1,2
evaluation__8031__clean__shuffled__r1,evaluation,clean,shuffled,1,1024,-1,-1,2
evaluation__8031__clean__shuffled__r2,evaluation,clean,shuffled,1,1024,-1,-1,2
evaluation__8031__clean__shuffled__r3,evaluation,clean,shuffled,1,1024,-1,-1,3
evaluation__8031__clean__shuffled__r4,evaluation,clean,shuffled,1,1024,-1,-1,2
evaluation__8031__clean__shuffled__r5,evaluation,clean,shuffled,1,1024,-1,-1,2
evaluation__8031__clean__shuffled__r6,evaluation,clean,shuffled,1,1024,-1,-1,2
evaluation__8031__clean__shuffled__r7,evaluation,clean,shuffled,1,1024,-1,-1,2
evaluation__8031__clean__shuffled__r8,evaluation,clean,shuffled,1,1024,-1,-1,2
evaluation__8031__clean__shuffled__r9,evaluation,clean,shuffled,1,1024,-1,-1,2
evaluation__8031__clean__noise__r0,evaluation,clean,noise,1,1024,-1,-1,2
evaluation__8031__clean__sweep__r0,evaluation,clean,sweep,52,914,671,640,-1
evaluation__9991__clean__shuffled__r0,evaluation,clean,shuffled,1,1024,-1,-1,2
evaluation__9991__clean__shuffled__r1,evaluation,clean,shuffled,4,1021,-1,-1,2
evaluation__9991__clean__shuffled__r2,evaluation,clean,shuffled,1,1024,-1,-1,2
evaluation__9991__clean__shuffled__r3,evaluation,clean,shuffled,1,1024,-1,-1,2
evaluation__9991__clean__shuffled__r4,evaluation,clean,shuffled,3,1022,-1,-1,2
evaluation__9991__clean__shuffled__r5,evaluation,clean,shuffled,1,1024,-1,-1,2
evaluation__9991__clean__shuffled__r6,evaluation,clean,shuffled,1,1024,-1,-1,2
evaluation__9991__clean__shuffled__r7,evaluation,clean,shuffled,1,1024,-1,-1,2
evaluation__9991__clean__shuffled__r8,evaluation,clean,shuffled,1,1024,-1,-1,1
evaluation__9991__clean__shuffled__r9,evaluation,clean,shuffled,2,1023,-1,-1,2
evaluation__9991__clean__noise__r0,evaluation,clean,noise,1,1024,-1,-1,4
evaluation__9991__clean__sweep__r0,evaluation,clean,sweep,80,923,350,350,-1
evaluation__1882__clean__shuffled__r0,evaluation,clean,shuffled,1,1024,-1,-1,2
evaluation__1882__clean__shuffled__r1,evaluation,clean,shuffled,1,1024,-1,-1,2
evaluation__1882__clean__shuffled__r2,evaluation,clean,shuffled,1,1024,-1,-1,2
evaluation__1882__clean__shuffled__r3,evaluation,clean,shuffled,1,1024,-1,-1,2
evaluation__1882__clean__shuffled__r4,evaluation,clean,shuffled,1,1024,-1,-1,2
evaluation__1882__clean__shuffled__r5,evaluation,clean,shuffled,1,1024,-1,-1,2
evaluation__1882__clean__shuffled__r6,evaluation,clean,shuffled,1,1024,-1,-1,2
evaluation__1882__clean__shuffled__r7,evaluation,clean,shuffled,1,1024,-1,-1,2
evaluation__1882__clean__shuffled__r8,evaluation,clean,shuffled,1,1024,-1,-1,2
evaluation__1882__clean__shuffled__r9,evaluation,clean,shuffled,3,1021,-1,-1,3
evaluation__1882__clean__noise__r0,evaluation,clean,noise,1,1024,-1,-1,1
evaluation__1882__clean__sweep__r0,evaluation,clean,sweep,155,598,186,255,703
evaluation__6789__clean__shuffled__r0,evaluation,clean,shuffled,1,1024,-1,-1,2
evaluation__6789__clean__shuffled__r1,evaluation,clean,shuffled,1,1024,-1,-1,2
evaluation__6789__clean__shuffled__r2,evaluation,clean,shuffled,1,1024,-1,-1,2
evaluation__6789__clean__shuffled__r3,evaluation,clean,shuffled,2,1023,-1,-1,2
evaluation__6789__clean__shuffled__r4,evaluation,clean,shuffled,1,1024,-1,-1,2
evaluation__6789__clean__shuffled__r5,evaluation,clean,shuffled,1,1024,-1,-1,3
evaluation__6789__clean__shuffled__r6,evaluation,clean,shuffled,1,1024,-1,-1,2
evaluation__6789__clean__shuffled__r7,evaluation,clean,shuffled,1,1024,-1,-1,3
evaluation__6789__clean__shuffled__r8,evaluation,clean,shuffled,1,1024,-1,-1,2
evaluation__6789__clean__shuffled__r9,evaluation,clean,shuffled,1,1024,-1,-1,2
evaluation__6789__clean__noise__r0,evaluation,clean,noise,1,1024,-1,-1,1
evaluation__6789__clean__sweep__r0,evaluation,clean,sweep,126,821,158,252,791
evaluation__8366__clean__shuffled__r0,evaluation,clean,shuffled,1,1024,-1,-1,2
evaluation__8366__clean__shuffled__r1,evaluation,clean,shuffled,1,1024,-1,-1,1
evaluation__8366__clean__shuffled__r2,evaluation,clean,shuffled,1,1024,-1,-1,2
evaluation__8366__clean__shuffled__r3,evaluation,clean,shuffled,1,1024,-1,-1,2
evaluation__8366__clean__shuffled__r4,evaluation,clean,shuffled,1,1024,-1,-1,1
evaluation__8366__clean__shuffled__r5,evaluation,clean,shuffled,1,1024,-1,-1,2
evaluation__8366__clean__shuffled__r6,evaluation,clean,shuffled,1,1024,-1,-1,2
evaluation__8366__clean__shuffled__r7,evaluation,clean,shuffled,1,1024,-1,-1,2
evaluation__8366__clean__shuffled__r8,evaluation,clean,shuffled,1,1024,-1,-1,2
evaluation__8366__clean__shuffled__r9,evaluation,clean,shuffled,1,1024,-1,-1,2
evaluation__8366__clean__noise__r0,evaluation,clean,noise,1,1024,-1,-1,1
evaluation__8366__clean__sweep__r0,evaluation,clean,sweep,4,1010,-1,-1,129
evaluation__1709__clean__shuffled__r0,evaluation,clean,shuffled,1,1024,-1,-1,2
evaluation__1709__clean__shuffled__r1,evaluation,clean,shuffled,1,1024,-1,-1,2
evaluation__1709__clean__shuffled__r2,evaluation,clean,shuffled,1,1024,-1,-1,2
evaluation__1709__clean__shuffled__r3,evaluation,clean,shuffled,1,1024,-1,-1,2
evaluation__1709__clean__shuffled__r4,evaluation,clean,shuffled,1,1024,-1,-1,2
evaluation__1709__clean__shuffled__r5,evaluation,clean,shuffled,1,1024,-1,-1,2
evaluation__1709__clean__shuffled__r6,evaluation,clean,shuffled,1,1024,-1,-1,2
evaluation__1709__clean__shuffled__r7,evaluation,clean,shuffled,1,1024,-1,-1,2
evaluation__1709__clean__shuffled__r8,evaluation,clean,shuffled,1,1024,-1,-1,2
evaluation__1709__clean__shuffled__r9,evaluation,clean,shuffled,1,1024,-1,-1,2
evaluation__1709__clean__noise__r0,evaluation,clean,noise,1,1024,-1,-1,6
evaluation__1709__clean__sweep__r0,evaluation,clean,sweep,2,998,-1,-1,705
evaluation__4035__clean__shuffled__r0,evaluation,clean,shuffled,1,1024,-1,-1,2
evaluation__4035__clean__shuffled__r1,evaluation,clean,shuffled,1,1024,-1,-1,2
evaluation__4035__clean__shuffled__r2,evaluation,clean,shuffled,1,1024,-1,-1,2
evaluation__4035__clean__shuffled__r3,evaluation,clean,shuffled,1,1024,-1,-1,3
evaluation__4035__clean__shuffled__r4,evaluation,clean,shuffled,1,1024,-1,-1,2
evaluation__4035__clean__shuffled__r5,evaluation,clean,shuffled,1,1024,-1,-1,3
evaluation__4035__clean__shuffled__r6,evaluation,clean,shuffled,1,1024,-1,-1,2
evaluation__4035__clean__shuffled__r7,evaluation,clean,shuffled,1,1024,-1,-1,2
evaluation__4035__clean__shuffled__r8,evaluation,clean,shuffled,1,1024,-1,-1,2
evaluation__4035__clean__shuffled__r9,evaluation,clean,shuffled,1,1024,-1,-1,2
evaluation__4035__clean__noise__r0,evaluation,clean,noise,1,1024,-1,-1,84
evaluation__4035__clean__sweep__r0,evaluation,clean,sweep,77,818,315,410,-1
evaluation__7855__clean__shuffled__r0,evaluation,clean,shuffled,1,1024,-1,-1,2
evaluation__7855__clean__shuffled__r1,evaluation,clean,shuffled,1,1024,-1,-1,2
evaluation__7855__clean__shuffled__r2,evaluation,clean,shuffled,1,1024,-1,-1,2
evaluation__7855__clean__shuffled__r3,evaluation,clean,shuffled,1,1024,-1,-1,2
evaluation__7855__clean__shuffled__r4,evaluation,clean,shuffled,1,1024,-1,-1,1
evaluation__7855__clean__shuffled__r5,evaluation,clean,shuffled,1,1024,-1,-1,2
evaluation__7855__clean__shuffled__r6,evaluation,clean,shuffled,1,1024,-1,-1,2
evaluation__7855__clean__shuffled__r7,evaluation,clean,shuffled,1,1024,-1,-1,2
evaluation__7855__clean__shuffled__r8,evaluation,clean,shuffled,1,1024,-1,-1,2
evaluation__7855__clean__shuffled__r9,evaluation,clean,shuffled,1,1024,-1,-1,3
evaluation__7855__clean__noise__r0,evaluation,clean,noise,1,1024,-1,-1,1
evaluation__7855__clean__sweep__r0,evaluation,clean,sweep,2,1010,-1,-1,577
evaluation__1518__clean__shuffled__r0,evaluation,clean,shuffled,1,1024,-1,-1,2
evaluation__1518__clean__shuffled__r1,evaluation,clean,shuffled,1,1024,-1,-1,2
evaluation__1518__clean__shuffled__r2,evaluation,clean,shuffled,1,1024,-1,-1,3
evaluation__1518__clean__shuffled__r3,evaluation,clean,shuffled,1,1024,-1,-1,2
evaluation__1518__clean__shuffled__r4,evaluation,clean,shuffled,1,1024,-1,-1,1
evaluation__1518__clean__shuffled__r5,evaluation,clean,shuffled,1,1024,-1,-1,1
evaluation__1518__clean__shuffled__r6,evaluation,clean,shuffled,1,1024,-1,-1,2
evaluation__1518__clean__shuffled__r7,evaluation,clean,shuffled,1,1024,-1,-1,3
evaluation__1518__clean__shuffled__r8,evaluation,clean,shuffled,1,1024,-1,-1,2
evaluation__1518__clean__shuffled__r9,evaluation,clean,shuffled,1,1024,-1,-1,2
evaluation__1518__clean__noise__r0,evaluation,clean,noise,1,1024,-1,-1,1
evaluation__1518__clean__sweep__r0,evaluation,clean,sweep,4,1015,-1,-1,-1
evaluation__4785__clean__shuffled__r0,evaluation,clean,shuffled,1,1024,-1,-1,2
evaluation__4785__clean__shuffled__r1,evaluation,clean,shuffled,1,1024,-1,-1,3
evaluation__4785__clean__shuffled__r2,evaluation,clean,shuffled,1,1024,-1,-1,2
evaluation__4785__clean__shuffled__r3,evaluation,clean,shuffled,1,1024,-1,-1,2
evaluation__4785__clean__shuffled__r4,evaluation,clean,shuffled,1,1024,-1,-1,2
evaluation__4785__clean__shuffled__r5,evaluation,clean,shuffled,1,1024,-1,-1,2
evaluation__4785__clean__shuffled__r6,evaluation,clean,shuffled,1,1024,-1,-1,2
evaluation__4785__clean__shuffled__r7,evaluation,clean,shuffled,1,1024,-1,-1,2
evaluation__4785__clean__shuffled__r8,evaluation,clean,shuffled,1,1024,-1,-1,2
evaluation__4785__clean__shuffled__r9,evaluation,clean,shuffled,1,1024,-1,-1,2
evaluation__4785__clean__noise__r0,evaluation,clean,noise,1,1024,-1,-1,1
evaluation__4785__clean__sweep__r0,evaluation,clean,sweep,13,997,-1,-1,959
evaluation__6340__clean__shuffled__r0,evaluation,clean,shuffled,1,1024,-1,-1,2
evaluation__6340__clean__shuffled__r1,evaluation,clean,shuffled,1,1024,-1,-1,2
evaluation__6340__clean__shuffled__r2,evaluation,clean,shuffled,1,1024,-1,-1,2
evaluation__6340__clean__shuffled__r3,evaluation,clean,shuffled,2,1023,-1,-1,2
evaluation__6340__clean__shuffled__r4,evaluation,clean,shuffled,2,1023,-1,-1,2
evaluation__6340__clean__shuffled__r5,evaluation,clean,shuffled,1,1024,-1,-1,2
evaluation__6340__clean__shuffled__r6,evaluation,clean,shuffled,1,1024,-1,-1,2
evaluation__6340__clean__shuffled__r7,evaluation,clean,shuffled,1,1024,-1,-1,2
evaluation__6340__clean__shuffled__r8,evaluation,clean,shuffled,1,1024,-1,-1,3
evaluation__6340__clean__shuffled__r9,evaluation,clean,shuffled,1,1024,-1,-1,3
evaluation__6340__clean__noise__r0,evaluation,clean,noise,1,1024,-1,-1,1
evaluation__6340__clean__sweep__r0,evaluation,clean,sweep,117,763,380,445,476
evaluation__9839__clean__shuffled__r0,evaluation,clean,shuffled,1,1024,-1,-1,2
evaluation__9839__clean__shuffled__r1,evaluation,clean,shuffled,1,1024,-1,-1,2
evaluation__9839__clean__shuffled__r2,evaluation,clean,shuffled,1,1024,-1,-1,2
evaluation__9839__clean__shuffled__r3,evaluation,clean,shuffled,1,1024,-1,-1,3
evaluation__9839__clean__shuffled__r4,evaluation,clean,shuffled,1,1024,-1,-1,1
evaluation__9839__clean__shuffled__r5,evaluation,clean,shuffled,1,1024,-1,-1,2
evaluation__9839__clean__shuffled__r6,evaluation,clean,shuffled,1,1024,-1,-1,4
evaluation__9839__clean__shuffled__r7,evaluation,clean,shuffled,1,1024,-1,-1,2
evaluation__9839__clean__shuffled__r8,evaluation,clean,shuffled,1,1024,-1,-1,2
evaluation__9839__clean__shuffled__r9,evaluation,clean,shuffled,1,1024,-1,-1,2
evaluation__9839__clean__noise__r0,evaluation,clean,noise,1,1024,-1,-1,1
evaluation__9839__clean__sweep__r0,evaluation,clean,sweep,2,1013,-1,-1,385
evaluation__3692__clean__shuffled__r0,evaluation,clean,shuffled,2,1023,-1,-1,2
evaluation__3692__clean__shuffled__r1,evaluation,clean,shuffled,1,1024,-1,-1,2
evaluation__3692__clean__shuffled__r2,evaluation,clean,shuffled,1,1024,-1,-1,2
evaluation__3692__clean__shuffled__r3,evaluation,clean,shuffled,1,1024,-1,-1,2
evaluation__3692__clean__shuffled__r4,evaluation,clean,shuffled,1,1024,-1,-1,2
evaluation__3692__clean__shuffled__r5,evaluation,clean,shuffled,1,1024,-1,-1,2
evaluation__3692__clean__shuffled__r6,evaluation,clean,shuffled,1,1024,-1,-1,2
evaluation__3692__clean__shuffled__r7,evaluation,clean,shuffled,1,1024,-1,-1,2
evaluation__3692__clean__shuffled__r8,evaluation,clean,shuffled,1,1024,-1,-1,2
evaluation__3692__clean__shuffled__r9,evaluation,clean,shuffled,1,1024,-1,-1,2
evaluation__3692__clean__noise__r0,evaluation,clean,noise,1,1024,-1,-1,1
evaluation__3692__clean__sweep__r0,evaluation,clean,sweep,4,984,-1,-1,-1
evaluation__4362__clean__shuffled__r0,evaluation,clean,shuffled,1,1024,-1,-1,2
evaluation__4362__clean__shuffled__r1,evaluation,clean,shuffled,1,1024,-1,-1,3
evaluation__4362__clean__shuffled__r2,evaluation,clean,shuffled,1,1024,-1,-1,2
evaluation__4362__clean__shuffled__r3,evaluation,clean,shuffled,1,1024,-1,-1,2
evaluation__4362__clean__shuffled__r4,evaluation,clean,shuffled,1,1024,-1,-1,2
evaluation__4362__clean__shuffled__r5,evaluation,clean,shuffled,1,1024,-1,-1,2
evaluation__4362__clean__shuffled__r6,evaluation,clean,shuffled,1,1024,-1,-1,2
evaluation__4362__clean__shuffled__r7,evaluation,clean,shuffled,1,1024,-1,-1,2
evaluation__4362__clean__shuffled__r8,evaluation,clean,shuffled,1,1024,-1,-1,2
evaluation__4362__clean__shuffled__r9,evaluation,clean,shuffled,1,1024,-1,-1,2
evaluation__4362__clean__noise__r0,evaluation,clean,noise,1,1024,-1,-1,70
evaluation__4362__clean__sweep__r0,evaluation,clean,sweep,2,1023,-1,-1,-1
evaluation__8540__clean__shuffled__r0,evaluation,clean,shuffled,1,1024,-1,-1,2
evaluation__8540__clean__shuffled__r1,evaluation,clean,shuffled,2,1022,-1,-1,1
evaluation__8540__clean__shuffled__r2,evaluation,clean,shuffled,1,1024,-1,-1,2
evaluation__8540__clean__shuffled__r3,evaluation,clean,shuffled,1,1024,-1,-1,2
evaluation__8540__clean__shuffled__r4,evaluation,clean,shuffled,1,1024,-1,-1,2
evaluation__8540__clean__shuffled__r5,evaluation,clean,shuffled,1,1024,-1,-1,2
evaluation__8540__clean__shuffled__r6,evaluation,clean,shuffled,1,1024,-1,-1,2
evaluation__8540__clean__shuffled__r7,evaluation,clean,shuffled,1,1024,-1,-1,2
evaluation__8540__clean__shuffled__r8,evaluation,clean,shuffled,1,1024,-1,-1,3
evaluation__8540__clean__shuffled__r9,evaluation,clean,shuffled,1,1024,-1,-1,3
evaluation__8540__clean__noise__r0,evaluation,clean,noise,1,1024,-1,-1,1
evaluation__8540__clean__sweep__r0,evaluation,clean,sweep,7,947,-1,-1,832
evaluation__2281__clean__shuffled__r0,evaluation,clean,shuffled,1,1024,-1,-1,1
evaluation__2281__clean__shuffled__r1,evaluation,clean,shuffled,1,1024,-1,-1,2
evaluation__2281__clean__shuffled__r2,evaluation,clean,shuffled,1,1024,-1,-1,2
evaluation__2281__clean__shuffled__r3,evaluation,clean,shuffled,1,1024,-1,-1,2
evaluation__2281__clean__shuffled__r4,evaluation,clean,shuffled,1,1024,-1,-1,2
evaluation__2281__clean__shuffled__r5,evaluation,clean,shuffled,1,1024,-1,-1,2
evaluation__2281__clean__shuffled__r6,evaluation,clean,shuffled,1,1024,-1,-1,2
evaluation__2281__clean__shuffled__r7,evaluation,clean,shuffled,1,1024,-1,-1,3
evaluation__2281__clean__shuffled__r8,evaluation,clean,shuffled,1,1024,-1,-1,2
evaluation__2281__clean__shuffled__r9,evaluation,clean,shuffled,1,1024,-1,-1,2
evaluation__2281__clean__noise__r0,evaluation,clean,noise,1,1024,-1,-1,1
evaluation__2281__clean__sweep__r0,evaluation,clean,sweep,192,679,148,209,-1
evaluation__5615__clean__shuffled__r0,evaluation,clean,shuffled,1,1024,-1,-1,2
evaluation__5615__clean__shuffled__r1,evaluation,clean,shuffled,1,1024,-1,-1,2
evaluation__5615__clean__shuffled__r2,evaluation,clean,shuffled,1,1024,-1,-1,3
evaluation__5615__clean__shuffled__r3,evaluation,clean,shuffled,1,1024,-1,-1,2
evaluation__5615__clean__shuffled__r4,evaluation,clean,shuffled,1,1024,-1,-1,1
evaluation__5615__clean__shuffled__r5,evaluation,clean,shuffled,1,1024,-1,-1,2
evaluation__5615__clean__shuffled__r6,evaluation,clean,shuffled,1,1024,-1,-1,2
evaluation__5615__clean__shuffled__r7,evaluation,clean,shuffled,1,1024,-1,-1,2
evaluation__5615__clean__shuffled__r8,evaluation,clean,shuffled,1,1024,-1,-1,2
evaluation__5615__clean__shuffled__r9,evaluation,clean,shuffled,1,1024,-1,-1,2
evaluation__5615__clean__noise__r0,evaluation,clean,noise,1,1024,-1,-1,1
evaluation__5615__clean__sweep__r0,evaluation,clean,sweep,161,842,238,300,247
evaluation__8789__clean__shuffled__r0,evaluation,clean,shuffled,1,1024,-1,-1,2
evaluation__8789__clean__shuffled__r1,evaluation,clean,shuffled,1,1024,-1,-1,2
evaluation__8789__clean__shuffled__r2,evaluation,clean,shuffled,1,1024,-1,-1,2
evaluation__8789__clean__shuffled__r3,evaluation,clean,shuffled,1,1024,-1,-1,3
evaluation__8789__clean__shuffled__r4,evaluation,clean,shuffled,2,1023,-1,-1,2
evaluation__8789__clean__shuffled__r5,evaluation,clean,shuffled,2,1023,-1,-1,2
evaluation__8789__clean__shuffled__r6,evaluation,clean,shuffled,1,1024,-1,-1,2
evaluation__8789__clean__shuffled__r7,evaluation,clean,shuffled,1,1024,-1,-1,2
evaluation__8789__clean__shuffled__r8,evaluation,clean,shuffled,2,1023,-1,-1,2
evaluation__8789__clean__shuffled__r9,evaluation,clean,shuffled,1,1024,-1,-1,2
evaluation__8789__clean__noise__r0,evaluation,clean,noise,1,1024,-1,-1,1
evaluation__8789__clean__sweep__r0,evaluation,clean,sweep,2,1021,-1,-1,-1
evaluation__1147__clean__shuffled__r0,evaluation,clean,shuffled,1,1024,-1,-1,2
evaluation__1147__clean__shuffled__r1,evaluation,clean,shuffled,1,1024,-1,-1,2
evaluation__1147__clean__shuffled__r2,evaluation,clean,shuffled,1,1024,-1,-1,2
evaluation__1147__clean__shuffled__r3,evaluation,clean,shuffled,1,1024,-1,-1,2
evaluation__1147__clean__shuffled__r4,evaluation,clean,shuffled,1,1024,-1,-1,2
evaluation__1147__clean__shuffled__r5,evaluation,clean,shuffled,1,1024,-1,-1,2
evaluation__1147__clean__shuffled__r6,evaluation,clean,shuffled,1,1024,-1,-1,2
evaluation__1147__clean__shuffled__r7,evaluation,clean,shuffled,1,1024,-1,-1,1
evaluation__1147__clean__shuffled__r8,evaluation,clean,shuffled,1,1024,-1,-1,3
evaluation__1147__clean__shuffled__r9,evaluation,clean,shuffled,1,1024,-1,-1,2
evaluation__1147__clean__noise__r0,evaluation,clean,noise,1,1024,-1,-1,-1
evaluation__1147__clean__sweep__r0,evaluation,clean,sweep,231,767,185,249,595
evaluation__4291__clean__shuffled__r0,evaluation,clean,shuffled,1,1024,-1,-1,1
evaluation__4291__clean__shuffled__r1,evaluation,clean,shuffled,1,1024,-1,-1,3
evaluation__4291__clean__shuffled__r2,evaluation,clean,shuffled,1,1024,-1,-1,2
evaluation__4291__clean__shuffled__r3,evaluation,clean,shuffled,1,1024,-1,-1,2
evaluation__4291__clean__shuffled__r4,evaluation,clean,shuffled,1,1024,-1,-1,3
evaluation__4291__clean__shuffled__r5,evaluation,clean,shuffled,1,1024,-1,-1,3
evaluation__4291__clean__shuffled__r6,evaluation,clean,shuffled,1,1024,-1,-1,2
evaluation__4291__clean__shuffled__r7,evaluation,clean,shuffled,1,1024,-1,-1,2
evaluation__4291__clean__shuffled__r8,evaluation,clean,shuffled,1,1024,-1,-1,2
evaluation__4291__clean__shuffled__r9,evaluation,clean,shuffled,1,1024,-1,-1,2
evaluation__4291__clean__noise__r0,evaluation,clean,noise,1,1024,-1,-1,271
evaluation__4291__clean__sweep__r0,evaluation,clean,sweep,231,448,87,121,161
evaluation__6894__clean__shuffled__r0,evaluation,clean,shuffled,1,1024,-1,-1,2
evaluation__6894__clean__shuffled__r1,evaluation,clean,shuffled,1,1024,-1,-1,2
evaluation__6894__clean__shuffled__r2,evaluation,clean,shuffled,2,1023,-1,-1,2
evaluation__6894__clean__shuffled__r3,evaluation,clean,shuffled,1,1024,-1,-1,2
evaluation__6894__clean__shuffled__r4,evaluation,clean,shuffled,1,1024,-1,-1,2
evaluation__6894__clean__shuffled__r5,evaluation,clean,shuffled,1,1024,-1,-1,2
evaluation__6894__clean__shuffled__r6,evaluation,clean,shuffled,1,1024,-1,-1,2
evaluation__6894__clean__shuffled__r7,evaluation,clean,shuffled,1,1024,-1,-1,2
evaluation__6894__clean__shuffled__r8,evaluation,clean,shuffled,1,1024,-1,-1,2
evaluation__6894__clean__shuffled__r9,evaluation,clean,shuffled,1,1024,-1,-1,2
evaluation__6894__clean__noise__r0,evaluation,clean,noise,1,1024,-1,-1,43
evaluation__6894__clean__sweep__r0,evaluation,clean,sweep,104,853,474,539,252
evaluation__9762__clean__shuffled__r0,evaluation,clean,shuffled,2,1023,-1,-1,2
evaluation__9762__clean__shuffled__r1,evaluation,clean,shuffled,1,1024,-1,-1,2
evaluation__9762__clean__shuffled__r2,evaluation,clean,shuffled,1,1024,-1,-1,2
evaluation__9762__clean__shuffled__r3,evaluation,clean,shuffled,3,1022,-1,-1,2
evaluation__9762__clean__shuffled__r4,evaluation,clean,shuffled,1,1024,-1,-1,2
evaluation__9762__clean__shuffled__r5,evaluation,clean,shuffled,1,1024,-1,-1,2
evaluation__9762__clean__shuffled__r6,evaluation,clean,shuffled,1,1024,-1,-1,2
evaluation__9762__clean__shuffled__r7,evaluation,clean,shuffled,1,1024,-1,-1,2
evaluation__9762__clean__shuffled__r8,evaluation,clean,shuffled,1,1024,-1,-1,2
evaluation__9762__clean__shuffled__r9,evaluation,clean,shuffled,1,1024,-1,-1,2
evaluation__9762__clean__noise__r0,evaluation,clean,noise,1,1024,-1,-1,-1
evaluation__9762__clean__sweep__r0,evaluation,clean,sweep,210,665,136,198,631
evaluation__3482__clean__shuffled__r0,evaluation,clean,shuffled,1,1024,-1,-1,2
evaluation__3482__clean__shuffled__r1,evaluation,clean,shuffled,1,1024,-1,-1,2
evaluation__3482__clean__shuffled__r2,evaluation,clean,shuffled,1,1024,-1,-1,2
evaluation__3482__clean__shuffled__r3,evaluation,clean,shuffled,1,1024,-1,-1,2
evaluation__3482__clean__shuffled__r4,evaluation,clean,shuffled,1,1024,-1,-1,2
evaluation__3482__clean__shuffled__r5,evaluation,clean,shuffled,1,1024,-1,-1,2
evaluation__3482__clean__shuffled__r6,evaluation,clean,shuffled,1,1024,-1,-1,2
evaluation__3482__clean__shuffled__r7,evaluation,clean,shuffled,1,1024,-1,-1,2
evaluation__3482__clean__shuffled__r8,evaluation,clean,shuffled,2,1023,-1,-1,2
evaluation__3482__clean__shuffled__r9,evaluation,clean,shuffled,1,1024,-1,-1,2
evaluation__3482__clean__noise__r0,evaluation,clean,noise,1,1024,-1,-1,1
evaluation__3482__clean__sweep__r0,evaluation,clean,sweep,254,655,90,123,-1
evaluation__5606__clean__shuffled__r0,evaluation,clean,shuffled,1,1024,-1,-1,2
evaluation__5606__clean__shuffled__r1,evaluation,clean,shuffled,1,1024,-1,-1,2
evaluation__5606__clean__shuffled__r2,evaluation,clean,shuffled,1,1024,-1,-1,2
evaluation__5606__clean__shuffled__r3,evaluation,clean,shuffled,1,1024,-1,-1,2
evaluation__5606__clean__shuffled__r4,evaluation,clean,shuffled,1,1024,-1,-1,2
evaluation__5606__clean__shuffled__r5,evaluation,clean,shuffled,1,1024,-1,-1,2
evaluation__5606__clean__shuffled__r6,evaluation,clean,shuffled,1,1024,-1,-1,1
evaluation__5606__clean__shuffled__r7,evaluation,clean,shuffled,1,1024,-1,-1,2
evaluation__5606__clean__shuffled__r8,evaluation,clean,shuffled,1,1024,-1,-1,2
evaluation__5606__clean__shuffled__r9,evaluation,clean,shuffled,1,1024,-1,-1,2
evaluation__5606__clean__noise__r0,evaluation,clean,noise,1,1024,-1,-1,1
evaluation__5606__clean__sweep__r0,evaluation,clean,sweep,2,1022,-1,-1,-1
evaluation__8327__clean__shuffled__r0,evaluation,clean,shuffled,1,1024,-1,-1,2
evaluation__8327__clean__shuffled__r1,evaluation,clean,shuffled,1,1024,-1,-1,2
evaluation__8327__clean__shuffled__r2,evaluation,clean,shuffled,1,1024,-1,-1,2
evaluation__8327__clean__shuffled__r3,evaluation,clean,shuffled,1,1024,-1,-1,2
evaluation__8327__clean__shuffled__r4,evaluation,clean,shuffled,1,1024,-1,-1,2
evaluation__8327__clean__shuffled__r5,evaluation,clean,shuffled,1,1024,-1,-1,3
evaluation__8327__clean__shuffled__r6,evaluation,clean,shuffled,2,1023,-1,-1,2
evaluation__8327__clean__shuffled__r7,evaluation,clean,shuffled,1,1024,-1,-1,2
evaluation__8327__clean__shuffled__r8,evaluation,clean,shuffled,1,1024,-1,-1,2
evaluation__8327__clean__shuffled__r9,evaluation,clean,shuffled,1,1024,-1,-1,2
evaluation__8327__clean__noise__r0,evaluation,clean,noise,1,1024,-1,-1,2
evaluation__8327__clean__sweep__r0,evaluation,clean,sweep,124,728,159,189,-1
evaluation__1142__clean__shuffled__r0,evaluation,clean,shuffled,1,1024,-1,-1,2
evaluation__1142__clean__shuffled__r1,evaluation,clean,shuffled,1,1024,-1,-1,1
evaluation__1142__clean__shuffled__r2,evaluation,clean,shuffled,1,1024,-1,-1,2
evaluation__1142__clean__shuffled__r3,evaluation,clean,shuffled,1,1024,-1,-1,2
evaluation__1142__clean__shuffled__r4,evaluation,clean,shuffled,1,1024,-1,-1,2
evaluation__1142__clean__shuffled__r5,evaluation,clean,shuffled,1,1024,-1,-1,2
evaluation__1142__clean__shuffled__r6,evaluation,clean,shuffled,1,1024,-1,-1,2
evaluation__1142__clean__shuffled__r7,evaluation,clean,shuffled,1,1024,-1,-1,1
evaluation__1142__clean__shuffled__r8,evaluation,clean,shuffled,1,1024,-1,-1,2
evaluation__1142__clean__shuffled__r9,evaluation,clean,shuffled,1,1024,-1,-1,2
evaluation__1142__clean__noise__r0,evaluation,clean,noise,1,1024,-1,-1,1
evaluation__1142__clean__sweep__r0,evaluation,clean,sweep,2,999,-1,-1,-1
evaluation__3817__clean__shuffled__r0,evaluation,clean,shuffled,1,1024,-1,-1,2
evaluation__3817__clean__shuffled__r1,evaluation,clean,shuffled,1,1024,-1,-1,2
evaluation__3817__clean__shuffled__r2,evaluation,clean,shuffled,2,1023,-1,-1,2
evaluation__3817__clean__shuffled__r3,evaluation,clean,shuffled,1,1024,-1,-1,2
evaluation__3817__clean__shuffled__r4,evaluation,clean,shuffled,1,1024,-1,-1,2
evaluation__3817__clean__shuffled__r5,evaluation,clean,shuffled,1,1024,-1,-1,2
evaluation__3817__clean__shuffled__r6,evaluation,clean,shuffled,1,1024,-1,-1,2
evaluation__3817__clean__shuffled__r7,evaluation,clean,shuffled,1,1024,-1,-1,2
evaluation__3817__clean__shuffled__r8,evaluation,clean,shuffled,1,1024,-1,-1,2
evaluation__3817__clean__shuffled__r9,evaluation,clean,shuffled,1,1024,-1,-1,2
evaluation__3817__clean__noise__r0,evaluation,clean,noise,1,1024,-1,-1,1
evaluation__3817__clean__sweep__r0,evaluation,clean,sweep,3,1021,-1,-1,-1
evaluation__6395__clean__shuffled__r0,evaluation,clean,shuffled,1,1024,-1,-1,2
evaluation__6395__clean__shuffled__r1,evaluation,clean,shuffled,1,1024,-1,-1,2
evaluation__6395__clean__shuffled__r2,evaluation,clean,shuffled,1,1024,-1,-1,2
evaluation__6395__clean__shuffled__r3,evaluation,clean,shuffled,1,1024,-1,-1,2
evaluation__6395__clean__shuffled__r4,evaluation,clean,shuffled,1,1024,-1,-1,3
evaluation__6395__clean__shuffled__r5,evaluation,clean,shuffled,1,1024,-1,-1,2
evaluation__6395__clean__shuffled__r6,evaluation,clean,shuffled,1,1024,-1,-1,1
evaluation__6395__clean__shuffled__r7,evaluation,clean,shuffled,1,1024,-1,-1,2
evaluation__6395__clean__shuffled__r8,evaluation,clean,shuffled,1,1024,-1,-1,2
evaluation__6395__clean__shuffled__r9,evaluation,clean,shuffled,1,1024,-1,-1,2
evaluation__6395__clean__noise__r0,evaluation,clean,noise,1,1024,-1,-1,1
evaluation__6395__clean__sweep__r0,evaluation,clean,sweep,255,186,124,96,379
evaluation__609__clean__shuffled__r0,evaluation,clean,shuffled,1,1024,-1,-1,2
evaluation__609__clean__shuffled__r1,evaluation,clean,shuffled,1,1024,-1,-1,1
evaluation__609__clean__shuffled__r2,evaluation,clean,shuffled,1,1024,-1,-1,2
evaluation__609__clean__shuffled__r3,evaluation,clean,shuffled,1,1024,-1,-1,2
evaluation__609__clean__shuffled__r4,evaluation,clean,shuffled,1,1024,-1,-1,2
evaluation__609__clean__shuffled__r5,evaluation,clean,shuffled,1,1024,-1,-1,2
evaluation__609__clean__shuffled__r6,evaluation,clean,shuffled,1,1024,-1,-1,2
evaluation__609__clean__shuffled__r7,evaluation,clean,shuffled,1,1024,-1,-1,2
evaluation__609__clean__shuffled__r8,evaluation,clean,shuffled,2,1023,-1,-1,2
evaluation__609__clean__shuffled__r9,evaluation,clean,shuffled,1,1024,-1,-1,2
evaluation__609__clean__noise__r0,evaluation,clean,noise,1,1024,-1,-1,-1
evaluation__609__clean__sweep__r0,evaluation,clean,sweep,2,1012,-1,-1,-1
evaluation__5397__clean__shuffled__r0,evaluation,clean,shuffled,2,1023,-1,-1,2
evaluation__5397__clean__shuffled__r1,evaluation,clean,shuffled,1,1024,-1,-1,2
evaluation__5397__clean__shuffled__r2,evaluation,clean,shuffled,1,1024,-1,-1,2
evaluation__5397__clean__shuffled__r3,evaluation,clean,shuffled,3,1022,-1,-1,2
evaluation__5397__clean__shuffled__r4,evaluation,clean,shuffled,1,1024,-1,-1,2
evaluation__5397__clean__shuffled__r5,evaluation,clean,shuffled,1,1024,-1,-1,2
evaluation__5397__clean__shuffled__r6,evaluation,clean,shuffled,1,1024,-1,-1,2
evaluation__5397__clean__shuffled__r7,evaluation,clean,shuffled,1,1024,-1,-1,2
evaluation__5397__clean__shuffled__r8,evaluation,clean,shuffled,1,1024,-1,-1,2
evaluation__5397__clean__shuffled__r9,evaluation,clean,shuffled,1,1024,-1,-1,1
evaluation__5397__clean__noise__r0,evaluation,clean,noise,1,1024,-1,-1,1
evaluation__5397__clean__sweep__r0,evaluation,clean,sweep,141,817,223,284,513
evaluation__8312__clean__shuffled__r0,evaluation,clean,shuffled,1,1024,-1,-1,2
evaluation__8312__clean__shuffled__r1,evaluation,clean,shuffled,1,1024,-1,-1,2
evaluation__8312__clean__shuffled__r2,evaluation,clean,shuffled,1,1024,-1,-1,2
evaluation__8312__clean__shuffled__r3,evaluation,clean,shuffled,1,1024,-1,-1,1
evaluation__8312__clean__shuffled__r4,evaluation,clean,shuffled,1,1024,-1,-1,2
evaluation__8312__clean__shuffled__r5,evaluation,clean,shuffled,1,1024,-1,-1,2
evaluation__8312__clean__shuffled__r6,evaluation,clean,shuffled,1,1024,-1,-1,2
evaluation__8312__clean__shuffled__r7,evaluation,clean,shuffled,1,1024,-1,-1,2
evaluation__8312__clean__shuffled__r8,evaluation,clean,shuffled,1,1024,-1,-1,3
evaluation__8312__clean__shuffled__r9,evaluation,clean,shuffled,2,1023,-1,-1,2
evaluation__8312__clean__noise__r0,evaluation,clean,noise,1,1024,-1,-1,1
evaluation__8312__clean__sweep__r0,evaluation,clean,sweep,2,1004,-1,-1,1
evaluation__9362__clean__shuffled__r0,evaluation,clean,shuffled,1,1024,-1,-1,2
evaluation__9362__clean__shuffled__r1,evaluation,clean,shuffled,1,1024,-1,-1,2
evaluation__9362__clean__shuffled__r2,evaluation,clean,shuffled,1,1024,-1,-1,3
evaluation__9362__clean__shuffled__r3,evaluation,clean,shuffled,1,1024,-1,-1,2
evaluation__9362__clean__shuffled__r4,evaluation,clean,shuffled,1,1024,-1,-1,1
evaluation__9362__clean__shuffled__r5,evaluation,clean,shuffled,1,1024,-1,-1,2
evaluation__9362__clean__shuffled__r6,evaluation,clean,shuffled,1,1024,-1,-1,2
evaluation__9362__clean__shuffled__r7,evaluation,clean,shuffled,1,1024,-1,-1,2
evaluation__9362__clean__shuffled__r8,evaluation,clean,shuffled,1,1024,-1,-1,2
evaluation__9362__clean__shuffled__r9,evaluation,clean,shuffled,1,1024,-1,-1,2
evaluation__9362__clean__noise__r0,evaluation,clean,noise,1,1024,-1,-1,1
evaluation__9362__clean__sweep__r0,evaluation,clean,sweep,88,911,383,351,65
fit__5256__clean__shuffled__r0,fit,clean,shuffled,1,1024,-1,-1,2
fit__5256__clean__shuffled__r1,fit,clean,shuffled,1,1024,-1,-1,1
fit__5256__clean__shuffled__r2,fit,clean,shuffled,1,1024,-1,-1,2
fit__5256__clean__shuffled__r3,fit,clean,shuffled,1,1024,-1,-1,2
fit__5256__clean__shuffled__r4,fit,clean,shuffled,1,1024,-1,-1,2
fit__5256__clean__shuffled__r5,fit,clean,shuffled,1,1024,-1,-1,2
fit__5256__clean__shuffled__r6,fit,clean,shuffled,1,1024,-1,-1,2
fit__5256__clean__shuffled__r7,fit,clean,shuffled,1,1024,-1,-1,2
fit__5256__clean__shuffled__r8,fit,clean,shuffled,1,1024,-1,-1,3
fit__5256__clean__shuffled__r9,fit,clean,shuffled,1,1024,-1,-1,2
fit__5256__clean__noise__r0,fit,clean,noise,1,1024,-1,-1,3
fit__5256__clean__sweep__r0,fit,clean,sweep,199,599,168,254,-1
fit__1810__clean__shuffled__r0,fit,clean,shuffled,1,1024,-1,-1,3
fit__1810__clean__shuffled__r1,fit,clean,shuffled,1,1024,-1,-1,2
fit__1810__clean__shuffled__r2,fit,clean,shuffled,1,1024,-1,-1,3
fit__1810__clean__shuffled__r3,fit,clean,shuffled,1,1024,-1,-1,2
fit__1810__clean__shuffled__r4,fit,clean,shuffled,1,1024,-1,-1,1
fit__1810__clean__shuffled__r5,fit,clean,shuffled,1,1024,-1,-1,2
fit__1810__clean__shuffled__r6,fit,clean,shuffled,1,1024,-1,-1,2
fit__1810__clean__shuffled__r7,fit,clean,shuffled,1,1024,-1,-1,2
fit__1810__clean__shuffled__r8,fit,clean,shuffled,1,1024,-1,-1,2
fit__1810__clean__shuffled__r9,fit,clean,shuffled,1,1024,-1,-1,2
fit__1810__clean__noise__r0,fit,clean,noise,1,1024,-1,-1,1
fit__1810__clean__sweep__r0,fit,clean,sweep,3,998,-1,-1,225
fit__7329__clean__shuffled__r0,fit,clean,shuffled,1,1024,-1,-1,2
fit__7329__clean__shuffled__r1,fit,clean,shuffled,1,1024,-1,-1,1
fit__7329__clean__shuffled__r2,fit,clean,shuffled,1,1024,-1,-1,3
fit__7329__clean__shuffled__r3,fit,clean,shuffled,1,1024,-1,-1,1
fit__7329__clean__shuffled__r4,fit,clean,shuffled,1,1024,-1,-1,1
fit__7329__clean__shuffled__r5,fit,clean,shuffled,1,1024,-1,-1,2
fit__7329__clean__shuffled__r6,fit,clean,shuffled,1,1024,-1,-1,2
fit__7329__clean__shuffled__r7,fit,clean,shuffled,1,1024,-1,-1,3
fit__7329__clean__shuffled__r8,fit,clean,shuffled,1,1024,-1,-1,2
fit__7329__clean__shuffled__r9,fit,clean,shuffled,1,1024,-1,-1,2
fit__7329__clean__noise__r0,fit,clean,noise,1,1024,-1,-1,1
fit__7329__clean__sweep__r0,fit,clean,sweep,2,1021,-1,-1,126
fit__3480__clean__shuffled__r0,fit,clean,shuffled,3,1022,-1,-1,1
fit__3480__clean__shuffled__r1,fit,clean,shuffled,1,1024,-1,-1,2
fit__3480__clean__shuffled__r2,fit,clean,shuffled,1,1024,-1,-1,2
fit__3480__clean__shuffled__r3,fit,clean,shuffled,1,1024,-1,-1,2
fit__3480__clean__shuffled__r4,fit,clean,shuffled,1,1024,-1,-1,3
fit__3480__clean__shuffled__r5,fit,clean,shuffled,2,1023,-1,-1,2
fit__3480__clean__shuffled__r6,fit,clean,shuffled,1,1024,-1,-1,2
fit__3480__clean__shuffled__r7,fit,clean,shuffled,2,1023,-1,-1,2
fit__3480__clean__shuffled__r8,fit,clean,shuffled,1,1024,-1,-1,2
fit__3480__clean__shuffled__r9,fit,clean,shuffled,1,1024,-1,-1,2
fit__3480__clean__noise__r0,fit,clean,noise,1,1024,-1,-1,18
fit__3480__clean__sweep__r0,fit,clean,sweep,408,467,38,45,293
fit__9423__clean__shuffled__r0,fit,clean,shuffled,1,1024,-1,-1,2
fit__9423__clean__shuffled__r1,fit,clean,shuffled,1,1024,-1,-1,2
fit__9423__clean__shuffled__r2,fit,clean,shuffled,2,1023,-1,-1,4
fit__9423__clean__shuffled__r3,fit,clean,shuffled,1,1024,-1,-1,2
fit__9423__clean__shuffled__r4,fit,clean,shuffled,1,1024,-1,-1,2
fit__9423__clean__shuffled__r5,fit,clean,shuffled,1,1024,-1,-1,2
fit__9423__clean__shuffled__r6,fit,clean,shuffled,2,1023,-1,-1,2
fit__9423__clean__shuffled__r7,fit,clean,shuffled,3,1022,-1,-1,2
fit__9423__clean__shuffled__r8,fit,clean,shuffled,1,1024,-1,-1,2
fit__9423__clean__shuffled__r9,fit,clean,shuffled,2,1023,-1,-1,2
fit__9423__clean__noise__r0,fit,clean,noise,1,1024,-1,-1,2
fit__9423__clean__sweep__r0,fit,clean,sweep,191,298,75,108,97
fit__5817__clean__shuffled__r0,fit,clean,shuffled,1,1024,-1,-1,2
fit__5817__clean__shuffled__r1,fit,clean,shuffled,1,1024,-1,-1,2
fit__5817__clean__shuffled__r2,fit,clean,shuffled,1,1024,-1,-1,2
fit__5817__clean__shuffled__r3,fit,clean,shuffled,1,1024,-1,-1,2
fit__5817__clean__shuffled__r4,fit,clean,shuffled,1,1024,-1,-1,2
fit__5817__clean__shuffled__r5,fit,clean,shuffled,1,1024,-1,-1,2
fit__5817__clean__shuffled__r6,fit,clean,shuffled,1,1024,-1,-1,2
fit__5817__clean__shuffled__r7,fit,clean,shuffled,1,1024,-1,-1,1
fit__5817__clean__shuffled__r8,fit,clean,shuffled,5,1020,-1,-1,1
fit__5817__clean__shuffled__r9,fit,clean,shuffled,1,1024,-1,-1,2
fit__5817__clean__noise__r0,fit,clean,noise,1,1024,-1,-1,1
fit__5817__clean__sweep__r0,fit,clean,sweep,2,1015,-1,-1,747
fit__1544__clean__shuffled__r0,fit,clean,shuffled,1,1024,-1,-1,2
fit__1544__clean__shuffled__r1,fit,clean,shuffled,1,1024,-1,-1,2
fit__1544__clean__shuffled__r2,fit,clean,shuffled,1,1024,-1,-1,2
fit__1544__clean__shuffled__r3,fit,clean,shuffled,1,1024,-1,-1,2
fit__1544__clean__shuffled__r4,fit,clean,shuffled,1,1024,-1,-1,2
fit__1544__clean__shuffled__r5,fit,clean,shuffled,1,1024,-1,-1,2
fit__1544__clean__shuffled__r6,fit,clean,shuffled,1,1024,-1,-1,2
fit__1544__clean__shuffled__r7,fit,clean,shuffled,1,1024,-1,-1,2
fit__1544__clean__shuffled__r8,fit,clean,shuffled,1,1024,-1,-1,2
fit__1544__clean__shuffled__r9,fit,clean,shuffled,1,1024,-1,-1,2
fit__1544__clean__noise__r0,fit,clean,noise,1,1024,-1,-1,2
fit__1544__clean__sweep__r0,fit,clean,sweep,130,760,180,311,987
fit__5329__clean__shuffled__r0,fit,clean,shuffled,3,1022,-1,-1,3
fit__5329__clean__shuffled__r1,fit,clean,shuffled,1,1024,-1,-1,2
fit__5329__clean__shuffled__r2,fit,clean,shuffled,1,1024,-1,-1,2
fit__5329__clean__shuffled__r3,fit,clean,shuffled,2,1023,-1,-1,1
fit__5329__clean__shuffled__r4,fit,clean,shuffled,1,1024,-1,-1,2
fit__5329__clean__shuffled__r5,fit,clean,shuffled,1,1024,-1,-1,2
fit__5329__clean__shuffled__r6,fit,clean,shuffled,1,1024,-1,-1,2
fit__5329__clean__shuffled__r7,fit,clean,shuffled,1,1024,-1,-1,2
fit__5329__clean__shuffled__r8,fit,clean,shuffled,1,1024,-1,-1,1
fit__5329__clean__shuffled__r9,fit,clean,shuffled,1,1024,-1,-1,2
fit__5329__clean__noise__r0,fit,clean,noise,1,1024,-1,-1,2
fit__5329__clean__sweep__r0,fit,clean,sweep,51,925,638,733,-1
fit__4406__clean__shuffled__r0,fit,clean,shuffled,2,1023,-1,-1,2
fit__4406__clean__shuffled__r1,fit,clean,shuffled,1,1024,-1,-1,2
fit__4406__clean__shuffled__r2,fit,clean,shuffled,2,1023,-1,-1,3
fit__4406__clean__shuffled__r3,fit,clean,shuffled,3,1022,-1,-1,3
fit__4406__clean__shuffled__r4,fit,clean,shuffled,1,1024,-1,-1,1
fit__4406__clean__shuffled__r5,fit,clean,shuffled,1,1024,-1,-1,2
fit__4406__clean__shuffled__r6,fit,clean,shuffled,1,1024,-1,-1,2
fit__4406__clean__shuffled__r7,fit,clean,shuffled,1,1024,-1,-1,2
fit__4406__clean__shuffled__r8,fit,clean,shuffled,1,1024,-1,-1,3
fit__4406__clean__shuffled__r9,fit,clean,shuffled,2,1023,-1,-1,2
fit__4406__clean__noise__r0,fit,clean,noise,1,1024,-1,-1,1
fit__4406__clean__sweep__r0,fit,clean,sweep,3,1011,-1,-1,541
fit__9712__clean__shuffled__r0,fit,clean,shuffled,1,1024,-1,-1,2
fit__9712__clean__shuffled__r1,fit,clean,shuffled,1,1024,-1,-1,2
fit__9712__clean__shuffled__r2,fit,clean,shuffled,1,1024,-1,-1,2
fit__9712__clean__shuffled__r3,fit,clean,shuffled,1,1024,-1,-1,2
fit__9712__clean__shuffled__r4,fit,clean,shuffled,1,1024,-1,-1,1
fit__9712__clean__shuffled__r5,fit,clean,shuffled,1,1024,-1,-1,2
fit__9712__clean__shuffled__r6,fit,clean,shuffled,1,1024,-1,-1,2
fit__9712__clean__shuffled__r7,fit,clean,shuffled,1,1024,-1,-1,2
fit__9712__clean__shuffled__r8,fit,clean,shuffled,1,1024,-1,-1,2
fit__9712__clean__shuffled__r9,fit,clean,shuffled,1,1024,-1,-1,1
fit__9712__clean__noise__r0,fit,clean,noise,1,1024,-1,-1,1
fit__9712__clean__sweep__r0,fit,clean,sweep,156,546,160,198,-1
fit__4702__clean__shuffled__r0,fit,clean,shuffled,1,1024,-1,-1,2
fit__4702__clean__shuffled__r1,fit,clean,shuffled,1,1024,-1,-1,1
fit__4702__clean__shuffled__r2,fit,clean,shuffled,1,1024,-1,-1,2
fit__4702__clean__shuffled__r3,fit,clean,shuffled,1,1024,-1,-1,2
fit__4702__clean__shuffled__r4,fit,clean,shuffled,1,1024,-1,-1,2
fit__4702__clean__shuffled__r5,fit,clean,shuffled,1,1024,-1,-1,2
fit__4702__clean__shuffled__r6,fit,clean,shuffled,1,1024,-1,-1,2
fit__4702__clean__shuffled__r7,fit,clean,shuffled,1,1024,-1,-1,2
fit__4702__clean__shuffled__r8,fit,clean,shuffled,1,1024,-1,-1,1
fit__4702__clean__shuffled__r9,fit,clean,shuffled,1,1024,-1,-1,2
fit__4702__clean__noise__r0,fit,clean,noise,1,1024,-1,-1,224
fit__4702__clean__sweep__r0,fit,clean,sweep,76,939,319,384,-1
fit__955__clean__shuffled__r0,fit,clean,shuffled,1,1024,-1,-1,2
fit__955__clean__shuffled__r1,fit,clean,shuffled,1,1024,-1,-1,2
fit__955__clean__shuffled__r2,fit,clean,shuffled,1,1024,-1,-1,2
fit__955__clean__shuffled__r3,fit,clean,shuffled,1,1024,-1,-1,2
fit__955__clean__shuffled__r4,fit,clean,shuffled,1,1024,-1,-1,2
fit__955__clean__shuffled__r5,fit,clean,shuffled,1,1024,-1,-1,2
fit__955__clean__shuffled__r6,fit,clean,shuffled,1,1024,-1,-1,3
fit__955__clean__shuffled__r7,fit,clean,shuffled,1,1024,-1,-1,2
fit__955__clean__shuffled__r8,fit,clean,shuffled,1,1024,-1,-1,2
fit__955__clean__shuffled__r9,fit,clean,shuffled,3,1022,-1,-1,2
fit__955__clean__noise__r0,fit,clean,noise,1,1024,-1,-1,1
fit__955__clean__sweep__r0,fit,clean,sweep,2,1017,-1,-1,-1
fit__6955__clean__shuffled__r0,fit,clean,shuffled,1,1024,-1,-1,2
fit__6955__clean__shuffled__r1,fit,clean,shuffled,1,1024,-1,-1,2
fit__6955__clean__shuffled__r2,fit,clean,shuffled,1,1024,-1,-1,2
fit__6955__clean__shuffled__r3,fit,clean,shuffled,1,1024,-1,-1,2
fit__6955__clean__shuffled__r4,fit,clean,shuffled,1,1024,-1,-1,2
fit__6955__clean__shuffled__r5,fit,clean,shuffled,1,1024,-1,-1,3
fit__6955__clean__shuffled__r6,fit,clean,shuffled,1,1024,-1,-1,2
fit__6955__clean__shuffled__r7,fit,clean,shuffled,1,1024,-1,-1,2
fit__6955__clean__shuffled__r8,fit,clean,shuffled,1,1024,-1,-1,2
fit__6955__clean__shuffled__r9,fit,clean,shuffled,1,1024,-1,-1,2
fit__6955__clean__noise__r0,fit,clean,noise,1,1024,-1,-1,3
fit__6955__clean__sweep__r0,fit,clean,sweep,1,1024,-1,-1,-1
fit__2052__clean__shuffled__r0,fit,clean,shuffled,2,1023,-1,-1,2
fit__2052__clean__shuffled__r1,fit,clean,shuffled,1,1024,-1,-1,2
fit__2052__clean__shuffled__r2,fit,clean,shuffled,1,1024,-1,-1,2
fit__2052__clean__shuffled__r3,fit,clean,shuffled,1,1024,-1,-1,2
fit__2052__clean__shuffled__r4,fit,clean,shuffled,1,1024,-1,-1,2
fit__2052__clean__shuffled__r5,fit,clean,shuffled,1,1024,-1,-1,3
fit__2052__clean__shuffled__r6,fit,clean,shuffled,1,1024,-1,-1,2
fit__2052__clean__shuffled__r7,fit,clean,shuffled,1,1024,-1,-1,3
fit__2052__clean__shuffled__r8,fit,clean,shuffled,1,1024,-1,-1,2
fit__2052__clean__shuffled__r9,fit,clean,shuffled,3,1022,-1,-1,1
fit__2052__clean__noise__r0,fit,clean,noise,1,1024,-1,-1,2
fit__2052__clean__sweep__r0,fit,clean,sweep,123,552,187,257,-1
fit__9101__clean__shuffled__r0,fit,clean,shuffled,1,1024,-1,-1,2
fit__9101__clean__shuffled__r1,fit,clean,shuffled,1,1024,-1,-1,2
fit__9101__clean__shuffled__r2,fit,clean,shuffled,3,1022,-1,-1,2
fit__9101__clean__shuffled__r3,fit,clean,shuffled,1,1024,-1,-1,2
fit__9101__clean__shuffled__r4,fit,clean,shuffled,1,1024,-1,-1,2
fit__9101__clean__shuffled__r5,fit,clean,shuffled,1,1024,-1,-1,2
fit__9101__clean__shuffled__r6,fit,clean,shuffled,1,1024,-1,-1,2
fit__9101__clean__shuffled__r7,fit,clean,shuffled,1,1024,-1,-1,2
fit__9101__clean__shuffled__r8,fit,clean,shuffled,1,1024,-1,-1,2
fit__9101__clean__shuffled__r9,fit,clean,shuffled,1,1024,-1,-1,2
fit__9101__clean__noise__r0,fit,clean,noise,1,1024,-1,-1,1
fit__9101__clean__sweep__r0,fit,clean,sweep,117,797,318,350,513
fit__5137__clean__shuffled__r0,fit,clean,shuffled,1,1024,-1,-1,2
fit__5137__clean__shuffled__r1,fit,clean,shuffled,1,1024,-1,-1,2
fit__5137__clean__shuffled__r2,fit,clean,shuffled,1,1024,-1,-1,2
fit__5137__clean__shuffled__r3,fit,clean,shuffled,1,1024,-1,-1,2
fit__5137__clean__shuffled__r4,fit,clean,shuffled,1,1024,-1,-1,1
fit__5137__clean__shuffled__r5,fit,clean,shuffled,1,1024,-1,-1,2
fit__5137__clean__shuffled__r6,fit,clean,shuffled,1,1024,-1,-1,2
fit__5137__clean__shuffled__r7,fit,clean,shuffled,1,1024,-1,-1,2
fit__5137__clean__shuffled__r8,fit,clean,shuffled,1,1024,-1,-1,2
fit__5137__clean__shuffled__r9,fit,clean,shuffled,1,1024,-1,-1,2
fit__5137__clean__noise__r0,fit,clean,noise,1,1024,-1,-1,6
fit__5137__clean__sweep__r0,fit,clean,sweep,183,700,157,189,-1
