session_id,queries,max_match,first_alarm,flagged_queries,first_alarm_recorded,flagged_queries_recorded_rule
evaluation__171__denoise__attack__nes__l0.5,1021,23,-1,0,-1,0
evaluation__171__denoise__restore__nes__l0.5,1021,25,-1,0,953,1
evaluation__171__denoise__random_walk__random_walk__l0.5,1024,26,333,3,333,6
evaluation__171__denoise__confidence_boost__nes__l0.5,1021,25,-1,0,647,1
evaluation__171__denoise__boundary_probe__nes__l0.5,1021,23,-1,0,-1,0
evaluation__171__denoise__counterfactual__nes__l0.5,1021,27,596,1,596,1
evaluation__171__deblur__attack__nes__l1,1021,27,579,1,579,1
evaluation__171__deblur__restore__nes__l1,1021,28,783,5,392,11
evaluation__171__deblur__random_walk__random_walk__l1,1024,26,740,1,470,2
evaluation__171__deblur__confidence_boost__nes__l1,1021,25,-1,0,868,1
evaluation__171__deblur__boundary_probe__nes__l1,1021,25,-1,0,409,2
evaluation__171__deblur__counterfactual__nes__l1,1021,24,-1,0,-1,0
evaluation__2903__denoise__attack__nes__l0.5,1021,24,-1,0,-1,0
evaluation__2903__denoise__restore__nes__l0.5,1021,28,443,3,256,8
evaluation__2903__denoise__random_walk__random_walk__l0.5,1024,25,-1,0,929,1
evaluation__2903__denoise__confidence_boost__nes__l0.5,1021,25,-1,0,698,3
evaluation__2903__denoise__boundary_probe__nes__l0.5,1021,25,-1,0,596,1
evaluation__2903__denoise__counterfactual__nes__l0.5,1021,25,-1,0,834,1
evaluation__2903__deblur__attack__nes__l1,1021,23,-1,0,-1,0
evaluation__2903__deblur__restore__nes__l1,1021,28,426,2,426,7
evaluation__2903__deblur__random_walk__random_walk__l1,1024,26,485,1,485,1
evaluation__2903__deblur__confidence_boost__nes__l1,1021,26,477,1,477,1
evaluation__2903__deblur__boundary_probe__nes__l1,1021,23,-1,0,-1,0
evaluation__2903__deblur__counterfactual__nes__l1,1021,23,-1,0,-1,0
evaluation__5031__denoise__attack__nes__l0.5,1021,24,-1,0,-1,0
evaluation__5031__denoise__restore__nes__l0.5,1021,28,783,3,392,7
evaluation__5031__denoise__random_walk__random_walk__l0.5,1024,26,446,2,271,5
evaluation__5031__denoise__confidence_boost__nes__l0.5,1021,25,-1,0,545,2
evaluation__5031__denoise__boundary_probe__nes__l0.5,1021,26,749,1,52,2
evaluation__5031__denoise__counterfactual__nes__l0.5,1021,22,-1,0,-1,0
evaluation__5031__deblur__attack__nes__l1,1021,24,-1,0,-1,0
evaluation__5031__deblur__restore__nes__l1,1021,25,-1,0,443,2
evaluation__5031__deblur__random_walk__random_walk__l1,1024,25,-1,0,605,1
evaluation__5031__deblur__confidence_boost__nes__l1,1021,22,-1,0,-1,0
evaluation__5031__deblur__boundary_probe__nes__l1,1021,25,-1,0,579,1
evaluation__5031__deblur__counterfactual__nes__l1,1021,23,-1,0,-1,0
evaluation__6726__denoise__attack__nes__l0.5,1021,25,-1,0,154,1
evaluation__6726__denoise__restore__nes__l0.5,1021,26,817,2,443,6
evaluation__6726__denoise__random_walk__random_walk__l0.5,1024,26,460,1,74,6
evaluation__6726__denoise__confidence_boost__nes__l0.5,1021,22,-1,0,-1,0
evaluation__6726__denoise__boundary_probe__nes__l0.5,1021,27,426,3,426,3
evaluation__6726__denoise__counterfactual__nes__l0.5,1021,24,-1,0,-1,0
evaluation__6726__deblur__attack__nes__l1,1021,25,-1,0,885,1
evaluation__6726__deblur__restore__nes__l1,1021,24,-1,0,-1,0
evaluation__6726__deblur__random_walk__random_walk__l1,1024,27,349,1,44,5
evaluation__6726__deblur__confidence_boost__nes__l1,1021,24,-1,0,-1,0
evaluation__6726__deblur__boundary_probe__nes__l1,1021,25,-1,0,120,1
evaluation__6726__deblur__counterfactual__nes__l1,1021,27,562,1,562,3
evaluation__7864__denoise__attack__nes__l0.5,1021,26,290,1,290,1
evaluation__7864__denoise__restore__nes__l0.5,1021,25,-1,0,613,4
evaluation__7864__denoise__random_walk__random_walk__l0.5,1024,26,41,1,41,3
evaluation__7864__denoise__confidence_boost__nes__l0.5,1021,23,-1,0,-1,0
evaluation__7864__denoise__boundary_probe__nes__l0.5,1021,24,-1,0,-1,0
evaluation__7864__denoise__counterfactual__nes__l0.5,1021,25,-1,0,579,2
evaluation__7864__deblur__attack__nes__l1,1021,26,1021,1,885,2
evaluation__7864__deblur__restore__nes__l1,1021,25,-1,0,868,1
evaluation__7864__deblur__random_walk__random_walk__l1,1024,28,115,2,115,3
evaluation__7864__deblur__confidence_boost__nes__l1,1021,24,-1,0,-1,0
evaluation__7864__deblur__boundary_probe__nes__l1,1021,25,-1,0,307,2
evaluation__7864__deblur__counterfactual__nes__l1,1021,26,1021,1,1021,1
evaluation__10655__denoise__attack__nes__l0.5,1021,22,-1,0,-1,0
evaluation__10655__denoise__restore__nes__l0.5,1021,26,494,2,494,2
evaluation__10655__denoise__random_walk__random_walk__l0.5,1024,26,143,1,143,3
evaluation__10655__denoise__confidence_boost__nes__l0.5,1021,24,-1,0,-1,0
evaluation__10655__denoise__boundary_probe__nes__l0.5,1021,23,-1,0,-1,0
evaluation__10655__denoise__counterfactual__nes__l0.5,1021,25,-1,0,817,1
evaluation__10655__deblur__attack__nes__l1,1021,25,-1,0,205,1
evaluation__10655__deblur__restore__nes__l1,1021,24,-1,0,-1,0
evaluation__10655__deblur__random_walk__random_walk__l1,1024,28,636,1,243,4
evaluation__10655__deblur__confidence_boost__nes__l1,1021,24,-1,0,-1,0
evaluation__10655__deblur__boundary_probe__nes__l1,1021,24,-1,0,-1,0
evaluation__10655__deblur__counterfactual__nes__l1,1021,24,-1,0,-1,0
evaluation__13106__denoise__attack__nes__l0.5,1021,27,307,2,307,2
evaluation__13106__denoise__restore__nes__l0.5,1021,28,426,8,290,17
evaluation__13106__denoise__random_walk__random_walk__l0.5,1024,26,534,1,534,3
evaluation__13106__denoise__confidence_boost__nes__l0.5,1021,23,-1,0,-1,0
evaluation__13106__denoise__boundary_probe__nes__l0.5,1021,22,-1,0,-1,0
evaluation__13106__denoise__counterfactual__nes__l0.5,1021,26,273,1,171,2
evaluation__13106__deblur__attack__nes__l1,1021,24,-1,0,-1,0
evaluation__13106__deblur__restore__nes__l1,1021,27,443,3,307,8
evaluation__13106__deblur__random_walk__random_walk__l1,1024,25,-1,0,100,3
evaluation__13106__deblur__confidence_boost__nes__l1,1021,23,-1,0,-1,0
evaluation__13106__deblur__boundary_probe__nes__l1,1021,24,-1,0,-1,0
evaluation__13106__deblur__counterfactual__nes__l1,1021,28,613,1,613,2
evaluation__13674__denoise__attack__nes__l0.5,1021,21,-1,0,-1,0
evaluation__13674__denoise__restore__nes__l0.5,1021,24,-1,0,-1,0
evaluation__13674__denoise__random_walk__random_walk__l0.5,1024,26,270,3,249,6
evaluation__13674__denoise__confidence_boost__nes__l0.5,1021,26,579,2,579,2
evaluation__13674__denoise__boundary_probe__nes__l0.5,1021,27,307,6,239,9
evaluation__13674__denoise__counterfactual__nes__l0.5,1021,24,-1,0,-1,0
evaluation__13674__deblur__attack__nes__l1,1021,21,-1,0,-1,0
evaluation__13674__deblur__restore__nes__l1,1021,25,-1,0,171,2
evaluation__13674__deblur__random_walk__random_walk__l1,1024,25,-1,0,414,2
evaluation__13674__deblur__confidence_boost__nes__l1,1021,24,-1,0,-1,0
evaluation__13674__deblur__boundary_probe__nes__l1,1021,23,-1,0,-1,0
evaluation__13674__deblur__counterfactual__nes__l1,1021,25,-1,0,205,3
evaluation__16720__denoise__attack__nes__l0.5,1021,23,-1,0,-1,0
evaluation__16720__denoise__restore__nes__l0.5,1021,28,120,11,120,21
evaluation__16720__denoise__random_walk__random_walk__l0.5,1024,26,14,3,14,8
evaluation__16720__denoise__confidence_boost__nes__l0.5,1021,26,494,2,494,3
evaluation__16720__denoise__boundary_probe__nes__l0.5,1021,25,-1,0,885,1
evaluation__16720__denoise__counterfactual__nes__l0.5,1021,27,477,1,477,1
evaluation__16720__deblur__attack__nes__l1,1021,23,-1,0,-1,0
evaluation__16720__deblur__restore__nes__l1,1021,27,851,1,256,3
evaluation__16720__deblur__random_walk__random_walk__l1,1024,26,54,1,54,1
evaluation__16720__deblur__confidence_boost__nes__l1,1021,25,-1,0,766,1
evaluation__16720__deblur__boundary_probe__nes__l1,1021,24,-1,0,-1,0
evaluation__16720__deblur__counterfactual__nes__l1,1021,25,-1,0,783,1
evaluation__20085__denoise__attack__nes__l0.5,1021,23,-1,0,-1,0
evaluation__20085__denoise__restore__nes__l0.5,1021,29,324,4,239,9
evaluation__20085__denoise__random_walk__random_walk__l0.5,1024,25,-1,0,240,4
evaluation__20085__denoise__confidence_boost__nes__l0.5,1021,24,-1,0,-1,0
evaluation__20085__denoise__boundary_probe__nes__l0.5,1021,24,-1,0,-1,0
evaluation__20085__denoise__counterfactual__nes__l0.5,1021,26,698,1,698,1
evaluation__20085__deblur__attack__nes__l1,1021,24,-1,0,-1,0
evaluation__20085__deblur__restore__nes__l1,1021,30,290,19,239,27
evaluation__20085__deblur__random_walk__random_walk__l1,1024,25,-1,0,73,9
evaluation__20085__deblur__confidence_boost__nes__l1,1021,25,-1,0,69,1
evaluation__20085__deblur__boundary_probe__nes__l1,1021,25,-1,0,698,2
evaluation__20085__deblur__counterfactual__nes__l1,1021,24,-1,0,-1,0
evaluation__23640__denoise__attack__nes__l0.5,1021,22,-1,0,-1,0
evaluation__23640__denoise__restore__nes__l0.5,1021,27,885,1,562,2
evaluation__23640__denoise__random_walk__random_walk__l0.5,1024,26,194,1,194,3
evaluation__23640__denoise__confidence_boost__nes__l0.5,1021,26,817,3,817,3
evaluation__23640__denoise__boundary_probe__nes__l0.5,1021,26,766,1,766,1
evaluation__23640__denoise__counterfactual__nes__l0.5,1021,22,-1,0,-1,0
evaluation__23640__deblur__attack__nes__l1,1021,23,-1,0,-1,0
evaluation__23640__deblur__restore__nes__l1,1021,26,681,1,239,3
evaluation__23640__deblur__random_walk__random_walk__l1,1024,25,-1,0,778,1
evaluation__23640__deblur__confidence_boost__nes__l1,1021,23,-1,0,-1,0
evaluation__23640__deblur__boundary_probe__nes__l1,1021,27,749,4,664,9
evaluation__23640__deblur__counterfactual__nes__l1,1021,23,-1,0,-1,0
evaluation__26535__denoise__attack__nes__l0.5,1021,24,-1,0,-1,0
evaluation__26535__denoise__restore__nes__l0.5,1021,26,137,5,137,8
evaluation__26535__denoise__random_walk__random_walk__l0.5,1024,25,-1,0,249,2
evaluation__26535__denoise__confidence_boost__nes__l0.5,1021,24,-1,0,-1,0
evaluation__26535__denoise__boundary_probe__nes__l0.5,1021,24,-1,0,-1,0
evaluation__26535__denoise__counterfactual__nes__l0.5,1021,24,-1,0,-1,0
evaluation__26535__deblur__attack__nes__l1,1021,22,-1,0,-1,0
evaluation__26535__deblur__restore__nes__l1,1021,23,-1,0,-1,0
evaluation__26535__deblur__random_walk__random_walk__l1,1024,25,-1,0,139,2
evaluation__26535__deblur__confidence_boost__nes__l1,1021,24,-1,0,-1,0
evaluation__26535__deblur__boundary_probe__nes__l1,1021,26,1004,1,902,2
evaluation__26535__deblur__counterfactual__nes__l1,1021,25,-1,0,936,1
evaluation__27560__denoise__attack__nes__l0.5,1021,25,-1,0,409,1
evaluation__27560__denoise__restore__nes__l0.5,1021,27,443,5,341,11
evaluation__27560__denoise__random_walk__random_walk__l0.5,1024,25,-1,0,60,3
evaluation__27560__denoise__confidence_boost__nes__l0.5,1021,23,-1,0,-1,0
evaluation__27560__denoise__boundary_probe__nes__l0.5,1021,26,766,2,749,4
evaluation__27560__denoise__counterfactual__nes__l0.5,1021,23,-1,0,-1,0
evaluation__27560__deblur__attack__nes__l1,1021,24,-1,0,-1,0
evaluation__27560__deblur__restore__nes__l1,1021,27,511,2,307,8
evaluation__27560__deblur__random_walk__random_walk__l1,1024,27,475,3,465,5
evaluation__27560__deblur__confidence_boost__nes__l1,1021,26,426,1,426,2
evaluation__27560__deblur__boundary_probe__nes__l1,1021,25,-1,0,273,6
evaluation__27560__deblur__counterfactual__nes__l1,1021,26,834,1,613,3
evaluation__29905__denoise__attack__nes__l0.5,1021,24,-1,0,-1,0
evaluation__29905__denoise__restore__nes__l0.5,1021,28,596,6,324,11
evaluation__29905__denoise__random_walk__random_walk__l0.5,1024,26,863,1,118,3
evaluation__29905__denoise__confidence_boost__nes__l0.5,1021,23,-1,0,-1,0
evaluation__29905__denoise__boundary_probe__nes__l0.5,1021,23,-1,0,-1,0
evaluation__29905__denoise__counterfactual__nes__l0.5,1021,21,-1,0,-1,0
evaluation__29905__deblur__attack__nes__l1,1021,23,-1,0,-1,0
evaluation__29905__deblur__restore__nes__l1,1021,26,154,3,154,7
evaluation__29905__deblur__random_walk__random_walk__l1,1024,26,626,4,626,8
evaluation__29905__deblur__confidence_boost__nes__l1,1021,23,-1,0,-1,0
evaluation__29905__deblur__boundary_probe__nes__l1,1021,28,851,1,851,1
evaluation__29905__deblur__counterfactual__nes__l1,1021,22,-1,0,-1,0
evaluation__31852__denoise__attack__nes__l0.5,1021,25,-1,0,766,1
evaluation__31852__denoise__restore__nes__l0.5,1021,23,-1,0,-1,0
evaluation__31852__denoise__random_walk__random_walk__l0.5,1024,26,889,1,889,1
evaluation__31852__denoise__confidence_boost__nes__l0.5,1021,22,-1,0,-1,0
evaluation__31852__denoise__boundary_probe__nes__l0.5,1021,26,749,2,426,5
evaluation__31852__denoise__counterfactual__nes__l0.5,1021,23,-1,0,-1,0
evaluation__31852__deblur__attack__nes__l1,1021,25,-1,0,222,2
evaluation__31852__deblur__restore__nes__l1,1021,23,-1,0,-1,0
evaluation__31852__deblur__random_walk__random_walk__l1,1024,25,-1,0,535,1
evaluation__31852__deblur__confidence_boost__nes__l1,1021,22,-1,0,-1,0
evaluation__31852__deblur__boundary_probe__nes__l1,1021,23,-1,0,-1,0
evaluation__31852__deblur__counterfactual__nes__l1,1021,24,-1,0,-1,0
evaluation__35185__denoise__attack__nes__l0.5,1021,24,-1,0,-1,0
evaluation__35185__denoise__restore__nes__l0.5,1021,22,-1,0,-1,0
evaluation__35185__denoise__random_walk__random_walk__l0.5,1024,24,-1,0,-1,0
evaluation__35185__denoise__confidence_boost__nes__l0.5,1021,24,-1,0,-1,0
evaluation__35185__denoise__boundary_probe__nes__l0.5,1021,24,-1,0,-1,0
evaluation__35185__denoise__counterfactual__nes__l0.5,1021,26,494,1,494,1
evaluation__35185__deblur__attack__nes__l1,1021,27,647,1,647,1
evaluation__35185__deblur__restore__nes__l1,1021,27,290,1,290,1
evaluation__35185__deblur__random_walk__random_walk__l1,1024,26,389,2,389,4
evaluation__35185__deblur__confidence_boost__nes__l1,1021,25,-1,0,970,1
evaluation__35185__deblur__boundary_probe__nes__l1,1021,23,-1,0,-1,0
evaluation__35185__deblur__counterfactual__nes__l1,1021,26,579,2,579,2
evaluation__38600__denoise__attack__nes__l0.5,1021,21,-1,0,-1,0
evaluation__38600__denoise__restore__nes__l0.5,1021,28,732,1,732,1
evaluation__38600__denoise__random_walk__random_walk__l0.5,1024,28,731,2,553,4
evaluation__38600__denoise__confidence_boost__nes__l0.5,1021,26,1004,1,1004,1
evaluation__38600__denoise__boundary_probe__nes__l0.5,1021,23,-1,0,-1,0
evaluation__38600__denoise__counterfactual__nes__l0.5,1021,23,-1,0,-1,0
evaluation__38600__deblur__attack__nes__l1,1021,26,715,2,222,4
evaluation__38600__deblur__restore__nes__l1,1021,26,392,1,154,3
evaluation__38600__deblur__random_walk__random_walk__l1,1024,26,82,2,82,3
evaluation__38600__deblur__confidence_boost__nes__l1,1021,21,-1,0,-1,0
evaluation__38600__deblur__boundary_probe__nes__l1,1021,23,-1,0,-1,0
evaluation__38600__deblur__counterfactual__nes__l1,1021,23,-1,0,-1,0
evaluation__42472__denoise__attack__nes__l0.5,1021,23,-1,0,-1,0
evaluation__42472__denoise__restore__nes__l0.5,1021,24,-1,0,-1,0
evaluation__42472__denoise__random_walk__random_walk__l0.5,1024,25,-1,0,364,4
evaluation__42472__denoise__confidence_boost__nes__l0.5,1021,24,-1,0,-1,0
evaluation__42472__denoise__boundary_probe__nes__l0.5,1021,23,-1,0,-1,0
evaluation__42472__denoise__counterfactual__nes__l0.5,1021,27,273,1,273,2
evaluation__42472__deblur__attack__nes__l1,1021,26,1021,1,1021,1
evaluation__42472__deblur__restore__nes__l1,1021,24,-1,0,-1,0
evaluation__42472__deblur__random_walk__random_walk__l1,1024,27,806,1,60,5
evaluation__42472__deblur__confidence_boost__nes__l1,1021,26,630,1,613,2
evaluation__42472__deblur__boundary_probe__nes__l1,1021,26,596,1,596,1
evaluation__42472__deblur__counterfactual__nes__l1,1021,26,409,1,341,2
evaluation__43920__denoise__attack__nes__l0.5,1021,21,-1,0,-1,0
evaluation__43920__denoise__restore__nes__l0.5,1021,24,-1,0,-1,0
evaluation__43920__denoise__random_walk__random_walk__l0.5,1024,25,-1,0,524,2
evaluation__43920__denoise__confidence_boost__nes__l0.5,1021,24,-1,0,-1,0
evaluation__43920__denoise__boundary_probe__nes__l0.5,1021,26,103,2,103,2
evaluation__43920__denoise__counterfactual__nes__l0.5,1021,22,-1,0,-1,0
evaluation__43920__deblur__attack__nes__l1,1021,25,-1,0,970,1
evaluation__43920__deblur__restore__nes__l1,1021,25,-1,0,1004,1
evaluation__43920__deblur__random_walk__random_walk__l1,1024,26,1003,1,33,5
evaluation__43920__deblur__confidence_boost__nes__l1,1021,27,494,2,375,3
evaluation__43920__deblur__boundary_probe__nes__l1,1021,24,-1,0,-1,0
evaluation__43920__deblur__counterfactual__nes__l1,1021,24,-1,0,-1,0
evaluation__48550__denoise__attack__nes__l0.5,1021,24,-1,0,-1,0
evaluation__48550__denoise__restore__nes__l0.5,1021,26,766,1,392,3
evaluation__48550__denoise__random_walk__random_walk__l0.5,1024,25,-1,0,65,2
evaluation__48550__denoise__confidence_boost__nes__l0.5,1021,23,-1,0,-1,0
evaluation__48550__denoise__boundary_probe__nes__l0.5,1021,23,-1,0,-1,0
evaluation__48550__denoise__counterfactual__nes__l0.5,1021,24,-1,0,-1,0
evaluation__48550__deblur__attack__nes__l1,1021,24,-1,0,-1,0
evaluation__48550__deblur__restore__nes__l1,1021,27,868,1,868,2
evaluation__48550__deblur__random_walk__random_walk__l1,1024,25,-1,0,222,6
evaluation__48550__deblur__confidence_boost__nes__l1,1021,26,919,1,715,2
evaluation__48550__deblur__boundary_probe__nes__l1,1021,23,-1,0,-1,0
evaluation__48550__deblur__counterfactual__nes__l1,1021,24,-1,0,-1,0
fit__154__denoise__attack__nes__l0.5,1021,23,-1,0,-1,0
fit__154__denoise__restore__nes__l0.5,1021,24,-1,0,-1,0
fit__154__denoise__random_walk__random_walk__l0.5,1024,27,804,1,393,4
fit__154__denoise__confidence_boost__nes__l0.5,1021,25,-1,0,732,1
fit__154__denoise__boundary_probe__nes__l0.5,1021,24,-1,0,-1,0
fit__154__denoise__counterfactual__nes__l0.5,1021,24,-1,0,-1,0
fit__154__deblur__attack__nes__l1,1021,26,69,1,69,1
fit__154__deblur__restore__nes__l1,1021,27,307,3,307,4
fit__154__deblur__random_walk__random_walk__l1,1024,26,195,3,77,8
fit__154__deblur__confidence_boost__nes__l1,1021,24,-1,0,-1,0
fit__154__deblur__boundary_probe__nes__l1,1021,24,-1,0,-1,0
fit__154__deblur__counterfactual__nes__l1,1021,23,-1,0,-1,0
fit__5049__denoise__attack__nes__l0.5,1021,24,-1,0,-1,0
fit__5049__denoise__restore__nes__l0.5,1021,24,-1,0,-1,0
fit__5049__denoise__random_walk__random_walk__l0.5,1024,27,293,1,92,3
fit__5049__denoise__confidence_boost__nes__l0.5,1021,26,732,1,732,1
fit__5049__denoise__boundary_probe__nes__l0.5,1021,25,-1,0,681,1
fit__5049__denoise__counterfactual__nes__l0.5,1021,25,-1,0,1004,1
fit__5049__deblur__attack__nes__l1,1021,24,-1,0,-1,0
fit__5049__deblur__restore__nes__l1,1021,26,851,1,698,6
fit__5049__deblur__random_walk__random_walk__l1,1024,26,831,1,537,2
fit__5049__deblur__confidence_boost__nes__l1,1021,24,-1,0,-1,0
fit__5049__deblur__boundary_probe__nes__l1,1021,24,-1,0,-1,0
fit__5049__deblur__counterfactual__nes__l1,1021,22,-1,0,-1,0
fit__7898__denoise__attack__nes__l0.5,1021,24,-1,0,-1,0
fit__7898__denoise__restore__nes__l0.5,1021,25,-1,0,817,1
fit__7898__denoise__random_walk__random_walk__l0.5,1024,27,397,1,397,1
fit__7898__denoise__confidence_boost__nes__l0.5,1021,23,-1,0,-1,0
fit__7898__denoise__boundary_probe__nes__l0.5,1021,24,-1,0,-1,0
fit__7898__denoise__counterfactual__nes__l0.5,1021,24,-1,0,-1,0
fit__7898__deblur__attack__nes__l1,1021,24,-1,0,-1,0
fit__7898__deblur__restore__nes__l1,1021,27,715,2,375,7
fit__7898__deblur__random_walk__random_walk__l1,1024,27,247,3,247,5
fit__7898__deblur__confidence_boost__nes__l1,1021,22,-1,0,-1,0
fit__7898__deblur__boundary_probe__nes__l1,1021,24,-1,0,-1,0
fit__7898__deblur__counterfactual__nes__l1,1021,23,-1,0,-1,0
fit__13123__denoise__attack__nes__l0.5,1021,23,-1,0,-1,0
fit__13123__denoise__restore__nes__l0.5,1021,24,-1,0,-1,0
fit__13123__denoise__random_walk__random_walk__l0.5,1024,25,-1,0,679,2
fit__13123__denoise__confidence_boost__nes__l0.5,1021,23,-1,0,-1,0
fit__13123__denoise__boundary_probe__nes__l0.5,1021,24,-1,0,-1,0
fit__13123__denoise__counterfactual__nes__l0.5,1021,24,-1,0,-1,0
fit__13123__deblur__attack__nes__l1,1021,21,-1,0,-1,0
fit__13123__deblur__restore__nes__l1,1021,24,-1,0,-1,0
fit__13123__deblur__random_walk__random_walk__l1,1024,25,-1,0,523,2
fit__13123__deblur__confidence_boost__nes__l1,1021,24,-1,0,-1,0
fit__13123__deblur__boundary_probe__nes__l1,1021,28,171,2,171,3
fit__13123__deblur__counterfactual__nes__l1,1021,25,-1,0,647,1
fit__16737__denoise__attack__nes__l0.5,1021,24,-1,0,-1,0
fit__16737__denoise__restore__nes__l0.5,1021,23,-1,0,-1,0
fit__16737__denoise__random_walk__random_walk__l0.5,1024,25,-1,0,348,2
fit__16737__denoise__confidence_boost__nes__l0.5,1021,23,-1,0,-1,0
fit__16737__denoise__boundary_probe__nes__l0.5,1021,26,562,3,545,5
fit__16737__denoise__counterfactual__nes__l0.5,1021,22,-1,0,-1,0
fit__16737__deblur__attack__nes__l1,1021,22,-1,0,-1,0
fit__16737__deblur__restore__nes__l1,1021,24,-1,0,-1,0
fit__16737__deblur__random_walk__random_walk__l1,1024,26,128,2,128,3
fit__16737__deblur__confidence_boost__nes__l1,1021,22,-1,0,-1,0
fit__16737__deblur__boundary_probe__nes__l1,1021,25,-1,0,409,1
fit__16737__deblur__counterfactual__nes__l1,1021,26,579,1,579,2
fit__23636__denoise__attack__nes__l0.5,1021,23,-1,0,-1,0
fit__23636__denoise__restore__nes__l0.5,1021,26,511,1,494,4
fit__23636__denoise__random_walk__random_walk__l0.5,1024,27,532,3,304,6
fit__23636__denoise__confidence_boost__nes__l0.5,1021,24,-1,0,-1,0
fit__23636__denoise__boundary_probe__nes__l0.5,1021,24,-1,0,-1,0
fit__23636__denoise__counterfactual__nes__l0.5,1021,24,-1,0,-1,0
fit__23636__deblur__attack__nes__l1,1021,24,-1,0,-1,0
fit__23636__deblur__restore__nes__l1,1021,28,409,2,409,6
fit__23636__deblur__random_walk__random_walk__l1,1024,25,-1,0,193,3
fit__23636__deblur__confidence_boost__nes__l1,1021,24,-1,0,-1,0
fit__23636__deblur__boundary_probe__nes__l1,1021,23,-1,0,-1,0
fit__23636__deblur__counterfactual__nes__l1,1021,22,-1,0,-1,0
fit__27564__denoise__attack__nes__l0.5,1021,22,-1,0,-1,0
fit__27564__denoise__restore__nes__l0.5,1021,26,681,1,681,1
fit__27564__denoise__random_walk__random_walk__l0.5,1024,24,-1,0,-1,0
fit__27564__denoise__confidence_boost__nes__l0.5,1021,23,-1,0,-1,0
fit__27564__denoise__boundary_probe__nes__l0.5,1021,25,-1,0,817,2
fit__27564__denoise__counterfactual__nes__l0.5,1021,23,-1,0,-1,0
fit__27564__deblur__attack__nes__l1,1021,26,1004,1,1004,1
fit__27564__deblur__restore__nes__l1,1021,26,919,1,307,7
fit__27564__deblur__random_walk__random_walk__l1,1024,28,505,2,505,4
fit__27564__deblur__confidence_boost__nes__l1,1021,22,-1,0,-1,0
fit__27564__deblur__boundary_probe__nes__l1,1021,24,-1,0,-1,0
fit__27564__deblur__counterfactual__nes__l1,1021,23,-1,0,-1,0
fit__31885__denoise__attack__nes__l0.5,1021,28,579,2,579,2
fit__31885__denoise__restore__nes__l0.5,1021,27,154,3,154,6
fit__31885__denoise__random_walk__random_walk__l0.5,1024,26,769,1,259,3
fit__31885__denoise__confidence_boost__nes__l0.5,1021,23,-1,0,-1,0
fit__31885__denoise__boundary_probe__nes__l0.5,1021,26,273,3,188,5
fit__31885__denoise__counterfactual__nes__l0.5,1021,25,-1,0,375,1
fit__31885__deblur__attack__nes__l1,1021,22,-1,0,-1,0
fit__31885__deblur__restore__nes__l1,1021,25,-1,0,630,1
fit__31885__deblur__random_walk__random_walk__l1,1024,27,559,1,559,1
fit__31885__deblur__confidence_boost__nes__l1,1021,23,-1,0,-1,0
fit__31885__deblur__boundary_probe__nes__l1,1021,21,-1,0,-1,0
fit__31885__deblur__counterfactual__nes__l1,1021,25,-1,0,817,1
fit__38642__denoise__attack__nes__l0.5,1021,24,-1,0,-1,0
fit__38642__denoise__restore__nes__l0.5,1021,26,375,1,375,2
fit__38642__denoise__random_walk__random_walk__l0.5,1024,26,330,1,330,3
fit__38642__denoise__confidence_boost__nes__l0.5,1021,24,-1,0,-1,0
fit__38642__denoise__boundary_probe__nes__l0.5,1021,23,-1,0,-1,0
fit__38642__denoise__counterfactual__nes__l0.5,1021,23,-1,0,-1,0
fit__38642__deblur__attack__nes__l1,1021,23,-1,0,-1,0
fit__38642__deblur__restore__nes__l1,1021,25,-1,0,885,1
fit__38642__deblur__random_walk__random_walk__l1,1024,25,-1,0,448,2
fit__38642__deblur__confidence_boost__nes__l1,1021,26,528,3,358,6
fit__38642__deblur__boundary_probe__nes__l1,1021,23,-1,0,-1,0
fit__38642__deblur__counterfactual__nes__l1,1021,24,-1,0,-1,0
fit__43939__denoise__attack__nes__l0.5,1021,28,851,3,426,4
fit__43939__denoise__restore__nes__l0.5,1021,28,749,2,596,4
fit__43939__denoise__random_walk__random_walk__l0.5,1024,28,863,1,149,4
fit__43939__denoise__confidence_boost__nes__l0.5,1021,24,-1,0,-1,0
fit__43939__denoise__boundary_probe__nes__l0.5,1021,22,-1,0,-1,0
fit__43939__denoise__counterfactual__nes__l0.5,1021,24,-1,0,-1,0
fit__43939__deblur__attack__nes__l1,1021,24,-1,0,-1,0
fit__43939__deblur__restore__nes__l1,1021,25,-1,0,953,1
fit__43939__deblur__random_walk__random_walk__l1,1024,24,-1,0,-1,0
fit__43939__deblur__confidence_boost__nes__l1,1021,24,-1,0,-1,0
fit__43939__deblur__boundary_probe__nes__l1,1021,23,-1,0,-1,0
fit__43939__deblur__counterfactual__nes__l1,1021,24,-1,0,-1,0
evaluation__184__denoise__attack__nes__l0.5,1021,25,-1,0,851,1
evaluation__184__denoise__restore__nes__l0.5,1021,25,-1,0,273,1
evaluation__184__denoise__random_walk__random_walk__l0.5,1024,27,247,2,247,5
evaluation__184__denoise__confidence_boost__nes__l0.5,1021,25,-1,0,273,1
evaluation__184__denoise__boundary_probe__nes__l0.5,1021,27,630,3,630,8
evaluation__184__denoise__counterfactual__nes__l0.5,1021,25,-1,0,477,1
evaluation__184__deblur__attack__nes__l1,1021,23,-1,0,-1,0
evaluation__184__deblur__restore__nes__l1,1021,26,205,3,205,5
evaluation__184__deblur__random_walk__random_walk__l1,1024,26,447,2,23,5
evaluation__184__deblur__confidence_boost__nes__l1,1021,23,-1,0,-1,0
evaluation__184__deblur__boundary_probe__nes__l1,1021,25,-1,0,324,4
evaluation__184__deblur__counterfactual__nes__l1,1021,24,-1,0,-1,0
evaluation__2943__denoise__attack__nes__l0.5,1021,22,-1,0,-1,0
evaluation__2943__denoise__restore__nes__l0.5,1021,24,-1,0,-1,0
evaluation__2943__denoise__random_walk__random_walk__l0.5,1024,26,162,1,85,7
evaluation__2943__denoise__confidence_boost__nes__l0.5,1021,22,-1,0,-1,0
evaluation__2943__denoise__boundary_probe__nes__l0.5,1021,24,-1,0,-1,0
evaluation__2943__denoise__counterfactual__nes__l0.5,1021,22,-1,0,-1,0
evaluation__2943__deblur__attack__nes__l1,1021,21,-1,0,-1,0
evaluation__2943__deblur__restore__nes__l1,1021,25,-1,0,834,1
evaluation__2943__deblur__random_walk__random_walk__l1,1024,27,322,3,322,4
evaluation__2943__deblur__confidence_boost__nes__l1,1021,24,-1,0,-1,0
evaluation__2943__deblur__boundary_probe__nes__l1,1021,24,-1,0,-1,0
evaluation__2943__deblur__counterfactual__nes__l1,1021,26,885,1,885,1
evaluation__5037__denoise__attack__nes__l0.5,1021,26,698,1,698,1
evaluation__5037__denoise__restore__nes__l0.5,1021,26,749,1,749,1
evaluation__5037__denoise__random_walk__random_walk__l0.5,1024,25,-1,0,12,8
evaluation__5037__denoise__confidence_boost__nes__l0.5,1021,23,-1,0,-1,0
evaluation__5037__denoise__boundary_probe__nes__l0.5,1021,23,-1,0,-1,0
evaluation__5037__denoise__counterfactual__nes__l0.5,1021,23,-1,0,-1,0
evaluation__5037__deblur__attack__nes__l1,1021,25,-1,0,477,1
evaluation__5037__deblur__restore__nes__l1,1021,28,817,3,205,9
evaluation__5037__deblur__random_walk__random_walk__l1,1024,25,-1,0,19,3
evaluation__5037__deblur__confidence_boost__nes__l1,1021,27,443,6,443,6
evaluation__5037__deblur__boundary_probe__nes__l1,1021,24,-1,0,-1,0
evaluation__5037__deblur__counterfactual__nes__l1,1021,24,-1,0,-1,0
evaluation__6749__denoise__attack__nes__l0.5,1021,25,-1,0,732,1
evaluation__6749__denoise__restore__nes__l0.5,1021,24,-1,0,-1,0
evaluation__6749__denoise__random_walk__random_walk__l0.5,1024,26,242,1,242,4
evaluation__6749__denoise__confidence_boost__nes__l0.5,1021,22,-1,0,-1,0
evaluation__6749__denoise__boundary_probe__nes__l0.5,1021,25,-1,0,579,1
evaluation__6749__denoise__counterfactual__nes__l0.5,1021,27,562,1,256,3
evaluation__6749__deblur__attack__nes__l1,1021,24,-1,0,-1,0
evaluation__6749__deblur__restore__nes__l1,1021,23,-1,0,-1,0
evaluation__6749__deblur__random_walk__random_walk__l1,1024,26,181,3,181,4
evaluation__6749__deblur__confidence_boost__nes__l1,1021,23,-1,0,-1,0
evaluation__6749__deblur__boundary_probe__nes__l1,1021,25,-1,0,358,3
evaluation__6749__deblur__counterfactual__nes__l1,1021,27,579,1,579,1
evaluation__7887__denoise__attack__nes__l0.5,1021,25,-1,0,851,2
evaluation__7887__denoise__restore__nes__l0.5,1021,27,324,3,52,14
evaluation__7887__denoise__random_walk__random_walk__l0.5,1024,26,353,3,353,7
evaluation__7887__denoise__confidence_boost__nes__l0.5,1021,23,-1,0,-1,0
evaluation__7887__denoise__boundary_probe__nes__l0.5,1021,25,-1,0,868,1
evaluation__7887__denoise__counterfactual__nes__l0.5,1021,25,-1,0,647,1
evaluation__7887__deblur__attack__nes__l1,1021,23,-1,0,-1,0
evaluation__7887__deblur__restore__nes__l1,1021,22,-1,0,-1,0
evaluation__7887__deblur__random_walk__random_walk__l1,1024,27,94,2,94,3
evaluation__7887__deblur__confidence_boost__nes__l1,1021,26,715,1,715,1
evaluation__7887__deblur__boundary_probe__nes__l1,1021,25,-1,0,1004,1
evaluation__7887__deblur__counterfactual__nes__l1,1021,22,-1,0,-1,0
evaluation__10668__denoise__attack__nes__l0.5,1021,25,-1,0,375,1
evaluation__10668__denoise__restore__nes__l0.5,1021,27,664,4,307,8
evaluation__10668__denoise__random_walk__random_walk__l0.5,1024,24,-1,0,-1,0
evaluation__10668__denoise__confidence_boost__nes__l0.5,1021,25,-1,0,358,1
evaluation__10668__denoise__boundary_probe__nes__l0.5,1021,25,-1,0,528,2
evaluation__10668__denoise__counterfactual__nes__l0.5,1021,26,902,1,902,1
evaluation__10668__deblur__attack__nes__l1,1021,24,-1,0,-1,0
evaluation__10668__deblur__restore__nes__l1,1021,24,-1,0,-1,0
evaluation__10668__deblur__random_walk__random_walk__l1,1024,28,338,1,302,3
evaluation__10668__deblur__confidence_boost__nes__l1,1021,24,-1,0,-1,0
evaluation__10668__deblur__boundary_probe__nes__l1,1021,27,613,1,613,3
evaluation__10668__deblur__counterfactual__nes__l1,1021,25,-1,0,1004,1
evaluation__13133__denoise__attack__nes__l0.5,1021,23,-1,0,-1,0
evaluation__13133__denoise__restore__nes__l0.5,1021,29,307,16,86,30
evaluation__13133__denoise__random_walk__random_walk__l0.5,1024,26,789,1,789,1
evaluation__13133__denoise__confidence_boost__nes__l0.5,1021,25,-1,0,919,1
evaluation__13133__denoise__boundary_probe__nes__l0.5,1021,25,-1,0,766,1
evaluation__13133__denoise__counterfactual__nes__l0.5,1021,24,-1,0,-1,0
evaluation__13133__deblur__attack__nes__l1,1021,26,307,1,307,1
evaluation__13133__deblur__restore__nes__l1,1021,28,409,6,409,13
evaluation__13133__deblur__random_walk__random_walk__l1,1024,26,729,2,92,6
evaluation__13133__deblur__confidence_boost__nes__l1,1021,24,-1,0,-1,0
evaluation__13133__deblur__boundary_probe__nes__l1,1021,25,-1,0,715,2
evaluation__13133__deblur__counterfactual__nes__l1,1021,24,-1,0,-1,0
evaluation__13687__denoise__attack__nes__l0.5,1021,22,-1,0,-1,0
evaluation__13687__denoise__restore__nes__l0.5,1021,25,-1,0,715,2
evaluation__13687__denoise__random_walk__random_walk__l0.5,1024,29,42,2,42,3
evaluation__13687__denoise__confidence_boost__nes__l0.5,1021,22,-1,0,-1,0
evaluation__13687__denoise__boundary_probe__nes__l0.5,1021,23,-1,0,-1,0
evaluation__13687__denoise__counterfactual__nes__l0.5,1021,23,-1,0,-1,0
evaluation__13687__deblur__attack__nes__l1,1021,23,-1,0,-1,0
evaluation__13687__deblur__restore__nes__l1,1021,26,545,1,545,2
evaluation__13687__deblur__random_walk__random_walk__l1,1024,26,396,1,396,3
evaluation__13687__deblur__confidence_boost__nes__l1,1021,24,-1,0,-1,0
evaluation__13687__deblur__boundary_probe__nes__l1,1021,23,-1,0,-1,0
evaluation__13687__deblur__counterfactual__nes__l1,1021,23,-1,0,-1,0
evaluation__16748__denoise__attack__nes__l0.5,1021,23,-1,0,-1,0
evaluation__16748__denoise__restore__nes__l0.5,1021,28,171,7,171,16
evaluation__16748__denoise__random_walk__random_walk__l0.5,1024,25,-1,0,888,1
evaluation__16748__denoise__confidence_boost__nes__l0.5,1021,25,-1,0,817,1
evaluation__16748__denoise__boundary_probe__nes__l0.5,1021,23,-1,0,-1,0
evaluation__16748__denoise__counterfactual__nes__l0.5,1021,25,-1,0,579,1
evaluation__16748__deblur__attack__nes__l1,1021,23,-1,0,-1,0
evaluation__16748__deblur__restore__nes__l1,1021,25,-1,0,511,1
evaluation__16748__deblur__random_walk__random_walk__l1,1024,27,81,3,81,3
evaluation__16748__deblur__confidence_boost__nes__l1,1021,26,630,2,630,2
evaluation__16748__deblur__boundary_probe__nes__l1,1021,23,-1,0,-1,0
evaluation__16748__deblur__counterfactual__nes__l1,1021,26,511,1,511,2
evaluation__20095__denoise__attack__nes__l0.5,1021,24,-1,0,-1,0
evaluation__20095__denoise__restore__nes__l0.5,1021,25,-1,0,698,1
evaluation__20095__denoise__random_walk__random_walk__l0.5,1024,27,785,1,2,8
evaluation__20095__denoise__confidence_boost__nes__l0.5,1021,23,-1,0,-1,0
evaluation__20095__denoise__boundary_probe__nes__l0.5,1021,27,1021,1,681,2
evaluation__20095__denoise__counterfactual__nes__l0.5,1021,26,426,1,426,2
evaluation__20095__deblur__attack__nes__l1,1021,25,-1,0,18,3
evaluation__20095__deblur__restore__nes__l1,1021,31,52,48,52,53
evaluation__20095__deblur__random_walk__random_walk__l1,1024,28,609,2,428,9
evaluation__20095__deblur__confidence_boost__nes__l1,1021,29,205,8,137,15
evaluation__20095__deblur__boundary_probe__nes__l1,1021,26,528,1,528,3
evaluation__20095__deblur__counterfactual__nes__l1,1021,26,868,1,613,3
evaluation__23643__denoise__attack__nes__l0.5,1021,23,-1,0,-1,0
evaluation__23643__denoise__restore__nes__l0.5,1021,23,-1,0,-1,0
evaluation__23643__denoise__random_walk__random_walk__l0.5,1024,25,-1,0,199,3
evaluation__23643__denoise__confidence_boost__nes__l0.5,1021,24,-1,0,-1,0
evaluation__23643__denoise__boundary_probe__nes__l0.5,1021,24,-1,0,-1,0
evaluation__23643__denoise__counterfactual__nes__l0.5,1021,24,-1,0,-1,0
evaluation__23643__deblur__attack__nes__l1,1021,24,-1,0,-1,0
evaluation__23643__deblur__restore__nes__l1,1021,23,-1,0,-1,0
evaluation__23643__deblur__random_walk__random_walk__l1,1024,27,388,2,388,3
evaluation__23643__deblur__confidence_boost__nes__l1,1021,25,-1,0,52,2
evaluation__23643__deblur__boundary_probe__nes__l1,1021,23,-1,0,-1,0
evaluation__23643__deblur__counterfactual__nes__l1,1021,23,-1,0,-1,0
evaluation__26538__denoise__attack__nes__l0.5,1021,24,-1,0,-1,0
evaluation__26538__denoise__restore__nes__l0.5,1021,25,-1,0,545,5
evaluation__26538__denoise__random_walk__random_walk__l0.5,1024,25,-1,0,67,4
evaluation__26538__denoise__confidence_boost__nes__l0.5,1021,25,-1,0,681,1
evaluation__26538__denoise__boundary_probe__nes__l0.5,1021,25,-1,0,205,1
evaluation__26538__denoise__counterfactual__nes__l0.5,1021,27,885,1,885,1
evaluation__26538__deblur__attack__nes__l1,1021,23,-1,0,-1,0
evaluation__26538__deblur__restore__nes__l1,1021,24,-1,0,-1,0
evaluation__26538__deblur__random_walk__random_walk__l1,1024,28,97,3,97,7
evaluation__26538__deblur__confidence_boost__nes__l1,1021,24,-1,0,-1,0
evaluation__26538__deblur__boundary_probe__nes__l1,1021,23,-1,0,-1,0
evaluation__26538__deblur__counterfactual__nes__l1,1021,25,-1,0,290,1
evaluation__27572__denoise__attack__nes__l0.5,1021,25,-1,0,817,1
evaluation__27572__denoise__restore__nes__l0.5,1021,27,426,5,222,14
evaluation__27572__denoise__random_walk__random_walk__l0.5,1024,25,-1,0,583,3
evaluation__27572__denoise__confidence_boost__nes__l0.5,1021,23,-1,0,-1,0
evaluation__27572__denoise__boundary_probe__nes__l0.5,1021,26,511,1,511,2
evaluation__27572__denoise__counterfactual__nes__l0.5,1021,23,-1,0,-1,0
evaluation__27572__deblur__attack__nes__l1,1021,25,-1,0,613,1
evaluation__27572__deblur__restore__nes__l1,1021,23,-1,0,-1,0
evaluation__27572__deblur__random_walk__random_walk__l1,1024,26,452,1,452,2
evaluation__27572__deblur__confidence_boost__nes__l1,1021,24,-1,0,-1,0
evaluation__27572__deblur__boundary_probe__nes__l1,1021,25,-1,0,681,1
evaluation__27572__deblur__counterfactual__nes__l1,1021,22,-1,0,-1,0
evaluation__29917__denoise__attack__nes__l0.5,1021,23,-1,0,-1,0
evaluation__29917__denoise__restore__nes__l0.5,1021,28,273,7,273,11
evaluation__29917__denoise__random_walk__random_walk__l0.5,1024,29,222,3,72,5
evaluation__29917__denoise__confidence_boost__nes__l0.5,1021,21,-1,0,-1,0
evaluation__29917__denoise__boundary_probe__nes__l0.5,1021,24,-1,0,-1,0
evaluation__29917__denoise__counterfactual__nes__l0.5,1021,26,783,1,783,1
evaluation__29917__deblur__attack__nes__l1,1021,24,-1,0,-1,0
evaluation__29917__deblur__restore__nes__l1,1021,25,-1,0,443,6
evaluation__29917__deblur__random_walk__random_walk__l1,1024,26,621,1,385,3
evaluation__29917__deblur__confidence_boost__nes__l1,1021,23,-1,0,-1,0
evaluation__29917__deblur__boundary_probe__nes__l1,1021,24,-1,0,-1,0
evaluation__29917__deblur__counterfactual__nes__l1,1021,22,-1,0,-1,0
evaluation__31860__denoise__attack__nes__l0.5,1021,25,-1,0,936,1
evaluation__31860__denoise__restore__nes__l0.5,1021,26,885,1,613,2
evaluation__31860__denoise__random_walk__random_walk__l0.5,1024,27,376,1,376,2
evaluation__31860__denoise__confidence_boost__nes__l0.5,1021,23,-1,0,-1,0
evaluation__31860__denoise__boundary_probe__nes__l0.5,1021,23,-1,0,-1,0
evaluation__31860__denoise__counterfactual__nes__l0.5,1021,26,477,1,477,1
evaluation__31860__deblur__attack__nes__l1,1021,22,-1,0,-1,0
evaluation__31860__deblur__restore__nes__l1,1021,24,-1,0,-1,0
evaluation__31860__deblur__random_walk__random_walk__l1,1024,26,971,1,96,5
evaluation__31860__deblur__confidence_boost__nes__l1,1021,25,-1,0,970,1
evaluation__31860__deblur__boundary_probe__nes__l1,1021,20,-1,0,-1,0
evaluation__31860__deblur__counterfactual__nes__l1,1021,23,-1,0,-1,0
evaluation__35188__denoise__attack__nes__l0.5,1021,25,-1,0,392,1
evaluation__35188__denoise__restore__nes__l0.5,1021,27,970,1,970,1
evaluation__35188__denoise__random_walk__random_walk__l0.5,1024,27,501,1,485,2
evaluation__35188__denoise__confidence_boost__nes__l0.5,1021,23,-1,0,-1,0
evaluation__35188__denoise__boundary_probe__nes__l0.5,1021,24,-1,0,-1,0
evaluation__35188__denoise__counterfactual__nes__l0.5,1021,24,-1,0,-1,0
evaluation__35188__deblur__attack__nes__l1,1021,25,-1,0,970,1
evaluation__35188__deblur__restore__nes__l1,1021,25,-1,0,936,2
evaluation__35188__deblur__random_walk__random_walk__l1,1024,25,-1,0,229,2
evaluation__35188__deblur__confidence_boost__nes__l1,1021,25,-1,0,834,2
evaluation__35188__deblur__boundary_probe__nes__l1,1021,24,-1,0,-1,0
evaluation__35188__deblur__counterfactual__nes__l1,1021,24,-1,0,-1,0
evaluation__38643__denoise__attack__nes__l0.5,1021,24,-1,0,-1,0
evaluation__38643__denoise__restore__nes__l0.5,1021,27,409,2,290,3
evaluation__38643__denoise__random_walk__random_walk__l0.5,1024,25,-1,0,96,4
evaluation__38643__denoise__confidence_boost__nes__l0.5,1021,24,-1,0,-1,0
evaluation__38643__denoise__boundary_probe__nes__l0.5,1021,27,885,1,885,2
evaluation__38643__denoise__counterfactual__nes__l0.5,1021,25,-1,0,885,1
evaluation__38643__deblur__attack__nes__l1,1021,23,-1,0,-1,0
evaluation__38643__deblur__restore__nes__l1,1021,23,-1,0,-1,0
evaluation__38643__deblur__random_walk__random_walk__l1,1024,26,256,1,256,1
evaluation__38643__deblur__confidence_boost__nes__l1,1021,24,-1,0,-1,0
evaluation__38643__deblur__boundary_probe__nes__l1,1021,23,-1,0,-1,0
evaluation__38643__deblur__counterfactual__nes__l1,1021,24,-1,0,-1,0
evaluation__42492__denoise__attack__nes__l0.5,1021,24,-1,0,-1,0
evaluation__42492__denoise__restore__nes__l0.5,1021,24,-1,0,-1,0
evaluation__42492__denoise__random_walk__random_walk__l0.5,1024,26,494,1,186,3
evaluation__42492__denoise__confidence_boost__nes__l0.5,1021,24,-1,0,-1,0
evaluation__42492__denoise__boundary_probe__nes__l0.5,1021,24,-1,0,-1,0
evaluation__42492__denoise__counterfactual__nes__l0.5,1021,23,-1,0,-1,0
evaluation__42492__deblur__attack__nes__l1,1021,22,-1,0,-1,0
evaluation__42492__deblur__restore__nes__l1,1021,22,-1,0,-1,0
evaluation__42492__deblur__random_walk__random_walk__l1,1024,26,765,2,765,3
evaluation__42492__deblur__confidence_boost__nes__l1,1021,25,-1,0,443,2
evaluation__42492__deblur__boundary_probe__nes__l1,1021,22,-1,0,-1,0
evaluation__42492__deblur__counterfactual__nes__l1,1021,25,-1,0,970,1
evaluation__43946__denoise__attack__nes__l0.5,1021,23,-1,0,-1,0
evaluation__43946__denoise__restore__nes__l0.5,1021,31,137,27,137,38
evaluation__43946__denoise__random_walk__random_walk__l0.5,1024,26,612,1,384,2
evaluation__43946__denoise__confidence_boost__nes__l0.5,1021,25,-1,0,86,2
evaluation__43946__denoise__boundary_probe__nes__l0.5,1021,25,-1,0,885,1
evaluation__43946__denoise__counterfactual__nes__l0.5,1021,24,-1,0,-1,0
evaluation__43946__deblur__attack__nes__l1,1021,26,273,1,273,2
evaluation__43946__deblur__restore__nes__l1,1021,25,-1,0,1004,1
evaluation__43946__deblur__random_walk__random_walk__l1,1024,27,619,3,619,3
evaluation__43946__deblur__confidence_boost__nes__l1,1021,25,-1,0,1004,1
evaluation__43946__deblur__boundary_probe__nes__l1,1021,23,-1,0,-1,0
evaluation__43946__deblur__counterfactual__nes__l1,1021,26,732,1,732,1
evaluation__48580__denoise__attack__nes__l0.5,1021,23,-1,0,-1,0
evaluation__48580__denoise__restore__nes__l0.5,1021,27,834,1,834,2
evaluation__48580__denoise__random_walk__random_walk__l0.5,1024,26,328,2,58,6
evaluation__48580__denoise__confidence_boost__nes__l0.5,1021,23,-1,0,-1,0
evaluation__48580__denoise__boundary_probe__nes__l0.5,1021,27,324,6,290,11
evaluation__48580__denoise__counterfactual__nes__l0.5,1021,23,-1,0,-1,0
evaluation__48580__deblur__attack__nes__l1,1021,25,-1,0,987,1
evaluation__48580__deblur__restore__nes__l1,1021,25,-1,0,749,3
evaluation__48580__deblur__random_walk__random_walk__l1,1024,28,420,2,420,3
evaluation__48580__deblur__confidence_boost__nes__l1,1021,23,-1,0,-1,0
evaluation__48580__deblur__boundary_probe__nes__l1,1021,26,834,1,834,3
evaluation__48580__deblur__counterfactual__nes__l1,1021,23,-1,0,-1,0
fit__852__denoise__attack__nes__l0.5,1021,25,-1,0,256,1
fit__852__denoise__restore__nes__l0.5,1021,24,-1,0,-1,0
fit__852__denoise__random_walk__random_walk__l0.5,1024,26,800,2,60,4
fit__852__denoise__confidence_boost__nes__l0.5,1021,22,-1,0,-1,0
fit__852__denoise__boundary_probe__nes__l0.5,1021,25,-1,0,358,4
fit__852__denoise__counterfactual__nes__l0.5,1021,24,-1,0,-1,0
fit__852__deblur__attack__nes__l1,1021,26,800,1,511,2
fit__852__deblur__restore__nes__l1,1021,25,-1,0,817,1
fit__852__deblur__random_walk__random_walk__l1,1024,26,299,3,299,4
fit__852__deblur__confidence_boost__nes__l1,1021,22,-1,0,-1,0
fit__852__deblur__boundary_probe__nes__l1,1021,24,-1,0,-1,0
fit__852__deblur__counterfactual__nes__l1,1021,25,-1,0,851,1
fit__5307__denoise__attack__nes__l0.5,1021,23,-1,0,-1,0
fit__5307__denoise__restore__nes__l0.5,1021,23,-1,0,-1,0
fit__5307__denoise__random_walk__random_walk__l0.5,1024,26,742,2,449,4
fit__5307__denoise__confidence_boost__nes__l0.5,1021,24,-1,0,-1,0
fit__5307__denoise__boundary_probe__nes__l0.5,1021,23,-1,0,-1,0
fit__5307__denoise__counterfactual__nes__l0.5,1021,25,-1,0,69,1
fit__5307__deblur__attack__nes__l1,1021,24,-1,0,-1,0
fit__5307__deblur__restore__nes__l1,1021,26,154,2,154,8
fit__5307__deblur__random_walk__random_walk__l1,1024,28,246,1,246,3
fit__5307__deblur__confidence_boost__nes__l1,1021,23,-1,0,-1,0
fit__5307__deblur__boundary_probe__nes__l1,1021,22,-1,0,-1,0
fit__5307__deblur__counterfactual__nes__l1,1021,25,-1,0,834,2
fit__7975__denoise__attack__nes__l0.5,1021,24,-1,0,-1,0
fit__7975__denoise__restore__nes__l0.5,1021,24,-1,0,-1,0
fit__7975__denoise__random_walk__random_walk__l0.5,1024,25,-1,0,643,3
fit__7975__denoise__confidence_boost__nes__l0.5,1021,23,-1,0,-1,0
fit__7975__denoise__boundary_probe__nes__l0.5,1021,23,-1,0,-1,0
fit__7975__denoise__counterfactual__nes__l0.5,1021,28,511,2,358,4
fit__7975__deblur__attack__nes__l1,1021,23,-1,0,-1,0
fit__7975__deblur__restore__nes__l1,1021,26,698,1,698,3
fit__7975__deblur__random_walk__random_walk__l1,1024,26,997,1,641,5
fit__7975__deblur__confidence_boost__nes__l1,1021,23,-1,0,-1,0
fit__7975__deblur__boundary_probe__nes__l1,1021,25,-1,0,52,2
fit__7975__deblur__counterfactual__nes__l1,1021,23,-1,0,-1,0
fit__13198__denoise__attack__nes__l0.5,1021,22,-1,0,-1,0
fit__13198__denoise__restore__nes__l0.5,1021,24,-1,0,-1,0
fit__13198__denoise__random_walk__random_walk__l0.5,1024,24,-1,0,-1,0
fit__13198__denoise__confidence_boost__nes__l0.5,1021,23,-1,0,-1,0
fit__13198__denoise__boundary_probe__nes__l0.5,1021,24,-1,0,-1,0
fit__13198__denoise__counterfactual__nes__l0.5,1021,23,-1,0,-1,0
fit__13198__deblur__attack__nes__l1,1021,21,-1,0,-1,0
fit__13198__deblur__restore__nes__l1,1021,25,-1,0,613,1
fit__13198__deblur__random_walk__random_walk__l1,1024,27,506,2,246,5
fit__13198__deblur__confidence_boost__nes__l1,1021,25,-1,0,290,3
fit__13198__deblur__boundary_probe__nes__l1,1021,23,-1,0,-1,0
fit__13198__deblur__counterfactual__nes__l1,1021,24,-1,0,-1,0
fit__18494__denoise__attack__nes__l0.5,1021,23,-1,0,-1,0
fit__18494__denoise__restore__nes__l0.5,1021,26,1021,1,137,5
fit__18494__denoise__random_walk__random_walk__l0.5,1024,28,156,2,156,4
fit__18494__denoise__confidence_boost__nes__l0.5,1021,24,-1,0,-1,0
fit__18494__denoise__boundary_probe__nes__l0.5,1021,24,-1,0,-1,0
fit__18494__denoise__counterfactual__nes__l0.5,1021,25,-1,0,103,5
fit__18494__deblur__attack__nes__l1,1021,24,-1,0,-1,0
fit__18494__deblur__restore__nes__l1,1021,25,-1,0,732,2
fit__18494__deblur__random_walk__random_walk__l1,1024,26,407,1,407,2
fit__18494__deblur__confidence_boost__nes__l1,1021,22,-1,0,-1,0
fit__18494__deblur__boundary_probe__nes__l1,1021,24,-1,0,-1,0
fit__18494__deblur__counterfactual__nes__l1,1021,25,-1,0,783,1
fit__24247__denoise__attack__nes__l0.5,1021,28,579,1,579,1
fit__24247__denoise__restore__nes__l0.5,1021,29,69,23,69,36
fit__24247__denoise__random_walk__random_walk__l0.5,1024,26,154,2,154,4
fit__24247__denoise__confidence_boost__nes__l0.5,1021,25,-1,0,783,3
fit__24247__denoise__boundary_probe__nes__l0.5,1021,25,-1,0,239,1
fit__24247__denoise__counterfactual__nes__l0.5,1021,23,-1,0,-1,0
fit__24247__deblur__attack__nes__l1,1021,23,-1,0,-1,0
fit__24247__deblur__restore__nes__l1,1021,26,460,1,460,1
fit__24247__deblur__random_walk__random_walk__l1,1024,26,459,1,218,4
fit__24247__deblur__confidence_boost__nes__l1,1021,24,-1,0,-1,0
fit__24247__deblur__boundary_probe__nes__l1,1021,27,511,5,477,6
fit__24247__deblur__counterfactual__nes__l1,1021,26,324,2,324,3
fit__27916__denoise__attack__nes__l0.5,1021,26,953,1,783,2
fit__27916__denoise__restore__nes__l0.5,1021,28,936,2,409,4
fit__27916__denoise__random_walk__random_walk__l0.5,1024,26,810,1,381,2
fit__27916__denoise__confidence_boost__nes__l0.5,1021,21,-1,0,-1,0
fit__27916__denoise__boundary_probe__nes__l0.5,1021,23,-1,0,-1,0
fit__27916__denoise__counterfactual__nes__l0.5,1021,29,341,1,341,1
fit__27916__deblur__attack__nes__l1,1021,24,-1,0,-1,0
fit__27916__deblur__restore__nes__l1,1021,23,-1,0,-1,0
fit__27916__deblur__random_walk__random_walk__l1,1024,28,46,2,46,4
fit__27916__deblur__confidence_boost__nes__l1,1021,28,579,1,579,1
fit__27916__deblur__boundary_probe__nes__l1,1021,24,-1,0,-1,0
fit__27916__deblur__counterfactual__nes__l1,1021,24,-1,0,-1,0
fit__32621__denoise__attack__nes__l0.5,1021,26,596,1,596,1
fit__32621__denoise__restore__nes__l0.5,1021,28,919,2,239,8
fit__32621__denoise__random_walk__random_walk__l0.5,1024,25,-1,0,217,1
fit__32621__denoise__confidence_boost__nes__l0.5,1021,23,-1,0,-1,0
fit__32621__denoise__boundary_probe__nes__l0.5,1021,25,-1,0,205,2
fit__32621__denoise__counterfactual__nes__l0.5,1021,28,256,1,256,1
fit__32621__deblur__attack__nes__l1,1021,22,-1,0,-1,0
fit__32621__deblur__restore__nes__l1,1021,28,375,2,69,8
fit__32621__deblur__random_walk__random_walk__l1,1024,27,167,5,136,11
fit__32621__deblur__confidence_boost__nes__l1,1021,23,-1,0,-1,0
fit__32621__deblur__boundary_probe__nes__l1,1021,24,-1,0,-1,0
fit__32621__deblur__counterfactual__nes__l1,1021,21,-1,0,-1,0
fit__39111__denoise__attack__nes__l0.5,1021,22,-1,0,-1,0
fit__39111__denoise__restore__nes__l0.5,1021,26,834,1,834,1
fit__39111__denoise__random_walk__random_walk__l0.5,1024,26,722,3,722,3
fit__39111__denoise__confidence_boost__nes__l0.5,1021,23,-1,0,-1,0
fit__39111__denoise__boundary_probe__nes__l0.5,1021,22,-1,0,-1,0
fit__39111__denoise__counterfactual__nes__l0.5,1021,24,-1,0,-1,0
fit__39111__deblur__attack__nes__l1,1021,22,-1,0,-1,0
fit__39111__deblur__restore__nes__l1,1021,25,-1,0,307,2
fit__39111__deblur__random_walk__random_walk__l1,1024,27,152,2,148,5
fit__39111__deblur__confidence_boost__nes__l1,1021,24,-1,0,-1,0
fit__39111__deblur__boundary_probe__nes__l1,1021,26,358,1,52,6
fit__39111__deblur__counterfactual__nes__l1,1021,25,-1,0,562,1
fit__44178__denoise__attack__nes__l0.5,1021,26,596,1,341,2
fit__44178__denoise__restore__nes__l0.5,1021,26,800,1,409,3
fit__44178__denoise__random_walk__random_walk__l0.5,1024,27,106,4,106,5
fit__44178__denoise__confidence_boost__nes__l0.5,1021,23,-1,0,-1,0
fit__44178__denoise__boundary_probe__nes__l0.5,1021,23,-1,0,-1,0
fit__44178__denoise__counterfactual__nes__l0.5,1021,23,-1,0,-1,0
fit__44178__deblur__attack__nes__l1,1021,24,-1,0,-1,0
fit__44178__deblur__restore__nes__l1,1021,22,-1,0,-1,0
fit__44178__deblur__random_walk__random_walk__l1,1024,26,177,1,177,3
fit__44178__deblur__confidence_boost__nes__l1,1021,25,-1,0,494,1
fit__44178__deblur__boundary_probe__nes__l1,1021,25,-1,0,375,1
fit__44178__deblur__counterfactual__nes__l1,1021,23,-1,0,-1,0
evaluation__870__denoise__attack__nes__l0.5,1021,24,-1,0,-1,0
evaluation__870__denoise__restore__nes__l0.5,1021,28,341,1,341,2
evaluation__870__denoise__random_walk__random_walk__l0.5,1024,25,-1,0,650,2
evaluation__870__denoise__confidence_boost__nes__l0.5,1021,26,528,1,528,1
evaluation__870__denoise__boundary_probe__nes__l0.5,1021,23,-1,0,-1,0
evaluation__870__denoise__counterfactual__nes__l0.5,1021,23,-1,0,-1,0
evaluation__870__deblur__attack__nes__l1,1021,21,-1,0,-1,0
evaluation__870__deblur__restore__nes__l1,1021,25,-1,0,596,1
evaluation__870__deblur__random_walk__random_walk__l1,1024,26,127,2,127,4
evaluation__870__deblur__confidence_boost__nes__l1,1021,24,-1,0,-1,0
evaluation__870__deblur__boundary_probe__nes__l1,1021,27,868,3,868,3
evaluation__870__deblur__counterfactual__nes__l1,1021,22,-1,0,-1,0
evaluation__2963__denoise__attack__nes__l0.5,1021,23,-1,0,-1,0
evaluation__2963__denoise__restore__nes__l0.5,1021,26,715,1,715,1
evaluation__2963__denoise__random_walk__random_walk__l0.5,1024,25,-1,0,246,3
evaluation__2963__denoise__confidence_boost__nes__l0.5,1021,24,-1,0,-1,0
evaluation__2963__denoise__boundary_probe__nes__l0.5,1021,23,-1,0,-1,0
evaluation__2963__denoise__counterfactual__nes__l0.5,1021,24,-1,0,-1,0
evaluation__2963__deblur__attack__nes__l1,1021,24,-1,0,-1,0
evaluation__2963__deblur__restore__nes__l1,1021,23,-1,0,-1,0
evaluation__2963__deblur__random_walk__random_walk__l1,1024,29,529,1,529,2
evaluation__2963__deblur__confidence_boost__nes__l1,1021,24,-1,0,-1,0
evaluation__2963__deblur__boundary_probe__nes__l1,1021,25,-1,0,783,1
evaluation__2963__deblur__counterfactual__nes__l1,1021,24,-1,0,-1,0
evaluation__5313__denoise__attack__nes__l0.5,1021,26,443,1,443,1
evaluation__5313__denoise__restore__nes__l0.5,1021,22,-1,0,-1,0
evaluation__5313__denoise__random_walk__random_walk__l0.5,1024,25,-1,0,674,4
evaluation__5313__denoise__confidence_boost__nes__l0.5,1021,22,-1,0,-1,0
evaluation__5313__denoise__boundary_probe__nes__l0.5,1021,25,-1,0,256,2
evaluation__5313__denoise__counterfactual__nes__l0.5,1021,24,-1,0,-1,0
evaluation__5313__deblur__attack__nes__l1,1021,24,-1,0,-1,0
evaluation__5313__deblur__restore__nes__l1,1021,26,545,1,545,1
evaluation__5313__deblur__random_walk__random_walk__l1,1024,27,555,2,555,2
evaluation__5313__deblur__confidence_boost__nes__l1,1021,24,-1,0,-1,0
evaluation__5313__deblur__boundary_probe__nes__l1,1021,23,-1,0,-1,0
evaluation__5313__deblur__counterfactual__nes__l1,1021,23,-1,0,-1,0
evaluation__6962__denoise__attack__nes__l0.5,1021,26,715,1,715,1
evaluation__6962__denoise__restore__nes__l0.5,1021,25,-1,0,681,3
evaluation__6962__denoise__random_walk__random_walk__l0.5,1024,27,46,1,46,3
evaluation__6962__denoise__confidence_boost__nes__l0.5,1021,26,528,1,528,1
evaluation__6962__denoise__boundary_probe__nes__l0.5,1021,24,-1,0,-1,0
evaluation__6962__denoise__counterfactual__nes__l0.5,1021,22,-1,0,-1,0
evaluation__6962__deblur__attack__nes__l1,1021,24,-1,0,-1,0
evaluation__6962__deblur__restore__nes__l1,1021,28,698,3,681,5
evaluation__6962__deblur__random_walk__random_walk__l1,1024,26,418,1,323,2
evaluation__6962__deblur__confidence_boost__nes__l1,1021,23,-1,0,-1,0
evaluation__6962__deblur__boundary_probe__nes__l1,1021,24,-1,0,-1,0
evaluation__6962__deblur__counterfactual__nes__l1,1021,24,-1,0,-1,0
evaluation__7963__denoise__attack__nes__l0.5,1021,23,-1,0,-1,0
evaluation__7963__denoise__restore__nes__l0.5,1021,23,-1,0,-1,0
evaluation__7963__denoise__random_walk__random_walk__l0.5,1024,26,147,1,147,3
evaluation__7963__denoise__confidence_boost__nes__l0.5,1021,23,-1,0,-1,0
evaluation__7963__denoise__boundary_probe__nes__l0.5,1021,24,-1,0,-1,0
evaluation__7963__denoise__counterfactual__nes__l0.5,1021,25,-1,0,290,2
evaluation__7963__deblur__attack__nes__l1,1021,23,-1,0,-1,0
evaluation__7963__deblur__restore__nes__l1,1021,25,-1,0,103,1
evaluation__7963__deblur__random_walk__random_walk__l1,1024,27,594,1,594,1
evaluation__7963__deblur__confidence_boost__nes__l1,1021,22,-1,0,-1,0
evaluation__7963__deblur__boundary_probe__nes__l1,1021,27,562,3,375,6
evaluation__7963__deblur__counterfactual__nes__l1,1021,24,-1,0,-1,0
evaluation__11067__denoise__attack__nes__l0.5,1021,21,-1,0,-1,0
evaluation__11067__denoise__restore__nes__l0.5,1021,24,-1,0,-1,0
evaluation__11067__denoise__random_walk__random_walk__l0.5,1024,25,-1,0,897,1
evaluation__11067__denoise__confidence_boost__nes__l0.5,1021,26,783,1,783,2
evaluation__11067__denoise__boundary_probe__nes__l0.5,1021,25,-1,0,1004,2
evaluation__11067__denoise__counterfactual__nes__l0.5,1021,26,851,1,698,2
evaluation__11067__deblur__attack__nes__l1,1021,25,-1,0,477,1
evaluation__11067__deblur__restore__nes__l1,1021,24,-1,0,-1,0
evaluation__11067__deblur__random_walk__random_walk__l1,1024,25,-1,0,142,2
evaluation__11067__deblur__confidence_boost__nes__l1,1021,25,-1,0,783,1
evaluation__11067__deblur__boundary_probe__nes__l1,1021,23,-1,0,-1,0
evaluation__11067__deblur__counterfactual__nes__l1,1021,22,-1,0,-1,0
evaluation__13185__denoise__attack__nes__l0.5,1021,24,-1,0,-1,0
evaluation__13185__denoise__restore__nes__l0.5,1021,25,-1,0,647,4
evaluation__13185__denoise__random_walk__random_walk__l0.5,1024,26,331,2,46,4
evaluation__13185__denoise__confidence_boost__nes__l0.5,1021,23,-1,0,-1,0
evaluation__13185__denoise__boundary_probe__nes__l0.5,1021,24,-1,0,-1,0
evaluation__13185__denoise__counterfactual__nes__l0.5,1021,25,-1,0,766,1
evaluation__13185__deblur__attack__nes__l1,1021,24,-1,0,-1,0
evaluation__13185__deblur__restore__nes__l1,1021,26,953,2,579,3
evaluation__13185__deblur__random_walk__random_walk__l1,1024,25,-1,0,588,2
evaluation__13185__deblur__confidence_boost__nes__l1,1021,23,-1,0,-1,0
evaluation__13185__deblur__boundary_probe__nes__l1,1021,27,596,3,86,8
evaluation__13185__deblur__counterfactual__nes__l1,1021,22,-1,0,-1,0
evaluation__14254__denoise__attack__nes__l0.5,1021,22,-1,0,-1,0
evaluation__14254__denoise__restore__nes__l0.5,1021,26,239,3,239,11
evaluation__14254__denoise__random_walk__random_walk__l0.5,1024,27,76,1,76,4
evaluation__14254__denoise__confidence_boost__nes__l0.5,1021,26,681,1,681,1
evaluation__14254__denoise__boundary_probe__nes__l0.5,1021,24,-1,0,-1,0
evaluation__14254__denoise__counterfactual__nes__l0.5,1021,33,647,2,647,2
evaluation__14254__deblur__attack__nes__l1,1021,23,-1,0,-1,0
evaluation__14254__deblur__restore__nes__l1,1021,25,-1,0,392,2
evaluation__14254__deblur__random_walk__random_walk__l1,1024,26,504,2,320,4
evaluation__14254__deblur__confidence_boost__nes__l1,1021,23,-1,0,-1,0
evaluation__14254__deblur__boundary_probe__nes__l1,1021,24,-1,0,-1,0
evaluation__14254__deblur__counterfactual__nes__l1,1021,24,-1,0,-1,0
evaluation__18467__denoise__attack__nes__l0.5,1021,25,-1,0,324,1
evaluation__18467__denoise__restore__nes__l0.5,1021,26,800,1,205,7
evaluation__18467__denoise__random_walk__random_walk__l0.5,1024,26,553,1,217,4
evaluation__18467__denoise__confidence_boost__nes__l0.5,1021,23,-1,0,-1,0
evaluation__18467__denoise__boundary_probe__nes__l0.5,1021,27,868,1,868,1
evaluation__18467__denoise__counterfactual__nes__l0.5,1021,26,409,1,69,3
evaluation__18467__deblur__attack__nes__l1,1021,24,-1,0,-1,0
evaluation__18467__deblur__restore__nes__l1,1021,25,-1,0,341,2
evaluation__18467__deblur__random_walk__random_walk__l1,1024,26,127,1,127,3
evaluation__18467__deblur__confidence_boost__nes__l1,1021,23,-1,0,-1,0
evaluation__18467__deblur__boundary_probe__nes__l1,1021,22,-1,0,-1,0
evaluation__18467__deblur__counterfactual__nes__l1,1021,26,987,1,732,2
evaluation__20989__denoise__attack__nes__l0.5,1021,24,-1,0,-1,0
evaluation__20989__denoise__restore__nes__l0.5,1021,25,-1,0,1004,1
evaluation__20989__denoise__random_walk__random_walk__l0.5,1024,24,-1,0,-1,0
evaluation__20989__denoise__confidence_boost__nes__l0.5,1021,26,851,1,851,1
evaluation__20989__denoise__boundary_probe__nes__l0.5,1021,26,800,1,800,1
evaluation__20989__denoise__counterfactual__nes__l0.5,1021,23,-1,0,-1,0
evaluation__20989__deblur__attack__nes__l1,1021,25,-1,0,630,1
evaluation__20989__deblur__restore__nes__l1,1021,26,630,1,630,1
evaluation__20989__deblur__random_walk__random_walk__l1,1024,27,182,2,182,2
evaluation__20989__deblur__confidence_boost__nes__l1,1021,24,-1,0,-1,0
evaluation__20989__deblur__boundary_probe__nes__l1,1021,23,-1,0,-1,0
evaluation__20989__deblur__counterfactual__nes__l1,1021,24,-1,0,-1,0
evaluation__24217__denoise__attack__nes__l0.5,1021,25,-1,0,545,1
evaluation__24217__denoise__restore__nes__l0.5,1021,24,-1,0,-1,0
evaluation__24217__denoise__random_walk__random_walk__l0.5,1024,25,-1,0,10,3
evaluation__24217__denoise__confidence_boost__nes__l0.5,1021,23,-1,0,-1,0
evaluation__24217__denoise__boundary_probe__nes__l0.5,1021,25,-1,0,868,1
evaluation__24217__denoise__counterfactual__nes__l0.5,1021,24,-1,0,-1,0
evaluation__24217__deblur__attack__nes__l1,1021,25,-1,0,613,2
evaluation__24217__deblur__restore__nes__l1,1021,23,-1,0,-1,0
evaluation__24217__deblur__random_walk__random_walk__l1,1024,27,376,2,218,4
evaluation__24217__deblur__confidence_boost__nes__l1,1021,26,290,1,290,2
evaluation__24217__deblur__boundary_probe__nes__l1,1021,23,-1,0,-1,0
evaluation__24217__deblur__counterfactual__nes__l1,1021,23,-1,0,-1,0
evaluation__26731__denoise__attack__nes__l0.5,1021,25,-1,0,18,1
evaluation__26731__denoise__restore__nes__l0.5,1021,27,511,2,511,3
evaluation__26731__denoise__random_walk__random_walk__l0.5,1024,26,874,1,119,4
evaluation__26731__denoise__confidence_boost__nes__l0.5,1021,24,-1,0,-1,0
evaluation__26731__denoise__boundary_probe__nes__l0.5,1021,24,-1,0,-1,0
evaluation__26731__denoise__counterfactual__nes__l0.5,1021,25,-1,0,936,1
evaluation__26731__deblur__attack__nes__l1,1021,23,-1,0,-1,0
evaluation__26731__deblur__restore__nes__l1,1021,25,-1,0,137,6
evaluation__26731__deblur__random_walk__random_walk__l1,1024,27,144,3,144,7
evaluation__26731__deblur__confidence_boost__nes__l1,1021,28,154,4,154,5
evaluation__26731__deblur__boundary_probe__nes__l1,1021,28,511,2,443,7
evaluation__26731__deblur__counterfactual__nes__l1,1021,25,-1,0,970,1
evaluation__27903__denoise__attack__nes__l0.5,1021,23,-1,0,-1,0
evaluation__27903__denoise__restore__nes__l0.5,1021,27,443,3,341,5
evaluation__27903__denoise__random_walk__random_walk__l0.5,1024,25,-1,0,316,2
evaluation__27903__denoise__confidence_boost__nes__l0.5,1021,22,-1,0,-1,0
evaluation__27903__denoise__boundary_probe__nes__l0.5,1021,27,341,22,341,30
evaluation__27903__denoise__counterfactual__nes__l0.5,1021,25,-1,0,936,1
evaluation__27903__deblur__attack__nes__l1,1021,25,-1,0,681,1
evaluation__27903__deblur__restore__nes__l1,1021,26,800,2,222,11
evaluation__27903__deblur__random_walk__random_walk__l1,1024,28,63,3,63,5
evaluation__27903__deblur__confidence_boost__nes__l1,1021,23,-1,0,-1,0
evaluation__27903__deblur__boundary_probe__nes__l1,1021,22,-1,0,-1,0
evaluation__27903__deblur__counterfactual__nes__l1,1021,24,-1,0,-1,0
evaluation__29950__denoise__attack__nes__l0.5,1021,24,-1,0,-1,0
evaluation__29950__denoise__restore__nes__l0.5,1021,28,375,5,222,11
evaluation__29950__denoise__random_walk__random_walk__l0.5,1024,27,668,2,58,4
evaluation__29950__denoise__confidence_boost__nes__l0.5,1021,26,749,1,596,3
evaluation__29950__denoise__boundary_probe__nes__l0.5,1021,21,-1,0,-1,0
evaluation__29950__denoise__counterfactual__nes__l0.5,1021,23,-1,0,-1,0
evaluation__29950__deblur__attack__nes__l1,1021,26,392,1,392,2
evaluation__29950__deblur__restore__nes__l1,1021,27,239,5,239,11
evaluation__29950__deblur__random_walk__random_walk__l1,1024,25,-1,0,663,1
evaluation__29950__deblur__confidence_boost__nes__l1,1021,24,-1,0,-1,0
evaluation__29950__deblur__boundary_probe__nes__l1,1021,23,-1,0,-1,0
evaluation__29950__deblur__counterfactual__nes__l1,1021,23,-1,0,-1,0
evaluation__32613__denoise__attack__nes__l0.5,1021,24,-1,0,-1,0
evaluation__32613__denoise__restore__nes__l0.5,1021,27,137,5,137,16
evaluation__32613__denoise__random_walk__random_walk__l0.5,1024,25,-1,0,27,1
evaluation__32613__denoise__confidence_boost__nes__l0.5,1021,21,-1,0,-1,0
evaluation__32613__denoise__boundary_probe__nes__l0.5,1021,28,477,4,477,8
evaluation__32613__denoise__counterfactual__nes__l0.5,1021,22,-1,0,-1,0
evaluation__32613__deblur__attack__nes__l1,1021,27,613,1,596,2
evaluation__32613__deblur__restore__nes__l1,1021,25,-1,0,358,1
evaluation__32613__deblur__random_walk__random_walk__l1,1024,25,-1,0,46,3
evaluation__32613__deblur__confidence_boost__nes__l1,1021,23,-1,0,-1,0
evaluation__32613__deblur__boundary_probe__nes__l1,1021,26,426,1,426,4
evaluation__32613__deblur__counterfactual__nes__l1,1021,25,-1,0,1004,1
evaluation__36078__denoise__attack__nes__l0.5,1021,22,-1,0,-1,0
evaluation__36078__denoise__restore__nes__l0.5,1021,25,-1,0,902,1
evaluation__36078__denoise__random_walk__random_walk__l0.5,1024,24,-1,0,-1,0
evaluation__36078__denoise__confidence_boost__nes__l0.5,1021,25,-1,0,409,1
evaluation__36078__denoise__boundary_probe__nes__l0.5,1021,27,511,1,511,1
evaluation__36078__denoise__counterfactual__nes__l0.5,1021,27,851,1,851,1
evaluation__36078__deblur__attack__nes__l1,1021,23,-1,0,-1,0
evaluation__36078__deblur__restore__nes__l1,1021,28,324,9,324,13
evaluation__36078__deblur__random_walk__random_walk__l1,1024,26,574,1,574,4
evaluation__36078__deblur__confidence_boost__nes__l1,1021,24,-1,0,-1,0
evaluation__36078__deblur__boundary_probe__nes__l1,1021,27,885,1,698,2
evaluation__36078__deblur__counterfactual__nes__l1,1021,24,-1,0,-1,0
evaluation__39105__denoise__attack__nes__l0.5,1021,23,-1,0,-1,0
evaluation__39105__denoise__restore__nes__l0.5,1021,24,-1,0,-1,0
evaluation__39105__denoise__random_walk__random_walk__l0.5,1024,25,-1,0,624,2
evaluation__39105__denoise__confidence_boost__nes__l0.5,1021,22,-1,0,-1,0
evaluation__39105__denoise__boundary_probe__nes__l0.5,1021,26,749,1,749,1
evaluation__39105__denoise__counterfactual__nes__l0.5,1021,23,-1,0,-1,0
evaluation__39105__deblur__attack__nes__l1,1021,25,-1,0,732,1
evaluation__39105__deblur__restore__nes__l1,1021,24,-1,0,-1,0
evaluation__39105__deblur__random_walk__random_walk__l1,1024,25,-1,0,391,2
evaluation__39105__deblur__confidence_boost__nes__l1,1021,23,-1,0,-1,0
evaluation__39105__deblur__boundary_probe__nes__l1,1021,27,868,1,868,1
evaluation__39105__deblur__counterfactual__nes__l1,1021,26,987,1,987,1
evaluation__42574__denoise__attack__nes__l0.5,1021,26,171,1,171,1
evaluation__42574__denoise__restore__nes__l0.5,1021,23,-1,0,-1,0
evaluation__42574__denoise__random_walk__random_walk__l0.5,1024,27,865,1,209,3
evaluation__42574__denoise__confidence_boost__nes__l0.5,1021,28,783,2,783,2
evaluation__42574__denoise__boundary_probe__nes__l0.5,1021,27,647,6,511,15
evaluation__42574__denoise__counterfactual__nes__l0.5,1021,28,885,1,885,1
evaluation__42574__deblur__attack__nes__l1,1021,23,-1,0,-1,0
evaluation__42574__deblur__restore__nes__l1,1021,24,-1,0,-1,0
evaluation__42574__deblur__random_walk__random_walk__l1,1024,26,93,1,93,4
evaluation__42574__deblur__confidence_boost__nes__l1,1021,25,-1,0,596,1
evaluation__42574__deblur__boundary_probe__nes__l1,1021,26,460,1,460,2
evaluation__42574__deblur__counterfactual__nes__l1,1021,22,-1,0,-1,0
evaluation__44154__denoise__attack__nes__l0.5,1021,23,-1,0,-1,0
evaluation__44154__denoise__restore__nes__l0.5,1021,27,664,6,375,10
evaluation__44154__denoise__random_walk__random_walk__l0.5,1024,25,-1,0,547,3
evaluation__44154__denoise__confidence_boost__nes__l0.5,1021,23,-1,0,-1,0
evaluation__44154__denoise__boundary_probe__nes__l0.5,1021,26,885,1,885,1
evaluation__44154__denoise__counterfactual__nes__l0.5,1021,21,-1,0,-1,0
evaluation__44154__deblur__attack__nes__l1,1021,27,715,1,715,1
evaluation__44154__deblur__restore__nes__l1,1021,26,902,1,766,2
evaluation__44154__deblur__random_walk__random_walk__l1,1024,26,32,5,32,8
evaluation__44154__deblur__confidence_boost__nes__l1,1021,22,-1,0,-1,0
evaluation__44154__deblur__boundary_probe__nes__l1,1021,25,-1,0,936,1
evaluation__44154__deblur__counterfactual__nes__l1,1021,22,-1,0,-1,0
evaluation__48661__denoise__attack__nes__l0.5,1021,28,766,1,766,2
evaluation__48661__denoise__restore__nes__l0.5,1021,24,-1,0,-1,0
evaluation__48661__denoise__random_walk__random_walk__l0.5,1024,25,-1,0,106,3
evaluation__48661__denoise__confidence_boost__nes__l0.5,1021,23,-1,0,-1,0
evaluation__48661__denoise__boundary_probe__nes__l0.5,1021,23,-1,0,-1,0
evaluation__48661__denoise__counterfactual__nes__l0.5,1021,24,-1,0,-1,0
evaluation__48661__deblur__attack__nes__l1,1021,26,1004,1,1004,1
evaluation__48661__deblur__restore__nes__l1,1021,25,-1,0,970,1
evaluation__48661__deblur__random_walk__random_walk__l1,1024,27,215,1,215,2
evaluation__48661__deblur__confidence_boost__nes__l1,1021,25,-1,0,987,1
evaluation__48661__deblur__boundary_probe__nes__l1,1021,22,-1,0,-1,0
evaluation__48661__deblur__counterfactual__nes__l1,1021,22,-1,0,-1,0
fit__1530__denoise__attack__nes__l0.5,1021,25,-1,0,647,1
fit__1530__denoise__restore__nes__l0.5,1021,23,-1,0,-1,0
fit__1530__denoise__random_walk__random_walk__l0.5,1024,26,313,1,313,2
fit__1530__denoise__confidence_boost__nes__l0.5,1021,22,-1,0,-1,0
fit__1530__denoise__boundary_probe__nes__l0.5,1021,24,-1,0,-1,0
fit__1530__denoise__counterfactual__nes__l0.5,1021,24,-1,0,-1,0
fit__1530__deblur__attack__nes__l1,1021,23,-1,0,-1,0
fit__1530__deblur__restore__nes__l1,1021,29,307,6,205,10
fit__1530__deblur__random_walk__random_walk__l1,1024,25,-1,0,50,3
fit__1530__deblur__confidence_boost__nes__l1,1021,28,103,2,103,3
fit__1530__deblur__boundary_probe__nes__l1,1021,26,970,1,902,3
fit__1530__deblur__counterfactual__nes__l1,1021,24,-1,0,-1,0
fit__5416__denoise__attack__nes__l0.5,1021,23,-1,0,-1,0
fit__5416__denoise__restore__nes__l0.5,1021,27,494,4,188,9
fit__5416__denoise__random_walk__random_walk__l0.5,1024,25,-1,0,214,4
fit__5416__denoise__confidence_boost__nes__l0.5,1021,26,987,1,987,1
fit__5416__denoise__boundary_probe__nes__l0.5,1021,25,-1,0,970,1
fit__5416__denoise__counterfactual__nes__l0.5,1021,24,-1,0,-1,0
fit__5416__deblur__attack__nes__l1,1021,23,-1,0,-1,0
fit__5416__deblur__restore__nes__l1,1021,27,511,3,86,13
fit__5416__deblur__random_walk__random_walk__l1,1024,28,351,1,179,3
fit__5416__deblur__confidence_boost__nes__l1,1021,24,-1,0,-1,0
fit__5416__deblur__boundary_probe__nes__l1,1021,24,-1,0,-1,0
fit__5416__deblur__counterfactual__nes__l1,1021,23,-1,0,-1,0
fit__8268__denoise__attack__nes__l0.5,1021,24,-1,0,-1,0
fit__8268__denoise__restore__nes__l0.5,1021,28,256,3,103,10
fit__8268__denoise__random_walk__random_walk__l0.5,1024,26,946,1,324,2
fit__8268__denoise__confidence_boost__nes__l0.5,1021,25,-1,0,868,1
fit__8268__denoise__boundary_probe__nes__l0.5,1021,24,-1,0,-1,0
fit__8268__denoise__counterfactual__nes__l0.5,1021,23,-1,0,-1,0
fit__8268__deblur__attack__nes__l1,1021,23,-1,0,-1,0
fit__8268__deblur__restore__nes__l1,1021,24,-1,0,-1,0
fit__8268__deblur__random_walk__random_walk__l1,1024,28,85,2,85,2
fit__8268__deblur__confidence_boost__nes__l1,1021,26,426,1,426,2
fit__8268__deblur__boundary_probe__nes__l1,1021,24,-1,0,-1,0
fit__8268__deblur__counterfactual__nes__l1,1021,28,358,2,358,2
fit__13300__denoise__attack__nes__l0.5,1021,25,-1,0,766,1
fit__13300__denoise__restore__nes__l0.5,1021,25,-1,0,239,1
fit__13300__denoise__random_walk__random_walk__l0.5,1024,25,-1,0,406,2
fit__13300__denoise__confidence_boost__nes__l0.5,1021,24,-1,0,-1,0
fit__13300__denoise__boundary_probe__nes__l0.5,1021,24,-1,0,-1,0
fit__13300__denoise__counterfactual__nes__l0.5,1021,23,-1,0,-1,0
fit__13300__deblur__attack__nes__l1,1021,22,-1,0,-1,0
fit__13300__deblur__restore__nes__l1,1021,26,290,1,256,2
fit__13300__deblur__random_walk__random_walk__l1,1024,27,204,3,204,3
fit__13300__deblur__confidence_boost__nes__l1,1021,23,-1,0,-1,0
fit__13300__deblur__boundary_probe__nes__l1,1021,25,-1,0,443,1
fit__13300__deblur__counterfactual__nes__l1,1021,26,222,1,222,1
fit__18849__denoise__attack__nes__l0.5,1021,25,-1,0,256,1
fit__18849__denoise__restore__nes__l0.5,1021,25,-1,0,222,1
fit__18849__denoise__random_walk__random_walk__l0.5,1024,25,-1,0,123,3
fit__18849__denoise__confidence_boost__nes__l0.5,1021,25,-1,0,851,1
fit__18849__denoise__boundary_probe__nes__l0.5,1021,26,392,3,392,4
fit__18849__denoise__counterfactual__nes__l0.5,1021,26,375,1,375,1
fit__18849__deblur__attack__nes__l1,1021,21,-1,0,-1,0
fit__18849__deblur__restore__nes__l1,1021,24,-1,0,-1,0
fit__18849__deblur__random_walk__random_walk__l1,1024,27,270,5,270,5
fit__18849__deblur__confidence_boost__nes__l1,1021,23,-1,0,-1,0
fit__18849__deblur__boundary_probe__nes__l1,1021,22,-1,0,-1,0
fit__18849__deblur__counterfactual__nes__l1,1021,23,-1,0,-1,0
fit__25558__denoise__attack__nes__l0.5,1021,23,-1,0,-1,0
fit__25558__denoise__restore__nes__l0.5,1021,24,-1,0,-1,0
fit__25558__denoise__random_walk__random_walk__l0.5,1024,25,-1,0,792,1
fit__25558__denoise__confidence_boost__nes__l0.5,1021,24,-1,0,-1,0
fit__25558__denoise__boundary_probe__nes__l0.5,1021,24,-1,0,-1,0
fit__25558__denoise__counterfactual__nes__l0.5,1021,26,324,1,324,1
fit__25558__deblur__attack__nes__l1,1021,24,-1,0,-1,0
fit__25558__deblur__restore__nes__l1,1021,22,-1,0,-1,0
fit__25558__deblur__random_walk__random_walk__l1,1024,27,218,2,33,4
fit__25558__deblur__confidence_boost__nes__l1,1021,24,-1,0,-1,0
fit__25558__deblur__boundary_probe__nes__l1,1021,25,-1,0,919,1
fit__25558__deblur__counterfactual__nes__l1,1021,25,-1,0,800,1
fit__28200__denoise__attack__nes__l0.5,1021,23,-1,0,-1,0
fit__28200__denoise__restore__nes__l0.5,1021,26,783,1,783,2
fit__28200__denoise__random_walk__random_walk__l0.5,1024,26,897,1,335,3
fit__28200__denoise__confidence_boost__nes__l0.5,1021,27,494,1,494,1
fit__28200__denoise__boundary_probe__nes__l0.5,1021,27,222,12,222,24
fit__28200__denoise__counterfactual__nes__l0.5,1021,24,-1,0,-1,0
fit__28200__deblur__attack__nes__l1,1021,23,-1,0,-1,0
fit__28200__deblur__restore__nes__l1,1021,26,681,1,171,3
fit__28200__deblur__random_walk__random_walk__l1,1024,25,-1,0,275,2
fit__28200__deblur__confidence_boost__nes__l1,1021,23,-1,0,-1,0
fit__28200__deblur__boundary_probe__nes__l1,1021,26,987,1,596,2
fit__28200__deblur__counterfactual__nes__l1,1021,23,-1,0,-1,0
fit__32846__denoise__attack__nes__l0.5,1021,25,-1,0,579,1
fit__32846__denoise__restore__nes__l0.5,1021,25,-1,0,579,3
fit__32846__denoise__random_walk__random_walk__l0.5,1024,26,49,2,49,4
fit__32846__denoise__confidence_boost__nes__l0.5,1021,24,-1,0,-1,0
fit__32846__denoise__boundary_probe__nes__l0.5,1021,23,-1,0,-1,0
fit__32846__denoise__counterfactual__nes__l0.5,1021,23,-1,0,-1,0
fit__32846__deblur__attack__nes__l1,1021,25,-1,0,528,1
fit__32846__deblur__restore__nes__l1,1021,24,-1,0,-1,0
fit__32846__deblur__random_walk__random_walk__l1,1024,27,621,1,621,2
fit__32846__deblur__confidence_boost__nes__l1,1021,25,-1,0,919,1
fit__32846__deblur__boundary_probe__nes__l1,1021,24,-1,0,-1,0
fit__32846__deblur__counterfactual__nes__l1,1021,24,-1,0,-1,0
fit__39193__denoise__attack__nes__l0.5,1021,23,-1,0,-1,0
fit__39193__denoise__restore__nes__l0.5,1021,30,239,4,239,5
fit__39193__denoise__random_walk__random_walk__l0.5,1024,25,-1,0,234,2
fit__39193__denoise__confidence_boost__nes__l0.5,1021,23,-1,0,-1,0
fit__39193__denoise__boundary_probe__nes__l0.5,1021,27,460,2,358,6
fit__39193__denoise__counterfactual__nes__l0.5,1021,25,-1,0,970,1
fit__39193__deblur__attack__nes__l1,1021,22,-1,0,-1,0
fit__39193__deblur__restore__nes__l1,1021,26,681,1,290,5
fit__39193__deblur__random_walk__random_walk__l1,1024,27,55,2,35,6
fit__39193__deblur__confidence_boost__nes__l1,1021,23,-1,0,-1,0
fit__39193__deblur__boundary_probe__nes__l1,1021,23,-1,0,-1,0
fit__39193__deblur__counterfactual__nes__l1,1021,24,-1,0,-1,0
fit__44262__denoise__attack__nes__l0.5,1021,25,-1,0,35,1
fit__44262__denoise__restore__nes__l0.5,1021,28,494,12,494,16
fit__44262__denoise__random_walk__random_walk__l0.5,1024,27,54,3,54,7
fit__44262__denoise__confidence_boost__nes__l0.5,1021,23,-1,0,-1,0
fit__44262__denoise__boundary_probe__nes__l0.5,1021,25,-1,0,647,1
fit__44262__denoise__counterfactual__nes__l0.5,1021,24,-1,0,-1,0
fit__44262__deblur__attack__nes__l1,1021,25,-1,0,851,1
fit__44262__deblur__restore__nes__l1,1021,25,-1,0,698,1
fit__44262__deblur__random_walk__random_walk__l1,1024,26,231,2,207,5
fit__44262__deblur__confidence_boost__nes__l1,1021,23,-1,0,-1,0
fit__44262__deblur__boundary_probe__nes__l1,1021,25,-1,0,426,3
fit__44262__deblur__counterfactual__nes__l1,1021,23,-1,0,-1,0
evaluation__892__denoise__attack__nes__l0.5,1021,23,-1,0,-1,0
evaluation__892__denoise__restore__nes__l0.5,1021,27,511,3,460,7
evaluation__892__denoise__random_walk__random_walk__l0.5,1024,26,515,2,365,7
evaluation__892__denoise__confidence_boost__nes__l0.5,1021,26,528,1,273,2
evaluation__892__denoise__boundary_probe__nes__l0.5,1021,25,-1,0,970,2
evaluation__892__denoise__counterfactual__nes__l0.5,1021,23,-1,0,-1,0
evaluation__892__deblur__attack__nes__l1,1021,26,613,1,613,1
evaluation__892__deblur__restore__nes__l1,1021,24,-1,0,-1,0
evaluation__892__deblur__random_walk__random_walk__l1,1024,27,32,2,21,5
evaluation__892__deblur__confidence_boost__nes__l1,1021,25,-1,0,1004,1
evaluation__892__deblur__boundary_probe__nes__l1,1021,25,-1,0,290,4
evaluation__892__deblur__counterfactual__nes__l1,1021,24,-1,0,-1,0
evaluation__2991__denoise__attack__nes__l0.5,1021,23,-1,0,-1,0
evaluation__2991__denoise__restore__nes__l0.5,1021,25,-1,0,851,1
evaluation__2991__denoise__random_walk__random_walk__l0.5,1024,25,-1,0,63,4
evaluation__2991__denoise__confidence_boost__nes__l0.5,1021,27,545,1,511,2
evaluation__2991__denoise__boundary_probe__nes__l0.5,1021,24,-1,0,-1,0
evaluation__2991__denoise__counterfactual__nes__l0.5,1021,23,-1,0,-1,0
evaluation__2991__deblur__attack__nes__l1,1021,25,-1,0,103,1
evaluation__2991__deblur__restore__nes__l1,1021,25,-1,0,528,2
evaluation__2991__deblur__random_walk__random_walk__l1,1024,26,925,2,130,4
evaluation__2991__deblur__confidence_boost__nes__l1,1021,22,-1,0,-1,0
evaluation__2991__deblur__boundary_probe__nes__l1,1021,24,-1,0,-1,0
evaluation__2991__deblur__counterfactual__nes__l1,1021,24,-1,0,-1,0
evaluation__5347__denoise__attack__nes__l0.5,1021,24,-1,0,-1,0
evaluation__5347__denoise__restore__nes__l0.5,1021,27,375,4,375,9
evaluation__5347__denoise__random_walk__random_walk__l0.5,1024,26,30,3,30,8
evaluation__5347__denoise__confidence_boost__nes__l0.5,1021,23,-1,0,-1,0
evaluation__5347__denoise__boundary_probe__nes__l0.5,1021,26,749,1,749,2
evaluation__5347__denoise__counterfactual__nes__l0.5,1021,26,307,1,307,1
evaluation__5347__deblur__attack__nes__l1,1021,23,-1,0,-1,0
evaluation__5347__deblur__restore__nes__l1,1021,30,188,7,154,11
evaluation__5347__deblur__random_walk__random_walk__l1,1024,27,232,1,232,3
evaluation__5347__deblur__confidence_boost__nes__l1,1021,22,-1,0,-1,0
evaluation__5347__deblur__boundary_probe__nes__l1,1021,23,-1,0,-1,0
evaluation__5347__deblur__counterfactual__nes__l1,1021,24,-1,0,-1,0
evaluation__6964__denoise__attack__nes__l0.5,1021,25,-1,0,188,1
evaluation__6964__denoise__restore__nes__l0.5,1021,24,-1,0,-1,0
evaluation__6964__denoise__random_walk__random_walk__l0.5,1024,25,-1,0,50,2
evaluation__6964__denoise__confidence_boost__nes__l0.5,1021,26,834,1,834,3
evaluation__6964__denoise__boundary_probe__nes__l0.5,1021,25,-1,0,222,1
evaluation__6964__denoise__counterfactual__nes__l0.5,1021,23,-1,0,-1,0
evaluation__6964__deblur__attack__nes__l1,1021,23,-1,0,-1,0
evaluation__6964__deblur__restore__nes__l1,1021,26,681,1,681,1
evaluation__6964__deblur__random_walk__random_walk__l1,1024,25,-1,0,36,5
evaluation__6964__deblur__confidence_boost__nes__l1,1021,26,103,1,103,1
evaluation__6964__deblur__boundary_probe__nes__l1,1021,22,-1,0,-1,0
evaluation__6964__deblur__counterfactual__nes__l1,1021,23,-1,0,-1,0
evaluation__7965__denoise__attack__nes__l0.5,1021,24,-1,0,-1,0
evaluation__7965__denoise__restore__nes__l0.5,1021,27,715,1,171,12
evaluation__7965__denoise__random_walk__random_walk__l0.5,1024,25,-1,0,829,1
evaluation__7965__denoise__confidence_boost__nes__l0.5,1021,24,-1,0,-1,0
evaluation__7965__denoise__boundary_probe__nes__l0.5,1021,28,681,3,681,4
evaluation__7965__denoise__counterfactual__nes__l0.5,1021,26,885,1,766,2
evaluation__7965__deblur__attack__nes__l1,1021,25,-1,0,868,1
evaluation__7965__deblur__restore__nes__l1,1021,24,-1,0,-1,0
evaluation__7965__deblur__random_walk__random_walk__l1,1024,26,558,3,117,5
evaluation__7965__deblur__confidence_boost__nes__l1,1021,22,-1,0,-1,0
evaluation__7965__deblur__boundary_probe__nes__l1,1021,24,-1,0,-1,0
evaluation__7965__deblur__counterfactual__nes__l1,1021,22,-1,0,-1,0
evaluation__11082__denoise__attack__nes__l0.5,1021,26,783,1,783,1
evaluation__11082__denoise__restore__nes__l0.5,1021,25,-1,0,987,1
evaluation__11082__denoise__random_walk__random_walk__l0.5,1024,26,581,1,342,3
evaluation__11082__denoise__confidence_boost__nes__l0.5,1021,22,-1,0,-1,0
evaluation__11082__denoise__boundary_probe__nes__l0.5,1021,23,-1,0,-1,0
evaluation__11082__denoise__counterfactual__nes__l0.5,1021,25,-1,0,188,2
evaluation__11082__deblur__attack__nes__l1,1021,23,-1,0,-1,0
evaluation__11082__deblur__restore__nes__l1,1021,25,-1,0,596,1
evaluation__11082__deblur__random_walk__random_walk__l1,1024,25,-1,0,200,3
evaluation__11082__deblur__confidence_boost__nes__l1,1021,24,-1,0,-1,0
evaluation__11082__deblur__boundary_probe__nes__l1,1021,26,477,3,477,4
evaluation__11082__deblur__counterfactual__nes__l1,1021,23,-1,0,-1,0
evaluation__13191__denoise__attack__nes__l0.5,1021,25,-1,0,1004,1
evaluation__13191__denoise__restore__nes__l0.5,1021,26,52,2,52,9
evaluation__13191__denoise__random_walk__random_walk__l0.5,1024,25,-1,0,162,5
evaluation__13191__denoise__confidence_boost__nes__l0.5,1021,23,-1,0,-1,0
evaluation__13191__denoise__boundary_probe__nes__l0.5,1021,24,-1,0,-1,0
evaluation__13191__denoise__counterfactual__nes__l0.5,1021,26,868,1,868,2
evaluation__13191__deblur__attack__nes__l1,1021,25,-1,0,766,1
evaluation__13191__deblur__restore__nes__l1,1021,24,-1,0,-1,0
evaluation__13191__deblur__random_walk__random_walk__l1,1024,25,-1,0,171,4
evaluation__13191__deblur__confidence_boost__nes__l1,1021,26,919,1,902,2
evaluation__13191__deblur__boundary_probe__nes__l1,1021,23,-1,0,-1,0
evaluation__13191__deblur__counterfactual__nes__l1,1021,25,-1,0,477,2
evaluation__14275__denoise__attack__nes__l0.5,1021,26,766,2,664,6
evaluation__14275__denoise__restore__nes__l0.5,1021,27,409,5,307,14
evaluation__14275__denoise__random_walk__random_walk__l0.5,1024,26,849,1,313,3
evaluation__14275__denoise__confidence_boost__nes__l0.5,1021,24,-1,0,-1,0
evaluation__14275__denoise__boundary_probe__nes__l0.5,1021,26,494,1,494,1
evaluation__14275__denoise__counterfactual__nes__l0.5,1021,22,-1,0,-1,0
evaluation__14275__deblur__attack__nes__l1,1021,25,-1,0,171,1
evaluation__14275__deblur__restore__nes__l1,1021,24,-1,0,-1,0
evaluation__14275__deblur__random_walk__random_walk__l1,1024,25,-1,0,570,3
evaluation__14275__deblur__confidence_boost__nes__l1,1021,23,-1,0,-1,0
evaluation__14275__deblur__boundary_probe__nes__l1,1021,25,-1,0,613,2
evaluation__14275__deblur__counterfactual__nes__l1,1021,23,-1,0,-1,0
evaluation__18475__denoise__attack__nes__l0.5,1021,24,-1,0,-1,0
evaluation__18475__denoise__restore__nes__l0.5,1021,27,511,1,511,2
evaluation__18475__denoise__random_walk__random_walk__l0.5,1024,28,52,2,3,4
evaluation__18475__denoise__confidence_boost__nes__l0.5,1021,22,-1,0,-1,0
evaluation__18475__denoise__boundary_probe__nes__l0.5,1021,29,324,5,205,11
evaluation__18475__denoise__counterfactual__nes__l0.5,1021,29,936,1,324,2
evaluation__18475__deblur__attack__nes__l1,1021,23,-1,0,-1,0
evaluation__18475__deblur__restore__nes__l1,1021,22,-1,0,-1,0
evaluation__18475__deblur__random_walk__random_walk__l1,1024,25,-1,0,126,3
evaluation__18475__deblur__confidence_boost__nes__l1,1021,22,-1,0,-1,0
evaluation__18475__deblur__boundary_probe__nes__l1,1021,23,-1,0,-1,0
evaluation__18475__deblur__counterfactual__nes__l1,1021,23,-1,0,-1,0
evaluation__20996__denoise__attack__nes__l0.5,1021,23,-1,0,-1,0
evaluation__20996__denoise__restore__nes__l0.5,1021,22,-1,0,-1,0
evaluation__20996__denoise__random_walk__random_walk__l0.5,1024,26,131,3,131,4
evaluation__20996__denoise__confidence_boost__nes__l0.5,1021,26,817,1,749,2
evaluation__20996__denoise__boundary_probe__nes__l0.5,1021,29,528,6,528,12
evaluation__20996__denoise__counterfactual__nes__l0.5,1021,25,-1,0,579,1
evaluation__20996__deblur__attack__nes__l1,1021,25,-1,0,715,1
evaluation__20996__deblur__restore__nes__l1,1021,25,-1,0,307,2
evaluation__20996__deblur__random_walk__random_walk__l1,1024,26,657,1,123,3
evaluation__20996__deblur__confidence_boost__nes__l1,1021,25,-1,0,596,1
evaluation__20996__deblur__boundary_probe__nes__l1,1021,23,-1,0,-1,0
evaluation__20996__deblur__counterfactual__nes__l1,1021,23,-1,0,-1,0
evaluation__24245__denoise__attack__nes__l0.5,1021,30,834,1,834,1
evaluation__24245__denoise__restore__nes__l0.5,1021,26,358,1,358,2
evaluation__24245__denoise__random_walk__random_walk__l0.5,1024,27,830,2,59,5
evaluation__24245__denoise__confidence_boost__nes__l0.5,1021,23,-1,0,-1,0
evaluation__24245__denoise__boundary_probe__nes__l0.5,1021,26,664,1,664,1
evaluation__24245__denoise__counterfactual__nes__l0.5,1021,24,-1,0,-1,0
evaluation__24245__deblur__attack__nes__l1,1021,24,-1,0,-1,0
evaluation__24245__deblur__restore__nes__l1,1021,26,562,1,273,5
evaluation__24245__deblur__random_walk__random_walk__l1,1024,25,-1,0,85,1
evaluation__24245__deblur__confidence_boost__nes__l1,1021,27,307,3,307,6
evaluation__24245__deblur__boundary_probe__nes__l1,1021,24,-1,0,-1,0
evaluation__24245__deblur__counterfactual__nes__l1,1021,23,-1,0,-1,0
evaluation__26742__denoise__attack__nes__l0.5,1021,25,-1,0,324,1
evaluation__26742__denoise__restore__nes__l0.5,1021,26,766,1,443,5
evaluation__26742__denoise__random_walk__random_walk__l0.5,1024,26,102,1,102,6
evaluation__26742__denoise__confidence_boost__nes__l0.5,1021,22,-1,0,-1,0
evaluation__26742__denoise__boundary_probe__nes__l0.5,1021,27,732,1,647,2
evaluation__26742__denoise__counterfactual__nes__l0.5,1021,27,851,1,851,1
evaluation__26742__deblur__attack__nes__l1,1021,24,-1,0,-1,0
evaluation__26742__deblur__restore__nes__l1,1021,28,137,15,137,25
evaluation__26742__deblur__random_walk__random_walk__l1,1024,27,128,2,20,3
evaluation__26742__deblur__confidence_boost__nes__l1,1021,26,766,1,715,2
evaluation__26742__deblur__boundary_probe__nes__l1,1021,25,-1,0,732,2
evaluation__26742__deblur__counterfactual__nes__l1,1021,24,-1,0,-1,0
evaluation__27931__denoise__attack__nes__l0.5,1021,23,-1,0,-1,0
evaluation__27931__denoise__restore__nes__l0.5,1021,27,596,3,443,10
evaluation__27931__denoise__random_walk__random_walk__l0.5,1024,27,392,1,299,5
evaluation__27931__denoise__confidence_boost__nes__l0.5,1021,27,579,2,579,3
evaluation__27931__denoise__boundary_probe__nes__l0.5,1021,22,-1,0,-1,0
evaluation__27931__denoise__counterfactual__nes__l0.5,1021,25,-1,0,86,1
evaluation__27931__deblur__attack__nes__l1,1021,24,-1,0,-1,0
evaluation__27931__deblur__restore__nes__l1,1021,27,545,2,545,4
evaluation__27931__deblur__random_walk__random_walk__l1,1024,26,558,2,558,5
evaluation__27931__deblur__confidence_boost__nes__l1,1021,26,630,1,630,1
evaluation__27931__deblur__boundary_probe__nes__l1,1021,26,698,2,392,5
evaluation__27931__deblur__counterfactual__nes__l1,1021,23,-1,0,-1,0
evaluation__29999__denoise__attack__nes__l0.5,1021,26,732,1,732,1
evaluation__29999__denoise__restore__nes__l0.5,1021,26,511,2,511,4
evaluation__29999__denoise__random_walk__random_walk__l0.5,1024,27,235,2,235,2
evaluation__29999__denoise__confidence_boost__nes__l0.5,1021,23,-1,0,-1,0
evaluation__29999__denoise__boundary_probe__nes__l0.5,1021,24,-1,0,-1,0
evaluation__29999__denoise__counterfactual__nes__l0.5,1021,26,800,1,732,2
evaluation__29999__deblur__attack__nes__l1,1021,26,936,1,936,1
evaluation__29999__deblur__restore__nes__l1,1021,28,426,1,426,2
evaluation__29999__deblur__random_walk__random_walk__l1,1024,27,909,1,50,4
evaluation__29999__deblur__confidence_boost__nes__l1,1021,23,-1,0,-1,0
evaluation__29999__deblur__boundary_probe__nes__l1,1021,23,-1,0,-1,0
evaluation__29999__deblur__counterfactual__nes__l1,1021,23,-1,0,-1,0
evaluation__32644__denoise__attack__nes__l0.5,1021,23,-1,0,-1,0
evaluation__32644__denoise__restore__nes__l0.5,1021,28,494,2,205,5
evaluation__32644__denoise__random_walk__random_walk__l0.5,1024,25,-1,0,778,1
evaluation__32644__denoise__confidence_boost__nes__l0.5,1021,25,-1,0,987,1
evaluation__32644__denoise__boundary_probe__nes__l0.5,1021,24,-1,0,-1,0
evaluation__32644__denoise__counterfactual__nes__l0.5,1021,25,-1,0,885,2
evaluation__32644__deblur__attack__nes__l1,1021,24,-1,0,-1,0
evaluation__32644__deblur__restore__nes__l1,1021,23,-1,0,-1,0
evaluation__32644__deblur__random_walk__random_walk__l1,1024,27,115,2,115,2
evaluation__32644__deblur__confidence_boost__nes__l1,1021,24,-1,0,-1,0
evaluation__32644__deblur__boundary_probe__nes__l1,1021,24,-1,0,-1,0
evaluation__32644__deblur__counterfactual__nes__l1,1021,21,-1,0,-1,0
evaluation__36085__denoise__attack__nes__l0.5,1021,23,-1,0,-1,0
evaluation__36085__denoise__restore__nes__l0.5,1021,27,647,1,307,5
evaluation__36085__denoise__random_walk__random_walk__l0.5,1024,25,-1,0,593,2
evaluation__36085__denoise__confidence_boost__nes__l0.5,1021,24,-1,0,-1,0
evaluation__36085__denoise__boundary_probe__nes__l0.5,1021,25,-1,0,426,1
evaluation__36085__denoise__counterfactual__nes__l0.5,1021,23,-1,0,-1,0
evaluation__36085__deblur__attack__nes__l1,1021,23,-1,0,-1,0
evaluation__36085__deblur__restore__nes__l1,1021,25,-1,0,324,2
evaluation__36085__deblur__random_walk__random_walk__l1,1024,25,-1,0,367,1
evaluation__36085__deblur__confidence_boost__nes__l1,1021,25,-1,0,222,1
evaluation__36085__deblur__boundary_probe__nes__l1,1021,24,-1,0,-1,0
evaluation__36085__deblur__counterfactual__nes__l1,1021,24,-1,0,-1,0
evaluation__39109__denoise__attack__nes__l0.5,1021,26,732,1,732,1
evaluation__39109__denoise__restore__nes__l0.5,1021,27,188,5,188,11
evaluation__39109__denoise__random_walk__random_walk__l0.5,1024,25,-1,0,823,1
evaluation__39109__denoise__confidence_boost__nes__l0.5,1021,25,-1,0,562,1
evaluation__39109__denoise__boundary_probe__nes__l0.5,1021,27,749,3,749,5
evaluation__39109__denoise__counterfactual__nes__l0.5,1021,25,-1,0,86,2
evaluation__39109__deblur__attack__nes__l1,1021,24,-1,0,-1,0
evaluation__39109__deblur__restore__nes__l1,1021,27,494,4,18,9
evaluation__39109__deblur__random_walk__random_walk__l1,1024,27,39,3,39,4
evaluation__39109__deblur__confidence_boost__nes__l1,1021,26,460,4,409,12
evaluation__39109__deblur__boundary_probe__nes__l1,1021,26,1004,1,324,3
evaluation__39109__deblur__counterfactual__nes__l1,1021,24,-1,0,-1,0
evaluation__42595__denoise__attack__nes__l0.5,1021,25,-1,0,613,1
evaluation__42595__denoise__restore__nes__l0.5,1021,26,1004,1,375,2
evaluation__42595__denoise__random_walk__random_walk__l0.5,1024,27,20,1,20,2
evaluation__42595__denoise__confidence_boost__nes__l0.5,1021,26,630,1,613,2
evaluation__42595__denoise__boundary_probe__nes__l0.5,1021,26,681,3,511,7
evaluation__42595__denoise__counterfactual__nes__l0.5,1021,26,987,1,987,1
evaluation__42595__deblur__attack__nes__l1,1021,22,-1,0,-1,0
evaluation__42595__deblur__restore__nes__l1,1021,24,-1,0,-1,0
evaluation__42595__deblur__random_walk__random_walk__l1,1024,25,-1,0,433,1
evaluation__42595__deblur__confidence_boost__nes__l1,1021,25,-1,0,1004,1
evaluation__42595__deblur__boundary_probe__nes__l1,1021,25,-1,0,392,5
evaluation__42595__deblur__counterfactual__nes__l1,1021,24,-1,0,-1,0
evaluation__44169__denoise__attack__nes__l0.5,1021,23,-1,0,-1,0
evaluation__44169__denoise__restore__nes__l0.5,1021,26,545,1,545,3
evaluation__44169__denoise__random_walk__random_walk__l0.5,1024,27,457,3,457,7
evaluation__44169__denoise__confidence_boost__nes__l0.5,1021,24,-1,0,-1,0
evaluation__44169__denoise__boundary_probe__nes__l0.5,1021,22,-1,0,-1,0
evaluation__44169__denoise__counterfactual__nes__l0.5,1021,21,-1,0,-1,0
evaluation__44169__deblur__attack__nes__l1,1021,22,-1,0,-1,0
evaluation__44169__deblur__restore__nes__l1,1021,28,426,2,426,6
evaluation__44169__deblur__random_walk__random_walk__l1,1024,26,570,1,570,1
evaluation__44169__deblur__confidence_boost__nes__l1,1021,23,-1,0,-1,0
evaluation__44169__deblur__boundary_probe__nes__l1,1021,26,885,1,562,3
evaluation__44169__deblur__counterfactual__nes__l1,1021,25,-1,0,817,1
evaluation__48693__denoise__attack__nes__l0.5,1021,25,-1,0,817,1
evaluation__48693__denoise__restore__nes__l0.5,1021,24,-1,0,-1,0
evaluation__48693__denoise__random_walk__random_walk__l0.5,1024,28,80,2,47,6
evaluation__48693__denoise__confidence_boost__nes__l0.5,1021,23,-1,0,-1,0
evaluation__48693__denoise__boundary_probe__nes__l0.5,1021,22,-1,0,-1,0
evaluation__48693__denoise__counterfactual__nes__l0.5,1021,24,-1,0,-1,0
evaluation__48693__deblur__attack__nes__l1,1021,24,-1,0,-1,0
evaluation__48693__deblur__restore__nes__l1,1021,24,-1,0,-1,0
evaluation__48693__deblur__random_walk__random_walk__l1,1024,27,200,2,200,4
evaluation__48693__deblur__confidence_boost__nes__l1,1021,25,-1,0,834,1
evaluation__48693__deblur__boundary_probe__nes__l1,1021,24,-1,0,-1,0
evaluation__48693__deblur__counterfactual__nes__l1,1021,23,-1,0,-1,0
fit__1910__denoise__attack__nes__l0.5,1021,22,-1,0,-1,0
fit__1910__denoise__restore__nes__l0.5,1021,23,-1,0,-1,0
fit__1910__denoise__random_walk__random_walk__l0.5,1024,26,139,1,139,2
fit__1910__denoise__confidence_boost__nes__l0.5,1021,25,-1,0,919,1
fit__1910__denoise__boundary_probe__nes__l0.5,1021,25,-1,0,630,1
fit__1910__denoise__counterfactual__nes__l0.5,1021,26,443,1,443,1
fit__1910__deblur__attack__nes__l1,1021,22,-1,0,-1,0
fit__1910__deblur__restore__nes__l1,1021,26,766,3,409,6
fit__1910__deblur__random_walk__random_walk__l1,1024,26,171,1,171,1
fit__1910__deblur__confidence_boost__nes__l1,1021,23,-1,0,-1,0
fit__1910__deblur__boundary_probe__nes__l1,1021,24,-1,0,-1,0
fit__1910__deblur__counterfactual__nes__l1,1021,22,-1,0,-1,0
fit__5923__denoise__attack__nes__l0.5,1021,23,-1,0,-1,0
fit__5923__denoise__restore__nes__l0.5,1021,27,664,2,596,5
fit__5923__denoise__random_walk__random_walk__l0.5,1024,26,124,1,124,4
fit__5923__denoise__confidence_boost__nes__l0.5,1021,23,-1,0,-1,0
fit__5923__denoise__boundary_probe__nes__l0.5,1021,21,-1,0,-1,0
fit__5923__denoise__counterfactual__nes__l0.5,1021,22,-1,0,-1,0
fit__5923__deblur__attack__nes__l1,1021,26,443,1,443,2
fit__5923__deblur__restore__nes__l1,1021,31,273,30,18,40
fit__5923__deblur__random_walk__random_walk__l1,1024,26,58,3,58,6
fit__5923__deblur__confidence_boost__nes__l1,1021,25,-1,0,987,1
fit__5923__deblur__boundary_probe__nes__l1,1021,25,-1,0,970,1
fit__5923__deblur__counterfactual__nes__l1,1021,23,-1,0,-1,0
fit__8421__denoise__attack__nes__l0.5,1021,27,783,2,783,2
fit__8421__denoise__restore__nes__l0.5,1021,26,256,1,69,10
fit__8421__denoise__random_walk__random_walk__l0.5,1024,27,95,2,95,4
fit__8421__denoise__confidence_boost__nes__l0.5,1021,24,-1,0,-1,0
fit__8421__denoise__boundary_probe__nes__l0.5,1021,25,-1,0,341,2
fit__8421__denoise__counterfactual__nes__l0.5,1021,23,-1,0,-1,0
fit__8421__deblur__attack__nes__l1,1021,26,987,1,443,2
fit__8421__deblur__restore__nes__l1,1021,28,562,3,409,6
fit__8421__deblur__random_walk__random_walk__l1,1024,27,745,2,745,3
fit__8421__deblur__confidence_boost__nes__l1,1021,27,800,1,800,1
fit__8421__deblur__boundary_probe__nes__l1,1021,25,-1,0,953,1
fit__8421__deblur__counterfactual__nes__l1,1021,25,-1,0,698,1
fit__13595__denoise__attack__nes__l0.5,1021,25,-1,0,936,1
fit__13595__denoise__restore__nes__l0.5,1021,25,-1,0,494,1
fit__13595__denoise__random_walk__random_walk__l0.5,1024,26,595,2,211,5
fit__13595__denoise__confidence_boost__nes__l0.5,1021,23,-1,0,-1,0
fit__13595__denoise__boundary_probe__nes__l0.5,1021,24,-1,0,-1,0
fit__13595__denoise__counterfactual__nes__l0.5,1021,26,528,1,511,2
fit__13595__deblur__attack__nes__l1,1021,23,-1,0,-1,0
fit__13595__deblur__restore__nes__l1,1021,24,-1,0,-1,0
fit__13595__deblur__random_walk__random_walk__l1,1024,25,-1,0,96,2
fit__13595__deblur__confidence_boost__nes__l1,1021,24,-1,0,-1,0
fit__13595__deblur__boundary_probe__nes__l1,1021,25,-1,0,987,1
fit__13595__deblur__counterfactual__nes__l1,1021,23,-1,0,-1,0
fit__19261__denoise__attack__nes__l0.5,1021,21,-1,0,-1,0
fit__19261__denoise__restore__nes__l0.5,1021,25,-1,0,307,1
fit__19261__denoise__random_walk__random_walk__l0.5,1024,26,651,1,651,2
fit__19261__denoise__confidence_boost__nes__l0.5,1021,25,-1,0,613,3
fit__19261__denoise__boundary_probe__nes__l0.5,1021,24,-1,0,-1,0
fit__19261__denoise__counterfactual__nes__l0.5,1021,22,-1,0,-1,0
fit__19261__deblur__attack__nes__l1,1021,24,-1,0,-1,0
fit__19261__deblur__restore__nes__l1,1021,23,-1,0,-1,0
fit__19261__deblur__random_walk__random_walk__l1,1024,26,513,1,353,3
fit__19261__deblur__confidence_boost__nes__l1,1021,23,-1,0,-1,0
fit__19261__deblur__boundary_probe__nes__l1,1021,25,-1,0,239,1
fit__19261__deblur__counterfactual__nes__l1,1021,25,-1,0,630,1
fit__25650__denoise__attack__nes__l0.5,1021,24,-1,0,-1,0
fit__25650__denoise__restore__nes__l0.5,1021,25,-1,0,1004,1
fit__25650__denoise__random_walk__random_walk__l0.5,1024,26,322,5,110,9
fit__25650__denoise__confidence_boost__nes__l0.5,1021,26,477,2,477,4
fit__25650__denoise__boundary_probe__nes__l0.5,1021,24,-1,0,-1,0
fit__25650__denoise__counterfactual__nes__l0.5,1021,25,-1,0,834,1
fit__25650__deblur__attack__nes__l1,1021,24,-1,0,-1,0
fit__25650__deblur__restore__nes__l1,1021,25,-1,0,460,1
fit__25650__deblur__random_walk__random_walk__l1,1024,26,889,1,151,2
fit__25650__deblur__confidence_boost__nes__l1,1021,22,-1,0,-1,0
fit__25650__deblur__boundary_probe__nes__l1,1021,25,-1,0,800,1
fit__25650__deblur__counterfactual__nes__l1,1021,23,-1,0,-1,0
fit__28556__denoise__attack__nes__l0.5,1021,22,-1,0,-1,0
fit__28556__denoise__restore__nes__l0.5,1021,23,-1,0,-1,0
fit__28556__denoise__random_walk__random_walk__l0.5,1024,26,211,2,49,3
fit__28556__denoise__confidence_boost__nes__l0.5,1021,21,-1,0,-1,0
fit__28556__denoise__boundary_probe__nes__l0.5,1021,23,-1,0,-1,0
fit__28556__denoise__counterfactual__nes__l0.5,1021,25,-1,0,647,1
fit__28556__deblur__attack__nes__l1,1021,21,-1,0,-1,0
fit__28556__deblur__restore__nes__l1,1021,23,-1,0,-1,0
fit__28556__deblur__random_walk__random_walk__l1,1024,27,539,4,539,5
fit__28556__deblur__confidence_boost__nes__l1,1021,23,-1,0,-1,0
fit__28556__deblur__boundary_probe__nes__l1,1021,25,-1,0,630,1
fit__28556__deblur__counterfactual__nes__l1,1021,23,-1,0,-1,0
fit__33014__denoise__attack__nes__l0.5,1021,24,-1,0,-1,0
fit__33014__denoise__restore__nes__l0.5,1021,24,-1,0,-1,0
fit__33014__denoise__random_walk__random_walk__l0.5,1024,26,589,3,589,4
fit__33014__denoise__confidence_boost__nes__l0.5,1021,22,-1,0,-1,0
fit__33014__denoise__boundary_probe__nes__l0.5,1021,27,783,2,783,3
fit__33014__denoise__counterfactual__nes__l0.5,1021,24,-1,0,-1,0
fit__33014__deblur__attack__nes__l1,1021,23,-1,0,-1,0
fit__33014__deblur__restore__nes__l1,1021,27,579,1,579,1
fit__33014__deblur__random_walk__random_walk__l1,1024,25,-1,0,688,3
fit__33014__deblur__confidence_boost__nes__l1,1021,24,-1,0,-1,0
fit__33014__deblur__boundary_probe__nes__l1,1021,23,-1,0,-1,0
fit__33014__deblur__counterfactual__nes__l1,1021,22,-1,0,-1,0
fit__39387__denoise__attack__nes__l0.5,1021,24,-1,0,-1,0
fit__39387__denoise__restore__nes__l0.5,1021,24,-1,0,-1,0
fit__39387__denoise__random_walk__random_walk__l0.5,1024,25,-1,0,97,6
fit__39387__denoise__confidence_boost__nes__l0.5,1021,25,-1,0,596,1
fit__39387__denoise__boundary_probe__nes__l0.5,1021,25,-1,0,256,1
fit__39387__denoise__counterfactual__nes__l0.5,1021,23,-1,0,-1,0
fit__39387__deblur__attack__nes__l1,1021,23,-1,0,-1,0
fit__39387__deblur__restore__nes__l1,1021,25,-1,0,324,3
fit__39387__deblur__random_walk__random_walk__l1,1024,25,-1,0,322,1
fit__39387__deblur__confidence_boost__nes__l1,1021,24,-1,0,-1,0
fit__39387__deblur__boundary_probe__nes__l1,1021,27,698,1,698,1
fit__39387__deblur__counterfactual__nes__l1,1021,23,-1,0,-1,0
fit__45958__denoise__attack__nes__l0.5,1021,24,-1,0,-1,0
fit__45958__denoise__restore__nes__l0.5,1021,26,239,1,239,4
fit__45958__denoise__random_walk__random_walk__l0.5,1024,24,-1,0,-1,0
fit__45958__denoise__confidence_boost__nes__l0.5,1021,24,-1,0,-1,0
fit__45958__denoise__boundary_probe__nes__l0.5,1021,22,-1,0,-1,0
fit__45958__denoise__counterfactual__nes__l0.5,1021,30,86,8,86,12
fit__45958__deblur__attack__nes__l1,1021,24,-1,0,-1,0
fit__45958__deblur__restore__nes__l1,1021,25,-1,0,936,1
fit__45958__deblur__random_walk__random_walk__l1,1024,27,244,4,244,6
fit__45958__deblur__confidence_boost__nes__l1,1021,23,-1,0,-1,0
fit__45958__deblur__boundary_probe__nes__l1,1021,27,698,3,222,8
fit__45958__deblur__counterfactual__nes__l1,1021,28,630,2,630,3
evaluation__1501__denoise__attack__nes__l0.5,1021,24,-1,0,-1,0
evaluation__1501__denoise__restore__nes__l0.5,1021,26,171,2,171,7
evaluation__1501__denoise__random_walk__random_walk__l0.5,1024,27,13,2,13,4
evaluation__1501__denoise__confidence_boost__nes__l0.5,1021,24,-1,0,-1,0
evaluation__1501__denoise__boundary_probe__nes__l0.5,1021,27,222,1,222,2
evaluation__1501__denoise__counterfactual__nes__l0.5,1021,23,-1,0,-1,0
evaluation__1501__deblur__attack__nes__l1,1021,24,-1,0,-1,0
evaluation__1501__deblur__restore__nes__l1,1021,27,562,2,256,7
evaluation__1501__deblur__random_walk__random_walk__l1,1024,27,328,2,328,3
evaluation__1501__deblur__confidence_boost__nes__l1,1021,24,-1,0,-1,0
evaluation__1501__deblur__boundary_probe__nes__l1,1021,28,800,3,511,12
evaluation__1501__deblur__counterfactual__nes__l1,1021,26,188,3,188,3
evaluation__3006__denoise__attack__nes__l0.5,1021,21,-1,0,-1,0
evaluation__3006__denoise__restore__nes__l0.5,1021,24,-1,0,-1,0
evaluation__3006__denoise__random_walk__random_walk__l0.5,1024,25,-1,0,345,2
evaluation__3006__denoise__confidence_boost__nes__l0.5,1021,19,-1,0,-1,0
evaluation__3006__denoise__boundary_probe__nes__l0.5,1021,24,-1,0,-1,0
evaluation__3006__denoise__counterfactual__nes__l0.5,1021,22,-1,0,-1,0
evaluation__3006__deblur__attack__nes__l1,1021,30,732,2,732,2
evaluation__3006__deblur__restore__nes__l1,1021,26,630,1,630,1
evaluation__3006__deblur__random_walk__random_walk__l1,1024,27,799,2,684,3
evaluation__3006__deblur__confidence_boost__nes__l1,1021,24,-1,0,-1,0
evaluation__3006__deblur__boundary_probe__nes__l1,1021,25,-1,0,324,1
evaluation__3006__deblur__counterfactual__nes__l1,1021,27,392,1,392,2
evaluation__5401__denoise__attack__nes__l0.5,1021,24,-1,0,-1,0
evaluation__5401__denoise__restore__nes__l0.5,1021,24,-1,0,-1,0
evaluation__5401__denoise__random_walk__random_walk__l0.5,1024,25,-1,0,675,2
evaluation__5401__denoise__confidence_boost__nes__l0.5,1021,23,-1,0,-1,0
evaluation__5401__denoise__boundary_probe__nes__l0.5,1021,23,-1,0,-1,0
evaluation__5401__denoise__counterfactual__nes__l0.5,1021,22,-1,0,-1,0
evaluation__5401__deblur__attack__nes__l1,1021,23,-1,0,-1,0
evaluation__5401__deblur__restore__nes__l1,1021,26,749,1,256,4
evaluation__5401__deblur__random_walk__random_walk__l1,1024,26,632,1,134,4
evaluation__5401__deblur__confidence_boost__nes__l1,1021,23,-1,0,-1,0
evaluation__5401__deblur__boundary_probe__nes__l1,1021,26,800,1,766,3
evaluation__5401__deblur__counterfactual__nes__l1,1021,23,-1,0,-1,0
evaluation__7055__denoise__attack__nes__l0.5,1021,24,-1,0,-1,0
evaluation__7055__denoise__restore__nes__l0.5,1021,26,426,1,426,3
evaluation__7055__denoise__random_walk__random_walk__l0.5,1024,25,-1,0,451,4
evaluation__7055__denoise__confidence_boost__nes__l0.5,1021,27,970,1,630,2
evaluation__7055__denoise__boundary_probe__nes__l0.5,1021,25,-1,0,885,2
evaluation__7055__denoise__counterfactual__nes__l0.5,1021,23,-1,0,-1,0
evaluation__7055__deblur__attack__nes__l1,1021,22,-1,0,-1,0
evaluation__7055__deblur__restore__nes__l1,1021,25,-1,0,919,1
evaluation__7055__deblur__random_walk__random_walk__l1,1024,27,133,3,133,6
evaluation__7055__deblur__confidence_boost__nes__l1,1021,27,375,1,375,1
evaluation__7055__deblur__boundary_probe__nes__l1,1021,24,-1,0,-1,0
evaluation__7055__deblur__counterfactual__nes__l1,1021,23,-1,0,-1,0
evaluation__8295__denoise__attack__nes__l0.5,1021,24,-1,0,-1,0
evaluation__8295__denoise__restore__nes__l0.5,1021,25,-1,0,528,1
evaluation__8295__denoise__random_walk__random_walk__l0.5,1024,25,-1,0,302,2
evaluation__8295__denoise__confidence_boost__nes__l0.5,1021,23,-1,0,-1,0
evaluation__8295__denoise__boundary_probe__nes__l0.5,1021,25,-1,0,1004,1
evaluation__8295__denoise__counterfactual__nes__l0.5,1021,25,-1,0,562,1
evaluation__8295__deblur__attack__nes__l1,1021,22,-1,0,-1,0
evaluation__8295__deblur__restore__nes__l1,1021,28,222,20,86,31
evaluation__8295__deblur__random_walk__random_walk__l1,1024,27,524,2,361,5
evaluation__8295__deblur__confidence_boost__nes__l1,1021,24,-1,0,-1,0
evaluation__8295__deblur__boundary_probe__nes__l1,1021,26,817,1,817,1
evaluation__8295__deblur__counterfactual__nes__l1,1021,27,766,1,766,1
evaluation__11873__denoise__attack__nes__l0.5,1021,22,-1,0,-1,0
evaluation__11873__denoise__restore__nes__l0.5,1021,27,341,5,273,15
evaluation__11873__denoise__random_walk__random_walk__l0.5,1024,24,-1,0,-1,0
evaluation__11873__denoise__confidence_boost__nes__l0.5,1021,23,-1,0,-1,0
evaluation__11873__denoise__boundary_probe__nes__l0.5,1021,26,477,1,375,2
evaluation__11873__denoise__counterfactual__nes__l0.5,1021,23,-1,0,-1,0
evaluation__11873__deblur__attack__nes__l1,1021,24,-1,0,-1,0
evaluation__11873__deblur__restore__nes__l1,1021,23,-1,0,-1,0
evaluation__11873__deblur__random_walk__random_walk__l1,1024,24,-1,0,-1,0
evaluation__11873__deblur__confidence_boost__nes__l1,1021,26,1004,1,1004,1
evaluation__11873__deblur__boundary_probe__nes__l1,1021,23,-1,0,-1,0
evaluation__11873__deblur__counterfactual__nes__l1,1021,22,-1,0,-1,0
evaluation__13327__denoise__attack__nes__l0.5,1021,22,-1,0,-1,0
evaluation__13327__denoise__restore__nes__l0.5,1021,28,681,1,681,1
evaluation__13327__denoise__random_walk__random_walk__l0.5,1024,26,536,2,408,6
evaluation__13327__denoise__confidence_boost__nes__l0.5,1021,20,-1,0,-1,0
evaluation__13327__denoise__boundary_probe__nes__l0.5,1021,23,-1,0,-1,0
evaluation__13327__denoise__counterfactual__nes__l0.5,1021,23,-1,0,-1,0
evaluation__13327__deblur__attack__nes__l1,1021,22,-1,0,-1,0
evaluation__13327__deblur__restore__nes__l1,1021,24,-1,0,-1,0
evaluation__13327__deblur__random_walk__random_walk__l1,1024,27,663,2,16,8
evaluation__13327__deblur__confidence_boost__nes__l1,1021,24,-1,0,-1,0
evaluation__13327__deblur__boundary_probe__nes__l1,1021,24,-1,0,-1,0
evaluation__13327__deblur__counterfactual__nes__l1,1021,25,-1,0,205,2
evaluation__15365__denoise__attack__nes__l0.5,1021,23,-1,0,-1,0
evaluation__15365__denoise__restore__nes__l0.5,1021,28,290,2,290,2
evaluation__15365__denoise__random_walk__random_walk__l0.5,1024,27,65,1,64,4
evaluation__15365__denoise__confidence_boost__nes__l0.5,1021,24,-1,0,-1,0
evaluation__15365__denoise__boundary_probe__nes__l0.5,1021,25,-1,0,460,1
evaluation__15365__denoise__counterfactual__nes__l0.5,1021,27,630,3,630,5
evaluation__15365__deblur__attack__nes__l1,1021,22,-1,0,-1,0
evaluation__15365__deblur__restore__nes__l1,1021,24,-1,0,-1,0
evaluation__15365__deblur__random_walk__random_walk__l1,1024,25,-1,0,475,3
evaluation__15365__deblur__confidence_boost__nes__l1,1021,23,-1,0,-1,0
evaluation__15365__deblur__boundary_probe__nes__l1,1021,22,-1,0,-1,0
evaluation__15365__deblur__counterfactual__nes__l1,1021,27,987,1,630,3
evaluation__18802__denoise__attack__nes__l0.5,1021,23,-1,0,-1,0
evaluation__18802__denoise__restore__nes__l0.5,1021,27,137,15,137,26
evaluation__18802__denoise__random_walk__random_walk__l0.5,1024,26,397,1,397,3
evaluation__18802__denoise__confidence_boost__nes__l0.5,1021,24,-1,0,-1,0
evaluation__18802__denoise__boundary_probe__nes__l0.5,1021,24,-1,0,-1,0
evaluation__18802__denoise__counterfactual__nes__l0.5,1021,24,-1,0,-1,0
evaluation__18802__deblur__attack__nes__l1,1021,26,1021,1,1021,1
evaluation__18802__deblur__restore__nes__l1,1021,26,409,1,324,5
evaluation__18802__deblur__random_walk__random_walk__l1,1024,28,105,1,105,1
evaluation__18802__deblur__confidence_boost__nes__l1,1021,26,919,1,392,5
evaluation__18802__deblur__boundary_probe__nes__l1,1021,25,-1,0,613,1
evaluation__18802__deblur__counterfactual__nes__l1,1021,23,-1,0,-1,0
evaluation__21161__denoise__attack__nes__l0.5,1021,23,-1,0,-1,0
evaluation__21161__denoise__restore__nes__l0.5,1021,23,-1,0,-1,0
evaluation__21161__denoise__random_walk__random_walk__l0.5,1024,28,482,2,157,5
evaluation__21161__denoise__confidence_boost__nes__l0.5,1021,23,-1,0,-1,0
evaluation__21161__denoise__boundary_probe__nes__l0.5,1021,26,341,1,341,1
evaluation__21161__denoise__counterfactual__nes__l0.5,1021,24,-1,0,-1,0
evaluation__21161__deblur__attack__nes__l1,1021,25,-1,0,1004,1
evaluation__21161__deblur__restore__nes__l1,1021,23,-1,0,-1,0
evaluation__21161__deblur__random_walk__random_walk__l1,1024,25,-1,0,623,1
evaluation__21161__deblur__confidence_boost__nes__l1,1021,22,-1,0,-1,0
evaluation__21161__deblur__boundary_probe__nes__l1,1021,22,-1,0,-1,0
evaluation__21161__deblur__counterfactual__nes__l1,1021,23,-1,0,-1,0
evaluation__25554__denoise__attack__nes__l0.5,1021,23,-1,0,-1,0
evaluation__25554__denoise__restore__nes__l0.5,1021,27,834,2,834,2
evaluation__25554__denoise__random_walk__random_walk__l0.5,1024,25,-1,0,504,3
evaluation__25554__denoise__confidence_boost__nes__l0.5,1021,27,766,1,749,2
evaluation__25554__denoise__boundary_probe__nes__l0.5,1021,27,545,1,545,1
evaluation__25554__denoise__counterfactual__nes__l0.5,1021,24,-1,0,-1,0
evaluation__25554__deblur__attack__nes__l1,1021,22,-1,0,-1,0
evaluation__25554__deblur__restore__nes__l1,1021,25,-1,0,341,6
evaluation__25554__deblur__random_walk__random_walk__l1,1024,27,963,1,70,5
evaluation__25554__deblur__confidence_boost__nes__l1,1021,25,-1,0,630,1
evaluation__25554__deblur__boundary_probe__nes__l1,1021,21,-1,0,-1,0
evaluation__25554__deblur__counterfactual__nes__l1,1021,25,-1,0,69,1
evaluation__26756__denoise__attack__nes__l0.5,1021,25,-1,0,579,1
evaluation__26756__denoise__restore__nes__l0.5,1021,29,307,4,307,10
evaluation__26756__denoise__random_walk__random_walk__l0.5,1024,25,-1,0,379,1
evaluation__26756__denoise__confidence_boost__nes__l0.5,1021,25,-1,0,494,1
evaluation__26756__denoise__boundary_probe__nes__l0.5,1021,26,987,1,324,2
evaluation__26756__denoise__counterfactual__nes__l0.5,1021,24,-1,0,-1,0
evaluation__26756__deblur__attack__nes__l1,1021,24,-1,0,-1,0
evaluation__26756__deblur__restore__nes__l1,1021,26,715,1,715,2
evaluation__26756__deblur__random_walk__random_walk__l1,1024,26,135,3,135,5
evaluation__26756__deblur__confidence_boost__nes__l1,1021,25,-1,0,596,1
evaluation__26756__deblur__boundary_probe__nes__l1,1021,26,1021,1,1021,1
evaluation__26756__deblur__counterfactual__nes__l1,1021,28,936,1,936,1
evaluation__28204__denoise__attack__nes__l0.5,1021,22,-1,0,-1,0
evaluation__28204__denoise__restore__nes__l0.5,1021,26,256,1,256,1
evaluation__28204__denoise__random_walk__random_walk__l0.5,1024,27,148,2,148,6
evaluation__28204__denoise__confidence_boost__nes__l0.5,1021,25,-1,0,987,1
evaluation__28204__denoise__boundary_probe__nes__l0.5,1021,26,817,1,528,2
evaluation__28204__denoise__counterfactual__nes__l0.5,1021,25,-1,0,630,2
evaluation__28204__deblur__attack__nes__l1,1021,23,-1,0,-1,0
evaluation__28204__deblur__restore__nes__l1,1021,28,273,8,273,14
evaluation__28204__deblur__random_walk__random_walk__l1,1024,26,918,1,918,1
evaluation__28204__deblur__confidence_boost__nes__l1,1021,24,-1,0,-1,0
evaluation__28204__deblur__boundary_probe__nes__l1,1021,26,290,2,290,2
evaluation__28204__deblur__counterfactual__nes__l1,1021,24,-1,0,-1,0
evaluation__30070__denoise__attack__nes__l0.5,1021,27,1021,1,1021,1
evaluation__30070__denoise__restore__nes__l0.5,1021,26,154,2,154,2
evaluation__30070__denoise__random_walk__random_walk__l0.5,1024,25,-1,0,206,3
evaluation__30070__denoise__confidence_boost__nes__l0.5,1021,22,-1,0,-1,0
evaluation__30070__denoise__boundary_probe__nes__l0.5,1021,24,-1,0,-1,0
evaluation__30070__denoise__counterfactual__nes__l0.5,1021,23,-1,0,-1,0
evaluation__30070__deblur__attack__nes__l1,1021,21,-1,0,-1,0
evaluation__30070__deblur__restore__nes__l1,1021,23,-1,0,-1,0
evaluation__30070__deblur__random_walk__random_walk__l1,1024,26,693,1,479,4
evaluation__30070__deblur__confidence_boost__nes__l1,1021,25,-1,0,596,1
evaluation__30070__deblur__boundary_probe__nes__l1,1021,23,-1,0,-1,0
evaluation__30070__deblur__counterfactual__nes__l1,1021,24,-1,0,-1,0
evaluation__32810__denoise__attack__nes__l0.5,1021,24,-1,0,-1,0
evaluation__32810__denoise__restore__nes__l0.5,1021,28,613,3,613,4
evaluation__32810__denoise__random_walk__random_walk__l0.5,1024,26,973,1,174,2
evaluation__32810__denoise__confidence_boost__nes__l0.5,1021,24,-1,0,-1,0
evaluation__32810__denoise__boundary_probe__nes__l0.5,1021,25,-1,0,511,1
evaluation__32810__denoise__counterfactual__nes__l0.5,1021,23,-1,0,-1,0
evaluation__32810__deblur__attack__nes__l1,1021,26,1004,1,1004,1
evaluation__32810__deblur__restore__nes__l1,1021,22,-1,0,-1,0
evaluation__32810__deblur__random_walk__random_walk__l1,1024,26,314,2,314,2
evaluation__32810__deblur__confidence_boost__nes__l1,1021,24,-1,0,-1,0
evaluation__32810__deblur__boundary_probe__nes__l1,1021,24,-1,0,-1,0
evaluation__32810__deblur__counterfactual__nes__l1,1021,23,-1,0,-1,0
evaluation__36540__denoise__attack__nes__l0.5,1021,25,-1,0,834,1
evaluation__36540__denoise__restore__nes__l0.5,1021,28,307,8,171,16
evaluation__36540__denoise__random_walk__random_walk__l0.5,1024,25,-1,0,79,1
evaluation__36540__denoise__confidence_boost__nes__l0.5,1021,24,-1,0,-1,0
evaluation__36540__denoise__boundary_probe__nes__l0.5,1021,25,-1,0,885,1
evaluation__36540__denoise__counterfactual__nes__l0.5,1021,24,-1,0,-1,0
evaluation__36540__deblur__attack__nes__l1,1021,24,-1,0,-1,0
evaluation__36540__deblur__restore__nes__l1,1021,28,256,8,256,17
evaluation__36540__deblur__random_walk__random_walk__l1,1024,25,-1,0,572,3
evaluation__36540__deblur__confidence_boost__nes__l1,1021,24,-1,0,-1,0
evaluation__36540__deblur__boundary_probe__nes__l1,1021,24,-1,0,-1,0
evaluation__36540__deblur__counterfactual__nes__l1,1021,22,-1,0,-1,0
evaluation__39152__denoise__attack__nes__l0.5,1021,24,-1,0,-1,0
evaluation__39152__denoise__restore__nes__l0.5,1021,26,800,1,800,2
evaluation__39152__denoise__random_walk__random_walk__l0.5,1024,27,302,2,302,3
evaluation__39152__denoise__confidence_boost__nes__l0.5,1021,22,-1,0,-1,0
evaluation__39152__denoise__boundary_probe__nes__l0.5,1021,22,-1,0,-1,0
evaluation__39152__denoise__counterfactual__nes__l0.5,1021,23,-1,0,-1,0
evaluation__39152__deblur__attack__nes__l1,1021,24,-1,0,-1,0
evaluation__39152__deblur__restore__nes__l1,1021,24,-1,0,-1,0
evaluation__39152__deblur__random_walk__random_walk__l1,1024,25,-1,0,111,4
evaluation__39152__deblur__confidence_boost__nes__l1,1021,24,-1,0,-1,0
evaluation__39152__deblur__boundary_probe__nes__l1,1021,25,-1,0,494,1
evaluation__39152__deblur__counterfactual__nes__l1,1021,25,-1,0,256,1
evaluation__42857__denoise__attack__nes__l0.5,1021,24,-1,0,-1,0
evaluation__42857__denoise__restore__nes__l0.5,1021,26,800,1,630,7
evaluation__42857__denoise__random_walk__random_walk__l0.5,1024,28,362,3,362,4
evaluation__42857__denoise__confidence_boost__nes__l0.5,1021,23,-1,0,-1,0
evaluation__42857__denoise__boundary_probe__nes__l0.5,1021,22,-1,0,-1,0
evaluation__42857__denoise__counterfactual__nes__l0.5,1021,22,-1,0,-1,0
evaluation__42857__deblur__attack__nes__l1,1021,24,-1,0,-1,0
evaluation__42857__deblur__restore__nes__l1,1021,24,-1,0,-1,0
evaluation__42857__deblur__random_walk__random_walk__l1,1024,28,933,1,388,4
evaluation__42857__deblur__confidence_boost__nes__l1,1021,21,-1,0,-1,0
evaluation__42857__deblur__boundary_probe__nes__l1,1021,24,-1,0,-1,0
evaluation__42857__deblur__counterfactual__nes__l1,1021,27,987,1,834,2
evaluation__44257__denoise__attack__nes__l0.5,1021,25,-1,0,103,1
evaluation__44257__denoise__restore__nes__l0.5,1021,27,749,5,715,7
evaluation__44257__denoise__random_walk__random_walk__l0.5,1024,27,35,4,35,8
evaluation__44257__denoise__confidence_boost__nes__l0.5,1021,25,-1,0,630,1
evaluation__44257__denoise__boundary_probe__nes__l0.5,1021,27,562,3,562,6
evaluation__44257__denoise__counterfactual__nes__l0.5,1021,25,-1,0,749,1
evaluation__44257__deblur__attack__nes__l1,1021,22,-1,0,-1,0
evaluation__44257__deblur__restore__nes__l1,1021,25,-1,0,851,2
evaluation__44257__deblur__random_walk__random_walk__l1,1024,25,-1,0,84,4
evaluation__44257__deblur__confidence_boost__nes__l1,1021,25,-1,0,256,2
evaluation__44257__deblur__boundary_probe__nes__l1,1021,24,-1,0,-1,0
evaluation__44257__deblur__counterfactual__nes__l1,1021,22,-1,0,-1,0
evaluation__48701__denoise__attack__nes__l0.5,1021,24,-1,0,-1,0
evaluation__48701__denoise__restore__nes__l0.5,1021,24,-1,0,-1,0
evaluation__48701__denoise__random_walk__random_walk__l0.5,1024,29,464,1,96,5
evaluation__48701__denoise__confidence_boost__nes__l0.5,1021,30,1021,1,1021,1
evaluation__48701__denoise__boundary_probe__nes__l0.5,1021,22,-1,0,-1,0
evaluation__48701__denoise__counterfactual__nes__l0.5,1021,24,-1,0,-1,0
evaluation__48701__deblur__attack__nes__l1,1021,22,-1,0,-1,0
evaluation__48701__deblur__restore__nes__l1,1021,23,-1,0,-1,0
evaluation__48701__deblur__random_walk__random_walk__l1,1024,27,273,1,171,4
evaluation__48701__deblur__confidence_boost__nes__l1,1021,26,1004,1,1004,1
evaluation__48701__deblur__boundary_probe__nes__l1,1021,21,-1,0,-1,0
evaluation__48701__deblur__counterfactual__nes__l1,1021,27,698,4,698,4
fit__1964__denoise__attack__nes__l0.5,1021,23,-1,0,-1,0
fit__1964__denoise__restore__nes__l0.5,1021,28,256,12,256,27
fit__1964__denoise__random_walk__random_walk__l0.5,1024,28,929,2,929,3
fit__1964__denoise__confidence_boost__nes__l0.5,1021,24,-1,0,-1,0
fit__1964__denoise__boundary_probe__nes__l0.5,1021,27,851,1,851,2
fit__1964__denoise__counterfactual__nes__l0.5,1021,24,-1,0,-1,0
fit__1964__deblur__attack__nes__l1,1021,24,-1,0,-1,0
fit__1964__deblur__restore__nes__l1,1021,26,919,1,324,6
fit__1964__deblur__random_walk__random_walk__l1,1024,27,672,1,118,3
fit__1964__deblur__confidence_boost__nes__l1,1021,23,-1,0,-1,0
fit__1964__deblur__boundary_probe__nes__l1,1021,22,-1,0,-1,0
fit__1964__deblur__counterfactual__nes__l1,1021,25,-1,0,1021,1
fit__5989__denoise__attack__nes__l0.5,1021,23,-1,0,-1,0
fit__5989__denoise__restore__nes__l0.5,1021,26,868,2,256,7
fit__5989__denoise__random_walk__random_walk__l0.5,1024,27,8,3,7,4
fit__5989__denoise__confidence_boost__nes__l0.5,1021,23,-1,0,-1,0
fit__5989__denoise__boundary_probe__nes__l0.5,1021,24,-1,0,-1,0
fit__5989__denoise__counterfactual__nes__l0.5,1021,23,-1,0,-1,0
fit__5989__deblur__attack__nes__l1,1021,23,-1,0,-1,0
fit__5989__deblur__restore__nes__l1,1021,26,613,1,120,4
fit__5989__deblur__random_walk__random_walk__l1,1024,27,943,1,151,4
fit__5989__deblur__confidence_boost__nes__l1,1021,23,-1,0,-1,0
fit__5989__deblur__boundary_probe__nes__l1,1021,24,-1,0,-1,0
fit__5989__deblur__counterfactual__nes__l1,1021,23,-1,0,-1,0
fit__10586__denoise__attack__nes__l0.5,1021,23,-1,0,-1,0
fit__10586__denoise__restore__nes__l0.5,1021,24,-1,0,-1,0
fit__10586__denoise__random_walk__random_walk__l0.5,1024,26,790,1,180,3
fit__10586__denoise__confidence_boost__nes__l0.5,1021,25,-1,0,528,1
fit__10586__denoise__boundary_probe__nes__l0.5,1021,26,647,3,647,7
fit__10586__denoise__counterfactual__nes__l0.5,1021,22,-1,0,-1,0
fit__10586__deblur__attack__nes__l1,1021,23,-1,0,-1,0
fit__10586__deblur__restore__nes__l1,1021,24,-1,0,-1,0
fit__10586__deblur__random_walk__random_walk__l1,1024,26,374,2,374,2
fit__10586__deblur__confidence_boost__nes__l1,1021,24,-1,0,-1,0
fit__10586__deblur__boundary_probe__nes__l1,1021,24,-1,0,-1,0
fit__10586__deblur__counterfactual__nes__l1,1021,22,-1,0,-1,0
fit__13635__denoise__attack__nes__l0.5,1021,24,-1,0,-1,0
fit__13635__denoise__restore__nes__l0.5,1021,22,-1,0,-1,0
fit__13635__denoise__random_walk__random_walk__l0.5,1024,24,-1,0,-1,0
fit__13635__denoise__confidence_boost__nes__l0.5,1021,25,-1,0,511,2
fit__13635__denoise__boundary_probe__nes__l0.5,1021,24,-1,0,-1,0
fit__13635__denoise__counterfactual__nes__l0.5,1021,23,-1,0,-1,0
fit__13635__deblur__attack__nes__l1,1021,23,-1,0,-1,0
fit__13635__deblur__restore__nes__l1,1021,24,-1,0,-1,0
fit__13635__deblur__random_walk__random_walk__l1,1024,26,95,1,95,1
fit__13635__deblur__confidence_boost__nes__l1,1021,21,-1,0,-1,0
fit__13635__deblur__boundary_probe__nes__l1,1021,25,-1,0,851,1
fit__13635__deblur__counterfactual__nes__l1,1021,27,868,1,868,1
fit__20003__denoise__attack__nes__l0.5,1021,27,766,1,766,1
fit__20003__denoise__restore__nes__l0.5,1021,28,290,4,171,9
fit__20003__denoise__random_walk__random_walk__l0.5,1024,27,178,1,178,3
fit__20003__denoise__confidence_boost__nes__l0.5,1021,25,-1,0,868,2
fit__20003__denoise__boundary_probe__nes__l0.5,1021,23,-1,0,-1,0
fit__20003__denoise__counterfactual__nes__l0.5,1021,24,-1,0,-1,0
fit__20003__deblur__attack__nes__l1,1021,24,-1,0,-1,0
fit__20003__deblur__restore__nes__l1,1021,26,698,1,698,2
fit__20003__deblur__random_walk__random_walk__l1,1024,27,87,2,87,5
fit__20003__deblur__confidence_boost__nes__l1,1021,25,-1,0,1021,1
fit__20003__deblur__boundary_probe__nes__l1,1021,25,-1,0,919,2
fit__20003__deblur__counterfactual__nes__l1,1021,23,-1,0,-1,0
fit__25740__denoise__attack__nes__l0.5,1021,24,-1,0,-1,0
fit__25740__denoise__restore__nes__l0.5,1021,27,392,6,69,9
fit__25740__denoise__random_walk__random_walk__l0.5,1024,27,382,1,382,4
fit__25740__denoise__confidence_boost__nes__l0.5,1021,26,970,1,970,1
fit__25740__denoise__boundary_probe__nes__l0.5,1021,25,-1,0,868,1
fit__25740__denoise__counterfactual__nes__l0.5,1021,23,-1,0,-1,0
fit__25740__deblur__attack__nes__l1,1021,25,-1,0,1004,1
fit__25740__deblur__restore__nes__l1,1021,25,-1,0,528,1
fit__25740__deblur__random_walk__random_walk__l1,1024,26,1016,1,365,3
fit__25740__deblur__confidence_boost__nes__l1,1021,25,-1,0,834,1
fit__25740__deblur__boundary_probe__nes__l1,1021,24,-1,0,-1,0
fit__25740__deblur__counterfactual__nes__l1,1021,23,-1,0,-1,0
fit__29374__denoise__attack__nes__l0.5,1021,24,-1,0,-1,0
fit__29374__denoise__restore__nes__l0.5,1021,24,-1,0,-1,0
fit__29374__denoise__random_walk__random_walk__l0.5,1024,25,-1,0,333,1
fit__29374__denoise__confidence_boost__nes__l0.5,1021,25,-1,0,902,1
fit__29374__denoise__boundary_probe__nes__l0.5,1021,21,-1,0,-1,0
fit__29374__denoise__counterfactual__nes__l0.5,1021,23,-1,0,-1,0
fit__29374__deblur__attack__nes__l1,1021,23,-1,0,-1,0
fit__29374__deblur__restore__nes__l1,1021,23,-1,0,-1,0
fit__29374__deblur__random_walk__random_walk__l1,1024,25,-1,0,305,3
fit__29374__deblur__confidence_boost__nes__l1,1021,23,-1,0,-1,0
fit__29374__deblur__boundary_probe__nes__l1,1021,22,-1,0,-1,0
fit__29374__deblur__counterfactual__nes__l1,1021,22,-1,0,-1,0
fit__34424__denoise__attack__nes__l0.5,1021,24,-1,0,-1,0
fit__34424__denoise__restore__nes__l0.5,1021,25,-1,0,715,2
fit__34424__denoise__random_walk__random_walk__l0.5,1024,29,271,2,271,6
fit__34424__denoise__confidence_boost__nes__l0.5,1021,25,-1,0,834,1
fit__34424__denoise__boundary_probe__nes__l0.5,1021,27,579,1,579,1
fit__34424__denoise__counterfactual__nes__l0.5,1021,24,-1,0,-1,0
fit__34424__deblur__attack__nes__l1,1021,23,-1,0,-1,0
fit__34424__deblur__restore__nes__l1,1021,25,-1,0,222,2
fit__34424__deblur__random_walk__random_walk__l1,1024,25,-1,0,259,1
fit__34424__deblur__confidence_boost__nes__l1,1021,26,970,1,970,1
fit__34424__deblur__boundary_probe__nes__l1,1021,22,-1,0,-1,0
fit__34424__deblur__counterfactual__nes__l1,1021,26,460,1,460,3
fit__42230__denoise__attack__nes__l0.5,1021,23,-1,0,-1,0
fit__42230__denoise__restore__nes__l0.5,1021,24,-1,0,-1,0
fit__42230__denoise__random_walk__random_walk__l0.5,1024,24,-1,0,-1,0
fit__42230__denoise__confidence_boost__nes__l0.5,1021,23,-1,0,-1,0
fit__42230__denoise__boundary_probe__nes__l0.5,1021,26,324,1,324,2
fit__42230__denoise__counterfactual__nes__l0.5,1021,28,69,2,69,3
fit__42230__deblur__attack__nes__l1,1021,24,-1,0,-1,0
fit__42230__deblur__restore__nes__l1,1021,26,783,1,783,1
fit__42230__deblur__random_walk__random_walk__l1,1024,27,34,4,34,6
fit__42230__deblur__confidence_boost__nes__l1,1021,25,-1,0,749,1
fit__42230__deblur__boundary_probe__nes__l1,1021,25,-1,0,528,2
fit__42230__deblur__counterfactual__nes__l1,1021,25,-1,0,1021,1
fit__48304__denoise__attack__nes__l0.5,1021,24,-1,0,-1,0
fit__48304__denoise__restore__nes__l0.5,1021,26,902,3,205,5
fit__48304__denoise__random_walk__random_walk__l0.5,1024,25,-1,0,125,5
fit__48304__denoise__confidence_boost__nes__l0.5,1021,25,-1,0,953,1
fit__48304__denoise__boundary_probe__nes__l0.5,1021,24,-1,0,-1,0
fit__48304__denoise__counterfactual__nes__l0.5,1021,24,-1,0,-1,0
fit__48304__deblur__attack__nes__l1,1021,25,-1,0,953,1
fit__48304__deblur__restore__nes__l1,1021,25,-1,0,783,1
fit__48304__deblur__random_walk__random_walk__l1,1024,27,302,3,7,6
fit__48304__deblur__confidence_boost__nes__l1,1021,24,-1,0,-1,0
fit__48304__deblur__boundary_probe__nes__l1,1021,24,-1,0,-1,0
fit__48304__deblur__counterfactual__nes__l1,1021,24,-1,0,-1,0
evaluation__1504__denoise__attack__nes__l0.5,1021,24,-1,0,-1,0
evaluation__1504__denoise__restore__nes__l0.5,1021,28,409,5,375,12
evaluation__1504__denoise__random_walk__random_walk__l0.5,1024,26,737,1,737,2
evaluation__1504__denoise__confidence_boost__nes__l0.5,1021,26,86,1,86,1
evaluation__1504__denoise__boundary_probe__nes__l0.5,1021,23,-1,0,-1,0
evaluation__1504__denoise__counterfactual__nes__l0.5,1021,27,783,1,749,2
evaluation__1504__deblur__attack__nes__l1,1021,24,-1,0,-1,0
evaluation__1504__deblur__restore__nes__l1,1021,26,715,1,562,2
evaluation__1504__deblur__random_walk__random_walk__l1,1024,25,-1,0,116,3
evaluation__1504__deblur__confidence_boost__nes__l1,1021,25,-1,0,511,1
evaluation__1504__deblur__boundary_probe__nes__l1,1021,26,358,2,273,5
evaluation__1504__deblur__counterfactual__nes__l1,1021,25,-1,0,562,1
evaluation__3043__denoise__attack__nes__l0.5,1021,25,-1,0,188,3
evaluation__3043__denoise__restore__nes__l0.5,1021,25,-1,0,86,2
evaluation__3043__denoise__random_walk__random_walk__l0.5,1024,25,-1,0,107,2
evaluation__3043__denoise__confidence_boost__nes__l0.5,1021,24,-1,0,-1,0
evaluation__3043__denoise__boundary_probe__nes__l0.5,1021,23,-1,0,-1,0
evaluation__3043__denoise__counterfactual__nes__l0.5,1021,24,-1,0,-1,0
evaluation__3043__deblur__attack__nes__l1,1021,26,1004,1,1004,1
evaluation__3043__deblur__restore__nes__l1,1021,26,579,1,579,1
evaluation__3043__deblur__random_walk__random_walk__l1,1024,27,316,1,21,4
evaluation__3043__deblur__confidence_boost__nes__l1,1021,25,-1,0,936,1
evaluation__3043__deblur__boundary_probe__nes__l1,1021,25,-1,0,426,2
evaluation__3043__deblur__counterfactual__nes__l1,1021,25,-1,0,341,1
evaluation__5404__denoise__attack__nes__l0.5,1021,24,-1,0,-1,0
evaluation__5404__denoise__restore__nes__l0.5,1021,26,936,1,936,1
evaluation__5404__denoise__random_walk__random_walk__l0.5,1024,25,-1,0,118,4
evaluation__5404__denoise__confidence_boost__nes__l0.5,1021,25,-1,0,596,1
evaluation__5404__denoise__boundary_probe__nes__l0.5,1021,26,868,1,409,2
evaluation__5404__denoise__counterfactual__nes__l0.5,1021,26,35,1,35,1
evaluation__5404__deblur__attack__nes__l1,1021,23,-1,0,-1,0
evaluation__5404__deblur__restore__nes__l1,1021,24,-1,0,-1,0
evaluation__5404__deblur__random_walk__random_walk__l1,1024,25,-1,0,201,2
evaluation__5404__deblur__confidence_boost__nes__l1,1021,23,-1,0,-1,0
evaluation__5404__deblur__boundary_probe__nes__l1,1021,27,715,1,715,1
evaluation__5404__deblur__counterfactual__nes__l1,1021,24,-1,0,-1,0
evaluation__7067__denoise__attack__nes__l0.5,1021,23,-1,0,-1,0
evaluation__7067__denoise__restore__nes__l0.5,1021,22,-1,0,-1,0
evaluation__7067__denoise__random_walk__random_walk__l0.5,1024,27,933,1,854,3
evaluation__7067__denoise__confidence_boost__nes__l0.5,1021,24,-1,0,-1,0
evaluation__7067__denoise__boundary_probe__nes__l0.5,1021,23,-1,0,-1,0
evaluation__7067__denoise__counterfactual__nes__l0.5,1021,27,562,1,562,1
evaluation__7067__deblur__attack__nes__l1,1021,23,-1,0,-1,0
evaluation__7067__deblur__restore__nes__l1,1021,25,-1,0,120,2
evaluation__7067__deblur__random_walk__random_walk__l1,1024,26,680,1,197,4
evaluation__7067__deblur__confidence_boost__nes__l1,1021,22,-1,0,-1,0
evaluation__7067__deblur__boundary_probe__nes__l1,1021,25,-1,0,732,1
evaluation__7067__deblur__counterfactual__nes__l1,1021,23,-1,0,-1,0
evaluation__8298__denoise__attack__nes__l0.5,1021,23,-1,0,-1,0
evaluation__8298__denoise__restore__nes__l0.5,1021,26,902,1,902,1
evaluation__8298__denoise__random_walk__random_walk__l0.5,1024,27,826,2,477,5
evaluation__8298__denoise__confidence_boost__nes__l0.5,1021,25,-1,0,579,1
evaluation__8298__denoise__boundary_probe__nes__l0.5,1021,26,545,1,545,2
evaluation__8298__denoise__counterfactual__nes__l0.5,1021,23,-1,0,-1,0
evaluation__8298__deblur__attack__nes__l1,1021,23,-1,0,-1,0
evaluation__8298__deblur__restore__nes__l1,1021,25,-1,0,851,1
evaluation__8298__deblur__random_walk__random_walk__l1,1024,28,444,2,198,5
evaluation__8298__deblur__confidence_boost__nes__l1,1021,23,-1,0,-1,0
evaluation__8298__deblur__boundary_probe__nes__l1,1021,25,-1,0,579,1
evaluation__8298__deblur__counterfactual__nes__l1,1021,22,-1,0,-1,0
evaluation__11893__denoise__attack__nes__l0.5,1021,25,-1,0,800,1
evaluation__11893__denoise__restore__nes__l0.5,1021,27,834,1,834,1
evaluation__11893__denoise__random_walk__random_walk__l0.5,1024,27,87,4,87,5
evaluation__11893__denoise__confidence_boost__nes__l0.5,1021,25,-1,0,800,1
evaluation__11893__denoise__boundary_probe__nes__l0.5,1021,23,-1,0,-1,0
evaluation__11893__denoise__counterfactual__nes__l0.5,1021,21,-1,0,-1,0
evaluation__11893__deblur__attack__nes__l1,1021,24,-1,0,-1,0
evaluation__11893__deblur__restore__nes__l1,1021,24,-1,0,-1,0
evaluation__11893__deblur__random_walk__random_walk__l1,1024,26,598,1,596,3
evaluation__11893__deblur__confidence_boost__nes__l1,1021,26,953,1,834,2
evaluation__11893__deblur__boundary_probe__nes__l1,1021,23,-1,0,-1,0
evaluation__11893__deblur__counterfactual__nes__l1,1021,24,-1,0,-1,0
evaluation__13333__denoise__attack__nes__l0.5,1021,27,596,1,596,1
evaluation__13333__denoise__restore__nes__l0.5,1021,25,-1,0,273,1
evaluation__13333__denoise__random_walk__random_walk__l0.5,1024,26,390,1,126,3
evaluation__13333__denoise__confidence_boost__nes__l0.5,1021,23,-1,0,-1,0
evaluation__13333__denoise__boundary_probe__nes__l0.5,1021,24,-1,0,-1,0
evaluation__13333__denoise__counterfactual__nes__l0.5,1021,22,-1,0,-1,0
evaluation__13333__deblur__attack__nes__l1,1021,24,-1,0,-1,0
evaluation__13333__deblur__restore__nes__l1,1021,24,-1,0,-1,0
evaluation__13333__deblur__random_walk__random_walk__l1,1024,24,-1,0,-1,0
evaluation__13333__deblur__confidence_boost__nes__l1,1021,26,732,1,732,1
evaluation__13333__deblur__boundary_probe__nes__l1,1021,24,-1,0,-1,0
evaluation__13333__deblur__counterfactual__nes__l1,1021,24,-1,0,-1,0
evaluation__15368__denoise__attack__nes__l0.5,1021,25,-1,0,545,1
evaluation__15368__denoise__restore__nes__l0.5,1021,23,-1,0,-1,0
evaluation__15368__denoise__random_walk__random_walk__l0.5,1024,25,-1,0,197,3
evaluation__15368__denoise__confidence_boost__nes__l0.5,1021,24,-1,0,-1,0
evaluation__15368__denoise__boundary_probe__nes__l0.5,1021,26,885,1,800,4
evaluation__15368__denoise__counterfactual__nes__l0.5,1021,22,-1,0,-1,0
evaluation__15368__deblur__attack__nes__l1,1021,25,-1,0,579,1
evaluation__15368__deblur__restore__nes__l1,1021,26,647,1,545,2
evaluation__15368__deblur__random_walk__random_walk__l1,1024,24,-1,0,-1,0
evaluation__15368__deblur__confidence_boost__nes__l1,1021,24,-1,0,-1,0
evaluation__15368__deblur__boundary_probe__nes__l1,1021,25,-1,0,392,1
evaluation__15368__deblur__counterfactual__nes__l1,1021,24,-1,0,-1,0
evaluation__18804__denoise__attack__nes__l0.5,1021,22,-1,0,-1,0
evaluation__18804__denoise__restore__nes__l0.5,1021,26,953,1,834,3
evaluation__18804__denoise__random_walk__random_walk__l0.5,1024,26,472,1,173,4
evaluation__18804__denoise__confidence_boost__nes__l0.5,1021,24,-1,0,-1,0
evaluation__18804__denoise__boundary_probe__nes__l0.5,1021,31,681,8,426,16
evaluation__18804__denoise__counterfactual__nes__l0.5,1021,25,-1,0,647,1
evaluation__18804__deblur__attack__nes__l1,1021,23,-1,0,-1,0
evaluation__18804__deblur__restore__nes__l1,1021,24,-1,0,-1,0
evaluation__18804__deblur__random_walk__random_walk__l1,1024,27,680,2,527,4
evaluation__18804__deblur__confidence_boost__nes__l1,1021,23,-1,0,-1,0
evaluation__18804__deblur__boundary_probe__nes__l1,1021,23,-1,0,-1,0
evaluation__18804__deblur__counterfactual__nes__l1,1021,26,681,1,681,1
evaluation__21183__denoise__attack__nes__l0.5,1021,22,-1,0,-1,0
evaluation__21183__denoise__restore__nes__l0.5,1021,24,-1,0,-1,0
evaluation__21183__denoise__random_walk__random_walk__l0.5,1024,27,898,1,123,6
evaluation__21183__denoise__confidence_boost__nes__l0.5,1021,24,-1,0,-1,0
evaluation__21183__denoise__boundary_probe__nes__l0.5,1021,25,-1,0,1021,1
evaluation__21183__denoise__counterfactual__nes__l0.5,1021,23,-1,0,-1,0
evaluation__21183__deblur__attack__nes__l1,1021,25,-1,0,953,1
evaluation__21183__deblur__restore__nes__l1,1021,27,137,2,137,2
evaluation__21183__deblur__random_walk__random_walk__l1,1024,27,684,3,684,4
evaluation__21183__deblur__confidence_boost__nes__l1,1021,23,-1,0,-1,0
evaluation__21183__deblur__boundary_probe__nes__l1,1021,22,-1,0,-1,0
evaluation__21183__deblur__counterfactual__nes__l1,1021,24,-1,0,-1,0
evaluation__25590__denoise__attack__nes__l0.5,1021,25,-1,0,477,2
evaluation__25590__denoise__restore__nes__l0.5,1021,25,-1,0,443,2
evaluation__25590__denoise__random_walk__random_walk__l0.5,1024,26,494,1,493,2
evaluation__25590__denoise__confidence_boost__nes__l0.5,1021,26,528,1,528,1
evaluation__25590__denoise__boundary_probe__nes__l0.5,1021,24,-1,0,-1,0
evaluation__25590__denoise__counterfactual__nes__l0.5,1021,23,-1,0,-1,0
evaluation__25590__deblur__attack__nes__l1,1021,24,-1,0,-1,0
evaluation__25590__deblur__restore__nes__l1,1021,28,392,6,392,8
evaluation__25590__deblur__random_walk__random_walk__l1,1024,25,-1,0,27,6
evaluation__25590__deblur__confidence_boost__nes__l1,1021,25,-1,0,256,1
evaluation__25590__deblur__boundary_probe__nes__l1,1021,25,-1,0,749,2
evaluation__25590__deblur__counterfactual__nes__l1,1021,23,-1,0,-1,0
evaluation__26779__denoise__attack__nes__l0.5,1021,28,715,1,715,1
evaluation__26779__denoise__restore__nes__l0.5,1021,26,834,1,545,2
evaluation__26779__denoise__random_walk__random_walk__l0.5,1024,27,739,1,221,6
evaluation__26779__denoise__confidence_boost__nes__l0.5,1021,26,205,1,205,1
evaluation__26779__denoise__boundary_probe__nes__l0.5,1021,26,222,1,222,7
evaluation__26779__denoise__counterfactual__nes__l0.5,1021,27,664,1,664,1
evaluation__26779__deblur__attack__nes__l1,1021,24,-1,0,-1,0
evaluation__26779__deblur__restore__nes__l1,1021,26,528,1,494,2
evaluation__26779__deblur__random_walk__random_walk__l1,1024,26,878,1,148,4
evaluation__26779__deblur__confidence_boost__nes__l1,1021,25,-1,0,477,1
evaluation__26779__deblur__boundary_probe__nes__l1,1021,23,-1,0,-1,0
evaluation__26779__deblur__counterfactual__nes__l1,1021,23,-1,0,-1,0
evaluation__28228__denoise__attack__nes__l0.5,1021,24,-1,0,-1,0
evaluation__28228__denoise__restore__nes__l0.5,1021,25,-1,0,834,2
evaluation__28228__denoise__random_walk__random_walk__l0.5,1024,26,622,1,212,4
evaluation__28228__denoise__confidence_boost__nes__l0.5,1021,25,-1,0,970,1
evaluation__28228__denoise__boundary_probe__nes__l0.5,1021,25,-1,0,919,2
evaluation__28228__denoise__counterfactual__nes__l0.5,1021,22,-1,0,-1,0
evaluation__28228__deblur__attack__nes__l1,1021,24,-1,0,-1,0
evaluation__28228__deblur__restore__nes__l1,1021,23,-1,0,-1,0
evaluation__28228__deblur__random_walk__random_walk__l1,1024,25,-1,0,294,3
evaluation__28228__deblur__confidence_boost__nes__l1,1021,23,-1,0,-1,0
evaluation__28228__deblur__boundary_probe__nes__l1,1021,26,103,1,86,2
evaluation__28228__deblur__counterfactual__nes__l1,1021,24,-1,0,-1,0
evaluation__30085__denoise__attack__nes__l0.5,1021,23,-1,0,-1,0
evaluation__30085__denoise__restore__nes__l0.5,1021,26,511,1,511,2
evaluation__30085__denoise__random_walk__random_walk__l0.5,1024,26,689,1,689,2
evaluation__30085__denoise__confidence_boost__nes__l0.5,1021,23,-1,0,-1,0
evaluation__30085__denoise__boundary_probe__nes__l0.5,1021,25,-1,0,171,1
evaluation__30085__denoise__counterfactual__nes__l0.5,1021,23,-1,0,-1,0
evaluation__30085__deblur__attack__nes__l1,1021,24,-1,0,-1,0
evaluation__30085__deblur__restore__nes__l1,1021,24,-1,0,-1,0
evaluation__30085__deblur__random_walk__random_walk__l1,1024,25,-1,0,82,4
evaluation__30085__deblur__confidence_boost__nes__l1,1021,24,-1,0,-1,0
evaluation__30085__deblur__boundary_probe__nes__l1,1021,26,834,1,630,2
evaluation__30085__deblur__counterfactual__nes__l1,1021,25,-1,0,800,2
evaluation__32834__denoise__attack__nes__l0.5,1021,22,-1,0,-1,0
evaluation__32834__denoise__restore__nes__l0.5,1021,28,52,18,52,28
evaluation__32834__denoise__random_walk__random_walk__l0.5,1024,27,599,3,77,5
evaluation__32834__denoise__confidence_boost__nes__l0.5,1021,23,-1,0,-1,0
evaluation__32834__denoise__boundary_probe__nes__l0.5,1021,25,-1,0,851,1
evaluation__32834__denoise__counterfactual__nes__l0.5,1021,27,545,1,545,1
evaluation__32834__deblur__attack__nes__l1,1021,23,-1,0,-1,0
evaluation__32834__deblur__restore__nes__l1,1021,27,86,5,86,8
evaluation__32834__deblur__random_walk__random_walk__l1,1024,26,48,1,48,2
evaluation__32834__deblur__confidence_boost__nes__l1,1021,27,120,2,120,2
evaluation__32834__deblur__boundary_probe__nes__l1,1021,27,545,1,545,3
evaluation__32834__deblur__counterfactual__nes__l1,1021,25,-1,0,613,1
evaluation__36547__denoise__attack__nes__l0.5,1021,25,-1,0,137,1
evaluation__36547__denoise__restore__nes__l0.5,1021,22,-1,0,-1,0
evaluation__36547__denoise__random_walk__random_walk__l0.5,1024,26,530,3,530,3
evaluation__36547__denoise__confidence_boost__nes__l0.5,1021,25,-1,0,902,1
evaluation__36547__denoise__boundary_probe__nes__l0.5,1021,24,-1,0,-1,0
evaluation__36547__denoise__counterfactual__nes__l0.5,1021,25,-1,0,834,1
evaluation__36547__deblur__attack__nes__l1,1021,23,-1,0,-1,0
evaluation__36547__deblur__restore__nes__l1,1021,26,18,1,18,1
evaluation__36547__deblur__random_walk__random_walk__l1,1024,26,544,1,319,5
evaluation__36547__deblur__confidence_boost__nes__l1,1021,23,-1,0,-1,0
evaluation__36547__deblur__boundary_probe__nes__l1,1021,24,-1,0,-1,0
evaluation__36547__deblur__counterfactual__nes__l1,1021,26,800,1,800,1
evaluation__39178__denoise__attack__nes__l0.5,1021,26,698,1,698,2
evaluation__39178__denoise__restore__nes__l0.5,1021,25,-1,0,919,1
evaluation__39178__denoise__random_walk__random_walk__l0.5,1024,25,-1,0,259,3
evaluation__39178__denoise__confidence_boost__nes__l0.5,1021,22,-1,0,-1,0
evaluation__39178__denoise__boundary_probe__nes__l0.5,1021,27,681,3,477,7
evaluation__39178__denoise__counterfactual__nes__l0.5,1021,25,-1,0,919,1
evaluation__39178__deblur__attack__nes__l1,1021,22,-1,0,-1,0
evaluation__39178__deblur__restore__nes__l1,1021,26,919,1,307,6
evaluation__39178__deblur__random_walk__random_walk__l1,1024,27,646,3,646,4
evaluation__39178__deblur__confidence_boost__nes__l1,1021,23,-1,0,-1,0
evaluation__39178__deblur__boundary_probe__nes__l1,1021,24,-1,0,-1,0
evaluation__39178__deblur__counterfactual__nes__l1,1021,24,-1,0,-1,0
evaluation__42869__denoise__attack__nes__l0.5,1021,24,-1,0,-1,0
evaluation__42869__denoise__restore__nes__l0.5,1021,25,-1,0,324,2
evaluation__42869__denoise__random_walk__random_walk__l0.5,1024,26,953,1,124,4
evaluation__42869__denoise__confidence_boost__nes__l0.5,1021,25,-1,0,953,1
evaluation__42869__denoise__boundary_probe__nes__l0.5,1021,26,800,1,409,4
evaluation__42869__denoise__counterfactual__nes__l0.5,1021,23,-1,0,-1,0
evaluation__42869__deblur__attack__nes__l1,1021,24,-1,0,-1,0
evaluation__42869__deblur__restore__nes__l1,1021,25,-1,0,936,1
evaluation__42869__deblur__random_walk__random_walk__l1,1024,25,-1,0,48,1
evaluation__42869__deblur__confidence_boost__nes__l1,1021,24,-1,0,-1,0
evaluation__42869__deblur__boundary_probe__nes__l1,1021,24,-1,0,-1,0
evaluation__42869__deblur__counterfactual__nes__l1,1021,22,-1,0,-1,0
evaluation__44275__denoise__attack__nes__l0.5,1021,26,1004,1,1004,1
evaluation__44275__denoise__restore__nes__l0.5,1021,23,-1,0,-1,0
evaluation__44275__denoise__random_walk__random_walk__l0.5,1024,27,173,2,123,6
evaluation__44275__denoise__confidence_boost__nes__l0.5,1021,24,-1,0,-1,0
evaluation__44275__denoise__boundary_probe__nes__l0.5,1021,27,222,7,222,21
evaluation__44275__denoise__counterfactual__nes__l0.5,1021,24,-1,0,-1,0
evaluation__44275__deblur__attack__nes__l1,1021,24,-1,0,-1,0
evaluation__44275__deblur__restore__nes__l1,1021,26,970,1,698,3
evaluation__44275__deblur__random_walk__random_walk__l1,1024,27,215,1,43,2
evaluation__44275__deblur__confidence_boost__nes__l1,1021,25,-1,0,460,1
evaluation__44275__deblur__boundary_probe__nes__l1,1021,27,1021,1,1021,1
evaluation__44275__deblur__counterfactual__nes__l1,1021,23,-1,0,-1,0
evaluation__48717__denoise__attack__nes__l0.5,1021,24,-1,0,-1,0
evaluation__48717__denoise__restore__nes__l0.5,1021,24,-1,0,-1,0
evaluation__48717__denoise__random_walk__random_walk__l0.5,1024,26,506,1,95,2
evaluation__48717__denoise__confidence_boost__nes__l0.5,1021,22,-1,0,-1,0
evaluation__48717__denoise__boundary_probe__nes__l0.5,1021,24,-1,0,-1,0
evaluation__48717__denoise__counterfactual__nes__l0.5,1021,22,-1,0,-1,0
evaluation__48717__deblur__attack__nes__l1,1021,23,-1,0,-1,0
evaluation__48717__deblur__restore__nes__l1,1021,23,-1,0,-1,0
evaluation__48717__deblur__random_walk__random_walk__l1,1024,26,901,1,268,3
evaluation__48717__deblur__confidence_boost__nes__l1,1021,25,-1,0,1004,1
evaluation__48717__deblur__boundary_probe__nes__l1,1021,28,613,2,324,6
evaluation__48717__deblur__counterfactual__nes__l1,1021,25,-1,0,817,3
fit__2922__denoise__attack__nes__l0.5,1021,22,-1,0,-1,0
fit__2922__denoise__restore__nes__l0.5,1021,27,205,1,205,2
fit__2922__denoise__random_walk__random_walk__l0.5,1024,28,304,3,304,4
fit__2922__denoise__confidence_boost__nes__l0.5,1021,23,-1,0,-1,0
fit__2922__denoise__boundary_probe__nes__l0.5,1021,27,868,2,698,6
fit__2922__denoise__counterfactual__nes__l0.5,1021,26,902,1,664,2
fit__2922__deblur__attack__nes__l1,1021,26,494,2,494,3
fit__2922__deblur__restore__nes__l1,1021,30,35,33,35,50
fit__2922__deblur__random_walk__random_walk__l1,1024,29,103,4,103,9
fit__2922__deblur__confidence_boost__nes__l1,1021,26,256,1,256,1
fit__2922__deblur__boundary_probe__nes__l1,1021,24,-1,0,-1,0
fit__2922__deblur__counterfactual__nes__l1,1021,24,-1,0,-1,0
fit__6721__denoise__attack__nes__l0.5,1021,22,-1,0,-1,0
fit__6721__denoise__restore__nes__l0.5,1021,25,-1,0,1021,1
fit__6721__denoise__random_walk__random_walk__l0.5,1024,27,91,4,36,6
fit__6721__denoise__confidence_boost__nes__l0.5,1021,25,-1,0,239,1
fit__6721__denoise__boundary_probe__nes__l0.5,1021,25,-1,0,817,2
fit__6721__denoise__counterfactual__nes__l0.5,1021,24,-1,0,-1,0
fit__6721__deblur__attack__nes__l1,1021,23,-1,0,-1,0
fit__6721__deblur__restore__nes__l1,1021,30,171,16,171,24
fit__6721__deblur__random_walk__random_walk__l1,1024,26,222,1,222,1
fit__6721__deblur__confidence_boost__nes__l1,1021,23,-1,0,-1,0
fit__6721__deblur__boundary_probe__nes__l1,1021,24,-1,0,-1,0
fit__6721__deblur__counterfactual__nes__l1,1021,25,-1,0,511,1
fit__10663__denoise__attack__nes__l0.5,1021,23,-1,0,-1,0
fit__10663__denoise__restore__nes__l0.5,1021,29,256,11,86,17
fit__10663__denoise__random_walk__random_walk__l0.5,1024,26,268,1,207,3
fit__10663__denoise__confidence_boost__nes__l0.5,1021,25,-1,0,851,1
fit__10663__denoise__boundary_probe__nes__l0.5,1021,25,-1,0,766,1
fit__10663__denoise__counterfactual__nes__l0.5,1021,24,-1,0,-1,0
fit__10663__deblur__attack__nes__l1,1021,25,-1,0,103,5
fit__10663__deblur__restore__nes__l1,1021,26,205,1,205,1
fit__10663__deblur__random_walk__random_walk__l1,1024,27,331,2,318,4
fit__10663__deblur__confidence_boost__nes__l1,1021,23,-1,0,-1,0
fit__10663__deblur__boundary_probe__nes__l1,1021,27,324,5,324,8
fit__10663__deblur__counterfactual__nes__l1,1021,28,1004,1,1004,1
fit__13683__denoise__attack__nes__l0.5,1021,24,-1,0,-1,0
fit__13683__denoise__restore__nes__l0.5,1021,25,-1,0,681,2
fit__13683__denoise__random_walk__random_walk__l0.5,1024,27,110,2,110,2
fit__13683__denoise__confidence_boost__nes__l0.5,1021,25,-1,0,970,1
fit__13683__denoise__boundary_probe__nes__l0.5,1021,23,-1,0,-1,0
fit__13683__denoise__counterfactual__nes__l0.5,1021,24,-1,0,-1,0
fit__13683__deblur__attack__nes__l1,1021,26,324,1,324,1
fit__13683__deblur__restore__nes__l1,1021,26,426,1,188,2
fit__13683__deblur__random_walk__random_walk__l1,1024,26,855,1,855,2
fit__13683__deblur__confidence_boost__nes__l1,1021,23,-1,0,-1,0
fit__13683__deblur__boundary_probe__nes__l1,1021,26,613,2,613,6
fit__13683__deblur__counterfactual__nes__l1,1021,24,-1,0,-1,0
fit__20080__denoise__attack__nes__l0.5,1021,24,-1,0,-1,0
fit__20080__denoise__restore__nes__l0.5,1021,30,86,25,86,37
fit__20080__denoise__random_walk__random_walk__l0.5,1024,25,-1,0,411,3
fit__20080__denoise__confidence_boost__nes__l0.5,1021,25,-1,0,732,1
fit__20080__denoise__boundary_probe__nes__l0.5,1021,24,-1,0,-1,0
fit__20080__denoise__counterfactual__nes__l0.5,1021,23,-1,0,-1,0
fit__20080__deblur__attack__nes__l1,1021,26,579,2,579,3
fit__20080__deblur__restore__nes__l1,1021,25,-1,0,1004,1
fit__20080__deblur__random_walk__random_walk__l1,1024,26,78,1,78,3
fit__20080__deblur__confidence_boost__nes__l1,1021,25,-1,0,630,2
fit__20080__deblur__boundary_probe__nes__l1,1021,25,-1,0,970,1
fit__20080__deblur__counterfactual__nes__l1,1021,26,630,2,630,2
fit__26549__denoise__attack__nes__l0.5,1021,25,-1,0,936,1
fit__26549__denoise__restore__nes__l0.5,1021,27,290,3,290,5
fit__26549__denoise__random_walk__random_walk__l0.5,1024,27,59,5,58,6
fit__26549__denoise__confidence_boost__nes__l0.5,1021,22,-1,0,-1,0
fit__26549__denoise__boundary_probe__nes__l0.5,1021,27,460,1,460,1
fit__26549__denoise__counterfactual__nes__l0.5,1021,24,-1,0,-1,0
fit__26549__deblur__attack__nes__l1,1021,25,-1,0,783,1
fit__26549__deblur__restore__nes__l1,1021,22,-1,0,-1,0
fit__26549__deblur__random_walk__random_walk__l1,1024,25,-1,0,195,2
fit__26549__deblur__confidence_boost__nes__l1,1021,25,-1,0,834,1
fit__26549__deblur__boundary_probe__nes__l1,1021,23,-1,0,-1,0
fit__26549__deblur__counterfactual__nes__l1,1021,22,-1,0,-1,0
fit__29943__denoise__attack__nes__l0.5,1021,25,-1,0,35,1
fit__29943__denoise__restore__nes__l0.5,1021,29,137,21,137,32
fit__29943__denoise__random_walk__random_walk__l0.5,1024,29,120,2,120,4
fit__29943__denoise__confidence_boost__nes__l0.5,1021,23,-1,0,-1,0
fit__29943__denoise__boundary_probe__nes__l0.5,1021,26,120,2,103,8
fit__29943__denoise__counterfactual__nes__l0.5,1021,23,-1,0,-1,0
fit__29943__deblur__attack__nes__l1,1021,23,-1,0,-1,0
fit__29943__deblur__restore__nes__l1,1021,25,-1,0,936,1
fit__29943__deblur__random_walk__random_walk__l1,1024,24,-1,0,-1,0
fit__29943__deblur__confidence_boost__nes__l1,1021,25,-1,0,256,1
fit__29943__deblur__boundary_probe__nes__l1,1021,24,-1,0,-1,0
fit__29943__deblur__counterfactual__nes__l1,1021,25,-1,0,596,1
fit__35167__denoise__attack__nes__l0.5,1021,26,902,1,902,1
fit__35167__denoise__restore__nes__l0.5,1021,25,-1,0,545,1
fit__35167__denoise__random_walk__random_walk__l0.5,1024,26,294,1,294,3
fit__35167__denoise__confidence_boost__nes__l0.5,1021,23,-1,0,-1,0
fit__35167__denoise__boundary_probe__nes__l0.5,1021,27,443,1,443,2
fit__35167__denoise__counterfactual__nes__l0.5,1021,26,936,1,936,1
fit__35167__deblur__attack__nes__l1,1021,26,341,1,341,1
fit__35167__deblur__restore__nes__l1,1021,26,358,4,358,8
fit__35167__deblur__random_walk__random_walk__l1,1024,24,-1,0,-1,0
fit__35167__deblur__confidence_boost__nes__l1,1021,25,-1,0,647,1
fit__35167__deblur__boundary_probe__nes__l1,1021,23,-1,0,-1,0
fit__35167__deblur__counterfactual__nes__l1,1021,21,-1,0,-1,0
fit__42487__denoise__attack__nes__l0.5,1021,29,885,1,885,1
fit__42487__denoise__restore__nes__l0.5,1021,27,494,2,341,4
fit__42487__denoise__random_walk__random_walk__l0.5,1024,26,845,1,283,3
fit__42487__denoise__confidence_boost__nes__l0.5,1021,24,-1,0,-1,0
fit__42487__denoise__boundary_probe__nes__l0.5,1021,24,-1,0,-1,0
fit__42487__denoise__counterfactual__nes__l0.5,1021,23,-1,0,-1,0
fit__42487__deblur__attack__nes__l1,1021,25,-1,0,698,1
fit__42487__deblur__restore__nes__l1,1021,28,205,13,69,21
fit__42487__deblur__random_walk__random_walk__l1,1024,27,357,1,357,3
fit__42487__deblur__confidence_boost__nes__l1,1021,24,-1,0,-1,0
fit__42487__deblur__boundary_probe__nes__l1,1021,25,-1,0,936,2
fit__42487__deblur__counterfactual__nes__l1,1021,25,-1,0,35,1
fit__48584__denoise__attack__nes__l0.5,1021,23,-1,0,-1,0
fit__48584__denoise__restore__nes__l0.5,1021,24,-1,0,-1,0
fit__48584__denoise__random_walk__random_walk__l0.5,1024,26,443,2,443,2
fit__48584__denoise__confidence_boost__nes__l0.5,1021,24,-1,0,-1,0
fit__48584__denoise__boundary_probe__nes__l0.5,1021,23,-1,0,-1,0
fit__48584__denoise__counterfactual__nes__l0.5,1021,23,-1,0,-1,0
fit__48584__deblur__attack__nes__l1,1021,22,-1,0,-1,0
fit__48584__deblur__restore__nes__l1,1021,28,358,3,358,9
fit__48584__deblur__random_walk__random_walk__l1,1024,26,436,1,343,4
fit__48584__deblur__confidence_boost__nes__l1,1021,26,953,1,188,7
fit__48584__deblur__boundary_probe__nes__l1,1021,24,-1,0,-1,0
fit__48584__deblur__counterfactual__nes__l1,1021,25,-1,0,103,1
evaluation__1929__denoise__attack__nes__l0.5,1021,23,-1,0,-1,0
evaluation__1929__denoise__restore__nes__l0.5,1021,24,-1,0,-1,0
evaluation__1929__denoise__random_walk__random_walk__l0.5,1024,25,-1,0,245,2
evaluation__1929__denoise__confidence_boost__nes__l0.5,1021,24,-1,0,-1,0
evaluation__1929__denoise__boundary_probe__nes__l0.5,1021,27,137,1,137,1
evaluation__1929__denoise__counterfactual__nes__l0.5,1021,25,-1,0,783,1
evaluation__1929__deblur__attack__nes__l1,1021,22,-1,0,-1,0
evaluation__1929__deblur__restore__nes__l1,1021,26,630,1,630,1
evaluation__1929__deblur__random_walk__random_walk__l1,1024,25,-1,0,174,4
evaluation__1929__deblur__confidence_boost__nes__l1,1021,26,970,1,970,1
evaluation__1929__deblur__boundary_probe__nes__l1,1021,27,970,1,970,1
evaluation__1929__deblur__counterfactual__nes__l1,1021,24,-1,0,-1,0
evaluation__3159__denoise__attack__nes__l0.5,1021,22,-1,0,-1,0
evaluation__3159__denoise__restore__nes__l0.5,1021,26,630,3,443,7
evaluation__3159__denoise__random_walk__random_walk__l0.5,1024,24,-1,0,-1,0
evaluation__3159__denoise__confidence_boost__nes__l0.5,1021,23,-1,0,-1,0
evaluation__3159__denoise__boundary_probe__nes__l0.5,1021,24,-1,0,-1,0
evaluation__3159__denoise__counterfactual__nes__l0.5,1021,23,-1,0,-1,0
evaluation__3159__deblur__attack__nes__l1,1021,22,-1,0,-1,0
evaluation__3159__deblur__restore__nes__l1,1021,27,273,5,273,9
evaluation__3159__deblur__random_walk__random_walk__l1,1024,27,438,1,390,3
evaluation__3159__deblur__confidence_boost__nes__l1,1021,23,-1,0,-1,0
evaluation__3159__deblur__boundary_probe__nes__l1,1021,25,-1,0,885,2
evaluation__3159__deblur__counterfactual__nes__l1,1021,26,681,1,647,2
evaluation__5901__denoise__attack__nes__l0.5,1021,23,-1,0,-1,0
evaluation__5901__denoise__restore__nes__l0.5,1021,24,-1,0,-1,0
evaluation__5901__denoise__random_walk__random_walk__l0.5,1024,27,50,2,46,4
evaluation__5901__denoise__confidence_boost__nes__l0.5,1021,24,-1,0,-1,0
evaluation__5901__denoise__boundary_probe__nes__l0.5,1021,22,-1,0,-1,0
evaluation__5901__denoise__counterfactual__nes__l0.5,1021,26,987,1,987,1
evaluation__5901__deblur__attack__nes__l1,1021,28,171,2,171,2
evaluation__5901__deblur__restore__nes__l1,1021,26,477,2,324,5
evaluation__5901__deblur__random_walk__random_walk__l1,1024,26,254,1,241,2
evaluation__5901__deblur__confidence_boost__nes__l1,1021,26,528,1,528,1
evaluation__5901__deblur__boundary_probe__nes__l1,1021,23,-1,0,-1,0
evaluation__5901__deblur__counterfactual__nes__l1,1021,24,-1,0,-1,0
evaluation__7427__denoise__attack__nes__l0.5,1021,27,817,1,817,1
evaluation__7427__denoise__restore__nes__l0.5,1021,23,-1,0,-1,0
evaluation__7427__denoise__random_walk__random_walk__l0.5,1024,25,-1,0,404,1
evaluation__7427__denoise__confidence_boost__nes__l0.5,1021,23,-1,0,-1,0
evaluation__7427__denoise__boundary_probe__nes__l0.5,1021,26,834,1,579,2
evaluation__7427__denoise__counterfactual__nes__l0.5,1021,24,-1,0,-1,0
evaluation__7427__deblur__attack__nes__l1,1021,23,-1,0,-1,0
evaluation__7427__deblur__restore__nes__l1,1021,23,-1,0,-1,0
evaluation__7427__deblur__random_walk__random_walk__l1,1024,27,545,3,135,9
evaluation__7427__deblur__confidence_boost__nes__l1,1021,23,-1,0,-1,0
evaluation__7427__deblur__boundary_probe__nes__l1,1021,23,-1,0,-1,0
evaluation__7427__deblur__counterfactual__nes__l1,1021,24,-1,0,-1,0
evaluation__8418__denoise__attack__nes__l0.5,1021,24,-1,0,-1,0
evaluation__8418__denoise__restore__nes__l0.5,1021,26,290,1,290,1
evaluation__8418__denoise__random_walk__random_walk__l0.5,1024,25,-1,0,708,1
evaluation__8418__denoise__confidence_boost__nes__l0.5,1021,24,-1,0,-1,0
evaluation__8418__denoise__boundary_probe__nes__l0.5,1021,25,-1,0,1004,1
evaluation__8418__denoise__counterfactual__nes__l0.5,1021,27,511,1,511,1
evaluation__8418__deblur__attack__nes__l1,1021,24,-1,0,-1,0
evaluation__8418__deblur__restore__nes__l1,1021,24,-1,0,-1,0
evaluation__8418__deblur__random_walk__random_walk__l1,1024,26,735,1,315,2
evaluation__8418__deblur__confidence_boost__nes__l1,1021,24,-1,0,-1,0
evaluation__8418__deblur__boundary_probe__nes__l1,1021,24,-1,0,-1,0
evaluation__8418__deblur__counterfactual__nes__l1,1021,25,-1,0,902,1
evaluation__12179__denoise__attack__nes__l0.5,1021,25,-1,0,885,2
evaluation__12179__denoise__restore__nes__l0.5,1021,30,460,5,18,12
evaluation__12179__denoise__random_walk__random_walk__l0.5,1024,28,849,2,313,7
evaluation__12179__denoise__confidence_boost__nes__l0.5,1021,25,-1,0,885,1
evaluation__12179__denoise__boundary_probe__nes__l0.5,1021,26,783,1,494,7
evaluation__12179__denoise__counterfactual__nes__l0.5,1021,26,443,2,154,4
evaluation__12179__deblur__attack__nes__l1,1021,22,-1,0,-1,0
evaluation__12179__deblur__restore__nes__l1,1021,28,715,4,358,8
evaluation__12179__deblur__random_walk__random_walk__l1,1024,26,158,3,158,4
evaluation__12179__deblur__confidence_boost__nes__l1,1021,24,-1,0,-1,0
evaluation__12179__deblur__boundary_probe__nes__l1,1021,23,-1,0,-1,0
evaluation__12179__deblur__counterfactual__nes__l1,1021,21,-1,0,-1,0
evaluation__13553__denoise__attack__nes__l0.5,1021,24,-1,0,-1,0
evaluation__13553__denoise__restore__nes__l0.5,1021,24,-1,0,-1,0
evaluation__13553__denoise__random_walk__random_walk__l0.5,1024,26,1003,1,322,5
evaluation__13553__denoise__confidence_boost__nes__l0.5,1021,24,-1,0,-1,0
evaluation__13553__denoise__boundary_probe__nes__l0.5,1021,25,-1,0,647,1
evaluation__13553__denoise__counterfactual__nes__l0.5,1021,23,-1,0,-1,0
evaluation__13553__deblur__attack__nes__l1,1021,23,-1,0,-1,0
evaluation__13553__deblur__restore__nes__l1,1021,26,936,1,426,4
evaluation__13553__deblur__random_walk__random_walk__l1,1024,25,-1,0,452,1
evaluation__13553__deblur__confidence_boost__nes__l1,1021,25,-1,0,443,1
evaluation__13553__deblur__boundary_probe__nes__l1,1021,26,477,1,477,1
evaluation__13553__deblur__counterfactual__nes__l1,1021,25,-1,0,409,1
evaluation__15609__denoise__attack__nes__l0.5,1021,25,-1,0,494,1
evaluation__15609__denoise__restore__nes__l0.5,1021,22,-1,0,-1,0
evaluation__15609__denoise__random_walk__random_walk__l0.5,1024,26,433,2,433,3
evaluation__15609__denoise__confidence_boost__nes__l0.5,1021,26,1021,1,1021,1
evaluation__15609__denoise__boundary_probe__nes__l0.5,1021,25,-1,0,919,1
evaluation__15609__denoise__counterfactual__nes__l0.5,1021,23,-1,0,-1,0
evaluation__15609__deblur__attack__nes__l1,1021,23,-1,0,-1,0
evaluation__15609__deblur__restore__nes__l1,1021,22,-1,0,-1,0
evaluation__15609__deblur__random_walk__random_walk__l1,1024,25,-1,0,721,2
evaluation__15609__deblur__confidence_boost__nes__l1,1021,23,-1,0,-1,0
evaluation__15609__deblur__boundary_probe__nes__l1,1021,25,-1,0,732,1
evaluation__15609__deblur__counterfactual__nes__l1,1021,21,-1,0,-1,0
evaluation__19258__denoise__attack__nes__l0.5,1021,28,851,1,715,2
evaluation__19258__denoise__restore__nes__l0.5,1021,23,-1,0,-1,0
evaluation__19258__denoise__random_walk__random_walk__l0.5,1024,27,851,1,674,2
evaluation__19258__denoise__confidence_boost__nes__l0.5,1021,22,-1,0,-1,0
evaluation__19258__denoise__boundary_probe__nes__l0.5,1021,24,-1,0,-1,0
evaluation__19258__denoise__counterfactual__nes__l0.5,1021,25,-1,0,562,1
evaluation__19258__deblur__attack__nes__l1,1021,24,-1,0,-1,0
evaluation__19258__deblur__restore__nes__l1,1021,24,-1,0,-1,0
evaluation__19258__deblur__random_walk__random_walk__l1,1024,28,580,2,580,4
evaluation__19258__deblur__confidence_boost__nes__l1,1021,23,-1,0,-1,0
evaluation__19258__deblur__boundary_probe__nes__l1,1021,22,-1,0,-1,0
evaluation__19258__deblur__counterfactual__nes__l1,1021,23,-1,0,-1,0
evaluation__23015__denoise__attack__nes__l0.5,1021,25,-1,0,137,2
evaluation__23015__denoise__restore__nes__l0.5,1021,22,-1,0,-1,0
evaluation__23015__denoise__random_walk__random_walk__l0.5,1024,30,472,3,336,4
evaluation__23015__denoise__confidence_boost__nes__l0.5,1021,22,-1,0,-1,0
evaluation__23015__denoise__boundary_probe__nes__l0.5,1021,23,-1,0,-1,0
evaluation__23015__denoise__counterfactual__nes__l0.5,1021,23,-1,0,-1,0
evaluation__23015__deblur__attack__nes__l1,1021,22,-1,0,-1,0
evaluation__23015__deblur__restore__nes__l1,1021,23,-1,0,-1,0
evaluation__23015__deblur__random_walk__random_walk__l1,1024,25,-1,0,67,3
evaluation__23015__deblur__confidence_boost__nes__l1,1021,24,-1,0,-1,0
evaluation__23015__deblur__boundary_probe__nes__l1,1021,23,-1,0,-1,0
evaluation__23015__deblur__counterfactual__nes__l1,1021,25,-1,0,868,1
evaluation__25652__denoise__attack__nes__l0.5,1021,23,-1,0,-1,0
evaluation__25652__denoise__restore__nes__l0.5,1021,26,205,4,205,7
evaluation__25652__denoise__random_walk__random_walk__l0.5,1024,26,577,1,573,2
evaluation__25652__denoise__confidence_boost__nes__l0.5,1021,23,-1,0,-1,0
evaluation__25652__denoise__boundary_probe__nes__l0.5,1021,27,562,3,562,5
evaluation__25652__denoise__counterfactual__nes__l0.5,1021,22,-1,0,-1,0
evaluation__25652__deblur__attack__nes__l1,1021,24,-1,0,-1,0
evaluation__25652__deblur__restore__nes__l1,1021,25,-1,0,987,1
evaluation__25652__deblur__random_walk__random_walk__l1,1024,27,718,1,627,3
evaluation__25652__deblur__confidence_boost__nes__l1,1021,23,-1,0,-1,0
evaluation__25652__deblur__boundary_probe__nes__l1,1021,25,-1,0,1021,1
evaluation__25652__deblur__counterfactual__nes__l1,1021,24,-1,0,-1,0
evaluation__27074__denoise__attack__nes__l0.5,1021,24,-1,0,-1,0
evaluation__27074__denoise__restore__nes__l0.5,1021,27,290,5,290,7
evaluation__27074__denoise__random_walk__random_walk__l0.5,1024,26,531,1,531,1
evaluation__27074__denoise__confidence_boost__nes__l0.5,1021,21,-1,0,-1,0
evaluation__27074__denoise__boundary_probe__nes__l0.5,1021,25,-1,0,987,1
evaluation__27074__denoise__counterfactual__nes__l0.5,1021,27,749,1,273,2
evaluation__27074__deblur__attack__nes__l1,1021,23,-1,0,-1,0
evaluation__27074__deblur__restore__nes__l1,1021,25,-1,0,324,3
evaluation__27074__deblur__random_walk__random_walk__l1,1024,27,477,2,36,7
evaluation__27074__deblur__confidence_boost__nes__l1,1021,25,-1,0,647,2
evaluation__27074__deblur__boundary_probe__nes__l1,1021,21,-1,0,-1,0
evaluation__27074__deblur__counterfactual__nes__l1,1021,24,-1,0,-1,0
evaluation__28576__denoise__attack__nes__l0.5,1021,24,-1,0,-1,0
evaluation__28576__denoise__restore__nes__l0.5,1021,29,103,5,103,8
evaluation__28576__denoise__random_walk__random_walk__l0.5,1024,28,179,2,74,4
evaluation__28576__denoise__confidence_boost__nes__l0.5,1021,22,-1,0,-1,0
evaluation__28576__denoise__boundary_probe__nes__l0.5,1021,27,579,1,579,1
evaluation__28576__denoise__counterfactual__nes__l0.5,1021,24,-1,0,-1,0
evaluation__28576__deblur__attack__nes__l1,1021,24,-1,0,-1,0
evaluation__28576__deblur__restore__nes__l1,1021,26,817,1,817,1
evaluation__28576__deblur__random_walk__random_walk__l1,1024,25,-1,0,919,1
evaluation__28576__deblur__confidence_boost__nes__l1,1021,25,-1,0,732,1
evaluation__28576__deblur__boundary_probe__nes__l1,1021,23,-1,0,-1,0
evaluation__28576__deblur__counterfactual__nes__l1,1021,25,-1,0,494,1
evaluation__30689__denoise__attack__nes__l0.5,1021,25,-1,0,358,1
evaluation__30689__denoise__restore__nes__l0.5,1021,26,562,1,562,2
evaluation__30689__denoise__random_walk__random_walk__l0.5,1024,26,102,3,102,6
evaluation__30689__denoise__confidence_boost__nes__l0.5,1021,22,-1,0,-1,0
evaluation__30689__denoise__boundary_probe__nes__l0.5,1021,27,188,1,188,1
evaluation__30689__denoise__counterfactual__nes__l0.5,1021,24,-1,0,-1,0
evaluation__30689__deblur__attack__nes__l1,1021,28,851,1,851,1
evaluation__30689__deblur__restore__nes__l1,1021,26,851,2,358,3
evaluation__30689__deblur__random_walk__random_walk__l1,1024,26,178,1,178,2
evaluation__30689__deblur__confidence_boost__nes__l1,1021,24,-1,0,-1,0
evaluation__30689__deblur__boundary_probe__nes__l1,1021,22,-1,0,-1,0
evaluation__30689__deblur__counterfactual__nes__l1,1021,25,-1,0,919,1
evaluation__33028__denoise__attack__nes__l0.5,1021,22,-1,0,-1,0
evaluation__33028__denoise__restore__nes__l0.5,1021,26,341,2,341,2
evaluation__33028__denoise__random_walk__random_walk__l0.5,1024,25,-1,0,126,3
evaluation__33028__denoise__confidence_boost__nes__l0.5,1021,21,-1,0,-1,0
evaluation__33028__denoise__boundary_probe__nes__l0.5,1021,24,-1,0,-1,0
evaluation__33028__denoise__counterfactual__nes__l0.5,1021,25,-1,0,732,1
evaluation__33028__deblur__attack__nes__l1,1021,24,-1,0,-1,0
evaluation__33028__deblur__restore__nes__l1,1021,26,341,1,341,3
evaluation__33028__deblur__random_walk__random_walk__l1,1024,26,704,1,119,2
evaluation__33028__deblur__confidence_boost__nes__l1,1021,23,-1,0,-1,0
evaluation__33028__deblur__boundary_probe__nes__l1,1021,26,596,3,596,7
evaluation__33028__deblur__counterfactual__nes__l1,1021,25,-1,0,885,1
evaluation__37357__denoise__attack__nes__l0.5,1021,27,1004,1,1004,1
evaluation__37357__denoise__restore__nes__l0.5,1021,26,1021,1,732,2
evaluation__37357__denoise__random_walk__random_walk__l0.5,1024,27,55,1,55,3
evaluation__37357__denoise__confidence_boost__nes__l0.5,1021,25,-1,0,273,1
evaluation__37357__denoise__boundary_probe__nes__l0.5,1021,28,630,3,630,6
evaluation__37357__denoise__counterfactual__nes__l0.5,1021,23,-1,0,-1,0
evaluation__37357__deblur__attack__nes__l1,1021,22,-1,0,-1,0
evaluation__37357__deblur__restore__nes__l1,1021,26,987,1,817,3
evaluation__37357__deblur__random_walk__random_walk__l1,1024,26,323,2,183,4
evaluation__37357__deblur__confidence_boost__nes__l1,1021,24,-1,0,-1,0
evaluation__37357__deblur__boundary_probe__nes__l1,1021,26,953,1,851,2
evaluation__37357__deblur__counterfactual__nes__l1,1021,24,-1,0,-1,0
evaluation__39360__denoise__attack__nes__l0.5,1021,24,-1,0,-1,0
evaluation__39360__denoise__restore__nes__l0.5,1021,25,-1,0,426,1
evaluation__39360__denoise__random_walk__random_walk__l0.5,1024,26,203,2,48,4
evaluation__39360__denoise__confidence_boost__nes__l0.5,1021,23,-1,0,-1,0
evaluation__39360__denoise__boundary_probe__nes__l0.5,1021,25,-1,0,953,1
evaluation__39360__denoise__counterfactual__nes__l0.5,1021,22,-1,0,-1,0
evaluation__39360__deblur__attack__nes__l1,1021,24,-1,0,-1,0
evaluation__39360__deblur__restore__nes__l1,1021,25,-1,0,885,2
evaluation__39360__deblur__random_walk__random_walk__l1,1024,25,-1,0,117,6
evaluation__39360__deblur__confidence_boost__nes__l1,1021,23,-1,0,-1,0
evaluation__39360__deblur__boundary_probe__nes__l1,1021,26,953,1,953,1
evaluation__39360__deblur__counterfactual__nes__l1,1021,22,-1,0,-1,0
evaluation__43001__denoise__attack__nes__l0.5,1021,23,-1,0,-1,0
evaluation__43001__denoise__restore__nes__l0.5,1021,26,868,1,375,3
evaluation__43001__denoise__random_walk__random_walk__l0.5,1024,27,12,2,12,4
evaluation__43001__denoise__confidence_boost__nes__l0.5,1021,26,766,1,766,3
evaluation__43001__denoise__boundary_probe__nes__l0.5,1021,27,477,2,239,5
evaluation__43001__denoise__counterfactual__nes__l0.5,1021,25,-1,0,698,1
evaluation__43001__deblur__attack__nes__l1,1021,24,-1,0,-1,0
evaluation__43001__deblur__restore__nes__l1,1021,22,-1,0,-1,0
evaluation__43001__deblur__random_walk__random_walk__l1,1024,27,245,2,244,5
evaluation__43001__deblur__confidence_boost__nes__l1,1021,24,-1,0,-1,0
evaluation__43001__deblur__boundary_probe__nes__l1,1021,23,-1,0,-1,0
evaluation__43001__deblur__counterfactual__nes__l1,1021,24,-1,0,-1,0
evaluation__45967__denoise__attack__nes__l0.5,1021,25,-1,0,256,1
evaluation__45967__denoise__restore__nes__l0.5,1021,25,-1,0,120,1
evaluation__45967__denoise__random_walk__random_walk__l0.5,1024,29,428,4,428,7
evaluation__45967__denoise__confidence_boost__nes__l0.5,1021,25,-1,0,817,1
evaluation__45967__denoise__boundary_probe__nes__l0.5,1021,24,-1,0,-1,0
evaluation__45967__denoise__counterfactual__nes__l0.5,1021,23,-1,0,-1,0
evaluation__45967__deblur__attack__nes__l1,1021,23,-1,0,-1,0
evaluation__45967__deblur__restore__nes__l1,1021,23,-1,0,-1,0
evaluation__45967__deblur__random_walk__random_walk__l1,1024,25,-1,0,146,3
evaluation__45967__deblur__confidence_boost__nes__l1,1021,23,-1,0,-1,0
evaluation__45967__deblur__boundary_probe__nes__l1,1021,25,-1,0,1004,1
evaluation__45967__deblur__counterfactual__nes__l1,1021,25,-1,0,987,1
evaluation__49054__denoise__attack__nes__l0.5,1021,27,324,2,324,2
evaluation__49054__denoise__restore__nes__l0.5,1021,27,256,4,69,8
evaluation__49054__denoise__random_walk__random_walk__l0.5,1024,25,-1,0,893,1
evaluation__49054__denoise__confidence_boost__nes__l0.5,1021,25,-1,0,477,1
evaluation__49054__denoise__boundary_probe__nes__l0.5,1021,23,-1,0,-1,0
evaluation__49054__denoise__counterfactual__nes__l0.5,1021,23,-1,0,-1,0
evaluation__49054__deblur__attack__nes__l1,1021,23,-1,0,-1,0
evaluation__49054__deblur__restore__nes__l1,1021,26,1021,1,562,2
evaluation__49054__deblur__random_walk__random_walk__l1,1024,26,314,1,123,2
evaluation__49054__deblur__confidence_boost__nes__l1,1021,25,-1,0,528,1
evaluation__49054__deblur__boundary_probe__nes__l1,1021,25,-1,0,919,1
evaluation__49054__deblur__counterfactual__nes__l1,1021,25,-1,0,630,2
fit__2951__denoise__attack__nes__l0.5,1021,24,-1,0,-1,0
fit__2951__denoise__restore__nes__l0.5,1021,27,324,3,324,6
fit__2951__denoise__random_walk__random_walk__l0.5,1024,25,-1,0,975,2
fit__2951__denoise__confidence_boost__nes__l0.5,1021,25,-1,0,188,1
fit__2951__denoise__boundary_probe__nes__l0.5,1021,23,-1,0,-1,0
fit__2951__denoise__counterfactual__nes__l0.5,1021,25,-1,0,426,1
fit__2951__deblur__attack__nes__l1,1021,26,120,1,120,1
fit__2951__deblur__restore__nes__l1,1021,29,324,3,188,8
fit__2951__deblur__random_walk__random_walk__l1,1024,26,571,1,571,1
fit__2951__deblur__confidence_boost__nes__l1,1021,24,-1,0,-1,0
fit__2951__deblur__boundary_probe__nes__l1,1021,26,715,2,358,6
fit__2951__deblur__counterfactual__nes__l1,1021,26,664,1,562,3
fit__6989__denoise__attack__nes__l0.5,1021,23,-1,0,-1,0
fit__6989__denoise__restore__nes__l0.5,1021,26,749,2,341,5
fit__6989__denoise__random_walk__random_walk__l0.5,1024,25,-1,0,388,1
fit__6989__denoise__confidence_boost__nes__l0.5,1021,25,-1,0,52,1
fit__6989__denoise__boundary_probe__nes__l0.5,1021,26,732,2,732,3
fit__6989__denoise__counterfactual__nes__l0.5,1021,26,256,1,256,1
fit__6989__deblur__attack__nes__l1,1021,23,-1,0,-1,0
fit__6989__deblur__restore__nes__l1,1021,24,-1,0,-1,0
fit__6989__deblur__random_walk__random_walk__l1,1024,25,-1,0,95,4
fit__6989__deblur__confidence_boost__nes__l1,1021,24,-1,0,-1,0
fit__6989__deblur__boundary_probe__nes__l1,1021,21,-1,0,-1,0
fit__6989__deblur__counterfactual__nes__l1,1021,24,-1,0,-1,0
fit__11053__denoise__attack__nes__l0.5,1021,26,919,1,919,1
fit__11053__denoise__restore__nes__l0.5,1021,26,256,2,120,5
fit__11053__denoise__random_walk__random_walk__l0.5,1024,27,168,3,144,4
fit__11053__denoise__confidence_boost__nes__l0.5,1021,26,1004,1,1004,1
fit__11053__denoise__boundary_probe__nes__l0.5,1021,23,-1,0,-1,0
fit__11053__denoise__counterfactual__nes__l0.5,1021,23,-1,0,-1,0
fit__11053__deblur__attack__nes__l1,1021,24,-1,0,-1,0
fit__11053__deblur__restore__nes__l1,1021,27,392,4,392,8
fit__11053__deblur__random_walk__random_walk__l1,1024,24,-1,0,-1,0
fit__11053__deblur__confidence_boost__nes__l1,1021,23,-1,0,-1,0
fit__11053__deblur__boundary_probe__nes__l1,1021,23,-1,0,-1,0
fit__11053__deblur__counterfactual__nes__l1,1021,24,-1,0,-1,0
fit__14286__denoise__attack__nes__l0.5,1021,21,-1,0,-1,0
fit__14286__denoise__restore__nes__l0.5,1021,24,-1,0,-1,0
fit__14286__denoise__random_walk__random_walk__l0.5,1024,27,178,1,178,2
fit__14286__denoise__confidence_boost__nes__l0.5,1021,23,-1,0,-1,0
fit__14286__denoise__boundary_probe__nes__l0.5,1021,25,-1,0,970,2
fit__14286__denoise__counterfactual__nes__l0.5,1021,22,-1,0,-1,0
fit__14286__deblur__attack__nes__l1,1021,23,-1,0,-1,0
fit__14286__deblur__restore__nes__l1,1021,26,171,5,171,18
fit__14286__deblur__random_walk__random_walk__l1,1024,25,-1,0,369,1
fit__14286__deblur__confidence_boost__nes__l1,1021,26,698,1,698,1
fit__14286__deblur__boundary_probe__nes__l1,1021,24,-1,0,-1,0
fit__14286__deblur__counterfactual__nes__l1,1021,21,-1,0,-1,0
fit__20966__denoise__attack__nes__l0.5,1021,23,-1,0,-1,0
fit__20966__denoise__restore__nes__l0.5,1021,24,-1,0,-1,0
fit__20966__denoise__random_walk__random_walk__l0.5,1024,27,172,1,172,2
fit__20966__denoise__confidence_boost__nes__l0.5,1021,26,885,1,885,1
fit__20966__denoise__boundary_probe__nes__l0.5,1021,23,-1,0,-1,0
fit__20966__denoise__counterfactual__nes__l0.5,1021,24,-1,0,-1,0
fit__20966__deblur__attack__nes__l1,1021,23,-1,0,-1,0
fit__20966__deblur__restore__nes__l1,1021,25,-1,0,681,1
fit__20966__deblur__random_walk__random_walk__l1,1024,27,393,4,91,5
fit__20966__deblur__confidence_boost__nes__l1,1021,25,-1,0,681,1
fit__20966__deblur__boundary_probe__nes__l1,1021,25,-1,0,749,3
fit__20966__deblur__counterfactual__nes__l1,1021,24,-1,0,-1,0
fit__26729__denoise__attack__nes__l0.5,1021,24,-1,0,-1,0
fit__26729__denoise__restore__nes__l0.5,1021,27,698,2,698,2
fit__26729__denoise__random_walk__random_walk__l0.5,1024,26,121,1,121,4
fit__26729__denoise__confidence_boost__nes__l0.5,1021,24,-1,0,-1,0
fit__26729__denoise__boundary_probe__nes__l0.5,1021,23,-1,0,-1,0
fit__26729__denoise__counterfactual__nes__l0.5,1021,24,-1,0,-1,0
fit__26729__deblur__attack__nes__l1,1021,23,-1,0,-1,0
fit__26729__deblur__restore__nes__l1,1021,24,-1,0,-1,0
fit__26729__deblur__random_walk__random_walk__l1,1024,26,37,3,37,6
fit__26729__deblur__confidence_boost__nes__l1,1021,23,-1,0,-1,0
fit__26729__deblur__boundary_probe__nes__l1,1021,27,732,2,732,4
fit__26729__deblur__counterfactual__nes__l1,1021,24,-1,0,-1,0
fit__29989__denoise__attack__nes__l0.5,1021,25,-1,0,426,1
fit__29989__denoise__restore__nes__l0.5,1021,27,613,4,341,9
fit__29989__denoise__random_walk__random_walk__l0.5,1024,29,152,3,13,6
fit__29989__denoise__confidence_boost__nes__l0.5,1021,25,-1,0,630,1
fit__29989__denoise__boundary_probe__nes__l0.5,1021,25,-1,0,919,2
fit__29989__denoise__counterfactual__nes__l0.5,1021,22,-1,0,-1,0
fit__29989__deblur__attack__nes__l1,1021,25,-1,0,953,1
fit__29989__deblur__restore__nes__l1,1021,25,-1,0,511,1
fit__29989__deblur__random_walk__random_walk__l1,1024,26,751,1,141,3
fit__29989__deblur__confidence_boost__nes__l1,1021,25,-1,0,103,1
fit__29989__deblur__boundary_probe__nes__l1,1021,24,-1,0,-1,0
fit__29989__deblur__counterfactual__nes__l1,1021,21,-1,0,-1,0
fit__36066__denoise__attack__nes__l0.5,1021,24,-1,0,-1,0
fit__36066__denoise__restore__nes__l0.5,1021,26,715,1,715,2
fit__36066__denoise__random_walk__random_walk__l0.5,1024,27,87,2,87,5
fit__36066__denoise__confidence_boost__nes__l0.5,1021,25,-1,0,800,1
fit__36066__denoise__boundary_probe__nes__l0.5,1021,26,936,1,239,3
fit__36066__denoise__counterfactual__nes__l0.5,1021,24,-1,0,-1,0
fit__36066__deblur__attack__nes__l1,1021,24,-1,0,-1,0
fit__36066__deblur__restore__nes__l1,1021,26,885,1,256,11
fit__36066__deblur__random_walk__random_walk__l1,1024,27,437,3,429,4
fit__36066__deblur__confidence_boost__nes__l1,1021,25,-1,0,902,1
fit__36066__deblur__boundary_probe__nes__l1,1021,24,-1,0,-1,0
fit__36066__deblur__counterfactual__nes__l1,1021,24,-1,0,-1,0
fit__42562__denoise__attack__nes__l0.5,1021,24,-1,0,-1,0
fit__42562__denoise__restore__nes__l0.5,1021,26,239,3,239,4
fit__42562__denoise__random_walk__random_walk__l0.5,1024,25,-1,0,207,6
fit__42562__denoise__confidence_boost__nes__l0.5,1021,25,-1,0,596,1
fit__42562__denoise__boundary_probe__nes__l0.5,1021,27,766,2,732,3
fit__42562__denoise__counterfactual__nes__l0.5,1021,26,256,1,256,1
fit__42562__deblur__attack__nes__l1,1021,25,-1,0,698,1
fit__42562__deblur__restore__nes__l1,1021,25,-1,0,834,3
fit__42562__deblur__random_walk__random_walk__l1,1024,25,-1,0,46,4
fit__42562__deblur__confidence_boost__nes__l1,1021,23,-1,0,-1,0
fit__42562__deblur__boundary_probe__nes__l1,1021,24,-1,0,-1,0
fit__42562__deblur__counterfactual__nes__l1,1021,24,-1,0,-1,0
fit__48673__denoise__attack__nes__l0.5,1021,24,-1,0,-1,0
fit__48673__denoise__restore__nes__l0.5,1021,25,-1,0,647,2
fit__48673__denoise__random_walk__random_walk__l0.5,1024,26,183,1,183,3
fit__48673__denoise__confidence_boost__nes__l0.5,1021,23,-1,0,-1,0
fit__48673__denoise__boundary_probe__nes__l0.5,1021,23,-1,0,-1,0
fit__48673__denoise__counterfactual__nes__l0.5,1021,22,-1,0,-1,0
fit__48673__deblur__attack__nes__l1,1021,24,-1,0,-1,0
fit__48673__deblur__restore__nes__l1,1021,26,511,1,511,1
fit__48673__deblur__random_walk__random_walk__l1,1024,27,758,1,295,5
fit__48673__deblur__confidence_boost__nes__l1,1021,23,-1,0,-1,0
fit__48673__deblur__boundary_probe__nes__l1,1021,24,-1,0,-1,0
fit__48673__deblur__counterfactual__nes__l1,1021,25,-1,0,766,1
evaluation__1940__denoise__attack__nes__l0.5,1021,25,-1,0,443,1
evaluation__1940__denoise__restore__nes__l0.5,1021,26,647,1,647,1
evaluation__1940__denoise__random_walk__random_walk__l0.5,1024,25,-1,0,493,1
evaluation__1940__denoise__confidence_boost__nes__l0.5,1021,23,-1,0,-1,0
evaluation__1940__denoise__boundary_probe__nes__l0.5,1021,22,-1,0,-1,0
evaluation__1940__denoise__counterfactual__nes__l0.5,1021,25,-1,0,137,1
evaluation__1940__deblur__attack__nes__l1,1021,23,-1,0,-1,0
evaluation__1940__deblur__restore__nes__l1,1021,26,307,2,188,8
evaluation__1940__deblur__random_walk__random_walk__l1,1024,27,33,3,30,8
evaluation__1940__deblur__confidence_boost__nes__l1,1021,25,-1,0,290,1
evaluation__1940__deblur__boundary_probe__nes__l1,1021,26,885,1,885,1
evaluation__1940__deblur__counterfactual__nes__l1,1021,21,-1,0,-1,0
evaluation__3180__denoise__attack__nes__l0.5,1021,25,-1,0,460,1
evaluation__3180__denoise__restore__nes__l0.5,1021,27,630,2,477,5
evaluation__3180__denoise__random_walk__random_walk__l0.5,1024,26,46,1,46,5
evaluation__3180__denoise__confidence_boost__nes__l0.5,1021,25,-1,0,528,1
evaluation__3180__denoise__boundary_probe__nes__l0.5,1021,22,-1,0,-1,0
evaluation__3180__denoise__counterfactual__nes__l0.5,1021,23,-1,0,-1,0
evaluation__3180__deblur__attack__nes__l1,1021,22,-1,0,-1,0
evaluation__3180__deblur__restore__nes__l1,1021,25,-1,0,970,1
evaluation__3180__deblur__random_walk__random_walk__l1,1024,25,-1,0,108,3
evaluation__3180__deblur__confidence_boost__nes__l1,1021,26,1021,1,1021,1
evaluation__3180__deblur__boundary_probe__nes__l1,1021,21,-1,0,-1,0
evaluation__3180__deblur__counterfactual__nes__l1,1021,22,-1,0,-1,0
evaluation__5905__denoise__attack__nes__l0.5,1021,24,-1,0,-1,0
evaluation__5905__denoise__restore__nes__l0.5,1021,28,630,1,630,3
evaluation__5905__denoise__random_walk__random_walk__l0.5,1024,26,26,1,26,5
evaluation__5905__denoise__confidence_boost__nes__l0.5,1021,23,-1,0,-1,0
evaluation__5905__denoise__boundary_probe__nes__l0.5,1021,23,-1,0,-1,0
evaluation__5905__denoise__counterfactual__nes__l0.5,1021,28,834,1,834,1
evaluation__5905__deblur__attack__nes__l1,1021,27,647,1,647,1
evaluation__5905__deblur__restore__nes__l1,1021,26,358,1,154,9
evaluation__5905__deblur__random_walk__random_walk__l1,1024,25,-1,0,145,5
evaluation__5905__deblur__confidence_boost__nes__l1,1021,22,-1,0,-1,0
evaluation__5905__deblur__boundary_probe__nes__l1,1021,24,-1,0,-1,0
evaluation__5905__deblur__counterfactual__nes__l1,1021,24,-1,0,-1,0
evaluation__7444__denoise__attack__nes__l0.5,1021,22,-1,0,-1,0
evaluation__7444__denoise__restore__nes__l0.5,1021,25,-1,0,239,5
evaluation__7444__denoise__random_walk__random_walk__l0.5,1024,26,314,3,314,5
evaluation__7444__denoise__confidence_boost__nes__l0.5,1021,23,-1,0,-1,0
evaluation__7444__denoise__boundary_probe__nes__l0.5,1021,24,-1,0,-1,0
evaluation__7444__denoise__counterfactual__nes__l0.5,1021,24,-1,0,-1,0
evaluation__7444__deblur__attack__nes__l1,1021,24,-1,0,-1,0
evaluation__7444__deblur__restore__nes__l1,1021,22,-1,0,-1,0
evaluation__7444__deblur__random_walk__random_walk__l1,1024,27,428,1,184,7
evaluation__7444__deblur__confidence_boost__nes__l1,1021,22,-1,0,-1,0
evaluation__7444__deblur__boundary_probe__nes__l1,1021,23,-1,0,-1,0
evaluation__7444__deblur__counterfactual__nes__l1,1021,23,-1,0,-1,0
evaluation__8426__denoise__attack__nes__l0.5,1021,22,-1,0,-1,0
evaluation__8426__denoise__restore__nes__l0.5,1021,24,-1,0,-1,0
evaluation__8426__denoise__random_walk__random_walk__l0.5,1024,25,-1,0,100,3
evaluation__8426__denoise__confidence_boost__nes__l0.5,1021,26,868,1,868,1
evaluation__8426__denoise__boundary_probe__nes__l0.5,1021,26,1004,1,1004,1
evaluation__8426__denoise__counterfactual__nes__l0.5,1021,24,-1,0,-1,0
evaluation__8426__deblur__attack__nes__l1,1021,24,-1,0,-1,0
evaluation__8426__deblur__restore__nes__l1,1021,23,-1,0,-1,0
evaluation__8426__deblur__random_walk__random_walk__l1,1024,25,-1,0,281,1
evaluation__8426__deblur__confidence_boost__nes__l1,1021,24,-1,0,-1,0
evaluation__8426__deblur__boundary_probe__nes__l1,1021,23,-1,0,-1,0
evaluation__8426__deblur__counterfactual__nes__l1,1021,23,-1,0,-1,0
evaluation__12197__denoise__attack__nes__l0.5,1021,23,-1,0,-1,0
evaluation__12197__denoise__restore__nes__l0.5,1021,28,341,6,86,12
evaluation__12197__denoise__random_walk__random_walk__l0.5,1024,26,910,1,29,3
evaluation__12197__denoise__confidence_boost__nes__l0.5,1021,29,987,1,936,2
evaluation__12197__denoise__boundary_probe__nes__l0.5,1021,23,-1,0,-1,0
evaluation__12197__denoise__counterfactual__nes__l0.5,1021,25,-1,0,358,2
evaluation__12197__deblur__attack__nes__l1,1021,26,834,2,834,4
evaluation__12197__deblur__restore__nes__l1,1021,26,885,2,783,3
evaluation__12197__deblur__random_walk__random_walk__l1,1024,25,-1,0,954,1
evaluation__12197__deblur__confidence_boost__nes__l1,1021,21,-1,0,-1,0
evaluation__12197__deblur__boundary_probe__nes__l1,1021,24,-1,0,-1,0
evaluation__12197__deblur__counterfactual__nes__l1,1021,25,-1,0,35,1
evaluation__13564__denoise__attack__nes__l0.5,1021,23,-1,0,-1,0
evaluation__13564__denoise__restore__nes__l0.5,1021,25,-1,0,902,1
evaluation__13564__denoise__random_walk__random_walk__l0.5,1024,27,103,1,69,4
evaluation__13564__denoise__confidence_boost__nes__l0.5,1021,22,-1,0,-1,0
evaluation__13564__denoise__boundary_probe__nes__l0.5,1021,24,-1,0,-1,0
evaluation__13564__denoise__counterfactual__nes__l0.5,1021,24,-1,0,-1,0
evaluation__13564__deblur__attack__nes__l1,1021,23,-1,0,-1,0
evaluation__13564__deblur__restore__nes__l1,1021,24,-1,0,-1,0
evaluation__13564__deblur__random_walk__random_walk__l1,1024,27,417,2,417,2
evaluation__13564__deblur__confidence_boost__nes__l1,1021,26,749,1,749,1
evaluation__13564__deblur__boundary_probe__nes__l1,1021,22,-1,0,-1,0
evaluation__13564__deblur__counterfactual__nes__l1,1021,26,256,1,256,2
evaluation__15617__denoise__attack__nes__l0.5,1021,23,-1,0,-1,0
evaluation__15617__denoise__restore__nes__l0.5,1021,28,324,3,290,10
evaluation__15617__denoise__random_walk__random_walk__l0.5,1024,25,-1,0,2,3
evaluation__15617__denoise__confidence_boost__nes__l0.5,1021,22,-1,0,-1,0
evaluation__15617__denoise__boundary_probe__nes__l0.5,1021,28,392,8,171,16
evaluation__15617__denoise__counterfactual__nes__l0.5,1021,30,834,2,783,4
evaluation__15617__deblur__attack__nes__l1,1021,24,-1,0,-1,0
evaluation__15617__deblur__restore__nes__l1,1021,26,222,1,171,2
evaluation__15617__deblur__random_walk__random_walk__l1,1024,24,-1,0,-1,0
evaluation__15617__deblur__confidence_boost__nes__l1,1021,28,936,1,936,1
evaluation__15617__deblur__boundary_probe__nes__l1,1021,26,375,3,375,4
evaluation__15617__deblur__counterfactual__nes__l1,1021,26,375,4,375,5
evaluation__19274__denoise__attack__nes__l0.5,1021,22,-1,0,-1,0
evaluation__19274__denoise__restore__nes__l0.5,1021,26,188,1,188,2
evaluation__19274__denoise__random_walk__random_walk__l0.5,1024,25,-1,0,209,3
evaluation__19274__denoise__confidence_boost__nes__l0.5,1021,24,-1,0,-1,0
evaluation__19274__denoise__boundary_probe__nes__l0.5,1021,23,-1,0,-1,0
evaluation__19274__denoise__counterfactual__nes__l0.5,1021,24,-1,0,-1,0
evaluation__19274__deblur__attack__nes__l1,1021,24,-1,0,-1,0
evaluation__19274__deblur__restore__nes__l1,1021,26,953,1,477,3
evaluation__19274__deblur__random_walk__random_walk__l1,1024,26,306,1,306,4
evaluation__19274__deblur__confidence_boost__nes__l1,1021,23,-1,0,-1,0
evaluation__19274__deblur__boundary_probe__nes__l1,1021,28,137,7,137,17
evaluation__19274__deblur__counterfactual__nes__l1,1021,22,-1,0,-1,0
evaluation__23034__denoise__attack__nes__l0.5,1021,24,-1,0,-1,0
evaluation__23034__denoise__restore__nes__l0.5,1021,23,-1,0,-1,0
evaluation__23034__denoise__random_walk__random_walk__l0.5,1024,27,809,2,169,4
evaluation__23034__denoise__confidence_boost__nes__l0.5,1021,24,-1,0,-1,0
evaluation__23034__denoise__boundary_probe__nes__l0.5,1021,26,766,1,732,2
evaluation__23034__denoise__counterfactual__nes__l0.5,1021,22,-1,0,-1,0
evaluation__23034__deblur__attack__nes__l1,1021,24,-1,0,-1,0
evaluation__23034__deblur__restore__nes__l1,1021,23,-1,0,-1,0
evaluation__23034__deblur__random_walk__random_walk__l1,1024,26,654,1,654,2
evaluation__23034__deblur__confidence_boost__nes__l1,1021,23,-1,0,-1,0
evaluation__23034__deblur__boundary_probe__nes__l1,1021,26,851,2,324,3
evaluation__23034__deblur__counterfactual__nes__l1,1021,25,-1,0,834,2
evaluation__25665__denoise__attack__nes__l0.5,1021,25,-1,0,562,2
evaluation__25665__denoise__restore__nes__l0.5,1021,27,256,7,120,17
evaluation__25665__denoise__random_walk__random_walk__l0.5,1024,26,338,1,193,4
evaluation__25665__denoise__confidence_boost__nes__l0.5,1021,22,-1,0,-1,0
evaluation__25665__denoise__boundary_probe__nes__l0.5,1021,28,630,8,256,13
evaluation__25665__denoise__counterfactual__nes__l0.5,1021,25,-1,0,392,1
evaluation__25665__deblur__attack__nes__l1,1021,24,-1,0,-1,0
evaluation__25665__deblur__restore__nes__l1,1021,23,-1,0,-1,0
evaluation__25665__deblur__random_walk__random_walk__l1,1024,26,514,1,168,7
evaluation__25665__deblur__confidence_boost__nes__l1,1021,23,-1,0,-1,0
evaluation__25665__deblur__boundary_probe__nes__l1,1021,25,-1,0,443,1
evaluation__25665__deblur__counterfactual__nes__l1,1021,25,-1,0,902,1
evaluation__27079__denoise__attack__nes__l0.5,1021,25,-1,0,868,1
evaluation__27079__denoise__restore__nes__l0.5,1021,29,137,36,137,41
evaluation__27079__denoise__random_walk__random_walk__l0.5,1024,25,-1,0,418,1
evaluation__27079__denoise__confidence_boost__nes__l0.5,1021,25,-1,0,256,2
evaluation__27079__denoise__boundary_probe__nes__l0.5,1021,24,-1,0,-1,0
evaluation__27079__denoise__counterfactual__nes__l0.5,1021,25,-1,0,834,1
evaluation__27079__deblur__attack__nes__l1,1021,22,-1,0,-1,0
evaluation__27079__deblur__restore__nes__l1,1021,27,664,2,392,7
evaluation__27079__deblur__random_walk__random_walk__l1,1024,27,26,2,26,3
evaluation__27079__deblur__confidence_boost__nes__l1,1021,23,-1,0,-1,0
evaluation__27079__deblur__boundary_probe__nes__l1,1021,24,-1,0,-1,0
evaluation__27079__deblur__counterfactual__nes__l1,1021,22,-1,0,-1,0
evaluation__28594__denoise__attack__nes__l0.5,1021,25,-1,0,749,1
evaluation__28594__denoise__restore__nes__l0.5,1021,24,-1,0,-1,0
evaluation__28594__denoise__random_walk__random_walk__l0.5,1024,25,-1,0,639,5
evaluation__28594__denoise__confidence_boost__nes__l0.5,1021,26,69,3,69,4
evaluation__28594__denoise__boundary_probe__nes__l0.5,1021,25,-1,0,868,2
evaluation__28594__denoise__counterfactual__nes__l0.5,1021,25,-1,0,851,1
evaluation__28594__deblur__attack__nes__l1,1021,24,-1,0,-1,0
evaluation__28594__deblur__restore__nes__l1,1021,28,494,1,494,2
evaluation__28594__deblur__random_walk__random_walk__l1,1024,28,205,4,205,4
evaluation__28594__deblur__confidence_boost__nes__l1,1021,24,-1,0,-1,0
evaluation__28594__deblur__boundary_probe__nes__l1,1021,23,-1,0,-1,0
evaluation__28594__deblur__counterfactual__nes__l1,1021,28,953,1,953,2
evaluation__30699__denoise__attack__nes__l0.5,1021,26,987,1,987,1
evaluation__30699__denoise__restore__nes__l0.5,1021,25,-1,0,562,2
evaluation__30699__denoise__random_walk__random_walk__l0.5,1024,26,181,1,181,6
evaluation__30699__denoise__confidence_boost__nes__l0.5,1021,26,1021,1,562,2
evaluation__30699__denoise__boundary_probe__nes__l0.5,1021,28,902,1,902,1
evaluation__30699__denoise__counterfactual__nes__l0.5,1021,25,-1,0,647,2
evaluation__30699__deblur__attack__nes__l1,1021,24,-1,0,-1,0
evaluation__30699__deblur__restore__nes__l1,1021,26,103,2,103,8
evaluation__30699__deblur__random_walk__random_walk__l1,1024,26,679,1,170,4
evaluation__30699__deblur__confidence_boost__nes__l1,1021,23,-1,0,-1,0
evaluation__30699__deblur__boundary_probe__nes__l1,1021,24,-1,0,-1,0
evaluation__30699__deblur__counterfactual__nes__l1,1021,22,-1,0,-1,0
evaluation__33040__denoise__attack__nes__l0.5,1021,24,-1,0,-1,0
evaluation__33040__denoise__restore__nes__l0.5,1021,26,103,1,103,3
evaluation__33040__denoise__random_walk__random_walk__l0.5,1024,25,-1,0,530,2
evaluation__33040__denoise__confidence_boost__nes__l0.5,1021,24,-1,0,-1,0
evaluation__33040__denoise__boundary_probe__nes__l0.5,1021,25,-1,0,902,2
evaluation__33040__denoise__counterfactual__nes__l0.5,1021,25,-1,0,443,1
evaluation__33040__deblur__attack__nes__l1,1021,25,-1,0,290,2
evaluation__33040__deblur__restore__nes__l1,1021,27,188,12,188,22
evaluation__33040__deblur__random_walk__random_walk__l1,1024,26,228,1,228,3
evaluation__33040__deblur__confidence_boost__nes__l1,1021,23,-1,0,-1,0
evaluation__33040__deblur__boundary_probe__nes__l1,1021,26,936,1,936,1
evaluation__33040__deblur__counterfactual__nes__l1,1021,25,-1,0,528,1
evaluation__37376__denoise__attack__nes__l0.5,1021,23,-1,0,-1,0
evaluation__37376__denoise__restore__nes__l0.5,1021,28,290,4,290,15
evaluation__37376__denoise__random_walk__random_walk__l0.5,1024,26,34,3,34,6
evaluation__37376__denoise__confidence_boost__nes__l0.5,1021,28,715,1,715,2
evaluation__37376__denoise__boundary_probe__nes__l0.5,1021,26,732,2,732,3
evaluation__37376__denoise__counterfactual__nes__l0.5,1021,23,-1,0,-1,0
evaluation__37376__deblur__attack__nes__l1,1021,21,-1,0,-1,0
evaluation__37376__deblur__restore__nes__l1,1021,23,-1,0,-1,0
evaluation__37376__deblur__random_walk__random_walk__l1,1024,25,-1,0,209,3
evaluation__37376__deblur__confidence_boost__nes__l1,1021,24,-1,0,-1,0
evaluation__37376__deblur__boundary_probe__nes__l1,1021,27,596,2,596,5
evaluation__37376__deblur__counterfactual__nes__l1,1021,22,-1,0,-1,0
evaluation__39372__denoise__attack__nes__l0.5,1021,24,-1,0,-1,0
evaluation__39372__denoise__restore__nes__l0.5,1021,27,426,10,256,17
evaluation__39372__denoise__random_walk__random_walk__l0.5,1024,27,324,1,46,4
evaluation__39372__denoise__confidence_boost__nes__l0.5,1021,23,-1,0,-1,0
evaluation__39372__denoise__boundary_probe__nes__l0.5,1021,27,511,5,324,10
evaluation__39372__denoise__counterfactual__nes__l0.5,1021,22,-1,0,-1,0
evaluation__39372__deblur__attack__nes__l1,1021,24,-1,0,-1,0
evaluation__39372__deblur__restore__nes__l1,1021,20,-1,0,-1,0
evaluation__39372__deblur__random_walk__random_walk__l1,1024,27,850,1,165,4
evaluation__39372__deblur__confidence_boost__nes__l1,1021,21,-1,0,-1,0
evaluation__39372__deblur__boundary_probe__nes__l1,1021,24,-1,0,-1,0
evaluation__39372__deblur__counterfactual__nes__l1,1021,24,-1,0,-1,0
evaluation__43041__denoise__attack__nes__l0.5,1021,24,-1,0,-1,0
evaluation__43041__denoise__restore__nes__l0.5,1021,26,902,1,698,2
evaluation__43041__denoise__random_walk__random_walk__l0.5,1024,27,143,2,143,4
evaluation__43041__denoise__confidence_boost__nes__l0.5,1021,24,-1,0,-1,0
evaluation__43041__denoise__boundary_probe__nes__l0.5,1021,23,-1,0,-1,0
evaluation__43041__denoise__counterfactual__nes__l0.5,1021,23,-1,0,-1,0
evaluation__43041__deblur__attack__nes__l1,1021,27,579,1,579,1
evaluation__43041__deblur__restore__nes__l1,1021,25,-1,0,698,1
evaluation__43041__deblur__random_walk__random_walk__l1,1024,25,-1,0,541,1
evaluation__43041__deblur__confidence_boost__nes__l1,1021,25,-1,0,154,2
evaluation__43041__deblur__boundary_probe__nes__l1,1021,24,-1,0,-1,0
evaluation__43041__deblur__counterfactual__nes__l1,1021,22,-1,0,-1,0
evaluation__45975__denoise__attack__nes__l0.5,1021,24,-1,0,-1,0
evaluation__45975__denoise__restore__nes__l0.5,1021,25,-1,0,460,3
evaluation__45975__denoise__random_walk__random_walk__l0.5,1024,26,190,1,174,4
evaluation__45975__denoise__confidence_boost__nes__l0.5,1021,27,987,1,987,2
evaluation__45975__denoise__boundary_probe__nes__l0.5,1021,24,-1,0,-1,0
evaluation__45975__denoise__counterfactual__nes__l0.5,1021,24,-1,0,-1,0
evaluation__45975__deblur__attack__nes__l1,1021,24,-1,0,-1,0
evaluation__45975__deblur__restore__nes__l1,1021,25,-1,0,1004,1
evaluation__45975__deblur__random_walk__random_walk__l1,1024,26,437,1,343,9
evaluation__45975__deblur__confidence_boost__nes__l1,1021,23,-1,0,-1,0
evaluation__45975__deblur__boundary_probe__nes__l1,1021,24,-1,0,-1,0
evaluation__45975__deblur__counterfactual__nes__l1,1021,26,528,1,239,2
evaluation__49089__denoise__attack__nes__l0.5,1021,26,817,1,817,3
evaluation__49089__denoise__restore__nes__l0.5,1021,24,-1,0,-1,0
evaluation__49089__denoise__random_walk__random_walk__l0.5,1024,25,-1,0,438,1
evaluation__49089__denoise__confidence_boost__nes__l0.5,1021,25,-1,0,477,1
evaluation__49089__denoise__boundary_probe__nes__l0.5,1021,27,647,2,222,3
evaluation__49089__denoise__counterfactual__nes__l0.5,1021,21,-1,0,-1,0
evaluation__49089__deblur__attack__nes__l1,1021,24,-1,0,-1,0
evaluation__49089__deblur__restore__nes__l1,1021,27,409,3,171,10
evaluation__49089__deblur__random_walk__random_walk__l1,1024,25,-1,0,975,1
evaluation__49089__deblur__confidence_boost__nes__l1,1021,22,-1,0,-1,0
evaluation__49089__deblur__boundary_probe__nes__l1,1021,25,-1,0,1004,1
evaluation__49089__deblur__counterfactual__nes__l1,1021,23,-1,0,-1,0
fit__3017__denoise__attack__nes__l0.5,1021,22,-1,0,-1,0
fit__3017__denoise__restore__nes__l0.5,1021,25,-1,0,851,1
fit__3017__denoise__random_walk__random_walk__l0.5,1024,26,171,2,171,4
fit__3017__denoise__confidence_boost__nes__l0.5,1021,22,-1,0,-1,0
fit__3017__denoise__boundary_probe__nes__l0.5,1021,25,-1,0,851,2
fit__3017__denoise__counterfactual__nes__l0.5,1021,26,681,1,681,2
fit__3017__deblur__attack__nes__l1,1021,25,-1,0,647,1
fit__3017__deblur__restore__nes__l1,1021,27,103,10,103,18
fit__3017__deblur__random_walk__random_walk__l1,1024,26,350,2,113,4
fit__3017__deblur__confidence_boost__nes__l1,1021,26,630,1,630,3
fit__3017__deblur__boundary_probe__nes__l1,1021,23,-1,0,-1,0
fit__3017__deblur__counterfactual__nes__l1,1021,25,-1,0,239,2
fit__7069__denoise__attack__nes__l0.5,1021,25,-1,0,800,3
fit__7069__denoise__restore__nes__l0.5,1021,25,-1,0,511,2
fit__7069__denoise__random_walk__random_walk__l0.5,1024,26,957,1,186,3
fit__7069__denoise__confidence_boost__nes__l0.5,1021,24,-1,0,-1,0
fit__7069__denoise__boundary_probe__nes__l0.5,1021,26,358,1,358,2
fit__7069__denoise__counterfactual__nes__l0.5,1021,22,-1,0,-1,0
fit__7069__deblur__attack__nes__l1,1021,25,-1,0,409,1
fit__7069__deblur__restore__nes__l1,1021,25,-1,0,919,1
fit__7069__deblur__random_walk__random_walk__l1,1024,27,247,1,177,3
fit__7069__deblur__confidence_boost__nes__l1,1021,24,-1,0,-1,0
fit__7069__deblur__boundary_probe__nes__l1,1021,22,-1,0,-1,0
fit__7069__deblur__counterfactual__nes__l1,1021,26,868,1,868,1
fit__11884__denoise__attack__nes__l0.5,1021,25,-1,0,613,1
fit__11884__denoise__restore__nes__l0.5,1021,24,-1,0,-1,0
fit__11884__denoise__random_walk__random_walk__l0.5,1024,27,435,1,435,1
fit__11884__denoise__confidence_boost__nes__l0.5,1021,23,-1,0,-1,0
fit__11884__denoise__boundary_probe__nes__l0.5,1021,22,-1,0,-1,0
fit__11884__denoise__counterfactual__nes__l0.5,1021,22,-1,0,-1,0
fit__11884__deblur__attack__nes__l1,1021,21,-1,0,-1,0
fit__11884__deblur__restore__nes__l1,1021,26,953,1,562,3
fit__11884__deblur__random_walk__random_walk__l1,1024,25,-1,0,19,3
fit__11884__deblur__confidence_boost__nes__l1,1021,22,-1,0,-1,0
fit__11884__deblur__boundary_probe__nes__l1,1021,25,-1,0,698,1
fit__11884__deblur__counterfactual__nes__l1,1021,25,-1,0,732,1
fit__15361__denoise__attack__nes__l0.5,1021,24,-1,0,-1,0
fit__15361__denoise__restore__nes__l0.5,1021,26,596,1,596,2
fit__15361__denoise__random_walk__random_walk__l0.5,1024,25,-1,0,370,1
fit__15361__denoise__confidence_boost__nes__l0.5,1021,23,-1,0,-1,0
fit__15361__denoise__boundary_probe__nes__l0.5,1021,22,-1,0,-1,0
fit__15361__denoise__counterfactual__nes__l0.5,1021,23,-1,0,-1,0
fit__15361__deblur__attack__nes__l1,1021,24,-1,0,-1,0
fit__15361__deblur__restore__nes__l1,1021,26,953,1,953,1
fit__15361__deblur__random_walk__random_walk__l1,1024,25,-1,0,905,2
fit__15361__deblur__confidence_boost__nes__l1,1021,23,-1,0,-1,0
fit__15361__deblur__boundary_probe__nes__l1,1021,24,-1,0,-1,0
fit__15361__deblur__counterfactual__nes__l1,1021,25,-1,0,885,1
fit__21196__denoise__attack__nes__l0.5,1021,26,1004,1,1004,1
fit__21196__denoise__restore__nes__l0.5,1021,25,-1,0,766,1
fit__21196__denoise__random_walk__random_walk__l0.5,1024,25,-1,0,413,2
fit__21196__denoise__confidence_boost__nes__l0.5,1021,25,-1,0,205,1
fit__21196__denoise__boundary_probe__nes__l0.5,1021,25,-1,0,715,1
fit__21196__denoise__counterfactual__nes__l0.5,1021,23,-1,0,-1,0
fit__21196__deblur__attack__nes__l1,1021,24,-1,0,-1,0
fit__21196__deblur__restore__nes__l1,1021,26,834,1,375,4
fit__21196__deblur__random_walk__random_walk__l1,1024,27,82,2,82,5
fit__21196__deblur__confidence_boost__nes__l1,1021,24,-1,0,-1,0
fit__21196__deblur__boundary_probe__nes__l1,1021,23,-1,0,-1,0
fit__21196__deblur__counterfactual__nes__l1,1021,23,-1,0,-1,0
fit__26791__denoise__attack__nes__l0.5,1021,26,783,1,783,2
fit__26791__denoise__restore__nes__l0.5,1021,26,953,2,749,3
fit__26791__denoise__random_walk__random_walk__l0.5,1024,25,-1,0,101,6
fit__26791__denoise__confidence_boost__nes__l0.5,1021,25,-1,0,103,1
fit__26791__denoise__boundary_probe__nes__l0.5,1021,24,-1,0,-1,0
fit__26791__denoise__counterfactual__nes__l0.5,1021,24,-1,0,-1,0
fit__26791__deblur__attack__nes__l1,1021,24,-1,0,-1,0
fit__26791__deblur__restore__nes__l1,1021,25,-1,0,324,2
fit__26791__deblur__random_walk__random_walk__l1,1024,26,57,2,57,5
fit__26791__deblur__confidence_boost__nes__l1,1021,22,-1,0,-1,0
fit__26791__deblur__boundary_probe__nes__l1,1021,23,-1,0,-1,0
fit__26791__deblur__counterfactual__nes__l1,1021,23,-1,0,-1,0
fit__30056__denoise__attack__nes__l0.5,1021,24,-1,0,-1,0
fit__30056__denoise__restore__nes__l0.5,1021,25,-1,0,426,1
fit__30056__denoise__random_walk__random_walk__l0.5,1024,25,-1,0,391,1
fit__30056__denoise__confidence_boost__nes__l0.5,1021,25,-1,0,834,1
fit__30056__denoise__boundary_probe__nes__l0.5,1021,26,953,1,851,2
fit__30056__denoise__counterfactual__nes__l0.5,1021,23,-1,0,-1,0
fit__30056__deblur__attack__nes__l1,1021,23,-1,0,-1,0
fit__30056__deblur__restore__nes__l1,1021,25,-1,0,171,4
fit__30056__deblur__random_walk__random_walk__l1,1024,25,-1,0,290,1
fit__30056__deblur__confidence_boost__nes__l1,1021,23,-1,0,-1,0
fit__30056__deblur__boundary_probe__nes__l1,1021,22,-1,0,-1,0
fit__30056__deblur__counterfactual__nes__l1,1021,25,-1,0,188,2
fit__36515__denoise__attack__nes__l0.5,1021,27,698,1,698,1
fit__36515__denoise__restore__nes__l0.5,1021,25,-1,0,851,1
fit__36515__denoise__random_walk__random_walk__l0.5,1024,26,631,1,631,2
fit__36515__denoise__confidence_boost__nes__l0.5,1021,24,-1,0,-1,0
fit__36515__denoise__boundary_probe__nes__l0.5,1021,24,-1,0,-1,0
fit__36515__denoise__counterfactual__nes__l0.5,1021,23,-1,0,-1,0
fit__36515__deblur__attack__nes__l1,1021,24,-1,0,-1,0
fit__36515__deblur__restore__nes__l1,1021,25,-1,0,222,1
fit__36515__deblur__random_walk__random_walk__l1,1024,26,130,1,130,3
fit__36515__deblur__confidence_boost__nes__l1,1021,27,137,1,137,1
fit__36515__deblur__boundary_probe__nes__l1,1021,27,664,3,664,7
fit__36515__deblur__counterfactual__nes__l1,1021,24,-1,0,-1,0
fit__42884__denoise__attack__nes__l0.5,1021,24,-1,0,-1,0
fit__42884__denoise__restore__nes__l0.5,1021,25,-1,0,1021,1
fit__42884__denoise__random_walk__random_walk__l0.5,1024,27,23,3,23,8
fit__42884__denoise__confidence_boost__nes__l0.5,1021,25,-1,0,205,1
fit__42884__denoise__boundary_probe__nes__l0.5,1021,23,-1,0,-1,0
fit__42884__denoise__counterfactual__nes__l0.5,1021,25,-1,0,596,1
fit__42884__deblur__attack__nes__l1,1021,25,-1,0,120,1
fit__42884__deblur__restore__nes__l1,1021,24,-1,0,-1,0
fit__42884__deblur__random_walk__random_walk__l1,1024,26,46,3,46,4
fit__42884__deblur__confidence_boost__nes__l1,1021,23,-1,0,-1,0
fit__42884__deblur__boundary_probe__nes__l1,1021,26,902,3,902,3
fit__42884__deblur__counterfactual__nes__l1,1021,24,-1,0,-1,0
fit__48715__denoise__attack__nes__l0.5,1021,24,-1,0,-1,0
fit__48715__denoise__restore__nes__l0.5,1021,25,-1,0,154,1
fit__48715__denoise__random_walk__random_walk__l0.5,1024,25,-1,0,930,1
fit__48715__denoise__confidence_boost__nes__l0.5,1021,25,-1,0,987,1
fit__48715__denoise__boundary_probe__nes__l0.5,1021,24,-1,0,-1,0
fit__48715__denoise__counterfactual__nes__l0.5,1021,23,-1,0,-1,0
fit__48715__deblur__attack__nes__l1,1021,24,-1,0,-1,0
fit__48715__deblur__restore__nes__l1,1021,25,-1,0,477,1
fit__48715__deblur__random_walk__random_walk__l1,1024,25,-1,0,735,1
fit__48715__deblur__confidence_boost__nes__l1,1021,24,-1,0,-1,0
fit__48715__deblur__boundary_probe__nes__l1,1021,27,766,1,766,2
fit__48715__deblur__counterfactual__nes__l1,1021,22,-1,0,-1,0
evaluation__1962__denoise__attack__nes__l0.5,1021,22,-1,0,-1,0
evaluation__1962__denoise__restore__nes__l0.5,1021,21,-1,0,-1,0
evaluation__1962__denoise__random_walk__random_walk__l0.5,1024,27,276,1,276,5
evaluation__1962__denoise__confidence_boost__nes__l0.5,1021,21,-1,0,-1,0
evaluation__1962__denoise__boundary_probe__nes__l0.5,1021,27,698,5,698,8
evaluation__1962__denoise__counterfactual__nes__l0.5,1021,28,698,1,698,1
evaluation__1962__deblur__attack__nes__l1,1021,25,-1,0,698,1
evaluation__1962__deblur__restore__nes__l1,1021,22,-1,0,-1,0
evaluation__1962__deblur__random_walk__random_walk__l1,1024,25,-1,0,371,2
evaluation__1962__deblur__confidence_boost__nes__l1,1021,21,-1,0,-1,0
evaluation__1962__deblur__boundary_probe__nes__l1,1021,23,-1,0,-1,0
evaluation__1962__deblur__counterfactual__nes__l1,1021,22,-1,0,-1,0
evaluation__4076__denoise__attack__nes__l0.5,1021,26,715,1,715,1
evaluation__4076__denoise__restore__nes__l0.5,1021,28,460,2,460,2
evaluation__4076__denoise__random_walk__random_walk__l0.5,1024,25,-1,0,150,3
evaluation__4076__denoise__confidence_boost__nes__l0.5,1021,26,936,1,936,1
evaluation__4076__denoise__boundary_probe__nes__l0.5,1021,28,188,6,188,8
evaluation__4076__denoise__counterfactual__nes__l0.5,1021,26,1004,1,919,2
evaluation__4076__deblur__attack__nes__l1,1021,23,-1,0,-1,0
evaluation__4076__deblur__restore__nes__l1,1021,24,-1,0,-1,0
evaluation__4076__deblur__random_walk__random_walk__l1,1024,29,264,3,72,5
evaluation__4076__deblur__confidence_boost__nes__l1,1021,29,698,1,698,1
evaluation__4076__deblur__boundary_probe__nes__l1,1021,22,-1,0,-1,0
evaluation__4076__deblur__counterfactual__nes__l1,1021,23,-1,0,-1,0
evaluation__5955__denoise__attack__nes__l0.5,1021,24,-1,0,-1,0
evaluation__5955__denoise__restore__nes__l0.5,1021,27,647,6,409,12
evaluation__5955__denoise__random_walk__random_walk__l0.5,1024,26,3,1,3,2
evaluation__5955__denoise__confidence_boost__nes__l0.5,1021,24,-1,0,-1,0
evaluation__5955__denoise__boundary_probe__nes__l0.5,1021,24,-1,0,-1,0
evaluation__5955__denoise__counterfactual__nes__l0.5,1021,25,-1,0,902,1
evaluation__5955__deblur__attack__nes__l1,1021,24,-1,0,-1,0
evaluation__5955__deblur__restore__nes__l1,1021,24,-1,0,-1,0
evaluation__5955__deblur__random_walk__random_walk__l1,1024,27,218,2,218,4
evaluation__5955__deblur__confidence_boost__nes__l1,1021,23,-1,0,-1,0
evaluation__5955__deblur__boundary_probe__nes__l1,1021,26,936,1,902,2
evaluation__5955__deblur__counterfactual__nes__l1,1021,23,-1,0,-1,0
evaluation__7569__denoise__attack__nes__l0.5,1021,22,-1,0,-1,0
evaluation__7569__denoise__restore__nes__l0.5,1021,23,-1,0,-1,0
evaluation__7569__denoise__random_walk__random_walk__l0.5,1024,26,1003,1,326,2
evaluation__7569__denoise__confidence_boost__nes__l0.5,1021,22,-1,0,-1,0
evaluation__7569__denoise__boundary_probe__nes__l0.5,1021,24,-1,0,-1,0
evaluation__7569__denoise__counterfactual__nes__l0.5,1021,27,732,3,732,4
evaluation__7569__deblur__attack__nes__l1,1021,27,579,2,579,2
evaluation__7569__deblur__restore__nes__l1,1021,29,426,3,426,7
evaluation__7569__deblur__random_walk__random_walk__l1,1024,26,825,2,302,4
evaluation__7569__deblur__confidence_boost__nes__l1,1021,24,-1,0,-1,0
evaluation__7569__deblur__boundary_probe__nes__l1,1021,23,-1,0,-1,0
evaluation__7569__deblur__counterfactual__nes__l1,1021,22,-1,0,-1,0
evaluation__10590__denoise__attack__nes__l0.5,1021,22,-1,0,-1,0
evaluation__10590__denoise__restore__nes__l0.5,1021,22,-1,0,-1,0
evaluation__10590__denoise__random_walk__random_walk__l0.5,1024,24,-1,0,-1,0
evaluation__10590__denoise__confidence_boost__nes__l0.5,1021,21,-1,0,-1,0
evaluation__10590__denoise__boundary_probe__nes__l0.5,1021,23,-1,0,-1,0
evaluation__10590__denoise__counterfactual__nes__l0.5,1021,28,766,1,681,2
evaluation__10590__deblur__attack__nes__l1,1021,23,-1,0,-1,0
evaluation__10590__deblur__restore__nes__l1,1021,27,664,3,511,8
evaluation__10590__deblur__random_walk__random_walk__l1,1024,25,-1,0,954,1
evaluation__10590__deblur__confidence_boost__nes__l1,1021,21,-1,0,-1,0
evaluation__10590__deblur__boundary_probe__nes__l1,1021,23,-1,0,-1,0
evaluation__10590__deblur__counterfactual__nes__l1,1021,26,902,1,902,1
evaluation__12421__denoise__attack__nes__l0.5,1021,25,-1,0,290,1
evaluation__12421__denoise__restore__nes__l0.5,1021,28,205,5,171,13
evaluation__12421__denoise__random_walk__random_walk__l0.5,1024,25,-1,0,144,5
evaluation__12421__denoise__confidence_boost__nes__l0.5,1021,23,-1,0,-1,0
evaluation__12421__denoise__boundary_probe__nes__l0.5,1021,25,-1,0,579,3
evaluation__12421__denoise__counterfactual__nes__l0.5,1021,24,-1,0,-1,0
evaluation__12421__deblur__attack__nes__l1,1021,24,-1,0,-1,0
evaluation__12421__deblur__restore__nes__l1,1021,25,-1,0,477,1
evaluation__12421__deblur__random_walk__random_walk__l1,1024,27,108,1,108,5
evaluation__12421__deblur__confidence_boost__nes__l1,1021,24,-1,0,-1,0
evaluation__12421__deblur__boundary_probe__nes__l1,1021,21,-1,0,-1,0
evaluation__12421__deblur__counterfactual__nes__l1,1021,25,-1,0,579,1
evaluation__13633__denoise__attack__nes__l0.5,1021,23,-1,0,-1,0
evaluation__13633__denoise__restore__nes__l0.5,1021,25,-1,0,120,1
evaluation__13633__denoise__random_walk__random_walk__l0.5,1024,27,93,1,93,2
evaluation__13633__denoise__confidence_boost__nes__l0.5,1021,24,-1,0,-1,0
evaluation__13633__denoise__boundary_probe__nes__l0.5,1021,25,-1,0,715,1
evaluation__13633__denoise__counterfactual__nes__l0.5,1021,25,-1,0,647,2
evaluation__13633__deblur__attack__nes__l1,1021,24,-1,0,-1,0
evaluation__13633__deblur__restore__nes__l1,1021,25,-1,0,460,3
evaluation__13633__deblur__random_walk__random_walk__l1,1024,25,-1,0,454,1
evaluation__13633__deblur__confidence_boost__nes__l1,1021,27,902,1,868,2
evaluation__13633__deblur__boundary_probe__nes__l1,1021,25,-1,0,222,1
evaluation__13633__deblur__counterfactual__nes__l1,1021,22,-1,0,-1,0
evaluation__16027__denoise__attack__nes__l0.5,1021,24,-1,0,-1,0
evaluation__16027__denoise__restore__nes__l0.5,1021,24,-1,0,-1,0
evaluation__16027__denoise__random_walk__random_walk__l0.5,1024,25,-1,0,910,1
evaluation__16027__denoise__confidence_boost__nes__l0.5,1021,22,-1,0,-1,0
evaluation__16027__denoise__boundary_probe__nes__l0.5,1021,24,-1,0,-1,0
evaluation__16027__denoise__counterfactual__nes__l0.5,1021,22,-1,0,-1,0
evaluation__16027__deblur__attack__nes__l1,1021,22,-1,0,-1,0
evaluation__16027__deblur__restore__nes__l1,1021,26,800,1,800,1
evaluation__16027__deblur__random_walk__random_walk__l1,1024,27,435,2,435,4
evaluation__16027__deblur__confidence_boost__nes__l1,1021,25,-1,0,800,1
evaluation__16027__deblur__boundary_probe__nes__l1,1021,21,-1,0,-1,0
evaluation__16027__deblur__counterfactual__nes__l1,1021,25,-1,0,154,1
evaluation__20019__denoise__attack__nes__l0.5,1021,25,-1,0,868,1
evaluation__20019__denoise__restore__nes__l0.5,1021,29,392,4,273,10
evaluation__20019__denoise__random_walk__random_walk__l0.5,1024,26,182,3,36,7
evaluation__20019__denoise__confidence_boost__nes__l0.5,1021,24,-1,0,-1,0
evaluation__20019__denoise__boundary_probe__nes__l0.5,1021,28,783,1,783,2
evaluation__20019__denoise__counterfactual__nes__l0.5,1021,26,919,1,698,2
evaluation__20019__deblur__attack__nes__l1,1021,25,-1,0,698,2
evaluation__20019__deblur__restore__nes__l1,1021,23,-1,0,-1,0
evaluation__20019__deblur__random_walk__random_walk__l1,1024,24,-1,0,-1,0
evaluation__20019__deblur__confidence_boost__nes__l1,1021,22,-1,0,-1,0
evaluation__20019__deblur__boundary_probe__nes__l1,1021,25,-1,0,290,1
evaluation__20019__deblur__counterfactual__nes__l1,1021,23,-1,0,-1,0
evaluation__23445__denoise__attack__nes__l0.5,1021,22,-1,0,-1,0
evaluation__23445__denoise__restore__nes__l0.5,1021,26,630,1,630,2
evaluation__23445__denoise__random_walk__random_walk__l0.5,1024,27,585,1,585,1
evaluation__23445__denoise__confidence_boost__nes__l0.5,1021,23,-1,0,-1,0
evaluation__23445__denoise__boundary_probe__nes__l0.5,1021,25,-1,0,664,2
evaluation__23445__denoise__counterfactual__nes__l0.5,1021,23,-1,0,-1,0
evaluation__23445__deblur__attack__nes__l1,1021,20,-1,0,-1,0
evaluation__23445__deblur__restore__nes__l1,1021,24,-1,0,-1,0
evaluation__23445__deblur__random_walk__random_walk__l1,1024,25,-1,0,227,3
evaluation__23445__deblur__confidence_boost__nes__l1,1021,22,-1,0,-1,0
evaluation__23445__deblur__boundary_probe__nes__l1,1021,25,-1,0,120,1
evaluation__23445__deblur__counterfactual__nes__l1,1021,25,-1,0,936,1
evaluation__25710__denoise__attack__nes__l0.5,1021,27,817,1,375,3
evaluation__25710__denoise__restore__nes__l0.5,1021,29,460,10,426,16
evaluation__25710__denoise__random_walk__random_walk__l0.5,1024,26,618,2,493,3
evaluation__25710__denoise__confidence_boost__nes__l0.5,1021,24,-1,0,-1,0
evaluation__25710__denoise__boundary_probe__nes__l0.5,1021,26,936,1,885,2
evaluation__25710__denoise__counterfactual__nes__l0.5,1021,24,-1,0,-1,0
evaluation__25710__deblur__attack__nes__l1,1021,24,-1,0,-1,0
evaluation__25710__deblur__restore__nes__l1,1021,23,-1,0,-1,0
evaluation__25710__deblur__random_walk__random_walk__l1,1024,25,-1,0,882,2
evaluation__25710__deblur__confidence_boost__nes__l1,1021,23,-1,0,-1,0
evaluation__25710__deblur__boundary_probe__nes__l1,1021,23,-1,0,-1,0
evaluation__25710__deblur__counterfactual__nes__l1,1021,22,-1,0,-1,0
evaluation__27153__denoise__attack__nes__l0.5,1021,23,-1,0,-1,0
evaluation__27153__denoise__restore__nes__l0.5,1021,24,-1,0,-1,0
evaluation__27153__denoise__random_walk__random_walk__l0.5,1024,27,213,1,33,3
evaluation__27153__denoise__confidence_boost__nes__l0.5,1021,23,-1,0,-1,0
evaluation__27153__denoise__boundary_probe__nes__l0.5,1021,21,-1,0,-1,0
evaluation__27153__denoise__counterfactual__nes__l0.5,1021,24,-1,0,-1,0
evaluation__27153__deblur__attack__nes__l1,1021,22,-1,0,-1,0
evaluation__27153__deblur__restore__nes__l1,1021,27,205,9,205,14
evaluation__27153__deblur__random_walk__random_walk__l1,1024,29,686,1,418,3
evaluation__27153__deblur__confidence_boost__nes__l1,1021,25,-1,0,392,1
evaluation__27153__deblur__boundary_probe__nes__l1,1021,24,-1,0,-1,0
evaluation__27153__deblur__counterfactual__nes__l1,1021,23,-1,0,-1,0
evaluation__29360__denoise__attack__nes__l0.5,1021,25,-1,0,307,1
evaluation__29360__denoise__restore__nes__l0.5,1021,28,341,1,341,1
evaluation__29360__denoise__random_walk__random_walk__l0.5,1024,28,174,2,141,4
evaluation__29360__denoise__confidence_boost__nes__l0.5,1021,24,-1,0,-1,0
evaluation__29360__denoise__boundary_probe__nes__l0.5,1021,25,-1,0,834,2
evaluation__29360__denoise__counterfactual__nes__l0.5,1021,25,-1,0,1004,1
evaluation__29360__deblur__attack__nes__l1,1021,29,868,2,681,3
evaluation__29360__deblur__restore__nes__l1,1021,25,-1,0,290,4
evaluation__29360__deblur__random_walk__random_walk__l1,1024,26,134,1,134,2
evaluation__29360__deblur__confidence_boost__nes__l1,1021,24,-1,0,-1,0
evaluation__29360__deblur__boundary_probe__nes__l1,1021,29,273,1,137,2
evaluation__29360__deblur__counterfactual__nes__l1,1021,23,-1,0,-1,0
evaluation__31266__denoise__attack__nes__l0.5,1021,28,885,1,715,2
evaluation__31266__denoise__restore__nes__l0.5,1021,25,-1,0,545,1
evaluation__31266__denoise__random_walk__random_walk__l0.5,1024,26,962,2,712,3
evaluation__31266__denoise__confidence_boost__nes__l0.5,1021,25,-1,0,936,1
evaluation__31266__denoise__boundary_probe__nes__l0.5,1021,31,834,2,817,3
evaluation__31266__denoise__counterfactual__nes__l0.5,1021,25,-1,0,953,1
evaluation__31266__deblur__attack__nes__l1,1021,24,-1,0,-1,0
evaluation__31266__deblur__restore__nes__l1,1021,23,-1,0,-1,0
evaluation__31266__deblur__random_walk__random_walk__l1,1024,31,42,4,42,9
evaluation__31266__deblur__confidence_boost__nes__l1,1021,24,-1,0,-1,0
evaluation__31266__deblur__boundary_probe__nes__l1,1021,23,-1,0,-1,0
evaluation__31266__deblur__counterfactual__nes__l1,1021,24,-1,0,-1,0
evaluation__34437__denoise__attack__nes__l0.5,1021,25,-1,0,732,1
evaluation__34437__denoise__restore__nes__l0.5,1021,24,-1,0,-1,0
evaluation__34437__denoise__random_walk__random_walk__l0.5,1024,25,-1,0,401,2
evaluation__34437__denoise__confidence_boost__nes__l0.5,1021,23,-1,0,-1,0
evaluation__34437__denoise__boundary_probe__nes__l0.5,1021,27,460,12,460,14
evaluation__34437__denoise__counterfactual__nes__l0.5,1021,23,-1,0,-1,0
evaluation__34437__deblur__attack__nes__l1,1021,25,-1,0,528,2
evaluation__34437__deblur__restore__nes__l1,1021,22,-1,0,-1,0
evaluation__34437__deblur__random_walk__random_walk__l1,1024,25,-1,0,548,1
evaluation__34437__deblur__confidence_boost__nes__l1,1021,23,-1,0,-1,0
evaluation__34437__deblur__boundary_probe__nes__l1,1021,24,-1,0,-1,0
evaluation__34437__deblur__counterfactual__nes__l1,1021,25,-1,0,851,1
evaluation__38409__denoise__attack__nes__l0.5,1021,25,-1,0,443,2
evaluation__38409__denoise__restore__nes__l0.5,1021,24,-1,0,-1,0
evaluation__38409__denoise__random_walk__random_walk__l0.5,1024,28,307,2,307,4
evaluation__38409__denoise__confidence_boost__nes__l0.5,1021,25,-1,0,800,1
evaluation__38409__denoise__boundary_probe__nes__l0.5,1021,25,-1,0,273,1
evaluation__38409__denoise__counterfactual__nes__l0.5,1021,23,-1,0,-1,0
evaluation__38409__deblur__attack__nes__l1,1021,25,-1,0,494,1
evaluation__38409__deblur__restore__nes__l1,1021,27,171,3,171,10
evaluation__38409__deblur__random_walk__random_walk__l1,1024,28,371,5,62,7
evaluation__38409__deblur__confidence_boost__nes__l1,1021,23,-1,0,-1,0
evaluation__38409__deblur__boundary_probe__nes__l1,1021,26,324,1,324,2
evaluation__38409__deblur__counterfactual__nes__l1,1021,23,-1,0,-1,0
evaluation__42208__denoise__attack__nes__l0.5,1021,22,-1,0,-1,0
evaluation__42208__denoise__restore__nes__l0.5,1021,26,681,1,239,9
evaluation__42208__denoise__random_walk__random_walk__l0.5,1024,25,-1,0,641,1
evaluation__42208__denoise__confidence_boost__nes__l0.5,1021,22,-1,0,-1,0
evaluation__42208__denoise__boundary_probe__nes__l0.5,1021,24,-1,0,-1,0
evaluation__42208__denoise__counterfactual__nes__l0.5,1021,25,-1,0,205,1
evaluation__42208__deblur__attack__nes__l1,1021,25,-1,0,800,2
evaluation__42208__deblur__restore__nes__l1,1021,25,-1,0,443,2
evaluation__42208__deblur__random_walk__random_walk__l1,1024,25,-1,0,22,1
evaluation__42208__deblur__confidence_boost__nes__l1,1021,25,-1,0,188,1
evaluation__42208__deblur__boundary_probe__nes__l1,1021,24,-1,0,-1,0
evaluation__42208__deblur__counterfactual__nes__l1,1021,25,-1,0,443,1
evaluation__43108__denoise__attack__nes__l0.5,1021,24,-1,0,-1,0
evaluation__43108__denoise__restore__nes__l0.5,1021,27,579,4,579,4
evaluation__43108__denoise__random_walk__random_walk__l0.5,1024,25,-1,0,557,2
evaluation__43108__denoise__confidence_boost__nes__l0.5,1021,25,-1,0,953,1
evaluation__43108__denoise__boundary_probe__nes__l0.5,1021,24,-1,0,-1,0
evaluation__43108__denoise__counterfactual__nes__l0.5,1021,24,-1,0,-1,0
evaluation__43108__deblur__attack__nes__l1,1021,25,-1,0,613,1
evaluation__43108__deblur__restore__nes__l1,1021,23,-1,0,-1,0
evaluation__43108__deblur__random_walk__random_walk__l1,1024,27,140,1,140,5
evaluation__43108__deblur__confidence_boost__nes__l1,1021,26,103,1,103,1
evaluation__43108__deblur__boundary_probe__nes__l1,1021,23,-1,0,-1,0
evaluation__43108__deblur__counterfactual__nes__l1,1021,24,-1,0,-1,0
evaluation__48319__denoise__attack__nes__l0.5,1021,23,-1,0,-1,0
evaluation__48319__denoise__restore__nes__l0.5,1021,26,970,1,970,1
evaluation__48319__denoise__random_walk__random_walk__l0.5,1024,26,346,1,345,4
evaluation__48319__denoise__confidence_boost__nes__l0.5,1021,26,885,1,766,2
evaluation__48319__denoise__boundary_probe__nes__l0.5,1021,26,562,2,562,4
evaluation__48319__denoise__counterfactual__nes__l0.5,1021,26,851,1,851,1
evaluation__48319__deblur__attack__nes__l1,1021,22,-1,0,-1,0
evaluation__48319__deblur__restore__nes__l1,1021,29,171,29,69,42
evaluation__48319__deblur__random_walk__random_walk__l1,1024,25,-1,0,455,3
evaluation__48319__deblur__confidence_boost__nes__l1,1021,23,-1,0,-1,0
evaluation__48319__deblur__boundary_probe__nes__l1,1021,27,579,1,18,3
evaluation__48319__deblur__counterfactual__nes__l1,1021,28,69,3,69,8
evaluation__49605__denoise__attack__nes__l0.5,1021,22,-1,0,-1,0
evaluation__49605__denoise__restore__nes__l0.5,1021,26,562,3,562,5
evaluation__49605__denoise__random_walk__random_walk__l0.5,1024,29,640,1,640,1
evaluation__49605__denoise__confidence_boost__nes__l0.5,1021,25,-1,0,1004,1
evaluation__49605__denoise__boundary_probe__nes__l0.5,1021,23,-1,0,-1,0
evaluation__49605__denoise__counterfactual__nes__l0.5,1021,24,-1,0,-1,0
evaluation__49605__deblur__attack__nes__l1,1021,25,-1,0,953,1
evaluation__49605__deblur__restore__nes__l1,1021,26,749,1,749,1
evaluation__49605__deblur__random_walk__random_walk__l1,1024,27,294,1,294,4
evaluation__49605__deblur__confidence_boost__nes__l1,1021,24,-1,0,-1,0
evaluation__49605__deblur__boundary_probe__nes__l1,1021,24,-1,0,-1,0
evaluation__49605__deblur__counterfactual__nes__l1,1021,23,-1,0,-1,0
fit__3178__denoise__attack__nes__l0.5,1021,25,-1,0,69,1
fit__3178__denoise__restore__nes__l0.5,1021,25,-1,0,256,4
fit__3178__denoise__random_walk__random_walk__l0.5,1024,27,114,3,114,4
fit__3178__denoise__confidence_boost__nes__l0.5,1021,27,953,1,834,4
fit__3178__denoise__boundary_probe__nes__l0.5,1021,24,-1,0,-1,0
fit__3178__denoise__counterfactual__nes__l0.5,1021,24,-1,0,-1,0
fit__3178__deblur__attack__nes__l1,1021,28,511,1,426,3
fit__3178__deblur__restore__nes__l1,1021,29,273,27,273,31
fit__3178__deblur__random_walk__random_walk__l1,1024,28,345,4,345,8
fit__3178__deblur__confidence_boost__nes__l1,1021,25,-1,0,902,1
fit__3178__deblur__boundary_probe__nes__l1,1021,25,-1,0,290,1
fit__3178__deblur__counterfactual__nes__l1,1021,25,-1,0,18,1
fit__7432__denoise__attack__nes__l0.5,1021,26,596,1,256,2
fit__7432__denoise__restore__nes__l0.5,1021,27,426,3,69,10
fit__7432__denoise__random_walk__random_walk__l0.5,1024,24,-1,0,-1,0
fit__7432__denoise__confidence_boost__nes__l0.5,1021,21,-1,0,-1,0
fit__7432__denoise__boundary_probe__nes__l0.5,1021,26,596,1,596,1
fit__7432__denoise__counterfactual__nes__l0.5,1021,26,834,1,834,1
fit__7432__deblur__attack__nes__l1,1021,22,-1,0,-1,0
fit__7432__deblur__restore__nes__l1,1021,24,-1,0,-1,0
fit__7432__deblur__random_walk__random_walk__l1,1024,26,787,1,482,3
fit__7432__deblur__confidence_boost__nes__l1,1021,27,970,1,715,3
fit__7432__deblur__boundary_probe__nes__l1,1021,25,-1,0,494,1
fit__7432__deblur__counterfactual__nes__l1,1021,24,-1,0,-1,0
fit__12195__denoise__attack__nes__l0.5,1021,23,-1,0,-1,0
fit__12195__denoise__restore__nes__l0.5,1021,24,-1,0,-1,0
fit__12195__denoise__random_walk__random_walk__l0.5,1024,26,155,1,155,2
fit__12195__denoise__confidence_boost__nes__l0.5,1021,24,-1,0,-1,0
fit__12195__denoise__boundary_probe__nes__l0.5,1021,25,-1,0,596,4
fit__12195__denoise__counterfactual__nes__l0.5,1021,28,783,1,324,2
fit__12195__deblur__attack__nes__l1,1021,23,-1,0,-1,0
fit__12195__deblur__restore__nes__l1,1021,26,766,1,715,3
fit__12195__deblur__random_walk__random_walk__l1,1024,29,415,3,390,4
fit__12195__deblur__confidence_boost__nes__l1,1021,24,-1,0,-1,0
fit__12195__deblur__boundary_probe__nes__l1,1021,23,-1,0,-1,0
fit__12195__deblur__counterfactual__nes__l1,1021,20,-1,0,-1,0
fit__15642__denoise__attack__nes__l0.5,1021,25,-1,0,375,2
fit__15642__denoise__restore__nes__l0.5,1021,22,-1,0,-1,0
fit__15642__denoise__random_walk__random_walk__l0.5,1024,26,531,1,531,3
fit__15642__denoise__confidence_boost__nes__l0.5,1021,22,-1,0,-1,0
fit__15642__denoise__boundary_probe__nes__l0.5,1021,26,613,1,562,5
fit__15642__denoise__counterfactual__nes__l0.5,1021,26,783,1,783,1
fit__15642__deblur__attack__nes__l1,1021,27,970,1,375,2
fit__15642__deblur__restore__nes__l1,1021,23,-1,0,-1,0
fit__15642__deblur__random_walk__random_walk__l1,1024,25,-1,0,416,2
fit__15642__deblur__confidence_boost__nes__l1,1021,26,324,1,324,1
fit__15642__deblur__boundary_probe__nes__l1,1021,24,-1,0,-1,0
fit__15642__deblur__counterfactual__nes__l1,1021,26,766,1,766,1
fit__23046__denoise__attack__nes__l0.5,1021,25,-1,0,766,1
fit__23046__denoise__restore__nes__l0.5,1021,25,-1,0,681,1
fit__23046__denoise__random_walk__random_walk__l0.5,1024,26,261,1,261,2
fit__23046__denoise__confidence_boost__nes__l0.5,1021,23,-1,0,-1,0
fit__23046__denoise__boundary_probe__nes__l0.5,1021,24,-1,0,-1,0
fit__23046__denoise__counterfactual__nes__l0.5,1021,27,137,1,137,1
fit__23046__deblur__attack__nes__l1,1021,24,-1,0,-1,0
fit__23046__deblur__restore__nes__l1,1021,24,-1,0,-1,0
fit__23046__deblur__random_walk__random_walk__l1,1024,25,-1,0,264,2
fit__23046__deblur__confidence_boost__nes__l1,1021,22,-1,0,-1,0
fit__23046__deblur__boundary_probe__nes__l1,1021,29,919,1,579,2
fit__23046__deblur__counterfactual__nes__l1,1021,24,-1,0,-1,0
fit__27088__denoise__attack__nes__l0.5,1021,22,-1,0,-1,0
fit__27088__denoise__restore__nes__l0.5,1021,25,-1,0,681,1
fit__27088__denoise__random_walk__random_walk__l0.5,1024,27,348,3,348,4
fit__27088__denoise__confidence_boost__nes__l0.5,1021,25,-1,0,851,1
fit__27088__denoise__boundary_probe__nes__l0.5,1021,23,-1,0,-1,0
fit__27088__denoise__counterfactual__nes__l0.5,1021,23,-1,0,-1,0
fit__27088__deblur__attack__nes__l1,1021,23,-1,0,-1,0
fit__27088__deblur__restore__nes__l1,1021,26,494,2,494,2
fit__27088__deblur__random_walk__random_walk__l1,1024,25,-1,0,486,1
fit__27088__deblur__confidence_boost__nes__l1,1021,25,-1,0,630,1
fit__27088__deblur__boundary_probe__nes__l1,1021,23,-1,0,-1,0
fit__27088__deblur__counterfactual__nes__l1,1021,24,-1,0,-1,0
fit__30684__denoise__attack__nes__l0.5,1021,27,324,1,324,2
fit__30684__denoise__restore__nes__l0.5,1021,29,341,7,205,21
fit__30684__denoise__random_walk__random_walk__l0.5,1024,26,457,3,457,3
fit__30684__denoise__confidence_boost__nes__l0.5,1021,23,-1,0,-1,0
fit__30684__denoise__boundary_probe__nes__l0.5,1021,24,-1,0,-1,0
fit__30684__denoise__counterfactual__nes__l0.5,1021,25,-1,0,902,1
fit__30684__deblur__attack__nes__l1,1021,25,-1,0,222,1
fit__30684__deblur__restore__nes__l1,1021,25,-1,0,834,2
fit__30684__deblur__random_walk__random_walk__l1,1024,25,-1,0,80,6
fit__30684__deblur__confidence_boost__nes__l1,1021,23,-1,0,-1,0
fit__30684__deblur__boundary_probe__nes__l1,1021,24,-1,0,-1,0
fit__30684__deblur__counterfactual__nes__l1,1021,22,-1,0,-1,0
fit__37397__denoise__attack__nes__l0.5,1021,23,-1,0,-1,0
fit__37397__denoise__restore__nes__l0.5,1021,27,409,3,392,10
fit__37397__denoise__random_walk__random_walk__l0.5,1024,28,222,3,222,5
fit__37397__denoise__confidence_boost__nes__l0.5,1021,26,477,1,477,1
fit__37397__denoise__boundary_probe__nes__l0.5,1021,24,-1,0,-1,0
fit__37397__denoise__counterfactual__nes__l0.5,1021,25,-1,0,698,1
fit__37397__deblur__attack__nes__l1,1021,25,-1,0,630,3
fit__37397__deblur__restore__nes__l1,1021,26,477,3,324,10
fit__37397__deblur__random_walk__random_walk__l1,1024,25,-1,0,898,1
fit__37397__deblur__confidence_boost__nes__l1,1021,20,-1,0,-1,0
fit__37397__deblur__boundary_probe__nes__l1,1021,27,562,2,545,5
fit__37397__deblur__counterfactual__nes__l1,1021,22,-1,0,-1,0
fit__43005__denoise__attack__nes__l0.5,1021,25,-1,0,613,4
fit__43005__denoise__restore__nes__l0.5,1021,27,35,4,35,5
fit__43005__denoise__random_walk__random_walk__l0.5,1024,26,318,2,318,6
fit__43005__denoise__confidence_boost__nes__l0.5,1021,25,-1,0,494,1
fit__43005__denoise__boundary_probe__nes__l0.5,1021,28,817,4,817,6
fit__43005__denoise__counterfactual__nes__l0.5,1021,25,-1,0,800,1
fit__43005__deblur__attack__nes__l1,1021,24,-1,0,-1,0
fit__43005__deblur__restore__nes__l1,1021,25,-1,0,783,1
fit__43005__deblur__random_walk__random_walk__l1,1024,24,-1,0,-1,0
fit__43005__deblur__confidence_boost__nes__l1,1021,24,-1,0,-1,0
fit__43005__deblur__boundary_probe__nes__l1,1021,26,800,2,800,2
fit__43005__deblur__counterfactual__nes__l1,1021,22,-1,0,-1,0
fit__49097__denoise__attack__nes__l0.5,1021,25,-1,0,630,1
fit__49097__denoise__restore__nes__l0.5,1021,25,-1,0,392,1
fit__49097__denoise__random_walk__random_walk__l0.5,1024,26,394,1,394,1
fit__49097__denoise__confidence_boost__nes__l0.5,1021,22,-1,0,-1,0
fit__49097__denoise__boundary_probe__nes__l0.5,1021,22,-1,0,-1,0
fit__49097__denoise__counterfactual__nes__l0.5,1021,24,-1,0,-1,0
fit__49097__deblur__attack__nes__l1,1021,22,-1,0,-1,0
fit__49097__deblur__restore__nes__l1,1021,23,-1,0,-1,0
fit__49097__deblur__random_walk__random_walk__l1,1024,28,791,3,454,4
fit__49097__deblur__confidence_boost__nes__l1,1021,24,-1,0,-1,0
fit__49097__deblur__boundary_probe__nes__l1,1021,23,-1,0,-1,0
fit__49097__deblur__counterfactual__nes__l1,1021,26,426,2,426,3
evaluation__1980__denoise__attack__nes__l0.5,1021,22,-1,0,-1,0
evaluation__1980__denoise__restore__nes__l0.5,1021,25,-1,0,154,5
evaluation__1980__denoise__random_walk__random_walk__l0.5,1024,26,988,1,320,3
evaluation__1980__denoise__confidence_boost__nes__l0.5,1021,25,-1,0,936,3
evaluation__1980__denoise__boundary_probe__nes__l0.5,1021,24,-1,0,-1,0
evaluation__1980__denoise__counterfactual__nes__l0.5,1021,23,-1,0,-1,0
evaluation__1980__deblur__attack__nes__l1,1021,22,-1,0,-1,0
evaluation__1980__deblur__restore__nes__l1,1021,24,-1,0,-1,0
evaluation__1980__deblur__random_walk__random_walk__l1,1024,25,-1,0,162,2
evaluation__1980__deblur__confidence_boost__nes__l1,1021,23,-1,0,-1,0
evaluation__1980__deblur__boundary_probe__nes__l1,1021,24,-1,0,-1,0
evaluation__1980__deblur__counterfactual__nes__l1,1021,23,-1,0,-1,0
evaluation__4088__denoise__attack__nes__l0.5,1021,22,-1,0,-1,0
evaluation__4088__denoise__restore__nes__l0.5,1021,27,307,3,307,7
evaluation__4088__denoise__random_walk__random_walk__l0.5,1024,28,660,1,289,5
evaluation__4088__denoise__confidence_boost__nes__l0.5,1021,22,-1,0,-1,0
evaluation__4088__denoise__boundary_probe__nes__l0.5,1021,22,-1,0,-1,0
evaluation__4088__denoise__counterfactual__nes__l0.5,1021,24,-1,0,-1,0
evaluation__4088__deblur__attack__nes__l1,1021,23,-1,0,-1,0
evaluation__4088__deblur__restore__nes__l1,1021,25,-1,0,902,2
evaluation__4088__deblur__random_walk__random_walk__l1,1024,26,237,3,90,6
evaluation__4088__deblur__confidence_boost__nes__l1,1021,25,-1,0,154,1
evaluation__4088__deblur__boundary_probe__nes__l1,1021,23,-1,0,-1,0
evaluation__4088__deblur__counterfactual__nes__l1,1021,25,-1,0,800,1
evaluation__5979__denoise__attack__nes__l0.5,1021,25,-1,0,324,1
evaluation__5979__denoise__restore__nes__l0.5,1021,26,426,1,426,1
evaluation__5979__denoise__random_walk__random_walk__l0.5,1024,27,100,4,100,7
evaluation__5979__denoise__confidence_boost__nes__l0.5,1021,25,-1,0,443,1
evaluation__5979__denoise__boundary_probe__nes__l0.5,1021,23,-1,0,-1,0
evaluation__5979__denoise__counterfactual__nes__l0.5,1021,23,-1,0,-1,0
evaluation__5979__deblur__attack__nes__l1,1021,23,-1,0,-1,0
evaluation__5979__deblur__restore__nes__l1,1021,23,-1,0,-1,0
evaluation__5979__deblur__random_walk__random_walk__l1,1024,25,-1,0,63,2
evaluation__5979__deblur__confidence_boost__nes__l1,1021,21,-1,0,-1,0
evaluation__5979__deblur__boundary_probe__nes__l1,1021,23,-1,0,-1,0
evaluation__5979__deblur__counterfactual__nes__l1,1021,24,-1,0,-1,0
evaluation__7593__denoise__attack__nes__l0.5,1021,24,-1,0,-1,0
evaluation__7593__denoise__restore__nes__l0.5,1021,22,-1,0,-1,0
evaluation__7593__denoise__random_walk__random_walk__l0.5,1024,25,-1,0,26,3
evaluation__7593__denoise__confidence_boost__nes__l0.5,1021,23,-1,0,-1,0
evaluation__7593__denoise__boundary_probe__nes__l0.5,1021,24,-1,0,-1,0
evaluation__7593__denoise__counterfactual__nes__l0.5,1021,24,-1,0,-1,0
evaluation__7593__deblur__attack__nes__l1,1021,25,-1,0,800,1
evaluation__7593__deblur__restore__nes__l1,1021,26,970,1,290,4
evaluation__7593__deblur__random_walk__random_walk__l1,1024,26,20,4,20,6
evaluation__7593__deblur__confidence_boost__nes__l1,1021,23,-1,0,-1,0
evaluation__7593__deblur__boundary_probe__nes__l1,1021,24,-1,0,-1,0
evaluation__7593__deblur__counterfactual__nes__l1,1021,24,-1,0,-1,0
evaluation__10591__denoise__attack__nes__l0.5,1021,25,-1,0,341,1
evaluation__10591__denoise__restore__nes__l0.5,1021,26,885,1,885,1
evaluation__10591__denoise__random_walk__random_walk__l0.5,1024,28,248,2,248,7
evaluation__10591__denoise__confidence_boost__nes__l0.5,1021,25,-1,0,630,1
evaluation__10591__denoise__boundary_probe__nes__l0.5,1021,26,681,3,392,6
evaluation__10591__denoise__counterfactual__nes__l0.5,1021,23,-1,0,-1,0
evaluation__10591__deblur__attack__nes__l1,1021,22,-1,0,-1,0
evaluation__10591__deblur__restore__nes__l1,1021,25,-1,0,562,1
evaluation__10591__deblur__random_walk__random_walk__l1,1024,26,254,1,254,3
evaluation__10591__deblur__confidence_boost__nes__l1,1021,24,-1,0,-1,0
evaluation__10591__deblur__boundary_probe__nes__l1,1021,24,-1,0,-1,0
evaluation__10591__deblur__counterfactual__nes__l1,1021,23,-1,0,-1,0
evaluation__12430__denoise__attack__nes__l0.5,1021,24,-1,0,-1,0
evaluation__12430__denoise__restore__nes__l0.5,1021,25,-1,0,375,5
evaluation__12430__denoise__random_walk__random_walk__l0.5,1024,26,157,1,157,2
evaluation__12430__denoise__confidence_boost__nes__l0.5,1021,26,800,1,800,1
evaluation__12430__denoise__boundary_probe__nes__l0.5,1021,23,-1,0,-1,0
evaluation__12430__denoise__counterfactual__nes__l0.5,1021,25,-1,0,953,1
evaluation__12430__deblur__attack__nes__l1,1021,24,-1,0,-1,0
evaluation__12430__deblur__restore__nes__l1,1021,23,-1,0,-1,0
evaluation__12430__deblur__random_walk__random_walk__l1,1024,26,38,2,38,4
evaluation__12430__deblur__confidence_boost__nes__l1,1021,23,-1,0,-1,0
evaluation__12430__deblur__boundary_probe__nes__l1,1021,24,-1,0,-1,0
evaluation__12430__deblur__counterfactual__nes__l1,1021,26,460,1,460,2
evaluation__13648__denoise__attack__nes__l0.5,1021,25,-1,0,426,1
evaluation__13648__denoise__restore__nes__l0.5,1021,28,579,7,307,15
evaluation__13648__denoise__random_walk__random_walk__l0.5,1024,28,828,3,399,5
evaluation__13648__denoise__confidence_boost__nes__l0.5,1021,22,-1,0,-1,0
evaluation__13648__denoise__boundary_probe__nes__l0.5,1021,23,-1,0,-1,0
evaluation__13648__denoise__counterfactual__nes__l0.5,1021,23,-1,0,-1,0
evaluation__13648__deblur__attack__nes__l1,1021,24,-1,0,-1,0
evaluation__13648__deblur__restore__nes__l1,1021,26,766,2,562,5
evaluation__13648__deblur__random_walk__random_walk__l1,1024,27,281,1,89,4
evaluation__13648__deblur__confidence_boost__nes__l1,1021,23,-1,0,-1,0
evaluation__13648__deblur__boundary_probe__nes__l1,1021,25,-1,0,205,3
evaluation__13648__deblur__counterfactual__nes__l1,1021,24,-1,0,-1,0
evaluation__16042__denoise__attack__nes__l0.5,1021,24,-1,0,-1,0
evaluation__16042__denoise__restore__nes__l0.5,1021,24,-1,0,-1,0
evaluation__16042__denoise__random_walk__random_walk__l0.5,1024,25,-1,0,775,1
evaluation__16042__denoise__confidence_boost__nes__l0.5,1021,23,-1,0,-1,0
evaluation__16042__denoise__boundary_probe__nes__l0.5,1021,24,-1,0,-1,0
evaluation__16042__denoise__counterfactual__nes__l0.5,1021,21,-1,0,-1,0
evaluation__16042__deblur__attack__nes__l1,1021,22,-1,0,-1,0
evaluation__16042__deblur__restore__nes__l1,1021,24,-1,0,-1,0
evaluation__16042__deblur__random_walk__random_walk__l1,1024,26,287,1,287,2
evaluation__16042__deblur__confidence_boost__nes__l1,1021,25,-1,0,205,1
evaluation__16042__deblur__boundary_probe__nes__l1,1021,27,834,2,732,3
evaluation__16042__deblur__counterfactual__nes__l1,1021,21,-1,0,-1,0
evaluation__20046__denoise__attack__nes__l0.5,1021,22,-1,0,-1,0
evaluation__20046__denoise__restore__nes__l0.5,1021,26,256,2,256,3
evaluation__20046__denoise__random_walk__random_walk__l0.5,1024,24,-1,0,-1,0
evaluation__20046__denoise__confidence_boost__nes__l0.5,1021,26,732,2,732,2
evaluation__20046__denoise__boundary_probe__nes__l0.5,1021,26,613,1,613,2
evaluation__20046__denoise__counterfactual__nes__l0.5,1021,23,-1,0,-1,0
evaluation__20046__deblur__attack__nes__l1,1021,26,817,1,817,1
evaluation__20046__deblur__restore__nes__l1,1021,24,-1,0,-1,0
evaluation__20046__deblur__random_walk__random_walk__l1,1024,27,472,2,187,5
evaluation__20046__deblur__confidence_boost__nes__l1,1021,27,902,1,902,1
evaluation__20046__deblur__boundary_probe__nes__l1,1021,23,-1,0,-1,0
evaluation__20046__deblur__counterfactual__nes__l1,1021,27,936,1,936,1
evaluation__23449__denoise__attack__nes__l0.5,1021,26,851,1,851,1
evaluation__23449__denoise__restore__nes__l0.5,1021,29,239,6,239,14
evaluation__23449__denoise__random_walk__random_walk__l0.5,1024,25,-1,0,947,1
evaluation__23449__denoise__confidence_boost__nes__l0.5,1021,22,-1,0,-1,0
evaluation__23449__denoise__boundary_probe__nes__l0.5,1021,27,783,1,630,2
evaluation__23449__denoise__counterfactual__nes__l0.5,1021,25,-1,0,375,1
evaluation__23449__deblur__attack__nes__l1,1021,23,-1,0,-1,0
evaluation__23449__deblur__restore__nes__l1,1021,26,1004,1,1004,1
evaluation__23449__deblur__random_walk__random_walk__l1,1024,27,498,2,498,2
evaluation__23449__deblur__confidence_boost__nes__l1,1021,23,-1,0,-1,0
evaluation__23449__deblur__boundary_probe__nes__l1,1021,29,324,1,324,2
evaluation__23449__deblur__counterfactual__nes__l1,1021,25,-1,0,579,1
evaluation__25717__denoise__attack__nes__l0.5,1021,22,-1,0,-1,0
evaluation__25717__denoise__restore__nes__l0.5,1021,24,-1,0,-1,0
evaluation__25717__denoise__random_walk__random_walk__l0.5,1024,25,-1,0,159,2
evaluation__25717__denoise__confidence_boost__nes__l0.5,1021,25,-1,0,409,2
evaluation__25717__denoise__boundary_probe__nes__l0.5,1021,23,-1,0,-1,0
evaluation__25717__denoise__counterfactual__nes__l0.5,1021,22,-1,0,-1,0
evaluation__25717__deblur__attack__nes__l1,1021,25,-1,0,375,3
evaluation__25717__deblur__restore__nes__l1,1021,29,290,4,290,10
evaluation__25717__deblur__random_walk__random_walk__l1,1024,27,1022,1,234,5
evaluation__25717__deblur__confidence_boost__nes__l1,1021,28,222,18,154,34
evaluation__25717__deblur__boundary_probe__nes__l1,1021,24,-1,0,-1,0
evaluation__25717__deblur__counterfactual__nes__l1,1021,26,800,1,154,3
evaluation__27188__denoise__attack__nes__l0.5,1021,22,-1,0,-1,0
evaluation__27188__denoise__restore__nes__l0.5,1021,27,358,1,358,1
evaluation__27188__denoise__random_walk__random_walk__l0.5,1024,26,6,1,6,3
evaluation__27188__denoise__confidence_boost__nes__l0.5,1021,24,-1,0,-1,0
evaluation__27188__denoise__boundary_probe__nes__l0.5,1021,21,-1,0,-1,0
evaluation__27188__denoise__counterfactual__nes__l0.5,1021,24,-1,0,-1,0
evaluation__27188__deblur__attack__nes__l1,1021,25,-1,0,579,1
evaluation__27188__deblur__restore__nes__l1,1021,25,-1,0,494,2
evaluation__27188__deblur__random_walk__random_walk__l1,1024,26,184,1,184,3
evaluation__27188__deblur__confidence_boost__nes__l1,1021,26,987,1,987,1
evaluation__27188__deblur__boundary_probe__nes__l1,1021,22,-1,0,-1,0
evaluation__27188__deblur__counterfactual__nes__l1,1021,24,-1,0,-1,0
evaluation__29377__denoise__attack__nes__l0.5,1021,27,596,1,596,1
evaluation__29377__denoise__restore__nes__l0.5,1021,24,-1,0,-1,0
evaluation__29377__denoise__random_walk__random_walk__l0.5,1024,27,396,4,396,5
evaluation__29377__denoise__confidence_boost__nes__l0.5,1021,24,-1,0,-1,0
evaluation__29377__denoise__boundary_probe__nes__l0.5,1021,27,783,3,783,6
evaluation__29377__denoise__counterfactual__nes__l0.5,1021,22,-1,0,-1,0
evaluation__29377__deblur__attack__nes__l1,1021,22,-1,0,-1,0
evaluation__29377__deblur__restore__nes__l1,1021,27,443,2,341,6
evaluation__29377__deblur__random_walk__random_walk__l1,1024,26,274,1,274,3
evaluation__29377__deblur__confidence_boost__nes__l1,1021,24,-1,0,-1,0
evaluation__29377__deblur__boundary_probe__nes__l1,1021,27,511,2,290,6
evaluation__29377__deblur__counterfactual__nes__l1,1021,26,460,1,460,1
evaluation__31289__denoise__attack__nes__l0.5,1021,23,-1,0,-1,0
evaluation__31289__denoise__restore__nes__l0.5,1021,25,-1,0,1021,1
evaluation__31289__denoise__random_walk__random_walk__l0.5,1024,28,976,2,652,5
evaluation__31289__denoise__confidence_boost__nes__l0.5,1021,25,-1,0,239,1
evaluation__31289__denoise__boundary_probe__nes__l0.5,1021,26,749,1,749,1
evaluation__31289__denoise__counterfactual__nes__l0.5,1021,22,-1,0,-1,0
evaluation__31289__deblur__attack__nes__l1,1021,24,-1,0,-1,0
evaluation__31289__deblur__restore__nes__l1,1021,26,137,1,137,1
evaluation__31289__deblur__random_walk__random_walk__l1,1024,26,81,1,81,4
evaluation__31289__deblur__confidence_boost__nes__l1,1021,25,-1,0,681,1
evaluation__31289__deblur__boundary_probe__nes__l1,1021,24,-1,0,-1,0
evaluation__31289__deblur__counterfactual__nes__l1,1021,24,-1,0,-1,0
evaluation__34445__denoise__attack__nes__l0.5,1021,23,-1,0,-1,0
evaluation__34445__denoise__restore__nes__l0.5,1021,27,698,1,698,3
evaluation__34445__denoise__random_walk__random_walk__l0.5,1024,25,-1,0,7,4
evaluation__34445__denoise__confidence_boost__nes__l0.5,1021,22,-1,0,-1,0
evaluation__34445__denoise__boundary_probe__nes__l0.5,1021,26,613,1,613,1
evaluation__34445__denoise__counterfactual__nes__l0.5,1021,23,-1,0,-1,0
evaluation__34445__deblur__attack__nes__l1,1021,23,-1,0,-1,0
evaluation__34445__deblur__restore__nes__l1,1021,25,-1,0,817,1
evaluation__34445__deblur__random_walk__random_walk__l1,1024,26,259,1,84,4
evaluation__34445__deblur__confidence_boost__nes__l1,1021,22,-1,0,-1,0
evaluation__34445__deblur__boundary_probe__nes__l1,1021,22,-1,0,-1,0
evaluation__34445__deblur__counterfactual__nes__l1,1021,27,817,1,426,2
evaluation__38429__denoise__attack__nes__l0.5,1021,24,-1,0,-1,0
evaluation__38429__denoise__restore__nes__l0.5,1021,27,205,3,205,5
evaluation__38429__denoise__random_walk__random_walk__l0.5,1024,25,-1,0,666,1
evaluation__38429__denoise__confidence_boost__nes__l0.5,1021,24,-1,0,-1,0
evaluation__38429__denoise__boundary_probe__nes__l0.5,1021,24,-1,0,-1,0
evaluation__38429__denoise__counterfactual__nes__l0.5,1021,27,86,1,86,2
evaluation__38429__deblur__attack__nes__l1,1021,24,-1,0,-1,0
evaluation__38429__deblur__restore__nes__l1,1021,26,732,1,443,3
evaluation__38429__deblur__random_walk__random_walk__l1,1024,25,-1,0,46,1
evaluation__38429__deblur__confidence_boost__nes__l1,1021,24,-1,0,-1,0
evaluation__38429__deblur__boundary_probe__nes__l1,1021,24,-1,0,-1,0
evaluation__38429__deblur__counterfactual__nes__l1,1021,26,953,1,953,1
evaluation__42220__denoise__attack__nes__l0.5,1021,27,732,2,732,3
evaluation__42220__denoise__restore__nes__l0.5,1021,23,-1,0,-1,0
evaluation__42220__denoise__random_walk__random_walk__l0.5,1024,26,242,3,59,6
evaluation__42220__denoise__confidence_boost__nes__l0.5,1021,25,-1,0,664,4
evaluation__42220__denoise__boundary_probe__nes__l0.5,1021,25,-1,0,545,1
evaluation__42220__denoise__counterfactual__nes__l0.5,1021,25,-1,0,987,1
evaluation__42220__deblur__attack__nes__l1,1021,23,-1,0,-1,0
evaluation__42220__deblur__restore__nes__l1,1021,24,-1,0,-1,0
evaluation__42220__deblur__random_walk__random_walk__l1,1024,26,175,1,175,1
evaluation__42220__deblur__confidence_boost__nes__l1,1021,26,902,1,902,1
evaluation__42220__deblur__boundary_probe__nes__l1,1021,24,-1,0,-1,0
evaluation__42220__deblur__counterfactual__nes__l1,1021,23,-1,0,-1,0
evaluation__43112__denoise__attack__nes__l0.5,1021,24,-1,0,-1,0
evaluation__43112__denoise__restore__nes__l0.5,1021,26,273,3,273,10
evaluation__43112__denoise__random_walk__random_walk__l0.5,1024,26,169,4,169,4
evaluation__43112__denoise__confidence_boost__nes__l0.5,1021,26,528,1,528,1
evaluation__43112__denoise__boundary_probe__nes__l0.5,1021,24,-1,0,-1,0
evaluation__43112__denoise__counterfactual__nes__l0.5,1021,24,-1,0,-1,0
evaluation__43112__deblur__attack__nes__l1,1021,26,477,1,477,1
evaluation__43112__deblur__restore__nes__l1,1021,24,-1,0,-1,0
evaluation__43112__deblur__random_walk__random_walk__l1,1024,26,975,1,975,1
evaluation__43112__deblur__confidence_boost__nes__l1,1021,22,-1,0,-1,0
evaluation__43112__deblur__boundary_probe__nes__l1,1021,24,-1,0,-1,0
evaluation__43112__deblur__counterfactual__nes__l1,1021,24,-1,0,-1,0
evaluation__48349__denoise__attack__nes__l0.5,1021,26,358,1,358,1
evaluation__48349__denoise__restore__nes__l0.5,1021,26,69,8,69,12
evaluation__48349__denoise__random_walk__random_walk__l0.5,1024,28,23,5,23,8
evaluation__48349__denoise__confidence_boost__nes__l0.5,1021,23,-1,0,-1,0
evaluation__48349__denoise__boundary_probe__nes__l0.5,1021,25,-1,0,358,1
evaluation__48349__denoise__counterfactual__nes__l0.5,1021,24,-1,0,-1,0
evaluation__48349__deblur__attack__nes__l1,1021,24,-1,0,-1,0
evaluation__48349__deblur__restore__nes__l1,1021,26,919,1,868,2
evaluation__48349__deblur__random_walk__random_walk__l1,1024,25,-1,0,79,2
evaluation__48349__deblur__confidence_boost__nes__l1,1021,22,-1,0,-1,0
evaluation__48349__deblur__boundary_probe__nes__l1,1021,27,953,1,681,5
evaluation__48349__deblur__counterfactual__nes__l1,1021,24,-1,0,-1,0
evaluation__49628__denoise__attack__nes__l0.5,1021,25,-1,0,477,1
evaluation__49628__denoise__restore__nes__l0.5,1021,25,-1,0,834,2
evaluation__49628__denoise__random_walk__random_walk__l0.5,1024,28,36,4,36,4
evaluation__49628__denoise__confidence_boost__nes__l0.5,1021,22,-1,0,-1,0
evaluation__49628__denoise__boundary_probe__nes__l0.5,1021,22,-1,0,-1,0
evaluation__49628__denoise__counterfactual__nes__l0.5,1021,25,-1,0,953,1
evaluation__49628__deblur__attack__nes__l1,1021,25,-1,0,936,1
evaluation__49628__deblur__restore__nes__l1,1021,28,256,2,256,8
evaluation__49628__deblur__random_walk__random_walk__l1,1024,26,580,1,30,5
evaluation__49628__deblur__confidence_boost__nes__l1,1021,24,-1,0,-1,0
evaluation__49628__deblur__boundary_probe__nes__l1,1021,22,-1,0,-1,0
evaluation__49628__deblur__counterfactual__nes__l1,1021,22,-1,0,-1,0
fit__4089__denoise__attack__nes__l0.5,1021,24,-1,0,-1,0
fit__4089__denoise__restore__nes__l0.5,1021,25,-1,0,392,1
fit__4089__denoise__random_walk__random_walk__l0.5,1024,25,-1,0,282,4
fit__4089__denoise__confidence_boost__nes__l0.5,1021,24,-1,0,-1,0
fit__4089__denoise__boundary_probe__nes__l0.5,1021,26,919,1,494,3
fit__4089__denoise__counterfactual__nes__l0.5,1021,25,-1,0,970,1
fit__4089__deblur__attack__nes__l1,1021,23,-1,0,-1,0
fit__4089__deblur__restore__nes__l1,1021,25,-1,0,783,1
fit__4089__deblur__random_walk__random_walk__l1,1024,29,95,3,95,3
fit__4089__deblur__confidence_boost__nes__l1,1021,26,698,1,698,1
fit__4089__deblur__boundary_probe__nes__l1,1021,23,-1,0,-1,0
fit__4089__deblur__counterfactual__nes__l1,1021,24,-1,0,-1,0
fit__7575__denoise__attack__nes__l0.5,1021,25,-1,0,35,1
fit__7575__denoise__restore__nes__l0.5,1021,26,409,1,222,2
fit__7575__denoise__random_walk__random_walk__l0.5,1024,26,271,3,270,5
fit__7575__denoise__confidence_boost__nes__l0.5,1021,24,-1,0,-1,0
fit__7575__denoise__boundary_probe__nes__l0.5,1021,25,-1,0,1004,1
fit__7575__denoise__counterfactual__nes__l0.5,1021,25,-1,0,885,1
fit__7575__deblur__attack__nes__l1,1021,23,-1,0,-1,0
fit__7575__deblur__restore__nes__l1,1021,23,-1,0,-1,0
fit__7575__deblur__random_walk__random_walk__l1,1024,26,933,1,17,5
fit__7575__deblur__confidence_boost__nes__l1,1021,25,-1,0,1004,1
fit__7575__deblur__boundary_probe__nes__l1,1021,24,-1,0,-1,0
fit__7575__deblur__counterfactual__nes__l1,1021,24,-1,0,-1,0
fit__12411__denoise__attack__nes__l0.5,1021,27,698,1,290,2
fit__12411__denoise__restore__nes__l0.5,1021,28,222,7,222,18
fit__12411__denoise__random_walk__random_walk__l0.5,1024,28,839,1,839,1
fit__12411__denoise__confidence_boost__nes__l0.5,1021,24,-1,0,-1,0
fit__12411__denoise__boundary_probe__nes__l0.5,1021,26,817,1,766,5
fit__12411__denoise__counterfactual__nes__l0.5,1021,22,-1,0,-1,0
fit__12411__deblur__attack__nes__l1,1021,24,-1,0,-1,0
fit__12411__deblur__restore__nes__l1,1021,24,-1,0,-1,0
fit__12411__deblur__random_walk__random_walk__l1,1024,26,551,1,271,3
fit__12411__deblur__confidence_boost__nes__l1,1021,23,-1,0,-1,0
fit__12411__deblur__boundary_probe__nes__l1,1021,22,-1,0,-1,0
fit__12411__deblur__counterfactual__nes__l1,1021,22,-1,0,-1,0
fit__16008__denoise__attack__nes__l0.5,1021,23,-1,0,-1,0
fit__16008__denoise__restore__nes__l0.5,1021,23,-1,0,-1,0
fit__16008__denoise__random_walk__random_walk__l0.5,1024,26,401,1,55,4
fit__16008__denoise__confidence_boost__nes__l0.5,1021,23,-1,0,-1,0
fit__16008__denoise__boundary_probe__nes__l0.5,1021,24,-1,0,-1,0
fit__16008__denoise__counterfactual__nes__l0.5,1021,22,-1,0,-1,0
fit__16008__deblur__attack__nes__l1,1021,26,885,2,885,2
fit__16008__deblur__restore__nes__l1,1021,26,188,1,188,2
fit__16008__deblur__random_walk__random_walk__l1,1024,26,35,1,35,5
fit__16008__deblur__confidence_boost__nes__l1,1021,25,-1,0,86,1
fit__16008__deblur__boundary_probe__nes__l1,1021,22,-1,0,-1,0
fit__16008__deblur__counterfactual__nes__l1,1021,24,-1,0,-1,0
fit__23426__denoise__attack__nes__l0.5,1021,25,-1,0,732,1
fit__23426__denoise__restore__nes__l0.5,1021,26,630,1,443,3
fit__23426__denoise__random_walk__random_walk__l0.5,1024,26,144,5,144,8
fit__23426__denoise__confidence_boost__nes__l0.5,1021,25,-1,0,69,1
fit__23426__denoise__boundary_probe__nes__l0.5,1021,27,477,1,477,1
fit__23426__denoise__counterfactual__nes__l0.5,1021,27,698,4,698,5
fit__23426__deblur__attack__nes__l1,1021,23,-1,0,-1,0
fit__23426__deblur__restore__nes__l1,1021,23,-1,0,-1,0
fit__23426__deblur__random_walk__random_walk__l1,1024,25,-1,0,953,2
fit__23426__deblur__confidence_boost__nes__l1,1021,24,-1,0,-1,0
fit__23426__deblur__boundary_probe__nes__l1,1021,26,579,2,579,2
fit__23426__deblur__counterfactual__nes__l1,1021,24,-1,0,-1,0
fit__27184__denoise__attack__nes__l0.5,1021,23,-1,0,-1,0
fit__27184__denoise__restore__nes__l0.5,1021,25,-1,0,732,4
fit__27184__denoise__random_walk__random_walk__l0.5,1024,25,-1,0,246,3
fit__27184__denoise__confidence_boost__nes__l0.5,1021,22,-1,0,-1,0
fit__27184__denoise__boundary_probe__nes__l0.5,1021,23,-1,0,-1,0
fit__27184__denoise__counterfactual__nes__l0.5,1021,24,-1,0,-1,0
fit__27184__deblur__attack__nes__l1,1021,23,-1,0,-1,0
fit__27184__deblur__restore__nes__l1,1021,25,-1,0,69,2
fit__27184__deblur__random_walk__random_walk__l1,1024,25,-1,0,617,1
fit__27184__deblur__confidence_boost__nes__l1,1021,24,-1,0,-1,0
fit__27184__deblur__boundary_probe__nes__l1,1021,24,-1,0,-1,0
fit__27184__deblur__counterfactual__nes__l1,1021,23,-1,0,-1,0
fit__31265__denoise__attack__nes__l0.5,1021,27,698,1,698,1
fit__31265__denoise__restore__nes__l0.5,1021,26,732,1,732,1
fit__31265__denoise__random_walk__random_walk__l0.5,1024,26,494,1,494,1
fit__31265__denoise__confidence_boost__nes__l0.5,1021,24,-1,0,-1,0
fit__31265__denoise__boundary_probe__nes__l0.5,1021,24,-1,0,-1,0
fit__31265__denoise__counterfactual__nes__l0.5,1021,24,-1,0,-1,0
fit__31265__deblur__attack__nes__l1,1021,23,-1,0,-1,0
fit__31265__deblur__restore__nes__l1,1021,21,-1,0,-1,0
fit__31265__deblur__random_walk__random_walk__l1,1024,26,387,1,387,3
fit__31265__deblur__confidence_boost__nes__l1,1021,23,-1,0,-1,0
fit__31265__deblur__boundary_probe__nes__l1,1021,24,-1,0,-1,0
fit__31265__deblur__counterfactual__nes__l1,1021,22,-1,0,-1,0
fit__38415__denoise__attack__nes__l0.5,1021,23,-1,0,-1,0
fit__38415__denoise__restore__nes__l0.5,1021,28,477,16,86,30
fit__38415__denoise__random_walk__random_walk__l0.5,1024,27,202,1,202,3
fit__38415__denoise__confidence_boost__nes__l0.5,1021,26,800,1,800,1
fit__38415__denoise__boundary_probe__nes__l0.5,1021,26,1004,1,375,4
fit__38415__denoise__counterfactual__nes__l0.5,1021,26,494,1,494,1
fit__38415__deblur__attack__nes__l1,1021,23,-1,0,-1,0
fit__38415__deblur__restore__nes__l1,1021,25,-1,0,681,1
fit__38415__deblur__random_walk__random_walk__l1,1024,27,463,2,407,6
fit__38415__deblur__confidence_boost__nes__l1,1021,25,-1,0,290,1
fit__38415__deblur__boundary_probe__nes__l1,1021,23,-1,0,-1,0
fit__38415__deblur__counterfactual__nes__l1,1021,29,579,5,562,7
fit__43125__denoise__attack__nes__l0.5,1021,22,-1,0,-1,0
fit__43125__denoise__restore__nes__l0.5,1021,25,-1,0,188,4
fit__43125__denoise__random_walk__random_walk__l0.5,1024,26,498,1,439,4
fit__43125__denoise__confidence_boost__nes__l0.5,1021,26,511,1,511,4
fit__43125__denoise__boundary_probe__nes__l0.5,1021,24,-1,0,-1,0
fit__43125__denoise__counterfactual__nes__l0.5,1021,25,-1,0,919,1
fit__43125__deblur__attack__nes__l1,1021,22,-1,0,-1,0
fit__43125__deblur__restore__nes__l1,1021,25,-1,0,188,2
fit__43125__deblur__random_walk__random_walk__l1,1024,25,-1,0,72,4
fit__43125__deblur__confidence_boost__nes__l1,1021,23,-1,0,-1,0
fit__43125__deblur__boundary_probe__nes__l1,1021,26,970,1,970,1
fit__43125__deblur__counterfactual__nes__l1,1021,26,834,2,834,2
fit__49613__denoise__attack__nes__l0.5,1021,26,681,1,681,1
fit__49613__denoise__restore__nes__l0.5,1021,24,-1,0,-1,0
fit__49613__denoise__random_walk__random_walk__l0.5,1024,25,-1,0,930,1
fit__49613__denoise__confidence_boost__nes__l0.5,1021,25,-1,0,341,1
fit__49613__denoise__boundary_probe__nes__l0.5,1021,27,885,1,885,1
fit__49613__denoise__counterfactual__nes__l0.5,1021,24,-1,0,-1,0
fit__49613__deblur__attack__nes__l1,1021,23,-1,0,-1,0
fit__49613__deblur__restore__nes__l1,1021,24,-1,0,-1,0
fit__49613__deblur__random_walk__random_walk__l1,1024,26,139,2,52,5
fit__49613__deblur__confidence_boost__nes__l1,1021,24,-1,0,-1,0
fit__49613__deblur__boundary_probe__nes__l1,1021,25,-1,0,596,1
fit__49613__deblur__counterfactual__nes__l1,1021,22,-1,0,-1,0
