session_id,queries,max_match,first_alarm,flagged_queries,first_alarm_recorded,flagged_queries_recorded_rule
evaluation__539__denoise__attack__nes__l0.5,1021,36,2,656,2,769
evaluation__539__denoise__restore__nes__l0.5,1021,37,3,935,3,973
evaluation__539__denoise__confidence_boost__nes__l0.5,1021,36,3,473,2,611
evaluation__539__deblur__attack__nes__l1,1021,36,2,604,2,728
evaluation__539__deblur__restore__nes__l1,1021,32,8,318,8,508
evaluation__539__deblur__confidence_boost__nes__l1,1021,36,2,597,2,767
evaluation__6003__denoise__attack__nes__l0.5,1021,36,4,617,4,743
evaluation__6003__denoise__restore__nes__l0.5,1021,34,2,731,2,867
evaluation__6003__denoise__confidence_boost__nes__l0.5,1021,38,3,817,2,902
evaluation__6003__deblur__attack__nes__l1,1021,37,9,789,9,866
evaluation__6003__deblur__restore__nes__l1,1021,36,6,575,2,737
evaluation__6003__deblur__confidence_boost__nes__l1,1021,35,4,750,4,849
evaluation__9045__denoise__attack__nes__l0.5,1021,36,2,730,2,816
evaluation__9045__denoise__restore__nes__l0.5,1021,35,3,370,2,496
evaluation__9045__denoise__confidence_boost__nes__l0.5,1021,36,3,334,2,469
evaluation__9045__deblur__attack__nes__l1,1021,36,4,501,4,592
evaluation__9045__deblur__restore__nes__l1,1021,33,3,483,3,678
evaluation__9045__deblur__confidence_boost__nes__l1,1021,34,14,665,2,780
evaluation__1751__denoise__attack__nes__l0.5,1021,33,6,405,6,544
evaluation__1751__denoise__restore__nes__l0.5,1021,35,7,554,4,708
evaluation__1751__denoise__confidence_boost__nes__l0.5,1021,37,7,438,7,587
evaluation__1751__deblur__attack__nes__l1,1021,35,13,457,6,594
evaluation__1751__deblur__restore__nes__l1,1021,31,7,322,7,522
evaluation__1751__deblur__confidence_boost__nes__l1,1021,35,5,515,5,655
evaluation__6984__denoise__attack__nes__l0.5,1021,35,2,388,2,518
evaluation__6984__denoise__restore__nes__l0.5,1021,33,2,142,2,265
evaluation__6984__denoise__confidence_boost__nes__l0.5,1021,36,2,224,2,307
evaluation__6984__deblur__attack__nes__l1,1021,35,14,598,8,703
evaluation__6984__deblur__restore__nes__l1,1021,31,37,297,5,472
evaluation__6984__deblur__confidence_boost__nes__l1,1021,37,12,594,2,714
evaluation__988__denoise__attack__nes__l0.5,1021,35,6,352,6,486
evaluation__988__denoise__restore__nes__l0.5,1021,34,4,380,4,583
evaluation__988__denoise__confidence_boost__nes__l0.5,1021,36,11,450,11,589
evaluation__988__deblur__attack__nes__l1,1021,35,22,504,18,643
evaluation__988__deblur__restore__nes__l1,1021,29,11,55,11,116
evaluation__988__deblur__confidence_boost__nes__l1,1021,36,5,628,5,750
evaluation__3713__denoise__attack__nes__l0.5,1021,34,2,655,2,783
evaluation__3713__denoise__restore__nes__l0.5,1021,35,3,643,3,795
evaluation__3713__denoise__confidence_boost__nes__l0.5,1021,34,2,431,2,577
evaluation__3713__deblur__attack__nes__l1,1021,35,2,523,2,655
evaluation__3713__deblur__restore__nes__l1,1021,33,3,838,3,935
evaluation__3713__deblur__confidence_boost__nes__l1,1021,37,2,675,2,778
evaluation__7902__denoise__attack__nes__l0.5,1021,34,23,260,23,373
evaluation__7902__denoise__restore__nes__l0.5,1021,33,4,297,2,473
evaluation__7902__denoise__confidence_boost__nes__l0.5,1021,34,4,453,4,604
evaluation__7902__deblur__attack__nes__l1,1021,36,3,478,3,601
evaluation__7902__deblur__restore__nes__l1,1021,32,10,155,10,311
evaluation__7902__deblur__confidence_boost__nes__l1,1021,36,9,495,9,644
evaluation__3023__denoise__attack__nes__l0.5,1021,35,3,397,3,547
evaluation__3023__denoise__restore__nes__l0.5,1021,32,3,498,3,669
evaluation__3023__denoise__confidence_boost__nes__l0.5,1021,39,3,738,2,839
evaluation__3023__deblur__attack__nes__l1,1021,37,2,583,2,707
evaluation__3023__deblur__restore__nes__l1,1021,36,3,787,3,910
evaluation__3023__deblur__confidence_boost__nes__l1,1021,35,3,488,3,635
evaluation__6237__denoise__attack__nes__l0.5,1021,35,3,421,3,574
evaluation__6237__denoise__restore__nes__l0.5,1021,31,2,207,2,349
evaluation__6237__denoise__confidence_boost__nes__l0.5,1021,36,18,430,18,574
evaluation__6237__deblur__attack__nes__l1,1021,38,3,717,2,782
evaluation__6237__deblur__restore__nes__l1,1021,32,4,253,4,420
evaluation__6237__deblur__confidence_boost__nes__l1,1021,35,6,668,4,781
evaluation__463__denoise__attack__nes__l0.5,1021,33,9,399,8,537
evaluation__463__denoise__restore__nes__l0.5,1021,33,59,48,19,109
evaluation__463__denoise__confidence_boost__nes__l0.5,1021,34,4,302,4,439
evaluation__463__deblur__attack__nes__l1,1021,35,2,458,2,606
evaluation__463__deblur__restore__nes__l1,1021,38,5,855,3,950
evaluation__463__deblur__confidence_boost__nes__l1,1021,38,2,667,2,767
evaluation__4042__denoise__attack__nes__l0.5,1021,36,7,535,7,665
evaluation__4042__denoise__restore__nes__l0.5,1021,31,18,264,5,469
evaluation__4042__denoise__confidence_boost__nes__l0.5,1021,39,6,565,3,683
evaluation__4042__deblur__attack__nes__l1,1021,35,9,496,9,643
evaluation__4042__deblur__restore__nes__l1,1021,34,8,420,8,595
evaluation__4042__deblur__confidence_boost__nes__l1,1021,35,3,356,3,505
evaluation__8500__denoise__attack__nes__l0.5,1021,36,12,392,2,529
evaluation__8500__denoise__restore__nes__l0.5,1021,34,11,278,9,472
evaluation__8500__denoise__confidence_boost__nes__l0.5,1021,34,8,478,8,613
evaluation__8500__deblur__attack__nes__l1,1021,36,2,376,2,523
evaluation__8500__deblur__restore__nes__l1,1021,31,16,188,16,319
evaluation__8500__deblur__confidence_boost__nes__l1,1021,33,4,185,4,310
evaluation__2487__denoise__attack__nes__l0.5,1021,35,8,389,8,519
evaluation__2487__denoise__restore__nes__l0.5,1021,35,3,637,2,778
evaluation__2487__denoise__confidence_boost__nes__l0.5,1021,36,3,460,3,590
evaluation__2487__deblur__attack__nes__l1,1021,35,12,516,3,619
evaluation__2487__deblur__restore__nes__l1,1021,33,7,422,7,625
evaluation__2487__deblur__confidence_boost__nes__l1,1021,35,18,457,13,612
evaluation__6120__denoise__attack__nes__l0.5,1021,35,2,512,2,641
evaluation__6120__denoise__restore__nes__l0.5,1021,33,2,765,2,889
evaluation__6120__denoise__confidence_boost__nes__l0.5,1021,36,3,615,2,718
evaluation__6120__deblur__attack__nes__l1,1021,35,19,422,12,537
evaluation__6120__deblur__restore__nes__l1,1021,32,86,45,35,93
evaluation__6120__deblur__confidence_boost__nes__l1,1021,34,19,430,19,559
evaluation__920__denoise__attack__nes__l0.5,1021,38,5,674,3,787
evaluation__920__denoise__restore__nes__l0.5,1021,33,2,309,2,478
evaluation__920__denoise__confidence_boost__nes__l0.5,1021,36,2,400,2,542
evaluation__920__deblur__attack__nes__l1,1021,35,3,483,3,615
evaluation__920__deblur__restore__nes__l1,1021,34,2,331,2,502
evaluation__920__deblur__confidence_boost__nes__l1,1021,36,2,619,2,760
evaluation__4465__denoise__attack__nes__l0.5,1021,36,4,192,4,269
evaluation__4465__denoise__restore__nes__l0.5,1021,36,4,402,4,590
evaluation__4465__denoise__confidence_boost__nes__l0.5,1021,36,18,561,18,675
evaluation__4465__deblur__attack__nes__l1,1021,35,7,590,7,718
evaluation__4465__deblur__restore__nes__l1,1021,32,6,459,6,657
evaluation__4465__deblur__confidence_boost__nes__l1,1021,34,9,527,6,717
evaluation__8113__denoise__attack__nes__l0.5,1021,36,2,501,2,663
evaluation__8113__denoise__restore__nes__l0.5,1021,33,3,515,3,713
evaluation__8113__denoise__confidence_boost__nes__l0.5,1021,33,9,485,4,649
evaluation__8113__deblur__attack__nes__l1,1021,36,5,300,2,414
evaluation__8113__deblur__restore__nes__l1,1021,32,12,225,12,372
evaluation__8113__deblur__confidence_boost__nes__l1,1021,35,5,348,5,495
evaluation__3437__denoise__attack__nes__l0.5,1021,36,4,499,3,646
evaluation__3437__denoise__restore__nes__l0.5,1021,36,8,779,8,887
evaluation__3437__denoise__confidence_boost__nes__l0.5,1021,36,2,531,2,670
evaluation__3437__deblur__attack__nes__l1,1021,34,5,345,5,472
evaluation__3437__deblur__restore__nes__l1,1021,31,16,154,14,283
evaluation__3437__deblur__confidence_boost__nes__l1,1021,34,19,436,17,570
evaluation__5668__denoise__attack__nes__l0.5,1021,34,6,401,6,525
evaluation__5668__denoise__restore__nes__l0.5,1021,32,4,192,4,331
evaluation__5668__denoise__confidence_boost__nes__l0.5,1021,37,3,515,3,628
evaluation__5668__deblur__attack__nes__l1,1021,36,14,373,2,489
evaluation__5668__deblur__restore__nes__l1,1021,32,13,240,11,403
evaluation__5668__deblur__confidence_boost__nes__l1,1021,38,16,572,2,717
evaluation__582__denoise__attack__nes__l0.5,1021,37,4,517,4,644
evaluation__582__denoise__restore__nes__l0.5,1021,34,7,455,7,643
evaluation__582__denoise__confidence_boost__nes__l0.5,1021,34,11,475,11,620
evaluation__582__deblur__attack__nes__l1,1021,36,5,327,4,460
evaluation__582__deblur__restore__nes__l1,1021,33,3,253,3,384
evaluation__582__deblur__confidence_boost__nes__l1,1021,33,10,312,10,427
evaluation__3270__denoise__attack__nes__l0.5,1021,35,9,440,3,556
evaluation__3270__denoise__restore__nes__l0.5,1021,36,2,709,2,849
evaluation__3270__denoise__confidence_boost__nes__l0.5,1021,37,7,515,3,644
evaluation__3270__deblur__attack__nes__l1,1021,33,2,315,2,475
evaluation__3270__deblur__restore__nes__l1,1021,32,5,350,5,517
evaluation__3270__deblur__confidence_boost__nes__l1,1021,37,6,543,6,698
evaluation__6718__denoise__attack__nes__l0.5,1021,36,6,246,6,355
evaluation__6718__denoise__restore__nes__l0.5,1021,33,4,443,4,620
evaluation__6718__denoise__confidence_boost__nes__l0.5,1021,35,8,443,8,574
evaluation__6718__deblur__attack__nes__l1,1021,36,2,391,2,507
evaluation__6718__deblur__restore__nes__l1,1021,34,3,516,3,691
evaluation__6718__deblur__confidence_boost__nes__l1,1021,34,3,616,3,734
evaluation__3170__denoise__attack__nes__l0.5,1021,36,4,469,4,594
evaluation__3170__denoise__restore__nes__l0.5,1021,36,13,531,13,636
evaluation__3170__denoise__confidence_boost__nes__l0.5,1021,36,16,609,6,719
evaluation__3170__deblur__attack__nes__l1,1021,34,3,359,3,524
evaluation__3170__deblur__restore__nes__l1,1021,32,9,229,9,384
evaluation__3170__deblur__confidence_boost__nes__l1,1021,36,9,559,9,691
evaluation__7642__denoise__attack__nes__l0.5,1021,36,11,636,8,750
evaluation__7642__denoise__restore__nes__l0.5,1021,32,7,496,7,690
evaluation__7642__denoise__confidence_boost__nes__l0.5,1021,37,4,380,4,497
evaluation__7642__deblur__attack__nes__l1,1021,35,2,603,2,712
evaluation__7642__deblur__restore__nes__l1,1021,32,2,478,2,673
evaluation__7642__deblur__confidence_boost__nes__l1,1021,36,4,657,4,780
fit__90__denoise__attack__nes__l0.5,1021,35,5,513,5,639
fit__90__denoise__restore__nes__l0.5,1021,33,9,386,9,587
fit__90__denoise__confidence_boost__nes__l0.5,1021,38,7,421,7,543
fit__90__deblur__attack__nes__l1,1021,36,8,423,8,574
fit__90__deblur__restore__nes__l1,1021,32,3,295,2,456
fit__90__deblur__confidence_boost__nes__l1,1021,37,28,401,11,554
fit__8643__denoise__attack__nes__l0.5,1021,37,18,590,2,730
fit__8643__denoise__restore__nes__l0.5,1021,32,4,267,4,446
fit__8643__denoise__confidence_boost__nes__l0.5,1021,36,5,581,3,716
fit__8643__deblur__attack__nes__l1,1021,35,12,536,2,657
fit__8643__deblur__restore__nes__l1,1021,28,35,57,20,137
fit__8643__deblur__confidence_boost__nes__l1,1021,35,18,626,18,726
fit__7166__denoise__attack__nes__l0.5,1021,34,7,449,6,556
fit__7166__denoise__restore__nes__l0.5,1021,33,20,230,2,379
fit__7166__denoise__confidence_boost__nes__l0.5,1021,36,15,588,8,721
fit__7166__deblur__attack__nes__l1,1021,35,21,247,21,374
fit__7166__deblur__restore__nes__l1,1021,28,141,20,69,39
fit__7166__deblur__confidence_boost__nes__l1,1021,38,90,224,30,345
fit__3844__denoise__attack__nes__l0.5,1021,36,5,617,5,736
fit__3844__denoise__restore__nes__l0.5,1021,31,3,77,3,156
fit__3844__denoise__confidence_boost__nes__l0.5,1021,36,3,317,3,440
fit__3844__deblur__attack__nes__l1,1021,36,2,659,2,760
fit__3844__deblur__restore__nes__l1,1021,33,2,518,2,685
fit__3844__deblur__confidence_boost__nes__l1,1021,37,2,777,2,878
fit__2922__denoise__attack__nes__l0.5,1021,35,17,354,4,473
fit__2922__denoise__restore__nes__l0.5,1021,31,14,283,14,477
fit__2922__denoise__confidence_boost__nes__l0.5,1021,37,3,648,3,753
fit__2922__deblur__attack__nes__l1,1021,36,19,353,14,475
fit__2922__deblur__restore__nes__l1,1021,32,2,154,2,272
fit__2922__deblur__confidence_boost__nes__l1,1021,34,12,360,12,533
fit__1526__denoise__attack__nes__l0.5,1021,34,4,521,4,647
fit__1526__denoise__restore__nes__l0.5,1021,34,2,618,2,791
fit__1526__denoise__confidence_boost__nes__l0.5,1021,35,5,661,5,800
fit__1526__deblur__attack__nes__l1,1021,35,7,557,6,677
fit__1526__deblur__restore__nes__l1,1021,33,12,338,4,518
fit__1526__deblur__confidence_boost__nes__l1,1021,34,8,778,8,864
fit__6664__denoise__attack__nes__l0.5,1021,37,2,571,2,688
fit__6664__denoise__restore__nes__l0.5,1021,33,5,473,2,630
fit__6664__denoise__confidence_boost__nes__l0.5,1021,34,5,504,5,668
fit__6664__deblur__attack__nes__l1,1021,34,11,366,10,496
fit__6664__deblur__restore__nes__l1,1021,35,11,461,10,635
fit__6664__deblur__confidence_boost__nes__l1,1021,35,3,467,3,602
fit__6571__denoise__attack__nes__l0.5,1021,34,17,362,17,482
fit__6571__denoise__restore__nes__l0.5,1021,34,7,241,7,387
fit__6571__denoise__confidence_boost__nes__l0.5,1021,32,3,362,3,480
fit__6571__deblur__attack__nes__l1,1021,35,20,476,20,596
fit__6571__deblur__restore__nes__l1,1021,32,20,113,20,231
fit__6571__deblur__confidence_boost__nes__l1,1021,37,28,583,21,685
fit__4668__denoise__attack__nes__l0.5,1021,36,3,374,3,482
fit__4668__denoise__restore__nes__l0.5,1021,34,13,271,13,404
fit__4668__denoise__confidence_boost__nes__l0.5,1021,36,2,602,2,734
fit__4668__deblur__attack__nes__l1,1021,35,15,578,15,695
fit__4668__deblur__restore__nes__l1,1021,31,14,169,14,310
fit__4668__deblur__confidence_boost__nes__l1,1021,34,21,458,10,594
fit__2518__denoise__attack__nes__l0.5,1021,35,5,589,5,710
fit__2518__denoise__restore__nes__l0.5,1021,32,5,578,5,752
fit__2518__denoise__confidence_boost__nes__l0.5,1021,38,8,739,6,854
fit__2518__deblur__attack__nes__l1,1021,34,11,415,11,564
fit__2518__deblur__restore__nes__l1,1021,31,15,113,13,220
fit__2518__deblur__confidence_boost__nes__l1,1021,32,20,174,20,275
fit__1279__denoise__attack__nes__l0.5,1021,35,8,435,7,584
fit__1279__denoise__restore__nes__l0.5,1021,36,3,288,3,393
fit__1279__denoise__confidence_boost__nes__l0.5,1021,34,12,309,8,414
fit__1279__deblur__attack__nes__l1,1021,34,18,323,12,461
fit__1279__deblur__restore__nes__l1,1021,32,21,272,2,428
fit__1279__deblur__confidence_boost__nes__l1,1021,34,2,464,2,614
fit__8256__denoise__attack__nes__l0.5,1021,37,7,442,7,587
fit__8256__denoise__restore__nes__l0.5,1021,34,2,556,2,748
fit__8256__denoise__confidence_boost__nes__l0.5,1021,37,3,618,2,744
fit__8256__deblur__attack__nes__l1,1021,37,6,697,3,808
fit__8256__deblur__restore__nes__l1,1021,32,8,604,4,775
fit__8256__deblur__confidence_boost__nes__l1,1021,35,5,431,5,602
fit__5980__denoise__attack__nes__l0.5,1021,37,2,594,2,726
fit__5980__denoise__restore__nes__l0.5,1021,33,8,178,5,322
fit__5980__denoise__confidence_boost__nes__l0.5,1021,36,2,579,2,695
fit__5980__deblur__attack__nes__l1,1021,36,2,558,2,683
fit__5980__deblur__restore__nes__l1,1021,32,6,319,6,515
fit__5980__deblur__confidence_boost__nes__l1,1021,37,19,791,19,858
evaluation__791__denoise__attack__nes__l0.5,1021,35,9,531,9,655
evaluation__791__denoise__restore__nes__l0.5,1021,31,9,377,9,542
evaluation__791__denoise__confidence_boost__nes__l0.5,1021,37,8,464,8,603
evaluation__791__deblur__attack__nes__l1,1021,35,6,392,6,516
evaluation__791__deblur__restore__nes__l1,1021,32,4,274,4,439
evaluation__791__deblur__confidence_boost__nes__l1,1021,36,2,344,2,473
evaluation__6241__denoise__attack__nes__l0.5,1021,35,10,447,7,591
evaluation__6241__denoise__restore__nes__l0.5,1021,33,3,418,2,613
evaluation__6241__denoise__confidence_boost__nes__l0.5,1021,37,2,371,2,511
evaluation__6241__deblur__attack__nes__l1,1021,33,3,502,2,640
evaluation__6241__deblur__restore__nes__l1,1021,35,2,683,2,812
evaluation__6241__deblur__confidence_boost__nes__l1,1021,35,2,662,2,790
evaluation__9046__denoise__attack__nes__l0.5,1021,36,2,544,2,660
evaluation__9046__denoise__restore__nes__l0.5,1021,33,7,454,2,627
evaluation__9046__denoise__confidence_boost__nes__l0.5,1021,35,4,468,4,610
evaluation__9046__deblur__attack__nes__l1,1021,36,13,266,13,387
evaluation__9046__deblur__restore__nes__l1,1021,33,13,170,13,304
evaluation__9046__deblur__confidence_boost__nes__l1,1021,34,38,414,38,572
evaluation__1882__denoise__attack__nes__l0.5,1021,34,6,293,2,416
evaluation__1882__denoise__restore__nes__l0.5,1021,33,14,205,6,330
evaluation__1882__denoise__confidence_boost__nes__l0.5,1021,36,11,551,4,678
evaluation__1882__deblur__attack__nes__l1,1021,34,12,247,12,361
evaluation__1882__deblur__restore__nes__l1,1021,32,20,198,20,359
evaluation__1882__deblur__confidence_boost__nes__l1,1021,34,33,371,12,470
evaluation__7215__denoise__attack__nes__l0.5,1021,37,5,722,4,830
evaluation__7215__denoise__restore__nes__l0.5,1021,34,2,637,2,806
evaluation__7215__denoise__confidence_boost__nes__l0.5,1021,35,3,419,3,552
evaluation__7215__deblur__attack__nes__l1,1021,36,4,406,3,528
evaluation__7215__deblur__restore__nes__l1,1021,30,3,282,3,470
evaluation__7215__deblur__confidence_boost__nes__l1,1021,34,16,459,7,585
evaluation__1196__denoise__attack__nes__l0.5,1021,37,31,608,6,705
evaluation__1196__denoise__restore__nes__l0.5,1021,29,20,69,18,126
evaluation__1196__denoise__confidence_boost__nes__l0.5,1021,36,46,374,46,509
evaluation__1196__deblur__attack__nes__l1,1021,36,7,652,7,780
evaluation__1196__deblur__restore__nes__l1,1021,34,8,320,6,504
evaluation__1196__deblur__confidence_boost__nes__l1,1021,35,4,502,4,656
evaluation__4035__denoise__attack__nes__l0.5,1021,37,2,517,2,651
evaluation__4035__denoise__restore__nes__l0.5,1021,35,3,947,3,993
evaluation__4035__denoise__confidence_boost__nes__l0.5,1021,36,4,518,4,655
evaluation__4035__deblur__attack__nes__l1,1021,33,11,466,11,592
evaluation__4035__deblur__restore__nes__l1,1021,29,3,102,3,221
evaluation__4035__deblur__confidence_boost__nes__l1,1021,35,13,703,9,795
evaluation__8363__denoise__attack__nes__l0.5,1021,37,13,555,9,692
evaluation__8363__denoise__restore__nes__l0.5,1021,34,2,393,2,593
evaluation__8363__denoise__confidence_boost__nes__l0.5,1021,33,2,375,2,493
evaluation__8363__deblur__attack__nes__l1,1021,37,2,498,2,625
evaluation__8363__deblur__restore__nes__l1,1021,31,6,159,6,303
evaluation__8363__deblur__confidence_boost__nes__l1,1021,35,5,488,5,618
evaluation__3479__denoise__attack__nes__l0.5,1021,35,5,400,5,527
evaluation__3479__denoise__restore__nes__l0.5,1021,32,2,238,2,392
evaluation__3479__denoise__confidence_boost__nes__l0.5,1021,36,4,338,2,480
evaluation__3479__deblur__attack__nes__l1,1021,36,7,399,7,549
evaluation__3479__deblur__restore__nes__l1,1021,32,4,231,4,384
evaluation__3479__deblur__confidence_boost__nes__l1,1021,36,3,540,3,665
evaluation__6340__denoise__attack__nes__l0.5,1021,34,2,177,2,277
evaluation__6340__denoise__restore__nes__l0.5,1021,33,3,541,3,703
evaluation__6340__denoise__confidence_boost__nes__l0.5,1021,33,2,294,2,430
evaluation__6340__deblur__attack__nes__l1,1021,37,3,652,3,797
evaluation__6340__deblur__restore__nes__l1,1021,35,5,734,3,864
evaluation__6340__deblur__confidence_boost__nes__l1,1021,36,2,563,2,693
evaluation__1303__denoise__attack__nes__l0.5,1021,36,10,540,3,654
evaluation__1303__denoise__restore__nes__l0.5,1021,33,9,131,9,249
evaluation__1303__denoise__confidence_boost__nes__l0.5,1021,36,7,499,7,612
evaluation__1303__deblur__attack__nes__l1,1021,35,8,690,8,786
evaluation__1303__deblur__restore__nes__l1,1021,33,9,532,2,739
evaluation__1303__deblur__confidence_boost__nes__l1,1021,37,10,594,6,697
evaluation__4047__denoise__attack__nes__l0.5,1021,34,2,507,2,644
evaluation__4047__denoise__restore__nes__l0.5,1021,31,10,356,10,555
evaluation__4047__denoise__confidence_boost__nes__l0.5,1021,37,2,547,2,692
evaluation__4047__deblur__attack__nes__l1,1021,35,14,608,14,719
evaluation__4047__deblur__restore__nes__l1,1021,31,3,137,3,254
evaluation__4047__deblur__confidence_boost__nes__l1,1021,36,23,375,6,517
evaluation__8540__denoise__attack__nes__l0.5,1021,36,7,346,7,491
evaluation__8540__denoise__restore__nes__l0.5,1021,34,11,303,11,494
evaluation__8540__denoise__confidence_boost__nes__l0.5,1021,35,17,390,17,537
evaluation__8540__deblur__attack__nes__l1,1021,35,18,399,2,547
evaluation__8540__deblur__restore__nes__l1,1021,31,5,231,5,405
evaluation__8540__deblur__confidence_boost__nes__l1,1021,33,22,432,15,595
evaluation__2582__denoise__attack__nes__l0.5,1021,35,6,335,2,456
evaluation__2582__denoise__restore__nes__l0.5,1021,35,3,738,3,860
evaluation__2582__denoise__confidence_boost__nes__l0.5,1021,36,2,440,2,561
evaluation__2582__deblur__attack__nes__l1,1021,36,10,431,10,580
evaluation__2582__deblur__restore__nes__l1,1021,31,8,255,2,427
evaluation__2582__deblur__confidence_boost__nes__l1,1021,35,9,433,9,603
evaluation__6835__denoise__attack__nes__l0.5,1021,37,2,490,2,626
evaluation__6835__denoise__restore__nes__l0.5,1021,34,18,387,18,595
evaluation__6835__denoise__confidence_boost__nes__l0.5,1021,36,3,392,3,526
evaluation__6835__deblur__attack__nes__l1,1021,33,33,432,33,575
evaluation__6835__deblur__restore__nes__l1,1021,28,22,45,22,107
evaluation__6835__deblur__confidence_boost__nes__l1,1021,36,28,798,28,883
evaluation__1147__denoise__attack__nes__l0.5,1021,33,17,241,17,355
evaluation__1147__denoise__restore__nes__l0.5,1021,33,40,185,7,311
evaluation__1147__denoise__confidence_boost__nes__l0.5,1021,33,5,463,5,593
evaluation__1147__deblur__attack__nes__l1,1021,37,6,545,6,695
evaluation__1147__deblur__restore__nes__l1,1021,32,2,261,2,428
evaluation__1147__deblur__confidence_boost__nes__l1,1021,36,7,520,7,652
evaluation__4746__denoise__attack__nes__l0.5,1021,36,15,411,15,523
evaluation__4746__denoise__restore__nes__l0.5,1021,32,5,320,5,500
evaluation__4746__denoise__confidence_boost__nes__l0.5,1021,36,8,495,8,597
evaluation__4746__deblur__attack__nes__l1,1021,33,4,230,4,351
evaluation__4746__deblur__restore__nes__l1,1021,33,10,321,10,467
evaluation__4746__deblur__confidence_boost__nes__l1,1021,36,5,560,2,691
evaluation__8184__denoise__attack__nes__l0.5,1021,37,27,479,18,599
evaluation__8184__denoise__restore__nes__l0.5,1021,33,52,18,18,56
evaluation__8184__denoise__confidence_boost__nes__l0.5,1021,34,32,283,32,415
evaluation__8184__deblur__attack__nes__l1,1021,36,12,559,7,702
evaluation__8184__deblur__restore__nes__l1,1021,32,8,268,5,386
evaluation__8184__deblur__confidence_boost__nes__l1,1021,36,8,639,8,764
evaluation__3482__denoise__attack__nes__l0.5,1021,35,23,364,16,517
evaluation__3482__denoise__restore__nes__l0.5,1021,32,3,240,3,364
evaluation__3482__denoise__confidence_boost__nes__l0.5,1021,35,15,472,15,606
evaluation__3482__deblur__attack__nes__l1,1021,35,30,471,23,625
evaluation__3482__deblur__restore__nes__l1,1021,29,39,92,15,183
evaluation__3482__deblur__confidence_boost__nes__l1,1021,34,21,374,21,507
evaluation__5675__denoise__attack__nes__l0.5,1021,35,2,289,2,413
evaluation__5675__denoise__restore__nes__l0.5,1021,30,11,219,10,364
evaluation__5675__denoise__confidence_boost__nes__l0.5,1021,36,8,456,4,565
evaluation__5675__deblur__attack__nes__l1,1021,34,26,429,26,551
evaluation__5675__deblur__restore__nes__l1,1021,34,51,56,9,131
evaluation__5675__deblur__confidence_boost__nes__l1,1021,36,2,350,2,490
evaluation__939__denoise__attack__nes__l0.5,1021,35,2,314,2,440
evaluation__939__denoise__restore__nes__l0.5,1021,33,7,646,2,788
evaluation__939__denoise__confidence_boost__nes__l0.5,1021,36,6,405,6,537
evaluation__939__deblur__attack__nes__l1,1021,35,5,402,5,541
evaluation__939__deblur__restore__nes__l1,1021,31,6,220,6,380
evaluation__939__deblur__confidence_boost__nes__l1,1021,36,11,507,4,656
evaluation__3817__denoise__attack__nes__l0.5,1021,33,23,327,23,475
evaluation__3817__denoise__restore__nes__l0.5,1021,33,3,298,3,457
evaluation__3817__denoise__confidence_boost__nes__l0.5,1021,35,18,330,3,482
evaluation__3817__deblur__attack__nes__l1,1021,33,3,244,3,362
evaluation__3817__deblur__restore__nes__l1,1021,33,5,263,2,440
evaluation__3817__deblur__confidence_boost__nes__l1,1021,33,9,382,9,553
evaluation__7261__denoise__attack__nes__l0.5,1021,36,4,545,4,683
evaluation__7261__denoise__restore__nes__l0.5,1021,35,3,840,3,937
evaluation__7261__denoise__confidence_boost__nes__l0.5,1021,35,4,514,2,642
evaluation__7261__deblur__attack__nes__l1,1021,34,12,595,8,722
evaluation__7261__deblur__restore__nes__l1,1021,37,2,429,2,623
evaluation__7261__deblur__confidence_boost__nes__l1,1021,35,7,403,3,506
evaluation__3368__denoise__attack__nes__l0.5,1021,38,2,650,2,759
evaluation__3368__denoise__restore__nes__l0.5,1021,35,2,713,2,845
evaluation__3368__denoise__confidence_boost__nes__l0.5,1021,37,10,570,4,695
evaluation__3368__deblur__attack__nes__l1,1021,34,4,488,4,612
evaluation__3368__deblur__restore__nes__l1,1021,33,16,377,16,554
evaluation__3368__deblur__confidence_boost__nes__l1,1021,33,4,429,4,565
evaluation__8312__denoise__attack__nes__l0.5,1021,35,5,581,2,709
evaluation__8312__denoise__restore__nes__l0.5,1021,33,5,446,5,634
evaluation__8312__denoise__confidence_boost__nes__l0.5,1021,38,5,661,5,746
evaluation__8312__deblur__attack__nes__l1,1021,35,7,484,7,629
evaluation__8312__deblur__restore__nes__l1,1021,31,34,141,12,277
evaluation__8312__deblur__confidence_boost__nes__l1,1021,35,3,386,2,515
fit__1851__denoise__attack__nes__l0.5,1021,34,3,386,3,501
fit__1851__denoise__restore__nes__l0.5,1021,35,6,330,6,438
fit__1851__denoise__confidence_boost__nes__l0.5,1021,34,2,512,2,664
fit__1851__deblur__attack__nes__l1,1021,35,2,447,2,555
fit__1851__deblur__restore__nes__l1,1021,34,2,396,2,584
fit__1851__deblur__confidence_boost__nes__l1,1021,38,3,599,3,720
fit__9749__denoise__attack__nes__l0.5,1021,38,42,347,42,497
fit__9749__denoise__restore__nes__l0.5,1021,32,4,191,4,337
fit__9749__denoise__confidence_boost__nes__l0.5,1021,35,18,348,11,483
fit__9749__deblur__attack__nes__l1,1021,36,2,599,2,723
fit__9749__deblur__restore__nes__l1,1021,33,2,382,2,571
fit__9749__deblur__confidence_boost__nes__l1,1021,35,5,614,5,745
fit__7329__denoise__attack__nes__l0.5,1021,37,2,681,2,799
fit__7329__denoise__restore__nes__l0.5,1021,33,3,734,3,870
fit__7329__denoise__confidence_boost__nes__l0.5,1021,38,3,710,3,827
fit__7329__deblur__attack__nes__l1,1021,35,4,549,4,691
fit__7329__deblur__restore__nes__l1,1021,34,2,620,2,787
fit__7329__deblur__confidence_boost__nes__l1,1021,35,3,494,3,637
fit__5133__denoise__attack__nes__l0.5,1021,35,20,463,20,581
fit__5133__denoise__restore__nes__l0.5,1021,32,21,120,3,267
fit__5133__denoise__confidence_boost__nes__l0.5,1021,36,6,521,6,623
fit__5133__deblur__attack__nes__l1,1021,36,38,312,11,428
fit__5133__deblur__restore__nes__l1,1021,31,24,196,5,358
fit__5133__deblur__confidence_boost__nes__l1,1021,50,7,435,3,605
fit__2963__denoise__attack__nes__l0.5,1021,36,6,458,6,599
fit__2963__denoise__restore__nes__l0.5,1021,34,10,419,3,591
fit__2963__denoise__confidence_boost__nes__l0.5,1021,36,2,339,2,441
fit__2963__deblur__attack__nes__l1,1021,38,2,581,2,715
fit__2963__deblur__restore__nes__l1,1021,33,3,339,3,507
fit__2963__deblur__confidence_boost__nes__l1,1021,37,2,509,2,635
fit__1544__denoise__attack__nes__l0.5,1021,34,13,509,13,625
fit__1544__denoise__restore__nes__l0.5,1021,31,4,88,4,167
fit__1544__denoise__confidence_boost__nes__l0.5,1021,38,57,485,35,626
fit__1544__deblur__attack__nes__l1,1021,35,2,473,2,603
fit__1544__deblur__restore__nes__l1,1021,32,8,331,8,483
fit__1544__deblur__confidence_boost__nes__l1,1021,34,9,235,7,391
fit__7325__denoise__attack__nes__l0.5,1021,35,9,516,3,658
fit__7325__denoise__restore__nes__l0.5,1021,35,2,682,2,829
fit__7325__denoise__confidence_boost__nes__l0.5,1021,37,5,519,2,646
fit__7325__deblur__attack__nes__l1,1021,34,12,449,7,593
fit__7325__deblur__restore__nes__l1,1021,34,8,314,3,486
fit__7325__deblur__confidence_boost__nes__l1,1021,38,8,560,8,685
fit__6690__denoise__attack__nes__l0.5,1021,36,2,581,2,722
fit__6690__denoise__restore__nes__l0.5,1021,33,7,561,7,740
fit__6690__denoise__confidence_boost__nes__l0.5,1021,38,4,708,3,814
fit__6690__deblur__attack__nes__l1,1021,35,5,410,5,549
fit__6690__deblur__restore__nes__l1,1021,33,5,402,5,584
fit__6690__deblur__confidence_boost__nes__l1,1021,35,12,423,12,584
fit__4702__denoise__attack__nes__l0.5,1021,36,3,600,3,752
fit__4702__denoise__restore__nes__l0.5,1021,36,3,577,3,727
fit__4702__denoise__confidence_boost__nes__l0.5,1021,36,2,580,2,714
fit__4702__deblur__attack__nes__l1,1021,33,18,387,18,526
fit__4702__deblur__restore__nes__l1,1021,31,16,78,14,172
fit__4702__deblur__confidence_boost__nes__l1,1021,34,15,628,15,781
fit__3116__denoise__attack__nes__l0.5,1021,35,3,640,3,750
fit__3116__denoise__restore__nes__l0.5,1021,36,7,481,6,643
fit__3116__denoise__confidence_boost__nes__l0.5,1021,36,2,495,2,640
fit__3116__deblur__attack__nes__l1,1021,34,3,391,3,509
fit__3116__deblur__restore__nes__l1,1021,34,3,599,2,763
fit__3116__deblur__confidence_boost__nes__l1,1021,38,2,559,2,679
fit__1358__denoise__attack__nes__l0.5,1021,36,2,726,2,808
fit__1358__denoise__restore__nes__l0.5,1021,34,5,323,5,490
fit__1358__denoise__confidence_boost__nes__l0.5,1021,36,7,689,7,773
fit__1358__deblur__attack__nes__l1,1021,35,5,257,3,393
fit__1358__deblur__restore__nes__l1,1021,34,3,716,3,858
fit__1358__deblur__confidence_boost__nes__l1,1021,50,4,542,3,736
fit__9101__denoise__attack__nes__l0.5,1021,36,23,509,5,678
fit__9101__denoise__restore__nes__l0.5,1021,32,18,216,18,369
fit__9101__denoise__confidence_boost__nes__l0.5,1021,39,5,646,5,767
fit__9101__deblur__attack__nes__l1,1021,38,12,558,9,686
fit__9101__deblur__restore__nes__l1,1021,32,3,253,3,417
fit__9101__deblur__confidence_boost__nes__l1,1021,37,4,604,3,731
fit__7297__denoise__attack__nes__l0.5,1021,37,2,699,2,804
fit__7297__denoise__restore__nes__l0.5,1021,35,2,684,2,822
fit__7297__denoise__confidence_boost__nes__l0.5,1021,37,10,409,5,560
fit__7297__deblur__attack__nes__l1,1021,39,14,726,7,831
fit__7297__deblur__restore__nes__l1,1021,31,4,406,4,603
fit__7297__deblur__confidence_boost__nes__l1,1021,39,9,837,9,902
evaluation__1109__denoise__attack__nes__l0.5,1021,36,8,533,7,676
evaluation__1109__denoise__restore__nes__l0.5,1021,31,10,391,10,597
evaluation__1109__denoise__confidence_boost__nes__l0.5,1021,37,9,652,5,776
evaluation__1109__deblur__attack__nes__l1,1021,33,55,261,34,365
evaluation__1109__deblur__restore__nes__l1,1021,28,51,20,51,43
evaluation__1109__deblur__confidence_boost__nes__l1,1021,35,86,209,12,320
evaluation__6494__denoise__attack__nes__l0.5,1021,36,5,516,5,664
evaluation__6494__denoise__restore__nes__l0.5,1021,32,6,161,6,327
evaluation__6494__denoise__confidence_boost__nes__l0.5,1021,34,38,448,36,585
evaluation__6494__deblur__attack__nes__l1,1021,33,2,313,2,433
evaluation__6494__deblur__restore__nes__l1,1021,32,9,251,9,400
evaluation__6494__deblur__confidence_boost__nes__l1,1021,36,15,337,6,456
evaluation__9973__denoise__attack__nes__l0.5,1021,35,5,482,5,593
evaluation__9973__denoise__restore__nes__l0.5,1021,35,37,108,30,204
evaluation__9973__denoise__confidence_boost__nes__l0.5,1021,33,7,412,7,558
evaluation__9973__deblur__attack__nes__l1,1021,38,3,407,3,564
evaluation__9973__deblur__restore__nes__l1,1021,32,2,416,2,573
evaluation__9973__deblur__confidence_boost__nes__l1,1021,34,17,239,7,336
evaluation__1991__denoise__attack__nes__l0.5,1021,34,10,254,4,370
evaluation__1991__denoise__restore__nes__l0.5,1021,28,17,53,8,95
evaluation__1991__denoise__confidence_boost__nes__l0.5,1021,34,19,408,8,554
evaluation__1991__deblur__attack__nes__l1,1021,36,4,587,4,688
evaluation__1991__deblur__restore__nes__l1,1021,33,5,490,5,672
evaluation__1991__deblur__confidence_boost__nes__l1,1021,36,6,407,6,551
evaluation__7450__denoise__attack__nes__l0.5,1021,38,4,556,4,655
evaluation__7450__denoise__restore__nes__l0.5,1021,34,4,433,4,606
evaluation__7450__denoise__confidence_boost__nes__l0.5,1021,35,11,495,2,595
evaluation__7450__deblur__attack__nes__l1,1021,37,5,430,5,575
evaluation__7450__deblur__restore__nes__l1,1021,33,4,479,4,670
evaluation__7450__deblur__confidence_boost__nes__l1,1021,38,7,597,3,737
evaluation__1202__denoise__attack__nes__l0.5,1021,37,9,365,3,499
evaluation__1202__denoise__restore__nes__l0.5,1021,35,5,308,2,491
evaluation__1202__denoise__confidence_boost__nes__l0.5,1021,35,7,388,7,512
evaluation__1202__deblur__attack__nes__l1,1021,38,28,715,9,817
evaluation__1202__deblur__restore__nes__l1,1021,32,14,204,5,360
evaluation__1202__deblur__confidence_boost__nes__l1,1021,35,17,509,17,651
evaluation__4622__denoise__attack__nes__l0.5,1021,34,36,303,36,443
evaluation__4622__denoise__restore__nes__l0.5,1021,32,14,66,11,140
evaluation__4622__denoise__confidence_boost__nes__l0.5,1021,36,7,408,7,540
evaluation__4622__deblur__attack__nes__l1,1021,35,17,489,9,635
evaluation__4622__deblur__restore__nes__l1,1021,32,14,242,2,426
evaluation__4622__deblur__confidence_boost__nes__l1,1021,34,4,435,4,573
evaluation__9267__denoise__attack__nes__l0.5,1021,34,2,370,2,500
evaluation__9267__denoise__restore__nes__l0.5,1021,35,2,368,2,524
evaluation__9267__denoise__confidence_boost__nes__l0.5,1021,40,9,574,7,696
evaluation__9267__deblur__attack__nes__l1,1021,37,3,635,3,733
evaluation__9267__deblur__restore__nes__l1,1021,32,7,380,3,582
evaluation__9267__deblur__confidence_boost__nes__l1,1021,32,2,317,2,445
evaluation__4155__denoise__attack__nes__l0.5,1021,38,2,832,2,918
evaluation__4155__denoise__restore__nes__l0.5,1021,38,2,637,2,770
evaluation__4155__denoise__confidence_boost__nes__l0.5,1021,33,2,441,2,571
evaluation__4155__deblur__attack__nes__l1,1021,36,36,527,9,654
evaluation__4155__deblur__restore__nes__l1,1021,33,6,282,6,452
evaluation__4155__deblur__confidence_boost__nes__l1,1021,34,12,497,12,640
evaluation__6786__denoise__attack__nes__l0.5,1021,37,6,657,6,764
evaluation__6786__denoise__restore__nes__l0.5,1021,33,20,268,10,447
evaluation__6786__denoise__confidence_boost__nes__l0.5,1021,35,5,409,5,540
evaluation__6786__deblur__attack__nes__l1,1021,35,2,557,2,703
evaluation__6786__deblur__restore__nes__l1,1021,33,8,314,8,483
evaluation__6786__deblur__confidence_boost__nes__l1,1021,34,2,621,2,749
evaluation__1533__denoise__attack__nes__l0.5,1021,34,5,313,2,423
evaluation__1533__denoise__restore__nes__l0.5,1021,29,6,46,6,105
evaluation__1533__denoise__confidence_boost__nes__l0.5,1021,35,78,307,34,412
evaluation__1533__deblur__attack__nes__l1,1021,34,17,224,5,312
evaluation__1533__deblur__restore__nes__l1,1021,31,5,143,5,272
evaluation__1533__deblur__confidence_boost__nes__l1,1021,36,11,508,11,648
evaluation__4173__denoise__attack__nes__l0.5,1021,37,6,547,6,661
evaluation__4173__denoise__restore__nes__l0.5,1021,31,19,99,4,210
evaluation__4173__denoise__confidence_boost__nes__l0.5,1021,36,24,572,8,704
evaluation__4173__deblur__attack__nes__l1,1021,35,11,362,11,506
evaluation__4173__deblur__restore__nes__l1,1021,35,2,665,2,821
evaluation__4173__deblur__confidence_boost__nes__l1,1021,33,8,558,5,715
evaluation__9393__denoise__attack__nes__l0.5,1021,36,3,387,3,498
evaluation__9393__denoise__restore__nes__l0.5,1021,34,7,200,4,336
evaluation__9393__denoise__confidence_boost__nes__l0.5,1021,35,3,338,3,465
evaluation__9393__deblur__attack__nes__l1,1021,33,14,359,14,503
evaluation__9393__deblur__restore__nes__l1,1021,32,11,445,4,630
evaluation__9393__deblur__confidence_boost__nes__l1,1021,36,5,490,5,603
evaluation__3613__denoise__attack__nes__l0.5,1021,35,17,417,17,544
evaluation__3613__denoise__restore__nes__l0.5,1021,32,40,61,3,117
evaluation__3613__denoise__confidence_boost__nes__l0.5,1021,34,61,328,14,437
evaluation__3613__deblur__attack__nes__l1,1021,37,54,648,23,774
evaluation__3613__deblur__restore__nes__l1,1021,33,10,51,10,125
evaluation__3613__deblur__confidence_boost__nes__l1,1021,36,18,568,18,710
evaluation__7720__denoise__attack__nes__l0.5,1021,35,2,479,2,606
evaluation__7720__denoise__restore__nes__l0.5,1021,32,5,275,5,441
evaluation__7720__denoise__confidence_boost__nes__l0.5,1021,35,8,198,2,290
evaluation__7720__deblur__attack__nes__l1,1021,35,2,609,2,713
evaluation__7720__deblur__restore__nes__l1,1021,33,5,371,4,557
evaluation__7720__deblur__confidence_boost__nes__l1,1021,34,4,398,4,523
evaluation__1641__denoise__attack__nes__l0.5,1021,36,9,421,8,554
evaluation__1641__denoise__restore__nes__l0.5,1021,31,5,389,5,578
evaluation__1641__denoise__confidence_boost__nes__l0.5,1021,34,2,335,2,498
evaluation__1641__deblur__attack__nes__l1,1021,36,7,466,7,608
evaluation__1641__deblur__restore__nes__l1,1021,32,19,216,13,388
evaluation__1641__deblur__confidence_boost__nes__l1,1021,36,35,430,9,570
evaluation__4788__denoise__attack__nes__l0.5,1021,35,2,530,2,678
evaluation__4788__denoise__restore__nes__l0.5,1021,37,2,900,2,974
evaluation__4788__denoise__confidence_boost__nes__l0.5,1021,37,2,929,2,970
evaluation__4788__deblur__attack__nes__l1,1021,35,2,637,2,755
evaluation__4788__deblur__restore__nes__l1,1021,33,2,495,2,672
evaluation__4788__deblur__confidence_boost__nes__l1,1021,39,5,879,3,946
evaluation__8534__denoise__attack__nes__l0.5,1021,36,2,445,2,560
evaluation__8534__denoise__restore__nes__l0.5,1021,34,4,741,4,874
evaluation__8534__denoise__confidence_boost__nes__l0.5,1021,36,9,664,7,769
evaluation__8534__deblur__attack__nes__l1,1021,37,4,631,2,751
evaluation__8534__deblur__restore__nes__l1,1021,33,4,531,4,709
evaluation__8534__deblur__confidence_boost__nes__l1,1021,33,6,372,2,537
evaluation__3788__denoise__attack__nes__l0.5,1021,37,3,585,3,711
evaluation__3788__denoise__restore__nes__l0.5,1021,33,2,194,2,330
evaluation__3788__denoise__confidence_boost__nes__l0.5,1021,36,6,582,2,714
evaluation__3788__deblur__attack__nes__l1,1021,37,2,506,2,640
evaluation__3788__deblur__restore__nes__l1,1021,33,2,353,2,563
evaluation__3788__deblur__confidence_boost__nes__l1,1021,35,8,424,8,562
evaluation__5998__denoise__attack__nes__l0.5,1021,35,8,320,4,401
evaluation__5998__denoise__restore__nes__l0.5,1021,34,3,439,3,615
evaluation__5998__denoise__confidence_boost__nes__l0.5,1021,36,3,477,3,603
evaluation__5998__deblur__attack__nes__l1,1021,33,2,321,2,445
evaluation__5998__deblur__restore__nes__l1,1021,36,4,541,4,705
evaluation__5998__deblur__confidence_boost__nes__l1,1021,33,2,304,2,438
evaluation__1011__denoise__attack__nes__l0.5,1021,34,2,423,2,554
evaluation__1011__denoise__restore__nes__l0.5,1021,31,8,76,8,159
evaluation__1011__denoise__confidence_boost__nes__l0.5,1021,36,27,335,27,458
evaluation__1011__deblur__attack__nes__l1,1021,36,52,353,19,464
evaluation__1011__deblur__restore__nes__l1,1021,31,48,29,11,81
evaluation__1011__deblur__confidence_boost__nes__l1,1021,31,45,119,43,226
evaluation__4083__denoise__attack__nes__l0.5,1021,34,17,134,5,217
evaluation__4083__denoise__restore__nes__l0.5,1021,33,6,203,6,372
evaluation__4083__denoise__confidence_boost__nes__l0.5,1021,35,15,528,15,658
evaluation__4083__deblur__attack__nes__l1,1021,35,6,631,2,741
evaluation__4083__deblur__restore__nes__l1,1021,32,10,176,10,311
evaluation__4083__deblur__confidence_boost__nes__l1,1021,33,15,541,6,694
evaluation__7580__denoise__attack__nes__l0.5,1021,39,7,579,7,715
evaluation__7580__denoise__restore__nes__l0.5,1021,34,3,720,3,836
evaluation__7580__denoise__confidence_boost__nes__l0.5,1021,37,2,732,2,846
evaluation__7580__deblur__attack__nes__l1,1021,36,11,290,3,428
evaluation__7580__deblur__restore__nes__l1,1021,34,2,519,2,690
evaluation__7580__deblur__confidence_boost__nes__l1,1021,36,6,758,2,855
evaluation__5315__denoise__attack__nes__l0.5,1021,37,6,550,5,701
evaluation__5315__denoise__restore__nes__l0.5,1021,33,7,312,7,496
evaluation__5315__denoise__confidence_boost__nes__l0.5,1021,37,6,427,2,591
evaluation__5315__deblur__attack__nes__l1,1021,36,3,500,3,634
evaluation__5315__deblur__restore__nes__l1,1021,34,3,585,3,748
evaluation__5315__deblur__confidence_boost__nes__l1,1021,34,5,404,5,545
evaluation__8355__denoise__attack__nes__l0.5,1021,37,5,751,2,861
evaluation__8355__denoise__restore__nes__l0.5,1021,36,5,885,5,951
evaluation__8355__denoise__confidence_boost__nes__l0.5,1021,37,3,691,3,791
evaluation__8355__deblur__attack__nes__l1,1021,34,5,438,5,595
evaluation__8355__deblur__restore__nes__l1,1021,32,2,200,2,326
evaluation__8355__deblur__confidence_boost__nes__l1,1021,35,7,630,7,718
fit__2130__denoise__attack__nes__l0.5,1021,36,10,491,10,628
fit__2130__denoise__restore__nes__l0.5,1021,32,35,174,24,299
fit__2130__denoise__confidence_boost__nes__l0.5,1021,36,13,487,13,630
fit__2130__deblur__attack__nes__l1,1021,34,57,407,57,527
fit__2130__deblur__restore__nes__l1,1021,30,18,36,18,104
fit__2130__deblur__confidence_boost__nes__l1,1021,37,32,558,26,668
fit__1187__denoise__attack__nes__l0.5,1021,35,6,501,6,632
fit__1187__denoise__restore__nes__l0.5,1021,31,38,89,2,169
fit__1187__denoise__confidence_boost__nes__l0.5,1021,36,15,600,15,741
fit__1187__deblur__attack__nes__l1,1021,34,2,524,2,652
fit__1187__deblur__restore__nes__l1,1021,35,2,502,2,686
fit__1187__deblur__confidence_boost__nes__l1,1021,34,4,324,2,470
fit__7864__denoise__attack__nes__l0.5,1021,35,4,349,4,483
fit__7864__denoise__restore__nes__l0.5,1021,33,7,285,7,422
fit__7864__denoise__confidence_boost__nes__l0.5,1021,34,35,425,34,560
fit__7864__deblur__attack__nes__l1,1021,34,4,459,4,590
fit__7864__deblur__restore__nes__l1,1021,34,5,585,5,730
fit__7864__deblur__confidence_boost__nes__l1,1021,37,3,545,2,704
fit__7351__denoise__attack__nes__l0.5,1021,34,29,378,7,482
fit__7351__denoise__restore__nes__l0.5,1021,34,4,629,4,735
fit__7351__denoise__confidence_boost__nes__l0.5,1021,35,10,380,10,503
fit__7351__deblur__attack__nes__l1,1021,36,21,428,21,573
fit__7351__deblur__restore__nes__l1,1021,32,103,40,16,74
fit__7351__deblur__confidence_boost__nes__l1,1021,36,22,457,3,581
fit__3628__denoise__attack__nes__l0.5,1021,35,18,420,18,562
fit__3628__denoise__restore__nes__l0.5,1021,33,16,257,15,433
fit__3628__denoise__confidence_boost__nes__l0.5,1021,36,11,524,11,638
fit__3628__deblur__attack__nes__l1,1021,37,5,522,5,649
fit__3628__deblur__restore__nes__l1,1021,33,9,279,9,448
fit__3628__deblur__confidence_boost__nes__l1,1021,34,5,535,5,663
fit__1658__denoise__attack__nes__l0.5,1021,37,2,710,2,814
fit__1658__denoise__restore__nes__l0.5,1021,31,8,216,8,367
fit__1658__denoise__confidence_boost__nes__l0.5,1021,35,9,474,9,628
fit__1658__deblur__attack__nes__l1,1021,32,130,45,10,112
fit__1658__deblur__restore__nes__l1,1021,29,26,49,26,119
fit__1658__deblur__confidence_boost__nes__l1,1021,37,29,487,29,626
fit__1940__denoise__attack__nes__l0.5,1021,34,5,431,4,591
fit__1940__denoise__restore__nes__l0.5,1021,32,2,452,2,632
fit__1940__denoise__confidence_boost__nes__l0.5,1021,35,7,610,6,730
fit__1940__deblur__attack__nes__l1,1021,38,25,682,8,766
fit__1940__deblur__restore__nes__l1,1021,33,11,414,2,628
fit__1940__deblur__confidence_boost__nes__l1,1021,35,14,299,6,444
fit__9146__denoise__attack__nes__l0.5,1021,36,2,670,2,752
fit__9146__denoise__restore__nes__l0.5,1021,34,4,797,3,897
fit__9146__denoise__confidence_boost__nes__l0.5,1021,37,2,720,2,802
fit__9146__deblur__attack__nes__l1,1021,38,19,621,19,724
fit__9146__deblur__restore__nes__l1,1021,31,14,61,14,155
fit__9146__deblur__confidence_boost__nes__l1,1021,35,25,802,2,862
fit__5089__denoise__attack__nes__l0.5,1021,36,80,518,32,660
fit__5089__denoise__restore__nes__l0.5,1021,29,13,44,13,108
fit__5089__denoise__confidence_boost__nes__l0.5,1021,35,48,577,48,703
fit__5089__deblur__attack__nes__l1,1021,36,7,499,7,651
fit__5089__deblur__restore__nes__l1,1021,33,5,440,5,654
fit__5089__deblur__confidence_boost__nes__l1,1021,50,2,561,2,702
fit__4339__denoise__attack__nes__l0.5,1021,36,2,544,2,682
fit__4339__denoise__restore__nes__l0.5,1021,34,2,567,2,734
fit__4339__denoise__confidence_boost__nes__l0.5,1021,36,4,440,3,577
fit__4339__deblur__attack__nes__l1,1021,34,5,336,5,469
fit__4339__deblur__restore__nes__l1,1021,32,9,385,4,577
fit__4339__deblur__confidence_boost__nes__l1,1021,36,8,560,8,668
fit__2021__denoise__attack__nes__l0.5,1021,34,4,401,2,526
fit__2021__denoise__restore__nes__l0.5,1021,32,15,253,15,395
fit__2021__denoise__confidence_boost__nes__l0.5,1021,36,7,559,5,677
fit__2021__deblur__attack__nes__l1,1021,36,12,329,6,459
fit__2021__deblur__restore__nes__l1,1021,33,7,369,7,547
fit__2021__deblur__confidence_boost__nes__l1,1021,36,4,502,4,660
fit__1913__denoise__attack__nes__l0.5,1021,35,2,363,2,516
fit__1913__denoise__restore__nes__l0.5,1021,36,3,871,3,948
fit__1913__denoise__confidence_boost__nes__l0.5,1021,38,3,548,2,684
fit__1913__deblur__attack__nes__l1,1021,36,3,500,3,632
fit__1913__deblur__restore__nes__l1,1021,34,6,633,3,780
fit__1913__deblur__confidence_boost__nes__l1,1021,37,6,591,4,736
fit__7920__denoise__attack__nes__l0.5,1021,40,2,605,2,740
fit__7920__denoise__restore__nes__l0.5,1021,36,6,180,2,328
fit__7920__denoise__confidence_boost__nes__l0.5,1021,35,4,590,2,712
fit__7920__deblur__attack__nes__l1,1021,34,2,251,2,356
fit__7920__deblur__restore__nes__l1,1021,34,4,424,4,620
fit__7920__deblur__confidence_boost__nes__l1,1021,35,2,337,2,474
evaluation__3499__denoise__attack__nes__l0.5,1021,35,2,575,2,710
evaluation__3499__denoise__restore__nes__l0.5,1021,37,5,681,4,811
evaluation__3499__denoise__confidence_boost__nes__l0.5,1021,37,2,772,2,867
evaluation__3499__deblur__attack__nes__l1,1021,33,4,298,4,402
evaluation__3499__deblur__restore__nes__l1,1021,31,9,114,9,227
evaluation__3499__deblur__confidence_boost__nes__l1,1021,35,19,565,19,694
evaluation__7115__denoise__attack__nes__l0.5,1021,35,3,553,3,690
evaluation__7115__denoise__restore__nes__l0.5,1021,35,7,659,5,777
evaluation__7115__denoise__confidence_boost__nes__l0.5,1021,36,2,566,2,682
evaluation__7115__deblur__attack__nes__l1,1021,37,7,509,7,624
evaluation__7115__deblur__restore__nes__l1,1021,31,5,310,5,498
evaluation__7115__deblur__confidence_boost__nes__l1,1021,35,3,515,2,641
evaluation__9991__denoise__attack__nes__l0.5,1021,34,6,353,6,489
evaluation__9991__denoise__restore__nes__l0.5,1021,32,2,212,2,372
evaluation__9991__denoise__confidence_boost__nes__l0.5,1021,38,4,337,2,441
evaluation__9991__deblur__attack__nes__l1,1021,35,10,359,10,497
evaluation__9991__deblur__restore__nes__l1,1021,30,18,65,18,153
evaluation__9991__deblur__confidence_boost__nes__l1,1021,35,8,413,6,525
evaluation__2601__denoise__attack__nes__l0.5,1021,34,8,506,6,649
evaluation__2601__denoise__restore__nes__l0.5,1021,32,9,297,9,493
evaluation__2601__denoise__confidence_boost__nes__l0.5,1021,37,9,573,9,696
evaluation__2601__deblur__attack__nes__l1,1021,37,3,669,2,771
evaluation__2601__deblur__restore__nes__l1,1021,36,3,738,3,865
evaluation__2601__deblur__confidence_boost__nes__l1,1021,36,4,657,4,776
evaluation__7535__denoise__attack__nes__l0.5,1021,38,7,575,7,702
evaluation__7535__denoise__restore__nes__l0.5,1021,30,3,139,3,264
evaluation__7535__denoise__confidence_boost__nes__l0.5,1021,35,30,450,2,578
evaluation__7535__deblur__attack__nes__l1,1021,34,49,397,10,551
evaluation__7535__deblur__restore__nes__l1,1021,32,4,124,4,230
evaluation__7535__deblur__confidence_boost__nes__l1,1021,34,7,430,3,551
evaluation__1709__denoise__attack__nes__l0.5,1021,34,34,427,17,542
evaluation__1709__denoise__restore__nes__l0.5,1021,29,10,67,3,163
evaluation__1709__denoise__confidence_boost__nes__l0.5,1021,37,26,504,26,630
evaluation__1709__deblur__attack__nes__l1,1021,33,5,338,5,483
evaluation__1709__deblur__restore__nes__l1,1021,32,3,443,3,606
evaluation__1709__deblur__confidence_boost__nes__l1,1021,35,6,349,6,517
evaluation__6515__denoise__attack__nes__l0.5,1021,39,12,728,8,819
evaluation__6515__denoise__restore__nes__l0.5,1021,32,15,292,6,446
evaluation__6515__denoise__confidence_boost__nes__l0.5,1021,36,13,570,13,704
evaluation__6515__deblur__attack__nes__l1,1021,35,13,357,7,482
evaluation__6515__deblur__restore__nes__l1,1021,33,16,177,5,295
evaluation__6515__deblur__confidence_boost__nes__l1,1021,37,10,362,10,492
evaluation__9805__denoise__attack__nes__l0.5,1021,35,9,348,9,453
evaluation__9805__denoise__restore__nes__l0.5,1021,30,11,134,11,222
evaluation__9805__denoise__confidence_boost__nes__l0.5,1021,34,8,387,8,500
evaluation__9805__deblur__attack__nes__l1,1021,37,7,631,7,737
evaluation__9805__deblur__restore__nes__l1,1021,33,8,661,8,812
evaluation__9805__deblur__confidence_boost__nes__l1,1021,34,4,319,3,455
evaluation__4785__denoise__attack__nes__l0.5,1021,35,44,229,22,342
evaluation__4785__denoise__restore__nes__l0.5,1021,32,18,70,18,123
evaluation__4785__denoise__confidence_boost__nes__l0.5,1021,38,20,629,19,726
evaluation__4785__deblur__attack__nes__l1,1021,34,5,401,4,524
evaluation__4785__deblur__restore__nes__l1,1021,32,2,511,2,707
evaluation__4785__deblur__confidence_boost__nes__l1,1021,50,3,355,3,544
evaluation__7378__denoise__attack__nes__l0.5,1021,37,3,651,3,770
evaluation__7378__denoise__restore__nes__l0.5,1021,34,20,543,19,711
evaluation__7378__denoise__confidence_boost__nes__l0.5,1021,38,3,496,3,615
evaluation__7378__deblur__attack__nes__l1,1021,36,10,345,7,478
evaluation__7378__deblur__restore__nes__l1,1021,33,6,427,4,618
evaluation__7378__deblur__confidence_boost__nes__l1,1021,36,2,675,2,787
evaluation__3256__denoise__attack__nes__l0.5,1021,41,25,741,25,828
evaluation__3256__denoise__restore__nes__l0.5,1021,30,10,111,3,229
evaluation__3256__denoise__confidence_boost__nes__l0.5,1021,35,11,496,11,631
evaluation__3256__deblur__attack__nes__l1,1021,33,21,278,20,383
evaluation__3256__deblur__restore__nes__l1,1021,30,53,68,42,136
evaluation__3256__deblur__confidence_boost__nes__l1,1021,50,14,673,14,770
evaluation__4362__denoise__attack__nes__l0.5,1021,36,6,536,6,667
evaluation__4362__denoise__restore__nes__l0.5,1021,35,6,768,6,882
evaluation__4362__denoise__confidence_boost__nes__l0.5,1021,37,4,675,3,752
evaluation__4362__deblur__attack__nes__l1,1021,38,15,787,4,878
evaluation__4362__deblur__restore__nes__l1,1021,34,15,424,15,597
evaluation__4362__deblur__confidence_boost__nes__l1,1021,36,2,668,2,774
evaluation__9715__denoise__attack__nes__l0.5,1021,37,28,487,24,626
evaluation__9715__denoise__restore__nes__l0.5,1021,33,2,161,2,305
evaluation__9715__denoise__confidence_boost__nes__l0.5,1021,36,2,658,2,763
evaluation__9715__deblur__attack__nes__l1,1021,34,3,338,3,488
evaluation__9715__deblur__restore__nes__l1,1021,34,3,622,3,786
evaluation__9715__deblur__confidence_boost__nes__l1,1021,39,3,511,3,654
evaluation__4246__denoise__attack__nes__l0.5,1021,33,24,314,24,433
evaluation__4246__denoise__restore__nes__l0.5,1021,30,2,55,2,103
evaluation__4246__denoise__confidence_boost__nes__l0.5,1021,36,25,209,15,317
evaluation__4246__deblur__attack__nes__l1,1021,34,37,395,37,539
evaluation__4246__deblur__restore__nes__l1,1021,30,90,40,48,97
evaluation__4246__deblur__confidence_boost__nes__l1,1021,34,42,344,13,494
evaluation__8789__denoise__attack__nes__l0.5,1021,36,9,494,6,622
evaluation__8789__denoise__restore__nes__l0.5,1021,32,3,287,3,471
evaluation__8789__denoise__confidence_boost__nes__l0.5,1021,35,2,331,2,457
evaluation__8789__deblur__attack__nes__l1,1021,35,4,505,4,611
evaluation__8789__deblur__restore__nes__l1,1021,32,9,313,5,503
evaluation__8789__deblur__confidence_boost__nes__l1,1021,34,3,483,3,643
evaluation__1978__denoise__attack__nes__l0.5,1021,36,2,640,2,736
evaluation__1978__denoise__restore__nes__l0.5,1021,34,4,540,4,716
evaluation__1978__denoise__confidence_boost__nes__l0.5,1021,36,7,749,3,863
evaluation__1978__deblur__attack__nes__l1,1021,34,13,386,12,510
evaluation__1978__deblur__restore__nes__l1,1021,30,16,150,16,286
evaluation__1978__deblur__confidence_boost__nes__l1,1021,34,11,297,11,452
evaluation__4989__denoise__attack__nes__l0.5,1021,35,4,478,4,616
evaluation__4989__denoise__restore__nes__l0.5,1021,33,14,460,3,645
evaluation__4989__denoise__confidence_boost__nes__l0.5,1021,50,2,793,2,868
evaluation__4989__deblur__attack__nes__l1,1021,35,3,500,3,638
evaluation__4989__deblur__restore__nes__l1,1021,34,2,288,2,468
evaluation__4989__deblur__confidence_boost__nes__l1,1021,34,5,452,3,604
evaluation__9762__denoise__attack__nes__l0.5,1021,35,3,586,3,689
evaluation__9762__denoise__restore__nes__l0.5,1021,37,3,723,3,848
evaluation__9762__denoise__confidence_boost__nes__l0.5,1021,38,2,631,2,745
evaluation__9762__deblur__attack__nes__l1,1021,36,5,480,5,630
evaluation__9762__deblur__restore__nes__l1,1021,31,4,205,4,364
evaluation__9762__deblur__confidence_boost__nes__l1,1021,34,12,465,12,616
evaluation__3975__denoise__attack__nes__l0.5,1021,34,7,357,4,492
evaluation__3975__denoise__restore__nes__l0.5,1021,30,22,133,22,271
evaluation__3975__denoise__confidence_boost__nes__l0.5,1021,35,26,473,26,621
evaluation__3975__deblur__attack__nes__l1,1021,35,5,648,5,749
evaluation__3975__deblur__restore__nes__l1,1021,33,2,342,2,511
evaluation__3975__deblur__confidence_boost__nes__l1,1021,34,17,447,17,601
evaluation__6234__denoise__attack__nes__l0.5,1021,35,5,550,5,684
evaluation__6234__denoise__restore__nes__l0.5,1021,37,2,610,2,744
evaluation__6234__denoise__confidence_boost__nes__l0.5,1021,36,3,710,3,821
evaluation__6234__deblur__attack__nes__l1,1021,36,3,812,3,896
evaluation__6234__deblur__restore__nes__l1,1021,37,2,890,2,950
evaluation__6234__deblur__confidence_boost__nes__l1,1021,35,6,700,2,809
evaluation__1142__denoise__attack__nes__l0.5,1021,35,5,295,5,411
evaluation__1142__denoise__restore__nes__l0.5,1021,33,2,89,2,166
evaluation__1142__denoise__confidence_boost__nes__l0.5,1021,38,18,560,5,680
evaluation__1142__deblur__attack__nes__l1,1021,35,5,521,5,645
evaluation__1142__deblur__restore__nes__l1,1021,35,3,727,3,862
evaluation__1142__deblur__confidence_boost__nes__l1,1021,35,2,600,2,758
evaluation__4086__denoise__attack__nes__l0.5,1021,32,15,208,15,298
evaluation__4086__denoise__restore__nes__l0.5,1021,33,15,187,15,330
evaluation__4086__denoise__confidence_boost__nes__l0.5,1021,34,5,363,5,486
evaluation__4086__deblur__attack__nes__l1,1021,37,23,606,23,729
evaluation__4086__deblur__restore__nes__l1,1021,30,11,250,11,435
evaluation__4086__deblur__confidence_boost__nes__l1,1021,35,12,581,12,705
evaluation__9955__denoise__attack__nes__l0.5,1021,35,13,439,2,572
evaluation__9955__denoise__restore__nes__l0.5,1021,33,7,302,7,481
evaluation__9955__denoise__confidence_boost__nes__l0.5,1021,35,16,486,2,618
evaluation__9955__deblur__attack__nes__l1,1021,34,18,573,18,698
evaluation__9955__deblur__restore__nes__l1,1021,33,6,212,4,378
evaluation__9955__deblur__confidence_boost__nes__l1,1021,36,3,652,3,785
evaluation__5397__denoise__attack__nes__l0.5,1021,37,2,705,2,820
evaluation__5397__denoise__restore__nes__l0.5,1021,34,4,532,4,711
evaluation__5397__denoise__confidence_boost__nes__l0.5,1021,37,3,480,3,607
evaluation__5397__deblur__attack__nes__l1,1021,35,10,404,10,533
evaluation__5397__deblur__restore__nes__l1,1021,30,14,195,4,356
evaluation__5397__deblur__confidence_boost__nes__l1,1021,34,9,526,2,651
evaluation__8652__denoise__attack__nes__l0.5,1021,34,5,338,2,463
evaluation__8652__denoise__restore__nes__l0.5,1021,31,19,141,17,276
evaluation__8652__denoise__confidence_boost__nes__l0.5,1021,34,6,392,6,514
evaluation__8652__deblur__attack__nes__l1,1021,34,5,371,2,511
evaluation__8652__deblur__restore__nes__l1,1021,31,19,105,19,229
evaluation__8652__deblur__confidence_boost__nes__l1,1021,34,15,335,3,469
fit__4040__denoise__attack__nes__l0.5,1021,34,3,337,3,491
fit__4040__denoise__restore__nes__l0.5,1021,33,4,281,2,419
fit__4040__denoise__confidence_boost__nes__l0.5,1021,34,11,313,6,423
fit__4040__deblur__attack__nes__l1,1021,35,11,454,11,580
fit__4040__deblur__restore__nes__l1,1021,31,27,134,19,277
fit__4040__deblur__confidence_boost__nes__l1,1021,35,5,337,5,492
fit__1810__denoise__attack__nes__l0.5,1021,35,2,468,2,598
fit__1810__denoise__restore__nes__l0.5,1021,34,4,818,3,920
fit__1810__denoise__confidence_boost__nes__l0.5,1021,37,2,584,2,710
fit__1810__deblur__attack__nes__l1,1021,34,6,440,6,571
fit__1810__deblur__restore__nes__l1,1021,32,3,575,2,732
fit__1810__deblur__confidence_boost__nes__l1,1021,34,10,610,3,764
fit__7903__denoise__attack__nes__l0.5,1021,36,3,560,2,700
fit__7903__denoise__restore__nes__l0.5,1021,34,2,515,2,666
fit__7903__denoise__confidence_boost__nes__l0.5,1021,35,3,368,2,498
fit__7903__deblur__attack__nes__l1,1021,35,2,556,2,676
fit__7903__deblur__restore__nes__l1,1021,32,3,208,3,356
fit__7903__deblur__confidence_boost__nes__l1,1021,37,19,616,19,719
fit__8493__denoise__attack__nes__l0.5,1021,35,4,419,4,524
fit__8493__denoise__restore__nes__l0.5,1021,31,2,305,2,495
fit__8493__denoise__confidence_boost__nes__l0.5,1021,34,16,305,16,404
fit__8493__deblur__attack__nes__l1,1021,36,7,547,7,637
fit__8493__deblur__restore__nes__l1,1021,32,13,216,13,383
fit__8493__deblur__confidence_boost__nes__l1,1021,36,7,490,7,600
fit__5817__denoise__attack__nes__l0.5,1021,37,17,582,4,712
fit__5817__denoise__restore__nes__l0.5,1021,35,2,415,2,605
fit__5817__denoise__confidence_boost__nes__l0.5,1021,34,2,355,2,486
fit__5817__deblur__attack__nes__l1,1021,36,8,524,8,649
fit__5817__deblur__restore__nes__l1,1021,31,4,52,4,106
fit__5817__deblur__confidence_boost__nes__l1,1021,34,6,307,6,417
fit__1842__denoise__attack__nes__l0.5,1021,35,2,451,2,581
fit__1842__denoise__restore__nes__l0.5,1021,34,20,498,14,679
fit__1842__denoise__confidence_boost__nes__l0.5,1021,37,14,508,4,630
fit__1842__deblur__attack__nes__l1,1021,37,9,761,6,837
fit__1842__deblur__restore__nes__l1,1021,32,3,353,3,515
fit__1842__deblur__confidence_boost__nes__l1,1021,36,2,814,2,875
fit__2915__denoise__attack__nes__l0.5,1021,36,4,512,4,616
fit__2915__denoise__restore__nes__l0.5,1021,32,5,183,5,302
fit__2915__denoise__confidence_boost__nes__l0.5,1021,36,2,366,2,484
fit__2915__deblur__attack__nes__l1,1021,35,5,591,4,709
fit__2915__deblur__restore__nes__l1,1021,34,7,366,7,564
fit__2915__deblur__confidence_boost__nes__l1,1021,36,15,446,8,548
fit__9712__denoise__attack__nes__l0.5,1021,38,2,744,2,846
fit__9712__denoise__restore__nes__l0.5,1021,31,3,210,3,364
fit__9712__denoise__confidence_boost__nes__l0.5,1021,37,4,584,4,710
fit__9712__deblur__attack__nes__l1,1021,36,2,560,2,670
fit__9712__deblur__restore__nes__l1,1021,34,4,686,4,833
fit__9712__deblur__confidence_boost__nes__l1,1021,36,3,603,3,713
fit__8691__denoise__attack__nes__l0.5,1021,36,6,370,6,488
fit__8691__denoise__restore__nes__l0.5,1021,32,3,204,3,299
fit__8691__denoise__confidence_boost__nes__l0.5,1021,35,4,573,4,717
fit__8691__deblur__attack__nes__l1,1021,35,2,359,2,519
fit__8691__deblur__restore__nes__l1,1021,35,6,328,6,486
fit__8691__deblur__confidence_boost__nes__l1,1021,34,3,266,3,423
fit__5818__denoise__attack__nes__l0.5,1021,34,22,471,22,609
fit__5818__denoise__restore__nes__l0.5,1021,30,25,104,25,204
fit__5818__denoise__confidence_boost__nes__l0.5,1021,34,10,353,10,478
fit__5818__deblur__attack__nes__l1,1021,37,6,599,6,701
fit__5818__deblur__restore__nes__l1,1021,31,15,189,6,324
fit__5818__deblur__confidence_boost__nes__l1,1021,35,2,380,2,505
fit__2052__denoise__attack__nes__l0.5,1021,35,10,448,9,585
fit__2052__denoise__restore__nes__l0.5,1021,33,5,390,5,576
fit__2052__denoise__confidence_boost__nes__l0.5,1021,34,4,316,4,456
fit__2052__deblur__attack__nes__l1,1021,37,3,385,3,520
fit__2052__deblur__restore__nes__l1,1021,33,3,247,3,417
fit__2052__deblur__confidence_boost__nes__l1,1021,33,5,185,5,318
fit__2143__denoise__attack__nes__l0.5,1021,34,9,286,9,404
fit__2143__denoise__restore__nes__l0.5,1021,29,10,53,10,109
fit__2143__denoise__confidence_boost__nes__l0.5,1021,35,16,403,16,541
fit__2143__deblur__attack__nes__l1,1021,36,2,448,2,573
fit__2143__deblur__restore__nes__l1,1021,34,4,597,4,779
fit__2143__deblur__confidence_boost__nes__l1,1021,37,6,811,2,897
fit__8575__denoise__attack__nes__l0.5,1021,35,20,339,4,454
fit__8575__denoise__restore__nes__l0.5,1021,31,18,179,18,298
fit__8575__denoise__confidence_boost__nes__l0.5,1021,35,19,452,19,588
fit__8575__deblur__attack__nes__l1,1021,37,11,609,11,719
fit__8575__deblur__restore__nes__l1,1021,34,6,363,3,528
fit__8575__deblur__confidence_boost__nes__l1,1021,37,3,657,3,767
evaluation__3568__denoise__attack__nes__l0.5,1021,36,19,671,2,779
evaluation__3568__denoise__restore__nes__l0.5,1021,30,23,195,2,350
evaluation__3568__denoise__confidence_boost__nes__l0.5,1021,37,10,505,10,632
evaluation__3568__deblur__attack__nes__l1,1021,34,25,335,8,478
evaluation__3568__deblur__restore__nes__l1,1021,32,3,118,3,218
evaluation__3568__deblur__confidence_boost__nes__l1,1021,34,14,398,14,516
evaluation__7748__denoise__attack__nes__l0.5,1021,35,4,456,4,600
evaluation__7748__denoise__restore__nes__l0.5,1021,36,7,640,3,811
evaluation__7748__denoise__confidence_boost__nes__l0.5,1021,34,2,507,2,632
evaluation__7748__deblur__attack__nes__l1,1021,33,4,300,4,472
evaluation__7748__deblur__restore__nes__l1,1021,32,11,353,10,530
evaluation__7748__deblur__confidence_boost__nes__l1,1021,36,2,668,2,780
evaluation__6__denoise__attack__nes__l0.5,1021,35,2,533,2,683
evaluation__6__denoise__restore__nes__l0.5,1021,32,18,459,5,653
evaluation__6__denoise__confidence_boost__nes__l0.5,1021,35,4,501,4,634
evaluation__6__deblur__attack__nes__l1,1021,38,3,435,2,560
evaluation__6__deblur__restore__nes__l1,1021,35,2,753,2,865
evaluation__6__deblur__confidence_boost__nes__l1,1021,35,5,318,5,449
evaluation__3020__denoise__attack__nes__l0.5,1021,37,4,709,4,834
evaluation__3020__denoise__restore__nes__l0.5,1021,33,7,710,2,854
evaluation__3020__denoise__confidence_boost__nes__l0.5,1021,35,4,375,3,512
evaluation__3020__deblur__attack__nes__l1,1021,35,25,471,25,603
evaluation__3020__deblur__restore__nes__l1,1021,33,5,127,5,249
evaluation__3020__deblur__confidence_boost__nes__l1,1021,37,15,218,15,346
evaluation__8123__denoise__attack__nes__l0.5,1021,33,7,272,7,399
evaluation__8123__denoise__restore__nes__l0.5,1021,31,9,125,9,213
evaluation__8123__denoise__confidence_boost__nes__l0.5,1021,34,2,175,2,254
evaluation__8123__deblur__attack__nes__l1,1021,36,3,624,3,748
evaluation__8123__deblur__restore__nes__l1,1021,34,12,544,12,718
evaluation__8123__deblur__confidence_boost__nes__l1,1021,35,3,593,3,715
evaluation__2170__denoise__attack__nes__l0.5,1021,37,2,406,2,527
evaluation__2170__denoise__restore__nes__l0.5,1021,33,30,272,9,472
evaluation__2170__denoise__confidence_boost__nes__l0.5,1021,35,6,594,6,725
evaluation__2170__deblur__attack__nes__l1,1021,36,18,453,5,583
evaluation__2170__deblur__restore__nes__l1,1021,31,3,154,3,315
evaluation__2170__deblur__confidence_boost__nes__l1,1021,36,13,592,13,683
evaluation__6981__denoise__attack__nes__l0.5,1021,36,40,576,30,678
evaluation__6981__denoise__restore__nes__l0.5,1021,30,21,72,21,171
evaluation__6981__denoise__confidence_boost__nes__l0.5,1021,36,19,563,8,690
evaluation__6981__deblur__attack__nes__l1,1021,34,6,323,2,458
evaluation__6981__deblur__restore__nes__l1,1021,36,6,484,3,671
evaluation__6981__deblur__confidence_boost__nes__l1,1021,35,5,314,2,452
evaluation__294__denoise__attack__nes__l0.5,1021,36,23,520,11,662
evaluation__294__denoise__restore__nes__l0.5,1021,33,2,345,2,514
evaluation__294__denoise__confidence_boost__nes__l0.5,1021,34,3,435,3,567
evaluation__294__deblur__attack__nes__l1,1021,38,2,625,2,754
evaluation__294__deblur__restore__nes__l1,1021,35,5,749,4,852
evaluation__294__deblur__confidence_boost__nes__l1,1021,34,2,483,2,611
evaluation__5413__denoise__attack__nes__l0.5,1021,33,4,329,4,433
evaluation__5413__denoise__restore__nes__l0.5,1021,32,5,200,3,330
evaluation__5413__denoise__confidence_boost__nes__l0.5,1021,35,32,342,11,472
evaluation__5413__deblur__attack__nes__l1,1021,34,4,397,4,521
evaluation__5413__deblur__restore__nes__l1,1021,31,6,254,6,416
evaluation__5413__deblur__confidence_boost__nes__l1,1021,35,12,448,7,595
evaluation__7518__denoise__attack__nes__l0.5,1021,36,8,311,2,431
evaluation__7518__denoise__restore__nes__l0.5,1021,34,3,597,3,772
evaluation__7518__denoise__confidence_boost__nes__l0.5,1021,35,2,465,2,606
evaluation__7518__deblur__attack__nes__l1,1021,34,5,322,4,449
evaluation__7518__deblur__restore__nes__l1,1021,34,17,394,2,581
evaluation__7518__deblur__confidence_boost__nes__l1,1021,36,6,279,6,417
evaluation__3671__denoise__attack__nes__l0.5,1021,35,5,435,5,547
evaluation__3671__denoise__restore__nes__l0.5,1021,31,9,301,7,491
evaluation__3671__denoise__confidence_boost__nes__l0.5,1021,35,5,531,5,646
evaluation__3671__deblur__attack__nes__l1,1021,37,3,703,3,777
evaluation__3671__deblur__restore__nes__l1,1021,33,6,416,3,592
evaluation__3671__deblur__confidence_boost__nes__l1,1021,35,6,766,6,865
evaluation__4600__denoise__attack__nes__l0.5,1021,34,3,408,3,544
evaluation__4600__denoise__restore__nes__l0.5,1021,34,2,681,2,826
evaluation__4600__denoise__confidence_boost__nes__l0.5,1021,34,2,503,2,637
evaluation__4600__deblur__attack__nes__l1,1021,35,5,594,5,723
evaluation__4600__deblur__restore__nes__l1,1021,32,3,439,3,636
evaluation__4600__deblur__confidence_boost__nes__l1,1021,34,6,501,6,654
evaluation__1290__denoise__attack__nes__l0.5,1021,36,5,554,5,683
evaluation__1290__denoise__restore__nes__l0.5,1021,33,11,234,7,363
evaluation__1290__denoise__confidence_boost__nes__l0.5,1021,37,2,552,2,657
evaluation__1290__deblur__attack__nes__l1,1021,36,3,490,3,603
evaluation__1290__deblur__restore__nes__l1,1021,32,4,238,2,405
evaluation__1290__deblur__confidence_boost__nes__l1,1021,36,5,412,5,536
evaluation__4860__denoise__attack__nes__l0.5,1021,35,9,571,9,708
evaluation__4860__denoise__restore__nes__l0.5,1021,33,17,310,7,491
evaluation__4860__denoise__confidence_boost__nes__l0.5,1021,35,2,580,2,720
evaluation__4860__deblur__attack__nes__l1,1021,31,7,100,7,176
evaluation__4860__deblur__restore__nes__l1,1021,30,3,81,3,168
evaluation__4860__deblur__confidence_boost__nes__l1,1021,38,22,727,21,805
evaluation__9261__denoise__attack__nes__l0.5,1021,36,14,593,14,699
evaluation__9261__denoise__restore__nes__l0.5,1021,30,21,167,21,334
evaluation__9261__denoise__confidence_boost__nes__l0.5,1021,38,14,768,14,859
evaluation__9261__deblur__attack__nes__l1,1021,37,4,493,4,644
evaluation__9261__deblur__restore__nes__l1,1021,34,4,364,4,546
evaluation__9261__deblur__confidence_boost__nes__l1,1021,35,7,696,7,801
evaluation__2105__denoise__attack__nes__l0.5,1021,35,2,521,2,673
evaluation__2105__denoise__restore__nes__l0.5,1021,32,10,351,5,545
evaluation__2105__denoise__confidence_boost__nes__l0.5,1021,33,15,251,15,379
evaluation__2105__deblur__attack__nes__l1,1021,35,3,196,3,318
evaluation__2105__deblur__restore__nes__l1,1021,31,3,163,2,286
evaluation__2105__deblur__confidence_boost__nes__l1,1021,36,12,639,12,769
evaluation__6192__denoise__attack__nes__l0.5,1021,36,2,207,2,305
evaluation__6192__denoise__restore__nes__l0.5,1021,33,2,643,2,783
evaluation__6192__denoise__confidence_boost__nes__l0.5,1021,35,3,283,3,420
evaluation__6192__deblur__attack__nes__l1,1021,36,2,568,2,686
evaluation__6192__deblur__restore__nes__l1,1021,33,4,852,4,946
evaluation__6192__deblur__confidence_boost__nes__l1,1021,33,3,527,3,708
evaluation__56__denoise__attack__nes__l0.5,1021,36,2,431,2,565
evaluation__56__denoise__restore__nes__l0.5,1021,34,4,584,4,755
evaluation__56__denoise__confidence_boost__nes__l0.5,1021,35,4,441,4,561
evaluation__56__deblur__attack__nes__l1,1021,36,7,417,7,570
evaluation__56__deblur__restore__nes__l1,1021,33,6,524,6,683
evaluation__56__deblur__confidence_boost__nes__l1,1021,38,5,474,5,596
evaluation__4186__denoise__attack__nes__l0.5,1021,34,9,249,4,353
evaluation__4186__denoise__restore__nes__l0.5,1021,31,9,172,5,299
evaluation__4186__denoise__confidence_boost__nes__l0.5,1021,36,8,424,8,566
evaluation__4186__deblur__attack__nes__l1,1021,34,31,365,19,496
evaluation__4186__deblur__restore__nes__l1,1021,31,18,148,8,266
evaluation__4186__deblur__confidence_boost__nes__l1,1021,34,4,533,3,658
evaluation__7762__denoise__attack__nes__l0.5,1021,36,5,410,3,568
evaluation__7762__denoise__restore__nes__l0.5,1021,33,5,419,5,583
evaluation__7762__denoise__confidence_boost__nes__l0.5,1021,34,2,367,2,506
evaluation__7762__deblur__attack__nes__l1,1021,35,6,477,6,606
evaluation__7762__deblur__restore__nes__l1,1021,34,4,215,4,360
evaluation__7762__deblur__confidence_boost__nes__l1,1021,33,6,300,6,459
evaluation__1866__denoise__attack__nes__l0.5,1021,36,3,522,3,645
evaluation__1866__denoise__restore__nes__l0.5,1021,33,10,407,8,601
evaluation__1866__denoise__confidence_boost__nes__l0.5,1021,34,2,310,2,441
evaluation__1866__deblur__attack__nes__l1,1021,36,12,548,11,656
evaluation__1866__deblur__restore__nes__l1,1021,32,7,461,7,660
evaluation__1866__deblur__confidence_boost__nes__l1,1021,33,8,361,5,515
evaluation__4254__denoise__attack__nes__l0.5,1021,36,9,302,5,443
evaluation__4254__denoise__restore__nes__l0.5,1021,32,16,308,4,466
evaluation__4254__denoise__confidence_boost__nes__l0.5,1021,35,6,511,6,655
evaluation__4254__deblur__attack__nes__l1,1021,35,3,576,3,707
evaluation__4254__deblur__restore__nes__l1,1021,34,8,551,8,735
evaluation__4254__deblur__confidence_boost__nes__l1,1021,35,12,712,10,817
evaluation__425__denoise__attack__nes__l0.5,1021,36,3,334,3,453
evaluation__425__denoise__restore__nes__l0.5,1021,32,5,207,5,362
evaluation__425__denoise__confidence_boost__nes__l0.5,1021,35,2,424,2,558
evaluation__425__deblur__attack__nes__l1,1021,35,7,296,7,419
evaluation__425__deblur__restore__nes__l1,1021,34,6,656,2,832
evaluation__425__deblur__confidence_boost__nes__l1,1021,35,2,574,2,700
evaluation__5966__denoise__attack__nes__l0.5,1021,37,6,470,6,606
evaluation__5966__denoise__restore__nes__l0.5,1021,36,5,504,4,694
evaluation__5966__denoise__confidence_boost__nes__l0.5,1021,38,2,508,2,637
evaluation__5966__deblur__attack__nes__l1,1021,35,4,241,4,347
evaluation__5966__deblur__restore__nes__l1,1021,33,8,260,8,438
evaluation__5966__deblur__confidence_boost__nes__l1,1021,38,13,594,3,712
evaluation__8995__denoise__attack__nes__l0.5,1021,35,8,603,3,692
evaluation__8995__denoise__restore__nes__l0.5,1021,33,12,392,7,573
evaluation__8995__denoise__confidence_boost__nes__l0.5,1021,34,4,333,3,455
evaluation__8995__deblur__attack__nes__l1,1021,35,10,622,3,740
evaluation__8995__deblur__restore__nes__l1,1021,32,4,342,4,546
evaluation__8995__deblur__confidence_boost__nes__l1,1021,35,2,425,2,583
fit__4123__denoise__attack__nes__l0.5,1021,37,5,670,5,763
fit__4123__denoise__restore__nes__l0.5,1021,34,6,432,4,567
fit__4123__denoise__confidence_boost__nes__l0.5,1021,35,5,476,5,608
fit__4123__deblur__attack__nes__l1,1021,36,18,675,8,785
fit__4123__deblur__restore__nes__l1,1021,31,18,296,18,489
fit__4123__deblur__confidence_boost__nes__l1,1021,35,24,332,23,465
fit__3407__denoise__attack__nes__l0.5,1021,34,12,465,12,592
fit__3407__denoise__restore__nes__l0.5,1021,31,4,154,2,295
fit__3407__denoise__confidence_boost__nes__l0.5,1021,36,3,533,3,636
fit__3407__deblur__attack__nes__l1,1021,34,18,428,18,579
fit__3407__deblur__restore__nes__l1,1021,30,10,203,5,370
fit__3407__deblur__confidence_boost__nes__l1,1021,37,8,549,7,679
fit__623__denoise__attack__nes__l0.5,1021,35,2,506,2,654
fit__623__denoise__restore__nes__l0.5,1021,35,7,531,7,682
fit__623__denoise__confidence_boost__nes__l0.5,1021,38,2,455,2,593
fit__623__deblur__attack__nes__l1,1021,35,32,487,11,604
fit__623__deblur__restore__nes__l1,1021,30,6,265,6,428
fit__623__deblur__confidence_boost__nes__l1,1021,36,2,516,2,610
fit__9171__denoise__attack__nes__l0.5,1021,36,2,484,2,609
fit__9171__denoise__restore__nes__l0.5,1021,35,10,693,10,827
fit__9171__denoise__confidence_boost__nes__l0.5,1021,34,14,413,10,535
fit__9171__deblur__attack__nes__l1,1021,37,20,353,3,465
fit__9171__deblur__restore__nes__l1,1021,33,9,328,9,515
fit__9171__deblur__confidence_boost__nes__l1,1021,33,2,357,2,548
fit__6196__denoise__attack__nes__l0.5,1021,35,18,278,18,397
fit__6196__denoise__restore__nes__l0.5,1021,32,12,314,9,450
fit__6196__denoise__confidence_boost__nes__l0.5,1021,33,3,228,3,338
fit__6196__deblur__attack__nes__l1,1021,36,7,562,7,702
fit__6196__deblur__restore__nes__l1,1021,32,11,164,11,315
fit__6196__deblur__confidence_boost__nes__l1,1021,36,18,626,17,713
fit__1928__denoise__attack__nes__l0.5,1021,35,3,370,3,481
fit__1928__denoise__restore__nes__l0.5,1021,33,4,411,4,587
fit__1928__denoise__confidence_boost__nes__l0.5,1021,36,2,498,2,632
fit__1928__deblur__attack__nes__l1,1021,35,6,366,6,513
fit__1928__deblur__restore__nes__l1,1021,30,66,61,21,139
fit__1928__deblur__confidence_boost__nes__l1,1021,34,17,544,5,681
fit__4259__denoise__attack__nes__l0.5,1021,35,4,356,4,489
fit__4259__denoise__restore__nes__l0.5,1021,33,8,297,8,485
fit__4259__denoise__confidence_boost__nes__l0.5,1021,37,5,347,5,444
fit__4259__deblur__attack__nes__l1,1021,39,3,643,3,745
fit__4259__deblur__restore__nes__l1,1021,35,2,779,2,891
fit__4259__deblur__confidence_boost__nes__l1,1021,34,2,582,2,724
fit__1211__denoise__attack__nes__l0.5,1021,35,4,482,4,612
fit__1211__denoise__restore__nes__l0.5,1021,31,10,188,5,307
fit__1211__denoise__confidence_boost__nes__l0.5,1021,35,35,433,18,581
fit__1211__deblur__attack__nes__l1,1021,35,15,362,5,496
fit__1211__deblur__restore__nes__l1,1021,33,6,157,6,275
fit__1211__deblur__confidence_boost__nes__l1,1021,33,6,317,6,466
fit__9721__denoise__attack__nes__l0.5,1021,36,2,493,2,619
fit__9721__denoise__restore__nes__l0.5,1021,32,19,216,19,362
fit__9721__denoise__confidence_boost__nes__l0.5,1021,35,2,622,2,749
fit__9721__deblur__attack__nes__l1,1021,35,18,550,18,667
fit__9721__deblur__restore__nes__l1,1021,30,39,49,39,113
fit__9721__deblur__confidence_boost__nes__l1,1021,34,20,394,20,533
fit__5929__denoise__attack__nes__l0.5,1021,36,8,574,3,694
fit__5929__denoise__restore__nes__l0.5,1021,32,9,353,9,544
fit__5929__denoise__confidence_boost__nes__l0.5,1021,35,5,621,5,747
fit__5929__deblur__attack__nes__l1,1021,36,7,673,7,757
fit__5929__deblur__restore__nes__l1,1021,36,4,296,4,453
fit__5929__deblur__confidence_boost__nes__l1,1021,35,4,450,4,575
fit__2962__denoise__attack__nes__l0.5,1021,35,4,673,2,786
fit__2962__denoise__restore__nes__l0.5,1021,33,4,624,4,782
fit__2962__denoise__confidence_boost__nes__l0.5,1021,35,3,665,3,783
fit__2962__deblur__attack__nes__l1,1021,35,33,395,30,536
fit__2962__deblur__restore__nes__l1,1021,32,96,70,54,152
fit__2962__deblur__confidence_boost__nes__l1,1021,33,15,319,15,449
fit__2467__denoise__attack__nes__l0.5,1021,32,2,307,2,407
fit__2467__denoise__restore__nes__l0.5,1021,31,53,91,4,178
fit__2467__denoise__confidence_boost__nes__l0.5,1021,33,28,297,19,446
fit__2467__deblur__attack__nes__l1,1021,36,3,606,2,719
fit__2467__deblur__restore__nes__l1,1021,33,4,544,4,709
fit__2467__deblur__confidence_boost__nes__l1,1021,34,4,360,2,497
evaluation__3782__denoise__attack__nes__l0.5,1021,36,2,875,2,951
evaluation__3782__denoise__restore__nes__l0.5,1021,38,2,994,2,1008
evaluation__3782__denoise__confidence_boost__nes__l0.5,1021,39,2,970,2,998
evaluation__3782__deblur__attack__nes__l1,1021,37,6,596,3,720
evaluation__3782__deblur__restore__nes__l1,1021,35,2,719,2,841
evaluation__3782__deblur__confidence_boost__nes__l1,1021,37,2,581,2,721
evaluation__8031__denoise__attack__nes__l0.5,1021,35,2,349,2,493
evaluation__8031__denoise__restore__nes__l0.5,1021,34,6,691,6,834
evaluation__8031__denoise__confidence_boost__nes__l0.5,1021,38,5,670,4,774
evaluation__8031__deblur__attack__nes__l1,1021,40,2,769,2,849
evaluation__8031__deblur__restore__nes__l1,1021,31,3,208,3,335
evaluation__8031__deblur__confidence_boost__nes__l1,1021,34,8,441,4,554
evaluation__81__denoise__attack__nes__l0.5,1021,35,21,467,4,621
evaluation__81__denoise__restore__nes__l0.5,1021,32,8,162,2,310
evaluation__81__denoise__confidence_boost__nes__l0.5,1021,36,15,570,15,683
evaluation__81__deblur__attack__nes__l1,1021,34,3,316,3,433
evaluation__81__deblur__restore__nes__l1,1021,36,2,705,2,832
evaluation__81__deblur__confidence_boost__nes__l1,1021,35,3,431,2,572
evaluation__5051__denoise__attack__nes__l0.5,1021,38,9,910,9,942
evaluation__5051__denoise__restore__nes__l0.5,1021,33,4,498,4,689
evaluation__5051__denoise__confidence_boost__nes__l0.5,1021,36,3,495,3,648
evaluation__5051__deblur__attack__nes__l1,1021,38,41,555,2,666
evaluation__5051__deblur__restore__nes__l1,1021,31,18,243,17,377
evaluation__5051__deblur__confidence_boost__nes__l1,1021,38,10,618,10,730
evaluation__8366__denoise__attack__nes__l0.5,1021,35,2,447,2,590
evaluation__8366__denoise__restore__nes__l0.5,1021,34,2,344,2,449
evaluation__8366__denoise__confidence_boost__nes__l0.5,1021,35,2,492,2,631
evaluation__8366__deblur__attack__nes__l1,1021,34,4,246,4,393
evaluation__8366__deblur__restore__nes__l1,1021,31,4,82,4,164
evaluation__8366__deblur__confidence_boost__nes__l1,1021,36,2,498,2,625
evaluation__2774__denoise__attack__nes__l0.5,1021,35,3,387,3,509
evaluation__2774__denoise__restore__nes__l0.5,1021,37,3,856,3,938
evaluation__2774__denoise__confidence_boost__nes__l0.5,1021,36,2,525,2,650
evaluation__2774__deblur__attack__nes__l1,1021,35,9,528,9,663
evaluation__2774__deblur__restore__nes__l1,1021,33,2,255,2,430
evaluation__2774__deblur__confidence_boost__nes__l1,1021,34,12,354,12,478
evaluation__7206__denoise__attack__nes__l0.5,1021,34,10,385,10,516
evaluation__7206__denoise__restore__nes__l0.5,1021,36,5,313,5,497
evaluation__7206__denoise__confidence_boost__nes__l0.5,1021,34,2,372,2,494
evaluation__7206__deblur__attack__nes__l1,1021,33,37,255,34,347
evaluation__7206__deblur__restore__nes__l1,1021,30,52,86,11,182
evaluation__7206__deblur__confidence_boost__nes__l1,1021,32,6,256,6,410
evaluation__1518__denoise__attack__nes__l0.5,1021,34,3,444,3,571
evaluation__1518__denoise__restore__nes__l0.5,1021,37,3,903,2,978
evaluation__1518__denoise__confidence_boost__nes__l0.5,1021,35,2,551,2,654
evaluation__1518__deblur__attack__nes__l1,1021,35,4,471,3,585
evaluation__1518__deblur__restore__nes__l1,1021,33,17,380,3,537
evaluation__1518__deblur__confidence_boost__nes__l1,1021,36,6,749,6,832
evaluation__5655__denoise__attack__nes__l0.5,1021,35,3,470,2,594
evaluation__5655__denoise__restore__nes__l0.5,1021,35,3,499,3,689
evaluation__5655__denoise__confidence_boost__nes__l0.5,1021,37,2,520,2,650
evaluation__5655__deblur__attack__nes__l1,1021,35,18,569,5,707
evaluation__5655__deblur__restore__nes__l1,1021,35,10,373,4,548
evaluation__5655__deblur__confidence_boost__nes__l1,1021,36,18,606,9,724
evaluation__8196__denoise__attack__nes__l0.5,1021,36,9,497,3,636
evaluation__8196__denoise__restore__nes__l0.5,1021,31,32,243,4,374
evaluation__8196__denoise__confidence_boost__nes__l0.5,1021,34,49,362,6,474
evaluation__8196__deblur__attack__nes__l1,1021,35,9,498,8,630
evaluation__8196__deblur__restore__nes__l1,1021,32,49,93,10,189
evaluation__8196__deblur__confidence_boost__nes__l1,1021,34,12,352,12,484
evaluation__3692__denoise__attack__nes__l0.5,1021,36,3,512,3,633
evaluation__3692__denoise__restore__nes__l0.5,1021,34,2,386,2,576
evaluation__3692__denoise__confidence_boost__nes__l0.5,1021,38,7,790,7,853
evaluation__3692__deblur__attack__nes__l1,1021,35,24,480,18,627
evaluation__3692__deblur__restore__nes__l1,1021,31,5,60,5,120
evaluation__3692__deblur__confidence_boost__nes__l1,1021,33,35,710,5,801
evaluation__6005__denoise__attack__nes__l0.5,1021,35,26,529,2,661
evaluation__6005__denoise__restore__nes__l0.5,1021,34,3,192,3,326
evaluation__6005__denoise__confidence_boost__nes__l0.5,1021,34,6,520,6,659
evaluation__6005__deblur__attack__nes__l1,1021,34,4,466,4,606
evaluation__6005__deblur__restore__nes__l1,1021,33,5,533,5,697
evaluation__6005__deblur__confidence_boost__nes__l1,1021,50,2,953,2,980
evaluation__1599__denoise__attack__nes__l0.5,1021,34,4,194,4,310
evaluation__1599__denoise__restore__nes__l0.5,1021,36,5,402,5,562
evaluation__1599__denoise__confidence_boost__nes__l0.5,1021,33,2,307,2,421
evaluation__1599__deblur__attack__nes__l1,1021,37,35,428,35,543
evaluation__1599__deblur__restore__nes__l1,1021,28,20,38,20,83
evaluation__1599__deblur__confidence_boost__nes__l1,1021,32,2,102,2,212
evaluation__5615__denoise__attack__nes__l0.5,1021,34,4,338,4,450
evaluation__5615__denoise__restore__nes__l0.5,1021,31,9,168,9,295
evaluation__5615__denoise__confidence_boost__nes__l0.5,1021,34,5,355,5,470
evaluation__5615__deblur__attack__nes__l1,1021,34,3,434,3,561
evaluation__5615__deblur__restore__nes__l1,1021,33,3,221,3,369
evaluation__5615__deblur__confidence_boost__nes__l1,1021,35,2,313,2,428
evaluation__9410__denoise__attack__nes__l0.5,1021,36,2,606,2,722
evaluation__9410__denoise__restore__nes__l0.5,1021,37,2,894,2,952
evaluation__9410__denoise__confidence_boost__nes__l0.5,1021,36,2,417,2,543
evaluation__9410__deblur__attack__nes__l1,1021,32,44,238,12,326
evaluation__9410__deblur__restore__nes__l1,1021,31,32,55,10,115
evaluation__9410__deblur__confidence_boost__nes__l1,1021,34,38,306,5,412
evaluation__2488__denoise__attack__nes__l0.5,1021,34,4,377,3,506
evaluation__2488__denoise__restore__nes__l0.5,1021,31,11,415,5,600
evaluation__2488__denoise__confidence_boost__nes__l0.5,1021,33,8,302,4,468
evaluation__2488__deblur__attack__nes__l1,1021,38,7,776,3,859
evaluation__2488__deblur__restore__nes__l1,1021,31,2,299,2,480
evaluation__2488__deblur__confidence_boost__nes__l1,1021,34,11,649,11,800
evaluation__6894__denoise__attack__nes__l0.5,1021,37,6,381,3,497
evaluation__6894__denoise__restore__nes__l0.5,1021,32,2,500,2,659
evaluation__6894__denoise__confidence_boost__nes__l0.5,1021,35,7,521,7,649
evaluation__6894__deblur__attack__nes__l1,1021,34,12,235,12,335
evaluation__6894__deblur__restore__nes__l1,1021,30,20,70,12,133
evaluation__6894__deblur__confidence_boost__nes__l1,1021,33,3,511,3,646
evaluation__808__denoise__attack__nes__l0.5,1021,38,2,494,2,645
evaluation__808__denoise__restore__nes__l0.5,1021,32,11,207,6,348
evaluation__808__denoise__confidence_boost__nes__l0.5,1021,34,5,441,5,551
evaluation__808__deblur__attack__nes__l1,1021,36,3,493,3,612
evaluation__808__deblur__restore__nes__l1,1021,35,2,846,2,936
evaluation__808__deblur__confidence_boost__nes__l1,1021,34,2,419,2,559
evaluation__5153__denoise__attack__nes__l0.5,1021,35,18,565,2,695
evaluation__5153__denoise__restore__nes__l0.5,1021,33,6,212,6,338
evaluation__5153__denoise__confidence_boost__nes__l0.5,1021,36,18,634,10,724
evaluation__5153__deblur__attack__nes__l1,1021,35,8,548,4,685
evaluation__5153__deblur__restore__nes__l1,1021,32,14,439,14,642
evaluation__5153__deblur__confidence_boost__nes__l1,1021,38,9,758,9,822
evaluation__8327__denoise__attack__nes__l0.5,1021,37,3,679,3,780
evaluation__8327__denoise__restore__nes__l0.5,1021,34,2,573,2,739
evaluation__8327__denoise__confidence_boost__nes__l0.5,1021,35,2,459,2,597
evaluation__8327__deblur__attack__nes__l1,1021,38,2,669,2,787
evaluation__8327__deblur__restore__nes__l1,1021,33,3,536,3,703
evaluation__8327__deblur__confidence_boost__nes__l1,1021,36,9,575,2,697
evaluation__1897__denoise__attack__nes__l0.5,1021,37,2,592,2,736
evaluation__1897__denoise__restore__nes__l0.5,1021,35,5,753,5,874
evaluation__1897__denoise__confidence_boost__nes__l0.5,1021,37,2,550,2,695
evaluation__1897__deblur__attack__nes__l1,1021,35,5,645,3,749
evaluation__1897__deblur__restore__nes__l1,1021,35,3,822,3,913
evaluation__1897__deblur__confidence_boost__nes__l1,1021,35,2,427,2,570
evaluation__4539__denoise__attack__nes__l0.5,1021,33,59,271,28,385
evaluation__4539__denoise__restore__nes__l0.5,1021,30,6,87,6,178
evaluation__4539__denoise__confidence_boost__nes__l0.5,1021,33,12,259,12,365
evaluation__4539__deblur__attack__nes__l1,1021,36,5,357,5,475
evaluation__4539__deblur__restore__nes__l1,1021,33,6,305,6,485
evaluation__4539__deblur__confidence_boost__nes__l1,1021,37,9,583,9,731
evaluation__609__denoise__attack__nes__l0.5,1021,35,3,618,3,739
evaluation__609__denoise__restore__nes__l0.5,1021,32,2,203,2,357
evaluation__609__denoise__confidence_boost__nes__l0.5,1021,33,7,355,6,472
evaluation__609__deblur__attack__nes__l1,1021,36,4,563,4,688
evaluation__609__deblur__restore__nes__l1,1021,35,7,192,7,369
evaluation__609__deblur__confidence_boost__nes__l1,1021,35,3,706,3,807
evaluation__6167__denoise__attack__nes__l0.5,1021,35,16,349,15,462
evaluation__6167__denoise__restore__nes__l0.5,1021,30,80,29,68,67
evaluation__6167__denoise__confidence_boost__nes__l0.5,1021,32,3,222,3,319
evaluation__6167__deblur__attack__nes__l1,1021,36,24,550,2,676
evaluation__6167__deblur__restore__nes__l1,1021,32,11,116,2,223
evaluation__6167__deblur__confidence_boost__nes__l1,1021,37,20,471,5,605
evaluation__9060__denoise__attack__nes__l0.5,1021,38,3,671,3,781
evaluation__9060__denoise__restore__nes__l0.5,1021,35,4,846,2,933
evaluation__9060__denoise__confidence_boost__nes__l0.5,1021,35,3,533,3,653
evaluation__9060__deblur__attack__nes__l1,1021,37,16,586,6,718
evaluation__9060__deblur__restore__nes__l1,1021,32,7,340,7,511
evaluation__9060__deblur__confidence_boost__nes__l1,1021,38,3,748,3,840
fit__5256__denoise__attack__nes__l0.5,1021,40,4,598,4,719
fit__5256__denoise__restore__nes__l0.5,1021,35,3,579,3,748
fit__5256__denoise__confidence_boost__nes__l0.5,1021,35,11,430,2,562
fit__5256__deblur__attack__nes__l1,1021,36,3,578,3,711
fit__5256__deblur__restore__nes__l1,1021,31,2,323,2,504
fit__5256__deblur__confidence_boost__nes__l1,1021,34,6,374,6,531
fit__3647__denoise__attack__nes__l0.5,1021,37,5,514,3,657
fit__3647__denoise__restore__nes__l0.5,1021,35,10,493,10,641
fit__3647__denoise__confidence_boost__nes__l0.5,1021,38,5,539,5,673
fit__3647__deblur__attack__nes__l1,1021,35,4,593,3,732
fit__3647__deblur__restore__nes__l1,1021,37,7,657,2,802
fit__3647__deblur__confidence_boost__nes__l1,1021,36,4,687,4,799
fit__1852__denoise__attack__nes__l0.5,1021,37,3,571,3,720
fit__1852__denoise__restore__nes__l0.5,1021,34,2,308,2,409
fit__1852__denoise__confidence_boost__nes__l0.5,1021,38,2,687,2,790
fit__1852__deblur__attack__nes__l1,1021,36,12,420,12,567
fit__1852__deblur__restore__nes__l1,1021,32,10,176,6,331
fit__1852__deblur__confidence_boost__nes__l1,1021,36,10,363,10,488
fit__9423__denoise__attack__nes__l0.5,1021,38,19,485,18,622
fit__9423__denoise__restore__nes__l0.5,1021,31,2,154,2,255
fit__9423__denoise__confidence_boost__nes__l0.5,1021,35,3,434,3,541
fit__9423__deblur__attack__nes__l1,1021,36,18,675,3,786
fit__9423__deblur__restore__nes__l1,1021,32,11,140,8,273
fit__9423__deblur__confidence_boost__nes__l1,1021,34,12,472,12,615
fit__8204__denoise__attack__nes__l0.5,1021,34,11,396,11,535
fit__8204__denoise__restore__nes__l0.5,1021,31,30,168,3,307
fit__8204__denoise__confidence_boost__nes__l0.5,1021,34,16,466,16,617
fit__8204__deblur__attack__nes__l1,1021,34,4,440,4,574
fit__8204__deblur__restore__nes__l1,1021,32,2,246,2,405
fit__8204__deblur__confidence_boost__nes__l1,1021,35,2,561,2,707
fit__3498__denoise__attack__nes__l0.5,1021,34,8,590,2,716
fit__3498__denoise__restore__nes__l0.5,1021,32,4,209,3,371
fit__3498__denoise__confidence_boost__nes__l0.5,1021,35,8,350,8,493
fit__3498__deblur__attack__nes__l1,1021,35,2,332,2,455
fit__3498__deblur__restore__nes__l1,1021,34,9,228,2,399
fit__3498__deblur__confidence_boost__nes__l1,1021,50,3,182,3,291
fit__4406__denoise__attack__nes__l0.5,1021,38,15,513,15,642
fit__4406__denoise__restore__nes__l0.5,1021,31,17,118,17,218
fit__4406__denoise__confidence_boost__nes__l0.5,1021,36,22,374,2,501
fit__4406__deblur__attack__nes__l1,1021,37,12,452,12,582
fit__4406__deblur__restore__nes__l1,1021,30,7,117,7,223
fit__4406__deblur__confidence_boost__nes__l1,1021,33,7,455,7,626
fit__1436__denoise__attack__nes__l0.5,1021,37,6,629,6,727
fit__1436__denoise__restore__nes__l0.5,1021,32,3,455,3,672
fit__1436__denoise__confidence_boost__nes__l0.5,1021,38,9,835,4,902
fit__1436__deblur__attack__nes__l1,1021,34,2,385,2,526
fit__1436__deblur__restore__nes__l1,1021,33,7,472,7,660
fit__1436__deblur__confidence_boost__nes__l1,1021,33,11,407,7,539
fit__9789__denoise__attack__nes__l0.5,1021,35,27,394,27,538
fit__9789__denoise__restore__nes__l0.5,1021,35,20,89,2,182
fit__9789__denoise__confidence_boost__nes__l0.5,1021,34,10,603,10,737
fit__9789__deblur__attack__nes__l1,1021,35,20,422,2,552
fit__9789__deblur__restore__nes__l1,1021,34,2,164,2,308
fit__9789__deblur__confidence_boost__nes__l1,1021,35,11,341,11,503
fit__6955__denoise__attack__nes__l0.5,1021,37,53,431,16,544
fit__6955__denoise__restore__nes__l0.5,1021,30,7,59,7,113
fit__6955__denoise__confidence_boost__nes__l0.5,1021,34,11,343,4,510
fit__6955__deblur__attack__nes__l1,1021,38,7,319,7,450
fit__6955__deblur__restore__nes__l1,1021,33,4,385,4,593
fit__6955__deblur__confidence_boost__nes__l1,1021,50,2,69,2,128
fit__3686__denoise__attack__nes__l0.5,1021,38,2,653,2,761
fit__3686__denoise__restore__nes__l0.5,1021,36,3,842,3,925
fit__3686__denoise__confidence_boost__nes__l0.5,1021,36,2,668,2,790
fit__3686__deblur__attack__nes__l1,1021,35,11,501,11,636
fit__3686__deblur__restore__nes__l1,1021,30,4,150,4,282
fit__3686__deblur__confidence_boost__nes__l1,1021,35,28,456,28,618
fit__3732__denoise__attack__nes__l0.5,1021,34,12,372,12,505
fit__3732__denoise__restore__nes__l0.5,1021,32,2,261,2,402
fit__3732__denoise__confidence_boost__nes__l0.5,1021,34,2,359,2,500
fit__3732__deblur__attack__nes__l1,1021,35,17,370,2,489
fit__3732__deblur__restore__nes__l1,1021,32,7,328,7,504
fit__3732__deblur__confidence_boost__nes__l1,1021,34,2,374,2,513
evaluation__4126__denoise__attack__nes__l0.5,1021,35,19,532,2,647
evaluation__4126__denoise__restore__nes__l0.5,1021,30,3,111,3,220
evaluation__4126__denoise__confidence_boost__nes__l0.5,1021,34,4,310,4,432
evaluation__4126__deblur__attack__nes__l1,1021,37,9,397,9,532
evaluation__4126__deblur__restore__nes__l1,1021,32,4,490,4,707
evaluation__4126__deblur__confidence_boost__nes__l1,1021,36,7,480,7,621
evaluation__8884__denoise__attack__nes__l0.5,1021,36,10,734,10,817
evaluation__8884__denoise__restore__nes__l0.5,1021,34,4,710,3,855
evaluation__8884__denoise__confidence_boost__nes__l0.5,1021,39,2,715,2,845
evaluation__8884__deblur__attack__nes__l1,1021,36,37,461,8,585
evaluation__8884__deblur__restore__nes__l1,1021,31,4,49,4,114
evaluation__8884__deblur__confidence_boost__nes__l1,1021,36,16,296,16,433
evaluation__122__denoise__attack__nes__l0.5,1021,34,14,276,4,377
evaluation__122__denoise__restore__nes__l0.5,1021,31,3,118,3,217
evaluation__122__denoise__confidence_boost__nes__l0.5,1021,37,4,273,4,390
evaluation__122__deblur__attack__nes__l1,1021,35,5,193,2,285
evaluation__122__deblur__restore__nes__l1,1021,31,2,208,2,375
evaluation__122__deblur__confidence_boost__nes__l1,1021,35,8,653,8,776
evaluation__5245__denoise__attack__nes__l0.5,1021,37,5,533,5,691
evaluation__5245__denoise__restore__nes__l0.5,1021,35,4,354,4,485
evaluation__5245__denoise__confidence_boost__nes__l0.5,1021,38,3,624,3,749
evaluation__5245__deblur__attack__nes__l1,1021,37,3,635,3,749
evaluation__5245__deblur__restore__nes__l1,1021,36,2,627,2,793
evaluation__5245__deblur__confidence_boost__nes__l1,1021,35,2,430,2,572
evaluation__8503__denoise__attack__nes__l0.5,1021,36,17,684,3,806
evaluation__8503__denoise__restore__nes__l0.5,1021,35,13,313,5,509
evaluation__8503__denoise__confidence_boost__nes__l0.5,1021,36,18,604,12,727
evaluation__8503__deblur__attack__nes__l1,1021,35,3,430,2,574
evaluation__8503__deblur__restore__nes__l1,1021,34,2,701,2,852
evaluation__8503__deblur__confidence_boost__nes__l1,1021,35,4,377,4,537
evaluation__3313__denoise__attack__nes__l0.5,1021,35,17,458,17,583
evaluation__3313__denoise__restore__nes__l0.5,1021,29,30,68,28,159
evaluation__3313__denoise__confidence_boost__nes__l0.5,1021,34,50,505,47,640
evaluation__3313__deblur__attack__nes__l1,1021,38,23,708,4,819
evaluation__3313__deblur__restore__nes__l1,1021,36,9,568,9,741
evaluation__3313__deblur__confidence_boost__nes__l1,1021,50,2,390,2,546
evaluation__7340__denoise__attack__nes__l0.5,1021,35,16,505,5,628
evaluation__7340__denoise__restore__nes__l0.5,1021,31,28,231,18,368
evaluation__7340__denoise__confidence_boost__nes__l0.5,1021,35,14,424,8,571
evaluation__7340__deblur__attack__nes__l1,1021,33,17,200,6,291
evaluation__7340__deblur__restore__nes__l1,1021,33,12,218,8,360
evaluation__7340__deblur__confidence_boost__nes__l1,1021,34,15,612,15,738
evaluation__1603__denoise__attack__nes__l0.5,1021,35,6,639,6,749
evaluation__1603__denoise__restore__nes__l0.5,1021,34,5,521,4,696
evaluation__1603__denoise__confidence_boost__nes__l0.5,1021,39,13,790,2,862
evaluation__1603__deblur__attack__nes__l1,1021,34,8,344,8,463
evaluation__1603__deblur__restore__nes__l1,1021,32,4,435,4,632
evaluation__1603__deblur__confidence_boost__nes__l1,1021,35,9,484,6,640
evaluation__5732__denoise__attack__nes__l0.5,1021,34,23,296,23,401
evaluation__5732__denoise__restore__nes__l0.5,1021,31,11,120,11,221
evaluation__5732__denoise__confidence_boost__nes__l0.5,1021,37,8,547,8,651
evaluation__5732__deblur__attack__nes__l1,1021,36,6,494,6,636
evaluation__5732__deblur__restore__nes__l1,1021,31,25,221,16,370
evaluation__5732__deblur__confidence_boost__nes__l1,1021,36,14,621,11,752
evaluation__8739__denoise__attack__nes__l0.5,1021,35,15,445,15,569
evaluation__8739__denoise__restore__nes__l0.5,1021,33,18,129,7,222
evaluation__8739__denoise__confidence_boost__nes__l0.5,1021,39,19,617,9,731
evaluation__8739__deblur__attack__nes__l1,1021,38,5,581,5,696
evaluation__8739__deblur__restore__nes__l1,1021,34,11,71,11,141
evaluation__8739__deblur__confidence_boost__nes__l1,1021,36,12,577,12,699
evaluation__3809__denoise__attack__nes__l0.5,1021,35,35,472,14,634
evaluation__3809__denoise__restore__nes__l0.5,1021,31,17,238,17,400
evaluation__3809__denoise__confidence_boost__nes__l0.5,1021,35,8,614,8,726
evaluation__3809__deblur__attack__nes__l1,1021,37,2,803,2,888
evaluation__3809__deblur__restore__nes__l1,1021,34,10,376,10,550
evaluation__3809__deblur__confidence_boost__nes__l1,1021,35,4,520,4,671
evaluation__7916__denoise__attack__nes__l0.5,1021,35,12,460,11,618
evaluation__7916__denoise__restore__nes__l0.5,1021,31,4,211,4,361
evaluation__7916__denoise__confidence_boost__nes__l0.5,1021,35,3,540,3,666
evaluation__7916__deblur__attack__nes__l1,1021,35,22,423,22,553
evaluation__7916__deblur__restore__nes__l1,1021,29,13,76,10,176
evaluation__7916__deblur__confidence_boost__nes__l1,1021,36,3,425,3,566
evaluation__1745__denoise__attack__nes__l0.5,1021,35,2,609,2,722
evaluation__1745__denoise__restore__nes__l0.5,1021,33,3,562,3,710
evaluation__1745__denoise__confidence_boost__nes__l0.5,1021,36,5,542,5,655
evaluation__1745__deblur__attack__nes__l1,1021,37,3,587,3,711
evaluation__1745__deblur__restore__nes__l1,1021,30,13,182,4,332
evaluation__1745__deblur__confidence_boost__nes__l1,1021,33,10,478,5,622
evaluation__5947__denoise__attack__nes__l0.5,1021,35,22,441,20,569
evaluation__5947__denoise__restore__nes__l0.5,1021,31,9,133,9,264
evaluation__5947__denoise__confidence_boost__nes__l0.5,1021,36,11,587,9,712
evaluation__5947__deblur__attack__nes__l1,1021,37,15,302,5,447
evaluation__5947__deblur__restore__nes__l1,1021,33,2,255,2,406
evaluation__5947__deblur__confidence_boost__nes__l1,1021,34,4,290,4,414
evaluation__9540__denoise__attack__nes__l0.5,1021,34,2,290,2,425
evaluation__9540__denoise__restore__nes__l0.5,1021,35,10,699,10,844
evaluation__9540__denoise__confidence_boost__nes__l0.5,1021,35,2,506,2,645
evaluation__9540__deblur__attack__nes__l1,1021,35,5,655,5,779
evaluation__9540__deblur__restore__nes__l1,1021,34,9,163,9,273
evaluation__9540__deblur__confidence_boost__nes__l1,1021,34,12,524,3,658
evaluation__4127__denoise__attack__nes__l0.5,1021,34,18,334,14,437
evaluation__4127__denoise__restore__nes__l0.5,1021,32,5,137,5,256
evaluation__4127__denoise__confidence_boost__nes__l0.5,1021,35,10,377,10,515
evaluation__4127__deblur__attack__nes__l1,1021,34,17,356,7,511
evaluation__4127__deblur__restore__nes__l1,1021,31,14,71,10,161
evaluation__4127__deblur__confidence_boost__nes__l1,1021,35,14,397,7,529
evaluation__7337__denoise__attack__nes__l0.5,1021,35,7,461,4,613
evaluation__7337__denoise__restore__nes__l0.5,1021,32,3,127,3,253
evaluation__7337__denoise__confidence_boost__nes__l0.5,1021,38,22,510,22,637
evaluation__7337__deblur__attack__nes__l1,1021,35,5,389,2,529
evaluation__7337__deblur__restore__nes__l1,1021,34,4,591,4,769
evaluation__7337__deblur__confidence_boost__nes__l1,1021,32,5,600,2,747
evaluation__1966__denoise__attack__nes__l0.5,1021,35,12,448,2,563
evaluation__1966__denoise__restore__nes__l0.5,1021,34,12,288,2,489
evaluation__1966__denoise__confidence_boost__nes__l0.5,1021,36,18,476,3,616
evaluation__1966__deblur__attack__nes__l1,1021,34,13,435,13,561
evaluation__1966__deblur__restore__nes__l1,1021,30,41,93,9,200
evaluation__1966__deblur__confidence_boost__nes__l1,1021,35,18,469,18,621
evaluation__5246__denoise__attack__nes__l0.5,1021,35,15,208,15,304
evaluation__5246__denoise__restore__nes__l0.5,1021,31,122,51,122,103
evaluation__5246__denoise__confidence_boost__nes__l0.5,1021,35,53,219,52,317
evaluation__5246__deblur__attack__nes__l1,1021,38,3,694,3,771
evaluation__5246__deblur__restore__nes__l1,1021,35,2,918,2,978
evaluation__5246__deblur__confidence_boost__nes__l1,1021,36,2,738,2,817
evaluation__8466__denoise__attack__nes__l0.5,1021,36,6,584,5,698
evaluation__8466__denoise__restore__nes__l0.5,1021,35,2,548,2,662
evaluation__8466__denoise__confidence_boost__nes__l0.5,1021,35,3,660,3,770
evaluation__8466__deblur__attack__nes__l1,1021,35,20,271,20,376
evaluation__8466__deblur__restore__nes__l1,1021,28,41,29,30,76
evaluation__8466__deblur__confidence_boost__nes__l1,1021,35,54,277,2,409
evaluation__2196__denoise__attack__nes__l0.5,1021,34,9,366,2,497
evaluation__2196__denoise__restore__nes__l0.5,1021,34,7,413,2,593
evaluation__2196__denoise__confidence_boost__nes__l0.5,1021,34,5,321,5,444
evaluation__2196__deblur__attack__nes__l1,1021,39,12,629,6,751
evaluation__2196__deblur__restore__nes__l1,1021,31,8,248,8,422
evaluation__2196__deblur__confidence_boost__nes__l1,1021,32,3,354,3,508
evaluation__5383__denoise__attack__nes__l0.5,1021,34,3,346,3,488
evaluation__5383__denoise__restore__nes__l0.5,1021,33,7,344,7,478
evaluation__5383__denoise__confidence_boost__nes__l0.5,1021,36,2,478,2,614
evaluation__5383__deblur__attack__nes__l1,1021,35,34,293,17,415
evaluation__5383__deblur__restore__nes__l1,1021,30,9,103,9,216
evaluation__5383__deblur__confidence_boost__nes__l1,1021,35,9,479,9,606
evaluation__1654__denoise__attack__nes__l0.5,1021,36,7,479,7,598
evaluation__1654__denoise__restore__nes__l0.5,1021,36,3,448,3,577
evaluation__1654__denoise__confidence_boost__nes__l0.5,1021,36,2,459,2,596
evaluation__1654__deblur__attack__nes__l1,1021,35,22,378,22,512
evaluation__1654__deblur__restore__nes__l1,1021,32,35,77,3,151
evaluation__1654__deblur__confidence_boost__nes__l1,1021,36,18,405,9,529
evaluation__6724__denoise__attack__nes__l0.5,1021,34,3,479,3,607
evaluation__6724__denoise__restore__nes__l0.5,1021,35,3,425,3,604
evaluation__6724__denoise__confidence_boost__nes__l0.5,1021,36,5,642,3,763
evaluation__6724__deblur__attack__nes__l1,1021,37,6,692,6,798
evaluation__6724__deblur__restore__nes__l1,1021,34,3,554,3,723
evaluation__6724__deblur__confidence_boost__nes__l1,1021,35,3,563,2,718
evaluation__9247__denoise__attack__nes__l0.5,1021,36,13,485,4,617
evaluation__9247__denoise__restore__nes__l0.5,1021,33,5,466,4,629
evaluation__9247__denoise__confidence_boost__nes__l0.5,1021,35,10,505,10,623
evaluation__9247__deblur__attack__nes__l1,1021,34,7,260,4,372
evaluation__9247__deblur__restore__nes__l1,1021,33,5,351,5,561
evaluation__9247__deblur__confidence_boost__nes__l1,1021,37,2,707,2,773
fit__6772__denoise__attack__nes__l0.5,1021,36,37,353,2,474
fit__6772__denoise__restore__nes__l0.5,1021,31,34,92,23,183
fit__6772__denoise__confidence_boost__nes__l0.5,1021,34,90,242,44,349
fit__6772__deblur__attack__nes__l1,1021,38,6,454,6,563
fit__6772__deblur__restore__nes__l1,1021,31,11,127,11,266
fit__6772__deblur__confidence_boost__nes__l1,1021,38,20,762,18,825
fit__4954__denoise__attack__nes__l0.5,1021,35,4,337,4,488
fit__4954__denoise__restore__nes__l0.5,1021,34,10,501,8,699
fit__4954__denoise__confidence_boost__nes__l0.5,1021,36,4,456,4,563
fit__4954__deblur__attack__nes__l1,1021,38,5,404,5,547
fit__4954__deblur__restore__nes__l1,1021,31,7,166,7,303
fit__4954__deblur__confidence_boost__nes__l1,1021,36,7,486,7,637
fit__2695__denoise__attack__nes__l0.5,1021,34,4,417,4,540
fit__2695__denoise__restore__nes__l0.5,1021,31,18,338,10,518
fit__2695__denoise__confidence_boost__nes__l0.5,1021,38,19,391,4,545
fit__2695__deblur__attack__nes__l1,1021,36,10,507,3,649
fit__2695__deblur__restore__nes__l1,1021,34,2,865,2,952
fit__2695__deblur__confidence_boost__nes__l1,1021,34,5,280,3,398
fit__573__denoise__attack__nes__l0.5,1021,37,4,555,4,673
fit__573__denoise__restore__nes__l0.5,1021,34,3,645,3,806
fit__573__denoise__confidence_boost__nes__l0.5,1021,38,3,524,2,626
fit__573__deblur__attack__nes__l1,1021,35,23,407,6,539
fit__573__deblur__restore__nes__l1,1021,32,3,309,3,476
fit__573__deblur__confidence_boost__nes__l1,1021,34,5,374,5,505
fit__9198__denoise__attack__nes__l0.5,1021,34,14,446,14,576
fit__9198__denoise__restore__nes__l0.5,1021,34,4,170,2,276
fit__9198__denoise__confidence_boost__nes__l0.5,1021,36,5,663,4,780
fit__9198__deblur__attack__nes__l1,1021,35,2,533,2,654
fit__9198__deblur__restore__nes__l1,1021,35,2,701,2,833
fit__9198__deblur__confidence_boost__nes__l1,1021,36,5,467,2,598
fit__3507__denoise__attack__nes__l0.5,1021,37,2,825,2,891
fit__3507__denoise__restore__nes__l0.5,1021,33,2,433,2,613
fit__3507__denoise__confidence_boost__nes__l0.5,1021,34,3,616,3,730
fit__3507__deblur__attack__nes__l1,1021,37,4,372,4,487
fit__3507__deblur__restore__nes__l1,1021,33,8,253,7,407
fit__3507__deblur__confidence_boost__nes__l1,1021,35,6,632,2,732
fit__4420__denoise__attack__nes__l0.5,1021,36,5,501,3,647
fit__4420__denoise__restore__nes__l0.5,1021,33,2,432,2,597
fit__4420__denoise__confidence_boost__nes__l0.5,1021,35,2,506,2,630
fit__4420__deblur__attack__nes__l1,1021,34,2,454,2,603
fit__4420__deblur__restore__nes__l1,1021,35,2,849,2,951
fit__4420__deblur__confidence_boost__nes__l1,1021,35,2,469,2,610
fit__1688__denoise__attack__nes__l0.5,1021,36,7,523,7,645
fit__1688__denoise__restore__nes__l0.5,1021,31,26,186,8,356
fit__1688__denoise__confidence_boost__nes__l0.5,1021,37,5,616,5,753
fit__1688__deblur__attack__nes__l1,1021,37,5,419,3,564
fit__1688__deblur__restore__nes__l1,1021,33,10,347,10,519
fit__1688__deblur__confidence_boost__nes__l1,1021,34,9,592,9,744
fit__743__denoise__attack__nes__l0.5,1021,35,10,432,10,578
fit__743__denoise__restore__nes__l0.5,1021,33,26,81,26,156
fit__743__denoise__confidence_boost__nes__l0.5,1021,34,42,287,42,398
fit__743__deblur__attack__nes__l1,1021,35,13,504,9,639
fit__743__deblur__restore__nes__l1,1021,33,3,528,3,713
fit__743__deblur__confidence_boost__nes__l1,1021,34,2,538,2,683
fit__7703__denoise__attack__nes__l0.5,1021,36,32,469,23,590
fit__7703__denoise__restore__nes__l0.5,1021,34,15,90,15,176
fit__7703__denoise__confidence_boost__nes__l0.5,1021,35,28,267,23,396
fit__7703__deblur__attack__nes__l1,1021,40,15,359,15,492
fit__7703__deblur__restore__nes__l1,1021,31,11,120,7,238
fit__7703__deblur__confidence_boost__nes__l1,1021,35,29,422,4,570
fit__4865__denoise__attack__nes__l0.5,1021,37,5,490,5,601
fit__4865__denoise__restore__nes__l0.5,1021,35,5,416,5,560
fit__4865__denoise__confidence_boost__nes__l0.5,1021,33,3,389,3,521
fit__4865__deblur__attack__nes__l1,1021,35,3,696,3,802
fit__4865__deblur__restore__nes__l1,1021,33,8,503,8,662
fit__4865__deblur__confidence_boost__nes__l1,1021,35,3,435,3,590
fit__4336__denoise__attack__nes__l0.5,1021,42,13,877,13,915
fit__4336__denoise__restore__nes__l0.5,1021,36,12,569,12,693
fit__4336__denoise__confidence_boost__nes__l0.5,1021,38,6,695,6,816
fit__4336__deblur__attack__nes__l1,1021,36,2,495,2,640
fit__4336__deblur__restore__nes__l1,1021,35,3,675,2,840
fit__4336__deblur__confidence_boost__nes__l1,1021,34,4,430,3,612
evaluation__5857__denoise__attack__nes__l0.5,1021,37,7,489,7,623
evaluation__5857__denoise__restore__nes__l0.5,1021,33,3,478,2,681
evaluation__5857__denoise__confidence_boost__nes__l0.5,1021,38,2,593,2,709
evaluation__5857__deblur__attack__nes__l1,1021,34,10,389,8,486
evaluation__5857__deblur__restore__nes__l1,1021,33,14,237,2,400
evaluation__5857__deblur__confidence_boost__nes__l1,1021,35,29,468,8,609
evaluation__8894__denoise__attack__nes__l0.5,1021,35,3,583,2,728
evaluation__8894__denoise__restore__nes__l0.5,1021,34,2,742,2,853
evaluation__8894__denoise__confidence_boost__nes__l0.5,1021,34,2,371,2,505
evaluation__8894__deblur__attack__nes__l1,1021,39,5,649,5,749
evaluation__8894__deblur__restore__nes__l1,1021,35,2,304,2,460
evaluation__8894__deblur__confidence_boost__nes__l1,1021,34,3,485,2,615
evaluation__604__denoise__attack__nes__l0.5,1021,35,6,390,6,519
evaluation__604__denoise__restore__nes__l0.5,1021,33,11,395,11,585
evaluation__604__denoise__confidence_boost__nes__l0.5,1021,33,15,246,5,361
evaluation__604__deblur__attack__nes__l1,1021,35,10,558,3,692
evaluation__604__deblur__restore__nes__l1,1021,34,3,676,3,841
evaluation__604__deblur__confidence_boost__nes__l1,1021,35,3,482,3,635
evaluation__6789__denoise__attack__nes__l0.5,1021,35,18,447,18,564
evaluation__6789__denoise__restore__nes__l0.5,1021,31,8,69,8,140
evaluation__6789__denoise__confidence_boost__nes__l0.5,1021,33,8,237,8,346
evaluation__6789__deblur__attack__nes__l1,1021,36,32,436,14,588
evaluation__6789__deblur__restore__nes__l1,1021,32,3,188,2,327
evaluation__6789__deblur__confidence_boost__nes__l1,1021,31,6,177,6,318
evaluation__9455__denoise__attack__nes__l0.5,1021,38,23,648,23,736
evaluation__9455__denoise__restore__nes__l0.5,1021,33,7,107,7,220
evaluation__9455__denoise__confidence_boost__nes__l0.5,1021,35,12,361,12,465
evaluation__9455__deblur__attack__nes__l1,1021,36,3,401,3,526
evaluation__9455__deblur__restore__nes__l1,1021,33,2,792,2,911
evaluation__9455__deblur__confidence_boost__nes__l1,1021,36,4,635,4,761
evaluation__3573__denoise__attack__nes__l0.5,1021,36,4,546,3,659
evaluation__3573__denoise__restore__nes__l0.5,1021,30,9,111,7,215
evaluation__3573__denoise__confidence_boost__nes__l0.5,1021,34,32,380,32,508
evaluation__3573__deblur__attack__nes__l1,1021,35,10,570,5,672
evaluation__3573__deblur__restore__nes__l1,1021,36,6,504,6,696
evaluation__3573__deblur__confidence_boost__nes__l1,1021,38,12,517,6,633
evaluation__7855__denoise__attack__nes__l0.5,1021,33,4,221,4,343
evaluation__7855__denoise__restore__nes__l0.5,1021,33,4,491,4,665
evaluation__7855__denoise__confidence_boost__nes__l0.5,1021,34,2,386,2,514
evaluation__7855__deblur__attack__nes__l1,1021,35,3,432,2,543
evaluation__7855__deblur__restore__nes__l1,1021,35,8,684,8,828
evaluation__7855__deblur__confidence_boost__nes__l1,1021,35,6,507,3,645
evaluation__2991__denoise__attack__nes__l0.5,1021,34,6,499,2,637
evaluation__2991__denoise__restore__nes__l0.5,1021,32,18,335,4,508
evaluation__2991__denoise__confidence_boost__nes__l0.5,1021,39,6,686,6,787
evaluation__2991__deblur__attack__nes__l1,1021,34,21,320,21,451
evaluation__2991__deblur__restore__nes__l1,1021,30,218,30,52,80
evaluation__2991__deblur__confidence_boost__nes__l1,1021,34,9,372,9,512
evaluation__6079__denoise__attack__nes__l0.5,1021,34,10,356,10,464
evaluation__6079__denoise__restore__nes__l0.5,1021,30,8,184,6,313
evaluation__6079__denoise__confidence_boost__nes__l0.5,1021,36,7,500,7,633
evaluation__6079__deblur__attack__nes__l1,1021,34,5,352,5,485
evaluation__6079__deblur__restore__nes__l1,1021,33,6,319,6,523
evaluation__6079__deblur__confidence_boost__nes__l1,1021,33,6,275,6,413
evaluation__9839__denoise__attack__nes__l0.5,1021,32,2,297,2,446
evaluation__9839__denoise__restore__nes__l0.5,1021,34,3,448,3,629
evaluation__9839__denoise__confidence_boost__nes__l0.5,1021,35,2,573,2,673
evaluation__9839__deblur__attack__nes__l1,1021,36,4,739,4,838
evaluation__9839__deblur__restore__nes__l1,1021,33,13,210,6,379
evaluation__9839__deblur__confidence_boost__nes__l1,1021,36,8,530,8,670
evaluation__3822__denoise__attack__nes__l0.5,1021,36,2,365,2,474
evaluation__3822__denoise__restore__nes__l0.5,1021,32,2,464,2,641
evaluation__3822__denoise__confidence_boost__nes__l0.5,1021,34,11,431,4,571
evaluation__3822__deblur__attack__nes__l1,1021,36,18,454,4,585
evaluation__3822__deblur__restore__nes__l1,1021,32,18,327,18,525
evaluation__3822__deblur__confidence_boost__nes__l1,1021,38,7,734,7,826
evaluation__8354__denoise__attack__nes__l0.5,1021,36,9,496,2,624
evaluation__8354__denoise__restore__nes__l0.5,1021,33,3,436,3,607
evaluation__8354__denoise__confidence_boost__nes__l0.5,1021,36,5,459,5,570
evaluation__8354__deblur__attack__nes__l1,1021,36,19,414,18,529
evaluation__8354__deblur__restore__nes__l1,1021,33,69,60,21,125
evaluation__8354__deblur__confidence_boost__nes__l1,1021,38,14,668,14,782
evaluation__2281__denoise__attack__nes__l0.5,1021,34,37,449,9,593
evaluation__2281__denoise__restore__nes__l0.5,1021,30,35,98,35,204
evaluation__2281__denoise__confidence_boost__nes__l0.5,1021,36,22,490,19,630
evaluation__2281__deblur__attack__nes__l1,1021,36,20,515,20,625
evaluation__2281__deblur__restore__nes__l1,1021,29,147,42,3,118
evaluation__2281__deblur__confidence_boost__nes__l1,1021,36,30,414,30,558
evaluation__6092__denoise__attack__nes__l0.5,1021,36,4,699,4,806
evaluation__6092__denoise__restore__nes__l0.5,1021,32,66,77,55,179
evaluation__6092__denoise__confidence_boost__nes__l0.5,1021,34,11,417,11,543
evaluation__6092__deblur__attack__nes__l1,1021,33,4,310,4,424
evaluation__6092__deblur__restore__nes__l1,1021,34,28,298,10,506
evaluation__6092__deblur__confidence_boost__nes__l1,1021,35,3,326,2,435
evaluation__9759__denoise__attack__nes__l0.5,1021,33,2,481,2,612
evaluation__9759__denoise__restore__nes__l0.5,1021,31,7,209,7,344
evaluation__9759__denoise__confidence_boost__nes__l0.5,1021,35,7,435,7,554
evaluation__9759__deblur__attack__nes__l1,1021,34,15,336,7,468
evaluation__9759__deblur__restore__nes__l1,1021,33,2,552,2,724
evaluation__9759__deblur__confidence_boost__nes__l1,1021,36,4,451,4,595
evaluation__4291__denoise__attack__nes__l0.5,1021,39,3,822,2,896
evaluation__4291__denoise__restore__nes__l0.5,1021,39,3,783,3,882
evaluation__4291__denoise__confidence_boost__nes__l0.5,1021,35,2,453,2,599
evaluation__4291__deblur__attack__nes__l1,1021,35,4,691,4,820
evaluation__4291__deblur__restore__nes__l1,1021,34,2,627,2,776
evaluation__4291__deblur__confidence_boost__nes__l1,1021,37,3,522,2,657
evaluation__7777__denoise__attack__nes__l0.5,1021,37,6,274,2,402
evaluation__7777__denoise__restore__nes__l0.5,1021,34,2,384,2,583
evaluation__7777__denoise__confidence_boost__nes__l0.5,1021,35,5,592,5,740
evaluation__7777__deblur__attack__nes__l1,1021,33,10,290,4,423
evaluation__7777__deblur__restore__nes__l1,1021,32,6,145,6,272
evaluation__7777__deblur__confidence_boost__nes__l1,1021,35,17,583,17,724
evaluation__3317__denoise__attack__nes__l0.5,1021,36,5,643,2,768
evaluation__3317__denoise__restore__nes__l0.5,1021,33,7,649,7,812
evaluation__3317__denoise__confidence_boost__nes__l0.5,1021,36,5,531,2,674
evaluation__3317__deblur__attack__nes__l1,1021,34,5,387,5,529
evaluation__3317__deblur__restore__nes__l1,1021,32,2,179,2,316
evaluation__3317__deblur__confidence_boost__nes__l1,1021,35,6,467,4,603
evaluation__5606__denoise__attack__nes__l0.5,1021,33,29,237,18,398
evaluation__5606__denoise__restore__nes__l0.5,1021,31,13,79,13,151
evaluation__5606__denoise__confidence_boost__nes__l0.5,1021,36,24,551,23,670
evaluation__5606__deblur__attack__nes__l1,1021,37,2,469,2,614
evaluation__5606__deblur__restore__nes__l1,1021,34,2,340,2,527
evaluation__5606__deblur__confidence_boost__nes__l1,1021,50,2,371,2,531
evaluation__8560__denoise__attack__nes__l0.5,1021,36,4,503,3,640
evaluation__8560__denoise__restore__nes__l0.5,1021,34,2,286,2,473
evaluation__8560__denoise__confidence_boost__nes__l0.5,1021,34,3,398,3,525
evaluation__8560__deblur__attack__nes__l1,1021,36,5,537,4,674
evaluation__8560__deblur__restore__nes__l1,1021,33,2,462,2,651
evaluation__8560__deblur__confidence_boost__nes__l1,1021,33,4,455,4,594
evaluation__3138__denoise__attack__nes__l0.5,1021,35,3,378,3,512
evaluation__3138__denoise__restore__nes__l0.5,1021,32,15,324,7,500
evaluation__3138__denoise__confidence_boost__nes__l0.5,1021,34,8,343,3,466
evaluation__3138__deblur__attack__nes__l1,1021,36,2,592,2,735
evaluation__3138__deblur__restore__nes__l1,1021,37,3,903,2,969
evaluation__3138__deblur__confidence_boost__nes__l1,1021,37,5,925,5,963
evaluation__6395__denoise__attack__nes__l0.5,1021,35,6,445,2,586
evaluation__6395__denoise__restore__nes__l0.5,1021,35,3,537,3,693
evaluation__6395__denoise__confidence_boost__nes__l0.5,1021,36,2,514,2,650
evaluation__6395__deblur__attack__nes__l1,1021,34,15,323,8,450
evaluation__6395__deblur__restore__nes__l1,1021,32,3,297,3,454
evaluation__6395__deblur__confidence_boost__nes__l1,1021,38,4,412,4,532
evaluation__2148__denoise__attack__nes__l0.5,1021,35,7,449,7,568
evaluation__2148__denoise__restore__nes__l0.5,1021,35,52,347,7,485
evaluation__2148__denoise__confidence_boost__nes__l0.5,1021,37,18,450,18,577
evaluation__2148__deblur__attack__nes__l1,1021,38,5,428,5,572
evaluation__2148__deblur__restore__nes__l1,1021,32,16,202,16,332
evaluation__2148__deblur__confidence_boost__nes__l1,1021,35,63,405,19,523
evaluation__6749__denoise__attack__nes__l0.5,1021,38,2,548,2,676
evaluation__6749__denoise__restore__nes__l0.5,1021,35,2,608,2,707
evaluation__6749__denoise__confidence_boost__nes__l0.5,1021,36,3,633,3,747
evaluation__6749__deblur__attack__nes__l1,1021,37,2,782,2,870
evaluation__6749__deblur__restore__nes__l1,1021,35,3,894,3,960
evaluation__6749__deblur__confidence_boost__nes__l1,1021,36,3,683,3,790
evaluation__9362__denoise__attack__nes__l0.5,1021,34,5,463,5,614
evaluation__9362__denoise__restore__nes__l0.5,1021,35,4,596,4,759
evaluation__9362__denoise__confidence_boost__nes__l0.5,1021,34,4,415,4,555
evaluation__9362__deblur__attack__nes__l1,1021,36,60,373,13,498
evaluation__9362__deblur__restore__nes__l1,1021,32,2,84,2,161
evaluation__9362__deblur__confidence_boost__nes__l1,1021,34,11,374,11,512
fit__7533__denoise__attack__nes__l0.5,1021,36,5,516,4,651
fit__7533__denoise__restore__nes__l0.5,1021,33,10,635,7,792
fit__7533__denoise__confidence_boost__nes__l0.5,1021,38,13,404,10,535
fit__7533__deblur__attack__nes__l1,1021,34,15,408,13,532
fit__7533__deblur__restore__nes__l1,1021,32,4,311,4,516
fit__7533__deblur__confidence_boost__nes__l1,1021,35,4,619,4,742
fit__6117__denoise__attack__nes__l0.5,1021,35,5,353,4,528
fit__6117__denoise__restore__nes__l0.5,1021,33,5,415,2,602
fit__6117__denoise__confidence_boost__nes__l0.5,1021,35,15,407,5,560
fit__6117__deblur__attack__nes__l1,1021,35,4,438,4,544
fit__6117__deblur__restore__nes__l1,1021,35,2,670,2,810
fit__6117__deblur__confidence_boost__nes__l1,1021,35,4,502,4,632
fit__3480__denoise__attack__nes__l0.5,1021,36,70,267,64,391
fit__3480__denoise__restore__nes__l0.5,1021,32,9,53,6,94
fit__3480__denoise__confidence_boost__nes__l0.5,1021,34,15,397,15,546
fit__3480__deblur__attack__nes__l1,1021,35,16,419,10,554
fit__3480__deblur__restore__nes__l1,1021,32,47,172,4,299
fit__3480__deblur__confidence_boost__nes__l1,1021,36,7,402,7,544
fit__2684__denoise__attack__nes__l0.5,1021,38,6,615,4,731
fit__2684__denoise__restore__nes__l0.5,1021,34,13,362,9,561
fit__2684__denoise__confidence_boost__nes__l0.5,1021,36,6,533,6,654
fit__2684__deblur__attack__nes__l1,1021,34,3,485,3,610
fit__2684__deblur__restore__nes__l1,1021,35,2,598,2,771
fit__2684__deblur__confidence_boost__nes__l1,1021,37,4,710,3,813
fit__9226__denoise__attack__nes__l0.5,1021,35,13,477,13,600
fit__9226__denoise__restore__nes__l0.5,1021,32,3,209,3,373
fit__9226__denoise__confidence_boost__nes__l0.5,1021,35,19,547,17,661
fit__9226__deblur__attack__nes__l1,1021,35,11,294,11,407
fit__9226__deblur__restore__nes__l1,1021,34,15,286,9,458
fit__9226__deblur__confidence_boost__nes__l1,1021,34,9,446,9,564
fit__5329__denoise__attack__nes__l0.5,1021,36,7,691,3,772
fit__5329__denoise__restore__nes__l0.5,1021,34,3,341,3,531
fit__5329__denoise__confidence_boost__nes__l0.5,1021,35,16,575,10,681
fit__5329__deblur__attack__nes__l1,1021,36,2,295,2,427
fit__5329__deblur__restore__nes__l1,1021,32,3,304,3,475
fit__5329__deblur__confidence_boost__nes__l1,1021,35,9,612,3,731
fit__4641__denoise__attack__nes__l0.5,1021,36,5,525,5,657
fit__4641__denoise__restore__nes__l0.5,1021,36,2,744,2,879
fit__4641__denoise__confidence_boost__nes__l0.5,1021,36,4,628,4,727
fit__4641__deblur__attack__nes__l1,1021,33,32,215,4,329
fit__4641__deblur__restore__nes__l1,1021,30,39,119,29,219
fit__4641__deblur__confidence_boost__nes__l1,1021,34,8,401,8,539
fit__4150__denoise__attack__nes__l0.5,1021,36,12,628,10,746
fit__4150__denoise__restore__nes__l0.5,1021,32,6,138,6,264
fit__4150__denoise__confidence_boost__nes__l0.5,1021,33,17,296,17,422
fit__4150__deblur__attack__nes__l1,1021,36,6,347,5,483
fit__4150__deblur__restore__nes__l1,1021,33,3,542,3,700
fit__4150__deblur__confidence_boost__nes__l1,1021,35,2,189,2,304
fit__955__denoise__attack__nes__l0.5,1021,34,8,314,8,455
fit__955__denoise__restore__nes__l0.5,1021,31,3,238,3,410
fit__955__denoise__confidence_boost__nes__l0.5,1021,36,4,462,4,569
fit__955__deblur__attack__nes__l1,1021,33,11,386,4,533
fit__955__deblur__restore__nes__l1,1021,32,11,244,4,407
fit__955__deblur__confidence_boost__nes__l1,1021,37,15,596,7,693
fit__9372__denoise__attack__nes__l0.5,1021,35,2,353,2,481
fit__9372__denoise__restore__nes__l0.5,1021,31,48,100,11,185
fit__9372__denoise__confidence_boost__nes__l0.5,1021,36,14,518,9,668
fit__9372__deblur__attack__nes__l1,1021,33,13,306,13,417
fit__9372__deblur__restore__nes__l1,1021,31,32,95,32,196
fit__9372__deblur__confidence_boost__nes__l1,1021,33,18,324,18,436
fit__6684__denoise__attack__nes__l0.5,1021,35,4,336,4,469
fit__6684__denoise__restore__nes__l0.5,1021,34,2,512,2,699
fit__6684__denoise__confidence_boost__nes__l0.5,1021,37,5,360,2,465
fit__6684__deblur__attack__nes__l1,1021,37,7,650,7,760
fit__6684__deblur__restore__nes__l1,1021,32,5,286,4,480
fit__6684__deblur__confidence_boost__nes__l1,1021,38,2,456,2,575
fit__5137__denoise__attack__nes__l0.5,1021,37,9,518,4,653
fit__5137__denoise__restore__nes__l0.5,1021,32,2,418,2,588
fit__5137__denoise__confidence_boost__nes__l0.5,1021,37,6,409,2,532
fit__5137__deblur__attack__nes__l1,1021,36,4,639,4,754
fit__5137__deblur__restore__nes__l1,1021,34,2,724,2,861
fit__5137__deblur__confidence_boost__nes__l1,1021,37,11,486,9,646
